edge_id,u,v,transport_model,gamma,f,endmember_id,z_extents,z_labels,transport_residual_norm,anomaly_norm,objective_score,l1_norm,reaction_iterations,reaction_converged,ec_tds_penalty,phreeqc_ok,charge_error,skipped_reason,edge_confidence,edge_map_penalty,edge_map_score,edge_sheaf_score_local,edge_sheaf_score_global,edge_sheaf_residual,edge_sheaf_pi_evap,edge_sheaf_cost_iso,edge_sheaf_cost_cl,edge_sheaf_flags,edge_distance_km,edge_delta_h,edge_sigma_delta_h,edge_source_tier,edge_flags,edge_distance_3d_m,edge_horizontal_distance_m,edge_vertical_distance_m,edge_type_3d,edge_prob_head,edge_prob_distance,edge_prob_layer,edge_horizontal_gradient,edge_vertical_gradient,edge_residence_time_days,physics_source,physics_tau_mean_days,physics_tau_std_days,physics_tau_p10_days,physics_tau_p90_days,isotope_penalty,isotope_used,gibbs_penalty,gibbs_used,isotope_consistency_penalty,nitrate_source_p_manure,nitrate_source_logit,nitrate_source_evidence,nitrate_source_gates,gamma_std,gamma_ci_low,gamma_ci_high,f_std,f_ci_low,f_ci_high,extents_std,extents_ci_low,extents_ci_high,uncertainty_method,residual_vector,chemistry_r2,rt_validated,rt_simulator,rt_residence_time_days,rt_rmse,rt_nse,rt_pbias,rt_thermodynamic_consistent,uncertainty_r_hat,uncertainty_ess,temporal_residence_time_days,temporal_residence_time_method,temporal_residence_time_uncertainty,temporal_transport_model,temporal_gamma_mean,temporal_gamma_std,temporal_f_mean,temporal_f_std,temporal_reaction_extents_mean,temporal_reaction_extents_std,temporal_total_residual_norm,temporal_n_time_points,temporal_residence_time_flags,temporal_residence_time_details,uncertainty,reaction_calcite,reaction_dolomite,reaction_gypsum,reaction_halite,reaction_NO3src,reaction_denit,reaction_CaNa_exch,reaction_MgNa_exch
VPDCPAS1-61->VPDCPAS1-30,VPDCPAS1-61,VPDCPAS1-30,evap,1.195580336129317,,,"[0.04710053727642518, 0.0020987122322657626, 0.006962203143480503, 0.0, 0.0, 0.0, 0.016779948664610692, 0.011576228755772066]","['calcite', 'dolomite', 'gypsum', 'halite', 'NO3src', 'denit', 'CaNa_exch', 'MgNa_exch']",0.0013143878685086274,0.0015243911925485291,0.5014912554702765,0.08451763007255421,23,True,0.0,True,,,,,,,,,,,,,,,,public_usgs_chemistry_nearest_neighbor,,,,,,,,,,,,,,,,,0.0,False,0.499966864277728,True,0.0,,,[],[],,,,,,,[],[],[],,"[0.006035817778663938, 0.00603807817556376, 0.0030190390773632766, 0.016541800210704102, -0.0030185951925900956, -0.033426604875590335, -0.006035071028813622, 0.0024257049093375617]",0.9998097367830528,False,,,,,,,{},{},,,,,,,,,[],[],,,[],{},,0.04710053727642518,0.0020987122322657626,0.006962203143480503,0.0,0.0,0.0,0.016779948664610692,0.011576228755772066
VPDCPAS1-45->VPDCPAS1-46,VPDCPAS1-45,VPDCPAS1-46,evap,1.2191200141380483,,,"[0.02549235969149962, 0.0, 0.0, 0.0, 0.0, 0.126483622685004, 0.0009542779585296206, 0.0]","['calcite', 'dolomite', 'gypsum', 'halite', 'NO3src', 'denit', 'CaNa_exch', 'MgNa_exch']",0.002844869736341295,0.005033559283724416,0.5050056854538478,0.15293026033503324,56,True,0.0,True,,,,,,,,,,,,,,,,public_usgs_chemistry_nearest_neighbor,,,,,,,,,,,,,,,,,0.0,False,0.4999721261701234,True,0.0,,,[],[],,,,,,,[],[],[],,"[-1.941463212133676e-06, -0.045050137485510684, -9.707324649171553e-07, -0.004784900465474881, 2.2767054908001683e-10, -0.04997529021643808, -0.021920866908332476, 0.001759284188203082]",0.9992222714165023,False,,,,,,,{},{},,,,,,,,,[],[],,,[],{},,0.02549235969149962,0.0,0.0,0.0,0.0,0.126483622685004,0.0009542779585296206,0.0
VPDCPAS1-45->VPDCPAS1-15,VPDCPAS1-45,VPDCPAS1-15,evap,1.723496051884665,,,"[0.0, 0.0, 0.0, 0.026244323271554133, 0.0, 0.086635358190526, 0.0, 0.0]","['calcite', 'dolomite', 'gypsum', 'halite', 'NO3src', 'denit', 'CaNa_exch', 'MgNa_exch']",0.0004104233197172132,0.008029926199898159,0.5079729521871215,0.11287968146208013,6,True,0.0,True,,,,,,,,,,,,,,,,public_usgs_chemistry_nearest_neighbor,,,,,,,,,,,,,,,,,0.0,False,0.4999430259872233,True,0.0,,,[],[],,,,,,,[],[],[],,"[-0.057850272377602985, -0.002601941387706641, 0.04185615237630013, 0.010751209460534386, 1.5594363300674985e-10, -0.04185615232906034, -0.03246927957554047, -0.001668677976659997]",0.9993039717286983,False,,,,,,,{},{},,,,,,,,,[],[],,,[],{},,0.0,0.0,0.0,0.026244323271554133,0.0,0.086635358190526,0.0,0.0
VPDCPAS1-59->VPDCPAS1-30,VPDCPAS1-59,VPDCPAS1-30,evap,1.0319419547860784,,,"[0.0, 0.0, 0.0, 0.03475673207488492, 0.0, 0.0, 0.0, 0.051266358331556815]","['calcite', 'dolomite', 'gypsum', 'halite', 'NO3src', 'denit', 'CaNa_exch', 'MgNa_exch']",0.00016819617701766177,0.008249697363133074,0.508216561640861,0.08602309040644174,13,True,0.0,True,,,,,,,,,,,,,,,,public_usgs_chemistry_nearest_neighbor,,,,,,,,,,,,,,,,,0.0,False,0.499966864277728,True,0.0,,,[],[],,,,,,,[],[],[],,"[-0.0261464693605917, 0.06713620015564045, 0.033568100031680495, 0.02181766659752886, -0.01437757588722438, -0.03356746199482049, 0.010757492671375449, 0.002597955837067286]",0.9989703338835711,False,,,,,,,{},{},,,,,,,,,[],[],,,[],{},,0.0,0.0,0.0,0.03475673207488492,0.0,0.0,0.0,0.051266358331556815
VPDCPAS1-52->VPDCPAS1-53,VPDCPAS1-52,VPDCPAS1-53,evap,1.5692842211767126,,,"[0.0, 0.0, 0.0, 0.03056575743571366, 0.0, 0.0, 0.0, 0.0]","['calcite', 'dolomite', 'gypsum', 'halite', 'NO3src', 'denit', 'CaNa_exch', 'MgNa_exch']",0.002500037087504181,0.00841417578715016,0.5083808831356279,0.03056575743571366,2,True,0.0,True,,,,,,,,,,,,,,,,public_usgs_chemistry_nearest_neighbor,,,,,,,,,,,,,,,,,0.0,False,0.4999667073484777,True,0.0,,,[],[],,,,,,,[],[],[],,"[-0.051458928906997825, -0.051457701615013396, -0.018642212002667132, -0.02201379522071542, -0.04394143127647365, 0.018642212057685494, 0.0009467676486448213, -0.002615778471828408]",0.9975572238451622,False,,,,,,,{},{},,,,,,,,,[],[],,,[],{},,0.0,0.0,0.0,0.03056575743571366,0.0,0.0,0.0,0.0
VPDCPAS1-61->VPDCPAS1-59,VPDCPAS1-61,VPDCPAS1-59,evap,1.156620282660219,,,"[0.06225687908670821, 0.0, 0.008893958129059375, 0.0, 0.0, 0.0, 0.013943589391336384, 0.0]","['calcite', 'dolomite', 'gypsum', 'halite', 'NO3src', 'denit', 'CaNa_exch', 'MgNa_exch']",0.0014468260794201393,0.010924225591736026,0.5108836498088604,0.08509442660710397,7,True,0.0,True,,,,,,,,,,,,,,,,public_usgs_chemistry_nearest_neighbor,,,,,,,,,,,,,,,,,0.0,False,0.49995942421712436,True,0.0,,,[],[],,,,,,,[],[],[],,"[0.018378445161329138, -0.09455828003483903, 0.009189222568115336, -0.005081094068438312, -0.00918932760988872, -0.033357093400415934, -0.018378359330948286, -0.00016486345543180957]",0.9985663232593002,False,,,,,,,{},{},,,,,,,,,[],[],,,[],{},,0.06225687908670821,0.0,0.008893958129059375,0.0,0.0,0.0,0.013943589391336384,0.0
VPDCPAS1-16->VPDCPAS1-14,VPDCPAS1-16,VPDCPAS1-14,evap,1.495767750016815,,,"[0.0, 0.0, 0.032958834252610286, 0.07003555404755425, 0.0, 0.0, 0.0, 0.014206186187788426]","['calcite', 'dolomite', 'gypsum', 'halite', 'NO3src', 'denit', 'CaNa_exch', 'MgNa_exch']",0.0019112580656054717,0.017182092389049948,0.5171149398843433,0.11720057448795296,12,True,0.0,True,,,,,,,,,,,,,,,,public_usgs_chemistry_nearest_neighbor,,,,,,,,,,,,,,,,,0.0,False,0.4999328474952934,True,0.0,,,[],[],,,,,,,[],[],[],,"[0.02601939739778078, 0.058439766084432444, 0.029219883029430654, -0.005052309335287789, -0.1033417076820331, -0.029219167870617062, -0.02601939733845488, -0.0005218607894913842]",0.998637057213032,False,,,,,,,{},{},,,,,,,,,[],[],,,[],{},,0.0,0.0,0.032958834252610286,0.07003555404755425,0.0,0.0,0.0,0.014206186187788426
VPDCPAS1-43->VPDCPAS1-14,VPDCPAS1-43,VPDCPAS1-14,evap,2.8770620236320905,,,"[0.0, 0.0, 0.0, 0.04174569154492545, 0.0, 0.0, 0.0, 0.00592686188861078]","['calcite', 'dolomite', 'gypsum', 'halite', 'NO3src', 'denit', 'CaNa_exch', 'MgNa_exch']",0.003552735618861976,0.018729727158353728,0.5186625746536471,0.047672553433536234,11,True,0.0,True,,,,,,,,,,,,,,,,public_usgs_chemistry_nearest_neighbor,,,,,,,,,,,,,,,,,0.0,False,0.4999328474952934,True,0.0,,,[],[],,,,,,,[],[],[],,"[-0.07847520398578445, -0.03265269946603586, -0.016326349738352106, -0.08587945864667332, -0.04380875098485104, 0.016327095616582646, -0.04065114362603598, -0.005004341102383348]",0.9985142934891547,False,,,,,,,{},{},,,,,,,,,[],[],,,[],{},,0.0,0.0,0.0,0.04174569154492545,0.0,0.0,0.0,0.00592686188861078
VPDCPAS1-30->VPDCPAS1-13,VPDCPAS1-30,VPDCPAS1-13,evap,1.2926745009344276,,,"[0.09746953001357761, 0.0, 0.010720486379923438, 0.0, 0.0, 0.0, 0.02865161618290766, 0.0]","['calcite', 'dolomite', 'gypsum', 'halite', 'NO3src', 'denit', 'CaNa_exch', 'MgNa_exch']",0.007441443612389992,0.020172547128497993,0.5201437202600734,0.13684163257640872,7,True,0.0,True,,,,,,,,,,,,,,,,public_usgs_chemistry_nearest_neighbor,,,,,,,,,,,,,,,,,0.0,False,0.4999711731315754,True,0.0,,,[],[],,,,,,,[],[],[],,"[0.00690421847865183, -0.11226364728169708, 0.0034521092135394657, -0.027103434816066464, -0.0034523454517185748, -0.08188723731145701, -0.006904051155828564, -0.0031835376350215763]",0.9986615597490145,False,,,,,,,{},{},,,,,,,,,[],[],,,[],{},,0.09746953001357761,0.0,0.010720486379923438,0.0,0.0,0.0,0.02865161618290766,0.0
VPDCPAS1-60->VPDCPAS1-61,VPDCPAS1-60,VPDCPAS1-61,evap,1.1201847759643202,,,"[0.0, 0.0, 0.05858297509554129, 0.07434831134587967, 0.0, 0.0, 0.023159233357312594, 0.0]","['calcite', 'dolomite', 'gypsum', 'halite', 'NO3src', 'denit', 'CaNa_exch', 'MgNa_exch']",0.0030153868946824016,0.024013909382478497,0.5239665429944736,0.15609051979873356,16,True,0.0,True,,,,,,,,,,,,,,,,public_usgs_chemistry_nearest_neighbor,,,,,,,,,,,,,,,,,0.0,False,0.4999526336119951,True,0.0,,,[],[],,,,,,,[],[],[],,"[0.045987770491379046, -0.09389497587414578, 0.02299388522484621, 0.005225825706740621, -0.09941393292254136, -0.022993178316533885, -0.04598812377317236, -0.00012651029048875816]",0.9953584475387045,False,,,,,,,{},{},,,,,,,,,[],[],,,[],{},,0.0,0.0,0.05858297509554129,0.07434831134587967,0.0,0.0,0.023159233357312594,0.0
VPDCPAS1-23->VPDCPAS1-20,VPDCPAS1-23,VPDCPAS1-20,evap,1.0368605470076957,,,"[1.4365916253774345, 0.0, 0.8680494381158069, 0.0, 0.0, 3.1513986179199502, 0.000839836575768155, 0.0]","['calcite', 'dolomite', 'gypsum', 'halite', 'NO3src', 'denit', 'CaNa_exch', 'MgNa_exch']",0.4311504393002619,0.031731882332816604,0.5312114412164373,5.45687951798896,122,True,0.0,True,,,,,,,,,,,,,,,,public_usgs_chemistry_nearest_neighbor,,,,,,,,,,,,,,,,,0.0,False,0.49947955888362067,True,0.0,,,[],[],,,,,,,[],[],[],,"[-2.159514604471724e-06, -0.15549214427500946, -1.0797580581251368e-06, -0.010958192143694869, 5.672517566779334e-09, -0.08521966578598501, 2.107980213272853e-06, 0.013099693873145744]",0.9991308777469846,False,,,,,,,{},{},,,,,,,,,[],[],,,[],{},,1.4365916253774345,0.0,0.8680494381158069,0.0,0.0,3.1513986179199502,0.000839836575768155,0.0
VPDCPAS1-60->VPDCPAS1-30,VPDCPAS1-60,VPDCPAS1-30,evap,1.3642458762846705,,,"[0.0, 0.0, 0.09184131614768926, 0.06500376132374712, 0.0, 0.0, 0.048343135141814604, 0.0]","['calcite', 'dolomite', 'gypsum', 'halite', 'NO3src', 'denit', 'CaNa_exch', 'MgNa_exch']",0.0013777289402839533,0.032397138633083224,0.5323640029108112,0.205188212613251,17,True,0.0,True,,,,,,,,,,,,,,,,public_usgs_chemistry_nearest_neighbor,,,,,,,,,,,,,,,,,0.0,False,0.499966864277728,True,0.0,,,[],[],,,,,,,[],[],[],,"[0.07605063524093955, -0.10692892916435162, 0.038025317576960954, 0.022546971023320334, -0.07739944989221936, -0.03802454229868043, -0.07605102265626205, 0.002248162235489821]",0.9959564291329269,False,,,,,,,{},{},,,,,,,,,[],[],,,[],{},,0.0,0.0,0.09184131614768926,0.06500376132374712,0.0,0.0,0.048343135141814604,0.0
VPDCPAS1-43->VPDCPAS1-30,VPDCPAS1-43,VPDCPAS1-30,evap,2.28654556507881,,,"[0.0, 0.0, 0.028642866585861876, 0.06962466707462302, 0.0, 0.0, 0.06531995179836741, 0.0]","['calcite', 'dolomite', 'gypsum', 'halite', 'NO3src', 'denit', 'CaNa_exch', 'MgNa_exch']",0.0021636027559209024,0.0400505453668502,0.5400174096445782,0.16358748545885232,18,True,0.0,True,,,,,,,,,,,,,,,,public_usgs_chemistry_nearest_neighbor,,,,,,,,,,,,,,,,,0.0,False,0.499966864277728,True,0.0,,,[],[],,,,,,,[],[],[],,"[0.05932873638740052, -0.1630844429228856, 0.02966436813491228, -0.04606557010512363, -0.05030854583120359, -0.029663853580982363, -0.059328993550146106, -0.0011295696106922311]",0.995001187595919,False,,,,,,,{},{},,,,,,,,,[],[],,,[],{},,0.0,0.0,0.028642866585861876,0.06962466707462302,0.0,0.0,0.06531995179836741,0.0
VPDCPAS1-16->VPDCPAS1-30,VPDCPAS1-16,VPDCPAS1-30,evap,1.1866173998768172,,,"[0.0, 0.0, 0.1074731967454956, 0.0764952915024271, 0.0, 0.0, 0.056197232945586775, 0.0]","['calcite', 'dolomite', 'gypsum', 'halite', 'NO3src', 'denit', 'CaNa_exch', 'MgNa_exch']",0.0015496426196496963,0.0407710662203515,0.5407379304980795,0.24016572119350948,17,True,0.0,True,,,,,,,,,,,,,,,,public_usgs_chemistry_nearest_neighbor,,,,,,,,,,,,,,,,,0.0,False,0.499966864277728,True,0.0,,,[],[],,,,,,,[],[],[],,"[0.1003014251820119, -0.08273267947669061, 0.05015071254042844, 0.018203629362441076, -0.0918592851490988, -0.050149805911396936, -0.10030187823423009, 0.002435139579077035]",0.9949112575201388,False,,,,,,,{},{},,,,,,,,,[],[],,,[],{},,0.0,0.0,0.1074731967454956,0.0764952915024271,0.0,0.0,0.056197232945586775,0.0
VPDCPAS1-52->VPDCPAS1-39,VPDCPAS1-52,VPDCPAS1-39,evap,2.490331360035966,,,"[0.0, 0.0, 0.0, 0.0, 0.0, 0.09493327542811722, 0.0, 0.0]","['calcite', 'dolomite', 'gypsum', 'halite', 'NO3src', 'denit', 'CaNa_exch', 'MgNa_exch']",0.0008543298498995149,0.06895031994646497,0.5689196086039007,0.09493327542811722,5,True,0.0,True,,,,,,,,,,,,,,,,public_usgs_chemistry_nearest_neighbor,,,,,,,,,,,,,,,,,0.0,False,0.49996928865743573,True,0.0,,,[],[],,,,,,,[],[],[],,"[-0.034451067879974984, -0.24019110615877154, -0.015193366786481935, -0.08945188632438465, 1.7087989356845412e-10, -0.008686654240514954, -0.03972942451059501, -0.013612967916054488]",0.9929943115051653,False,,,,,,,{},{},,,,,,,,,[],[],,,[],{},,0.0,0.0,0.0,0.0,0.0,0.09493327542811722,0.0,0.0
VPDCPAS1-60->VPDCPAS1-59,VPDCPAS1-60,VPDCPAS1-59,evap,1.318589203888613,,,"[0.0, 0.0, 0.10060294668760035, 0.07297673984368261, 0.0, 0.0, 0.040698942572310076, 0.0]","['calcite', 'dolomite', 'gypsum', 'halite', 'NO3src', 'denit', 'CaNa_exch', 'MgNa_exch']",0.0017053045294823134,0.07253627404279919,0.5724956982599235,0.21427862910359302,17,True,0.0,True,,,,,,,,,,,,,,,,public_usgs_chemistry_nearest_neighbor,,,,,,,,,,,,,,,,,0.0,False,0.49995942421712436,True,0.0,,,[],[],,,,,,,[],[],[],,"[0.09569880294474034, -0.21638210014152956, 0.04784940143574113, 0.0007400537729495412, -0.05309188712197743, -0.047848694074513205, -0.09569915637858994, -0.00033535705672485576]",0.9904804630699992,False,,,,,,,{},{},,,,,,,,,[],[],,,[],{},,0.0,0.0,0.10060294668760035,0.07297673984368261,0.0,0.0,0.040698942572310076,0.0
VPDCPAS1-61->VPDCPAS1-60,VPDCPAS1-61,VPDCPAS1-60,evap,1.0,,,"[0.0, 0.0, 0.0, 0.0, 0.0, 0.0, 0.0, 0.027206792634656515]","['calcite', 'dolomite', 'gypsum', 'halite', 'NO3src', 'denit', 'CaNa_exch', 'MgNa_exch']",0.00392390928942997,0.07672272898272886,0.5766949538647115,0.027206792634656515,2,True,0.0,True,,,,,,,,,,,,,,,,public_usgs_chemistry_nearest_neighbor,,,,,,,,,,,,,,,,,0.0,False,0.49997222488198256,True,0.0,,,[],[],,,,,,,[],[],[],,"[-0.2020958083832335, -0.002525591482867115, -0.001262795765919679, -0.006393861892583119, -0.18026876433956085, -0.05613540197461212, -0.013533208411409535, 0.0]",0.9829360586348665,False,,,,,,,{},{},,,,,,,,,[],[],,,[],{},,0.0,0.0,0.0,0.0,0.0,0.0,0.0,0.027206792634656515
VPDCPAS1-16->VPDCPAS1-59,VPDCPAS1-16,VPDCPAS1-59,evap,1.147028034090685,,,"[0.0, 0.0, 0.1156777538235332, 0.08406204990576462, 0.0, 0.0, 0.04827370972156528, 0.0]","['calcite', 'dolomite', 'gypsum', 'halite', 'NO3src', 'denit', 'CaNa_exch', 'MgNa_exch']",0.0018425406480425677,0.07729776312459301,0.5772571873417174,0.2480135134508631,17,True,0.0,True,,,,,,,,,,,,,,,,public_usgs_chemistry_nearest_neighbor,,,,,,,,,,,,,,,,,0.0,False,0.49995942421712436,True,0.0,,,[],[],,,,,,,[],[],[],,"[0.11910606846489591, -0.1930743452001106, 0.05955303418900161, -0.003459750889324738, -0.06739753508476476, -0.05955220437427586, -0.11910648308838297, -0.00015476635167440536]",0.9898555733613109,False,,,,,,,{},{},,,,,,,,,[],[],,,[],{},,0.0,0.0,0.1156777538235332,0.08406204990576462,0.0,0.0,0.04827370972156528,0.0
VPDCPAS1-43->VPDCPAS1-40,VPDCPAS1-43,VPDCPAS1-40,evap,1.0,,,"[0.002278082686066358, 0.0, 0.10766210598615367, 0.03665976891166593, 0.0, 0.0, 0.023410833127023925, 0.0]","['calcite', 'dolomite', 'gypsum', 'halite', 'NO3src', 'denit', 'CaNa_exch', 'MgNa_exch']",0.0011282324082412215,0.08043764615151032,0.5804022010427868,0.17001079071090988,16,True,0.0,True,,,,,,,,,,,,,,,,public_usgs_chemistry_nearest_neighbor,,,,,,,,,,,,,,,,,0.0,False,0.4999645548912765,True,0.0,,,[],[],,,,,,,[],[],[],,"[0.08121983648418912, -0.24845742492801315, 0.04060991822102481, -0.023785166240409206, -0.04060991824004506, -0.04060899317118638, -0.08122029878232273, 0.0]",0.9489680548502186,False,,,,,,,{},{},,,,,,,,,[],[],,,[],{},,0.002278082686066358,0.0,0.10766210598615367,0.03665976891166593,0.0,0.0,0.023410833127023925,0.0
VPDCPAS1-40->VPDCPAS1-43,VPDCPAS1-40,VPDCPAS1-43,evap,1.0,,,"[0.0, 0.0, 0.0, 0.08103521084580827, 0.0, 0.03605375280301559, 0.0, 0.09428477764144058]","['calcite', 'dolomite', 'gypsum', 'halite', 'NO3src', 'denit', 'CaNa_exch', 'MgNa_exch']",0.0011282324082412215,0.08295931230486381,0.582926923148418,0.21137374129026443,15,True,0.0,True,,,,,,,,,,,,,,,,public_usgs_chemistry_nearest_neighbor,,,,,,,,,,,,,,,,,0.0,False,0.4999676108435542,True,0.0,,,[],[],,,,,,,[],[],[],,"[-0.21457085828343309, 0.15417264728657257, 0.07708632355843001, 0.023785166240409206, 6.489675463683398e-11, -0.07708598658628782, -0.026441807203830943, 0.0]",0.9465525182694665,False,,,,,,,{},{},,,,,,,,,[],[],,,[],{},,0.0,0.0,0.0,0.08103521084580827,0.0,0.03605375280301559,0.0,0.09428477764144058
VPDCPAS1-30->VPDCPAS1-14,VPDCPAS1-30,VPDCPAS1-14,evap,1.2548075182425023,,,"[0.0, 0.0, 0.0, 0.07586845846497683, 0.0, 0.03017664780158261, 0.0, 0.04522405289183811]","['calcite', 'dolomite', 'gypsum', 'halite', 'NO3src', 'denit', 'CaNa_exch', 'MgNa_exch']",0.0011540453785410388,0.10002939825751633,0.5999622457528098,0.15126915915839756,14,True,0.0,True,,,,,,,,,,,,,,,,public_usgs_chemistry_nearest_neighbor,,,,,,,,,,,,,,,,,0.0,False,0.4999328474952934,True,0.0,,,[],[],,,,,,,[],[],[],,"[-0.26769759294676526, 0.1355935509336952, 0.06779677542614596, -0.027793619579015424, 5.4317963321670604e-11, -0.0677964035295299, -0.0019488975258791985, -0.003570343488261851]",0.9920653233754743,False,,,,,,,{},{},,,,,,,,,[],[],,,[],{},,0.0,0.0,0.0,0.07586845846497683,0.0,0.03017664780158261,0.0,0.04522405289183811
VPDCPAS1-22->VPDCPAS1-38,VPDCPAS1-22,VPDCPAS1-38,evap,1.0,,,"[0.13130261297079776, 0.0, 0.23546180125293117, 0.010904047926647389, 0.0, 0.0, 0.0, 0.0]","['calcite', 'dolomite', 'gypsum', 'halite', 'NO3src', 'denit', 'CaNa_exch', 'MgNa_exch']",0.01821772641987602,0.10601727776208884,0.6057348445228466,0.3776684621503763,7,True,0.0,True,,,,,,,,,,,,,,,,public_usgs_chemistry_nearest_neighbor,,,,,,,,,,,,,,,,,0.0,False,0.49971756676075785,True,0.0,,,[],[],,,,,,,[],[],[],,"[0.16467271152477414, 0.09872480460715782, 0.13220165020297417, 0.010741687979539644, -0.08233646160203512, -0.1322016501833469, -0.16467271110094284, -0.01368421052631579]",0.9943457025843243,False,,,,,,,{},{},,,,,,,,,[],[],,,[],{},,0.13130261297079776,0.0,0.23546180125293117,0.010904047926647389,0.0,0.0,0.0,0.0
VPDCPAS1-14->VPDCPAS1-13,VPDCPAS1-14,VPDCPAS1-13,evap,1.01738225167167,,,"[0.13206956698505098, 0.0, 0.11347110171601085, 0.0, 0.0, 0.0, 0.08033359678514246, 0.0]","['calcite', 'dolomite', 'gypsum', 'halite', 'NO3src', 'denit', 'CaNa_exch', 'MgNa_exch']",0.011132820191159017,0.1180543071649044,0.6180254802964799,0.3258742654862043,8,True,0.0,True,,,,,,,,,,,,,,,,public_usgs_chemistry_nearest_neighbor,,,,,,,,,,,,,,,,,0.0,False,0.4999711731315754,True,0.0,,,[],[],,,,,,,[],[],[],,"[0.10724739316616266, -0.2853268003685281, 0.05362369651078108, 0.0017481813652169083, -0.05362386273983527, -0.08879522655908358, -0.10724735358999596, 0.0005080186824508738]",0.99216714500627,False,,,,,,,{},{},,,,,,,,,[],[],,,[],{},,0.13206956698505098,0.0,0.11347110171601085,0.0,0.0,0.0,0.08033359678514246,0.0
VPDCPAS1-40->VPDCPAS1-53,VPDCPAS1-40,VPDCPAS1-53,evap,1.509337198193928,,,"[0.0, 0.0, 0.0, 0.15519332789861823, 0.0, 0.04156370342791698, 0.0, 0.1518275764961241]","['calcite', 'dolomite', 'gypsum', 'halite', 'NO3src', 'denit', 'CaNa_exch', 'MgNa_exch']",0.005718566823938945,0.14175398446802132,0.641720691816499,0.3485846078226593,15,True,0.0,True,,,,,,,,,,,,,,,,public_usgs_chemistry_nearest_neighbor,,,,,,,,,,,,,,,,,0.0,False,0.4999667073484777,True,0.0,,,[],[],,,,,,,[],[],[],,"[-0.28889125139099897, 0.18991774449341392, 0.09495887211006215, 0.05295681628769447, 7.481466141046056e-11, -0.09495830953746065, -0.03681163605119722, 0.00576981642485489]",0.9588464441590883,False,,,,,,,{},{},,,,,,,,,[],[],,,[],{},,0.0,0.0,0.0,0.15519332789861823,0.0,0.04156370342791698,0.0,0.1518275764961241
VPDCPAS1-43->VPDCPAS1-13,VPDCPAS1-43,VPDCPAS1-13,evap,3.013512778541134,,,"[0.050758402228644826, 0.0, 0.07183901748255296, 0.023291977406809515, 0.0, 0.0, 0.08726089290068459, 0.0]","['calcite', 'dolomite', 'gypsum', 'halite', 'NO3src', 'denit', 'CaNa_exch', 'MgNa_exch']",0.003389625230048005,0.1592169473486015,0.6591881204801769,0.2331502900186919,17,True,0.0,True,,,,,,,,,,,,,,,,public_usgs_chemistry_nearest_neighbor,,,,,,,,,,,,,,,,,0.0,False,0.4999711731315754,True,0.0,,,[],[],,,,,,,[],[],[],,"[0.10913237653971375, -0.3443413972827293, 0.05456618819132204, -0.08871912762039866, -0.05456618822417418, -0.05456555084168472, -0.1091326950642594, -0.004765290060086599]",0.9894360206664558,False,,,,,,,{},{},,,,,,,,,[],[],,,[],{},,0.050758402228644826,0.0,0.07183901748255296,0.023291977406809515,0.0,0.0,0.08726089290068459,0.0
VPDCPAS1-27->VPDCPAS1-20,VPDCPAS1-27,VPDCPAS1-20,evap,1.5994648986951376,,,"[0.413498276118295, 0.0, 0.633232617290928, 0.0, 0.0, 0.0, 0.2098837182609206, 0.0]","['calcite', 'dolomite', 'gypsum', 'halite', 'NO3src', 'denit', 'CaNa_exch', 'MgNa_exch']",0.03847453091513404,0.17501222907826863,0.6744917879618892,1.2566146116701435,8,True,0.0,True,,,,,,,,,,,,,,,,public_usgs_chemistry_nearest_neighbor,,,,,,,,,,,,,,,,,0.0,False,0.49947955888362067,True,0.0,,,[],[],,,,,,,[],[],[],,"[0.14243141857778086, -0.34012072363447143, 0.07121570909999497, -0.011947686443435229, -0.07121611488703683, -0.09168729665393499, -0.1424312380037146, 0.008002253058125738]",0.9952064922828597,False,,,,,,,{},{},,,,,,,,,[],[],,,[],{},,0.413498276118295,0.0,0.633232617290928,0.0,0.0,0.0,0.2098837182609206,0.0
VPDCPAS1-45->VPDCPAS1-59,VPDCPAS1-45,VPDCPAS1-59,evap,1.3634027355914184,,,"[0.0, 0.0, 0.0, 0.10593234620375037, 0.0, 0.24480597770854817, 0.0, 0.11089440883952119]","['calcite', 'dolomite', 'gypsum', 'halite', 'NO3src', 'denit', 'CaNa_exch', 'MgNa_exch']",0.0038595080678731513,0.22076996276246955,0.7207293869795939,0.4616327327518197,20,True,0.0,True,,,,,,,,,,,,,,,,public_usgs_chemistry_nearest_neighbor,,,,,,,,,,,,,,,,,0.0,False,0.49995942421712436,True,0.0,,,[],[],,,,,,,[],[],[],,"[-0.33500078872579503, 0.26440077094582054, 0.13220038537310527, -0.006669401192916178, 4.4065073812049604e-10, -0.13219997345612922, -0.06030920834214394, -0.0011001095825127658]",0.9710265265029715,False,,,,,,,{},{},,,,,,,,,[],[],,,[],{},,0.0,0.0,0.0,0.10593234620375037,0.0,0.24480597770854817,0.0,0.11089440883952119
VPDCPAS1-22->VPDCPAS1-05,VPDCPAS1-22,VPDCPAS1-05,evap,1.0,,,"[0.0, 0.05179505029208439, 0.2131192880061059, 0.0, 0.0, 0.0, 0.0, 0.16029004249183937]","['calcite', 'dolomite', 'gypsum', 'halite', 'NO3src', 'denit', 'CaNa_exch', 'MgNa_exch']",0.04280206789812626,0.22333076618667252,0.7232271361457256,0.42520438079002965,7,True,0.0,True,,,,,,,,,,,,,,,,public_usgs_chemistry_nearest_neighbor,,,,,,,,,,,,,,,,,0.0,False,0.4998963699590531,True,0.0,,,[],[],,,,,,,[],[],[],,"[-0.11271872951575507, 0.3514690001819343, 0.17573449994670612, -0.04373401534526854, -0.05968757579960679, -0.19464033850493645, 0.11271872989936982, -0.012105263157894737]",0.9882706807547388,False,,,,,,,{},{},,,,,,,,,[],[],,,[],{},,0.0,0.05179505029208439,0.2131192880061059,0.0,0.0,0.0,0.0,0.16029004249183937
VPDCPAS1-46->VPDCPAS1-59,VPDCPAS1-46,VPDCPAS1-59,evap,1.099393052305649,,,"[0.0, 0.0, 0.0, 0.17120059592825435, 0.0, 0.09666216840163709, 0.0, 0.14613341555569692]","['calcite', 'dolomite', 'gypsum', 'halite', 'NO3src', 'denit', 'CaNa_exch', 'MgNa_exch']",0.004024618474423032,0.236093512891541,0.7360529371086654,0.41399617988558834,17,True,0.0,True,,,,,,,,,,,,,,,,public_usgs_chemistry_nearest_neighbor,,,,,,,,,,,,,,,,,0.0,False,0.49995942421712436,True,0.0,,,[],[],,,,,,,[],[],[],,"[-0.3405480802676386, 0.281532060241119, 0.14076602998903945, -0.0010660968593078635, 1.7399189033984186e-10, -0.14076554485645143, -0.03492964365083012, -0.002997763876915549]",0.9690154899109025,False,,,,,,,{},{},,,,,,,,,[],[],,,[],{},,0.0,0.0,0.0,0.17120059592825435,0.0,0.09666216840163709,0.0,0.14613341555569692
VPDCPAS1-61->VPDCPAS1-46,VPDCPAS1-61,VPDCPAS1-46,evap,1.0,,,"[0.10648399409506329, 0.0, 0.15520680264702494, 0.012442115680723542, 0.0, 0.0, 0.05396526385059546, 0.0]","['calcite', 'dolomite', 'gypsum', 'halite', 'NO3src', 'denit', 'CaNa_exch', 'MgNa_exch']",0.007031597297491741,0.24637219741635707,0.7463443235864804,0.3280981762734072,16,True,0.0,True,,,,,,,,,,,,,,,,public_usgs_chemistry_nearest_neighbor,,,,,,,,,,,,,,,,,0.0,False,0.4999721261701234,True,0.0,,,[],[],,,,,,,[],[],[],,"[0.130950725834462, -0.4463183874948581, 0.06547536286866225, -0.0028132992327365713, -0.06547536282139538, -0.06547455573714102, -0.13095112910965245, 0.0026315789473684214]",0.9619333578270589,False,,,,,,,{},{},,,,,,,,,[],[],,,[],{},,0.10648399409506329,0.0,0.15520680264702494,0.012442115680723542,0.0,0.0,0.05396526385059546,0.0
VPDCPAS1-16->VPDCPAS1-32R,VPDCPAS1-16,VPDCPAS1-32R,evap,1.0,,,"[0.0, 0.0, 1.372476937454537, 0.06512954081523166, 0.0, 0.0, 0.0, 0.008329375521565206]","['calcite', 'dolomite', 'gypsum', 'halite', 'NO3src', 'denit', 'CaNa_exch', 'MgNa_exch']",0.04039801727715527,0.24908578657118363,0.748979491430471,1.4459358537913338,12,True,0.0,True,,,,,,,,,,,,,,,,public_usgs_chemistry_nearest_neighbor,,,,,,,,,,,,,,,,,0.0,False,0.49989370485928747,True,0.0,,,[],[],,,,,,,[],[],[],,"[-0.16239709713517536, 0.1562119654903641, 0.07810598273768561, 0.07084398976982098, -0.39331366764995046, -0.07810556338222743, 0.16239709960563387, 0.004736842105263158]",0.9590108731046875,False,,,,,,,{},{},,,,,,,,,[],[],,,[],{},,0.0,0.0,1.372476937454537,0.06512954081523166,0.0,0.0,0.0,0.008329375521565206
VPDCPAS1-15->VPDCPAS1-13,VPDCPAS1-15,VPDCPAS1-13,evap,1.0517544869976974,,,"[0.0, 0.04618652760557088, 0.0, 0.059552166394842156, 0.0, 0.23586626784054274, 0.0, 0.1825901055001133]","['calcite', 'dolomite', 'gypsum', 'halite', 'NO3src', 'denit', 'CaNa_exch', 'MgNa_exch']",0.01540066914008755,0.2510001323106419,0.7509713054422174,0.524195067341069,107,True,0.0,True,,,,,,,,,,,,,,,,public_usgs_chemistry_nearest_neighbor,,,,,,,,,,,,,,,,,0.0,False,0.4999711731315754,True,0.0,,,[],[],,,,,,,[],[],[],,"[-0.3161292700168336, 0.31612545085901034, 0.1580627252651741, -0.019015124591732227, 4.245592766238815e-10, -0.15806255840303846, -0.028243958425318225, 0.00047183738210768703]",0.9833462438854517,False,,,,,,,{},{},,,,,,,,,[],[],,,[],{},,0.0,0.04618652760557088,0.0,0.059552166394842156,0.0,0.23586626784054274,0.0,0.1825901055001133
VPDCPAS1-45->VPDCPAS1-61,VPDCPAS1-45,VPDCPAS1-61,evap,1.1679312339575738,,,"[0.0, 0.0, 0.0, 0.14679880735150477, 0.0, 0.1339974922081795, 0.0, 0.12787766953511326]","['calcite', 'dolomite', 'gypsum', 'halite', 'NO3src', 'denit', 'CaNa_exch', 'MgNa_exch']",0.003272004621018855,0.2546808921333062,0.7546335257453013,0.40867396909479753,17,True,0.0,True,,,,,,,,,,,,,,,,public_usgs_chemistry_nearest_neighbor,,,,,,,,,,,,,,,,,0.0,False,0.4999526336119951,True,0.0,,,[],[],,,,,,,[],[],[],,"[-0.36805375113445643, 0.27968652669964006, 0.13984326323473012, -0.001212279173795211, 2.411954802550298e-10, -0.13984293518466273, -0.0433416007147022, -0.0007914703694066954]",0.9507737493759013,False,,,,,,,{},{},,,,,,,,,[],[],,,[],{},,0.0,0.0,0.0,0.14679880735150477,0.0,0.1339974922081795,0.0,0.12787766953511326
VPDCPAS1-39->VPDCPAS1-37,VPDCPAS1-39,VPDCPAS1-37,evap,1.1284556922054252,,,"[0.0, 0.0, 0.2041660023962218, 0.3313113093472812, 0.0, 0.0, 0.11449915746929737, 0.0]","['calcite', 'dolomite', 'gypsum', 'halite', 'NO3src', 'denit', 'CaNa_exch', 'MgNa_exch']",0.08078941290704328,0.25579999773981216,0.755715373320885,0.6499764692128004,18,True,0.0,True,,,,,,,,,,,,,,,,public_usgs_chemistry_nearest_neighbor,,,,,,,,,,,,,,,,,0.0,False,0.4999153755810728,True,0.0,,,[],[],,,,,,,[],[],[],,"[0.10995684085631352, -0.17251451184485528, 0.054978420325107524, -0.019255216834485143, -0.44207957002850345, -0.0549775461661865, -0.10995727727009501, -0.0027137374893941185]",0.9742328335302727,False,,,,,,,{},{},,,,,,,,,[],[],,,[],{},,0.0,0.0,0.2041660023962218,0.3313113093472812,0.0,0.0,0.11449915746929737,0.0
VPDCPAS1-23->VPDCPAS1-01,VPDCPAS1-23,VPDCPAS1-01,evap,1.0,,,"[0.0, 0.2158259677477148, 0.0, 0.0, 0.0, 4.113752824324805, 0.0, 0.1596150826886111]","['calcite', 'dolomite', 'gypsum', 'halite', 'NO3src', 'denit', 'CaNa_exch', 'MgNa_exch']",0.43767732885735533,0.2661493764532372,0.7660070862157151,4.48919387476113,123,True,0.0,True,,,,,,,,,,,,,,,,public_usgs_chemistry_nearest_neighbor,,,,,,,,,,,,,,,,,0.0,False,0.4998577097624779,True,0.0,,,[],[],,,,,,,[],[],[],,"[-0.011235149384441145, 0.011231100941708094, 0.005615550327200458, 0.0017902813299232809, 7.4047550313594e-09, -0.43159379407616355, -0.2821153445763065, 0.0]",0.9889769884923425,False,,,,,,,{},{},,,,,,,,,[],[],,,[],{},,0.0,0.2158259677477148,0.0,0.0,0.0,4.113752824324805,0.0,0.1596150826886111
VPDCPAS1-02->VPDCPAS1-20,VPDCPAS1-02,VPDCPAS1-20,evap,1.0993072557081034,,,"[0.7117291600154997, 0.0, 1.250346669106817, 0.0, 0.0, 0.0, 0.026989426203377354, 0.0]","['calcite', 'dolomite', 'gypsum', 'halite', 'NO3src', 'denit', 'CaNa_exch', 'MgNa_exch']",0.09295206329236809,0.28219225544378107,0.7816718143274017,1.989065255325694,9,True,0.0,True,,,,,,,,,,,,,,,,public_usgs_chemistry_nearest_neighbor,,,,,,,,,,,,,,,,,0.0,False,0.49947955888362067,True,0.0,,,[],[],,,,,,,[],[],[],,"[0.10689278411996295, -0.48851312010627795, 0.05344639203569101, 0.004889454355402153, -0.05344644085232941, -0.12161038309820094, -0.1068927513357274, 0.01300109380677668]",0.9922708786619588,False,,,,,,,{},{},,,,,,,,,[],[],,,[],{},,0.7117291600154997,0.0,1.250346669106817,0.0,0.0,0.0,0.026989426203377354,0.0
VPDCPAS1-26->VPDCPAS1-20,VPDCPAS1-26,VPDCPAS1-20,evap,1.0,,,"[0.0, 0.0, 1.1682615925057422, 0.0, 0.0, 0.0, 0.18497975178481163, 0.0]","['calcite', 'dolomite', 'gypsum', 'halite', 'NO3src', 'denit', 'CaNa_exch', 'MgNa_exch']",0.22548962010469376,0.2896776828315038,0.7891572417151245,1.353241344290554,8,True,0.0,True,,,,,,,,,,,,,,,,public_usgs_chemistry_nearest_neighbor,,,,,,,,,,,,,,,,,0.0,False,0.49947955888362067,True,0.0,,,[],[],,,,,,,[],[],[],,"[0.043964244531801366, -0.2591526120937886, 0.021982122099418855, 0.0038363171355498688, -0.16388069485414647, -0.4372355430183358, -0.04396427832710392, 0.01105263157894737]",0.9920658561093172,False,,,,,,,{},{},,,,,,,,,[],[],,,[],{},,0.0,0.0,1.1682615925057422,0.0,0.0,0.0,0.18497975178481163,0.0
VPDCPAS1-38->VPDCPAS1-05,VPDCPAS1-38,VPDCPAS1-05,evap,1.0,,,"[0.0, 0.0, 0.0, 0.04583182951826311, 0.0, 0.0, 0.0, 0.22647910266415047]","['calcite', 'dolomite', 'gypsum', 'halite', 'NO3src', 'denit', 'CaNa_exch', 'MgNa_exch']",0.010498163591834767,0.29813454520512145,0.7980309151641746,0.2723109321824136,13,True,0.0,True,,,,,,,,,,,,,,,,public_usgs_chemistry_nearest_neighbor,,,,,,,,,,,,,,,,,0.0,False,0.4998963699590531,True,0.0,,,[],[],,,,,,,[],[],[],,"[-0.3792415169660679, 0.23835018569454972, 0.11917509264344367, -0.05447570332480818, -0.03277613897082965, -0.11917456576650007, 0.2550489277534874, 0.001578947368421053]",0.9843419904992906,False,,,,,,,{},{},,,,,,,,,[],[],,,[],{},,0.0,0.0,0.0,0.04583182951826311,0.0,0.0,0.0,0.22647910266415047
VPDCPAS1-45->VPDCPAS1-60,VPDCPAS1-45,VPDCPAS1-60,evap,1.0,,,"[0.0, 0.0, 0.0, 0.11803214535879959, 0.0, 0.29498525020648986, 0.0, 0.14405645918519022]","['calcite', 'dolomite', 'gypsum', 'halite', 'NO3src', 'denit', 'CaNa_exch', 'MgNa_exch']",0.005864496066379632,0.3047281071020664,0.8047003319840489,0.5570738547504797,20,True,0.0,True,,,,,,,,,,,,,,,,public_usgs_chemistry_nearest_neighbor,,,,,,,,,,,,,,,,,0.0,False,0.49997222488198256,True,0.0,,,[],[],,,,,,,[],[],[],,"[-0.3992015968063872, 0.308843581950145, 0.15442179084542168, -0.005115089514066494, 5.309734318892367e-10, -0.15442142603580947, -0.04757443264626276, -0.0005263157894736842]",0.9322252659564766,False,,,,,,,{},{},,,,,,,,,[],[],,,[],{},,0.0,0.0,0.0,0.11803214535879959,0.0,0.29498525020648986,0.0,0.14405645918519022
VPDCPAS1-07->VPDCPAS1-37,VPDCPAS1-07,VPDCPAS1-37,evap,2.275560219582106,,,"[0.0, 0.0, 0.0, 0.11447654238871684, 0.0, 0.0, 0.0, 0.04114036750930042]","['calcite', 'dolomite', 'gypsum', 'halite', 'NO3src', 'denit', 'CaNa_exch', 'MgNa_exch']",0.015803554714373433,0.3099647795581866,0.8098801551392594,0.15561690989801724,14,True,0.0,True,,,,,,,,,,,,,,,,public_usgs_chemistry_nearest_neighbor,,,,,,,,,,,,,,,,,0.0,False,0.4999153755810728,True,0.0,,,[],[],,,,,,,[],[],[],,"[-0.2908888068352983, 0.0038112217628950285, 0.001905610844421174, -0.004667339980364522, -0.474169502722404, -0.0019052793314798394, -0.021375820502734066, -0.0033567374199529095]",0.9687767234355019,False,,,,,,,{},{},,,,,,,,,[],[],,,[],{},,0.0,0.0,0.0,0.11447654238871684,0.0,0.0,0.0,0.04114036750930042
VPDCPAS1-59->VPDCPAS1-61,VPDCPAS1-59,VPDCPAS1-61,evap,1.0,,,"[0.0, 0.0, 0.0, 0.01867423331756754, 0.0, 0.0, 0.0, 0.007549208517812683]","['calcite', 'dolomite', 'gypsum', 'halite', 'NO3src', 'denit', 'CaNa_exch', 'MgNa_exch']",0.003456823153713622,0.31198026348491875,0.8119328970969139,0.026223441835380223,12,True,0.0,True,,,,,,,,,,,,,,,,public_usgs_chemistry_nearest_neighbor,,,,,,,,,,,,,,,,,0.0,False,0.4999526336119951,True,0.0,,,[],[],,,,,,,[],[],[],,"[-0.23203592814371277, 0.0006778585327838205, 0.0003389292595976229, 0.002557544757033247, -0.5080301540478529, -0.0003385492555083025, 0.006141994586716635, 0.0]",0.9396985831507045,False,,,,,,,{},{},,,,,,,,,[],[],,,[],{},,0.0,0.0,0.0,0.01867423331756754,0.0,0.0,0.0,0.007549208517812683
VPDCPAS1-27->VPDCPAS1-37,VPDCPAS1-27,VPDCPAS1-37,evap,1.0,,,"[0.0, 0.0, 0.0, 0.0, 0.0, 0.0, 0.14454219003495047, 0.0]","['calcite', 'dolomite', 'gypsum', 'halite', 'NO3src', 'denit', 'CaNa_exch', 'MgNa_exch']",0.03862374695039028,0.32636045338425695,0.8262758289653298,0.14454219003495047,2,True,0.0,True,,,,,,,,,,,,,,,,public_usgs_chemistry_nearest_neighbor,,,,,,,,,,,,,,,,,0.0,False,0.4999153755810728,True,0.0,,,[],[],,,,,,,[],[],[],,"[-0.10212702037427177, -0.3126285479226656, -0.05106351031722384, 0.006138107416879798, -0.16388069485414603, -0.1861777150916784, -0.3924630439308765, -0.0015789473684210526]",0.9671251594769698,False,,,,,,,{},{},,,,,,,,,[],[],,,[],{},,0.0,0.0,0.0,0.0,0.0,0.0,0.14454219003495047,0.0
VPDCPAS1-46->VPDCPAS1-30,VPDCPAS1-46,VPDCPAS1-30,evap,1.1282764386123318,,,"[0.0, 0.0, 0.0, 0.21193398046035064, 0.0, 0.10192095925282948, 0.0, 0.2022410878009487]","['calcite', 'dolomite', 'gypsum', 'halite', 'NO3src', 'denit', 'CaNa_exch', 'MgNa_exch']",0.005703157491009045,0.33011286272371154,0.8300797270014395,0.5160960275141289,27,True,0.0,True,,,,,,,,,,,,,,,,public_usgs_chemistry_nearest_neighbor,,,,,,,,,,,,,,,,,0.0,False,0.499966864277728,True,0.0,,,[],[],,,,,,,[],[],[],,"[-0.36967173357052036, 0.35814126849434347, 0.17907063406515483, 0.020800415650168474, 1.8345772123673498e-10, -0.17907023396361565, -0.025003651895919354, -0.0004725974054138545]",0.9587977577380057,False,,,,,,,{},{},,,,,,,,,[],[],,,[],{},,0.0,0.0,0.0,0.21193398046035064,0.0,0.10192095925282948,0.0,0.2022410878009487
VPDCPAS1-13->VPDCPAS1-14,VPDCPAS1-13,VPDCPAS1-14,evap,1.0,,,"[0.0, 0.0, 0.0, 0.17899981054024247, 0.0, 0.0, 0.0, 0.08314458554788232]","['calcite', 'dolomite', 'gypsum', 'halite', 'NO3src', 'denit', 'CaNa_exch', 'MgNa_exch']",0.011189515735747061,0.3325200462679463,0.8324528937632396,0.2621443960881248,14,True,0.0,True,,,,,,,,,,,,,,,,public_usgs_chemistry_nearest_neighbor,,,,,,,,,,,,,,,,,0.0,False,0.4999328474952934,True,0.0,,,[],[],,,,,,,[],[],[],,"[-0.45159680638722577, 0.18423509359650278, 0.09211754672342125, -0.0020460358056265983, -0.27859718125204846, -0.09211687683079255, -0.006766604205704768, -0.0005263157894736842]",0.9736233638883233,False,,,,,,,{},{},,,,,,,,,[],[],,,[],{},,0.0,0.0,0.0,0.17899981054024247,0.0,0.0,0.0,0.08314458554788232
VPDCPAS1-59->VPDCPAS1-46,VPDCPAS1-59,VPDCPAS1-46,evap,1.0,,,"[0.0, 0.0, 0.10578703811636589, 0.0029969201793645472, 0.0, 0.0, 0.03339485353724321, 0.0]","['calcite', 'dolomite', 'gypsum', 'halite', 'NO3src', 'denit', 'CaNa_exch', 'MgNa_exch']",0.004899505858091616,0.3361270459437002,0.8360991721138236,0.14217881183297365,14,True,0.0,True,,,,,,,,,,,,,,,,public_usgs_chemistry_nearest_neighbor,,,,,,,,,,,,,,,,,0.0,False,0.4999721261701234,True,0.0,,,[],[],,,,,,,[],[],[],,"[0.0753889666298238, -0.4380913204442616, 0.03769448328485653, -0.00025575447570332435, -0.3605375286791217, -0.03769367617372279, -0.07538936999227679, 0.0026315789473684214]",0.9480654549629914,False,,,,,,,{},{},,,,,,,,,[],[],,,[],{},,0.0,0.0,0.10578703811636589,0.0029969201793645472,0.0,0.0,0.03339485353724321,0.0
VPDCPAS1-60->VPDCPAS1-45,VPDCPAS1-60,VPDCPAS1-45,evap,1.0,,,"[0.0, 0.0, 0.18407953837746477, 0.10464108369378486, 0.0, 0.0, 0.07861725226853254, 0.0]","['calcite', 'dolomite', 'gypsum', 'halite', 'NO3src', 'denit', 'CaNa_exch', 'MgNa_exch']",0.005864496066379632,0.33874509168925543,0.8387184570556018,0.36733787433978216,18,True,0.0,True,,,,,,,,,,,,,,,,public_usgs_chemistry_nearest_neighbor,,,,,,,,,,,,,,,,,0.0,False,0.49997336536634635,True,0.0,,,[],[],,,,,,,[],[],[],,"[0.1365048061603899, -0.4529000411353352, 0.06825240300943942, 0.005115089514066494, -0.2949852507374633, -0.068251803016775, -0.136505105731202, 0.0005263157894736842]",0.9101177750404399,False,,,,,,,{},{},,,,,,,,,[],[],,,[],{},,0.0,0.0,0.18407953837746477,0.10464108369378486,0.0,0.0,0.07861725226853254,0.0
VPDCPAS1-46->VPDCPAS1-61,VPDCPAS1-46,VPDCPAS1-61,evap,1.0,,,"[0.0, 0.0, 0.0, 0.19796825039012067, 0.0, 0.0, 0.0, 0.15644575793797735]","['calcite', 'dolomite', 'gypsum', 'halite', 'NO3src', 'denit', 'CaNa_exch', 'MgNa_exch']",0.007031597297491741,0.3478539395640723,0.8478065731760673,0.354414008328098,15,True,0.0,True,,,,,,,,,,,,,,,,public_usgs_chemistry_nearest_neighbor,,,,,,,,,,,,,,,,,0.0,False,0.4999526336119951,True,0.0,,,[],[],,,,,,,[],[],[],,"[-0.4466067864271457, 0.28987262955688076, 0.14493631463763917, 0.0028132992327365713, -0.1474926253687312, -0.14493581033370317, -0.02425567353737247, -0.0026315789473684214]",0.9327647038373094,False,,,,,,,{},{},,,,,,,,,[],[],,,[],{},,0.0,0.0,0.0,0.19796825039012067,0.0,0.0,0.0,0.15644575793797735
VPDCPAS1-07->VPDCPAS1-06,VPDCPAS1-07,VPDCPAS1-06,evap,1.3940880506447437,,,"[0.0, 0.019005390110827806, 0.23410347256572447, 0.1555607276797633, 0.0, 0.0, 0.0, 0.1784052431109389]","['calcite', 'dolomite', 'gypsum', 'halite', 'NO3src', 'denit', 'CaNa_exch', 'MgNa_exch']",0.0065794322865539165,0.36855023000477144,0.8684960726086135,0.5870748334672545,15,True,0.0,True,,,,,,,,,,,,,,,,public_usgs_chemistry_nearest_neighbor,,,,,,,,,,,,,,,,,0.0,False,0.499945842603842,True,0.0,,,[],[],,,,,,,[],[],[],,"[-0.2940609211012876, 0.36079803927047027, 0.1803990194746704, -0.008102237456966097, -0.016684381120107297, -0.18039826130818798, 0.2940609215226738, 1.5557761461200978e-05]",0.9259577729931674,False,,,,,,,{},{},,,,,,,,,[],[],,,[],{},,0.0,0.019005390110827806,0.23410347256572447,0.1555607276797633,0.0,0.0,0.0,0.1784052431109389
VPDCPAS1-02->VPDCPAS1-05,VPDCPAS1-02,VPDCPAS1-05,evap,1.0,,,"[0.0, 0.0, 0.04986046017148226, 0.0, 0.0, 0.19665683347099294, 0.0, 0.24430374007844213]","['calcite', 'dolomite', 'gypsum', 'halite', 'NO3src', 'denit', 'CaNa_exch', 'MgNa_exch']",0.1152954325175185,0.40361070686067907,0.9035070768197322,0.49082103372091734,8,True,0.0,True,,,,,,,,,,,,,,,,public_usgs_chemistry_nearest_neighbor,,,,,,,,,,,,,,,,,0.0,False,0.4998963699590531,True,0.0,,,[],[],,,,,,,[],[],[],,"[-0.346766647796233, 0.20818494770436347, 0.10409247363230839, -0.0028132992327365713, 3.539822879261578e-10, -0.3300423131170662, 0.3467666478859818, 0.0021052631578947372]",0.9788023884375275,False,,,,,,,{},{},,,,,,,,,[],[],,,[],{},,0.0,0.0,0.04986046017148226,0.0,0.0,0.19665683347099294,0.0,0.24430374007844213
VPDCPAS1-60->VPDCPAS1-46,VPDCPAS1-60,VPDCPAS1-46,evap,1.1441302232128439,,,"[0.045089897185584614, 0.0, 0.2323133468226759, 0.09519418364180471, 0.0, 0.0, 0.08646759166977379, 0.0]","['calcite', 'dolomite', 'gypsum', 'halite', 'NO3src', 'denit', 'CaNa_exch', 'MgNa_exch']",0.006224911275939551,0.4121970653434332,0.9121691915135566,0.459065019319839,18,True,0.0,True,,,,,,,,,,,,,,,,public_usgs_chemistry_nearest_neighbor,,,,,,,,,,,,,,,,,0.0,False,0.4999721261701234,True,0.0,,,[],[],,,,,,,[],[],[],,"[0.19564938548767102, -0.5540034193739125, 0.09782469266601468, 0.002179808572355994, -0.09782469270325454, -0.09782390479074998, -0.1956497789214645, 0.002479862922933849]",0.9363119769368785,False,,,,,,,{},{},,,,,,,,,[],[],,,[],{},,0.045089897185584614,0.0,0.2323133468226759,0.09519418364180471,0.0,0.0,0.08646759166977379,0.0
VPDCPAS1-52->VPDCPAS1-37,VPDCPAS1-52,VPDCPAS1-37,evap,2.8581219735669094,,,"[0.0, 0.0, 0.15110405546610683, 0.31701630238064943, 0.0, 0.0, 0.11478559557281606, 0.0]","['calcite', 'dolomite', 'gypsum', 'halite', 'NO3src', 'denit', 'CaNa_exch', 'MgNa_exch']",0.07596588815734084,0.414011059284593,0.9139264348656657,0.5829059534195723,18,True,0.0,True,,,,,,,,,,,,,,,,public_usgs_chemistry_nearest_neighbor,,,,,,,,,,,,,,,,,0.0,False,0.4999153755810728,True,0.0,,,[],[],,,,,,,[],[],[],,"[0.1029443175882997, -0.4610738109835388, 0.05147215869084282, -0.12303946237021046, -0.39931173111253004, -0.05147128237229526, -0.10294475519027152, -0.018428267173650918]",0.9582959656796199,False,,,,,,,{},{},,,,,,,,,[],[],,,[],{},,0.0,0.0,0.15110405546610683,0.31701630238064943,0.0,0.0,0.11478559557281606,0.0
VPDCPAS1-61->VPDCPAS1-45,VPDCPAS1-61,VPDCPAS1-45,evap,1.0,,,"[0.0, 0.0, 0.09521305090364418, 0.010839150586241983, 0.0, 0.0, 0.04072116727136849, 0.0]","['calcite', 'dolomite', 'gypsum', 'halite', 'NO3src', 'denit', 'CaNa_exch', 'MgNa_exch']",0.004898414856503215,0.41859456852103466,0.918567933887381,0.14677336876125466,16,True,0.0,True,,,,,,,,,,,,,,,,public_usgs_chemistry_nearest_neighbor,,,,,,,,,,,,,,,,,0.0,False,0.49997336536634635,True,0.0,,,[],[],,,,,,,[],[],[],,"[0.06117157024814107, -0.4282188399835458, 0.030585785087421498, -0.0012787723785166252, -0.47525401507702414, -0.030585271883844238, -0.06117182666879096, 0.0005263157894736842]",0.8889306085970631,False,,,,,,,{},{},,,,,,,,,[],[],,,[],{},,0.0,0.0,0.09521305090364418,0.010839150586241983,0.0,0.0,0.04072116727136849,0.0
VPDCPAS1-30->VPDCPAS1-15,VPDCPAS1-30,VPDCPAS1-15,evap,1.1828328878364562,,,"[0.006683275155005737, 0.0, 0.20774752240851158, 0.10758162879621262, 0.0, 0.0, 0.05188250641978569, 0.0]","['calcite', 'dolomite', 'gypsum', 'halite', 'NO3src', 'denit', 'CaNa_exch', 'MgNa_exch']",0.006011835466245013,0.43745363752802974,0.9373966635152531,0.37389493277951563,18,True,0.0,True,,,,,,,,,,,,,,,,public_usgs_chemistry_nearest_neighbor,,,,,,,,,,,,,,,,,0.0,False,0.4999430259872233,True,0.0,,,[],[],,,,,,,[],[],[],,"[0.17604204199849838, -0.5934488954875167, 0.08802102095255492, -0.006034937160384627, -0.08802102099323421, -0.08802052067121952, -0.17604229166839705, -0.003305173797292208]",0.9620818309504372,False,,,,,,,{},{},,,,,,,,,[],[],,,[],{},,0.006683275155005737,0.0,0.20774752240851158,0.10758162879621262,0.0,0.0,0.05188250641978569,0.0
VPDCPAS1-25->VPDCPAS1-20,VPDCPAS1-25,VPDCPAS1-20,evap,1.0,,,"[0.725927112116871, 0.0, 1.181181832509907, 0.0, 0.0, 0.0, 0.31150705531815764, 0.0]","['calcite', 'dolomite', 'gypsum', 'halite', 'NO3src', 'denit', 'CaNa_exch', 'MgNa_exch']",0.4400451241451845,0.45011883731963653,0.9495983962032573,2.2186159999449355,9,True,0.0,True,,,,,,,,,,,,,,,,public_usgs_chemistry_nearest_neighbor,,,,,,,,,,,,,,,,,0.0,False,0.49947955888362067,True,0.0,,,[],[],,,,,,,[],[],[],,"[0.019407952150872543, -0.3044014808720692, 0.009703975795080089, -0.07365728900255755, -0.009704109517256088, -0.5923836389280678, -0.01940794119198075, 0.013157894736842106]",0.9876714436946178,False,,,,,,,{},{},,,,,,,,,[],[],,,[],{},,0.725927112116871,0.0,1.181181832509907,0.0,0.0,0.0,0.31150705531815764,0.0
VPDCPAS1-46->VPDCPAS1-45,VPDCPAS1-46,VPDCPAS1-45,evap,1.0,,,"[0.0, 0.0, 0.0, 0.03210404647050547, 0.0, 0.0, 0.0, 0.02046326797000521]","['calcite', 'dolomite', 'gypsum', 'halite', 'NO3src', 'denit', 'CaNa_exch', 'MgNa_exch']",0.005613922523842713,0.45017505183536194,0.9501484172017083,0.05256731444051068,13,True,0.0,True,,,,,,,,,,,,,,,,public_usgs_chemistry_nearest_neighbor,,,,,,,,,,,,,,,,,0.0,False,0.49997336536634635,True,0.0,,,[],[],,,,,,,[],[],[],,"[-0.24950099800399195, -0.002363720458692972, -0.0011818602477634277, 0.0015345268542199461, -0.6227466404457553, 0.0011822722883097561, 0.00978555069748075, -0.0021052631578947372]",0.8805510802282981,False,,,,,,,{},{},,,,,,,,,[],[],,,[],{},,0.0,0.0,0.0,0.03210404647050547,0.0,0.0,0.0,0.02046326797000521
VPDCPAS1-52->VPDCPAS1-38,VPDCPAS1-52,VPDCPAS1-38,evap,4.11867054124922,,,"[0.0, 0.0, 0.06534514212057997, 0.3783811332770701, 0.0, 0.0, 0.0, 0.021635454623720036]","['calcite', 'dolomite', 'gypsum', 'halite', 'NO3src', 'denit', 'CaNa_exch', 'MgNa_exch']",0.18900989807940308,0.45160799571826327,0.9513255624790211,0.46536173002137016,13,True,0.0,True,,,,,,,,,,,,,,,,public_usgs_chemistry_nearest_neighbor,,,,,,,,,,,,,,,,,0.0,False,0.49971756676075785,True,0.0,,,[],[],,,,,,,[],[],[],,"[-0.12464490439257016, -0.10040884465685736, -0.05020442234790057, -0.14924080960864936, -0.6183379938124558, 0.05020477659283307, 0.12464490451019143, -0.02824283556709952]",0.9759140587554177,False,,,,,,,{},{},,,,,,,,,[],[],,,[],{},,0.0,0.0,0.06534514212057997,0.3783811332770701,0.0,0.0,0.0,0.021635454623720036
VPDCPAS1-23->VPDCPAS1-26,VPDCPAS1-23,VPDCPAS1-26,evap,1.5258545971872248,,,"[0.1481834499301642, 0.0, 0.0, 0.03155496362417482, 0.0, 5.657295172919738, 0.0, 0.0]","['calcite', 'dolomite', 'gypsum', 'halite', 'NO3src', 'denit', 'CaNa_exch', 'MgNa_exch']",0.3602176650737984,0.46217571544544767,0.9612633648536865,5.837033586474076,65,True,0.0,True,,,,,,,,,,,,,,,,public_usgs_chemistry_nearest_neighbor,,,,,,,,,,,,,,,,,0.0,False,0.4990876494082388,True,0.0,,,[],[],,,,,,,[],[],[],,"[1.64476135011693e-06, -0.4857071039730847, 0.06163034709666137, -0.044809489341415334, 1.0183130783048e-08, -0.06163034703986243, -0.4654655834311362, 0.0012749664254938556]",0.986577627803079,False,,,,,,,{},{},,,,,,,,,[],[],,,[],{},,0.1481834499301642,0.0,0.0,0.03155496362417482,0.0,5.657295172919738,0.0,0.0
VPDCPAS1-39->VPDCPAS1-38,VPDCPAS1-39,VPDCPAS1-38,evap,1.613431880360089,,,"[0.0, 0.0, 0.1484486270622976, 0.5377558528452784, 0.0, 0.0, 0.0, 0.1594171004480929]","['calcite', 'dolomite', 'gypsum', 'halite', 'NO3src', 'denit', 'CaNa_exch', 'MgNa_exch']",0.20462595960314164,0.48017690516795636,0.9798944719287142,0.8456215803556689,15,True,0.0,True,,,,,,,,,,,,,,,,public_usgs_chemistry_nearest_neighbor,,,,,,,,,,,,,,,,,0.0,False,0.49971756676075785,True,0.0,,,[],[],,,,,,,[],[],[],,"[-0.10819975857915815, 0.18616333353506412, 0.09308166662405665, 0.0010581921426853491, -0.6361962450937186, -0.09308116001999589, 0.10819975884636568, -0.005537308906968842]",0.9743903721047137,False,,,,,,,{},{},,,,,,,,,[],[],,,[],{},,0.0,0.0,0.1484486270622976,0.5377558528452784,0.0,0.0,0.0,0.1594171004480929
VPDCPAS1-25->VPDCPAS1-02,VPDCPAS1-25,VPDCPAS1-02,evap,1.0,,,"[0.0, 0.0, 0.0, 0.0, 0.0, 0.0, 0.11616767576548025, 0.17975573629085553]","['calcite', 'dolomite', 'gypsum', 'halite', 'NO3src', 'denit', 'CaNa_exch', 'MgNa_exch']",0.30549114526907095,0.5042898788948597,1.0038701562049785,0.29592341205633577,27,True,0.0,True,,,,,,,,,,,,,,,,public_usgs_chemistry_nearest_neighbor,,,,,,,,,,,,,,,,,0.0,False,0.49958027731011895,True,0.0,,,[],[],,,,,,,[],[],[],,"[-0.1386227655858393, -0.13862040103787335, -0.06931020068071692, -0.08286445012787724, -0.39331366764995135, -0.5472496473906912, 0.003123048094940656, 0.0]",0.970286349155978,False,,,,,,,{},{},,,,,,,,,[],[],,,[],{},,0.0,0.0,0.0,0.0,0.0,0.0,0.11616767576548025,0.17975573629085553
VPDCPAS1-30->VPDCPAS1-46,VPDCPAS1-30,VPDCPAS1-46,evap,1.0,,,"[0.0, 0.0, 0.10304427977398652, 0.003579847546582822, 0.0, 0.0, 0.020152384436422394, 0.0]","['calcite', 'dolomite', 'gypsum', 'halite', 'NO3src', 'denit', 'CaNa_exch', 'MgNa_exch']",0.007160406894457445,0.5431766544317311,1.0431487806018545,0.12677651175699173,14,True,0.0,True,,,,,,,,,,,,,,,,public_usgs_chemistry_nearest_neighbor,,,,,,,,,,,,,,,,,0.0,False,0.4999721261701234,True,0.0,,,[],[],,,,,,,[],[],[],,"[0.08388916413290433, -0.5738379267791033, 0.04194458204831502, -0.02250639386189258, -0.44247787610619493, -0.04194374035335292, -0.08388958479168379, 0.0]",0.9160744939657092,False,,,,,,,{},{},,,,,,,,,[],[],,,[],{},,0.0,0.0,0.10304427977398652,0.003579847546582822,0.0,0.0,0.020152384436422394,0.0
VPDCPAS1-40->VPDCPAS1-27,VPDCPAS1-40,VPDCPAS1-27,evap,3.022900354324555,,,"[0.0, 0.0, 0.04214257080534615, 0.6250369074411671, 0.0, 0.0, 0.0, 0.22070666646507134]","['calcite', 'dolomite', 'gypsum', 'halite', 'NO3src', 'denit', 'CaNa_exch', 'MgNa_exch']",0.2270176942539185,0.5470990560841316,1.0466199787248947,0.8878861447115847,15,True,0.0,True,,,,,,,,,,,,,,,,public_usgs_chemistry_nearest_neighbor,,,,,,,,,,,,,,,,,0.0,False,0.4995209226407631,True,0.0,,,[],[],,,,,,,[],[],[],,"[-0.3156220788131205, 0.3141909052714793, 0.1570954524371036, 0.004072553285612766, -0.4469558994386853, -0.15709474036534987, 0.3156220788889771, -0.0021534744301569576]",0.9436346407106649,False,,,,,,,{},{},,,,,,,,,[],[],,,[],{},,0.0,0.0,0.04214257080534615,0.6250369074411671,0.0,0.0,0.0,0.22070666646507134
VPDCPAS1-22->VPDCPAS1-02,VPDCPAS1-22,VPDCPAS1-02,evap,1.1376189860647126,,,"[0.0, 0.0, 0.08372269171425856, 0.14071131623972297, 0.0, 0.0, 0.013879478606790199, 0.0]","['calcite', 'dolomite', 'gypsum', 'halite', 'NO3src', 'denit', 'CaNa_exch', 'MgNa_exch']",0.00863081766577537,0.5853628064660407,1.0849430837761596,0.23831348656077173,15,True,0.0,True,,,,,,,,,,,,,,,,public_usgs_chemistry_nearest_neighbor,,,,,,,,,,,,,,,,,0.0,False,0.49958027731011895,True,0.0,,,[],[],,,,,,,[],[],[],,"[0.18531302614771175, -0.07178499588195039, 0.09265651306136435, -0.052535617749707206, -0.7009486557309406, -0.09265566564609909, -0.18531344957800333, -0.01638345767470599]",0.9655093889916536,False,,,,,,,{},{},,,,,,,,,[],[],,,[],{},,0.0,0.0,0.08372269171425856,0.14071131623972297,0.0,0.0,0.013879478606790199,0.0
VPDCPAS1-52->VPDCPAS1-27,VPDCPAS1-52,VPDCPAS1-27,evap,3.187746813187681,,,"[0.0, 0.0, 0.30737269480605417, 0.457770430889215, 0.0, 0.0, 0.0, 0.0]","['calcite', 'dolomite', 'gypsum', 'halite', 'NO3src', 'denit', 'CaNa_exch', 'MgNa_exch']",0.2079338569240967,0.5865762365366265,1.0860971591773896,0.7651431256952692,2,True,0.0,True,,,,,,,,,,,,,,,,public_usgs_chemistry_nearest_neighbor,,,,,,,,,,,,,,,,,0.0,False,0.4995209226407631,True,0.0,,,[],[],,,,,,,[],[],[],,"[-0.12487691713101484, -0.2689868025190657, 0.012835457767560399, -0.14873587229144292, -0.6783880478759392, -0.012835456943573464, 0.12487691768428572, -0.01927813441296186]",0.939567469628592,False,,,,,,,{},{},,,,,,,,,[],[],,,[],{},,0.0,0.0,0.30737269480605417,0.457770430889215,0.0,0.0,0.0,0.0
VPDCPAS1-53->VPDCPAS1-52,VPDCPAS1-53,VPDCPAS1-52,evap,1.0,,,"[0.0, 0.0, 0.0, 0.0, 0.0, 0.0, 0.0, 0.0]","['calcite', 'dolomite', 'gypsum', 'halite', 'NO3src', 'denit', 'CaNa_exch', 'MgNa_exch']",0.009557024635673171,0.5881577184904195,1.0881349011842762,0.0,1,True,0.0,True,,,,,,,,,,,,,,,,public_usgs_chemistry_nearest_neighbor,,,,,,,,,,,,,,,,,0.0,False,0.4999771826938567,True,0.0,,,[],[],,,,,,,[],[],[],,"[-0.19710578842315363, -0.15672562731386258, -0.02653327533710309, -0.011764705882352941, -0.7210750573582432, -0.06093088857545839, -0.015407037268373933, -0.001578947368421053]",0.6034443149329511,False,,,,,,,{},{},,,,,,,,,[],[],,,[],{},,0.0,0.0,0.0,0.0,0.0,0.0,0.0,0.0
VPDCPAS1-53->VPDCPAS1-37,VPDCPAS1-53,VPDCPAS1-37,evap,1.9777481377454051,,,"[0.0, 0.0, 0.15856501065186243, 0.2224246196269627, 0.0, 0.0, 0.08632368695724126, 0.0]","['calcite', 'dolomite', 'gypsum', 'halite', 'NO3src', 'denit', 'CaNa_exch', 'MgNa_exch']",0.0343130985202657,0.6584879349633799,1.1584033105444527,0.4673133172360664,18,True,0.0,True,,,,,,,,,,,,,,,,public_usgs_chemistry_nearest_neighbor,,,,,,,,,,,,,,,,,0.0,False,0.4999153755810728,True,0.0,,,[],[],,,,,,,[],[],[],,"[0.11851442867000594, -0.4490909645975584, 0.05925721425731165, -0.09407007219775512, -0.6423511202215835, -0.059256555256983034, -0.11851475768457104, -0.01506406228509047]",0.9336693964486786,False,,,,,,,{},{},,,,,,,,,[],[],,,[],{},,0.0,0.0,0.15856501065186243,0.2224246196269627,0.0,0.0,0.08632368695724126,0.0
VPDCPAS1-59->VPDCPAS1-60,VPDCPAS1-59,VPDCPAS1-60,evap,1.0,,,"[0.0, 0.0, 0.0, 0.0, 0.0, 0.0, 0.0, 0.027286307828131278]","['calcite', 'dolomite', 'gypsum', 'halite', 'NO3src', 'denit', 'CaNa_exch', 'MgNa_exch']",0.008089392015360717,0.663763439806345,1.1637356646883275,0.027286307828131278,2,True,0.0,True,,,,,,,,,,,,,,,,public_usgs_chemistry_nearest_neighbor,,,,,,,,,,,,,,,,,0.0,False,0.49997222488198256,True,0.0,,,[],[],,,,,,,[],[],[],,"[-0.43413173652694625, 0.005621960374254626, 0.002810980162569643, -0.0038363171355498722, -0.6882989183874137, -0.037799717912552884, -0.0073912138246929, 0.0]",0.8523720341109807,False,,,,,,,{},{},,,,,,,,,[],[],,,[],{},,0.0,0.0,0.0,0.0,0.0,0.0,0.0,0.027286307828131278
VPDCPAS1-46->VPDCPAS1-60,VPDCPAS1-46,VPDCPAS1-60,evap,1.0,,,"[0.0, 0.0, 0.0, 0.15013643595873052, 0.0, 0.0, 0.0, 0.1645198248069656]","['calcite', 'dolomite', 'gypsum', 'halite', 'NO3src', 'denit', 'CaNa_exch', 'MgNa_exch']",0.0075315238670813295,0.670584950403223,1.1705571752852055,0.3146562607656961,15,True,0.0,True,,,,,,,,,,,,,,,,public_usgs_chemistry_nearest_neighbor,,,,,,,,,,,,,,,,,0.0,False,0.49997222488198256,True,0.0,,,[],[],,,,,,,[],[],[],,"[-0.6487025948103792, 0.3064797638396819, 0.15323988177177308, -0.003580562659846548, -0.32776138970829205, -0.15323939787692517, -0.03778888194878201, -0.0026315789473684214]",0.8508548584527352,False,,,,,,,{},{},,,,,,,,,[],[],,,[],{},,0.0,0.0,0.0,0.15013643595873052,0.0,0.0,0.0,0.1645198248069656
VPDCPAS1-13->VPDCPAS1-15,VPDCPAS1-13,VPDCPAS1-15,evap,1.0,,,"[0.0, 0.0, 0.09717856572517658, 0.1286207991812578, 0.0, 0.0, 0.012763371196223049, 0.0]","['calcite', 'dolomite', 'gypsum', 'halite', 'NO3src', 'denit', 'CaNa_exch', 'MgNa_exch']",0.015860632212003716,0.689839625674844,1.1897826516620673,0.23856273610265744,15,True,0.0,True,,,,,,,,,,,,,,,,public_usgs_chemistry_nearest_neighbor,,,,,,,,,,,,,,,,,0.0,False,0.4999430259872233,True,0.0,,,[],[],,,,,,,[],[],[],,"[0.0721937916215143, -0.5557383792677911, 0.03609689579927011, 0.01713554987212276, -0.6063585709603405, -0.036096116529635805, -0.07219418096565128, -0.0005263157894736842]",0.9402051936492359,False,,,,,,,{},{},,,,,,,,,[],[],,,[],{},,0.0,0.0,0.09717856572517658,0.1286207991812578,0.0,0.0,0.012763371196223049,0.0
VPDCPAS1-53->VPDCPAS1-40,VPDCPAS1-53,VPDCPAS1-40,evap,1.0,,,"[0.0, 0.0, 0.0, 0.0, 0.0, 0.0, 0.0, 0.0]","['calcite', 'dolomite', 'gypsum', 'halite', 'NO3src', 'denit', 'CaNa_exch', 'MgNa_exch']",0.01145869117501257,0.6958836197402515,1.195848174631528,0.0,1,True,0.0,True,,,,,,,,,,,,,,,,public_usgs_chemistry_nearest_neighbor,,,,,,,,,,,,,,,,,0.0,False,0.4999645548912765,True,0.0,,,[],[],,,,,,,[],[],[],,"[-0.022455089820359264, -0.40271493212669685, 0.017833840800347986, -0.059079283887468026, -0.7243526712553261, -0.06741889985895627, 0.010618363522798255, -0.006842105263157896]",0.5585115128017819,False,,,,,,,{},{},,,,,,,,,[],[],,,[],{},,0.0,0.0,0.0,0.0,0.0,0.0,0.0,0.0
VPDCPAS1-43->VPDCPAS1-15,VPDCPAS1-43,VPDCPAS1-15,evap,2.656827384476503,,,"[0.02713846802585489, 0.0, 0.24194765138515242, 0.19036254856681176, 0.0, 0.0, 0.1281946456840704, 0.0]","['calcite', 'dolomite', 'gypsum', 'halite', 'NO3src', 'denit', 'CaNa_exch', 'MgNa_exch']",0.014735420537808255,0.7600086609259562,1.2599516869131795,0.5876433136618895,19,True,0.0,True,,,,,,,,,,,,,,,,public_usgs_chemistry_nearest_neighbor,,,,,,,,,,,,,,,,,0.0,False,0.4999430259872233,True,0.0,,,[],[],,,,,,,[],[],[],,"[0.24534509784962277, -0.7687620358315386, 0.12267254880943618, -0.05881223371527121, -0.12267254890038667, -0.12267198512717742, -0.24534537908391993, -0.004540689230476848]",0.9341229917598394,False,,,,,,,{},{},,,,,,,,,[],[],,,[],{},,0.02713846802585489,0.0,0.24194765138515242,0.19036254856681176,0.0,0.0,0.1281946456840704,0.0
VPDCPAS1-15->VPDCPAS1-30,VPDCPAS1-15,VPDCPAS1-30,evap,1.0,,,"[0.0, 0.0, 0.0, 0.11066331603329976, 0.0, 0.0, 0.0, 0.17919749240959856]","['calcite', 'dolomite', 'gypsum', 'halite', 'NO3src', 'denit', 'CaNa_exch', 'MgNa_exch']",0.009971077506029278,0.7741260093150851,1.2740928735928132,0.2898608084428983,15,True,0.0,True,,,,,,,,,,,,,,,,public_usgs_chemistry_nearest_neighbor,,,,,,,,,,,,,,,,,0.0,False,0.499966864277728,True,0.0,,,[],[],,,,,,,[],[],[],,"[-0.6362275449101795, 0.29015668282692963, 0.14507834125218705, -0.0005115089514066487, -0.4916420845624385, -0.1450779845805494, -0.03653966271080575, 0.0026315789473684214]",0.9033793257434922,False,,,,,,,{},{},,,,,,,,,[],[],,,[],{},,0.0,0.0,0.0,0.11066331603329976,0.0,0.0,0.0,0.17919749240959856
VPDCPAS1-27->VPDCPAS1-02,VPDCPAS1-27,VPDCPAS1-02,evap,1.4087987935140907,,,"[0.0, 0.0, 0.0, 0.052616881122128444, 0.0, 0.0, 0.0, 0.1727547381330926]","['calcite', 'dolomite', 'gypsum', 'halite', 'NO3src', 'denit', 'CaNa_exch', 'MgNa_exch']",0.011678418062316967,0.793993121024609,1.293573398334728,0.22537161925522106,14,True,0.0,True,,,,,,,,,,,,,,,,public_usgs_chemistry_nearest_neighbor,,,,,,,,,,,,,,,,,0.0,False,0.49958027731011895,True,0.0,,,[],[],,,,,,,[],[],[],,"[-0.5612575816052673, 0.0036412430019473474, 0.0018206213454943776, -0.013450181425889083, -0.39226048136840297, -0.0018202143408884638, -0.5699956331484974, -0.004352837025322487]",0.9532165221670068,False,,,,,,,{},{},,,,,,,,,[],[],,,[],{},,0.0,0.0,0.0,0.052616881122128444,0.0,0.0,0.0,0.1727547381330926
VPDCPAS1-14->VPDCPAS1-30,VPDCPAS1-14,VPDCPAS1-30,evap,1.0,,,"[0.0, 0.0, 0.0, 0.0, 0.0, 0.0, 0.02681722243974888, 0.0]","['calcite', 'dolomite', 'gypsum', 'halite', 'NO3src', 'denit', 'CaNa_exch', 'MgNa_exch']",0.008844072831274495,0.79885125667052,1.2988181209482481,0.02681722243974888,2,True,0.0,True,,,,,,,,,,,,,,,,public_usgs_chemistry_nearest_neighbor,,,,,,,,,,,,,,,,,0.0,False,0.499966864277728,True,0.0,,,[],[],,,,,,,[],[],[],,"[-0.0293122324197887, -0.353763883175648, -0.014656116234029855, 0.01867007672634271, -0.8194034742707306, -0.02877291960507758, -0.004788673745575681, 0.0026315789473684214]",0.9002933035172725,False,,,,,,,{},{},,,,,,,,,[],[],,,[],{},,0.0,0.0,0.0,0.0,0.0,0.0,0.02681722243974888,0.0
VPDCPAS1-38->VPDCPAS1-22,VPDCPAS1-38,VPDCPAS1-22,evap,1.0751853492334669,,,"[0.0, 0.0, 0.0, 0.0, 0.0, 0.0, 0.0, 0.02778056059248931]","['calcite', 'dolomite', 'gypsum', 'halite', 'NO3src', 'denit', 'CaNa_exch', 'MgNa_exch']",0.015061230893059739,0.8252153932237514,1.3250354619714402,0.02778056059248931,2,True,0.0,True,,,,,,,,,,,,,,,,public_usgs_chemistry_nearest_neighbor,,,,,,,,,,,,,,,,,0.0,False,0.49982006874768886,True,0.0,,,[],[],,,,,,,[],[],[],,"[-0.662186098841633, -0.23382464197469047, -0.11691232101234773, -0.01789487210098458, -0.5499115825965266, 0.08269750758676725, -0.0929392607048419, 0.013525925580561123]",0.9519957712169058,False,,,,,,,{},{},,,,,,,,,[],[],,,[],{},,0.0,0.0,0.0,0.0,0.0,0.0,0.0,0.02778056059248931
VPDCPAS1-25->VPDCPAS1-01,VPDCPAS1-25,VPDCPAS1-01,evap,1.0,,,"[0.0, 0.0, 0.0, 0.0, 0.0, 0.3769255974860696, 0.1682794290885273, 0.28177311935145016]","['calcite', 'dolomite', 'gypsum', 'halite', 'NO3src', 'denit', 'CaNa_exch', 'MgNa_exch']",0.9469880572076966,0.957778068527452,1.4576357782899299,0.826978145926047,28,True,0.0,True,,,,,,,,,,,,,,,,public_usgs_chemistry_nearest_neighbor,,,,,,,,,,,,,,,,,0.0,False,0.4998577097624779,True,0.0,,,[],[],,,,,,,[],[],[],,"[-0.08843910972724975, -0.08843704366243316, -0.04421852208481236, -0.06317135549872123, 6.784660611103277e-10, -0.9675599435825106, -0.004164064126587569, 0.0]",0.9603320555852776,False,,,,,,,{},{},,,,,,,,,[],[],,,[],{},,0.0,0.0,0.0,0.0,0.0,0.3769255974860696,0.1682794290885273,0.28177311935145016
VPDCPAS1-37->VPDCPAS1-27,VPDCPAS1-37,VPDCPAS1-27,evap,1.269337090764535,,,"[0.0, 0.0, 0.0, 0.19089066971798113, 0.0, 0.0, 0.0, 0.0]","['calcite', 'dolomite', 'gypsum', 'halite', 'NO3src', 'denit', 'CaNa_exch', 'MgNa_exch']",0.02020927466059704,0.9815762080916243,1.4810971307323872,0.19089066971798113,2,True,0.0,True,,,,,,,,,,,,,,,,public_usgs_chemistry_nearest_neighbor,,,,,,,,,,,,,,,,,0.0,False,0.4995209226407631,True,0.0,,,[],[],,,,,,,[],[],[],,"[-0.47787034634585496, 0.15530289227246416, 0.0920860591671458, -0.01867502570822132, -0.7630414464200647, -0.09208605882354255, 0.3599384733201269, 0.0008701655506196449]",0.8988722516998101,False,,,,,,,{},{},,,,,,,,,[],[],,,[],{},,0.0,0.0,0.0,0.19089066971798113,0.0,0.0,0.0,0.0
VPDCPAS1-15->VPDCPAS1-46,VPDCPAS1-15,VPDCPAS1-46,evap,1.0,,,"[0.0, 0.0, 0.0, 0.0, 0.0, 0.0, 0.0, 0.018076716409640273]","['calcite', 'dolomite', 'gypsum', 'halite', 'NO3src', 'denit', 'CaNa_exch', 'MgNa_exch']",0.01607663773018983,1.081654754353713,1.5816268805238363,0.018076716409640273,2,True,0.0,True,,,,,,,,,,,,,,,,public_usgs_chemistry_nearest_neighbor,,,,,,,,,,,,,,,,,0.0,False,0.4999721261701234,True,0.0,,,[],[],,,,,,,[],[],[],,"[-0.4291417165668663, -0.12256046795221535, -0.061280233992376726, -0.02301790281329923, -0.9341199606686335, -0.07277856135401974, -0.017384967728503023, 0.0026315789473684214]",0.8328749553706356,False,,,,,,,{},{},,,,,,,,,[],[],,,[],{},,0.0,0.0,0.0,0.0,0.0,0.0,0.0,0.018076716409640273
VPDCPAS1-40->VPDCPAS1-20,VPDCPAS1-40,VPDCPAS1-20,evap,5.602899555661729,,,"[0.0, 0.0, 0.757891976740529, 0.7032265855331005, 0.0, 0.0, 0.0, 0.3089362522457406]","['calcite', 'dolomite', 'gypsum', 'halite', 'NO3src', 'denit', 'CaNa_exch', 'MgNa_exch']",0.4419073757479311,1.1381543284557394,1.63763388733936,1.7700548145193702,16,True,0.0,True,,,,,,,,,,,,,,,,public_usgs_chemistry_nearest_neighbor,,,,,,,,,,,,,,,,,0.0,False,0.49947955888362067,True,0.0,,,[],[],,,,,,,[],[],[],,"[-0.2656524336694799, 0.11457515429578013, 0.05728757686984737, -0.014664010004117968, -0.988482196871999, -0.0572872280671165, 0.2656524350336855, 0.002941264093343731]",0.9688264552398261,False,,,,,,,{},{},,,,,,,,,[],[],,,[],{},,0.0,0.0,0.757891976740529,0.7032265855331005,0.0,0.0,0.0,0.3089362522457406
VPDCPAS1-40->VPDCPAS1-02,VPDCPAS1-40,VPDCPAS1-02,evap,3.8853334283180483,,,"[0.0, 0.0, 0.0, 0.9568101898966721, 0.0, 0.0, 0.0, 0.49162289019798344]","['calcite', 'dolomite', 'gypsum', 'halite', 'NO3src', 'denit', 'CaNa_exch', 'MgNa_exch']",0.529515701967345,1.140143031836716,1.639723309146835,1.4484330800946554,16,True,0.0,True,,,,,,,,,,,,,,,,public_usgs_chemistry_nearest_neighbor,,,,,,,,,,,,,,,,,0.0,False,0.49958027731011895,True,0.0,,,[],[],,,,,,,[],[],[],,"[-0.7183300647153736, 0.48302456860886467, 0.24151228386197163, -0.003225235583362726, -0.5214728685089534, -0.24151164868818198, -0.04677854607423651, -0.006600701954353786]",0.9328207577068902,False,,,,,,,{},{},,,,,,,,,[],[],,,[],{},,0.0,0.0,0.0,0.9568101898966721,0.0,0.0,0.0,0.49162289019798344
VPDCPAS1-59->VPDCPAS1-45,VPDCPAS1-59,VPDCPAS1-45,evap,1.0,,,"[0.0, 0.0, 0.0, 0.0, 0.0, 0.0, 0.007455033384217867, 0.0]","['calcite', 'dolomite', 'gypsum', 'halite', 'NO3src', 'denit', 'CaNa_exch', 'MgNa_exch']",0.011475798994826569,1.1471050678823125,1.6470784332486588,0.007455033384217867,3,True,0.0,True,,,,,,,,,,,,,,,,public_usgs_chemistry_nearest_neighbor,,,,,,,,,,,,,,,,,0.0,False,0.49997336536634635,True,0.0,,,[],[],,,,,,,[],[],[],,"[-0.042385173104776894, -0.4199917729329493, -0.02119258655909798, 0.0012787723785166218, -0.983284169124877, -0.0014104372355430161, 0.04018321882156986, 0.0005263157894736842]",0.695628487930295,False,,,,,,,{},{},,,,,,,,,[],[],,,[],{},,0.0,0.0,0.0,0.0,0.0,0.0,0.007455033384217867,0.0
VPDCPAS1-06->VPDCPAS1-07,VPDCPAS1-06,VPDCPAS1-07,evap,1.0,,,"[0.0, 0.0, 0.0, 0.0, 0.0, 0.0, 0.0, 0.0]","['calcite', 'dolomite', 'gypsum', 'halite', 'NO3src', 'denit', 'CaNa_exch', 'MgNa_exch']",0.013718815101804395,1.3579851425039209,1.8579505476124594,0.0,1,True,0.0,True,,,,,,,,,,,,,,,,public_usgs_chemistry_nearest_neighbor,,,,,,,,,,,,,,,,,0.0,False,0.4999654051085385,True,0.0,,,[],[],,,,,,,[],[],[],,"[-0.2894211576846307, -0.65158371040724, -0.010004349717268365, -0.0007672634271099765, -0.7374631268436578, -0.011847672778561358, -0.5527795128044972, -0.0010526315789473688]",0.4721116263708073,False,,,,,,,{},{},,,,,,,,,[],[],,,[],{},,0.0,0.0,0.0,0.0,0.0,0.0,0.0,0.0
VPDCPAS1-13->VPDCPAS1-30,VPDCPAS1-13,VPDCPAS1-30,evap,1.0,,,"[0.0, 0.0, 0.0, 0.04732381953678046, 0.0, 0.0, 0.0, 0.0]","['calcite', 'dolomite', 'gypsum', 'halite', 'NO3src', 'denit', 'CaNa_exch', 'MgNa_exch']",0.01758693735209968,1.419914047228981,1.919880911506709,0.04732381953678046,2,True,0.0,True,,,,,,,,,,,,,,,,public_usgs_chemistry_nearest_neighbor,,,,,,,,,,,,,,,,,0.0,False,0.499966864277728,True,0.0,,,[],[],,,,,,,[],[],[],,"[-0.4540918163672656, -0.0863842040312629, -0.010786194482408994, 0.01662404092071611, -1.098000655522779, 0.010786194567591882, -0.01155527795128045, 0.0021052631578947372]",0.8227768464323608,False,,,,,,,{},{},,,,,,,,,[],[],,,[],{},,0.0,0.0,0.0,0.04732381953678046,0.0,0.0,0.0,0.0
VPDCPAS1-37->VPDCPAS1-05,VPDCPAS1-37,VPDCPAS1-05,evap,1.3581685377402994,,,"[0.0, 0.0, 0.0, 0.334910883307181, 0.0, 0.20951502870411007, 0.0, 0.42799825824491916]","['calcite', 'dolomite', 'gypsum', 'halite', 'NO3src', 'denit', 'CaNa_exch', 'MgNa_exch']",0.021341757910422584,1.5233725566721996,2.023268926631253,0.9724241702562102,17,True,0.0,True,,,,,,,,,,,,,,,,public_usgs_chemistry_nearest_neighbor,,,,,,,,,,,,,,,,,0.0,False,0.4998963699590531,True,0.0,,,[],[],,,,,,,[],[],[],,"[-0.8360609093206439, 0.6708913659462676, 0.33544568258793517, -0.022554136539318287, 3.771270240537916e-10, -0.3354451057053035, 0.3856469390194933, 0.00011008279542026509]",0.9199925592350189,False,,,,,,,{},{},,,,,,,,,[],[],,,[],{},,0.0,0.0,0.0,0.334910883307181,0.0,0.20951502870411007,0.0,0.42799825824491916
VPDCPAS1-05->VPDCPAS1-22,VPDCPAS1-05,VPDCPAS1-22,evap,1.130910902254888,,,"[0.0, 0.0, 0.0, 0.1342196504584076, 0.0, 0.0, 0.0, 0.0]","['calcite', 'dolomite', 'gypsum', 'halite', 'NO3src', 'denit', 'CaNa_exch', 'MgNa_exch']",0.03441167348453765,1.5461341573425575,2.0459542260902466,0.1342196504584076,2,True,0.0,True,,,,,,,,,,,,,,,,public_usgs_chemistry_nearest_neighbor,,,,,,,,,,,,,,,,,0.0,False,0.49982006874768886,True,0.0,,,[],[],,,,,,,[],[],[],,"[-0.3302056929364122, -0.811267030182018, -0.0028125051483395558, 0.03841052852723089, -0.7868149602090556, 0.0028125053899349384, -0.39779404163083576, 0.011622959833797781]",0.9100586605292467,False,,,,,,,{},{},,,,,,,,,[],[],,,[],{},,0.0,0.0,0.0,0.1342196504584076,0.0,0.0,0.0,0.0
VPDCPAS1-23->VPDCPAS1-25,VPDCPAS1-23,VPDCPAS1-25,evap,1.681706953992363,,,"[0.0, 0.0, 0.0, 0.14056939280956707, 0.0, 4.272795571594838, 0.0, 0.0]","['calcite', 'dolomite', 'gypsum', 'halite', 'NO3src', 'denit', 'CaNa_exch', 'MgNa_exch']",0.19928852713891293,1.631477960189401,2.1287142965430457,4.413364964404405,9,True,0.0,True,,,,,,,,,,,,,,,,public_usgs_chemistry_nearest_neighbor,,,,,,,,,,,,,,,,,0.0,False,0.4972363363536445,True,0.0,,,[],[],,,,,,,[],[],[],,"[-0.9348888032366318, -0.6283016763462045, 0.13727694244449465, 0.023117731724253944, 7.691031811418725e-09, -0.13727694219146971, -0.5696247741941091, -0.001076379401040573]",0.9133211380383824,False,,,,,,,{},{},,,,,,,,,[],[],,,[],{},,0.0,0.0,0.0,0.14056939280956707,0.0,4.272795571594838,0.0,0.0
VPDCPAS1-06->VPDCPAS1-05,VPDCPAS1-06,VPDCPAS1-05,evap,2.104414017677318,,,"[0.0, 0.0, 0.0, 0.1762958758750616, 0.0, 0.0, 0.0, 0.10826523141019573]","['calcite', 'dolomite', 'gypsum', 'halite', 'NO3src', 'denit', 'CaNa_exch', 'MgNa_exch']",0.06479534104059038,1.6771474652627965,2.1770438352218497,0.2845611072852573,15,True,0.0,True,,,,,,,,,,,,,,,,public_usgs_chemistry_nearest_neighbor,,,,,,,,,,,,,,,,,0.0,False,0.4998963699590531,True,0.0,,,[],[],,,,,,,[],[],[],,"[-1.0134609181390912, -0.08586057414281911, -0.04293028716884828, -0.008312449004766225, -0.2894477655129095, 0.04293063623327062, -0.7450642144985373, -0.004068893749337488]",0.9119163097080623,False,,,,,,,{},{},,,,,,,,,[],[],,,[],{},,0.0,0.0,0.0,0.1762958758750616,0.0,0.0,0.0,0.10826523141019573
VPDCPAS1-53->VPDCPAS1-27,VPDCPAS1-53,VPDCPAS1-27,evap,2.338724801765184,,,"[0.0, 0.0, 0.25500396147067395, 0.37512918657589933, 0.0, 0.0, 0.0, 0.0]","['calcite', 'dolomite', 'gypsum', 'halite', 'NO3src', 'denit', 'CaNa_exch', 'MgNa_exch']",0.12222564974201794,1.6786758703052451,2.178196792946008,0.6301331480465733,2,True,0.0,True,,,,,,,,,,,,,,,,public_usgs_chemistry_nearest_neighbor,,,,,,,,,,,,,,,,,0.0,False,0.4995209226407631,True,0.0,,,[],[],,,,,,,[],[],[],,"[-0.1627786611921227, -0.3250433970554436, 0.05521140663339941, -0.12587352810504374, -1.2238499675911694, -0.055211405958166815, 0.16277866165112986, -0.01671490612105691]",0.8270529486244589,False,,,,,,,{},{},,,,,,,,,[],[],,,[],{},,0.0,0.0,0.25500396147067395,0.37512918657589933,0.0,0.0,0.0,0.0
VPDCPAS1-07->VPDCPAS1-38,VPDCPAS1-07,VPDCPAS1-38,evap,3.2817717279447596,,,"[0.0, 0.0, 0.0, 0.4121329860641235, 0.0, 0.0, 0.0, 0.24135269578573548]","['calcite', 'dolomite', 'gypsum', 'halite', 'NO3src', 'denit', 'CaNa_exch', 'MgNa_exch']",0.06329375722982043,1.8171571617459312,2.316874728506689,0.653485681849859,15,True,0.0,True,,,,,,,,,,,,,,,,public_usgs_chemistry_nearest_neighbor,,,,,,,,,,,,,,,,,0.0,False,0.49971756676075785,True,0.0,,,[],[],,,,,,,[],[],[],,"[-1.0121639236263453, 0.40846198323681426, 0.20423099140118967, 0.021279817887688277, -0.730678981222546, -0.20423021320707713, 0.08962491809630901, -0.006530978231433577]",0.9030842211720069,False,,,,,,,{},{},,,,,,,,,[],[],,,[],{},,0.0,0.0,0.0,0.4121329860641235,0.0,0.0,0.0,0.24135269578573548
VPDCPAS1-14->VPDCPAS1-16,VPDCPAS1-14,VPDCPAS1-16,evap,1.0,,,"[0.0, 0.0, 0.0, 0.0, 0.0, 0.0, 0.0, 0.0]","['calcite', 'dolomite', 'gypsum', 'halite', 'NO3src', 'denit', 'CaNa_exch', 'MgNa_exch']",0.022315425957027103,1.829178153839978,2.3291513360322984,0.0,1,True,0.0,True,,,,,,,,,,,,,,,,public_usgs_chemistry_nearest_neighbor,,,,,,,,,,,,,,,,,0.0,False,0.4999731821923202,True,0.0,,,[],[],,,,,,,[],[],[],,"[-0.39171656686626743, -0.3907856849033321, -0.08960417572857765, -0.002301790281329926, -1.2291052114060963, -0.06375176304654442, -0.014990630855715177, 0.0]",0.6936708341558978,False,,,,,,,{},{},,,,,,,,,[],[],,,[],{},,0.0,0.0,0.0,0.0,0.0,0.0,0.0,0.0
VPDCPAS1-16->VPDCPAS1-43,VPDCPAS1-16,VPDCPAS1-43,evap,1.0,,,"[0.0, 0.0, 0.0, 0.0, 0.0, 0.0, 0.0, 0.0]","['calcite', 'dolomite', 'gypsum', 'halite', 'NO3src', 'denit', 'CaNa_exch', 'MgNa_exch']",0.019490872028178917,1.870309608279805,2.370277219123359,0.0,1,True,0.0,True,,,,,,,,,,,,,,,,public_usgs_chemistry_nearest_neighbor,,,,,,,,,,,,,,,,,0.0,False,0.4999676108435542,True,0.0,,,[],[],,,,,,,[],[],[],,"[-0.2744510978043912, -0.2735499794323324, 0.0017398869073510237, 0.020971867007672635, -1.311045558833169, -0.02820874471086036, 0.008744534665833852, 0.0010526315789473684]",-0.2049682650649871,False,,,,,,,{},{},,,,,,,,,[],[],,,[],{},,0.0,0.0,0.0,0.0,0.0,0.0,0.0,0.0
VPDCPAS1-23->VPDCPAS1-03,VPDCPAS1-23,VPDCPAS1-03,evap,1.0,,,"[0.0, 0.0, 0.0, 0.0, 0.0, 1.584726316387086, 0.06637204058388574, 0.0]","['calcite', 'dolomite', 'gypsum', 'halite', 'NO3src', 'denit', 'CaNa_exch', 'MgNa_exch']",0.5555168738264793,1.9136316083023366,2.41358826475105,1.6510983569709716,6,True,0.0,True,,,,,,,,,,,,,,,,public_usgs_chemistry_nearest_neighbor,,,,,,,,,,,,,,,,,0.0,False,0.49995665644871334,True,0.0,,,[],[],,,,,,,[],[],[],,"[-0.5479089667315902, -0.9905388728918141, -0.27395448342552997, -0.04322250639386189, 2.852507341444266e-09, -0.7184767277856134, -0.1977930460129086, 0.0031578947368421048]",0.4890322961333051,False,,,,,,,{},{},,,,,,,,,[],[],,,[],{},,0.0,0.0,0.0,0.0,0.0,1.584726316387086,0.06637204058388574,0.0
VPDCPAS1-03->VPDCPAS1-01,VPDCPAS1-03,VPDCPAS1-01,evap,2.6603628913238655,,,"[0.0, 0.0, 0.0, 0.4770794407453676, 0.0, 0.0, 0.0, 0.4314011485292085]","['calcite', 'dolomite', 'gypsum', 'halite', 'NO3src', 'denit', 'CaNa_exch', 'MgNa_exch']",0.05796982063904683,1.939445943174113,2.439303652936591,0.9084805892745762,16,True,0.0,True,,,,,,,,,,,,,,,,public_usgs_chemistry_nearest_neighbor,,,,,,,,,,,,,,,,,0.0,False,0.4998577097624779,True,0.0,,,[],[],,,,,,,[],[],[],,"[-1.0951997087556444, 0.5892860463407802, 0.2946430227821291, 0.014862975630691957, -0.03614756320562229, -0.29464246606700994, -0.46631292835995664, -0.011022771590481468]",0.9196746757967923,False,,,,,,,{},{},,,,,,,,,[],[],,,[],{},,0.0,0.0,0.0,0.4770794407453676,0.0,0.0,0.0,0.4314011485292085
VPDCPAS1-39->VPDCPAS1-53,VPDCPAS1-39,VPDCPAS1-53,evap,1.0,,,"[0.0, 0.0, 0.0, 0.021203920738761147, 0.0, 0.0, 0.0, 0.0]","['calcite', 'dolomite', 'gypsum', 'halite', 'NO3src', 'denit', 'CaNa_exch', 'MgNa_exch']",0.02244679373297608,2.093756109748265,2.593722817096743,0.021203920738761147,2,True,0.0,True,,,,,,,,,,,,,,,,public_usgs_chemistry_nearest_neighbor,,,,,,,,,,,,,,,,,0.0,False,0.4999667073484777,True,0.0,,,[],[],,,,,,,[],[],[],,"[-0.4191616766467068, -0.1480872069107364, -0.017724146924059107, 0.012787723785166238, -1.376597836774828, 0.017724146962226166, 0.017280866125338332, 0.004210526315789475]",0.39214753431348104,False,,,,,,,{},{},,,,,,,,,[],[],,,[],{},,0.0,0.0,0.0,0.021203920738761147,0.0,0.0,0.0,0.0
VPDCPAS1-03->VPDCPAS1-20,VPDCPAS1-03,VPDCPAS1-20,evap,3.854681009316701,,,"[0.0, 0.0, 0.10325469033313421, 0.5088125930679782, 0.0, 0.0, 0.0, 0.21383961728662554]","['calcite', 'dolomite', 'gypsum', 'halite', 'NO3src', 'denit', 'CaNa_exch', 'MgNa_exch']",0.2565530893811977,2.2764851528207397,2.7759647117043604,0.825906900687738,15,True,0.0,True,,,,,,,,,,,,,,,,public_usgs_chemistry_nearest_neighbor,,,,,,,,,,,,,,,,,0.0,False,0.49947955888362067,True,0.0,,,[],[],,,,,,,[],[],[],,"[-0.32160008456013395, 0.05265833135043013, 0.02632916548275932, -0.01731006436355135, -1.4370666531285536, -0.02632849294883144, 0.3216000847459924, -0.0035221732020264754]",0.9376480763345897,False,,,,,,,{},{},,,,,,,,,[],[],,,[],{},,0.0,0.0,0.10325469033313421,0.5088125930679782,0.0,0.0,0.0,0.21383961728662554
VPDCPAS1-07->VPDCPAS1-05,VPDCPAS1-07,VPDCPAS1-05,evap,3.0740783595034524,,,"[0.0, 0.0, 0.0, 0.49319080873852256, 0.0, 0.0, 0.0, 0.4852598160655962]","['calcite', 'dolomite', 'gypsum', 'halite', 'NO3src', 'denit', 'CaNa_exch', 'MgNa_exch']",0.05517378641192861,2.4661687556850316,2.966065125644085,0.9784506248041187,16,True,0.0,True,,,,,,,,,,,,,,,,public_usgs_chemistry_nearest_neighbor,,,,,,,,,,,,,,,,,0.0,False,0.4998963699590531,True,0.0,,,[],[],,,,,,,[],[],[],,"[-1.2172912395038926, 0.6785949206378231, 0.3392974598821777, -0.028521456684476674, -0.4060673180573997, -0.33929683374166475, 0.35764657342264505, -0.004405469367114348]",0.8704769560323812,False,,,,,,,{},{},,,,,,,,,[],[],,,[],{},,0.0,0.0,0.0,0.49319080873852256,0.0,0.0,0.0,0.4852598160655962
VPDCPAS1-26->VPDCPAS1-01,VPDCPAS1-26,VPDCPAS1-01,evap,1.0,,,"[0.0, 0.0, 0.0, 0.0, 0.0, 0.0, 0.0, 0.3193133350160013]","['calcite', 'dolomite', 'gypsum', 'halite', 'NO3src', 'denit', 'CaNa_exch', 'MgNa_exch']",0.686109831012194,2.75989005758643,3.259747767348908,0.3193133350160013,3,True,0.0,True,,,,,,,,,,,,,,,,public_usgs_chemistry_nearest_neighbor,,,,,,,,,,,,,,,,,0.0,False,0.4998577097624779,True,0.0,,,[],[],,,,,,,[],[],[],,"[-0.7609780439121756, -0.08072839054870368, -0.04036419556173387, 0.014322250639386191, -1.2291052114060967, -0.8124118476727786, -0.041640641265875494, -0.0021052631578947372]",0.8856946415954128,False,,,,,,,{},{},,,,,,,,,[],[],,,[],{},,0.0,0.0,0.0,0.0,0.0,0.0,0.0,0.3193133350160013
VPDCPAS1-13->VPDCPAS1-46,VPDCPAS1-13,VPDCPAS1-46,evap,1.0,,,"[0.0, 0.0, 0.0, 0.030751703509336856, 0.0, 0.0, 0.0, 0.0]","['calcite', 'dolomite', 'gypsum', 'halite', 'NO3src', 'denit', 'CaNa_exch', 'MgNa_exch']",0.02910810713434905,2.8703183575703854,3.3702904837405088,0.030751703509336856,2,True,0.0,True,,,,,,,,,,,,,,,,public_usgs_chemistry_nearest_neighbor,,,,,,,,,,,,,,,,,0.0,False,0.4999721261701234,True,0.0,,,[],[],,,,,,,[],[],[],,"[-0.24700598802395235, -0.6602221308103662, 0.011005582267087671, -0.0058823529411764705, -1.540478531628974, -0.011005582211734598, 0.007599417031022272, 0.0021052631578947372]",0.5565109091615319,False,,,,,,,{},{},,,,,,,,,[],[],,,[],{},,0.0,0.0,0.0,0.030751703509336856,0.0,0.0,0.0,0.0
VPDCPAS1-15->VPDCPAS1-45,VPDCPAS1-15,VPDCPAS1-45,evap,1.0,,,"[0.0, 0.0, 0.0, 0.0, 0.0, 0.0, 0.0, 0.02569836579606628]","['calcite', 'dolomite', 'gypsum', 'halite', 'NO3src', 'denit', 'CaNa_exch', 'MgNa_exch']",0.030598779919173265,2.902171876597357,3.4021452419637033,0.02569836579606628,2,True,0.0,True,,,,,,,,,,,,,,,,public_usgs_chemistry_nearest_neighbor,,,,,,,,,,,,,,,,,0.0,False,0.49997336536634635,True,0.0,,,[],[],,,,,,,[],[],[],,"[-0.6786427145708582, -0.11208256982732913, -0.05604128493679309, -0.021483375959079284, -1.5568666011143888, -0.03949224259520451, -0.007599417031022272, 0.0005263157894736842]",0.22994112126376098,False,,,,,,,{},{},,,,,,,,,[],[],,,[],{},,0.0,0.0,0.0,0.0,0.0,0.0,0.0,0.02569836579606628
VPDCPAS1-14->VPDCPAS1-32R,VPDCPAS1-14,VPDCPAS1-32R,evap,1.0,,,"[0.0, 0.0, 1.1691233387765638, 0.0, 0.0, 0.0, 0.0, 0.0]","['calcite', 'dolomite', 'gypsum', 'halite', 'NO3src', 'denit', 'CaNa_exch', 'MgNa_exch']",0.06257996290265187,2.9414693673698284,3.441363072229116,1.1691233387765638,2,True,0.0,True,,,,,,,,,,,,,,,,public_usgs_chemistry_nearest_neighbor,,,,,,,,,,,,,,,,,0.0,False,0.49989370485928747,True,0.0,,,[],[],,,,,,,[],[],[],,"[-0.3507600653234697, -0.2262443438914028, 0.036972596781209205, 0.06854219948849105, -1.6224188790560468, -0.0767277856135402, 0.3507600674278917, 0.004736842105263158]",0.5159568804888802,False,,,,,,,{},{},,,,,,,,,[],[],,,[],{},,0.0,0.0,1.1691233387765638,0.0,0.0,0.0,0.0,0.0
VPDCPAS1-37->VPDCPAS1-53,VPDCPAS1-37,VPDCPAS1-53,evap,1.0,,,"[0.0, 0.0, 0.0, 0.0, 0.0, 0.0, 0.0, 0.05168723759601552]","['calcite', 'dolomite', 'gypsum', 'halite', 'NO3src', 'denit', 'CaNa_exch', 'MgNa_exch']",0.0879677946540364,2.9434730966855835,3.4434398040340612,0.05168723759601552,2,True,0.0,True,,,,,,,,,,,,,,,,public_usgs_chemistry_nearest_neighbor,,,,,,,,,,,,,,,,,0.0,False,0.4999667073484777,True,0.0,,,[],[],,,,,,,[],[],[],,"[-0.9830339321357286, -0.11339024047548901, -0.05669512028426303, 0.024552429667519172, -1.376597836774828, -0.24287729196050775, -0.07995003123048094, 0.006315789473684212]",0.14546046162110893,False,,,,,,,{},{},,,,,,,,,[],[],,,[],{},,0.0,0.0,0.0,0.0,0.0,0.0,0.0,0.05168723759601552
VPDCPAS1-38->VPDCPAS1-37,VPDCPAS1-38,VPDCPAS1-37,evap,1.0,,,"[0.0, 0.0, 0.0, 0.0, 0.0, 0.0, 0.046884265380122365, 0.0]","['calcite', 'dolomite', 'gypsum', 'halite', 'NO3src', 'denit', 'CaNa_exch', 'MgNa_exch']",0.06537902100483867,2.9905852099600696,3.4905005855411426,0.046884265380122365,2,True,0.0,True,,,,,,,,,,,,,,,,public_usgs_chemistry_nearest_neighbor,,,,,,,,,,,,,,,,,0.0,False,0.4999153755810728,True,0.0,,,[],[],,,,,,,[],[],[],,"[-0.1691397544020784, -0.8432743726861375, -0.08456987724323504, -0.04859335038363171, -1.4749262536873156, -0.18899858956276444, -0.1738496772850302, 0.0005263157894736842]",0.6987532930890552,False,,,,,,,{},{},,,,,,,,,[],[],,,[],{},,0.0,0.0,0.0,0.0,0.0,0.0,0.046884265380122365,0.0
VPDCPAS1-32R->VPDCPAS1-30,VPDCPAS1-32R,VPDCPAS1-30,evap,1.0,,,"[0.0, 0.0, 0.0, 0.0, 0.0, 0.8030154033398885, 0.0, 0.0166013552950692]","['calcite', 'dolomite', 'gypsum', 'halite', 'NO3src', 'denit', 'CaNa_exch', 'MgNa_exch']",0.03903067156642436,3.0291881431156824,3.5291550073934106,0.8196167586349578,4,True,0.0,True,,,,,,,,,,,,,,,,public_usgs_chemistry_nearest_neighbor,,,,,,,,,,,,,,,,,0.0,False,0.499966864277728,True,0.0,,,[],[],,,,,,,[],[],[],,"[-0.8208582834331339, -0.1441208945793144, -0.07206044730459843, -0.04987212276214834, 1.4454276664466192e-09, 0.04795486600846262, -1.524672079950031, -0.002105263157894737]",0.621919174248377,False,,,,,,,{},{},,,,,,,,,[],[],,,[],{},,0.0,0.0,0.0,0.0,0.0,0.8030154033398885,0.0,0.0166013552950692
VPDCPAS1-32R->VPDCPAS1-59,VPDCPAS1-32R,VPDCPAS1-59,evap,1.0,,,"[0.0, 0.0, 0.0, 0.0, 0.0, 0.7210750560603079, 0.0, 0.0]","['calcite', 'dolomite', 'gypsum', 'halite', 'NO3src', 'denit', 'CaNa_exch', 'MgNa_exch']",0.03841278314775837,3.127150183654713,3.6271096078718372,0.7210750560603079,4,True,0.0,True,,,,,,,,,,,,,,,,public_usgs_chemistry_nearest_neighbor,,,,,,,,,,,,,,,,,0.0,False,0.49995942421712436,True,0.0,,,[],[],,,,,,,[],[],[],,"[-0.8283433133732536, -0.2632661456190869, -0.07394519356241842, -0.0721227621483376, 1.2979350927366795e-09, 0.04428772919605077, -1.5359150530918175, -0.004736842105263158]",0.5895981417325751,False,,,,,,,{},{},,,,,,,,,[],[],,,[],{},,0.0,0.0,0.0,0.0,0.0,0.7210750560603079,0.0,0.0
VPDCPAS1-32R->VPDCPAS1-14,VPDCPAS1-32R,VPDCPAS1-14,evap,1.0209214631466983,,,"[0.0, 0.0, 0.0, 0.12641553417795107, 0.0, 1.5744181413722453, 0.0, 0.10860648146967597]","['calcite', 'dolomite', 'gypsum', 'halite', 'NO3src', 'denit', 'CaNa_exch', 'MgNa_exch']",0.0625274195745943,3.1656324251696923,3.6655652726649857,1.8094401570198724,18,True,0.0,True,,,,,,,,,,,,,,,,public_usgs_chemistry_nearest_neighbor,,,,,,,,,,,,,,,,,0.0,False,0.4999328474952934,True,0.0,,,[],[],,,,,,,[],[],[],,"[-0.8577215150015236, 0.10076987897148876, 0.050384939387998554, -0.07033470336423119, 2.8339526281229155e-09, -0.05038414705561267, -1.552334978230877, -0.004857966365586148]",0.748891125575202,False,,,,,,,{},{},,,,,,,,,[],[],,,[],{},,0.0,0.0,0.0,0.12641553417795107,0.0,1.5744181413722453,0.0,0.10860648146967597
VPDCPAS1-39->VPDCPAS1-07,VPDCPAS1-39,VPDCPAS1-07,evap,1.0,,,"[0.0, 0.0, 0.0, 0.04003586519267144, 0.0, 0.0, 0.0, 0.0]","['calcite', 'dolomite', 'gypsum', 'halite', 'NO3src', 'denit', 'CaNa_exch', 'MgNa_exch']",0.034536298557958804,3.1980128241271744,3.697978229235713,0.04003586519267144,2,True,0.0,True,,,,,,,,,,,,,,,,public_usgs_chemistry_nearest_neighbor,,,,,,,,,,,,,,,,,0.0,False,0.4999654051085385,True,0.0,,,[],[],,,,,,,[],[],[],,"[-0.21457085828343325, -0.43356643356643365, -0.010457787767704056, -0.035805626598465465, -1.7207472959685348, 0.010457787839768619, 0.03893399958359359, -0.0021052631578947364]",-0.24316072078743045,False,,,,,,,{},{},,,,,,,,,[],[],,,[],{},,0.0,0.0,0.0,0.04003586519267144,0.0,0.0,0.0,0.0
VPDCPAS1-05->VPDCPAS1-02,VPDCPAS1-05,VPDCPAS1-02,evap,1.2641488078840104,,,"[0.0, 0.0, 0.0, 0.28560059347633276, 0.0, 0.0, 0.0, 0.0]","['calcite', 'dolomite', 'gypsum', 'halite', 'NO3src', 'denit', 'CaNa_exch', 'MgNa_exch']",0.08113463081140204,3.4249122077898533,3.924492485099972,0.28560059347633276,2,True,0.0,True,,,,,,,,,,,,,,,,public_usgs_chemistry_nearest_neighbor,,,,,,,,,,,,,,,,,0.0,False,0.49958027731011895,True,0.0,,,[],[],,,,,,,[],[],[],,"[-0.062278194353257266, -0.9523177771560871, 0.07179865895488668, -0.007928301906280728, -1.486665761216569, -0.07179865844080563, -0.541818207956233, -0.0030784429764147752]",0.7981981202226079,False,,,,,,,{},{},,,,,,,,,[],[],,,[],{},,0.0,0.0,0.0,0.28560059347633276,0.0,0.0,0.0,0.0
VPDCPAS1-30->VPDCPAS1-43,VPDCPAS1-30,VPDCPAS1-43,evap,1.0,,,"[0.0, 0.0, 0.0, 0.0, 0.0, 0.0, 0.0, 0.0]","['calcite', 'dolomite', 'gypsum', 'halite', 'NO3src', 'denit', 'CaNa_exch', 'MgNa_exch']",0.03897542358042184,3.5022678996878795,4.002235510531434,0.0,1,True,0.0,True,,,,,,,,,,,,,,,,public_usgs_chemistry_nearest_neighbor,,,,,,,,,,,,,,,,,0.0,False,0.4999676108435542,True,0.0,,,[],[],,,,,,,[],[],[],,"[-0.6636726546906189, -0.3105717811600165, -0.019573727707699003, 0.0, -1.7207472959685348, -0.06318758815232721, -0.0014574224443056442, -0.001578947368421053]",-1.256375979782891,False,,,,,,,{},{},,,,,,,,,[],[],,,[],{},,0.0,0.0,0.0,0.0,0.0,0.0,0.0,0.0
VPDCPAS1-03->VPDCPAS1-02,VPDCPAS1-03,VPDCPAS1-02,evap,2.8197315696565153,,,"[0.0, 0.0, 0.0, 0.8010915549971969, 0.0, 0.0, 0.0, 0.4175258030308657]","['calcite', 'dolomite', 'gypsum', 'halite', 'NO3src', 'denit', 'CaNa_exch', 'MgNa_exch']",0.3926628240854814,3.6684229758761884,4.168003253186307,1.2186173580280626,16,True,0.0,True,,,,,,,,,,,,,,,,public_usgs_chemistry_nearest_neighbor,,,,,,,,,,,,,,,,,0.0,False,0.49958027731011895,True,0.0,,,[],[],,,,,,,[],[],[],,"[-1.368474488403946, 0.41673998086024866, 0.20836999005435122, -0.007724025945169459, -1.1354666957836925, -0.20836945063426404, -0.4956908982865812, -0.011777675856267702]",0.783850035435474,False,,,,,,,{},{},,,,,,,,,[],[],,,[],{},,0.0,0.0,0.0,0.8010915549971969,0.0,0.0,0.0,0.4175258030308657
VPDCPAS1-06->VPDCPAS1-22,VPDCPAS1-06,VPDCPAS1-22,evap,2.1899983368512963,,,"[0.0, 0.0, 0.0, 0.22950480376054463, 0.0, 0.0, 0.0, 0.0]","['calcite', 'dolomite', 'gypsum', 'halite', 'NO3src', 'denit', 'CaNa_exch', 'MgNa_exch']",0.2005278796237303,3.7181141088316982,4.217934177579387,0.22950480376054463,2,True,0.0,True,,,,,,,,,,,,,,,,public_usgs_chemistry_nearest_neighbor,,,,,,,,,,,,,,,,,0.0,False,0.49982006874768886,True,0.0,,,[],[],,,,,,,[],[],[],,"[-1.2621737730957736, -0.6171930923894701, -0.17538112493532199, 0.033429706226734524, -0.6473246563043995, 0.17538112534843067, -1.1235571695597713, 0.007721058758968907]",0.783710772014632,False,,,,,,,{},{},,,,,,,,,[],[],,,[],{},,0.0,0.0,0.0,0.22950480376054463,0.0,0.0,0.0,0.0
VPDCPAS1-01->VPDCPAS1-20,VPDCPAS1-01,VPDCPAS1-20,evap,1.464814227166658,,,"[0.0, 0.0, 1.1998709133704806, 0.26342693314947896, 0.0, 0.0, 0.03903711276961503, 0.0]","['calcite', 'dolomite', 'gypsum', 'halite', 'NO3src', 'denit', 'CaNa_exch', 'MgNa_exch']",0.11276981378750026,3.7244069408944727,4.223886499778093,1.5023349592895745,17,True,0.0,True,,,,,,,,,,,,,,,,public_usgs_chemistry_nearest_neighbor,,,,,,,,,,,,,,,,,0.0,False,0.49947955888362067,True,0.0,,,[],[],,,,,,,[],[],[],,"[0.10167573096446025, -1.2376927433710274, 0.050837865447096675, -0.03984887828904465, -1.4713722983693396, -0.050837269309325556, -0.10167602663649378, 0.012423977536052646]",0.8979901375636765,False,,,,,,,{},{},,,,,,,,,[],[],,,[],{},,0.0,0.0,1.1998709133704806,0.26342693314947896,0.0,0.0,0.03903711276961503,0.0
VPDCPAS1-07->VPDCPAS1-22,VPDCPAS1-07,VPDCPAS1-22,evap,3.354473295343272,,,"[0.0, 0.0, 0.0, 0.44412503219368515, 0.0, 0.0, 0.0, 0.29047852258767715]","['calcite', 'dolomite', 'gypsum', 'halite', 'NO3src', 'denit', 'CaNa_exch', 'MgNa_exch']",0.1432982749382527,3.737159549688626,4.236979618436314,0.7346035547813623,16,True,0.0,True,,,,,,,,,,,,,,,,public_usgs_chemistry_nearest_neighbor,,,,,,,,,,,,,,,,,0.0,False,0.49982006874768886,True,0.0,,,[],[],,,,,,,[],[],[],,"[-1.6045484711460567, 0.24338547654118958, 0.12169273800916414, 0.008901879797900782, -1.0360487710757709, -0.12169236293085861, 0.01429481811305816, 0.006961912380675601]",0.7826028652697042,False,,,,,,,{},{},,,,,,,,,[],[],,,[],{},,0.0,0.0,0.0,0.44412503219368515,0.0,0.0,0.0,0.29047852258767715
VPDCPAS1-37->VPDCPAS1-07,VPDCPAS1-37,VPDCPAS1-07,evap,1.0,,,"[0.0, 0.0, 0.0, 0.0, 0.0, 0.0, 0.0, 0.0]","['calcite', 'dolomite', 'gypsum', 'halite', 'NO3src', 'denit', 'CaNa_exch', 'MgNa_exch']",0.0905991580203539,3.762910345294434,4.262875750402973,0.0,1,True,0.0,True,,,,,,,,,,,,,,,,public_usgs_chemistry_nearest_neighbor,,,,,,,,,,,,,,,,,0.0,False,0.4999654051085385,True,0.0,,,[],[],,,,,,,[],[],[],,"[-0.7784431137724551, -0.34718222953517075, -0.1339712918660287, -0.024040920716112534, -1.7207472959685348, -0.231311706629055, -0.058296897772225686, 0.0]",-0.46275283883248197,False,,,,,,,{},{},,,,,,,,,[],[],,,[],{},,0.0,0.0,0.0,0.0,0.0,0.0,0.0,0.0
VPDCPAS1-32R->VPDCPAS1-16,VPDCPAS1-32R,VPDCPAS1-16,evap,1.0,,,"[0.0, 0.0, 0.0, 0.0, 0.0, 0.3933136669419859, 0.0, 0.017722440795148803]","['calcite', 'dolomite', 'gypsum', 'halite', 'NO3src', 'denit', 'CaNa_exch', 'MgNa_exch']",0.04039801727715527,3.8668663230111937,4.366839505203514,0.41103610773713467,3,True,0.0,True,,,,,,,,,,,,,,,,public_usgs_chemistry_nearest_neighbor,,,,,,,,,,,,,,,,,0.0,False,0.4999731821923202,True,0.0,,,[],[],,,,,,,[],[],[],,"[-1.2100798403193616, -0.1822637818070781, -0.09113189091948926, -0.07084398976982098, 7.079645758523156e-10, 0.012976022566995767, -1.5348740370601708, -0.004736842105263158]",0.35242287216694146,False,,,,,,,{},{},,,,,,,,,[],[],,,[],{},,0.0,0.0,0.0,0.0,0.0,0.3933136669419859,0.0,0.017722440795148803
VPDCPAS1-27->VPDCPAS1-53,VPDCPAS1-27,VPDCPAS1-53,evap,1.0,,,"[0.0, 0.0, 0.0, 0.0, 0.0, 0.0, 0.0, 0.12522068413986026]","['calcite', 'dolomite', 'gypsum', 'halite', 'NO3src', 'denit', 'CaNa_exch', 'MgNa_exch']",0.22281137773797527,3.978004966480207,4.4779716738286846,0.12522068413986026,3,True,0.0,True,,,,,,,,,,,,,,,,public_usgs_chemistry_nearest_neighbor,,,,,,,,,,,,,,,,,0.0,False,0.4999667073484777,True,0.0,,,[],[],,,,,,,[],[],[],,"[-0.9406187624750499, -0.49955223494199935, -0.24977611758369833, 0.03069053708439897, -1.540478531628974, -0.42905500705218613, -0.47241307516135744, 0.004736842105263159]",-0.1548814669149483,False,,,,,,,{},{},,,,,,,,,[],[],,,[],{},,0.0,0.0,0.0,0.0,0.0,0.0,0.0,0.12522068413986026
VPDCPAS1-26->VPDCPAS1-25,VPDCPAS1-26,VPDCPAS1-25,evap,1.0289564573857815,,,"[0.0, 0.0, 0.0, 0.1806296541305303, 0.0, 0.0, 0.0, 0.0]","['calcite', 'dolomite', 'gypsum', 'halite', 'NO3src', 'denit', 'CaNa_exch', 'MgNa_exch']",0.0561498174930605,4.0883877125793395,4.585624048932984,0.1806296541305303,2,True,0.0,True,,,,,,,,,,,,,,,,public_usgs_chemistry_nearest_neighbor,,,,,,,,,,,,,,,,,0.0,False,0.4972363363536445,True,0.0,,,[],[],,,,,,,[],[],[],,"[-0.9137874799392198, 0.006060573920517939, 0.059134761487940085, 0.07607910911491451, -1.799643307332003, -0.059134761162806665, -0.04290252168378164, -0.0022119448430002477]",0.7827878752691836,False,,,,,,,{},{},,,,,,,,,[],[],,,[],{},,0.0,0.0,0.0,0.1806296541305303,0.0,0.0,0.0,0.0
VPDCPAS1-53->VPDCPAS1-20,VPDCPAS1-53,VPDCPAS1-20,evap,4.012092791718188,,,"[0.0, 0.0, 1.2241446559757017, 0.43597972373261085, 0.0, 0.0, 0.07423830797809038, 0.0]","['calcite', 'dolomite', 'gypsum', 'halite', 'NO3src', 'denit', 'CaNa_exch', 'MgNa_exch']",0.2330771808364259,4.1776550931609036,4.677134652044524,1.734362687686403,18,True,0.0,True,,,,,,,,,,,,,,,,public_usgs_chemistry_nearest_neighbor,,,,,,,,,,,,,,,,,0.0,False,0.49947955888362067,True,0.0,,,[],[],,,,,,,[],[],[],,"[0.07618896943837439, -1.0017926143488682, 0.03809448465237275, -0.2325733493855898, -1.7621057318336888, -0.0380939174721191, -0.0761892504326589, -0.02116083024168905]",0.8855758707029473,False,,,,,,,{},{},,,,,,,,,[],[],,,[],{},,0.0,0.0,1.2241446559757017,0.43597972373261085,0.0,0.0,0.07423830797809038,0.0
VPDCPAS1-05->VPDCPAS1-20,VPDCPAS1-05,VPDCPAS1-20,evap,1.4692134598188185,,,"[0.0, 0.0, 1.1313675738617541, 0.3920520690995634, 0.0, 0.0, 0.1607406724298483, 0.0]","['calcite', 'dolomite', 'gypsum', 'halite', 'NO3src', 'denit', 'CaNa_exch', 'MgNa_exch']",0.0796907980940721,4.251915650250799,4.75139520913442,1.684160315391166,19,True,0.0,True,,,,,,,,,,,,,,,,public_usgs_chemistry_nearest_neighbor,,,,,,,,,,,,,,,,,0.0,False,0.49947955888362067,True,0.0,,,[],[],,,,,,,[],[],[],,"[0.6272496988150444, -1.6858831407513637, 0.3136248492628557, -0.007060086984959628, -0.6526648807933113, -0.31362414168555974, -0.627250050214384, 0.009323950411193828]",0.8835419068173129,False,,,,,,,{},{},,,,,,,,,[],[],,,[],{},,0.0,0.0,1.1313675738617541,0.3920520690995634,0.0,0.0,0.1607406724298483,0.0
VPDCPAS1-06->VPDCPAS1-20,VPDCPAS1-06,VPDCPAS1-20,evap,3.1157232806920714,,,"[0.0, 0.0, 0.0, 0.5094676124399553, 0.0, 0.0, 0.18051254823695903, 0.0]","['calcite', 'dolomite', 'gypsum', 'halite', 'NO3src', 'denit', 'CaNa_exch', 'MgNa_exch']",0.20533235401790437,4.536151514980537,5.035631073864157,0.6899801606769144,15,True,0.0,True,,,,,,,,,,,,,,,,public_usgs_chemistry_nearest_neighbor,,,,,,,,,,,,,,,,,0.0,False,0.49947955888362067,True,0.0,,,[],[],,,,,,,[],[],[],,"[0.22291329289872866, -1.6741926311373407, 0.11145664628690305, -0.01982885384730908, -1.1366517880008313, -0.1114560638976283, -0.6052388703820677, 0.0032578615974502637]",0.8757568119228258,False,,,,,,,{},{},,,,,,,,,[],[],,,[],{},,0.0,0.0,0.0,0.5094676124399553,0.0,0.0,0.18051254823695903,0.0
VPDCPAS1-06->VPDCPAS1-02,VPDCPAS1-06,VPDCPAS1-02,evap,2.3861767857244485,,,"[0.0, 0.0, 0.0, 0.3980861527986194, 0.0, 0.0, 0.0, 0.0]","['calcite', 'dolomite', 'gypsum', 'halite', 'NO3src', 'denit', 'CaNa_exch', 'MgNa_exch']",0.31737163327758044,4.681330756545605,5.180911033855724,0.3980861527986194,2,True,0.0,True,,,,,,,,,,,,,,,,public_usgs_chemistry_nearest_neighbor,,,,,,,,,,,,,,,,,0.0,False,0.49958027731011895,True,0.0,,,[],[],,,,,,,[],[],[],,"[-1.0343111455774716, -0.6804367985046521, -0.12161546445675908, -0.012056799872359285, -1.1787367725117548, 0.12161546517331429, -1.3150431817230368, -0.007212230263195337]",0.7241677189908895,False,,,,,,,{},{},,,,,,,,,[],[],,,[],{},,0.0,0.0,0.0,0.3980861527986194,0.0,0.0,0.0,0.0
VPDCPAS1-39->VPDCPAS1-52,VPDCPAS1-39,VPDCPAS1-52,evap,1.0,,,"[0.0, 0.0, 0.0, 0.0, 0.0, 0.0, 0.0, 0.0]","['calcite', 'dolomite', 'gypsum', 'halite', 'NO3src', 'denit', 'CaNa_exch', 'MgNa_exch']",0.04921883382776098,4.873955094259126,5.373932276952983,0.0,1,True,0.0,True,,,,,,,,,,,,,,,,public_usgs_chemistry_nearest_neighbor,,,,,,,,,,,,,,,,,0.0,False,0.4999771826938567,True,0.0,,,[],[],,,,,,,[],[],[],,"[-0.6162674650698604, -0.304812834224599, -0.02305350152240105, 0.0010230179028132974, -2.097672894133071, -0.02200282087447108, 0.0018738288569643997, 0.0026315789473684223]",-2.286184199623734,False,,,,,,,{},{},,,,,,,,,[],[],,,[],{},,0.0,0.0,0.0,0.0,0.0,0.0,0.0,0.0
VPDCPAS1-02->VPDCPAS1-25,VPDCPAS1-02,VPDCPAS1-25,evap,1.512897042910779,,,"[0.0, 0.0, 0.0, 0.28177905603059966, 0.0, 0.0, 0.0, 0.0]","['calcite', 'dolomite', 'gypsum', 'halite', 'NO3src', 'denit', 'CaNa_exch', 'MgNa_exch']",0.07832761440578052,5.378585114885212,5.875821451238856,0.28177905603059966,2,True,0.0,True,,,,,,,,,,,,,,,,public_usgs_chemistry_nearest_neighbor,,,,,,,,,,,,,,,,,0.0,False,0.4972363363536445,True,0.0,,,[],[],,,,,,,[],[],[],,"[-0.8272545820677581, -0.7795720486169175, 0.12951077082452322, 0.060564578696973806, -2.01062855248251, -0.12951077031732083, -0.08161135260033783, -0.0008098374361749143]",0.7142409225878703,False,,,,,,,{},{},,,,,,,,,[],[],,,[],{},,0.0,0.0,0.0,0.28177905603059966,0.0,0.0,0.0,0.0
VPDCPAS1-32R->VPDCPAS1-43,VPDCPAS1-32R,VPDCPAS1-43,evap,1.0,,,"[0.0, 0.0, 0.0, 0.0, 0.0, 0.0, 0.0, 0.0]","['calcite', 'dolomite', 'gypsum', 'halite', 'NO3src', 'denit', 'CaNa_exch', 'MgNa_exch']",0.05608347825902439,5.585376279335132,6.085343890178686,0.0,1,True,0.0,True,,,,,,,,,,,,,,,,public_usgs_chemistry_nearest_neighbor,,,,,,,,,,,,,,,,,0.0,False,0.4999676108435542,True,0.0,,,[],[],,,,,,,[],[],[],,"[-1.4845309381237528, -0.4380913204442617, -0.12483688560243583, -0.04987212276214834, -0.9177318911832186, -0.015232722143864594, -1.5261295023943369, -0.00368421052631579]",-2.5984422767498954,False,,,,,,,{},{},,,,,,,,,[],[],,,[],{},,0.0,0.0,0.0,0.0,0.0,0.0,0.0,0.0
VPDCPAS1-22->VPDCPAS1-06,VPDCPAS1-22,VPDCPAS1-06,evap,1.0,,,"[0.0, 0.0, 0.14659448715565096, 0.0, 0.0, 0.0, 0.018392899499040313, 0.0]","['calcite', 'dolomite', 'gypsum', 'halite', 'NO3src', 'denit', 'CaNa_exch', 'MgNa_exch']",0.3363615126009368,5.802143558634441,6.302089401238283,0.16498738665469126,6,True,0.0,True,,,,,,,,,,,,,,,,public_usgs_chemistry_nearest_neighbor,,,,,,,,,,,,,,,,,0.0,False,0.499945842603842,True,0.0,,,[],[],,,,,,,[],[],[],,"[-0.2448277060159686, -0.44014808720691045, -0.12241385302453792, -0.06112531969309462, -2.277941658472632, -0.5297602256699576, 0.24482754074357868, -0.012105263157894737]",-0.1656582889368463,False,,,,,,,{},{},,,,,,,,,[],[],,,[],{},,0.0,0.0,0.14659448715565096,0.0,0.0,0.0,0.018392899499040313,0.0
VPDCPAS1-37->VPDCPAS1-52,VPDCPAS1-37,VPDCPAS1-52,evap,1.0,,,"[0.0, 0.0, 0.0, 0.0, 0.0, 0.0, 0.0, 0.030955422275547696]","['calcite', 'dolomite', 'gypsum', 'halite', 'NO3src', 'denit', 'CaNa_exch', 'MgNa_exch']",0.151147130188282,5.972280182486617,6.472257365180474,0.030955422275547696,2,True,0.0,True,,,,,,,,,,,,,,,,public_usgs_chemistry_nearest_neighbor,,,,,,,,,,,,,,,,,0.0,False,0.4999771826938567,True,0.0,,,[],[],,,,,,,[],[],[],,"[-1.1801397205588824, -0.2493840524688838, -0.12469202626230177, 0.012787723785166231, -2.097672894133071, -0.30380818053596614, -0.09535706849885488, 0.004736842105263159]",-3.0267118575898078,False,,,,,,,{},{},,,,,,,,,[],[],,,[],{},,0.0,0.0,0.0,0.0,0.0,0.0,0.0,0.030955422275547696
VPDCPAS1-02->VPDCPAS1-06,VPDCPAS1-02,VPDCPAS1-06,evap,1.0,,,"[0.0, 0.0, 0.0, 0.0, 0.0, 0.0, 0.03976580580656519, 0.01749228627454678]","['calcite', 'dolomite', 'gypsum', 'halite', 'NO3src', 'denit', 'CaNa_exch', 'MgNa_exch']",0.5016828857973056,6.351652978603778,6.85159882120762,0.057258092081111975,22,True,0.0,True,,,,,,,,,,,,,,,,public_usgs_chemistry_nearest_neighbor,,,,,,,,,,,,,,,,,0.0,False,0.499945842603842,True,0.0,,,[],[],,,,,,,[],[],[],,"[-0.5687079215750285, -0.5687057786645097, -0.28435288934799785, -0.02020460358056266, -2.2287774500163877, -0.6651622002820874, 0.462211118051218, 0.0021052631578947372]",-0.2760554557361612,False,,,,,,,{},{},,,,,,,,,[],[],,,[],{},,0.0,0.0,0.0,0.0,0.0,0.0,0.03976580580656519,0.01749228627454678
VPDCPAS1-15->VPDCPAS1-43,VPDCPAS1-15,VPDCPAS1-43,evap,1.0,,,"[0.0, 0.0, 0.0, 0.0, 0.0, 0.0, 0.0, 0.08064730088283303]","['calcite', 'dolomite', 'gypsum', 'halite', 'NO3src', 'denit', 'CaNa_exch', 'MgNa_exch']",0.07578623801150018,6.603010014656013,7.102977625499567,0.08064730088283303,2,True,0.0,True,,,,,,,,,,,,,,,,public_usgs_chemistry_nearest_neighbor,,,,,,,,,,,,,,,,,0.0,False,0.4999676108435542,True,0.0,,,[],[],,,,,,,[],[],[],,"[-1.2999001996007984, 0.07813509319367867, 0.03906754652425673, -0.0005115089514066487, -2.2123893805309733, -0.09760225669957685, -0.03799708515511139, 0.0010526315789473684]",-3.2540644000030623,False,,,,,,,{},{},,,,,,,,,[],[],,,[],{},,0.0,0.0,0.0,0.0,0.0,0.0,0.0,0.08064730088283303
VPDCPAS1-05->VPDCPAS1-06,VPDCPAS1-05,VPDCPAS1-06,evap,1.0,,,"[0.0, 0.0, 0.0, 0.0, 0.0, 0.0, 0.0, 0.0]","['calcite', 'dolomite', 'gypsum', 'halite', 'NO3src', 'denit', 'CaNa_exch', 'MgNa_exch']",0.18179333840088607,7.061105301512452,7.561051144116294,0.0,1,True,0.0,True,,,,,,,,,,,,,,,,public_usgs_chemistry_nearest_neighbor,,,,,,,,,,,,,,,,,0.0,False,0.499945842603842,True,0.0,,,[],[],,,,,,,[],[],[],,"[-0.23203592814371254, -1.0037021801727684, -0.014354066985645939, -0.017391304347826087, -2.425434283841363, -0.33511988716502117, 0.06558400999375391, 0.0]",-0.41858536256229084,False,,,,,,,{},{},,,,,,,,,[],[],,,[],{},,0.0,0.0,0.0,0.0,0.0,0.0,0.0,0.0
VPDCPAS1-38->VPDCPAS1-06,VPDCPAS1-38,VPDCPAS1-06,evap,1.0,,,"[0.0, 0.0, 0.0, 0.0, 0.0, 0.0, 0.0, 0.013147561693349278]","['calcite', 'dolomite', 'gypsum', 'halite', 'NO3src', 'denit', 'CaNa_exch', 'MgNa_exch']",0.23590375429184315,7.072181379452818,7.57212722205666,0.013147561693349278,2,True,0.0,True,,,,,,,,,,,,,,,,public_usgs_chemistry_nearest_neighbor,,,,,,,,,,,,,,,,,0.0,False,0.499945842603842,True,0.0,,,[],[],,,,,,,[],[],[],,"[-0.6112774451097804, -0.5520204535074176, -0.2760102267655416, -0.07186700767263426, -2.4582104228121926, -0.4084626234132581, 0.32063293774724133, 0.001578947368421053]",-0.42081056122027394,False,,,,,,,{},{},,,,,,,,,[],[],,,[],{},,0.0,0.0,0.0,0.0,0.0,0.0,0.0,0.013147561693349278
VPDCPAS1-03->VPDCPAS1-26,VPDCPAS1-03,VPDCPAS1-26,evap,4.095352968183317,,,"[0.0, 0.0, 0.0, 0.9832645283254824, 0.0, 0.0, 0.0, 0.31660215486398674]","['calcite', 'dolomite', 'gypsum', 'halite', 'NO3src', 'denit', 'CaNa_exch', 'MgNa_exch']",0.8945001060004513,7.252179413328934,7.751267062737172,1.2998666831894692,16,True,0.0,True,,,,,,,,,,,,,,,,public_usgs_chemistry_nearest_neighbor,,,,,,,,,,,,,,,,,0.0,False,0.4990876494082388,True,0.0,,,[],[],,,,,,,[],[],[],,"[-1.8737569269431795, 0.1573697705199329, 0.07868488497502446, -0.025516639575707288, -1.7701487051966236, -0.07868447526621014, -0.7548126233276214, -0.015714829849289395]",0.7893843227337661,False,,,,,,,{},{},,,,,,,,,[],[],,,[],{},,0.0,0.0,0.0,0.9832645283254824,0.0,0.0,0.0,0.31660215486398674
VPDCPAS1-27->VPDCPAS1-40,VPDCPAS1-27,VPDCPAS1-40,evap,1.0,,,"[0.0, 0.0, 0.0, 0.0, 0.0, 0.0, 0.0, 0.03754416142594526]","['calcite', 'dolomite', 'gypsum', 'halite', 'NO3src', 'denit', 'CaNa_exch', 'MgNa_exch']",0.317561655733266,7.346970068917878,7.846934623809155,0.03754416142594526,3,True,0.0,True,,,,,,,,,,,,,,,,public_usgs_chemistry_nearest_neighbor,,,,,,,,,,,,,,,,,0.0,False,0.4999645548912765,True,0.0,,,[],[],,,,,,,[],[],[],,"[-0.9630738522954092, -0.8145906443547812, -0.40729532221118037, -0.02838874680306905, -2.2648312028843, -0.49647390691114246, -0.4617947116385592, -0.002105263157894737]",-3.6611281099386455,False,,,,,,,{},{},,,,,,,,,[],[],,,[],{},,0.0,0.0,0.0,0.0,0.0,0.0,0.0,0.03754416142594526
VPDCPAS1-14->VPDCPAS1-43,VPDCPAS1-14,VPDCPAS1-43,evap,1.0,,,"[0.0, 0.0, 0.0, 0.0, 0.0, 0.0, 0.0, 0.0]","['calcite', 'dolomite', 'gypsum', 'halite', 'NO3src', 'denit', 'CaNa_exch', 'MgNa_exch']",0.08191269493374054,7.354052729661083,7.854020340504637,0.0,1,True,0.0,True,,,,,,,,,,,,,,,,public_usgs_chemistry_nearest_neighbor,,,,,,,,,,,,,,,,,0.0,False,0.4999676108435542,True,0.0,,,[],[],,,,,,,[],[],[],,"[-0.6661676646706587, -0.6643356643356645, -0.08786428882122663, 0.01867007672634271, -2.5401507702392654, -0.09196050775740479, -0.0062460961898813255, 0.0010526315789473684]",-3.737932222358797,False,,,,,,,{},{},,,,,,,,,[],[],,,[],{},,0.0,0.0,0.0,0.0,0.0,0.0,0.0,0.0
VPDCPAS1-13->VPDCPAS1-43,VPDCPAS1-13,VPDCPAS1-43,evap,1.0,,,"[0.0, 0.0, 0.0, 0.005943161644009958, 0.0, 0.0, 0.0, 0.0]","['calcite', 'dolomite', 'gypsum', 'halite', 'NO3src', 'denit', 'CaNa_exch', 'MgNa_exch']",0.09355623396725833,9.353000360322019,9.852967971165572,0.005943161644009958,2,True,0.0,True,,,,,,,,,,,,,,,,public_usgs_chemistry_nearest_neighbor,,,,,,,,,,,,,,,,,0.0,False,0.4999676108435542,True,0.0,,,[],[],,,,,,,[],[],[],,"[-1.1177644710578845, -0.3969559851912794, 0.011020735702662512, 0.01662404092071611, -2.818747951491314, -0.011020735691964823, -0.013012700395586094, 0.0005263157894736842]",-5.0257769983307385,False,,,,,,,{},{},,,,,,,,,[],[],,,[],{},,0.0,0.0,0.0,0.005943161644009958,0.0,0.0,0.0,0.0
VPDCPAS1-02->VPDCPAS1-03,VPDCPAS1-02,VPDCPAS1-03,evap,1.0,,,"[0.0, 0.0, 0.0, 0.0, 0.0, 0.0, 0.03373375040785094, 0.0]","['calcite', 'dolomite', 'gypsum', 'halite', 'NO3src', 'denit', 'CaNa_exch', 'MgNa_exch']",0.5887724861317625,9.359454606188496,9.85941126263721,0.03373375040785094,2,True,0.0,True,,,,,,,,,,,,,,,,public_usgs_chemistry_nearest_neighbor,,,,,,,,,,,,,,,,,0.0,False,0.49995665644871334,True,0.0,,,[],[],,,,,,,[],[],[],,"[-0.6175660857371925, -1.2250102838338133, -0.30878304289895664, -0.025319693094629156, -2.6220911176663386, -0.7071932299012693, 0.07703518634186968, 0.0031578947368421048]",-1.4991116413526147,False,,,,,,,{},{},,,,,,,,,[],[],,,[],{},,0.0,0.0,0.0,0.0,0.0,0.0,0.03373375040785094,0.0
VPDCPAS1-20->VPDCPAS1-02,VPDCPAS1-20,VPDCPAS1-02,evap,1.0,,,"[0.0, 0.0, 0.0, 0.1448157276214156, 0.0, 0.0, 0.0, 0.14617241020181573]","['calcite', 'dolomite', 'gypsum', 'halite', 'NO3src', 'denit', 'CaNa_exch', 'MgNa_exch']",0.10146815209217902,9.881041630251278,10.380621907561398,0.2909881378232313,15,True,0.0,True,,,,,,,,,,,,,,,,public_usgs_chemistry_nearest_neighbor,,,,,,,,,,,,,,,,,0.0,False,0.49958027731011895,True,0.0,,,[],[],,,,,,,[],[],[],,"[-2.2604790419161676, 0.19936440592323565, 0.09968220283006263, -0.00920716112531969, -1.8354637823664373, -0.09968173608403896, -1.1586508432229856, -0.013157894736842106]",0.4177915653989448,False,,,,,,,{},{},,,,,,,,,[],[],,,[],{},,0.0,0.0,0.0,0.1448157276214156,0.0,0.0,0.0,0.14617241020181573
VPDCPAS1-03->VPDCPAS1-25,VPDCPAS1-03,VPDCPAS1-25,evap,3.5532460181573997,,,"[0.0, 0.0, 0.0, 1.249100722642565, 0.0, 0.0, 0.0, 0.32508252316639985]","['calcite', 'dolomite', 'gypsum', 'halite', 'NO3src', 'denit', 'CaNa_exch', 'MgNa_exch']",1.30711536868047,10.23701183696118,10.734248173314825,1.5741832458089648,16,True,0.0,True,,,,,,,,,,,,,,,,public_usgs_chemistry_nearest_neighbor,,,,,,,,,,,,,,,,,0.0,False,0.4972363363536445,True,0.0,,,[],[],,,,,,,[],[],[],,"[-2.1329735224742565, 0.31054297190634295, 0.15527148566059712, 0.06182085235570963, -2.256784632707839, -0.1552710645464015, -0.667569612755346, -0.015252217980745575]",0.45611736255855295,False,,,,,,,{},{},,,,,,,,,[],[],,,[],{},,0.0,0.0,0.0,1.249100722642565,0.0,0.0,0.0,0.32508252316639985
VPDCPAS1-22->VPDCPAS1-07,VPDCPAS1-22,VPDCPAS1-07,evap,1.0,,,"[0.0, 0.0, 0.0, 0.0, 0.0, 0.0, 0.0, 0.0]","['calcite', 'dolomite', 'gypsum', 'halite', 'NO3src', 'denit', 'CaNa_exch', 'MgNa_exch']",0.398134799960214,10.772907545501093,11.272872950609631,0.0,1,True,0.0,True,,,,,,,,,,,,,,,,public_usgs_chemistry_nearest_neighbor,,,,,,,,,,,,,,,,,0.0,False,0.4999654051085385,True,0.0,,,[],[],,,,,,,[],[],[],,"[-0.36926147704590806, -1.0917317976141505, -0.16920400173988692, -0.0618925831202046, -3.01540478531629, -0.541607898448519, -0.16135748490526752, -0.013157894736842106]",-3.1877429034064786,False,,,,,,,{},{},,,,,,,,,[],[],,,[],{},,0.0,0.0,0.0,0.0,0.0,0.0,0.0,0.0
VPDCPAS1-01->VPDCPAS1-26,VPDCPAS1-01,VPDCPAS1-26,evap,1.7592934945086827,,,"[0.0, 0.0, 0.0, 0.5354567178163384, 0.0, 0.0, 0.0, 0.0]","['calcite', 'dolomite', 'gypsum', 'halite', 'NO3src', 'denit', 'CaNa_exch', 'MgNa_exch']",0.41103943606268845,10.928342131392201,11.42742978080044,0.5354567178163384,2,True,0.0,True,,,,,,,,,,,,,,,,public_usgs_chemistry_nearest_neighbor,,,,,,,,,,,,,,,,,0.0,False,0.4990876494082388,True,0.0,,,[],[],,,,,,,[],[],[],,"[-0.574605572925702, -1.4473327123605935, -0.011363046187183201, -0.06228784990886052, -2.914531853021817, 0.011363047151005445, -0.06902049680534621, 0.0009063786928810277]",0.6826222783222957,False,,,,,,,{},{},,,,,,,,,[],[],,,[],{},,0.0,0.0,0.0,0.5354567178163384,0.0,0.0,0.0,0.0
VPDCPAS1-38->VPDCPAS1-07,VPDCPAS1-38,VPDCPAS1-07,evap,1.0,,,"[0.0, 0.0, 0.0, 0.0, 0.0, 0.0, 0.0, 0.0]","['calcite', 'dolomite', 'gypsum', 'halite', 'NO3src', 'denit', 'CaNa_exch', 'MgNa_exch']",0.3026355423459353,12.774140471192883,13.274105876301421,0.0,1,True,0.0,True,,,,,,,,,,,,,,,,public_usgs_chemistry_nearest_neighbor,,,,,,,,,,,,,,,,,0.0,False,0.4999654051085385,True,0.0,,,[],[],,,,,,,[],[],[],,"[-0.9006986027944112, -1.1904566022213081, -0.3123096998695085, -0.07263427109974424, -3.1956735496558504, -0.4203102961918195, -0.2321465750572559, 0.0005263157894736842]",-3.9656804237306966,False,,,,,,,{},{},,,,,,,,,[],[],,,[],{},,0.0,0.0,0.0,0.0,0.0,0.0,0.0,0.0
VPDCPAS1-25->VPDCPAS1-03,VPDCPAS1-25,VPDCPAS1-03,evap,1.0,,,"[0.0, 0.0, 0.0, 0.0, 0.0, 0.0, 0.2937055422675447, 0.0]","['calcite', 'dolomite', 'gypsum', 'halite', 'NO3src', 'denit', 'CaNa_exch', 'MgNa_exch']",1.6931885718082331,13.098476146254685,13.598432802703398,0.2937055422675447,2,True,0.0,True,,,,,,,,,,,,,,,,public_usgs_chemistry_nearest_neighbor,,,,,,,,,,,,,,,,,0.0,False,0.49995665644871334,True,0.0,,,[],[],,,,,,,[],[],[],,"[-0.8999929674172453, -1.183874948580831, -0.44999648397295766, -0.1081841432225064, -3.01540478531629, -1.2544428772919605, 0.08015823443681033, 0.0031578947368421048]",-2.4974852273379735,False,,,,,,,{},{},,,,,,,,,[],[],,,[],{},,0.0,0.0,0.0,0.0,0.0,0.0,0.2937055422675447,0.0
VPDCPAS1-05->VPDCPAS1-07,VPDCPAS1-05,VPDCPAS1-07,evap,1.0,,,"[0.0, 0.0, 0.0, 0.0, 0.0, 0.0, 0.0, 0.0]","['calcite', 'dolomite', 'gypsum', 'halite', 'NO3src', 'denit', 'CaNa_exch', 'MgNa_exch']",0.25292741299792365,13.374479022125216,13.874444427233755,0.0,1,True,0.0,True,,,,,,,,,,,,,,,,public_usgs_chemistry_nearest_neighbor,,,,,,,,,,,,,,,,,0.0,False,0.4999654051085385,True,0.0,,,[],[],,,,,,,[],[],[],,"[-0.5214570858283433, -1.6552858905800085, -0.024358416702914304, -0.018158567774936064, -3.1628974106850207, -0.3469675599435825, -0.4871955028107433, -0.0010526315789473688]",-4.199049502198108,False,,,,,,,{},{},,,,,,,,,[],[],,,[],{},,0.0,0.0,0.0,0.0,0.0,0.0,0.0,0.0
VPDCPAS1-01->VPDCPAS1-03,VPDCPAS1-01,VPDCPAS1-03,evap,1.0,,,"[0.0, 0.0, 0.0, 0.0, 0.0, 0.0, 0.0, 0.0]","['calcite', 'dolomite', 'gypsum', 'halite', 'NO3src', 'denit', 'CaNa_exch', 'MgNa_exch']",0.2212337967827478,13.975499730554459,14.475456387003172,0.0,1,True,0.0,True,,,,,,,,,,,,,,,,public_usgs_chemistry_nearest_neighbor,,,,,,,,,,,,,,,,,0.0,False,0.49995665644871334,True,0.0,,,[],[],,,,,,,[],[],[],,"[-0.6861277445109781, -1.377211024269848, -0.0930839495432797, -0.04501278772378517, -3.3923303834808256, -0.2868829337094499, 0.0843222985633979, 0.0031578947368421048]",-2.7316633863746285,False,,,,,,,{},{},,,,,,,,,[],[],,,[],{},,0.0,0.0,0.0,0.0,0.0,0.0,0.0,0.0
VPDCPAS1-20->VPDCPAS1-27,VPDCPAS1-20,VPDCPAS1-27,evap,1.0,,,"[0.0, 0.0, 0.0, 0.0, 0.0, 0.0, 0.0, 0.0]","['calcite', 'dolomite', 'gypsum', 'halite', 'NO3src', 'denit', 'CaNa_exch', 'MgNa_exch']",0.1927135695734077,14.721163096820886,15.220684019461649,0.0,1,True,0.0,True,,,,,,,,,,,,,,,,public_usgs_chemistry_nearest_neighbor,,,,,,,,,,,,,,,,,0.0,False,0.4995209226407631,True,0.0,,,[],[],,,,,,,[],[],[],,"[-2.342814371257485, -0.1974496092143151, 0.01739886907351007, -0.01227621483375959, -2.917076368403802, -0.21438645980253868, -0.7984592962731626, -0.010526315789473686]",-0.5166607178017335,False,,,,,,,{},{},,,,,,,,,[],[],,,[],{},,0.0,0.0,0.0,0.0,0.0,0.0,0.0,0.0
VPDCPAS1-01->VPDCPAS1-25,VPDCPAS1-01,VPDCPAS1-25,evap,1.6609744068971555,,,"[0.0, 0.0, 0.0, 0.7729212145757816, 0.0, 0.0, 0.0, 0.0]","['calcite', 'dolomite', 'gypsum', 'halite', 'NO3src', 'denit', 'CaNa_exch', 'MgNa_exch']",0.7385419539303595,18.97918569121463,19.476422027568276,0.7729212145757816,2,True,0.0,True,,,,,,,,,,,,,,,,public_usgs_chemistry_nearest_neighbor,,,,,,,,,,,,,,,,,0.0,False,0.4972363363536445,True,0.0,,,[],[],,,,,,,[],[],[],,"[-1.2424824273016335, -1.2455660035754803, 0.036562475361249236, 0.021416706265064603, -3.984013069432198, -0.036562473969991016, -0.09216782944576488, -0.0010436438003639298]",-0.008345964098539937,False,,,,,,,{},{},,,,,,,,,[],[],,,[],{},,0.0,0.0,0.0,0.7729212145757816,0.0,0.0,0.0,0.0
VPDCPAS1-20->VPDCPAS1-25,VPDCPAS1-20,VPDCPAS1-25,evap,1.2104133287466734,,,"[0.0, 0.0, 0.0, 0.4747124092240965, 0.0, 0.0, 0.0, 0.004424090210886309]","['calcite', 'dolomite', 'gypsum', 'halite', 'NO3src', 'denit', 'CaNa_exch', 'MgNa_exch']",0.3897275596802718,19.377769695928308,19.875006032281952,0.4791364994349828,11,True,0.0,True,,,,,,,,,,,,,,,,public_usgs_chemistry_nearest_neighbor,,,,,,,,,,,,,,,,,0.0,False,0.4972363363536445,True,0.0,,,[],[],,,,,,,[],[],[],,"[-3.0622478196913105, 0.0697431436574185, 0.034871571824727554, 0.06257157398419062, -2.814560879075319, -0.034871014267523925, -1.4377688884247433, -0.01625872273942466]",-0.029522350643580886,False,,,,,,,{},{},,,,,,,,,[],[],,,[],{},,0.0,0.0,0.0,0.4747124092240965,0.0,0.0,0.0,0.004424090210886309
VPDCPAS1-25->VPDCPAS1-23,VPDCPAS1-25,VPDCPAS1-23,evap,1.0,,,"[0.0, 0.0, 0.0, 0.0, 0.0, 0.0, 0.15678010008278367, 0.08819230633011862]","['calcite', 'dolomite', 'gypsum', 'halite', 'NO3src', 'denit', 'CaNa_exch', 'MgNa_exch']",0.5041938982211482,21.708275086678558,22.198801455721988,0.2449724064129023,25,True,0.0,True,,,,,,,,,,,,,,,,public_usgs_chemistry_nearest_neighbor,,,,,,,,,,,,,,,,,0.0,False,0.490526369043429,True,0.0,,,[],[],,,,,,,[],[],[],,"[-0.28153059908477973, -0.28152838201913566, -0.1407641910889409, -0.0649616368286445, -4.600131104555883, -0.535966149506347, 0.27795128044971895, 0.0]",-9.840513595381159,False,,,,,,,{},{},,,,,,,,,[],[],,,[],{},,0.0,0.0,0.0,0.0,0.0,0.0,0.15678010008278367,0.08819230633011862
VPDCPAS1-01->VPDCPAS1-23,VPDCPAS1-01,VPDCPAS1-23,evap,1.0,,,"[0.0, 0.0, 0.03876226307163039, 0.3726042042277488, 0.0, 0.0, 0.0, 0.0]","['calcite', 'dolomite', 'gypsum', 'halite', 'NO3src', 'denit', 'CaNa_exch', 'MgNa_exch']",0.43767732885735533,25.046012967716333,25.536539336759763,0.4113664672993792,2,True,0.0,True,,,,,,,,,,,,,,,,public_usgs_chemistry_nearest_neighbor,,,,,,,,,,,,,,,,,0.0,False,0.490526369043429,True,0.0,,,[],[],,,,,,,[],[],[],,"[-0.24335308143490403, -0.386672151378034, -0.058989589177727064, -0.0017902813299232809, -4.977056702720419, 0.058989589848414736, 0.2433530815046761, 0.0]",-11.507287797050113,False,,,,,,,{},{},,,,,,,,,[],[],,,[],{},,0.0,0.0,0.03876226307163039,0.3726042042277488,0.0,0.0,0.0,0.0
VPDCPAS1-26->VPDCPAS1-03,VPDCPAS1-26,VPDCPAS1-03,evap,1.0,,,"[0.0, 0.0, 0.0, 0.0, 0.0, 0.0, 0.0, 0.08110471006509866]","['calcite', 'dolomite', 'gypsum', 'halite', 'NO3src', 'denit', 'CaNa_exch', 'MgNa_exch']",1.461920173687406,26.522674877697252,27.022631534145965,0.08110471006509866,3,True,0.0,True,,,,,,,,,,,,,,,,public_usgs_chemistry_nearest_neighbor,,,,,,,,,,,,,,,,,0.0,False,0.49995665644871334,True,0.0,,,[],[],,,,,,,[],[],[],,"[-1.4471057884231537, -1.219730789867649, -0.6098653950068188, -0.030690537084398978, -4.621435594886922, -1.0992947813822285, 0.04268165729752241, 0.0010526315789473675]",-6.081943161820258,False,,,,,,,{},{},,,,,,,,,[],[],,,[],{},,0.0,0.0,0.0,0.0,0.0,0.0,0.0,0.08110471006509866
VPDCPAS1-20->VPDCPAS1-03,VPDCPAS1-20,VPDCPAS1-03,evap,1.0,,,"[0.0, 0.0, 0.0, 0.0, 0.0, 0.0, 0.0, 0.0]","['calcite', 'dolomite', 'gypsum', 'halite', 'NO3src', 'denit', 'CaNa_exch', 'MgNa_exch']",0.7391666315435137,30.522742079156572,31.022698735605285,0.0,1,True,0.0,True,,,,,,,,,,,,,,,,public_usgs_chemistry_nearest_neighbor,,,,,,,,,,,,,,,,,0.0,False,0.49995665644871334,True,0.0,,,[],[],,,,,,,[],[],[],,"[-2.844311377245509, -0.8794734677087619, -0.42409743366681174, -0.034526854219948847, -4.457554900032775, -0.6620592383638927, -1.081615656881116, -0.010000000000000002]",-7.15001976777441,False,,,,,,,{},{},,,,,,,,,[],[],,,[],{},,0.0,0.0,0.0,0.0,0.0,0.0,0.0,0.0
VPDCPAS1-26->VPDCPAS1-23,VPDCPAS1-26,VPDCPAS1-23,evap,1.0,,,"[0.0, 0.0, 0.0, 0.0, 0.0, 0.0, 0.0, 0.1165330587933867]","['calcite', 'dolomite', 'gypsum', 'halite', 'NO3src', 'denit', 'CaNa_exch', 'MgNa_exch']",0.5416442711729382,39.7393107437199,40.22983711276333,0.1165330587933867,2,True,0.0,True,,,,,,,,,,,,,,,,public_usgs_chemistry_nearest_neighbor,,,,,,,,,,,,,,,,,0.0,False,0.490526369043429,True,0.0,,,[],[],,,,,,,[],[],[],,"[-0.9655688622754492, -0.2646202657041231, -0.1323101329569413, 0.01253196930946291, -6.206161914126516, -0.380818053596615, 0.240474703310431, -0.0021052631578947372]",-18.844715283377457,False,,,,,,,{},{},,,,,,,,,[],[],,,[],{},,0.0,0.0,0.0,0.0,0.0,0.0,0.0,0.1165330587933867
VPDCPAS1-20->VPDCPAS1-40,VPDCPAS1-20,VPDCPAS1-40,evap,1.0,,,"[0.0, 0.0, 0.0, 0.0, 0.0, 0.0, 0.0, 0.0]","['calcite', 'dolomite', 'gypsum', 'halite', 'NO3src', 'denit', 'CaNa_exch', 'MgNa_exch']",0.9106921595628311,41.0422923208165,41.54225687570778,0.0,1,True,0.0,True,,,,,,,,,,,,,,,,public_usgs_chemistry_nearest_neighbor,,,,,,,,,,,,,,,,,0.0,False,0.4999645548912765,True,0.0,,,[],[],,,,,,,[],[],[],,"[-3.3058882235528944, -0.974496092143151, -0.4649847759895608, -0.040664961636828645, -5.181907571288102, -0.7108603667136811, -1.2602540079117217, -0.012631578947368423]",-25.038405034778307,False,,,,,,,{},{},,,,,,,,,[],[],,,[],{},,0.0,0.0,0.0,0.0,0.0,0.0,0.0,0.0
