workbook,sheet,row,sample_id,reference_model,hydrosheaf_model,gases_modeled,salinity_ppt,elevation_m,reference_temperature_c,reference_excess_air_cm3kg,reference_fractionation,reference_excess_n2_mgl_as_n,hydrosheaf_temperature_c,hydrosheaf_excess_air_cm3kg,hydrosheaf_fractionation,hydrosheaf_rmse_standardized,hydrosheaf_aic,temperature_error_c,excess_air_error_cm3kg,fractionation_error,n_gases,hydrosheaf_flags
DGMETA_20231101_Example_2_Clever.xlsm,Clever_ModOut,4,AEW #14 4/8/16,Unfractionated excess air (UA),UA,"NE, AR, KR, XE",0.0,1703.0,19.3561468381937,,,,19.3561468381937,0.0,0.0,0.5492578083009108,-0.7934988121748976,0.0,,,4,zero_or_negative_excess_air_solution
DGMETA_20231101_Example_2_Clever.xlsm,Clever_ModOut,5,AEW #17 4/8/16,Unfractionated excess air (UA),UA,"NE, AR, KR, XE",0.0,1703.0,19.093288489283225,,,,19.093288489283225,0.0,0.0,0.33662183127475037,-4.7103611289190255,0.0,,,4,zero_or_negative_excess_air_solution
DGMETA_20231101_Example_2_Clever.xlsm,Clever_ModOut,6,AEW #19,Unfractionated excess air (UA),UA,"NE, AR, KR, XE",0.0,1703.0,20.072480284813093,,,,20.072480284813093,0.25,0.0,0.3251287376819168,-4.988272473129992,0.0,,,4,
DGMETA_20231101_Example_2_Clever.xlsm,Clever_ModOut,7,AEW #30 4/8/16,Unfractionated excess air (UA),UA,"NE, AR, KR, XE",0.0,1703.0,19.976450124925798,,,,19.976450124925798,0.0,0.0,0.27071821490998477,-6.4534143715751195,0.0,,,4,zero_or_negative_excess_air_solution
DGMETA_20231101_Example_2_Clever.xlsm,Clever_ModOut,8,AEW#1 4/8/15,Unfractionated excess air (UA),UA,"NE, AR, KR, XE",0.0,1703.0,20.309241134243432,,,,20.309241134243432,0.0,0.0,0.11944471831978665,-12.999212982795044,0.0,,,4,zero_or_negative_excess_air_solution
DGMETA_20231101_Example_2_Clever.xlsm,Clever_ModOut,9,AEW#11,Unfractionated excess air (UA),UA,"NE, AR, KR, XE",0.0,1703.0,20.260624658515137,,,,20.260624658515137,0.0,0.0,0.31472866949537576,-5.248355024218396,0.0,,,4,zero_or_negative_excess_air_solution
DGMETA_20231101_Example_2_Clever.xlsm,Clever_ModOut,10,AEW#15,Unfractionated excess air (UA),UA,"NE, AR, KR, XE",0.0,1703.0,19.527408372276646,,,,19.527408372276646,0.0,0.0,0.39493922833735357,-3.4321870258239464,0.0,,,4,zero_or_negative_excess_air_solution
DGMETA_20231101_Example_2_Clever.xlsm,Clever_ModOut,11,AEW#16 4/8/16,Unfractionated excess air (UA),UA,"NE, AR, KR, XE",0.0,1703.0,19.976450124925798,,,,19.976450124925798,0.0,0.0,0.27071821490998477,-6.4534143715751195,0.0,,,4,zero_or_negative_excess_air_solution
DGMETA_20231101_Example_2_Clever.xlsm,Clever_ModOut,12,AEW#18 4/8/16,Unfractionated excess air (UA),UA,"NE, AR, KR, XE",0.0,1703.0,19.74515847320248,,,,19.74515847320248,0.0,0.0,0.4685849319583309,-2.0643032709659392,0.0,,,4,zero_or_negative_excess_air_solution
DGMETA_20231101_Example_2_Clever.xlsm,Clever_ModOut,13,AEW#21,Unfractionated excess air (UA),UA,"NE, AR, KR, XE",0.0,1703.0,20.081910254458958,,,,20.081910254458958,0.0,0.0,0.2538846556506513,-6.9670018137209055,0.0,,,4,zero_or_negative_excess_air_solution
DGMETA_20231101_Example_2_Clever.xlsm,Clever_ModOut,14,AEW#23 4/8/16,Unfractionated excess air (UA),UA,"NE, AR, KR, XE",0.0,1703.0,19.976450124925798,,,,19.976450124925798,0.0,0.0,0.27071821490998477,-6.4534143715751195,0.0,,,4,zero_or_negative_excess_air_solution
DGMETA_20231101_Example_2_Clever.xlsm,Clever_ModOut,15,AEW#25 4/8/16,Unfractionated excess air (UA),UA,"NE, AR, KR, XE",0.0,1703.0,20.19313025642682,,,,20.19313025642682,0.0,0.0,0.19444236289508277,-9.100955956552799,0.0,,,4,zero_or_negative_excess_air_solution
DGMETA_20231101_Example_2_Clever.xlsm,Clever_ModOut,16,AEW#26,Unfractionated excess air (UA),UA,"NE, AR, KR, XE",0.0,1703.0,20.42389308350928,,,,20.92389308350928,0.25,0.0,0.507492418177714,-1.4261880618327476,0.5,,,4,
DGMETA_20231101_Example_2_Clever.xlsm,Clever_ModOut,17,AEW#27,Unfractionated excess air (UA),UA,"NE, AR, KR, XE",0.0,1703.0,20.201919772726335,,,,20.201919772726335,0.0,0.0,0.43850398190884515,-2.5950910916895777,0.0,,,4,zero_or_negative_excess_air_solution
DGMETA_20231101_Example_2_Clever.xlsm,Clever_ModOut,18,AEW#29 4/8/16,Unfractionated excess air (UA),UA,"NE, AR, KR, XE",0.0,1703.0,20.298759788973854,,,,20.798759788973854,0.25,0.0,0.3773247318295117,-3.7971928372141415,0.5,,,4,
DGMETA_20231101_Example_2_Clever.xlsm,Clever_ModOut,19,AEW#3,Unfractionated excess air (UA),UA,"NE, AR, KR, XE",0.0,1703.0,19.738338613910116,,,,19.738338613910116,0.25,0.0,0.3684439751177225,-3.9877329109593784,0.0,,,4,
DGMETA_20231101_Example_2_Clever.xlsm,Clever_ModOut,20,AEW#31,Unfractionated excess air (UA),UA,"NE, AR, KR, XE",0.0,1703.0,20.16965296836322,,,,20.16965296836322,0.0,0.0,0.19297511929418953,-9.161552111693807,0.0,,,4,zero_or_negative_excess_air_solution
DGMETA_20231101_Example_2_Clever.xlsm,Clever_ModOut,21,AEW#5 4/8/16,Unfractionated excess air (UA),UA,"NE, AR, KR, XE",0.0,1703.0,19.88411005786147,,,,19.88411005786147,0.0,0.0,0.24172705856598145,-7.359568372002791,0.0,,,4,zero_or_negative_excess_air_solution
DGMETA_20231101_Example_2_Clever.xlsm,Clever_ModOut,22,AEW#9 4/8/16,Unfractionated excess air (UA),UA,"NE, AR, KR, XE",0.0,1703.0,19.8755543235759,,,,20.3755543235759,0.25,0.0,0.32670131312465706,-4.9496715281917645,0.5,,,4,
DGMETA_20231101_Example_2_Clever.xlsm,Clever_ModOut,23,AEW #1 1/9/17,Unfractionated excess air (UA),UA,"NE, AR, KR, XE",0.0,1703.0,21.069536744262315,,,,21.069536744262315,0.0,0.0,1.0489702834733095,4.382472004635609,0.0,,,4,zero_or_negative_excess_air_solution
DGMETA_20231101_Example_2_Clever.xlsm,Clever_ModOut,24,AEW #12 1/9/17,Unfractionated excess air (UA),UA,"NE, AR, KR, XE",0.0,1703.0,21.618936833284984,,,,21.618936833284984,0.0,0.0,0.7261147652357293,1.4396224174928713,0.0,,,4,zero_or_negative_excess_air_solution
DGMETA_20231101_Example_2_Clever.xlsm,Clever_ModOut,25,AEW #14 1/9/17,Unfractionated excess air (UA),UA,"NE, AR, KR, XE",0.0,1703.0,20.743435320631573,,,,20.743435320631573,0.0,0.0,0.31488766718797,-5.244314526875225,0.0,,,4,zero_or_negative_excess_air_solution
DGMETA_20231101_Example_2_Clever.xlsm,Clever_ModOut,26,AEW #15 1/9/17,Unfractionated excess air (UA),UA,"NE, AR, KR, XE",0.0,1703.0,19.750762962425572,,,,19.750762962425572,0.0,0.0,0.5372961108852171,-0.96964735623399,0.0,,,4,zero_or_negative_excess_air_solution
DGMETA_20231101_Example_2_Clever.xlsm,Clever_ModOut,27,AEW #16,Unfractionated excess air (UA),UA,"NE, AR, KR, XE",0.0,1703.0,20.984822387311766,,,,20.984822387311766,0.0,0.0,0.25899872229459675,-6.8074572041621035,0.0,,,4,zero_or_negative_excess_air_solution
DGMETA_20231101_Example_2_Clever.xlsm,Clever_ModOut,28,AEW #21 1/9/17,Unfractionated excess air (UA),UA,"NE, AR, KR, XE",0.0,1703.0,20.65122780541925,,,,20.65122780541925,0.0,0.0,0.4913581004035858,-1.6846567063548719,0.0,,,4,zero_or_negative_excess_air_solution
DGMETA_20231101_Example_2_Clever.xlsm,Clever_ModOut,29,AEW #23 1/9/17,Unfractionated excess air (UA),UA,"NE, AR, KR, XE",0.0,1703.0,20.585557493302847,,,,20.585557493302847,0.0,0.0,0.4483027414353639,-2.4182921012724945,0.0,,,4,zero_or_negative_excess_air_solution
DGMETA_20231101_Example_2_Clever.xlsm,Clever_ModOut,30,AEW #6 1/9/17,Unfractionated excess air (UA),UA,"NE, AR, KR, XE",0.0,1703.0,19.923466819593287,,,,19.923466819593287,0.0,0.0,0.36190906845660714,-4.130898326553664,0.0,,,4,zero_or_negative_excess_air_solution
DGMETA_20231101_Example_2_Clever.xlsm,Clever_ModOut,31,AEW #8 1/9/17,Unfractionated excess air (UA),UA,"NE, AR, KR, XE",0.0,1703.0,21.145521370417516,,,,21.145521370417516,0.0,0.0,0.2283958612760632,-7.813399374976516,0.0,,,4,zero_or_negative_excess_air_solution
DGMETA_20231101_Example_2_Clever.xlsm,Clever_ModOut,32,AEW #9 1/9/17,Unfractionated excess air (UA),UA,"NE, AR, KR, XE",0.0,1703.0,20.359278118816388,,,,20.359278118816388,0.0,0.0,0.33009806762379856,-4.866923952413362,0.0,,,4,zero_or_negative_excess_air_solution
DGMETA_20231101_Example_2_Clever.xlsm,Clever_ModOut,33,AEW#10 1/9/17,Unfractionated excess air (UA),UA,"NE, AR, KR, XE",0.0,1703.0,21.253274478450763,,,,21.253274478450763,0.0,0.0,0.387439613198834,-3.5855622339104203,0.0,,,4,zero_or_negative_excess_air_solution
DGMETA_20231101_Example_2_Clever.xlsm,Clever_ModOut,34,AEW#18 1/9/17,Unfractionated excess air (UA),UA,"NE, AR, KR, XE",0.0,1703.0,21.15362452868855,,,,21.15362452868855,0.0,0.0,0.4363684546893983,-2.6341465035916,0.0,,,4,zero_or_negative_excess_air_solution
DGMETA_20231101_Example_2_Clever.xlsm,Clever_ModOut,35,AEW#19 1/9/17,Unfractionated excess air (UA),UA,"NE, AR, KR, XE",0.0,1703.0,20.647776024508616,,,,20.647776024508616,0.0,0.0,0.6891236207553357,1.02132317185868,0.0,,,4,zero_or_negative_excess_air_solution
DGMETA_20231101_Example_2_Clever.xlsm,Clever_ModOut,36,AEW#20 1/9/17,Unfractionated excess air (UA),UA,"NE, AR, KR, XE",0.0,1703.0,21.15362452868855,,,,21.15362452868855,0.0,0.0,0.4363684546893983,-2.6341465035916,0.0,,,4,zero_or_negative_excess_air_solution
DGMETA_20231101_Example_2_Clever.xlsm,Clever_ModOut,37,AEW#22 1/9/17,Unfractionated excess air (UA),UA,"NE, AR, KR, XE",0.0,1703.0,21.46468646465042,,,,21.46468646465042,0.0,0.0,0.5583065220231663,-0.6627771584088391,0.0,,,4,zero_or_negative_excess_air_solution
DGMETA_20231101_Example_2_Clever.xlsm,Clever_ModOut,38,AEW#5,Unfractionated excess air (UA),UA,"NE, AR, KR, XE",0.0,1703.0,21.070112429604563,,,,21.070112429604563,0.0,0.0,0.1782932761119387,-9.794603727345038,0.0,,,4,zero_or_negative_excess_air_solution
DGMETA_20231101_Example_2_Clever.xlsm,Clever_ModOut,39,AEW #12,Unfractionated excess air (UA),UA,"NE, AR, KR, XE",0.0,1703.0,19.573601893595377,,,,19.573601893595377,0.0,0.0,0.6603072335005323,0.6795996242255162,0.0,,,4,zero_or_negative_excess_air_solution
DGMETA_20231101_Example_2_Clever.xlsm,Clever_ModOut,40,AEW #15,Unfractionated excess air (UA),UA,"NE, AR, KR, XE",0.0,1703.0,20.48440967336763,,,,20.48440967336763,0.0,0.0,0.15696918941378477,-10.813645909316973,0.0,,,4,zero_or_negative_excess_air_solution
DGMETA_20231101_Example_2_Clever.xlsm,Clever_ModOut,41,AEW #16,Unfractionated excess air (UA),UA,"NE, AR, KR, XE",0.0,1703.0,19.798476845468766,,,,19.798476845468766,0.0,0.0,0.904394218547682,3.1960805505437246,0.0,,,4,zero_or_negative_excess_air_solution
DGMETA_20231101_Example_2_Clever.xlsm,Clever_ModOut,42,AEW #21 4/24/17,Unfractionated excess air (UA),UA,"NE, AR, KR, XE",0.0,1703.0,20.151545274419597,,,,20.151545274419597,0.0,0.0,0.5793296486866313,-0.36706897595834764,0.0,,,4,zero_or_negative_excess_air_solution
DGMETA_20231101_Example_2_Clever.xlsm,Clever_ModOut,43,AEW #24,Unfractionated excess air (UA),UA,"NE, AR, KR, XE",0.0,1703.0,19.953416046933505,,,,19.953416046933505,0.0,0.0,0.7888141610142689,2.1022038139955104,0.0,,,4,zero_or_negative_excess_air_solution
DGMETA_20231101_Example_2_Clever.xlsm,Clever_ModOut,44,AEW #30,Unfractionated excess air (UA),UA,"NE, AR, KR, XE",0.0,1703.0,19.826083161999332,,,,19.826083161999332,0.0,0.0,0.30072181766056993,-5.612557083059073,0.0,,,4,zero_or_negative_excess_air_solution
DGMETA_20231101_Example_2_Clever.xlsm,Clever_ModOut,45,AEW #5,Unfractionated excess air (UA),UA,"NE, AR, KR, XE",0.0,1703.0,20.22182315515503,,,,20.22182315515503,0.0,0.0,0.39635357253248926,-3.4035888492756188,0.0,,,4,zero_or_negative_excess_air_solution
DGMETA_20231101_Example_2_Clever.xlsm,Clever_ModOut,46,AEW #9,Unfractionated excess air (UA),UA,"NE, AR, KR, XE",0.0,1703.0,20.084754756290653,,,,20.084754756290653,0.0,0.0,0.3704541817520026,-3.944204063038093,0.0,,,4,zero_or_negative_excess_air_solution
DGMETA_20231101_Example_2_Clever.xlsm,Clever_ModOut,47,AEW#18 4/24/17,Unfractionated excess air (UA),UA,"NE, AR, KR, XE",0.0,1703.0,19.78267425327229,,,,19.78267425327229,0.0,0.0,0.5671666390441745,-0.5368169792951116,0.0,,,4,zero_or_negative_excess_air_solution
DGMETA_20231101_Example_2_Clever.xlsm,Clever_ModOut,48,AEW #21,Unfractionated excess air (UA),UA,"NE, AR, KR, XE",0.0,1703.0,20.821990526493078,,,,20.821990526493078,0.0,0.0,0.18695530041252872,-9.415085807425143,0.0,,,4,zero_or_negative_excess_air_solution
DGMETA_20231101_Example_2_Clever.xlsm,Clever_ModOut,49,AEW #26,Unfractionated excess air (UA),UA,"NE, AR, KR, XE",0.0,1703.0,20.125306073457214,,,,20.125306073457214,0.0,0.0,0.3866718922882731,-3.601430152820157,0.0,,,4,zero_or_negative_excess_air_solution
DGMETA_20231101_Example_2_Clever.xlsm,Clever_ModOut,50,AEW #5,Unfractionated excess air (UA),UA,"NE, AR, KR, XE",0.0,1703.0,20.29188191293501,,,,20.29188191293501,0.0,0.0,0.16362854119976078,-10.481251302545026,0.0,,,4,zero_or_negative_excess_air_solution
DGMETA_20231101_Example_2_Clever.xlsm,Clever_ModOut,51,AEW #1,Unfractionated excess air (UA),UA,"NE, AR, KR, XE",0.0,1703.0,19.58753226442529,,,,19.58753226442529,0.0,0.0,0.2952898639644727,-5.758382522860144,0.0,,,4,zero_or_negative_excess_air_solution
DGMETA_20231101_Example_2_Clever.xlsm,Clever_ModOut,52,AEW #2,Unfractionated excess air (UA),UA,"NE, AR, KR, XE",0.0,1703.0,19.139682055643455,,,,19.139682055643455,0.0,0.0,0.3331843346620385,-4.792475076915945,0.0,,,4,zero_or_negative_excess_air_solution
DGMETA_20231101_Example_2_Clever.xlsm,Clever_ModOut,53,AEW #7,Unfractionated excess air (UA),UA,"NE, AR, KR, XE",0.0,1703.0,19.30616404602474,,,,19.30616404602474,0.0,0.0,0.3357278801284698,-4.731634621755266,0.0,,,4,zero_or_negative_excess_air_solution
DGMETA_20231101_Example_2_Clever.xlsm,Clever_ModOut,54,AEW #8,Unfractionated excess air (UA),UA,"NE, AR, KR, XE",0.0,1703.0,19.357542664184837,,,,19.357542664184837,0.0,0.0,0.43548198222192364,-2.6504148493615602,0.0,,,4,zero_or_negative_excess_air_solution
DGMETA_20231101_Example_2_Clever.xlsm,Clever_ModOut,55,SW-#7_1_C,Unfractionated excess air (UA),UA,"NE, AR, KR, XE",34.2,0.0,0.9633312176582067,,,,1.0,0.0,0.0,0.48852917702465265,-1.7308486519559478,0.03666878234179327,,,4,zero_or_negative_excess_air_solution
DGMETA_20231101_Example_2_Clever.xlsm,Clever_ModOut,56,SW-#8_5.5_C,Unfractionated excess air (UA),UA,"NE, AR, KR, XE",34.2,0.0,5.8758385074626585,,,,5.8758385074626585,0.0,0.0,0.7911020556188579,2.1253736117836506,0.0,,,4,zero_or_negative_excess_air_solution
DGMETA_20231101_Example_2_Clever.xlsm,Clever_ModOut,57,SW-#1-6_7.5_C,Unfractionated excess air (UA),UA,"NE, AR, KR, XE",34.2,0.0,7.556039818489956,,,,7.556039818489956,0.0,0.0,0.16246185755796452,-10.538496219874018,0.0,,,4,zero_or_negative_excess_air_solution
DGMETA_20231101_Example_2_Clever.xlsm,Clever_ModOut,58,SW-#9_10_C,Unfractionated excess air (UA),UA,"NE, AR, KR, XE",34.2,0.0,9.808899405805496,,,,10.308899405805496,0.0,0.0,0.6231568468713675,0.21634374997700467,0.5,,,4,zero_or_negative_excess_air_solution
DGMETA_20231101_Example_2_Clever.xlsm,Clever_ModOut,59,SW-#10_14.4_C,Unfractionated excess air (UA),UA,"NE, AR, KR, XE",34.2,0.0,14.865815522619862,,,,14.865815522619862,0.0,0.0,0.2666476893093669,-6.574616060836391,0.0,,,4,zero_or_negative_excess_air_solution
DGMETA_20231101_Example_2_Clever.xlsm,Clever_ModOut,60,SW-#11_17_C,Unfractionated excess air (UA),UA,"NE, AR, KR, XE",34.2,0.0,16.385679851045968,,,,16.885679851045968,0.25,0.0,0.4708414062889991,-2.0258716694089145,0.5,,,4,
DGMETA_20231101_Example_2_Clever.xlsm,Clever_ModOut,61,SW-#12_21.3_C,Unfractionated excess air (UA),UA,"NE, AR, KR, XE",34.2,0.0,21.85429849707434,,,,22.35429849707434,0.25,0.0,0.44331138381144314,-2.5078628628789605,0.5,,,4,
DGMETA_20231101_Example_2_Clever.xlsm,Clever_ModOut,62,SW-#13_24.6_C,Unfractionated excess air (UA),UA,"NE, AR, KR, XE",34.2,0.0,24.592318593592765,,,,25.092318593592765,0.5,0.0,0.4374951173351753,-2.6135178689879,0.5,,,4,
DGMETA_20231101_Example_2_Clever.xlsm,Clever_ModOut,63,SW-#14_29.6_C,Unfractionated excess air (UA),UA,"NE, AR, KR, XE",34.2,0.0,29.42941204225682,,,,29.42941204225682,0.0,0.0,0.47902979480163455,-1.887939851316772,0.0,,,4,zero_or_negative_excess_air_solution
DGMETA_20231101_Example_2_Hamme.xlsm,Hamme_ModOut,4,AEW #14 4/8/16,Unfractionated excess air (UA),UA,"NE, AR, KR, XE",0.0,1703.0,19.414360408397688,,,,19.414360408397688,0.0,0.0,0.5889383214901163,-0.23547054518448807,0.0,,,4,zero_or_negative_excess_air_solution
DGMETA_20231101_Example_2_Hamme.xlsm,Hamme_ModOut,5,AEW #17 4/8/16,Unfractionated excess air (UA),UA,"NE, AR, KR, XE",0.0,1703.0,19.153605418958886,,,,19.153605418958886,0.0,0.0,0.339633011776046,-4.639116971585741,0.0,,,4,zero_or_negative_excess_air_solution
DGMETA_20231101_Example_2_Hamme.xlsm,Hamme_ModOut,6,AEW #19,Unfractionated excess air (UA),UA,"NE, AR, KR, XE",0.0,1703.0,20.143527098357886,,,,20.143527098357886,0.0,0.0,0.3168637800538074,-5.194266507022309,0.0,,,4,zero_or_negative_excess_air_solution
DGMETA_20231101_Example_2_Hamme.xlsm,Hamme_ModOut,7,AEW #30 4/8/16,Unfractionated excess air (UA),UA,"NE, AR, KR, XE",0.0,1703.0,20.039666600757045,,,,20.039666600757045,0.0,0.0,0.3288442014356847,-4.89736953796065,0.0,,,4,zero_or_negative_excess_air_solution
DGMETA_20231101_Example_2_Hamme.xlsm,Hamme_ModOut,8,AEW#1 4/8/15,Unfractionated excess air (UA),UA,"NE, AR, KR, XE",0.0,1703.0,20.359909741344865,,,,20.359909741344865,0.0,0.0,0.16574046101456655,-10.37865761609821,0.0,,,4,zero_or_negative_excess_air_solution
DGMETA_20231101_Example_2_Hamme.xlsm,Hamme_ModOut,9,AEW#11,Unfractionated excess air (UA),UA,"NE, AR, KR, XE",0.0,1703.0,20.33160211917802,,,,20.33160211917802,0.0,0.0,0.22989959268812873,-7.760900951248406,0.0,,,4,zero_or_negative_excess_air_solution
DGMETA_20231101_Example_2_Hamme.xlsm,Hamme_ModOut,10,AEW#15,Unfractionated excess air (UA),UA,"NE, AR, KR, XE",0.0,1703.0,19.59463812624632,,,,19.59463812624632,0.0,0.0,0.36302848809714794,-4.106191745521452,0.0,,,4,zero_or_negative_excess_air_solution
DGMETA_20231101_Example_2_Hamme.xlsm,Hamme_ModOut,11,AEW#16 4/8/16,Unfractionated excess air (UA),UA,"NE, AR, KR, XE",0.0,1703.0,20.039666600757045,,,,20.039666600757045,0.0,0.0,0.3288442014356847,-4.89736953796065,0.0,,,4,zero_or_negative_excess_air_solution
DGMETA_20231101_Example_2_Hamme.xlsm,Hamme_ModOut,12,AEW#18 4/8/16,Unfractionated excess air (UA),UA,"NE, AR, KR, XE",0.0,1703.0,19.810842049047455,,,,19.810842049047455,0.0,0.0,0.42102191122937527,-2.920563207828873,0.0,,,4,zero_or_negative_excess_air_solution
DGMETA_20231101_Example_2_Hamme.xlsm,Hamme_ModOut,13,AEW#21,Unfractionated excess air (UA),UA,"NE, AR, KR, XE",0.0,1703.0,20.149607002369084,,,,20.149607002369084,0.0,0.0,0.1896838907080131,-9.299170603826441,0.0,,,4,zero_or_negative_excess_air_solution
DGMETA_20231101_Example_2_Hamme.xlsm,Hamme_ModOut,14,AEW#23 4/8/16,Unfractionated excess air (UA),UA,"NE, AR, KR, XE",0.0,1703.0,20.039666600757045,,,,20.039666600757045,0.0,0.0,0.3288442014356847,-4.89736953796065,0.0,,,4,zero_or_negative_excess_air_solution
DGMETA_20231101_Example_2_Hamme.xlsm,Hamme_ModOut,15,AEW#25 4/8/16,Unfractionated excess air (UA),UA,"NE, AR, KR, XE",0.0,1703.0,20.25846647982752,,,,20.25846647982752,0.0,0.0,0.2683587192231078,-6.523445511249026,0.0,,,4,zero_or_negative_excess_air_solution
DGMETA_20231101_Example_2_Hamme.xlsm,Hamme_ModOut,16,AEW#26,Unfractionated excess air (UA),UA,"NE, AR, KR, XE",0.0,1703.0,20.4941775011885,,,,20.9941775011885,0.25,0.0,0.5423575828091397,-0.8946379855956632,0.5,,,4,
DGMETA_20231101_Example_2_Hamme.xlsm,Hamme_ModOut,17,AEW#27,Unfractionated excess air (UA),UA,"NE, AR, KR, XE",0.0,1703.0,20.26926699917439,,,,20.26926699917439,0.0,0.0,0.40312598338743366,-3.268049216195098,0.0,,,4,zero_or_negative_excess_air_solution
DGMETA_20231101_Example_2_Hamme.xlsm,Hamme_ModOut,18,AEW#29 4/8/16,Unfractionated excess air (UA),UA,"NE, AR, KR, XE",0.0,1703.0,20.369486336812997,,,,20.869486336812997,0.25,0.0,0.4116157635238418,-3.1013198207417387,0.5,,,4,
DGMETA_20231101_Example_2_Hamme.xlsm,Hamme_ModOut,19,AEW#3,Unfractionated excess air (UA),UA,"NE, AR, KR, XE",0.0,1703.0,19.809023546543347,,,,19.809023546543347,0.25,0.0,0.39053133919580973,-3.5219764712001442,0.0,,,4,
DGMETA_20231101_Example_2_Hamme.xlsm,Hamme_ModOut,20,AEW#31,Unfractionated excess air (UA),UA,"NE, AR, KR, XE",0.0,1703.0,20.235305337822677,,,,20.235305337822677,0.0,0.0,0.2130428883806714,-8.370094237134575,0.0,,,4,zero_or_negative_excess_air_solution
DGMETA_20231101_Example_2_Hamme.xlsm,Hamme_ModOut,21,AEW#5 4/8/16,Unfractionated excess air (UA),UA,"NE, AR, KR, XE",0.0,1703.0,19.95209167976478,,,,19.95209167976478,0.0,0.0,0.14043011502005942,-11.704362527569625,0.0,,,4,zero_or_negative_excess_air_solution
DGMETA_20231101_Example_2_Hamme.xlsm,Hamme_ModOut,22,AEW#9 4/8/16,Unfractionated excess air (UA),UA,"NE, AR, KR, XE",0.0,1703.0,19.94537900282389,,,,20.44537900282389,0.25,0.0,0.34674592686309147,-4.4733037317269915,0.5,,,4,
DGMETA_20231101_Example_2_Hamme.xlsm,Hamme_ModOut,23,AEW #1 1/9/17,Unfractionated excess air (UA),UA,"NE, AR, KR, XE",0.0,1703.0,21.14031710959551,,,,21.14031710959551,0.0,0.0,1.0423285706052419,4.331657764020288,0.0,,,4,zero_or_negative_excess_air_solution
DGMETA_20231101_Example_2_Hamme.xlsm,Hamme_ModOut,24,AEW #12 1/9/17,Unfractionated excess air (UA),UA,"NE, AR, KR, XE",0.0,1703.0,21.68696312282597,,,,21.68696312282597,0.0,0.0,0.7642483694551541,1.8491003861093653,0.0,,,4,zero_or_negative_excess_air_solution
DGMETA_20231101_Example_2_Hamme.xlsm,Hamme_ModOut,25,AEW #14 1/9/17,Unfractionated excess air (UA),UA,"NE, AR, KR, XE",0.0,1703.0,20.808619429526914,,,,20.808619429526914,0.0,0.0,0.4034638644192487,-3.261346805000664,0.0,,,4,zero_or_negative_excess_air_solution
DGMETA_20231101_Example_2_Hamme.xlsm,Hamme_ModOut,26,AEW #15 1/9/17,Unfractionated excess air (UA),UA,"NE, AR, KR, XE",0.0,1703.0,19.807715000914794,,,,19.807715000914794,0.0,0.0,0.6416706837379735,0.45055951538327665,0.0,,,4,zero_or_negative_excess_air_solution
DGMETA_20231101_Example_2_Hamme.xlsm,Hamme_ModOut,27,AEW #16,Unfractionated excess air (UA),UA,"NE, AR, KR, XE",0.0,1703.0,21.052311584939915,,,,21.052311584939915,0.0,0.0,0.36383394523480245,-4.088461678748857,0.0,,,4,zero_or_negative_excess_air_solution
DGMETA_20231101_Example_2_Hamme.xlsm,Hamme_ModOut,28,AEW #21 1/9/17,Unfractionated excess air (UA),UA,"NE, AR, KR, XE",0.0,1703.0,20.713146966472152,,,,20.713146966472152,0.0,0.0,0.5993733876088329,-0.09496418775098991,0.0,,,4,zero_or_negative_excess_air_solution
DGMETA_20231101_Example_2_Hamme.xlsm,Hamme_ModOut,29,AEW #23 1/9/17,Unfractionated excess air (UA),UA,"NE, AR, KR, XE",0.0,1703.0,20.646972234873736,,,,20.646972234873736,0.0,0.0,0.5601618211731993,-0.6362365649197779,0.0,,,4,zero_or_negative_excess_air_solution
DGMETA_20231101_Example_2_Hamme.xlsm,Hamme_ModOut,30,AEW #6 1/9/17,Unfractionated excess air (UA),UA,"NE, AR, KR, XE",0.0,1703.0,19.983573559725635,,,,19.983573559725635,0.0,0.0,0.4677467150021556,-2.078626694642826,0.0,,,4,zero_or_negative_excess_air_solution
DGMETA_20231101_Example_2_Hamme.xlsm,Hamme_ModOut,31,AEW #8 1/9/17,Unfractionated excess air (UA),UA,"NE, AR, KR, XE",0.0,1703.0,21.21351108890221,,,,21.21351108890221,0.0,0.0,0.3319097089775172,-4.823138463718529,0.0,,,4,zero_or_negative_excess_air_solution
DGMETA_20231101_Example_2_Hamme.xlsm,Hamme_ModOut,32,AEW #9 1/9/17,Unfractionated excess air (UA),UA,"NE, AR, KR, XE",0.0,1703.0,20.422855488866034,,,,20.422855488866034,0.0,0.0,0.43216918989279923,-2.7115049931189255,0.0,,,4,zero_or_negative_excess_air_solution
DGMETA_20231101_Example_2_Hamme.xlsm,Hamme_ModOut,33,AEW#10 1/9/17,Unfractionated excess air (UA),UA,"NE, AR, KR, XE",0.0,1703.0,21.31955671486329,,,,21.31955671486329,0.0,0.0,0.49345880038796747,-1.6505272649319185,0.0,,,4,zero_or_negative_excess_air_solution
DGMETA_20231101_Example_2_Hamme.xlsm,Hamme_ModOut,34,AEW#18 1/9/17,Unfractionated excess air (UA),UA,"NE, AR, KR, XE",0.0,1703.0,21.239632198992716,,,,21.239632198992716,0.0,0.0,0.5524571284318427,-0.7470355535951851,0.0,,,4,zero_or_negative_excess_air_solution
DGMETA_20231101_Example_2_Hamme.xlsm,Hamme_ModOut,35,AEW#19 1/9/17,Unfractionated excess air (UA),UA,"NE, AR, KR, XE",0.0,1703.0,20.706416255366833,,,,20.706416255366833,0.0,0.0,0.8028742604924357,2.243542684168407,0.0,,,4,zero_or_negative_excess_air_solution
DGMETA_20231101_Example_2_Hamme.xlsm,Hamme_ModOut,36,AEW#20 1/9/17,Unfractionated excess air (UA),UA,"NE, AR, KR, XE",0.0,1703.0,21.239632198992716,,,,21.239632198992716,0.0,0.0,0.5524571284318427,-0.7470355535951851,0.0,,,4,zero_or_negative_excess_air_solution
DGMETA_20231101_Example_2_Hamme.xlsm,Hamme_ModOut,37,AEW#22 1/9/17,Unfractionated excess air (UA),UA,"NE, AR, KR, XE",0.0,1703.0,21.530358763647254,,,,21.530358763647254,0.0,0.0,0.6592846132535012,0.6672003908806499,0.0,,,4,zero_or_negative_excess_air_solution
DGMETA_20231101_Example_2_Hamme.xlsm,Hamme_ModOut,38,AEW#5,Unfractionated excess air (UA),UA,"NE, AR, KR, XE",0.0,1703.0,21.141055146266833,,,,21.141055146266833,0.0,0.0,0.17800051023216387,-9.807750897770635,0.0,,,4,zero_or_negative_excess_air_solution
DGMETA_20231101_Example_2_Hamme.xlsm,Hamme_ModOut,39,AEW #12,Unfractionated excess air (UA),UA,"NE, AR, KR, XE",0.0,1703.0,19.647529634701996,,,,19.647529634701996,0.0,0.0,0.7539385539050915,1.7404447376837608,0.0,,,4,zero_or_negative_excess_air_solution
DGMETA_20231101_Example_2_Hamme.xlsm,Hamme_ModOut,40,AEW #15,Unfractionated excess air (UA),UA,"NE, AR, KR, XE",0.0,1703.0,20.574756908396385,,,,20.574756908396385,0.0,0.0,0.07307212520915675,-16.930466472296523,0.0,,,4,zero_or_negative_excess_air_solution
DGMETA_20231101_Example_2_Hamme.xlsm,Hamme_ModOut,41,AEW #16,Unfractionated excess air (UA),UA,"NE, AR, KR, XE",0.0,1703.0,19.8690129853877,,,,19.8690129853877,0.0,0.0,1.0051769421616552,4.041308702930905,0.0,,,4,zero_or_negative_excess_air_solution
DGMETA_20231101_Example_2_Hamme.xlsm,Hamme_ModOut,42,AEW #21 4/24/17,Unfractionated excess air (UA),UA,"NE, AR, KR, XE",0.0,1703.0,20.227982697416074,,,,20.227982697416074,0.0,0.0,0.6828825900528191,0.9485413001714131,0.0,,,4,zero_or_negative_excess_air_solution
DGMETA_20231101_Example_2_Hamme.xlsm,Hamme_ModOut,43,AEW #24,Unfractionated excess air (UA),UA,"NE, AR, KR, XE",0.0,1703.0,20.025352164327554,,,,20.025352164327554,0.0,0.0,0.8955271171447853,3.1172577890309445,0.0,,,4,zero_or_negative_excess_air_solution
DGMETA_20231101_Example_2_Hamme.xlsm,Hamme_ModOut,44,AEW #30,Unfractionated excess air (UA),UA,"NE, AR, KR, XE",0.0,1703.0,19.90602505133372,,,,19.90602505133372,0.0,0.0,0.3811744257229763,-3.7159855865765685,0.0,,,4,zero_or_negative_excess_air_solution
DGMETA_20231101_Example_2_Hamme.xlsm,Hamme_ModOut,45,AEW #5,Unfractionated excess air (UA),UA,"NE, AR, KR, XE",0.0,1703.0,20.280369892330345,,,,20.280369892330345,0.0,0.0,0.40604421251237754,-3.2103458199648243,0.0,,,4,zero_or_negative_excess_air_solution
DGMETA_20231101_Example_2_Hamme.xlsm,Hamme_ModOut,46,AEW #9,Unfractionated excess air (UA),UA,"NE, AR, KR, XE",0.0,1703.0,20.16429447158382,,,,20.16429447158382,0.0,0.0,0.4730676866236764,-1.9881344003506012,0.0,,,4,zero_or_negative_excess_air_solution
DGMETA_20231101_Example_2_Hamme.xlsm,Hamme_ModOut,47,AEW#18 4/24/17,Unfractionated excess air (UA),UA,"NE, AR, KR, XE",0.0,1703.0,19.839248105965968,,,,19.839248105965968,0.0,0.0,0.6603758467437703,0.6804308697447605,0.0,,,4,zero_or_negative_excess_air_solution
DGMETA_20231101_Example_2_Hamme.xlsm,Hamme_ModOut,48,AEW #21,Unfractionated excess air (UA),UA,"NE, AR, KR, XE",0.0,1703.0,20.9139081686077,,,,20.9139081686077,0.0,0.0,0.19857213555332262,-8.932822732628619,0.0,,,4,zero_or_negative_excess_air_solution
DGMETA_20231101_Example_2_Hamme.xlsm,Hamme_ModOut,49,AEW #26,Unfractionated excess air (UA),UA,"NE, AR, KR, XE",0.0,1703.0,20.20744879110822,,,,20.20744879110822,0.0,0.0,0.46913885005400496,-2.0548519903952442,0.0,,,4,zero_or_negative_excess_air_solution
DGMETA_20231101_Example_2_Hamme.xlsm,Hamme_ModOut,50,AEW #5,Unfractionated excess air (UA),UA,"NE, AR, KR, XE",0.0,1703.0,20.378993649320755,,,,20.378993649320755,0.0,0.0,0.15228573709421842,-11.055973388298035,0.0,,,4,zero_or_negative_excess_air_solution
DGMETA_20231101_Example_2_Hamme.xlsm,Hamme_ModOut,51,AEW #1,Unfractionated excess air (UA),UA,"NE, AR, KR, XE",0.0,1703.0,19.66744840350857,,,,19.66744840350857,0.0,0.0,0.36193442441181733,-4.130337852794453,0.0,,,4,zero_or_negative_excess_air_solution
DGMETA_20231101_Example_2_Hamme.xlsm,Hamme_ModOut,52,AEW #2,Unfractionated excess air (UA),UA,"NE, AR, KR, XE",0.0,1703.0,19.216585856088596,,,,19.216585856088596,0.0,0.0,0.3946289467424882,-3.4384746472480243,0.0,,,4,zero_or_negative_excess_air_solution
DGMETA_20231101_Example_2_Hamme.xlsm,Hamme_ModOut,53,AEW #7,Unfractionated excess air (UA),UA,"NE, AR, KR, XE",0.0,1703.0,19.386000780201513,,,,19.386000780201513,0.0,0.0,0.4084531344131404,-3.163024778419511,0.0,,,4,zero_or_negative_excess_air_solution
DGMETA_20231101_Example_2_Hamme.xlsm,Hamme_ModOut,54,AEW #8,Unfractionated excess air (UA),UA,"NE, AR, KR, XE",0.0,1703.0,19.43563365954693,,,,19.43563365954693,0.0,0.0,0.5206464674061808,-1.2214722639815347,0.0,,,4,zero_or_negative_excess_air_solution
DGMETA_20231101_Example_2_Hamme.xlsm,Hamme_ModOut,55,SW-#7_1_C,Unfractionated excess air (UA),UA,"NE, AR, KR, XE",34.2,0.0,1.218387860883862,,,,1.0,0.0,0.0,0.4869291250333864,-1.7570936024237467,-0.21838786088386208,,,4,zero_or_negative_excess_air_solution
DGMETA_20231101_Example_2_Hamme.xlsm,Hamme_ModOut,56,SW-#8_5.5_C,Unfractionated excess air (UA),UA,"NE, AR, KR, XE",34.2,0.0,5.960380242013018,,,,5.960380242013018,0.0,0.0,0.7511017463227638,1.7102867578195848,0.0,,,4,zero_or_negative_excess_air_solution
DGMETA_20231101_Example_2_Hamme.xlsm,Hamme_ModOut,57,SW-#1-6_7.5_C,Unfractionated excess air (UA),UA,"NE, AR, KR, XE",34.2,0.0,7.6123518894883535,,,,7.6123518894883535,0.0,0.0,0.10893413809335338,-13.736094536430436,0.0,,,4,zero_or_negative_excess_air_solution
DGMETA_20231101_Example_2_Hamme.xlsm,Hamme_ModOut,58,SW-#9_10_C,Unfractionated excess air (UA),UA,"NE, AR, KR, XE",34.2,0.0,9.83644221745506,,,,10.33644221745506,0.0,0.0,0.6419317073172205,0.45381315323454796,0.5,,,4,zero_or_negative_excess_air_solution
DGMETA_20231101_Example_2_Hamme.xlsm,Hamme_ModOut,59,SW-#10_14.4_C,Unfractionated excess air (UA),UA,"NE, AR, KR, XE",34.2,0.0,14.8232507203334,,,,14.8232507203334,0.0,0.0,0.32330385984516663,-5.033301243405919,0.0,,,4,zero_or_negative_excess_air_solution
DGMETA_20231101_Example_2_Hamme.xlsm,Hamme_ModOut,60,SW-#11_17_C,Unfractionated excess air (UA),UA,"NE, AR, KR, XE",34.2,0.0,16.335898867100653,,,,16.835898867100653,0.25,0.0,0.51845076834648,-1.2552816477763429,0.5,,,4,
DGMETA_20231101_Example_2_Hamme.xlsm,Hamme_ModOut,61,SW-#12_21.3_C,Unfractionated excess air (UA),UA,"NE, AR, KR, XE",34.2,0.0,21.78564047393965,,,,22.28564047393965,0.25,0.0,0.4013653887687914,-3.3030645809889574,0.5,,,4,
DGMETA_20231101_Example_2_Hamme.xlsm,Hamme_ModOut,62,SW-#13_24.6_C,Unfractionated excess air (UA),UA,"NE, AR, KR, XE",34.2,0.0,24.576070315661443,,,,25.076070315661443,0.5,0.0,0.3889519612070472,-3.554395488244751,0.5,,,4,
DGMETA_20231101_Example_2_Hamme.xlsm,Hamme_ModOut,63,SW-#14_29.6_C,Unfractionated excess air (UA),UA,"NE, AR, KR, XE",34.2,0.0,29.478635974065725,,,,29.478635974065725,0.0,0.0,0.361174636625948,-4.147149437246426,0.0,,,4,zero_or_negative_excess_air_solution
DGMETA_20231101_Example_2_Jenkins.xlsm,Jenkins_ModOut,4,AEW #14 4/8/16,Unfractionated excess air (UA),UA,"NE, AR, KR, XE",0.0,1703.0,19.747534627620226,,,,19.747534627620226,0.0,0.0,0.6706056211038736,0.8034074977254888,0.0,,,4,zero_or_negative_excess_air_solution
DGMETA_20231101_Example_2_Jenkins.xlsm,Jenkins_ModOut,5,AEW #17 4/8/16,Unfractionated excess air (UA),UA,"NE, AR, KR, XE",0.0,1703.0,19.482192558112832,,,,19.482192558112832,0.0,0.0,0.41376964587878007,-3.059566967453155,0.0,,,4,zero_or_negative_excess_air_solution
DGMETA_20231101_Example_2_Jenkins.xlsm,Jenkins_ModOut,6,AEW #19,Unfractionated excess air (UA),UA,"NE, AR, KR, XE",0.0,1703.0,20.48327894719499,,,,20.48327894719499,0.0,0.0,0.3095563018501022,-5.380922328986566,0.0,,,4,zero_or_negative_excess_air_solution
DGMETA_20231101_Example_2_Jenkins.xlsm,Jenkins_ModOut,7,AEW #30 4/8/16,Unfractionated excess air (UA),UA,"NE, AR, KR, XE",0.0,1703.0,20.382370561431312,,,,20.382370561431312,0.0,0.0,0.3299438449043328,-4.87066244766574,0.0,,,4,zero_or_negative_excess_air_solution
DGMETA_20231101_Example_2_Jenkins.xlsm,Jenkins_ModOut,8,AEW#1 4/8/15,Unfractionated excess air (UA),UA,"NE, AR, KR, XE",0.0,1703.0,20.69721828806707,,,,20.69721828806707,0.0,0.0,0.20261224378543952,-8.77169004559361,0.0,,,4,zero_or_negative_excess_air_solution
DGMETA_20231101_Example_2_Jenkins.xlsm,Jenkins_ModOut,9,AEW#11,Unfractionated excess air (UA),UA,"NE, AR, KR, XE",0.0,1703.0,20.67370413725196,,,,20.67370413725196,0.0,0.0,0.21946470646376873,-8.132510799943757,0.0,,,4,zero_or_negative_excess_air_solution
DGMETA_20231101_Example_2_Jenkins.xlsm,Jenkins_ModOut,10,AEW#15,Unfractionated excess air (UA),UA,"NE, AR, KR, XE",0.0,1703.0,19.925386197530532,,,,19.925386197530532,0.0,0.0,0.3084534144035059,-5.4094756306810865,0.0,,,4,zero_or_negative_excess_air_solution
DGMETA_20231101_Example_2_Jenkins.xlsm,Jenkins_ModOut,11,AEW#16 4/8/16,Unfractionated excess air (UA),UA,"NE, AR, KR, XE",0.0,1703.0,20.382370561431312,,,,20.382370561431312,0.0,0.0,0.3299438449043328,-4.87066244766574,0.0,,,4,zero_or_negative_excess_air_solution
DGMETA_20231101_Example_2_Jenkins.xlsm,Jenkins_ModOut,12,AEW#18 4/8/16,Unfractionated excess air (UA),UA,"NE, AR, KR, XE",0.0,1703.0,20.14835561975952,,,,20.14835561975952,0.0,0.0,0.47808042667504724,-1.9038104320150726,0.0,,,4,zero_or_negative_excess_air_solution
DGMETA_20231101_Example_2_Jenkins.xlsm,Jenkins_ModOut,13,AEW#21,Unfractionated excess air (UA),UA,"NE, AR, KR, XE",0.0,1703.0,20.491998699384535,,,,20.491998699384535,0.0,0.0,0.16464539135381123,-10.431690088915609,0.0,,,4,zero_or_negative_excess_air_solution
DGMETA_20231101_Example_2_Jenkins.xlsm,Jenkins_ModOut,14,AEW#23 4/8/16,Unfractionated excess air (UA),UA,"NE, AR, KR, XE",0.0,1703.0,20.382370561431312,,,,20.382370561431312,0.0,0.0,0.3299438449043328,-4.87066244766574,0.0,,,4,zero_or_negative_excess_air_solution
DGMETA_20231101_Example_2_Jenkins.xlsm,Jenkins_ModOut,15,AEW#25 4/8/16,Unfractionated excess air (UA),UA,"NE, AR, KR, XE",0.0,1703.0,20.60278411040043,,,,20.60278411040043,0.0,0.0,0.26201949945585234,-6.714690820691654,0.0,,,4,zero_or_negative_excess_air_solution
DGMETA_20231101_Example_2_Jenkins.xlsm,Jenkins_ModOut,16,AEW#26,Unfractionated excess air (UA),UA,"NE, AR, KR, XE",0.0,1703.0,20.841682256850103,,,,21.341682256850103,0.25,0.0,0.6090417381026817,0.03305217481356415,0.5,,,4,
DGMETA_20231101_Example_2_Jenkins.xlsm,Jenkins_ModOut,17,AEW#27,Unfractionated excess air (UA),UA,"NE, AR, KR, XE",0.0,1703.0,20.613594230550454,,,,20.613594230550454,0.0,0.0,0.47263871697236004,-1.9953919539271512,0.0,,,4,zero_or_negative_excess_air_solution
DGMETA_20231101_Example_2_Jenkins.xlsm,Jenkins_ModOut,18,AEW#29 4/8/16,Unfractionated excess air (UA),UA,"NE, AR, KR, XE",0.0,1703.0,20.714424778712214,,,,21.214424778712214,0.25,0.0,0.4618817184452966,-2.1795715308837114,0.5,,,4,
DGMETA_20231101_Example_2_Jenkins.xlsm,Jenkins_ModOut,19,AEW#3,Unfractionated excess air (UA),UA,"NE, AR, KR, XE",0.0,1703.0,20.142388142698067,,,,20.142388142698067,0.0,0.0,0.3704697982671706,-3.9438668297328388,0.0,,,4,zero_or_negative_excess_air_solution
DGMETA_20231101_Example_2_Jenkins.xlsm,Jenkins_ModOut,20,AEW#31,Unfractionated excess air (UA),UA,"NE, AR, KR, XE",0.0,1703.0,20.580308522147234,,,,20.580308522147234,0.0,0.0,0.22518922853473267,-7.926513716186765,0.0,,,4,zero_or_negative_excess_air_solution
DGMETA_20231101_Example_2_Jenkins.xlsm,Jenkins_ModOut,21,AEW#5 4/8/16,Unfractionated excess air (UA),UA,"NE, AR, KR, XE",0.0,1703.0,20.290055551890916,,,,20.290055551890916,0.0,0.0,0.10731270616125224,-13.856065753571116,0.0,,,4,zero_or_negative_excess_air_solution
DGMETA_20231101_Example_2_Jenkins.xlsm,Jenkins_ModOut,22,AEW#9 4/8/16,Unfractionated excess air (UA),UA,"NE, AR, KR, XE",0.0,1703.0,20.283235575814317,,,,20.783235575814317,0.25,0.0,0.37317522330995256,-3.885657616460528,0.5,,,4,
DGMETA_20231101_Example_2_Jenkins.xlsm,Jenkins_ModOut,23,AEW #1 1/9/17,Unfractionated excess air (UA),UA,"NE, AR, KR, XE",0.0,1703.0,21.498167052272947,,,,21.998167052272947,0.0,0.0,1.1155418718580417,4.874722164715367,0.5,,,4,zero_or_negative_excess_air_solution
DGMETA_20231101_Example_2_Jenkins.xlsm,Jenkins_ModOut,24,AEW #12 1/9/17,Unfractionated excess air (UA),UA,"NE, AR, KR, XE",0.0,1703.0,22.06139871085067,,,,22.06139871085067,0.0,0.0,0.8391734639747989,2.5972972558315113,0.0,,,4,zero_or_negative_excess_air_solution
DGMETA_20231101_Example_2_Jenkins.xlsm,Jenkins_ModOut,25,AEW #14 1/9/17,Unfractionated excess air (UA),UA,"NE, AR, KR, XE",0.0,1703.0,21.163727074615277,,,,21.163727074615277,0.0,0.0,0.4776661636512553,-1.9107455431238636,0.0,,,4,zero_or_negative_excess_air_solution
DGMETA_20231101_Example_2_Jenkins.xlsm,Jenkins_ModOut,26,AEW #15 1/9/17,Unfractionated excess air (UA),UA,"NE, AR, KR, XE",0.0,1703.0,20.147668942660587,,,,20.147668942660587,0.0,0.0,0.6765431256337843,0.8739273180969351,0.0,,,4,zero_or_negative_excess_air_solution
DGMETA_20231101_Example_2_Jenkins.xlsm,Jenkins_ModOut,27,AEW #16,Unfractionated excess air (UA),UA,"NE, AR, KR, XE",0.0,1703.0,21.410737321772277,,,,21.410737321772277,0.0,0.0,0.3792614334309686,-3.7562361098406996,0.0,,,4,zero_or_negative_excess_air_solution
DGMETA_20231101_Example_2_Jenkins.xlsm,Jenkins_ModOut,28,AEW #21 1/9/17,Unfractionated excess air (UA),UA,"NE, AR, KR, XE",0.0,1703.0,21.067380105385187,,,,21.067380105385187,0.0,0.0,0.6551865260646526,0.6173175098470356,0.0,,,4,zero_or_negative_excess_air_solution
DGMETA_20231101_Example_2_Jenkins.xlsm,Jenkins_ModOut,29,AEW #23 1/9/17,Unfractionated excess air (UA),UA,"NE, AR, KR, XE",0.0,1703.0,21.001191708631843,,,,21.001191708631843,0.0,0.0,0.5996887214866116,-0.09075644728241894,0.0,,,4,zero_or_negative_excess_air_solution
DGMETA_20231101_Example_2_Jenkins.xlsm,Jenkins_ModOut,30,AEW #6 1/9/17,Unfractionated excess air (UA),UA,"NE, AR, KR, XE",0.0,1703.0,20.325011611815622,,,,20.325011611815622,0.0,0.0,0.5156460667650362,-1.2986773277709789,0.0,,,4,zero_or_negative_excess_air_solution
DGMETA_20231101_Example_2_Jenkins.xlsm,Jenkins_ModOut,31,AEW #8 1/9/17,Unfractionated excess air (UA),UA,"NE, AR, KR, XE",0.0,1703.0,21.575387654552628,,,,21.575387654552628,0.0,0.0,0.39773283025097267,-3.375798239071772,0.0,,,4,zero_or_negative_excess_air_solution
DGMETA_20231101_Example_2_Jenkins.xlsm,Jenkins_ModOut,32,AEW #9 1/9/17,Unfractionated excess air (UA),UA,"NE, AR, KR, XE",0.0,1703.0,20.770478456467025,,,,20.770478456467025,0.0,0.0,0.45834095389908397,-2.241135447991092,0.0,,,4,zero_or_negative_excess_air_solution
DGMETA_20231101_Example_2_Jenkins.xlsm,Jenkins_ModOut,33,AEW#10 1/9/17,Unfractionated excess air (UA),UA,"NE, AR, KR, XE",0.0,1703.0,21.684656236417606,,,,21.684656236417606,0.0,0.0,0.5594081010422093,-0.6470081332501305,0.0,,,4,zero_or_negative_excess_air_solution
DGMETA_20231101_Example_2_Jenkins.xlsm,Jenkins_ModOut,34,AEW#18 1/9/17,Unfractionated excess air (UA),UA,"NE, AR, KR, XE",0.0,1703.0,21.61151736560429,,,,21.61151736560429,0.0,0.0,0.6025291752847758,-0.05295352864436431,0.0,,,4,zero_or_negative_excess_air_solution
DGMETA_20231101_Example_2_Jenkins.xlsm,Jenkins_ModOut,35,AEW#19 1/9/17,Unfractionated excess air (UA),UA,"NE, AR, KR, XE",0.0,1703.0,21.06244670506027,,,,21.06244670506027,0.0,0.0,0.8422876434168388,2.626930369452159,0.0,,,4,zero_or_negative_excess_air_solution
DGMETA_20231101_Example_2_Jenkins.xlsm,Jenkins_ModOut,36,AEW#20 1/9/17,Unfractionated excess air (UA),UA,"NE, AR, KR, XE",0.0,1703.0,21.61151736560429,,,,21.61151736560429,0.0,0.0,0.6025291752847758,-0.05295352864436431,0.0,,,4,zero_or_negative_excess_air_solution
DGMETA_20231101_Example_2_Jenkins.xlsm,Jenkins_ModOut,37,AEW#22 1/9/17,Unfractionated excess air (UA),UA,"NE, AR, KR, XE",0.0,1703.0,21.900211262147604,,,,21.900211262147604,0.0,0.0,0.7301373302183077,1.4838188884319976,0.0,,,4,zero_or_negative_excess_air_solution
DGMETA_20231101_Example_2_Jenkins.xlsm,Jenkins_ModOut,38,AEW#5,Unfractionated excess air (UA),UA,"NE, AR, KR, XE",0.0,1703.0,21.499907776674565,,,,21.499907776674565,0.0,0.0,0.2607143708637043,-6.754638683363218,0.0,,,4,zero_or_negative_excess_air_solution
DGMETA_20231101_Example_2_Jenkins.xlsm,Jenkins_ModOut,39,AEW #12,Unfractionated excess air (UA),UA,"NE, AR, KR, XE",0.0,1703.0,19.992647795620577,,,,19.992647795620577,0.0,0.0,0.7641660158363867,1.8482382783496938,0.0,,,4,zero_or_negative_excess_air_solution
DGMETA_20231101_Example_2_Jenkins.xlsm,Jenkins_ModOut,40,AEW #15,Unfractionated excess air (UA),UA,"NE, AR, KR, XE",0.0,1703.0,20.930985899368157,,,,20.930985899368157,0.0,0.0,0.05740840045091985,-18.860517096363775,0.0,,,4,zero_or_negative_excess_air_solution
DGMETA_20231101_Example_2_Jenkins.xlsm,Jenkins_ModOut,41,AEW #16,Unfractionated excess air (UA),UA,"NE, AR, KR, XE",0.0,1703.0,20.219696282671958,,,,20.219696282671958,0.0,0.0,1.0230047364659904,4.1819529354824105,0.0,,,4,zero_or_negative_excess_air_solution
DGMETA_20231101_Example_2_Jenkins.xlsm,Jenkins_ModOut,42,AEW #21 4/24/17,Unfractionated excess air (UA),UA,"NE, AR, KR, XE",0.0,1703.0,20.58453901752682,,,,20.58453901752682,0.0,0.0,0.7239028762842221,1.4152156450090274,0.0,,,4,zero_or_negative_excess_air_solution
DGMETA_20231101_Example_2_Jenkins.xlsm,Jenkins_ModOut,43,AEW #24,Unfractionated excess air (UA),UA,"NE, AR, KR, XE",0.0,1703.0,20.378952679403437,,,,20.378952679403437,0.0,0.0,0.9255602509079749,3.3811516147158485,0.0,,,4,zero_or_negative_excess_air_solution
DGMETA_20231101_Example_2_Jenkins.xlsm,Jenkins_ModOut,44,AEW #30,Unfractionated excess air (UA),UA,"NE, AR, KR, XE",0.0,1703.0,20.253296633369636,,,,20.253296633369636,0.0,0.0,0.4231935799044691,-2.8794045512894257,0.0,,,4,zero_or_negative_excess_air_solution
DGMETA_20231101_Example_2_Jenkins.xlsm,Jenkins_ModOut,45,AEW #5,Unfractionated excess air (UA),UA,"NE, AR, KR, XE",0.0,1703.0,20.592004699813696,,,,20.592004699813696,0.0,0.0,0.4280074455633569,-2.7889174990046754,0.0,,,4,zero_or_negative_excess_air_solution
DGMETA_20231101_Example_2_Jenkins.xlsm,Jenkins_ModOut,46,AEW #9,Unfractionated excess air (UA),UA,"NE, AR, KR, XE",0.0,1703.0,20.516668217970327,,,,20.516668217970327,0.0,0.0,0.518730888927317,-1.2509603899032067,0.0,,,4,zero_or_negative_excess_air_solution
DGMETA_20231101_Example_2_Jenkins.xlsm,Jenkins_ModOut,47,AEW#18 4/24/17,Unfractionated excess air (UA),UA,"NE, AR, KR, XE",0.0,1703.0,20.18012862927888,,,,20.18012862927888,0.0,0.0,0.7281521549286207,1.4620380111926536,0.0,,,4,zero_or_negative_excess_air_solution
DGMETA_20231101_Example_2_Jenkins.xlsm,Jenkins_ModOut,48,AEW #21,Unfractionated excess air (UA),UA,"NE, AR, KR, XE",0.0,1703.0,21.27469204110468,,,,21.27469204110468,0.0,0.0,0.2021798086024992,-8.7887826874039,0.0,,,4,zero_or_negative_excess_air_solution
DGMETA_20231101_Example_2_Jenkins.xlsm,Jenkins_ModOut,49,AEW #26,Unfractionated excess air (UA),UA,"NE, AR, KR, XE",0.0,1703.0,20.559837654446493,,,,20.559837654446493,0.0,0.0,0.46347019535615286,-2.1521055958600233,0.0,,,4,zero_or_negative_excess_air_solution
DGMETA_20231101_Example_2_Jenkins.xlsm,Jenkins_ModOut,50,AEW #5,Unfractionated excess air (UA),UA,"NE, AR, KR, XE",0.0,1703.0,20.73261239709741,,,,20.73261239709741,0.0,0.0,0.23262319916407956,-7.666682443348009,0.0,,,4,zero_or_negative_excess_air_solution
DGMETA_20231101_Example_2_Jenkins.xlsm,Jenkins_ModOut,51,AEW #1,Unfractionated excess air (UA),UA,"NE, AR, KR, XE",0.0,1703.0,20.011472267320315,,,,20.011472267320315,0.0,0.0,0.3497773683064033,-4.403667339545901,0.0,,,4,zero_or_negative_excess_air_solution
DGMETA_20231101_Example_2_Jenkins.xlsm,Jenkins_ModOut,52,AEW #2,Unfractionated excess air (UA),UA,"NE, AR, KR, XE",0.0,1703.0,19.55448142195808,,,,19.55448142195808,0.0,0.0,0.37719177813121435,-3.800012204539695,0.0,,,4,zero_or_negative_excess_air_solution
DGMETA_20231101_Example_2_Jenkins.xlsm,Jenkins_ModOut,53,AEW #7,Unfractionated excess air (UA),UA,"NE, AR, KR, XE",0.0,1703.0,19.709004235791344,,,,19.709004235791344,0.0,0.0,0.40781026686841054,-3.17562595939395,0.0,,,4,zero_or_negative_excess_air_solution
DGMETA_20231101_Example_2_Jenkins.xlsm,Jenkins_ModOut,54,AEW #8,Unfractionated excess air (UA),UA,"NE, AR, KR, XE",0.0,1703.0,19.760410910190814,,,,19.760410910190814,0.0,0.0,0.5303798094434286,-1.0732952599619248,0.0,,,4,zero_or_negative_excess_air_solution
DGMETA_20231101_Example_2_Jenkins.xlsm,Jenkins_ModOut,55,SW-#7_1_C,Unfractionated excess air (UA),UA,"NE, AR, KR, XE",34.2,0.0,1.5778074633845376,,,,1.5,0.0,0.0,0.2658732972867315,-6.597883277355443,-0.07780746338453759,,,4,zero_or_negative_excess_air_solution
DGMETA_20231101_Example_2_Jenkins.xlsm,Jenkins_ModOut,56,SW-#8_5.5_C,Unfractionated excess air (UA),UA,"NE, AR, KR, XE",34.2,0.0,6.3578438877978645,,,,6.3578438877978645,0.0,0.0,0.6434548554752708,0.47277272745205634,0.0,,,4,zero_or_negative_excess_air_solution
DGMETA_20231101_Example_2_Jenkins.xlsm,Jenkins_ModOut,57,SW-#1-6_7.5_C,Unfractionated excess air (UA),UA,"NE, AR, KR, XE",34.2,0.0,8.029970295382162,,,,8.029970295382162,0.0,0.0,0.2034719533085271,-8.737816841419788,0.0,,,4,zero_or_negative_excess_air_solution
DGMETA_20231101_Example_2_Jenkins.xlsm,Jenkins_ModOut,58,SW-#9_10_C,Unfractionated excess air (UA),UA,"NE, AR, KR, XE",34.2,0.0,10.220120191683247,,,,10.720120191683247,0.0,0.0,0.7145215871612796,1.3108634471462843,0.5,,,4,zero_or_negative_excess_air_solution
DGMETA_20231101_Example_2_Jenkins.xlsm,Jenkins_ModOut,59,SW-#10_14.4_C,Unfractionated excess air (UA),UA,"NE, AR, KR, XE",34.2,0.0,15.22367387098832,,,,15.22367387098832,0.0,0.0,0.4036405106128751,-3.2578449789288637,0.0,,,4,zero_or_negative_excess_air_solution
DGMETA_20231101_Example_2_Jenkins.xlsm,Jenkins_ModOut,60,SW-#11_17_C,Unfractionated excess air (UA),UA,"NE, AR, KR, XE",34.2,0.0,16.779722190803927,,,,17.279722190803927,0.25,0.0,0.5776735834168303,-0.38997043524278396,0.5,,,4,
DGMETA_20231101_Example_2_Jenkins.xlsm,Jenkins_ModOut,61,SW-#12_21.3_C,Unfractionated excess air (UA),UA,"NE, AR, KR, XE",34.2,0.0,22.23899029571164,,,,22.73899029571164,0.25,0.0,0.4493614269127581,-2.399422042636714,0.5,,,4,
DGMETA_20231101_Example_2_Jenkins.xlsm,Jenkins_ModOut,62,SW-#13_24.6_C,Unfractionated excess air (UA),UA,"NE, AR, KR, XE",34.2,0.0,25.105817685142483,,,,25.605817685142483,0.5,0.0,0.4660571350237648,-2.1075763602001834,0.5,,,4,
DGMETA_20231101_Example_2_Jenkins.xlsm,Jenkins_ModOut,63,SW-#14_29.6_C,Unfractionated excess air (UA),UA,"NE, AR, KR, XE",34.2,0.0,30.051058106455173,,,,30.051058106455173,0.0,0.0,0.46821561552057483,-2.07061097790113,0.0,,,4,zero_or_negative_excess_air_solution
DGMETA_20231101_Example_2_Weiss.xlsm,Weiss_ModOut,4,AEW #14 4/8/16,Unfractionated excess air (UA),UA,"NE, AR, KR, XE",0.0,1703.0,19.353715782753483,,,,19.353715782753483,0.0,0.0,0.5212809638875344,-1.2117288359349585,0.0,,,4,zero_or_negative_excess_air_solution
DGMETA_20231101_Example_2_Weiss.xlsm,Weiss_ModOut,5,AEW #17 4/8/16,Unfractionated excess air (UA),UA,"NE, AR, KR, XE",0.0,1703.0,19.093932720059478,,,,19.093932720059478,0.0,0.0,0.32768628509649256,-4.925588609301364,0.0,,,4,zero_or_negative_excess_air_solution
DGMETA_20231101_Example_2_Weiss.xlsm,Weiss_ModOut,6,AEW #19,Unfractionated excess air (UA),UA,"NE, AR, KR, XE",0.0,1703.0,20.07963356408526,,,,20.07963356408526,0.25,0.0,0.3097081905796681,-5.376997964274079,0.0,,,4,
DGMETA_20231101_Example_2_Weiss.xlsm,Weiss_ModOut,7,AEW #30 4/8/16,Unfractionated excess air (UA),UA,"NE, AR, KR, XE",0.0,1703.0,19.97725280942232,,,,19.97725280942232,0.0,0.0,0.28180908225777623,-6.132203604730343,0.0,,,4,zero_or_negative_excess_air_solution
DGMETA_20231101_Example_2_Weiss.xlsm,Weiss_ModOut,8,AEW#1 4/8/15,Unfractionated excess air (UA),UA,"NE, AR, KR, XE",0.0,1703.0,20.317305248339068,,,,20.317305248339068,0.0,0.0,0.13839192025418112,-11.821324937352387,0.0,,,4,zero_or_negative_excess_air_solution
DGMETA_20231101_Example_2_Weiss.xlsm,Weiss_ModOut,9,AEW#11,Unfractionated excess air (UA),UA,"NE, AR, KR, XE",0.0,1703.0,20.26691355806342,,,,20.26691355806342,0.0,0.0,0.3358724262005086,-4.7281910003534655,0.0,,,4,zero_or_negative_excess_air_solution
DGMETA_20231101_Example_2_Weiss.xlsm,Weiss_ModOut,10,AEW#15,Unfractionated excess air (UA),UA,"NE, AR, KR, XE",0.0,1703.0,19.533179227927377,,,,19.533179227927377,0.0,0.0,0.4190595373878698,-2.95793820119947,0.0,,,4,zero_or_negative_excess_air_solution
DGMETA_20231101_Example_2_Weiss.xlsm,Weiss_ModOut,11,AEW#16 4/8/16,Unfractionated excess air (UA),UA,"NE, AR, KR, XE",0.0,1703.0,19.97725280942232,,,,19.97725280942232,0.0,0.0,0.28180908225777623,-6.132203604730343,0.0,,,4,zero_or_negative_excess_air_solution
DGMETA_20231101_Example_2_Weiss.xlsm,Weiss_ModOut,12,AEW#18 4/8/16,Unfractionated excess air (UA),UA,"NE, AR, KR, XE",0.0,1703.0,19.748721783715578,,,,20.248721783715578,0.25,0.0,0.4476466832974793,-2.4300080885732243,0.5,,,4,
DGMETA_20231101_Example_2_Weiss.xlsm,Weiss_ModOut,13,AEW#21,Unfractionated excess air (UA),UA,"NE, AR, KR, XE",0.0,1703.0,20.086244703927008,,,,20.086244703927008,0.0,0.0,0.29090566314775207,-5.8780499679336895,0.0,,,4,zero_or_negative_excess_air_solution
DGMETA_20231101_Example_2_Weiss.xlsm,Weiss_ModOut,14,AEW#23 4/8/16,Unfractionated excess air (UA),UA,"NE, AR, KR, XE",0.0,1703.0,19.97725280942232,,,,19.97725280942232,0.0,0.0,0.28180908225777623,-6.132203604730343,0.0,,,4,zero_or_negative_excess_air_solution
DGMETA_20231101_Example_2_Weiss.xlsm,Weiss_ModOut,15,AEW#25 4/8/16,Unfractionated excess air (UA),UA,"NE, AR, KR, XE",0.0,1703.0,20.19496985478925,,,,20.19496985478925,0.0,0.0,0.19992242501040536,-8.878606901000147,0.0,,,4,zero_or_negative_excess_air_solution
DGMETA_20231101_Example_2_Weiss.xlsm,Weiss_ModOut,16,AEW#26,Unfractionated excess air (UA),UA,"NE, AR, KR, XE",0.0,1703.0,20.428936447309006,,,,20.928936447309006,0.25,0.0,0.48843839432726,-1.7323354189736628,0.5,,,4,
DGMETA_20231101_Example_2_Weiss.xlsm,Weiss_ModOut,17,AEW#27,Unfractionated excess air (UA),UA,"NE, AR, KR, XE",0.0,1703.0,20.205285080817838,,,,20.205285080817838,0.0,0.0,0.43650829144817777,-2.6315832686680984,0.0,,,4,zero_or_negative_excess_air_solution
DGMETA_20231101_Example_2_Weiss.xlsm,Weiss_ModOut,18,AEW#29 4/8/16,Unfractionated excess air (UA),UA,"NE, AR, KR, XE",0.0,1703.0,20.30472349240246,,,,20.80472349240246,0.25,0.0,0.367135694192519,-4.016190082559781,0.5,,,4,
DGMETA_20231101_Example_2_Weiss.xlsm,Weiss_ModOut,19,AEW#3,Unfractionated excess air (UA),UA,"NE, AR, KR, XE",0.0,1703.0,19.746604572866644,,,,19.746604572866644,0.25,0.0,0.3693048853378023,-3.9690618285461863,0.0,,,4,
DGMETA_20231101_Example_2_Weiss.xlsm,Weiss_ModOut,20,AEW#31,Unfractionated excess air (UA),UA,"NE, AR, KR, XE",0.0,1703.0,20.17190123782388,,,,20.17190123782388,0.0,0.0,0.216713047182881,-8.233449309983893,0.0,,,4,zero_or_negative_excess_air_solution
DGMETA_20231101_Example_2_Weiss.xlsm,Weiss_ModOut,21,AEW#5 4/8/16,Unfractionated excess air (UA),UA,"NE, AR, KR, XE",0.0,1703.0,19.889336211788518,,,,19.889336211788518,0.0,0.0,0.27778655487936044,-6.247217987164474,0.0,,,4,zero_or_negative_excess_air_solution
DGMETA_20231101_Example_2_Weiss.xlsm,Weiss_ModOut,22,AEW#9 4/8/16,Unfractionated excess air (UA),UA,"NE, AR, KR, XE",0.0,1703.0,19.882492466894462,,,,20.382492466894462,0.25,0.0,0.32965961775920793,-4.87755694543733,0.5,,,4,
DGMETA_20231101_Example_2_Weiss.xlsm,Weiss_ModOut,23,AEW #1 1/9/17,Unfractionated excess air (UA),UA,"NE, AR, KR, XE",0.0,1703.0,21.072888698842355,,,,21.072888698842355,0.0,0.0,1.027199254684867,4.21468742699138,0.0,,,4,zero_or_negative_excess_air_solution
DGMETA_20231101_Example_2_Weiss.xlsm,Weiss_ModOut,24,AEW #12 1/9/17,Unfractionated excess air (UA),UA,"NE, AR, KR, XE",0.0,1703.0,21.61885685886038,,,,21.61885685886038,0.0,0.0,0.7109204653707099,1.270442252103401,0.0,,,4,zero_or_negative_excess_air_solution
DGMETA_20231101_Example_2_Weiss.xlsm,Weiss_ModOut,25,AEW #14 1/9/17,Unfractionated excess air (UA),UA,"NE, AR, KR, XE",0.0,1703.0,20.74347028720182,,,,20.74347028720182,0.0,0.0,0.2791337023946778,-6.208515135179368,0.0,,,4,zero_or_negative_excess_air_solution
DGMETA_20231101_Example_2_Weiss.xlsm,Weiss_ModOut,26,AEW #15 1/9/17,Unfractionated excess air (UA),UA,"NE, AR, KR, XE",0.0,1703.0,19.746344708102455,,,,19.746344708102455,0.0,0.0,0.507358800628137,-1.4282946571306274,0.0,,,4,zero_or_negative_excess_air_solution
DGMETA_20231101_Example_2_Weiss.xlsm,Weiss_ModOut,27,AEW #16,Unfractionated excess air (UA),UA,"NE, AR, KR, XE",0.0,1703.0,20.986049013667145,,,,20.986049013667145,0.0,0.0,0.2443300286414573,-7.273883129575875,0.0,,,4,zero_or_negative_excess_air_solution
DGMETA_20231101_Example_2_Weiss.xlsm,Weiss_ModOut,28,AEW #21 1/9/17,Unfractionated excess air (UA),UA,"NE, AR, KR, XE",0.0,1703.0,20.648937003426845,,,,20.648937003426845,0.0,0.0,0.4538030195781882,-2.320736421391877,0.0,,,4,zero_or_negative_excess_air_solution
DGMETA_20231101_Example_2_Weiss.xlsm,Weiss_ModOut,29,AEW #23 1/9/17,Unfractionated excess air (UA),UA,"NE, AR, KR, XE",0.0,1703.0,20.583059431461564,,,,20.583059431461564,0.0,0.0,0.4216780730839083,-2.9081049285009186,0.0,,,4,zero_or_negative_excess_air_solution
DGMETA_20231101_Example_2_Weiss.xlsm,Weiss_ModOut,30,AEW #6 1/9/17,Unfractionated excess air (UA),UA,"NE, AR, KR, XE",0.0,1703.0,19.921392960795803,,,,19.921392960795803,0.0,0.0,0.3260932224831535,-4.964575839651987,0.0,,,4,zero_or_negative_excess_air_solution
DGMETA_20231101_Example_2_Weiss.xlsm,Weiss_ModOut,31,AEW #8 1/9/17,Unfractionated excess air (UA),UA,"NE, AR, KR, XE",0.0,1703.0,21.14667127781673,,,,21.14667127781673,0.0,0.0,0.19394385486901308,-9.121492557576317,0.0,,,4,zero_or_negative_excess_air_solution
DGMETA_20231101_Example_2_Weiss.xlsm,Weiss_ModOut,32,AEW #9 1/9/17,Unfractionated excess air (UA),UA,"NE, AR, KR, XE",0.0,1703.0,20.35907375837451,,,,20.35907375837451,0.0,0.0,0.3046196294379352,-5.509531178149716,0.0,,,4,zero_or_negative_excess_air_solution
DGMETA_20231101_Example_2_Weiss.xlsm,Weiss_ModOut,33,AEW#10 1/9/17,Unfractionated excess air (UA),UA,"NE, AR, KR, XE",0.0,1703.0,21.25298532882704,,,,21.25298532882704,0.0,0.0,0.3517872594729187,-4.357829300724205,0.0,,,4,zero_or_negative_excess_air_solution
DGMETA_20231101_Example_2_Weiss.xlsm,Weiss_ModOut,34,AEW#18 1/9/17,Unfractionated excess air (UA),UA,"NE, AR, KR, XE",0.0,1703.0,21.15309708459182,,,,21.15309708459182,0.0,0.0,0.4076071714510737,-3.1796110676242595,0.0,,,4,zero_or_negative_excess_air_solution
DGMETA_20231101_Example_2_Weiss.xlsm,Weiss_ModOut,35,AEW#19 1/9/17,Unfractionated excess air (UA),UA,"NE, AR, KR, XE",0.0,1703.0,20.64294791236502,,,,20.64294791236502,0.0,0.0,0.6574962318621999,0.6454700323623945,0.0,,,4,zero_or_negative_excess_air_solution
DGMETA_20231101_Example_2_Weiss.xlsm,Weiss_ModOut,36,AEW#20 1/9/17,Unfractionated excess air (UA),UA,"NE, AR, KR, XE",0.0,1703.0,21.15309708459182,,,,21.15309708459182,0.0,0.0,0.4076071714510737,-3.1796110676242595,0.0,,,4,zero_or_negative_excess_air_solution
DGMETA_20231101_Example_2_Weiss.xlsm,Weiss_ModOut,37,AEW#22 1/9/17,Unfractionated excess air (UA),UA,"NE, AR, KR, XE",0.0,1703.0,21.463671610723534,,,,21.463671610723534,0.0,0.0,0.5209401338605394,-1.21696120039016,0.0,,,4,zero_or_negative_excess_air_solution
DGMETA_20231101_Example_2_Weiss.xlsm,Weiss_ModOut,38,AEW#5,Unfractionated excess air (UA),UA,"NE, AR, KR, XE",0.0,1703.0,21.073587523530257,,,,21.073587523530257,0.0,0.0,0.17509981596134164,-9.939192725918081,0.0,,,4,zero_or_negative_excess_air_solution
DGMETA_20231101_Example_2_Weiss.xlsm,Weiss_ModOut,39,AEW #12,Unfractionated excess air (UA),UA,"NE, AR, KR, XE",0.0,1703.0,19.56707547627842,,,,19.56707547627842,0.0,0.0,0.6378121038886344,0.4023076238008563,0.0,,,4,zero_or_negative_excess_air_solution
DGMETA_20231101_Example_2_Weiss.xlsm,Weiss_ModOut,40,AEW #15,Unfractionated excess air (UA),UA,"NE, AR, KR, XE",0.0,1703.0,20.48961872685646,,,,20.48961872685646,0.0,0.0,0.19409346945801073,-9.115323476942804,0.0,,,4,zero_or_negative_excess_air_solution
DGMETA_20231101_Example_2_Weiss.xlsm,Weiss_ModOut,41,AEW #16,Unfractionated excess air (UA),UA,"NE, AR, KR, XE",0.0,1703.0,19.788476858488426,,,,19.788476858488426,0.0,0.0,0.8776660016356741,2.9560866729569293,0.0,,,4,zero_or_negative_excess_air_solution
DGMETA_20231101_Example_2_Weiss.xlsm,Weiss_ModOut,42,AEW #21 4/24/17,Unfractionated excess air (UA),UA,"NE, AR, KR, XE",0.0,1703.0,20.146051722943426,,,,20.146051722943426,0.0,0.0,0.552624930640159,-0.7446060187641228,0.0,,,4,zero_or_negative_excess_air_solution
DGMETA_20231101_Example_2_Weiss.xlsm,Weiss_ModOut,43,AEW #24,Unfractionated excess air (UA),UA,"NE, AR, KR, XE",0.0,1703.0,19.94435176573985,,,,19.94435176573985,0.0,0.0,0.7590313335422681,1.7943022418061765,0.0,,,4,zero_or_negative_excess_air_solution
DGMETA_20231101_Example_2_Weiss.xlsm,Weiss_ModOut,44,AEW #30,Unfractionated excess air (UA),UA,"NE, AR, KR, XE",0.0,1703.0,19.824661584430753,,,,19.824661584430753,0.0,0.0,0.268292276193251,-6.525426479312479,0.0,,,4,zero_or_negative_excess_air_solution
DGMETA_20231101_Example_2_Weiss.xlsm,Weiss_ModOut,45,AEW #5,Unfractionated excess air (UA),UA,"NE, AR, KR, XE",0.0,1703.0,20.237121446523766,,,,20.237121446523766,0.0,0.0,0.4079504242768185,-3.1728769686900167,0.0,,,4,zero_or_negative_excess_air_solution
DGMETA_20231101_Example_2_Weiss.xlsm,Weiss_ModOut,46,AEW #9,Unfractionated excess air (UA),UA,"NE, AR, KR, XE",0.0,1703.0,20.082064225130466,,,,20.082064225130466,0.0,0.0,0.33382748836188547,-4.777047370792149,0.0,,,4,zero_or_negative_excess_air_solution
DGMETA_20231101_Example_2_Weiss.xlsm,Weiss_ModOut,47,AEW#18 4/24/17,Unfractionated excess air (UA),UA,"NE, AR, KR, XE",0.0,1703.0,19.777699062577096,,,,19.777699062577096,0.0,0.0,0.5291640123453325,-1.0916548234903756,0.0,,,4,zero_or_negative_excess_air_solution
DGMETA_20231101_Example_2_Weiss.xlsm,Weiss_ModOut,48,AEW #21,Unfractionated excess air (UA),UA,"NE, AR, KR, XE",0.0,1703.0,20.8269892137801,,,,20.8269892137801,0.0,0.0,0.19267098957648943,-9.174170095850926,0.0,,,4,zero_or_negative_excess_air_solution
DGMETA_20231101_Example_2_Weiss.xlsm,Weiss_ModOut,49,AEW #26,Unfractionated excess air (UA),UA,"NE, AR, KR, XE",0.0,1703.0,20.124897672908556,,,,20.124897672908556,0.0,0.0,0.37837827413235015,-3.7748868682909134,0.0,,,4,zero_or_negative_excess_air_solution
DGMETA_20231101_Example_2_Weiss.xlsm,Weiss_ModOut,50,AEW #5,Unfractionated excess air (UA),UA,"NE, AR, KR, XE",0.0,1703.0,20.29510626777666,,,,20.29510626777666,0.0,0.0,0.15669950100654007,-10.827402512098727,0.0,,,4,zero_or_negative_excess_air_solution
DGMETA_20231101_Example_2_Weiss.xlsm,Weiss_ModOut,51,AEW #1,Unfractionated excess air (UA),UA,"NE, AR, KR, XE",0.0,1703.0,19.587270494361075,,,,19.587270494361075,0.0,0.0,0.2943890668256888,-5.782824239664153,0.0,,,4,zero_or_negative_excess_air_solution
DGMETA_20231101_Example_2_Weiss.xlsm,Weiss_ModOut,52,AEW #2,Unfractionated excess air (UA),UA,"NE, AR, KR, XE",0.0,1703.0,19.13839487345398,,,,19.13839487345398,0.0,0.0,0.33386705153164575,-4.776099316436325,0.0,,,4,zero_or_negative_excess_air_solution
DGMETA_20231101_Example_2_Weiss.xlsm,Weiss_ModOut,53,AEW #7,Unfractionated excess air (UA),UA,"NE, AR, KR, XE",0.0,1703.0,19.30862148484012,,,,19.30862148484012,0.0,0.0,0.32915261470604057,-4.889870090294629,0.0,,,4,zero_or_negative_excess_air_solution
DGMETA_20231101_Example_2_Weiss.xlsm,Weiss_ModOut,54,AEW #8,Unfractionated excess air (UA),UA,"NE, AR, KR, XE",0.0,1703.0,19.358101460374062,,,,19.358101460374062,0.0,0.0,0.4213785626591609,-2.913789204971085,0.0,,,4,zero_or_negative_excess_air_solution
DGMETA_20231101_Example_2_Weiss.xlsm,Weiss_ModOut,55,SW-#7_1_C,Unfractionated excess air (UA),UA,"NE, AR, KR, XE",34.2,0.0,1.1062931919196306,,,,1.0,0.0,0.0,0.515917240103659,-1.2944713100801426,-0.1062931919196306,,,4,zero_or_negative_excess_air_solution
DGMETA_20231101_Example_2_Weiss.xlsm,Weiss_ModOut,56,SW-#8_5.5_C,Unfractionated excess air (UA),UA,"NE, AR, KR, XE",34.2,0.0,5.883426081170369,,,,5.883426081170369,0.25,0.0,0.7753720130668196,1.96470121648307,0.0,,,4,
DGMETA_20231101_Example_2_Weiss.xlsm,Weiss_ModOut,57,SW-#1-6_7.5_C,Unfractionated excess air (UA),UA,"NE, AR, KR, XE",34.2,0.0,7.520255135418561,,,,7.520255135418561,0.0,0.0,0.22542640766436445,-7.9180922009979895,0.0,,,4,zero_or_negative_excess_air_solution
DGMETA_20231101_Example_2_Weiss.xlsm,Weiss_ModOut,58,SW-#9_10_C,Unfractionated excess air (UA),UA,"NE, AR, KR, XE",34.2,0.0,9.734031209214319,,,,10.234031209214319,0.25,0.0,0.6150525359345058,0.11161927567747032,0.5,,,4,
DGMETA_20231101_Example_2_Weiss.xlsm,Weiss_ModOut,59,SW-#10_14.4_C,Unfractionated excess air (UA),UA,"NE, AR, KR, XE",34.2,0.0,14.703541037114054,,,,14.703541037114054,0.0,0.0,0.32430182849620853,-5.008645019188629,0.0,,,4,zero_or_negative_excess_air_solution
DGMETA_20231101_Example_2_Weiss.xlsm,Weiss_ModOut,60,SW-#11_17_C,Unfractionated excess air (UA),UA,"NE, AR, KR, XE",34.2,0.0,16.23510069223066,,,,16.73510069223066,0.25,0.0,0.5016275681705668,-1.5191786456484815,0.5,,,4,
DGMETA_20231101_Example_2_Weiss.xlsm,Weiss_ModOut,61,SW-#12_21.3_C,Unfractionated excess air (UA),UA,"NE, AR, KR, XE",34.2,0.0,21.666832804081704,,,,22.166832804081704,0.25,0.0,0.41435079553989873,-3.0483386537450734,0.5,,,4,
DGMETA_20231101_Example_2_Weiss.xlsm,Weiss_ModOut,62,SW-#13_24.6_C,Unfractionated excess air (UA),UA,"NE, AR, KR, XE",34.2,0.0,24.42067547127309,,,,24.92067547127309,0.5,0.0,0.38951746572974344,-3.542772586122177,0.5,,,4,
DGMETA_20231101_Example_2_Weiss.xlsm,Weiss_ModOut,63,SW-#14_29.6_C,Unfractionated excess air (UA),UA,"NE, AR, KR, XE",34.2,0.0,29.335263905738614,,,,29.835263905738614,0.25,0.0,0.40096059737250644,-3.3111369393594465,0.5,,,4,
DGMETA_20231101_Example_3_TX.xlsm,TX_Final_ModOut,4,291949095024801,Unfractionated excess air (UA),UA,"NE, AR, N2",0.22376201802,39.0243902439024,23.610664594430364,4.069462239851254,,0.0,27.610664594430364,0.0,0.0,132006123.26584165,41.39671773570465,4.0,-4.069462239851254,,1,underconstrained_less_than_two_gases;limited_gas_suite;zero_or_negative_excess_air_solution;large_standardized_residual
DGMETA_20231101_Example_3_TX.xlsm,TX_Final_ModOut,5,291949095024801,Unfractionated excess air (UA),UA,"NE, AR, N2",0.22376201802,39.0243902439024,24.771653331522945,4.151276565406798,,0.0,28.771653331522945,0.0,0.0,131900226.88237426,41.395112675590084,4.0,-4.151276565406798,,1,underconstrained_less_than_two_gases;limited_gas_suite;zero_or_negative_excess_air_solution;large_standardized_residual
DGMETA_20231101_Example_3_TX.xlsm,TX_Final_ModOut,6,292923095091601,Unfractionated excess air (UA),UA,"NE, AR, N2",0.70640354088,19.8170731707317,15.427332234696777,3.225610077444054,,0.023726134914221597,19.427332234696777,0.0,0.0,148009051.88689986,41.62556798251216,4.0,-3.225610077444054,,1,underconstrained_less_than_two_gases;limited_gas_suite;zero_or_negative_excess_air_solution;large_standardized_residual
DGMETA_20231101_Example_3_TX.xlsm,TX_Final_ModOut,7,292923095091601,Unfractionated excess air (UA),UA,"NE, AR, N2",0.70640354088,19.8170731707317,13.768578640869395,3.0741039925765734,,0.4338785164266317,17.768578640869393,0.0,0.0,148113046.22312707,41.62697273198768,3.9999999999999982,-3.0741039925765734,,1,underconstrained_less_than_two_gases;limited_gas_suite;zero_or_negative_excess_air_solution;large_standardized_residual
DGMETA_20231101_Example_3_TX.xlsm,TX_Final_ModOut,12,300932094005301,Unfractionated excess air (UA),UA,"NE, AR, N2",0.60581683578,9.14634146341463,13.928045196433484,2.746788384653766,,0.0,17.928045196433484,0.0,0.0,123509484.78028473,41.26365702184742,4.0,-2.746788384653766,,1,underconstrained_less_than_two_gases;limited_gas_suite;zero_or_negative_excess_air_solution;large_standardized_residual
DGMETA_20231101_Example_3_TX.xlsm,TX_Final_ModOut,13,300932094005301,Unfractionated excess air (UA),UA,"NE, AR, N2",0.60581683578,9.14634146341463,13.276896865107274,2.685511263409868,,0.0,17.776896865107275,0.0,0.0,122356547.25309338,41.244899717821475,4.500000000000002,-2.685511263409868,,1,underconstrained_less_than_two_gases;limited_gas_suite;zero_or_negative_excess_air_solution;large_standardized_residual
DGMETA_20231101_Example_3_TX.xlsm,TX_Final_ModOut,14,301420095093201,Unfractionated excess air (UA),UA,"NE, AR, N2",0.60750157992,5.48780487804878,16.75958769321862,2.407420067580183,,0.0,20.75958769321862,0.0,0.0,121453070.27155931,41.230076986442064,4.0,-2.407420067580183,,1,underconstrained_less_than_two_gases;limited_gas_suite;zero_or_negative_excess_air_solution;large_standardized_residual
DGMETA_20231101_Example_3_TX.xlsm,TX_Final_ModOut,15,301420095093201,Unfractionated excess air (UA),UA,"NE, AR, N2",0.60750157992,5.48780487804878,17.439438983254476,2.4651471106276364,,0.0,21.439438983254476,0.0,0.0,121412842.651122,41.229414437790076,4.0,-2.4651471106276364,,1,underconstrained_less_than_two_gases;limited_gas_suite;zero_or_negative_excess_air_solution;large_standardized_residual
DGMETA_20231101_Example_3_TX.xlsm,TX_Final_ModOut,27,271843098401101,Unfractionated excess air (UA),UA,"NE, AR, N2",0.81669164328,98.780487804878,25.95753416227805,3.708099751258159,,7.76708688473501,29.95753416227805,0.0,0.0,146309241.45924175,41.60246606372879,4.0,-3.708099751258159,,1,underconstrained_less_than_two_gases;limited_gas_suite;zero_or_negative_excess_air_solution;large_standardized_residual
DGMETA_20231101_Example_3_TX.xlsm,TX_Final_ModOut,31,274439098144401,Unfractionated excess air (UA),UA,"NE, AR, N2",1.25373368448,168.292682926829,16.155071811296885,1.203204393921874,,2.0434959558673516,20.155071811296885,0.0,0.0,128632225.01807332,41.344935843442606,4.0,-1.203204393921874,,1,underconstrained_less_than_two_gases;limited_gas_suite;zero_or_negative_excess_air_solution;large_standardized_residual
DGMETA_20231101_Example_3_TX.xlsm,TX_Final_ModOut,32,274439098144401,Unfractionated excess air (UA),UA,"NE, AR, N2",1.25373368448,168.292682926829,16.472851352880703,1.230455113979194,,1.8800373649478246,20.472851352880703,0.0,0.0,128612856.98416123,41.344634682638315,4.0,-1.230455113979194,,1,underconstrained_less_than_two_gases;limited_gas_suite;zero_or_negative_excess_air_solution;large_standardized_residual
DGMETA_20231101_Example_3_TX.xlsm,TX_Final_ModOut,33,280951096593801,Unfractionated excess air (UA),UA,"NE, AR, N2",2.1379409745,1.82926829268292,11.935231958399116,2.5175634911736062,,2.451134088155655,15.935231958399116,0.0,0.0,19224206.063957952,37.54336155087986,4.0,-2.5175634911736062,,1,underconstrained_less_than_two_gases;limited_gas_suite;zero_or_negative_excess_air_solution;large_standardized_residual
DGMETA_20231101_Example_3_TX.xlsm,TX_Final_ModOut,34,280951096593801,Unfractionated excess air (UA),UA,"NE, AR, N2",2.1379409745,1.82926829268292,11.992713106019558,2.5231601352063566,,2.42062808494757,15.992713106019558,0.0,0.0,19223808.188688103,37.54332015729659,4.0,-2.5231601352063566,,1,underconstrained_less_than_two_gases;limited_gas_suite;zero_or_negative_excess_air_solution;large_standardized_residual
DGMETA_20231101_Example_3_TX.xlsm,TX_Final_ModOut,49,290028095594700,Unfractionated excess air (UA),UA,"NE, AR, N2",0.23046814938,33.5365853658536,12.36050885835729,2.1912604252570627,,0.7351462101544254,16.860508858357292,0.0,0.0,135796319.46360883,41.45333334019441,4.500000000000002,-2.1912604252570627,,1,underconstrained_less_than_two_gases;limited_gas_suite;zero_or_negative_excess_air_solution;large_standardized_residual
DGMETA_20231101_Example_3_TX.xlsm,TX_Final_ModOut,50,290028095594700,Unfractionated excess air (UA),UA,"NE, AR, N2",0.3266532945,100.0,12.006384155091729,2.156628573572162,,0.821684318565475,16.50638415509173,0.0,0.0,130479717.2158341,41.37345669802812,4.500000000000002,-2.156628573572162,,1,underconstrained_less_than_two_gases;limited_gas_suite;zero_or_negative_excess_air_solution;large_standardized_residual
DGMETA_20231101_Example_3_TX.xlsm,TX_Final_ModOut,51,293938095561301,Unfractionated excess air (UA),UA,"NE, AR, N2",0.3266532945,100.0,16.60318198063129,1.981642934907822,,0.6557861802146107,20.60318198063129,0.0,0.0,131475457.02033651,41.38866150706863,4.0,-1.981642934907822,,1,underconstrained_less_than_two_gases;limited_gas_suite;zero_or_negative_excess_air_solution;large_standardized_residual
DGMETA_20231101_Example_3_TX.xlsm,TX_Final_ModOut,52,293938095561301,Unfractionated excess air (UA),UA,"NE, AR, N2",0.70302982272,100.0,16.465884778123204,1.9697864414612274,,0.6417245399354735,20.465884778123204,0.0,0.0,103575903.12162007,40.91163053076801,4.0,-1.9697864414612274,,1,underconstrained_less_than_two_gases;limited_gas_suite;zero_or_negative_excess_air_solution;large_standardized_residual
DGMETA_20231101_Example_3_TX.xlsm,TX_Final_ModOut,53,294040096542401,Unfractionated excess air (UA),UA,"NE, AR, N2",0.70302982272,100.0,16.10292681238537,6.031613538264373,,0.8699541525343706,20.10292681238537,0.0,0.0,103631338.29490522,40.91270067048376,4.0,-6.031613538264373,,1,underconstrained_less_than_two_gases;limited_gas_suite;zero_or_negative_excess_air_solution;large_standardized_residual
DGMETA_20231101_Example_4_CESJV.xlsm,CE_MC_NotIndependent_ModOut,4,MER-05,Closed-system equilibration (CE),CE,"NE, AR, KR, XE",0.20308844192,31.091494342567305,16.76496730206481,15.87697687350356,0.7723321427032842,,16.76496730206481,15.876976873503555,0.7723321427032842,0.15432542621766043,-8.949533991098871,0.0,-5.329070518200751e-15,0.0,4,
DGMETA_20231101_Example_4_CESJV.xlsm,CE_MC_NotIndependent_ModOut,5,MER-12,Closed-system equilibration (CE),CE,"NE, AR, KR, XE",0.5283579105,33.225224346468984,11.638624987266576,21.54531594086172,0.2969853173982819,,11.638624987266576,21.545315940861716,0.2969853173982819,0.07898796892556802,-14.307677841553197,0.0,-3.552713678800501e-15,0.0,4,
DGMETA_20231101_Example_4_CESJV.xlsm,CE_MC_NotIndependent_ModOut,6,MER-20,Closed-system equilibration (CE),CE,"NE, KR, XE",0.25841662538,98.76121732344909,17.510371654779533,85.74122958773859,0.07548259467945477,,17.510371654779533,85.74122958773859,0.07548259467945477,1e-06,-76.89306334778564,0.0,0.0,0.0,3,limited_gas_suite
DGMETA_20231101_Example_4_CESJV.xlsm,CE_MC_NotIndependent_ModOut,7,MERFP-01,Closed-system equilibration (CE),CE,"NE, AR, KR, XE",0.564832602,32.70703277409286,13.216484447229218,20.95685263595058,0.39224154659450805,,13.216484447229218,20.956852635950575,0.39224154659450805,0.19336120664867232,-7.145562417447145,0.0,-3.552713678800501e-15,0.0,4,
DGMETA_20231101_Example_4_CESJV.xlsm,CE_MC_NotIndependent_ModOut,8,MERMW-05,Closed-system equilibration (CE),CE,"NE, AR, KR, XE",0.26344842368,57.0681330472103,24.016759397024792,18.177718504398896,0.5783876488089372,,24.016759397024792,18.177718504398893,0.5783876488089372,0.018101032587205423,-26.094290346565728,0.0,-3.552713678800501e-15,0.0,4,
DGMETA_20231101_Example_4_CESJV.xlsm,CE_MC_NotIndependent_ModOut,9,MOD-06,Closed-system equilibration (CE),CE,"NE, AR, KR, XE",0.32833200288,27.860417479516194,17.97033704797919,8.619814764202193,0.4488143657069248,,17.97033704797919,8.844412012996042,0.4488143657069248,0.09530164353552457,-12.805665780460203,0.0,0.2245972487938488,0.0,4,
DGMETA_20231101_Example_4_CESJV.xlsm,CE_MC_NotIndependent_ModOut,10,MOD-10,Closed-system equilibration (CE),CE,"NE, AR, KR, XE",0.17125078298,58.6501414358174,20.114851484220626,31.043869080618325,0.49225797944196464,,20.114851484220626,32.54386908061833,0.5,0.33217522815514516,-2.8167412292220337,0.0,1.5000000000000036,0.007742020558035356,4,
DGMETA_20231101_Example_4_CESJV.xlsm,CE_MC_NotIndependent_ModOut,11,TRLK-02,Closed-system equilibration (CE),CE,"NE, AR, KR, XE",0.15003296922,32.615587202497075,18.45806192592717,14.700746899651381,0.7596823066278656,,18.45806192592717,14.700746899651383,0.7596823066278656,0.00033207515028005525,-58.08119406717819,0.0,1.7763568394002505e-15,0.0,4,
DGMETA_20231101_Example_4_CESJV.xlsm,CE_MC_NotIndependent_ModOut,12,TRLK-10,Closed-system equilibration (CE),CE,"NE, AR, KR, XE",0.75590145,14.451448497854075,16.618543666880285,14.745709140048067,0.6396270929004959,,16.618543666880285,14.745709140048067,0.6396270929004959,0.10301543242429564,-12.183011780909645,0.0,0.0,0.0,4,
DGMETA_20231101_Example_4_CESJV.xlsm,CE_MC_NotIndependent_ModOut,13,TRLK-15,Closed-system equilibration (CE),CE,"NE, AR, KR, XE",0.30371459072,31.091494342567305,18.081085268192744,25.700337429388476,0.3307919823876914,,18.081085268192744,25.700337429388476,0.3307919823876914,0.3512291211719918,-2.3705320128329923,0.0,0.0,0.0,4,
DGMETA_20231101_Example_4_CESJV.xlsm,CE_MC_NotIndependent_ModOut,14,TRLKMW-01,Closed-system equilibration (CE),CE,"NE, AR, KR, XE",0.42295795898,17.984295747171284,17.42822973896857,11.888320949218853,0.5031222062723429,,17.42822973896857,11.888320949218851,0.5031222062723429,0.08447201270127935,-13.770680080936906,0.0,-1.7763568394002505e-15,0.0,4,
DGMETA_20231101_Example_4_CESJV.xlsm,CE_MC_NotIndependent_ModOut,15,CE-QPC-01,Closed-system equilibration (CE),CE,"NE, AR, KR, XE",0.14835812712,69.34927331252439,18.098918307163885,10.73587315843312,0.46915213247077586,,18.098918307163885,10.735873158433122,0.46915213247077586,0.0007956644225510321,-51.09066432575487,0.0,1.7763568394002505e-15,0.0,4,
DGMETA_20231101_Example_4_CESJV.xlsm,CE_MC_NotIndependent_ModOut,16,MER-02,Closed-system equilibration (CE),CE,"NE, AR, KR, XE",0.16343301497999999,42.674600078033556,21.381340297082293,18.378915118762393,0.6707504625871553,,21.381340297082293,18.878915118762393,0.6707504625871553,0.2989614661414142,-3.6595247174229684,0.0,0.5,0.0,4,
DGMETA_20231101_Example_4_CESJV.xlsm,CE_MC_NotIndependent_ModOut,17,MER-04,Closed-system equilibration (CE),CE,"NE, AR, KR, XE",0.239969498,25.604760046820132,22.20628302913317,26.042347057323617,0.7438379410400756,,22.20628302913317,28.54234705732362,0.75,0.4093261453638238,-1.1459441542675126,0.0,2.5000000000000036,0.006162058959924388,4,
DGMETA_20231101_Example_4_CESJV.xlsm,CE_MC_NotIndependent_ModOut,18,MER-09,Closed-system equilibration (CE),CE,"NE, AR, KR, XE",0.21538017192,55.61110027311744,18.293144057606135,13.119052907546838,0.46243707154194896,,18.293144057606135,13.119052907546838,0.46243707154194896,0.10837350354650328,-11.777373216662774,0.0,0.0,0.0,4,
DGMETA_20231101_Example_4_CESJV.xlsm,CE_MC_NotIndependent_ModOut,19,MER-11,Closed-system equilibration (CE),CE,"NE, AR, KR, XE",0.1589660745,78.33837300039016,15.232355845593666,17.923052764402506,0.3346224646325533,,15.232355845593666,17.923052764402502,0.3346224646325533,0.040078173366258046,-19.73538718350597,0.0,-3.552713678800501e-15,0.0,4,
DGMETA_20231101_Example_4_CESJV.xlsm,CE_MC_NotIndependent_ModOut,20,MER-16,Closed-system equilibration (CE),CE,"NE, AR, KR, XE",0.14054267808,49.380608661724544,20.006775648281728,15.273528694390926,0.6565734125235237,,20.006775648281728,15.273528694390926,0.6565734125235237,0.252322495118289,-5.016378136882697,0.0,0.0,0.0,4,
DGMETA_20231101_Example_4_CESJV.xlsm,CE_MC_NotIndependent_ModOut,21,MER-17,Closed-system equilibration (CE),CE,"NE, AR, KR, XE",0.38878972032,48.9233808,20.176722250385577,19.90306878614143,0.48900088114387447,,20.176722250385577,19.903068786141425,0.48900088114387447,0.30731065810965763,-3.4391690189586512,0.0,-3.552713678800501e-15,0.0,4,
DGMETA_20231101_Example_4_CESJV.xlsm,CE_MC_NotIndependent_ModOut,22,MER-19,Closed-system equilibration (CE),CE,"NE, AR, KR, XE",0.3658326305,44.50351150994928,18.065559319316538,3.494357844261757,0.29471816777723886,,18.065559319316538,3.373589461065439,0.29471816777723886,0.10363602040578561,-12.134962578171596,0.0,-0.12076838319631777,0.0,4,
DGMETA_20231101_Example_4_CESJV.xlsm,CE_MC_NotIndependent_ModOut,23,MERMW-02,Closed-system equilibration (CE),CE,"NE, AR, KR, XE",0.28805303712,47.24687865782286,18.622577663309432,9.588166605235383,0.5621596035122489,,18.622577663309432,9.79408330261769,0.5621596035122489,0.1357880724178698,-9.973279197515552,0.0,0.20591669738230678,0.0,4,
DGMETA_20231101_Example_4_CESJV.xlsm,CE_MC_NotIndependent_ModOut,24,MERMW-03,Closed-system equilibration (CE),CE,"NE, AR, KR, XE",0.31210601162,45.113148653921186,22.69392198819757,191.10956595747695,0.7906271366276458,,22.69392198819757,192.60956595747695,0.7906271366276458,0.22447251781457833,-5.952015954983958,0.0,1.5,0.0,4,
DGMETA_20231101_Example_4_CESJV.xlsm,CE_MC_NotIndependent_ModOut,25,MERMW-04,Closed-system equilibration (CE),CE,"NE, AR, KR, XE",0.22152677018,45.113148653921186,20.087722856333645,34.12796468297044,0.7259877138128982,,20.087722856333645,35.12796468297044,0.7259877138128982,0.35417482997856525,-2.3037169421285117,0.0,1.0,0.0,4,
DGMETA_20231101_Example_4_CESJV.xlsm,CE_MC_NotIndependent_ModOut,26,MOD-01,Closed-system equilibration (CE),CE,"NE, AR, KR, XE",0.24500009642,22.065816426063208,17.40227713153857,13.439143754205517,0.6913725151091038,,17.40227713153857,13.439143754205517,0.6913725151091038,0.128802803813693,-10.395781574471737,0.0,0.0,0.0,4,
DGMETA_20231101_Example_4_CESJV.xlsm,CE_MC_NotIndependent_ModOut,27,MOD-02,Closed-system equilibration (CE),CE,"NE, AR, KR, XE",0.32833200288,27.85736929379633,19.268166014735932,17.033765970439653,0.6729735965659138,,19.268166014735932,17.033765970439653,0.6729735965659138,0.029999982516705888,-22.052467840772977,0.0,0.0,0.0,4,
DGMETA_20231101_Example_4_CESJV.xlsm,CE_MC_NotIndependent_ModOut,28,MODFP-02,Closed-system equilibration (CE),CE,"NE, AR, KR, XE",0.637833192,19.508388607101054,17.6628476696887,37.832011742041196,0.8020397686231379,,17.6628476696887,37.832011742041196,0.8020397686231379,0.02385425232049111,-23.886342265440984,0.0,0.0,0.0,4,
DGMETA_20231101_Example_4_CESJV.xlsm,CE_MC_NotIndependent_ModOut,29,MODMW-01,Closed-system equilibration (CE),CE,"NE, AR, KR, XE",0.290290208,40.23605150214592,21.415588994385242,55.599451038874804,0.6744058345827831,,21.415588994385242,55.599451038874804,0.6744058345827831,0.028488226894311484,-22.466114947847743,0.0,0.0,0.0,4,
DGMETA_20231101_Example_4_CESJV.xlsm,CE_MC_NotIndependent_ModOut,30,TRLK-07,Closed-system equilibration (CE),CE,"NE, AR, KR, XE",0.06410471449999999,69.3035505267265,15.957248894658038,17.183705379789274,0.675361767727528,,15.957248894658038,17.68370537978927,0.675361767727528,0.36393605223326425,-2.086216859655199,0.0,0.49999999999999645,0.0,4,
DGMETA_20231101_Example_4_CESJV.xlsm,CE_MC_NotIndependent_ModOut,31,TRLK-08,Closed-system equilibration (CE),CE,"NE, AR, KR, XE",0.07693206888,57.00107296137339,18.95466727741629,13.132169353545715,0.49312867151986134,,18.95466727741629,13.632169353545715,0.5,0.3045590037106234,-3.5111235052396825,0.0,0.5,0.006871328480138661,4,
DGMETA_20231101_Example_4_CESJV.xlsm,CE_MC_NotIndependent_ModOut,32,TRLK-09,Closed-system equilibration (CE),CE,"NE, AR, KR, XE",0.09143512992,79.86246586031994,17.936366377888728,8.087343805220936,0.4734309670978916,,17.936366377888728,8.139304712349421,0.4734309670978916,0.04198050313133115,-19.364399837095256,0.0,0.051960907128485445,0.0,4,
DGMETA_20231101_Example_4_CESJV.xlsm,CE_MC_NotIndependent_ModOut,33,TRLK-12,Closed-system equilibration (CE),CE,"NE, AR, KR, XE",0.42631958138,20.605735466250486,19.395313188338204,52.14415718555983,0.7658695114458574,,19.395313188338204,54.14415718555983,0.7658695114458574,0.31860229981820687,-3.150493304154814,0.0,2.0,0.0,4,
DGMETA_20231101_Example_4_CESJV.xlsm,CE_MC_NotIndependent_ModOut,34,TRLKMW-02,Closed-system equilibration (CE),CE,"NE, AR, KR, XE",0.4274401545,17.984295747171284,17.63131399655277,16.692736698097303,0.6373811571637558,,17.63131399655277,16.692736698097303,0.6373811571637558,0.07165291064869905,-15.087372019064258,0.0,0.0,0.0,4,
DGMETA_20231101_Example_4_CESJV.xlsm,CE_MC_NotIndependent_ModOut,35,TRLKMW-03,Closed-system equilibration (CE),CE,"NE, AR, KR, XE",0.34959878952,39.93123293015997,18.53222338991369,19.88115206207869,0.5342230511579258,,18.53222338991369,19.881152062078687,0.5342230511579258,0.08164726879780614,-14.042775281950842,0.0,-3.552713678800501e-15,0.0,4,
DGMETA_20231101_Example_4_CESJV.xlsm,CE_MC_NotIndependent_ModOut,36,TRLKMW-04,Closed-system equilibration (CE),CE,"NE, AR, KR, XE",0.31714130048,39.93123293015997,18.496482366078652,16.368763907284773,0.5149185134872326,,18.496482366078652,16.36876390728477,0.5149185134872326,0.07966817680309622,-14.239080481687942,0.0,-3.552713678800501e-15,0.0,4,
DGMETA_20231101_Example_4_CESJV.xlsm,CE_MC_NotIndependent_ModOut,37,TRLKMW-05,Closed-system equilibration (CE),CE,"NE, AR, KR, XE",0.665928522,39.62641435817402,20.786717935488205,25.006450085621726,0.7322130191592258,,20.786717935488205,25.506450085621726,0.7322130191592258,0.20141236249857894,-6.819207342146566,0.0,0.5,0.0,4,
DGMETA_20231101_Example_4_CESJV.xlsm,CE_MC_NotIndependent_ModOut,38,CE-QPC-05,Closed-system equilibration (CE),CE,"NE, AR, KR, XE",0.15114955082,46.332422941865005,19.075823331505994,11.11315710118866,0.2988892134947205,,19.075823331505994,11.113157101188662,0.2988892134947205,0.08655412605620125,-13.575882607847149,0.0,1.7763568394002505e-15,0.0,4,
DGMETA_20231101_Example_4_CESJV.xlsm,CE_MC_NotIndependent_ModOut,39,MER-13,Closed-system equilibration (CE),CE,"NE, AR, KR, XE",0.33336834618,39.7178599297698,18.064267579263085,20.179983763641438,0.3742453626957636,,18.064267579263085,20.179983763641435,0.3742453626957636,0.03557961408834491,-20.687859544893854,0.0,-3.552713678800501e-15,0.0,4,
DGMETA_20231101_Example_4_CESJV.xlsm,CE_MC_NotIndependent_ModOut,40,MERFP-02,Closed-system equilibration (CE),CE,"NE, AR, KR, XE",0.25338515432,95.71303160358954,20.5062164152541,19.679124541594934,0.8140864058242706,,20.5062164152541,19.179124541594934,0.8140864058242706,0.13473742205486158,-10.035419330966455,0.0,-0.5,0.0,4,
DGMETA_20231101_Example_4_CESJV.xlsm,CE_MC_NotIndependent_ModOut,41,TRLK-03,Closed-system equilibration (CE),CE,"NE, AR, KR, XE",0.178510848,38.71195864221615,12.174208607303159,38.29541250811806,0.35833565679304946,,12.174208607303159,38.29541250811806,0.35833565679304946,0.21749244114757563,-6.204729459214317,0.0,0.0,0.0,4,
DGMETA_20231101_Example_4_CESJV.xlsm,CE_MC_Independent_ModOut,4,MER-05,Closed-system equilibration (CE),CE,"NE, AR, KR, XE",0.20308844192,31.091494342567305,16.76496730206481,15.87697687350356,0.7723321427032842,,16.76496730206481,15.876976873503555,0.7723321427032842,0.15432542621766043,-8.949533991098871,0.0,-5.329070518200751e-15,0.0,4,
DGMETA_20231101_Example_4_CESJV.xlsm,CE_MC_Independent_ModOut,5,MER-12,Closed-system equilibration (CE),CE,"NE, AR, KR, XE",0.5283579105,33.225224346468984,11.638624987266576,21.54531594086172,0.2969853173982819,,11.638624987266576,21.545315940861716,0.2969853173982819,0.07898796892556802,-14.307677841553197,0.0,-3.552713678800501e-15,0.0,4,
DGMETA_20231101_Example_4_CESJV.xlsm,CE_MC_Independent_ModOut,6,MER-20,Closed-system equilibration (CE),CE,"NE, KR, XE",0.25841662538,98.76121732344909,17.510371654779533,85.74122958773859,0.07548259467945477,,17.510371654779533,85.74122958773859,0.07548259467945477,1e-06,-76.89306334778564,0.0,0.0,0.0,3,limited_gas_suite
DGMETA_20231101_Example_4_CESJV.xlsm,CE_MC_Independent_ModOut,7,MERFP-01,Closed-system equilibration (CE),CE,"NE, AR, KR, XE",0.564832602,32.70703277409286,13.216484447229218,20.95685263595058,0.39224154659450805,,13.216484447229218,20.956852635950575,0.39224154659450805,0.19336120664867232,-7.145562417447145,0.0,-3.552713678800501e-15,0.0,4,
DGMETA_20231101_Example_4_CESJV.xlsm,CE_MC_Independent_ModOut,8,MERMW-05,Closed-system equilibration (CE),CE,"NE, AR, KR, XE",0.26344842368,57.0681330472103,24.016759397024792,18.177718504398896,0.5783876488089372,,24.016759397024792,18.177718504398893,0.5783876488089372,0.018101032587205423,-26.094290346565728,0.0,-3.552713678800501e-15,0.0,4,
DGMETA_20231101_Example_4_CESJV.xlsm,CE_MC_Independent_ModOut,9,MOD-06,Closed-system equilibration (CE),CE,"NE, AR, KR, XE",0.32833200288,27.860417479516194,17.97033704797919,8.619814764202193,0.4488143657069248,,17.97033704797919,8.844412012996042,0.4488143657069248,0.09530164353552457,-12.805665780460203,0.0,0.2245972487938488,0.0,4,
DGMETA_20231101_Example_4_CESJV.xlsm,CE_MC_Independent_ModOut,10,MOD-10,Closed-system equilibration (CE),CE,"NE, AR, KR, XE",0.17125078298,58.6501414358174,20.114851484220626,31.043869080618325,0.49225797944196464,,20.114851484220626,32.54386908061833,0.5,0.33217522815514516,-2.8167412292220337,0.0,1.5000000000000036,0.007742020558035356,4,
DGMETA_20231101_Example_4_CESJV.xlsm,CE_MC_Independent_ModOut,11,TRLK-02,Closed-system equilibration (CE),CE,"NE, AR, KR, XE",0.15003296922,32.615587202497075,18.45806192592717,14.700746899651381,0.7596823066278656,,18.45806192592717,14.700746899651383,0.7596823066278656,0.00033207515028005525,-58.08119406717819,0.0,1.7763568394002505e-15,0.0,4,
DGMETA_20231101_Example_4_CESJV.xlsm,CE_MC_Independent_ModOut,12,TRLK-10,Closed-system equilibration (CE),CE,"NE, AR, KR, XE",0.75590145,14.451448497854075,16.618543666880285,14.745709140048067,0.6396270929004959,,16.618543666880285,14.745709140048067,0.6396270929004959,0.10301543242429564,-12.183011780909645,0.0,0.0,0.0,4,
DGMETA_20231101_Example_4_CESJV.xlsm,CE_MC_Independent_ModOut,13,TRLK-15,Closed-system equilibration (CE),CE,"NE, AR, KR, XE",0.30371459072,31.091494342567305,18.081085268192744,25.700337429388476,0.3307919823876914,,18.081085268192744,25.700337429388476,0.3307919823876914,0.3512291211719918,-2.3705320128329923,0.0,0.0,0.0,4,
DGMETA_20231101_Example_4_CESJV.xlsm,CE_MC_Independent_ModOut,14,TRLKMW-01,Closed-system equilibration (CE),CE,"NE, AR, KR, XE",0.42295795898,17.984295747171284,17.42822973896857,11.888320949218853,0.5031222062723429,,17.42822973896857,11.888320949218851,0.5031222062723429,0.08447201270127935,-13.770680080936906,0.0,-1.7763568394002505e-15,0.0,4,
DGMETA_20231101_Example_4_CESJV.xlsm,CE_MC_Independent_ModOut,15,CE-QPC-01,Closed-system equilibration (CE),CE,"NE, AR, KR, XE",0.14835812712,69.34927331252439,18.098918307163885,10.73587315843312,0.46915213247077586,,18.098918307163885,10.735873158433122,0.46915213247077586,0.0007956644225510321,-51.09066432575487,0.0,1.7763568394002505e-15,0.0,4,
DGMETA_20231101_Example_4_CESJV.xlsm,CE_MC_Independent_ModOut,16,MER-02,Closed-system equilibration (CE),CE,"NE, AR, KR, XE",0.16343301497999999,42.674600078033556,21.381340297082293,18.378915118762393,0.6707504625871553,,21.381340297082293,18.878915118762393,0.6707504625871553,0.2989614661414142,-3.6595247174229684,0.0,0.5,0.0,4,
DGMETA_20231101_Example_4_CESJV.xlsm,CE_MC_Independent_ModOut,17,MER-04,Closed-system equilibration (CE),CE,"NE, AR, KR, XE",0.239969498,25.604760046820132,22.20628302913317,26.042347057323617,0.7438379410400756,,22.20628302913317,28.54234705732362,0.75,0.4093261453638238,-1.1459441542675126,0.0,2.5000000000000036,0.006162058959924388,4,
DGMETA_20231101_Example_4_CESJV.xlsm,CE_MC_Independent_ModOut,18,MER-09,Closed-system equilibration (CE),CE,"NE, AR, KR, XE",0.21538017192,55.61110027311744,18.293144057606135,13.119052907546838,0.46243707154194896,,18.293144057606135,13.119052907546838,0.46243707154194896,0.10837350354650328,-11.777373216662774,0.0,0.0,0.0,4,
DGMETA_20231101_Example_4_CESJV.xlsm,CE_MC_Independent_ModOut,19,MER-11,Closed-system equilibration (CE),CE,"NE, AR, KR, XE",0.1589660745,78.33837300039016,15.232355845593666,17.923052764402506,0.3346224646325533,,15.232355845593666,17.923052764402502,0.3346224646325533,0.040078173366258046,-19.73538718350597,0.0,-3.552713678800501e-15,0.0,4,
DGMETA_20231101_Example_4_CESJV.xlsm,CE_MC_Independent_ModOut,20,MER-16,Closed-system equilibration (CE),CE,"NE, AR, KR, XE",0.14054267808,49.380608661724544,20.006775648281728,15.273528694390926,0.6565734125235237,,20.006775648281728,15.273528694390926,0.6565734125235237,0.252322495118289,-5.016378136882697,0.0,0.0,0.0,4,
DGMETA_20231101_Example_4_CESJV.xlsm,CE_MC_Independent_ModOut,21,MER-17,Closed-system equilibration (CE),CE,"NE, AR, KR, XE",0.38878972032,48.9233808,20.176722250385577,19.90306878614143,0.48900088114387447,,20.176722250385577,19.903068786141425,0.48900088114387447,0.30731065810965763,-3.4391690189586512,0.0,-3.552713678800501e-15,0.0,4,
DGMETA_20231101_Example_4_CESJV.xlsm,CE_MC_Independent_ModOut,22,MER-19,Closed-system equilibration (CE),CE,"NE, AR, KR, XE",0.3658326305,44.50351150994928,18.065559319316538,3.494357844261757,0.29471816777723886,,18.065559319316538,3.373589461065439,0.29471816777723886,0.10363602040578561,-12.134962578171596,0.0,-0.12076838319631777,0.0,4,
DGMETA_20231101_Example_4_CESJV.xlsm,CE_MC_Independent_ModOut,23,MERMW-02,Closed-system equilibration (CE),CE,"NE, AR, KR, XE",0.28805303712,47.24687865782286,18.622577663309432,9.588166605235383,0.5621596035122489,,18.622577663309432,9.79408330261769,0.5621596035122489,0.1357880724178698,-9.973279197515552,0.0,0.20591669738230678,0.0,4,
DGMETA_20231101_Example_4_CESJV.xlsm,CE_MC_Independent_ModOut,24,MERMW-03,Closed-system equilibration (CE),CE,"NE, AR, KR, XE",0.31210601162,45.113148653921186,22.69392198819757,191.10956595747695,0.7906271366276458,,22.69392198819757,192.60956595747695,0.7906271366276458,0.22447251781457833,-5.952015954983958,0.0,1.5,0.0,4,
DGMETA_20231101_Example_4_CESJV.xlsm,CE_MC_Independent_ModOut,25,MERMW-04,Closed-system equilibration (CE),CE,"NE, AR, KR, XE",0.22152677018,45.113148653921186,20.087722856333645,34.12796468297044,0.7259877138128982,,20.087722856333645,35.12796468297044,0.7259877138128982,0.35417482997856525,-2.3037169421285117,0.0,1.0,0.0,4,
DGMETA_20231101_Example_4_CESJV.xlsm,CE_MC_Independent_ModOut,26,MOD-01,Closed-system equilibration (CE),CE,"NE, AR, KR, XE",0.24500009642,22.065816426063208,17.40227713153857,13.439143754205517,0.6913725151091038,,17.40227713153857,13.439143754205517,0.6913725151091038,0.128802803813693,-10.395781574471737,0.0,0.0,0.0,4,
DGMETA_20231101_Example_4_CESJV.xlsm,CE_MC_Independent_ModOut,27,MOD-02,Closed-system equilibration (CE),CE,"NE, AR, KR, XE",0.32833200288,27.85736929379633,19.268166014735932,17.033765970439653,0.6729735965659138,,19.268166014735932,17.033765970439653,0.6729735965659138,0.029999982516705888,-22.052467840772977,0.0,0.0,0.0,4,
DGMETA_20231101_Example_4_CESJV.xlsm,CE_MC_Independent_ModOut,28,MODFP-02,Closed-system equilibration (CE),CE,"NE, AR, KR, XE",0.637833192,19.508388607101054,17.6628476696887,37.832011742041196,0.8020397686231379,,17.6628476696887,37.832011742041196,0.8020397686231379,0.02385425232049111,-23.886342265440984,0.0,0.0,0.0,4,
DGMETA_20231101_Example_4_CESJV.xlsm,CE_MC_Independent_ModOut,29,MODMW-01,Closed-system equilibration (CE),CE,"NE, AR, KR, XE",0.290290208,40.23605150214592,21.415588994385242,55.599451038874804,0.6744058345827831,,21.415588994385242,55.599451038874804,0.6744058345827831,0.028488226894311484,-22.466114947847743,0.0,0.0,0.0,4,
DGMETA_20231101_Example_4_CESJV.xlsm,CE_MC_Independent_ModOut,30,TRLK-07,Closed-system equilibration (CE),CE,"NE, AR, KR, XE",0.06410471449999999,69.3035505267265,15.957248894658038,17.183705379789274,0.675361767727528,,15.957248894658038,17.68370537978927,0.675361767727528,0.36393605223326425,-2.086216859655199,0.0,0.49999999999999645,0.0,4,
DGMETA_20231101_Example_4_CESJV.xlsm,CE_MC_Independent_ModOut,31,TRLK-08,Closed-system equilibration (CE),CE,"NE, AR, KR, XE",0.07693206888,57.00107296137339,18.95466727741629,13.132169353545715,0.49312867151986134,,18.95466727741629,13.632169353545715,0.5,0.3045590037106234,-3.5111235052396825,0.0,0.5,0.006871328480138661,4,
DGMETA_20231101_Example_4_CESJV.xlsm,CE_MC_Independent_ModOut,32,TRLK-09,Closed-system equilibration (CE),CE,"NE, AR, KR, XE",0.09143512992,79.86246586031994,17.936366377888728,8.087343805220936,0.4734309670978916,,17.936366377888728,8.139304712349421,0.4734309670978916,0.04198050313133115,-19.364399837095256,0.0,0.051960907128485445,0.0,4,
DGMETA_20231101_Example_4_CESJV.xlsm,CE_MC_Independent_ModOut,33,TRLK-12,Closed-system equilibration (CE),CE,"NE, AR, KR, XE",0.42631958138,20.605735466250486,19.395313188338204,52.14415718555983,0.7658695114458574,,19.395313188338204,54.14415718555983,0.7658695114458574,0.31860229981820687,-3.150493304154814,0.0,2.0,0.0,4,
DGMETA_20231101_Example_4_CESJV.xlsm,CE_MC_Independent_ModOut,34,TRLKMW-02,Closed-system equilibration (CE),CE,"NE, AR, KR, XE",0.4274401545,17.984295747171284,17.63131399655277,16.692736698097303,0.6373811571637558,,17.63131399655277,16.692736698097303,0.6373811571637558,0.07165291064869905,-15.087372019064258,0.0,0.0,0.0,4,
DGMETA_20231101_Example_4_CESJV.xlsm,CE_MC_Independent_ModOut,35,TRLKMW-03,Closed-system equilibration (CE),CE,"NE, AR, KR, XE",0.34959878952,39.93123293015997,18.53222338991369,19.88115206207869,0.5342230511579258,,18.53222338991369,19.881152062078687,0.5342230511579258,0.08164726879780614,-14.042775281950842,0.0,-3.552713678800501e-15,0.0,4,
DGMETA_20231101_Example_4_CESJV.xlsm,CE_MC_Independent_ModOut,36,TRLKMW-04,Closed-system equilibration (CE),CE,"NE, AR, KR, XE",0.31714130048,39.93123293015997,18.496482366078652,16.368763907284773,0.5149185134872326,,18.496482366078652,16.36876390728477,0.5149185134872326,0.07966817680309622,-14.239080481687942,0.0,-3.552713678800501e-15,0.0,4,
DGMETA_20231101_Example_4_CESJV.xlsm,CE_MC_Independent_ModOut,37,TRLKMW-05,Closed-system equilibration (CE),CE,"NE, AR, KR, XE",0.665928522,39.62641435817402,20.786717935488205,25.006450085621726,0.7322130191592258,,20.786717935488205,25.506450085621726,0.7322130191592258,0.20141236249857894,-6.819207342146566,0.0,0.5,0.0,4,
DGMETA_20231101_Example_4_CESJV.xlsm,CE_MC_Independent_ModOut,38,CE-QPC-05,Closed-system equilibration (CE),CE,"NE, AR, KR, XE",0.15114955082,46.332422941865005,19.075823331505994,11.11315710118866,0.2988892134947205,,19.075823331505994,11.113157101188662,0.2988892134947205,0.08655412605620125,-13.575882607847149,0.0,1.7763568394002505e-15,0.0,4,
DGMETA_20231101_Example_4_CESJV.xlsm,CE_MC_Independent_ModOut,39,MER-13,Closed-system equilibration (CE),CE,"NE, AR, KR, XE",0.33336834618,39.7178599297698,18.064267579263085,20.179983763641438,0.3742453626957636,,18.064267579263085,20.179983763641435,0.3742453626957636,0.03557961408834491,-20.687859544893854,0.0,-3.552713678800501e-15,0.0,4,
DGMETA_20231101_Example_4_CESJV.xlsm,CE_MC_Independent_ModOut,40,MERFP-02,Closed-system equilibration (CE),CE,"NE, AR, KR, XE",0.25338515432,95.71303160358954,20.5062164152541,19.679124541594934,0.8140864058242706,,20.5062164152541,19.179124541594934,0.8140864058242706,0.13473742205486158,-10.035419330966455,0.0,-0.5,0.0,4,
DGMETA_20231101_Example_4_CESJV.xlsm,CE_MC_Independent_ModOut,41,TRLK-03,Closed-system equilibration (CE),CE,"NE, AR, KR, XE",0.178510848,38.71195864221615,12.174208607303159,38.29541250811806,0.35833565679304946,,12.174208607303159,38.29541250811806,0.35833565679304946,0.21749244114757563,-6.204729459214317,0.0,0.0,0.0,4,
DGMETA_20231101_Example_4_CESJV.xlsm,Final_ModOut,4,CE-QPC-04,Unfractionated excess air (UA),UA,"NE, AR, KR, XE",0.20308844192,31.091494342567305,19.02197481059468,2.1628012022638736,,,17.02197481059468,1.5203501502829841,0.0,0.48840974887009886,-1.7328046089065108,-2.0,-0.6424510519808895,,4,
DGMETA_20231101_Example_4_CESJV.xlsm,Final_ModOut,5,CE-QPC-06,Unfractionated excess air (UA),UA,"NE, AR, KR, XE",0.5283579105,33.225224346468984,20.3281588834662,1.0818910911671467,,,16.3281588834662,10.804843813887969,0.0,2.67735244195847,11.87862729153182,-4.0,9.722952722720821,,4,
DGMETA_20231101_Example_4_CESJV.xlsm,Final_ModOut,6,MER-01,Unfractionated excess air (UA),UA,"NE, AR, KR, XE",0.25841662538,98.76121732344909,15.68387608904943,2.1947298449053685,,,11.68387608904943,12.19472984490537,0.0,13.406350753061727,19.574371188879674,-4.0,10.0,,3,limited_gas_suite;large_standardized_residual
DGMETA_20231101_Example_4_CESJV.xlsm,Final_ModOut,7,MER-03,Unfractionated excess air (UA),UA,"NE, AR, KR, XE",0.564832602,32.70703277409286,17.08484863101429,1.8080718632339543,,,13.584848631014289,7.084843117940372,0.0,1.0246446794643926,4.19476718648673,-3.5,5.276771254706418,,4,
DGMETA_20231101_Example_4_CESJV.xlsm,Final_ModOut,8,MER-05,Closed-system equilibration (CE),CE,"NE, AR, KR, XE",0.26344842368,57.0681330472103,16.763446080625428,15.881119343462792,0.7722937234306545,,20.763446080625428,12.881119343462792,0.5,0.13699838642494103,-9.902289049148088,4.0,-3.0,-0.2722937234306545,4,
DGMETA_20231101_Example_4_CESJV.xlsm,Final_ModOut,9,MER-07,Unfractionated excess air (UA),UA,"NE, KR, XE",0.32833200288,27.860417479516194,17.59519540428571,2.9835650388354535,,,17.59519540428571,3.57048038567975,0.0,0.22942994479737286,-4.83294528504684,0.0,0.5869153468442962,,3,limited_gas_suite
DGMETA_20231101_Example_4_CESJV.xlsm,Final_ModOut,10,MER-12,Closed-system equilibration (CE),CE,"NE, AR, KR, XE",0.17125078298,58.6501414358174,11.637045912218065,21.547167272171293,0.29697844339760565,,15.637045912218065,12.547167272171293,0.29697844339760565,0.6048107842657078,1.9772830148110074,4.0,-9.0,0.0,4,
DGMETA_20231101_Example_4_CESJV.xlsm,Final_ModOut,11,MER-14,Unfractionated excess air (UA),UA,"NE, AR, KR, XE",0.15003296922,32.615587202497075,16.948848119782987,1.7416557295495168,,,17.448848119782987,1.7612483594324275,0.0,0.25695027471470955,-6.870981571261087,0.5,0.019592629882910773,,4,
DGMETA_20231101_Example_4_CESJV.xlsm,Final_ModOut,12,MER-18,Unfractionated excess air (UA),UA,"NE, AR, KR, XE",0.75590145,14.451448497854075,19.79313011004669,5.130157462047254,,,17.29313011004669,2.6477775558582697,0.0,0.5950085960284953,-0.1534354114732066,-2.5,-2.4823799061889846,,4,
DGMETA_20231101_Example_4_CESJV.xlsm,Final_ModOut,13,MER-20,Closed-system equilibration (CE),CE,"NE, KR, XE",0.30371459072,31.091494342567305,17.50578930962683,85.74475320172573,0.07547306993931932,,20.00578930962683,81.24475320172573,0.5,2.2790751284216264,10.94261829144525,2.5,-4.5,0.42452693006068065,3,limited_gas_suite;large_standardized_residual
DGMETA_20231101_Example_4_CESJV.xlsm,Final_ModOut,14,MER-22,Unfractionated excess air (UA),UA,"NE, AR, KR, XE",0.42295795898,17.984295747171284,21.72427762975446,1.9394499973038386,,,18.22427762975446,3.5818349991911513,0.0,0.6148748913296502,0.10930831518138895,-3.5,1.6423850018873127,,4,
DGMETA_20231101_Example_4_CESJV.xlsm,Final_ModOut,15,MER-23,Unfractionated excess air (UA),UA,"NE, AR, KR, XE",0.14835812712,69.34927331252439,15.062320451180723,1.7528724172614307,,,16.562320451180724,3.819683535609965,0.0,0.22083292599538365,-8.082790834726215,1.5000000000000018,2.0668111183485345,,4,
DGMETA_20231101_Example_4_CESJV.xlsm,Final_ModOut,16,MERFP-01,Closed-system equilibration (CE),CE,"NE, AR, KR, XE",0.16343301497999999,42.674600078033556,13.21491663516049,20.958793853065544,0.3922273171536212,,17.714916635160492,10.958793853065545,0.5,1.0467387122245324,6.3654347377495,4.500000000000002,-9.999999999999998,0.10777268284637881,4,
DGMETA_20231101_Example_4_CESJV.xlsm,Final_ModOut,17,MERMW-05,Closed-system equilibration (CE),CE,"NE, AR, KR, XE",0.239969498,25.604760046820132,24.013732915700448,18.18098313127045,0.5783312764056129,,23.013732915700448,28.18098313127045,0.75,0.44206000708841847,-0.530477147806975,-1.0,10.0,0.17166872359438712,4,
DGMETA_20231101_Example_4_CESJV.xlsm,Final_ModOut,18,MOD-04,Unfractionated excess air (UA),UA,"NE, AR, KR, XE",0.21538017192,55.61110027311744,15.253845656338095,2.3252964717190405,,,16.753845656338093,4.621986176894641,0.0,0.37620775201209683,-3.8209100498779858,1.4999999999999982,2.2966897051756003,,4,
DGMETA_20231101_Example_4_CESJV.xlsm,Final_ModOut,19,MOD-06,Closed-system equilibration (CE),CE,"NE, AR, KR, XE",0.1589660745,78.33837300039016,17.96889553247507,8.622333249056169,0.44884639622330785,,15.96889553247507,13.035633274339318,0.25,0.375583876867365,-1.8341876712608771,-2.0,4.413300025283149,-0.19884639622330785,4,
DGMETA_20231101_Example_4_CESJV.xlsm,Final_ModOut,20,MOD-09,Unfractionated excess air (UA),UA,"NE, AR, KR, XE",0.14054267808,49.380608661724544,15.087758920314727,3.7980346775811493,,,17.587758920314727,2.75960693551623,0.0,0.3959095101767589,-3.4125568279569185,2.5,-1.0384277420649193,,4,
DGMETA_20231101_Example_4_CESJV.xlsm,Final_ModOut,21,MOD-10,Closed-system equilibration (CE),CE,"NE, AR, KR, XE",0.38878972032,48.9233808,20.11189265958965,31.04557988562072,0.49220491364773783,,20.11189265958965,21.045579885620725,0.5,0.3527063831111675,-2.3369547524431233,0.0,-9.999999999999996,0.0077950863522621705,4,
DGMETA_20231101_Example_4_CESJV.xlsm,Final_ModOut,22,TRLK-02,Closed-system equilibration (CE),CE,"NE, AR, KR, XE",0.3658326305,44.50351150994928,18.456419183200097,14.70474580318869,0.7596429132717877,,18.456419183200097,5.704745803188689,0.5,0.11240977481672554,-11.484835045937036,0.0,-9.0,-0.2596429132717877,4,
DGMETA_20231101_Example_4_CESJV.xlsm,Final_ModOut,23,TRLK-05,Unfractionated excess air (UA),UA,"NE, AR, KR, XE",0.28805303712,47.24687865782286,17.433158923724378,2.2184245504670135,,,17.933158923724378,2.749145523855078,0.0,0.28917610903118796,-5.925755221217546,0.5,0.5307209733880645,,4,
DGMETA_20231101_Example_4_CESJV.xlsm,Final_ModOut,24,TRLK-10,Closed-system equilibration (CE),CE,"NE, AR, KR, XE",0.31210601162,45.113148653921186,16.617818313270845,14.747104877455515,0.6396152372712296,,18.117818313270845,24.747104877455516,0.75,0.4757628732992646,0.05731428628821256,1.5,10.000000000000002,0.1103847627287704,4,
DGMETA_20231101_Example_4_CESJV.xlsm,Final_ModOut,25,TRLK-11,Unfractionated excess air (UA),UA,"NE, AR, KR, XE",0.22152677018,45.113148653921186,17.458789899556063,2.1492211083652832,,,17.958789899556063,2.7335747493821887,0.0,0.7855438312337896,2.0689678206535356,0.5,0.5843536410169055,,4,
DGMETA_20231101_Example_4_CESJV.xlsm,Final_ModOut,26,TRLK-14,Unfractionated excess air (UA),UA,"NE, KR, XE",0.24500009642,22.065816426063208,16.779019587024994,3.8207889840628244,,,16.779019587024994,2.0731183476094235,0.0,0.33601219927552795,-2.54364687386232,0.0,-1.747670636453401,,3,limited_gas_suite
DGMETA_20231101_Example_4_CESJV.xlsm,Final_ModOut,27,TRLK-15,Closed-system equilibration (CE),CE,"NE, AR, KR, XE",0.32833200288,27.85736929379633,18.07948734049776,25.701660878181073,0.33077690058857023,,19.07948734049776,33.70166087818107,0.75,0.4782052693528939,0.09827836097345699,1.0,8.0,0.41922309941142977,4,
DGMETA_20231101_Example_4_CESJV.xlsm,Final_ModOut,28,TRLK-16,Unfractionated excess air (UA),UA,"NE, AR, KR, XE",0.637833192,19.508388607101054,22.122256603018986,0.7762788659747362,,,18.622256603018986,1.885848801545579,0.0,0.8328339600491325,2.53663212515356,-3.5,1.1095699355708428,,4,
DGMETA_20231101_Example_4_CESJV.xlsm,Final_ModOut,29,TRLKMW-01,Closed-system equilibration (CE),CE,"NE, AR, KR, XE",0.290290208,40.23605150214592,17.427304042366437,11.889809744920587,0.5031204203210605,,17.927304042366437,11.889809744920587,0.5031204203210605,0.678364381477602,2.895434403192243,0.5,0.0,0.0,4,
DGMETA_20231101_Example_4_CESJV.xlsm,Final_ModOut,30,CE-QPC-01,Closed-system equilibration (CE),CE,"NE, AR, KR, XE",0.06410471449999999,69.3035505267265,18.09544890931375,10.741382357490517,0.4691685402089678,,16.09544890931375,6.741382357490519,0.5,0.63655523499204,2.386527315994431,-2.0,-3.9999999999999982,0.03083145979103219,4,
DGMETA_20231101_Example_4_CESJV.xlsm,Final_ModOut,31,CE-QPC-02,Unfractionated excess air (UA),UA,"NE, AR, KR, XE",0.07693206888,57.00107296137339,17.5140834572781,0.3332191652261684,,,17.5140834572781,3.8749571869598136,0.0,0.616634652171912,0.13217146942058866,0.0,3.541738021733645,,4,
DGMETA_20231101_Example_4_CESJV.xlsm,Final_ModOut,32,CE-QPC-03,Unfractionated excess air (UA),UA,"NE, AR, KR, XE",0.09143512992,79.86246586031994,14.861975846946812,2.44633210876268,,,16.361975846946812,3.11158302719067,0.0,0.20231755674680388,-8.78333402300489,1.5,0.66525091842799,,4,
DGMETA_20231101_Example_4_CESJV.xlsm,Final_ModOut,33,CE-QPC-08,Unfractionated excess air (UA),UA,"NE, AR, KR, XE",0.42631958138,20.605735466250486,17.404028634451,6.086453014553616,,,16.904028634451,2.4129679521830427,0.0,0.8725592359363752,2.9094021198445006,-0.5,-3.673485062370573,,4,
DGMETA_20231101_Example_4_CESJV.xlsm,Final_ModOut,34,CE-QPC-09,Unfractionated excess air (UA),UA,"NE, AR, KR, XE",0.4274401545,17.984295747171284,15.953661509320858,1.3773908948989373,,,15.953661509320858,2.8443477237247343,0.0,0.5180671364188537,-1.2612035050776766,0.0,1.466956828825797,,4,
DGMETA_20231101_Example_4_CESJV.xlsm,Final_ModOut,35,MER-02,Closed-system equilibration (CE),CE,"NE, AR, KR, XE",0.34959878952,39.93123293015997,21.379155968460363,18.38217476138317,0.6707005178719869,,19.379155968460363,15.382174761383167,0.5,0.3124002980911929,-3.3077592545592083,-2.0,-3.0000000000000018,-0.17070051787198692,4,
DGMETA_20231101_Example_4_CESJV.xlsm,Final_ModOut,36,MER-04,Closed-system equilibration (CE),CE,"NE, AR, KR, XE",0.31714130048,39.93123293015997,22.204959475939535,26.043443114234314,0.7437995247530266,,20.204959475939535,16.043443114234314,0.5,0.36964020369649836,-1.9618013511615917,-2.0,-10.0,-0.24379952475302658,4,
DGMETA_20231101_Example_4_CESJV.xlsm,Final_ModOut,37,MER-09,Closed-system equilibration (CE),CE,"NE, AR, KR, XE",0.665928522,39.62641435817402,18.290330436260096,13.122972024631512,0.4624256293529173,,19.290330436260096,6.622972024631512,0.5,0.46054378684759256,-0.20277873889392506,1.0,-6.5,0.03757437064708269,4,
DGMETA_20231101_Example_4_CESJV.xlsm,Final_ModOut,38,MER-10,Unfractionated excess air (UA),UA,"NE, AR, KR, XE",0.15114955082,46.332422941865005,16.192416320850693,2.986861093220265,,,17.692416320850693,6.1687590192796256,0.0,0.35512590615678297,-4.282263097241541,1.5,3.1818979260593605,,4,
DGMETA_20231101_Example_4_CESJV.xlsm,Final_ModOut,39,MER-11,Closed-system equilibration (CE),CE,"NE, AR, KR, XE",0.33336834618,39.7178599297698,15.228598424759907,17.927419379867633,0.33460742615843375,,16.72859842475991,17.42741937986763,0.33460742615843375,0.06999283795355501,-15.27489885693219,1.5000000000000018,-0.5000000000000036,0.0,4,
DGMETA_20231101_Example_4_CESJV.xlsm,Final_ModOut,40,MER-15,Unfractionated excess air (UA),UA,"NE, AR, KR, XE",0.25338515432,95.71303160358954,18.238303786741575,1.5756989027118642,,,19.238303786741575,1.446962362838983,0.0,0.2618704743715311,-6.719242160729776,1.0,-0.12873653987288125,,4,
DGMETA_20231101_Example_4_CESJV.xlsm,Final_ModOut,41,MER-16,Closed-system equilibration (CE),CE,"NE, AR, KR, XE",0.178510848,38.71195864221615,20.004283397030957,15.277971179448734,0.6565264898821326,,16.004283397030957,25.277971179448734,0.25,2.1012216774691628,11.940151414028428,-4.0,10.0,-0.4065264898821326,4,
DGMETA_20231101_Example_4_CESJV.xlsm,Final_ModOut,42,MER-17,Closed-system equilibration (CE),CE,"NE, AR, KR, XE",0.06410471449999999,76.8142801404604,20.17419740968699,19.905606306438113,0.4889630428719464,,20.17419740968699,21.405606306438113,0.75,0.33499984677908995,-2.749001636264209,0.0,1.5,0.2610369571280536,4,
DGMETA_20231101_Example_4_CESJV.xlsm,Final_ModOut,43,MER-19,Closed-system equilibration (CE),CE,"NE, AR, KR, XE",0.15840772512,68.88899726882559,18.063245499320242,3.499828980904399,0.2953647500859955,,19.563245499320242,2.6999657961808796,0.5,0.16289141048706327,-8.517371948093253,1.5,-0.7998631847235194,0.2046352499140045,4,
DGMETA_20231101_Example_4_CESJV.xlsm,Final_ModOut,44,MERMW-01,Unfractionated excess air (UA),UA,"NE, AR, KR, XE",0.885418728,21.946937182988684,19.045299947742134,2.0293462485047414e-05,,,17.045299947742134,2.000004058692497,0.0,0.27129156456956255,-6.43648921944269,-2.0,1.999983765230012,,4,
DGMETA_20231101_Example_4_CESJV.xlsm,Final_ModOut,45,MERMW-02,Closed-system equilibration (CE),CE,"NE, AR, KR, XE",0.16008278538,48.46615294576668,18.62017511590328,9.592931256536515,0.5621742787377487,,17.62017511590328,2.4491164070670646,0.25,0.1918455058934784,-7.2085191013536924,-1.0,-7.14381484946945,-0.3121742787377487,4,
DGMETA_20231101_Example_4_CESJV.xlsm,Final_ModOut,46,MERMW-03,Closed-system equilibration (CE),CE,"NE, AR, KR, XE",0.18744724992,67.66972298088177,22.69334553870343,191.15544188019572,0.7905631747514467,,26.69334553870343,181.15544188019572,1.0,885.8687383399066,60.29255031017412,4.0,-10.0,0.20943682524855334,4,strong_fractionation_solution;large_standardized_residual
DGMETA_20231101_Example_4_CESJV.xlsm,Final_ModOut,47,MERMW-04,Closed-system equilibration (CE),CE,"NE, AR, KR, XE",0.17069234472,51.819157237612174,20.085449949191872,34.12752356448411,0.725922197607267,,19.085449949191872,24.127523564484104,0.75,0.7894890099347748,4.109045074651167,-1.0,-10.000000000000004,0.02407780239273305,4,
DGMETA_20231101_Example_4_CESJV.xlsm,Final_ModOut,48,MOD-01,Closed-system equilibration (CE),CE,"NE, AR, KR, XE",0.14165912232,72.24200156067108,17.40116880588706,13.44168193752246,0.6913539792010573,,18.90116880588706,4.9416819375224605,0.0,0.28249542773273256,-4.112743308347968,1.5,-8.5,-0.6913539792010573,4,
DGMETA_20231101_Example_4_CESJV.xlsm,Final_ModOut,49,MOD-02,Closed-system equilibration (CE),CE,"NE, AR, KR, XE",0.26400753258,110.4296722590714,19.266741851743962,17.036077943479743,0.6729420577368762,,20.766741851743962,8.036077943479743,0.6729420577368762,0.7824782557359079,4.037686838793194,1.5,-9.0,0.0,4,
DGMETA_20231101_Example_4_CESJV.xlsm,Final_ModOut,50,MOD-03,Unfractionated excess air (UA),UA,"NE, AR, KR, XE",0.178510848,38.4071400702302,12.841762549044544,1.0227808994132301,,,14.341762549044544,1.9289866573973151,0.0,0.23106309825606958,-7.720515625088412,1.5,0.906205757984085,,4,
DGMETA_20231101_Example_4_CESJV.xlsm,Final_ModOut,51,MOD-05,Unfractionated excess air (UA),UA,"NE, AR, KR, XE",0.19750193832,22.331008583690988,15.58591691136784,1.889089098850672,,,15.58591691136784,2.3778178197701347,0.0,0.354692992866054,-4.292021379981023,0.0,0.4887287209194626,,4,
DGMETA_20231101_Example_4_CESJV.xlsm,Final_ModOut,52,MOD-07,Unfractionated excess air (UA),UA,"NE, AR, KR, XE",0.14277558272,61.878170113148656,16.403282928282362,1.6570011761474581,,,15.903282928282362,3.788525382247924,0.0,0.7934401818346039,2.1489829834490357,-0.5,2.131524206100466,,4,
DGMETA_20231101_Example_4_CESJV.xlsm,Final_ModOut,53,MOD-08,Unfractionated excess air (UA),UA,"NE, AR, KR, XE",0.14724158592,32.615587202497075,17.150470049113267,2.9635375738811787,,,17.150470049113267,2.2686190754292066,0.0,0.3499408725502776,-4.399928594724271,0.0,-0.6949184984519721,,4,
DGMETA_20231101_Example_4_CESJV.xlsm,Final_ModOut,54,MODFP-02,Closed-system equilibration (CE),CE,"NE, AR, KR, XE",0.1254722625,6.401190011705033,17.661879155847735,37.83096895940963,0.8020081794853112,,18.661879155847735,30.330968959409635,0.75,0.6604958345032516,2.6818843070348763,1.0,-7.4999999999999964,-0.05200817948531122,4,
DGMETA_20231101_Example_4_CESJV.xlsm,Final_ModOut,55,MODFP-03,Unfractionated excess air (UA),UA,"NE, AR, KR, XE",0.24947201418,29.567401482637536,21.249782879808183,1.3121010639318733,,,17.749782879808183,4.242037898974453,0.0,4.712848684681688,16.402340331850297,-3.5,2.9299368350425796,,4,large_standardized_residual
DGMETA_20231101_Example_4_CESJV.xlsm,Final_ModOut,56,MODFP-04,Unfractionated excess air (UA),UA,"NE, AR, KR, XE",0.12379795368,68.58417869683964,17.32149845075856,4.386758247720241,,,20.32149845075856,1.0790068685790182,0.0,0.49636642106315704,-1.6035269828543548,3.0,-3.307751379141223,,4,
DGMETA_20231101_Example_4_CESJV.xlsm,Final_ModOut,57,MODMW-01,Closed-system equilibration (CE),CE,"NE, AR, KR, XE",0.17180922528,53.16035895435037,21.413401594254925,55.59263963399002,0.6743517106993132,,18.913401594254925,45.59263963399002,1.0,0.3690781839096553,-1.973974214969159,-2.5,-10.0,0.3256482893006868,4,strong_fractionation_solution
DGMETA_20231101_Example_4_CESJV.xlsm,Final_ModOut,58,TRLK-04,Unfractionated excess air (UA),UA,"NE, AR, KR, XE",0.0585282705,70.71790870074132,17.78166455817724,1.9994470491566279,,,15.78166455817724,2.3998894098313257,0.0,0.4213188586891743,-2.914922783284232,-2.0,0.40044236067469785,,4,
DGMETA_20231101_Example_4_CESJV.xlsm,Final_ModOut,59,TRLK-06,Unfractionated excess air (UA),UA,"NE, AR, KR, XE",0.09645605658,69.3248878267655,20.349372757894386,6.287612240362516,,,18.849372757894386,6.107854590135943,0.0,0.5559039796142663,-0.6972775854492488,-1.5,-0.17975765022657253,,4,
DGMETA_20231101_Example_4_CESJV.xlsm,Final_ModOut,60,TRLK-07,Closed-system equilibration (CE),CE,"NE, AR, KR, XE",0.13775163818,96.75551111978152,15.95398874805938,17.190400261598725,0.675293560118517,,16.45398874805938,10.190400261598725,0.75,0.5580006890497619,1.3328393460369234,0.5,-7.0,0.07470643988148296,4,
DGMETA_20231101_Example_4_CESJV.xlsm,Final_ModOut,61,TRLK-08,Closed-system equilibration (CE),CE,"NE, AR, KR, XE",0.21370391178,51.04186987904799,18.9517998215159,13.136496665640186,0.49311410737165123,,17.4517998215159,7.636496665640188,0.49311410737165123,0.4089802898123599,-1.1527065221471293,-1.5,-5.499999999999998,0.0,4,
DGMETA_20231101_Example_4_CESJV.xlsm,Final_ModOut,62,TRLK-09,Closed-system equilibration (CE),CE,"NE, AR, KR, XE",0.16845863208,69.19381584081155,17.932394147127486,8.094764644893978,0.47353571023967383,,18.432394147127486,11.761597019181085,0.75,0.2519363639330367,-5.028629979484304,0.5,3.6668323742871074,0.27646428976032617,4,
DGMETA_20231101_Example_4_CESJV.xlsm,Final_ModOut,63,TRLK-12,Closed-system equilibration (CE),CE,"NE, AR, KR, XE",0.24667703527999998,47.24687865782286,19.394162005878922,52.13800332673904,0.765836742376247,,19.394162005878922,62.138003326739046,1.0,0.5607003205813662,1.3714503671948934,0.0,10.000000000000007,0.234163257623753,4,strong_fractionation_solution
DGMETA_20231101_Example_4_CESJV.xlsm,Final_ModOut,64,TRLKFP-01,Unfractionated excess air (UA),UA,"NE, AR, KR, XE",0.089203712,25.68706106125634,18.236420007005762,1.1463252453448916,,,14.736420007005762,0.8359743934008669,0.0,0.26654961924409004,-6.577558913392005,-3.5,-0.3103508519440247,,4,
DGMETA_20231101_Example_4_CESJV.xlsm,Final_ModOut,65,TRLKFP-02,Unfractionated excess air (UA),UA,"NE, AR, KR, XE",0.17906934282,29.9240392118611,18.21421939145613,4.173103817279736,,,16.71421939145613,1.771637977159967,0.0,0.46464478618249105,-2.13185652798718,-1.5,-2.4014658401197684,,4,
DGMETA_20231101_Example_4_CESJV.xlsm,Final_ModOut,66,TRLKMW-02,Closed-system equilibration (CE),CE,"NE, AR, KR, XE",0.48853582952,29.07969176746001,17.630401455168165,16.694221010370473,0.6373632480647793,,17.130401455168165,6.694221010370474,0.6373632480647793,0.2279615918062351,-5.828624969666926,-0.5,-10.0,0.0,4,
DGMETA_20231101_Example_4_CESJV.xlsm,Final_ModOut,67,TRLKMW-03,Closed-system equilibration (CE),CE,"NE, AR, KR, XE",0.172926122,50.74619586422161,18.530210810402043,19.883549065790184,0.5341893008080739,,18.030210810402043,9.883549065790183,0.5341893008080739,0.42265819351156475,-0.889531838007569,-0.5,-10.000000000000002,0.0,4,
DGMETA_20231101_Example_4_CESJV.xlsm,Final_ModOut,68,TRLKMW-04,Closed-system equilibration (CE),CE,"NE, AR, KR, XE",0.21593893338,19.508388607101054,18.494459442577078,16.37148226755664,0.5148930287136513,,20.494459442577078,10.871482267556638,0.75,0.4149548333017348,-1.0366848007355927,2.0,-5.500000000000002,0.23510697128634872,4,
DGMETA_20231101_Example_4_CESJV.xlsm,Final_ModOut,69,TRLKMW-05,Closed-system equilibration (CE),CE,"NE, AR, KR, XE",0.28246039272,40.97980881779165,20.784710777068216,25.008387805866853,0.7321558412739002,,19.284710777068216,15.008387805866851,0.5,0.43131039609830096,-0.7274181721512489,-1.5,-10.000000000000002,-0.2321558412739002,4,
DGMETA_20231101_Example_4_CESJV.xlsm,Final_ModOut,70,CE-QPC-05,Closed-system equilibration (CE),CE,"NE, AR, KR, XE",0.19638468608,53.15731076863051,19.073414331854707,11.11612376391013,0.2989187350126324,,18.573414331854707,5.11612376391013,0.5,0.16622054659199154,-8.355518227983174,-0.5,-6.0,0.20108126498736761,4,
DGMETA_20231101_Example_4_CESJV.xlsm,Final_ModOut,71,CE-QPC-07,Unfractionated excess air (UA),UA,"NE, AR, KR, XE",0.31937931168,22.989416699180648,19.920958150385825,1.4062344404890608,,,19.920958150385825,6.273428942268984,0.0,0.23228461713413165,-7.678334889805162,0.0,4.867194501779923,,4,
DGMETA_20231101_Example_4_CESJV.xlsm,Final_ModOut,72,MER-06,Unfractionated excess air (UA),UA,"NE, AR, KR, XE",1.015149722,18.898751463129145,18.46758678177656,2.15819813635898,,,18.46758678177656,1.215819813635898,0.0,0.16897401116361624,-10.224082847851044,0.0,-0.9423783227230822,,4,
DGMETA_20231101_Example_4_CESJV.xlsm,Final_ModOut,73,MER-13,Closed-system equilibration (CE),CE,"NE, AR, KR, XE",0.29196812858,29.872220054623487,18.06225159710705,20.182062187405013,0.3742276378944346,,19.06225159710705,14.68206218740501,0.5,0.3859803415183581,-1.6157507161850706,1.0,-5.500000000000002,0.12577236210556542,4,
DGMETA_20231101_Example_4_CESJV.xlsm,Final_ModOut,74,MER-21,Unfractionated excess air (UA),UA,"NE, AR, KR, XE",0.14668332138,96.6274873195474,20.05802229279101,1.3330853034427792,,,20.05802229279101,1.4166356629303476,0.0,0.9013413912041977,3.169030475345059,0.0,0.08355035948756839,,4,
DGMETA_20231101_Example_4_CESJV.xlsm,Final_ModOut,75,MERFP-02,Closed-system equilibration (CE),CE,"NE, AR, KR, XE",0.20476447177999998,68.07817986734295,20.501542175309385,19.687430457325103,0.8139389308798148,,20.001542175309385,22.187430457325103,0.75,0.3489894329008856,-2.4217090836725017,-0.5,2.5,-0.06393893087981484,4,
DGMETA_20231101_Example_4_CESJV.xlsm,Final_ModOut,76,MODFP-01,Unfractionated excess air (UA),UA,"NE, AR, KR, XE",0.14612506088,55.54404018728053,13.602347516441915,0.6102021803586435,,,17.102347516441917,1.8567853815627624,0.0,0.32520121919492145,-4.986489218029082,3.5000000000000018,1.246583201204119,,4,
DGMETA_20231101_Example_4_CESJV.xlsm,Final_ModOut,77,TRLK-01,Unfractionated excess air (UA),UA,"NE, AR, KR, XE",5.4221191619999995,19.508388607101054,16.456032241736043,1.8410919307832685,,,15.456032241736043,0.2960272982695817,0.0,0.961757924995348,3.6880600223891125,-1.0,-1.5450646325136868,,4,
DGMETA_20231101_Example_4_CESJV.xlsm,Final_ModOut,78,TRLK-03,Closed-system equilibration (CE),CE,"NE, AR, KR, XE",0.15226614858,31.70113148653921,12.172390645526843,38.296765979668464,0.3583127041624605,,16.172390645526843,28.296765979668457,0.75,0.5662288269083847,1.4499440427419605,4.0,-10.000000000000007,0.3916872958375395,4,
