issue_batch_index,issue_date,well_id,ion,method,n_prior_wet_observations,prediction_log1p,observed_log1p,error_log1p,interval90_low_log1p,interval90_high_log1p,strict_prequential,covered90
0,2025-08-05,NGW-020,Ca_mg_L,persistence,0,3.9049983904911816,3.721588628523641,0.18340976196754077,3.5549983904911815,4.254998390491181,True,True
0,2025-08-05,NGW-020,Mg_mg_L,persistence,0,2.7625383863862796,2.5556757206762075,0.20686266571007206,2.4125383863862795,3.1125383863862797,True,True
0,2025-08-05,NGW-020,Na_mg_L,persistence,0,4.274858931480352,3.722797672317397,0.5520612591629543,3.9248589314803515,4.624858931480351,True,False
0,2025-08-05,NGW-020,K_mg_L,persistence,0,1.8341801851120072,1.6370530794670737,0.19712710564493352,1.4841801851120073,2.184180185112007,True,True
0,2025-08-05,NGW-020,HCO3_mg_L,persistence,0,5.206530970917329,4.914711592792766,0.29181937812456304,4.856530970917329,5.556530970917328,True,True
0,2025-08-05,NGW-020,Cl_mg_L,persistence,0,4.301358731606427,3.643358938812127,0.6579997927942998,3.9513587316064265,4.651358731606426,True,False
0,2025-08-05,NGW-020,SO4_mg_L,persistence,0,4.169142772297287,4.068000586882499,0.1011421854147887,3.8191427722972873,4.519142772297287,True,True
0,2025-08-05,NGW-020,NO3_mg_L,persistence,0,2.996232148595642,2.6864860231863696,0.3097461254092724,2.646232148595642,3.346232148595642,True,True
0,2025-08-05,NGW-020,F_mg_L,persistence,0,0.7323678937132266,0.3506568716131694,0.38171102210005725,0.38236789371322666,1.0823678937132266,True,False
0,2025-08-05,NGW-020,Sr_mg_L,persistence,0,0.22234323114344062,0.2303177550622101,-0.007974523918769488,-0.12765676885655936,0.5723432311434407,True,True
0,2025-08-05,NGW-020,SiO2_mg_L,persistence,0,3.9512437185814275,4.01096295328305,-0.05971923470162244,3.6012437185814274,4.301243718581428,True,True
0,2025-08-05,NGW-020,Ca_mg_L,expanding_mean_delta,0,3.9049983904911816,3.721588628523641,0.18340976196754077,3.5549983904911815,4.254998390491181,True,True
0,2025-08-05,NGW-020,Mg_mg_L,expanding_mean_delta,0,2.7625383863862796,2.5556757206762075,0.20686266571007206,2.4125383863862795,3.1125383863862797,True,True
0,2025-08-05,NGW-020,Na_mg_L,expanding_mean_delta,0,4.274858931480352,3.722797672317397,0.5520612591629543,3.9248589314803515,4.624858931480351,True,False
0,2025-08-05,NGW-020,K_mg_L,expanding_mean_delta,0,1.8341801851120072,1.6370530794670737,0.19712710564493352,1.4841801851120073,2.184180185112007,True,True
0,2025-08-05,NGW-020,HCO3_mg_L,expanding_mean_delta,0,5.206530970917329,4.914711592792766,0.29181937812456304,4.856530970917329,5.556530970917328,True,True
0,2025-08-05,NGW-020,Cl_mg_L,expanding_mean_delta,0,4.301358731606427,3.643358938812127,0.6579997927942998,3.9513587316064265,4.651358731606426,True,False
0,2025-08-05,NGW-020,SO4_mg_L,expanding_mean_delta,0,4.169142772297287,4.068000586882499,0.1011421854147887,3.8191427722972873,4.519142772297287,True,True
0,2025-08-05,NGW-020,NO3_mg_L,expanding_mean_delta,0,2.996232148595642,2.6864860231863696,0.3097461254092724,2.646232148595642,3.346232148595642,True,True
0,2025-08-05,NGW-020,F_mg_L,expanding_mean_delta,0,0.7323678937132266,0.3506568716131694,0.38171102210005725,0.38236789371322666,1.0823678937132266,True,False
0,2025-08-05,NGW-020,Sr_mg_L,expanding_mean_delta,0,0.22234323114344062,0.2303177550622101,-0.007974523918769488,-0.12765676885655936,0.5723432311434407,True,True
0,2025-08-05,NGW-020,SiO2_mg_L,expanding_mean_delta,0,3.9512437185814275,4.01096295328305,-0.05971923470162244,3.6012437185814274,4.301243718581428,True,True
0,2025-08-05,NGW-020,Ca_mg_L,hydrosheaf_graph_ridge,0,3.9049983904911816,3.721588628523641,0.18340976196754077,3.5549983904911815,4.254998390491181,True,True
0,2025-08-05,NGW-020,Mg_mg_L,hydrosheaf_graph_ridge,0,2.7625383863862796,2.5556757206762075,0.20686266571007206,2.4125383863862795,3.1125383863862797,True,True
0,2025-08-05,NGW-020,Na_mg_L,hydrosheaf_graph_ridge,0,4.274858931480352,3.722797672317397,0.5520612591629543,3.9248589314803515,4.624858931480351,True,False
0,2025-08-05,NGW-020,K_mg_L,hydrosheaf_graph_ridge,0,1.8341801851120072,1.6370530794670737,0.19712710564493352,1.4841801851120073,2.184180185112007,True,True
0,2025-08-05,NGW-020,HCO3_mg_L,hydrosheaf_graph_ridge,0,5.206530970917329,4.914711592792766,0.29181937812456304,4.856530970917329,5.556530970917328,True,True
0,2025-08-05,NGW-020,Cl_mg_L,hydrosheaf_graph_ridge,0,4.301358731606427,3.643358938812127,0.6579997927942998,3.9513587316064265,4.651358731606426,True,False
0,2025-08-05,NGW-020,SO4_mg_L,hydrosheaf_graph_ridge,0,4.169142772297287,4.068000586882499,0.1011421854147887,3.8191427722972873,4.519142772297287,True,True
0,2025-08-05,NGW-020,NO3_mg_L,hydrosheaf_graph_ridge,0,2.996232148595642,2.6864860231863696,0.3097461254092724,2.646232148595642,3.346232148595642,True,True
0,2025-08-05,NGW-020,F_mg_L,hydrosheaf_graph_ridge,0,0.7323678937132266,0.3506568716131694,0.38171102210005725,0.38236789371322666,1.0823678937132266,True,False
0,2025-08-05,NGW-020,Sr_mg_L,hydrosheaf_graph_ridge,0,0.22234323114344062,0.2303177550622101,-0.007974523918769488,-0.12765676885655936,0.5723432311434407,True,True
0,2025-08-05,NGW-020,SiO2_mg_L,hydrosheaf_graph_ridge,0,3.9512437185814275,4.01096295328305,-0.05971923470162244,3.6012437185814274,4.301243718581428,True,True
0,2025-08-05,NGW-023,Ca_mg_L,persistence,0,4.001315112906908,3.5635996376871786,0.4377154752197292,3.6513151129069077,4.351315112906907,True,False
0,2025-08-05,NGW-023,Mg_mg_L,persistence,0,2.97756830292632,2.446685436967803,0.530882865958517,2.6275683029263197,3.32756830292632,True,False
0,2025-08-05,NGW-023,Na_mg_L,persistence,0,4.059062748077461,3.206398303357088,0.8526644447203733,3.709062748077461,4.409062748077461,True,False
0,2025-08-05,NGW-023,K_mg_L,persistence,0,1.9401794743463283,1.6331544390514163,0.307025035294912,1.5901794743463284,2.290179474346328,True,True
0,2025-08-05,NGW-023,HCO3_mg_L,persistence,0,5.242540351079039,4.670208582167313,0.5723317689117255,4.892540351079039,5.592540351079038,True,False
0,2025-08-05,NGW-023,Cl_mg_L,persistence,0,4.434856248318414,3.5040547671018634,0.9308014812165504,4.084856248318414,4.784856248318413,True,False
0,2025-08-05,NGW-023,SO4_mg_L,persistence,0,3.8981269002360346,3.479700443150099,0.4184264570859355,3.5481269002360345,4.248126900236034,True,False
0,2025-08-05,NGW-023,NO3_mg_L,persistence,0,4.078384542643371,3.3628029936748436,0.7155815489685273,3.728384542643371,4.428384542643371,True,False
0,2025-08-05,NGW-023,F_mg_L,persistence,0,0.2776317365982795,0.3784364357202451,-0.1008046991219656,-0.07236826340172048,0.6276317365982795,True,True
0,2025-08-05,NGW-023,Sr_mg_L,persistence,0,0.17058630057553373,0.17647114311577905,-0.005884842540245322,-0.17941369942446625,0.5205863005755337,True,True
0,2025-08-05,NGW-023,SiO2_mg_L,persistence,0,4.05871738457895,4.096009841541162,-0.03729245696221195,3.7087173845789496,4.408717384578949,True,True
0,2025-08-05,NGW-023,Ca_mg_L,expanding_mean_delta,0,4.001315112906908,3.5635996376871786,0.4377154752197292,3.6513151129069077,4.351315112906907,True,False
0,2025-08-05,NGW-023,Mg_mg_L,expanding_mean_delta,0,2.97756830292632,2.446685436967803,0.530882865958517,2.6275683029263197,3.32756830292632,True,False
0,2025-08-05,NGW-023,Na_mg_L,expanding_mean_delta,0,4.059062748077461,3.206398303357088,0.8526644447203733,3.709062748077461,4.409062748077461,True,False
0,2025-08-05,NGW-023,K_mg_L,expanding_mean_delta,0,1.9401794743463283,1.6331544390514163,0.307025035294912,1.5901794743463284,2.290179474346328,True,True
0,2025-08-05,NGW-023,HCO3_mg_L,expanding_mean_delta,0,5.242540351079039,4.670208582167313,0.5723317689117255,4.892540351079039,5.592540351079038,True,False
0,2025-08-05,NGW-023,Cl_mg_L,expanding_mean_delta,0,4.434856248318414,3.5040547671018634,0.9308014812165504,4.084856248318414,4.784856248318413,True,False
0,2025-08-05,NGW-023,SO4_mg_L,expanding_mean_delta,0,3.8981269002360346,3.479700443150099,0.4184264570859355,3.5481269002360345,4.248126900236034,True,False
0,2025-08-05,NGW-023,NO3_mg_L,expanding_mean_delta,0,4.078384542643371,3.3628029936748436,0.7155815489685273,3.728384542643371,4.428384542643371,True,False
0,2025-08-05,NGW-023,F_mg_L,expanding_mean_delta,0,0.2776317365982795,0.3784364357202451,-0.1008046991219656,-0.07236826340172048,0.6276317365982795,True,True
0,2025-08-05,NGW-023,Sr_mg_L,expanding_mean_delta,0,0.17058630057553373,0.17647114311577905,-0.005884842540245322,-0.17941369942446625,0.5205863005755337,True,True
0,2025-08-05,NGW-023,SiO2_mg_L,expanding_mean_delta,0,4.05871738457895,4.096009841541162,-0.03729245696221195,3.7087173845789496,4.408717384578949,True,True
0,2025-08-05,NGW-023,Ca_mg_L,hydrosheaf_graph_ridge,0,4.001315112906908,3.5635996376871786,0.4377154752197292,3.6513151129069077,4.351315112906907,True,False
0,2025-08-05,NGW-023,Mg_mg_L,hydrosheaf_graph_ridge,0,2.97756830292632,2.446685436967803,0.530882865958517,2.6275683029263197,3.32756830292632,True,False
0,2025-08-05,NGW-023,Na_mg_L,hydrosheaf_graph_ridge,0,4.059062748077461,3.206398303357088,0.8526644447203733,3.709062748077461,4.409062748077461,True,False
0,2025-08-05,NGW-023,K_mg_L,hydrosheaf_graph_ridge,0,1.9401794743463283,1.6331544390514163,0.307025035294912,1.5901794743463284,2.290179474346328,True,True
0,2025-08-05,NGW-023,HCO3_mg_L,hydrosheaf_graph_ridge,0,5.242540351079039,4.670208582167313,0.5723317689117255,4.892540351079039,5.592540351079038,True,False
0,2025-08-05,NGW-023,Cl_mg_L,hydrosheaf_graph_ridge,0,4.434856248318414,3.5040547671018634,0.9308014812165504,4.084856248318414,4.784856248318413,True,False
0,2025-08-05,NGW-023,SO4_mg_L,hydrosheaf_graph_ridge,0,3.8981269002360346,3.479700443150099,0.4184264570859355,3.5481269002360345,4.248126900236034,True,False
0,2025-08-05,NGW-023,NO3_mg_L,hydrosheaf_graph_ridge,0,4.078384542643371,3.3628029936748436,0.7155815489685273,3.728384542643371,4.428384542643371,True,False
0,2025-08-05,NGW-023,F_mg_L,hydrosheaf_graph_ridge,0,0.2776317365982795,0.3784364357202451,-0.1008046991219656,-0.07236826340172048,0.6276317365982795,True,True
0,2025-08-05,NGW-023,Sr_mg_L,hydrosheaf_graph_ridge,0,0.17058630057553373,0.17647114311577905,-0.005884842540245322,-0.17941369942446625,0.5205863005755337,True,True
0,2025-08-05,NGW-023,SiO2_mg_L,hydrosheaf_graph_ridge,0,4.05871738457895,4.096009841541162,-0.03729245696221195,3.7087173845789496,4.408717384578949,True,True
0,2025-08-05,NGW-066,Ca_mg_L,persistence,0,3.9776234625120948,3.6696966346971625,0.3079268278149323,3.6276234625120947,4.327623462512094,True,True
0,2025-08-05,NGW-066,Mg_mg_L,persistence,0,2.9595868269176377,2.4570214462984645,0.5025653806191732,2.6095868269176377,3.309586826917638,True,False
0,2025-08-05,NGW-066,Na_mg_L,persistence,0,4.119362325197389,3.4691675081014224,0.6501948170959664,3.7693623251973887,4.469362325197388,True,False
0,2025-08-05,NGW-066,K_mg_L,persistence,0,1.840549633397487,1.7227665977411035,0.11778303565638337,1.490549633397487,2.1905496333974868,True,True
0,2025-08-05,NGW-066,HCO3_mg_L,persistence,0,5.284471959725984,4.7413605404383565,0.5431114192876274,4.934471959725984,5.634471959725984,True,False
0,2025-08-05,NGW-066,Cl_mg_L,persistence,0,4.560382003197957,4.085471983718502,0.4749100194794549,4.2103820031979575,4.910382003197957,True,False
0,2025-08-05,NGW-066,SO4_mg_L,persistence,0,3.7495040759303713,3.403860499081639,0.34564357684873226,3.399504075930371,4.099504075930371,True,True
0,2025-08-05,NGW-066,NO3_mg_L,persistence,0,2.8903717578961645,1.873339456220478,1.0170323016756866,2.5403717578961644,3.2403717578961646,True,False
0,2025-08-05,NGW-066,F_mg_L,persistence,0,0.8415671856782186,0.37156355643248307,0.4700036292457356,0.49156718567821867,1.1915671856782186,True,False
0,2025-08-05,NGW-066,Sr_mg_L,persistence,0,0.19227188764712272,0.14755756435761466,0.04471432328950806,-0.15772811235287726,0.5422718876471226,True,True
0,2025-08-05,NGW-066,SiO2_mg_L,persistence,0,4.215086179918229,4.120661870539474,0.09442430937875468,3.865086179918229,4.565086179918229,True,True
0,2025-08-05,NGW-066,Ca_mg_L,expanding_mean_delta,0,3.9776234625120948,3.6696966346971625,0.3079268278149323,3.6276234625120947,4.327623462512094,True,True
0,2025-08-05,NGW-066,Mg_mg_L,expanding_mean_delta,0,2.9595868269176377,2.4570214462984645,0.5025653806191732,2.6095868269176377,3.309586826917638,True,False
0,2025-08-05,NGW-066,Na_mg_L,expanding_mean_delta,0,4.119362325197389,3.4691675081014224,0.6501948170959664,3.7693623251973887,4.469362325197388,True,False
0,2025-08-05,NGW-066,K_mg_L,expanding_mean_delta,0,1.840549633397487,1.7227665977411035,0.11778303565638337,1.490549633397487,2.1905496333974868,True,True
0,2025-08-05,NGW-066,HCO3_mg_L,expanding_mean_delta,0,5.284471959725984,4.7413605404383565,0.5431114192876274,4.934471959725984,5.634471959725984,True,False
0,2025-08-05,NGW-066,Cl_mg_L,expanding_mean_delta,0,4.560382003197957,4.085471983718502,0.4749100194794549,4.2103820031979575,4.910382003197957,True,False
0,2025-08-05,NGW-066,SO4_mg_L,expanding_mean_delta,0,3.7495040759303713,3.403860499081639,0.34564357684873226,3.399504075930371,4.099504075930371,True,True
0,2025-08-05,NGW-066,NO3_mg_L,expanding_mean_delta,0,2.8903717578961645,1.873339456220478,1.0170323016756866,2.5403717578961644,3.2403717578961646,True,False
0,2025-08-05,NGW-066,F_mg_L,expanding_mean_delta,0,0.8415671856782186,0.37156355643248307,0.4700036292457356,0.49156718567821867,1.1915671856782186,True,False
0,2025-08-05,NGW-066,Sr_mg_L,expanding_mean_delta,0,0.19227188764712272,0.14755756435761466,0.04471432328950806,-0.15772811235287726,0.5422718876471226,True,True
0,2025-08-05,NGW-066,SiO2_mg_L,expanding_mean_delta,0,4.215086179918229,4.120661870539474,0.09442430937875468,3.865086179918229,4.565086179918229,True,True
0,2025-08-05,NGW-066,Ca_mg_L,hydrosheaf_graph_ridge,0,3.9776234625120948,3.6696966346971625,0.3079268278149323,3.6276234625120947,4.327623462512094,True,True
0,2025-08-05,NGW-066,Mg_mg_L,hydrosheaf_graph_ridge,0,2.9595868269176377,2.4570214462984645,0.5025653806191732,2.6095868269176377,3.309586826917638,True,False
0,2025-08-05,NGW-066,Na_mg_L,hydrosheaf_graph_ridge,0,4.119362325197389,3.4691675081014224,0.6501948170959664,3.7693623251973887,4.469362325197388,True,False
0,2025-08-05,NGW-066,K_mg_L,hydrosheaf_graph_ridge,0,1.840549633397487,1.7227665977411035,0.11778303565638337,1.490549633397487,2.1905496333974868,True,True
0,2025-08-05,NGW-066,HCO3_mg_L,hydrosheaf_graph_ridge,0,5.284471959725984,4.7413605404383565,0.5431114192876274,4.934471959725984,5.634471959725984,True,False
0,2025-08-05,NGW-066,Cl_mg_L,hydrosheaf_graph_ridge,0,4.560382003197957,4.085471983718502,0.4749100194794549,4.2103820031979575,4.910382003197957,True,False
0,2025-08-05,NGW-066,SO4_mg_L,hydrosheaf_graph_ridge,0,3.7495040759303713,3.403860499081639,0.34564357684873226,3.399504075930371,4.099504075930371,True,True
0,2025-08-05,NGW-066,NO3_mg_L,hydrosheaf_graph_ridge,0,2.8903717578961645,1.873339456220478,1.0170323016756866,2.5403717578961644,3.2403717578961646,True,False
0,2025-08-05,NGW-066,F_mg_L,hydrosheaf_graph_ridge,0,0.8415671856782186,0.37156355643248307,0.4700036292457356,0.49156718567821867,1.1915671856782186,True,False
0,2025-08-05,NGW-066,Sr_mg_L,hydrosheaf_graph_ridge,0,0.19227188764712272,0.14755756435761466,0.04471432328950806,-0.15772811235287726,0.5422718876471226,True,True
0,2025-08-05,NGW-066,SiO2_mg_L,hydrosheaf_graph_ridge,0,4.215086179918229,4.120661870539474,0.09442430937875468,3.865086179918229,4.565086179918229,True,True
0,2025-08-05,NGW-077,Ca_mg_L,persistence,0,3.9753733209289077,3.6584202466292277,0.31695307429968,3.6253733209289076,4.325373320928907,True,True
0,2025-08-05,NGW-077,Mg_mg_L,persistence,0,2.9402195636237325,2.60859812213055,0.3316214414931826,2.5902195636237324,3.2902195636237326,True,True
0,2025-08-05,NGW-077,Na_mg_L,persistence,0,4.118061088839417,3.6584202466292277,0.45964084221018897,3.7680610888394166,4.468061088839416,True,False
0,2025-08-05,NGW-077,K_mg_L,persistence,0,1.763017000362401,1.3837912309017721,0.3792257694606289,1.4130170003624012,2.113017000362401,True,False
0,2025-08-05,NGW-077,HCO3_mg_L,persistence,0,5.20866614459539,4.880982085869385,0.32768405872600503,4.85866614459539,5.5586661445953895,True,True
0,2025-08-05,NGW-077,Cl_mg_L,persistence,0,4.2601414466837575,3.7669972333778885,0.493144213305869,3.9101414466837574,4.610141446683757,True,False
0,2025-08-05,NGW-077,SO4_mg_L,persistence,0,4.055257173514054,3.696847623763113,0.35840954975094075,3.705257173514054,4.4052571735140535,True,False
0,2025-08-05,NGW-077,NO3_mg_L,persistence,0,3.5879535355239756,3.089677886396519,0.4982756491274567,3.2379535355239755,3.9379535355239756,True,False
0,2025-08-05,NGW-077,F_mg_L,persistence,0,0.6523251860396903,0.31481073984003355,0.3375144461996567,0.3023251860396903,1.0023251860396902,True,True
0,2025-08-05,NGW-077,Sr_mg_L,persistence,0,0.23980399220731702,0.1972101692877053,0.042593822919611724,-0.11019600779268296,0.589803992207317,True,True
0,2025-08-05,NGW-077,SiO2_mg_L,persistence,0,3.8133070324889884,3.744787086052232,0.0685199464367563,3.4633070324889883,4.163307032488988,True,True
0,2025-08-05,NGW-077,Ca_mg_L,expanding_mean_delta,0,3.9753733209289077,3.6584202466292277,0.31695307429968,3.6253733209289076,4.325373320928907,True,True
0,2025-08-05,NGW-077,Mg_mg_L,expanding_mean_delta,0,2.9402195636237325,2.60859812213055,0.3316214414931826,2.5902195636237324,3.2902195636237326,True,True
0,2025-08-05,NGW-077,Na_mg_L,expanding_mean_delta,0,4.118061088839417,3.6584202466292277,0.45964084221018897,3.7680610888394166,4.468061088839416,True,False
0,2025-08-05,NGW-077,K_mg_L,expanding_mean_delta,0,1.763017000362401,1.3837912309017721,0.3792257694606289,1.4130170003624012,2.113017000362401,True,False
0,2025-08-05,NGW-077,HCO3_mg_L,expanding_mean_delta,0,5.20866614459539,4.880982085869385,0.32768405872600503,4.85866614459539,5.5586661445953895,True,True
0,2025-08-05,NGW-077,Cl_mg_L,expanding_mean_delta,0,4.2601414466837575,3.7669972333778885,0.493144213305869,3.9101414466837574,4.610141446683757,True,False
0,2025-08-05,NGW-077,SO4_mg_L,expanding_mean_delta,0,4.055257173514054,3.696847623763113,0.35840954975094075,3.705257173514054,4.4052571735140535,True,False
0,2025-08-05,NGW-077,NO3_mg_L,expanding_mean_delta,0,3.5879535355239756,3.089677886396519,0.4982756491274567,3.2379535355239755,3.9379535355239756,True,False
0,2025-08-05,NGW-077,F_mg_L,expanding_mean_delta,0,0.6523251860396903,0.31481073984003355,0.3375144461996567,0.3023251860396903,1.0023251860396902,True,True
0,2025-08-05,NGW-077,Sr_mg_L,expanding_mean_delta,0,0.23980399220731702,0.1972101692877053,0.042593822919611724,-0.11019600779268296,0.589803992207317,True,True
0,2025-08-05,NGW-077,SiO2_mg_L,expanding_mean_delta,0,3.8133070324889884,3.744787086052232,0.0685199464367563,3.4633070324889883,4.163307032488988,True,True
0,2025-08-05,NGW-077,Ca_mg_L,hydrosheaf_graph_ridge,0,3.9753733209289077,3.6584202466292277,0.31695307429968,3.6253733209289076,4.325373320928907,True,True
0,2025-08-05,NGW-077,Mg_mg_L,hydrosheaf_graph_ridge,0,2.9402195636237325,2.60859812213055,0.3316214414931826,2.5902195636237324,3.2902195636237326,True,True
0,2025-08-05,NGW-077,Na_mg_L,hydrosheaf_graph_ridge,0,4.118061088839417,3.6584202466292277,0.45964084221018897,3.7680610888394166,4.468061088839416,True,False
0,2025-08-05,NGW-077,K_mg_L,hydrosheaf_graph_ridge,0,1.763017000362401,1.3837912309017721,0.3792257694606289,1.4130170003624012,2.113017000362401,True,False
0,2025-08-05,NGW-077,HCO3_mg_L,hydrosheaf_graph_ridge,0,5.20866614459539,4.880982085869385,0.32768405872600503,4.85866614459539,5.5586661445953895,True,True
0,2025-08-05,NGW-077,Cl_mg_L,hydrosheaf_graph_ridge,0,4.2601414466837575,3.7669972333778885,0.493144213305869,3.9101414466837574,4.610141446683757,True,False
0,2025-08-05,NGW-077,SO4_mg_L,hydrosheaf_graph_ridge,0,4.055257173514054,3.696847623763113,0.35840954975094075,3.705257173514054,4.4052571735140535,True,False
0,2025-08-05,NGW-077,NO3_mg_L,hydrosheaf_graph_ridge,0,3.5879535355239756,3.089677886396519,0.4982756491274567,3.2379535355239755,3.9379535355239756,True,False
0,2025-08-05,NGW-077,F_mg_L,hydrosheaf_graph_ridge,0,0.6523251860396903,0.31481073984003355,0.3375144461996567,0.3023251860396903,1.0023251860396902,True,True
0,2025-08-05,NGW-077,Sr_mg_L,hydrosheaf_graph_ridge,0,0.23980399220731702,0.1972101692877053,0.042593822919611724,-0.11019600779268296,0.589803992207317,True,True
0,2025-08-05,NGW-077,SiO2_mg_L,hydrosheaf_graph_ridge,0,3.8133070324889884,3.744787086052232,0.0685199464367563,3.4633070324889883,4.163307032488988,True,True
0,2025-08-05,NGW-082,Ca_mg_L,persistence,0,3.927896354584436,3.4663607075685685,0.4615356470158676,3.577896354584436,4.277896354584436,True,False
0,2025-08-05,NGW-082,Mg_mg_L,persistence,0,3.2546289945740186,2.463853240590168,0.7907757539838505,2.9046289945740185,3.6046289945740186,True,False
0,2025-08-05,NGW-082,Na_mg_L,persistence,0,4.04602928527588,3.591266625246936,0.45476266002894405,3.69602928527588,4.39602928527588,True,False
0,2025-08-05,NGW-082,K_mg_L,persistence,0,2.247072383063787,1.6937790608678513,0.5532933221959357,1.897072383063787,2.597072383063787,True,False
0,2025-08-05,NGW-082,HCO3_mg_L,persistence,0,5.320029933453687,4.688039663810386,0.6319902696433006,4.970029933453687,5.670029933453686,True,False
0,2025-08-05,NGW-082,Cl_mg_L,persistence,0,4.496916600547837,3.9265174515785985,0.5703991489692384,4.146916600547837,4.846916600547837,True,False
0,2025-08-05,NGW-082,SO4_mg_L,persistence,0,3.7674595542367935,3.1063787936410545,0.661080760595739,3.4174595542367934,4.1174595542367936,True,False
0,2025-08-05,NGW-082,NO3_mg_L,persistence,0,3.4368862240706624,2.969388298214389,0.46749792585627326,3.0868862240706623,3.7868862240706624,True,False
0,2025-08-05,NGW-082,F_mg_L,persistence,0,1.3297240096314962,1.1184149159642893,0.21130909366720685,0.9797240096314962,1.6797240096314963,True,True
0,2025-08-05,NGW-082,Sr_mg_L,persistence,0,0.20048886074940359,0.1397619423751587,0.060726918374244876,-0.1495111392505964,0.5504888607494036,True,True
0,2025-08-05,NGW-082,SiO2_mg_L,persistence,0,3.9740583963475986,3.955082494888593,0.018975901459005406,3.6240583963475985,4.324058396347598,True,True
0,2025-08-05,NGW-082,Ca_mg_L,expanding_mean_delta,0,3.927896354584436,3.4663607075685685,0.4615356470158676,3.577896354584436,4.277896354584436,True,False
0,2025-08-05,NGW-082,Mg_mg_L,expanding_mean_delta,0,3.2546289945740186,2.463853240590168,0.7907757539838505,2.9046289945740185,3.6046289945740186,True,False
0,2025-08-05,NGW-082,Na_mg_L,expanding_mean_delta,0,4.04602928527588,3.591266625246936,0.45476266002894405,3.69602928527588,4.39602928527588,True,False
0,2025-08-05,NGW-082,K_mg_L,expanding_mean_delta,0,2.247072383063787,1.6937790608678513,0.5532933221959357,1.897072383063787,2.597072383063787,True,False
0,2025-08-05,NGW-082,HCO3_mg_L,expanding_mean_delta,0,5.320029933453687,4.688039663810386,0.6319902696433006,4.970029933453687,5.670029933453686,True,False
0,2025-08-05,NGW-082,Cl_mg_L,expanding_mean_delta,0,4.496916600547837,3.9265174515785985,0.5703991489692384,4.146916600547837,4.846916600547837,True,False
0,2025-08-05,NGW-082,SO4_mg_L,expanding_mean_delta,0,3.7674595542367935,3.1063787936410545,0.661080760595739,3.4174595542367934,4.1174595542367936,True,False
0,2025-08-05,NGW-082,NO3_mg_L,expanding_mean_delta,0,3.4368862240706624,2.969388298214389,0.46749792585627326,3.0868862240706623,3.7868862240706624,True,False
0,2025-08-05,NGW-082,F_mg_L,expanding_mean_delta,0,1.3297240096314962,1.1184149159642893,0.21130909366720685,0.9797240096314962,1.6797240096314963,True,True
0,2025-08-05,NGW-082,Sr_mg_L,expanding_mean_delta,0,0.20048886074940359,0.1397619423751587,0.060726918374244876,-0.1495111392505964,0.5504888607494036,True,True
0,2025-08-05,NGW-082,SiO2_mg_L,expanding_mean_delta,0,3.9740583963475986,3.955082494888593,0.018975901459005406,3.6240583963475985,4.324058396347598,True,True
0,2025-08-05,NGW-082,Ca_mg_L,hydrosheaf_graph_ridge,0,3.927896354584436,3.4663607075685685,0.4615356470158676,3.577896354584436,4.277896354584436,True,False
0,2025-08-05,NGW-082,Mg_mg_L,hydrosheaf_graph_ridge,0,3.2546289945740186,2.463853240590168,0.7907757539838505,2.9046289945740185,3.6046289945740186,True,False
0,2025-08-05,NGW-082,Na_mg_L,hydrosheaf_graph_ridge,0,4.04602928527588,3.591266625246936,0.45476266002894405,3.69602928527588,4.39602928527588,True,False
0,2025-08-05,NGW-082,K_mg_L,hydrosheaf_graph_ridge,0,2.247072383063787,1.6937790608678513,0.5532933221959357,1.897072383063787,2.597072383063787,True,False
0,2025-08-05,NGW-082,HCO3_mg_L,hydrosheaf_graph_ridge,0,5.320029933453687,4.688039663810386,0.6319902696433006,4.970029933453687,5.670029933453686,True,False
0,2025-08-05,NGW-082,Cl_mg_L,hydrosheaf_graph_ridge,0,4.496916600547837,3.9265174515785985,0.5703991489692384,4.146916600547837,4.846916600547837,True,False
0,2025-08-05,NGW-082,SO4_mg_L,hydrosheaf_graph_ridge,0,3.7674595542367935,3.1063787936410545,0.661080760595739,3.4174595542367934,4.1174595542367936,True,False
0,2025-08-05,NGW-082,NO3_mg_L,hydrosheaf_graph_ridge,0,3.4368862240706624,2.969388298214389,0.46749792585627326,3.0868862240706623,3.7868862240706624,True,False
0,2025-08-05,NGW-082,F_mg_L,hydrosheaf_graph_ridge,0,1.3297240096314962,1.1184149159642893,0.21130909366720685,0.9797240096314962,1.6797240096314963,True,True
0,2025-08-05,NGW-082,Sr_mg_L,hydrosheaf_graph_ridge,0,0.20048886074940359,0.1397619423751587,0.060726918374244876,-0.1495111392505964,0.5504888607494036,True,True
0,2025-08-05,NGW-082,SiO2_mg_L,hydrosheaf_graph_ridge,0,3.9740583963475986,3.955082494888593,0.018975901459005406,3.6240583963475985,4.324058396347598,True,True
0,2025-08-05,NGW-085,Ca_mg_L,persistence,0,3.89630004496291,3.5700959181239695,0.3262041268389404,3.54630004496291,4.24630004496291,True,True
0,2025-08-05,NGW-085,Mg_mg_L,persistence,0,2.9902170928658807,2.3683728335320486,0.621844259333832,2.6402170928658806,3.3402170928658808,True,False
0,2025-08-05,NGW-085,Na_mg_L,persistence,0,4.291417885803126,3.803546529092062,0.48787135671106396,3.941417885803126,4.641417885803126,True,False
0,2025-08-05,NGW-085,K_mg_L,persistence,0,2.1598687907924505,1.6389967146756448,0.5208720761168057,1.8098687907924504,2.5098687907924506,True,False
0,2025-08-05,NGW-085,HCO3_mg_L,persistence,0,5.303653106137555,4.868533950788666,0.43511915534888956,4.953653106137556,5.653653106137555,True,False
0,2025-08-05,NGW-085,Cl_mg_L,persistence,0,4.6133367486544845,3.8550292839080256,0.7583074647464589,4.263336748654485,4.963336748654484,True,False
0,2025-08-05,NGW-085,SO4_mg_L,persistence,0,3.924544285981818,3.2244602031621015,0.7000840828197163,3.5745442859818177,4.2745442859818175,True,False
0,2025-08-05,NGW-085,NO3_mg_L,persistence,0,3.61469455592456,3.298795448044074,0.3158991078804858,3.2646945559245597,3.96469455592456,True,True
0,2025-08-05,NGW-085,F_mg_L,persistence,0,1.1346227261911428,0.7371640659767197,0.3974586602144231,0.7846227261911428,1.4846227261911427,True,False
0,2025-08-05,NGW-085,Sr_mg_L,persistence,0,0.12044615307586716,0.18398683611301586,-0.0635406830371487,-0.22955384692413283,0.4704461530758671,True,True
0,2025-08-05,NGW-085,SiO2_mg_L,persistence,0,3.856510295497887,3.414442608412176,0.4420676870857112,3.506510295497887,4.206510295497887,True,False
0,2025-08-05,NGW-085,Ca_mg_L,expanding_mean_delta,0,3.89630004496291,3.5700959181239695,0.3262041268389404,3.54630004496291,4.24630004496291,True,True
0,2025-08-05,NGW-085,Mg_mg_L,expanding_mean_delta,0,2.9902170928658807,2.3683728335320486,0.621844259333832,2.6402170928658806,3.3402170928658808,True,False
0,2025-08-05,NGW-085,Na_mg_L,expanding_mean_delta,0,4.291417885803126,3.803546529092062,0.48787135671106396,3.941417885803126,4.641417885803126,True,False
0,2025-08-05,NGW-085,K_mg_L,expanding_mean_delta,0,2.1598687907924505,1.6389967146756448,0.5208720761168057,1.8098687907924504,2.5098687907924506,True,False
0,2025-08-05,NGW-085,HCO3_mg_L,expanding_mean_delta,0,5.303653106137555,4.868533950788666,0.43511915534888956,4.953653106137556,5.653653106137555,True,False
0,2025-08-05,NGW-085,Cl_mg_L,expanding_mean_delta,0,4.6133367486544845,3.8550292839080256,0.7583074647464589,4.263336748654485,4.963336748654484,True,False
0,2025-08-05,NGW-085,SO4_mg_L,expanding_mean_delta,0,3.924544285981818,3.2244602031621015,0.7000840828197163,3.5745442859818177,4.2745442859818175,True,False
0,2025-08-05,NGW-085,NO3_mg_L,expanding_mean_delta,0,3.61469455592456,3.298795448044074,0.3158991078804858,3.2646945559245597,3.96469455592456,True,True
0,2025-08-05,NGW-085,F_mg_L,expanding_mean_delta,0,1.1346227261911428,0.7371640659767197,0.3974586602144231,0.7846227261911428,1.4846227261911427,True,False
0,2025-08-05,NGW-085,Sr_mg_L,expanding_mean_delta,0,0.12044615307586716,0.18398683611301586,-0.0635406830371487,-0.22955384692413283,0.4704461530758671,True,True
0,2025-08-05,NGW-085,SiO2_mg_L,expanding_mean_delta,0,3.856510295497887,3.414442608412176,0.4420676870857112,3.506510295497887,4.206510295497887,True,False
0,2025-08-05,NGW-085,Ca_mg_L,hydrosheaf_graph_ridge,0,3.89630004496291,3.5700959181239695,0.3262041268389404,3.54630004496291,4.24630004496291,True,True
0,2025-08-05,NGW-085,Mg_mg_L,hydrosheaf_graph_ridge,0,2.9902170928658807,2.3683728335320486,0.621844259333832,2.6402170928658806,3.3402170928658808,True,False
0,2025-08-05,NGW-085,Na_mg_L,hydrosheaf_graph_ridge,0,4.291417885803126,3.803546529092062,0.48787135671106396,3.941417885803126,4.641417885803126,True,False
0,2025-08-05,NGW-085,K_mg_L,hydrosheaf_graph_ridge,0,2.1598687907924505,1.6389967146756448,0.5208720761168057,1.8098687907924504,2.5098687907924506,True,False
0,2025-08-05,NGW-085,HCO3_mg_L,hydrosheaf_graph_ridge,0,5.303653106137555,4.868533950788666,0.43511915534888956,4.953653106137556,5.653653106137555,True,False
0,2025-08-05,NGW-085,Cl_mg_L,hydrosheaf_graph_ridge,0,4.6133367486544845,3.8550292839080256,0.7583074647464589,4.263336748654485,4.963336748654484,True,False
0,2025-08-05,NGW-085,SO4_mg_L,hydrosheaf_graph_ridge,0,3.924544285981818,3.2244602031621015,0.7000840828197163,3.5745442859818177,4.2745442859818175,True,False
0,2025-08-05,NGW-085,NO3_mg_L,hydrosheaf_graph_ridge,0,3.61469455592456,3.298795448044074,0.3158991078804858,3.2646945559245597,3.96469455592456,True,True
0,2025-08-05,NGW-085,F_mg_L,hydrosheaf_graph_ridge,0,1.1346227261911428,0.7371640659767197,0.3974586602144231,0.7846227261911428,1.4846227261911427,True,False
0,2025-08-05,NGW-085,Sr_mg_L,hydrosheaf_graph_ridge,0,0.12044615307586716,0.18398683611301586,-0.0635406830371487,-0.22955384692413283,0.4704461530758671,True,True
0,2025-08-05,NGW-085,SiO2_mg_L,hydrosheaf_graph_ridge,0,3.856510295497887,3.414442608412176,0.4420676870857112,3.506510295497887,4.206510295497887,True,False
0,2025-08-05,NGW-096,Ca_mg_L,persistence,0,4.07278038430626,3.648057459593681,0.42472292471257944,3.7227803843062603,4.42278038430626,True,False
0,2025-08-05,NGW-096,Mg_mg_L,persistence,0,3.095577608523707,2.655352412101761,0.44022519642194613,2.745577608523707,3.445577608523707,True,False
0,2025-08-05,NGW-096,Na_mg_L,persistence,0,3.899950424193877,3.803546529092062,0.09640389510181491,3.549950424193877,4.249950424193877,True,True
0,2025-08-05,NGW-096,K_mg_L,persistence,0,2.0869135565185366,1.57069708411767,0.5162164724008667,1.7369135565185365,2.4369135565185367,True,False
0,2025-08-05,NGW-096,HCO3_mg_L,persistence,0,5.0530560099802075,5.075048807420676,-0.021992797440468337,4.703056009980208,5.403056009980207,True,True
0,2025-08-05,NGW-096,Cl_mg_L,persistence,0,4.561322786207815,3.8960968548778867,0.6652259313299282,4.211322786207815,4.911322786207815,True,False
0,2025-08-05,NGW-096,SO4_mg_L,persistence,0,3.9900945408483017,3.7121075802331434,0.2779869606151584,3.6400945408483016,4.340094540848302,True,True
0,2025-08-05,NGW-096,NO3_mg_L,persistence,0,3.12982600803469,3.0587070727153796,0.07111893531931024,2.7798260080346897,3.47982600803469,True,True
0,2025-08-05,NGW-096,F_mg_L,persistence,0,1.0260415958332743,0.8586616190375187,0.16737997679575556,0.6760415958332743,1.3760415958332741,True,True
0,2025-08-05,NGW-096,Sr_mg_L,persistence,0,0.20945022418220727,0.21913552991667093,-0.009685305734463662,-0.1405497758177927,0.5594502241822072,True,True
0,2025-08-05,NGW-096,SiO2_mg_L,persistence,0,4.194189897191817,4.415219602029645,-0.2210297048378287,3.8441898971918165,4.544189897191816,True,True
0,2025-08-05,NGW-096,Ca_mg_L,expanding_mean_delta,0,4.07278038430626,3.648057459593681,0.42472292471257944,3.7227803843062603,4.42278038430626,True,False
0,2025-08-05,NGW-096,Mg_mg_L,expanding_mean_delta,0,3.095577608523707,2.655352412101761,0.44022519642194613,2.745577608523707,3.445577608523707,True,False
0,2025-08-05,NGW-096,Na_mg_L,expanding_mean_delta,0,3.899950424193877,3.803546529092062,0.09640389510181491,3.549950424193877,4.249950424193877,True,True
0,2025-08-05,NGW-096,K_mg_L,expanding_mean_delta,0,2.0869135565185366,1.57069708411767,0.5162164724008667,1.7369135565185365,2.4369135565185367,True,False
0,2025-08-05,NGW-096,HCO3_mg_L,expanding_mean_delta,0,5.0530560099802075,5.075048807420676,-0.021992797440468337,4.703056009980208,5.403056009980207,True,True
0,2025-08-05,NGW-096,Cl_mg_L,expanding_mean_delta,0,4.561322786207815,3.8960968548778867,0.6652259313299282,4.211322786207815,4.911322786207815,True,False
0,2025-08-05,NGW-096,SO4_mg_L,expanding_mean_delta,0,3.9900945408483017,3.7121075802331434,0.2779869606151584,3.6400945408483016,4.340094540848302,True,True
0,2025-08-05,NGW-096,NO3_mg_L,expanding_mean_delta,0,3.12982600803469,3.0587070727153796,0.07111893531931024,2.7798260080346897,3.47982600803469,True,True
0,2025-08-05,NGW-096,F_mg_L,expanding_mean_delta,0,1.0260415958332743,0.8586616190375187,0.16737997679575556,0.6760415958332743,1.3760415958332741,True,True
0,2025-08-05,NGW-096,Sr_mg_L,expanding_mean_delta,0,0.20945022418220727,0.21913552991667093,-0.009685305734463662,-0.1405497758177927,0.5594502241822072,True,True
0,2025-08-05,NGW-096,SiO2_mg_L,expanding_mean_delta,0,4.194189897191817,4.415219602029645,-0.2210297048378287,3.8441898971918165,4.544189897191816,True,True
0,2025-08-05,NGW-096,Ca_mg_L,hydrosheaf_graph_ridge,0,4.07278038430626,3.648057459593681,0.42472292471257944,3.7227803843062603,4.42278038430626,True,False
0,2025-08-05,NGW-096,Mg_mg_L,hydrosheaf_graph_ridge,0,3.095577608523707,2.655352412101761,0.44022519642194613,2.745577608523707,3.445577608523707,True,False
0,2025-08-05,NGW-096,Na_mg_L,hydrosheaf_graph_ridge,0,3.899950424193877,3.803546529092062,0.09640389510181491,3.549950424193877,4.249950424193877,True,True
0,2025-08-05,NGW-096,K_mg_L,hydrosheaf_graph_ridge,0,2.0869135565185366,1.57069708411767,0.5162164724008667,1.7369135565185365,2.4369135565185367,True,False
0,2025-08-05,NGW-096,HCO3_mg_L,hydrosheaf_graph_ridge,0,5.0530560099802075,5.075048807420676,-0.021992797440468337,4.703056009980208,5.403056009980207,True,True
0,2025-08-05,NGW-096,Cl_mg_L,hydrosheaf_graph_ridge,0,4.561322786207815,3.8960968548778867,0.6652259313299282,4.211322786207815,4.911322786207815,True,False
0,2025-08-05,NGW-096,SO4_mg_L,hydrosheaf_graph_ridge,0,3.9900945408483017,3.7121075802331434,0.2779869606151584,3.6400945408483016,4.340094540848302,True,True
0,2025-08-05,NGW-096,NO3_mg_L,hydrosheaf_graph_ridge,0,3.12982600803469,3.0587070727153796,0.07111893531931024,2.7798260080346897,3.47982600803469,True,True
0,2025-08-05,NGW-096,F_mg_L,hydrosheaf_graph_ridge,0,1.0260415958332743,0.8586616190375187,0.16737997679575556,0.6760415958332743,1.3760415958332741,True,True
0,2025-08-05,NGW-096,Sr_mg_L,hydrosheaf_graph_ridge,0,0.20945022418220727,0.21913552991667093,-0.009685305734463662,-0.1405497758177927,0.5594502241822072,True,True
0,2025-08-05,NGW-096,SiO2_mg_L,hydrosheaf_graph_ridge,0,4.194189897191817,4.415219602029645,-0.2210297048378287,3.8441898971918165,4.544189897191816,True,True
0,2025-08-05,NGW-133,Ca_mg_L,persistence,0,3.720620339897999,3.3884498088396526,0.33217053105834626,3.370620339897999,4.0706203398979985,True,True
0,2025-08-05,NGW-133,Mg_mg_L,persistence,0,3.1419947805322432,2.767576180416237,0.37441860011600614,2.791994780532243,3.4919947805322433,True,False
0,2025-08-05,NGW-133,Na_mg_L,persistence,0,4.006605647914094,3.6464937376174986,0.3601119102965957,3.6566056479140943,4.356605647914094,True,False
0,2025-08-05,NGW-133,K_mg_L,persistence,0,1.951608170169951,1.6582280766035324,0.2933800935664186,1.6016081701699512,2.301608170169951,True,True
0,2025-08-05,NGW-133,HCO3_mg_L,persistence,0,5.1066119184437415,4.858648937098374,0.24796298134536787,4.756611918443742,5.456611918443741,True,True
0,2025-08-05,NGW-133,Cl_mg_L,persistence,0,4.2612704335380815,3.617383452408866,0.6438869811292154,3.9112704335380815,4.611270433538081,True,False
0,2025-08-05,NGW-133,SO4_mg_L,persistence,0,4.018183201256536,3.721588628523641,0.2965945727328956,3.6681832012565363,4.368183201256536,True,True
0,2025-08-05,NGW-133,NO3_mg_L,persistence,0,3.147594622863237,2.8752581200861167,0.2723365027771205,2.797594622863237,3.4975946228632373,True,True
0,2025-08-05,NGW-133,F_mg_L,persistence,0,0.3920420877760237,0.3852624007906449,0.0067796869853787856,0.042042087776023696,0.7420420877760237,True,True
0,2025-08-05,NGW-133,Sr_mg_L,persistence,0,0.1518623493092461,0.19227188764712272,-0.04040953833787661,-0.19813765069075387,0.5018623493092461,True,True
0,2025-08-05,NGW-133,SiO2_mg_L,persistence,0,3.7977338590260183,3.906004933102583,-0.10827107407656467,3.4477338590260183,4.147733859026018,True,True
0,2025-08-05,NGW-133,Ca_mg_L,expanding_mean_delta,0,3.720620339897999,3.3884498088396526,0.33217053105834626,3.370620339897999,4.0706203398979985,True,True
0,2025-08-05,NGW-133,Mg_mg_L,expanding_mean_delta,0,3.1419947805322432,2.767576180416237,0.37441860011600614,2.791994780532243,3.4919947805322433,True,False
0,2025-08-05,NGW-133,Na_mg_L,expanding_mean_delta,0,4.006605647914094,3.6464937376174986,0.3601119102965957,3.6566056479140943,4.356605647914094,True,False
0,2025-08-05,NGW-133,K_mg_L,expanding_mean_delta,0,1.951608170169951,1.6582280766035324,0.2933800935664186,1.6016081701699512,2.301608170169951,True,True
0,2025-08-05,NGW-133,HCO3_mg_L,expanding_mean_delta,0,5.1066119184437415,4.858648937098374,0.24796298134536787,4.756611918443742,5.456611918443741,True,True
0,2025-08-05,NGW-133,Cl_mg_L,expanding_mean_delta,0,4.2612704335380815,3.617383452408866,0.6438869811292154,3.9112704335380815,4.611270433538081,True,False
0,2025-08-05,NGW-133,SO4_mg_L,expanding_mean_delta,0,4.018183201256536,3.721588628523641,0.2965945727328956,3.6681832012565363,4.368183201256536,True,True
0,2025-08-05,NGW-133,NO3_mg_L,expanding_mean_delta,0,3.147594622863237,2.8752581200861167,0.2723365027771205,2.797594622863237,3.4975946228632373,True,True
0,2025-08-05,NGW-133,F_mg_L,expanding_mean_delta,0,0.3920420877760237,0.3852624007906449,0.0067796869853787856,0.042042087776023696,0.7420420877760237,True,True
0,2025-08-05,NGW-133,Sr_mg_L,expanding_mean_delta,0,0.1518623493092461,0.19227188764712272,-0.04040953833787661,-0.19813765069075387,0.5018623493092461,True,True
0,2025-08-05,NGW-133,SiO2_mg_L,expanding_mean_delta,0,3.7977338590260183,3.906004933102583,-0.10827107407656467,3.4477338590260183,4.147733859026018,True,True
0,2025-08-05,NGW-133,Ca_mg_L,hydrosheaf_graph_ridge,0,3.720620339897999,3.3884498088396526,0.33217053105834626,3.370620339897999,4.0706203398979985,True,True
0,2025-08-05,NGW-133,Mg_mg_L,hydrosheaf_graph_ridge,0,3.1419947805322432,2.767576180416237,0.37441860011600614,2.791994780532243,3.4919947805322433,True,False
0,2025-08-05,NGW-133,Na_mg_L,hydrosheaf_graph_ridge,0,4.006605647914094,3.6464937376174986,0.3601119102965957,3.6566056479140943,4.356605647914094,True,False
0,2025-08-05,NGW-133,K_mg_L,hydrosheaf_graph_ridge,0,1.951608170169951,1.6582280766035324,0.2933800935664186,1.6016081701699512,2.301608170169951,True,True
0,2025-08-05,NGW-133,HCO3_mg_L,hydrosheaf_graph_ridge,0,5.1066119184437415,4.858648937098374,0.24796298134536787,4.756611918443742,5.456611918443741,True,True
0,2025-08-05,NGW-133,Cl_mg_L,hydrosheaf_graph_ridge,0,4.2612704335380815,3.617383452408866,0.6438869811292154,3.9112704335380815,4.611270433538081,True,False
0,2025-08-05,NGW-133,SO4_mg_L,hydrosheaf_graph_ridge,0,4.018183201256536,3.721588628523641,0.2965945727328956,3.6681832012565363,4.368183201256536,True,True
0,2025-08-05,NGW-133,NO3_mg_L,hydrosheaf_graph_ridge,0,3.147594622863237,2.8752581200861167,0.2723365027771205,2.797594622863237,3.4975946228632373,True,True
0,2025-08-05,NGW-133,F_mg_L,hydrosheaf_graph_ridge,0,0.3920420877760237,0.3852624007906449,0.0067796869853787856,0.042042087776023696,0.7420420877760237,True,True
0,2025-08-05,NGW-133,Sr_mg_L,hydrosheaf_graph_ridge,0,0.1518623493092461,0.19227188764712272,-0.04040953833787661,-0.19813765069075387,0.5018623493092461,True,True
0,2025-08-05,NGW-133,SiO2_mg_L,hydrosheaf_graph_ridge,0,3.7977338590260183,3.906004933102583,-0.10827107407656467,3.4477338590260183,4.147733859026018,True,True
0,2025-08-05,NGW-135,Ca_mg_L,persistence,0,3.875566468417531,3.410817625039146,0.46474884337838507,3.525566468417531,4.225566468417531,True,False
0,2025-08-05,NGW-135,Mg_mg_L,persistence,0,3.017982882488811,2.7650604558189897,0.2529224266698211,2.6679828824888108,3.367982882488811,True,True
0,2025-08-05,NGW-135,Na_mg_L,persistence,0,3.7819143200811256,3.407841924380824,0.3740723957003018,3.4319143200811255,4.131914320081125,True,False
0,2025-08-05,NGW-135,K_mg_L,persistence,0,2.1174596088673567,1.8341801851120072,0.28327942375534954,1.7674596088673566,2.467459608867357,True,True
0,2025-08-05,NGW-135,HCO3_mg_L,persistence,0,5.131376911792384,4.843162940152507,0.28821397163987683,4.7813769117923846,5.481376911792384,True,True
0,2025-08-05,NGW-135,Cl_mg_L,persistence,0,4.071246510976124,3.5956670723917576,0.47557943858436635,3.721246510976124,4.421246510976124,True,False
0,2025-08-05,NGW-135,SO4_mg_L,persistence,0,3.9221713364799613,3.1250046092581303,0.797166727221831,3.572171336479961,4.272171336479961,True,False
0,2025-08-05,NGW-135,NO3_mg_L,persistence,0,3.7718409748282835,4.055950174234789,-0.2841091994065059,3.4218409748282834,4.121840974828284,True,True
0,2025-08-05,NGW-135,F_mg_L,persistence,0,0.4510756193602166,0.5653138090500605,-0.11423818968984384,0.10107561936021664,0.8010756193602167,True,True
0,2025-08-05,NGW-135,Sr_mg_L,persistence,0,0.11332868530700317,0.1380212978973747,-0.024692612590371518,-0.2366713146929968,0.46332868530700316,True,True
0,2025-08-05,NGW-135,SiO2_mg_L,persistence,0,4.034240638152395,4.293195420967266,-0.25895478281487083,3.6842406381523953,4.384240638152395,True,True
0,2025-08-05,NGW-135,Ca_mg_L,expanding_mean_delta,0,3.875566468417531,3.410817625039146,0.46474884337838507,3.525566468417531,4.225566468417531,True,False
0,2025-08-05,NGW-135,Mg_mg_L,expanding_mean_delta,0,3.017982882488811,2.7650604558189897,0.2529224266698211,2.6679828824888108,3.367982882488811,True,True
0,2025-08-05,NGW-135,Na_mg_L,expanding_mean_delta,0,3.7819143200811256,3.407841924380824,0.3740723957003018,3.4319143200811255,4.131914320081125,True,False
0,2025-08-05,NGW-135,K_mg_L,expanding_mean_delta,0,2.1174596088673567,1.8341801851120072,0.28327942375534954,1.7674596088673566,2.467459608867357,True,True
0,2025-08-05,NGW-135,HCO3_mg_L,expanding_mean_delta,0,5.131376911792384,4.843162940152507,0.28821397163987683,4.7813769117923846,5.481376911792384,True,True
0,2025-08-05,NGW-135,Cl_mg_L,expanding_mean_delta,0,4.071246510976124,3.5956670723917576,0.47557943858436635,3.721246510976124,4.421246510976124,True,False
0,2025-08-05,NGW-135,SO4_mg_L,expanding_mean_delta,0,3.9221713364799613,3.1250046092581303,0.797166727221831,3.572171336479961,4.272171336479961,True,False
0,2025-08-05,NGW-135,NO3_mg_L,expanding_mean_delta,0,3.7718409748282835,4.055950174234789,-0.2841091994065059,3.4218409748282834,4.121840974828284,True,True
0,2025-08-05,NGW-135,F_mg_L,expanding_mean_delta,0,0.4510756193602166,0.5653138090500605,-0.11423818968984384,0.10107561936021664,0.8010756193602167,True,True
0,2025-08-05,NGW-135,Sr_mg_L,expanding_mean_delta,0,0.11332868530700317,0.1380212978973747,-0.024692612590371518,-0.2366713146929968,0.46332868530700316,True,True
0,2025-08-05,NGW-135,SiO2_mg_L,expanding_mean_delta,0,4.034240638152395,4.293195420967266,-0.25895478281487083,3.6842406381523953,4.384240638152395,True,True
0,2025-08-05,NGW-135,Ca_mg_L,hydrosheaf_graph_ridge,0,3.875566468417531,3.410817625039146,0.46474884337838507,3.525566468417531,4.225566468417531,True,False
0,2025-08-05,NGW-135,Mg_mg_L,hydrosheaf_graph_ridge,0,3.017982882488811,2.7650604558189897,0.2529224266698211,2.6679828824888108,3.367982882488811,True,True
0,2025-08-05,NGW-135,Na_mg_L,hydrosheaf_graph_ridge,0,3.7819143200811256,3.407841924380824,0.3740723957003018,3.4319143200811255,4.131914320081125,True,False
0,2025-08-05,NGW-135,K_mg_L,hydrosheaf_graph_ridge,0,2.1174596088673567,1.8341801851120072,0.28327942375534954,1.7674596088673566,2.467459608867357,True,True
0,2025-08-05,NGW-135,HCO3_mg_L,hydrosheaf_graph_ridge,0,5.131376911792384,4.843162940152507,0.28821397163987683,4.7813769117923846,5.481376911792384,True,True
0,2025-08-05,NGW-135,Cl_mg_L,hydrosheaf_graph_ridge,0,4.071246510976124,3.5956670723917576,0.47557943858436635,3.721246510976124,4.421246510976124,True,False
0,2025-08-05,NGW-135,SO4_mg_L,hydrosheaf_graph_ridge,0,3.9221713364799613,3.1250046092581303,0.797166727221831,3.572171336479961,4.272171336479961,True,False
0,2025-08-05,NGW-135,NO3_mg_L,hydrosheaf_graph_ridge,0,3.7718409748282835,4.055950174234789,-0.2841091994065059,3.4218409748282834,4.121840974828284,True,True
0,2025-08-05,NGW-135,F_mg_L,hydrosheaf_graph_ridge,0,0.4510756193602166,0.5653138090500605,-0.11423818968984384,0.10107561936021664,0.8010756193602167,True,True
0,2025-08-05,NGW-135,Sr_mg_L,hydrosheaf_graph_ridge,0,0.11332868530700317,0.1380212978973747,-0.024692612590371518,-0.2366713146929968,0.46332868530700316,True,True
0,2025-08-05,NGW-135,SiO2_mg_L,hydrosheaf_graph_ridge,0,4.034240638152395,4.293195420967266,-0.25895478281487083,3.6842406381523953,4.384240638152395,True,True
0,2025-08-05,NGW-152,Ca_mg_L,persistence,0,3.914819092730147,3.548467300397191,0.366351792332956,3.564819092730147,4.264819092730147,True,False
0,2025-08-05,NGW-152,Mg_mg_L,persistence,0,2.444084655267745,2.631888840136646,-0.18780418486890094,2.094084655267745,2.794084655267745,True,True
0,2025-08-05,NGW-152,Na_mg_L,persistence,0,3.9290767599939738,3.769306703226551,0.15977005676742273,3.5790767599939737,4.279076759993973,True,True
0,2025-08-05,NGW-152,K_mg_L,persistence,0,2.0693912058263346,1.673351238177753,0.3960399676485815,1.7193912058263345,2.4193912058263347,True,False
0,2025-08-05,NGW-152,HCO3_mg_L,persistence,0,5.050945157499754,4.925150024739034,0.12579513276071985,4.7009451574997545,5.400945157499754,True,True
0,2025-08-05,NGW-152,Cl_mg_L,persistence,0,4.216709676695751,3.7952644448179504,0.42144523187780036,3.8667096766957507,4.5667096766957505,True,False
0,2025-08-05,NGW-152,SO4_mg_L,persistence,0,3.9678360702473587,3.688629422858727,0.2792066473886319,3.6178360702473586,4.317836070247359,True,True
0,2025-08-05,NGW-152,NO3_mg_L,persistence,0,2.9418039315284354,2.405141681319138,0.5366622502092975,2.5918039315284354,3.2918039315284355,True,False
0,2025-08-05,NGW-152,F_mg_L,persistence,0,0.2851789422336624,0.4574248470388754,-0.172245904805213,-0.06482105776633756,0.6351789422336624,True,True
0,2025-08-05,NGW-152,Sr_mg_L,persistence,0,0.20782684720231648,0.25153662581542763,-0.04370977861311115,-0.1421731527976835,0.5578268472023165,True,True
0,2025-08-05,NGW-152,SiO2_mg_L,persistence,0,3.7376696182833684,3.8155121050473024,-0.07784248676393402,3.3876696182833683,4.0876696182833685,True,True
0,2025-08-05,NGW-152,Ca_mg_L,expanding_mean_delta,0,3.914819092730147,3.548467300397191,0.366351792332956,3.564819092730147,4.264819092730147,True,False
0,2025-08-05,NGW-152,Mg_mg_L,expanding_mean_delta,0,2.444084655267745,2.631888840136646,-0.18780418486890094,2.094084655267745,2.794084655267745,True,True
0,2025-08-05,NGW-152,Na_mg_L,expanding_mean_delta,0,3.9290767599939738,3.769306703226551,0.15977005676742273,3.5790767599939737,4.279076759993973,True,True
0,2025-08-05,NGW-152,K_mg_L,expanding_mean_delta,0,2.0693912058263346,1.673351238177753,0.3960399676485815,1.7193912058263345,2.4193912058263347,True,False
0,2025-08-05,NGW-152,HCO3_mg_L,expanding_mean_delta,0,5.050945157499754,4.925150024739034,0.12579513276071985,4.7009451574997545,5.400945157499754,True,True
0,2025-08-05,NGW-152,Cl_mg_L,expanding_mean_delta,0,4.216709676695751,3.7952644448179504,0.42144523187780036,3.8667096766957507,4.5667096766957505,True,False
0,2025-08-05,NGW-152,SO4_mg_L,expanding_mean_delta,0,3.9678360702473587,3.688629422858727,0.2792066473886319,3.6178360702473586,4.317836070247359,True,True
0,2025-08-05,NGW-152,NO3_mg_L,expanding_mean_delta,0,2.9418039315284354,2.405141681319138,0.5366622502092975,2.5918039315284354,3.2918039315284355,True,False
0,2025-08-05,NGW-152,F_mg_L,expanding_mean_delta,0,0.2851789422336624,0.4574248470388754,-0.172245904805213,-0.06482105776633756,0.6351789422336624,True,True
0,2025-08-05,NGW-152,Sr_mg_L,expanding_mean_delta,0,0.20782684720231648,0.25153662581542763,-0.04370977861311115,-0.1421731527976835,0.5578268472023165,True,True
0,2025-08-05,NGW-152,SiO2_mg_L,expanding_mean_delta,0,3.7376696182833684,3.8155121050473024,-0.07784248676393402,3.3876696182833683,4.0876696182833685,True,True
0,2025-08-05,NGW-152,Ca_mg_L,hydrosheaf_graph_ridge,0,3.914819092730147,3.548467300397191,0.366351792332956,3.564819092730147,4.264819092730147,True,False
0,2025-08-05,NGW-152,Mg_mg_L,hydrosheaf_graph_ridge,0,2.444084655267745,2.631888840136646,-0.18780418486890094,2.094084655267745,2.794084655267745,True,True
0,2025-08-05,NGW-152,Na_mg_L,hydrosheaf_graph_ridge,0,3.9290767599939738,3.769306703226551,0.15977005676742273,3.5790767599939737,4.279076759993973,True,True
0,2025-08-05,NGW-152,K_mg_L,hydrosheaf_graph_ridge,0,2.0693912058263346,1.673351238177753,0.3960399676485815,1.7193912058263345,2.4193912058263347,True,False
0,2025-08-05,NGW-152,HCO3_mg_L,hydrosheaf_graph_ridge,0,5.050945157499754,4.925150024739034,0.12579513276071985,4.7009451574997545,5.400945157499754,True,True
0,2025-08-05,NGW-152,Cl_mg_L,hydrosheaf_graph_ridge,0,4.216709676695751,3.7952644448179504,0.42144523187780036,3.8667096766957507,4.5667096766957505,True,False
0,2025-08-05,NGW-152,SO4_mg_L,hydrosheaf_graph_ridge,0,3.9678360702473587,3.688629422858727,0.2792066473886319,3.6178360702473586,4.317836070247359,True,True
0,2025-08-05,NGW-152,NO3_mg_L,hydrosheaf_graph_ridge,0,2.9418039315284354,2.405141681319138,0.5366622502092975,2.5918039315284354,3.2918039315284355,True,False
0,2025-08-05,NGW-152,F_mg_L,hydrosheaf_graph_ridge,0,0.2851789422336624,0.4574248470388754,-0.172245904805213,-0.06482105776633756,0.6351789422336624,True,True
0,2025-08-05,NGW-152,Sr_mg_L,hydrosheaf_graph_ridge,0,0.20782684720231648,0.25153662581542763,-0.04370977861311115,-0.1421731527976835,0.5578268472023165,True,True
0,2025-08-05,NGW-152,SiO2_mg_L,hydrosheaf_graph_ridge,0,3.7376696182833684,3.8155121050473024,-0.07784248676393402,3.3876696182833683,4.0876696182833685,True,True
1,2025-08-06,NGW-008,Ca_mg_L,persistence,10,3.8130862575681226,3.351656936102019,0.4614293214661034,3.3512292909160033,4.274943224220242,True,True
1,2025-08-06,NGW-008,Mg_mg_L,persistence,10,2.6932749155200555,2.3869262414277967,0.30634867409225874,2.0545375067212217,3.3320123243188893,True,True
1,2025-08-06,NGW-008,Na_mg_L,persistence,10,4.065773605234065,3.6694417602214613,0.39633184501260343,3.3953318253756577,4.736215385092471,True,True
1,2025-08-06,NGW-008,K_mg_L,persistence,10,1.6770965609079151,1.6695918352538475,0.007504725654067679,1.1529823601831963,2.201210761632634,True,True
1,2025-08-06,NGW-008,HCO3_mg_L,persistence,10,5.190565104053807,4.958078043357579,0.2324870606962275,4.612267485068924,5.76886272303869,True,True
1,2025-08-06,NGW-008,Cl_mg_L,persistence,10,4.0668020592157,3.4137844971676268,0.6530175620480732,3.291245192822232,4.842358925609168,True,True
1,2025-08-06,NGW-008,SO4_mg_L,persistence,10,3.7618975468505083,3.57906458810673,0.18283295874377847,3.0521051995905806,4.471689894110436,True,True
1,2025-08-06,NGW-008,NO3_mg_L,persistence,10,3.2200751054436827,2.199444334074532,1.0206307713691505,2.4743484812044394,3.965801729682926,True,False
1,2025-08-06,NGW-008,F_mg_L,persistence,10,0.12221763272424921,0.17395330712343804,-0.05173567439918883,-0.28249552439330516,0.5269307898418035,True,True
1,2025-08-06,NGW-008,Sr_mg_L,persistence,10,0.23507212217948356,0.17395330712343804,0.06111881505604552,0.03507212217948355,0.43507212217948354,True,True
1,2025-08-06,NGW-008,SiO2_mg_L,persistence,10,3.6888794541139363,4.152613470346076,-0.46373401623214017,3.4116133808719815,3.966145527355891,True,False
1,2025-08-06,NGW-008,Ca_mg_L,expanding_mean_delta,10,3.450912357104227,3.351656936102019,0.09925542100220763,2.9890553904521076,3.912769323756346,True,True
1,2025-08-06,NGW-008,Mg_mg_L,expanding_mean_delta,10,2.3068434749763056,2.3869262414277967,-0.08008276645149115,1.6681060661774718,2.9455808837751394,True,True
1,2025-08-06,NGW-008,Na_mg_L,expanding_mean_delta,10,3.621018241454502,3.6694417602214613,-0.04842351876695927,2.950576461596095,4.2914600213129095,True,True
1,2025-08-06,NGW-008,K_mg_L,expanding_mean_delta,10,1.3206723307338337,1.6695918352538475,-0.34891950452001375,0.796558130009115,1.8447865314585523,True,True
1,2025-08-06,NGW-008,HCO3_mg_L,expanding_mean_delta,10,4.846361570219046,4.958078043357579,-0.11171647313853317,4.268063951234163,5.424659189203929,True,True
1,2025-08-06,NGW-008,Cl_mg_L,expanding_mean_delta,10,3.4576320888723817,3.4137844971676268,0.04384759170475494,2.6820752224789137,4.23318895526585,True,True
1,2025-08-06,NGW-008,SO4_mg_L,expanding_mean_delta,10,3.3383233948030715,3.57906458810673,-0.24074119330365829,2.628531047543144,4.048115742063,True,True
1,2025-08-06,NGW-008,NO3_mg_L,expanding_mean_delta,10,2.82807099066199,2.199444334074532,0.6286266565874579,2.082344366422747,3.5737976149012334,True,True
1,2025-08-06,NGW-008,F_mg_L,expanding_mean_delta,10,-0.036269139434869924,0.17395330712343804,-0.21022244655830796,-0.44098229655242427,0.3684440176826844,True,True
1,2025-08-06,NGW-008,Sr_mg_L,expanding_mean_delta,10,0.23985834419834573,0.17395330712343804,0.06590503707490769,0.03985834419834572,0.43985834419834574,True,True
1,2025-08-06,NGW-008,SiO2_mg_L,expanding_mean_delta,10,3.7027916436936166,4.152613470346076,-0.44982182665245984,3.425525570451662,3.9800577169355713,True,False
1,2025-08-06,NGW-008,Ca_mg_L,hydrosheaf_graph_ridge,10,3.450912357104227,3.351656936102019,0.09925542100220763,2.9890553904521076,3.912769323756346,True,True
1,2025-08-06,NGW-008,Mg_mg_L,hydrosheaf_graph_ridge,10,2.3068434749763056,2.3869262414277967,-0.08008276645149115,1.6681060661774718,2.9455808837751394,True,True
1,2025-08-06,NGW-008,Na_mg_L,hydrosheaf_graph_ridge,10,3.621018241454502,3.6694417602214613,-0.04842351876695927,2.950576461596095,4.2914600213129095,True,True
1,2025-08-06,NGW-008,K_mg_L,hydrosheaf_graph_ridge,10,1.3206723307338337,1.6695918352538475,-0.34891950452001375,0.796558130009115,1.8447865314585523,True,True
1,2025-08-06,NGW-008,HCO3_mg_L,hydrosheaf_graph_ridge,10,4.846361570219046,4.958078043357579,-0.11171647313853317,4.268063951234163,5.424659189203929,True,True
1,2025-08-06,NGW-008,Cl_mg_L,hydrosheaf_graph_ridge,10,3.4576320888723817,3.4137844971676268,0.04384759170475494,2.6820752224789137,4.23318895526585,True,True
1,2025-08-06,NGW-008,SO4_mg_L,hydrosheaf_graph_ridge,10,3.3383233948030715,3.57906458810673,-0.24074119330365829,2.628531047543144,4.048115742063,True,True
1,2025-08-06,NGW-008,NO3_mg_L,hydrosheaf_graph_ridge,10,2.82807099066199,2.199444334074532,0.6286266565874579,2.082344366422747,3.5737976149012334,True,True
1,2025-08-06,NGW-008,F_mg_L,hydrosheaf_graph_ridge,10,-0.036269139434869924,0.17395330712343804,-0.21022244655830796,-0.44098229655242427,0.3684440176826844,True,True
1,2025-08-06,NGW-008,Sr_mg_L,hydrosheaf_graph_ridge,10,0.23985834419834573,0.17395330712343804,0.06590503707490769,0.03985834419834572,0.43985834419834574,True,True
1,2025-08-06,NGW-008,SiO2_mg_L,hydrosheaf_graph_ridge,10,3.7027916436936166,4.152613470346076,-0.44982182665245984,3.425525570451662,3.9800577169355713,True,False
1,2025-08-06,NGW-047,Ca_mg_L,persistence,10,4.079400114836278,3.392492941032009,0.6869071738042689,3.6175431481841587,4.541257081488397,True,False
1,2025-08-06,NGW-047,Mg_mg_L,persistence,10,3.0257763949023677,2.5447466501440172,0.4810297447583505,2.387038986103534,3.6645138037012015,True,True
1,2025-08-06,NGW-047,Na_mg_L,persistence,10,4.121635422458004,3.5956670723917576,0.5259683500662464,3.451193642599597,4.7920772023164115,True,True
1,2025-08-06,NGW-047,K_mg_L,persistence,10,1.860974538249528,1.5953389880545987,0.26563555019492924,1.3368603375248092,2.385088738974247,True,True
1,2025-08-06,NGW-047,HCO3_mg_L,persistence,10,5.201145454795763,4.827593477977818,0.3735519768179456,4.62284783581088,5.779443073780646,True,True
1,2025-08-06,NGW-047,Cl_mg_L,persistence,10,4.345232973844869,3.5596246182566738,0.7856083555881952,3.569676107451401,5.120789840238337,True,False
1,2025-08-06,NGW-047,SO4_mg_L,persistence,10,4.213755901102586,3.5610460826040513,0.6527098184985349,3.5039635538426586,4.923548248362514,True,True
1,2025-08-06,NGW-047,NO3_mg_L,persistence,10,4.0347714706871995,2.9967317738870745,1.038039696800125,3.2890448464479562,4.780498094926442,True,False
1,2025-08-06,NGW-047,F_mg_L,persistence,10,0.6678293725756554,0.3987761199573678,0.26905325261828766,0.2631162154581011,1.0725425296932098,True,True
1,2025-08-06,NGW-047,Sr_mg_L,persistence,10,0.2615947376884625,0.2669690308542393,-0.005374293165776811,0.061594737688462464,0.4615947376884625,True,True
1,2025-08-06,NGW-047,SiO2_mg_L,persistence,10,4.027135812528651,4.051784947803305,-0.024649135274653844,3.749869739286696,4.304401885770606,True,True
1,2025-08-06,NGW-047,Ca_mg_L,expanding_mean_delta,10,3.717226214372382,3.392492941032009,0.32473327334037316,3.255369247720263,4.1790831810245015,True,True
1,2025-08-06,NGW-047,Mg_mg_L,expanding_mean_delta,10,2.639344954358618,2.5447466501440172,0.09459830421460058,2.000607545559784,3.2780823631574516,True,True
1,2025-08-06,NGW-047,Na_mg_L,expanding_mean_delta,10,3.6768800586784414,3.5956670723917576,0.08121298628668372,3.0064382788200343,4.347321838536848,True,True
1,2025-08-06,NGW-047,K_mg_L,expanding_mean_delta,10,1.5045503080754465,1.5953389880545987,-0.09078867997915219,0.9804361073507278,2.028664508800165,True,True
1,2025-08-06,NGW-047,HCO3_mg_L,expanding_mean_delta,10,4.8569419209610025,4.827593477977818,0.029348442983184952,4.27864430197612,5.4352395399458855,True,True
1,2025-08-06,NGW-047,Cl_mg_L,expanding_mean_delta,10,3.7360630035015507,3.5596246182566738,0.17643838524487698,2.9605061371080827,4.511619869895019,True,True
1,2025-08-06,NGW-047,SO4_mg_L,expanding_mean_delta,10,3.7901817490551495,3.5610460826040513,0.22913566645109817,3.080389401795222,4.499974096315078,True,True
1,2025-08-06,NGW-047,NO3_mg_L,expanding_mean_delta,10,3.642767355905507,2.9967317738870745,0.6460355820184325,2.8970407316662636,4.38849398014475,True,True
1,2025-08-06,NGW-047,F_mg_L,expanding_mean_delta,10,0.5093426004165363,0.3987761199573678,0.11056648045916856,0.104629443298982,0.9140557575340906,True,True
1,2025-08-06,NGW-047,Sr_mg_L,expanding_mean_delta,10,0.26638095970732467,0.2669690308542393,-0.0005880711469146149,0.06638095970732466,0.4663809597073247,True,True
1,2025-08-06,NGW-047,SiO2_mg_L,expanding_mean_delta,10,4.041048002108331,4.051784947803305,-0.010736945694973521,3.7637819288663765,4.318314075350286,True,True
1,2025-08-06,NGW-047,Ca_mg_L,hydrosheaf_graph_ridge,10,3.717226214372382,3.392492941032009,0.32473327334037316,3.255369247720263,4.1790831810245015,True,True
1,2025-08-06,NGW-047,Mg_mg_L,hydrosheaf_graph_ridge,10,2.639344954358618,2.5447466501440172,0.09459830421460058,2.000607545559784,3.2780823631574516,True,True
1,2025-08-06,NGW-047,Na_mg_L,hydrosheaf_graph_ridge,10,3.6768800586784414,3.5956670723917576,0.08121298628668372,3.0064382788200343,4.347321838536848,True,True
1,2025-08-06,NGW-047,K_mg_L,hydrosheaf_graph_ridge,10,1.5045503080754465,1.5953389880545987,-0.09078867997915219,0.9804361073507278,2.028664508800165,True,True
1,2025-08-06,NGW-047,HCO3_mg_L,hydrosheaf_graph_ridge,10,4.8569419209610025,4.827593477977818,0.029348442983184952,4.27864430197612,5.4352395399458855,True,True
1,2025-08-06,NGW-047,Cl_mg_L,hydrosheaf_graph_ridge,10,3.7360630035015507,3.5596246182566738,0.17643838524487698,2.9605061371080827,4.511619869895019,True,True
1,2025-08-06,NGW-047,SO4_mg_L,hydrosheaf_graph_ridge,10,3.7901817490551495,3.5610460826040513,0.22913566645109817,3.080389401795222,4.499974096315078,True,True
1,2025-08-06,NGW-047,NO3_mg_L,hydrosheaf_graph_ridge,10,3.642767355905507,2.9967317738870745,0.6460355820184325,2.8970407316662636,4.38849398014475,True,True
1,2025-08-06,NGW-047,F_mg_L,hydrosheaf_graph_ridge,10,0.5093426004165363,0.3987761199573678,0.11056648045916856,0.104629443298982,0.9140557575340906,True,True
1,2025-08-06,NGW-047,Sr_mg_L,hydrosheaf_graph_ridge,10,0.26638095970732467,0.2669690308542393,-0.0005880711469146149,0.06638095970732466,0.4663809597073247,True,True
1,2025-08-06,NGW-047,SiO2_mg_L,hydrosheaf_graph_ridge,10,4.041048002108331,4.051784947803305,-0.010736945694973521,3.7637819288663765,4.318314075350286,True,True
1,2025-08-06,NGW-051,Ca_mg_L,persistence,10,3.732178378509084,3.6579046498145056,0.07427372869457827,3.2703214118569646,4.194035345161203,True,True
1,2025-08-06,NGW-051,Mg_mg_L,persistence,10,2.8160073426073025,2.6004649904222727,0.2155423521850297,2.1772699338084687,3.4547447514061362,True,True
1,2025-08-06,NGW-051,Na_mg_L,persistence,10,4.098502572370764,3.386083743852107,0.7124188285186568,3.428060792512357,4.7689443522291715,True,False
1,2025-08-06,NGW-051,K_mg_L,persistence,10,1.8779371654691073,1.6752256529721035,0.2027115124970038,1.3538229647443885,2.402051366193826,True,True
1,2025-08-06,NGW-051,HCO3_mg_L,persistence,10,5.006894974480533,4.730392150741473,0.2765028237390599,4.42859735549565,5.585192593465416,True,True
1,2025-08-06,NGW-051,Cl_mg_L,persistence,10,4.404888303817144,3.8934516198427107,0.5114366839744329,3.6293314374236756,5.180445170210612,True,True
1,2025-08-06,NGW-051,SO4_mg_L,persistence,10,3.521938999358284,3.6470152500152375,-0.12507625065695338,2.8121466520983565,4.231731346618212,True,True
1,2025-08-06,NGW-051,NO3_mg_L,persistence,10,3.1625170911988163,3.054944133185837,0.10757295801297939,2.416790466959573,3.9082437154380596,True,True
1,2025-08-06,NGW-051,F_mg_L,persistence,10,0.2776317365982795,0.3784364357202451,-0.1008046991219656,-0.12708142051927485,0.6823448937158338,True,True
1,2025-08-06,NGW-051,Sr_mg_L,persistence,10,0.1947440767925118,0.1484200051182733,0.04632407167423849,-0.005255923207488217,0.3947440767925118,True,True
1,2025-08-06,NGW-051,SiO2_mg_L,persistence,10,4.2456340097683265,4.247065649239764,-0.0014316394714377623,3.9683679365263718,4.522900083010281,True,True
1,2025-08-06,NGW-051,Ca_mg_L,expanding_mean_delta,10,3.370004478045188,3.6579046498145056,-0.2879001717693175,2.908147511393069,3.8318614446973074,True,True
1,2025-08-06,NGW-051,Mg_mg_L,expanding_mean_delta,10,2.4295759020635526,2.6004649904222727,-0.1708890883587202,1.7908384932647188,3.0683133108623863,True,True
1,2025-08-06,NGW-051,Na_mg_L,expanding_mean_delta,10,3.6537472085912013,3.386083743852107,0.2676634647390941,2.9833054287327943,4.324188988449608,True,True
1,2025-08-06,NGW-051,K_mg_L,expanding_mean_delta,10,1.5215129352950258,1.6752256529721035,-0.15371271767707761,0.9973987345703071,2.0456271360197444,True,True
1,2025-08-06,NGW-051,HCO3_mg_L,expanding_mean_delta,10,4.662691440645772,4.730392150741473,-0.06770071009570078,4.084393821660889,5.240989059630655,True,True
1,2025-08-06,NGW-051,Cl_mg_L,expanding_mean_delta,10,3.7957183334738254,3.8934516198427107,-0.09773328636888534,3.0201614670803574,4.571275199867293,True,True
1,2025-08-06,NGW-051,SO4_mg_L,expanding_mean_delta,10,3.0983648473108474,3.6470152500152375,-0.5486504027043901,2.3885725000509197,3.808157194570775,True,True
1,2025-08-06,NGW-051,NO3_mg_L,expanding_mean_delta,10,2.7705129764171237,3.054944133185837,-0.2844311567687132,2.0247863521778804,3.516239600656367,True,True
1,2025-08-06,NGW-051,F_mg_L,expanding_mean_delta,10,0.11914496443916037,0.3784364357202451,-0.25929147128108476,-0.28556819267839395,0.5238581215567147,True,True
1,2025-08-06,NGW-051,Sr_mg_L,expanding_mean_delta,10,0.19953029881137396,0.1484200051182733,0.05111029369310066,-0.00046970118862604826,0.399530298811374,True,True
1,2025-08-06,NGW-051,SiO2_mg_L,expanding_mean_delta,10,4.259546199348007,4.247065649239764,0.01248055010824256,3.982280126106052,4.536812272589962,True,True
1,2025-08-06,NGW-051,Ca_mg_L,hydrosheaf_graph_ridge,10,3.370004478045188,3.6579046498145056,-0.2879001717693175,2.908147511393069,3.8318614446973074,True,True
1,2025-08-06,NGW-051,Mg_mg_L,hydrosheaf_graph_ridge,10,2.4295759020635526,2.6004649904222727,-0.1708890883587202,1.7908384932647188,3.0683133108623863,True,True
1,2025-08-06,NGW-051,Na_mg_L,hydrosheaf_graph_ridge,10,3.6537472085912013,3.386083743852107,0.2676634647390941,2.9833054287327943,4.324188988449608,True,True
1,2025-08-06,NGW-051,K_mg_L,hydrosheaf_graph_ridge,10,1.5215129352950258,1.6752256529721035,-0.15371271767707761,0.9973987345703071,2.0456271360197444,True,True
1,2025-08-06,NGW-051,HCO3_mg_L,hydrosheaf_graph_ridge,10,4.662691440645772,4.730392150741473,-0.06770071009570078,4.084393821660889,5.240989059630655,True,True
1,2025-08-06,NGW-051,Cl_mg_L,hydrosheaf_graph_ridge,10,3.7957183334738254,3.8934516198427107,-0.09773328636888534,3.0201614670803574,4.571275199867293,True,True
1,2025-08-06,NGW-051,SO4_mg_L,hydrosheaf_graph_ridge,10,3.0983648473108474,3.6470152500152375,-0.5486504027043901,2.3885725000509197,3.808157194570775,True,True
1,2025-08-06,NGW-051,NO3_mg_L,hydrosheaf_graph_ridge,10,2.7705129764171237,3.054944133185837,-0.2844311567687132,2.0247863521778804,3.516239600656367,True,True
1,2025-08-06,NGW-051,F_mg_L,hydrosheaf_graph_ridge,10,0.11914496443916037,0.3784364357202451,-0.25929147128108476,-0.28556819267839395,0.5238581215567147,True,True
1,2025-08-06,NGW-051,Sr_mg_L,hydrosheaf_graph_ridge,10,0.19953029881137396,0.1484200051182733,0.05111029369310066,-0.00046970118862604826,0.399530298811374,True,True
1,2025-08-06,NGW-051,SiO2_mg_L,hydrosheaf_graph_ridge,10,4.259546199348007,4.247065649239764,0.01248055010824256,3.982280126106052,4.536812272589962,True,True
1,2025-08-06,NGW-056,Ca_mg_L,persistence,10,4.0812593226734455,3.467609147181407,0.6136501754920385,3.619402356021326,4.543116289325565,True,False
1,2025-08-06,NGW-056,Mg_mg_L,persistence,10,2.5832425505088623,2.5930133911138515,-0.009770840604989228,1.9445051417100285,3.221979959307696,True,True
1,2025-08-06,NGW-056,Na_mg_L,persistence,10,3.6417878465800855,3.5601934464858913,0.08159440009419416,2.9713460667216784,4.3122296264384925,True,True
1,2025-08-06,NGW-056,K_mg_L,persistence,10,1.9459101490553132,1.501852701754163,0.44405744730115027,1.4217959483305944,2.470024349780032,True,True
1,2025-08-06,NGW-056,HCO3_mg_L,persistence,10,5.170029346246506,4.812509505757334,0.3575198404891715,4.591731727261623,5.748326965231389,True,True
1,2025-08-06,NGW-056,Cl_mg_L,persistence,10,4.205736850111646,3.718923575462313,0.4868132746493328,3.430179983718178,4.981293716505114,True,True
1,2025-08-06,NGW-056,SO4_mg_L,persistence,10,3.9520126536443043,3.774598329516474,0.17741432412783054,3.2422203063843766,4.661805000904232,True,True
1,2025-08-06,NGW-056,NO3_mg_L,persistence,10,2.9381031607173544,2.9454910571172443,-0.007387896399889904,2.192376536478111,3.6838297849565977,True,True
1,2025-08-06,NGW-056,F_mg_L,persistence,10,0.4574248470388754,0.3220834991691133,0.13534134786976215,0.05271168992132108,0.8621380041564297,True,True
1,2025-08-06,NGW-056,Sr_mg_L,persistence,10,0.178146185383474,0.18315454309784648,-0.005008357714372497,-0.021853814616526024,0.378146185383474,True,True
1,2025-08-06,NGW-056,SiO2_mg_L,persistence,10,3.6216707044204863,4.01096295328305,-0.38929224886256364,3.3444046311785316,3.898936777662441,True,False
1,2025-08-06,NGW-056,Ca_mg_L,expanding_mean_delta,10,3.7190854222095497,3.467609147181407,0.25147627502814274,3.2572284555574305,4.180942388861669,True,True
1,2025-08-06,NGW-056,Mg_mg_L,expanding_mean_delta,10,2.1968111099651124,2.5930133911138515,-0.3962022811487391,1.5580737011662786,2.835548518763946,True,True
1,2025-08-06,NGW-056,Na_mg_L,expanding_mean_delta,10,3.1970324828005228,3.5601934464858913,-0.36316096368536854,2.5265907029421157,3.86747426265893,True,True
1,2025-08-06,NGW-056,K_mg_L,expanding_mean_delta,10,1.5894859188812318,1.501852701754163,0.08763321712706884,1.0653717181565132,2.1136001196059504,True,True
1,2025-08-06,NGW-056,HCO3_mg_L,expanding_mean_delta,10,4.825825812411745,4.812509505757334,0.013316306654410859,4.247528193426862,5.404123431396628,True,True
1,2025-08-06,NGW-056,Cl_mg_L,expanding_mean_delta,10,3.5965668797683277,3.718923575462313,-0.12235669569398544,2.8210100133748597,4.372123746161796,True,True
1,2025-08-06,NGW-056,SO4_mg_L,expanding_mean_delta,10,3.5284385015968676,3.774598329516474,-0.24615982791960622,2.81864615433694,4.238230848856795,True,True
1,2025-08-06,NGW-056,NO3_mg_L,expanding_mean_delta,10,2.546099045935662,2.9454910571172443,-0.3993920111815825,1.8003724216964185,3.291825670174905,True,True
1,2025-08-06,NGW-056,F_mg_L,expanding_mean_delta,10,0.2989380748797563,0.3220834991691133,-0.023145424289356953,-0.10577508223779802,0.7036512319973107,True,True
1,2025-08-06,NGW-056,Sr_mg_L,expanding_mean_delta,10,0.18293240740233616,0.18315454309784648,-0.0002221356955103282,-0.017067592597663855,0.38293240740233614,True,True
1,2025-08-06,NGW-056,SiO2_mg_L,expanding_mean_delta,10,3.6355828940001667,4.01096295328305,-0.3753800592828833,3.358316820758212,3.9128489672421214,True,False
1,2025-08-06,NGW-056,Ca_mg_L,hydrosheaf_graph_ridge,10,3.7190854222095497,3.467609147181407,0.25147627502814274,3.2572284555574305,4.180942388861669,True,True
1,2025-08-06,NGW-056,Mg_mg_L,hydrosheaf_graph_ridge,10,2.1968111099651124,2.5930133911138515,-0.3962022811487391,1.5580737011662786,2.835548518763946,True,True
1,2025-08-06,NGW-056,Na_mg_L,hydrosheaf_graph_ridge,10,3.1970324828005228,3.5601934464858913,-0.36316096368536854,2.5265907029421157,3.86747426265893,True,True
1,2025-08-06,NGW-056,K_mg_L,hydrosheaf_graph_ridge,10,1.5894859188812318,1.501852701754163,0.08763321712706884,1.0653717181565132,2.1136001196059504,True,True
1,2025-08-06,NGW-056,HCO3_mg_L,hydrosheaf_graph_ridge,10,4.825825812411745,4.812509505757334,0.013316306654410859,4.247528193426862,5.404123431396628,True,True
1,2025-08-06,NGW-056,Cl_mg_L,hydrosheaf_graph_ridge,10,3.5965668797683277,3.718923575462313,-0.12235669569398544,2.8210100133748597,4.372123746161796,True,True
1,2025-08-06,NGW-056,SO4_mg_L,hydrosheaf_graph_ridge,10,3.5284385015968676,3.774598329516474,-0.24615982791960622,2.81864615433694,4.238230848856795,True,True
1,2025-08-06,NGW-056,NO3_mg_L,hydrosheaf_graph_ridge,10,2.546099045935662,2.9454910571172443,-0.3993920111815825,1.8003724216964185,3.291825670174905,True,True
1,2025-08-06,NGW-056,F_mg_L,hydrosheaf_graph_ridge,10,0.2989380748797563,0.3220834991691133,-0.023145424289356953,-0.10577508223779802,0.7036512319973107,True,True
1,2025-08-06,NGW-056,Sr_mg_L,hydrosheaf_graph_ridge,10,0.18293240740233616,0.18315454309784648,-0.0002221356955103282,-0.017067592597663855,0.38293240740233614,True,True
1,2025-08-06,NGW-056,SiO2_mg_L,hydrosheaf_graph_ridge,10,3.6355828940001667,4.01096295328305,-0.3753800592828833,3.358316820758212,3.9128489672421214,True,False
1,2025-08-06,NGW-065,Ca_mg_L,persistence,10,3.9697257155564354,3.451256581534892,0.5184691340215433,3.507868748904316,4.431582682208555,True,False
1,2025-08-06,NGW-065,Mg_mg_L,persistence,10,2.91235066461494,2.1938856760707046,0.7184649885442354,2.273613255816106,3.5510880734137737,True,False
1,2025-08-06,NGW-065,Na_mg_L,persistence,10,3.879499813722586,3.778948651202804,0.10055116251978191,3.2090580338641788,4.549941593580993,True,True
1,2025-08-06,NGW-065,K_mg_L,persistence,10,1.890095369948917,1.7351891177396608,0.15490625220925613,1.3659811692241983,2.4142095706736355,True,True
1,2025-08-06,NGW-065,HCO3_mg_L,persistence,10,5.214881408306002,4.920564697006408,0.2943167112995946,4.6365837893211195,5.793179027290885,True,True
1,2025-08-06,NGW-065,Cl_mg_L,persistence,10,4.2510633701550695,3.7464405646384678,0.5046228055166018,3.4755065037616015,5.0266202365485375,True,True
1,2025-08-06,NGW-065,SO4_mg_L,persistence,10,3.893859034800475,3.5624655292582776,0.33139350554219726,3.1840666875405472,4.603651382060403,True,True
1,2025-08-06,NGW-065,NO3_mg_L,persistence,10,2.834389123145228,2.590767040487478,0.2436220826577502,2.0886624989059848,3.5801157473844714,True,True
1,2025-08-06,NGW-065,F_mg_L,persistence,10,0.5481214085096876,0.2851789422336624,0.2629424662760252,0.14340825139213326,0.9528345656272419,True,True
1,2025-08-06,NGW-065,Sr_mg_L,persistence,10,0.16551443847757338,0.16889853646181394,-0.0033840979842405527,-0.03448556152242663,0.36551443847757337,True,True
1,2025-08-06,NGW-065,SiO2_mg_L,persistence,10,4.05871738457895,4.107589788972121,-0.04887240439317164,3.781451311336995,4.335983457820904,True,True
1,2025-08-06,NGW-065,Ca_mg_L,expanding_mean_delta,10,3.6075518150925396,3.451256581534892,0.15629523355764752,3.1456948484404204,4.069408781744659,True,True
1,2025-08-06,NGW-065,Mg_mg_L,expanding_mean_delta,10,2.52591922407119,2.1938856760707046,0.33203354800048546,1.8871818152723563,3.164656632870024,True,True
1,2025-08-06,NGW-065,Na_mg_L,expanding_mean_delta,10,3.434744449943023,3.778948651202804,-0.3442042012597808,2.764302670084616,4.10518622980143,True,True
1,2025-08-06,NGW-065,K_mg_L,expanding_mean_delta,10,1.5336711397748353,1.7351891177396608,-0.2015179779648255,1.0095569390501167,2.057785340499554,True,True
1,2025-08-06,NGW-065,HCO3_mg_L,expanding_mean_delta,10,4.870677874471242,4.920564697006408,-0.049886822535166075,4.292380255486359,5.448975493456125,True,True
1,2025-08-06,NGW-065,Cl_mg_L,expanding_mean_delta,10,3.6418933998117513,3.7464405646384678,-0.10454716482671644,2.8663365334182833,4.417450266205219,True,True
1,2025-08-06,NGW-065,SO4_mg_L,expanding_mean_delta,10,3.470284882753038,3.5624655292582776,-0.0921806465052395,2.7604925354931105,4.180077230012966,True,True
1,2025-08-06,NGW-065,NO3_mg_L,expanding_mean_delta,10,2.4423850083635354,2.590767040487478,-0.1483820321239424,1.6966583841242922,3.1881116326027787,True,True
1,2025-08-06,NGW-065,F_mg_L,expanding_mean_delta,10,0.3896346363505685,0.2851789422336624,0.10445569411690608,-0.015078520766985848,0.7943477934681229,True,True
1,2025-08-06,NGW-065,Sr_mg_L,expanding_mean_delta,10,0.17030066049643555,0.16889853646181394,0.0014021240346216157,-0.02969933950356446,0.37030066049643556,True,True
1,2025-08-06,NGW-065,SiO2_mg_L,expanding_mean_delta,10,4.07262957415863,4.107589788972121,-0.03496021481349132,3.7953635009166753,4.349895647400585,True,True
1,2025-08-06,NGW-065,Ca_mg_L,hydrosheaf_graph_ridge,10,3.6075518150925396,3.451256581534892,0.15629523355764752,3.1456948484404204,4.069408781744659,True,True
1,2025-08-06,NGW-065,Mg_mg_L,hydrosheaf_graph_ridge,10,2.52591922407119,2.1938856760707046,0.33203354800048546,1.8871818152723563,3.164656632870024,True,True
1,2025-08-06,NGW-065,Na_mg_L,hydrosheaf_graph_ridge,10,3.434744449943023,3.778948651202804,-0.3442042012597808,2.764302670084616,4.10518622980143,True,True
1,2025-08-06,NGW-065,K_mg_L,hydrosheaf_graph_ridge,10,1.5336711397748353,1.7351891177396608,-0.2015179779648255,1.0095569390501167,2.057785340499554,True,True
1,2025-08-06,NGW-065,HCO3_mg_L,hydrosheaf_graph_ridge,10,4.870677874471242,4.920564697006408,-0.049886822535166075,4.292380255486359,5.448975493456125,True,True
1,2025-08-06,NGW-065,Cl_mg_L,hydrosheaf_graph_ridge,10,3.6418933998117513,3.7464405646384678,-0.10454716482671644,2.8663365334182833,4.417450266205219,True,True
1,2025-08-06,NGW-065,SO4_mg_L,hydrosheaf_graph_ridge,10,3.470284882753038,3.5624655292582776,-0.0921806465052395,2.7604925354931105,4.180077230012966,True,True
1,2025-08-06,NGW-065,NO3_mg_L,hydrosheaf_graph_ridge,10,2.4423850083635354,2.590767040487478,-0.1483820321239424,1.6966583841242922,3.1881116326027787,True,True
1,2025-08-06,NGW-065,F_mg_L,hydrosheaf_graph_ridge,10,0.3896346363505685,0.2851789422336624,0.10445569411690608,-0.015078520766985848,0.7943477934681229,True,True
1,2025-08-06,NGW-065,Sr_mg_L,hydrosheaf_graph_ridge,10,0.17030066049643555,0.16889853646181394,0.0014021240346216157,-0.02969933950356446,0.37030066049643556,True,True
1,2025-08-06,NGW-065,SiO2_mg_L,hydrosheaf_graph_ridge,10,4.07262957415863,4.107589788972121,-0.03496021481349132,3.7953635009166753,4.349895647400585,True,True
1,2025-08-06,NGW-068,Ca_mg_L,persistence,10,3.9738704087542263,3.2976870052924907,0.6761834034617356,3.512013442102107,4.435727375406346,True,False
1,2025-08-06,NGW-068,Mg_mg_L,persistence,10,3.067122269640664,2.5733752977756086,0.49374697186505534,2.42838486084183,3.7058596784394977,True,True
1,2025-08-06,NGW-068,Na_mg_L,persistence,10,4.057680577850509,3.723522397557476,0.33415818029303335,3.387238797992102,4.728122357708916,True,True
1,2025-08-06,NGW-068,K_mg_L,persistence,10,2.0438143640366846,1.8453002361560848,0.19851412788059974,1.519700163311966,2.567928564761403,True,True
1,2025-08-06,NGW-068,HCO3_mg_L,persistence,10,5.348011883571888,4.728272383122075,0.6197395004498132,4.769714264587005,5.926309502556771,True,False
1,2025-08-06,NGW-068,Cl_mg_L,persistence,10,4.272630207894483,3.8975183192252643,0.3751118886692191,3.4970733415010153,5.048187074287951,True,True
1,2025-08-06,NGW-068,SO4_mg_L,persistence,10,3.9564225927248304,3.6038660797869797,0.35255651293785073,3.2466302454649028,4.666214939984759,True,True
1,2025-08-06,NGW-068,NO3_mg_L,persistence,10,3.1834558796369405,3.0544727685765913,0.1289831110603492,2.4377292553976972,3.929182503876184,True,True
1,2025-08-06,NGW-068,F_mg_L,persistence,10,0.23901690047049992,0.41871033485818504,-0.17969343438768512,-0.16569625664705442,0.6437300575880542,True,True
1,2025-08-06,NGW-068,Sr_mg_L,persistence,10,0.20048886074940359,0.20130685670503531,-0.0008179959556317284,0.0004888607494035746,0.4004888607494036,True,True
1,2025-08-06,NGW-068,SiO2_mg_L,persistence,10,4.183575695950044,4.238444906195857,-0.054869210245813704,3.906309622708089,4.460841769191998,True,True
1,2025-08-06,NGW-068,Ca_mg_L,expanding_mean_delta,10,3.6116965082903305,3.2976870052924907,0.3140095029978398,3.1498395416382112,4.07355347494245,True,True
1,2025-08-06,NGW-068,Mg_mg_L,expanding_mean_delta,10,2.680690829096914,2.5733752977756086,0.10731553132130545,2.0419534202980802,3.319428237895748,True,True
1,2025-08-06,NGW-068,Na_mg_L,expanding_mean_delta,10,3.6129252140709465,3.723522397557476,-0.11059718348652936,2.9424834342125394,4.283366993929354,True,True
1,2025-08-06,NGW-068,K_mg_L,expanding_mean_delta,10,1.687390133862603,1.8453002361560848,-0.1579101022934819,1.1632759331378844,2.2115043345873215,True,True
1,2025-08-06,NGW-068,HCO3_mg_L,expanding_mean_delta,10,5.0038083497371275,4.728272383122075,0.27553596661505253,4.4255107307522445,5.5821059687220105,True,True
1,2025-08-06,NGW-068,Cl_mg_L,expanding_mean_delta,10,3.663460237551165,3.8975183192252643,-0.23405808167409914,2.887903371157697,4.439017103944633,True,True
1,2025-08-06,NGW-068,SO4_mg_L,expanding_mean_delta,10,3.5328484406773937,3.6038660797869797,-0.07101763910958603,2.823056093417466,4.242640787937321,True,True
1,2025-08-06,NGW-068,NO3_mg_L,expanding_mean_delta,10,2.791451764855248,3.0544727685765913,-0.2630210037213434,2.0457251406160046,3.5371783890944912,True,True
1,2025-08-06,NGW-068,F_mg_L,expanding_mean_delta,10,0.08053012831138079,0.41871033485818504,-0.33818020654680425,-0.32418302880617356,0.48524328542893513,True,True
1,2025-08-06,NGW-068,Sr_mg_L,expanding_mean_delta,10,0.20527508276826575,0.20130685670503531,0.00396822606323044,0.005275082768265743,0.40527508276826574,True,True
1,2025-08-06,NGW-068,SiO2_mg_L,expanding_mean_delta,10,4.197487885529724,4.238444906195857,-0.04095702066613338,3.9202218122877692,4.474753958771679,True,True
1,2025-08-06,NGW-068,Ca_mg_L,hydrosheaf_graph_ridge,10,3.6116965082903305,3.2976870052924907,0.3140095029978398,3.1498395416382112,4.07355347494245,True,True
1,2025-08-06,NGW-068,Mg_mg_L,hydrosheaf_graph_ridge,10,2.680690829096914,2.5733752977756086,0.10731553132130545,2.0419534202980802,3.319428237895748,True,True
1,2025-08-06,NGW-068,Na_mg_L,hydrosheaf_graph_ridge,10,3.6129252140709465,3.723522397557476,-0.11059718348652936,2.9424834342125394,4.283366993929354,True,True
1,2025-08-06,NGW-068,K_mg_L,hydrosheaf_graph_ridge,10,1.687390133862603,1.8453002361560848,-0.1579101022934819,1.1632759331378844,2.2115043345873215,True,True
1,2025-08-06,NGW-068,HCO3_mg_L,hydrosheaf_graph_ridge,10,5.0038083497371275,4.728272383122075,0.27553596661505253,4.4255107307522445,5.5821059687220105,True,True
1,2025-08-06,NGW-068,Cl_mg_L,hydrosheaf_graph_ridge,10,3.663460237551165,3.8975183192252643,-0.23405808167409914,2.887903371157697,4.439017103944633,True,True
1,2025-08-06,NGW-068,SO4_mg_L,hydrosheaf_graph_ridge,10,3.5328484406773937,3.6038660797869797,-0.07101763910958603,2.823056093417466,4.242640787937321,True,True
1,2025-08-06,NGW-068,NO3_mg_L,hydrosheaf_graph_ridge,10,2.791451764855248,3.0544727685765913,-0.2630210037213434,2.0457251406160046,3.5371783890944912,True,True
1,2025-08-06,NGW-068,F_mg_L,hydrosheaf_graph_ridge,10,0.08053012831138079,0.41871033485818504,-0.33818020654680425,-0.32418302880617356,0.48524328542893513,True,True
1,2025-08-06,NGW-068,Sr_mg_L,hydrosheaf_graph_ridge,10,0.20527508276826575,0.20130685670503531,0.00396822606323044,0.005275082768265743,0.40527508276826574,True,True
1,2025-08-06,NGW-068,SiO2_mg_L,hydrosheaf_graph_ridge,10,4.197487885529724,4.238444906195857,-0.04095702066613338,3.9202218122877692,4.474753958771679,True,True
1,2025-08-06,NGW-071,Ca_mg_L,persistence,10,3.9693480720474157,3.4388142452334622,0.5305338268139534,3.5074911053952964,4.431205038699535,True,False
1,2025-08-06,NGW-071,Mg_mg_L,persistence,10,2.9412760877579323,2.453587966530573,0.48768812122735916,2.3025386789590985,3.580013496556766,True,True
1,2025-08-06,NGW-071,Na_mg_L,persistence,10,4.01656318470207,3.5675589188773804,0.4490042658246898,3.346121404843663,4.687004964560478,True,True
1,2025-08-06,NGW-071,K_mg_L,persistence,10,1.9473377010464987,1.9125010869241836,0.03483661412231509,1.4232235003217801,2.4714519017712173,True,True
1,2025-08-06,NGW-071,HCO3_mg_L,persistence,10,5.131731354140141,4.831349125845822,0.3003822282943185,4.553433735155258,5.7100289731250236,True,True
1,2025-08-06,NGW-071,Cl_mg_L,persistence,10,4.438170645291922,3.7478556592142334,0.6903149860776883,3.6626137788984536,5.21372751168539,True,True
1,2025-08-06,NGW-071,SO4_mg_L,persistence,10,3.984343667007772,3.4183822064162563,0.5659614605915158,3.2745513197478444,4.6941360142677,True,True
1,2025-08-06,NGW-071,NO3_mg_L,persistence,10,3.5898875049069856,3.043569602968151,0.5463179019388344,2.8441608806677423,4.3356141291462285,True,True
1,2025-08-06,NGW-071,F_mg_L,persistence,10,0.31481073984003355,0.262364264467491,0.052446475372542545,-0.0899024172775208,0.7195238969575879,True,True
1,2025-08-06,NGW-071,Sr_mg_L,persistence,10,0.16211884947643518,0.24451357705040225,-0.08239472757396707,-0.03788115052356483,0.3621188494764352,True,True
1,2025-08-06,NGW-071,SiO2_mg_L,persistence,10,3.949318790171843,3.8308129500026027,0.11850584016924026,3.672052716929888,4.226584863413798,True,True
1,2025-08-06,NGW-071,Ca_mg_L,expanding_mean_delta,10,3.60717417158352,3.4388142452334622,0.1683599263500577,3.1453172049314007,4.06903113823564,True,True
1,2025-08-06,NGW-071,Mg_mg_L,expanding_mean_delta,10,2.5548446472141824,2.453587966530573,0.10125668068360927,1.9161072384153486,3.193582056013016,True,True
1,2025-08-06,NGW-071,Na_mg_L,expanding_mean_delta,10,3.5718078209225075,3.5675589188773804,0.004248902045127068,2.9013660410641005,4.242249600780914,True,True
1,2025-08-06,NGW-071,K_mg_L,expanding_mean_delta,10,1.590913470872417,1.9125010869241836,-0.32158761605176656,1.0667992701476985,2.1150276715971357,True,True
1,2025-08-06,NGW-071,HCO3_mg_L,expanding_mean_delta,10,4.78752782030538,4.831349125845822,-0.04382130554044217,4.209230201320497,5.365825439290263,True,True
1,2025-08-06,NGW-071,Cl_mg_L,expanding_mean_delta,10,3.8290006749486034,3.7478556592142334,0.08114501573437005,3.0534438085551354,4.604557541342071,True,True
1,2025-08-06,NGW-071,SO4_mg_L,expanding_mean_delta,10,3.5607695149603353,3.4183822064162563,0.142387308544079,2.8509771677004077,4.270561862220263,True,True
1,2025-08-06,NGW-071,NO3_mg_L,expanding_mean_delta,10,3.197883390125293,3.043569602968151,0.15431378715714184,2.4521567658860497,3.9436100143645363,True,True
1,2025-08-06,NGW-071,F_mg_L,expanding_mean_delta,10,0.15632396768091442,0.262364264467491,-0.10604029678657659,-0.24838918943663993,0.5610371247984688,True,True
1,2025-08-06,NGW-071,Sr_mg_L,expanding_mean_delta,10,0.16690507149529735,0.24451357705040225,-0.0776085055551049,-0.033094928504702664,0.3669050714952974,True,True
1,2025-08-06,NGW-071,SiO2_mg_L,expanding_mean_delta,10,3.9632309797515233,3.8308129500026027,0.13241802974892058,3.6859649065095685,4.2404970529934785,True,True
1,2025-08-06,NGW-071,Ca_mg_L,hydrosheaf_graph_ridge,10,3.60717417158352,3.4388142452334622,0.1683599263500577,3.1453172049314007,4.06903113823564,True,True
1,2025-08-06,NGW-071,Mg_mg_L,hydrosheaf_graph_ridge,10,2.5548446472141824,2.453587966530573,0.10125668068360927,1.9161072384153486,3.193582056013016,True,True
1,2025-08-06,NGW-071,Na_mg_L,hydrosheaf_graph_ridge,10,3.5718078209225075,3.5675589188773804,0.004248902045127068,2.9013660410641005,4.242249600780914,True,True
1,2025-08-06,NGW-071,K_mg_L,hydrosheaf_graph_ridge,10,1.590913470872417,1.9125010869241836,-0.32158761605176656,1.0667992701476985,2.1150276715971357,True,True
1,2025-08-06,NGW-071,HCO3_mg_L,hydrosheaf_graph_ridge,10,4.78752782030538,4.831349125845822,-0.04382130554044217,4.209230201320497,5.365825439290263,True,True
1,2025-08-06,NGW-071,Cl_mg_L,hydrosheaf_graph_ridge,10,3.8290006749486034,3.7478556592142334,0.08114501573437005,3.0534438085551354,4.604557541342071,True,True
1,2025-08-06,NGW-071,SO4_mg_L,hydrosheaf_graph_ridge,10,3.5607695149603353,3.4183822064162563,0.142387308544079,2.8509771677004077,4.270561862220263,True,True
1,2025-08-06,NGW-071,NO3_mg_L,hydrosheaf_graph_ridge,10,3.197883390125293,3.043569602968151,0.15431378715714184,2.4521567658860497,3.9436100143645363,True,True
1,2025-08-06,NGW-071,F_mg_L,hydrosheaf_graph_ridge,10,0.15632396768091442,0.262364264467491,-0.10604029678657659,-0.24838918943663993,0.5610371247984688,True,True
1,2025-08-06,NGW-071,Sr_mg_L,hydrosheaf_graph_ridge,10,0.16690507149529735,0.24451357705040225,-0.0776085055551049,-0.033094928504702664,0.3669050714952974,True,True
1,2025-08-06,NGW-071,SiO2_mg_L,hydrosheaf_graph_ridge,10,3.9632309797515233,3.8308129500026027,0.13241802974892058,3.6859649065095685,4.2404970529934785,True,True
1,2025-08-06,NGW-073,Ca_mg_L,persistence,10,4.074481933125849,3.3762213955919784,0.6982605375338706,3.6126249664737298,4.536338899777968,True,False
1,2025-08-06,NGW-073,Mg_mg_L,persistence,10,3.0638581026015914,2.6340447877917144,0.42981331480987706,2.4251206938027576,3.702595511400425,True,True
1,2025-08-06,NGW-073,Na_mg_L,persistence,10,4.2698373000603045,3.679586407202344,0.5902508928579606,3.5993955202018975,4.940279079918712,True,True
1,2025-08-06,NGW-073,K_mg_L,persistence,10,1.8825138324965192,1.8656293177945105,0.01688451470200869,1.3583996317718006,2.4066280332212378,True,True
1,2025-08-06,NGW-073,HCO3_mg_L,persistence,10,5.441464875766521,4.751605464217637,0.6898594115488841,4.863167256781638,6.019762494751404,True,False
1,2025-08-06,NGW-073,Cl_mg_L,persistence,10,4.372355014977151,3.6913763343125234,0.6809786806646274,3.596798148583683,5.147911881370619,True,True
1,2025-08-06,NGW-073,SO4_mg_L,persistence,10,3.9602415776986204,3.5975861956675455,0.36265538203107495,3.2504492304386927,4.670033924958548,True,True
1,2025-08-06,NGW-073,NO3_mg_L,persistence,10,3.285412348668445,2.937043277205311,0.34836907146313356,2.5396857244292015,4.031138972907688,True,True
1,2025-08-06,NGW-073,F_mg_L,persistence,10,0.5653138090500605,0.48858001481867097,0.07673379423138948,0.1606006519325061,0.9700269661676149,True,True
1,2025-08-06,NGW-073,Sr_mg_L,persistence,10,0.2271355725837472,0.22074066669789938,0.006394905885847818,0.027135572583747186,0.42713557258374724,True,True
1,2025-08-06,NGW-073,SiO2_mg_L,persistence,10,3.6506582412937387,3.9627161197436642,-0.3120578784499255,3.373392168051784,3.9279243145356935,True,False
1,2025-08-06,NGW-073,Ca_mg_L,expanding_mean_delta,10,3.7123080326619533,3.3762213955919784,0.3360866370699749,3.250451066009834,4.174164999314073,True,True
1,2025-08-06,NGW-073,Mg_mg_L,expanding_mean_delta,10,2.6774266620578415,2.6340447877917144,0.04338187426612716,2.0386892532590077,3.3161640708566753,True,True
1,2025-08-06,NGW-073,Na_mg_L,expanding_mean_delta,10,3.825081936280742,3.679586407202344,0.1454955290783979,3.1546401564223348,4.495523716139148,True,True
1,2025-08-06,NGW-073,K_mg_L,expanding_mean_delta,10,1.5260896023224375,1.8656293177945105,-0.33953971547207296,1.001975401597719,2.050203803047156,True,True
1,2025-08-06,NGW-073,HCO3_mg_L,expanding_mean_delta,10,5.097261341931761,4.751605464217637,0.3456558777141234,4.518963722946878,5.675558960916644,True,True
1,2025-08-06,NGW-073,Cl_mg_L,expanding_mean_delta,10,3.7631850446338326,3.6913763343125234,0.0718087103213092,2.9876281782403646,4.538741911027301,True,True
1,2025-08-06,NGW-073,SO4_mg_L,expanding_mean_delta,10,3.5366674256511836,3.5975861956675455,-0.06091877001636181,2.826875078391256,4.246459772911112,True,True
1,2025-08-06,NGW-073,NO3_mg_L,expanding_mean_delta,10,2.893408233886752,2.937043277205311,-0.04363504331855905,2.147681609647509,3.6391348581259955,True,True
1,2025-08-06,NGW-073,F_mg_L,expanding_mean_delta,10,0.40682703689094135,0.48858001481867097,-0.08175297792772962,0.0021138797733870063,0.8115401940084956,True,True
1,2025-08-06,NGW-073,Sr_mg_L,expanding_mean_delta,10,0.23192179460260937,0.22074066669789938,0.011181127904709987,0.031921794602609355,0.4319217946026094,True,True
1,2025-08-06,NGW-073,SiO2_mg_L,expanding_mean_delta,10,3.664570430873419,3.9627161197436642,-0.2981456888702452,3.3873043576314643,3.941836504115374,True,False
1,2025-08-06,NGW-073,Ca_mg_L,hydrosheaf_graph_ridge,10,3.7123080326619533,3.3762213955919784,0.3360866370699749,3.250451066009834,4.174164999314073,True,True
1,2025-08-06,NGW-073,Mg_mg_L,hydrosheaf_graph_ridge,10,2.6774266620578415,2.6340447877917144,0.04338187426612716,2.0386892532590077,3.3161640708566753,True,True
1,2025-08-06,NGW-073,Na_mg_L,hydrosheaf_graph_ridge,10,3.825081936280742,3.679586407202344,0.1454955290783979,3.1546401564223348,4.495523716139148,True,True
1,2025-08-06,NGW-073,K_mg_L,hydrosheaf_graph_ridge,10,1.5260896023224375,1.8656293177945105,-0.33953971547207296,1.001975401597719,2.050203803047156,True,True
1,2025-08-06,NGW-073,HCO3_mg_L,hydrosheaf_graph_ridge,10,5.097261341931761,4.751605464217637,0.3456558777141234,4.518963722946878,5.675558960916644,True,True
1,2025-08-06,NGW-073,Cl_mg_L,hydrosheaf_graph_ridge,10,3.7631850446338326,3.6913763343125234,0.0718087103213092,2.9876281782403646,4.538741911027301,True,True
1,2025-08-06,NGW-073,SO4_mg_L,hydrosheaf_graph_ridge,10,3.5366674256511836,3.5975861956675455,-0.06091877001636181,2.826875078391256,4.246459772911112,True,True
1,2025-08-06,NGW-073,NO3_mg_L,hydrosheaf_graph_ridge,10,2.893408233886752,2.937043277205311,-0.04363504331855905,2.147681609647509,3.6391348581259955,True,True
1,2025-08-06,NGW-073,F_mg_L,hydrosheaf_graph_ridge,10,0.40682703689094135,0.48858001481867097,-0.08175297792772962,0.0021138797733870063,0.8115401940084956,True,True
1,2025-08-06,NGW-073,Sr_mg_L,hydrosheaf_graph_ridge,10,0.23192179460260937,0.22074066669789938,0.011181127904709987,0.031921794602609355,0.4319217946026094,True,True
1,2025-08-06,NGW-073,SiO2_mg_L,hydrosheaf_graph_ridge,10,3.664570430873419,3.9627161197436642,-0.2981456888702452,3.3873043576314643,3.941836504115374,True,False
1,2025-08-06,NGW-118,Ca_mg_L,persistence,10,3.688129172723232,3.420019135902743,0.26811003682048895,3.226272206071113,4.149986139375351,True,True
1,2025-08-06,NGW-118,Mg_mg_L,persistence,10,3.119276459645446,2.551006451492524,0.568270008152922,2.480539050846612,3.7580138684442796,True,True
1,2025-08-06,NGW-118,Na_mg_L,persistence,10,4.236567242612494,3.7605021977869035,0.4760650448255901,3.5661254627540866,4.9070090224709,True,True
1,2025-08-06,NGW-118,K_mg_L,persistence,10,2.0399207835175526,1.8229350866965048,0.21698569682104774,1.515806582792834,2.564034984242271,True,True
1,2025-08-06,NGW-118,HCO3_mg_L,persistence,10,5.283914136237293,4.804758477680764,0.47915565855652886,4.70561651725241,5.862211755222176,True,True
1,2025-08-06,NGW-118,Cl_mg_L,persistence,10,4.338858139272503,3.8137484361598055,0.5251097031126974,3.563301272879035,5.114415005665971,True,True
1,2025-08-06,NGW-118,SO4_mg_L,persistence,10,3.948354934675536,3.6267380575760866,0.32161687709944964,3.2385625874156085,4.658147281935464,True,True
1,2025-08-06,NGW-118,NO3_mg_L,persistence,10,3.525772116243786,3.2100368762009963,0.31573524004278974,2.7800454920045428,4.271498740483029,True,True
1,2025-08-06,NGW-118,F_mg_L,persistence,10,1.3217558399823195,1.0508216248317612,0.27093421515055827,0.9170426828647651,1.726468997099874,True,True
1,2025-08-06,NGW-118,Sr_mg_L,persistence,10,0.1604167214059047,0.17479329037316305,-0.014376568967258335,-0.0395832785940953,0.36041672140590475,True,True
1,2025-08-06,NGW-118,SiO2_mg_L,persistence,10,4.092676505121403,4.028916756899646,0.06375974822175756,3.8154104318794486,4.369942578363358,True,True
1,2025-08-06,NGW-118,Ca_mg_L,expanding_mean_delta,10,3.3259552722593364,3.420019135902743,-0.0940638636434068,2.864098305607217,3.7878122389114557,True,True
1,2025-08-06,NGW-118,Mg_mg_L,expanding_mean_delta,10,2.732845019101696,2.551006451492524,0.18183856760917205,2.094107610302862,3.3715824279005298,True,True
1,2025-08-06,NGW-118,Na_mg_L,expanding_mean_delta,10,3.791811878832931,3.7605021977869035,0.03130968104602738,3.121370098974524,4.462253658691338,True,True
1,2025-08-06,NGW-118,K_mg_L,expanding_mean_delta,10,1.683496553343471,1.8229350866965048,-0.1394385333530339,1.1593823526187523,2.2076107540681895,True,True
1,2025-08-06,NGW-118,HCO3_mg_L,expanding_mean_delta,10,4.939710602402532,4.804758477680764,0.1349521247217682,4.361412983417649,5.518008221387415,True,True
1,2025-08-06,NGW-118,Cl_mg_L,expanding_mean_delta,10,3.7296881689291848,3.8137484361598055,-0.08406026723062077,2.9541313025357168,4.505245035322653,True,True
1,2025-08-06,NGW-118,SO4_mg_L,expanding_mean_delta,10,3.5247807826280995,3.6267380575760866,-0.10195727494798712,2.814988435368172,4.234573129888028,True,True
1,2025-08-06,NGW-118,NO3_mg_L,expanding_mean_delta,10,3.1337680014620934,3.2100368762009963,-0.07626887473890287,2.38804137722285,3.8794946257013367,True,True
1,2025-08-06,NGW-118,F_mg_L,expanding_mean_delta,10,1.1632690678232003,1.0508216248317612,0.11244744299143905,0.7585559107056459,1.5679822249407547,True,True
1,2025-08-06,NGW-118,Sr_mg_L,expanding_mean_delta,10,0.16520294342476688,0.17479329037316305,-0.009590346948396167,-0.03479705657523313,0.3652029434247669,True,True
1,2025-08-06,NGW-118,SiO2_mg_L,expanding_mean_delta,10,4.106588694701084,4.028916756899646,0.07767193780143788,3.829322621459129,4.383854767943038,True,True
1,2025-08-06,NGW-118,Ca_mg_L,hydrosheaf_graph_ridge,10,3.3259552722593364,3.420019135902743,-0.0940638636434068,2.864098305607217,3.7878122389114557,True,True
1,2025-08-06,NGW-118,Mg_mg_L,hydrosheaf_graph_ridge,10,2.732845019101696,2.551006451492524,0.18183856760917205,2.094107610302862,3.3715824279005298,True,True
1,2025-08-06,NGW-118,Na_mg_L,hydrosheaf_graph_ridge,10,3.791811878832931,3.7605021977869035,0.03130968104602738,3.121370098974524,4.462253658691338,True,True
1,2025-08-06,NGW-118,K_mg_L,hydrosheaf_graph_ridge,10,1.683496553343471,1.8229350866965048,-0.1394385333530339,1.1593823526187523,2.2076107540681895,True,True
1,2025-08-06,NGW-118,HCO3_mg_L,hydrosheaf_graph_ridge,10,4.939710602402532,4.804758477680764,0.1349521247217682,4.361412983417649,5.518008221387415,True,True
1,2025-08-06,NGW-118,Cl_mg_L,hydrosheaf_graph_ridge,10,3.7296881689291848,3.8137484361598055,-0.08406026723062077,2.9541313025357168,4.505245035322653,True,True
1,2025-08-06,NGW-118,SO4_mg_L,hydrosheaf_graph_ridge,10,3.5247807826280995,3.6267380575760866,-0.10195727494798712,2.814988435368172,4.234573129888028,True,True
1,2025-08-06,NGW-118,NO3_mg_L,hydrosheaf_graph_ridge,10,3.1337680014620934,3.2100368762009963,-0.07626887473890287,2.38804137722285,3.8794946257013367,True,True
1,2025-08-06,NGW-118,F_mg_L,hydrosheaf_graph_ridge,10,1.1632690678232003,1.0508216248317612,0.11244744299143905,0.7585559107056459,1.5679822249407547,True,True
1,2025-08-06,NGW-118,Sr_mg_L,hydrosheaf_graph_ridge,10,0.16520294342476688,0.17479329037316305,-0.009590346948396167,-0.03479705657523313,0.3652029434247669,True,True
1,2025-08-06,NGW-118,SiO2_mg_L,hydrosheaf_graph_ridge,10,4.106588694701084,4.028916756899646,0.07767193780143788,3.829322621459129,4.383854767943038,True,True
1,2025-08-06,NGW-125,Ca_mg_L,persistence,10,3.906608372726647,3.4803165861147547,0.4262917866118925,3.444751406074528,4.3684653393787665,True,True
1,2025-08-06,NGW-125,Mg_mg_L,persistence,10,2.6411978941143697,2.3933394562625097,0.24785843785186001,2.002460485315536,3.2799353029132035,True,True
1,2025-08-06,NGW-125,Na_mg_L,persistence,10,3.822754537669964,3.56784112573688,0.2549134119330838,3.152312757811557,4.493196317528371,True,True
1,2025-08-06,NGW-125,K_mg_L,persistence,10,1.9823798288367047,1.410986973710262,0.5713928551264427,1.458265628111986,2.5064940295614235,True,False
1,2025-08-06,NGW-125,HCO3_mg_L,persistence,10,5.0789790660748055,4.741011408899505,0.33796765717530075,4.500681447089923,5.6572766850596885,True,True
1,2025-08-06,NGW-125,Cl_mg_L,persistence,10,4.160444363926624,3.8323302365188976,0.3281141274077264,3.384887497533156,4.936001230320092,True,True
1,2025-08-06,NGW-125,SO4_mg_L,persistence,10,3.62886402170395,3.011605622710281,0.6172583989936689,2.919071674444022,4.3386563689638775,True,True
1,2025-08-06,NGW-125,NO3_mg_L,persistence,10,3.261168737058452,3.0145540277945786,0.24661470926387352,2.515442112819209,4.006895361297695,True,True
1,2025-08-06,NGW-125,F_mg_L,persistence,10,0.598836501088704,0.5766133643039938,0.022223136784710218,0.19412334397114966,1.0035496582062584,True,True
1,2025-08-06,NGW-125,Sr_mg_L,persistence,10,0.15871169115482087,0.20782684720231648,-0.04911515604749561,-0.041288308845179145,0.3587116911548209,True,True
1,2025-08-06,NGW-125,SiO2_mg_L,persistence,10,4.12552017969055,4.252771798816619,-0.12725161912606886,3.8482541064485956,4.402786252932505,True,True
1,2025-08-06,NGW-125,Ca_mg_L,expanding_mean_delta,10,3.5444344722627514,3.4803165861147547,0.06411788614799674,3.082577505610632,4.006291438914871,True,True
1,2025-08-06,NGW-125,Mg_mg_L,expanding_mean_delta,10,2.2547664535706198,2.3933394562625097,-0.13857300269188988,1.616029044771786,2.8935038623694536,True,True
1,2025-08-06,NGW-125,Na_mg_L,expanding_mean_delta,10,3.377999173890401,3.56784112573688,-0.1898419518464789,2.707557394031994,4.048440953748808,True,True
1,2025-08-06,NGW-125,K_mg_L,expanding_mean_delta,10,1.6259555986626233,1.410986973710262,0.21496862495236124,1.1018413979379047,2.150069799387342,True,True
1,2025-08-06,NGW-125,HCO3_mg_L,expanding_mean_delta,10,4.734775532240045,4.741011408899505,-0.006235876659459905,4.156477913255162,5.313073151224928,True,True
1,2025-08-06,NGW-125,Cl_mg_L,expanding_mean_delta,10,3.5512743935833058,3.8323302365188976,-0.2810558429355918,2.7757175271898378,4.326831259976774,True,True
1,2025-08-06,NGW-125,SO4_mg_L,expanding_mean_delta,10,3.205289869656513,3.011605622710281,0.1936842469462321,2.4954975223965854,3.9150822169164408,True,True
1,2025-08-06,NGW-125,NO3_mg_L,expanding_mean_delta,10,2.8691646222767595,3.0145540277945786,-0.1453894055178191,2.123437998037516,3.614891246516003,True,True
1,2025-08-06,NGW-125,F_mg_L,expanding_mean_delta,10,0.4403497289295849,0.5766133643039938,-0.1362636353744089,0.03563657181203056,0.8450628860471392,True,True
1,2025-08-06,NGW-125,Sr_mg_L,expanding_mean_delta,10,0.16349791317368303,0.20782684720231648,-0.04432893402863344,-0.036502086826316976,0.3634979131736831,True,True
1,2025-08-06,NGW-125,SiO2_mg_L,expanding_mean_delta,10,4.139432369270231,4.252771798816619,-0.11333942954638854,3.862166296028276,4.416698442512185,True,True
1,2025-08-06,NGW-125,Ca_mg_L,hydrosheaf_graph_ridge,10,3.5444344722627514,3.4803165861147547,0.06411788614799674,3.082577505610632,4.006291438914871,True,True
1,2025-08-06,NGW-125,Mg_mg_L,hydrosheaf_graph_ridge,10,2.2547664535706198,2.3933394562625097,-0.13857300269188988,1.616029044771786,2.8935038623694536,True,True
1,2025-08-06,NGW-125,Na_mg_L,hydrosheaf_graph_ridge,10,3.377999173890401,3.56784112573688,-0.1898419518464789,2.707557394031994,4.048440953748808,True,True
1,2025-08-06,NGW-125,K_mg_L,hydrosheaf_graph_ridge,10,1.6259555986626233,1.410986973710262,0.21496862495236124,1.1018413979379047,2.150069799387342,True,True
1,2025-08-06,NGW-125,HCO3_mg_L,hydrosheaf_graph_ridge,10,4.734775532240045,4.741011408899505,-0.006235876659459905,4.156477913255162,5.313073151224928,True,True
1,2025-08-06,NGW-125,Cl_mg_L,hydrosheaf_graph_ridge,10,3.5512743935833058,3.8323302365188976,-0.2810558429355918,2.7757175271898378,4.326831259976774,True,True
1,2025-08-06,NGW-125,SO4_mg_L,hydrosheaf_graph_ridge,10,3.205289869656513,3.011605622710281,0.1936842469462321,2.4954975223965854,3.9150822169164408,True,True
1,2025-08-06,NGW-125,NO3_mg_L,hydrosheaf_graph_ridge,10,2.8691646222767595,3.0145540277945786,-0.1453894055178191,2.123437998037516,3.614891246516003,True,True
1,2025-08-06,NGW-125,F_mg_L,hydrosheaf_graph_ridge,10,0.4403497289295849,0.5766133643039938,-0.1362636353744089,0.03563657181203056,0.8450628860471392,True,True
1,2025-08-06,NGW-125,Sr_mg_L,hydrosheaf_graph_ridge,10,0.16349791317368303,0.20782684720231648,-0.04432893402863344,-0.036502086826316976,0.3634979131736831,True,True
1,2025-08-06,NGW-125,SiO2_mg_L,hydrosheaf_graph_ridge,10,4.139432369270231,4.252771798816619,-0.11333942954638854,3.862166296028276,4.416698442512185,True,True
2,2025-08-07,NGW-016,Ca_mg_L,persistence,20,4.007514986887367,3.4005304926744517,0.6069844942129152,3.5674174944880237,4.44761247928671,True,False
2,2025-08-07,NGW-016,Mg_mg_L,persistence,20,2.9381031607173544,2.5626389983283526,0.3754641623890018,2.3981241554213057,3.478082166013403,True,True
2,2025-08-07,NGW-016,Na_mg_L,persistence,20,4.183423245305645,3.3043193066856684,0.8791039386199762,3.621548630349389,4.7452978602619,True,False
2,2025-08-07,NGW-016,K_mg_L,persistence,20,1.9643112344262046,1.6467336971777973,0.3175775372484073,1.447629201653744,2.480993267198665,True,True
2,2025-08-07,NGW-016,HCO3_mg_L,persistence,20,5.33729766618892,4.745366816481375,0.5919308497075457,4.791264211938883,5.883331120438958,True,False
2,2025-08-07,NGW-016,Cl_mg_L,persistence,20,4.306494572061445,3.3555024224000256,0.9509921496614195,3.631960487389864,4.981028656733026,True,False
2,2025-08-07,NGW-016,SO4_mg_L,persistence,20,4.222004585374694,3.518980417318539,0.7030241680561549,3.557023492556557,4.886985678192831,True,False
2,2025-08-07,NGW-016,NO3_mg_L,persistence,20,3.6111881463980646,3.769306703226551,-0.1581185568284864,2.9581979676846224,4.264178325111507,True,True
2,2025-08-07,NGW-016,F_mg_L,persistence,20,0.2776317365982795,0.3506568716131694,-0.07302513501488989,-0.10565404931321437,0.6609175225097734,True,True
2,2025-08-07,NGW-016,Sr_mg_L,persistence,20,0.22633844221072896,0.1947440767925118,0.03159436541821717,0.026338442210728952,0.426338442210729,True,True
2,2025-08-07,NGW-016,SiO2_mg_L,persistence,20,3.879499813722586,3.9454577815143836,-0.06595796779179786,3.4974509916594196,4.261548635785752,True,True
2,2025-08-07,NGW-016,Ca_mg_L,expanding_mean_delta,20,3.5787225804193956,3.4005304926744517,0.17819208774494388,3.1386250880200524,4.018820072818738,True,True
2,2025-08-07,NGW-016,Mg_mg_L,expanding_mean_delta,20,2.5479378518013815,2.5626389983283526,-0.014701146526971076,2.007958846505333,3.0879168570974302,True,True
2,2025-08-07,NGW-016,Na_mg_L,expanding_mean_delta,20,3.7649827443185715,3.3043193066856684,0.46066343763290307,3.203108129362316,4.326857359274827,True,True
2,2025-08-07,NGW-016,K_mg_L,expanding_mean_delta,20,1.6804276545137227,1.6467336971777973,0.033693957335925395,1.163745621741262,2.1971096872861833,True,True
2,2025-08-07,NGW-016,HCO3_mg_L,expanding_mean_delta,20,4.967121755818198,4.745366816481375,0.22175493933682322,4.421088301568161,5.513155210068235,True,True
2,2025-08-07,NGW-016,Cl_mg_L,expanding_mean_delta,20,3.724853183504356,3.3555024224000256,0.3693507611043305,3.050319098832775,4.399387268175937,True,True
2,2025-08-07,NGW-016,SO4_mg_L,expanding_mean_delta,20,3.8382513599555277,3.518980417318539,0.31927094263698885,3.173270267137391,4.5032324527736645,True,True
2,2025-08-07,NGW-016,NO3_mg_L,expanding_mean_delta,20,3.2157612066967634,3.769306703226551,-0.5535454965297877,2.562771027983321,3.8687513854102056,True,True
2,2025-08-07,NGW-016,F_mg_L,expanding_mean_delta,20,0.16051630649899812,0.3506568716131694,-0.19014056511417127,-0.22276947941249575,0.543802092410492,True,True
2,2025-08-07,NGW-016,Sr_mg_L,expanding_mean_delta,20,0.23106322345979058,0.1947440767925118,0.036319146667278784,0.031063223459790568,0.4310632234597906,True,True
2,2025-08-07,NGW-016,SiO2_mg_L,expanding_mean_delta,20,3.948450536695665,3.9454577815143836,0.0029927551812813924,3.566401714632499,4.330499358758831,True,True
2,2025-08-07,NGW-016,Ca_mg_L,hydrosheaf_graph_ridge,20,3.47869611738489,3.4005304926744517,0.07816562471043831,3.038598624985547,3.9187936097842333,True,True
2,2025-08-07,NGW-016,Mg_mg_L,hydrosheaf_graph_ridge,20,2.498416486338711,2.5626389983283526,-0.0642225119896418,1.9584374810426621,3.0383954916347595,True,True
2,2025-08-07,NGW-016,Na_mg_L,hydrosheaf_graph_ridge,20,3.7515620913561003,3.3043193066856684,0.4472427846704319,3.1896874763998446,4.3134367063123555,True,True
2,2025-08-07,NGW-016,K_mg_L,hydrosheaf_graph_ridge,20,1.703498020712943,1.6467336971777973,0.05676432353514582,1.1868159879404825,2.2201800534854037,True,True
2,2025-08-07,NGW-016,HCO3_mg_L,hydrosheaf_graph_ridge,20,4.9509392031454285,4.745366816481375,0.20557238666405375,4.404905748895391,5.496972657395466,True,True
2,2025-08-07,NGW-016,Cl_mg_L,hydrosheaf_graph_ridge,20,3.6203222397601125,3.3555024224000256,0.26481981736008686,2.9457881550885308,4.294856324431694,True,True
2,2025-08-07,NGW-016,SO4_mg_L,hydrosheaf_graph_ridge,20,3.8118190085393584,3.518980417318539,0.29283859122081957,3.1468379157212216,4.476800101357496,True,True
2,2025-08-07,NGW-016,NO3_mg_L,hydrosheaf_graph_ridge,20,3.1100389784414695,3.769306703226551,-0.6592677247850816,2.4570487997280273,3.7630291571549117,True,False
2,2025-08-07,NGW-016,F_mg_L,hydrosheaf_graph_ridge,20,0.1445073865047188,0.3506568716131694,-0.20614948510845058,-0.23877839940677506,0.5277931724162127,True,True
2,2025-08-07,NGW-016,Sr_mg_L,hydrosheaf_graph_ridge,20,0.22641618720900833,0.1947440767925118,0.031672110416496535,0.02641618720900832,0.4264161872090083,True,True
2,2025-08-07,NGW-016,SiO2_mg_L,hydrosheaf_graph_ridge,20,4.0354547368363844,3.9454577815143836,0.0899969553220008,3.6534059147732183,4.417503558899551,True,True
2,2025-08-07,NGW-018,Ca_mg_L,persistence,20,3.9680251955434307,3.4164143474670157,0.551610848076415,3.5279277031440874,4.4081226879427735,True,False
2,2025-08-07,NGW-018,Mg_mg_L,persistence,20,3.1917101567954314,2.6905648867611904,0.5011452700342409,2.6517311514993827,3.73168916209148,True,True
2,2025-08-07,NGW-018,Na_mg_L,persistence,20,3.667400422436812,3.318540147981146,0.3488602744556659,3.1055258074805563,4.229275037393068,True,True
2,2025-08-07,NGW-018,K_mg_L,persistence,20,2.124653884501384,1.572773928062509,0.551879956438875,1.6079718517289234,2.6413359172738446,True,False
2,2025-08-07,NGW-018,HCO3_mg_L,persistence,20,5.155139596871709,4.715637639014062,0.43950195785764645,4.6091061426216715,5.701173051121746,True,True
2,2025-08-07,NGW-018,Cl_mg_L,persistence,20,4.2510633701550695,3.777805663308338,0.47325770684673163,3.5765292854834883,4.925597454826651,True,True
2,2025-08-07,NGW-018,SO4_mg_L,persistence,20,3.9564225927248304,3.4461707473048864,0.5102518454199441,3.2914414999066937,4.621403685542967,True,True
2,2025-08-07,NGW-018,NO3_mg_L,persistence,20,2.800325477211381,2.3174737054877963,0.48285177172358473,2.1473352984979392,3.453315655924823,True,True
2,2025-08-07,NGW-018,F_mg_L,persistence,20,0.6151856390902334,0.3646431135879093,0.2505425255023241,0.2318998531787395,0.9984714250017273,True,True
2,2025-08-07,NGW-018,Sr_mg_L,persistence,20,0.19062035960864973,0.211880359035499,-0.02125999942684928,-0.00937964039135028,0.3906203596086497,True,True
2,2025-08-07,NGW-018,SiO2_mg_L,persistence,20,3.56953269648137,3.9454577815143836,-0.3759250850330136,3.187483874418204,3.951581518544536,True,True
2,2025-08-07,NGW-018,Ca_mg_L,expanding_mean_delta,20,3.5392327890754594,3.4164143474670157,0.12281844160844368,3.099135296676116,3.9793302814748026,True,True
2,2025-08-07,NGW-018,Mg_mg_L,expanding_mean_delta,20,2.8015448478794585,2.6905648867611904,0.11097996111826802,2.2615658425834098,3.341523853175507,True,True
2,2025-08-07,NGW-018,Na_mg_L,expanding_mean_delta,20,3.248959921449739,3.318540147981146,-0.06958022653140716,2.687085306493483,3.8108345364059946,True,True
2,2025-08-07,NGW-018,K_mg_L,expanding_mean_delta,20,1.8407703045889021,1.572773928062509,0.2679963765263931,1.3240882718164415,2.3574523373613627,True,True
2,2025-08-07,NGW-018,HCO3_mg_L,expanding_mean_delta,20,4.784963686500986,4.715637639014062,0.06932604748692395,4.238930232250949,5.330997140751023,True,True
2,2025-08-07,NGW-018,Cl_mg_L,expanding_mean_delta,20,3.6694219815979805,3.777805663308338,-0.1083836817103574,2.9948878969263992,4.343956066269562,True,True
2,2025-08-07,NGW-018,SO4_mg_L,expanding_mean_delta,20,3.5726693673056644,3.4461707473048864,0.12649862000077805,2.9076882744875276,4.237650460123801,True,True
2,2025-08-07,NGW-018,NO3_mg_L,expanding_mean_delta,20,2.40489853751008,2.3174737054877963,0.0874248320222839,1.7519083587966382,3.0578887162235224,True,True
2,2025-08-07,NGW-018,F_mg_L,expanding_mean_delta,20,0.498070208990952,0.3646431135879093,0.1334270954030427,0.11478442307945813,0.8813559949024459,True,True
2,2025-08-07,NGW-018,Sr_mg_L,expanding_mean_delta,20,0.19534514085771135,0.211880359035499,-0.016535218177787664,-0.004654859142288664,0.39534514085771133,True,True
2,2025-08-07,NGW-018,SiO2_mg_L,expanding_mean_delta,20,3.6384834194544493,3.9454577815143836,-0.30697436205993434,3.256434597391283,4.020532241517616,True,True
2,2025-08-07,NGW-018,Ca_mg_L,hydrosheaf_graph_ridge,20,3.460222901379183,3.4164143474670157,0.043808553912167536,3.02012540897984,3.9003203937785265,True,True
2,2025-08-07,NGW-018,Mg_mg_L,hydrosheaf_graph_ridge,20,2.868715468071757,2.6905648867611904,0.17815058131056638,2.328736462775708,3.4086944733678055,True,True
2,2025-08-07,NGW-018,Na_mg_L,hydrosheaf_graph_ridge,20,3.353713953838631,3.318540147981146,0.035173805857485085,2.7918393388823755,3.915588568794887,True,True
2,2025-08-07,NGW-018,K_mg_L,hydrosheaf_graph_ridge,20,1.8003280593789603,1.572773928062509,0.2275541313164513,1.2836460266064997,2.317010092151421,True,True
2,2025-08-07,NGW-018,HCO3_mg_L,hydrosheaf_graph_ridge,20,4.718225661620667,4.715637639014062,0.002588022606604845,4.17219220737063,5.264259115870704,True,True
2,2025-08-07,NGW-018,Cl_mg_L,hydrosheaf_graph_ridge,20,3.6568913679562587,3.777805663308338,-0.1209142953520792,2.982357283284677,4.33142545262784,True,True
2,2025-08-07,NGW-018,SO4_mg_L,hydrosheaf_graph_ridge,20,3.7145970020769963,3.4461707473048864,0.2684262547721099,3.0496159092588595,4.379578094895133,True,True
2,2025-08-07,NGW-018,NO3_mg_L,hydrosheaf_graph_ridge,20,2.7756552201995053,2.3174737054877963,0.458181514711709,2.122665041486063,3.4286453989129475,True,True
2,2025-08-07,NGW-018,F_mg_L,hydrosheaf_graph_ridge,20,0.41962158961626994,0.3646431135879093,0.054978476028360646,0.03633580370477607,0.8029073755277638,True,True
2,2025-08-07,NGW-018,Sr_mg_L,hydrosheaf_graph_ridge,20,0.1622016961524412,0.211880359035499,-0.049678662883057806,-0.037798303847558806,0.36220169615244124,True,True
2,2025-08-07,NGW-018,SiO2_mg_L,hydrosheaf_graph_ridge,20,3.9366305461424704,3.9454577815143836,-0.008827235371913211,3.5545817240793043,4.318679368205637,True,True
2,2025-08-07,NGW-032,Ca_mg_L,persistence,20,3.985087576285151,3.5363108554693294,0.44877672081582176,3.544990083885808,4.4251850686844945,True,False
2,2025-08-07,NGW-032,Mg_mg_L,persistence,20,2.9386326815134183,2.5079719227189963,0.430660758794422,2.3986536762173696,3.478611686809467,True,True
2,2025-08-07,NGW-032,Na_mg_L,persistence,20,4.110873864173311,3.708682081410116,0.40219178276319534,3.5489992492170557,4.672748479129567,True,True
2,2025-08-07,NGW-032,K_mg_L,persistence,20,1.7967470107390942,1.4883995840570443,0.30834742668204984,1.2800649779666335,2.3134290435115545,True,True
2,2025-08-07,NGW-032,HCO3_mg_L,persistence,20,5.432891964844257,4.963473802918644,0.4694181619256126,4.8868585105942195,5.978925419094294,True,True
2,2025-08-07,NGW-032,Cl_mg_L,persistence,20,4.182355439544814,3.5157158351047473,0.6666396044400669,3.507821354873233,4.856889524216395,True,True
2,2025-08-07,NGW-032,SO4_mg_L,persistence,20,3.9560398908449206,3.6301904577652566,0.32584943307966396,3.291058798026784,4.621020983663057,True,True
2,2025-08-07,NGW-032,NO3_mg_L,persistence,20,3.2035591207563074,3.1970391302590264,0.006519990497281025,2.550568942042865,3.8565492994697497,True,True
2,2025-08-07,NGW-032,F_mg_L,persistence,20,0.832909122935104,0.5128236264286639,0.32008549650644014,0.4496233370236101,1.2161949088465978,True,True
2,2025-08-07,NGW-032,Sr_mg_L,persistence,20,0.16126814759612226,0.1578580846155803,0.0034100629805419724,-0.03873185240387775,0.36126814759612225,True,True
2,2025-08-07,NGW-032,SiO2_mg_L,persistence,20,4.122283930911342,3.711130063048756,0.41115386786258634,3.740235108848176,4.504332752974508,True,False
2,2025-08-07,NGW-032,Ca_mg_L,expanding_mean_delta,20,3.55629516981718,3.5363108554693294,0.019984314347850418,3.1161976774178366,3.996392662216523,True,True
2,2025-08-07,NGW-032,Mg_mg_L,expanding_mean_delta,20,2.5484673725974454,2.5079719227189963,0.04049544987844911,2.0084883673013967,3.088446377893494,True,True
2,2025-08-07,NGW-032,Na_mg_L,expanding_mean_delta,20,3.6924333631862383,3.708682081410116,-0.016248718223877745,3.1305587482299826,4.254307978142494,True,True
2,2025-08-07,NGW-032,K_mg_L,expanding_mean_delta,20,1.5128634308266125,1.4883995840570443,0.024463846769568143,0.9961813980541518,2.029545463599073,True,True
2,2025-08-07,NGW-032,HCO3_mg_L,expanding_mean_delta,20,5.062716054473534,4.963473802918644,0.09924225155489008,4.516682600223497,5.608749508723571,True,True
2,2025-08-07,NGW-032,Cl_mg_L,expanding_mean_delta,20,3.600714050987725,3.5157158351047473,0.08499821588297785,2.926179966316144,4.275248135659306,True,True
2,2025-08-07,NGW-032,SO4_mg_L,expanding_mean_delta,20,3.5722866654257546,3.6301904577652566,-0.05790379233950205,2.907305572607618,4.237267758243892,True,True
2,2025-08-07,NGW-032,NO3_mg_L,expanding_mean_delta,20,2.808132181055006,3.1970391302590264,-0.38890694920402025,2.155142002341564,3.4611223597684484,True,True
2,2025-08-07,NGW-032,F_mg_L,expanding_mean_delta,20,0.7157936928358226,0.5128236264286639,0.20297006640715876,0.33250790692432874,1.0990794787473166,True,True
2,2025-08-07,NGW-032,Sr_mg_L,expanding_mean_delta,20,0.16599292884518388,0.1578580846155803,0.008134844229603588,-0.03400707115481613,0.36599292884518386,True,True
2,2025-08-07,NGW-032,SiO2_mg_L,expanding_mean_delta,20,4.191234653884421,3.711130063048756,0.48010459083566515,3.809185831821255,4.573283475947587,True,False
2,2025-08-07,NGW-032,Ca_mg_L,hydrosheaf_graph_ridge,20,3.525973337684453,3.5363108554693294,-0.010337517784876571,3.0858758452851096,3.966070830083796,True,True
2,2025-08-07,NGW-032,Mg_mg_L,hydrosheaf_graph_ridge,20,2.2960655469483418,2.5079719227189963,-0.21190637577065452,1.756086541652293,2.8360445522443904,True,True
2,2025-08-07,NGW-032,Na_mg_L,hydrosheaf_graph_ridge,20,3.5857160636032366,3.708682081410116,-0.12296601780687944,3.023841448646981,4.147590678559492,True,True
2,2025-08-07,NGW-032,K_mg_L,hydrosheaf_graph_ridge,20,1.6153483802674435,1.4883995840570443,0.12694879621039923,1.098666347494983,2.132030413039904,True,True
2,2025-08-07,NGW-032,HCO3_mg_L,hydrosheaf_graph_ridge,20,5.025030046736338,4.963473802918644,0.061556243817693534,4.4789965924863,5.571063500986375,True,True
2,2025-08-07,NGW-032,Cl_mg_L,hydrosheaf_graph_ridge,20,3.443213095412805,3.5157158351047473,-0.07250273969194243,2.7686790107412236,4.117747180084386,True,True
2,2025-08-07,NGW-032,SO4_mg_L,hydrosheaf_graph_ridge,20,3.340563516009347,3.6301904577652566,-0.2896269417559094,2.6755824231912104,4.005544608827484,True,True
2,2025-08-07,NGW-032,NO3_mg_L,hydrosheaf_graph_ridge,20,2.5101037464314846,3.1970391302590264,-0.6869353838275418,1.8571135677180426,3.163093925144927,True,False
2,2025-08-07,NGW-032,F_mg_L,hydrosheaf_graph_ridge,20,0.675133733302288,0.5128236264286639,0.16231010687362413,0.2918479473907941,1.058419519213782,True,True
2,2025-08-07,NGW-032,Sr_mg_L,hydrosheaf_graph_ridge,20,0.19102816403240885,0.1578580846155803,0.03317007941682856,-0.008971835967591157,0.39102816403240886,True,True
2,2025-08-07,NGW-032,SiO2_mg_L,hydrosheaf_graph_ridge,20,4.020256370785646,3.711130063048756,0.30912630773688976,3.6382075487224794,4.402305192848812,True,True
2,2025-08-07,NGW-072,Ca_mg_L,persistence,20,4.064400685849028,3.5251833614431467,0.5392173244058815,3.624303193449685,4.5044981782483715,True,False
2,2025-08-07,NGW-072,Mg_mg_L,persistence,20,2.987700101856727,2.6071242825122494,0.3805758193444775,2.447721096560678,3.5276791071527756,True,True
2,2025-08-07,NGW-072,Na_mg_L,persistence,20,4.275554390163365,3.8552409913291616,0.4203133988342036,3.7136797752071096,4.8374290051196205,True,True
2,2025-08-07,NGW-072,K_mg_L,persistence,20,2.0541237336955462,1.5830939370944985,0.4710297966010477,1.5374417009230856,2.570805766468007,True,True
2,2025-08-07,NGW-072,HCO3_mg_L,persistence,20,5.401821159562698,4.904607889450726,0.49721327011197225,4.855787705312661,5.947854613812735,True,True
2,2025-08-07,NGW-072,Cl_mg_L,persistence,20,4.500920164614292,3.740285242173836,0.7606349224404556,3.8263860799427105,5.175454249285873,True,False
2,2025-08-07,NGW-072,SO4_mg_L,persistence,20,4.114800570789483,3.77413929806476,0.34066127272472313,3.4498194779713462,4.77978166360762,True,True
2,2025-08-07,NGW-072,NO3_mg_L,persistence,20,3.827553848801696,3.7952644448179504,0.03228940398374558,3.1745636700882542,4.480544027515138,True,True
2,2025-08-07,NGW-072,F_mg_L,persistence,20,0.7793248768009976,0.4762341789963716,0.303090697804626,0.39603909088950373,1.1626106627124915,True,True
2,2025-08-07,NGW-072,Sr_mg_L,persistence,20,0.20863886511132804,0.2374408560150342,-0.028801990903706165,0.008638865111328026,0.4086388651113281,True,True
2,2025-08-07,NGW-072,SiO2_mg_L,persistence,20,3.8044377947482086,3.4965075614664802,0.3079302332817284,3.4223889726850425,4.186486616811375,True,True
2,2025-08-07,NGW-072,Ca_mg_L,expanding_mean_delta,20,3.635608279381057,3.5251833614431467,0.1104249179379102,3.1955107869817136,4.0757057717804,True,True
2,2025-08-07,NGW-072,Mg_mg_L,expanding_mean_delta,20,2.597534792940754,2.6071242825122494,-0.009589489571495413,2.0575557876447053,3.1375137982368027,True,True
2,2025-08-07,NGW-072,Na_mg_L,expanding_mean_delta,20,3.857113889176292,3.8552409913291616,0.0018728978471305169,3.2952392742200365,4.418988504132548,True,True
2,2025-08-07,NGW-072,K_mg_L,expanding_mean_delta,20,1.7702401537830643,1.5830939370944985,0.1871462166885658,1.2535581210106037,2.286922186555525,True,True
2,2025-08-07,NGW-072,HCO3_mg_L,expanding_mean_delta,20,5.031645249191976,4.904607889450726,0.12703735974124974,4.4856117949419385,5.577678703442013,True,True
2,2025-08-07,NGW-072,Cl_mg_L,expanding_mean_delta,20,3.9192787760572028,3.740285242173836,0.17899353388336658,3.2447446913856215,4.593812860728784,True,True
2,2025-08-07,NGW-072,SO4_mg_L,expanding_mean_delta,20,3.731047345370317,3.77413929806476,-0.04309195269444288,3.0660662525521802,4.396028438188454,True,True
2,2025-08-07,NGW-072,NO3_mg_L,expanding_mean_delta,20,3.432126909100395,3.7952644448179504,-0.36313753571755525,2.779136730386953,4.085117087813837,True,True
2,2025-08-07,NGW-072,F_mg_L,expanding_mean_delta,20,0.6622094467017162,0.4762341789963716,0.18597526770534462,0.27892366079022235,1.04549523261321,True,True
2,2025-08-07,NGW-072,Sr_mg_L,expanding_mean_delta,20,0.21336364636038965,0.2374408560150342,-0.02407720965464455,0.013363646360389642,0.4133636463603897,True,True
2,2025-08-07,NGW-072,SiO2_mg_L,expanding_mean_delta,20,3.873388517721288,3.4965075614664802,0.37688095625480766,3.4913396956581217,4.2554373397844545,True,True
2,2025-08-07,NGW-072,Ca_mg_L,hydrosheaf_graph_ridge,20,3.4029513502168447,3.5251833614431467,-0.122232011226302,2.9628538578175014,3.843048842616188,True,True
2,2025-08-07,NGW-072,Mg_mg_L,hydrosheaf_graph_ridge,20,2.5119541199317945,2.6071242825122494,-0.09517016258045485,1.9719751146357458,3.051933125227843,True,True
2,2025-08-07,NGW-072,Na_mg_L,hydrosheaf_graph_ridge,20,4.0133820159605165,3.8552409913291616,0.15814102463135482,3.451507401004261,4.575256630916773,True,True
2,2025-08-07,NGW-072,K_mg_L,hydrosheaf_graph_ridge,20,1.7956418324537589,1.5830939370944985,0.21254789535926033,1.2789597996812982,2.3123238652262197,True,True
2,2025-08-07,NGW-072,HCO3_mg_L,hydrosheaf_graph_ridge,20,5.016591922777338,4.904607889450726,0.11198403332661222,4.470558468527301,5.562625377027375,True,True
2,2025-08-07,NGW-072,Cl_mg_L,hydrosheaf_graph_ridge,20,3.840533439341997,3.740285242173836,0.10024819716816102,3.165999354670416,4.5150675240135785,True,True
2,2025-08-07,NGW-072,SO4_mg_L,hydrosheaf_graph_ridge,20,3.56049280919651,3.77413929806476,-0.2136464888682501,2.895511716378373,4.225473902014647,True,True
2,2025-08-07,NGW-072,NO3_mg_L,hydrosheaf_graph_ridge,20,3.546403124301909,3.7952644448179504,-0.24886132051604148,2.8934129455884667,4.199393303015351,True,True
2,2025-08-07,NGW-072,F_mg_L,hydrosheaf_graph_ridge,20,0.5900546370210494,0.4762341789963716,0.11382045802467783,0.20676885110955556,0.9733404229325433,True,True
2,2025-08-07,NGW-072,Sr_mg_L,hydrosheaf_graph_ridge,20,0.242230133617614,0.2374408560150342,0.0047892776025798,0.04223013361761399,0.442230133617614,True,True
2,2025-08-07,NGW-072,SiO2_mg_L,hydrosheaf_graph_ridge,20,3.7855660259686177,3.4965075614664802,0.28905846450213746,3.4035172039054515,4.167614848031784,True,True
2,2025-08-07,NGW-111,Ca_mg_L,persistence,20,3.9860166853364722,3.644666299437611,0.34135038589886113,3.545919192937129,4.4261141777358155,True,True
2,2025-08-07,NGW-111,Mg_mg_L,persistence,20,3.001217203784561,2.460443177609626,0.540774026174935,2.461238198488512,3.5411962090806095,True,False
2,2025-08-07,NGW-111,Na_mg_L,persistence,20,3.9642358768750805,3.767690634538226,0.19654524233685455,3.402361261918825,4.526110491831336,True,True
2,2025-08-07,NGW-111,K_mg_L,persistence,20,2.081938421878423,1.749199854809259,0.3327385670691638,1.5652563891059623,2.5986204546508835,True,True
2,2025-08-07,NGW-111,HCO3_mg_L,persistence,20,5.12610454390237,4.861361591348501,0.2647429525538687,4.580071089652333,5.672137998152407,True,True
2,2025-08-07,NGW-111,Cl_mg_L,persistence,20,4.526776118560079,4.027135812528651,0.49964030603142806,3.8522420338884977,5.20131020323166,True,True
2,2025-08-07,NGW-111,SO4_mg_L,persistence,20,3.734808386002336,3.644404964012107,0.09040342199022922,3.0698272931841992,4.399789478820473,True,True
2,2025-08-07,NGW-111,NO3_mg_L,persistence,20,3.707946516831162,3.107720775502038,0.6002257413291239,3.0549563381177203,4.360936695544604,True,True
2,2025-08-07,NGW-111,F_mg_L,persistence,20,0.832909122935104,0.41871033485818504,0.41419878807691896,0.4496233370236101,1.2161949088465978,True,False
2,2025-08-07,NGW-111,Sr_mg_L,persistence,20,0.1680535849962497,0.20782684720231648,-0.03977326220606678,-0.03194641500375031,0.36805358499624974,True,True
2,2025-08-07,NGW-111,SiO2_mg_L,persistence,20,3.9740583963475986,4.014579593753238,-0.04052119740563942,3.5920095742844325,4.356107218410765,True,True
2,2025-08-07,NGW-111,Ca_mg_L,expanding_mean_delta,20,3.557224278868501,3.644666299437611,-0.08744202056911021,3.1171267864691576,3.997321771267844,True,True
2,2025-08-07,NGW-111,Mg_mg_L,expanding_mean_delta,20,2.611051894868588,2.460443177609626,0.15060871725896208,2.071072889572539,3.1510309001646366,True,True
2,2025-08-07,NGW-111,Na_mg_L,expanding_mean_delta,20,3.5457953758880074,3.767690634538226,-0.22189525865021853,2.9839207609317517,4.107669990844263,True,True
2,2025-08-07,NGW-111,K_mg_L,expanding_mean_delta,20,1.798054841965941,1.749199854809259,0.048854987156681906,1.2813728091934804,2.3147368747384016,True,True
2,2025-08-07,NGW-111,HCO3_mg_L,expanding_mean_delta,20,4.7559286335316475,4.861361591348501,-0.1054329578168538,4.20989517928161,5.301962087781685,True,True
2,2025-08-07,NGW-111,Cl_mg_L,expanding_mean_delta,20,3.94513473000299,4.027135812528651,-0.08200108252566096,3.2706006453314087,4.619668814674571,True,True
2,2025-08-07,NGW-111,SO4_mg_L,expanding_mean_delta,20,3.35105516058317,3.644404964012107,-0.2933498034289368,2.686074067765033,4.016036253401307,True,True
2,2025-08-07,NGW-111,NO3_mg_L,expanding_mean_delta,20,3.3125195771298612,3.107720775502038,0.20479880162782305,2.659529398416419,3.9655097558433035,True,True
2,2025-08-07,NGW-111,F_mg_L,expanding_mean_delta,20,0.7157936928358226,0.41871033485818504,0.2970833579776376,0.33250790692432874,1.0990794787473166,True,True
2,2025-08-07,NGW-111,Sr_mg_L,expanding_mean_delta,20,0.17277836624531132,0.20782684720231648,-0.03504848095700516,-0.027221633754688696,0.37277836624531135,True,True
2,2025-08-07,NGW-111,SiO2_mg_L,expanding_mean_delta,20,4.043009119320677,4.014579593753238,0.028429525567439384,3.6609602972575113,4.425057941383844,True,True
2,2025-08-07,NGW-111,Ca_mg_L,hydrosheaf_graph_ridge,20,3.594756690083197,3.644666299437611,-0.04990960935441402,3.154659197683854,4.03485418248254,True,True
2,2025-08-07,NGW-111,Mg_mg_L,hydrosheaf_graph_ridge,20,2.619797767402333,2.460443177609626,0.1593545897927071,2.0798187621062842,3.1597767726983816,True,True
2,2025-08-07,NGW-111,Na_mg_L,hydrosheaf_graph_ridge,20,3.477544762647513,3.767690634538226,-0.29014587189071284,2.9156701476912574,4.039419377603769,True,True
2,2025-08-07,NGW-111,K_mg_L,hydrosheaf_graph_ridge,20,1.7489928255489229,1.749199854809259,-0.00020702926033622226,1.2323107927764623,2.2656748583213835,True,True
2,2025-08-07,NGW-111,HCO3_mg_L,hydrosheaf_graph_ridge,20,4.762532343038875,4.861361591348501,-0.09882924830962647,4.216498888788838,5.308565797288912,True,True
2,2025-08-07,NGW-111,Cl_mg_L,hydrosheaf_graph_ridge,20,3.9152988733536667,4.027135812528651,-0.11183693917498427,3.2407647886820854,4.589832958025248,True,True
2,2025-08-07,NGW-111,SO4_mg_L,hydrosheaf_graph_ridge,20,3.1230613907025546,3.644404964012107,-0.5213435733095522,2.458080297884418,3.7880424835206914,True,True
2,2025-08-07,NGW-111,NO3_mg_L,hydrosheaf_graph_ridge,20,3.518052837628375,3.107720775502038,0.4103320621263369,2.8650626589149333,4.171043016341817,True,True
2,2025-08-07,NGW-111,F_mg_L,hydrosheaf_graph_ridge,20,0.7572797779230303,0.41871033485818504,0.3385694430648452,0.3739939920115364,1.140565563834524,True,True
2,2025-08-07,NGW-111,Sr_mg_L,hydrosheaf_graph_ridge,20,0.18403190331351488,0.20782684720231648,-0.0237949438888016,-0.015968096686485134,0.3840319033135149,True,True
2,2025-08-07,NGW-111,SiO2_mg_L,hydrosheaf_graph_ridge,20,4.036795694063097,4.014579593753238,0.02221610030985932,3.654746871999931,4.4188445161262635,True,True
3,2025-08-08,NGW-004,Ca_mg_L,persistence,25,3.923753928303845,3.4326960487215263,0.4910578795823186,3.4912354732869755,4.356272383320714,True,False
3,2025-08-08,NGW-004,Mg_mg_L,persistence,25,3.1183922862898785,2.570319527636131,0.5480727586537477,2.5988364144670992,3.637948158112658,True,False
3,2025-08-08,NGW-004,Na_mg_L,persistence,25,4.097007679641584,3.471345141564237,0.6256625380773473,3.570622381459386,4.623392977823783,True,False
3,2025-08-08,NGW-004,K_mg_L,persistence,25,2.224623551524334,1.4906543764441333,0.7339691750802007,1.7564776810243812,2.692769422024287,True,False
3,2025-08-08,NGW-004,HCO3_mg_L,persistence,25,5.111987788356544,4.640537329825382,0.4714504585311614,4.612073274644411,5.6119023020686765,True,True
3,2025-08-08,NGW-004,Cl_mg_L,persistence,25,4.342245764662037,3.7035217308508064,0.6387240338112306,3.67991028874636,5.004581240577714,True,True
3,2025-08-08,NGW-004,SO4_mg_L,persistence,25,4.0353020215883175,3.4622924810219664,0.5730095405663511,3.419193404149118,4.651410639027517,True,True
3,2025-08-08,NGW-004,NO3_mg_L,persistence,25,4.0239220979255546,3.5564902660681907,0.4674318318573638,3.3480537777149966,4.6997904181361125,True,True
3,2025-08-08,NGW-004,F_mg_L,persistence,25,0.3852624007906449,0.29266961396282,0.0925927868278249,0.020808010304672386,0.7497167912766174,True,True
3,2025-08-08,NGW-004,Sr_mg_L,persistence,25,0.16381808522939498,0.24529635595534308,-0.0814782707259481,-0.036181914770605034,0.36381808522939496,True,True
3,2025-08-08,NGW-004,SiO2_mg_L,persistence,25,3.5234150143864045,3.8877303128591016,-0.36431529847269717,3.1745364557219187,3.8722935730508903,True,False
3,2025-08-08,NGW-004,Ca_mg_L,expanding_mean_delta,25,3.481202412193072,3.4326960487215263,0.048506363471545466,3.0486839571762023,3.9137208672099413,True,True
3,2025-08-08,NGW-004,Mg_mg_L,expanding_mean_delta,25,2.717115237687617,2.570319527636131,0.14679571005148606,2.197559365864837,3.2366711095103966,True,True
3,2025-08-08,NGW-004,Na_mg_L,expanding_mean_delta,25,3.67237469337153,3.471345141564237,0.20102955180729287,3.1459893951893316,4.198759991553728,True,True
3,2025-08-08,NGW-004,K_mg_L,expanding_mean_delta,25,1.9182537562327666,1.4906543764441333,0.42759937978863327,1.4501078857328138,2.3863996267327194,True,True
3,2025-08-08,NGW-004,HCO3_mg_L,expanding_mean_delta,25,4.725334772373699,4.640537329825382,0.08479744254831711,4.225420258661567,5.225249286085832,True,True
3,2025-08-08,NGW-004,Cl_mg_L,expanding_mean_delta,25,3.7428860662395618,3.7035217308508064,0.03936433538875539,3.080550590323885,4.405221542155239,True,True
3,2025-08-08,NGW-004,SO4_mg_L,expanding_mean_delta,25,3.649491835602156,3.4622924810219664,0.18719935458018977,3.0333832181629568,4.265600453041356,True,True
3,2025-08-08,NGW-004,NO3_mg_L,expanding_mean_delta,25,3.669029812136304,3.5564902660681907,0.11253954606811334,2.993161491925746,4.344898132346862,True,True
3,2025-08-08,NGW-004,F_mg_L,expanding_mean_delta,25,0.24297436179620302,0.29266961396282,-0.049695252166616966,-0.12148002868976948,0.6074287522821755,True,True
3,2025-08-08,NGW-004,Sr_mg_L,expanding_mean_delta,25,0.1697911431941588,0.24529635595534308,-0.07550521276118427,-0.030208856805841205,0.36979114319415884,True,True
3,2025-08-08,NGW-004,SiO2_mg_L,expanding_mean_delta,25,3.5691083987283134,3.8877303128591016,-0.3186219141307882,3.2202298400638276,3.9179869573927992,True,True
3,2025-08-08,NGW-004,Ca_mg_L,hydrosheaf_graph_ridge,25,3.460961953264791,3.4326960487215263,0.028265904543264497,3.0284434982479214,3.8934804082816603,True,True
3,2025-08-08,NGW-004,Mg_mg_L,hydrosheaf_graph_ridge,25,2.740112022317018,2.570319527636131,0.16979249468088708,2.2205561504942386,3.259667894139797,True,True
3,2025-08-08,NGW-004,Na_mg_L,hydrosheaf_graph_ridge,25,3.417441907642285,3.471345141564237,-0.053903233921952065,2.8910566094600867,3.9438272058244834,True,True
3,2025-08-08,NGW-004,K_mg_L,hydrosheaf_graph_ridge,25,1.9489596635418402,1.4906543764441333,0.4583052870977069,1.4808137930418874,2.417105534041793,True,True
3,2025-08-08,NGW-004,HCO3_mg_L,hydrosheaf_graph_ridge,25,4.59265902862472,4.640537329825382,-0.0478783012006625,4.092744514912587,5.0925735423368526,True,True
3,2025-08-08,NGW-004,Cl_mg_L,hydrosheaf_graph_ridge,25,3.603112314212903,3.7035217308508064,-0.10040941663790326,2.9407768382972264,4.26544779012858,True,True
3,2025-08-08,NGW-004,SO4_mg_L,hydrosheaf_graph_ridge,25,3.632564487974379,3.4622924810219664,0.17027200695241262,3.0164558705351796,4.2486731054135785,True,True
3,2025-08-08,NGW-004,NO3_mg_L,hydrosheaf_graph_ridge,25,3.763859643541531,3.5564902660681907,0.20736937747334006,3.0879913233309733,4.439727963752088,True,True
3,2025-08-08,NGW-004,F_mg_L,hydrosheaf_graph_ridge,25,0.4066695686662834,0.29266961396282,0.11399995470346341,0.0422151781803109,0.7711239591522558,True,True
3,2025-08-08,NGW-004,Sr_mg_L,hydrosheaf_graph_ridge,25,0.19128521081286443,0.24529635595534308,-0.05401114514247865,-0.008714789187135585,0.39128521081286444,True,True
3,2025-08-08,NGW-004,SiO2_mg_L,hydrosheaf_graph_ridge,25,3.6798251933381496,3.8877303128591016,-0.20790511952095203,3.330946634673664,4.028703752002635,True,True
3,2025-08-08,NGW-011,Ca_mg_L,persistence,25,3.789403291880235,3.515418525752178,0.273984766128057,3.3568848368633657,4.221921746897104,True,True
3,2025-08-08,NGW-011,Mg_mg_L,persistence,25,2.8195915758351173,2.6803363625346943,0.139255213300423,2.3000357040123376,3.339147447657897,True,True
3,2025-08-08,NGW-011,Na_mg_L,persistence,25,3.971046345877607,3.6783239401744194,0.2927224057031874,3.4446610476954085,4.497431644059805,True,True
3,2025-08-08,NGW-011,K_mg_L,persistence,25,2.1377104498038118,1.7369512327330598,0.4007592170707519,1.669564579303859,2.6058563203037646,True,True
3,2025-08-08,NGW-011,HCO3_mg_L,persistence,25,5.266826699456666,4.913316431572226,0.35351026788443995,4.766912185744533,5.766741213168799,True,True
3,2025-08-08,NGW-011,Cl_mg_L,persistence,25,4.00860510327439,3.814410176561146,0.19419492671324434,3.3462696273587134,4.670940579190067,True,True
3,2025-08-08,NGW-011,SO4_mg_L,persistence,25,3.9753733209289077,3.59922823216129,0.3761450887676179,3.3592647034897083,4.591481938368108,True,True
3,2025-08-08,NGW-011,NO3_mg_L,persistence,25,3.0497468618602293,2.545531271604435,0.5042155902557943,2.3738785416496713,3.7256151820707872,True,True
3,2025-08-08,NGW-011,F_mg_L,persistence,25,0.5653138090500605,0.5068176023684519,0.0584962066816086,0.20085941856408795,0.929768199536033,True,True
3,2025-08-08,NGW-011,Sr_mg_L,persistence,25,0.17563256864315802,0.26005390533430683,-0.08442133669114882,-0.024367431356841995,0.375632568643158,True,True
3,2025-08-08,NGW-011,SiO2_mg_L,persistence,25,4.01096295328305,3.975936331171799,0.03502662211125118,3.662084394618564,4.359841511947536,True,True
3,2025-08-08,NGW-011,Ca_mg_L,expanding_mean_delta,25,3.346851775769462,3.515418525752178,-0.16856674998271615,2.9143333207525925,3.7793702307863315,True,True
3,2025-08-08,NGW-011,Mg_mg_L,expanding_mean_delta,25,2.418314527232856,2.6803363625346943,-0.2620218353018382,1.8987586554100766,2.937870399055636,True,True
3,2025-08-08,NGW-011,Na_mg_L,expanding_mean_delta,25,3.5464133596075524,3.6783239401744194,-0.131910580566867,3.020028061425354,4.07279865778975,True,True
3,2025-08-08,NGW-011,K_mg_L,expanding_mean_delta,25,1.8313406545122444,1.7369512327330598,0.09438942177918452,1.3631947840122915,2.299486525012197,True,True
3,2025-08-08,NGW-011,HCO3_mg_L,expanding_mean_delta,25,4.880173683473822,4.913316431572226,-0.03314274809840434,4.380259169761689,5.380088197185954,True,True
3,2025-08-08,NGW-011,Cl_mg_L,expanding_mean_delta,25,3.409245404851915,3.814410176561146,-0.4051647717092308,2.746909928936238,4.071580880767592,True,True
3,2025-08-08,NGW-011,SO4_mg_L,expanding_mean_delta,25,3.5895631349427464,3.59922823216129,-0.009665097218543472,2.973454517503547,4.205671752381946,True,True
3,2025-08-08,NGW-011,NO3_mg_L,expanding_mean_delta,25,2.694854576070979,2.545531271604435,0.14932330446654385,2.018986255860421,3.3707228962815368,True,True
3,2025-08-08,NGW-011,F_mg_L,expanding_mean_delta,25,0.4230257700556186,0.5068176023684519,-0.08379183231283327,0.05857137956964609,0.7874801605415911,True,True
3,2025-08-08,NGW-011,Sr_mg_L,expanding_mean_delta,25,0.18160562660792184,0.26005390533430683,-0.07844827872638499,-0.018394373392078167,0.38160562660792186,True,True
3,2025-08-08,NGW-011,SiO2_mg_L,expanding_mean_delta,25,4.0566563376249585,3.975936331171799,0.08072000645315969,3.7077777789604727,4.405534896289445,True,True
3,2025-08-08,NGW-011,Ca_mg_L,hydrosheaf_graph_ridge,25,3.2315196971184217,3.515418525752178,-0.2838988286337565,2.799001242101552,3.664038152135291,True,True
3,2025-08-08,NGW-011,Mg_mg_L,hydrosheaf_graph_ridge,25,2.4979014325602904,2.6803363625346943,-0.18243492997440391,1.9783455607375109,3.01745730438307,True,True
3,2025-08-08,NGW-011,Na_mg_L,hydrosheaf_graph_ridge,25,3.5623777179826566,3.6783239401744194,-0.11594622219176287,3.035992419800458,4.0887630161648545,True,True
3,2025-08-08,NGW-011,K_mg_L,hydrosheaf_graph_ridge,25,1.8324230320751966,1.7369512327330598,0.09547179934213679,1.3642771615752438,2.3005689025751495,True,True
3,2025-08-08,NGW-011,HCO3_mg_L,hydrosheaf_graph_ridge,25,4.812507967300043,4.913316431572226,-0.10080846427218315,4.31259345358791,5.312422481012176,True,True
3,2025-08-08,NGW-011,Cl_mg_L,hydrosheaf_graph_ridge,25,3.462231781394487,3.814410176561146,-0.35217839516665883,2.79989630547881,4.124567257310164,True,True
3,2025-08-08,NGW-011,SO4_mg_L,hydrosheaf_graph_ridge,25,3.4478160720132274,3.59922823216129,-0.15141216014806247,2.831707454574028,4.063924689452427,True,True
3,2025-08-08,NGW-011,NO3_mg_L,hydrosheaf_graph_ridge,25,2.9653491764502147,2.545531271604435,0.41981790484577974,2.289480856239657,3.641217496660772,True,True
3,2025-08-08,NGW-011,F_mg_L,hydrosheaf_graph_ridge,25,0.5531689075387289,0.5068176023684519,0.04635130517027708,0.18871451705275644,0.9176232980247014,True,True
3,2025-08-08,NGW-011,Sr_mg_L,hydrosheaf_graph_ridge,25,0.17301456445051502,0.26005390533430683,-0.08703934088379181,-0.026985435549484987,0.37301456445051506,True,True
3,2025-08-08,NGW-011,SiO2_mg_L,hydrosheaf_graph_ridge,25,4.21460965768795,3.975936331171799,0.23867332651615092,3.865731099023464,4.563488216352436,True,True
3,2025-08-08,NGW-028,Ca_mg_L,persistence,25,3.8441723385199715,3.4028626609812167,0.44130967753875483,3.411653883503102,4.276690793536841,True,False
3,2025-08-08,NGW-028,Mg_mg_L,persistence,25,3.108167702883779,2.513656063073986,0.5945116398097929,2.588611831061,3.6277235747065584,True,False
3,2025-08-08,NGW-028,Na_mg_L,persistence,25,4.0260657214688065,3.928683446321253,0.09738227514755327,3.499680423286608,4.552451019651005,True,True
3,2025-08-08,NGW-028,K_mg_L,persistence,25,1.969905654611529,1.7749523509116738,0.1949533036998552,1.5017597841115762,2.4380515251114816,True,True
3,2025-08-08,NGW-028,HCO3_mg_L,persistence,25,5.198828468047294,4.929931256681293,0.2688972113660011,4.698913954335161,5.698742981759427,True,True
3,2025-08-08,NGW-028,Cl_mg_L,persistence,25,4.168678699274804,3.8691155044168695,0.2995631948579347,3.5063432233591274,4.831014175190481,True,True
3,2025-08-08,NGW-028,SO4_mg_L,persistence,25,4.029983803061711,3.5553480614894135,0.4746357415722975,3.4138751856225116,4.646092420500911,True,True
3,2025-08-08,NGW-028,NO3_mg_L,persistence,25,3.4001968813285717,3.560477739309412,-0.16028085798084035,2.724328561118014,4.076065201539129,True,True
3,2025-08-08,NGW-028,F_mg_L,persistence,25,0.3852624007906449,0.3293037471426004,0.055958653648044476,0.020808010304672386,0.7497167912766174,True,True
3,2025-08-08,NGW-028,Sr_mg_L,persistence,25,0.2561914053604101,0.24059046491793043,0.015600940442479644,0.05619140536041006,0.4561914053604101,True,True
3,2025-08-08,NGW-028,SiO2_mg_L,persistence,25,4.001863709427935,3.7819143200811256,0.21994938934680963,3.6529851507634494,4.3507422680924215,True,True
3,2025-08-08,NGW-028,Ca_mg_L,expanding_mean_delta,25,3.4016208224091984,3.4028626609812167,-0.0012418385720183167,2.969102367392329,3.834139277426068,True,True
3,2025-08-08,NGW-028,Mg_mg_L,expanding_mean_delta,25,2.7068906542815174,2.513656063073986,0.19323459120753128,2.1873347824587377,3.226446526104297,True,True
3,2025-08-08,NGW-028,Na_mg_L,expanding_mean_delta,25,3.601432735198752,3.928683446321253,-0.32725071112250115,3.0750474370165537,4.12781803338095,True,True
3,2025-08-08,NGW-028,K_mg_L,expanding_mean_delta,25,1.6635358593199618,1.7749523509116738,-0.11141649159171196,1.195389988820009,2.1316817298199147,True,True
3,2025-08-08,NGW-028,HCO3_mg_L,expanding_mean_delta,25,4.81217545206445,4.929931256681293,-0.11775580461684321,4.312260938352317,5.3120899657765825,True,True
3,2025-08-08,NGW-028,Cl_mg_L,expanding_mean_delta,25,3.569319000852329,3.8691155044168695,-0.29979650356454046,2.9069835249366522,4.231654476768006,True,True
3,2025-08-08,NGW-028,SO4_mg_L,expanding_mean_delta,25,3.6441736170755497,3.5553480614894135,0.08882555558613614,3.0280649996363502,4.260282234514749,True,True
3,2025-08-08,NGW-028,NO3_mg_L,expanding_mean_delta,25,3.045304595539321,3.560477739309412,-0.5151731437700908,2.3694362753287637,3.7211729157498787,True,True
3,2025-08-08,NGW-028,F_mg_L,expanding_mean_delta,25,0.24297436179620302,0.3293037471426004,-0.08632938534639739,-0.12148002868976948,0.6074287522821755,True,True
3,2025-08-08,NGW-028,Sr_mg_L,expanding_mean_delta,25,0.2621644633251739,0.24059046491793043,0.021573998407243472,0.06216446332517389,0.4621644633251739,True,True
3,2025-08-08,NGW-028,SiO2_mg_L,expanding_mean_delta,25,4.047557093769844,3.7819143200811256,0.26564277368871814,3.698678535105358,4.39643565243433,True,True
3,2025-08-08,NGW-028,Ca_mg_L,hydrosheaf_graph_ridge,25,3.487405059928437,3.4028626609812167,0.08454239894722049,3.0548866049115677,3.9199235149453067,True,True
3,2025-08-08,NGW-028,Mg_mg_L,hydrosheaf_graph_ridge,25,2.6814576461256694,2.513656063073986,0.16780158305168325,2.1619017743028897,3.201013517948449,True,True
3,2025-08-08,NGW-028,Na_mg_L,hydrosheaf_graph_ridge,25,3.315091644189536,3.928683446321253,-0.613591802131717,2.788706346007338,3.8414769423717345,True,False
3,2025-08-08,NGW-028,K_mg_L,hydrosheaf_graph_ridge,25,1.724176166824614,1.7749523509116738,-0.05077618408705975,1.2560302963246612,2.192322037324567,True,True
3,2025-08-08,NGW-028,HCO3_mg_L,hydrosheaf_graph_ridge,25,4.7763640552285365,4.929931256681293,-0.15356720145275649,4.276449541516404,5.276278568940669,True,True
3,2025-08-08,NGW-028,Cl_mg_L,hydrosheaf_graph_ridge,25,3.4418275196836277,3.8691155044168695,-0.4272879847332418,2.779492043767951,4.104162995599305,True,True
3,2025-08-08,NGW-028,SO4_mg_L,hydrosheaf_graph_ridge,25,3.710731921208473,3.5553480614894135,0.15538385971905955,3.0946233037692736,4.326840538647673,True,True
3,2025-08-08,NGW-028,NO3_mg_L,hydrosheaf_graph_ridge,25,3.072282987648362,3.560477739309412,-0.48819475166104986,2.3964146674378046,3.7481513078589197,True,True
3,2025-08-08,NGW-028,F_mg_L,hydrosheaf_graph_ridge,25,0.291021233836648,0.3293037471426004,-0.03828251330595239,-0.07343315664932448,0.6554756243226205,True,True
3,2025-08-08,NGW-028,Sr_mg_L,hydrosheaf_graph_ridge,25,0.24768019251505063,0.24059046491793043,0.0070897275971202045,0.04768019251505062,0.44768019251505065,True,True
3,2025-08-08,NGW-028,SiO2_mg_L,hydrosheaf_graph_ridge,25,4.099080369457099,3.7819143200811256,0.3171660493759738,3.7502018107926136,4.447958928121586,True,True
3,2025-08-08,NGW-042,Ca_mg_L,persistence,25,3.960813169597578,3.279406324608233,0.6814068449893451,3.5282947145807086,4.393331624614447,True,False
3,2025-08-08,NGW-042,Mg_mg_L,persistence,25,2.929592471049446,2.3896797998449792,0.5399126712044668,2.4100365992266664,3.449148342872226,True,False
3,2025-08-08,NGW-042,Na_mg_L,persistence,25,4.085303817569952,3.5452977256359124,0.5400060919340395,3.5589185193877535,4.61168911575215,True,False
3,2025-08-08,NGW-042,K_mg_L,persistence,25,2.0592388343623163,1.536867219599265,0.5223716147630513,1.5910929638623634,2.527384704862269,True,False
3,2025-08-08,NGW-042,HCO3_mg_L,persistence,25,5.144758178421734,4.656433479925633,0.4883246984961005,4.644843664709601,5.644672692133867,True,True
3,2025-08-08,NGW-042,Cl_mg_L,persistence,25,4.299052551380625,3.4226326623822203,0.876419888998405,3.6367170754649485,4.9613880272963025,True,False
3,2025-08-08,NGW-042,SO4_mg_L,persistence,25,4.074991833706286,3.4008639927609177,0.6741278409453684,3.4588832162670866,4.691100451145486,True,False
3,2025-08-08,NGW-042,NO3_mg_L,persistence,25,4.149936935645806,3.3072529354856135,0.8426840001601921,3.4740686154352476,4.8258052558563636,True,False
3,2025-08-08,NGW-042,F_mg_L,persistence,25,0.7178397931503169,0.3293037471426004,0.38853604600771646,0.3533854026643444,1.0822941836362894,True,False
3,2025-08-08,NGW-042,Sr_mg_L,persistence,25,0.14410034397375684,0.17647114311577905,-0.032370799142022205,-0.055899656026243166,0.3441003439737569,True,True
3,2025-08-08,NGW-042,SiO2_mg_L,persistence,25,3.8522730010223722,3.6270040503958487,0.22526895062652352,3.5033944423578864,4.201151559686858,True,True
3,2025-08-08,NGW-042,Ca_mg_L,expanding_mean_delta,25,3.518261653486805,3.279406324608233,0.23885532887857197,3.0857431984699355,3.9507801085036744,True,True
3,2025-08-08,NGW-042,Mg_mg_L,expanding_mean_delta,25,2.528315422447185,2.3896797998449792,0.13863562260220563,2.008759550624405,3.0478712942699646,True,True
3,2025-08-08,NGW-042,Na_mg_L,expanding_mean_delta,25,3.6606708312998975,3.5452977256359124,0.11537310566398506,3.134285533117699,4.187056129482095,True,True
3,2025-08-08,NGW-042,K_mg_L,expanding_mean_delta,25,1.7528690390707489,1.536867219599265,0.2160018194714839,1.284723168570796,2.2210149095707017,True,True
3,2025-08-08,NGW-042,HCO3_mg_L,expanding_mean_delta,25,4.7581051624388895,4.656433479925633,0.1016716825132562,4.258190648726757,5.258019676151022,True,True
3,2025-08-08,NGW-042,Cl_mg_L,expanding_mean_delta,25,3.69969285295815,3.4226326623822203,0.2770601905759298,3.0373573770424733,4.362028328873827,True,True
3,2025-08-08,NGW-042,SO4_mg_L,expanding_mean_delta,25,3.6891816477201247,3.4008639927609177,0.288317654959207,3.0730730302809253,4.305290265159324,True,True
3,2025-08-08,NGW-042,NO3_mg_L,expanding_mean_delta,25,3.795044649856555,3.3072529354856135,0.4877917143709416,3.119176329645997,4.470912970067113,True,True
3,2025-08-08,NGW-042,F_mg_L,expanding_mean_delta,25,0.575551754155875,0.3293037471426004,0.2462480070132746,0.2110973636699025,0.9400061446418475,True,True
3,2025-08-08,NGW-042,Sr_mg_L,expanding_mean_delta,25,0.15007340193852067,0.17647114311577905,-0.026397741177258377,-0.04992659806147934,0.35007340193852066,True,True
3,2025-08-08,NGW-042,SiO2_mg_L,expanding_mean_delta,25,3.897966385364281,3.6270040503958487,0.27096233496843247,3.5490878266997954,4.246844944028767,True,True
3,2025-08-08,NGW-042,Ca_mg_L,hydrosheaf_graph_ridge,25,3.4980054932592504,3.279406324608233,0.21859916865101736,3.065487038242381,3.93052394827612,True,True
3,2025-08-08,NGW-042,Mg_mg_L,hydrosheaf_graph_ridge,25,2.6312241400283765,2.3896797998449792,0.2415443401833972,2.111668268205597,3.1507800118511557,True,True
3,2025-08-08,NGW-042,Na_mg_L,hydrosheaf_graph_ridge,25,3.5391544505726786,3.5452977256359124,-0.006143275063233755,3.0127691523904803,4.065539748754877,True,True
3,2025-08-08,NGW-042,K_mg_L,hydrosheaf_graph_ridge,25,1.7302907506259046,1.536867219599265,0.19342353102663967,1.2621448801259518,2.1984366211258575,True,True
3,2025-08-08,NGW-042,HCO3_mg_L,hydrosheaf_graph_ridge,25,4.817797891256035,4.656433479925633,0.16136441133040158,4.317883377543902,5.317712404968168,True,True
3,2025-08-08,NGW-042,Cl_mg_L,hydrosheaf_graph_ridge,25,3.575269325757997,3.4226326623822203,0.15263666337577675,2.9129338498423203,4.237604801673674,True,True
3,2025-08-08,NGW-042,SO4_mg_L,hydrosheaf_graph_ridge,25,3.578432314007957,3.4008639927609177,0.17756832124703914,2.9623236965687574,4.194540931447157,True,True
3,2025-08-08,NGW-042,NO3_mg_L,hydrosheaf_graph_ridge,25,3.988584863111749,3.3072529354856135,0.6813319276261356,3.3127165429011916,4.664453183322307,True,False
3,2025-08-08,NGW-042,F_mg_L,hydrosheaf_graph_ridge,25,0.6439311367663018,0.3293037471426004,0.31462738962370135,0.27947674628032926,1.0083855272522744,True,True
3,2025-08-08,NGW-042,Sr_mg_L,hydrosheaf_graph_ridge,25,0.14390767200965154,0.17647114311577905,-0.032563471106127506,-0.05609232799034847,0.34390767200965155,True,True
3,2025-08-08,NGW-042,SiO2_mg_L,hydrosheaf_graph_ridge,25,3.931798979948342,3.6270040503958487,0.30479492955249343,3.5829204212838563,4.280677538612828,True,True
3,2025-08-08,NGW-109,Ca_mg_L,persistence,25,3.7062280924485496,3.4028626609812167,0.30336543146733286,3.27370963743168,4.138746547465419,True,True
3,2025-08-08,NGW-109,Mg_mg_L,persistence,25,3.022860940942244,2.7985001040242823,0.2243608369179615,2.503305069119464,3.5424168127650235,True,True
3,2025-08-08,NGW-109,Na_mg_L,persistence,25,4.311335894051113,3.6203329115788265,0.6910029824722863,3.7849505958689145,4.837721192233311,True,False
3,2025-08-08,NGW-109,K_mg_L,persistence,25,1.8779371654691073,1.572773928062509,0.30516323740659823,1.4097912949691545,2.34608303596906,True,True
3,2025-08-08,NGW-109,HCO3_mg_L,persistence,25,5.120804230746387,4.861748513388538,0.2590557173578487,4.620889717034254,5.62071874445852,True,True
3,2025-08-08,NGW-109,Cl_mg_L,persistence,25,4.627714150422986,3.8375149532530846,0.7901991971699016,3.9653786745073094,5.290049626338663,True,False
3,2025-08-08,NGW-109,SO4_mg_L,persistence,25,3.8726582819058692,3.608482517041907,0.2641757648639622,3.25654966446667,4.488766899345069,True,True
3,2025-08-08,NGW-109,NO3_mg_L,persistence,25,3.1867657709499673,2.299580583973747,0.8871851869762204,2.5108974507394093,3.8626340911605253,True,False
3,2025-08-08,NGW-109,F_mg_L,persistence,25,1.0750024230289759,0.6523251860396903,0.4226772369892856,0.7105480325430034,1.4394568135149484,True,False
3,2025-08-08,NGW-109,Sr_mg_L,persistence,25,0.18647956694261833,0.17898265552844,0.0074969114141783255,-0.013520433057381681,0.3864795669426183,True,True
3,2025-08-08,NGW-109,SiO2_mg_L,persistence,25,3.919991175077323,4.065602093356446,-0.14561091827912342,3.571112616412837,4.268869733741809,True,True
3,2025-08-08,NGW-109,Ca_mg_L,expanding_mean_delta,25,3.2636765763377764,3.4028626609812167,-0.1391860846434403,2.831158121320907,3.696195031354646,True,True
3,2025-08-08,NGW-109,Mg_mg_L,expanding_mean_delta,25,2.6215838923399826,2.7985001040242823,-0.17691621168429972,2.102028020517203,3.1411397641627623,True,True
3,2025-08-08,NGW-109,Na_mg_L,expanding_mean_delta,25,3.8867029077810584,3.6203329115788265,0.2663699962022319,3.36031760959886,4.413088205963256,True,True
3,2025-08-08,NGW-109,K_mg_L,expanding_mean_delta,25,1.5715673701775401,1.572773928062509,-0.0012065578849689285,1.1034214996775873,2.039713240677493,True,True
3,2025-08-08,NGW-109,HCO3_mg_L,expanding_mean_delta,25,4.734151214763543,4.861748513388538,-0.12759729862499558,4.23423670105141,5.2340657284756755,True,True
3,2025-08-08,NGW-109,Cl_mg_L,expanding_mean_delta,25,4.028354452000511,3.8375149532530846,0.19083949874742645,3.3660189760848342,4.690689927916188,True,True
3,2025-08-08,NGW-109,SO4_mg_L,expanding_mean_delta,25,3.486848095919708,3.608482517041907,-0.12163442112219913,2.8707394784805085,4.102956713358908,True,True
3,2025-08-08,NGW-109,NO3_mg_L,expanding_mean_delta,25,2.831873485160717,2.299580583973747,0.5322929011869699,2.156005164950159,3.507741805371275,True,True
3,2025-08-08,NGW-109,F_mg_L,expanding_mean_delta,25,0.932714384034534,0.6523251860396903,0.28038919799484374,0.5682599935485615,1.2971687745205065,True,True
3,2025-08-08,NGW-109,Sr_mg_L,expanding_mean_delta,25,0.19245262490738216,0.17898265552844,0.013469969378942154,-0.007547375092617853,0.3924526249073822,True,True
3,2025-08-08,NGW-109,SiO2_mg_L,expanding_mean_delta,25,3.965684559419232,4.065602093356446,-0.09991753393721448,3.616806000754746,4.314563118083718,True,True
3,2025-08-08,NGW-109,Ca_mg_L,hydrosheaf_graph_ridge,25,3.5265849468751633,3.4028626609812167,0.12372228589394663,3.094066491858294,3.959103401892033,True,True
3,2025-08-08,NGW-109,Mg_mg_L,hydrosheaf_graph_ridge,25,2.499378420785534,2.7985001040242823,-0.2991216832387482,1.9798225489627546,3.0189342926083134,True,True
3,2025-08-08,NGW-109,Na_mg_L,hydrosheaf_graph_ridge,25,3.88780875860584,3.6203329115788265,0.26747584702701355,3.3614234604236417,4.4141940567880384,True,True
3,2025-08-08,NGW-109,K_mg_L,hydrosheaf_graph_ridge,25,1.5192651177246177,1.572773928062509,-0.053508810337891344,1.0511192472246649,1.9874109882245705,True,True
3,2025-08-08,NGW-109,HCO3_mg_L,hydrosheaf_graph_ridge,25,4.83063730713745,4.861748513388538,-0.03111120625108832,4.330722793425317,5.330551820849583,True,True
3,2025-08-08,NGW-109,Cl_mg_L,hydrosheaf_graph_ridge,25,4.032775245070377,3.8375149532530846,0.19526029181729276,3.3704397691547006,4.6951107209860545,True,True
3,2025-08-08,NGW-109,SO4_mg_L,hydrosheaf_graph_ridge,25,3.6617283259152797,3.608482517041907,0.05324580887337271,3.0456197084760803,4.27783694335448,True,True
3,2025-08-08,NGW-109,NO3_mg_L,hydrosheaf_graph_ridge,25,2.3337485870687993,2.299580583973747,0.03416800309505241,1.6578802668582415,3.009616907279357,True,True
3,2025-08-08,NGW-109,F_mg_L,hydrosheaf_graph_ridge,25,0.6762609643351519,0.6523251860396903,0.023935778295461674,0.3118065738491794,1.0407153548211245,True,True
3,2025-08-08,NGW-109,Sr_mg_L,hydrosheaf_graph_ridge,25,0.20059499002004172,0.17898265552844,0.021612334491601715,0.000594990020041708,0.40059499002004173,True,True
3,2025-08-08,NGW-109,SiO2_mg_L,hydrosheaf_graph_ridge,25,3.8238208608820594,4.065602093356446,-0.24178123247438688,3.4749423022175736,4.172699419546546,True,True
3,2025-08-08,NGW-142,Ca_mg_L,persistence,25,3.8784662218993033,3.6425737012374246,0.2358925206618787,3.445947766882434,4.310984676916172,True,True
3,2025-08-08,NGW-142,Mg_mg_L,persistence,25,3.11529150861163,2.787477334733532,0.3278141738780982,2.5957356367888504,3.63484738043441,True,True
3,2025-08-08,NGW-142,Na_mg_L,persistence,25,4.157475843662191,3.7739097032985116,0.383566140363679,3.631090545479992,4.683861141844389,True,True
3,2025-08-08,NGW-142,K_mg_L,persistence,25,1.9125010869241836,1.9125010869241836,0.0,1.4443552164242308,2.3806469574241365,True,True
3,2025-08-08,NGW-142,HCO3_mg_L,persistence,25,5.249127122357265,4.950885289690482,0.2982418326667835,4.7492126086451325,5.749041636069398,True,True
3,2025-08-08,NGW-142,Cl_mg_L,persistence,25,4.326910252115215,3.9074123928704627,0.419497859244752,3.664574776199538,4.989245728030892,True,True
3,2025-08-08,NGW-142,SO4_mg_L,persistence,25,4.314282982587362,3.884651808632014,0.429631173955348,3.6981743651481627,4.930391600026562,True,True
3,2025-08-08,NGW-142,NO3_mg_L,persistence,25,3.652215469742345,3.959669658895499,-0.3074541891531539,2.9763471495317875,4.3280837899529025,True,True
3,2025-08-08,NGW-142,F_mg_L,persistence,25,0.5068176023684519,0.2776317365982795,0.22918586577017236,0.14236321188247936,0.8712719928544244,True,True
3,2025-08-08,NGW-142,Sr_mg_L,persistence,25,0.26005390533430683,0.27231459532065916,-0.012260689986352324,0.06005390533430682,0.46005390533430685,True,True
3,2025-08-08,NGW-142,SiO2_mg_L,persistence,25,4.02535169073515,3.9871304779149512,0.038221212820198414,3.676473132070664,4.374230249399636,True,True
3,2025-08-08,NGW-142,Ca_mg_L,expanding_mean_delta,25,3.43591470578853,3.6425737012374246,-0.20665899544889443,3.0033962507716607,3.8684331608053997,True,True
3,2025-08-08,NGW-142,Mg_mg_L,expanding_mean_delta,25,2.714014460009369,2.787477334733532,-0.07346287472416302,2.1944585881865892,3.2335703318321487,True,True
3,2025-08-08,NGW-142,Na_mg_L,expanding_mean_delta,25,3.732842857392136,3.7739097032985116,-0.04106684590637544,3.206457559209938,4.259228155574334,True,True
3,2025-08-08,NGW-142,K_mg_L,expanding_mean_delta,25,1.6061312916326163,1.9125010869241836,-0.3063697952915674,1.1379854211326634,2.074277162132569,True,True
3,2025-08-08,NGW-142,HCO3_mg_L,expanding_mean_delta,25,4.862474106374421,4.950885289690482,-0.08841118331606079,4.362559592662288,5.362388620086554,True,True
3,2025-08-08,NGW-142,Cl_mg_L,expanding_mean_delta,25,3.7275505536927396,3.9074123928704627,-0.17986183917772314,3.065215077777063,4.389886029608417,True,True
3,2025-08-08,NGW-142,SO4_mg_L,expanding_mean_delta,25,3.9284727966012007,3.884651808632014,0.04382098796918665,3.3123641791620013,4.5445814140404,True,True
3,2025-08-08,NGW-142,NO3_mg_L,expanding_mean_delta,25,3.2973231839530945,3.959669658895499,-0.6623464749424044,2.621454863742537,3.973191504163652,True,True
3,2025-08-08,NGW-142,F_mg_L,expanding_mean_delta,25,0.36452956337401,0.2776317365982795,0.08689782677573049,7.517288803748912e-05,0.7289839538599825,True,True
3,2025-08-08,NGW-142,Sr_mg_L,expanding_mean_delta,25,0.26602696329907066,0.27231459532065916,-0.006287632021588496,0.06602696329907065,0.4660269632990707,True,True
3,2025-08-08,NGW-142,SiO2_mg_L,expanding_mean_delta,25,4.071045075077058,3.9871304779149512,0.08391459716210692,3.7221665164125723,4.419923633741544,True,True
3,2025-08-08,NGW-142,Ca_mg_L,hydrosheaf_graph_ridge,25,3.3059074979901255,3.6425737012374246,-0.3366662032472991,2.873389042973256,3.738425953006995,True,True
3,2025-08-08,NGW-142,Mg_mg_L,hydrosheaf_graph_ridge,25,2.7683161311682443,2.787477334733532,-0.01916120356528772,2.248760259345465,3.2878720029910236,True,True
3,2025-08-08,NGW-142,Na_mg_L,hydrosheaf_graph_ridge,25,3.682835373972143,3.7739097032985116,-0.09107432932636872,3.1564500757899445,4.209220672154341,True,True
3,2025-08-08,NGW-142,K_mg_L,hydrosheaf_graph_ridge,25,1.7454585510907255,1.9125010869241836,-0.16704253583345818,1.2773126805907726,2.213604421590678,True,True
3,2025-08-08,NGW-142,HCO3_mg_L,hydrosheaf_graph_ridge,25,4.801214634226516,4.950885289690482,-0.14967065546396618,4.301300120514383,5.301129147938648,True,True
3,2025-08-08,NGW-142,Cl_mg_L,hydrosheaf_graph_ridge,25,3.6800273387403526,3.9074123928704627,-0.22738505413011012,3.017691862824676,4.342362814656029,True,True
3,2025-08-08,NGW-142,SO4_mg_L,hydrosheaf_graph_ridge,25,3.911195617046047,3.884651808632014,0.02654380841403281,3.2950869996068475,4.527304234485246,True,True
3,2025-08-08,NGW-142,NO3_mg_L,hydrosheaf_graph_ridge,25,3.489938095044619,3.959669658895499,-0.4697315638508801,2.814069774834061,4.165806415255177,True,True
3,2025-08-08,NGW-142,F_mg_L,hydrosheaf_graph_ridge,25,0.5760380155934717,0.2776317365982795,0.2984062789951922,0.21158362510749917,0.9404924060794442,True,True
3,2025-08-08,NGW-142,Sr_mg_L,hydrosheaf_graph_ridge,25,0.28753006044765383,0.27231459532065916,0.015215465126994676,0.08753006044765382,0.48753006044765385,True,True
3,2025-08-08,NGW-142,SiO2_mg_L,hydrosheaf_graph_ridge,25,4.138092316270694,3.9871304779149512,0.15096183835574317,3.7892137576062086,4.486970874935181,True,True
3,2025-08-08,NGW-147,Ca_mg_L,persistence,25,4.1530850572447005,3.5934692693092782,0.5596157879354222,3.720566602227831,4.58560351226157,True,False
3,2025-08-08,NGW-147,Mg_mg_L,persistence,25,3.0572976292121457,2.3589654264301534,0.6983322027819923,2.537741757389366,3.5768535010349254,True,False
3,2025-08-08,NGW-147,Na_mg_L,persistence,25,4.025887261577193,3.8522730010223722,0.17361426055482054,3.4995019633949944,4.552272559759391,True,True
3,2025-08-08,NGW-147,K_mg_L,persistence,25,2.1598687907924505,1.6808279085207734,0.4790408822716772,1.6917229202924977,2.6280146612924034,True,False
3,2025-08-08,NGW-147,HCO3_mg_L,persistence,25,5.422347514964887,4.930725910867953,0.4916216040969337,4.922433001252754,5.92226202867702,True,True
3,2025-08-08,NGW-147,Cl_mg_L,persistence,25,4.446057214331018,3.8400972658565573,0.6059599484744611,3.7837217384153417,5.108392690246696,True,True
3,2025-08-08,NGW-147,SO4_mg_L,persistence,25,3.832763324442514,3.778263015248622,0.05450030919389226,3.2166547070033147,4.4488719418817135,True,True
3,2025-08-08,NGW-147,NO3_mg_L,persistence,25,3.4965075614664802,2.5478814489493886,0.9486261125170916,2.8206392412559227,4.172375881677038,True,False
3,2025-08-08,NGW-147,F_mg_L,persistence,25,0.6259384308664953,0.4700036292457356,0.15593480162075968,0.26148404038052275,0.9903928213524678,True,True
3,2025-08-08,NGW-147,Sr_mg_L,persistence,25,0.1680535849962497,0.26926348692776286,-0.10120990193151316,-0.03194641500375031,0.36805358499624974,True,True
3,2025-08-08,NGW-147,SiO2_mg_L,persistence,25,3.8480176754522337,3.9627161197436642,-0.1146984442914305,3.499139116787748,4.1968962341167195,True,True
3,2025-08-08,NGW-147,Ca_mg_L,expanding_mean_delta,25,3.7105335411339273,3.5934692693092782,0.11706427182464907,3.278015086117058,4.143051996150796,True,True
3,2025-08-08,NGW-147,Mg_mg_L,expanding_mean_delta,25,2.6560205806098844,2.3589654264301534,0.29705515417973105,2.1364647087871047,3.175576452432664,True,True
3,2025-08-08,NGW-147,Na_mg_L,expanding_mean_delta,25,3.6012542753071384,3.8522730010223722,-0.25101872571523387,3.07486897712494,4.127639573489336,True,True
3,2025-08-08,NGW-147,K_mg_L,expanding_mean_delta,25,1.8534989955008832,1.6808279085207734,0.1726710869801098,1.3853531250009303,2.321644866000836,True,True
3,2025-08-08,NGW-147,HCO3_mg_L,expanding_mean_delta,25,5.035694498982043,4.930725910867953,0.10496858811408938,4.53577998526991,5.5356090126941755,True,True
3,2025-08-08,NGW-147,Cl_mg_L,expanding_mean_delta,25,3.8466975159085433,3.8400972658565573,0.006600250051985945,3.1843620399928665,4.5090329918242205,True,True
3,2025-08-08,NGW-147,SO4_mg_L,expanding_mean_delta,25,3.4469531384563528,3.778263015248622,-0.3313098767922691,2.8308445210171533,4.063061755895553,True,True
3,2025-08-08,NGW-147,NO3_mg_L,expanding_mean_delta,25,3.1416152756772298,2.5478814489493886,0.5937338267278411,2.465746955466672,3.8174835958877873,True,True
3,2025-08-08,NGW-147,F_mg_L,expanding_mean_delta,25,0.4836503918720534,0.4700036292457356,0.01364676262631781,0.11919600138608089,0.8481047823580259,True,True
3,2025-08-08,NGW-147,Sr_mg_L,expanding_mean_delta,25,0.17402664296101353,0.26926348692776286,-0.09523684396674933,-0.025973357038986483,0.3740266429610135,True,True
3,2025-08-08,NGW-147,SiO2_mg_L,expanding_mean_delta,25,3.8937110597941427,3.9627161197436642,-0.06900505994952155,3.544832501129657,4.242589618458629,True,True
3,2025-08-08,NGW-147,Ca_mg_L,hydrosheaf_graph_ridge,25,3.4416632586202804,3.5934692693092782,-0.1518060106889978,3.009144803603411,3.87418171363715,True,True
3,2025-08-08,NGW-147,Mg_mg_L,hydrosheaf_graph_ridge,25,2.6787281849818547,2.3589654264301534,0.31976275855170133,2.1591723131590754,3.198284056804634,True,True
3,2025-08-08,NGW-147,Na_mg_L,hydrosheaf_graph_ridge,25,3.5790341837463844,3.8522730010223722,-0.27323881727598787,3.052648885564186,4.105419481928583,True,True
3,2025-08-08,NGW-147,K_mg_L,hydrosheaf_graph_ridge,25,1.721343532972984,1.6808279085207734,0.040515624452210686,1.2531976624730312,2.189489403472937,True,True
3,2025-08-08,NGW-147,HCO3_mg_L,hydrosheaf_graph_ridge,25,4.84877476730249,4.930725910867953,-0.08195114356546362,4.348860253590357,5.3486892810146225,True,True
3,2025-08-08,NGW-147,Cl_mg_L,hydrosheaf_graph_ridge,25,3.776551755772996,3.8400972658565573,-0.06354551008356113,3.1142162798573194,4.438887231688673,True,True
3,2025-08-08,NGW-147,SO4_mg_L,hydrosheaf_graph_ridge,25,3.04944426103995,3.778263015248622,-0.7288187542086719,2.4333356436007505,3.6655528784791493,True,False
3,2025-08-08,NGW-147,NO3_mg_L,hydrosheaf_graph_ridge,25,3.4541302842304655,2.5478814489493886,0.9062488352810769,2.778261964019908,4.129998604441023,True,False
3,2025-08-08,NGW-147,F_mg_L,hydrosheaf_graph_ridge,25,0.49026971134498365,0.4700036292457356,0.020266082099248073,0.12581532085901115,0.8547241018309562,True,True
3,2025-08-08,NGW-147,Sr_mg_L,hydrosheaf_graph_ridge,25,0.18871465871066848,0.26926348692776286,-0.08054882821709439,-0.011285341289331535,0.38871465871066846,True,True
3,2025-08-08,NGW-147,SiO2_mg_L,hydrosheaf_graph_ridge,25,3.9308904111972334,3.9627161197436642,-0.03182570854643085,3.5820118525327476,4.27976896986172,True,True
4,2025-08-09,NGW-046,Ca_mg_L,persistence,32,3.8205653949393112,3.581294243433999,0.2392711515053123,3.401679583464694,4.2394512064139285,True,True
4,2025-08-09,NGW-046,Mg_mg_L,persistence,32,2.9851767596144745,2.446685436967803,0.5384913226466717,2.488845397415024,3.481508121813925,True,False
4,2025-08-09,NGW-046,Na_mg_L,persistence,32,3.859676525055937,3.6014134283326604,0.2582630967232764,3.3140342561381715,4.405318793973702,True,True
4,2025-08-09,NGW-046,K_mg_L,persistence,32,1.803358605071407,1.5851452198650557,0.21821338520635125,1.3512798499186125,2.2554373602242013,True,True
4,2025-08-09,NGW-046,HCO3_mg_L,persistence,32,5.089015081422308,4.8947754080017205,0.19423967342058734,4.662842253836895,5.515187909007721,True,True
4,2025-08-09,NGW-046,Cl_mg_L,persistence,32,4.27957854046309,3.8550292839080256,0.4245492565550646,3.6229900288352987,4.936167052090881,True,True
4,2025-08-09,NGW-046,SO4_mg_L,persistence,32,3.681351187693145,3.4506222649896783,0.23072892270346657,3.0315134628865406,4.33118891249975,True,True
4,2025-08-09,NGW-046,NO3_mg_L,persistence,32,3.477232067938153,3.178470410233162,0.2987616577049912,2.790857029730752,4.163607106145554,True,True
4,2025-08-09,NGW-046,F_mg_L,persistence,32,0.5007752879124893,0.12221763272424921,0.37855765518824,0.16224476849944813,0.8393058073255304,True,False
4,2025-08-09,NGW-046,Sr_mg_L,persistence,32,0.13365638481267358,0.12133228516752496,0.01232409964514862,-0.06634361518732643,0.33365638481267357,True,True
4,2025-08-09,NGW-046,SiO2_mg_L,persistence,32,4.206184043977636,4.203198967134183,0.0029850768434531716,3.889821968765571,4.522546119189702,True,True
4,2025-08-09,NGW-046,Ca_mg_L,expanding_mean_delta,32,3.3814897445932974,3.581294243433999,-0.1998044988407015,2.96260393311868,3.8003755560679147,True,True
4,2025-08-09,NGW-046,Mg_mg_L,expanding_mean_delta,32,2.57567095612688,2.446685436967803,0.1289855191590772,2.0793395939274295,3.0720023183263305,True,True
4,2025-08-09,NGW-046,Na_mg_L,expanding_mean_delta,32,3.4403083578370532,3.6014134283326604,-0.16110507049560718,2.894666088919288,3.9859506267548186,True,True
4,2025-08-09,NGW-046,K_mg_L,expanding_mean_delta,32,1.4816241578032407,1.5851452198650557,-0.103521062061815,1.0295454026504463,1.9337029129560352,True,True
4,2025-08-09,NGW-046,HCO3_mg_L,expanding_mean_delta,32,4.704720481735734,4.8947754080017205,-0.19005492626598652,4.278547654150321,5.130893309321147,True,True
4,2025-08-09,NGW-046,Cl_mg_L,expanding_mean_delta,32,3.6918113057808464,3.8550292839080256,-0.1632179781271792,3.035222794153055,4.348399817408637,True,True
4,2025-08-09,NGW-046,SO4_mg_L,expanding_mean_delta,32,3.29099243427068,3.4506222649896783,-0.15962983071899828,2.6411547094640757,3.9408301590772843,True,True
4,2025-08-09,NGW-046,NO3_mg_L,expanding_mean_delta,32,3.10052222983303,3.178470410233162,-0.07794818040013185,2.414147191625629,3.7868972680404314,True,True
4,2025-08-09,NGW-046,F_mg_L,expanding_mean_delta,32,0.34575708252478743,0.12221763272424921,0.22353944980053822,0.007226563111746298,0.6842876019378286,True,True
4,2025-08-09,NGW-046,Sr_mg_L,expanding_mean_delta,32,0.14734293467953052,0.12133228516752496,0.02601064951200556,-0.05265706532046949,0.34734293467953054,True,True
4,2025-08-09,NGW-046,SiO2_mg_L,expanding_mean_delta,32,4.245199453186579,4.203198967134183,0.04200048605239637,3.928837377974514,4.561561528398645,True,True
4,2025-08-09,NGW-046,Ca_mg_L,hydrosheaf_graph_ridge,32,3.4082181894788857,3.581294243433999,-0.17307605395511327,2.9893323780042684,3.827104000953503,True,True
4,2025-08-09,NGW-046,Mg_mg_L,hydrosheaf_graph_ridge,32,2.5960705414489262,2.446685436967803,0.1493851044811234,2.0997391792494757,3.0924019036483767,True,True
4,2025-08-09,NGW-046,Na_mg_L,hydrosheaf_graph_ridge,32,3.4893483243769183,3.6014134283326604,-0.1120651039557421,2.943706055459153,4.034990593294684,True,True
4,2025-08-09,NGW-046,K_mg_L,hydrosheaf_graph_ridge,32,1.6104231993011526,1.5851452198650557,0.025277979436096887,1.1583444441483581,2.062501954453947,True,True
4,2025-08-09,NGW-046,HCO3_mg_L,hydrosheaf_graph_ridge,32,4.842240294197456,4.8947754080017205,-0.052535113804264455,4.416067466612043,5.268413121782869,True,True
4,2025-08-09,NGW-046,Cl_mg_L,hydrosheaf_graph_ridge,32,3.70824895780789,3.8550292839080256,-0.14678032610013547,3.0516604461800987,4.364837469435681,True,True
4,2025-08-09,NGW-046,SO4_mg_L,hydrosheaf_graph_ridge,32,3.399554115164224,3.4506222649896783,-0.05106814982545416,2.74971639035762,4.049391839970829,True,True
4,2025-08-09,NGW-046,NO3_mg_L,hydrosheaf_graph_ridge,32,2.9845861491743113,3.178470410233162,-0.1938842610588507,2.29821111096691,3.6709611873817125,True,True
4,2025-08-09,NGW-046,F_mg_L,hydrosheaf_graph_ridge,32,0.5295697290907003,0.12221763272424921,0.4073520963664511,0.1910392096776592,0.8681002485037415,True,False
4,2025-08-09,NGW-046,Sr_mg_L,hydrosheaf_graph_ridge,32,0.10420586749685554,0.12133228516752496,-0.017126417670669428,-0.09579413250314447,0.3042058674968555,True,True
4,2025-08-09,NGW-046,SiO2_mg_L,hydrosheaf_graph_ridge,32,4.174889964560911,4.203198967134183,-0.028309002573271513,3.858527889348846,4.491252039772977,True,True
4,2025-08-09,NGW-104,Ca_mg_L,persistence,32,3.910822284851627,3.4094961844768505,0.5013261003747767,3.49193647337701,4.329708096326245,True,False
4,2025-08-09,NGW-104,Mg_mg_L,persistence,32,2.9564715596006885,2.6369121732688705,0.319559386331818,2.460140197401238,3.452802921800139,True,True
4,2025-08-09,NGW-104,Na_mg_L,persistence,32,3.9974664872456134,3.1245651453969594,0.872901341848654,3.451824218327848,4.543108756163379,True,False
4,2025-08-09,NGW-104,K_mg_L,persistence,32,2.1400661634962708,1.5830939370944985,0.5569722264017722,1.6879874083434763,2.5921449186490655,True,False
4,2025-08-09,NGW-104,HCO3_mg_L,persistence,32,5.056818889511848,4.51688527112052,0.5399336183913279,4.630646061926435,5.482991717097261,True,False
4,2025-08-09,NGW-104,Cl_mg_L,persistence,32,4.398269010219746,3.594843462187342,0.8034255480324037,3.7416804985919545,5.054857521847537,True,False
4,2025-08-09,NGW-104,SO4_mg_L,persistence,32,3.7390971702745537,3.0525850851467737,0.68651208512778,3.0892594454679494,4.388934895081158,True,False
4,2025-08-09,NGW-104,NO3_mg_L,persistence,32,3.613886475072506,3.3655702040190043,0.24831627105350185,2.927511436865105,4.300261513279907,True,True
4,2025-08-09,NGW-104,F_mg_L,persistence,32,0.7929925155296614,0.4824261492442927,0.3105663662853687,0.4544619961166203,1.1315230349427026,True,True
4,2025-08-09,NGW-104,Sr_mg_L,persistence,32,0.1856493468866293,0.17563256864315802,0.010016778243471275,-0.01435065311337072,0.38564934688662933,True,True
4,2025-08-09,NGW-104,SiO2_mg_L,persistence,32,3.8543938925915096,3.9945242269398897,-0.14013033434838018,3.5380318173794443,4.170755967803575,True,True
4,2025-08-09,NGW-104,Ca_mg_L,expanding_mean_delta,32,3.4717466345056134,3.4094961844768505,0.06225045002876284,3.052860823030996,3.8906324459802306,True,True
4,2025-08-09,NGW-104,Mg_mg_L,expanding_mean_delta,32,2.546965756113094,2.6369121732688705,-0.08994641715577645,2.0506343939136435,3.0432971183125446,True,True
4,2025-08-09,NGW-104,Na_mg_L,expanding_mean_delta,32,3.57809832002673,3.1245651453969594,0.4535331746297704,3.0324560511089644,4.123740588944496,True,True
4,2025-08-09,NGW-104,K_mg_L,expanding_mean_delta,32,1.8183317162281045,1.5830939370944985,0.235237779133606,1.36625296107531,2.270410471380899,True,True
4,2025-08-09,NGW-104,HCO3_mg_L,expanding_mean_delta,32,4.672524289825274,4.51688527112052,0.15563901870475405,4.246351462239861,5.098697117410687,True,True
4,2025-08-09,NGW-104,Cl_mg_L,expanding_mean_delta,32,3.810501775537502,3.594843462187342,0.21565831335015995,3.1539132639097107,4.467090287165293,True,True
4,2025-08-09,NGW-104,SO4_mg_L,expanding_mean_delta,32,3.348738416852089,3.0525850851467737,0.2961533317053151,2.6989006920454846,3.998576141658693,True,True
4,2025-08-09,NGW-104,NO3_mg_L,expanding_mean_delta,32,3.237176636967383,3.3655702040190043,-0.1283935670516212,2.550801598759982,3.9235516751747843,True,True
4,2025-08-09,NGW-104,F_mg_L,expanding_mean_delta,32,0.6379743101419596,0.4824261492442927,0.15554816089766688,0.29944379072891847,0.9765048295550007,True,True
4,2025-08-09,NGW-104,Sr_mg_L,expanding_mean_delta,32,0.19933589675348623,0.17563256864315802,0.023703328110328215,-0.0006641032465137808,0.39933589675348624,True,True
4,2025-08-09,NGW-104,SiO2_mg_L,expanding_mean_delta,32,3.8934093018004527,3.9945242269398897,-0.10111492513943698,3.5770472265883875,4.209771377012518,True,True
4,2025-08-09,NGW-104,Ca_mg_L,hydrosheaf_graph_ridge,32,3.641408399926187,3.4094961844768505,0.2319122154493365,3.22252258845157,4.060294211400804,True,True
4,2025-08-09,NGW-104,Mg_mg_L,hydrosheaf_graph_ridge,32,2.488825879865949,2.6369121732688705,-0.14808629340292168,1.9924945176664983,2.9851572420653993,True,True
4,2025-08-09,NGW-104,Na_mg_L,hydrosheaf_graph_ridge,32,3.7303569842743753,3.1245651453969594,0.605791838877416,3.18471471535661,4.275999253192141,True,False
4,2025-08-09,NGW-104,K_mg_L,hydrosheaf_graph_ridge,32,1.7319951632144748,1.5830939370944985,0.14890122611997625,1.2799164080616803,2.184073918367269,True,True
4,2025-08-09,NGW-104,HCO3_mg_L,hydrosheaf_graph_ridge,32,4.8164273041651695,4.51688527112052,0.29954203304464944,4.390254476579757,5.242600131750582,True,True
4,2025-08-09,NGW-104,Cl_mg_L,hydrosheaf_graph_ridge,32,3.864484312340915,3.594843462187342,0.26964085015357275,3.2078958007131235,4.521072823968706,True,True
4,2025-08-09,NGW-104,SO4_mg_L,hydrosheaf_graph_ridge,32,3.486104447960949,3.0525850851467737,0.43351936281417514,2.8362667231543446,4.135942172767553,True,True
4,2025-08-09,NGW-104,NO3_mg_L,hydrosheaf_graph_ridge,32,3.001193390414496,3.3655702040190043,-0.36437681360450824,2.314818352207095,3.6875684286218973,True,True
4,2025-08-09,NGW-104,F_mg_L,hydrosheaf_graph_ridge,32,0.5559364267999836,0.4824261492442927,0.07351027755569084,0.21740590738694243,0.8944669462130247,True,True
4,2025-08-09,NGW-104,Sr_mg_L,hydrosheaf_graph_ridge,32,0.23687275286606263,0.17563256864315802,0.061240184222904614,0.03687275286606262,0.43687275286606264,True,True
4,2025-08-09,NGW-104,SiO2_mg_L,hydrosheaf_graph_ridge,32,3.873698764319522,3.9945242269398897,-0.12082546262036775,3.5573366891074567,4.190060839531587,True,True
4,2025-08-09,NGW-105,Ca_mg_L,persistence,32,3.836221292011864,3.283914221047423,0.5523070709644413,3.417335480537247,4.255107103486481,True,False
4,2025-08-09,NGW-105,Mg_mg_L,persistence,32,3.0530573401732606,2.4203681286504293,0.6326892115228313,2.55672597797381,3.549388702372711,True,False
4,2025-08-09,NGW-105,Na_mg_L,persistence,32,4.185859671057874,3.774827766250301,0.4110319048075728,3.6402174021401086,4.731501939975639,True,True
4,2025-08-09,NGW-105,K_mg_L,persistence,32,1.8718021769015913,1.5810384379124023,0.29076373898918906,1.4197234217487968,2.3238809320543856,True,True
4,2025-08-09,NGW-105,HCO3_mg_L,persistence,32,5.3013627247339965,4.751691838650858,0.5496708860831383,4.875189897148584,5.727535552319409,True,False
4,2025-08-09,NGW-105,Cl_mg_L,persistence,32,4.509870006133767,3.728100167267218,0.7817698388665488,3.8532814945059752,5.166458517761558,True,False
4,2025-08-09,NGW-105,SO4_mg_L,persistence,32,3.6044102974874863,3.2371085931292605,0.36730170435822584,2.954572572680882,4.254248022294091,True,True
4,2025-08-09,NGW-105,NO3_mg_L,persistence,32,4.041471072615033,3.8179320820285505,0.2235389905864822,3.3550960344076315,4.7278461108224334,True,True
4,2025-08-09,NGW-105,F_mg_L,persistence,32,1.244154593958768,0.8586616190375187,0.38549297492124923,0.9056240745457268,1.582685113371809,True,False
4,2025-08-09,NGW-105,Sr_mg_L,persistence,32,0.21591750622247016,0.1292723357041392,0.08664517051833096,0.01591750622247015,0.41591750622247015,True,True
4,2025-08-09,NGW-105,SiO2_mg_L,persistence,32,4.162003210695915,3.9908341858524357,0.17116902484347962,3.84564113548385,4.478365285907981,True,True
4,2025-08-09,NGW-105,Ca_mg_L,expanding_mean_delta,32,3.3971456416658503,3.283914221047423,0.1132314206184275,2.978259830191233,3.8160314531404675,True,True
4,2025-08-09,NGW-105,Mg_mg_L,expanding_mean_delta,32,2.643551536685666,2.4203681286504293,0.22318340803523684,2.1472201744862156,3.1398828988851166,True,True
4,2025-08-09,NGW-105,Na_mg_L,expanding_mean_delta,32,3.7664915038389903,3.774827766250301,-0.008336262411310802,3.220849234921225,4.312133772756756,True,True
4,2025-08-09,NGW-105,K_mg_L,expanding_mean_delta,32,1.550067729633425,1.5810384379124023,-0.030970708278977188,1.0979889744806306,2.00214648478622,True,True
4,2025-08-09,NGW-105,HCO3_mg_L,expanding_mean_delta,32,4.917068125047423,4.751691838650858,0.16537628639656443,4.49089529746201,5.3432409526328355,True,True
4,2025-08-09,NGW-105,Cl_mg_L,expanding_mean_delta,32,3.922102771451523,3.728100167267218,0.19400260418430504,3.2655142598237314,4.578691283079314,True,True
4,2025-08-09,NGW-105,SO4_mg_L,expanding_mean_delta,32,3.2140515440650215,3.2371085931292605,-0.023057049064239,2.564213819258417,3.8638892688716258,True,True
4,2025-08-09,NGW-105,NO3_mg_L,expanding_mean_delta,32,3.6647612345099096,3.8179320820285505,-0.15317084751864085,2.9783861963025084,4.35113627271731,True,True
4,2025-08-09,NGW-105,F_mg_L,expanding_mean_delta,32,1.089136388571066,0.8586616190375187,0.2304747695335474,0.750605869158025,1.4276669079841073,True,True
4,2025-08-09,NGW-105,Sr_mg_L,expanding_mean_delta,32,0.2296040560893271,0.1292723357041392,0.1003317203851879,0.02960405608932709,0.4296040560893271,True,True
4,2025-08-09,NGW-105,SiO2_mg_L,expanding_mean_delta,32,4.2010186199048585,3.9908341858524357,0.21018443405242282,3.884656544692793,4.517380695116924,True,True
4,2025-08-09,NGW-105,Ca_mg_L,hydrosheaf_graph_ridge,32,3.512003217784589,3.283914221047423,0.2280889967371662,3.093117406309972,3.9308890292592062,True,True
4,2025-08-09,NGW-105,Mg_mg_L,hydrosheaf_graph_ridge,32,2.6734550195025966,2.4203681286504293,0.2530868908521673,2.177123657303146,3.169786381702047,True,True
4,2025-08-09,NGW-105,Na_mg_L,hydrosheaf_graph_ridge,32,3.5749296883316037,3.774827766250301,-0.1998980779186974,3.0292874194138384,4.1205719572493695,True,True
4,2025-08-09,NGW-105,K_mg_L,hydrosheaf_graph_ridge,32,1.4003755265360192,1.5810384379124023,-0.18066291137638313,0.9482967713832247,1.8524542816888137,True,True
4,2025-08-09,NGW-105,HCO3_mg_L,hydrosheaf_graph_ridge,32,4.833096385595175,4.751691838650858,0.08140454694431654,4.406923558009762,5.259269213180588,True,True
4,2025-08-09,NGW-105,Cl_mg_L,hydrosheaf_graph_ridge,32,3.848369086255505,3.728100167267218,0.12026891898828707,3.1917805746277135,4.504957597883296,True,True
4,2025-08-09,NGW-105,SO4_mg_L,hydrosheaf_graph_ridge,32,3.2178597173318737,3.2371085931292605,-0.019248875797386766,2.5680219925252694,3.867697442138478,True,True
4,2025-08-09,NGW-105,NO3_mg_L,hydrosheaf_graph_ridge,32,3.600844350277685,3.8179320820285505,-0.2170877317508655,2.914469312070284,4.287219388485086,True,True
4,2025-08-09,NGW-105,F_mg_L,hydrosheaf_graph_ridge,32,1.1918451425272407,0.8586616190375187,0.333183523489722,0.8533146231141996,1.530375661940282,True,True
4,2025-08-09,NGW-105,Sr_mg_L,hydrosheaf_graph_ridge,32,0.13071187044534735,0.1292723357041392,0.0014395347412081427,-0.06928812955465266,0.33071187044534733,True,True
4,2025-08-09,NGW-105,SiO2_mg_L,hydrosheaf_graph_ridge,32,4.266612046423979,3.9908341858524357,0.2757778605715431,3.9502499712119135,4.5829741216360445,True,True
4,2025-08-09,NGW-110,Ca_mg_L,persistence,32,3.8372994592322094,3.286160571673797,0.5511388875584124,3.418413647757592,4.256185270706826,True,False
4,2025-08-09,NGW-110,Mg_mg_L,persistence,32,2.826721730819709,2.6727683869575705,0.15395334386213833,2.3303903686202583,3.3230530930191593,True,True
4,2025-08-09,NGW-110,Na_mg_L,persistence,32,4.020159664032724,3.405189402931693,0.6149702611010315,3.474517395114959,4.56580193295049,True,False
4,2025-08-09,NGW-110,K_mg_L,persistence,32,2.162172939277301,1.4539530095937052,0.7082199296835956,1.7100941841245063,2.614251694430095,True,False
4,2025-08-09,NGW-110,HCO3_mg_L,persistence,32,5.231375960794155,4.727299319221155,0.5040766415730005,4.805203133208742,5.657548788379568,True,False
4,2025-08-09,NGW-110,Cl_mg_L,persistence,32,4.341855469984605,3.634159241913703,0.7076962280709016,3.6852669583568134,4.998443981612396,True,False
4,2025-08-09,NGW-110,SO4_mg_L,persistence,32,3.1276373444339294,3.4065165431397553,-0.2788791987058259,2.477799619627325,3.7774750692405337,True,True
4,2025-08-09,NGW-110,NO3_mg_L,persistence,32,3.2786530289040616,3.0492730404820207,0.22937998842204088,2.5922779906966604,3.965028067111463,True,True
4,2025-08-09,NGW-110,F_mg_L,persistence,32,0.7561219797213337,0.688134638736401,0.06798734098493264,0.41759146030829253,1.0946524991343747,True,True
4,2025-08-09,NGW-110,Sr_mg_L,persistence,32,0.1889660995126232,0.14410034397375684,0.04486575553886635,-0.011033900487376819,0.3889660995126232,True,True
4,2025-08-09,NGW-110,SiO2_mg_L,persistence,32,3.9473901492654373,4.08260930600368,-0.13521915673824259,3.631028074053372,4.263752224477503,True,True
4,2025-08-09,NGW-110,Ca_mg_L,expanding_mean_delta,32,3.3982238088861956,3.286160571673797,0.11206323721239864,2.9793379974115783,3.817109620360813,True,True
4,2025-08-09,NGW-110,Mg_mg_L,expanding_mean_delta,32,2.4172159273321143,2.6727683869575705,-0.25555245962545614,1.9208845651326638,2.913547289531565,True,True
4,2025-08-09,NGW-110,Na_mg_L,expanding_mean_delta,32,3.600791496813841,3.405189402931693,0.1956020938821479,3.0551492278960755,4.146433765731606,True,True
4,2025-08-09,NGW-110,K_mg_L,expanding_mean_delta,32,1.8404384920091346,1.4539530095937052,0.38648548241542935,1.38835973685634,2.2925172471619293,True,True
4,2025-08-09,NGW-110,HCO3_mg_L,expanding_mean_delta,32,4.847081361107581,4.727299319221155,0.1197820418864266,4.4209085335221685,5.273254188692994,True,True
4,2025-08-09,NGW-110,Cl_mg_L,expanding_mean_delta,32,3.754088235302361,3.634159241913703,0.11992899338865781,3.0974997236745696,4.410676746930152,True,True
4,2025-08-09,NGW-110,SO4_mg_L,expanding_mean_delta,32,2.7372785910114645,3.4065165431397553,-0.6692379521282907,2.0874408662048602,3.387116315818069,True,False
4,2025-08-09,NGW-110,NO3_mg_L,expanding_mean_delta,32,2.9019431907989386,3.0492730404820207,-0.14732984968308216,2.2155681525915374,3.58831822900634,True,True
4,2025-08-09,NGW-110,F_mg_L,expanding_mean_delta,32,0.6011037743336318,0.688134638736401,-0.08703086440276919,0.2625732549205907,0.939634293746673,True,True
4,2025-08-09,NGW-110,Sr_mg_L,expanding_mean_delta,32,0.20265264937948013,0.14410034397375684,0.05855230540572329,0.002652649379480121,0.40265264937948014,True,True
4,2025-08-09,NGW-110,SiO2_mg_L,expanding_mean_delta,32,3.9864055584743805,4.08260930600368,-0.09620374752929939,3.670043483262315,4.302767633686446,True,True
4,2025-08-09,NGW-110,Ca_mg_L,hydrosheaf_graph_ridge,32,3.59710942091353,3.286160571673797,0.310948849239733,3.1782236094389127,4.015995232388147,True,True
4,2025-08-09,NGW-110,Mg_mg_L,hydrosheaf_graph_ridge,32,2.558527354253769,2.6727683869575705,-0.11424103270380126,2.0621959920543187,3.0548587164532197,True,True
4,2025-08-09,NGW-110,Na_mg_L,hydrosheaf_graph_ridge,32,3.7973551207616176,3.405189402931693,0.3921657178299247,3.2517128518438523,4.342997389679383,True,True
4,2025-08-09,NGW-110,K_mg_L,hydrosheaf_graph_ridge,32,1.7265356643690832,1.4539530095937052,0.272582654775378,1.2744569092162887,2.1786144195218777,True,True
4,2025-08-09,NGW-110,HCO3_mg_L,hydrosheaf_graph_ridge,32,4.940704641851085,4.727299319221155,0.21340532262993062,4.5145318142656725,5.366877469436498,True,True
4,2025-08-09,NGW-110,Cl_mg_L,hydrosheaf_graph_ridge,32,3.931912727147281,3.634159241913703,0.2977534852335779,3.2753242155194897,4.5885012387750725,True,True
4,2025-08-09,NGW-110,SO4_mg_L,hydrosheaf_graph_ridge,32,3.147031107303385,3.4065165431397553,-0.2594854358363703,2.4971933824967807,3.7968688321099893,True,True
4,2025-08-09,NGW-110,NO3_mg_L,hydrosheaf_graph_ridge,32,2.659192890621066,3.0492730404820207,-0.39008014986095496,1.9728178524136646,3.345567928828467,True,True
4,2025-08-09,NGW-110,F_mg_L,hydrosheaf_graph_ridge,32,0.6149282157682838,0.688134638736401,-0.07320642296811719,0.2763976963552427,0.953458735181325,True,True
4,2025-08-09,NGW-110,Sr_mg_L,hydrosheaf_graph_ridge,32,0.18230647793355875,0.14410034397375684,0.03820613395980191,-0.01769352206644126,0.38230647793355876,True,True
4,2025-08-09,NGW-110,SiO2_mg_L,hydrosheaf_graph_ridge,32,4.125626163593412,4.08260930600368,0.04301685758973228,3.809264088381347,4.441988238805478,True,True
4,2025-08-09,NGW-129,Ca_mg_L,persistence,32,3.851848282392076,3.453789831781326,0.39805845061074985,3.4329624709174587,4.270734093866693,True,True
4,2025-08-09,NGW-129,Mg_mg_L,persistence,32,2.8735646395797834,2.4782176616372036,0.3953469779425798,2.377233277380333,3.369896001779234,True,True
4,2025-08-09,NGW-129,Na_mg_L,persistence,32,3.9497040723958348,3.660222744864132,0.28948132753170297,3.4040618034780694,4.4953463413136,True,True
4,2025-08-09,NGW-129,K_mg_L,persistence,32,2.0162354657760435,1.7227665977411035,0.29346886803494,1.564156710623249,2.4683142209288382,True,True
4,2025-08-09,NGW-129,HCO3_mg_L,persistence,32,5.14842427697342,4.781557503293855,0.3668667736795648,4.722251449388007,5.5745971045588325,True,True
4,2025-08-09,NGW-129,Cl_mg_L,persistence,32,4.3965457207730845,3.8844462376579116,0.5120994831151728,3.739957209145293,5.0531342324008754,True,True
4,2025-08-09,NGW-129,SO4_mg_L,persistence,32,3.561897992353146,3.492864570187979,0.06903342216516695,2.9120602675465417,4.21173571715975,True,True
4,2025-08-09,NGW-129,NO3_mg_L,persistence,32,3.6381123370602833,3.3513066120486905,0.28680572501159274,2.951737298852882,4.324487375267685,True,True
4,2025-08-09,NGW-129,F_mg_L,persistence,32,0.712949807856125,0.6097655716208943,0.10318423623523076,0.3744192884430839,1.0514803272691662,True,True
4,2025-08-09,NGW-129,Sr_mg_L,persistence,32,0.2045721657287744,0.19967019512856765,0.004901970600206751,0.004572165728774391,0.4045721657287744,True,True
4,2025-08-09,NGW-129,SiO2_mg_L,persistence,32,3.901972669574645,4.087655574071304,-0.18568290449665925,3.5856105943625796,4.21833474478671,True,True
4,2025-08-09,NGW-129,Ca_mg_L,expanding_mean_delta,32,3.412772632046062,3.453789831781326,-0.041017199735263965,2.993886820571445,3.8316584435206793,True,True
4,2025-08-09,NGW-129,Mg_mg_L,expanding_mean_delta,32,2.464058836092189,2.4782176616372036,-0.014158825545014686,1.9677274738927384,2.9603901982916394,True,True
4,2025-08-09,NGW-129,Na_mg_L,expanding_mean_delta,32,3.530335905176951,3.660222744864132,-0.12988683968718062,2.984693636259186,4.0759781740947165,True,True
4,2025-08-09,NGW-129,K_mg_L,expanding_mean_delta,32,1.6945010185078773,1.7227665977411035,-0.028265579233226257,1.2424222633550828,2.1465797736606715,True,True
4,2025-08-09,NGW-129,HCO3_mg_L,expanding_mean_delta,32,4.764129677286846,4.781557503293855,-0.017427826007009095,4.337956849701433,5.190302504872259,True,True
4,2025-08-09,NGW-129,Cl_mg_L,expanding_mean_delta,32,3.8087784860908407,3.8844462376579116,-0.07566775156707095,3.1521899744630493,4.465366997718632,True,True
4,2025-08-09,NGW-129,SO4_mg_L,expanding_mean_delta,32,3.171539238930681,3.492864570187979,-0.3213253312572979,2.521701514124077,3.8213769637372854,True,True
4,2025-08-09,NGW-129,NO3_mg_L,expanding_mean_delta,32,3.26140249895516,3.3513066120486905,-0.0899041130935303,2.575027460747759,3.9477775371625614,True,True
4,2025-08-09,NGW-129,F_mg_L,expanding_mean_delta,32,0.5579316024684232,0.6097655716208943,-0.05183396915247107,0.21940108305538208,0.8964621218814643,True,True
4,2025-08-09,NGW-129,Sr_mg_L,expanding_mean_delta,32,0.21825871559563134,0.19967019512856765,0.01858852046706369,0.01825871559563133,0.4182587155956313,True,True
4,2025-08-09,NGW-129,SiO2_mg_L,expanding_mean_delta,32,3.940988078783588,4.087655574071304,-0.14666749528771605,3.6246260035715228,4.257350153995653,True,True
4,2025-08-09,NGW-129,Ca_mg_L,hydrosheaf_graph_ridge,32,3.44893856461882,3.453789831781326,-0.0048512671625058346,3.030052753144203,3.8678243760934374,True,True
4,2025-08-09,NGW-129,Mg_mg_L,hydrosheaf_graph_ridge,32,2.5038263786234034,2.4782176616372036,0.02560871698619982,2.007495016423953,3.000157740822854,True,True
4,2025-08-09,NGW-129,Na_mg_L,hydrosheaf_graph_ridge,32,3.4341112002876035,3.660222744864132,-0.22611154457652827,2.888468931369838,3.979753469205369,True,True
4,2025-08-09,NGW-129,K_mg_L,hydrosheaf_graph_ridge,32,1.6065257217677638,1.7227665977411035,-0.11624087597333976,1.1544469666149693,2.058604476920558,True,True
4,2025-08-09,NGW-129,HCO3_mg_L,hydrosheaf_graph_ridge,32,4.719904020582264,4.781557503293855,-0.061653482711590435,4.293731192996852,5.146076848167677,True,True
4,2025-08-09,NGW-129,Cl_mg_L,hydrosheaf_graph_ridge,32,3.8232664581843667,3.8844462376579116,-0.061179779473544915,3.1666779465565753,4.479854969812158,True,True
4,2025-08-09,NGW-129,SO4_mg_L,hydrosheaf_graph_ridge,32,2.99606914252877,3.492864570187979,-0.49679542765920903,2.3462314177221657,3.6459068673353743,True,True
4,2025-08-09,NGW-129,NO3_mg_L,hydrosheaf_graph_ridge,32,3.270365930247981,3.3513066120486905,-0.08094068180070968,2.5839908920405796,3.956740968455382,True,True
4,2025-08-09,NGW-129,F_mg_L,hydrosheaf_graph_ridge,32,0.6691597064630873,0.6097655716208943,0.059394134842193025,0.3306291870500462,1.0076902258761284,True,True
4,2025-08-09,NGW-129,Sr_mg_L,hydrosheaf_graph_ridge,32,0.17289666398173598,0.19967019512856765,-0.026773531146831675,-0.027103336018264035,0.372896663981736,True,True
4,2025-08-09,NGW-129,SiO2_mg_L,hydrosheaf_graph_ridge,32,3.9506186902271048,4.087655574071304,-0.13703688384419932,3.6342566150150395,4.26698076543917,True,True
4,2025-08-09,NGW-140,Ca_mg_L,persistence,32,3.833196224882175,3.337192051686243,0.49600417319593193,3.414310413407558,4.252082036356793,True,False
4,2025-08-09,NGW-140,Mg_mg_L,persistence,32,2.9699015135194693,2.5687881337687024,0.4011133797507669,2.473570151320019,3.46623287571892,True,True
4,2025-08-09,NGW-140,Na_mg_L,persistence,32,3.9498966578562276,3.3495531485098167,0.6003435093464109,3.404254388938462,4.495538926773993,True,False
4,2025-08-09,NGW-140,K_mg_L,persistence,32,2.1210632163706555,1.749199854809259,0.37186336156139643,1.668984461217861,2.57314197152345,True,True
4,2025-08-09,NGW-140,HCO3_mg_L,persistence,32,5.110420295420896,4.537854478703224,0.5725658167176721,4.684247467835483,5.536593123006309,True,False
4,2025-08-09,NGW-140,Cl_mg_L,persistence,32,4.26549281841793,3.8368683318273855,0.4286244865905444,3.6089043067901385,4.922081330045721,True,True
4,2025-08-09,NGW-140,SO4_mg_L,persistence,32,4.073631520624559,3.3470931226689546,0.7265383979556046,3.423793795817955,4.723469245431163,True,False
4,2025-08-09,NGW-140,NO3_mg_L,persistence,32,3.6396892099231644,2.8355635214011694,0.804125688521995,2.953314171715763,4.326064248130566,True,False
4,2025-08-09,NGW-140,F_mg_L,persistence,32,0.5007752879124893,0.3435897043900769,0.15718558352241235,0.16224476849944813,0.8393058073255304,True,True
4,2025-08-09,NGW-140,Sr_mg_L,persistence,32,0.1578580846155803,0.17563256864315802,-0.017774484027577725,-0.04214191538441972,0.35785808461558033,True,True
4,2025-08-09,NGW-140,SiO2_mg_L,persistence,32,4.005513348515485,4.065602093356446,-0.060088744840961716,3.6891512733034193,4.32187542372755,True,True
4,2025-08-09,NGW-140,Ca_mg_L,expanding_mean_delta,32,3.3941205745361613,3.337192051686243,0.05692852284991812,2.975234763061544,3.8130063860107786,True,True
4,2025-08-09,NGW-140,Mg_mg_L,expanding_mean_delta,32,2.560395710031875,2.5687881337687024,-0.008392423736827581,2.0640643478324243,3.0567270722313253,True,True
4,2025-08-09,NGW-140,Na_mg_L,expanding_mean_delta,32,3.530528490637344,3.3495531485098167,0.1809753421275273,2.9848862217195786,4.07617075955511,True,True
4,2025-08-09,NGW-140,K_mg_L,expanding_mean_delta,32,1.7993287691024893,1.749199854809259,0.05012891429323019,1.3472500139496948,2.251407524255284,True,True
4,2025-08-09,NGW-140,HCO3_mg_L,expanding_mean_delta,32,4.726125695734322,4.537854478703224,0.18827121703109828,4.299952868148909,5.152298523319735,True,True
4,2025-08-09,NGW-140,Cl_mg_L,expanding_mean_delta,32,3.677725583735686,3.8368683318273855,-0.15914274809169937,3.0211370721078947,4.334314095363477,True,True
4,2025-08-09,NGW-140,SO4_mg_L,expanding_mean_delta,32,3.6832727672020944,3.3470931226689546,0.33617964453313975,3.03343504239549,4.333110492008698,True,True
4,2025-08-09,NGW-140,NO3_mg_L,expanding_mean_delta,32,3.2629793718180413,2.8355635214011694,0.4274158504168719,2.57660433361064,3.9493544100254425,True,True
4,2025-08-09,NGW-140,F_mg_L,expanding_mean_delta,32,0.34575708252478743,0.3435897043900769,0.002167378134710518,0.007226563111746298,0.6842876019378286,True,True
4,2025-08-09,NGW-140,Sr_mg_L,expanding_mean_delta,32,0.17154463448243723,0.17563256864315802,-0.004087934160720785,-0.02845536551756278,0.37154463448243724,True,True
4,2025-08-09,NGW-140,SiO2_mg_L,expanding_mean_delta,32,4.044528757724428,4.065602093356446,-0.02107333563201852,3.7281666825123625,4.3608908329364935,True,True
4,2025-08-09,NGW-140,Ca_mg_L,hydrosheaf_graph_ridge,32,3.527010216826537,3.337192051686243,0.1898181651402937,3.1081244053519197,3.945896028301154,True,True
4,2025-08-09,NGW-140,Mg_mg_L,hydrosheaf_graph_ridge,32,2.7540660949105042,2.5687881337687024,0.18527796114180184,2.2577347327110537,3.2503974571099548,True,True
4,2025-08-09,NGW-140,Na_mg_L,hydrosheaf_graph_ridge,32,3.412742942433155,3.3495531485098167,0.06318979392333812,2.8671006735153894,3.95838521135092,True,True
4,2025-08-09,NGW-140,K_mg_L,hydrosheaf_graph_ridge,32,1.5935291635192594,1.749199854809259,-0.15567069128999966,1.141450408366465,2.045607918672054,True,True
4,2025-08-09,NGW-140,HCO3_mg_L,hydrosheaf_graph_ridge,32,4.751561243016977,4.537854478703224,0.2137067643137529,4.325388415431564,5.17773407060239,True,True
4,2025-08-09,NGW-140,Cl_mg_L,hydrosheaf_graph_ridge,32,3.7282954316992094,3.8368683318273855,-0.10857290012817611,3.071706920071418,4.384883943327001,True,True
4,2025-08-09,NGW-140,SO4_mg_L,hydrosheaf_graph_ridge,32,3.530966558109884,3.3470931226689546,0.18387343544092927,2.8811288333032796,4.180804282916489,True,True
4,2025-08-09,NGW-140,NO3_mg_L,hydrosheaf_graph_ridge,32,3.5308085186185036,2.8355635214011694,0.6952449972173342,2.8444334804111024,4.217183556825905,True,False
4,2025-08-09,NGW-140,F_mg_L,hydrosheaf_graph_ridge,32,0.572754067887176,0.3435897043900769,0.22916436349709907,0.23422354847413485,0.9112845873002171,True,True
4,2025-08-09,NGW-140,Sr_mg_L,hydrosheaf_graph_ridge,32,0.15354249699455386,0.17563256864315802,-0.02209007164860416,-0.046457503005446155,0.35354249699455387,True,True
4,2025-08-09,NGW-140,SiO2_mg_L,hydrosheaf_graph_ridge,32,3.9479362423355733,4.065602093356446,-0.11766585102087301,3.631574167123508,4.264298317547639,True,True
4,2025-08-09,NGW-158,Ca_mg_L,persistence,32,3.967457712316247,3.5989547465859495,0.3685029657302974,3.5485719008416297,4.386343523790864,True,True
4,2025-08-09,NGW-158,Mg_mg_L,persistence,32,3.0243197304059035,2.405141681319138,0.6191780490867655,2.527988368206453,3.520651092605354,True,False
4,2025-08-09,NGW-158,Na_mg_L,persistence,32,3.9543159176183975,3.6560979645895566,0.2982179530288409,3.408673648700632,4.499958186536163,True,True
4,2025-08-09,NGW-158,K_mg_L,persistence,32,2.2278615467981093,1.747459210331475,0.4804023364666343,1.7757827916453148,2.6799403019509036,True,False
4,2025-08-09,NGW-158,HCO3_mg_L,persistence,32,5.151208501509824,4.636765747577842,0.5144427539319825,4.7250356739244115,5.577381329095237,True,False
4,2025-08-09,NGW-158,Cl_mg_L,persistence,32,4.295651418927136,4.1301942151157975,0.16545720381133844,3.6390629072993446,4.952239930554927,True,True
4,2025-08-09,NGW-158,SO4_mg_L,persistence,32,3.8148510936758724,3.338967305126021,0.47588378854985125,3.165013368869268,4.464688818482477,True,True
4,2025-08-09,NGW-158,NO3_mg_L,persistence,32,3.2495989975110415,2.88703285663065,0.3625661408803915,2.5632239593036403,3.9359740357184427,True,True
4,2025-08-09,NGW-158,F_mg_L,persistence,32,0.5822156198526637,0.3852624007906449,0.1969532190620188,0.24368510043962255,0.9207461392657048,True,True
4,2025-08-09,NGW-158,Sr_mg_L,persistence,32,0.11511280710050457,0.2062008305838978,-0.09108802348339322,-0.08488719289949544,0.3151128071005046,True,True
4,2025-08-09,NGW-158,SiO2_mg_L,persistence,32,3.975936331171799,4.194189897191817,-0.21825356602001778,3.6595742559597335,4.292298406383864,True,True
4,2025-08-09,NGW-158,Ca_mg_L,expanding_mean_delta,32,3.528382061970233,3.5989547465859495,-0.07057268461571642,3.109496250495616,3.9472678734448503,True,True
4,2025-08-09,NGW-158,Mg_mg_L,expanding_mean_delta,32,2.614813926918309,2.405141681319138,0.20967224559917108,2.1184825647188585,3.1111452891177596,True,True
4,2025-08-09,NGW-158,Na_mg_L,expanding_mean_delta,32,3.534947750399514,3.6560979645895566,-0.12115021419004268,2.9893054814817486,4.080590019317279,True,True
4,2025-08-09,NGW-158,K_mg_L,expanding_mean_delta,32,1.906127099529943,1.747459210331475,0.15866788919846808,1.4540483443771486,2.358205854682738,True,True
4,2025-08-09,NGW-158,HCO3_mg_L,expanding_mean_delta,32,4.7669139018232505,4.636765747577842,0.1301481542454086,4.340741074237838,5.193086729408663,True,True
4,2025-08-09,NGW-158,Cl_mg_L,expanding_mean_delta,32,3.707884184244892,4.1301942151157975,-0.42231003087090535,3.0512956726171008,4.364472695872683,True,True
4,2025-08-09,NGW-158,SO4_mg_L,expanding_mean_delta,32,3.4244923402534075,3.338967305126021,0.0855250351273864,2.7746546154468033,4.074330065060012,True,True
4,2025-08-09,NGW-158,NO3_mg_L,expanding_mean_delta,32,2.8728891594059185,2.88703285663065,-0.014143697224731522,2.1865141211985173,3.5592641976133197,True,True
4,2025-08-09,NGW-158,F_mg_L,expanding_mean_delta,32,0.42719741446496184,0.3852624007906449,0.04193501367431696,0.08866689505192071,0.765727933878003,True,True
4,2025-08-09,NGW-158,Sr_mg_L,expanding_mean_delta,32,0.12879935696736153,0.2062008305838978,-0.07740147361653626,-0.07120064303263848,0.3287993569673615,True,True
4,2025-08-09,NGW-158,SiO2_mg_L,expanding_mean_delta,32,4.014951740380742,4.194189897191817,-0.17923815681107413,3.698589665168677,4.331313815592808,True,True
4,2025-08-09,NGW-158,Ca_mg_L,hydrosheaf_graph_ridge,32,3.547221303753692,3.5989547465859495,-0.05173344283225756,3.1283354922790747,3.966107115228309,True,True
4,2025-08-09,NGW-158,Mg_mg_L,hydrosheaf_graph_ridge,32,2.35410689850142,2.405141681319138,-0.05103478281771778,1.8577755363019697,2.8504382607008707,True,True
4,2025-08-09,NGW-158,Na_mg_L,hydrosheaf_graph_ridge,32,3.7255582067877935,3.6560979645895566,0.06946024219823688,3.179915937870028,4.271200475705559,True,True
4,2025-08-09,NGW-158,K_mg_L,hydrosheaf_graph_ridge,32,1.90819487177268,1.747459210331475,0.160735661441205,1.4561161166198855,2.3602736269254745,True,True
4,2025-08-09,NGW-158,HCO3_mg_L,hydrosheaf_graph_ridge,32,4.7570385269426865,4.636765747577842,0.1202727793648446,4.330865699357274,5.183211354528099,True,True
4,2025-08-09,NGW-158,Cl_mg_L,hydrosheaf_graph_ridge,32,3.954514931622941,4.1301942151157975,-0.17567928349285644,3.2979264199951497,4.611103443250732,True,True
4,2025-08-09,NGW-158,SO4_mg_L,hydrosheaf_graph_ridge,32,3.313108955454398,3.338967305126021,-0.02585834967162315,2.6632712306477937,3.9629466802610023,True,True
4,2025-08-09,NGW-158,NO3_mg_L,hydrosheaf_graph_ridge,32,3.0484261829601325,2.88703285663065,0.16139332632948244,2.3620511447527313,3.7348012211675337,True,True
4,2025-08-09,NGW-158,F_mg_L,hydrosheaf_graph_ridge,32,0.558386852882892,0.3852624007906449,0.17312445209224714,0.2198563334698509,0.8969173722959332,True,True
4,2025-08-09,NGW-158,Sr_mg_L,hydrosheaf_graph_ridge,32,0.1870191344181737,0.2062008305838978,-0.0191816961657241,-0.012980865581826317,0.3870191344181737,True,True
4,2025-08-09,NGW-158,SiO2_mg_L,hydrosheaf_graph_ridge,32,3.914056866377149,4.194189897191817,-0.28013303081466745,3.597694791165084,4.230418941589215,True,True
5,2025-08-10,NGW-089,Ca_mg_L,persistence,39,3.961574784257394,3.7130841428107537,0.24849064144664013,3.583548765448513,4.339600803066275,True,True
5,2025-08-10,NGW-089,Mg_mg_L,persistence,39,2.8786365016777435,2.529720665577793,0.34891583609995047,2.425943268416352,3.331329734939135,True,True
5,2025-08-10,NGW-089,Na_mg_L,persistence,39,4.18950321539533,3.7950396499423267,0.39446356545300354,3.6266958402894836,4.752310590501177,True,True
5,2025-08-10,NGW-089,K_mg_L,persistence,39,2.1644717908644115,1.7439688053917064,0.42050298547270515,1.7559787593260048,2.5729648224028185,True,False
5,2025-08-10,NGW-089,HCO3_mg_L,persistence,39,5.149353213408078,4.8892206722058225,0.26013254120225593,4.785804680167002,5.512901746649155,True,True
5,2025-08-10,NGW-089,Cl_mg_L,persistence,39,4.385769620952716,4.11251186617755,0.273257754775166,3.7390600774904836,5.032479164414948,True,True
5,2025-08-10,NGW-089,SO4_mg_L,persistence,39,3.946617650192645,3.4986265269937014,0.4479911231989435,3.3754811759099845,4.517754124475305,True,True
5,2025-08-10,NGW-089,NO3_mg_L,persistence,39,3.638375321940168,3.1982648709640764,0.4401104509760918,2.949778015434668,4.326972628445668,True,True
5,2025-08-10,NGW-089,F_mg_L,persistence,39,1.0647107369924282,0.7514160886839212,0.31329464830850706,0.7175129781205405,1.411908495864316,True,True
5,2025-08-10,NGW-089,Sr_mg_L,persistence,39,0.14236724128692196,0.15700374880966478,-0.014636507522742814,-0.05763275871307805,0.342367241286922,True,True
5,2025-08-10,NGW-089,SiO2_mg_L,persistence,39,3.960813169597578,4.341204640153626,-0.3803914705560483,3.6500789135328713,4.271547425662285,True,False
5,2025-08-10,NGW-089,Ca_mg_L,expanding_mean_delta,39,3.52165094807759,3.7130841428107537,-0.19143319473316378,3.143624929268709,3.899676966886471,True,True
5,2025-08-10,NGW-089,Mg_mg_L,expanding_mean_delta,39,2.4641616969919338,2.529720665577793,-0.0655589685858593,2.0114684637305422,2.9168549302533253,True,True
5,2025-08-10,NGW-089,Na_mg_L,expanding_mean_delta,39,3.7596316578211826,3.7950396499423267,-0.035407992121144094,3.196824282715336,4.322439032927029,True,True
5,2025-08-10,NGW-089,K_mg_L,expanding_mean_delta,39,1.8256152226868423,1.7439688053917064,0.08164641729513589,1.4171221911484355,2.234108254225249,True,True
5,2025-08-10,NGW-089,HCO3_mg_L,expanding_mean_delta,39,4.750911588952498,4.8892206722058225,-0.1383090832533247,4.387363055711421,5.114460122193575,True,True
5,2025-08-10,NGW-089,Cl_mg_L,expanding_mean_delta,39,3.805457478520055,4.11251186617755,-0.30705438765749493,3.1587479350578223,4.452167021982287,True,True
5,2025-08-10,NGW-089,SO4_mg_L,expanding_mean_delta,39,3.567935618611282,3.4986265269937014,0.0693090916175807,2.9967991443286217,4.139072092893942,True,True
5,2025-08-10,NGW-089,NO3_mg_L,expanding_mean_delta,39,3.2663699557467085,3.1982648709640764,0.06810508478263211,2.5777726492412083,3.9549672622522087,True,True
5,2025-08-10,NGW-089,F_mg_L,expanding_mean_delta,39,0.8964925331820203,0.7514160886839212,0.1450764444980991,0.5492947743101325,1.2436902920539081,True,True
5,2025-08-10,NGW-089,Sr_mg_L,expanding_mean_delta,39,0.15231796766395708,0.15700374880966478,-0.004685781145707696,-0.04768203233604293,0.35231796766395707,True,True
5,2025-08-10,NGW-089,SiO2_mg_L,expanding_mean_delta,39,4.007318649070489,4.341204640153626,-0.33388599108313777,3.6965843930057822,4.318052905135195,True,False
5,2025-08-10,NGW-089,Ca_mg_L,hydrosheaf_graph_ridge,39,3.672787336504438,3.7130841428107537,-0.0402968063063156,3.2947613176955572,4.050813355313319,True,True
5,2025-08-10,NGW-089,Mg_mg_L,hydrosheaf_graph_ridge,39,2.468443822469928,2.529720665577793,-0.061276843107865187,2.0157505892085363,2.9211370557313194,True,True
5,2025-08-10,NGW-089,Na_mg_L,hydrosheaf_graph_ridge,39,3.7746853484547103,3.7950396499423267,-0.02035430148761641,3.2118779733488636,4.337492723560557,True,True
5,2025-08-10,NGW-089,K_mg_L,hydrosheaf_graph_ridge,39,1.7234824797832853,1.7439688053917064,-0.02048632560842112,1.3149894482448785,2.1319755113216923,True,True
5,2025-08-10,NGW-089,HCO3_mg_L,hydrosheaf_graph_ridge,39,4.851815873496177,4.8892206722058225,-0.037404798709645526,4.4882673402551,5.215364406737254,True,True
5,2025-08-10,NGW-089,Cl_mg_L,hydrosheaf_graph_ridge,39,3.854020057023038,4.11251186617755,-0.25849180915451164,3.207310513560806,4.50072960048527,True,True
5,2025-08-10,NGW-089,SO4_mg_L,hydrosheaf_graph_ridge,39,3.421521089166161,3.4986265269937014,-0.07710543782754042,2.8503846148835006,3.9926575634488213,True,True
5,2025-08-10,NGW-089,NO3_mg_L,hydrosheaf_graph_ridge,39,3.434399686977909,3.1982648709640764,0.2361348160138328,2.745802380472409,4.12299699348341,True,True
5,2025-08-10,NGW-089,F_mg_L,hydrosheaf_graph_ridge,39,0.8989447024030666,0.7514160886839212,0.14752861371914539,0.5517469435311788,1.2461424612749543,True,True
5,2025-08-10,NGW-089,Sr_mg_L,hydrosheaf_graph_ridge,39,0.1713250636327442,0.15700374880966478,0.014321314823079412,-0.02867493636725582,0.3713250636327442,True,True
5,2025-08-10,NGW-089,SiO2_mg_L,hydrosheaf_graph_ridge,39,3.9242865716017348,4.341204640153626,-0.4169180685518916,3.613552315537028,4.235020827666442,True,False
5,2025-08-10,NGW-143,Ca_mg_L,persistence,39,4.164336934042136,3.48216274048526,0.6821741935568757,3.786310915233255,4.5423629528510165,True,False
5,2025-08-10,NGW-143,Mg_mg_L,persistence,39,3.015044584586364,2.773213527008623,0.2418310575777407,2.5623513513249723,3.4677378178477554,True,True
5,2025-08-10,NGW-143,Na_mg_L,persistence,39,4.101816577060802,3.6643305811925235,0.43748599586827863,3.5390092019549555,4.664623952166649,True,True
5,2025-08-10,NGW-143,K_mg_L,persistence,39,2.1029138978649784,1.7209792871670078,0.38193461069797063,1.6944208663265716,2.5114069294033854,True,True
5,2025-08-10,NGW-143,HCO3_mg_L,persistence,39,5.3428604292987085,4.718052343044764,0.6248080862539442,4.979311896057632,5.706408962539785,True,False
5,2025-08-10,NGW-143,Cl_mg_L,persistence,39,4.566429357671661,4.034594557816327,0.5318347998553339,3.9197198142094285,5.213138901133893,True,True
5,2025-08-10,NGW-143,SO4_mg_L,persistence,39,3.878673025746592,3.518980417318539,0.3596926084280532,3.3075365514639317,4.449809500029252,True,True
5,2025-08-10,NGW-143,NO3_mg_L,persistence,39,3.5516268606875596,3.4679210137050633,0.08370584698249628,2.8630295541820594,4.24022416719306,True,True
5,2025-08-10,NGW-143,F_mg_L,persistence,39,0.832909122935104,0.35767444427181594,0.47523467866328806,0.48571136406321624,1.1801068818069917,True,False
5,2025-08-10,NGW-143,Sr_mg_L,persistence,39,0.15357908792830066,0.17479329037316305,-0.021214202444862384,-0.04642091207169935,0.3535790879283007,True,True
5,2025-08-10,NGW-143,SiO2_mg_L,persistence,39,4.204692619390966,3.9889840465642745,0.2157085728266912,3.8939583633262593,4.515426875455672,True,True
5,2025-08-10,NGW-143,Ca_mg_L,expanding_mean_delta,39,3.7244130978623318,3.48216274048526,0.2422503573770718,3.346387079053451,4.102439116671213,True,True
5,2025-08-10,NGW-143,Mg_mg_L,expanding_mean_delta,39,2.600569779900554,2.773213527008623,-0.17264374710806907,2.1478765466391625,3.0532630131619456,True,True
5,2025-08-10,NGW-143,Na_mg_L,expanding_mean_delta,39,3.6719450194866545,3.6643305811925235,0.0076144382941309985,3.109137644380808,4.234752394592501,True,True
5,2025-08-10,NGW-143,K_mg_L,expanding_mean_delta,39,1.7640573296874091,1.7209792871670078,0.04307804252040137,1.3555642981490024,2.1725503612258157,True,True
5,2025-08-10,NGW-143,HCO3_mg_L,expanding_mean_delta,39,4.944418804843128,4.718052343044764,0.22636646179836362,4.580870271602051,5.307967338084205,True,True
5,2025-08-10,NGW-143,Cl_mg_L,expanding_mean_delta,39,3.9861172152389996,4.034594557816327,-0.048477342577327054,3.339407671776767,4.632826758701232,True,True
5,2025-08-10,NGW-143,SO4_mg_L,expanding_mean_delta,39,3.499990994165229,3.518980417318539,-0.018989423153309648,2.928854519882569,4.071127468447889,True,True
5,2025-08-10,NGW-143,NO3_mg_L,expanding_mean_delta,39,3.1796214944941,3.4679210137050633,-0.2882995192109634,2.4910241879885997,3.8682188009996,True,True
5,2025-08-10,NGW-143,F_mg_L,expanding_mean_delta,39,0.664690919124696,0.35767444427181594,0.3070164748528801,0.31749316025280827,1.0118886779965837,True,True
5,2025-08-10,NGW-143,Sr_mg_L,expanding_mean_delta,39,0.16352981430533578,0.17479329037316305,-0.011263476067827266,-0.03647018569466423,0.3635298143053358,True,True
5,2025-08-10,NGW-143,SiO2_mg_L,expanding_mean_delta,39,4.251198098863877,3.9889840465642745,0.26221405229960215,3.9404638427991703,4.561932354928583,True,True
5,2025-08-10,NGW-143,Ca_mg_L,hydrosheaf_graph_ridge,39,3.643846526393954,3.48216274048526,0.16168378590869414,3.2658205075850733,4.021872545202835,True,True
5,2025-08-10,NGW-143,Mg_mg_L,hydrosheaf_graph_ridge,39,2.426599829512524,2.773213527008623,-0.34661369749609916,1.9739065962511322,2.8792930627739155,True,True
5,2025-08-10,NGW-143,Na_mg_L,hydrosheaf_graph_ridge,39,3.881054102850937,3.6643305811925235,0.21672352165841335,3.31824672774509,4.4438614779567835,True,True
5,2025-08-10,NGW-143,K_mg_L,hydrosheaf_graph_ridge,39,1.6074447573061263,1.7209792871670078,-0.11353452986088142,1.1989517257677196,2.015937788844533,True,True
5,2025-08-10,NGW-143,HCO3_mg_L,hydrosheaf_graph_ridge,39,4.892265422595457,4.718052343044764,0.1742130795506931,4.5287168893543805,5.255813955836534,True,True
5,2025-08-10,NGW-143,Cl_mg_L,hydrosheaf_graph_ridge,39,4.029652853567627,4.034594557816327,-0.004941704248699885,3.3829433101053947,4.676362397029859,True,True
5,2025-08-10,NGW-143,SO4_mg_L,hydrosheaf_graph_ridge,39,3.4521288475803744,3.518980417318539,-0.06685156973816442,2.880992373297714,4.023265321863034,True,True
5,2025-08-10,NGW-143,NO3_mg_L,hydrosheaf_graph_ridge,39,3.1778517510089968,3.4679210137050633,-0.2900692626960666,2.4892544445034965,3.866449057514497,True,True
5,2025-08-10,NGW-143,F_mg_L,hydrosheaf_graph_ridge,39,0.6554147940745887,0.35767444427181594,0.29774034980277275,0.30821703520270094,1.0026125529464764,True,True
5,2025-08-10,NGW-143,Sr_mg_L,hydrosheaf_graph_ridge,39,0.20014013265295116,0.17479329037316305,0.025346842279788118,0.00014013265295115263,0.4001401326529512,True,True
5,2025-08-10,NGW-143,SiO2_mg_L,hydrosheaf_graph_ridge,39,4.002037882550174,3.9889840465642745,0.013053835985899376,3.6913036264854675,4.31277213861488,True,True
5,2025-08-10,NGW-156,Ca_mg_L,persistence,39,3.9906493258833358,3.5681232529781366,0.42252607290519917,3.612623307074455,4.368675344692217,True,False
5,2025-08-10,NGW-156,Mg_mg_L,persistence,39,2.8320361808832013,2.663052835171474,0.16898334571172713,2.3793429476218098,3.284729414144593,True,True
5,2025-08-10,NGW-156,Na_mg_L,persistence,39,4.056123349401903,3.674273301724574,0.3818500476773292,3.4933159742960567,4.61893072450775,True,True
5,2025-08-10,NGW-156,K_mg_L,persistence,39,2.0451088625993306,1.763017000362401,0.2820918622369295,1.6366158310609238,2.453601894137737,True,True
5,2025-08-10,NGW-156,HCO3_mg_L,persistence,39,5.335564980574703,4.939855112035208,0.39570986853949464,4.972016447333626,5.69911351381578,True,False
5,2025-08-10,NGW-156,Cl_mg_L,persistence,39,4.276666119016055,3.9987510089379703,0.277915110078085,3.6299565755538232,4.923375662478287,True,True
5,2025-08-10,NGW-156,SO4_mg_L,persistence,39,3.544142657647253,3.19744787745458,0.34669478019267297,2.9730061833645927,4.115279131929913,True,True
5,2025-08-10,NGW-156,NO3_mg_L,persistence,39,3.142858338444285,3.2433732964685884,-0.10051495802430344,2.4542610319387848,3.831455644949785,True,True
5,2025-08-10,NGW-156,F_mg_L,persistence,39,1.095273387402595,0.7514160886839212,0.3438572987186739,0.7480756285307073,1.4424711462744828,True,True
5,2025-08-10,NGW-156,Sr_mg_L,persistence,39,0.1722712209404532,0.17730901497041035,-0.00503779402995716,-0.02772877905954682,0.3722712209404532,True,True
5,2025-08-10,NGW-156,SiO2_mg_L,persistence,39,4.037774210733707,3.8264651170664994,0.2113090936672073,3.7270399546690003,4.348508466798413,True,True
5,2025-08-10,NGW-156,Ca_mg_L,expanding_mean_delta,39,3.550725489703532,3.5681232529781366,-0.01739776327460474,3.172699470894651,3.9287515085124127,True,True
5,2025-08-10,NGW-156,Mg_mg_L,expanding_mean_delta,39,2.4175613761973915,2.663052835171474,-0.24549145897408264,1.9648681429359998,2.870254609458783,True,True
5,2025-08-10,NGW-156,Na_mg_L,expanding_mean_delta,39,3.6262517918277557,3.674273301724574,-0.048021509896818415,3.063444416721909,4.189059166933602,True,True
5,2025-08-10,NGW-156,K_mg_L,expanding_mean_delta,39,1.7062522944217613,1.763017000362401,-0.05676470594063976,1.2977592628833545,2.1147453259601683,True,True
5,2025-08-10,NGW-156,HCO3_mg_L,expanding_mean_delta,39,4.937123356119122,4.939855112035208,-0.0027317559160859872,4.5735748228780455,5.300671889360199,True,True
5,2025-08-10,NGW-156,Cl_mg_L,expanding_mean_delta,39,3.6963539765833944,3.9987510089379703,-0.30239703235457593,3.049644433121162,4.343063520045627,True,True
5,2025-08-10,NGW-156,SO4_mg_L,expanding_mean_delta,39,3.16546062606589,3.19744787745458,-0.03198725138868985,2.59432415178323,3.7365971003485505,True,True
5,2025-08-10,NGW-156,NO3_mg_L,expanding_mean_delta,39,2.7708529722508253,3.2433732964685884,-0.47252032421776313,2.082255665745325,3.4594502787563255,True,True
5,2025-08-10,NGW-156,F_mg_L,expanding_mean_delta,39,0.9270551835921871,0.7514160886839212,0.1756390949082659,0.5798574247202993,1.274252942464075,True,True
5,2025-08-10,NGW-156,Sr_mg_L,expanding_mean_delta,39,0.1822219473174883,0.17730901497041035,0.0049129323470779585,-0.017778052682511702,0.3822219473174883,True,True
5,2025-08-10,NGW-156,SiO2_mg_L,expanding_mean_delta,39,4.084279690206618,3.8264651170664994,0.25781457314011824,3.7735454341419112,4.395013946271324,True,True
5,2025-08-10,NGW-156,Ca_mg_L,hydrosheaf_graph_ridge,39,3.443169947450593,3.5681232529781366,-0.1249533055275438,3.065143928641712,3.8211959662594737,True,True
5,2025-08-10,NGW-156,Mg_mg_L,hydrosheaf_graph_ridge,39,2.465445758991406,2.663052835171474,-0.19760707618006812,2.0127525257300145,2.9181389922527976,True,True
5,2025-08-10,NGW-156,Na_mg_L,hydrosheaf_graph_ridge,39,3.8716327267042847,3.674273301724574,0.1973594249797106,3.308825351598438,4.434440101810131,True,True
5,2025-08-10,NGW-156,K_mg_L,hydrosheaf_graph_ridge,39,1.5714253807923932,1.763017000362401,-0.1915916195700078,1.1629323492539865,1.9799184123308,True,True
5,2025-08-10,NGW-156,HCO3_mg_L,hydrosheaf_graph_ridge,39,4.89623340708424,4.939855112035208,-0.04362170495096862,4.532684873843163,5.2597819403253165,True,True
5,2025-08-10,NGW-156,Cl_mg_L,hydrosheaf_graph_ridge,39,3.76572781500441,3.9987510089379703,-0.23302319393356052,3.1190182715421777,4.412437358466642,True,True
5,2025-08-10,NGW-156,SO4_mg_L,hydrosheaf_graph_ridge,39,3.300281323790373,3.19744787745458,0.10283344633579317,2.729144849507713,3.8714177980730335,True,True
5,2025-08-10,NGW-156,NO3_mg_L,hydrosheaf_graph_ridge,39,2.9154606381096198,3.2433732964685884,-0.32791265835896866,2.2268633316041195,3.60405794461512,True,True
5,2025-08-10,NGW-156,F_mg_L,hydrosheaf_graph_ridge,39,0.9971599022517684,0.7514160886839212,0.24574381356784725,0.6499621433798807,1.3443576611236563,True,True
5,2025-08-10,NGW-156,Sr_mg_L,hydrosheaf_graph_ridge,39,0.1809570678112633,0.17730901497041035,0.0036480528408529556,-0.019042932188736705,0.3809570678112633,True,True
5,2025-08-10,NGW-156,SiO2_mg_L,hydrosheaf_graph_ridge,39,4.098249086688677,3.8264651170664994,0.2717839696221773,3.7875148306239703,4.408983342753383,True,True
6,2025-08-11,NGW-009,Ca_mg_L,persistence,42,3.993602992420569,3.5843519247600018,0.4092510676605672,3.6302197589961787,4.35698622584496,True,False
6,2025-08-11,NGW-009,Mg_mg_L,persistence,42,2.808800104202353,2.569554123848285,0.23924598035406808,2.3729771993077278,3.2446230090969785,True,True
6,2025-08-11,NGW-009,Na_mg_L,persistence,42,3.72834052299485,3.4081729953985804,0.32016752759626943,3.1826982540770845,4.273982791912615,True,True
6,2025-08-11,NGW-009,K_mg_L,persistence,42,1.8976198599275322,1.275362800412609,0.6222570595149233,1.503261312097746,2.2919784077573184,True,False
6,2025-08-11,NGW-009,HCO3_mg_L,persistence,42,5.214500880454926,4.880298792368253,0.3342020880866734,4.870642184639614,5.558359576270238,True,True
6,2025-08-11,NGW-009,Cl_mg_L,persistence,42,4.008786673860454,3.5322256440685598,0.4765610297918945,3.3722484759472366,4.6453248717736715,True,True
6,2025-08-11,NGW-009,SO4_mg_L,persistence,42,3.9630962756121466,3.5942940116240685,0.36880226398807814,3.4171765558472402,4.5090159953770526,True,True
6,2025-08-11,NGW-009,NO3_mg_L,persistence,42,3.6848714327163976,3.006672213592325,0.6781992191240724,2.9984963945089964,4.371246470923799,True,True
6,2025-08-11,NGW-009,F_mg_L,persistence,42,0.4824261492442927,0.48858001481867097,-0.006153865574378248,0.1438956298312516,0.8209566686573339,True,True
6,2025-08-11,NGW-009,Sr_mg_L,persistence,42,0.1680535849962497,0.22154226994723591,-0.053488684950986215,-0.03194641500375031,0.36805358499624974,True,True
6,2025-08-11,NGW-009,SiO2_mg_L,persistence,42,3.9740583963475986,4.021773869387265,-0.04771547303966628,3.6576963211355333,4.290420471559664,True,True
6,2025-08-11,NGW-009,Ca_mg_L,expanding_mean_delta,42,3.5528834562557816,3.5843519247600018,-0.03146846850422014,3.1895002228313913,3.916266689680172,True,True
6,2025-08-11,NGW-009,Mg_mg_L,expanding_mean_delta,42,2.405841827484829,2.569554123848285,-0.16371229636345586,1.9700189225902038,2.8416647323794546,True,True
6,2025-08-11,NGW-009,Na_mg_L,expanding_mean_delta,42,3.300274085985555,3.4081729953985804,-0.10789890941302538,2.7546318170677897,3.8459163549033204,True,True
6,2025-08-11,NGW-009,K_mg_L,expanding_mean_delta,42,1.5571452023719892,1.275362800412609,0.2817824019593802,1.162786654542203,1.9515037502017754,True,True
6,2025-08-11,NGW-009,HCO3_mg_L,expanding_mean_delta,42,4.814027693555799,4.880298792368253,-0.06627109881245374,4.470168997740487,5.157886389371111,True,True
6,2025-08-11,NGW-009,Cl_mg_L,expanding_mean_delta,42,3.444139501965636,3.5322256440685598,-0.08808614210292376,2.8076013040524184,4.080677699878853,True,True
6,2025-08-11,NGW-009,SO4_mg_L,expanding_mean_delta,42,3.5839777579099366,3.5942940116240685,-0.010316253714131918,3.03805803814503,4.1298974776748425,True,True
6,2025-08-11,NGW-009,NO3_mg_L,expanding_mean_delta,42,3.3293592750621306,3.006672213592325,0.3226870614698054,2.6429842368547294,4.015734313269531,True,True
6,2025-08-11,NGW-009,F_mg_L,expanding_mean_delta,42,0.2992619450943789,0.48858001481867097,-0.18931806972429205,-0.03926857431866221,0.63779246450742,True,True
6,2025-08-11,NGW-009,Sr_mg_L,expanding_mean_delta,42,0.17826708101296235,0.22154226994723591,-0.04327518893427357,-0.021732918987037664,0.37826708101296236,True,True
6,2025-08-11,NGW-009,SiO2_mg_L,expanding_mean_delta,42,4.0161319083358284,4.021773869387265,-0.005641961051436439,3.699769833123763,4.332493983547894,True,True
6,2025-08-11,NGW-009,Ca_mg_L,hydrosheaf_graph_ridge,42,3.5049719476629875,3.5843519247600018,-0.07937997709701428,3.141588714238597,3.8683551810873777,True,True
6,2025-08-11,NGW-009,Mg_mg_L,hydrosheaf_graph_ridge,42,2.5605055554298177,2.569554123848285,-0.009048568418467351,2.1246826505351923,2.996328460324443,True,True
6,2025-08-11,NGW-009,Na_mg_L,hydrosheaf_graph_ridge,42,3.407847282286562,3.4081729953985804,-0.0003257131120184553,2.8622050133687966,3.9534895512043273,True,True
6,2025-08-11,NGW-009,K_mg_L,hydrosheaf_graph_ridge,42,1.5644012948776154,1.275362800412609,0.2890384944650064,1.1700427470478292,1.9587598427074016,True,True
6,2025-08-11,NGW-009,HCO3_mg_L,hydrosheaf_graph_ridge,42,4.840999811085479,4.880298792368253,-0.03929898128277376,4.497141115270168,5.18485850690079,True,True
6,2025-08-11,NGW-009,Cl_mg_L,hydrosheaf_graph_ridge,42,3.5838725639242224,3.5322256440685598,0.05164691985566261,2.9473343660110047,4.22041076183744,True,True
6,2025-08-11,NGW-009,SO4_mg_L,hydrosheaf_graph_ridge,42,3.3208817195966085,3.5942940116240685,-0.27341229202746,2.774961999831702,3.866801439361515,True,True
6,2025-08-11,NGW-009,NO3_mg_L,hydrosheaf_graph_ridge,42,3.6009246580710976,3.006672213592325,0.5942524444787725,2.9145496198636964,4.287299696278499,True,True
6,2025-08-11,NGW-009,F_mg_L,hydrosheaf_graph_ridge,42,0.43158493978418927,0.48858001481867097,-0.0569950750344817,0.09305442037114814,0.7701154591972303,True,True
6,2025-08-11,NGW-009,Sr_mg_L,hydrosheaf_graph_ridge,42,0.199328330972786,0.22154226994723591,-0.022213938974449926,-0.0006716690272140224,0.39932833097278597,True,True
6,2025-08-11,NGW-009,SiO2_mg_L,hydrosheaf_graph_ridge,42,4.103661035256806,4.021773869387265,0.08188716586954126,3.787298960044741,4.420023110468872,True,True
6,2025-08-11,NGW-010,Ca_mg_L,persistence,42,4.202899968776446,3.638375321940168,0.5645246468362779,3.839516735352056,4.566283202200836,True,False
6,2025-08-11,NGW-010,Mg_mg_L,persistence,42,2.7606426512213806,2.4731713935695794,0.28747125765180126,2.3248197463267553,3.196465556116006,True,True
6,2025-08-11,NGW-010,Na_mg_L,persistence,42,4.066287964439575,3.7201358437644907,0.3461521206750846,3.52064569552181,4.611930233357341,True,True
6,2025-08-11,NGW-010,K_mg_L,persistence,42,1.8325814637483102,1.6213664832993742,0.21121498044893605,1.438222915918524,2.2269400115780966,True,True
6,2025-08-11,NGW-010,HCO3_mg_L,persistence,42,5.307822053562282,5.021179507971927,0.2866425455903556,4.963963357746971,5.651680749377594,True,True
6,2025-08-11,NGW-010,Cl_mg_L,persistence,42,4.185555442275485,3.570658822726505,0.6148966195489796,3.549017244362267,4.822093640188702,True,True
6,2025-08-11,NGW-010,SO4_mg_L,persistence,42,4.209754413732928,3.7768903314366495,0.4328640822962786,3.6638346939680217,4.755674133497834,True,True
6,2025-08-11,NGW-010,NO3_mg_L,persistence,42,3.2351427973320726,3.213260086082565,0.02188271124950747,2.5487677591246714,3.9215178355394738,True,True
6,2025-08-11,NGW-010,F_mg_L,persistence,42,0.712949807856125,0.412109650826833,0.30084015702929207,0.3744192884430839,1.0514803272691662,True,True
6,2025-08-11,NGW-010,Sr_mg_L,persistence,42,0.20375683751401966,0.20945022418220727,-0.005693386668187611,0.0037568375140196453,0.4037568375140197,True,True
6,2025-08-11,NGW-010,SiO2_mg_L,persistence,42,3.92395157629342,3.914021008090819,0.009930568202600742,3.6075895010813546,4.240313651505486,True,True
6,2025-08-11,NGW-010,Ca_mg_L,expanding_mean_delta,42,3.762180432611659,3.638375321940168,0.12380511067149058,3.3987971991872685,4.125563666036049,True,True
6,2025-08-11,NGW-010,Mg_mg_L,expanding_mean_delta,42,2.3576843745038567,2.4731713935695794,-0.11548701906572267,1.9218614696092313,2.793507279398482,True,True
6,2025-08-11,NGW-010,Na_mg_L,expanding_mean_delta,42,3.6382215274302805,3.7201358437644907,-0.0819143163342102,3.092579258512515,4.183863796348046,True,True
6,2025-08-11,NGW-010,K_mg_L,expanding_mean_delta,42,1.4921068061927674,1.6213664832993742,-0.1292596771066068,1.0977482583629812,1.8864653540225536,True,True
6,2025-08-11,NGW-010,HCO3_mg_L,expanding_mean_delta,42,4.907348866663155,5.021179507971927,-0.11383064130877152,4.563490170847844,5.251207562478466,True,True
6,2025-08-11,NGW-010,Cl_mg_L,expanding_mean_delta,42,3.6209082703806663,3.570658822726505,0.05024944765416128,2.9843700724674487,4.2574464682938835,True,True
6,2025-08-11,NGW-010,SO4_mg_L,expanding_mean_delta,42,3.830635896030718,3.7768903314366495,0.05374556459406854,3.2847161762658117,4.376555615795624,True,True
6,2025-08-11,NGW-010,NO3_mg_L,expanding_mean_delta,42,2.8796306396778055,3.213260086082565,-0.33362944640475956,2.1932556014704043,3.5660056778852067,True,True
6,2025-08-11,NGW-010,F_mg_L,expanding_mean_delta,42,0.5297856037062112,0.412109650826833,0.11767595287937821,0.19125508429317006,0.8683161231192523,True,True
6,2025-08-11,NGW-010,Sr_mg_L,expanding_mean_delta,42,0.2139703335307323,0.20945022418220727,0.0045201093485250365,0.013970333530732293,0.4139703335307323,True,True
6,2025-08-11,NGW-010,SiO2_mg_L,expanding_mean_delta,42,3.96602508828165,3.914021008090819,0.052004080190831026,3.649663013069585,4.282387163493715,True,True
6,2025-08-11,NGW-010,Ca_mg_L,hydrosheaf_graph_ridge,42,3.749860324729561,3.638375321940168,0.11148500278939277,3.3864770913051707,4.113243558153951,True,True
6,2025-08-11,NGW-010,Mg_mg_L,hydrosheaf_graph_ridge,42,2.414417363192528,2.4731713935695794,-0.058754030377051514,1.9785944582979025,2.8502402680871533,True,True
6,2025-08-11,NGW-010,Na_mg_L,hydrosheaf_graph_ridge,42,3.6793313511607537,3.7201358437644907,-0.040804492603736975,3.1336890822429884,4.224973620078519,True,True
6,2025-08-11,NGW-010,K_mg_L,hydrosheaf_graph_ridge,42,1.5815190119673508,1.6213664832993742,-0.039847471332023376,1.1871604641375646,1.975877559797137,True,True
6,2025-08-11,NGW-010,HCO3_mg_L,hydrosheaf_graph_ridge,42,4.920414837482142,5.021179507971927,-0.10076467048978444,4.576556141666831,5.2642735332974535,True,True
6,2025-08-11,NGW-010,Cl_mg_L,hydrosheaf_graph_ridge,42,3.640544836064756,3.570658822726505,0.06988601333825084,3.0040066381515382,4.2770830339779735,True,True
6,2025-08-11,NGW-010,SO4_mg_L,hydrosheaf_graph_ridge,42,3.7785349174614353,3.7768903314366495,0.001644586024785788,3.232615197696529,4.324454637226341,True,True
6,2025-08-11,NGW-010,NO3_mg_L,hydrosheaf_graph_ridge,42,2.744974463209003,3.213260086082565,-0.4682856228735619,2.058599425001602,3.4313495014164044,True,True
6,2025-08-11,NGW-010,F_mg_L,hydrosheaf_graph_ridge,42,0.580203812319283,0.412109650826833,0.16809416149245,0.24167329290624184,0.9187343317323241,True,True
6,2025-08-11,NGW-010,Sr_mg_L,hydrosheaf_graph_ridge,42,0.24273053950790027,0.20945022418220727,0.033280315325693005,0.04273053950790026,0.4427305395079003,True,True
6,2025-08-11,NGW-010,SiO2_mg_L,hydrosheaf_graph_ridge,42,4.104927044739293,3.914021008090819,0.19090603664847405,3.788564969527228,4.421289119951359,True,True
6,2025-08-11,NGW-019,Ca_mg_L,persistence,42,4.155282860327181,3.5435646229490776,0.6117182373781032,3.7918996269027905,4.5186660937515715,True,False
6,2025-08-11,NGW-019,Mg_mg_L,persistence,42,3.011605622710281,2.3456445824544927,0.6659610402557883,2.5757827178156556,3.4474285276049064,True,False
6,2025-08-11,NGW-019,Na_mg_L,persistence,42,4.083620598859125,3.492560387676128,0.5910602111829966,3.5379783299413594,4.62926286777689,True,False
6,2025-08-11,NGW-019,K_mg_L,persistence,42,1.728109442151599,1.6034198401085376,0.12468960204306145,1.3337508943218128,2.122467989981385,True,True
6,2025-08-11,NGW-019,HCO3_mg_L,persistence,42,5.342621292104561,4.843872076218154,0.4987492158864075,4.99876259628925,5.686479987919872,True,False
6,2025-08-11,NGW-019,Cl_mg_L,persistence,42,4.361568792771485,3.683364273425826,0.678204519345659,3.7250305948582674,4.998106990684702,True,False
6,2025-08-11,NGW-019,SO4_mg_L,persistence,42,4.20409542618122,3.3867603338643857,0.8173350923168341,3.6581757064163134,4.750015145946126,True,False
6,2025-08-11,NGW-019,NO3_mg_L,persistence,42,3.223664341599998,2.9871959425317045,0.23646839906829342,2.5372893033925967,3.910039379807399,True,True
6,2025-08-11,NGW-019,F_mg_L,persistence,42,0.6097655716208943,0.4824261492442927,0.12733942237660156,0.27123505220785316,0.9482960910339354,True,True
6,2025-08-11,NGW-019,Sr_mg_L,persistence,42,0.11511280710050457,0.06952606264861023,0.04558674445189434,-0.08488719289949544,0.3151128071005046,True,True
6,2025-08-11,NGW-019,SiO2_mg_L,persistence,42,3.9589065913269965,4.1588830833596715,-0.19997649203267498,3.6425445161149312,4.275268666539062,True,True
6,2025-08-11,NGW-019,Ca_mg_L,expanding_mean_delta,42,3.7145633241623934,3.5435646229490776,0.17099870121331584,3.351180090738003,4.077946557586784,True,True
6,2025-08-11,NGW-019,Mg_mg_L,expanding_mean_delta,42,2.608647345992757,2.3456445824544927,0.26300276353826435,2.1728244410981317,3.0444702508873824,True,True
6,2025-08-11,NGW-019,Na_mg_L,expanding_mean_delta,42,3.65555416184983,3.492560387676128,0.16299377417370176,3.1099118929320646,4.201196430767595,True,True
6,2025-08-11,NGW-019,K_mg_L,expanding_mean_delta,42,1.387634784596056,1.6034198401085376,-0.21578505551248162,0.9932762367662697,1.7819933324258421,True,True
6,2025-08-11,NGW-019,HCO3_mg_L,expanding_mean_delta,42,4.942148105205434,4.843872076218154,0.09827602898728038,4.598289409390123,5.286006801020745,True,True
6,2025-08-11,NGW-019,Cl_mg_L,expanding_mean_delta,42,3.7969216208766667,3.683364273425826,0.11355734745084067,3.160383422963449,4.433459818789884,True,True
6,2025-08-11,NGW-019,SO4_mg_L,expanding_mean_delta,42,3.8249769084790097,3.3867603338643857,0.43821657461462404,3.2790571887141033,4.370896628243916,True,True
6,2025-08-11,NGW-019,NO3_mg_L,expanding_mean_delta,42,2.868152183945731,2.9871959425317045,-0.1190437585859736,2.1817771457383297,3.554527222153132,True,True
6,2025-08-11,NGW-019,F_mg_L,expanding_mean_delta,42,0.4266013674709805,0.4824261492442927,-0.05582478177331224,0.08807084805793935,0.7651318868840216,True,True
6,2025-08-11,NGW-019,Sr_mg_L,expanding_mean_delta,42,0.12532630311721724,0.06952606264861023,0.055800240468607,-0.07467369688278278,0.3253263031172172,True,True
6,2025-08-11,NGW-019,SiO2_mg_L,expanding_mean_delta,42,4.000980103315227,4.1588830833596715,-0.1579029800444447,3.6846180281031615,4.3173421785272925,True,True
6,2025-08-11,NGW-019,Ca_mg_L,hydrosheaf_graph_ridge,42,3.6588496954507193,3.5435646229490776,0.11528507250164166,3.295466462026329,4.022232928875109,True,True
6,2025-08-11,NGW-019,Mg_mg_L,hydrosheaf_graph_ridge,42,2.486830131990045,2.3456445824544927,0.1411855495355523,2.0510072270954196,2.9226530368846704,True,True
6,2025-08-11,NGW-019,Na_mg_L,hydrosheaf_graph_ridge,42,3.47239146012141,3.492560387676128,-0.02016892755471833,2.9267491912036445,4.018033729039175,True,True
6,2025-08-11,NGW-019,K_mg_L,hydrosheaf_graph_ridge,42,1.6494761763901322,1.6034198401085376,0.04605633628159467,1.255117628560346,2.0438347242199186,True,True
6,2025-08-11,NGW-019,HCO3_mg_L,hydrosheaf_graph_ridge,42,4.774389467791008,4.843872076218154,-0.06948260842714582,4.430530771975697,5.118248163606319,True,True
6,2025-08-11,NGW-019,Cl_mg_L,hydrosheaf_graph_ridge,42,3.834409831692632,3.683364273425826,0.151045558266806,3.1978716337794144,4.470948029605849,True,True
6,2025-08-11,NGW-019,SO4_mg_L,hydrosheaf_graph_ridge,42,3.6252386425260954,3.3867603338643857,0.23847830866170971,3.079318922761189,4.171158362291002,True,True
6,2025-08-11,NGW-019,NO3_mg_L,hydrosheaf_graph_ridge,42,2.591184234956977,2.9871959425317045,-0.39601170757472737,1.904809196749576,3.2775592731643783,True,True
6,2025-08-11,NGW-019,F_mg_L,hydrosheaf_graph_ridge,42,0.3220333449304399,0.4824261492442927,-0.16039280431385283,-0.01649717448260124,0.660563864343481,True,True
6,2025-08-11,NGW-019,Sr_mg_L,hydrosheaf_graph_ridge,42,0.11331393798431474,0.06952606264861023,0.04378787533570451,-0.08668606201568527,0.3133139379843147,True,True
6,2025-08-11,NGW-019,SiO2_mg_L,hydrosheaf_graph_ridge,42,4.263516000066148,4.1588830833596715,0.10463291670647656,3.947153924854083,4.579878075278214,True,True
6,2025-08-11,NGW-055,Ca_mg_L,persistence,42,4.020339148911605,3.4763048541489607,0.544034294762644,3.6569559154872144,4.3837223823359945,True,False
6,2025-08-11,NGW-055,Mg_mg_L,persistence,42,2.94706710157271,2.2679936482244267,0.6790734533482832,2.5112441966780845,3.3828900064673353,True,False
6,2025-08-11,NGW-055,Na_mg_L,persistence,42,4.239598641541604,3.929862923556477,0.3097357179851268,3.6939563726238385,4.785240910459369,True,True
6,2025-08-11,NGW-055,K_mg_L,persistence,42,2.132982308607866,1.3454723665996355,0.7875099420082305,1.73862376077808,2.5273408564376525,True,False
6,2025-08-11,NGW-055,HCO3_mg_L,persistence,42,5.22122031616307,4.882801922586371,0.3384183935766991,4.877361620347758,5.565079011978382,True,True
6,2025-08-11,NGW-055,Cl_mg_L,persistence,42,4.354655437877749,3.817492521581913,0.5371629162958365,3.7181172399645317,4.9911936357909665,True,True
6,2025-08-11,NGW-055,SO4_mg_L,persistence,42,4.346010780469512,3.7887247890836524,0.5572859913858594,3.8000910607046055,4.891930500234418,True,False
6,2025-08-11,NGW-055,NO3_mg_L,persistence,42,3.4787755163075302,2.913437030827161,0.5653384854803694,2.792400478100129,4.165150554514931,True,True
6,2025-08-11,NGW-055,F_mg_L,persistence,42,0.23901690047049992,0.43178241642553783,-0.1927655159550379,-0.09951361894254121,0.5775474198835411,True,True
6,2025-08-11,NGW-055,Sr_mg_L,persistence,42,0.24529635595534308,0.2844267797311083,-0.03913042377576523,0.045296355955343065,0.4452963559553431,True,True
6,2025-08-11,NGW-055,SiO2_mg_L,persistence,42,3.906004933102583,4.075841090657541,-0.16983615755495762,3.5896428578905177,4.222367008314649,True,True
6,2025-08-11,NGW-055,Ca_mg_L,expanding_mean_delta,42,3.5796196127468174,3.4763048541489607,0.10331475859785666,3.216236379322427,3.9430028461712077,True,True
6,2025-08-11,NGW-055,Mg_mg_L,expanding_mean_delta,42,2.544108824855186,2.2679936482244267,0.27611517663075924,2.1082859199605606,2.9799317297498114,True,True
6,2025-08-11,NGW-055,Na_mg_L,expanding_mean_delta,42,3.811532204532309,3.929862923556477,-0.11833071902416803,3.2658899356145437,4.357174473450074,True,True
6,2025-08-11,NGW-055,K_mg_L,expanding_mean_delta,42,1.7925076510523232,1.3454723665996355,0.4470352844526877,1.398149103222537,2.1868661988821096,True,False
6,2025-08-11,NGW-055,HCO3_mg_L,expanding_mean_delta,42,4.8207471292639426,4.882801922586371,-0.062054793322428026,4.4768884334486305,5.164605825079255,True,True
6,2025-08-11,NGW-055,Cl_mg_L,expanding_mean_delta,42,3.790008265982931,3.817492521581913,-0.02748425559898182,3.1534700680697134,4.426546463896148,True,True
6,2025-08-11,NGW-055,SO4_mg_L,expanding_mean_delta,42,3.966892262767302,3.7887247890836524,0.17816747368364938,3.4209725430023954,4.512811982532208,True,True
6,2025-08-11,NGW-055,NO3_mg_L,expanding_mean_delta,42,3.123263358653263,2.913437030827161,0.20982632782610233,2.436888320445862,3.8096383968606644,True,True
6,2025-08-11,NGW-055,F_mg_L,expanding_mean_delta,42,0.05585269632058612,0.43178241642553783,-0.37592972010495174,-0.28267782309245504,0.3943832157336272,True,False
6,2025-08-11,NGW-055,Sr_mg_L,expanding_mean_delta,42,0.2555098519720557,0.2844267797311083,-0.02891692775905258,0.05550985197205571,0.45550985197205573,True,True
6,2025-08-11,NGW-055,SiO2_mg_L,expanding_mean_delta,42,3.9480784450908133,4.075841090657541,-0.12776264556672734,3.631716369878748,4.264440520302879,True,True
6,2025-08-11,NGW-055,Ca_mg_L,hydrosheaf_graph_ridge,42,3.428533010135506,3.4763048541489607,-0.04777184401345469,3.0651497767111158,3.7919162435598963,True,True
6,2025-08-11,NGW-055,Mg_mg_L,hydrosheaf_graph_ridge,42,2.388037805745392,2.2679936482244267,0.1200441575209652,1.9522149008507665,2.8238607106400173,True,True
6,2025-08-11,NGW-055,Na_mg_L,hydrosheaf_graph_ridge,42,3.8655504147578954,3.929862923556477,-0.06431250879858164,3.31990814584013,4.411192683675661,True,True
6,2025-08-11,NGW-055,K_mg_L,hydrosheaf_graph_ridge,42,1.665533979209867,1.3454723665996355,0.32006161261023136,1.2711754313800807,2.0598925270396533,True,True
6,2025-08-11,NGW-055,HCO3_mg_L,hydrosheaf_graph_ridge,42,4.806994614703333,4.882801922586371,-0.07580730788303747,4.463135918888021,5.150853310518645,True,True
6,2025-08-11,NGW-055,Cl_mg_L,hydrosheaf_graph_ridge,42,3.4532011686281603,3.817492521581913,-0.3642913529537526,2.8166629707149426,4.0897393665413775,True,True
6,2025-08-11,NGW-055,SO4_mg_L,hydrosheaf_graph_ridge,42,3.9336819478646254,3.7887247890836524,0.14495715878097304,3.387762228099719,4.479601667629532,True,True
6,2025-08-11,NGW-055,NO3_mg_L,hydrosheaf_graph_ridge,42,2.4952357791658955,2.913437030827161,-0.4182012516612654,1.8088607409584943,3.1816108173732967,True,True
6,2025-08-11,NGW-055,F_mg_L,hydrosheaf_graph_ridge,42,0.2784658628975512,0.43178241642553783,-0.15331655352798662,-0.06006465651548992,0.6169963823105924,True,True
6,2025-08-11,NGW-055,Sr_mg_L,hydrosheaf_graph_ridge,42,0.31984868778924097,0.2844267797311083,0.03542190805813267,0.11984868778924096,0.519848687789241,True,True
6,2025-08-11,NGW-055,SiO2_mg_L,hydrosheaf_graph_ridge,42,3.895255667446925,4.075841090657541,-0.18058542321061566,3.5788935922348597,4.211617742658991,True,True
6,2025-08-11,NGW-075,Ca_mg_L,persistence,42,3.8628327612373745,3.3558512798952784,0.5069814813420961,3.4994495278129842,4.226215994661764,True,False
6,2025-08-11,NGW-075,Mg_mg_L,persistence,42,2.747270914255491,2.7479117345273405,-0.0006408202718493072,2.311448009360866,3.1830938191501166,True,True
6,2025-08-11,NGW-075,Na_mg_L,persistence,42,3.768845235751818,3.726416057642662,0.042429178109155696,3.2232029668340525,4.314487504669583,True,True
6,2025-08-11,NGW-075,K_mg_L,persistence,42,2.0162354657760435,1.5602476682433286,0.4559877975327149,1.6218769179462573,2.41059401360583,True,False
6,2025-08-11,NGW-075,HCO3_mg_L,persistence,42,4.994776878161797,4.939711989092356,0.05506488906944096,4.650918182346485,5.338635573977109,True,True
6,2025-08-11,NGW-075,Cl_mg_L,persistence,42,4.291417885803126,3.7891771754293,0.502240710373826,3.6548796878899084,4.927956083716343,True,True
6,2025-08-11,NGW-075,SO4_mg_L,persistence,42,3.4429789156771102,3.326114575537799,0.11686434013931102,2.897059195912204,3.9888986354420166,True,True
6,2025-08-11,NGW-075,NO3_mg_L,persistence,42,3.479392229247212,3.358985532852846,0.12040669639436619,2.793017191039811,4.165767267454614,True,True
6,2025-08-11,NGW-075,F_mg_L,persistence,42,0.2776317365982795,0.31481073984003355,-0.03717900324175405,-0.06089878281476163,0.6161622560113207,True,True
6,2025-08-11,NGW-075,Sr_mg_L,persistence,42,0.2151113796169455,0.1578580846155803,0.057253295001365195,0.015111379616945475,0.4151113796169455,True,True
6,2025-08-11,NGW-075,SiO2_mg_L,persistence,42,4.21803603456465,4.138361447638875,0.07967458692577534,3.901673959352585,4.534398109776716,True,True
6,2025-08-11,NGW-075,Ca_mg_L,expanding_mean_delta,42,3.422113225072587,3.3558512798952784,0.06626194517730877,3.058729991648197,3.7854964584969775,True,True
6,2025-08-11,NGW-075,Mg_mg_L,expanding_mean_delta,42,2.3443126375379673,2.7479117345273405,-0.40359909698937324,1.9084897326433419,2.7801355424325926,True,True
6,2025-08-11,NGW-075,Na_mg_L,expanding_mean_delta,42,3.340778798742523,3.726416057642662,-0.3856372589001391,2.7951365298247577,3.8864210676602884,True,True
6,2025-08-11,NGW-075,K_mg_L,expanding_mean_delta,42,1.6757608082205007,1.5602476682433286,0.11551313997717205,1.2814022603907145,2.070119356050287,True,True
6,2025-08-11,NGW-075,HCO3_mg_L,expanding_mean_delta,42,4.59430369126267,4.939711989092356,-0.3454082978296862,4.250444995447358,4.938162387077982,True,False
6,2025-08-11,NGW-075,Cl_mg_L,expanding_mean_delta,42,3.7267707139083077,3.7891771754293,-0.062406461520992274,3.09023251599509,4.363308911821525,True,True
6,2025-08-11,NGW-075,SO4_mg_L,expanding_mean_delta,42,3.0638603979749,3.326114575537799,-0.26225417756289904,2.517940678209994,3.6097801177398066,True,True
6,2025-08-11,NGW-075,NO3_mg_L,expanding_mean_delta,42,3.123880071592945,3.358985532852846,-0.23510546125990084,2.437505033385544,3.8102551098003463,True,True
6,2025-08-11,NGW-075,F_mg_L,expanding_mean_delta,42,0.0944675324483657,0.31481073984003355,-0.22034320739166785,-0.24406298696467543,0.43299805186140683,True,True
6,2025-08-11,NGW-075,Sr_mg_L,expanding_mean_delta,42,0.22532487563365813,0.1578580846155803,0.06746679101807784,0.025324875633658123,0.4253248756336582,True,True
6,2025-08-11,NGW-075,SiO2_mg_L,expanding_mean_delta,42,4.26010954655288,4.138361447638875,0.12174809891400518,3.943747471340815,4.576471621764946,True,True
6,2025-08-11,NGW-075,Ca_mg_L,hydrosheaf_graph_ridge,42,3.4587168321006745,3.3558512798952784,0.10286555220539606,3.095333598676284,3.8221000655250648,True,True
6,2025-08-11,NGW-075,Mg_mg_L,hydrosheaf_graph_ridge,42,2.378930761882007,2.7479117345273405,-0.3689809726453337,1.9431078569873814,2.814753666776632,True,True
6,2025-08-11,NGW-075,Na_mg_L,hydrosheaf_graph_ridge,42,3.218396650245084,3.726416057642662,-0.5080194073975783,2.6727543813273185,3.764038919162849,True,True
6,2025-08-11,NGW-075,K_mg_L,hydrosheaf_graph_ridge,42,1.7154710819745471,1.5602476682433286,0.1552234137312185,1.321112534144761,2.1098296298043335,True,True
6,2025-08-11,NGW-075,HCO3_mg_L,hydrosheaf_graph_ridge,42,4.6377799140625555,4.939711989092356,-0.3019320750298009,4.2939212182472435,4.9816386098778676,True,True
6,2025-08-11,NGW-075,Cl_mg_L,hydrosheaf_graph_ridge,42,3.75366199737161,3.7891771754293,-0.03551517805769011,3.1171237994583922,4.3902001952848275,True,True
6,2025-08-11,NGW-075,SO4_mg_L,hydrosheaf_graph_ridge,42,3.069098739599472,3.326114575537799,-0.257015835938327,2.523179019834566,3.6150184593643786,True,True
6,2025-08-11,NGW-075,NO3_mg_L,hydrosheaf_graph_ridge,42,3.318479201581524,3.358985532852846,-0.04050633127132208,2.6321041633741227,4.004854239788925,True,True
6,2025-08-11,NGW-075,F_mg_L,hydrosheaf_graph_ridge,42,0.2599062595123142,0.31481073984003355,-0.05490448032771933,-0.07862425990072691,0.5984367789253553,True,True
6,2025-08-11,NGW-075,Sr_mg_L,hydrosheaf_graph_ridge,42,0.1531191075117295,0.1578580846155803,-0.004738977103850794,-0.046880892488270515,0.3531191075117295,True,True
6,2025-08-11,NGW-075,SiO2_mg_L,hydrosheaf_graph_ridge,42,4.305945910398151,4.138361447638875,0.16758446275927597,3.9895838351860857,4.622307985610217,True,True
6,2025-08-11,NGW-083,Ca_mg_L,persistence,42,3.9744342655495433,3.284288963416433,0.6901453021331103,3.611051032125153,4.3378174989739335,True,False
6,2025-08-11,NGW-083,Mg_mg_L,persistence,42,2.6665335208992764,2.2300144001592104,0.43651912074006605,2.230710616004651,3.102356425793902,True,False
6,2025-08-11,NGW-083,Na_mg_L,persistence,42,4.178685710655851,3.7823697972012753,0.39631591345457595,3.633043441738086,4.724327979573617,True,True
6,2025-08-11,NGW-083,K_mg_L,persistence,42,2.1400661634962708,1.6620303625532709,0.4780358009429999,1.7457076156664846,2.534424711326057,True,False
6,2025-08-11,NGW-083,HCO3_mg_L,persistence,42,5.227036164543073,4.648133885420207,0.5789022791228664,4.883177468727762,5.5708948603583845,True,False
6,2025-08-11,NGW-083,Cl_mg_L,persistence,42,4.563410251739859,3.833845224364122,0.7295650273757373,3.9268720538266417,5.199948449653077,True,False
6,2025-08-11,NGW-083,SO4_mg_L,persistence,42,3.6114583071453517,3.4005304926744517,0.21092781447089992,3.0655385873804453,4.157378026910258,True,True
6,2025-08-11,NGW-083,NO3_mg_L,persistence,42,2.818995095053937,2.9090844668283187,-0.09008937177438181,2.1326200568465357,3.505370133261338,True,True
6,2025-08-11,NGW-083,F_mg_L,persistence,42,1.4770487243883548,0.883767540168595,0.5932811842197597,1.1385182049753135,1.815579243801396,True,False
6,2025-08-11,NGW-083,Sr_mg_L,persistence,42,0.20945022418220727,0.19967019512856765,0.009780029053639616,0.009450224182207256,0.4094502241822073,True,True
6,2025-08-11,NGW-083,SiO2_mg_L,persistence,42,4.04305126783455,4.154184562578117,-0.11113329474356703,3.726689192622485,4.359413343046616,True,True
6,2025-08-11,NGW-083,Ca_mg_L,expanding_mean_delta,42,3.533714729384756,3.284288963416433,0.249425765968323,3.1703314959603657,3.897097962809146,True,True
6,2025-08-11,NGW-083,Mg_mg_L,expanding_mean_delta,42,2.2635752441817525,2.2300144001592104,0.03356084402254211,1.827752339287127,2.699398149076378,True,True
6,2025-08-11,NGW-083,Na_mg_L,expanding_mean_delta,42,3.7506192736465565,3.7823697972012753,-0.03175052355471886,3.204977004728791,4.296261542564322,True,True
6,2025-08-11,NGW-083,K_mg_L,expanding_mean_delta,42,1.799591505940728,1.6620303625532709,0.13756114338745706,1.4052329581109417,2.1939500537705143,True,True
6,2025-08-11,NGW-083,HCO3_mg_L,expanding_mean_delta,42,4.826562977643946,4.648133885420207,0.17842909222373926,4.482704281828635,5.170421673459257,True,True
6,2025-08-11,NGW-083,Cl_mg_L,expanding_mean_delta,42,3.998763079845041,3.833845224364122,0.16491785548091897,3.3622248819318235,4.635301277758258,True,True
6,2025-08-11,NGW-083,SO4_mg_L,expanding_mean_delta,42,3.2323397894431416,3.4005304926744517,-0.16819070323131013,2.686420069678235,3.778259509208048,True,True
6,2025-08-11,NGW-083,NO3_mg_L,expanding_mean_delta,42,2.46348293739967,2.9090844668283187,-0.44560152942864883,1.7771078991922686,3.149857975607071,True,True
6,2025-08-11,NGW-083,F_mg_L,expanding_mean_delta,42,1.293884520238441,0.883767540168595,0.410116980069846,0.9553540008253999,1.632415039651482,True,False
6,2025-08-11,NGW-083,Sr_mg_L,expanding_mean_delta,42,0.21966372019891992,0.19967019512856765,0.019993525070352264,0.019663720198919904,0.41966372019891995,True,True
6,2025-08-11,NGW-083,SiO2_mg_L,expanding_mean_delta,42,4.08512477982278,4.154184562578117,-0.0690597827553372,3.768762704610715,4.401486855034846,True,True
6,2025-08-11,NGW-083,Ca_mg_L,hydrosheaf_graph_ridge,42,3.7150176556458834,3.284288963416433,0.4307286922294504,3.351634422221493,4.078400889070274,True,False
6,2025-08-11,NGW-083,Mg_mg_L,hydrosheaf_graph_ridge,42,2.5112792975001774,2.2300144001592104,0.28126489734096705,2.075456392605552,2.947102202394803,True,True
6,2025-08-11,NGW-083,Na_mg_L,hydrosheaf_graph_ridge,42,3.7590847324144003,3.7823697972012753,-0.023285064786874976,3.213442463496635,4.304727001332165,True,True
6,2025-08-11,NGW-083,K_mg_L,hydrosheaf_graph_ridge,42,1.752666413023441,1.6620303625532709,0.0906360504701702,1.3583078651936549,2.1470249608532272,True,True
6,2025-08-11,NGW-083,HCO3_mg_L,hydrosheaf_graph_ridge,42,4.925675579696421,4.648133885420207,0.27754169427621367,4.581816883881109,5.269534275511733,True,True
6,2025-08-11,NGW-083,Cl_mg_L,hydrosheaf_graph_ridge,42,4.0963326796221295,3.833845224364122,0.26248745525800743,3.459794481708912,4.732870877535347,True,True
6,2025-08-11,NGW-083,SO4_mg_L,hydrosheaf_graph_ridge,42,3.4530453906193626,3.4005304926744517,0.05251489794491082,2.907125670854456,3.998965110384269,True,True
6,2025-08-11,NGW-083,NO3_mg_L,hydrosheaf_graph_ridge,42,2.5912804880625555,2.9090844668283187,-0.31780397876576316,1.9049054498551543,3.2776555262699567,True,True
6,2025-08-11,NGW-083,F_mg_L,hydrosheaf_graph_ridge,42,1.1522378803362698,0.883767540168595,0.2684703401676748,0.8137073609232287,1.490768399749311,True,True
6,2025-08-11,NGW-083,Sr_mg_L,hydrosheaf_graph_ridge,42,0.2037623183540203,0.19967019512856765,0.00409212322545266,0.0037623183540203,0.4037623183540203,True,True
6,2025-08-11,NGW-083,SiO2_mg_L,hydrosheaf_graph_ridge,42,3.991155888843306,4.154184562578117,-0.16302867373481122,3.674793813631241,4.307517964055371,True,True
6,2025-08-11,NGW-098,Ca_mg_L,persistence,42,3.9331972406595526,3.634159241913703,0.29903799874584935,3.5698140072351623,4.296580474083942,True,True
6,2025-08-11,NGW-098,Mg_mg_L,persistence,42,3.2980566227426418,2.6369121732688705,0.6611444494737713,2.8622337178480164,3.733879527637267,True,False
6,2025-08-11,NGW-098,Na_mg_L,persistence,42,4.203049479130317,3.6778185067545115,0.5252309723758053,3.6574072102125514,4.748691748048082,True,True
6,2025-08-11,NGW-098,K_mg_L,persistence,42,2.018895041811802,1.7334238922150915,0.2854711495967106,1.624536493982016,2.4132535896415885,True,True
6,2025-08-11,NGW-098,HCO3_mg_L,persistence,42,5.315371121113865,4.90141548910036,0.41395563201350427,4.9715124252985525,5.659229816929177,True,False
6,2025-08-11,NGW-098,Cl_mg_L,persistence,42,4.652912181973512,4.104459895963194,0.5484522860103187,4.016373984060295,5.28945037988673,True,True
6,2025-08-11,NGW-098,SO4_mg_L,persistence,42,3.585184217775171,3.4114776910697118,0.17370652670545939,3.0392644980102648,4.131103937540077,True,True
6,2025-08-11,NGW-098,NO3_mg_L,persistence,42,3.145444546782318,2.5360749363624,0.6093696104199182,2.459069508574917,3.831819584989719,True,True
6,2025-08-11,NGW-098,F_mg_L,persistence,42,1.275362800412609,0.9969486348916096,0.2784141655209994,0.9368322809995678,1.61389331982565,True,True
6,2025-08-11,NGW-098,Sr_mg_L,persistence,42,0.24137631957526948,0.1798184265758361,0.06155789299943337,0.041376319575269466,0.44137631957526946,True,True
6,2025-08-11,NGW-098,SiO2_mg_L,persistence,42,4.1588830833596715,4.3054155323020415,-0.14653244894237005,3.842521008147606,4.475245158571737,True,True
6,2025-08-11,NGW-098,Ca_mg_L,expanding_mean_delta,42,3.4924777044947652,3.634159241913703,-0.14168153741893796,3.129094471070375,3.8558609379191555,True,True
6,2025-08-11,NGW-098,Mg_mg_L,expanding_mean_delta,42,2.895098346025118,2.6369121732688705,0.25818617275624733,2.4592754411304925,3.3309212509197432,True,True
6,2025-08-11,NGW-098,Na_mg_L,expanding_mean_delta,42,3.774983042121022,3.6778185067545115,0.09716453536651048,3.2293407732032566,4.320625311038787,True,True
6,2025-08-11,NGW-098,K_mg_L,expanding_mean_delta,42,1.6784203842562593,1.7334238922150915,-0.05500350795883224,1.284061836426473,2.0727789320860457,True,True
6,2025-08-11,NGW-098,HCO3_mg_L,expanding_mean_delta,42,4.914897934214737,4.90141548910036,0.013482445114377128,4.571039238399425,5.2587566300300495,True,True
6,2025-08-11,NGW-098,Cl_mg_L,expanding_mean_delta,42,4.088265010078694,4.104459895963194,-0.016194885884499577,3.4517268121654765,4.724803207991911,True,True
6,2025-08-11,NGW-098,SO4_mg_L,expanding_mean_delta,42,3.206065700072961,3.4114776910697118,-0.20541199099675067,2.6601459803080547,3.7519854198378675,True,True
6,2025-08-11,NGW-098,NO3_mg_L,expanding_mean_delta,42,2.789932389128051,2.5360749363624,0.2538574527656512,2.1035573509206498,3.476307427335452,True,True
6,2025-08-11,NGW-098,F_mg_L,expanding_mean_delta,42,1.0921985962626952,0.9969486348916096,0.09524996137108566,0.7536680768496541,1.4307291156757365,True,True
6,2025-08-11,NGW-098,Sr_mg_L,expanding_mean_delta,42,0.2515898155919821,0.1798184265758361,0.07177138901614602,0.05158981559198211,0.45158981559198214,True,True
6,2025-08-11,NGW-098,SiO2_mg_L,expanding_mean_delta,42,4.200956595347901,4.3054155323020415,-0.10445893695414021,3.884594520135836,4.517318670559967,True,True
6,2025-08-11,NGW-098,Ca_mg_L,hydrosheaf_graph_ridge,42,3.510915048608509,3.634159241913703,-0.1232441933051942,3.1475318151841187,3.8742982820328993,True,True
6,2025-08-11,NGW-098,Mg_mg_L,hydrosheaf_graph_ridge,42,2.838279232792301,2.6369121732688705,0.20136705952343048,2.4024563278976756,3.2741021376869264,True,True
6,2025-08-11,NGW-098,Na_mg_L,hydrosheaf_graph_ridge,42,3.590643919182912,3.6778185067545115,-0.08717458757159946,3.0450016502651467,4.136286188100677,True,True
6,2025-08-11,NGW-098,K_mg_L,hydrosheaf_graph_ridge,42,1.654816086559226,1.7334238922150915,-0.07860780565586545,1.2604575387294399,2.0491746343890123,True,True
6,2025-08-11,NGW-098,HCO3_mg_L,hydrosheaf_graph_ridge,42,4.758398074582139,4.90141548910036,-0.14301741451822103,4.414539378766827,5.102256770397451,True,True
6,2025-08-11,NGW-098,Cl_mg_L,hydrosheaf_graph_ridge,42,4.016673445825686,4.104459895963194,-0.08778645013750808,3.380135247912468,4.653211643738903,True,True
6,2025-08-11,NGW-098,SO4_mg_L,hydrosheaf_graph_ridge,42,3.3916676054563317,3.4114776910697118,-0.019810085613380046,2.8457478856914253,3.937587325221238,True,True
6,2025-08-11,NGW-098,NO3_mg_L,hydrosheaf_graph_ridge,42,3.037711302683784,2.5360749363624,0.5016363663213843,2.351336264476383,3.7240863408911853,True,True
6,2025-08-11,NGW-098,F_mg_L,hydrosheaf_graph_ridge,42,0.9046204113583578,0.9969486348916096,-0.09232822353325176,0.5660898919453167,1.243150930771399,True,True
6,2025-08-11,NGW-098,Sr_mg_L,hydrosheaf_graph_ridge,42,0.2059495068114974,0.1798184265758361,0.026131080235661297,0.00594950681149739,0.40594950681149744,True,True
6,2025-08-11,NGW-098,SiO2_mg_L,hydrosheaf_graph_ridge,42,4.063273869559909,4.3054155323020415,-0.24214166274213245,3.746911794347844,4.379635944771975,True,True
6,2025-08-11,NGW-102,Ca_mg_L,persistence,42,4.09567700745588,3.7462045207332055,0.34947248672267417,3.7322937740314894,4.4590602408802695,True,True
6,2025-08-11,NGW-102,Mg_mg_L,persistence,42,3.2767673032839784,2.6290069937617573,0.6477603095222211,2.840944398389353,3.7125902081786037,True,False
6,2025-08-11,NGW-102,Na_mg_L,persistence,42,4.021953064800342,3.6283329542459026,0.39362011055443924,3.4763107958825765,4.567595333718107,True,True
6,2025-08-11,NGW-102,K_mg_L,persistence,42,2.166765369851511,1.7227665977411035,0.4439987721104075,1.7724068220217248,2.5611239176812974,True,False
6,2025-08-11,NGW-102,HCO3_mg_L,persistence,42,5.092276723133489,4.840558463718739,0.25171825941475046,4.748418027318177,5.436135418948801,True,True
6,2025-08-11,NGW-102,Cl_mg_L,persistence,42,4.517649588458596,3.881357591117261,0.6362919973413352,3.8811113905453785,5.154187786371813,True,True
6,2025-08-11,NGW-102,SO4_mg_L,persistence,42,4.068171687918078,3.502549875922443,0.5656218119956344,3.522251968153171,4.6140914076829835,True,False
6,2025-08-11,NGW-102,NO3_mg_L,persistence,42,3.463232772581608,3.8693242508950307,-0.4060914783134226,2.776857734374207,4.149607810789009,True,True
6,2025-08-11,NGW-102,F_mg_L,persistence,42,0.712949807856125,0.6780335427498971,0.03491626510622792,0.3744192884430839,1.0514803272691662,True,True
6,2025-08-11,NGW-102,Sr_mg_L,persistence,42,0.17730901497041035,0.19967019512856765,-0.0223611801581573,-0.02269098502958966,0.37730901497041036,True,True
6,2025-08-11,NGW-102,SiO2_mg_L,persistence,42,4.070734696582967,4.005513348515485,0.06522134806748259,3.754372621370902,4.387096771795033,True,True
6,2025-08-11,NGW-102,Ca_mg_L,expanding_mean_delta,42,3.6549574712910924,3.7462045207332055,-0.09124704944211315,3.291574237866702,4.018340704715483,True,True
6,2025-08-11,NGW-102,Mg_mg_L,expanding_mean_delta,42,2.8738090265664544,2.6290069937617573,0.24480203280469714,2.437986121671829,3.30963193146108,True,True
6,2025-08-11,NGW-102,Na_mg_L,expanding_mean_delta,42,3.593886627791047,3.6283329542459026,-0.03444632645485557,3.0482443588732817,4.139528896708812,True,True
6,2025-08-11,NGW-102,K_mg_L,expanding_mean_delta,42,1.8262907122959682,1.7227665977411035,0.10352411455486465,1.431932164466182,2.2206492601257546,True,True
6,2025-08-11,NGW-102,HCO3_mg_L,expanding_mean_delta,42,4.691803536234362,4.840558463718739,-0.1487549274843767,4.34794484041905,5.035662232049674,True,True
6,2025-08-11,NGW-102,Cl_mg_L,expanding_mean_delta,42,3.953002416563778,3.881357591117261,0.07164482544651696,3.31646421865056,4.589540614476995,True,True
6,2025-08-11,NGW-102,SO4_mg_L,expanding_mean_delta,42,3.6890531702158675,3.502549875922443,0.18650329429342438,3.143133450450961,4.2349728899807735,True,True
6,2025-08-11,NGW-102,NO3_mg_L,expanding_mean_delta,42,3.107720614927341,3.8693242508950307,-0.7616036359676897,2.42134557671994,3.7940956531347423,True,False
6,2025-08-11,NGW-102,F_mg_L,expanding_mean_delta,42,0.5297856037062112,0.6780335427498971,-0.14824793904368594,0.19125508429317006,0.8683161231192523,True,True
6,2025-08-11,NGW-102,Sr_mg_L,expanding_mean_delta,42,0.187522510987123,0.19967019512856765,-0.012147684141444653,-0.012477489012877013,0.387522510987123,True,True
6,2025-08-11,NGW-102,SiO2_mg_L,expanding_mean_delta,42,4.112808208571197,4.005513348515485,0.10729486005571243,3.7964461333591317,4.429170283783263,True,True
6,2025-08-11,NGW-102,Ca_mg_L,hydrosheaf_graph_ridge,42,3.5803986450106544,3.7462045207332055,-0.16580587572255112,3.217015411586264,3.9437818784350447,True,True
6,2025-08-11,NGW-102,Mg_mg_L,hydrosheaf_graph_ridge,42,2.8487462462059687,2.6290069937617573,0.21973925244421144,2.4129233413113433,3.284569151100594,True,True
6,2025-08-11,NGW-102,Na_mg_L,hydrosheaf_graph_ridge,42,3.4358835868434507,3.6283329542459026,-0.1924493674024519,2.8902413179256854,3.981525855761216,True,True
6,2025-08-11,NGW-102,K_mg_L,hydrosheaf_graph_ridge,42,1.5952306826914218,1.7227665977411035,-0.12753591504968176,1.2008721348616356,1.989589230521208,True,True
6,2025-08-11,NGW-102,HCO3_mg_L,hydrosheaf_graph_ridge,42,4.671150108698701,4.840558463718739,-0.16940835502003804,4.327291412883389,5.015008804514013,True,True
6,2025-08-11,NGW-102,Cl_mg_L,hydrosheaf_graph_ridge,42,3.7308507324486757,3.881357591117261,-0.15050685866858515,3.094312534535458,4.367388930361893,True,True
6,2025-08-11,NGW-102,SO4_mg_L,hydrosheaf_graph_ridge,42,3.5775999618973016,3.502549875922443,0.0750500859748584,3.031680242132395,4.1235196816622075,True,True
6,2025-08-11,NGW-102,NO3_mg_L,hydrosheaf_graph_ridge,42,3.3248993198087184,3.8693242508950307,-0.5444249310863123,2.6385242816013172,4.01127435801612,True,True
6,2025-08-11,NGW-102,F_mg_L,hydrosheaf_graph_ridge,42,0.5480104843515793,0.6780335427498971,-0.13002305839831785,0.20947996493853815,0.8865410037646204,True,True
6,2025-08-11,NGW-102,Sr_mg_L,hydrosheaf_graph_ridge,42,0.222993485806023,0.19967019512856765,0.02332329067745534,0.02299348580602298,0.42299348580602303,True,True
6,2025-08-11,NGW-102,SiO2_mg_L,hydrosheaf_graph_ridge,42,4.102240964480167,4.005513348515485,0.09672761596468238,3.7858788892681017,4.418603039692233,True,True
6,2025-08-11,NGW-137,Ca_mg_L,persistence,42,3.976311495310508,3.3509561652254085,0.6253553300850996,3.612928261886118,4.339694728734898,True,False
6,2025-08-11,NGW-137,Mg_mg_L,persistence,42,3.067587710654419,2.558002204858551,0.5095855057958678,2.6317648057597935,3.5034106155490443,True,False
6,2025-08-11,NGW-137,Na_mg_L,persistence,42,4.119037174812473,3.5876769486047735,0.5313602262076991,3.573394905894707,4.664679443730238,True,True
6,2025-08-11,NGW-137,K_mg_L,persistence,42,1.803358605071407,1.763017000362401,0.04034160470900594,1.4090000572416208,2.1977171529011934,True,True
6,2025-08-11,NGW-137,HCO3_mg_L,persistence,42,5.0605676628444645,4.881361491724374,0.1792061711200903,4.716708967029152,5.4044263586597765,True,True
6,2025-08-11,NGW-137,Cl_mg_L,persistence,42,4.44758026541332,3.540089380528774,0.9074908848845462,3.8110420675001024,5.084118463326537,True,False
6,2025-08-11,NGW-137,SO4_mg_L,persistence,42,4.243626264937855,3.5139306516493947,0.72969561328846,3.6977065451729483,4.789545984702761,True,False
6,2025-08-11,NGW-137,NO3_mg_L,persistence,42,3.159125820462427,2.733067964077498,0.4260578563849289,2.4727507822550256,3.845500858669828,True,True
6,2025-08-11,NGW-137,F_mg_L,persistence,42,0.41871033485818504,0.1988508587451652,0.21985947611301984,0.08017981544514391,0.7572408542712261,True,True
6,2025-08-11,NGW-137,Sr_mg_L,persistence,42,0.1680535849962497,0.23111172096338664,-0.06305813596713694,-0.03194641500375031,0.36805358499624974,True,True
6,2025-08-11,NGW-137,SiO2_mg_L,persistence,42,4.096009841541162,4.130354999745133,-0.03434515820397177,3.7796477663290964,4.412371916753227,True,True
6,2025-08-11,NGW-137,Ca_mg_L,expanding_mean_delta,42,3.5355919591457208,3.3509561652254085,0.18463579392031226,3.1722087257213305,3.898975192570111,True,True
6,2025-08-11,NGW-137,Mg_mg_L,expanding_mean_delta,42,2.664629433936895,2.558002204858551,0.10662722907834388,2.2288065290422696,3.1004523388315204,True,True
6,2025-08-11,NGW-137,Na_mg_L,expanding_mean_delta,42,3.6909707378031777,3.5876769486047735,0.10329378919840426,3.1453284688854124,4.236613006720943,True,True
6,2025-08-11,NGW-137,K_mg_L,expanding_mean_delta,42,1.4628839475158641,1.763017000362401,-0.3001330528465369,1.068525399686078,1.8572424953456503,True,True
6,2025-08-11,NGW-137,HCO3_mg_L,expanding_mean_delta,42,4.660094475945337,4.881361491724374,-0.22126701577903685,4.316235780130025,5.003953171760649,True,True
6,2025-08-11,NGW-137,Cl_mg_L,expanding_mean_delta,42,3.882933093518502,3.540089380528774,0.34284371298972793,3.246394895605284,4.519471291431719,True,True
6,2025-08-11,NGW-137,SO4_mg_L,expanding_mean_delta,42,3.8645077472356446,3.5139306516493947,0.35057709558624994,3.318588027470738,4.4104274670005505,True,True
6,2025-08-11,NGW-137,NO3_mg_L,expanding_mean_delta,42,2.80361366280816,2.733067964077498,0.07054569873066185,2.1172386246007586,3.489988701015561,True,True
6,2025-08-11,NGW-137,F_mg_L,expanding_mean_delta,42,0.23554613070827124,0.1988508587451652,0.03669527196310604,-0.10298438870476989,0.5740766501213124,True,True
6,2025-08-11,NGW-137,Sr_mg_L,expanding_mean_delta,42,0.17826708101296235,0.23111172096338664,-0.052844639950424294,-0.021732918987037664,0.37826708101296236,True,True
6,2025-08-11,NGW-137,SiO2_mg_L,expanding_mean_delta,42,4.1380833535293915,4.130354999745133,0.0077283537842580685,3.821721278317326,4.454445428741457,True,True
6,2025-08-11,NGW-137,Ca_mg_L,hydrosheaf_graph_ridge,42,3.635404080372751,3.3509561652254085,0.28444791514734247,3.2720208469483607,3.9987873137971413,True,True
6,2025-08-11,NGW-137,Mg_mg_L,hydrosheaf_graph_ridge,42,2.717250162885482,2.558002204858551,0.1592479580269308,2.2814272579908565,3.1530730677801073,True,True
6,2025-08-11,NGW-137,Na_mg_L,hydrosheaf_graph_ridge,42,3.821000693244811,3.5876769486047735,0.23332374464003758,3.2753584243270457,4.366642962162576,True,True
6,2025-08-11,NGW-137,K_mg_L,hydrosheaf_graph_ridge,42,1.5933407683884306,1.763017000362401,-0.16967623197397042,1.1989822205586445,1.9876993162182168,True,True
6,2025-08-11,NGW-137,HCO3_mg_L,hydrosheaf_graph_ridge,42,4.845160051436263,4.881361491724374,-0.03620144028811101,4.501301355620951,5.189018747251575,True,True
6,2025-08-11,NGW-137,Cl_mg_L,hydrosheaf_graph_ridge,42,3.995113604801627,3.540089380528774,0.45502422427285305,3.3585754068884093,4.631651802714845,True,True
6,2025-08-11,NGW-137,SO4_mg_L,hydrosheaf_graph_ridge,42,3.8916526152469397,3.5139306516493947,0.37772196359754506,3.3457328954820333,4.437572335011846,True,True
6,2025-08-11,NGW-137,NO3_mg_L,hydrosheaf_graph_ridge,42,2.180006923816059,2.733067964077498,-0.5530610402614391,1.4936318856086577,2.86638196202346,True,True
6,2025-08-11,NGW-137,F_mg_L,hydrosheaf_graph_ridge,42,-0.0059107187801593075,0.1988508587451652,-0.2047615775253245,-0.34444123819320044,0.3326198006328818,True,True
6,2025-08-11,NGW-137,Sr_mg_L,hydrosheaf_graph_ridge,42,0.2023739334177711,0.23111172096338664,-0.02873778754561554,0.0023739334177710902,0.4023739334177711,True,True
6,2025-08-11,NGW-137,SiO2_mg_L,hydrosheaf_graph_ridge,42,4.273949746028906,4.130354999745133,0.14359474628377278,3.957587670816841,4.590311821240972,True,True
6,2025-08-11,NGW-153,Ca_mg_L,persistence,42,3.98397150474073,3.634951112088381,0.3490203926523492,3.6205882713163398,4.34735473816512,True,True
6,2025-08-11,NGW-153,Mg_mg_L,persistence,42,2.970414465569701,2.6152036507358583,0.35521081483384265,2.5345915606750755,3.4062373704643263,True,True
6,2025-08-11,NGW-153,Na_mg_L,persistence,42,3.962525987601253,3.4011973816621555,0.5613286059390976,3.4168837186834877,4.508168256519018,True,False
6,2025-08-11,NGW-153,K_mg_L,persistence,42,2.1186622548331173,1.7544036826842861,0.3642585721488312,1.7243037070033311,2.5130208026629037,True,True
6,2025-08-11,NGW-153,HCO3_mg_L,persistence,42,4.9245689249914415,4.838897530841946,0.08567139414949576,4.58071022917613,5.268427620806753,True,True
6,2025-08-11,NGW-153,Cl_mg_L,persistence,42,4.39974375547904,3.740997408376043,0.6587463471029973,3.7632055575658225,5.036281953392257,True,False
6,2025-08-11,NGW-153,SO4_mg_L,persistence,42,4.141705133581938,3.463232772581608,0.6784723610003303,3.595785413817032,4.687624853346844,True,False
6,2025-08-11,NGW-153,NO3_mg_L,persistence,42,3.8205653949393112,3.301008654406723,0.5195567405325883,3.13419035673191,4.506940433146712,True,True
6,2025-08-11,NGW-153,F_mg_L,persistence,42,0.262364264467491,0.4574248470388754,-0.19506058257138442,-0.07616625494555013,0.6008947838805321,True,True
6,2025-08-11,NGW-153,Sr_mg_L,persistence,42,0.15700374880966478,0.1484200051182733,0.008583743691391477,-0.04299625119033523,0.3570037488096648,True,True
6,2025-08-11,NGW-153,SiO2_mg_L,persistence,42,3.9512437185814275,3.933784497209659,0.017459221371768585,3.6348816433693623,4.267605793793493,True,True
6,2025-08-11,NGW-153,Ca_mg_L,expanding_mean_delta,42,3.5432519685759427,3.634951112088381,-0.09169914351243813,3.1798687351515524,3.906635202000333,True,True
6,2025-08-11,NGW-153,Mg_mg_L,expanding_mean_delta,42,2.567456188852177,2.6152036507358583,-0.047747461883681286,2.1316332839575516,3.0032790937468024,True,True
6,2025-08-11,NGW-153,Na_mg_L,expanding_mean_delta,42,3.5344595505919583,3.4011973816621555,0.1332621689298028,2.988817281674193,4.080101819509723,True,True
6,2025-08-11,NGW-153,K_mg_L,expanding_mean_delta,42,1.7781875972775745,1.7544036826842861,0.023783914593288324,1.3838290494477883,2.172546145107361,True,True
6,2025-08-11,NGW-153,HCO3_mg_L,expanding_mean_delta,42,4.524095738092314,4.838897530841946,-0.3148017927496314,4.180237042277003,4.8679544339076255,True,True
6,2025-08-11,NGW-153,Cl_mg_L,expanding_mean_delta,42,3.835096583584222,3.740997408376043,0.09409917520817901,3.1985583856710043,4.471634781497439,True,True
6,2025-08-11,NGW-153,SO4_mg_L,expanding_mean_delta,42,3.7625866158797283,3.463232772581608,0.2993538432981202,3.216666896114822,4.308506335644634,True,True
6,2025-08-11,NGW-153,NO3_mg_L,expanding_mean_delta,42,3.465053237285044,3.301008654406723,0.16404458287832124,2.778678199077643,4.151428275492446,True,True
6,2025-08-11,NGW-153,F_mg_L,expanding_mean_delta,42,0.0792000603175772,0.4574248470388754,-0.3782247867212982,-0.2593304590954639,0.41773057973061833,True,False
6,2025-08-11,NGW-153,Sr_mg_L,expanding_mean_delta,42,0.16721724482637743,0.1484200051182733,0.018797239708104124,-0.032782755173622585,0.3672172448263774,True,True
6,2025-08-11,NGW-153,SiO2_mg_L,expanding_mean_delta,42,3.993317230569658,3.933784497209659,0.05953273335999887,3.6769551553575925,4.3096793057817235,True,True
6,2025-08-11,NGW-153,Ca_mg_L,hydrosheaf_graph_ridge,42,3.3648729268724047,3.634951112088381,-0.27007818521597615,3.0014896934480144,3.728256160296795,True,True
6,2025-08-11,NGW-153,Mg_mg_L,hydrosheaf_graph_ridge,42,2.72540376793168,2.6152036507358583,0.11020011719582179,2.2895808630370547,3.1612266728263054,True,True
6,2025-08-11,NGW-153,Na_mg_L,hydrosheaf_graph_ridge,42,3.410048490291232,3.4011973816621555,0.008851108629076343,2.8644062213734665,3.955690759208997,True,True
6,2025-08-11,NGW-153,K_mg_L,hydrosheaf_graph_ridge,42,1.6155275435703536,1.7544036826842861,-0.1388761391139326,1.2211689957405674,2.0098860914001397,True,True
6,2025-08-11,NGW-153,HCO3_mg_L,hydrosheaf_graph_ridge,42,4.519246776345562,4.838897530841946,-0.3196507544963838,4.175388080530251,4.863105472160873,True,True
6,2025-08-11,NGW-153,Cl_mg_L,hydrosheaf_graph_ridge,42,3.6529355186284307,3.740997408376043,-0.0880618897476122,3.016397320715213,4.289473716541648,True,True
6,2025-08-11,NGW-153,SO4_mg_L,hydrosheaf_graph_ridge,42,3.39621558015601,3.463232772581608,-0.067017192425598,2.8502958603911037,3.9421352999209165,True,True
6,2025-08-11,NGW-153,NO3_mg_L,hydrosheaf_graph_ridge,42,3.3191707452145347,3.301008654406723,0.018162090807811726,2.6327957070071335,4.005545783421936,True,True
6,2025-08-11,NGW-153,F_mg_L,hydrosheaf_graph_ridge,42,0.16593961684732378,0.4574248470388754,-0.29148523019155165,-0.17259090256571735,0.504470136260365,True,True
6,2025-08-11,NGW-153,Sr_mg_L,hydrosheaf_graph_ridge,42,0.20663575406672538,0.1484200051182733,0.05821574894845208,0.006635754066725369,0.40663575406672536,True,True
6,2025-08-11,NGW-153,SiO2_mg_L,hydrosheaf_graph_ridge,42,3.842048787463327,3.933784497209659,-0.09173570974633183,3.525686712251262,4.158410862675392,True,True
7,2025-08-12,NGW-048,Ca_mg_L,persistence,52,3.8416005411316,3.52311998561896,0.31848055551264,3.47821730770721,4.20498377455599,True,True
7,2025-08-12,NGW-048,Mg_mg_L,persistence,52,3.084200921541599,2.4612967841488667,0.6229041373927324,2.6901770084961334,3.4782248345870648,True,False
7,2025-08-12,NGW-048,Na_mg_L,persistence,52,3.8086604924329928,3.677059877308594,0.1316006151243987,3.3026558901040657,4.31466509476192,True,True
7,2025-08-12,NGW-048,K_mg_L,persistence,52,2.0719132752590443,1.4951487660319727,0.5767645092270717,1.695718132292477,2.448108418225612,True,False
7,2025-08-12,NGW-048,HCO3_mg_L,persistence,52,5.163642463221435,4.692539832124998,0.4711026310964366,4.836761734918392,5.490523191524478,True,False
7,2025-08-12,NGW-048,Cl_mg_L,persistence,52,4.120174738923119,3.9900945408483017,0.13008019807481697,3.557501083520217,4.68284839432602,True,True
7,2025-08-12,NGW-048,SO4_mg_L,persistence,52,3.421979920844684,3.5333945512735414,-0.11141463042885746,2.903091162100166,3.940868679589202,True,True
7,2025-08-12,NGW-048,NO3_mg_L,persistence,52,3.710151589389476,2.968874819384108,0.741276770005368,3.031026082047446,4.389277096731506,True,False
7,2025-08-12,NGW-048,F_mg_L,persistence,52,0.3784364357202451,0.31481073984003355,0.06362569588021155,0.04032280520815562,0.7165500662323345,True,True
7,2025-08-12,NGW-048,Sr_mg_L,persistence,52,0.17479329037316305,0.08984070399978947,0.08495258637337358,-0.025206709626836965,0.37479329037316306,True,True
7,2025-08-12,NGW-048,SiO2_mg_L,persistence,52,4.097672352314776,4.119037174812473,-0.021364822497696778,3.7889791823963255,4.406365522233226,True,True
7,2025-08-12,NGW-048,Ca_mg_L,expanding_mean_delta,52,3.3904512765692956,3.52311998561896,-0.13266870904966455,3.0270680431449053,3.753834509993686,True,True
7,2025-08-12,NGW-048,Mg_mg_L,expanding_mean_delta,52,2.672555176660063,2.4612967841488667,0.21125839251119638,2.2785312636145973,3.0665790897055287,True,True
7,2025-08-12,NGW-048,Na_mg_L,expanding_mean_delta,52,3.3856568205393267,3.677059877308594,-0.29140305676926737,2.8796522182104,3.8916614228682533,True,True
7,2025-08-12,NGW-048,K_mg_L,expanding_mean_delta,52,1.7235728733669555,1.4951487660319727,0.22842410733498286,1.3473777304003882,2.099768016333523,True,True
7,2025-08-12,NGW-048,HCO3_mg_L,expanding_mean_delta,52,4.782057757110019,4.692539832124998,0.08951792498502087,4.455177028806976,5.108938485413062,True,True
7,2025-08-12,NGW-048,Cl_mg_L,expanding_mean_delta,52,3.543159478199013,3.9900945408483017,-0.44693506264928873,2.9804858227961115,4.105833133601914,True,True
7,2025-08-12,NGW-048,SO4_mg_L,expanding_mean_delta,52,3.0263154277469924,3.5333945512735414,-0.507079123526549,2.5074266690024745,3.5452041864915103,True,True
7,2025-08-12,NGW-048,NO3_mg_L,expanding_mean_delta,52,3.3714475607347554,2.968874819384108,0.40257274135064725,2.6923220533927252,4.050573068076785,True,True
7,2025-08-12,NGW-048,F_mg_L,expanding_mean_delta,52,0.20889050731025036,0.31481073984003355,-0.10592023252978319,-0.12922312320183912,0.5470041378223398,True,True
7,2025-08-12,NGW-048,Sr_mg_L,expanding_mean_delta,52,0.18306130843132537,0.08984070399978947,0.0932206044315359,-0.01693869156867464,0.38306130843132535,True,True
7,2025-08-12,NGW-048,SiO2_mg_L,expanding_mean_delta,52,4.141986598535069,4.119037174812473,0.02294942372259623,3.8332934286166185,4.450679768453519,True,True
7,2025-08-12,NGW-048,Ca_mg_L,hydrosheaf_graph_ridge,52,3.351471639156691,3.52311998561896,-0.1716483464622689,2.988088405732301,3.7148548725810815,True,True
7,2025-08-12,NGW-048,Mg_mg_L,hydrosheaf_graph_ridge,52,2.7767464219649165,2.4612967841488667,0.31544963781604984,2.382722508919451,3.170770335010382,True,True
7,2025-08-12,NGW-048,Na_mg_L,hydrosheaf_graph_ridge,52,3.4511216544616534,3.677059877308594,-0.22593822284694065,2.9451170521327263,3.9571262567905805,True,True
7,2025-08-12,NGW-048,K_mg_L,hydrosheaf_graph_ridge,52,1.6517014694287406,1.4951487660319727,0.15655270339676797,1.2755063264621733,2.027896612395308,True,True
7,2025-08-12,NGW-048,HCO3_mg_L,hydrosheaf_graph_ridge,52,4.68975720250929,4.692539832124998,-0.0027826296157078545,4.362876474206248,5.016637930812333,True,True
7,2025-08-12,NGW-048,Cl_mg_L,hydrosheaf_graph_ridge,52,3.752640484054374,3.9900945408483017,-0.23745405679392784,3.1899668286514724,4.315314139457275,True,True
7,2025-08-12,NGW-048,SO4_mg_L,hydrosheaf_graph_ridge,52,3.2587399384735662,3.5333945512735414,-0.27465461279997516,2.7398511797290483,3.777628697218084,True,True
7,2025-08-12,NGW-048,NO3_mg_L,hydrosheaf_graph_ridge,52,3.224877693954397,2.968874819384108,0.2560028745702887,2.5457521866123667,3.904003201296427,True,True
7,2025-08-12,NGW-048,F_mg_L,hydrosheaf_graph_ridge,52,0.2998699318335116,0.31481073984003355,-0.014940808006521922,-0.03824369867857785,0.6379835623456012,True,True
7,2025-08-12,NGW-048,Sr_mg_L,hydrosheaf_graph_ridge,52,0.14817981088109866,0.08984070399978947,0.058339106881309194,-0.05182018911890135,0.3481798108810987,True,True
7,2025-08-12,NGW-048,SiO2_mg_L,hydrosheaf_graph_ridge,52,4.124488517863256,4.119037174812473,0.005451343050783208,3.8157953479448055,4.433181687781706,True,True
7,2025-08-12,NGW-064,Ca_mg_L,persistence,52,3.907211448430924,3.4885975719429885,0.4186138764879357,3.543828215006534,4.270594681855314,True,False
7,2025-08-12,NGW-064,Mg_mg_L,persistence,52,2.8684669225081145,2.589266665112243,0.2792002573958716,2.474443009462649,3.26249083555358,True,True
7,2025-08-12,NGW-064,Na_mg_L,persistence,52,4.1655793631505516,3.722797672317397,0.44278169083315433,3.6595747608216245,4.671583965479479,True,True
7,2025-08-12,NGW-064,K_mg_L,persistence,52,1.9837562915454279,1.623340817603092,0.360415473942336,1.6075611485788606,2.3599514345119954,True,True
7,2025-08-12,NGW-064,HCO3_mg_L,persistence,52,5.268991537166208,4.983401121142487,0.28559041602372126,4.942110808863165,5.595872265469251,True,True
7,2025-08-12,NGW-064,Cl_mg_L,persistence,52,4.38589414620037,3.8526975393433314,0.5331966068570391,3.823220490797469,4.9485678016032715,True,True
7,2025-08-12,NGW-064,SO4_mg_L,persistence,52,3.8858843478184513,3.2857865301508276,0.6000978176676237,3.3669955890739334,4.404773106562969,True,False
7,2025-08-12,NGW-064,NO3_mg_L,persistence,52,2.468946630209271,2.1482677326096886,0.32067889759958224,1.7898211228672407,3.148072137551301,True,True
7,2025-08-12,NGW-064,F_mg_L,persistence,52,0.6312717768418579,0.3435897043900769,0.28768207245178096,0.2931581463297684,0.9693854073539474,True,True
7,2025-08-12,NGW-064,Sr_mg_L,persistence,52,0.17395330712343804,0.19638881400539013,-0.02243550688195209,-0.026046692876561972,0.37395330712343805,True,True
7,2025-08-12,NGW-064,SiO2_mg_L,persistence,52,3.66612246699132,4.000033882750859,-0.3339114157595393,3.3574292970728696,3.9748156369097702,True,False
7,2025-08-12,NGW-064,Ca_mg_L,expanding_mean_delta,52,3.4560621838686196,3.4885975719429885,-0.03253538807436884,3.0926789504442294,3.81944541729301,True,True
7,2025-08-12,NGW-064,Mg_mg_L,expanding_mean_delta,52,2.4568211776265785,2.589266665112243,-0.13244548748566443,2.062797264581113,2.850845090672044,True,True
7,2025-08-12,NGW-064,Na_mg_L,expanding_mean_delta,52,3.7425756912568855,3.722797672317397,0.019778018939488273,3.236571088927959,4.248580293585812,True,True
7,2025-08-12,NGW-064,K_mg_L,expanding_mean_delta,52,1.635415889653339,1.623340817603092,0.01207507205024716,1.2592207466867718,2.0116110326199066,True,True
7,2025-08-12,NGW-064,HCO3_mg_L,expanding_mean_delta,52,4.8874068310547925,4.983401121142487,-0.09599429008769444,4.56052610275175,5.214287559357835,True,True
7,2025-08-12,NGW-064,Cl_mg_L,expanding_mean_delta,52,3.8088788854762647,3.8526975393433314,-0.043818653867066626,3.2462052300733633,4.371552540879166,True,True
7,2025-08-12,NGW-064,SO4_mg_L,expanding_mean_delta,52,3.4902198547207597,3.2857865301508276,0.20443332456993213,2.971331095976242,4.009108613465277,True,True
7,2025-08-12,NGW-064,NO3_mg_L,expanding_mean_delta,52,2.13024260155455,2.1482677326096886,-0.018025131055138477,1.45111709421252,2.8093681088965803,True,True
7,2025-08-12,NGW-064,F_mg_L,expanding_mean_delta,52,0.46172584843186315,0.3435897043900769,0.11813614404178624,0.12361221791977367,0.7998394789439527,True,True
7,2025-08-12,NGW-064,Sr_mg_L,expanding_mean_delta,52,0.18222132518160036,0.19638881400539013,-0.014167488823789764,-0.017778674818399648,0.38222132518160035,True,True
7,2025-08-12,NGW-064,SiO2_mg_L,expanding_mean_delta,52,3.710436713211613,4.000033882750859,-0.2895971695392463,3.4017435432931626,4.019129883130063,True,True
7,2025-08-12,NGW-064,Ca_mg_L,hydrosheaf_graph_ridge,52,3.39053666132895,3.4885975719429885,-0.09806091061403865,3.0271534279045595,3.75391989475334,True,True
7,2025-08-12,NGW-064,Mg_mg_L,hydrosheaf_graph_ridge,52,2.461220569089847,2.589266665112243,-0.1280460960223957,2.0671966560443815,2.855244482135313,True,True
7,2025-08-12,NGW-064,Na_mg_L,hydrosheaf_graph_ridge,52,3.825054024036721,3.722797672317397,0.10225635171932357,3.3190494217077937,4.331058626365648,True,True
7,2025-08-12,NGW-064,K_mg_L,hydrosheaf_graph_ridge,52,1.7261643246591865,1.623340817603092,0.10282350705609455,1.3499691816926191,2.102359467625754,True,True
7,2025-08-12,NGW-064,HCO3_mg_L,hydrosheaf_graph_ridge,52,4.934657858038422,4.983401121142487,-0.04874326310406474,4.607777129735379,5.261538586341465,True,True
7,2025-08-12,NGW-064,Cl_mg_L,hydrosheaf_graph_ridge,52,3.8131407481437956,3.8526975393433314,-0.03955679119953581,3.250467092740894,4.375814403546697,True,True
7,2025-08-12,NGW-064,SO4_mg_L,hydrosheaf_graph_ridge,52,3.412668716528143,3.2857865301508276,0.12688218637731552,2.893779957783625,3.931557475272661,True,True
7,2025-08-12,NGW-064,NO3_mg_L,hydrosheaf_graph_ridge,52,2.1999604079065422,2.1482677326096886,0.05169267529685362,1.520834900564512,2.8790859152485724,True,True
7,2025-08-12,NGW-064,F_mg_L,hydrosheaf_graph_ridge,52,0.46807409385864185,0.3435897043900769,0.12448438946856494,0.12996046334655237,0.8061877243707314,True,True
7,2025-08-12,NGW-064,Sr_mg_L,hydrosheaf_graph_ridge,52,0.1876639778063558,0.19638881400539013,-0.00872483619903433,-0.012336022193644214,0.3876639778063558,True,True
7,2025-08-12,NGW-064,SiO2_mg_L,hydrosheaf_graph_ridge,52,3.7398003171287386,4.000033882750859,-0.26023356562212063,3.4311071472102883,4.048493487047189,True,True
7,2025-08-12,NGW-141,Ca_mg_L,persistence,52,3.9651845535423784,3.6768068728796672,0.2883776806627112,3.601801320117988,4.328567786966769,True,True
7,2025-08-12,NGW-141,Mg_mg_L,persistence,52,3.11529150861163,2.6878474937846906,0.4274440148269396,2.7212675955661645,3.509315421657096,True,False
7,2025-08-12,NGW-141,Na_mg_L,persistence,52,4.04795152265239,3.731220294603461,0.31673122804892895,3.541946920323463,4.553956124981317,True,True
7,2025-08-12,NGW-141,K_mg_L,persistence,52,1.9315214116032138,1.4701758451005926,0.46134556650262115,1.5553262686366465,2.3077165545697813,True,False
7,2025-08-12,NGW-141,HCO3_mg_L,persistence,52,5.135327738053574,4.8579502064306075,0.2773775316229665,4.808447009750531,5.462208466356617,True,True
7,2025-08-12,NGW-141,Cl_mg_L,persistence,52,4.623599321456458,3.93241369507588,0.6911856263805785,4.060925666053557,5.186272976859359,True,False
7,2025-08-12,NGW-141,SO4_mg_L,persistence,52,3.5882300459640066,3.765145809567386,-0.17691576360337935,3.0693412872194887,4.1071188047085245,True,True
7,2025-08-12,NGW-141,NO3_mg_L,persistence,52,2.664446563620078,3.222469360378331,-0.558022796758253,1.985321056278048,3.343572070962108,True,True
7,2025-08-12,NGW-141,F_mg_L,persistence,52,0.5653138090500605,0.4762341789963716,0.08907963005368885,0.22720017853797098,0.90342743956215,True,True
7,2025-08-12,NGW-141,Sr_mg_L,persistence,52,0.19638881400539013,0.1414995622736995,0.054889251731690625,-0.0036111859946098834,0.39638881400539017,True,True
7,2025-08-12,NGW-141,SiO2_mg_L,persistence,52,4.252771798816619,3.9926809084456005,0.2600908903710186,3.944078628898169,4.561464968735069,True,True
7,2025-08-12,NGW-141,Ca_mg_L,expanding_mean_delta,52,3.514035288980074,3.6768068728796672,-0.16277158389959334,3.1506520555556836,3.877418522404464,True,True
7,2025-08-12,NGW-141,Mg_mg_L,expanding_mean_delta,52,2.703645763730094,2.6878474937846906,0.015798269945403565,2.3096218506846284,3.09766967677556,True,True
7,2025-08-12,NGW-141,Na_mg_L,expanding_mean_delta,52,3.624947850758724,3.731220294603461,-0.10627244384473711,3.1189432484297974,4.130952453087651,True,True
7,2025-08-12,NGW-141,K_mg_L,expanding_mean_delta,52,1.583181009711125,1.4701758451005926,0.11300516461053234,1.2069858667445577,1.9593761526776923,True,True
7,2025-08-12,NGW-141,HCO3_mg_L,expanding_mean_delta,52,4.753743031942158,4.8579502064306075,-0.10420717448844918,4.4268623036391155,5.080623760245201,True,True
7,2025-08-12,NGW-141,Cl_mg_L,expanding_mean_delta,52,4.046584060732353,3.93241369507588,0.11417036565647276,3.483910405329451,4.609257716135254,True,True
7,2025-08-12,NGW-141,SO4_mg_L,expanding_mean_delta,52,3.192565552866315,3.765145809567386,-0.5725802567010709,2.673676794121797,3.711454311610833,True,False
7,2025-08-12,NGW-141,NO3_mg_L,expanding_mean_delta,52,2.3257425349653573,3.222469360378331,-0.8967268254129737,1.6466170276233272,3.0048680423073875,True,False
7,2025-08-12,NGW-141,F_mg_L,expanding_mean_delta,52,0.39576788064006574,0.4762341789963716,-0.08046629835630587,0.05765425012797626,0.7338815111521553,True,True
7,2025-08-12,NGW-141,Sr_mg_L,expanding_mean_delta,52,0.20465683206355245,0.1414995622736995,0.06315726978985295,0.004656832063552441,0.40465683206355246,True,True
7,2025-08-12,NGW-141,SiO2_mg_L,expanding_mean_delta,52,4.297086045036912,3.9926809084456005,0.30440513659131163,3.988392875118462,4.605779214955362,True,True
7,2025-08-12,NGW-141,Ca_mg_L,hydrosheaf_graph_ridge,52,3.510344164774354,3.6768068728796672,-0.16646270810531316,3.146960931349964,3.8737273981987443,True,True
7,2025-08-12,NGW-141,Mg_mg_L,hydrosheaf_graph_ridge,52,2.694419382291456,2.6878474937846906,0.0065718885067656,2.3003954692459905,3.088443295336922,True,True
7,2025-08-12,NGW-141,Na_mg_L,hydrosheaf_graph_ridge,52,3.653484561982414,3.731220294603461,-0.07773573262104705,3.147479959653487,4.159489164311341,True,True
7,2025-08-12,NGW-141,K_mg_L,hydrosheaf_graph_ridge,52,1.9122444962341896,1.4701758451005926,0.44206865113359695,1.5360493532676223,2.288439639200757,True,False
7,2025-08-12,NGW-141,HCO3_mg_L,hydrosheaf_graph_ridge,52,4.870876880635388,4.8579502064306075,0.01292667420478022,4.543996152332345,5.1977576089384305,True,True
7,2025-08-12,NGW-141,Cl_mg_L,hydrosheaf_graph_ridge,52,4.057575600214733,3.93241369507588,0.12516190513885306,3.4949019448118315,4.620249255617634,True,True
7,2025-08-12,NGW-141,SO4_mg_L,hydrosheaf_graph_ridge,52,3.19427941088695,3.765145809567386,-0.5708663986804359,2.675390652142432,3.713168169631468,True,False
7,2025-08-12,NGW-141,NO3_mg_L,hydrosheaf_graph_ridge,52,2.675076851376384,3.222469360378331,-0.5473925090019471,1.9959513440343537,3.354202358718414,True,True
7,2025-08-12,NGW-141,F_mg_L,hydrosheaf_graph_ridge,52,0.3794981558700564,0.4762341789963716,-0.09673602312631518,0.04138452535796694,0.7176117863821458,True,True
7,2025-08-12,NGW-141,Sr_mg_L,hydrosheaf_graph_ridge,52,0.1856714898120783,0.1414995622736995,0.044171927538378786,-0.014328510187921722,0.3856714898120783,True,True
7,2025-08-12,NGW-141,SiO2_mg_L,hydrosheaf_graph_ridge,52,4.296049060785686,3.9926809084456005,0.3033681523400853,3.9873558908672355,4.604742230704136,True,True
7,2025-08-12,NGW-148,Ca_mg_L,persistence,52,3.709906821306012,3.5010427166318716,0.20886410467414018,3.3465235878816215,4.073290054730402,True,True
7,2025-08-12,NGW-148,Mg_mg_L,persistence,52,3.206398303357088,2.3933394562625097,0.8130588470945783,2.8123743903116223,3.6004222164025537,True,False
7,2025-08-12,NGW-148,Na_mg_L,persistence,52,3.86094021519883,3.5281236752345424,0.3328165399642877,3.3549356128699035,4.366944817527757,True,True
7,2025-08-12,NGW-148,K_mg_L,persistence,52,1.8500283773520307,1.780024213009634,0.07000416434239676,1.4738332343854634,2.226223520318598,True,True
7,2025-08-12,NGW-148,HCO3_mg_L,persistence,52,5.122653597418148,4.65386510752685,0.4687884898912982,4.795772869115106,5.449534325721191,True,False
7,2025-08-12,NGW-148,Cl_mg_L,persistence,52,4.2642279738954265,3.661251286996462,0.6029766868989643,3.701554318492525,4.826901629298328,True,False
7,2025-08-12,NGW-148,SO4_mg_L,persistence,52,3.700066643504501,3.5151211279804695,0.18494551552403138,3.181177884759983,4.218955402249018,True,True
7,2025-08-12,NGW-148,NO3_mg_L,persistence,52,3.916214210046614,4.020698022053802,-0.10448381200718782,3.237088702704584,4.595339717388644,True,True
7,2025-08-12,NGW-148,F_mg_L,persistence,52,0.6523251860396903,0.5596157879354227,0.09270939810426759,0.31421155552760077,0.9904388165517797,True,True
7,2025-08-12,NGW-148,Sr_mg_L,persistence,52,0.13190507087993858,0.14755756435761466,-0.015652493477676083,-0.06809492912006143,0.3319050708799386,True,True
7,2025-08-12,NGW-148,SiO2_mg_L,persistence,52,3.906004933102583,4.11414718951828,-0.20814225641569717,3.5973117631841327,4.214698103021033,True,True
7,2025-08-12,NGW-148,Ca_mg_L,expanding_mean_delta,52,3.2587575567437073,3.5010427166318716,-0.24228515988816435,2.895374323319317,3.6221407901680975,True,True
7,2025-08-12,NGW-148,Mg_mg_L,expanding_mean_delta,52,2.794752558475552,2.3933394562625097,0.40141310221304227,2.4007286454300862,3.1887764715210176,True,False
7,2025-08-12,NGW-148,Na_mg_L,expanding_mean_delta,52,3.437936543305164,3.5281236752345424,-0.09018713192937833,2.931931940976237,3.943941145634091,True,True
7,2025-08-12,NGW-148,K_mg_L,expanding_mean_delta,52,1.501687975459942,1.780024213009634,-0.27833623754969206,1.1254928324933746,1.8778831184265092,True,True
7,2025-08-12,NGW-148,HCO3_mg_L,expanding_mean_delta,52,4.741068891306733,4.65386510752685,0.08720378377988247,4.41418816300369,5.0679496196097755,True,True
7,2025-08-12,NGW-148,Cl_mg_L,expanding_mean_delta,52,3.687212713171321,3.661251286996462,0.025961426174858637,3.1245390577684193,4.249886368574222,True,True
7,2025-08-12,NGW-148,SO4_mg_L,expanding_mean_delta,52,3.3044021504068093,3.5151211279804695,-0.2107189775736602,2.7855133916622914,3.823290909151327,True,True
7,2025-08-12,NGW-148,NO3_mg_L,expanding_mean_delta,52,3.5775101813918933,4.020698022053802,-0.4431878406619085,2.898384674049863,4.256635688733923,True,True
7,2025-08-12,NGW-148,F_mg_L,expanding_mean_delta,52,0.48277925762969554,0.5596157879354227,-0.07683653030572712,0.14466562711760605,0.820892888141785,True,True
7,2025-08-12,NGW-148,Sr_mg_L,expanding_mean_delta,52,0.1401730889381009,0.14755756435761466,-0.0073844754195137585,-0.05982691106189911,0.34017308893810094,True,True
7,2025-08-12,NGW-148,SiO2_mg_L,expanding_mean_delta,52,3.950319179322876,4.11414718951828,-0.16382801019540416,3.6416260094044257,4.259012349241326,True,True
7,2025-08-12,NGW-148,Ca_mg_L,hydrosheaf_graph_ridge,52,3.4267514489614417,3.5010427166318716,-0.07429126767042993,3.0633682155370514,3.790134682385832,True,True
7,2025-08-12,NGW-148,Mg_mg_L,hydrosheaf_graph_ridge,52,2.773460245086901,2.3933394562625097,0.3801207888243914,2.3794363320414353,3.1674841581323667,True,True
7,2025-08-12,NGW-148,Na_mg_L,hydrosheaf_graph_ridge,52,3.3916023056603803,3.5281236752345424,-0.13652136957416205,2.8855977033314533,3.8976069079893074,True,True
7,2025-08-12,NGW-148,K_mg_L,hydrosheaf_graph_ridge,52,1.6530752669042197,1.780024213009634,-0.1269489461054143,1.2768801239376524,2.029270409870787,True,True
7,2025-08-12,NGW-148,HCO3_mg_L,hydrosheaf_graph_ridge,52,4.839726575756645,4.65386510752685,0.18586146822979455,4.512845847453602,5.166607304059688,True,True
7,2025-08-12,NGW-148,Cl_mg_L,hydrosheaf_graph_ridge,52,3.836168503622591,3.661251286996462,0.1749172166261288,3.2734948482196895,4.3988421590254925,True,True
7,2025-08-12,NGW-148,SO4_mg_L,hydrosheaf_graph_ridge,52,3.134678356278248,3.5151211279804695,-0.3804427717022216,2.61578959753373,3.6535671150227658,True,True
7,2025-08-12,NGW-148,NO3_mg_L,hydrosheaf_graph_ridge,52,3.626300726120168,4.020698022053802,-0.3943972959336337,2.947175218778138,4.305426233462198,True,True
7,2025-08-12,NGW-148,F_mg_L,hydrosheaf_graph_ridge,52,0.5142080910499942,0.5596157879354227,-0.04540769688542845,0.17609446053790473,0.8523217215620837,True,True
7,2025-08-12,NGW-148,Sr_mg_L,hydrosheaf_graph_ridge,52,0.11351863380955823,0.14755756435761466,-0.03403893054805643,-0.08648136619044178,0.31351863380955824,True,True
7,2025-08-12,NGW-148,SiO2_mg_L,hydrosheaf_graph_ridge,52,3.8942587553598296,4.11414718951828,-0.2198884341584506,3.5855655854413793,4.202951925278279,True,True
7,2025-08-12,NGW-160,Ca_mg_L,persistence,52,3.955274047422461,3.4445761049641,0.5106979424583606,3.5918908139980705,4.3186572808468515,True,False
7,2025-08-12,NGW-160,Mg_mg_L,persistence,52,2.845490610223448,2.4865719291070616,0.3589186811163865,2.4514666971779824,3.2395145232689138,True,True
7,2025-08-12,NGW-160,Na_mg_L,persistence,52,3.8284239815518326,3.5040547671018634,0.32436921444996925,3.3224193792229055,4.33442858388076,True,True
7,2025-08-12,NGW-160,K_mg_L,persistence,52,2.0228711901914416,1.6524974018945473,0.37037378829689427,1.6466760472248743,2.399066333158009,True,True
7,2025-08-12,NGW-160,HCO3_mg_L,persistence,52,5.19833127167211,4.668332760945732,0.5299985107263785,4.871450543369067,5.525211999975153,True,False
7,2025-08-12,NGW-160,Cl_mg_L,persistence,52,4.3342796761761475,3.6615082573178044,0.6727714188583431,3.771606020773246,4.8969533315790486,True,False
7,2025-08-12,NGW-160,SO4_mg_L,persistence,52,3.086943153607375,3.4317265866969784,-0.34478343308960335,2.568054394862857,3.605831912351893,True,True
7,2025-08-12,NGW-160,NO3_mg_L,persistence,52,3.749033376933683,3.5986811861957873,0.15035219073789596,3.069907869591653,4.428158884275714,True,True
7,2025-08-12,NGW-160,F_mg_L,persistence,52,0.3920420877760237,0.3506568716131694,0.04138521616285429,0.05392845726393419,0.7301557182881131,True,True
7,2025-08-12,NGW-160,Sr_mg_L,persistence,52,0.126632650933366,0.14236724128692196,-0.015734590353555955,-0.073367349066634,0.326632650933366,True,True
7,2025-08-12,NGW-160,SiO2_mg_L,persistence,52,4.229749199228304,4.188138441508461,0.041610757719842795,3.9210560293098538,4.538442369146754,True,True
7,2025-08-12,NGW-160,Ca_mg_L,expanding_mean_delta,52,3.5041247828601563,3.4445761049641,0.05954867789605611,3.140741549435766,3.8675080162845465,True,True
7,2025-08-12,NGW-160,Mg_mg_L,expanding_mean_delta,52,2.433844865341912,2.4865719291070616,-0.05272706376514957,2.0398209522964463,2.8278687783873777,True,True
7,2025-08-12,NGW-160,Na_mg_L,expanding_mean_delta,52,3.4054203096581666,3.5040547671018634,-0.09863445744369681,2.89941570732924,3.911424911987093,True,True
7,2025-08-12,NGW-160,K_mg_L,expanding_mean_delta,52,1.6745307882993528,1.6524974018945473,0.022033386404805455,1.2983356453327854,2.0507259312659203,True,True
7,2025-08-12,NGW-160,HCO3_mg_L,expanding_mean_delta,52,4.8167465655606945,4.668332760945732,0.14841380461496279,4.489865837257652,5.143627293863737,True,True
7,2025-08-12,NGW-160,Cl_mg_L,expanding_mean_delta,52,3.757264415452042,3.6615082573178044,0.09575615813423743,3.1945907600491403,4.319938070854943,True,True
7,2025-08-12,NGW-160,SO4_mg_L,expanding_mean_delta,52,2.6912786605096835,3.4317265866969784,-0.7404479261872949,2.1723899017651656,3.2101674192542013,True,False
7,2025-08-12,NGW-160,NO3_mg_L,expanding_mean_delta,52,3.4103293482789625,3.5986811861957873,-0.18835183791682475,2.7312038409369324,4.089454855620993,True,True
7,2025-08-12,NGW-160,F_mg_L,expanding_mean_delta,52,0.22249615936602893,0.3506568716131694,-0.12816071224714046,-0.11561747114606055,0.5606097898781184,True,True
7,2025-08-12,NGW-160,Sr_mg_L,expanding_mean_delta,52,0.13490066899152833,0.14236724128692196,-0.007466572295393631,-0.06509933100847168,0.33490066899152837,True,True
7,2025-08-12,NGW-160,SiO2_mg_L,expanding_mean_delta,52,4.274063445448597,4.188138441508461,0.0859250039401358,3.9653702755301468,4.582756615367047,True,True
7,2025-08-12,NGW-160,Ca_mg_L,hydrosheaf_graph_ridge,52,3.5951150696808933,3.4445761049641,0.15053896471679318,3.231731836256503,3.9584983031052836,True,True
7,2025-08-12,NGW-160,Mg_mg_L,hydrosheaf_graph_ridge,52,2.52867170353591,2.4865719291070616,0.04209977442884849,2.1346477904904444,2.9226956165813758,True,True
7,2025-08-12,NGW-160,Na_mg_L,hydrosheaf_graph_ridge,52,3.511501472320309,3.5040547671018634,0.007446705218445704,3.005496869991382,4.017506074649236,True,True
7,2025-08-12,NGW-160,K_mg_L,hydrosheaf_graph_ridge,52,1.6213939038945777,1.6524974018945473,-0.031103497999969587,1.2451987609280104,1.997589046861145,True,True
7,2025-08-12,NGW-160,HCO3_mg_L,hydrosheaf_graph_ridge,52,4.870478506803951,4.668332760945732,0.20214574585821943,4.543597778500908,5.197359235106994,True,True
7,2025-08-12,NGW-160,Cl_mg_L,hydrosheaf_graph_ridge,52,3.9423945533754963,3.6615082573178044,0.2808862960576919,3.379720897972595,4.505068208778398,True,True
7,2025-08-12,NGW-160,SO4_mg_L,hydrosheaf_graph_ridge,52,2.91455286427636,3.4317265866969784,-0.5171737224206185,2.395664105531842,3.4334416230208777,True,True
7,2025-08-12,NGW-160,NO3_mg_L,hydrosheaf_graph_ridge,52,3.7595108924147653,3.5986811861957873,0.16082970621897807,3.080385385072735,4.4386363997567955,True,True
7,2025-08-12,NGW-160,F_mg_L,hydrosheaf_graph_ridge,52,0.4369022900762349,0.3506568716131694,0.08624541846306549,0.0987886595641454,0.7750159205883244,True,True
7,2025-08-12,NGW-160,Sr_mg_L,hydrosheaf_graph_ridge,52,0.13654328396388452,0.14236724128692196,-0.005823957323037449,-0.0634567160361155,0.33654328396388455,True,True
7,2025-08-12,NGW-160,SiO2_mg_L,hydrosheaf_graph_ridge,52,4.230564731341999,4.188138441508461,0.04242628983353747,3.9218715614235484,4.539257901260449,True,True
8,2025-08-13,NGW-022,Ca_mg_L,persistence,57,3.7916616487569623,3.590439381300684,0.20122226745627847,3.4431212098754003,4.140202087638524,True,True
8,2025-08-13,NGW-022,Mg_mg_L,persistence,57,3.0878555624297968,2.5556757206762075,0.5321798417535892,2.701302176675666,3.4744089481839273,True,False
8,2025-08-13,NGW-022,Na_mg_L,persistence,57,3.9241491852259864,3.571221410645704,0.35292777458028235,3.428218608240317,4.420079762211656,True,True
8,2025-08-13,NGW-022,K_mg_L,persistence,57,1.7191887763932197,1.673351238177753,0.045837538215466545,1.3332373276574097,2.1051402251290297,True,True
8,2025-08-13,NGW-022,HCO3_mg_L,persistence,57,5.175414999446702,4.9005971888873185,0.2748178105593837,4.85255092325847,5.498279075634935,True,True
8,2025-08-13,NGW-022,Cl_mg_L,persistence,57,4.079738409832738,3.562749176969724,0.5169892328630143,3.5556922222615217,4.603784597403955,True,True
8,2025-08-13,NGW-022,SO4_mg_L,persistence,57,4.0285608216760975,3.679586407202344,0.34897441447375366,3.4962945166086103,4.560827126743585,True,True
8,2025-08-13,NGW-022,NO3_mg_L,persistence,57,4.076519977309548,3.4986265269937014,0.5778934503158468,3.408426571388045,4.7446133832310515,True,True
8,2025-08-13,NGW-022,F_mg_L,persistence,57,0.4054651081081644,0.4510756193602166,-0.04561051125205223,0.06768435776964865,0.7432458584466801,True,True
8,2025-08-13,NGW-022,Sr_mg_L,persistence,57,0.1889660995126232,0.2499802052677694,-0.06101410575514621,-0.011033900487376819,0.3889660995126232,True,True
8,2025-08-13,NGW-022,SiO2_mg_L,persistence,57,3.9473901492654373,3.676300671907076,0.2710894773583612,3.640862668439185,4.253917630091689,True,True
8,2025-08-13,NGW-022,Ca_mg_L,expanding_mean_delta,57,3.349472246703706,3.590439381300684,-0.24096713459697794,3.000931807822144,3.698012685585268,True,True
8,2025-08-13,NGW-022,Mg_mg_L,expanding_mean_delta,57,2.668432673453194,2.5556757206762075,0.11275695277698627,2.2818792876990632,3.0549860592073244,True,True
8,2025-08-13,NGW-022,Na_mg_L,expanding_mean_delta,57,3.511087953175261,3.571221410645704,-0.0601334574704433,3.015157376189591,4.007018530160931,True,True
8,2025-08-13,NGW-022,K_mg_L,expanding_mean_delta,57,1.3691430851528699,1.673351238177753,-0.30420815302488324,0.9831916364170599,1.7550945338886799,True,True
8,2025-08-13,NGW-022,HCO3_mg_L,expanding_mean_delta,57,4.791638467917677,4.9005971888873185,-0.10895872096964165,4.468774391729444,5.1145025441059095,True,True
8,2025-08-13,NGW-022,Cl_mg_L,expanding_mean_delta,57,3.5071944783463658,3.562749176969724,-0.055554698623358156,2.983148290775149,4.031240665917583,True,True
8,2025-08-13,NGW-022,SO4_mg_L,expanding_mean_delta,57,3.6649383103225928,3.679586407202344,-0.014648096879751105,3.1326720052551056,4.19720461539008,True,True
8,2025-08-13,NGW-022,NO3_mg_L,expanding_mean_delta,57,3.7578811924038837,3.4986265269937014,0.2592546654101824,3.089787786482381,4.425974598325387,True,True
8,2025-08-13,NGW-022,F_mg_L,expanding_mean_delta,57,0.24071299775776914,0.4510756193602166,-0.21036262160244748,-0.0970677525807466,0.5784937480962848,True,True
8,2025-08-13,NGW-022,Sr_mg_L,expanding_mean_delta,57,0.19499974322547514,0.2499802052677694,-0.05498046204229426,-0.005000256774524869,0.39499974322547515,True,True
8,2025-08-13,NGW-022,SiO2_mg_L,expanding_mean_delta,57,3.99240870452925,3.676300671907076,0.3161080326221737,3.6858812237029976,4.298936185355502,True,False
8,2025-08-13,NGW-022,Ca_mg_L,hydrosheaf_graph_ridge,57,3.49587745743637,3.590439381300684,-0.09456192386431406,3.1473370185548077,3.844417896317932,True,True
8,2025-08-13,NGW-022,Mg_mg_L,hydrosheaf_graph_ridge,57,2.477641518526724,2.5556757206762075,-0.07803420214948353,2.0910881327725934,2.8641949042808545,True,True
8,2025-08-13,NGW-022,Na_mg_L,hydrosheaf_graph_ridge,57,3.7025996829955856,3.571221410645704,0.13137827234988153,3.206669106009916,4.198530259981255,True,True
8,2025-08-13,NGW-022,K_mg_L,hydrosheaf_graph_ridge,57,1.42265338566173,1.673351238177753,-0.25069785251602306,1.03670193692592,1.80860483439754,True,True
8,2025-08-13,NGW-022,HCO3_mg_L,hydrosheaf_graph_ridge,57,4.881571207012607,4.9005971888873185,-0.019025981874711384,4.5587071308243745,5.20443528320084,True,True
8,2025-08-13,NGW-022,Cl_mg_L,hydrosheaf_graph_ridge,57,3.5684054092270374,3.562749176969724,0.005656232257313487,3.044359221655821,4.092451596798254,True,True
8,2025-08-13,NGW-022,SO4_mg_L,hydrosheaf_graph_ridge,57,3.500155737781664,3.679586407202344,-0.17943066942067976,2.967889432714177,4.032422042849151,True,True
8,2025-08-13,NGW-022,NO3_mg_L,hydrosheaf_graph_ridge,57,3.838250859171059,3.4986265269937014,0.33962433217735777,3.170157453249556,4.5063442650925625,True,True
8,2025-08-13,NGW-022,F_mg_L,hydrosheaf_graph_ridge,57,0.3301528488380394,0.4510756193602166,-0.1209227705221772,-0.0076279015004763195,0.6679335991765551,True,True
8,2025-08-13,NGW-022,Sr_mg_L,hydrosheaf_graph_ridge,57,0.19655731487869518,0.2499802052677694,-0.05342289038907422,-0.003442685121304828,0.39655731487869517,True,True
8,2025-08-13,NGW-022,SiO2_mg_L,hydrosheaf_graph_ridge,57,3.9094150614621475,3.676300671907076,0.23311438955507136,3.6028875806358953,4.215942542288399,True,True
8,2025-08-13,NGW-027,Ca_mg_L,persistence,57,3.920982746799618,3.6943643843445058,0.22661836245511235,3.572442307918056,4.26952318568118,True,True
8,2025-08-13,NGW-027,Mg_mg_L,persistence,57,2.67827804276854,2.758109400974947,-0.07983135820640719,2.2917246570144094,3.0648314285226705,True,True
8,2025-08-13,NGW-027,Na_mg_L,persistence,57,4.384024637336554,3.7152779279684673,0.668746709368087,3.888094060350885,4.879955214322224,True,False
8,2025-08-13,NGW-027,K_mg_L,persistence,57,1.7263316639055997,1.8625285401162623,-0.13619687621066268,1.3403802151697897,2.1122831126414097,True,True
8,2025-08-13,NGW-027,HCO3_mg_L,persistence,57,5.374444726935588,5.018405031360617,0.35603969557497095,5.051580650747355,5.69730880312382,True,False
8,2025-08-13,NGW-027,Cl_mg_L,persistence,57,4.3357208817973705,3.9604321446358335,0.375288737161537,3.811674694226154,4.859767069368587,True,True
8,2025-08-13,NGW-027,SO4_mg_L,persistence,57,4.333755086000182,3.920982746799618,0.412772339200564,3.801488780932695,4.86602139106767,True,True
8,2025-08-13,NGW-027,NO3_mg_L,persistence,57,2.502255288122613,2.6093342281630525,-0.10707894004043927,1.83416188220111,3.170348694044116,True,True
8,2025-08-13,NGW-027,F_mg_L,persistence,57,0.3987761199573678,0.33647223662121295,0.06230388333615483,0.06099536961885205,0.7365568702958836,True,True
8,2025-08-13,NGW-027,Sr_mg_L,persistence,57,0.1889660995126232,0.25386672395705034,-0.06490062444442715,-0.011033900487376819,0.3889660995126232,True,True
8,2025-08-13,NGW-027,SiO2_mg_L,persistence,57,3.8480176754522337,3.9740583963475986,-0.1260407208953649,3.5414901946259816,4.154545156278486,True,True
8,2025-08-13,NGW-027,Ca_mg_L,expanding_mean_delta,57,3.4787933447463617,3.6943643843445058,-0.21557103959814405,3.1302529058647997,3.8273337836279238,True,True
8,2025-08-13,NGW-027,Mg_mg_L,expanding_mean_delta,57,2.258855153791937,2.758109400974947,-0.49925424718301015,1.8723017680378065,2.6454085395460676,True,False
8,2025-08-13,NGW-027,Na_mg_L,expanding_mean_delta,57,3.9709634052858287,3.7152779279684673,0.25568547731736135,3.475032828300159,4.466893982271499,True,True
8,2025-08-13,NGW-027,K_mg_L,expanding_mean_delta,57,1.3762859726652499,1.8625285401162623,-0.48624256745101246,0.9903345239294399,1.7622374214010599,True,False
8,2025-08-13,NGW-027,HCO3_mg_L,expanding_mean_delta,57,4.990668195406563,5.018405031360617,-0.027736835954053518,4.667804119218331,5.313532271594796,True,True
8,2025-08-13,NGW-027,Cl_mg_L,expanding_mean_delta,57,3.763176950310998,3.9604321446358335,-0.19725519432483551,3.2391307627397814,4.287223137882215,True,True
8,2025-08-13,NGW-027,SO4_mg_L,expanding_mean_delta,57,3.9701325746466773,3.920982746799618,0.049149827847059235,3.43786626957919,4.502398879714165,True,True
8,2025-08-13,NGW-027,NO3_mg_L,expanding_mean_delta,57,2.183616503216949,2.6093342281630525,-0.4257177249461037,1.5155230972954457,2.851709909138452,True,True
8,2025-08-13,NGW-027,F_mg_L,expanding_mean_delta,57,0.23402400960697253,0.33647223662121295,-0.10244822701424042,-0.1037567407315432,0.5718047599454883,True,True
8,2025-08-13,NGW-027,Sr_mg_L,expanding_mean_delta,57,0.19499974322547514,0.25386672395705034,-0.0588669807315752,-0.005000256774524869,0.39499974322547515,True,True
8,2025-08-13,NGW-027,SiO2_mg_L,expanding_mean_delta,57,3.893036230716046,3.9740583963475986,-0.0810221656315524,3.586508749889794,4.199563711542298,True,True
8,2025-08-13,NGW-027,Ca_mg_L,hydrosheaf_graph_ridge,57,3.4111497768465453,3.6943643843445058,-0.28321460749796046,3.0626093379649832,3.7596902157281074,True,True
8,2025-08-13,NGW-027,Mg_mg_L,hydrosheaf_graph_ridge,57,2.306190465961815,2.758109400974947,-0.4519189350131323,1.9196370802076843,2.6927438517159454,True,False
8,2025-08-13,NGW-027,Na_mg_L,hydrosheaf_graph_ridge,57,3.8780013833467106,3.7152779279684673,0.1627234553782433,3.3820708063610407,4.3739319603323805,True,True
8,2025-08-13,NGW-027,K_mg_L,hydrosheaf_graph_ridge,57,1.765456794594441,1.8625285401162623,-0.0970717455218213,1.379505345858631,2.151408243330251,True,True
8,2025-08-13,NGW-027,HCO3_mg_L,hydrosheaf_graph_ridge,57,4.976316784965236,5.018405031360617,-0.04208824639538111,4.653452708777003,5.299180861153468,True,True
8,2025-08-13,NGW-027,Cl_mg_L,hydrosheaf_graph_ridge,57,3.6295797187791905,3.9604321446358335,-0.330852425856643,3.105533531207974,4.153625906350407,True,True
8,2025-08-13,NGW-027,SO4_mg_L,hydrosheaf_graph_ridge,57,4.091870331194982,3.920982746799618,0.17088758439536367,3.5596040261274946,4.624136636262469,True,True
8,2025-08-13,NGW-027,NO3_mg_L,hydrosheaf_graph_ridge,57,2.161246840676041,2.6093342281630525,-0.4480873874870115,1.4931534347545379,2.8293402465975444,True,True
8,2025-08-13,NGW-027,F_mg_L,hydrosheaf_graph_ridge,57,0.3032159511194872,0.33647223662121295,-0.03325628550172577,-0.03456479921902855,0.6409967014580029,True,True
8,2025-08-13,NGW-027,Sr_mg_L,hydrosheaf_graph_ridge,57,0.17634203223453346,0.25386672395705034,-0.07752469172251689,-0.023657967765466553,0.37634203223453344,True,True
8,2025-08-13,NGW-027,SiO2_mg_L,hydrosheaf_graph_ridge,57,3.9623334642311243,3.9740583963475986,-0.011724932116474296,3.655805983404872,4.2688609450573765,True,True
8,2025-08-13,NGW-034,Ca_mg_L,persistence,57,3.976873977747762,3.4815477343158143,0.49532624343194787,3.6283335388662,4.325414416629324,True,False
8,2025-08-13,NGW-034,Mg_mg_L,persistence,57,3.0421386463681466,2.4096441652874536,0.632494481080693,2.655585260614016,3.428692032122277,True,False
8,2025-08-13,NGW-034,Na_mg_L,persistence,57,4.24577726598231,3.7954891891721947,0.4502880768101156,3.749846688996641,4.74170784296798,True,True
8,2025-08-13,NGW-034,K_mg_L,persistence,57,1.958685340544036,1.6467336971777973,0.3119516433662388,1.572733891808226,2.344636789279846,True,True
8,2025-08-13,NGW-034,HCO3_mg_L,persistence,57,5.338643238019602,4.873669439023098,0.46497379899650326,5.015779161831369,5.661507314207834,True,False
8,2025-08-13,NGW-034,Cl_mg_L,persistence,57,4.26619481914876,3.5046560900303856,0.7615387291183744,3.7421486315775434,4.7902410067199765,True,False
8,2025-08-13,NGW-034,SO4_mg_L,persistence,57,3.9560398908449206,3.761665123839584,0.1943747670053364,3.4237735857774334,4.488306195912408,True,True
8,2025-08-13,NGW-034,NO3_mg_L,persistence,57,3.8015382722528743,3.9219733362813143,-0.12043506402843995,3.133444866331371,4.469631678174378,True,True
8,2025-08-13,NGW-034,F_mg_L,persistence,57,0.4510756193602166,0.3987761199573678,0.05229949940284884,0.11329486902170088,0.7888563696987323,True,True
8,2025-08-13,NGW-034,Sr_mg_L,persistence,57,0.22554067591393126,0.24920108563349938,-0.02366040971956812,0.02554067591393125,0.4255406759139313,True,True
8,2025-08-13,NGW-034,SiO2_mg_L,persistence,57,4.110873864173311,4.051784947803305,0.05908891637000657,3.804346383347059,4.417401344999563,True,True
8,2025-08-13,NGW-034,Ca_mg_L,expanding_mean_delta,57,3.534684575694506,3.4815477343158143,0.05313684137869146,3.1861441368129437,3.883225014576068,True,True
8,2025-08-13,NGW-034,Mg_mg_L,expanding_mean_delta,57,2.6227157573915436,2.4096441652874536,0.21307159210409,2.236162371637413,3.009269143145674,True,True
8,2025-08-13,NGW-034,Na_mg_L,expanding_mean_delta,57,3.8327160339315847,3.7954891891721947,0.037226844759389977,3.3367854569459148,4.3286466109172546,True,True
8,2025-08-13,NGW-034,K_mg_L,expanding_mean_delta,57,1.608639649303686,1.6467336971777973,-0.03809404787411119,1.222688200567876,1.994591098039496,True,True
8,2025-08-13,NGW-034,HCO3_mg_L,expanding_mean_delta,57,4.954866706490577,4.873669439023098,0.0811972674674788,4.6320026303023445,5.27773078267881,True,True
8,2025-08-13,NGW-034,Cl_mg_L,expanding_mean_delta,57,3.6936508876623875,3.5046560900303856,0.1889947976320019,3.169604700091171,4.2176970752336045,True,True
8,2025-08-13,NGW-034,SO4_mg_L,expanding_mean_delta,57,3.592417379491416,3.761665123839584,-0.16924774434816836,3.0601510744239286,4.124683684558903,True,True
8,2025-08-13,NGW-034,NO3_mg_L,expanding_mean_delta,57,3.48289948734721,3.9219733362813143,-0.4390738489341044,2.814806081425707,4.150992893268713,True,True
8,2025-08-13,NGW-034,F_mg_L,expanding_mean_delta,57,0.2863235090098214,0.3987761199573678,-0.11245261094754638,-0.051457241328694336,0.6241042593483371,True,True
8,2025-08-13,NGW-034,Sr_mg_L,expanding_mean_delta,57,0.2315743196267832,0.24920108563349938,-0.01762676600671617,0.0315743196267832,0.4315743196267832,True,True
8,2025-08-13,NGW-034,SiO2_mg_L,expanding_mean_delta,57,4.155892419437124,4.051784947803305,0.10410747163381906,3.8493649386108717,4.4624199002633755,True,True
8,2025-08-13,NGW-034,Ca_mg_L,hydrosheaf_graph_ridge,57,3.44452513957516,3.4815477343158143,-0.03702259474065439,3.095984700693598,3.793065578456722,True,True
8,2025-08-13,NGW-034,Mg_mg_L,hydrosheaf_graph_ridge,57,2.690417132687655,2.4096441652874536,0.2807729674002015,2.3038637469335246,3.0769705184417857,True,True
8,2025-08-13,NGW-034,Na_mg_L,hydrosheaf_graph_ridge,57,3.768378887758086,3.7954891891721947,-0.02711030141410875,3.2724483107724165,4.264309464743755,True,True
8,2025-08-13,NGW-034,K_mg_L,hydrosheaf_graph_ridge,57,1.7432961949503878,1.6467336971777973,0.09656249777259052,1.3573447462145778,2.1292476436861976,True,True
8,2025-08-13,NGW-034,HCO3_mg_L,hydrosheaf_graph_ridge,57,4.8338386606399535,4.873669439023098,-0.03983077838314486,4.510974584451721,5.156702736828186,True,True
8,2025-08-13,NGW-034,Cl_mg_L,hydrosheaf_graph_ridge,57,3.7027640675692264,3.5046560900303856,0.1981079775388408,3.17871787999801,4.226810255140443,True,True
8,2025-08-13,NGW-034,SO4_mg_L,hydrosheaf_graph_ridge,57,3.6480866450608436,3.761665123839584,-0.11357847877874061,3.1158203399933564,4.180352950128331,True,True
8,2025-08-13,NGW-034,NO3_mg_L,hydrosheaf_graph_ridge,57,3.402602826127524,3.9219733362813143,-0.5193705101537902,2.734509420206021,4.070696232049027,True,True
8,2025-08-13,NGW-034,F_mg_L,hydrosheaf_graph_ridge,57,0.4604736509113946,0.3987761199573678,0.0616975309540268,0.12269290057287885,0.7982544012499103,True,True
8,2025-08-13,NGW-034,Sr_mg_L,hydrosheaf_graph_ridge,57,0.21750779449649554,0.24920108563349938,-0.03169329113700384,0.017507794496495532,0.41750779449649555,True,True
8,2025-08-13,NGW-034,SiO2_mg_L,hydrosheaf_graph_ridge,57,4.145123052039599,4.051784947803305,0.0933381042362944,3.838595571213347,4.451650532865851,True,True
8,2025-08-13,NGW-040,Ca_mg_L,persistence,57,3.7945899085360506,3.522824869783854,0.2717650387521968,3.446049469654489,4.143130347417612,True,True
8,2025-08-13,NGW-040,Mg_mg_L,persistence,57,3.0041963519661206,2.437115985951652,0.5670803660144688,2.61764296621199,3.390749737720251,True,False
8,2025-08-13,NGW-040,Na_mg_L,persistence,57,3.9429401080628677,3.1130707659712242,0.8298693420916434,3.4470095310771978,4.4388706850485375,True,False
8,2025-08-13,NGW-040,K_mg_L,persistence,57,1.8500283773520307,1.6882490928583902,0.16177928449364054,1.4640769286162207,2.2359798260878407,True,True
8,2025-08-13,NGW-040,HCO3_mg_L,persistence,57,5.124261554171115,4.755743044467466,0.36851850970364897,4.801397477982882,5.447125630359348,True,False
8,2025-08-13,NGW-040,Cl_mg_L,persistence,57,4.36131359307634,3.6315151367243654,0.7297984563519746,3.8372674055051235,4.885359780647557,True,False
8,2025-08-13,NGW-040,SO4_mg_L,persistence,57,3.7478556592142334,3.3796332037463146,0.36822245546791876,3.215589354146746,4.2801219642817205,True,True
8,2025-08-13,NGW-040,NO3_mg_L,persistence,57,2.8992213731731473,2.1162555148025524,0.782965858370595,2.231127967251644,3.5673147790946507,True,False
8,2025-08-13,NGW-040,F_mg_L,persistence,57,0.5709795465857378,0.41871033485818504,0.15226921172755276,0.23319879624722206,0.9087602969242535,True,True
8,2025-08-13,NGW-040,Sr_mg_L,persistence,57,0.10885440491208209,0.1889660995126232,-0.0801116946005411,-0.09114559508791792,0.3088544049120821,True,True
8,2025-08-13,NGW-040,SiO2_mg_L,persistence,57,4.127134385045092,3.9982007016691985,0.12893368337589317,3.8206069042188395,4.433661865871343,True,True
8,2025-08-13,NGW-040,Ca_mg_L,expanding_mean_delta,57,3.352400506482794,3.522824869783854,-0.1704243633010596,3.0038600676012326,3.700940945364356,True,True
8,2025-08-13,NGW-040,Mg_mg_L,expanding_mean_delta,57,2.5847734629895176,2.437115985951652,0.1476574770378658,2.198220077235387,2.971326848743648,True,True
8,2025-08-13,NGW-040,Na_mg_L,expanding_mean_delta,57,3.529878876012142,3.1130707659712242,0.4168081100409178,3.0339482990264726,4.0258094529978115,True,True
8,2025-08-13,NGW-040,K_mg_L,expanding_mean_delta,57,1.499982686111681,1.6882490928583902,-0.18826640674670925,1.114031237375871,1.885934134847491,True,True
8,2025-08-13,NGW-040,HCO3_mg_L,expanding_mean_delta,57,4.7404850226420905,4.755743044467466,-0.0152580218253755,4.417620946453858,5.063349098830323,True,True
8,2025-08-13,NGW-040,Cl_mg_L,expanding_mean_delta,57,3.7887696615899675,3.6315151367243654,0.1572545248656021,3.264723474018751,4.3128158491611845,True,True
8,2025-08-13,NGW-040,SO4_mg_L,expanding_mean_delta,57,3.3842331478607286,3.3796332037463146,0.004599944114414001,2.8519668427932414,3.9164994529282158,True,True
8,2025-08-13,NGW-040,NO3_mg_L,expanding_mean_delta,57,2.580582588267483,2.1162555148025524,0.4643270734649305,1.9124891823459798,3.248675994188986,True,True
8,2025-08-13,NGW-040,F_mg_L,expanding_mean_delta,57,0.4062274362353425,0.41871033485818504,-0.01248289862284252,0.06844668589682679,0.7440081865738583,True,True
8,2025-08-13,NGW-040,Sr_mg_L,expanding_mean_delta,57,0.11488804862493404,0.1889660995126232,-0.07407805088768915,-0.08511195137506597,0.314888048624934,True,True
8,2025-08-13,NGW-040,SiO2_mg_L,expanding_mean_delta,57,4.172152940308904,3.9982007016691985,0.17395223863970566,3.865625459482652,4.478680421135156,True,True
8,2025-08-13,NGW-040,Ca_mg_L,hydrosheaf_graph_ridge,57,3.546231964245847,3.522824869783854,0.023407094461993072,3.1976915253642852,3.8947724031274085,True,True
8,2025-08-13,NGW-040,Mg_mg_L,hydrosheaf_graph_ridge,57,2.392588957526047,2.437115985951652,-0.044527028425604964,2.0060355717719163,2.7791423432801774,True,True
8,2025-08-13,NGW-040,Na_mg_L,hydrosheaf_graph_ridge,57,3.211667817247907,3.1130707659712242,0.09859705127668272,2.7157372402622375,3.7075983942335764,True,True
8,2025-08-13,NGW-040,K_mg_L,hydrosheaf_graph_ridge,57,1.5477528707823587,1.6882490928583902,-0.14049622207603152,1.1618014220465487,1.9337043195181687,True,True
8,2025-08-13,NGW-040,HCO3_mg_L,hydrosheaf_graph_ridge,57,4.695064393136741,4.755743044467466,-0.0606786513307247,4.372200316948509,5.017928469324974,True,True
8,2025-08-13,NGW-040,Cl_mg_L,hydrosheaf_graph_ridge,57,3.754628241976329,3.6315151367243654,0.12311310525196362,3.2305820544051125,4.278674429547546,True,True
8,2025-08-13,NGW-040,SO4_mg_L,hydrosheaf_graph_ridge,57,3.4842653068376603,3.3796332037463146,0.10463210309134574,2.951999001770173,4.0165316119051475,True,True
8,2025-08-13,NGW-040,NO3_mg_L,hydrosheaf_graph_ridge,57,2.254238958347941,2.1162555148025524,0.1379834435453886,1.5861455524264378,2.922332364269444,True,True
8,2025-08-13,NGW-040,F_mg_L,hydrosheaf_graph_ridge,57,0.41386840342330883,0.41871033485818504,-0.004841931434876212,0.0760876530847931,0.7516491537618246,True,True
8,2025-08-13,NGW-040,Sr_mg_L,hydrosheaf_graph_ridge,57,0.10580225802037405,0.1889660995126232,-0.08316384149224915,-0.09419774197962597,0.3058022580203741,True,True
8,2025-08-13,NGW-040,SiO2_mg_L,hydrosheaf_graph_ridge,57,4.315361445130079,3.9982007016691985,0.3171607434608803,4.008833964303827,4.6218889259563305,True,False
8,2025-08-13,NGW-052,Ca_mg_L,persistence,57,3.9772487903458535,3.3775875160230218,0.5996612743228318,3.628708351464292,4.325789229227415,True,False
8,2025-08-13,NGW-052,Mg_mg_L,persistence,57,3.2296179214001026,2.614471854142644,0.6151460672574585,2.843064535645972,3.616171307154233,True,False
8,2025-08-13,NGW-052,Na_mg_L,persistence,57,4.053696163744291,3.3877743613300146,0.6659218024142768,3.557765586758622,4.549626740729961,True,False
8,2025-08-13,NGW-052,K_mg_L,persistence,57,2.2082744135228043,1.6863989535702288,0.5218754599525754,1.8223229647869943,2.594225862258614,True,False
8,2025-08-13,NGW-052,HCO3_mg_L,persistence,57,5.1970595344738095,4.841743157613962,0.3553163768598475,4.874195458285577,5.519923610662042,True,False
8,2025-08-13,NGW-052,Cl_mg_L,persistence,57,4.361441201064773,3.7417090677584683,0.6197321333063046,3.8373950134935564,4.8854873886359895,True,False
8,2025-08-13,NGW-052,SO4_mg_L,persistence,57,4.069197679800145,3.3884498088396526,0.6807478709604924,3.536931374732658,4.601463984867633,True,False
8,2025-08-13,NGW-052,NO3_mg_L,persistence,57,3.5553480614894135,2.180417459019838,1.3749306024695755,2.8872546555679106,4.223441467410916,True,False
8,2025-08-13,NGW-052,F_mg_L,persistence,57,0.4574248470388754,0.4762341789963716,-0.018809331957496178,0.11964409670035969,0.7952055973773912,True,True
8,2025-08-13,NGW-052,Sr_mg_L,persistence,57,0.16381808522939498,0.18647956694261833,-0.022661481713223353,-0.036181914770605034,0.36381808522939496,True,True
8,2025-08-13,NGW-052,SiO2_mg_L,persistence,57,4.062165663857866,4.188138441508461,-0.12597277765059545,3.7556381830316137,4.3686931446841175,True,True
8,2025-08-13,NGW-052,Ca_mg_L,expanding_mean_delta,57,3.535059388292597,3.3775875160230218,0.15747187226957537,3.1865189494110355,3.8835998271741587,True,True
8,2025-08-13,NGW-052,Mg_mg_L,expanding_mean_delta,57,2.8101950324234997,2.614471854142644,0.1957231782808555,2.423641646669369,3.1967484181776302,True,True
8,2025-08-13,NGW-052,Na_mg_L,expanding_mean_delta,57,3.640634931693566,3.3877743613300146,0.25286057036355114,3.144704354707896,4.136565508679236,True,True
8,2025-08-13,NGW-052,K_mg_L,expanding_mean_delta,57,1.8582287222824543,1.6863989535702288,0.17182976871222544,1.4722772735466443,2.244180171018264,True,True
8,2025-08-13,NGW-052,HCO3_mg_L,expanding_mean_delta,57,4.813283002944784,4.841743157613962,-0.02846015466917784,4.4904189267565515,5.136147079133017,True,True
8,2025-08-13,NGW-052,Cl_mg_L,expanding_mean_delta,57,3.7888972695784005,3.7417090677584683,0.04718820181993211,3.264851082007184,4.3129434571496175,True,True
8,2025-08-13,NGW-052,SO4_mg_L,expanding_mean_delta,57,3.7055751684466403,3.3884498088396526,0.3171253596069876,3.173308863379153,4.237841473514128,True,True
8,2025-08-13,NGW-052,NO3_mg_L,expanding_mean_delta,57,3.236709276583749,2.180417459019838,1.056291817563911,2.5686158706622457,3.9048026825052524,True,False
8,2025-08-13,NGW-052,F_mg_L,expanding_mean_delta,57,0.29267273668848015,0.4762341789963716,-0.18356144230789145,-0.04510801365003558,0.6304534870269959,True,True
8,2025-08-13,NGW-052,Sr_mg_L,expanding_mean_delta,57,0.16985172894224693,0.18647956694261833,-0.016627838000371403,-0.030148271057753084,0.36985172894224694,True,True
8,2025-08-13,NGW-052,SiO2_mg_L,expanding_mean_delta,57,4.107184219121678,4.188138441508461,-0.08095422238678296,3.800656738295426,4.41371169994793,True,True
8,2025-08-13,NGW-052,Ca_mg_L,hydrosheaf_graph_ridge,57,3.308449042865959,3.3775875160230218,-0.06913847315706256,2.959908603984397,3.6569894817475213,True,True
8,2025-08-13,NGW-052,Mg_mg_L,hydrosheaf_graph_ridge,57,2.6084991492051817,2.614471854142644,-0.005972704937462492,2.221945763451051,2.9950525349593122,True,True
8,2025-08-13,NGW-052,Na_mg_L,hydrosheaf_graph_ridge,57,3.356399226968981,3.3877743613300146,-0.03137513436103356,2.8604686499833116,3.8523298039546505,True,True
8,2025-08-13,NGW-052,K_mg_L,hydrosheaf_graph_ridge,57,1.7938902250944593,1.6863989535702288,0.10749127152423044,1.4079387763586493,2.179841673830269,True,True
8,2025-08-13,NGW-052,HCO3_mg_L,hydrosheaf_graph_ridge,57,4.601545556588387,4.841743157613962,-0.2401976010255753,4.278681480400154,4.924409632776619,True,True
8,2025-08-13,NGW-052,Cl_mg_L,hydrosheaf_graph_ridge,57,3.724565718816915,3.7417090677584683,-0.017143348941553338,3.2005195312456984,4.248611906388132,True,True
8,2025-08-13,NGW-052,SO4_mg_L,hydrosheaf_graph_ridge,57,3.265661349289842,3.3884498088396526,-0.12278845954981055,2.733395044222355,3.7979276543573293,True,True
8,2025-08-13,NGW-052,NO3_mg_L,hydrosheaf_graph_ridge,57,2.6152063789845776,2.180417459019838,0.4347889199647397,1.9471129730630745,3.283299784906081,True,True
8,2025-08-13,NGW-052,F_mg_L,hydrosheaf_graph_ridge,57,0.427234743845914,0.4762341789963716,-0.048999435150457626,0.08945399350739824,0.7650154941844297,True,True
8,2025-08-13,NGW-052,Sr_mg_L,hydrosheaf_graph_ridge,57,0.15141548758353326,0.18647956694261833,-0.035064079359085065,-0.048584512416466746,0.35141548758353325,True,True
8,2025-08-13,NGW-052,SiO2_mg_L,hydrosheaf_graph_ridge,57,4.324440848498189,4.188138441508461,0.13630240698972784,4.017913367671937,4.630968329324441,True,True
8,2025-08-13,NGW-103,Ca_mg_L,persistence,57,3.9539324085053558,3.4560011737028296,0.4979312348025262,3.6053919696237937,4.302472847386918,True,False
8,2025-08-13,NGW-103,Mg_mg_L,persistence,57,2.922623801733353,2.411439497906128,0.5111843038272248,2.5360704159792222,3.3091771874874834,True,False
8,2025-08-13,NGW-103,Na_mg_L,persistence,57,3.895283681423848,3.7230393057606412,0.17224437566320683,3.3993531044381786,4.3912142584095175,True,True
8,2025-08-13,NGW-103,K_mg_L,persistence,57,2.0068708488450007,1.7173950539391927,0.289475794905808,1.6209194001091907,2.3928222975808104,True,True
8,2025-08-13,NGW-103,HCO3_mg_L,persistence,57,5.270020767392923,4.8027087085869065,0.4673120588060167,4.9471566912046905,5.592884843581156,True,False
8,2025-08-13,NGW-103,Cl_mg_L,persistence,57,4.392348183745753,4.0151209634317135,0.37722722031403944,3.8683019961745364,4.9163943713169695,True,True
8,2025-08-13,NGW-103,SO4_mg_L,persistence,57,3.459151774922711,3.6425737012374246,-0.18342192631471343,2.926885469855224,3.9914180799901984,True,True
8,2025-08-13,NGW-103,NO3_mg_L,persistence,57,2.6333266549062735,2.0831845279586703,0.5501421269476032,1.9652332489847704,3.301420060827777,True,True
8,2025-08-13,NGW-103,F_mg_L,persistence,57,0.6830968447064438,0.6523251860396903,0.030771658666753576,0.3453160943679281,1.0208775950449596,True,True
8,2025-08-13,NGW-103,Sr_mg_L,persistence,57,0.14669437915080352,0.2199384203652614,-0.07324404121445788,-0.05330562084919649,0.34669437915080353,True,True
8,2025-08-13,NGW-103,SiO2_mg_L,persistence,57,3.7887247890836524,3.5890591188317256,0.19966567025192683,3.4821973082574003,4.0952522699099045,True,True
8,2025-08-13,NGW-103,Ca_mg_L,expanding_mean_delta,57,3.5117430064520994,3.4560011737028296,0.055741832749269804,3.1632025675705373,3.8602834453336614,True,True
8,2025-08-13,NGW-103,Mg_mg_L,expanding_mean_delta,57,2.50320091275675,2.411439497906128,0.09176141485062184,2.1166475270026193,2.8897542985108804,True,True
8,2025-08-13,NGW-103,Na_mg_L,expanding_mean_delta,57,3.4822224493731224,3.7230393057606412,-0.24081685638751882,2.9862918723874525,3.9781530263587923,True,True
8,2025-08-13,NGW-103,K_mg_L,expanding_mean_delta,57,1.6568251576046507,1.7173950539391927,-0.06056989633454202,1.2708737088688407,2.0427766063404604,True,True
8,2025-08-13,NGW-103,HCO3_mg_L,expanding_mean_delta,57,4.886244235863899,4.8027087085869065,0.0835355272769922,4.563380159675666,5.209108312052131,True,True
8,2025-08-13,NGW-103,Cl_mg_L,expanding_mean_delta,57,3.8198042522593805,4.0151209634317135,-0.19531671117233307,3.295758064688164,4.3438504398305975,True,True
8,2025-08-13,NGW-103,SO4_mg_L,expanding_mean_delta,57,3.0955292635692064,3.6425737012374246,-0.5470444376682182,2.5632629585017193,3.6277955686366936,True,False
8,2025-08-13,NGW-103,NO3_mg_L,expanding_mean_delta,57,2.314687870000609,2.0831845279586703,0.2315033420419388,1.646594464079106,2.982781275922112,True,True
8,2025-08-13,NGW-103,F_mg_L,expanding_mean_delta,57,0.5183447343560486,0.6523251860396903,-0.1339804516836417,0.18056398401753282,0.8561254846945643,True,True
8,2025-08-13,NGW-103,Sr_mg_L,expanding_mean_delta,57,0.15272802286365547,0.2199384203652614,-0.06721039750160593,-0.04727197713634454,0.35272802286365545,True,True
8,2025-08-13,NGW-103,SiO2_mg_L,expanding_mean_delta,57,3.833743344347465,3.5890591188317256,0.24468422551573932,3.5272158635212127,4.140270825173717,True,True
8,2025-08-13,NGW-103,Ca_mg_L,hydrosheaf_graph_ridge,57,3.5020019657967905,3.4560011737028296,0.04600079209396091,3.153461526915229,3.850542404678352,True,True
8,2025-08-13,NGW-103,Mg_mg_L,hydrosheaf_graph_ridge,57,2.562055404893045,2.411439497906128,0.15061590698691685,2.1755020191389143,2.9486087906471754,True,True
8,2025-08-13,NGW-103,Na_mg_L,hydrosheaf_graph_ridge,57,3.571471987833227,3.7230393057606412,-0.15156731792741418,3.075541410847557,4.067402564818897,True,True
8,2025-08-13,NGW-103,K_mg_L,hydrosheaf_graph_ridge,57,1.52244976266089,1.7173950539391927,-0.19494529127830273,1.13649831392508,1.9084012113967,True,True
8,2025-08-13,NGW-103,HCO3_mg_L,hydrosheaf_graph_ridge,57,4.9488059594533205,4.8027087085869065,0.146097250866414,4.625941883265088,5.271670035641553,True,True
8,2025-08-13,NGW-103,Cl_mg_L,hydrosheaf_graph_ridge,57,3.673151261015353,4.0151209634317135,-0.3419697024163604,3.1491050734441366,4.19719744858657,True,True
8,2025-08-13,NGW-103,SO4_mg_L,hydrosheaf_graph_ridge,57,3.354382670459536,3.6425737012374246,-0.28819103077788855,2.822116365392049,3.8866489755270233,True,True
8,2025-08-13,NGW-103,NO3_mg_L,hydrosheaf_graph_ridge,57,2.520242561711056,2.0831845279586703,0.4370580337523857,1.8521491557895529,3.1883359676325593,True,True
8,2025-08-13,NGW-103,F_mg_L,hydrosheaf_graph_ridge,57,0.37574831012452753,0.6523251860396903,-0.2765768759151627,0.037967559786011795,0.7135290604630433,True,True
8,2025-08-13,NGW-103,Sr_mg_L,hydrosheaf_graph_ridge,57,0.16006479436412926,0.2199384203652614,-0.059873626001132135,-0.039935205635870746,0.3600647943641293,True,True
8,2025-08-13,NGW-103,SiO2_mg_L,hydrosheaf_graph_ridge,57,3.811507978048082,3.5890591188317256,0.22244885921635627,3.5049804972218297,4.118035458874334,True,True
8,2025-08-13,NGW-145,Ca_mg_L,persistence,57,4.070734696582967,3.564449375735759,0.506285320847208,3.722194257701405,4.419275135464529,True,False
8,2025-08-13,NGW-145,Mg_mg_L,persistence,57,2.9269179575536315,2.5257286443082556,0.4011893132453759,2.540364571799501,3.313471343307762,True,False
8,2025-08-13,NGW-145,Na_mg_L,persistence,57,4.287303782358995,3.887320392787774,0.3999833895712208,3.7913732053733256,4.7832343593446645,True,True
8,2025-08-13,NGW-145,K_mg_L,persistence,57,1.7749523509116738,1.631199404215613,0.14375294669606076,1.3890009021758638,2.1609037996474836,True,True
8,2025-08-13,NGW-145,HCO3_mg_L,persistence,57,5.38532041016961,4.857095538727753,0.5282248714418571,5.062456333981378,5.708184486357843,True,False
8,2025-08-13,NGW-145,Cl_mg_L,persistence,57,4.4796069630127455,3.9241491852259864,0.5554577777867591,3.955560775441529,5.003653150583962,True,False
8,2025-08-13,NGW-145,SO4_mg_L,persistence,57,4.058199115585747,3.935544200469492,0.12265491511625548,3.52593281051826,4.590465420653235,True,True
8,2025-08-13,NGW-145,NO3_mg_L,persistence,57,3.3474449256629084,3.255786178888298,0.09165874677461039,2.679351519741405,4.015538331584412,True,True
8,2025-08-13,NGW-145,F_mg_L,persistence,57,0.11332868530700317,0.039220713153281295,0.07410797215372188,-0.22445206503151255,0.4511094356455189,True,True
8,2025-08-13,NGW-145,Sr_mg_L,persistence,57,0.2374408560150342,0.21913552991667093,0.018305326098363273,0.03744085601503419,0.43744085601503424,True,True
8,2025-08-13,NGW-145,SiO2_mg_L,persistence,57,3.7328963395307104,3.7471483622379123,-0.014252022707201828,3.4263688587044583,4.039423820356962,True,True
8,2025-08-13,NGW-145,Ca_mg_L,expanding_mean_delta,57,3.6285452945297108,3.564449375735759,0.0640959187939516,3.2800048556481487,3.977085733411273,True,True
8,2025-08-13,NGW-145,Mg_mg_L,expanding_mean_delta,57,2.5074950685770285,2.5257286443082556,-0.01823357573122708,2.120941682822898,2.894048454331159,True,True
8,2025-08-13,NGW-145,Na_mg_L,expanding_mean_delta,57,3.8742425503082694,3.887320392787774,-0.013077842479504831,3.3783119733225995,4.370173127293939,True,True
8,2025-08-13,NGW-145,K_mg_L,expanding_mean_delta,57,1.4249066596713238,1.631199404215613,-0.20629274454428925,1.0389552109355138,1.8108581084071338,True,True
8,2025-08-13,NGW-145,HCO3_mg_L,expanding_mean_delta,57,5.001543878640586,4.857095538727753,0.14444833991283268,4.678679802452353,5.324407954828819,True,True
8,2025-08-13,NGW-145,Cl_mg_L,expanding_mean_delta,57,3.907063031526373,3.9241491852259864,-0.017086153699613416,3.3830168439551564,4.43110921909759,True,True
8,2025-08-13,NGW-145,SO4_mg_L,expanding_mean_delta,57,3.6945766042322425,3.935544200469492,-0.24096759623724928,3.1623102991647554,4.22684290929973,True,True
8,2025-08-13,NGW-145,NO3_mg_L,expanding_mean_delta,57,3.028806140757244,3.255786178888298,-0.22698003813105405,2.360712734835741,3.696899546678747,True,True
8,2025-08-13,NGW-145,F_mg_L,expanding_mean_delta,57,-0.051423425043392076,0.039220713153281295,-0.09064413819667337,-0.3892041753819078,0.28635732529512364,True,True
8,2025-08-13,NGW-145,Sr_mg_L,expanding_mean_delta,57,0.24347449972788615,0.21913552991667093,0.024338969811215222,0.04347449972788614,0.44347449972788616,True,True
8,2025-08-13,NGW-145,SiO2_mg_L,expanding_mean_delta,57,3.777914894794523,3.7471483622379123,0.03076653255661066,3.4713874139682708,4.084442375620775,True,True
8,2025-08-13,NGW-145,Ca_mg_L,hydrosheaf_graph_ridge,57,3.624816230489888,3.564449375735759,0.06036685475412895,3.2762757916083265,3.9733566693714497,True,True
8,2025-08-13,NGW-145,Mg_mg_L,hydrosheaf_graph_ridge,57,2.5365774580251124,2.5257286443082556,0.010848813716856753,2.150024072270982,2.923130843779243,True,True
8,2025-08-13,NGW-145,Na_mg_L,hydrosheaf_graph_ridge,57,3.827978135167637,3.887320392787774,-0.05934225762013723,3.3320475581819675,4.323908712153306,True,True
8,2025-08-13,NGW-145,K_mg_L,hydrosheaf_graph_ridge,57,1.573043454676402,1.631199404215613,-0.058155949539210994,1.187092005940592,1.958994903412212,True,True
8,2025-08-13,NGW-145,HCO3_mg_L,hydrosheaf_graph_ridge,57,4.945312281247985,4.857095538727753,0.08821674252023204,4.622448205059753,5.268176357436218,True,True
8,2025-08-13,NGW-145,Cl_mg_L,hydrosheaf_graph_ridge,57,3.7227698525606763,3.9241491852259864,-0.20137933266531016,3.1987236649894597,4.246816040131893,True,True
8,2025-08-13,NGW-145,SO4_mg_L,hydrosheaf_graph_ridge,57,3.9140839093795003,3.935544200469492,-0.02146029108999148,3.381817604312013,4.446350214446988,True,True
8,2025-08-13,NGW-145,NO3_mg_L,hydrosheaf_graph_ridge,57,3.297005102340146,3.255786178888298,0.04121892345184808,2.628911696418643,3.965098508261649,True,True
8,2025-08-13,NGW-145,F_mg_L,hydrosheaf_graph_ridge,57,0.153242101991445,0.039220713153281295,0.1140213888381637,-0.18453864834707073,0.49102285232996074,True,True
8,2025-08-13,NGW-145,Sr_mg_L,hydrosheaf_graph_ridge,57,0.2831555109604385,0.21913552991667093,0.06401998104376758,0.0831555109604385,0.4831555109604385,True,True
8,2025-08-13,NGW-145,SiO2_mg_L,hydrosheaf_graph_ridge,57,3.895821961510956,3.7471483622379123,0.1486735992730437,3.589294480684704,4.202349442337208,True,True
8,2025-08-13,NGW-150,Ca_mg_L,persistence,57,4.018902367055242,3.505557396986398,0.5133449700688439,3.67036192817368,4.367442805936804,True,False
8,2025-08-13,NGW-150,Mg_mg_L,persistence,57,3.0591764461105257,2.307572634505085,0.7516038116054409,2.672623060356395,3.4457298318646563,True,False
8,2025-08-13,NGW-150,Na_mg_L,persistence,57,4.248352374701448,3.263084079532521,0.9852682951689271,3.7524217977157788,4.744282951687118,True,False
8,2025-08-13,NGW-150,K_mg_L,persistence,57,2.0943301541735866,1.6582280766035324,0.43610207757005415,1.7083787054377766,2.4802816029093964,True,False
8,2025-08-13,NGW-150,HCO3_mg_L,persistence,57,5.422126652274323,4.705377446405117,0.7167492058692062,5.09926257608609,5.744990728462556,True,False
8,2025-08-13,NGW-150,Cl_mg_L,persistence,57,4.553245113123172,3.663818023518565,0.8894270896046068,4.029198925551955,5.077291300694388,True,False
8,2025-08-13,NGW-150,SO4_mg_L,persistence,57,3.810211739281461,2.9719517448885875,0.8382599943928737,3.277945434213974,4.342478044348948,True,False
8,2025-08-13,NGW-150,NO3_mg_L,persistence,57,3.245322994883049,3.0209125720842893,0.22441042279875978,2.577229588961546,3.913416400804552,True,True
8,2025-08-13,NGW-150,F_mg_L,persistence,57,0.22314355131420976,0.3506568716131694,-0.12751332029895962,-0.11463719902430597,0.5609243016527254,True,True
8,2025-08-13,NGW-150,Sr_mg_L,persistence,57,0.18813794211539445,0.16889853646181394,0.01923940565358051,-0.011862057884605565,0.38813794211539443,True,True
8,2025-08-13,NGW-150,SiO2_mg_L,persistence,57,3.744787086052232,3.903990833730882,-0.15920374767864987,3.43825960522598,4.051314566878484,True,True
8,2025-08-13,NGW-150,Ca_mg_L,expanding_mean_delta,57,3.5767129650019855,3.505557396986398,0.07115556801558753,3.2281725261204235,3.9252534038835476,True,True
8,2025-08-13,NGW-150,Mg_mg_L,expanding_mean_delta,57,2.639753557133923,2.307572634505085,0.3321809226288379,2.2532001713797922,3.0263069428880534,True,True
8,2025-08-13,NGW-150,Na_mg_L,expanding_mean_delta,57,3.8352911426507226,3.263084079532521,0.5722070631182015,3.3393605656650527,4.3312217196363925,True,False
8,2025-08-13,NGW-150,K_mg_L,expanding_mean_delta,57,1.7442844629332366,1.6582280766035324,0.08605638632970414,1.3583330141974266,2.1302359116690464,True,True
8,2025-08-13,NGW-150,HCO3_mg_L,expanding_mean_delta,57,5.038350120745298,4.705377446405117,0.33297267434018085,4.715486044557065,5.36121419693353,True,False
8,2025-08-13,NGW-150,Cl_mg_L,expanding_mean_delta,57,3.980701181636799,3.663818023518565,0.3168831581182343,3.4566549940655826,4.504747369208016,True,True
8,2025-08-13,NGW-150,SO4_mg_L,expanding_mean_delta,57,3.4465892279279564,2.9719517448885875,0.4746374830393689,2.9143229228604692,3.9788555329954436,True,True
8,2025-08-13,NGW-150,NO3_mg_L,expanding_mean_delta,57,2.9266842099773847,3.0209125720842893,-0.09422836210690466,2.2585908040558813,3.594777615898888,True,True
8,2025-08-13,NGW-150,F_mg_L,expanding_mean_delta,57,0.05839144096381452,0.3506568716131694,-0.29226543064935484,-0.2793893093747012,0.3961721913023303,True,True
8,2025-08-13,NGW-150,Sr_mg_L,expanding_mean_delta,57,0.1941715858282464,0.16889853646181394,0.02527304936643246,-0.005828414171753615,0.3941715858282464,True,True
8,2025-08-13,NGW-150,SiO2_mg_L,expanding_mean_delta,57,3.7898056413160446,3.903990833730882,-0.11418519241483738,3.4832781604897924,4.096333122142297,True,True
8,2025-08-13,NGW-150,Ca_mg_L,hydrosheaf_graph_ridge,57,3.383439015149157,3.505557396986398,-0.12211838183724089,3.0348985762675955,3.7319794540307187,True,True
8,2025-08-13,NGW-150,Mg_mg_L,hydrosheaf_graph_ridge,57,2.8237875371615986,2.307572634505085,0.5162149026565137,2.437234151407468,3.210340922915729,True,False
8,2025-08-13,NGW-150,Na_mg_L,hydrosheaf_graph_ridge,57,3.7087091561987835,3.263084079532521,0.4456250766662624,3.212778579213114,4.204639733184453,True,True
8,2025-08-13,NGW-150,K_mg_L,hydrosheaf_graph_ridge,57,1.6860371827879568,1.6582280766035324,0.027809106184424337,1.3000857340521468,2.0719886315237668,True,True
8,2025-08-13,NGW-150,HCO3_mg_L,hydrosheaf_graph_ridge,57,4.9800610069626865,4.705377446405117,0.2746835605575697,4.657196930774454,5.302925083150919,True,True
8,2025-08-13,NGW-150,Cl_mg_L,hydrosheaf_graph_ridge,57,3.725829171423327,3.663818023518565,0.062011147904762254,3.2017829838521106,4.249875358994544,True,True
8,2025-08-13,NGW-150,SO4_mg_L,hydrosheaf_graph_ridge,57,3.4260692300509783,2.9719517448885875,0.4541174851623908,2.893802924983491,3.9583355351184655,True,True
8,2025-08-13,NGW-150,NO3_mg_L,hydrosheaf_graph_ridge,57,3.6031968992759253,3.0209125720842893,0.582284327191636,2.935103493354422,4.271290305197429,True,True
8,2025-08-13,NGW-150,F_mg_L,hydrosheaf_graph_ridge,57,0.10854322835668595,0.3506568716131694,-0.24211364325648344,-0.22923752198182978,0.4463239786952017,True,True
8,2025-08-13,NGW-150,Sr_mg_L,hydrosheaf_graph_ridge,57,0.21753761284109158,0.16889853646181394,0.04863907637927764,0.017537612841091565,0.4175376128410916,True,True
8,2025-08-13,NGW-150,SiO2_mg_L,hydrosheaf_graph_ridge,57,3.716574122663329,3.903990833730882,-0.1874167110675531,3.4100466418370767,4.023101603489581,True,True
8,2025-08-13,NGW-154,Ca_mg_L,persistence,57,4.017283516085639,3.4907333469730104,0.5265501691126286,3.668743077204077,4.365823954967201,True,False
8,2025-08-13,NGW-154,Mg_mg_L,persistence,57,3.0689827352935835,2.8178010650613294,0.251181670232254,2.682429349539453,3.455536121047714,True,True
8,2025-08-13,NGW-154,Na_mg_L,persistence,57,3.845883202923601,3.701548857214599,0.14433434570900205,3.3499526259379317,4.341813779909271,True,True
8,2025-08-13,NGW-154,K_mg_L,persistence,57,2.0451088625993306,1.5933085305042167,0.45180033209511383,1.6591574138635206,2.4310603113351403,True,False
8,2025-08-13,NGW-154,HCO3_mg_L,persistence,57,5.17953383055807,4.955193053846446,0.22434077671162367,4.856669754369837,5.502397906746302,True,True
8,2025-08-13,NGW-154,Cl_mg_L,persistence,57,4.350793932242783,4.071928522937768,0.27886540930501447,3.8267477446715663,4.8748401198139995,True,True
8,2025-08-13,NGW-154,SO4_mg_L,persistence,57,3.8703673301593136,3.3945083935113587,0.47585893664795487,3.3381010250918264,4.402633635226801,True,True
8,2025-08-13,NGW-154,NO3_mg_L,persistence,57,3.431079756144025,3.09874002362822,0.33233973251580506,2.762986350222522,4.0991731620655285,True,True
8,2025-08-13,NGW-154,F_mg_L,persistence,57,0.7030975114131134,0.3784364357202451,0.3246610756928683,0.36531676107459765,1.040878261751629,True,True
8,2025-08-13,NGW-154,Sr_mg_L,persistence,57,0.19967019512856765,0.11243542932978817,0.08723476579877948,-0.0003298048714323598,0.39967019512856766,True,True
8,2025-08-13,NGW-154,SiO2_mg_L,persistence,57,4.185098925490565,4.300002799195291,-0.11490387370472632,3.878571444664313,4.491626406316817,True,True
8,2025-08-13,NGW-154,Ca_mg_L,expanding_mean_delta,57,3.5750941140323826,3.4907333469730104,0.08436076705937223,3.2265536751508206,3.9236345529139447,True,True
8,2025-08-13,NGW-154,Mg_mg_L,expanding_mean_delta,57,2.6495598463169805,2.8178010650613294,-0.16824121874434894,2.26300646056285,3.036113232071111,True,True
8,2025-08-13,NGW-154,Na_mg_L,expanding_mean_delta,57,3.4328219708728755,3.701548857214599,-0.2687268863417236,2.9368913938872057,3.9287525478585454,True,True
8,2025-08-13,NGW-154,K_mg_L,expanding_mean_delta,57,1.6950631713589805,1.5933085305042167,0.10175464085476382,1.3091117226231705,2.0810146200947903,True,True
8,2025-08-13,NGW-154,HCO3_mg_L,expanding_mean_delta,57,4.795757299029045,4.955193053846446,-0.1594357548174008,4.4728932228408125,5.118621375217278,True,True
8,2025-08-13,NGW-154,Cl_mg_L,expanding_mean_delta,57,3.7782500007564104,4.071928522937768,-0.29367852218135804,3.254203813185194,4.302296188327627,True,True
8,2025-08-13,NGW-154,SO4_mg_L,expanding_mean_delta,57,3.506744818805809,3.3945083935113587,0.1122364252944501,2.9744785137383216,4.039011123873296,True,True
8,2025-08-13,NGW-154,NO3_mg_L,expanding_mean_delta,57,3.1124409712383607,3.09874002362822,0.013700947610140624,2.444347565316858,3.7805343771598636,True,True
8,2025-08-13,NGW-154,F_mg_L,expanding_mean_delta,57,0.5383454010627181,0.3784364357202451,0.159908965342473,0.20056465072420238,0.8761261514012338,True,True
8,2025-08-13,NGW-154,Sr_mg_L,expanding_mean_delta,57,0.2057038388414196,0.11243542932978817,0.09326840951163143,0.0057038388414195895,0.4057038388414196,True,True
8,2025-08-13,NGW-154,SiO2_mg_L,expanding_mean_delta,57,4.2301174807543775,4.300002799195291,-0.06988531844091384,3.9235899999281254,4.536644961580629,True,True
8,2025-08-13,NGW-154,Ca_mg_L,hydrosheaf_graph_ridge,57,3.515063339558515,3.4907333469730104,0.024329992585504723,3.166522900676953,3.863603778440077,True,True
8,2025-08-13,NGW-154,Mg_mg_L,hydrosheaf_graph_ridge,57,2.721453205217496,2.8178010650613294,-0.09634785984383365,2.3348998194633652,3.1080065909716263,True,True
8,2025-08-13,NGW-154,Na_mg_L,hydrosheaf_graph_ridge,57,3.6391768217165263,3.701548857214599,-0.0623720354980728,3.1432462447308565,4.135107398702196,True,True
8,2025-08-13,NGW-154,K_mg_L,hydrosheaf_graph_ridge,57,1.8310361099414336,1.5933085305042167,0.2377275794372169,1.4450846612056236,2.2169875586772436,True,True
8,2025-08-13,NGW-154,HCO3_mg_L,hydrosheaf_graph_ridge,57,4.823832833519978,4.955193053846446,-0.1313602203264681,4.500968757331745,5.1466969097082105,True,True
8,2025-08-13,NGW-154,Cl_mg_L,hydrosheaf_graph_ridge,57,3.976974843567711,4.071928522937768,-0.09495367937005739,3.4529286559964945,4.501021031138928,True,True
8,2025-08-13,NGW-154,SO4_mg_L,hydrosheaf_graph_ridge,57,3.5459146442176395,3.3945083935113587,0.15140625070628078,3.0136483391501523,4.078180949285127,True,True
8,2025-08-13,NGW-154,NO3_mg_L,hydrosheaf_graph_ridge,57,3.2231621400719637,3.09874002362822,0.12442211644374357,2.5550687341504608,3.8912555459934666,True,True
8,2025-08-13,NGW-154,F_mg_L,hydrosheaf_graph_ridge,57,0.5054291771979693,0.3784364357202451,0.1269927414777242,0.16764842685945358,0.843209927536485,True,True
8,2025-08-13,NGW-154,Sr_mg_L,hydrosheaf_graph_ridge,57,0.20300878084187415,0.11243542932978817,0.09057335151208598,0.0030087808418741424,0.4030087808418742,True,True
8,2025-08-13,NGW-154,SiO2_mg_L,hydrosheaf_graph_ridge,57,4.097438238530515,4.300002799195291,-0.20256456066477657,3.7909107577042627,4.4039657193567665,True,True
9,2025-08-14,NGW-062,Ca_mg_L,persistence,66,3.816172679771312,3.5319332036512097,0.28423947612010236,3.479796259612675,4.152549099929949,True,True
9,2025-08-14,NGW-062,Mg_mg_L,persistence,66,3.00617753141553,2.4932054526026954,0.5129720788128345,2.5879637926301875,3.4243912702008723,True,False
9,2025-08-14,NGW-062,Na_mg_L,persistence,66,3.94681083091381,3.679586407202344,0.26722442371146604,3.4730547314531837,4.420566930374436,True,True
9,2025-08-14,NGW-062,K_mg_L,persistence,66,2.1258479144939915,1.824549292051046,0.3012986224429455,1.7617752775036701,2.489920551484313,True,True
9,2025-08-14,NGW-062,HCO3_mg_L,persistence,66,5.087040625298661,4.739089003553879,0.347951621744782,4.7762492105355685,5.397832040061753,True,False
9,2025-08-14,NGW-062,Cl_mg_L,persistence,66,4.612245099660053,4.022311359322269,0.5899337403377842,4.127883273714936,5.096606925605171,True,False
9,2025-08-14,NGW-062,SO4_mg_L,persistence,66,3.678071255397333,3.719408659148759,-0.04133740375142603,3.158812607532248,4.1973299032624185,True,True
9,2025-08-14,NGW-062,NO3_mg_L,persistence,66,2.2915241456346207,0.4510756193602166,1.8404485262744041,1.6388724922328637,2.944175799036378,True,False
9,2025-08-14,NGW-062,F_mg_L,persistence,66,0.4824261492442927,0.33647223662121295,0.14595391262307977,0.1470771643996034,0.8177751340889821,True,True
9,2025-08-14,NGW-062,Sr_mg_L,persistence,66,0.15529288440603534,0.10074990310014306,0.054542981305892274,-0.044707115593964675,0.35529288440603535,True,True
9,2025-08-14,NGW-062,SiO2_mg_L,persistence,66,3.8732821771117156,3.58351893845611,0.2897632386556057,3.566321558467024,4.180242795756407,True,True
9,2025-08-14,NGW-062,Ca_mg_L,expanding_mean_delta,66,3.3761196373730513,3.5319332036512097,-0.15581356627815834,3.039743217214414,3.7124960575316885,True,True
9,2025-08-14,NGW-062,Mg_mg_L,expanding_mean_delta,66,2.5805815743174016,2.4932054526026954,0.08737612171470621,2.1623678355320592,2.998795313102744,True,True
9,2025-08-14,NGW-062,Na_mg_L,expanding_mean_delta,66,3.5193248560915658,3.679586407202344,-0.1602615511107781,3.0455687566309395,3.993080955552192,True,True
9,2025-08-14,NGW-062,K_mg_L,expanding_mean_delta,66,1.7898027235578666,1.824549292051046,-0.034746568493179364,1.4257300865675453,2.153875360548188,True,True
9,2025-08-14,NGW-062,HCO3_mg_L,expanding_mean_delta,66,4.698683725273244,4.739089003553879,-0.04040527828063478,4.387892310510152,5.009475140036336,True,True
9,2025-08-14,NGW-062,Cl_mg_L,expanding_mean_delta,66,4.040437086318616,4.022311359322269,0.01812572699634707,3.5560752603734986,4.5247989122637335,True,True
9,2025-08-14,NGW-062,SO4_mg_L,expanding_mean_delta,66,3.3146632718503604,3.719408659148759,-0.4047453872983988,2.795404623985275,3.8339219197154457,True,True
9,2025-08-14,NGW-062,NO3_mg_L,expanding_mean_delta,66,1.9601720596384573,0.4510756193602166,1.5090964402782407,1.3075204062367003,2.612823713040214,True,False
9,2025-08-14,NGW-062,F_mg_L,expanding_mean_delta,66,0.3324965973133242,0.33647223662121295,-0.003975639307888745,-0.0028523875313651303,0.6678455821580136,True,True
9,2025-08-14,NGW-062,Sr_mg_L,expanding_mean_delta,66,0.16354637761102322,0.10074990310014306,0.06279647451088016,-0.036453622388976786,0.36354637761102326,True,True
9,2025-08-14,NGW-062,SiO2_mg_L,expanding_mean_delta,66,3.9103678293134987,3.58351893845611,0.3268488908573888,3.603407210668807,4.21732844795819,True,False
9,2025-08-14,NGW-062,Ca_mg_L,hydrosheaf_graph_ridge,66,3.3724561322629123,3.5319332036512097,-0.15947707138829736,3.036079712104275,3.7088325524215495,True,True
9,2025-08-14,NGW-062,Mg_mg_L,hydrosheaf_graph_ridge,66,2.7512998652395186,2.4932054526026954,0.2580944126368232,2.333086126454176,3.1695136040248615,True,True
9,2025-08-14,NGW-062,Na_mg_L,hydrosheaf_graph_ridge,66,3.322766794129281,3.679586407202344,-0.35681961307306276,2.849010694668655,3.7965228935899074,True,True
9,2025-08-14,NGW-062,K_mg_L,hydrosheaf_graph_ridge,66,1.721143168067598,1.824549292051046,-0.10340612398344806,1.3570705310772766,2.0852158050579193,True,True
9,2025-08-14,NGW-062,HCO3_mg_L,hydrosheaf_graph_ridge,66,4.761335783592077,4.739089003553879,0.022246780038198466,4.450544368828985,5.07212719835517,True,True
9,2025-08-14,NGW-062,Cl_mg_L,hydrosheaf_graph_ridge,66,3.9096742196478664,4.022311359322269,-0.11263713967440259,3.4253123937027485,4.394036045592984,True,True
9,2025-08-14,NGW-062,SO4_mg_L,hydrosheaf_graph_ridge,66,3.36475320626202,3.719408659148759,-0.3546554528867394,2.8454945583969344,3.884011854127105,True,True
9,2025-08-14,NGW-062,NO3_mg_L,hydrosheaf_graph_ridge,66,1.773237399960644,0.4510756193602166,1.3221617806004273,1.1205857465588869,2.425889053362401,True,False
9,2025-08-14,NGW-062,F_mg_L,hydrosheaf_graph_ridge,66,0.3241123925909036,0.33647223662121295,-0.012359844030309375,-0.01123659225378576,0.6594613774355929,True,True
9,2025-08-14,NGW-062,Sr_mg_L,hydrosheaf_graph_ridge,66,0.187426985329535,0.10074990310014306,0.08667708222939194,-0.01257301467046501,0.387426985329535,True,True
9,2025-08-14,NGW-062,SiO2_mg_L,hydrosheaf_graph_ridge,66,3.8907247053849687,3.58351893845611,0.3072057669288588,3.583764086740277,4.19768532402966,True,False
9,2025-08-14,NGW-079,Ca_mg_L,persistence,66,3.726416057642662,3.585184217775171,0.141231839867491,3.3900396374840254,4.062792477801299,True,True
9,2025-08-14,NGW-079,Mg_mg_L,persistence,66,2.7887081041196646,2.052840859882657,0.7358672442370078,2.370494365334322,3.2069218429050075,True,False
9,2025-08-14,NGW-079,Na_mg_L,persistence,66,3.757472245579548,3.6214032889890224,0.13606895659052576,3.2837161461189215,4.231228345040175,True,True
9,2025-08-14,NGW-079,K_mg_L,persistence,66,1.9300710850255671,1.6563214983329508,0.2737495866926163,1.5659984480352458,2.2941437220158885,True,True
9,2025-08-14,NGW-079,HCO3_mg_L,persistence,66,4.988866735623107,4.814620410170298,0.17424632545280883,4.678075320860015,5.2996581503861995,True,True
9,2025-08-14,NGW-079,Cl_mg_L,persistence,66,4.218772140597153,3.822754537669964,0.3960176029271891,3.7344103146520355,4.7031339665422704,True,True
9,2025-08-14,NGW-079,SO4_mg_L,persistence,66,3.5776685247779345,3.358985532852846,0.21868299192508855,3.058409876912849,4.09692717264302,True,True
9,2025-08-14,NGW-079,NO3_mg_L,persistence,66,2.7067159780890733,2.5447466501440172,0.16196932794505603,2.0540643246873165,3.35936763149083,True,True
9,2025-08-14,NGW-079,F_mg_L,persistence,66,0.6931471805599453,0.4252677354043441,0.2678794451556012,0.35779819571525595,1.0284961654046345,True,True
9,2025-08-14,NGW-079,Sr_mg_L,persistence,66,0.20538682972495073,0.13889199886661863,0.0664948308583321,0.00538682972495072,0.40538682972495077,True,True
9,2025-08-14,NGW-079,SiO2_mg_L,persistence,66,4.096009841541162,4.168214410788556,-0.07220456924739427,3.78904922289647,4.402970460185854,True,True
9,2025-08-14,NGW-079,Ca_mg_L,expanding_mean_delta,66,3.2863630152444014,3.585184217775171,-0.2988212025307697,2.9499865950857647,3.622739435403038,True,True
9,2025-08-14,NGW-079,Mg_mg_L,expanding_mean_delta,66,2.3631121470215364,2.052840859882657,0.3102712871388795,1.9448984082361938,2.7813258858068792,True,True
9,2025-08-14,NGW-079,Na_mg_L,expanding_mean_delta,66,3.3299862707573036,3.6214032889890224,-0.29141701823171884,2.8562301712966773,3.80374237021793,True,True
9,2025-08-14,NGW-079,K_mg_L,expanding_mean_delta,66,1.5940258940894423,1.6563214983329508,-0.06229560424350855,1.229953257099121,1.9580985310797636,True,True
9,2025-08-14,NGW-079,HCO3_mg_L,expanding_mean_delta,66,4.60050983559769,4.814620410170298,-0.21411057457260796,4.289718420834598,4.911301250360783,True,True
9,2025-08-14,NGW-079,Cl_mg_L,expanding_mean_delta,66,3.646964127255716,3.822754537669964,-0.17579041041424803,3.1626023013105984,4.131325953200833,True,True
9,2025-08-14,NGW-079,SO4_mg_L,expanding_mean_delta,66,3.2142605412309617,3.358985532852846,-0.14472499162188424,2.6950018933658764,3.733519189096047,True,True
9,2025-08-14,NGW-079,NO3_mg_L,expanding_mean_delta,66,2.37536389209291,2.5447466501440172,-0.16938275805110736,1.7227122386911529,3.028015545494667,True,True
9,2025-08-14,NGW-079,F_mg_L,expanding_mean_delta,66,0.5432176286289767,0.4252677354043441,0.11794989322463262,0.20786864378428738,0.878566613473666,True,True
9,2025-08-14,NGW-079,Sr_mg_L,expanding_mean_delta,66,0.21364032292993862,0.13889199886661863,0.07474832406331999,0.013640322929938609,0.41364032292993863,True,True
9,2025-08-14,NGW-079,SiO2_mg_L,expanding_mean_delta,66,4.133095493742944,4.168214410788556,-0.03511891704561165,3.8261348750982527,4.440056112387635,True,True
9,2025-08-14,NGW-079,Ca_mg_L,hydrosheaf_graph_ridge,66,3.5094592651847667,3.585184217775171,-0.07572495259040446,3.17308284502613,3.8458356853434035,True,True
9,2025-08-14,NGW-079,Mg_mg_L,hydrosheaf_graph_ridge,66,2.6160475710328814,2.052840859882657,0.5632067111502246,2.1978338322475386,3.0342613098182243,True,False
9,2025-08-14,NGW-079,Na_mg_L,hydrosheaf_graph_ridge,66,3.6295123197695336,3.6214032889890224,0.008109030780511173,3.1557562203089073,4.10326841923016,True,True
9,2025-08-14,NGW-079,K_mg_L,hydrosheaf_graph_ridge,66,1.5979107572452462,1.6563214983329508,-0.05841074108770461,1.233838120254925,1.9619833942355676,True,True
9,2025-08-14,NGW-079,HCO3_mg_L,hydrosheaf_graph_ridge,66,4.852103535415777,4.814620410170298,0.03748312524547881,4.541312120652685,5.1628949501788695,True,True
9,2025-08-14,NGW-079,Cl_mg_L,hydrosheaf_graph_ridge,66,3.9335486540922275,3.822754537669964,0.11079411642226367,3.44918682814711,4.417910480037345,True,True
9,2025-08-14,NGW-079,SO4_mg_L,hydrosheaf_graph_ridge,66,3.54042405978065,3.358985532852846,0.18143852692780404,3.0211654119155646,4.059682707645735,True,True
9,2025-08-14,NGW-079,NO3_mg_L,hydrosheaf_graph_ridge,66,2.67150108941955,2.5447466501440172,0.12675443927553287,2.018849436017793,3.3241527428213073,True,True
9,2025-08-14,NGW-079,F_mg_L,hydrosheaf_graph_ridge,66,0.4984866154795462,0.4252677354043441,0.07321888007520211,0.16313763063485687,0.8338356003242355,True,True
9,2025-08-14,NGW-079,Sr_mg_L,hydrosheaf_graph_ridge,66,0.17187274485791543,0.13889199886661863,0.0329807459912968,-0.028127255142084584,0.37187274485791544,True,True
9,2025-08-14,NGW-079,SiO2_mg_L,hydrosheaf_graph_ridge,66,4.142252792785786,4.168214410788556,-0.025961618002769526,3.835292174141095,4.4492134114304775,True,True
9,2025-08-14,NGW-090,Ca_mg_L,persistence,66,4.044278584548617,3.5130368634176907,0.5312417211309262,3.7079021643899797,4.380655004707254,True,False
9,2025-08-14,NGW-090,Mg_mg_L,persistence,66,3.112181086197238,2.5687881337687024,0.5433929524285355,2.6939673474118955,3.5303948249825803,True,False
9,2025-08-14,NGW-090,Na_mg_L,persistence,66,4.092175544937261,3.720378121173307,0.37179742376395364,3.6184194454766345,4.565931644397887,True,True
9,2025-08-14,NGW-090,K_mg_L,persistence,66,2.157559320943788,1.5454325824581878,0.6121267384856002,1.7934866839534667,2.521631957934109,True,False
9,2025-08-14,NGW-090,HCO3_mg_L,persistence,66,5.318904000156425,4.823662939086874,0.49524106106955124,5.008112585393333,5.629695414919517,True,False
9,2025-08-14,NGW-090,Cl_mg_L,persistence,66,4.451552697322492,3.817492521581913,0.6340601757405788,3.9671908713773743,4.935914523267609,True,False
9,2025-08-14,NGW-090,SO4_mg_L,persistence,66,4.007696755496428,3.2718477096343066,0.7358490458621216,3.488438107631343,4.526955403361514,True,False
9,2025-08-14,NGW-090,NO3_mg_L,persistence,66,3.521938999358284,3.9308447596687337,-0.40890576031044956,2.8692873459565273,4.174590652760041,True,True
9,2025-08-14,NGW-090,F_mg_L,persistence,66,0.9631743177730056,0.8458682675776092,0.1173060501953963,0.6278253329283162,1.2985233026176948,True,True
9,2025-08-14,NGW-090,Sr_mg_L,persistence,66,0.1484200051182733,0.1798184265758361,-0.0313984214575628,-0.05157999488172671,0.3484200051182733,True,True
9,2025-08-14,NGW-090,SiO2_mg_L,persistence,66,4.034240638152395,3.8543938925915096,0.17984674556088587,3.727280019507704,4.341201256797087,True,True
9,2025-08-14,NGW-090,Ca_mg_L,expanding_mean_delta,66,3.604225542150356,3.5130368634176907,0.09118867873266545,3.267849121991719,3.9406019623089934,True,True
9,2025-08-14,NGW-090,Mg_mg_L,expanding_mean_delta,66,2.6865851290991096,2.5687881337687024,0.11779699533040722,2.268371390313767,3.104798867884452,True,True
9,2025-08-14,NGW-090,Na_mg_L,expanding_mean_delta,66,3.6646895701150166,3.720378121173307,-0.055688551058290514,3.1909334706543904,4.138445669575643,True,True
9,2025-08-14,NGW-090,K_mg_L,expanding_mean_delta,66,1.8215141300076632,1.5454325824581878,0.27608154754947534,1.4574414930173418,2.1855867669979845,True,True
9,2025-08-14,NGW-090,HCO3_mg_L,expanding_mean_delta,66,4.930547100131008,4.823662939086874,0.10688416104413445,4.619755685367916,5.2413385148941005,True,True
9,2025-08-14,NGW-090,Cl_mg_L,expanding_mean_delta,66,3.8797446839810545,3.817492521581913,0.062252162399141664,3.395382858035937,4.364106509926172,True,True
9,2025-08-14,NGW-090,SO4_mg_L,expanding_mean_delta,66,3.6442887719494554,3.2718477096343066,0.37244106231514884,3.12503012408437,4.163547419814541,True,True
9,2025-08-14,NGW-090,NO3_mg_L,expanding_mean_delta,66,3.1905869133621207,3.9308447596687337,-0.740257846306613,2.5379352599603635,3.843238566763878,True,False
9,2025-08-14,NGW-090,F_mg_L,expanding_mean_delta,66,0.813244765842037,0.8458682675776092,-0.03262350173557227,0.47789578099734764,1.1485937506867263,True,True
9,2025-08-14,NGW-090,Sr_mg_L,expanding_mean_delta,66,0.1566734983232612,0.1798184265758361,-0.023144928252574914,-0.04332650167673882,0.35667349832326123,True,True
9,2025-08-14,NGW-090,SiO2_mg_L,expanding_mean_delta,66,4.071326290354178,3.8543938925915096,0.21693239776266848,3.7643656717094864,4.37828690899887,True,True
9,2025-08-14,NGW-090,Ca_mg_L,hydrosheaf_graph_ridge,66,3.547969890960542,3.5130368634176907,0.034933027542851214,3.2115934708019047,3.884346311119179,True,True
9,2025-08-14,NGW-090,Mg_mg_L,hydrosheaf_graph_ridge,66,2.5284271596846626,2.5687881337687024,-0.040360974084039825,2.1102134208993197,2.9466408984700054,True,True
9,2025-08-14,NGW-090,Na_mg_L,hydrosheaf_graph_ridge,66,3.5467874498109633,3.720378121173307,-0.17359067136234385,3.0730313503503366,4.02054354927159,True,True
9,2025-08-14,NGW-090,K_mg_L,hydrosheaf_graph_ridge,66,1.8085839944234707,1.5454325824581878,0.2631514119652829,1.4445113574331494,2.1726566314137923,True,True
9,2025-08-14,NGW-090,HCO3_mg_L,hydrosheaf_graph_ridge,66,4.748002025782021,4.823662939086874,-0.07566091330485314,4.437210611018928,5.058793440545113,True,True
9,2025-08-14,NGW-090,Cl_mg_L,hydrosheaf_graph_ridge,66,3.7858932905205465,3.817492521581913,-0.03159923106136642,3.3015314645754286,4.270255116465664,True,True
9,2025-08-14,NGW-090,SO4_mg_L,hydrosheaf_graph_ridge,66,3.466916042577352,3.2718477096343066,0.1950683329430456,2.947657394712267,3.9861746904424376,True,True
9,2025-08-14,NGW-090,NO3_mg_L,hydrosheaf_graph_ridge,66,3.3489233771373907,3.9308447596687337,-0.581921382531343,2.6962717237356335,4.001575030539148,True,True
9,2025-08-14,NGW-090,F_mg_L,hydrosheaf_graph_ridge,66,0.7875270193585422,0.8458682675776092,-0.058341248219067054,0.45217803451385286,1.1228760042032315,True,True
9,2025-08-14,NGW-090,Sr_mg_L,hydrosheaf_graph_ridge,66,0.17793822507972876,0.1798184265758361,-0.0018802014961073477,-0.022061774920271254,0.37793822507972874,True,True
9,2025-08-14,NGW-090,SiO2_mg_L,hydrosheaf_graph_ridge,66,3.9370297010063093,3.8543938925915096,0.08263580841479978,3.6300690823616177,4.243990319651001,True,True
9,2025-08-14,NGW-121,Ca_mg_L,persistence,66,3.7800903341673204,3.4864572256129787,0.29363310855434177,3.4437139140086837,4.116466754325957,True,True
9,2025-08-14,NGW-121,Mg_mg_L,persistence,66,3.0487989944906833,2.7350166493320245,0.31378234515865877,2.6305852557053404,3.467012733276026,True,True
9,2025-08-14,NGW-121,Na_mg_L,persistence,66,3.887935209899056,3.5576311675039825,0.3303040423950736,3.41417911043843,4.361691309359682,True,True
9,2025-08-14,NGW-121,K_mg_L,persistence,66,1.8702625307159986,1.547562508716013,0.3227000219999856,1.5061898937256772,2.2343351677063197,True,True
9,2025-08-14,NGW-121,HCO3_mg_L,persistence,66,5.037731519757957,4.900671607492004,0.13705991226595238,4.726940104994864,5.348522934521049,True,True
9,2025-08-14,NGW-121,Cl_mg_L,persistence,66,4.3715974391833425,3.841171264456195,0.5304261747271477,3.887235613238225,4.85595926512846,True,False
9,2025-08-14,NGW-121,SO4_mg_L,persistence,66,3.803546529092062,3.6428355156125294,0.16071101347953265,3.2842878812269767,4.322805176957147,True,True
9,2025-08-14,NGW-121,NO3_mg_L,persistence,66,3.079613757534693,2.186051276738094,0.8935624807965987,2.4269621041329357,3.73226541093645,True,False
9,2025-08-14,NGW-121,F_mg_L,persistence,66,0.6151856390902334,0.4054651081081644,0.209720530982069,0.27983665424554405,0.9505346239349227,True,True
9,2025-08-14,NGW-121,Sr_mg_L,persistence,66,0.20212418409013436,0.1697427745870945,0.03238140950303986,0.0021241840901343456,0.4021241840901344,True,True
9,2025-08-14,NGW-121,SiO2_mg_L,persistence,66,3.7819143200811256,3.9512437185814275,-0.16932939850030193,3.474953701436434,4.088874938725818,True,True
9,2025-08-14,NGW-121,Ca_mg_L,expanding_mean_delta,66,3.3400372917690597,3.4864572256129787,-0.14641993384391894,3.003660871610423,3.6764137119276965,True,True
9,2025-08-14,NGW-121,Mg_mg_L,expanding_mean_delta,66,2.623203037392555,2.7350166493320245,-0.11181361193946948,2.204989298607212,3.041416776177898,True,True
9,2025-08-14,NGW-121,Na_mg_L,expanding_mean_delta,66,3.460449235076812,3.5576311675039825,-0.09718193242717055,2.9866931356161857,3.934205334537438,True,True
9,2025-08-14,NGW-121,K_mg_L,expanding_mean_delta,66,1.5342173397798737,1.547562508716013,-0.01334516893613924,1.1701447027895524,1.898289976770195,True,True
9,2025-08-14,NGW-121,HCO3_mg_L,expanding_mean_delta,66,4.64937461973254,4.900671607492004,-0.2512969877594644,4.3385832049694475,4.960166034495632,True,True
9,2025-08-14,NGW-121,Cl_mg_L,expanding_mean_delta,66,3.7997894258419054,3.841171264456195,-0.04138183861428946,3.315427599896788,4.284151251787023,True,True
9,2025-08-14,NGW-121,SO4_mg_L,expanding_mean_delta,66,3.4401385455450892,3.6428355156125294,-0.20269697006744014,2.920879897680004,3.9593971934101746,True,True
9,2025-08-14,NGW-121,NO3_mg_L,expanding_mean_delta,66,2.7482616715385295,2.186051276738094,0.5622103948004353,2.0956100181367727,3.4009133249402863,True,True
9,2025-08-14,NGW-121,F_mg_L,expanding_mean_delta,66,0.46525608715926486,0.4054651081081644,0.05979097905110048,0.12990710231457553,0.8006050720039541,True,True
9,2025-08-14,NGW-121,Sr_mg_L,expanding_mean_delta,66,0.21037767729512225,0.1697427745870945,0.04063490270802775,0.010377677295122234,0.41037767729512226,True,True
9,2025-08-14,NGW-121,SiO2_mg_L,expanding_mean_delta,66,3.8189999722829087,3.9512437185814275,-0.13224374629851887,3.512039353638217,4.1259605909276,True,True
9,2025-08-14,NGW-121,Ca_mg_L,hydrosheaf_graph_ridge,66,3.444288044158187,3.4864572256129787,-0.04216918145479154,3.1079116239995503,3.780664464316824,True,True
9,2025-08-14,NGW-121,Mg_mg_L,hydrosheaf_graph_ridge,66,2.7880193732712213,2.7350166493320245,0.053002723939196805,2.3698056344858784,3.206233112056564,True,True
9,2025-08-14,NGW-121,Na_mg_L,hydrosheaf_graph_ridge,66,3.721533629807397,3.5576311675039825,0.16390246230341443,3.24777753034677,4.195289729268024,True,True
9,2025-08-14,NGW-121,K_mg_L,hydrosheaf_graph_ridge,66,1.730250482431873,1.547562508716013,0.18268797371585999,1.3661778454415516,2.094323119422194,True,True
9,2025-08-14,NGW-121,HCO3_mg_L,hydrosheaf_graph_ridge,66,4.845993608021395,4.900671607492004,-0.05467799947060925,4.535202193258303,5.156785022784487,True,True
9,2025-08-14,NGW-121,Cl_mg_L,hydrosheaf_graph_ridge,66,4.005482695469968,3.841171264456195,0.16431143101377277,3.52112086952485,4.489844521415085,True,True
9,2025-08-14,NGW-121,SO4_mg_L,hydrosheaf_graph_ridge,66,3.684061369686892,3.6428355156125294,0.04122585407436263,3.1648027218218067,4.203320017551977,True,True
9,2025-08-14,NGW-121,NO3_mg_L,hydrosheaf_graph_ridge,66,2.852087358729983,2.186051276738094,0.6660360819918889,2.1994357053282263,3.50473901213174,True,False
9,2025-08-14,NGW-121,F_mg_L,hydrosheaf_graph_ridge,66,0.4506884288598866,0.4054651081081644,0.045223320751722196,0.11533944401519725,0.7860374137045759,True,True
9,2025-08-14,NGW-121,Sr_mg_L,hydrosheaf_graph_ridge,66,0.19467219587956375,0.1697427745870945,0.02492942129246925,-0.005327804120436264,0.39467219587956376,True,True
9,2025-08-14,NGW-121,SiO2_mg_L,hydrosheaf_graph_ridge,66,4.0186187981601496,3.9512437185814275,0.06737507957872202,3.711658179515458,4.325579416804841,True,True
9,2025-08-14,NGW-157,Ca_mg_L,persistence,66,3.9223692974822906,3.4239368686316447,0.49843242885064587,3.585992877323654,4.258745717640927,True,False
9,2025-08-14,NGW-157,Mg_mg_L,persistence,66,3.068517943279639,2.4336133554004498,0.634904587879189,2.6503042044942964,3.486731682064981,True,False
9,2025-08-14,NGW-157,Na_mg_L,persistence,66,4.073631520624559,3.5989547465859495,0.47467677403860975,3.599875421163933,4.5473876200851855,True,False
9,2025-08-14,NGW-157,K_mg_L,persistence,66,2.1610215286722587,1.449269160281279,0.7117523683909797,1.7969488916819374,2.52509416566258,True,False
9,2025-08-14,NGW-157,HCO3_mg_L,persistence,66,5.132144711493453,4.606868742623673,0.5252759688697797,4.8213532967303605,5.442936126256545,True,False
9,2025-08-14,NGW-157,Cl_mg_L,persistence,66,4.4330761493495725,3.587123545159549,0.8459526041900234,3.948714323404455,4.91743797529469,True,False
9,2025-08-14,NGW-157,SO4_mg_L,persistence,66,4.208863015664693,3.3087165288679903,0.9001464867967024,3.6896043677996073,4.7281216635297785,True,False
9,2025-08-14,NGW-157,NO3_mg_L,persistence,66,3.9330014118133376,3.9915732841861553,-0.05857187237281769,3.280349758411581,4.585653065215094,True,True
9,2025-08-14,NGW-157,F_mg_L,persistence,66,0.5007752879124893,0.2468600779315258,0.25391520998096345,0.16542630306779993,0.8361242727571786,True,True
9,2025-08-14,NGW-157,Sr_mg_L,persistence,66,0.1292723357041392,0.17142911562753096,-0.04215677992339176,-0.0707276642958608,0.3292723357041392,True,True
9,2025-08-14,NGW-157,SiO2_mg_L,persistence,66,4.063885354737392,3.8416005411316,0.22228481360579222,3.7569247360927007,4.3708459733820835,True,True
9,2025-08-14,NGW-157,Ca_mg_L,expanding_mean_delta,66,3.48231625508403,3.4239368686316447,0.05837938645238516,3.145939834925393,3.8186926752426666,True,True
9,2025-08-14,NGW-157,Mg_mg_L,expanding_mean_delta,66,2.6429219861815105,2.4336133554004498,0.20930863078106077,2.224708247396168,3.061135724966853,True,True
9,2025-08-14,NGW-157,Na_mg_L,expanding_mean_delta,66,3.646145545802315,3.5989547465859495,0.0471907992163656,3.172389446341689,4.119901645262941,True,True
9,2025-08-14,NGW-157,K_mg_L,expanding_mean_delta,66,1.8249763377361339,1.449269160281279,0.3757071774548548,1.4609037007458126,2.189048974726455,True,False
9,2025-08-14,NGW-157,HCO3_mg_L,expanding_mean_delta,66,4.743787811468036,4.606868742623673,0.1369190688443629,4.432996396704944,5.054579226231128,True,True
9,2025-08-14,NGW-157,Cl_mg_L,expanding_mean_delta,66,3.8612681360081353,3.587123545159549,0.2741445908485862,3.376906310063018,4.345629961953253,True,True
9,2025-08-14,NGW-157,SO4_mg_L,expanding_mean_delta,66,3.84545503211772,3.3087165288679903,0.5367385032497296,3.3261963842526345,4.364713679982805,True,False
9,2025-08-14,NGW-157,NO3_mg_L,expanding_mean_delta,66,3.6016493258171742,3.9915732841861553,-0.3899239583689811,2.948997672415417,4.2543009792189315,True,True
9,2025-08-14,NGW-157,F_mg_L,expanding_mean_delta,66,0.35084573598152075,0.2468600779315258,0.10398565804999493,0.01549675113683141,0.68619472082621,True,True
9,2025-08-14,NGW-157,Sr_mg_L,expanding_mean_delta,66,0.1375258289091271,0.17142911562753096,-0.03390328671840387,-0.062474171090872915,0.3375258289091271,True,True
9,2025-08-14,NGW-157,SiO2_mg_L,expanding_mean_delta,66,4.100971006939175,3.8416005411316,0.25937046580757483,3.7940103882944833,4.407931625583867,True,True
9,2025-08-14,NGW-157,Ca_mg_L,hydrosheaf_graph_ridge,66,3.5095474428092746,3.4239368686316447,0.08561057417762985,3.1731710226506378,3.8459238629679113,True,True
9,2025-08-14,NGW-157,Mg_mg_L,hydrosheaf_graph_ridge,66,2.7830109225519357,2.4336133554004498,0.34939756715148595,2.3647971837665933,3.201224661337278,True,True
9,2025-08-14,NGW-157,Na_mg_L,hydrosheaf_graph_ridge,66,3.566861856186368,3.5989547465859495,-0.03209289039958163,3.093105756725741,4.0406179556469946,True,True
9,2025-08-14,NGW-157,K_mg_L,hydrosheaf_graph_ridge,66,1.706188828929403,1.449269160281279,0.2569196686481239,1.3421161919390816,2.0702614659197245,True,True
9,2025-08-14,NGW-157,HCO3_mg_L,hydrosheaf_graph_ridge,66,4.780218123545641,4.606868742623673,0.17334938092196772,4.4694267087825486,5.091009538308733,True,True
9,2025-08-14,NGW-157,Cl_mg_L,hydrosheaf_graph_ridge,66,3.723312083162929,3.587123545159549,0.13618853800337982,3.2389502572178115,4.207673909108046,True,True
9,2025-08-14,NGW-157,SO4_mg_L,hydrosheaf_graph_ridge,66,3.5495849009026155,3.3087165288679903,0.2408683720346252,3.03032625303753,4.068843548767701,True,True
9,2025-08-14,NGW-157,NO3_mg_L,hydrosheaf_graph_ridge,66,4.28978146039569,3.9915732841861553,0.29820817620953477,3.637129806993933,4.942433113797447,True,True
9,2025-08-14,NGW-157,F_mg_L,hydrosheaf_graph_ridge,66,0.3746128738865392,0.2468600779315258,0.12775279595501338,0.03926388904184985,0.7099618587312285,True,True
9,2025-08-14,NGW-157,Sr_mg_L,hydrosheaf_graph_ridge,66,0.1643071305597805,0.17142911562753096,-0.007121985067750469,-0.035692869440219516,0.3643071305597805,True,True
9,2025-08-14,NGW-157,SiO2_mg_L,hydrosheaf_graph_ridge,66,3.7510496382673573,3.8416005411316,-0.09055090286424283,3.4440890196226657,4.058010256912048,True,True
10,2025-08-15,NGW-001,Ca_mg_L,persistence,71,3.8314634975697293,3.482777368654578,0.34868612891515127,3.4953768604997544,4.167550134639704,True,False
10,2025-08-15,NGW-001,Mg_mg_L,persistence,71,2.970414465569701,2.4849066497880004,0.48550781578170055,2.5301892691477548,3.410639661991647,True,False
10,2025-08-15,NGW-001,Na_mg_L,persistence,71,3.9636662385799846,3.293612170982218,0.6700540675977664,3.5040253963697956,4.423307080790174,True,False
10,2025-08-15,NGW-001,K_mg_L,persistence,71,1.9035989509835904,1.4861396960896067,0.4174592548939837,1.5546794464635767,2.252518455503604,True,False
10,2025-08-15,NGW-001,HCO3_mg_L,persistence,71,5.136915460006586,4.748837535800504,0.38807792420608145,4.834983384976785,5.438847535036387,True,False
10,2025-08-15,NGW-001,Cl_mg_L,persistence,71,4.017103481878653,3.328985047548231,0.6881184343304221,3.5415240432942867,4.49268292046302,True,False
10,2025-08-15,NGW-001,SO4_mg_L,persistence,71,4.119362325197389,3.6699514442284173,0.4494108809689714,3.60218860277677,4.636536047618007,True,True
10,2025-08-15,NGW-001,NO3_mg_L,persistence,71,3.126321843257593,2.7285062096695922,0.39781563358800076,2.460285761265704,3.792357925249482,True,True
10,2025-08-15,NGW-001,F_mg_L,persistence,71,0.5364933705145685,0.4762341789963716,0.060259191518196864,0.20330984702484645,0.8696768940042905,True,True
10,2025-08-15,NGW-001,Sr_mg_L,persistence,71,0.23348984336835407,0.19638881400539013,0.037101029362963944,0.03348984336835406,0.43348984336835406,True,True
10,2025-08-15,NGW-001,SiO2_mg_L,persistence,71,3.8815637979434374,3.960813169597578,-0.0792493716541407,3.5743580310145786,4.188769564872296,True,True
10,2025-08-15,NGW-001,Ca_mg_L,expanding_mean_delta,71,3.397769421896367,3.482777368654578,-0.085007946758211,3.061682784826392,3.733856058966342,True,True
10,2025-08-15,NGW-001,Mg_mg_L,expanding_mean_delta,71,2.5361855588514937,2.4849066497880004,0.051278909063493305,2.0959603624295475,2.97641075527344,True,True
10,2025-08-15,NGW-001,Na_mg_L,expanding_mean_delta,71,3.5440303800057906,3.293612170982218,0.2504182090235725,3.0843895377956017,4.00367122221598,True,True
10,2025-08-15,NGW-001,K_mg_L,expanding_mean_delta,71,1.5599283884512471,1.4861396960896067,0.07378869236164043,1.2110088839312334,1.908847892971261,True,True
10,2025-08-15,NGW-001,HCO3_mg_L,expanding_mean_delta,71,4.752248836188553,4.748837535800504,0.0034113003880484882,4.450316761158752,5.054180911218354,True,True
10,2025-08-15,NGW-001,Cl_mg_L,expanding_mean_delta,71,3.4433609582384057,3.328985047548231,0.11437591069017472,2.9677815196540394,3.918940396822772,True,True
10,2025-08-15,NGW-001,SO4_mg_L,expanding_mean_delta,71,3.7537429019803152,3.6699514442284173,0.08379145775189789,3.2365691795596967,4.270916624400934,True,True
10,2025-08-15,NGW-001,NO3_mg_L,expanding_mean_delta,71,2.7841001477916834,2.7285062096695922,0.055593938122091124,2.1180640657997944,3.4501362297835723,True,True
10,2025-08-15,NGW-001,F_mg_L,expanding_mean_delta,71,0.3831113201430046,0.4762341789963716,-0.09312285885336702,0.04992779665328256,0.7162948436327266,True,True
10,2025-08-15,NGW-001,Sr_mg_L,expanding_mean_delta,71,0.24003725930135256,0.19638881400539013,0.04364844529596243,0.040037259301352546,0.44003725930135257,True,True
10,2025-08-15,NGW-001,SiO2_mg_L,expanding_mean_delta,71,3.909694674214467,3.960813169597578,-0.051118495383111195,3.602488907285608,4.216900441143325,True,True
10,2025-08-15,NGW-001,Ca_mg_L,hydrosheaf_graph_ridge,71,3.508320741097522,3.482777368654578,0.025543372442943912,3.172234104027547,3.844407378167497,True,True
10,2025-08-15,NGW-001,Mg_mg_L,hydrosheaf_graph_ridge,71,2.682003656301294,2.4849066497880004,0.19709700651329376,2.241778459879348,3.1222288527232402,True,True
10,2025-08-15,NGW-001,Na_mg_L,hydrosheaf_graph_ridge,71,3.514790811300411,3.293612170982218,0.2211786403181928,3.055149969090222,3.9744316535106,True,True
10,2025-08-15,NGW-001,K_mg_L,hydrosheaf_graph_ridge,71,1.5415637202512458,1.4861396960896067,0.05542402416163905,1.192644215731232,1.8904832247712595,True,True
10,2025-08-15,NGW-001,HCO3_mg_L,hydrosheaf_graph_ridge,71,4.894221167039085,4.748837535800504,0.14538363123858034,4.592289092009284,5.196153242068886,True,True
10,2025-08-15,NGW-001,Cl_mg_L,hydrosheaf_graph_ridge,71,3.5297217933390668,3.328985047548231,0.20073674579083578,3.0541423547547004,4.005301231923433,True,True
10,2025-08-15,NGW-001,SO4_mg_L,hydrosheaf_graph_ridge,71,3.7425581610711296,3.6699514442284173,0.07260671684271225,3.225384438650511,4.259731883491748,True,True
10,2025-08-15,NGW-001,NO3_mg_L,hydrosheaf_graph_ridge,71,2.6654582446307375,2.7285062096695922,-0.06304796503885468,1.9994221626388486,3.3314943266226265,True,True
10,2025-08-15,NGW-001,F_mg_L,hydrosheaf_graph_ridge,71,0.41387019111416545,0.4762341789963716,-0.06236398788220615,0.08068666762444343,0.7470537146038875,True,True
10,2025-08-15,NGW-001,Sr_mg_L,hydrosheaf_graph_ridge,71,0.22073275301622117,0.19638881400539013,0.02434393901083104,0.020732753016221156,0.42073275301622115,True,True
10,2025-08-15,NGW-001,SiO2_mg_L,hydrosheaf_graph_ridge,71,4.038342820196085,3.960813169597578,0.07752965059850725,3.7311370532672266,4.345548587124944,True,True
10,2025-08-15,NGW-013,Ca_mg_L,persistence,71,3.7164946211469094,3.73552446193698,-0.01902984079007064,3.3804079840769345,4.052581258216884,True,True
10,2025-08-15,NGW-013,Mg_mg_L,persistence,71,2.8273136219290276,2.7053799725463312,0.12193364938269635,2.3870884255070814,3.2675388183509737,True,True
10,2025-08-15,NGW-013,Na_mg_L,persistence,71,3.965374180925141,3.5672766323546874,0.39809754857045343,3.505733338714952,4.42501502313533,True,True
10,2025-08-15,NGW-013,K_mg_L,persistence,71,1.8794650496471605,1.6467336971777973,0.23273135246936327,1.5305455451271468,2.2283845541671745,True,True
10,2025-08-15,NGW-013,HCO3_mg_L,persistence,71,5.173774031473436,4.867072805452385,0.3067012260210511,4.871841956443635,5.475706106503237,True,False
10,2025-08-15,NGW-013,Cl_mg_L,persistence,71,4.0881588031350145,4.072610070076094,0.015548733058920128,3.612579364550648,4.563738241719381,True,True
10,2025-08-15,NGW-013,SO4_mg_L,persistence,71,3.921379100352171,3.6041382256588457,0.3172408746933253,3.4042053779315524,4.43855282277279,True,True
10,2025-08-15,NGW-013,NO3_mg_L,persistence,71,2.8207834710894493,3.1717842173343502,-0.35100074624490096,2.1547473890975604,3.486819553081338,True,True
10,2025-08-15,NGW-013,F_mg_L,persistence,71,0.35767444427181594,0.4762341789963716,-0.11855973472455567,0.024490920782093917,0.690857967761538,True,True
10,2025-08-15,NGW-013,Sr_mg_L,persistence,71,0.20782684720231648,0.2561914053604101,-0.048364558158093596,0.007826847202316467,0.4078268472023165,True,True
10,2025-08-15,NGW-013,SiO2_mg_L,persistence,71,3.901972669574645,3.9740583963475986,-0.07208572677295377,3.594766902645786,4.209178436503503,True,True
10,2025-08-15,NGW-013,Ca_mg_L,expanding_mean_delta,71,3.282800545473547,3.73552446193698,-0.4527239164634329,2.9467139084035723,3.618887182543522,True,False
10,2025-08-15,NGW-013,Mg_mg_L,expanding_mean_delta,71,2.3930847152108203,2.7053799725463312,-0.3122952573355109,1.9528595187888742,2.8333099116327665,True,True
10,2025-08-15,NGW-013,Na_mg_L,expanding_mean_delta,71,3.545738322350947,3.5672766323546874,-0.021538310003740513,3.086097480140758,4.005379164561136,True,True
10,2025-08-15,NGW-013,K_mg_L,expanding_mean_delta,71,1.5357944871148173,1.6467336971777973,-0.11093921006298002,1.1868749825948035,1.884713991634831,True,True
10,2025-08-15,NGW-013,HCO3_mg_L,expanding_mean_delta,71,4.789107407655403,4.867072805452385,-0.07796539779698186,4.487175332625602,5.091039482685204,True,True
10,2025-08-15,NGW-013,Cl_mg_L,expanding_mean_delta,71,3.514416279494767,4.072610070076094,-0.5581937905813272,3.0388368409104007,3.9899957180791334,True,False
10,2025-08-15,NGW-013,SO4_mg_L,expanding_mean_delta,71,3.5557596771350974,3.6041382256588457,-0.04837854852374823,3.038585954714479,4.0729333995557155,True,True
10,2025-08-15,NGW-013,NO3_mg_L,expanding_mean_delta,71,2.4785617756235396,3.1717842173343502,-0.6932224417108106,1.8125256936316507,3.1445978576154285,True,False
10,2025-08-15,NGW-013,F_mg_L,expanding_mean_delta,71,0.20429239390025206,0.4762341789963716,-0.27194178509611955,-0.12889112958946997,0.5374759173899741,True,True
10,2025-08-15,NGW-013,Sr_mg_L,expanding_mean_delta,71,0.21437426313531496,0.2561914053604101,-0.04181714222509511,0.014374263135314952,0.414374263135315,True,True
10,2025-08-15,NGW-013,SiO2_mg_L,expanding_mean_delta,71,3.9301035458456743,3.9740583963475986,-0.04395485050192427,3.6228977789168155,4.237309312774533,True,True
10,2025-08-15,NGW-013,Ca_mg_L,hydrosheaf_graph_ridge,71,3.437368313035067,3.73552446193698,-0.2981561489019131,3.101281675965092,3.773454950105042,True,True
10,2025-08-15,NGW-013,Mg_mg_L,hydrosheaf_graph_ridge,71,2.506955328831571,2.7053799725463312,-0.19842464371476032,2.0667301324096248,2.947180525253517,True,True
10,2025-08-15,NGW-013,Na_mg_L,hydrosheaf_graph_ridge,71,3.7257085717929326,3.5672766323546874,0.15843193943824518,3.2660677295827436,4.185349414003122,True,True
10,2025-08-15,NGW-013,K_mg_L,hydrosheaf_graph_ridge,71,1.7437514248186332,1.6467336971777973,0.09701772764083594,1.3948319202986195,2.092670929338647,True,True
10,2025-08-15,NGW-013,HCO3_mg_L,hydrosheaf_graph_ridge,71,4.941148146792984,4.867072805452385,0.07407534134059901,4.639216071763183,5.243080221822785,True,True
10,2025-08-15,NGW-013,Cl_mg_L,hydrosheaf_graph_ridge,71,3.659226644040466,4.072610070076094,-0.41338342603562817,3.1836472054561,4.1348060826248325,True,True
10,2025-08-15,NGW-013,SO4_mg_L,hydrosheaf_graph_ridge,71,3.782365193439495,3.6041382256588457,0.1782269677806494,3.2651914710188765,4.299538915860113,True,True
10,2025-08-15,NGW-013,NO3_mg_L,hydrosheaf_graph_ridge,71,2.6456507369444386,3.1717842173343502,-0.5261334803899116,1.9796146549525497,3.3116868189363275,True,True
10,2025-08-15,NGW-013,F_mg_L,hydrosheaf_graph_ridge,71,0.3733996474062853,0.4762341789963716,-0.10283453159008632,0.04021612391656326,0.7065831708960073,True,True
10,2025-08-15,NGW-013,Sr_mg_L,hydrosheaf_graph_ridge,71,0.23211400406421917,0.2561914053604101,-0.024077401296190903,0.03211400406421916,0.4321140040642192,True,True
10,2025-08-15,NGW-013,SiO2_mg_L,hydrosheaf_graph_ridge,71,4.014704238897258,3.9740583963475986,0.04064584254965897,3.7074984719683988,4.321910005826116,True,True
10,2025-08-15,NGW-035,Ca_mg_L,persistence,71,3.768152635008444,3.353406717825807,0.4147459171826373,3.4320659979384693,4.104239272078419,True,False
10,2025-08-15,NGW-035,Mg_mg_L,persistence,71,3.1471649773142003,2.505525936990736,0.6416390403234642,2.706939780892254,3.5873901737361464,True,False
10,2025-08-15,NGW-035,Na_mg_L,persistence,71,4.013315256910018,3.832979798087693,0.18033545882232493,3.553674414699829,4.472956099120207,True,True
10,2025-08-15,NGW-035,K_mg_L,persistence,71,1.589235205116581,1.420695787837223,0.16853941727935795,1.2403157005965673,1.9381547096365948,True,True
10,2025-08-15,NGW-035,HCO3_mg_L,persistence,71,5.271408549990819,4.7829815873041595,0.48842696268665975,4.969476474961018,5.57334062502062,True,False
10,2025-08-15,NGW-035,Cl_mg_L,persistence,71,4.278608675475393,3.622739651609391,0.6558690238660021,3.803029236891027,4.75418811405976,True,False
10,2025-08-15,NGW-035,SO4_mg_L,persistence,71,4.236567242612494,3.673765816303888,0.5628014263086056,3.719393520191875,4.753740965033112,True,False
10,2025-08-15,NGW-035,NO3_mg_L,persistence,71,2.7656899805486246,3.1018924693823817,-0.33620248883375714,2.0996538985567357,3.4317260625405135,True,True
10,2025-08-15,NGW-035,F_mg_L,persistence,71,0.5822156198526637,0.27002713721306015,0.3121884826396035,0.24903209636294166,0.9153991433423857,True,True
10,2025-08-15,NGW-035,Sr_mg_L,persistence,71,0.13102826240640408,0.21752781252857406,-0.08649955012216998,-0.06897173759359593,0.3310282624064041,True,True
10,2025-08-15,NGW-035,SiO2_mg_L,persistence,71,3.4307561839036995,3.8732821771117156,-0.4425259932080161,3.1235504169748407,3.7379619508325583,True,False
10,2025-08-15,NGW-035,Ca_mg_L,expanding_mean_delta,71,3.334458559335082,3.353406717825807,-0.018948158490724953,2.998371922265107,3.670545196405057,True,True
10,2025-08-15,NGW-035,Mg_mg_L,expanding_mean_delta,71,2.712936070595993,2.505525936990736,0.20741013360525695,2.272710874174047,3.153161267017939,True,True
10,2025-08-15,NGW-035,Na_mg_L,expanding_mean_delta,71,3.593679398335824,3.832979798087693,-0.239300399751869,3.134038556125635,4.053320240546013,True,True
10,2025-08-15,NGW-035,K_mg_L,expanding_mean_delta,71,1.2455646425842377,1.420695787837223,-0.17513114525298534,0.896645138064224,1.5944841471042515,True,True
10,2025-08-15,NGW-035,HCO3_mg_L,expanding_mean_delta,71,4.886741926172786,4.7829815873041595,0.10376033886862679,4.584809851142985,5.188674001202587,True,True
10,2025-08-15,NGW-035,Cl_mg_L,expanding_mean_delta,71,3.704866151835146,3.622739651609391,0.08212650022575474,3.2292867132507794,4.180445590419512,True,True
10,2025-08-15,NGW-035,SO4_mg_L,expanding_mean_delta,71,3.87094781939542,3.673765816303888,0.1971820030915321,3.3537740969748016,4.388121541816039,True,True
10,2025-08-15,NGW-035,NO3_mg_L,expanding_mean_delta,71,2.423468285082715,3.1018924693823817,-0.6784241842996668,1.757432203090826,3.089504367074604,True,False
10,2025-08-15,NGW-035,F_mg_L,expanding_mean_delta,71,0.4288335694810998,0.27002713721306015,0.15880643226803964,0.09565004599137777,0.7620170929708219,True,True
10,2025-08-15,NGW-035,Sr_mg_L,expanding_mean_delta,71,0.13757567833940257,0.21752781252857406,-0.07995213418917149,-0.06242432166059744,0.3375756783394026,True,True
10,2025-08-15,NGW-035,SiO2_mg_L,expanding_mean_delta,71,3.458887060174729,3.8732821771117156,-0.4143951169369866,3.15168129324587,3.766092827103588,True,False
10,2025-08-15,NGW-035,Ca_mg_L,hydrosheaf_graph_ridge,71,3.5618235199199484,3.353406717825807,0.20841680209414148,3.2257368828499735,3.8979101569899233,True,True
10,2025-08-15,NGW-035,Mg_mg_L,hydrosheaf_graph_ridge,71,2.704733053300468,2.505525936990736,0.19920711630973198,2.264507856878522,3.1449582497224142,True,True
10,2025-08-15,NGW-035,Na_mg_L,hydrosheaf_graph_ridge,71,3.5703569072714085,3.832979798087693,-0.26262289081628465,3.1107160650612196,4.0299977494815975,True,True
10,2025-08-15,NGW-035,K_mg_L,hydrosheaf_graph_ridge,71,1.619268071204515,1.420695787837223,0.19857228336729205,1.2703485666845014,1.9681875757245288,True,True
10,2025-08-15,NGW-035,HCO3_mg_L,hydrosheaf_graph_ridge,71,4.8947107793919455,4.7829815873041595,0.11172919208778609,4.592778704362145,5.1966428544217464,True,True
10,2025-08-15,NGW-035,Cl_mg_L,hydrosheaf_graph_ridge,71,3.768418267706296,3.622739651609391,0.1456786160969048,3.2928388291219295,4.243997706290662,True,True
10,2025-08-15,NGW-035,SO4_mg_L,hydrosheaf_graph_ridge,71,3.8437704061202873,3.673765816303888,0.17000458981639932,3.3265966836996688,4.360944128540906,True,True
10,2025-08-15,NGW-035,NO3_mg_L,hydrosheaf_graph_ridge,71,2.019298846140518,3.1018924693823817,-1.0825936232418636,1.3532627641486292,2.685334928132407,True,False
10,2025-08-15,NGW-035,F_mg_L,hydrosheaf_graph_ridge,71,0.21986924869401314,0.27002713721306015,-0.05015788851904701,-0.11331427479570888,0.5530527721837352,True,True
10,2025-08-15,NGW-035,Sr_mg_L,hydrosheaf_graph_ridge,71,0.15614882421552492,0.21752781252857406,-0.06137898831304914,-0.04385117578447509,0.35614882421552496,True,True
10,2025-08-15,NGW-035,SiO2_mg_L,hydrosheaf_graph_ridge,71,3.5287894760967413,3.8732821771117156,-0.3444927010149743,3.2215837091678825,3.8359952430256,True,False
10,2025-08-15,NGW-039,Ca_mg_L,persistence,71,3.989724513091998,3.289893312103481,0.699831200988517,3.653637876022023,4.325811150161973,True,False
10,2025-08-15,NGW-039,Mg_mg_L,persistence,71,2.869601996409779,2.6919208191723265,0.17768117723745247,2.429376799987833,3.309827192831725,True,True
10,2025-08-15,NGW-039,Na_mg_L,persistence,71,4.018363041199472,3.471034341250935,0.5473286999485372,3.558722198989283,4.478003883409661,True,False
10,2025-08-15,NGW-039,K_mg_L,persistence,71,2.0162354657760435,1.5748464676644813,0.4413889981115622,1.6673159612560298,2.3651549702960573,True,False
10,2025-08-15,NGW-039,HCO3_mg_L,persistence,71,5.124202046301181,4.679906532102109,0.4442955141990721,4.82226997127138,5.426134121330982,True,False
10,2025-08-15,NGW-039,Cl_mg_L,persistence,71,4.452368595730128,3.9991177122790798,0.45325088345104847,3.976789157145762,4.927948034314495,True,True
10,2025-08-15,NGW-039,SO4_mg_L,persistence,71,3.674273301724574,3.234355395716587,0.4399179060079872,3.1570995793039556,4.191447024145193,True,True
10,2025-08-15,NGW-039,NO3_mg_L,persistence,71,3.1437211512674406,2.96424160646262,0.17947954480482053,2.4776850692755517,3.8097572332593295,True,True
10,2025-08-15,NGW-039,F_mg_L,persistence,71,0.5007752879124893,0.33647223662121295,0.16430305129127631,0.16759176442276724,0.8339588114022113,True,True
10,2025-08-15,NGW-039,Sr_mg_L,persistence,71,0.11422114409002286,0.15529288440603534,-0.041071740316012476,-0.08577885590997715,0.3142211440900229,True,True
10,2025-08-15,NGW-039,SiO2_mg_L,persistence,71,3.927896354584436,3.9180050771056933,0.009891277478742744,3.6206905876555773,4.235102121513295,True,True
10,2025-08-15,NGW-039,Ca_mg_L,expanding_mean_delta,71,3.556030437418636,3.289893312103481,0.26613712531515477,3.219943800348661,3.8921170744886107,True,True
10,2025-08-15,NGW-039,Mg_mg_L,expanding_mean_delta,71,2.4353730896915717,2.6919208191723265,-0.25654772948075477,1.9951478932696256,2.875598286113518,True,True
10,2025-08-15,NGW-039,Na_mg_L,expanding_mean_delta,71,3.5987271826252782,3.471034341250935,0.12769284137434322,3.1390863404150893,4.058368024835467,True,True
10,2025-08-15,NGW-039,K_mg_L,expanding_mean_delta,71,1.6725649032437002,1.5748464676644813,0.09771843557921889,1.3236453987236865,2.021484407763714,True,True
10,2025-08-15,NGW-039,HCO3_mg_L,expanding_mean_delta,71,4.739535422483148,4.679906532102109,0.059628890381039135,4.437603347453347,5.041467497512949,True,True
10,2025-08-15,NGW-039,Cl_mg_L,expanding_mean_delta,71,3.878626072089881,3.9991177122790798,-0.12049164018919889,3.4030466335055145,4.354205510674247,True,True
10,2025-08-15,NGW-039,SO4_mg_L,expanding_mean_delta,71,3.3086538785075006,3.234355395716587,0.07429848279091367,2.791480156086882,3.825827600928119,True,True
10,2025-08-15,NGW-039,NO3_mg_L,expanding_mean_delta,71,2.801499455801531,2.96424160646262,-0.1627421506610891,2.135463373809642,3.46753553779342,True,True
10,2025-08-15,NGW-039,F_mg_L,expanding_mean_delta,71,0.3473932375409254,0.33647223662121295,0.010921000919712431,0.01420971405120336,0.6805767610306475,True,True
10,2025-08-15,NGW-039,Sr_mg_L,expanding_mean_delta,71,0.12076856002302133,0.15529288440603534,-0.034524324383014005,-0.07923143997697868,0.32076856002302134,True,True
10,2025-08-15,NGW-039,SiO2_mg_L,expanding_mean_delta,71,3.9560272308554656,3.9180050771056933,0.03802215374977225,3.648821463926607,4.263232997784325,True,True
10,2025-08-15,NGW-039,Ca_mg_L,hydrosheaf_graph_ridge,71,3.5371403094726865,3.289893312103481,0.24724699736920552,3.2010536724027117,3.8732269465426614,True,True
10,2025-08-15,NGW-039,Mg_mg_L,hydrosheaf_graph_ridge,71,2.3920383720769767,2.6919208191723265,-0.29988244709534984,1.9518131756550305,2.832263568498923,True,True
10,2025-08-15,NGW-039,Na_mg_L,hydrosheaf_graph_ridge,71,3.519304088843383,3.471034341250935,0.04826974759244784,3.059663246633194,3.978944931053572,True,True
10,2025-08-15,NGW-039,K_mg_L,hydrosheaf_graph_ridge,71,1.5234926014328136,1.5748464676644813,-0.05135386623166771,1.1745730969127999,1.8724121059528274,True,True
10,2025-08-15,NGW-039,HCO3_mg_L,hydrosheaf_graph_ridge,71,4.742313139049602,4.679906532102109,0.06240660694749334,4.440381064019801,5.044245214079403,True,True
10,2025-08-15,NGW-039,Cl_mg_L,hydrosheaf_graph_ridge,71,3.612018271139427,3.9991177122790798,-0.3870994411396529,3.1364388325550605,4.087597709723793,True,True
10,2025-08-15,NGW-039,SO4_mg_L,hydrosheaf_graph_ridge,71,3.382318140338713,3.234355395716587,0.14796274462212589,2.8651444179180943,3.8994918627593314,True,True
10,2025-08-15,NGW-039,NO3_mg_L,hydrosheaf_graph_ridge,71,2.718964452087667,2.96424160646262,-0.245277154374953,2.052928370095778,3.385000534079556,True,True
10,2025-08-15,NGW-039,F_mg_L,hydrosheaf_graph_ridge,71,0.36807458869575316,0.33647223662121295,0.03160235207454021,0.034891065206031135,0.7012581121854752,True,True
10,2025-08-15,NGW-039,Sr_mg_L,hydrosheaf_graph_ridge,71,0.15203918339541733,0.15529288440603534,-0.003253701010618004,-0.04796081660458268,0.35203918339541734,True,True
10,2025-08-15,NGW-039,SiO2_mg_L,hydrosheaf_graph_ridge,71,3.888057010963007,3.9180050771056933,-0.029948066142686525,3.580851244034148,4.195262777891866,True,True
10,2025-08-15,NGW-049,Ca_mg_L,persistence,71,3.8575668196320874,3.7108855343765508,0.1466812852555366,3.5214801825621125,4.193653456702062,True,True
10,2025-08-15,NGW-049,Mg_mg_L,persistence,71,2.8914822521801917,2.7744619666214616,0.11702028555873012,2.4512570557582456,3.331707448602138,True,True
10,2025-08-15,NGW-049,Na_mg_L,persistence,71,3.8680711178989635,3.382014562245381,0.4860565556535823,3.4084302756887745,4.327711960109152,True,False
10,2025-08-15,NGW-049,K_mg_L,persistence,71,1.9740810260220096,1.4036429994545037,0.570438026567506,1.6251615215019959,2.323000530542023,True,False
10,2025-08-15,NGW-049,HCO3_mg_L,persistence,71,4.92551304067942,4.946487807605782,-0.020974766926361355,4.623580965649619,5.227445115709221,True,True
10,2025-08-15,NGW-049,Cl_mg_L,persistence,71,4.484583222998974,3.7049988359938197,0.779584387005154,4.009003784414608,4.96016266158334,True,False
10,2025-08-15,NGW-049,SO4_mg_L,persistence,71,3.7981821890043865,3.630720539940404,0.16746164906398242,3.281008466583768,4.315355911425005,True,True
10,2025-08-15,NGW-049,NO3_mg_L,persistence,71,3.168003494494444,3.214867803470662,-0.04686430897621774,2.5019674125025553,3.834039576486333,True,True
10,2025-08-15,NGW-049,F_mg_L,persistence,71,0.5877866649021191,0.3220834991691133,0.2657031657330058,0.25460314141239704,0.9209701883918411,True,True
10,2025-08-15,NGW-049,Sr_mg_L,persistence,71,0.1798184265758361,0.1980308504991345,-0.018212423923298388,-0.020181573424163907,0.3798184265758361,True,True
10,2025-08-15,NGW-049,SiO2_mg_L,persistence,71,3.730501128804756,3.835141961092188,-0.10464083228743215,3.4232953618758972,4.037706895733615,True,True
10,2025-08-15,NGW-049,Ca_mg_L,expanding_mean_delta,71,3.423872743958725,3.7108855343765508,-0.2870127904178257,3.08778610688875,3.7599593810287,True,True
10,2025-08-15,NGW-049,Mg_mg_L,expanding_mean_delta,71,2.457253345461985,2.7744619666214616,-0.3172086211594767,2.017028149040039,2.897478541883931,True,True
10,2025-08-15,NGW-049,Na_mg_L,expanding_mean_delta,71,3.4484352593247696,3.382014562245381,0.06642069707938836,2.9887944171145806,3.9080761015349585,True,True
10,2025-08-15,NGW-049,K_mg_L,expanding_mean_delta,71,1.6304104634896663,1.4036429994545037,0.22676746403516268,1.2814909589696526,1.97932996800968,True,True
10,2025-08-15,NGW-049,HCO3_mg_L,expanding_mean_delta,71,4.540846416861387,4.946487807605782,-0.4056413907443943,4.238914341831586,4.842778491891188,True,False
10,2025-08-15,NGW-049,Cl_mg_L,expanding_mean_delta,71,3.9108406993587264,3.7049988359938197,0.20584186336490662,3.43526126077436,4.386420137943093,True,True
10,2025-08-15,NGW-049,SO4_mg_L,expanding_mean_delta,71,3.432562765787313,3.630720539940404,-0.1981577741530911,2.9153890433666945,3.9497364882079316,True,True
10,2025-08-15,NGW-049,NO3_mg_L,expanding_mean_delta,71,2.8257817990285345,3.214867803470662,-0.3890860044421274,2.1597457170366456,3.4918178810204235,True,True
10,2025-08-15,NGW-049,F_mg_L,expanding_mean_delta,71,0.4344046145305552,0.3220834991691133,0.1123211153614419,0.10122109104083316,0.7675881380202771,True,True
10,2025-08-15,NGW-049,Sr_mg_L,expanding_mean_delta,71,0.1863658425088346,0.1980308504991345,-0.011665007990299903,-0.013634157491165422,0.3863658425088346,True,True
10,2025-08-15,NGW-049,SiO2_mg_L,expanding_mean_delta,71,3.7586320050757855,3.835141961092188,-0.07650995601640265,3.4514262381469267,4.065837772004644,True,True
10,2025-08-15,NGW-049,Ca_mg_L,hydrosheaf_graph_ridge,71,3.5558971415267915,3.7108855343765508,-0.1549883928497593,3.2198105044568166,3.8919837785967664,True,True
10,2025-08-15,NGW-049,Mg_mg_L,hydrosheaf_graph_ridge,71,2.457076941400034,2.7744619666214616,-0.3173850252214274,2.016851744978088,2.8973021378219803,True,True
10,2025-08-15,NGW-049,Na_mg_L,hydrosheaf_graph_ridge,71,3.394324859763427,3.382014562245381,0.012310297518045576,2.934684017553238,3.8539657019736158,True,True
10,2025-08-15,NGW-049,K_mg_L,hydrosheaf_graph_ridge,71,1.6475304350106161,1.4036429994545037,0.24388743555611248,1.2986109304906024,1.9964499395306299,True,True
10,2025-08-15,NGW-049,HCO3_mg_L,hydrosheaf_graph_ridge,71,4.668742516108022,4.946487807605782,-0.2777452914977596,4.366810441078221,4.970674591137823,True,True
10,2025-08-15,NGW-049,Cl_mg_L,hydrosheaf_graph_ridge,71,3.9117422341677557,3.7049988359938197,0.20674339817393594,3.4361627955833893,4.3873216727521225,True,True
10,2025-08-15,NGW-049,SO4_mg_L,hydrosheaf_graph_ridge,71,3.3884170887242764,3.630720539940404,-0.24230345121612773,2.871243366303658,3.905590811144895,True,True
10,2025-08-15,NGW-049,NO3_mg_L,hydrosheaf_graph_ridge,71,2.513811919148669,3.214867803470662,-0.7010558843219927,1.8477758371567803,3.179848001140558,True,False
10,2025-08-15,NGW-049,F_mg_L,hydrosheaf_graph_ridge,71,0.42136371221146096,0.3220834991691133,0.09928021304234769,0.08818018872173894,0.754547235701183,True,True
10,2025-08-15,NGW-049,Sr_mg_L,hydrosheaf_graph_ridge,71,0.18536216849438683,0.1980308504991345,-0.012668682004747661,-0.01463783150561318,0.38536216849438687,True,True
10,2025-08-15,NGW-049,SiO2_mg_L,hydrosheaf_graph_ridge,71,3.952643339574942,3.835141961092188,0.11750137848275388,3.6454375726460833,4.2598491065038,True,True
10,2025-08-15,NGW-067,Ca_mg_L,persistence,71,3.966132331075178,3.531055368920369,0.43507696215480873,3.630045694005203,4.302218968145153,True,False
10,2025-08-15,NGW-067,Mg_mg_L,persistence,71,2.913437030827161,2.4740142086215764,0.4394228222055845,2.4732118344052147,3.353662227249107,True,True
10,2025-08-15,NGW-067,Na_mg_L,persistence,71,3.9685923569160404,3.8255932774297583,0.1429990794862821,3.5089515147058514,4.428233199126229,True,True
10,2025-08-15,NGW-067,K_mg_L,persistence,71,1.9286186519452522,1.4973884086254776,0.43123024331977455,1.5796991474252384,2.277538156465266,True,False
10,2025-08-15,NGW-067,HCO3_mg_L,persistence,71,5.1914557247639435,4.981000488966565,0.21045523579737857,4.8895236497341426,5.493387799793744,True,True
10,2025-08-15,NGW-067,Cl_mg_L,persistence,71,4.244630641232919,3.665098925448533,0.5795317157843862,3.7690512026485528,4.720210079817285,True,False
10,2025-08-15,NGW-067,SO4_mg_L,persistence,71,4.143769445549624,3.639426570394406,0.5043428751552175,3.626595723129005,4.660943167970242,True,True
10,2025-08-15,NGW-067,NO3_mg_L,persistence,71,3.3109079103146946,3.033509637888021,0.2773982724266735,2.6448718283228057,3.9769439923065835,True,True
10,2025-08-15,NGW-067,F_mg_L,persistence,71,0.4252677354043441,0.31481073984003355,0.11045699556431054,0.09208421191462207,0.7584512588940662,True,True
10,2025-08-15,NGW-067,Sr_mg_L,persistence,71,0.21026092548319608,0.2507587183471831,-0.040497792863987025,0.01026092548319607,0.4102609254831961,True,True
10,2025-08-15,NGW-067,SiO2_mg_L,persistence,71,3.735285826928092,3.8958936234982624,-0.16060779657017044,3.428080059999233,4.042491593856951,True,True
10,2025-08-15,NGW-067,Ca_mg_L,expanding_mean_delta,71,3.5324382554018157,3.531055368920369,0.0013828864814464659,3.196351618331841,3.8685248924717905,True,True
10,2025-08-15,NGW-067,Mg_mg_L,expanding_mean_delta,71,2.479208124108954,2.4740142086215764,0.005193915487377687,2.038982927687008,2.9194333205309,True,True
10,2025-08-15,NGW-067,Na_mg_L,expanding_mean_delta,71,3.5489564983418465,3.8255932774297583,-0.27663677908791184,3.0893156561316575,4.008597340552035,True,True
10,2025-08-15,NGW-067,K_mg_L,expanding_mean_delta,71,1.5849480894129089,1.4973884086254776,0.08755968078743126,1.2360285848928951,1.9338675939329226,True,True
10,2025-08-15,NGW-067,HCO3_mg_L,expanding_mean_delta,71,4.8067891009459105,4.981000488966565,-0.1742113880206544,4.50485702591611,5.108721175975711,True,True
10,2025-08-15,NGW-067,Cl_mg_L,expanding_mean_delta,71,3.6708881175926718,3.665098925448533,0.005789192144138866,3.1953086790083054,4.146467556177038,True,True
10,2025-08-15,NGW-067,SO4_mg_L,expanding_mean_delta,71,3.77815002233255,3.639426570394406,0.13872345193814395,3.2609762999119316,4.295323744753169,True,True
10,2025-08-15,NGW-067,NO3_mg_L,expanding_mean_delta,71,2.968686214848785,3.033509637888021,-0.06482342303923616,2.302650132856896,3.634722296840674,True,True
10,2025-08-15,NGW-067,F_mg_L,expanding_mean_delta,71,0.2718856850327802,0.31481073984003355,-0.04292505480725334,-0.06129783845694181,0.6050692085225022,True,True
10,2025-08-15,NGW-067,Sr_mg_L,expanding_mean_delta,71,0.21680834141619457,0.2507587183471831,-0.03395037693098854,0.016808341416194555,0.4168083414161946,True,True
10,2025-08-15,NGW-067,SiO2_mg_L,expanding_mean_delta,71,3.7634167031991215,3.8958936234982624,-0.13247692029914093,3.4562109362702627,4.07062247012798,True,True
10,2025-08-15,NGW-067,Ca_mg_L,hydrosheaf_graph_ridge,71,3.498255280758414,3.531055368920369,-0.03280008816195501,3.1621686436884393,3.834341917828389,True,True
10,2025-08-15,NGW-067,Mg_mg_L,hydrosheaf_graph_ridge,71,2.4731112324922484,2.4740142086215764,-0.0009029761293279925,2.0328860360703023,2.9133364289141945,True,True
10,2025-08-15,NGW-067,Na_mg_L,hydrosheaf_graph_ridge,71,3.545304378456257,3.8255932774297583,-0.2802888989735015,3.085663536246068,4.004945220666446,True,True
10,2025-08-15,NGW-067,K_mg_L,hydrosheaf_graph_ridge,71,1.8314875532966401,1.4973884086254776,0.33409914467116253,1.4825680487766264,2.180407057816654,True,True
10,2025-08-15,NGW-067,HCO3_mg_L,hydrosheaf_graph_ridge,71,4.80493596324075,4.981000488966565,-0.1760645257258151,4.503003888210949,5.106868038270551,True,True
10,2025-08-15,NGW-067,Cl_mg_L,hydrosheaf_graph_ridge,71,3.7846058296502068,3.665098925448533,0.11950690420167387,3.3090263910658404,4.260185268234573,True,True
10,2025-08-15,NGW-067,SO4_mg_L,hydrosheaf_graph_ridge,71,3.594654490173334,3.639426570394406,-0.04477208022107204,3.0774807677527156,4.111828212593952,True,True
10,2025-08-15,NGW-067,NO3_mg_L,hydrosheaf_graph_ridge,71,2.7472773533303956,3.033509637888021,-0.2862322845576255,2.0812412713385067,3.4133134353222845,True,True
10,2025-08-15,NGW-067,F_mg_L,hydrosheaf_graph_ridge,71,0.32920495240000036,0.31481073984003355,0.014394212559966812,-0.003978571089721661,0.6623884758897224,True,True
10,2025-08-15,NGW-067,Sr_mg_L,hydrosheaf_graph_ridge,71,0.2102499336727075,0.2507587183471831,-0.040508784674475606,0.01024993367270749,0.4102499336727075,True,True
10,2025-08-15,NGW-067,SiO2_mg_L,hydrosheaf_graph_ridge,71,3.8497090170454453,3.8958936234982624,-0.04618460645281708,3.5425032501165865,4.156914783974305,True,True
10,2025-08-15,NGW-088,Ca_mg_L,persistence,71,3.8465240231954505,3.6200651381135764,0.22645888508187406,3.5104373861254756,4.182610660265425,True,True
10,2025-08-15,NGW-088,Mg_mg_L,persistence,71,3.0267463270831603,2.698673039289613,0.32807328779354705,2.586521130661214,3.4669715235051064,True,True
10,2025-08-15,NGW-088,Na_mg_L,persistence,71,4.325720798462787,3.762594491936217,0.5631263065265699,3.866079956252598,4.785361640672976,True,False
10,2025-08-15,NGW-088,K_mg_L,persistence,71,2.2417729535972883,1.8196988379172965,0.42207411567999187,1.8928534490772746,2.590692458117302,True,False
10,2025-08-15,NGW-088,HCO3_mg_L,persistence,71,5.331800497364585,4.899182182134742,0.43261831522984373,5.0298684223347845,5.633732572394386,True,False
10,2025-08-15,NGW-088,Cl_mg_L,persistence,71,4.598346960639966,4.009331187895144,0.5890157727448218,4.1227675220556,5.073926399224332,True,False
10,2025-08-15,NGW-088,SO4_mg_L,persistence,71,3.3775875160230218,3.663818023518565,-0.28623050749554313,2.860413793602403,3.8947612384436403,True,True
10,2025-08-15,NGW-088,NO3_mg_L,persistence,71,2.73696154459663,3.0969341540629585,-0.3599726094663285,2.070925462604741,3.402997626588519,True,True
10,2025-08-15,NGW-088,F_mg_L,persistence,71,1.2892326482767593,1.0188473201992472,0.27038532807751214,0.9560491247870373,1.6224161717664813,True,True
10,2025-08-15,NGW-088,Sr_mg_L,persistence,71,0.19967019512856765,0.19392069263730652,0.0057495024912611326,-0.0003298048714323598,0.39967019512856766,True,True
10,2025-08-15,NGW-088,SiO2_mg_L,persistence,71,4.109233174715851,4.14946386144318,-0.040230686727328546,3.8020274077869924,4.41643894164471,True,True
10,2025-08-15,NGW-088,Ca_mg_L,expanding_mean_delta,71,3.4128299475220882,3.6200651381135764,-0.2072351905914882,3.0767433104521134,3.748916584592063,True,True
10,2025-08-15,NGW-088,Mg_mg_L,expanding_mean_delta,71,2.5925174203649535,2.698673039289613,-0.10615561892465974,2.1522922239430073,3.0327426167868996,True,True
10,2025-08-15,NGW-088,Na_mg_L,expanding_mean_delta,71,3.906084939888593,3.762594491936217,0.14349044795237598,3.446444097678404,4.365725782098782,True,True
10,2025-08-15,NGW-088,K_mg_L,expanding_mean_delta,71,1.898102391064945,1.8196988379172965,0.07840355314764857,1.5491828865449313,2.247021895584959,True,True
10,2025-08-15,NGW-088,HCO3_mg_L,expanding_mean_delta,71,4.947133873546552,4.899182182134742,0.04795169141181077,4.6452017985167515,5.249065948576353,True,True
10,2025-08-15,NGW-088,Cl_mg_L,expanding_mean_delta,71,4.024604436999718,4.009331187895144,0.01527324910457395,3.549024998415352,4.500183875584085,True,True
10,2025-08-15,NGW-088,SO4_mg_L,expanding_mean_delta,71,3.0119680928059482,3.663818023518565,-0.6518499307126167,2.4947943703853297,3.529141815226567,True,False
10,2025-08-15,NGW-088,NO3_mg_L,expanding_mean_delta,71,2.3947398491307204,3.0969341540629585,-0.7021943049322381,1.7287037671388314,3.0607759311226093,True,False
10,2025-08-15,NGW-088,F_mg_L,expanding_mean_delta,71,1.1358505979051954,1.0188473201992472,0.1170032777059482,0.8026670744154734,1.4690341213949174,True,True
10,2025-08-15,NGW-088,Sr_mg_L,expanding_mean_delta,71,0.20621761106156614,0.19392069263730652,0.012296918424259617,0.006217611061566125,0.4062176110615662,True,True
10,2025-08-15,NGW-088,SiO2_mg_L,expanding_mean_delta,71,4.13736405098688,4.14946386144318,-0.012099810456299487,3.8301582840580215,4.444569817915739,True,True
10,2025-08-15,NGW-088,Ca_mg_L,hydrosheaf_graph_ridge,71,3.3731248360837087,3.6200651381135764,-0.24694030202986772,3.037038199013734,3.7092114731536836,True,True
10,2025-08-15,NGW-088,Mg_mg_L,hydrosheaf_graph_ridge,71,2.54577861985451,2.698673039289613,-0.1528944194351034,2.1055534234325637,2.986003816276456,True,True
10,2025-08-15,NGW-088,Na_mg_L,hydrosheaf_graph_ridge,71,3.967594094729416,3.762594491936217,0.20499960279319884,3.507953252519227,4.427234936939605,True,True
10,2025-08-15,NGW-088,K_mg_L,hydrosheaf_graph_ridge,71,1.6942894612707806,1.8196988379172965,-0.12540937664651586,1.3453699567507669,2.0432089657907944,True,True
10,2025-08-15,NGW-088,HCO3_mg_L,hydrosheaf_graph_ridge,71,4.823271188270905,4.899182182134742,-0.07591099386383693,4.521339113241104,5.125203263300706,True,True
10,2025-08-15,NGW-088,Cl_mg_L,hydrosheaf_graph_ridge,71,4.031903542752503,4.009331187895144,0.022572354857358867,3.556324104168137,4.507482981336869,True,True
10,2025-08-15,NGW-088,SO4_mg_L,hydrosheaf_graph_ridge,71,3.3208410362507887,3.663818023518565,-0.34297698726777615,2.80366731383017,3.8380147586714073,True,True
10,2025-08-15,NGW-088,NO3_mg_L,hydrosheaf_graph_ridge,71,2.659018460972558,3.0969341540629585,-0.43791569309040046,1.992982378980669,3.325054542964447,True,True
10,2025-08-15,NGW-088,F_mg_L,hydrosheaf_graph_ridge,71,0.9479174381994256,1.0188473201992472,-0.07092988199982153,0.6147339147097036,1.2811009616891478,True,True
10,2025-08-15,NGW-088,Sr_mg_L,hydrosheaf_graph_ridge,71,0.1453727518108841,0.19392069263730652,-0.048547940826422414,-0.05462724818911591,0.3453727518108841,True,True
10,2025-08-15,NGW-088,SiO2_mg_L,hydrosheaf_graph_ridge,71,4.133802797953594,4.14946386144318,-0.015661063489585736,3.8265970310247353,4.441008564882453,True,True
10,2025-08-15,NGW-100,Ca_mg_L,persistence,71,3.8552409913291616,3.686626919060642,0.16861407226851943,3.5191543542591868,4.1913276283991365,True,True
10,2025-08-15,NGW-100,Mg_mg_L,persistence,71,3.015044584586364,2.695977619867941,0.3190669647184228,2.5748193881644177,3.45526978100831,True,True
10,2025-08-15,NGW-100,Na_mg_L,persistence,71,3.9394436010041383,3.4343097331123578,0.5051338678917805,3.4798027587939493,4.399084443214328,True,False
10,2025-08-15,NGW-100,K_mg_L,persistence,71,1.8500283773520307,1.5871923034867808,0.26283607386525,1.501108872832017,2.1989478818720443,True,True
10,2025-08-15,NGW-100,HCO3_mg_L,persistence,71,5.097852205517793,4.780634955318833,0.31721725019895963,4.795920130487992,5.3997842805475935,True,False
10,2025-08-15,NGW-100,Cl_mg_L,persistence,71,4.370839289033305,3.8128654338949275,0.5579738551383775,3.8952598504489386,4.846418727617671,True,False
10,2025-08-15,NGW-100,SO4_mg_L,persistence,71,3.5493299891638506,3.420346200500916,0.12898378866293436,3.032156266743232,4.066503711584469,True,True
10,2025-08-15,NGW-100,NO3_mg_L,persistence,71,4.27332721775054,3.965374180925141,0.30795303682539954,3.6072911357586515,4.939363299742429,True,True
10,2025-08-15,NGW-100,F_mg_L,persistence,71,0.688134638736401,0.6043159668533294,0.08381867188307157,0.354951115246679,1.0213181622261231,True,True
10,2025-08-15,NGW-100,Sr_mg_L,persistence,71,0.2110709700799405,0.1889660995126232,0.022104870567317303,0.011070970079940484,0.41107097007994053,True,True
10,2025-08-15,NGW-100,SiO2_mg_L,persistence,71,3.756538102587751,4.018183201256536,-0.26164509866878527,3.4493323356588923,4.06374386951661,True,True
10,2025-08-15,NGW-100,Ca_mg_L,expanding_mean_delta,71,3.4215469156557994,3.686626919060642,-0.26508000340484283,3.0854602785858245,3.7576335527257743,True,True
10,2025-08-15,NGW-100,Mg_mg_L,expanding_mean_delta,71,2.5808156778681566,2.695977619867941,-0.11516194199978447,2.1405904814462104,3.0210408742901027,True,True
10,2025-08-15,NGW-100,Na_mg_L,expanding_mean_delta,71,3.5198077424299443,3.4343097331123578,0.08549800931758655,3.0601669002197553,3.9794485846401333,True,True
10,2025-08-15,NGW-100,K_mg_L,expanding_mean_delta,71,1.5063578148196874,1.5871923034867808,-0.08083448866709331,1.1574383102996737,1.8552773193397012,True,True
10,2025-08-15,NGW-100,HCO3_mg_L,expanding_mean_delta,71,4.71318558169976,4.780634955318833,-0.06744937361907333,4.411253506669959,5.015117656729561,True,True
10,2025-08-15,NGW-100,Cl_mg_L,expanding_mean_delta,71,3.7970967653930576,3.8128654338949275,-0.015768668501869865,3.3215173268086913,4.272676203977424,True,True
10,2025-08-15,NGW-100,SO4_mg_L,expanding_mean_delta,71,3.183710565946777,3.420346200500916,-0.23663563455413916,2.6665368435261585,3.7008842883673956,True,True
10,2025-08-15,NGW-100,NO3_mg_L,expanding_mean_delta,71,3.9311055222846307,3.965374180925141,-0.0342686586405101,3.265069440292742,4.597141604276519,True,True
10,2025-08-15,NGW-100,F_mg_L,expanding_mean_delta,71,0.5347525883648372,0.6043159668533294,-0.06956337848849226,0.20156906487511517,0.8679361118545592,True,True
10,2025-08-15,NGW-100,Sr_mg_L,expanding_mean_delta,71,0.21761838601293898,0.1889660995126232,0.028652286500315788,0.01761838601293897,0.417618386012939,True,True
10,2025-08-15,NGW-100,SiO2_mg_L,expanding_mean_delta,71,3.7846689788587806,4.018183201256536,-0.23351422239775577,3.477463211929922,4.091874745787639,True,True
10,2025-08-15,NGW-100,Ca_mg_L,hydrosheaf_graph_ridge,71,3.499777985289698,3.686626919060642,-0.18684893377094403,3.1636913482197233,3.835864622359673,True,True
10,2025-08-15,NGW-100,Mg_mg_L,hydrosheaf_graph_ridge,71,2.4510424504138344,2.695977619867941,-0.24493516945410665,2.0108172539918883,2.8912676468357805,True,True
10,2025-08-15,NGW-100,Na_mg_L,hydrosheaf_graph_ridge,71,3.555465184489431,3.4343097331123578,0.1211554513770734,3.095824342279242,4.01510602669962,True,True
10,2025-08-15,NGW-100,K_mg_L,hydrosheaf_graph_ridge,71,1.4833845927302949,1.5871923034867808,-0.10380771075648587,1.1344650882102811,1.8323040972503086,True,True
10,2025-08-15,NGW-100,HCO3_mg_L,hydrosheaf_graph_ridge,71,4.676491313039082,4.780634955318833,-0.10414364227975081,4.374559238009281,4.978423388068883,True,True
10,2025-08-15,NGW-100,Cl_mg_L,hydrosheaf_graph_ridge,71,3.7436887017649525,3.8128654338949275,-0.069176732129975,3.268109263180586,4.219268140349319,True,True
10,2025-08-15,NGW-100,SO4_mg_L,hydrosheaf_graph_ridge,71,3.4650957627669987,3.420346200500916,0.04474956226608251,2.94792204034638,3.9822694851876173,True,True
10,2025-08-15,NGW-100,NO3_mg_L,hydrosheaf_graph_ridge,71,3.9246449391720324,3.965374180925141,-0.040729241753108436,3.2586088571801435,4.590681021163921,True,True
10,2025-08-15,NGW-100,F_mg_L,hydrosheaf_graph_ridge,71,0.44096620759163285,0.6043159668533294,-0.1633497592616966,0.10778268410191083,0.7741497310813549,True,True
10,2025-08-15,NGW-100,Sr_mg_L,hydrosheaf_graph_ridge,71,0.19484530848188233,0.1889660995126232,0.005879208969259142,-0.005154691518117677,0.3948453084818824,True,True
10,2025-08-15,NGW-100,SiO2_mg_L,hydrosheaf_graph_ridge,71,3.794186861076942,4.018183201256536,-0.22399634017959436,3.486981094148083,4.101392628005801,True,True
10,2025-08-15,NGW-151,Ca_mg_L,persistence,71,4.057161771094385,3.6555811687124216,0.401580602381963,3.7210751340244097,4.393248408164359,True,False
10,2025-08-15,NGW-151,Mg_mg_L,persistence,71,2.9932291433358724,2.7694588292308535,0.2237703141050189,2.5530039469139263,3.4334543397578186,True,True
10,2025-08-15,NGW-151,Na_mg_L,persistence,71,4.410249593617622,3.5698143469549963,0.8404352466626257,3.950608751407433,4.869890435827811,True,False
10,2025-08-15,NGW-151,K_mg_L,persistence,71,2.253394848803274,1.7984040119467235,0.4549908368565505,1.9044753442832603,2.6023143533232878,True,False
10,2025-08-15,NGW-151,HCO3_mg_L,persistence,71,5.2948614015746465,4.824546650733057,0.470314750841589,4.992929326544846,5.596793476604447,True,False
10,2025-08-15,NGW-151,Cl_mg_L,persistence,71,4.589244035437832,4.150567353318379,0.43867668211945343,4.113664596853466,5.064823474022198,True,True
10,2025-08-15,NGW-151,SO4_mg_L,persistence,71,4.281791848878036,3.609294974771094,0.6724968741069426,3.764618126457418,4.798965571298655,True,False
10,2025-08-15,NGW-151,NO3_mg_L,persistence,71,3.1135153092103742,1.9459101490553132,1.167605160155061,2.4474792272184853,3.779551391202263,True,False
10,2025-08-15,NGW-151,F_mg_L,persistence,71,0.5877866649021191,0.5596157879354227,0.0281708769666964,0.25460314141239704,0.9209701883918411,True,True
10,2025-08-15,NGW-151,Sr_mg_L,persistence,71,0.20212418409013436,0.2183319943169877,-0.01620781022685333,0.0021241840901343456,0.4021241840901344,True,True
10,2025-08-15,NGW-151,SiO2_mg_L,persistence,71,4.005513348515485,4.154184562578117,-0.14867121406263273,3.6983075815866258,4.312719115444343,True,True
10,2025-08-15,NGW-151,Ca_mg_L,expanding_mean_delta,71,3.6234676954210223,3.6555811687124216,-0.03211347329139924,3.2873810583510474,3.959554332490997,True,True
10,2025-08-15,NGW-151,Mg_mg_L,expanding_mean_delta,71,2.559000236617665,2.7694588292308535,-0.21045859261318833,2.118775040195719,2.9992254330396113,True,True
10,2025-08-15,NGW-151,Na_mg_L,expanding_mean_delta,71,3.990613735043428,3.5698143469549963,0.42079938808843176,3.530972892833239,4.450254577253617,True,True
10,2025-08-15,NGW-151,K_mg_L,expanding_mean_delta,71,1.9097242862709307,1.7984040119467235,0.11132027432420721,1.560804781750917,2.2586437907909445,True,True
10,2025-08-15,NGW-151,HCO3_mg_L,expanding_mean_delta,71,4.9101947777566135,4.824546650733057,0.08564812702355606,4.608262702726813,5.212126852786414,True,True
10,2025-08-15,NGW-151,Cl_mg_L,expanding_mean_delta,71,4.015501511797584,4.150567353318379,-0.13506584152079437,3.539922073213218,4.491080950381951,True,True
10,2025-08-15,NGW-151,SO4_mg_L,expanding_mean_delta,71,3.916172425660963,3.609294974771094,0.30687745088986906,3.3989987032403444,4.433346148081581,True,True
10,2025-08-15,NGW-151,NO3_mg_L,expanding_mean_delta,71,2.7712936137444646,1.9459101490553132,0.8253834646891514,2.1052575317525757,3.4373296957363535,True,False
10,2025-08-15,NGW-151,F_mg_L,expanding_mean_delta,71,0.4344046145305552,0.5596157879354227,-0.12521117340486748,0.10122109104083316,0.7675881380202771,True,True
10,2025-08-15,NGW-151,Sr_mg_L,expanding_mean_delta,71,0.20867160002313284,0.2183319943169877,-0.009660394293854846,0.00867160002313283,0.40867160002313285,True,True
10,2025-08-15,NGW-151,SiO2_mg_L,expanding_mean_delta,71,4.033644224786514,4.154184562578117,-0.12054033779160367,3.726438457857655,4.3408499917153724,True,True
10,2025-08-15,NGW-151,Ca_mg_L,hydrosheaf_graph_ridge,71,3.4814970329184205,3.6555811687124216,-0.17408413579400106,3.1454103958484456,3.8175836699883954,True,True
10,2025-08-15,NGW-151,Mg_mg_L,hydrosheaf_graph_ridge,71,2.6458847037996196,2.7694588292308535,-0.12357412543123392,2.2056595073776735,3.0861099002215657,True,True
10,2025-08-15,NGW-151,Na_mg_L,hydrosheaf_graph_ridge,71,3.575044055526233,3.5698143469549963,0.005229708571236724,3.115403213316044,4.0346848977364225,True,True
10,2025-08-15,NGW-151,K_mg_L,hydrosheaf_graph_ridge,71,1.7842928841897272,1.7984040119467235,-0.0141111277569963,1.4353733796697135,2.133212388709741,True,True
10,2025-08-15,NGW-151,HCO3_mg_L,hydrosheaf_graph_ridge,71,4.796975210039002,4.824546650733057,-0.027571440694055482,4.495043135009201,5.098907285068803,True,True
10,2025-08-15,NGW-151,Cl_mg_L,hydrosheaf_graph_ridge,71,3.7880221427129355,4.150567353318379,-0.3625452106054432,3.312442704128569,4.263601581297301,True,True
10,2025-08-15,NGW-151,SO4_mg_L,hydrosheaf_graph_ridge,71,3.419211119168091,3.609294974771094,-0.19008385560300267,2.9020373967474726,3.9363848415887097,True,True
10,2025-08-15,NGW-151,NO3_mg_L,hydrosheaf_graph_ridge,71,2.6886126245911663,1.9459101490553132,0.7427024755358531,2.0225765425992774,3.3546487065830553,True,False
10,2025-08-15,NGW-151,F_mg_L,hydrosheaf_graph_ridge,71,0.49736541433446957,0.5596157879354227,-0.06225037360095309,0.16418189084474755,0.8305489378241916,True,True
10,2025-08-15,NGW-151,Sr_mg_L,hydrosheaf_graph_ridge,71,0.1867110592268889,0.2183319943169877,-0.03162093509009878,-0.013288940773111102,0.3867110592268889,True,True
10,2025-08-15,NGW-151,SiO2_mg_L,hydrosheaf_graph_ridge,71,4.134792203849119,4.154184562578117,-0.01939235872899836,3.82758643692026,4.441997970777978,True,True
11,2025-08-16,NGW-029,Ca_mg_L,persistence,80,4.008241863168689,3.4716558453107167,0.5365860178579727,3.67567972150918,4.340804004828199,True,False
11,2025-08-16,NGW-029,Mg_mg_L,persistence,80,3.035433640405543,2.453587966530573,0.58184567387497,2.6348290677294828,3.4360382130816034,True,False
11,2025-08-16,NGW-029,Na_mg_L,persistence,80,3.979868552323213,3.5527733211169448,0.42709523120626836,3.5246180740761446,4.435119030570282,True,True
11,2025-08-16,NGW-029,K_mg_L,persistence,80,1.747459210331475,1.5953389880545987,0.15212022227687627,1.406981515954608,2.087936904708342,True,True
11,2025-08-16,NGW-029,HCO3_mg_L,persistence,80,5.299466705804558,4.756345013785209,0.5431216920193487,4.999685668561393,5.599247743047722,True,False
11,2025-08-16,NGW-029,Cl_mg_L,persistence,80,4.316554344376219,3.8091039514203047,0.5074503929559144,3.841577382986273,4.791531305766165,True,False
11,2025-08-16,NGW-029,SO4_mg_L,persistence,80,4.032646447751885,3.526654599019104,0.5059918487327812,3.533813190616535,4.531479704887235,True,False
11,2025-08-16,NGW-029,NO3_mg_L,persistence,80,3.1166215908294443,2.498151876538021,0.6184697142914235,2.4288552456629233,3.8043879359959654,True,True
11,2025-08-16,NGW-029,F_mg_L,persistence,80,0.4824261492442927,0.4054651081081644,0.07696104113612834,0.16594314623398915,0.7989091522545964,True,True
11,2025-08-16,NGW-029,Sr_mg_L,persistence,80,0.16720791898390647,0.1889660995126232,-0.021758180528716725,-0.032792081016093544,0.3672079189839065,True,True
11,2025-08-16,NGW-029,SiO2_mg_L,persistence,80,4.037774210733707,3.9219733362813143,0.1158008744523924,3.7303763897240447,4.345172031743369,True,True
11,2025-08-16,NGW-029,Ca_mg_L,expanding_mean_delta,80,3.5880553058405935,3.4716558453107167,0.11639946052987682,3.2554931641810843,3.9206174475001028,True,True
11,2025-08-16,NGW-029,Mg_mg_L,expanding_mean_delta,80,2.6143790437293015,2.453587966530573,0.16079107719872843,2.213774471053241,3.014983616405362,True,True
11,2025-08-16,NGW-029,Na_mg_L,expanding_mean_delta,80,3.553272142449117,3.5527733211169448,0.0004988213321723833,3.0980216642020486,4.008522620696186,True,True
11,2025-08-16,NGW-029,K_mg_L,expanding_mean_delta,80,1.3999304820959786,1.5953389880545987,-0.19540850595862014,1.0594527877191116,1.7404081764728456,True,True
11,2025-08-16,NGW-029,HCO3_mg_L,expanding_mean_delta,80,4.920110922012875,4.756345013785209,0.16376590822766612,4.620329884769711,5.2198919592560395,True,True
11,2025-08-16,NGW-029,Cl_mg_L,expanding_mean_delta,80,3.747888236051767,3.8091039514203047,-0.06121571536853754,3.272911274661821,4.222865197441713,True,True
11,2025-08-16,NGW-029,SO4_mg_L,expanding_mean_delta,80,3.671203887553327,3.526654599019104,0.14454928853422322,3.172370630417977,4.170037144688677,True,True
11,2025-08-16,NGW-029,NO3_mg_L,expanding_mean_delta,80,2.7974471924249653,2.498151876538021,0.29929531588694447,2.1096808472584443,3.4852135375914863,True,True
11,2025-08-16,NGW-029,F_mg_L,expanding_mean_delta,80,0.33159050417766583,0.4054651081081644,-0.07387460393049855,0.015107501167362258,0.6480735071879694,True,True
11,2025-08-16,NGW-029,Sr_mg_L,expanding_mean_delta,80,0.1753424815393035,0.1889660995126232,-0.01362361797331968,-0.024657518460696498,0.3753424815393035,True,True
11,2025-08-16,NGW-029,SiO2_mg_L,expanding_mean_delta,80,4.078987431455154,3.9219733362813143,0.15701409517383969,3.771589610445492,4.386385252464816,True,True
11,2025-08-16,NGW-029,Ca_mg_L,hydrosheaf_graph_ridge,80,3.6273695581641,3.4716558453107167,0.15571371285338342,3.294807416504591,3.9599316998236094,True,True
11,2025-08-16,NGW-029,Mg_mg_L,hydrosheaf_graph_ridge,80,2.673574923655332,2.453587966530573,0.21998695712475902,2.272970350979272,3.0741794963313924,True,True
11,2025-08-16,NGW-029,Na_mg_L,hydrosheaf_graph_ridge,80,3.4250618952373513,3.5527733211169448,-0.1277114258795935,2.9698114169902827,3.88031237348442,True,True
11,2025-08-16,NGW-029,K_mg_L,hydrosheaf_graph_ridge,80,1.5485560043967102,1.5953389880545987,-0.04678298365788858,1.2080783100198431,1.8890336987735772,True,True
11,2025-08-16,NGW-029,HCO3_mg_L,hydrosheaf_graph_ridge,80,4.877086331054549,4.756345013785209,0.12074131726934034,4.577305293811385,5.176867368297714,True,True
11,2025-08-16,NGW-029,Cl_mg_L,hydrosheaf_graph_ridge,80,3.842502493384603,3.8091039514203047,0.03339854196429837,3.367525531994657,4.317479454774549,True,True
11,2025-08-16,NGW-029,SO4_mg_L,hydrosheaf_graph_ridge,80,3.590400241327222,3.526654599019104,0.06374564230811819,3.091566984191872,4.089233498462572,True,True
11,2025-08-16,NGW-029,NO3_mg_L,hydrosheaf_graph_ridge,80,2.867329548881941,2.498151876538021,0.3691776723439202,2.17956320371542,3.555095894048462,True,True
11,2025-08-16,NGW-029,F_mg_L,hydrosheaf_graph_ridge,80,0.4509417102892834,0.4054651081081644,0.04547660218111904,0.13445870727897985,0.7674247132995871,True,True
11,2025-08-16,NGW-029,Sr_mg_L,hydrosheaf_graph_ridge,80,0.16495065237097306,0.1889660995126232,-0.02401544714165013,-0.03504934762902695,0.36495065237097307,True,True
11,2025-08-16,NGW-029,SiO2_mg_L,hydrosheaf_graph_ridge,80,4.199981368496968,3.9219733362813143,0.27800803221565396,3.8925835474873063,4.50737918950663,True,True
11,2025-08-16,NGW-038,Ca_mg_L,persistence,80,3.8416005411316,3.590990953294811,0.2506095878367889,3.509038399472091,4.174162682791109,True,True
11,2025-08-16,NGW-038,Mg_mg_L,persistence,80,2.922085733385692,2.612273245708441,0.309812487677251,2.521481160709632,3.3226903060617525,True,True
11,2025-08-16,NGW-038,Na_mg_L,persistence,80,3.6428355156125294,3.3631493140246254,0.279686201587904,3.187585037365461,4.098085993859598,True,True
11,2025-08-16,NGW-038,K_mg_L,persistence,80,1.860974538249528,1.6770965609079151,0.18387797734161282,1.520496843872661,2.2014522326263952,True,True
11,2025-08-16,NGW-038,HCO3_mg_L,persistence,80,5.104429173382616,4.781976562093936,0.3224526112886803,4.804648136139452,5.404210210625781,True,False
11,2025-08-16,NGW-038,Cl_mg_L,persistence,80,3.974809993526911,3.8019849002192085,0.17282509330770246,3.499833032136965,4.449786954916857,True,True
11,2025-08-16,NGW-038,SO4_mg_L,persistence,80,3.9294699190318667,3.2891478778535324,0.6403220411783344,3.4306366618965165,4.4283031761672165,True,False
11,2025-08-16,NGW-038,NO3_mg_L,persistence,80,3.4707234443107655,2.6304489550786583,0.8402744892321072,2.7829570991442445,4.1584897894772865,True,False
11,2025-08-16,NGW-038,F_mg_L,persistence,80,0.4382549309311553,0.4574248470388754,-0.01916991610772012,0.12177192792085173,0.7547379339414588,True,True
11,2025-08-16,NGW-038,Sr_mg_L,persistence,80,0.1484200051182733,0.18398683611301586,-0.03556683099474256,-0.05157999488172671,0.3484200051182733,True,True
11,2025-08-16,NGW-038,SiO2_mg_L,persistence,80,4.359269647551265,4.213607983048918,0.14566166450234697,4.051871826541603,4.666667468560927,True,True
11,2025-08-16,NGW-038,Ca_mg_L,expanding_mean_delta,80,3.4214139838035043,3.590990953294811,-0.16957696949130696,3.088851842143995,3.7539761254630135,True,True
11,2025-08-16,NGW-038,Mg_mg_L,expanding_mean_delta,80,2.5010311367094507,2.612273245708441,-0.11124210899899056,2.1004265640333903,2.901635709385511,True,True
11,2025-08-16,NGW-038,Na_mg_L,expanding_mean_delta,80,3.2162391057384334,3.3631493140246254,-0.14691020828619195,2.760988627491365,3.671489583985502,True,True
11,2025-08-16,NGW-038,K_mg_L,expanding_mean_delta,80,1.5134458100140318,1.6770965609079151,-0.16365075089388337,1.1729681156371647,1.8539235043908988,True,True
11,2025-08-16,NGW-038,HCO3_mg_L,expanding_mean_delta,80,4.725073389590934,4.781976562093936,-0.05690317250300225,4.425292352347769,5.024854426834098,True,True
11,2025-08-16,NGW-038,Cl_mg_L,expanding_mean_delta,80,3.406143885202459,3.8019849002192085,-0.3958410150167495,2.931166923812513,3.881120846592405,True,True
11,2025-08-16,NGW-038,SO4_mg_L,expanding_mean_delta,80,3.5680273588333087,3.2891478778535324,0.27887948097977633,3.0691941016979585,4.066860615968658,True,True
11,2025-08-16,NGW-038,NO3_mg_L,expanding_mean_delta,80,3.1515490459062865,2.6304489550786583,0.5211000908276282,2.4637827007397655,3.8393153910728075,True,True
11,2025-08-16,NGW-038,F_mg_L,expanding_mean_delta,80,0.2874192858645284,0.4574248470388754,-0.170005561174347,-0.02906371714577516,0.603902288874832,True,True
11,2025-08-16,NGW-038,Sr_mg_L,expanding_mean_delta,80,0.15655456767367035,0.18398683611301586,-0.027432268439345514,-0.043445432326329664,0.35655456767367033,True,True
11,2025-08-16,NGW-038,SiO2_mg_L,expanding_mean_delta,80,4.400482868272713,4.213607983048918,0.18687488522379425,4.093085047263051,4.707880689282375,True,True
11,2025-08-16,NGW-038,Ca_mg_L,hydrosheaf_graph_ridge,80,3.552540531580843,3.590990953294811,-0.038450421713968286,3.2199783899213337,3.885102673240352,True,True
11,2025-08-16,NGW-038,Mg_mg_L,hydrosheaf_graph_ridge,80,2.607861537582421,2.612273245708441,-0.0044117081260202085,2.2072569649063607,3.0084661102584813,True,True
11,2025-08-16,NGW-038,Na_mg_L,hydrosheaf_graph_ridge,80,3.2700790375327218,3.3631493140246254,-0.09307027649190358,2.8148285592856532,3.7253295157797903,True,True
11,2025-08-16,NGW-038,K_mg_L,hydrosheaf_graph_ridge,80,1.6932685914585146,1.6770965609079151,0.01617203055059946,1.3527908970816476,2.033746285835382,True,True
11,2025-08-16,NGW-038,HCO3_mg_L,hydrosheaf_graph_ridge,80,4.847640922141049,4.781976562093936,0.06566436004711296,4.547859884897885,5.147421959384213,True,True
11,2025-08-16,NGW-038,Cl_mg_L,hydrosheaf_graph_ridge,80,3.7141560870693273,3.8019849002192085,-0.08782881314988122,3.239179125679381,4.189133048459273,True,True
11,2025-08-16,NGW-038,SO4_mg_L,hydrosheaf_graph_ridge,80,3.5782019411655535,3.2891478778535324,0.2890540633120211,3.0793686840302033,4.077035198300903,True,True
11,2025-08-16,NGW-038,NO3_mg_L,hydrosheaf_graph_ridge,80,3.0639090087206737,2.6304489550786583,0.43346005364201545,2.3761426635541527,3.7516753538871948,True,True
11,2025-08-16,NGW-038,F_mg_L,hydrosheaf_graph_ridge,80,0.46998383050974235,0.4574248470388754,0.012558983470866925,0.15350082749943877,0.786466833520046,True,True
11,2025-08-16,NGW-038,Sr_mg_L,hydrosheaf_graph_ridge,80,0.1360921785702567,0.18398683611301586,-0.04789465754275915,-0.0639078214297433,0.33609217857025675,True,True
11,2025-08-16,NGW-038,SiO2_mg_L,hydrosheaf_graph_ridge,80,4.3923101840450425,4.213607983048918,0.1787022009961241,4.0849123630353805,4.699708005054704,True,True
11,2025-08-16,NGW-086,Ca_mg_L,persistence,80,3.914619631275412,3.5533460588187404,0.3612735724566716,3.5820574896159028,4.247181772934921,True,False
11,2025-08-16,NGW-086,Mg_mg_L,persistence,80,3.114847754444153,2.253394848803274,0.8614529056408791,2.7142431817680928,3.5154523271202134,True,False
11,2025-08-16,NGW-086,Na_mg_L,persistence,80,4.047602299669969,3.6995720836526793,0.3480302160172899,3.5923518214229007,4.502852777917038,True,True
11,2025-08-16,NGW-086,K_mg_L,persistence,80,1.8325814637483102,1.5238800240724537,0.3087014396758565,1.4921037693714432,2.1730591581251772,True,True
11,2025-08-16,NGW-086,HCO3_mg_L,persistence,80,5.204391228515873,4.6572881402501976,0.5471030882656756,4.904610191272709,5.5041722657590375,True,False
11,2025-08-16,NGW-086,Cl_mg_L,persistence,80,4.485485343042112,3.774368840129351,0.7111165029127609,4.010508381652166,4.960462304432058,True,False
11,2025-08-16,NGW-086,SO4_mg_L,persistence,80,3.9166124577619534,3.5242995787961386,0.3923128789658148,3.4177792006266032,4.415445714897303,True,True
11,2025-08-16,NGW-086,NO3_mg_L,persistence,80,2.7837759116303458,3.2653776585196206,-0.4816017468892748,2.0960095664638247,3.471542256796867,True,True
11,2025-08-16,NGW-086,F_mg_L,persistence,80,1.4838746894587547,1.000631880307906,0.4832428091508487,1.167391686448451,1.8003576924690583,True,False
11,2025-08-16,NGW-086,Sr_mg_L,persistence,80,0.16126814759612226,0.1501426584297195,0.011125489166402769,-0.03873185240387775,0.36126814759612225,True,True
11,2025-08-16,NGW-086,SiO2_mg_L,persistence,80,4.039536325727106,4.092676505121403,-0.053140179394297604,3.732138504717444,4.346934146736768,True,True
11,2025-08-16,NGW-086,Ca_mg_L,expanding_mean_delta,80,3.494433073947316,3.5533460588187404,-0.05891298487142427,3.161870932287807,3.8269952156068254,True,True
11,2025-08-16,NGW-086,Mg_mg_L,expanding_mean_delta,80,2.6937931577679115,2.253394848803274,0.4403983089646375,2.293188585091851,3.094397730443972,True,False
11,2025-08-16,NGW-086,Na_mg_L,expanding_mean_delta,80,3.6210058897958732,3.6995720836526793,-0.07856619385680608,3.1657554115488047,4.076256368042942,True,True
11,2025-08-16,NGW-086,K_mg_L,expanding_mean_delta,80,1.4850527355128138,1.5238800240724537,-0.038827288559639905,1.1445750411359468,1.8255304298896808,True,True
11,2025-08-16,NGW-086,HCO3_mg_L,expanding_mean_delta,80,4.8250354447241905,4.6572881402501976,0.167747304473993,4.525254407481026,5.124816481967355,True,True
11,2025-08-16,NGW-086,Cl_mg_L,expanding_mean_delta,80,3.91681923471766,3.774368840129351,0.14245039458830888,3.4418422733277136,4.391796196107606,True,True
11,2025-08-16,NGW-086,SO4_mg_L,expanding_mean_delta,80,3.5551698975633954,3.5242995787961386,0.030870318767256766,3.056336640428045,4.054003154698745,True,True
11,2025-08-16,NGW-086,NO3_mg_L,expanding_mean_delta,80,2.4646015132258667,3.2653776585196206,-0.8007761452937538,1.7768351680593457,3.1523678583923878,True,False
11,2025-08-16,NGW-086,F_mg_L,expanding_mean_delta,80,1.3330390443921278,1.000631880307906,0.3324071640842219,1.0165560413818242,1.6495220474024315,True,False
11,2025-08-16,NGW-086,Sr_mg_L,expanding_mean_delta,80,0.1694027101515193,0.1501426584297195,0.019260051721799815,-0.030597289848480702,0.3694027101515193,True,True
11,2025-08-16,NGW-086,SiO2_mg_L,expanding_mean_delta,80,4.080749546448553,4.092676505121403,-0.011926958672850319,3.773351725438891,4.388147367458215,True,True
11,2025-08-16,NGW-086,Ca_mg_L,hydrosheaf_graph_ridge,80,3.5298590954227334,3.5533460588187404,-0.023486963396007088,3.197296953763224,3.8624212370822426,True,True
11,2025-08-16,NGW-086,Mg_mg_L,hydrosheaf_graph_ridge,80,2.640041562674508,2.253394848803274,0.38664671387123395,2.2394369899984476,3.0406461353505683,True,True
11,2025-08-16,NGW-086,Na_mg_L,hydrosheaf_graph_ridge,80,3.8750331911821823,3.6995720836526793,0.17546110752950295,3.4197827129351137,4.330283669429251,True,True
11,2025-08-16,NGW-086,K_mg_L,hydrosheaf_graph_ridge,80,1.6408625502108607,1.5238800240724537,0.11698252613840698,1.3003848558339937,1.9813402445877277,True,True
11,2025-08-16,NGW-086,HCO3_mg_L,hydrosheaf_graph_ridge,80,4.935958586357451,4.6572881402501976,0.27867044610725333,4.6361775491142865,5.235739623600615,True,True
11,2025-08-16,NGW-086,Cl_mg_L,hydrosheaf_graph_ridge,80,4.030933998729031,3.774368840129351,0.2565651585996802,3.555957037339085,4.505910960118977,True,True
11,2025-08-16,NGW-086,SO4_mg_L,hydrosheaf_graph_ridge,80,3.7249236712460876,3.5242995787961386,0.20062409244994894,3.2260904141107374,4.223756928381437,True,True
11,2025-08-16,NGW-086,NO3_mg_L,hydrosheaf_graph_ridge,80,2.4745487288238817,3.2653776585196206,-0.7908289296957389,1.7867823836573606,3.1623150739904027,True,False
11,2025-08-16,NGW-086,F_mg_L,hydrosheaf_graph_ridge,80,0.8135198682413078,1.000631880307906,-0.1871120120665981,0.49703686523100427,1.1300028712516115,True,True
11,2025-08-16,NGW-086,Sr_mg_L,hydrosheaf_graph_ridge,80,0.18270783017181935,0.1501426584297195,0.03256517174209986,-0.01729216982818066,0.38270783017181936,True,True
11,2025-08-16,NGW-086,SiO2_mg_L,hydrosheaf_graph_ridge,80,4.087962747662899,4.092676505121403,-0.004713757458504553,3.780564926653237,4.395360568672561,True,True
11,2025-08-16,NGW-093,Ca_mg_L,persistence,80,3.984529696214894,3.6378492830011573,0.34668041321373666,3.6519675545553847,4.317091837874403,True,False
11,2025-08-16,NGW-093,Mg_mg_L,persistence,80,2.8758219768814333,2.523325759691945,0.3524962171894881,2.475217404205373,3.2764265495574936,True,True
11,2025-08-16,NGW-093,Na_mg_L,persistence,80,4.091674333666222,3.722797672317397,0.3688766613488248,3.6364238554191535,4.546924811913291,True,True
11,2025-08-16,NGW-093,K_mg_L,persistence,80,1.8656293177945105,1.6789639750827108,0.1866653427117997,1.5251516234176434,2.2061070121713775,True,True
11,2025-08-16,NGW-093,HCO3_mg_L,persistence,80,5.2784717383273305,4.837550942654783,0.4409207956725476,4.978690701084166,5.578252775570495,True,False
11,2025-08-16,NGW-093,Cl_mg_L,persistence,80,4.479153345404605,4.05317528518403,0.42597806022057494,4.0041763840146585,4.954130306794551,True,True
11,2025-08-16,NGW-093,SO4_mg_L,persistence,80,3.9623358193017353,3.836221292011864,0.12611452728987116,3.463502562166385,4.461169076437085,True,True
11,2025-08-16,NGW-093,NO3_mg_L,persistence,80,3.202746442938317,3.094219220268645,0.10852722266967207,2.514980097771796,3.890512788104838,True,True
11,2025-08-16,NGW-093,F_mg_L,persistence,80,1.5216989981260935,0.9360933591703349,0.5856056389557587,1.20521599511579,1.8381820011363972,True,False
11,2025-08-16,NGW-093,Sr_mg_L,persistence,80,0.1518623493092461,0.20294084399669032,-0.051078494687444215,-0.0481376506907539,0.3518623493092461,True,True
11,2025-08-16,NGW-093,SiO2_mg_L,persistence,80,4.22683374526818,4.178992036282385,0.04784170898579454,3.9194359242585177,4.534231566277842,True,True
11,2025-08-16,NGW-093,Ca_mg_L,expanding_mean_delta,80,3.564343138886798,3.6378492830011573,-0.07350614411435918,3.231780997227289,3.8969052805463074,True,True
11,2025-08-16,NGW-093,Mg_mg_L,expanding_mean_delta,80,2.4547673802051917,2.523325759691945,-0.06855837948675347,2.0541628075291314,2.855371952881252,True,True
11,2025-08-16,NGW-093,Na_mg_L,expanding_mean_delta,80,3.665077923792126,3.722797672317397,-0.057719748525271175,3.2098274455450575,4.120328402039195,True,True
11,2025-08-16,NGW-093,K_mg_L,expanding_mean_delta,80,1.518100589559014,1.6789639750827108,-0.16086338552369672,1.177622895182147,1.858578283935881,True,True
11,2025-08-16,NGW-093,HCO3_mg_L,expanding_mean_delta,80,4.899115954535648,4.837550942654783,0.06156501188086505,4.599334917292484,5.198896991778812,True,True
11,2025-08-16,NGW-093,Cl_mg_L,expanding_mean_delta,80,3.9104872370801527,4.05317528518403,-0.14268804810387703,3.4355102756902065,4.385464198470099,True,True
11,2025-08-16,NGW-093,SO4_mg_L,expanding_mean_delta,80,3.6008932591031773,3.836221292011864,-0.23532803290868687,3.102060001967827,4.099726516238527,True,True
11,2025-08-16,NGW-093,NO3_mg_L,expanding_mean_delta,80,2.883572044533838,3.094219220268645,-0.21064717573480696,2.195805699367317,3.571338389700359,True,True
11,2025-08-16,NGW-093,F_mg_L,expanding_mean_delta,80,1.3708633530594667,0.9360933591703349,0.43476999388913184,1.054380350049163,1.6873463560697703,True,False
11,2025-08-16,NGW-093,Sr_mg_L,expanding_mean_delta,80,0.15999691186464315,0.20294084399669032,-0.04294393213204717,-0.04000308813535686,0.35999691186464317,True,True
11,2025-08-16,NGW-093,SiO2_mg_L,expanding_mean_delta,80,4.268046965989627,4.178992036282385,0.08905492970724183,3.960649144979965,4.575444786999289,True,True
11,2025-08-16,NGW-093,Ca_mg_L,hydrosheaf_graph_ridge,80,3.4750980588451768,3.6378492830011573,-0.16275122415598053,3.1425359171856675,3.807660200504686,True,True
11,2025-08-16,NGW-093,Mg_mg_L,hydrosheaf_graph_ridge,80,2.4403158905924736,2.523325759691945,-0.08300986909947161,2.0397113179164132,2.840920463268534,True,True
11,2025-08-16,NGW-093,Na_mg_L,hydrosheaf_graph_ridge,80,3.726452630402957,3.722797672317397,0.003654958085559823,3.2712021521558885,4.181703108650026,True,True
11,2025-08-16,NGW-093,K_mg_L,hydrosheaf_graph_ridge,80,1.6967785321574866,1.6789639750827108,0.01781455707477586,1.3563008377806196,2.0372562265343537,True,True
11,2025-08-16,NGW-093,HCO3_mg_L,hydrosheaf_graph_ridge,80,4.961852865068385,4.837550942654783,0.12430192241360238,4.662071827825221,5.26163390231155,True,True
11,2025-08-16,NGW-093,Cl_mg_L,hydrosheaf_graph_ridge,80,3.7978242659580337,4.05317528518403,-0.255351019225996,3.3228473045680875,4.27280122734798,True,True
11,2025-08-16,NGW-093,SO4_mg_L,hydrosheaf_graph_ridge,80,3.5003030001227318,3.836221292011864,-0.33591829188913236,3.0014697429873816,3.999136257258082,True,True
11,2025-08-16,NGW-093,NO3_mg_L,hydrosheaf_graph_ridge,80,2.9883043158249087,3.094219220268645,-0.10591490444373619,2.3005379706583877,3.6760706609914298,True,True
11,2025-08-16,NGW-093,F_mg_L,hydrosheaf_graph_ridge,80,0.8963720575933928,0.9360933591703349,-0.03972130157694209,0.5798890545830893,1.2128550606036963,True,True
11,2025-08-16,NGW-093,Sr_mg_L,hydrosheaf_graph_ridge,80,0.14114015676648964,0.20294084399669032,-0.061800687230200685,-0.05885984323351037,0.3411401567664897,True,True
11,2025-08-16,NGW-093,SiO2_mg_L,hydrosheaf_graph_ridge,80,4.195231270599024,4.178992036282385,0.01623923431663865,3.887833449589362,4.502629091608686,True,True
11,2025-08-16,NGW-119,Ca_mg_L,persistence,80,3.9308447596687337,3.333275365176697,0.5975693944920368,3.5982826180092244,4.263406901328243,True,False
11,2025-08-16,NGW-119,Mg_mg_L,persistence,80,2.934388643312939,2.4874035299865875,0.4469851133263516,2.533784070636879,3.3349932159889994,True,False
11,2025-08-16,NGW-119,Na_mg_L,persistence,80,4.256605125012738,3.6783239401744194,0.5782811848383189,3.80135464676567,4.711855603259807,True,False
11,2025-08-16,NGW-119,K_mg_L,persistence,80,1.9810014688665833,1.6900958154515549,0.2909056534150285,1.6405237744897163,2.3214791632434504,True,True
11,2025-08-16,NGW-119,HCO3_mg_L,persistence,80,5.355736857415523,4.814458191011861,0.5412786664036622,5.0559558201723585,5.655517894658687,True,False
11,2025-08-16,NGW-119,Cl_mg_L,persistence,80,4.547646999744425,3.8817699622571253,0.6658770374873,4.072670038354479,5.0226239611343715,True,False
11,2025-08-16,NGW-119,SO4_mg_L,persistence,80,3.6622787723167574,2.969388298214389,0.6928904741023683,3.163445515181407,4.161112029452108,True,False
11,2025-08-16,NGW-119,NO3_mg_L,persistence,80,2.3767644911682972,1.9782390361706734,0.3985254549976238,1.6889981460017762,3.0645308363348183,True,True
11,2025-08-16,NGW-119,F_mg_L,persistence,80,0.9321640810304452,0.832909122935104,0.09925495809534124,0.6156810780201416,1.2486470840407489,True,True
11,2025-08-16,NGW-119,Sr_mg_L,persistence,80,0.178146185383474,0.13889199886661863,0.03925418651685536,-0.021853814616526024,0.378146185383474,True,True
11,2025-08-16,NGW-119,SiO2_mg_L,persistence,80,3.975936331171799,3.899950424193877,0.07598590697792185,3.668538510162137,4.28333415218146,True,True
11,2025-08-16,NGW-119,Ca_mg_L,expanding_mean_delta,80,3.510658202340638,3.333275365176697,0.177382837163941,3.1780960606811286,3.843220344000147,True,True
11,2025-08-16,NGW-119,Mg_mg_L,expanding_mean_delta,80,2.5133340466366976,2.4874035299865875,0.025930516650110036,2.1127294739606373,2.913938619312758,True,True
11,2025-08-16,NGW-119,Na_mg_L,expanding_mean_delta,80,3.8300087151386424,3.6783239401744194,0.15168477496422295,3.374758236891574,4.285259193385711,True,True
11,2025-08-16,NGW-119,K_mg_L,expanding_mean_delta,80,1.633472740631087,1.6900958154515549,-0.05662307482046791,1.29299504625422,1.973950435007954,True,True
11,2025-08-16,NGW-119,HCO3_mg_L,expanding_mean_delta,80,4.97638107362384,4.814458191011861,0.16192288261197962,4.676600036380676,5.276162110867005,True,True
11,2025-08-16,NGW-119,Cl_mg_L,expanding_mean_delta,80,3.9789808914199734,3.8817699622571253,0.09721092916284801,3.504003930030027,4.4539578528099195,True,True
11,2025-08-16,NGW-119,SO4_mg_L,expanding_mean_delta,80,3.3008362121181993,2.969388298214389,0.33144791390381023,2.802002954982849,3.7996694692535495,True,True
11,2025-08-16,NGW-119,NO3_mg_L,expanding_mean_delta,80,2.057590092763818,1.9782390361706734,0.07935105659314479,1.3698237475972972,2.7453564379303392,True,True
11,2025-08-16,NGW-119,F_mg_L,expanding_mean_delta,80,0.7813284359638184,0.832909122935104,-0.051580686971285594,0.4648454329535148,1.097811438974122,True,True
11,2025-08-16,NGW-119,Sr_mg_L,expanding_mean_delta,80,0.18628074793887103,0.13889199886661863,0.047388749072252406,-0.013719252061128978,0.386280747938871,True,True
11,2025-08-16,NGW-119,SiO2_mg_L,expanding_mean_delta,80,4.0171495518932465,3.899950424193877,0.11719912769936958,3.7097517308835846,4.3245473729029085,True,True
11,2025-08-16,NGW-119,Ca_mg_L,hydrosheaf_graph_ridge,80,3.5598482333848755,3.333275365176697,0.22657286820817868,3.2272860917253663,3.892410375044385,True,True
11,2025-08-16,NGW-119,Mg_mg_L,hydrosheaf_graph_ridge,80,2.5005010194537998,2.4874035299865875,0.013097489467212231,2.0998964467777395,2.90110559212986,True,True
11,2025-08-16,NGW-119,Na_mg_L,hydrosheaf_graph_ridge,80,3.679523248430889,3.6783239401744194,0.0011993082564694113,3.2242727701838203,4.134773726677958,True,True
11,2025-08-16,NGW-119,K_mg_L,hydrosheaf_graph_ridge,80,1.7505916066777472,1.6900958154515549,0.06049579122619231,1.4101139123008801,2.091069301054614,True,True
11,2025-08-16,NGW-119,HCO3_mg_L,hydrosheaf_graph_ridge,80,4.870139164292906,4.814458191011861,0.05568097328104571,4.570358127049742,5.169920201536071,True,True
11,2025-08-16,NGW-119,Cl_mg_L,hydrosheaf_graph_ridge,80,3.8858787326459794,3.8817699622571253,0.004108770388854044,3.410901771256033,4.3608556940359255,True,True
11,2025-08-16,NGW-119,SO4_mg_L,hydrosheaf_graph_ridge,80,3.453071059119372,2.969388298214389,0.48368276090498297,2.954237801984022,3.9519043162547223,True,True
11,2025-08-16,NGW-119,NO3_mg_L,hydrosheaf_graph_ridge,80,1.6738035880156037,1.9782390361706734,-0.30443544815506973,0.9860372428490826,2.3615699331821247,True,True
11,2025-08-16,NGW-119,F_mg_L,hydrosheaf_graph_ridge,80,0.6629661054818058,0.832909122935104,-0.1699430174532982,0.3464831024715022,0.9794491084921093,True,True
11,2025-08-16,NGW-119,Sr_mg_L,hydrosheaf_graph_ridge,80,0.17456956336960291,0.13889199886661863,0.03567756450298429,-0.025430436630397096,0.3745695633696029,True,True
11,2025-08-16,NGW-119,SiO2_mg_L,hydrosheaf_graph_ridge,80,3.77378930319171,3.899950424193877,-0.12616112100216714,3.466391482182048,4.081187124201372,True,True
11,2025-08-16,NGW-126,Ca_mg_L,persistence,80,3.9330014118133376,3.477232067938153,0.4557693438751844,3.6004392701538284,4.265563553472846,True,False
11,2025-08-16,NGW-126,Mg_mg_L,persistence,80,2.8684669225081145,2.756205242989257,0.11226167951885735,2.467862349832054,3.269071495184175,True,True
11,2025-08-16,NGW-126,Na_mg_L,persistence,80,3.7520889675118205,3.467297183366679,0.2847917841451415,3.296838489264752,4.2073394457588895,True,True
11,2025-08-16,NGW-126,K_mg_L,persistence,80,1.809926773183504,1.8870696490323797,-0.07714287584887569,1.469449078806637,2.1504044675603713,True,True
11,2025-08-16,NGW-126,HCO3_mg_L,persistence,80,5.081963215009874,4.860277412507694,0.22168580250218017,4.7821821777667095,5.381744252253038,True,True
11,2025-08-16,NGW-126,Cl_mg_L,persistence,80,4.289774274968795,4.054910492976694,0.23486378199210112,3.8147973135788487,4.764751236358741,True,True
11,2025-08-16,NGW-126,SO4_mg_L,persistence,80,3.9680251955434307,3.255400599550573,0.7126245959928577,3.4691919384080805,4.466858452678781,True,False
11,2025-08-16,NGW-126,NO3_mg_L,persistence,80,2.0992441689760155,2.87976009730157,-0.7805159283255545,1.4114778238094945,2.7870105141425365,True,False
11,2025-08-16,NGW-126,F_mg_L,persistence,80,0.48858001481867097,0.5481214085096876,-0.05954139369101663,0.1720970118083674,0.8050630178289746,True,True
11,2025-08-16,NGW-126,Sr_mg_L,persistence,80,0.16889853646181394,0.16296882827813966,0.005929708183674276,-0.031101463538186075,0.3688985364618139,True,True
11,2025-08-16,NGW-126,SiO2_mg_L,persistence,80,4.248495242049359,4.117409835153096,0.13108540689626302,3.9410974210396974,4.555893063059021,True,True
11,2025-08-16,NGW-126,Ca_mg_L,expanding_mean_delta,80,3.5128148544852418,3.477232067938153,0.035582786547088574,3.1802527128257325,3.845376996144751,True,True
11,2025-08-16,NGW-126,Mg_mg_L,expanding_mean_delta,80,2.447412325831873,2.756205242989257,-0.3087929171573842,2.0468077531558126,2.8480168985079333,True,True
11,2025-08-16,NGW-126,Na_mg_L,expanding_mean_delta,80,3.3254925576377246,3.467297183366679,-0.14180462572895447,2.870242079390656,3.780743035884793,True,True
11,2025-08-16,NGW-126,K_mg_L,expanding_mean_delta,80,1.4623980449480078,1.8870696490323797,-0.4246716040843719,1.1219203505711408,1.8028757393248749,True,False
11,2025-08-16,NGW-126,HCO3_mg_L,expanding_mean_delta,80,4.702607431218191,4.860277412507694,-0.15766998128950238,4.402826393975027,5.002388468461356,True,True
11,2025-08-16,NGW-126,Cl_mg_L,expanding_mean_delta,80,3.721108166644343,4.054910492976694,-0.33380232633235085,3.2461312052543967,4.196085128034289,True,True
11,2025-08-16,NGW-126,SO4_mg_L,expanding_mean_delta,80,3.6065826353448727,3.255400599550573,0.35118203579429963,3.1077493782095225,4.105415892480223,True,True
11,2025-08-16,NGW-126,NO3_mg_L,expanding_mean_delta,80,1.7800697705715365,2.87976009730157,-1.0996903267300335,1.0923034254050155,2.4678361157380575,True,False
11,2025-08-16,NGW-126,F_mg_L,expanding_mean_delta,80,0.3377443697520441,0.5481214085096876,-0.21037703875764352,0.021261366741740506,0.6542273727623477,True,True
11,2025-08-16,NGW-126,Sr_mg_L,expanding_mean_delta,80,0.17703309901721098,0.16296882827813966,0.014064270739071322,-0.02296690098278903,0.377033099017211,True,True
11,2025-08-16,NGW-126,SiO2_mg_L,expanding_mean_delta,80,4.289708462770807,4.117409835153096,0.1722986276177103,3.9823106417611447,4.597106283780469,True,True
11,2025-08-16,NGW-126,Ca_mg_L,hydrosheaf_graph_ridge,80,3.7736623022128235,3.477232067938153,0.2964302342746703,3.4411001605533142,4.106224443872333,True,True
11,2025-08-16,NGW-126,Mg_mg_L,hydrosheaf_graph_ridge,80,2.5564152364061874,2.756205242989257,-0.19979000658306978,2.155810663730127,2.9570198090822477,True,True
11,2025-08-16,NGW-126,Na_mg_L,hydrosheaf_graph_ridge,80,3.758286378248465,3.467297183366679,0.290989194881786,3.3030359000013965,4.2135368564955336,True,True
11,2025-08-16,NGW-126,K_mg_L,hydrosheaf_graph_ridge,80,1.681517055494196,1.8870696490323797,-0.20555259353818367,1.341039361117329,2.0219947498710633,True,True
11,2025-08-16,NGW-126,HCO3_mg_L,hydrosheaf_graph_ridge,80,4.985951395700112,4.860277412507694,0.12567398319241807,4.686170358456947,5.285732432943276,True,True
11,2025-08-16,NGW-126,Cl_mg_L,hydrosheaf_graph_ridge,80,4.060726471298327,4.054910492976694,0.005815978321633608,3.585749509908381,4.5357034326882735,True,True
11,2025-08-16,NGW-126,SO4_mg_L,hydrosheaf_graph_ridge,80,3.8489016894227484,3.255400599550573,0.5935010898721753,3.350068432287398,4.347734946558099,True,False
11,2025-08-16,NGW-126,NO3_mg_L,hydrosheaf_graph_ridge,80,2.699204441439492,2.87976009730157,-0.180555655862078,2.011438096272971,3.386970786606013,True,True
11,2025-08-16,NGW-126,F_mg_L,hydrosheaf_graph_ridge,80,0.412682894576183,0.5481214085096876,-0.1354385139335046,0.09619989156587944,0.7291658975864865,True,True
11,2025-08-16,NGW-126,Sr_mg_L,hydrosheaf_graph_ridge,80,0.20389870615657107,0.16296882827813966,0.040929877878431414,0.0038987061565710635,0.4038987061565711,True,True
11,2025-08-16,NGW-126,SiO2_mg_L,hydrosheaf_graph_ridge,80,4.215529851335889,4.117409835153096,0.09812001618279265,3.908132030326227,4.522927672345551,True,True
11,2025-08-16,NGW-136,Ca_mg_L,persistence,80,3.816172679771312,3.6149637711637683,0.2012089086075437,3.4836105381118028,4.148734821430821,True,True
11,2025-08-16,NGW-136,Mg_mg_L,persistence,80,2.9806186357439426,2.2834022735772717,0.6972163621666709,2.5800140630678823,3.381223208420003,True,False
11,2025-08-16,NGW-136,Na_mg_L,persistence,80,3.829510583853682,3.6399517804905126,0.18955880336316921,3.3742601056066133,4.284761062100751,True,True
11,2025-08-16,NGW-136,K_mg_L,persistence,80,2.253394848803274,1.599387576580599,0.6540072722226751,1.912917154426407,2.593872543180141,True,False
11,2025-08-16,NGW-136,HCO3_mg_L,persistence,80,5.077857710362984,4.751000634199631,0.32685707616335336,4.77807667311982,5.377638747606149,True,False
11,2025-08-16,NGW-136,Cl_mg_L,persistence,80,4.314817884980432,3.9917579734469997,0.32305991153343205,3.8398409235904856,4.789794846370378,True,True
11,2025-08-16,NGW-136,SO4_mg_L,persistence,80,3.862622655133019,3.2499868198932536,0.6126358352397654,3.3637893979976687,4.361455912268369,True,False
11,2025-08-16,NGW-136,NO3_mg_L,persistence,80,2.5289235352047745,2.460443177609626,0.0684803575951487,1.8411571900382535,3.2166898803712956,True,True
11,2025-08-16,NGW-136,F_mg_L,persistence,80,0.4574248470388754,0.2468600779315258,0.21056476910734961,0.14094184402857185,0.773907850049179,True,True
11,2025-08-16,NGW-136,Sr_mg_L,persistence,80,0.12575120530556036,0.21026092548319608,-0.08450972017763572,-0.07424879469443965,0.32575120530556034,True,True
11,2025-08-16,NGW-136,SiO2_mg_L,persistence,80,4.075841090657541,4.320151230955794,-0.2443101402982535,3.7684432696478787,4.383238911667203,True,True
11,2025-08-16,NGW-136,Ca_mg_L,expanding_mean_delta,80,3.395986122443216,3.6149637711637683,-0.21897764872055214,3.063423980783707,3.7285482641027254,True,True
11,2025-08-16,NGW-136,Mg_mg_L,expanding_mean_delta,80,2.559564039067701,2.2834022735772717,0.27616176549042937,2.1589594663916407,2.9601686117437613,True,True
11,2025-08-16,NGW-136,Na_mg_L,expanding_mean_delta,80,3.402914173979586,3.6399517804905126,-0.23703760651092676,2.9476636957325173,3.8581646522266544,True,True
11,2025-08-16,NGW-136,K_mg_L,expanding_mean_delta,80,1.9058661205677776,1.599387576580599,0.30647854398717866,1.5653884261909106,2.2463438149446446,True,True
11,2025-08-16,NGW-136,HCO3_mg_L,expanding_mean_delta,80,4.698501926571302,4.751000634199631,-0.0524987076283292,4.398720889328137,4.998282963814466,True,True
11,2025-08-16,NGW-136,Cl_mg_L,expanding_mean_delta,80,3.7461517766559798,3.9917579734469997,-0.24560619679101992,3.2711748152660336,4.221128738045926,True,True
11,2025-08-16,NGW-136,SO4_mg_L,expanding_mean_delta,80,3.501180094934461,3.2499868198932536,0.25119327504120736,3.0023468377991107,4.000013352069811,True,True
11,2025-08-16,NGW-136,NO3_mg_L,expanding_mean_delta,80,2.2097491368002955,2.460443177609626,-0.25069404080933033,1.5219827916337745,2.8975154819668165,True,True
11,2025-08-16,NGW-136,F_mg_L,expanding_mean_delta,80,0.30658920197224854,0.2468600779315258,0.059729124040722725,-0.009893801038055039,0.6230722049825521,True,True
11,2025-08-16,NGW-136,Sr_mg_L,expanding_mean_delta,80,0.1338857678609574,0.21026092548319608,-0.07637515762223868,-0.0661142321390426,0.3338857678609574,True,True
11,2025-08-16,NGW-136,SiO2_mg_L,expanding_mean_delta,80,4.117054311378988,4.320151230955794,-0.2030969195768062,3.809656490369326,4.42445213238865,True,True
11,2025-08-16,NGW-136,Ca_mg_L,hydrosheaf_graph_ridge,80,3.492772107078984,3.6149637711637683,-0.12219166408478443,3.1602099654194746,3.825334248738493,True,True
11,2025-08-16,NGW-136,Mg_mg_L,hydrosheaf_graph_ridge,80,2.5621013446378735,2.2834022735772717,0.2786990710606019,2.1614967719618132,2.962705917313934,True,True
11,2025-08-16,NGW-136,Na_mg_L,hydrosheaf_graph_ridge,80,3.6705386910813056,3.6399517804905126,0.030586910590792993,3.215288212834237,4.125789169328375,True,True
11,2025-08-16,NGW-136,K_mg_L,hydrosheaf_graph_ridge,80,1.672337005522101,1.599387576580599,0.07294942894150203,1.331859311145234,2.012814699898968,True,True
11,2025-08-16,NGW-136,HCO3_mg_L,hydrosheaf_graph_ridge,80,4.738129310288973,4.751000634199631,-0.012871323910657928,4.438348273045809,5.037910347532137,True,True
11,2025-08-16,NGW-136,Cl_mg_L,hydrosheaf_graph_ridge,80,4.183022263741862,3.9917579734469997,0.1912642902948627,3.708045302351916,4.6579992251318085,True,True
11,2025-08-16,NGW-136,SO4_mg_L,hydrosheaf_graph_ridge,80,3.3704703762057027,3.2499868198932536,0.12048355631244911,2.8716371190703525,3.869303633341053,True,True
11,2025-08-16,NGW-136,NO3_mg_L,hydrosheaf_graph_ridge,80,2.2425194472063774,2.460443177609626,-0.21792373040324842,1.5547531020398564,2.9302857923728984,True,True
11,2025-08-16,NGW-136,F_mg_L,hydrosheaf_graph_ridge,80,0.3827365209897128,0.2468600779315258,0.13587644305818697,0.0662535179794092,0.6992195240000163,True,True
11,2025-08-16,NGW-136,Sr_mg_L,hydrosheaf_graph_ridge,80,0.19952983466950985,0.21026092548319608,-0.010731090813686228,-0.00047016533049015763,0.39952983466950986,True,True
11,2025-08-16,NGW-136,SiO2_mg_L,hydrosheaf_graph_ridge,80,4.1326409880596815,4.320151230955794,-0.18751024289611262,3.8252431670500195,4.4400388090693435,True,True
11,2025-08-16,NGW-146,Ca_mg_L,persistence,80,3.8247206770253497,3.338257581888281,0.48646309513706854,3.4921585353658404,4.157282818684859,True,False
11,2025-08-16,NGW-146,Mg_mg_L,persistence,80,3.0160249768217535,2.286455711064162,0.7295692657575916,2.615420404145693,3.416629549497814,True,False
11,2025-08-16,NGW-146,Na_mg_L,persistence,80,4.0812593226734455,3.7364784329132155,0.34478088976023,3.626008844426377,4.5365098009205145,True,True
11,2025-08-16,NGW-146,K_mg_L,persistence,80,2.2844211223663744,1.601405740736836,0.6830153816295383,1.9439434279895074,2.6248988167432414,True,False
11,2025-08-16,NGW-146,HCO3_mg_L,persistence,80,5.236548340150405,4.6613614656378335,0.5751868745125712,4.93676730290724,5.536329377393569,True,False
11,2025-08-16,NGW-146,Cl_mg_L,persistence,80,4.324662317284311,3.709906821306012,0.614755495978299,3.8496853558943647,4.799639278674257,True,False
11,2025-08-16,NGW-146,SO4_mg_L,persistence,80,3.663305202994506,3.4722769633431074,0.19102823965139848,3.1644719458591557,4.162138460129856,True,True
11,2025-08-16,NGW-146,NO3_mg_L,persistence,80,3.6975913947159578,3.875773872753025,-0.17818247803706733,3.0098250495494367,4.385357739882479,True,True
11,2025-08-16,NGW-146,F_mg_L,persistence,80,0.6575200029167941,0.17395330712343804,0.4835666957933561,0.34103699990649056,0.9740030059270977,True,False
11,2025-08-16,NGW-146,Sr_mg_L,persistence,80,0.21026092548319608,0.1947440767925118,0.015516848690684287,0.01026092548319607,0.4102609254831961,True,True
11,2025-08-16,NGW-146,SiO2_mg_L,persistence,80,4.22829253473184,4.220977213155467,0.007315321576372824,3.920894713722178,4.535690355741502,True,True
11,2025-08-16,NGW-146,Ca_mg_L,expanding_mean_delta,80,3.404534119697254,3.338257581888281,0.06627653780897269,3.0719719780377446,3.737096261356763,True,True
11,2025-08-16,NGW-146,Mg_mg_L,expanding_mean_delta,80,2.594970380145512,2.286455711064162,0.30851466908135006,2.1943658074694516,2.9955749528215723,True,True
11,2025-08-16,NGW-146,Na_mg_L,expanding_mean_delta,80,3.6546629127993495,3.7364784329132155,-0.08181552011386595,3.199412434552281,4.109913391046418,True,True
11,2025-08-16,NGW-146,K_mg_L,expanding_mean_delta,80,1.936892394130878,1.601405740736836,0.33548665339404193,1.596414699754011,2.277370088507745,True,True
11,2025-08-16,NGW-146,HCO3_mg_L,expanding_mean_delta,80,4.857192556358722,4.6613614656378335,0.19583109072088867,4.557411519115558,5.156973593601887,True,True
11,2025-08-16,NGW-146,Cl_mg_L,expanding_mean_delta,80,3.755996208959859,3.709906821306012,0.04608938765384707,3.2810192475699127,4.230973170349805,True,True
11,2025-08-16,NGW-146,SO4_mg_L,expanding_mean_delta,80,3.301862642795948,3.4722769633431074,-0.17041432054715955,2.8030293856605977,3.800695899931298,True,True
11,2025-08-16,NGW-146,NO3_mg_L,expanding_mean_delta,80,3.3784169963114787,3.875773872753025,-0.49735687644154636,2.6906506511449577,4.066183341478,True,True
11,2025-08-16,NGW-146,F_mg_L,expanding_mean_delta,80,0.5066843578501672,0.17395330712343804,0.33273105072672915,0.1902013548398636,0.8231673608604708,True,False
11,2025-08-16,NGW-146,Sr_mg_L,expanding_mean_delta,80,0.21839548803859313,0.1947440767925118,0.023651411246081333,0.018395488038593116,0.41839548803859317,True,True
11,2025-08-16,NGW-146,SiO2_mg_L,expanding_mean_delta,80,4.269505755453287,4.220977213155467,0.04852854229782011,3.962107934443625,4.576903576462949,True,True
11,2025-08-16,NGW-146,Ca_mg_L,hydrosheaf_graph_ridge,80,3.477050764963327,3.338257581888281,0.13879318307504596,3.144488623303818,3.8096129066228364,True,True
11,2025-08-16,NGW-146,Mg_mg_L,hydrosheaf_graph_ridge,80,2.557203123007506,2.286455711064162,0.27074741194334395,2.1565985503314455,2.957807695683566,True,True
11,2025-08-16,NGW-146,Na_mg_L,hydrosheaf_graph_ridge,80,3.4433182544034198,3.7364784329132155,-0.2931601785097957,2.988067776156351,3.8985687326504883,True,True
11,2025-08-16,NGW-146,K_mg_L,hydrosheaf_graph_ridge,80,1.85040636673279,1.601405740736836,0.24900062599595385,1.5099286723559229,2.190884061109657,True,True
11,2025-08-16,NGW-146,HCO3_mg_L,hydrosheaf_graph_ridge,80,4.660989234718301,4.6613614656378335,-0.0003722309195328677,4.361208197475136,4.960770271961465,True,True
11,2025-08-16,NGW-146,Cl_mg_L,hydrosheaf_graph_ridge,80,3.9003221463794433,3.709906821306012,0.1904153250734315,3.425345184989497,4.375299107769389,True,True
11,2025-08-16,NGW-146,SO4_mg_L,hydrosheaf_graph_ridge,80,3.2934557292700672,3.4722769633431074,-0.17882123407304018,2.794622472134717,3.7922889864054175,True,True
11,2025-08-16,NGW-146,NO3_mg_L,hydrosheaf_graph_ridge,80,3.1423501590788123,3.875773872753025,-0.7334237136742128,2.4545838139122913,3.8301165042453333,True,False
11,2025-08-16,NGW-146,F_mg_L,hydrosheaf_graph_ridge,80,0.6602996902102208,0.17395330712343804,0.4863463830867828,0.34381668719991726,0.9767826932205244,True,False
11,2025-08-16,NGW-146,Sr_mg_L,hydrosheaf_graph_ridge,80,0.1872524878059724,0.1947440767925118,-0.007491588986539399,-0.012747512194027616,0.38725248780597243,True,True
11,2025-08-16,NGW-146,SiO2_mg_L,hydrosheaf_graph_ridge,80,4.04479956051165,4.220977213155467,-0.17617765264381724,3.737401739501988,4.352197381521312,True,True
12,2025-08-17,NGW-058,Ca_mg_L,persistence,88,4.0069694827371,3.457577715098263,0.5493917676388369,3.6789754346323376,4.334963530841862,True,False
12,2025-08-17,NGW-058,Mg_mg_L,persistence,88,2.7087166456453704,2.5257286443082556,0.1829880013371148,2.319203261590885,3.098230029699856,True,True
12,2025-08-17,NGW-058,Na_mg_L,persistence,88,4.155282860327181,3.462919440290152,0.6923634200370286,3.7057841130491953,4.604781607605166,True,False
12,2025-08-17,NGW-058,K_mg_L,persistence,88,2.127040520479115,1.6213664832993742,0.5056740371797408,1.7913092045676793,2.4627718363905506,True,False
12,2025-08-17,NGW-058,HCO3_mg_L,persistence,88,5.1688918191075786,4.605670061029742,0.5632217580778365,4.8747556445069895,5.463027993708168,True,False
12,2025-08-17,NGW-058,Cl_mg_L,persistence,88,4.323205073865539,3.697343532526066,0.6258615413394732,3.8622151110307055,4.784195036700373,True,False
12,2025-08-17,NGW-058,SO4_mg_L,persistence,88,3.825375198702474,3.471034341250935,0.35434085745153876,3.322466282614842,4.328284114790105,True,True
12,2025-08-17,NGW-058,NO3_mg_L,persistence,88,3.667400422436812,3.475376779836407,0.19202364260040516,2.97041215908808,4.364388685785544,True,True
12,2025-08-17,NGW-058,F_mg_L,persistence,88,0.5709795465857378,0.4762341789963716,0.09474536758936619,0.2507853168022303,0.8911737763692453,True,True
12,2025-08-17,NGW-058,Sr_mg_L,persistence,88,0.16889853646181394,0.12044615307586716,0.048452383385946776,-0.031101463538186075,0.3688985364618139,True,True
12,2025-08-17,NGW-058,SiO2_mg_L,persistence,88,4.216562194946349,4.169761201506855,0.0468009934394944,3.9110440141809466,4.522080375711752,True,True
12,2025-08-17,NGW-058,Ca_mg_L,expanding_mean_delta,88,3.5882071541038654,3.457577715098263,0.13062943900560242,3.260213105999103,3.9162012022086277,True,True
12,2025-08-17,NGW-058,Mg_mg_L,expanding_mean_delta,88,2.2794438338356953,2.5257286443082556,-0.24628481047256034,1.8899304497812097,2.668957217890181,True,True
12,2025-08-17,NGW-058,Na_mg_L,expanding_mean_delta,88,3.735409976665876,3.462919440290152,0.27249053637572374,3.2859112293878905,4.184908723943861,True,True
12,2025-08-17,NGW-058,K_mg_L,expanding_mean_delta,88,1.784035421930658,1.6213664832993742,0.16266893863128384,1.4483041060192223,2.1197667378420935,True,True
12,2025-08-17,NGW-058,HCO3_mg_L,expanding_mean_delta,88,4.784038758764821,4.605670061029742,0.17836869773507935,4.489902584164232,5.0781749333654105,True,True
12,2025-08-17,NGW-058,Cl_mg_L,expanding_mean_delta,88,3.764691267702536,3.697343532526066,0.06734773517647019,3.3037013048677024,4.225681230537369,True,True
12,2025-08-17,NGW-058,SO4_mg_L,expanding_mean_delta,88,3.4527692298724983,3.471034341250935,-0.01826511137843667,2.9498603137848667,3.95567814596013,True,True
12,2025-08-17,NGW-058,NO3_mg_L,expanding_mean_delta,88,3.3704921388243982,3.475376779836407,-0.10488464101200856,2.6735038754756664,4.06748040217313,True,True
12,2025-08-17,NGW-058,F_mg_L,expanding_mean_delta,88,0.41271436240653103,0.4762341789963716,-0.06351981658984057,0.09252013262302355,0.7329085921900385,True,True
12,2025-08-17,NGW-058,Sr_mg_L,expanding_mean_delta,88,0.1776695818966172,0.12044615307586716,0.05722342882075003,-0.02233041810338282,0.3776695818966172,True,True
12,2025-08-17,NGW-058,SiO2_mg_L,expanding_mean_delta,88,4.251457843742,4.169761201506855,0.08169664223514506,3.9459396629765973,4.556976024507403,True,True
12,2025-08-17,NGW-058,Ca_mg_L,hydrosheaf_graph_ridge,88,3.597545893124117,3.457577715098263,0.13996817802585415,3.269551845019355,3.9255399412288794,True,True
12,2025-08-17,NGW-058,Mg_mg_L,hydrosheaf_graph_ridge,88,2.4101311624839687,2.5257286443082556,-0.11559748182428686,2.020617778429483,2.7996445465384543,True,True
12,2025-08-17,NGW-058,Na_mg_L,hydrosheaf_graph_ridge,88,3.8348866949662717,3.462919440290152,0.37196725467611946,3.385387947688286,4.2843854422442575,True,True
12,2025-08-17,NGW-058,K_mg_L,hydrosheaf_graph_ridge,88,1.7595458663621004,1.6213664832993742,0.13817938306272626,1.4238145504506647,2.095277182273536,True,True
12,2025-08-17,NGW-058,HCO3_mg_L,hydrosheaf_graph_ridge,88,4.755018435076423,4.605670061029742,0.14934837404668055,4.460882260475834,5.049154609677012,True,True
12,2025-08-17,NGW-058,Cl_mg_L,hydrosheaf_graph_ridge,88,3.870942099615659,3.697343532526066,0.1735985670895932,3.4099521367808254,4.331932062450493,True,True
12,2025-08-17,NGW-058,SO4_mg_L,hydrosheaf_graph_ridge,88,3.5017865091457563,3.471034341250935,0.03075216789482127,2.9988775930581246,4.004695425233388,True,True
12,2025-08-17,NGW-058,NO3_mg_L,hydrosheaf_graph_ridge,88,3.703414235214614,3.475376779836407,0.2280374553782072,3.006425971865882,4.400402498563346,True,True
12,2025-08-17,NGW-058,F_mg_L,hydrosheaf_graph_ridge,88,0.4715532825781196,0.4762341789963716,-0.0046808964182519786,0.15135905279461215,0.7917475123616271,True,True
12,2025-08-17,NGW-058,Sr_mg_L,hydrosheaf_graph_ridge,88,0.16508216109216445,0.12044615307586716,0.04463600801629729,-0.03491783890783556,0.36508216109216446,True,True
12,2025-08-17,NGW-058,SiO2_mg_L,hydrosheaf_graph_ridge,88,4.089863203905289,4.169761201506855,-0.07989799760156568,3.7843450231398865,4.395381384670692,True,True
12,2025-08-17,NGW-092,Ca_mg_L,persistence,88,4.0151209634317135,3.5681232529781366,0.44699771045357695,3.6871269153269512,4.343115011536476,True,False
12,2025-08-17,NGW-092,Mg_mg_L,persistence,88,2.7239235502585,2.7285062096695922,-0.004582659411092038,2.3344101662040146,3.1134369343129857,True,True
12,2025-08-17,NGW-092,Na_mg_L,persistence,88,3.7290612437467683,3.6768068728796672,0.05225437086710105,3.279562496468783,4.178559991024754,True,True
12,2025-08-17,NGW-092,K_mg_L,persistence,88,2.128231705849268,1.667706820558076,0.46052488529119184,1.7925003899378322,2.4639630217607036,True,False
12,2025-08-17,NGW-092,HCO3_mg_L,persistence,88,5.088891792062023,4.789406574986818,0.2994852170752056,4.794755617461434,5.383027966662612,True,False
12,2025-08-17,NGW-092,Cl_mg_L,persistence,88,4.1121844803504315,4.116595171156921,-0.00441069080648937,3.6511945175155978,4.573174443185265,True,True
12,2025-08-17,NGW-092,SO4_mg_L,persistence,88,3.7436043538031827,3.6625354787743345,0.08106887502884819,3.240695437715551,4.246513269890815,True,True
12,2025-08-17,NGW-092,NO3_mg_L,persistence,88,3.1023420086122493,2.829087196145044,0.2732548124672052,2.4053537452635174,3.799330271960981,True,True
12,2025-08-17,NGW-092,F_mg_L,persistence,88,0.832909122935104,0.9082585601768908,-0.07534943724178678,0.5127148931515966,1.1531033527186114,True,True
12,2025-08-17,NGW-092,Sr_mg_L,persistence,88,0.13714983814723364,0.2295231582782488,-0.09237332013101515,-0.06285016185276637,0.33714983814723365,True,True
12,2025-08-17,NGW-092,SiO2_mg_L,persistence,88,4.097672352314776,3.955082494888593,0.14258985742618258,3.792154171549373,4.403190533080179,True,True
12,2025-08-17,NGW-092,Ca_mg_L,expanding_mean_delta,88,3.596358634798479,3.5681232529781366,0.028235381820342464,3.2683645866937168,3.9243526829032414,True,True
12,2025-08-17,NGW-092,Mg_mg_L,expanding_mean_delta,88,2.2946507384488255,2.7285062096695922,-0.43385547122076673,1.90513735439434,2.684164122503311,True,False
12,2025-08-17,NGW-092,Na_mg_L,expanding_mean_delta,88,3.3091883600854635,3.6768068728796672,-0.36761851279420377,2.859689612807478,3.758687107363449,True,True
12,2025-08-17,NGW-092,K_mg_L,expanding_mean_delta,88,1.785226607300811,1.667706820558076,0.11751978674273489,1.4494952913893753,2.1209579232122464,True,True
12,2025-08-17,NGW-092,HCO3_mg_L,expanding_mean_delta,88,4.704038731719266,4.789406574986818,-0.08536784326755154,4.409902557118677,4.998174906319855,True,True
12,2025-08-17,NGW-092,Cl_mg_L,expanding_mean_delta,88,3.5536706741874284,4.116595171156921,-0.5629244969694924,3.0926807113525947,4.014660637022262,True,False
12,2025-08-17,NGW-092,SO4_mg_L,expanding_mean_delta,88,3.3709983849732073,3.6625354787743345,-0.29153709380112725,2.8680894688855756,3.873907301060839,True,True
12,2025-08-17,NGW-092,NO3_mg_L,expanding_mean_delta,88,2.8054337249998356,2.829087196145044,-0.02365347114520855,2.1084454616511037,3.5024219883485674,True,True
12,2025-08-17,NGW-092,F_mg_L,expanding_mean_delta,88,0.6746439387558972,0.9082585601768908,-0.23361462142099354,0.35444970897238975,0.9948381685394048,True,True
12,2025-08-17,NGW-092,Sr_mg_L,expanding_mean_delta,88,0.1459208835820369,0.2295231582782488,-0.0836022746962119,-0.05407911641796312,0.3459208835820369,True,True
12,2025-08-17,NGW-092,SiO2_mg_L,expanding_mean_delta,88,4.132568001110426,3.955082494888593,0.17748550622183323,3.8270498203450236,4.438086181875829,True,True
12,2025-08-17,NGW-092,Ca_mg_L,hydrosheaf_graph_ridge,88,3.5059287133553214,3.5681232529781366,-0.06219453962281518,3.177934665250559,3.8339227614600837,True,True
12,2025-08-17,NGW-092,Mg_mg_L,hydrosheaf_graph_ridge,88,2.5505262978078096,2.7285062096695922,-0.17797991186178264,2.161012913753324,2.940039681862295,True,True
12,2025-08-17,NGW-092,Na_mg_L,hydrosheaf_graph_ridge,88,3.4970323124492113,3.6768068728796672,-0.17977456043045592,3.047533565171226,3.9465310597271968,True,True
12,2025-08-17,NGW-092,K_mg_L,hydrosheaf_graph_ridge,88,1.6622183408060027,1.667706820558076,-0.005488479752073339,1.326487024894567,1.9979496567174384,True,True
12,2025-08-17,NGW-092,HCO3_mg_L,hydrosheaf_graph_ridge,88,4.939039136264488,4.789406574986818,0.1496325612776701,4.644902961663899,5.233175310865077,True,True
12,2025-08-17,NGW-092,Cl_mg_L,hydrosheaf_graph_ridge,88,3.7726591717858935,4.116595171156921,-0.34393599937102737,3.3116692089510598,4.233649134620727,True,True
12,2025-08-17,NGW-092,SO4_mg_L,hydrosheaf_graph_ridge,88,3.0965991067062206,3.6625354787743345,-0.5659363720681139,2.593690190618589,3.5995080227938523,True,False
12,2025-08-17,NGW-092,NO3_mg_L,hydrosheaf_graph_ridge,88,2.9096465837415657,2.829087196145044,0.08055938759652159,2.212658320392834,3.6066348470902976,True,True
12,2025-08-17,NGW-092,F_mg_L,hydrosheaf_graph_ridge,88,0.757873812106447,0.9082585601768908,-0.15038474807044377,0.4376795823229395,1.0780680418899544,True,True
12,2025-08-17,NGW-092,Sr_mg_L,hydrosheaf_graph_ridge,88,0.20215888829673867,0.2295231582782488,-0.02736426998151012,0.002158888296738659,0.4021588882967387,True,True
12,2025-08-17,NGW-092,SiO2_mg_L,hydrosheaf_graph_ridge,88,4.111343083798426,3.955082494888593,0.15626058890983252,3.805824903033023,4.4168612645638285,True,True
12,2025-08-17,NGW-114,Ca_mg_L,persistence,88,3.802877558167348,3.3548043420924447,0.44807321607490325,3.4748835100625857,4.13087160627211,True,False
12,2025-08-17,NGW-114,Mg_mg_L,persistence,88,3.130263166511597,2.556451816951096,0.5738113495605011,2.7407497824571116,3.5197765505660827,True,False
12,2025-08-17,NGW-114,Na_mg_L,persistence,88,4.207226719278773,3.0946722214088944,1.1125544978698785,3.7577279720007875,4.656725466556758,True,False
12,2025-08-17,NGW-114,K_mg_L,persistence,88,2.222459048514761,1.6752256529721035,0.5472333955426574,1.8867277326033252,2.5581903644261965,True,False
12,2025-08-17,NGW-114,HCO3_mg_L,persistence,88,5.157847673776643,4.611549792952131,0.546297880824512,4.863711499176054,5.451983848377232,True,False
12,2025-08-17,NGW-114,Cl_mg_L,persistence,88,4.531738907902208,3.5667118201397288,0.9650270877624796,4.070748945067375,4.992728870737042,True,False
12,2025-08-17,NGW-114,SO4_mg_L,persistence,88,3.894673367093033,3.1780538303479458,0.7166195367450872,3.3917644510054012,4.397582283180665,True,False
12,2025-08-17,NGW-114,NO3_mg_L,persistence,88,3.8249388985210326,2.6973262377392344,1.1276126607817982,3.1279506351723008,4.5219271618697645,True,False
12,2025-08-17,NGW-114,F_mg_L,persistence,88,1.430311246536665,0.9282193027394289,0.5020919437972361,1.1101170167531575,1.7505054763201724,True,False
12,2025-08-17,NGW-114,Sr_mg_L,persistence,88,0.2110709700799405,0.1406311297397456,0.0704398403401949,0.011070970079940484,0.41107097007994053,True,True
12,2025-08-17,NGW-114,SiO2_mg_L,persistence,88,4.087655574071304,4.209160236650682,-0.12150466257937786,3.7821373933059013,4.393173754836707,True,True
12,2025-08-17,NGW-114,Ca_mg_L,expanding_mean_delta,88,3.384115229534113,3.3548043420924447,0.02931088744166832,3.0561211814293507,3.7121092776388753,True,True
12,2025-08-17,NGW-114,Mg_mg_L,expanding_mean_delta,88,2.700990354701922,2.556451816951096,0.14453853775082592,2.3114769706474365,3.0905037387564076,True,True
12,2025-08-17,NGW-114,Na_mg_L,expanding_mean_delta,88,3.787353835617468,3.0946722214088944,0.6926816142085737,3.3378550883394826,4.2368525828954535,True,False
12,2025-08-17,NGW-114,K_mg_L,expanding_mean_delta,88,1.8794539499663039,1.6752256529721035,0.20422829699420042,1.5437226340548682,2.2151852658777393,True,True
12,2025-08-17,NGW-114,HCO3_mg_L,expanding_mean_delta,88,4.772994613433886,4.611549792952131,0.1614448204817549,4.478858438833297,5.067130788034475,True,True
12,2025-08-17,NGW-114,Cl_mg_L,expanding_mean_delta,88,3.9732251017392053,3.5667118201397288,0.40651328159947653,3.5122351389043716,4.434215064574039,True,True
12,2025-08-17,NGW-114,SO4_mg_L,expanding_mean_delta,88,3.5220673982630575,3.1780538303479458,0.34401356791511173,3.019158482175426,4.024976314350689,True,True
12,2025-08-17,NGW-114,NO3_mg_L,expanding_mean_delta,88,3.528030614908619,2.6973262377392344,0.8307043771693845,2.831042351559887,4.225018878257351,True,False
12,2025-08-17,NGW-114,F_mg_L,expanding_mean_delta,88,1.2720460623574583,0.9282193027394289,0.34382675961802944,0.9518518325739509,1.5922402921409657,True,False
12,2025-08-17,NGW-114,Sr_mg_L,expanding_mean_delta,88,0.21984201551474375,0.1406311297397456,0.07921088577499816,0.019842015514743738,0.41984201551474376,True,True
12,2025-08-17,NGW-114,SiO2_mg_L,expanding_mean_delta,88,4.122551222866955,4.209160236650682,-0.0866090137837272,3.817033042101552,4.428069403632358,True,True
12,2025-08-17,NGW-114,Ca_mg_L,hydrosheaf_graph_ridge,88,3.6442852630795377,3.3548043420924447,0.289480920987093,3.3162912149747754,3.9722793111843,True,True
12,2025-08-17,NGW-114,Mg_mg_L,hydrosheaf_graph_ridge,88,2.516217494566334,2.556451816951096,-0.04023432238476232,2.1267041105118483,2.9057308786208194,True,True
12,2025-08-17,NGW-114,Na_mg_L,hydrosheaf_graph_ridge,88,3.800109866264242,3.0946722214088944,0.7054376448553477,3.3506111189862566,4.249608613542228,True,False
12,2025-08-17,NGW-114,K_mg_L,hydrosheaf_graph_ridge,88,1.6920326636941845,1.6752256529721035,0.016807010722081017,1.3563013477827488,2.02776397960562,True,True
12,2025-08-17,NGW-114,HCO3_mg_L,hydrosheaf_graph_ridge,88,4.7500180987038005,4.611549792952131,0.1384683057516698,4.4558819241032115,5.04415427330439,True,True
12,2025-08-17,NGW-114,Cl_mg_L,hydrosheaf_graph_ridge,88,3.9869400647610203,3.5667118201397288,0.4202282446212915,3.5259501019261865,4.447930027595854,True,True
12,2025-08-17,NGW-114,SO4_mg_L,hydrosheaf_graph_ridge,88,3.8743736562744804,3.1780538303479458,0.6963198259265346,3.3714647401868487,4.3772825723621125,True,False
12,2025-08-17,NGW-114,NO3_mg_L,hydrosheaf_graph_ridge,88,3.69329616321084,2.6973262377392344,0.9959699254716057,2.996307899862108,4.390284426559572,True,False
12,2025-08-17,NGW-114,F_mg_L,hydrosheaf_graph_ridge,88,0.9668390794312554,0.9282193027394289,0.03861977669182648,0.6466448496477479,1.2870333092147628,True,True
12,2025-08-17,NGW-114,Sr_mg_L,hydrosheaf_graph_ridge,88,0.21440086129363525,0.1406311297397456,0.07376973155388966,0.014400861293635242,0.4144008612936353,True,True
12,2025-08-17,NGW-114,SiO2_mg_L,hydrosheaf_graph_ridge,88,4.016318111609436,4.209160236650682,-0.19284212504124554,3.7107999308440336,4.321836292374839,True,True
12,2025-08-17,NGW-159,Ca_mg_L,persistence,88,3.8969093676180977,3.3311325072138684,0.5657768604042293,3.5689153195133354,4.22490341572286,True,False
12,2025-08-17,NGW-159,Mg_mg_L,persistence,88,3.0525850851467737,2.4501426573516603,0.6024424277951135,2.663071701092288,3.4420984692012593,True,False
12,2025-08-17,NGW-159,Na_mg_L,persistence,88,3.862622655133019,3.6038660797869797,0.25875657534603924,3.4131239078550335,4.312121402411004,True,True
12,2025-08-17,NGW-159,K_mg_L,persistence,88,1.9947003132247452,1.6524974018945473,0.34220291133019787,1.6589689973133095,2.330431629136181,True,False
12,2025-08-17,NGW-159,HCO3_mg_L,persistence,88,5.130194529153895,4.648516990491458,0.4816775386624377,4.836058354553306,5.424330703754484,True,False
12,2025-08-17,NGW-159,Cl_mg_L,persistence,88,4.379899373657707,3.735285826928092,0.6446135467296155,3.9189094108228737,4.840889336492541,True,False
12,2025-08-17,NGW-159,SO4_mg_L,persistence,88,3.5986811861957873,3.271088696315135,0.32759248988065215,3.0957722701081556,4.101590102283419,True,True
12,2025-08-17,NGW-159,NO3_mg_L,persistence,88,3.7261752388576332,3.53921867955953,0.1869565592981033,3.0291869755089014,4.423163502206365,True,True
12,2025-08-17,NGW-159,F_mg_L,persistence,88,0.7561219797213337,0.49469624183610705,0.2614257378852266,0.4359277499378262,1.076316209504841,True,True
12,2025-08-17,NGW-159,Sr_mg_L,persistence,88,0.14236724128692196,0.14669437915080352,-0.004327137863881558,-0.05763275871307805,0.342367241286922,True,True
12,2025-08-17,NGW-159,SiO2_mg_L,persistence,88,4.1059436980654525,4.1728476237100445,-0.06690392564459202,3.8004255173000496,4.411461878830855,True,True
12,2025-08-17,NGW-159,Ca_mg_L,expanding_mean_delta,88,3.478147038984863,3.3311325072138684,0.14701453177099477,3.150152990880101,3.8061410870896255,True,True
12,2025-08-17,NGW-159,Mg_mg_L,expanding_mean_delta,88,2.623312273337099,2.4501426573516603,0.17316961598543879,2.2337988892826135,3.0128256573915846,True,True
12,2025-08-17,NGW-159,Na_mg_L,expanding_mean_delta,88,3.442749771471714,3.6038660797869797,-0.16111630831526558,2.9932510241937287,3.8922485187496996,True,True
12,2025-08-17,NGW-159,K_mg_L,expanding_mean_delta,88,1.6516952146762882,1.6524974018945473,-0.0008021872182590872,1.3159638987648525,1.987426530587724,True,True
12,2025-08-17,NGW-159,HCO3_mg_L,expanding_mean_delta,88,4.745341468811138,4.648516990491458,0.09682447831968055,4.451205294210549,5.039477643411727,True,True
12,2025-08-17,NGW-159,Cl_mg_L,expanding_mean_delta,88,3.8213855674947044,3.735285826928092,0.0860997405666124,3.3603956046598706,4.282375530329538,True,True
12,2025-08-17,NGW-159,SO4_mg_L,expanding_mean_delta,88,3.226075217365812,3.271088696315135,-0.04501347894932328,2.72316630127818,3.7289841334534435,True,True
12,2025-08-17,NGW-159,NO3_mg_L,expanding_mean_delta,88,3.4292669552452195,3.53921867955953,-0.10995172431431044,2.7322786918964876,4.126255218593951,True,True
12,2025-08-17,NGW-159,F_mg_L,expanding_mean_delta,88,0.5978567955421269,0.49469624183610705,0.10316055370601984,0.2776625657586194,0.9180510253256344,True,True
12,2025-08-17,NGW-159,Sr_mg_L,expanding_mean_delta,88,0.15113828672172522,0.14669437915080352,0.004443907570921696,-0.04886171327827479,0.3511382867217252,True,True
12,2025-08-17,NGW-159,SiO2_mg_L,expanding_mean_delta,88,4.140839346861103,4.1728476237100445,-0.032008276848941364,3.8353211660957003,4.446357527626506,True,True
12,2025-08-17,NGW-159,Ca_mg_L,hydrosheaf_graph_ridge,88,3.516395186094437,3.3311325072138684,0.18526267888056847,3.1884011379896746,3.844389234199199,True,True
12,2025-08-17,NGW-159,Mg_mg_L,hydrosheaf_graph_ridge,88,2.6274276920152504,2.4501426573516603,0.17728503466359014,2.237914307960765,3.016941076069736,True,True
12,2025-08-17,NGW-159,Na_mg_L,hydrosheaf_graph_ridge,88,3.5338194814203447,3.6038660797869797,-0.07004659836663496,3.0843207341423593,3.98331822869833,True,True
12,2025-08-17,NGW-159,K_mg_L,hydrosheaf_graph_ridge,88,1.5833631800493873,1.6524974018945473,-0.06913422184516005,1.2476318641379516,1.919094495960823,True,True
12,2025-08-17,NGW-159,HCO3_mg_L,hydrosheaf_graph_ridge,88,4.819905606485787,4.648516990491458,0.17138861599432964,4.525769431885198,5.114041781086376,True,True
12,2025-08-17,NGW-159,Cl_mg_L,hydrosheaf_graph_ridge,88,3.780697764805305,3.735285826928092,0.04541193787721287,3.319707801970471,4.241687727640138,True,True
12,2025-08-17,NGW-159,SO4_mg_L,hydrosheaf_graph_ridge,88,3.4465622709995443,3.271088696315135,0.17547357468440916,2.9436533549119126,3.949471187087176,True,True
12,2025-08-17,NGW-159,NO3_mg_L,hydrosheaf_graph_ridge,88,3.475418718454107,3.53921867955953,-0.06379996110542274,2.7784304551053753,4.172406981802839,True,True
12,2025-08-17,NGW-159,F_mg_L,hydrosheaf_graph_ridge,88,0.5218835068432052,0.49469624183610705,0.027187265007098116,0.2016892770596977,0.8420777366267127,True,True
12,2025-08-17,NGW-159,Sr_mg_L,hydrosheaf_graph_ridge,88,0.1585768504454852,0.14669437915080352,0.011882471294681674,-0.041423149554514815,0.3585768504454852,True,True
12,2025-08-17,NGW-159,SiO2_mg_L,hydrosheaf_graph_ridge,88,4.135681527176853,4.1728476237100445,-0.03716609653319125,3.8301633464114504,4.441199707942256,True,True
13,2025-08-18,NGW-057,Ca_mg_L,persistence,92,3.6938669956249757,3.703028877218356,-0.009161881593380272,3.367809954135892,4.019924037114059,True,True
13,2025-08-18,NGW-057,Mg_mg_L,persistence,92,2.6748380668960965,2.6609585935683597,0.013879473327736758,2.2888439455295466,3.0608321882626464,True,True
13,2025-08-18,NGW-057,Na_mg_L,persistence,92,4.11561669749764,3.367640598133313,0.7479760993643274,3.6616060250045472,4.569627369990733,True,False
13,2025-08-18,NGW-057,K_mg_L,persistence,92,1.8779371654691073,1.7173950539391927,0.1605421115299146,1.5450891736598842,2.2107851572783304,True,True
13,2025-08-18,NGW-057,HCO3_mg_L,persistence,92,5.173207555505193,4.920199879958109,0.25300767554708337,4.881748718029098,5.464666392981287,True,True
13,2025-08-18,NGW-057,Cl_mg_L,persistence,92,4.127134385045092,3.7900813346229034,0.33705305042218825,3.6748837847261995,4.579384985363983,True,True
13,2025-08-18,NGW-057,SO4_mg_L,persistence,92,4.0151209634317135,3.758871825933971,0.2562491374977425,3.4941943752110545,4.536047551652373,True,True
13,2025-08-18,NGW-057,NO3_mg_L,persistence,92,2.712706012638404,2.6166656393003573,0.0960403733380466,2.0122312170268772,3.4131808082499306,True,True
13,2025-08-18,NGW-057,F_mg_L,persistence,92,0.4382549309311553,0.31481073984003355,0.12344419109112176,0.12524965237030478,0.7512602094920058,True,True
13,2025-08-18,NGW-057,Sr_mg_L,persistence,92,0.19638881400539013,0.26082461828189824,-0.06443580427650811,-0.0036111859946098834,0.39638881400539017,True,True
13,2025-08-18,NGW-057,SiO2_mg_L,persistence,92,3.937690752176724,4.120661870539474,-0.18297111836275048,3.6330385003454713,4.242343004007976,True,True
13,2025-08-18,NGW-057,Ca_mg_L,expanding_mean_delta,92,3.271461294817408,3.703028877218356,-0.4315675824009477,2.9454042533283245,3.597518336306492,True,False
13,2025-08-18,NGW-057,Mg_mg_L,expanding_mean_delta,92,2.249504734738129,2.6609585935683597,-0.4114538588302308,1.8635106133715793,2.635498856104679,True,False
13,2025-08-18,NGW-057,Na_mg_L,expanding_mean_delta,92,3.690999929820305,3.367640598133313,0.32335933168699205,3.236989257327212,4.1450106023133975,True,True
13,2025-08-18,NGW-057,K_mg_L,expanding_mean_delta,92,1.5296753839298898,1.7173950539391927,-0.1877196700093029,1.196827392120667,1.8625233757391126,True,True
13,2025-08-18,NGW-057,HCO3_mg_L,expanding_mean_delta,92,4.784536341322555,4.920199879958109,-0.13566353863555403,4.493077503846461,5.0759951787986495,True,True
13,2025-08-18,NGW-057,Cl_mg_L,expanding_mean_delta,92,3.568652793443251,3.7900813346229034,-0.2214285411796526,3.1164021931243586,4.020903393762143,True,True
13,2025-08-18,NGW-057,SO4_mg_L,expanding_mean_delta,92,3.6426324089084097,3.758871825933971,-0.1162394170255614,3.121705820687751,4.163558997129068,True,True
13,2025-08-18,NGW-057,NO3_mg_L,expanding_mean_delta,92,2.4093606144531874,2.6166656393003573,-0.20730502484716995,1.7088858188416605,3.109835410064714,True,True
13,2025-08-18,NGW-057,F_mg_L,expanding_mean_delta,92,0.2783609111507179,0.31481073984003355,-0.03644982868931562,-0.034644367410132604,0.5913661897115685,True,True
13,2025-08-18,NGW-057,Sr_mg_L,expanding_mean_delta,92,0.20453729479377536,0.26082461828189824,-0.056287323488122876,0.004537294793775348,0.40453729479377537,True,True
13,2025-08-18,NGW-057,SiO2_mg_L,expanding_mean_delta,92,3.9710585220829797,4.120661870539474,-0.1496033484564947,3.666406270251727,4.275710773914232,True,True
13,2025-08-18,NGW-057,Ca_mg_L,hydrosheaf_graph_ridge,92,3.5423081844436344,3.703028877218356,-0.16072069277472156,3.2162511429545506,3.868365225932718,True,True
13,2025-08-18,NGW-057,Mg_mg_L,hydrosheaf_graph_ridge,92,2.514543703962383,2.6609585935683597,-0.14641488960597693,2.128549582595833,2.9005378253289327,True,True
13,2025-08-18,NGW-057,Na_mg_L,hydrosheaf_graph_ridge,92,3.8988079501614563,3.367640598133313,0.5311673520281435,3.4447972776683633,4.352818622654549,True,False
13,2025-08-18,NGW-057,K_mg_L,hydrosheaf_graph_ridge,92,1.6059235484177408,1.7173950539391927,-0.11147150552145191,1.273075556608518,1.9387715402269636,True,True
13,2025-08-18,NGW-057,HCO3_mg_L,hydrosheaf_graph_ridge,92,4.950075620429593,4.920199879958109,0.02987574047148378,4.658616782953499,5.241534457905687,True,True
13,2025-08-18,NGW-057,Cl_mg_L,hydrosheaf_graph_ridge,92,3.853623405756583,3.7900813346229034,0.06354207113367938,3.4013728054376906,4.3058740060754745,True,True
13,2025-08-18,NGW-057,SO4_mg_L,hydrosheaf_graph_ridge,92,3.751956405331779,3.758871825933971,-0.006915420602191968,3.2310298171111205,4.272882993552438,True,True
13,2025-08-18,NGW-057,NO3_mg_L,hydrosheaf_graph_ridge,92,3.126043764402153,2.6166656393003573,0.5093781251017955,2.4255689687906257,3.82651856001368,True,True
13,2025-08-18,NGW-057,F_mg_L,hydrosheaf_graph_ridge,92,0.2258706946294438,0.31481073984003355,-0.08894004521058974,-0.08713458393140672,0.5388759731902943,True,True
13,2025-08-18,NGW-057,Sr_mg_L,hydrosheaf_graph_ridge,92,0.22937949835153695,0.26082461828189824,-0.03144511993036128,0.029379498351536942,0.429379498351537,True,True
13,2025-08-18,NGW-057,SiO2_mg_L,hydrosheaf_graph_ridge,92,3.7855333859912093,4.120661870539474,-0.33512848454826516,3.4808811341599566,4.0901856378224615,True,False
13,2025-08-18,NGW-069,Ca_mg_L,persistence,92,4.075161742805327,3.5316406776874447,0.5435210651178823,3.7491047013162433,4.401218784294411,True,False
13,2025-08-18,NGW-069,Mg_mg_L,persistence,92,2.7763317085186157,2.498151876538021,0.2781798319805948,2.390337587152066,3.1623258298851655,True,True
13,2025-08-18,NGW-069,Na_mg_L,persistence,92,4.217741440366026,3.6000482404073204,0.6176931999587052,3.7637307678729326,4.671752112859118,True,False
13,2025-08-18,NGW-069,K_mg_L,persistence,92,2.2192034840549946,1.5686159179138452,0.6505875661411493,1.8863554922457717,2.5520514758642174,True,False
13,2025-08-18,NGW-069,HCO3_mg_L,persistence,92,5.258484466046314,4.889897898613436,0.3685865674328781,4.9670256285702195,5.549943303522408,True,False
13,2025-08-18,NGW-069,Cl_mg_L,persistence,92,4.495801648932726,3.675540889674756,0.8202607592579705,4.043551048613835,4.948052249251618,True,False
13,2025-08-18,NGW-069,SO4_mg_L,persistence,92,4.2115348296335045,3.7417090677584683,0.4698257618750361,3.6906082414128454,4.7324614178541635,True,True
13,2025-08-18,NGW-069,NO3_mg_L,persistence,92,3.022860940942244,2.4782176616372036,0.5446432793050402,2.322386145330717,3.7233357365537705,True,True
13,2025-08-18,NGW-069,F_mg_L,persistence,92,0.6931471805599453,0.4824261492442927,0.21072103131565256,0.38014190199909476,1.0061524591207958,True,True
13,2025-08-18,NGW-069,Sr_mg_L,persistence,92,0.25153662581542763,0.18647956694261833,0.0650570588728093,0.05153662581542762,0.45153662581542764,True,True
13,2025-08-18,NGW-069,SiO2_mg_L,persistence,92,3.6609942506244004,4.117409835153096,-0.4564155845286959,3.3563419987931478,3.965646502455653,True,False
13,2025-08-18,NGW-069,Ca_mg_L,expanding_mean_delta,92,3.6527560419977596,3.5316406776874447,0.12111536431031489,3.326699000508676,3.9788130834868434,True,True
13,2025-08-18,NGW-069,Mg_mg_L,expanding_mean_delta,92,2.350998376360648,2.498151876538021,-0.14715350017737272,1.9650042549940985,2.736992497727198,True,True
13,2025-08-18,NGW-069,Na_mg_L,expanding_mean_delta,92,3.7931246726886902,3.6000482404073204,0.19307643228136984,3.3391140001955972,4.247135345181783,True,True
13,2025-08-18,NGW-069,K_mg_L,expanding_mean_delta,92,1.870941702515777,1.5686159179138452,0.3023257846019318,1.538093710706554,2.203789694325,True,True
13,2025-08-18,NGW-069,HCO3_mg_L,expanding_mean_delta,92,4.869813251863676,4.889897898613436,-0.020084646749759294,4.578354414387582,5.1612720893397706,True,True
13,2025-08-18,NGW-069,Cl_mg_L,expanding_mean_delta,92,3.9373200573308855,3.675540889674756,0.26177916765612963,3.4850694570119933,4.389570657649777,True,True
13,2025-08-18,NGW-069,SO4_mg_L,expanding_mean_delta,92,3.8390462751102006,3.7417090677584683,0.09733720735173224,3.318119686889542,4.359972863330859,True,True
13,2025-08-18,NGW-069,NO3_mg_L,expanding_mean_delta,92,2.7195155427570272,2.4782176616372036,0.24129788111982364,2.0190407471455005,3.419990338368554,True,True
13,2025-08-18,NGW-069,F_mg_L,expanding_mean_delta,92,0.5332531607795079,0.4824261492442927,0.05082701153521518,0.22024788221865738,0.8462584393403585,True,True
13,2025-08-18,NGW-069,Sr_mg_L,expanding_mean_delta,92,0.2596851066038129,0.18647956694261833,0.07320553966119456,0.059685106603812876,0.4596851066038129,True,True
13,2025-08-18,NGW-069,SiO2_mg_L,expanding_mean_delta,92,3.694362020530656,4.117409835153096,-0.4230478146224401,3.3897097686994035,3.999014272361909,True,False
13,2025-08-18,NGW-069,Ca_mg_L,hydrosheaf_graph_ridge,92,3.518396543123605,3.5316406776874447,-0.013244134563839882,3.192339501634521,3.8444535846126886,True,True
13,2025-08-18,NGW-069,Mg_mg_L,hydrosheaf_graph_ridge,92,2.6140717378661695,2.498151876538021,0.11591986132814869,2.2280776164996197,3.0000658592327194,True,True
13,2025-08-18,NGW-069,Na_mg_L,hydrosheaf_graph_ridge,92,3.8373572913755742,3.6000482404073204,0.23730905096825383,3.3833466188824812,4.291367963868667,True,True
13,2025-08-18,NGW-069,K_mg_L,hydrosheaf_graph_ridge,92,1.78359850893498,1.5686159179138452,0.2149825910211347,1.450750517125757,2.116446500744203,True,True
13,2025-08-18,NGW-069,HCO3_mg_L,hydrosheaf_graph_ridge,92,4.9513809141702385,4.889897898613436,0.06148301555680291,4.659922076694144,5.242839751646333,True,True
13,2025-08-18,NGW-069,Cl_mg_L,hydrosheaf_graph_ridge,92,3.995583141540961,3.675540889674756,0.32004225186620516,3.543332541222069,4.447833741859853,True,True
13,2025-08-18,NGW-069,SO4_mg_L,hydrosheaf_graph_ridge,92,3.7151287293820268,3.7417090677584683,-0.02658033837644158,3.1942021411613677,4.236055317602686,True,True
13,2025-08-18,NGW-069,NO3_mg_L,hydrosheaf_graph_ridge,92,2.058390563635795,2.4782176616372036,-0.4198270980014085,1.3579157680242682,2.758865359247322,True,True
13,2025-08-18,NGW-069,F_mg_L,hydrosheaf_graph_ridge,92,0.4691543317607764,0.4824261492442927,-0.013271817483516302,0.1561490531999259,0.782159610321627,True,True
13,2025-08-18,NGW-069,Sr_mg_L,hydrosheaf_graph_ridge,92,0.23902426316896108,0.18647956694261833,0.05254469622634275,0.03902426316896107,0.4390242631689611,True,True
13,2025-08-18,NGW-069,SiO2_mg_L,hydrosheaf_graph_ridge,92,3.904797574662191,4.117409835153096,-0.2126122604909053,3.6001453228309384,4.209449826493444,True,True
13,2025-08-18,NGW-099,Ca_mg_L,persistence,92,4.041646773221651,3.5729072778615154,0.4687394953601358,3.7155897317325675,4.367703814710735,True,False
13,2025-08-18,NGW-099,Mg_mg_L,persistence,92,3.0243197304059035,2.2975725511705014,0.7267471792354021,2.6383256090393536,3.4103138517724534,True,False
13,2025-08-18,NGW-099,Na_mg_L,persistence,92,4.0310497118497866,3.743367639398006,0.28768207245178035,3.5770390393566935,4.485060384342879,True,True
13,2025-08-18,NGW-099,K_mg_L,persistence,92,2.1838015570040787,1.803358605071407,0.38044295193267175,1.8509535651948559,2.5166495488133016,True,False
13,2025-08-18,NGW-099,HCO3_mg_L,persistence,92,5.240582315896798,4.906977032485268,0.3336052834115302,4.949123478420704,5.532041153372893,True,False
13,2025-08-18,NGW-099,Cl_mg_L,persistence,92,4.384772860341907,3.9201895680945396,0.4645832922473674,3.9325222600230147,4.837023460660799,True,False
13,2025-08-18,NGW-099,SO4_mg_L,persistence,92,4.040767961318708,3.5496173867804286,0.49115057453827937,3.519841373098049,4.561694549539367,True,True
13,2025-08-18,NGW-099,NO3_mg_L,persistence,92,3.4005304926744517,2.8903717578961645,0.5101587347782872,2.7000556970629246,4.101005288285979,True,True
13,2025-08-18,NGW-099,F_mg_L,persistence,92,0.5007752879124893,0.6259384308664953,-0.125163142954006,0.18777000935163873,0.8137805664733397,True,True
13,2025-08-18,NGW-099,Sr_mg_L,persistence,92,0.17563256864315802,0.13278111123381847,0.042851457409339544,-0.024367431356841995,0.375632568643158,True,True
13,2025-08-18,NGW-099,SiO2_mg_L,persistence,92,3.703768066607687,3.899950424193877,-0.19618235758618985,3.3991158147764344,4.008420318438939,True,True
13,2025-08-18,NGW-099,Ca_mg_L,expanding_mean_delta,92,3.6192410724140838,3.5729072778615154,0.046333794552568364,3.293184030925,3.9452981139031675,True,True
13,2025-08-18,NGW-099,Mg_mg_L,expanding_mean_delta,92,2.598986398247936,2.2975725511705014,0.30141384707743457,2.212992276881386,2.984980519614486,True,True
13,2025-08-18,NGW-099,Na_mg_L,expanding_mean_delta,92,3.606432944172451,3.743367639398006,-0.13693469522555501,3.152422271679358,4.060443616665544,True,True
13,2025-08-18,NGW-099,K_mg_L,expanding_mean_delta,92,1.8355397754648612,1.803358605071407,0.03218117039345425,1.5026917836556382,2.1683877672740843,True,True
13,2025-08-18,NGW-099,HCO3_mg_L,expanding_mean_delta,92,4.851911101714161,4.906977032485268,-0.05506593077110722,4.560452264238067,5.143369939190255,True,True
13,2025-08-18,NGW-099,Cl_mg_L,expanding_mean_delta,92,3.826291268740066,3.9201895680945396,-0.09389829935447347,3.374040668421174,4.278541869058958,True,True
13,2025-08-18,NGW-099,SO4_mg_L,expanding_mean_delta,92,3.668279406795404,3.5496173867804286,0.1186620200149755,3.1473528185747455,4.189205995016063,True,True
13,2025-08-18,NGW-099,NO3_mg_L,expanding_mean_delta,92,3.097185094489235,2.8903717578961645,0.20681333659307066,2.396710298877708,3.7976598901007623,True,True
13,2025-08-18,NGW-099,F_mg_L,expanding_mean_delta,92,0.3408812681320519,0.6259384308664953,-0.28505716273444337,0.027875989571201354,0.6538865466929025,True,True
13,2025-08-18,NGW-099,Sr_mg_L,expanding_mean_delta,92,0.18378104943154325,0.13278111123381847,0.050999938197724776,-0.016218950568456764,0.38378104943154323,True,True
13,2025-08-18,NGW-099,SiO2_mg_L,expanding_mean_delta,92,3.737135836513943,3.899950424193877,-0.16281458767993406,3.43248358468269,4.0417880883451955,True,True
13,2025-08-18,NGW-099,Ca_mg_L,hydrosheaf_graph_ridge,92,3.499675950321849,3.5729072778615154,-0.07323132753966632,3.1736189088327653,3.825732991810933,True,True
13,2025-08-18,NGW-099,Mg_mg_L,hydrosheaf_graph_ridge,92,2.462986529204748,2.2975725511705014,0.1654139780342465,2.076992407838198,2.848980650571298,True,True
13,2025-08-18,NGW-099,Na_mg_L,hydrosheaf_graph_ridge,92,3.585646273683054,3.743367639398006,-0.1577213657149521,3.131635601189961,4.039656946176147,True,True
13,2025-08-18,NGW-099,K_mg_L,hydrosheaf_graph_ridge,92,1.6679569581508455,1.803358605071407,-0.13540164692056145,1.3351089663416227,2.0008049499600684,True,True
13,2025-08-18,NGW-099,HCO3_mg_L,hydrosheaf_graph_ridge,92,4.800019890571149,4.906977032485268,-0.10695714191411909,4.508561053095055,5.091478728047243,True,True
13,2025-08-18,NGW-099,Cl_mg_L,hydrosheaf_graph_ridge,92,3.7690321611480244,3.9201895680945396,-0.15115740694651514,3.3167815608291322,4.221282761466917,True,True
13,2025-08-18,NGW-099,SO4_mg_L,hydrosheaf_graph_ridge,92,3.3471518816304577,3.5496173867804286,-0.20246550514997086,2.8262252934097987,3.868078469851117,True,True
13,2025-08-18,NGW-099,NO3_mg_L,hydrosheaf_graph_ridge,92,2.8914016860760996,2.8903717578961645,0.0010299281799350801,2.1909268904645725,3.5918764816876267,True,True
13,2025-08-18,NGW-099,F_mg_L,hydrosheaf_graph_ridge,92,0.42336718735356443,0.6259384308664953,-0.20257124351293082,0.1103619087927139,0.736372465914415,True,True
13,2025-08-18,NGW-099,Sr_mg_L,hydrosheaf_graph_ridge,92,0.18911913784500403,0.13278111123381847,0.05633802661118556,-0.01088086215499598,0.38911913784500407,True,True
13,2025-08-18,NGW-099,SiO2_mg_L,hydrosheaf_graph_ridge,92,3.7916324753859016,3.899950424193877,-0.1083179488079753,3.486980223554649,4.096284727217154,True,True
13,2025-08-18,NGW-101,Ca_mg_L,persistence,92,4.268437915561019,3.566429294357372,0.7020086212036465,3.942380874071935,4.594494957050102,True,False
13,2025-08-18,NGW-101,Mg_mg_L,persistence,92,2.9882040071331994,2.6741486494265287,0.3140553577066707,2.6022098857666496,3.3741981284997493,True,True
13,2025-08-18,NGW-101,Na_mg_L,persistence,92,3.6793340412704048,3.6978391954854084,-0.01850515421500365,3.2253233687773117,4.133344713763497,True,True
13,2025-08-18,NGW-101,K_mg_L,persistence,92,2.0794415416798357,1.801709800081223,0.2777317415986127,1.7465935498706129,2.4122895334890586,True,True
13,2025-08-18,NGW-101,HCO3_mg_L,persistence,92,5.191511362230227,4.751950917196286,0.4395604450339414,4.900052524754133,5.482970199706322,True,False
13,2025-08-18,NGW-101,Cl_mg_L,persistence,92,4.3703335360828355,3.7293013686128518,0.6410321674699837,3.9180829357639433,4.822584136401727,True,False
13,2025-08-18,NGW-101,SO4_mg_L,persistence,92,3.930648469551311,3.494080375808869,0.43656809374244165,3.4097218813306522,4.4515750577719695,True,True
13,2025-08-18,NGW-101,NO3_mg_L,persistence,92,3.878259375275337,3.7853253523821886,0.09293402289314834,3.1777845796638102,4.578734170886864,True,True
13,2025-08-18,NGW-101,F_mg_L,persistence,92,1.0224509277025458,0.7701082216960736,0.25234270600647213,0.7094456491416952,1.3354562062633963,True,True
13,2025-08-18,NGW-101,Sr_mg_L,persistence,92,0.2151113796169455,0.20701416938432615,0.008097210232619334,0.015111379616945475,0.4151113796169455,True,True
13,2025-08-18,NGW-101,SiO2_mg_L,persistence,92,4.1713056033582285,4.109233174715851,0.062072428642377275,3.866653351526976,4.475957855189481,True,True
13,2025-08-18,NGW-101,Ca_mg_L,expanding_mean_delta,92,3.846032214753451,3.566429294357372,0.27960292039607904,3.5199751732643674,4.1720892562425345,True,True
13,2025-08-18,NGW-101,Mg_mg_L,expanding_mean_delta,92,2.562870674975232,2.6741486494265287,-0.11127797445129683,2.176876553608682,2.948864796341782,True,True
13,2025-08-18,NGW-101,Na_mg_L,expanding_mean_delta,92,3.2547172735930694,3.6978391954854084,-0.443121921892339,2.8007066010999764,3.7087279460861624,True,True
13,2025-08-18,NGW-101,K_mg_L,expanding_mean_delta,92,1.7311797601406183,1.801709800081223,-0.0705300399406048,1.3983317683313952,2.0640277519498413,True,True
13,2025-08-18,NGW-101,HCO3_mg_L,expanding_mean_delta,92,4.80284014804759,4.751950917196286,0.050889230851304035,4.511381310571496,5.094298985523684,True,True
13,2025-08-18,NGW-101,Cl_mg_L,expanding_mean_delta,92,3.8118519444809946,3.7293013686128518,0.08255057586814285,3.3596013441621024,4.264102544799886,True,True
13,2025-08-18,NGW-101,SO4_mg_L,expanding_mean_delta,92,3.558159915028007,3.494080375808869,0.06407953921913778,3.037233326807348,4.079086503248666,True,True
13,2025-08-18,NGW-101,NO3_mg_L,expanding_mean_delta,92,3.5749139770901204,3.7853253523821886,-0.21041137529206821,2.8744391814785937,4.275388772701647,True,True
13,2025-08-18,NGW-101,F_mg_L,expanding_mean_delta,92,0.8625569079221084,0.7701082216960736,0.09244868622603475,0.5495516293612579,1.1755621864829588,True,True
13,2025-08-18,NGW-101,Sr_mg_L,expanding_mean_delta,92,0.22325986040533072,0.20701416938432615,0.016245691021004566,0.023259860405330707,0.4232598604053307,True,True
13,2025-08-18,NGW-101,SiO2_mg_L,expanding_mean_delta,92,4.204673373264485,4.109233174715851,0.0954401985486335,3.900021121433232,4.509325625095737,True,True
13,2025-08-18,NGW-101,Ca_mg_L,hydrosheaf_graph_ridge,92,3.6240774820167094,3.566429294357372,0.057648187659337324,3.2980204405276257,3.950134523505793,True,True
13,2025-08-18,NGW-101,Mg_mg_L,hydrosheaf_graph_ridge,92,2.3690139196054707,2.6741486494265287,-0.30513472982105805,1.983019798238921,2.7550080409720206,True,True
13,2025-08-18,NGW-101,Na_mg_L,hydrosheaf_graph_ridge,92,3.493585124215195,3.6978391954854084,-0.20425407127021344,3.039574451722102,3.947595796708288,True,True
13,2025-08-18,NGW-101,K_mg_L,hydrosheaf_graph_ridge,92,1.647767892652074,1.801709800081223,-0.15394190742914904,1.3149199008428512,1.9806158844612969,True,True
13,2025-08-18,NGW-101,HCO3_mg_L,hydrosheaf_graph_ridge,92,4.815776024269718,4.751950917196286,0.06382510707343236,4.524317186793624,5.1072348617458125,True,True
13,2025-08-18,NGW-101,Cl_mg_L,hydrosheaf_graph_ridge,92,3.899774241058502,3.7293013686128518,0.17047287244565013,3.4475236407396097,4.352024841377394,True,True
13,2025-08-18,NGW-101,SO4_mg_L,hydrosheaf_graph_ridge,92,3.3570503078547524,3.494080375808869,-0.13703006795411676,2.8361237196340934,3.8779768960754115,True,True
13,2025-08-18,NGW-101,NO3_mg_L,hydrosheaf_graph_ridge,92,3.381542202728592,3.7853253523821886,-0.4037831496535964,2.681067407117065,4.082016998340119,True,True
13,2025-08-18,NGW-101,F_mg_L,hydrosheaf_graph_ridge,92,0.796690704108206,0.7701082216960736,0.026582482412132347,0.48368542554735544,1.1096959826690564,True,True
13,2025-08-18,NGW-101,Sr_mg_L,hydrosheaf_graph_ridge,92,0.1961732514612502,0.20701416938432615,-0.010840917923075954,-0.0038267485387498135,0.3961732514612502,True,True
13,2025-08-18,NGW-101,SiO2_mg_L,hydrosheaf_graph_ridge,92,4.1545767329284065,4.109233174715851,0.0453435582125552,3.849924481097154,4.459228984759659,True,True
13,2025-08-18,NGW-106,Ca_mg_L,persistence,92,3.938080539747436,3.5085558999826545,0.4295246397647814,3.612023498258352,4.264137581236519,True,False
13,2025-08-18,NGW-106,Mg_mg_L,persistence,92,2.9987277825337895,2.432735777459091,0.5659920050746985,2.6127336611672396,3.3847219039003393,True,False
13,2025-08-18,NGW-106,Na_mg_L,persistence,92,4.2783313983351166,3.7773481021015445,0.5009832962335721,3.8243207258420235,4.732342070828209,True,False
13,2025-08-18,NGW-106,K_mg_L,persistence,92,2.066862759472976,1.6620303625532709,0.4048323969197052,1.7340147676637532,2.399710751282199,True,False
13,2025-08-18,NGW-106,HCO3_mg_L,persistence,92,5.342525621212357,4.789157022101107,0.5533685991112502,5.051066783736263,5.6339844586884515,True,False
13,2025-08-18,NGW-106,Cl_mg_L,persistence,92,4.52526080275979,4.1082474673910925,0.4170133353686971,4.073010202440898,4.977511403078681,True,True
13,2025-08-18,NGW-106,SO4_mg_L,persistence,92,3.5765502691400166,3.327550841493857,0.2489994276461598,3.055623680919358,4.097476857360675,True,True
13,2025-08-18,NGW-106,NO3_mg_L,persistence,92,3.7191661467188086,3.094219220268645,0.6249469264501637,3.0186913511072815,4.419640942330336,True,True
13,2025-08-18,NGW-106,F_mg_L,persistence,92,1.4770487243883548,1.275362800412609,0.2016859239757458,1.1640434458275042,1.7900540029492054,True,True
13,2025-08-18,NGW-106,Sr_mg_L,persistence,92,0.23348984336835407,0.2151113796169455,0.018378463751408586,0.03348984336835406,0.43348984336835406,True,True
13,2025-08-18,NGW-106,SiO2_mg_L,persistence,92,4.028916756899646,4.02535169073515,0.0035650661644961446,3.724264505068393,4.3335690087308985,True,True
13,2025-08-18,NGW-106,Ca_mg_L,expanding_mean_delta,92,3.5156748389398684,3.5085558999826545,0.007118938957213938,3.1896177974507847,3.841731880428952,True,True
13,2025-08-18,NGW-106,Mg_mg_L,expanding_mean_delta,92,2.573394450375822,2.432735777459091,0.14065867291673095,2.187400329009272,2.959388571742372,True,True
13,2025-08-18,NGW-106,Na_mg_L,expanding_mean_delta,92,3.853714630657781,3.7773481021015445,0.07636652855623671,3.399703958164688,4.307725303150874,True,True
13,2025-08-18,NGW-106,K_mg_L,expanding_mean_delta,92,1.7186009779337585,1.6620303625532709,0.05657061538048769,1.3857529861245355,2.0514489697429816,True,True
13,2025-08-18,NGW-106,HCO3_mg_L,expanding_mean_delta,92,4.95385440702972,4.789157022101107,0.16469738492861286,4.662395569553626,5.245313244505814,True,True
13,2025-08-18,NGW-106,Cl_mg_L,expanding_mean_delta,92,3.9667792111579487,4.1082474673910925,-0.14146825623314374,3.5145286108390565,4.4190298114768405,True,True
13,2025-08-18,NGW-106,SO4_mg_L,expanding_mean_delta,92,3.2040617146167127,3.327550841493857,-0.12348912687714408,2.6831351263960537,3.724988302837372,True,True
13,2025-08-18,NGW-106,NO3_mg_L,expanding_mean_delta,92,3.415820748533592,3.094219220268645,0.32160152826494715,2.715345952922065,4.116295544145119,True,True
13,2025-08-18,NGW-106,F_mg_L,expanding_mean_delta,92,1.3171547046079175,1.275362800412609,0.04179190419530854,1.004149426047067,1.630159983168768,True,True
13,2025-08-18,NGW-106,Sr_mg_L,expanding_mean_delta,92,0.2416383241567393,0.2151113796169455,0.026526944539793818,0.04163832415673929,0.4416383241567393,True,True
13,2025-08-18,NGW-106,SiO2_mg_L,expanding_mean_delta,92,4.062284526805902,4.02535169073515,0.03693283607075237,3.7576322749746494,4.366936778637155,True,True
13,2025-08-18,NGW-106,Ca_mg_L,hydrosheaf_graph_ridge,92,3.572316338632139,3.5085558999826545,0.06376043864948455,3.2462592971430553,3.898373380121223,True,True
13,2025-08-18,NGW-106,Mg_mg_L,hydrosheaf_graph_ridge,92,2.5204393720671856,2.432735777459091,0.08770359460809463,2.1344452507006357,2.9064334934337355,True,True
13,2025-08-18,NGW-106,Na_mg_L,hydrosheaf_graph_ridge,92,3.6905023264832897,3.7773481021015445,-0.0868457756182548,3.2364916539901967,4.144512998976382,True,True
13,2025-08-18,NGW-106,K_mg_L,hydrosheaf_graph_ridge,92,1.7156520378237796,1.6620303625532709,0.05362167527050876,1.3828040460145568,2.0485000296330025,True,True
13,2025-08-18,NGW-106,HCO3_mg_L,hydrosheaf_graph_ridge,92,4.744898492592719,4.789157022101107,-0.04425852950838838,4.453439655116624,5.036357330068813,True,True
13,2025-08-18,NGW-106,Cl_mg_L,hydrosheaf_graph_ridge,92,3.9951105656591013,4.1082474673910925,-0.1131369017319912,3.542859965340209,4.447361165977993,True,True
13,2025-08-18,NGW-106,SO4_mg_L,hydrosheaf_graph_ridge,92,3.44448138142119,3.327550841493857,0.11693053992733304,2.9235547932005312,3.9654079696418485,True,True
13,2025-08-18,NGW-106,NO3_mg_L,hydrosheaf_graph_ridge,92,3.742571377279625,3.094219220268645,0.6483521570109803,3.0420965816680985,4.443046172891152,True,True
13,2025-08-18,NGW-106,F_mg_L,hydrosheaf_graph_ridge,92,1.0381185642093884,1.275362800412609,-0.23724423620322055,0.7251132856485378,1.351123842770239,True,True
13,2025-08-18,NGW-106,Sr_mg_L,hydrosheaf_graph_ridge,92,0.20212728207177535,0.2151113796169455,-0.012984097545170131,0.002127282071775344,0.4021272820717754,True,True
13,2025-08-18,NGW-106,SiO2_mg_L,hydrosheaf_graph_ridge,92,3.9865117381941424,4.02535169073515,-0.03883995254100725,3.6818594863628897,4.291163990025395,True,True
13,2025-08-18,NGW-113,Ca_mg_L,persistence,92,3.965374180925141,3.717952701599643,0.24742147932549763,3.639317139436057,4.291431222414224,True,True
13,2025-08-18,NGW-113,Mg_mg_L,persistence,92,3.258096538021482,2.4790562361098245,0.7790403019116576,2.8721024166549323,3.644090659388032,True,False
13,2025-08-18,NGW-113,Na_mg_L,persistence,92,4.369194655858504,3.6951100038645723,0.6740846519939314,3.9151839833654107,4.823205328351596,True,False
13,2025-08-18,NGW-113,K_mg_L,persistence,92,2.401525040848949,1.728109442151599,0.67341559869735,2.068677049039726,2.734373032658172,True,False
13,2025-08-18,NGW-113,HCO3_mg_L,persistence,92,5.191177490990133,4.820765319544972,0.37041217144516114,4.8997186535140385,5.482636328466227,True,False
13,2025-08-18,NGW-113,Cl_mg_L,persistence,92,4.831189598047765,4.118061088839417,0.7131285092083486,4.3789389977288735,5.283440198366657,True,False
13,2025-08-18,NGW-113,SO4_mg_L,persistence,92,4.078045789252598,3.7249702742582897,0.3530755149943081,3.557119201031939,4.598972377473257,True,True
13,2025-08-18,NGW-113,NO3_mg_L,persistence,92,3.6983346128846915,2.7738379416402132,0.9244966712444782,2.9978598172731648,4.398809408496218,True,False
13,2025-08-18,NGW-113,F_mg_L,persistence,92,1.0543120297715298,0.708035793053696,0.3462762367178338,0.7413067512106792,1.3673173083323804,True,False
13,2025-08-18,NGW-113,Sr_mg_L,persistence,92,0.16551443847757338,0.17563256864315802,-0.010118130165584632,-0.03448556152242663,0.36551443847757337,True,True
13,2025-08-18,NGW-113,SiO2_mg_L,persistence,92,4.01096295328305,3.92395157629342,0.08701137698963013,3.7063107014517973,4.315615205114303,True,True
13,2025-08-18,NGW-113,Ca_mg_L,expanding_mean_delta,92,3.5429684801175734,3.717952701599643,-0.17498422148206982,3.2169114386284896,3.869025521606657,True,True
13,2025-08-18,NGW-113,Mg_mg_L,expanding_mean_delta,92,2.8327632058635146,2.4790562361098245,0.3537069697536901,2.4467690844969647,3.2187573272300645,True,True
13,2025-08-18,NGW-113,Na_mg_L,expanding_mean_delta,92,3.9445778881811684,3.6951100038645723,0.24946788431659606,3.4905672156880754,4.398588560674261,True,True
13,2025-08-18,NGW-113,K_mg_L,expanding_mean_delta,92,2.0532632593097317,1.728109442151599,0.32515381715813274,1.7204152675005089,2.3861112511189546,True,True
13,2025-08-18,NGW-113,HCO3_mg_L,expanding_mean_delta,92,4.802506276807495,4.820765319544972,-0.01825904273747625,4.511047439331401,5.09396511428359,True,True
13,2025-08-18,NGW-113,Cl_mg_L,expanding_mean_delta,92,4.272708006445924,4.118061088839417,0.15464691760650773,3.820457406127032,4.724958606764816,True,True
13,2025-08-18,NGW-113,SO4_mg_L,expanding_mean_delta,92,3.705557234729294,3.7249702742582897,-0.019413039528995757,3.1846306465086354,4.226483822949953,True,True
13,2025-08-18,NGW-113,NO3_mg_L,expanding_mean_delta,92,3.394989214699475,2.7738379416402132,0.6211512730592617,2.694514419087948,4.095464010311002,True,True
13,2025-08-18,NGW-113,F_mg_L,expanding_mean_delta,92,0.8944180099910924,0.708035793053696,0.18638221693739643,0.581412731430242,1.207423288551943,True,True
13,2025-08-18,NGW-113,Sr_mg_L,expanding_mean_delta,92,0.17366291926595862,0.17563256864315802,-0.0019696493771994006,-0.026337080734041396,0.3736629192659586,True,True
13,2025-08-18,NGW-113,SiO2_mg_L,expanding_mean_delta,92,4.044330723189306,3.92395157629342,0.12037914689588636,3.7396784713580535,4.348982975020559,True,True
13,2025-08-18,NGW-113,Ca_mg_L,hydrosheaf_graph_ridge,92,3.5600605787610946,3.717952701599643,-0.1578921228385486,3.234003537272011,3.8861176202501784,True,True
13,2025-08-18,NGW-113,Mg_mg_L,hydrosheaf_graph_ridge,92,2.699077164366327,2.4790562361098245,0.22002092825650266,2.3130830429997773,3.085071285732877,True,True
13,2025-08-18,NGW-113,Na_mg_L,hydrosheaf_graph_ridge,92,3.6072537638623343,3.6951100038645723,-0.08785624000223802,3.1532430913692413,4.061264436355427,True,True
13,2025-08-18,NGW-113,K_mg_L,hydrosheaf_graph_ridge,92,1.7383335786545469,1.728109442151599,0.010224136502947845,1.405485586845324,2.0711815704637697,True,True
13,2025-08-18,NGW-113,HCO3_mg_L,hydrosheaf_graph_ridge,92,4.665599136335904,4.820765319544972,-0.15516618320906783,4.3741402988598095,4.957057973811998,True,True
13,2025-08-18,NGW-113,Cl_mg_L,hydrosheaf_graph_ridge,92,4.149078967552713,4.118061088839417,0.0310178787132962,3.6968283672338207,4.601329567871605,True,True
13,2025-08-18,NGW-113,SO4_mg_L,hydrosheaf_graph_ridge,92,3.4404109846224133,3.7249702742582897,-0.2845592896358764,2.9194843964017547,3.961337572843072,True,True
13,2025-08-18,NGW-113,NO3_mg_L,hydrosheaf_graph_ridge,92,3.1563522134195683,2.7738379416402132,0.38251427177935504,2.4558774178080416,3.856827009031095,True,True
13,2025-08-18,NGW-113,F_mg_L,hydrosheaf_graph_ridge,92,0.7707690668980398,0.708035793053696,0.0627332738443438,0.4577637883371893,1.0837743454588904,True,True
13,2025-08-18,NGW-113,Sr_mg_L,hydrosheaf_graph_ridge,92,0.19285543689581222,0.17563256864315802,0.017222868252654205,-0.00714456310418779,0.39285543689581226,True,True
13,2025-08-18,NGW-113,SiO2_mg_L,hydrosheaf_graph_ridge,92,3.9890495957160566,3.92395157629342,0.06509801942263671,3.684397343884804,4.293701847547309,True,True
13,2025-08-18,NGW-131,Ca_mg_L,persistence,92,4.010238052925101,3.449987545831587,0.5602505070935138,3.684181011436017,4.336295094414185,True,False
13,2025-08-18,NGW-131,Mg_mg_L,persistence,92,2.7954503913830435,2.4714836294558595,0.323966761927184,2.4094562700164937,3.1814445127495934,True,True
13,2025-08-18,NGW-131,Na_mg_L,persistence,92,3.8146306594194965,3.4965075614664802,0.3181230979530163,3.3606199869264035,4.2686413319125895,True,True
13,2025-08-18,NGW-131,K_mg_L,persistence,92,1.9459101490553132,1.3609765531356006,0.5849335959197126,1.6130621572460901,2.2787581408645363,True,False
13,2025-08-18,NGW-131,HCO3_mg_L,persistence,92,5.160491049640633,4.783651043396108,0.3768400062445254,4.869032212164539,5.451949887116728,True,False
13,2025-08-18,NGW-131,Cl_mg_L,persistence,92,4.234686046775173,3.6980869348648495,0.5365991119103235,3.782435446456281,4.686936647094065,True,False
13,2025-08-18,NGW-131,SO4_mg_L,persistence,92,3.805995600782616,3.3565486299932736,0.44944697078934226,3.285069012561957,4.326922189003275,True,True
13,2025-08-18,NGW-131,NO3_mg_L,persistence,92,3.8819760840758493,3.1552968432253294,0.7266792408505198,3.1815012884643226,4.582450879687376,True,False
13,2025-08-18,NGW-131,F_mg_L,persistence,92,0.31481073984003355,0.35767444427181594,-0.04286370443178239,0.0018054612791830182,0.6278160184008841,True,True
13,2025-08-18,NGW-131,Sr_mg_L,persistence,92,0.11154137473290741,0.1527210870176639,-0.04117971228475649,-0.0884586252670926,0.31154137473290744,True,True
13,2025-08-18,NGW-131,SiO2_mg_L,persistence,92,4.21803603456465,4.1059436980654525,0.11209233649919792,3.9133837827333977,4.522688286395903,True,True
13,2025-08-18,NGW-131,Ca_mg_L,expanding_mean_delta,92,3.5878323521175335,3.449987545831587,0.1378448062859463,3.2617753106284497,3.9138893936066173,True,True
13,2025-08-18,NGW-131,Mg_mg_L,expanding_mean_delta,92,2.370117059225076,2.4714836294558595,-0.10136657023078355,1.9841229378585263,2.756111180591626,True,True
13,2025-08-18,NGW-131,Na_mg_L,expanding_mean_delta,92,3.3900138917421607,3.4965075614664802,-0.1064936697243195,2.9360032192490677,3.8440245642352537,True,True
13,2025-08-18,NGW-131,K_mg_L,expanding_mean_delta,92,1.5976483675160957,1.3609765531356006,0.23667181438049512,1.2648003757068729,1.9304963593253186,True,True
13,2025-08-18,NGW-131,HCO3_mg_L,expanding_mean_delta,92,4.771819835457996,4.783651043396108,-0.011831207938111987,4.480360997981902,5.06327867293409,True,True
13,2025-08-18,NGW-131,Cl_mg_L,expanding_mean_delta,92,3.676204455173332,3.6980869348648495,-0.021882479691517354,3.22395385485444,4.128455055492224,True,True
13,2025-08-18,NGW-131,SO4_mg_L,expanding_mean_delta,92,3.433507046259312,3.3565486299932736,0.07695841626603839,2.9125804580386534,3.9544336344799706,True,True
13,2025-08-18,NGW-131,NO3_mg_L,expanding_mean_delta,92,3.5786306858906327,3.1552968432253294,0.4233338426653033,2.878155890279106,4.279105481502159,True,True
13,2025-08-18,NGW-131,F_mg_L,expanding_mean_delta,92,0.1549167200595962,0.35767444427181594,-0.20275772421221974,-0.15808855850125433,0.4679219986204467,True,True
13,2025-08-18,NGW-131,Sr_mg_L,expanding_mean_delta,92,0.11968985552129265,0.1527210870176639,-0.03303123149637126,-0.08031014447870737,0.31968985552129264,True,True
13,2025-08-18,NGW-131,SiO2_mg_L,expanding_mean_delta,92,4.251403804470907,4.1059436980654525,0.14546010640545415,3.946751552639654,4.556056056302159,True,True
13,2025-08-18,NGW-131,Ca_mg_L,hydrosheaf_graph_ridge,92,3.5834574224408677,3.449987545831587,0.13346987660928056,3.257400380951784,3.9095144639299515,True,True
13,2025-08-18,NGW-131,Mg_mg_L,hydrosheaf_graph_ridge,92,2.466835232799338,2.4714836294558595,-0.004648396656521392,2.0808411114327883,2.852829354165888,True,True
13,2025-08-18,NGW-131,Na_mg_L,hydrosheaf_graph_ridge,92,3.3921474547747708,3.4965075614664802,-0.10436010669170948,2.9381367822816777,3.8461581272678638,True,True
13,2025-08-18,NGW-131,K_mg_L,hydrosheaf_graph_ridge,92,1.5585013287506095,1.3609765531356006,0.19752477561500892,1.2256533369413867,1.8913493205598324,True,True
13,2025-08-18,NGW-131,HCO3_mg_L,hydrosheaf_graph_ridge,92,4.744793321945624,4.783651043396108,-0.038857721450483496,4.45333448446953,5.036252159421719,True,True
13,2025-08-18,NGW-131,Cl_mg_L,hydrosheaf_graph_ridge,92,3.841560195893017,3.6980869348648495,0.14347326102816726,3.3893095955741246,4.2938107962119085,True,True
13,2025-08-18,NGW-131,SO4_mg_L,hydrosheaf_graph_ridge,92,3.2520604393297425,3.3565486299932736,-0.1044881906635311,2.7311338511090835,3.7729870275504016,True,True
13,2025-08-18,NGW-131,NO3_mg_L,hydrosheaf_graph_ridge,92,3.6882034851366674,3.1552968432253294,0.532906641911338,2.9877286895251407,4.388678280748194,True,True
13,2025-08-18,NGW-131,F_mg_L,hydrosheaf_graph_ridge,92,0.1159975722341974,0.35767444427181594,-0.24167687203761853,-0.19700770632665313,0.42900285079504796,True,True
13,2025-08-18,NGW-131,Sr_mg_L,hydrosheaf_graph_ridge,92,0.16222959131116377,0.1527210870176639,0.009508504293499864,-0.03777040868883624,0.3622295913111638,True,True
13,2025-08-18,NGW-131,SiO2_mg_L,hydrosheaf_graph_ridge,92,4.2314868189945525,4.1059436980654525,0.12554312092910003,3.9268345671633,4.536139070825805,True,True
13,2025-08-18,NGW-144,Ca_mg_L,persistence,92,3.9078141606540915,3.326473835466219,0.5813403251878726,3.5817571191650077,4.233871202143175,True,False
13,2025-08-18,NGW-144,Mg_mg_L,persistence,92,2.7917784166329227,2.556451816951096,0.23532659968182656,2.405784295266373,3.1777725379994726,True,True
13,2025-08-18,NGW-144,Na_mg_L,persistence,92,3.6696966346971625,3.3995293245614584,0.27016731013570405,3.2156859622040694,4.123707307190255,True,True
13,2025-08-18,NGW-144,K_mg_L,persistence,92,1.7334238922150915,1.6154199841116479,0.11800390810344363,1.4005759004058684,2.0662718840243146,True,True
13,2025-08-18,NGW-144,HCO3_mg_L,persistence,92,5.081776966367399,4.524393875960803,0.5573830904065957,4.790318128891305,5.373235803843493,True,False
13,2025-08-18,NGW-144,Cl_mg_L,persistence,92,4.170688128809434,3.728821061206884,0.44186706760255046,3.718437528490542,4.622938729128326,True,True
13,2025-08-18,NGW-144,SO4_mg_L,persistence,92,3.487069220736119,3.092405160814252,0.39466405992186715,2.96614263251546,4.007995808956778,True,True
13,2025-08-18,NGW-144,NO3_mg_L,persistence,92,3.3548043420924447,3.192531849528599,0.1622724925638459,2.654329546480918,4.055279137703971,True,True
13,2025-08-18,NGW-144,F_mg_L,persistence,92,0.7514160886839212,0.6205764877251099,0.1308396009588113,0.43841081012307065,1.0644213672447718,True,True
13,2025-08-18,NGW-144,Sr_mg_L,persistence,92,0.1604167214059047,0.1856493468866293,-0.02523262548072458,-0.0395832785940953,0.36041672140590475,True,True
13,2025-08-18,NGW-144,SiO2_mg_L,persistence,92,4.127134385045092,4.241326752570746,-0.11419236752565443,3.822482133213839,4.431786636876344,True,True
13,2025-08-18,NGW-144,Ca_mg_L,expanding_mean_delta,92,3.485408459846524,3.326473835466219,0.15893462438030515,3.1593514183574403,3.811465501335608,True,True
13,2025-08-18,NGW-144,Mg_mg_L,expanding_mean_delta,92,2.366445084474955,2.556451816951096,-0.19000673247614097,1.9804509631084055,2.752439205841505,True,True
13,2025-08-18,NGW-144,Na_mg_L,expanding_mean_delta,92,3.245079867019827,3.3995293245614584,-0.1544494575416313,2.791069194526734,3.69909053951292,True,True
13,2025-08-18,NGW-144,K_mg_L,expanding_mean_delta,92,1.385162110675874,1.6154199841116479,-0.23025787343577386,1.0523141188666512,1.718010102485097,True,True
13,2025-08-18,NGW-144,HCO3_mg_L,expanding_mean_delta,92,4.693105752184762,4.524393875960803,0.16871187622395833,4.401646914708667,4.984564589660856,True,True
13,2025-08-18,NGW-144,Cl_mg_L,expanding_mean_delta,92,3.6122065372075935,3.728821061206884,-0.1166145239992904,3.1599559368887014,4.064457137526485,True,True
13,2025-08-18,NGW-144,SO4_mg_L,expanding_mean_delta,92,3.1145806662128153,3.092405160814252,0.022175505398563278,2.5936540779921566,3.635507254433474,True,True
13,2025-08-18,NGW-144,NO3_mg_L,expanding_mean_delta,92,3.051458943907228,3.192531849528599,-0.14107290562137065,2.3509841482957015,3.751933739518755,True,True
13,2025-08-18,NGW-144,F_mg_L,expanding_mean_delta,92,0.5915220689034838,0.6205764877251099,-0.02905441882162607,0.27851679034263327,0.9045273474643343,True,True
13,2025-08-18,NGW-144,Sr_mg_L,expanding_mean_delta,92,0.16856520219428994,0.1856493468866293,-0.017084144692339348,-0.03143479780571007,0.36856520219428995,True,True
13,2025-08-18,NGW-144,SiO2_mg_L,expanding_mean_delta,92,4.160502154951348,4.241326752570746,-0.0808245976193982,3.8558499031200952,4.465154406782601,True,True
13,2025-08-18,NGW-144,Ca_mg_L,hydrosheaf_graph_ridge,92,3.6536313937110405,3.326473835466219,0.3271575582448216,3.3275743522219567,3.9796884352001243,True,False
13,2025-08-18,NGW-144,Mg_mg_L,hydrosheaf_graph_ridge,92,2.6001020980204763,2.556451816951096,0.04365028106938018,2.2141079766539264,2.986096219387026,True,True
13,2025-08-18,NGW-144,Na_mg_L,hydrosheaf_graph_ridge,92,3.583261623408732,3.3995293245614584,0.1837322988472736,3.129250950915639,4.037272295901825,True,True
13,2025-08-18,NGW-144,K_mg_L,hydrosheaf_graph_ridge,92,1.656597595466345,1.6154199841116479,0.04117761135469711,1.323749603657122,1.989445587275568,True,True
13,2025-08-18,NGW-144,HCO3_mg_L,hydrosheaf_graph_ridge,92,4.859726455582106,4.524393875960803,0.33533257962130225,4.568267618106011,5.1511852930582,True,False
13,2025-08-18,NGW-144,Cl_mg_L,hydrosheaf_graph_ridge,92,3.8991429806826634,3.728821061206884,0.17032191947577946,3.446892380363771,4.351393581001555,True,True
13,2025-08-18,NGW-144,SO4_mg_L,hydrosheaf_graph_ridge,92,3.3741330882909675,3.092405160814252,0.2817279274767155,2.853206500070309,3.895059676511626,True,True
13,2025-08-18,NGW-144,NO3_mg_L,hydrosheaf_graph_ridge,92,3.688091479268358,3.192531849528599,0.4955596297397591,2.9876166836568308,4.388566274879885,True,True
13,2025-08-18,NGW-144,F_mg_L,hydrosheaf_graph_ridge,92,0.6486909953395505,0.6205764877251099,0.028114507614440676,0.3356857167787,0.9616962739004011,True,True
13,2025-08-18,NGW-144,Sr_mg_L,hydrosheaf_graph_ridge,92,0.15316118729842423,0.1856493468866293,-0.03248815958820506,-0.04683881270157578,0.3531611872984243,True,True
13,2025-08-18,NGW-144,SiO2_mg_L,hydrosheaf_graph_ridge,92,4.140260966015757,4.241326752570746,-0.10106578655498932,3.835608714184504,4.444913217847009,True,True
14,2025-08-19,NGW-063,Ca_mg_L,persistence,100,4.128745988939433,3.4236109764990554,0.7051350124403775,3.802446518959904,4.455045458918962,True,False
14,2025-08-19,NGW-063,Mg_mg_L,persistence,100,2.946016681308058,2.6490076604684267,0.29700902083963143,2.5652432999789827,3.3267900626371336,True,True
14,2025-08-19,NGW-063,Na_mg_L,persistence,100,4.148674906767148,3.7201358437644907,0.42853906300265754,3.6934244285200797,4.603925385014217,True,True
14,2025-08-19,NGW-063,K_mg_L,persistence,100,2.167910189667444,1.6370530794670737,0.5308571102003703,1.8450714207537378,2.4907489585811504,True,False
14,2025-08-19,NGW-063,HCO3_mg_L,persistence,100,5.326807636947664,4.825750454899136,0.5010571820485277,5.034215993331093,5.619399280564235,True,False
14,2025-08-19,NGW-063,Cl_mg_L,persistence,100,4.454231010422805,3.657646751682838,0.796584258739967,4.024169401735602,4.884292619110008,True,False
14,2025-08-19,NGW-063,SO4_mg_L,persistence,100,4.2109417098059145,3.7600366484302645,0.45090506137565,3.6933510022964025,4.728532417315426,True,True
14,2025-08-19,NGW-063,NO3_mg_L,persistence,100,3.282038399825841,2.4782176616372036,0.8038207381886373,2.5862123138980406,3.977864485753641,True,False
14,2025-08-19,NGW-063,F_mg_L,persistence,100,0.7929925155296614,0.5822156198526637,0.21077689567699776,0.4929641254716182,1.0930209055877047,True,True
14,2025-08-19,NGW-063,Sr_mg_L,persistence,100,0.1873090983049937,0.2295231582782488,-0.042214059973255086,-0.012690901695006307,0.3873090983049937,True,True
14,2025-08-19,NGW-063,SiO2_mg_L,persistence,100,3.966511190712216,3.6402142821326553,0.3262969085795606,3.661475177422086,4.271547204002346,True,False
14,2025-08-19,NGW-063,Ca_mg_L,expanding_mean_delta,100,3.7048963016818712,3.4236109764990554,0.2812853251828158,3.3785968317023425,4.0311957716614,True,True
14,2025-08-19,NGW-063,Mg_mg_L,expanding_mean_delta,100,2.52233814061427,2.6490076604684267,-0.12666951985415675,2.1415647592851945,2.9031115219433454,True,True
14,2025-08-19,NGW-063,Na_mg_L,expanding_mean_delta,100,3.724045434765239,3.7201358437644907,0.003909591000748502,3.2687949565181706,4.179295913012308,True,True
14,2025-08-19,NGW-063,K_mg_L,expanding_mean_delta,100,1.8150044519429382,1.6370530794670737,0.17795137247586457,1.492165683029232,2.1378432208566447,True,True
14,2025-08-19,NGW-063,HCO3_mg_L,expanding_mean_delta,100,4.936702481513308,4.825750454899136,0.11095202661417147,4.644110837896736,5.229294125129879,True,True
14,2025-08-19,NGW-063,Cl_mg_L,expanding_mean_delta,100,3.896712573214237,3.657646751682838,0.239065821531399,3.466650964527034,4.32677418190144,True,True
14,2025-08-19,NGW-063,SO4_mg_L,expanding_mean_delta,100,3.8372524442344234,3.7600366484302645,0.07721579580415883,3.3196617367249113,4.354843151743935,True,True
14,2025-08-19,NGW-063,NO3_mg_L,expanding_mean_delta,100,2.9661389160812064,2.4782176616372036,0.4879212544440028,2.270312830153406,3.6619650020090067,True,True
14,2025-08-19,NGW-063,F_mg_L,expanding_mean_delta,100,0.6349171889048606,0.5822156198526637,0.05270156905219692,0.3348887988468174,0.9349455789629038,True,True
14,2025-08-19,NGW-063,Sr_mg_L,expanding_mean_delta,100,0.19487152144972208,0.2295231582782488,-0.034651636828526705,-0.005128478550277926,0.3948715214497221,True,True
14,2025-08-19,NGW-063,SiO2_mg_L,expanding_mean_delta,100,4.004059741223047,3.6402142821326553,0.3638454590903919,3.699023727932917,4.309095754513177,True,False
14,2025-08-19,NGW-063,Ca_mg_L,hydrosheaf_graph_ridge,100,3.4148239482711316,3.4236109764990554,-0.008787028227923876,3.0885244782916033,3.74112341825066,True,True
14,2025-08-19,NGW-063,Mg_mg_L,hydrosheaf_graph_ridge,100,2.533108673242828,2.6490076604684267,-0.11589898722559866,2.1523352919137526,2.9138820545719035,True,True
14,2025-08-19,NGW-063,Na_mg_L,hydrosheaf_graph_ridge,100,3.641770923067841,3.7201358437644907,-0.07836492069664969,3.1865204448207725,4.09702140131491,True,True
14,2025-08-19,NGW-063,K_mg_L,hydrosheaf_graph_ridge,100,1.7030077176304248,1.6370530794670737,0.06595463816335112,1.3801689487167186,2.0258464865441312,True,True
14,2025-08-19,NGW-063,HCO3_mg_L,hydrosheaf_graph_ridge,100,4.841723821438487,4.825750454899136,0.015973366539350664,4.549132177821916,5.134315465055058,True,True
14,2025-08-19,NGW-063,Cl_mg_L,hydrosheaf_graph_ridge,100,3.6694628877888995,3.657646751682838,0.011816136106061581,3.2394012791016964,4.099524496476103,True,True
14,2025-08-19,NGW-063,SO4_mg_L,hydrosheaf_graph_ridge,100,3.606738281604818,3.7600366484302645,-0.1532983668254464,3.089147574095306,4.12432898911433,True,True
14,2025-08-19,NGW-063,NO3_mg_L,hydrosheaf_graph_ridge,100,2.630268106163884,2.4782176616372036,0.15205044452668037,1.9344420202360837,3.326094192091684,True,True
14,2025-08-19,NGW-063,F_mg_L,hydrosheaf_graph_ridge,100,0.5088556913763984,0.5822156198526637,-0.07335992847626527,0.2088273013183552,0.8088840814344416,True,True
14,2025-08-19,NGW-063,Sr_mg_L,hydrosheaf_graph_ridge,100,0.19215274414188654,0.2295231582782488,-0.037370414136362246,-0.007847255858113467,0.39215274414188656,True,True
14,2025-08-19,NGW-063,SiO2_mg_L,hydrosheaf_graph_ridge,100,4.058992476314224,3.6402142821326553,0.41877819418156914,3.7539564630240942,4.364028489604355,True,False
14,2025-08-19,NGW-094,Ca_mg_L,persistence,100,4.038655656361512,3.331489969237335,0.7071656871241769,3.7123561863819834,4.364955126341041,True,False
14,2025-08-19,NGW-094,Mg_mg_L,persistence,100,2.89314568477889,2.295560478057081,0.597585206721809,2.5123723034498147,3.2739190661079656,True,False
14,2025-08-19,NGW-094,Na_mg_L,persistence,100,3.749739342370699,3.7364784329132155,0.013260909457483372,3.2944888641236303,4.204989820617768,True,True
14,2025-08-19,NGW-094,K_mg_L,persistence,100,1.7526720805200082,1.7526720805200082,0.0,1.429833311606302,2.0755108494337144,True,True
14,2025-08-19,NGW-094,HCO3_mg_L,persistence,100,5.189450711560923,4.789406574986818,0.4000441365741052,4.8968590679443516,5.482042355177494,True,False
14,2025-08-19,NGW-094,Cl_mg_L,persistence,100,4.382776353564427,3.8044377947482086,0.5783385588162187,3.952714744877224,4.81283796225163,True,False
14,2025-08-19,NGW-094,SO4_mg_L,persistence,100,3.427189961936409,3.4876808415502927,-0.060490879613883664,2.909599254426897,3.944780669445921,True,True
14,2025-08-19,NGW-094,NO3_mg_L,persistence,100,2.4731713935695794,2.2975725511705014,0.17559884239907797,1.7773453076417791,3.1689974794973796,True,True
14,2025-08-19,NGW-094,F_mg_L,persistence,100,0.5596157879354227,0.5481214085096876,0.011494379425735057,0.25958739787737944,0.8596441779934658,True,True
14,2025-08-19,NGW-094,Sr_mg_L,persistence,100,0.17311261770864478,0.06952606264861023,0.10358655506003454,-0.026887382291355233,0.3731126177086448,True,True
14,2025-08-19,NGW-094,SiO2_mg_L,persistence,100,3.8264651170664994,3.955082494888593,-0.12861737782209381,3.521429103776369,4.13150113035663,True,True
14,2025-08-19,NGW-094,Ca_mg_L,expanding_mean_delta,100,3.6148059691039505,3.331489969237335,0.28331599986661526,3.2885064991244217,3.941105439083479,True,True
14,2025-08-19,NGW-094,Mg_mg_L,expanding_mean_delta,100,2.469467144085102,2.295560478057081,0.17390666602802085,2.0886937627560265,2.8502405254141774,True,True
14,2025-08-19,NGW-094,Na_mg_L,expanding_mean_delta,100,3.32510987036879,3.7364784329132155,-0.41136856254442566,2.8698593921217213,3.7803603486158583,True,True
14,2025-08-19,NGW-094,K_mg_L,expanding_mean_delta,100,1.3997663427955027,1.7526720805200082,-0.3529057377245055,1.0769275738817965,1.722605111709209,True,False
14,2025-08-19,NGW-094,HCO3_mg_L,expanding_mean_delta,100,4.799345556126567,4.789406574986818,0.009938981139749004,4.506753912509995,5.091937199743138,True,True
14,2025-08-19,NGW-094,Cl_mg_L,expanding_mean_delta,100,3.8252579163558593,3.8044377947482086,0.020820121607650677,3.395196307668656,4.255319525043062,True,True
14,2025-08-19,NGW-094,SO4_mg_L,expanding_mean_delta,100,3.053500696364918,3.4876808415502927,-0.43418014518537484,2.5359099888554058,3.57109140387443,True,True
14,2025-08-19,NGW-094,NO3_mg_L,expanding_mean_delta,100,2.157271909824945,2.2975725511705014,-0.14030064134555653,1.4614458238971446,2.853097995752745,True,True
14,2025-08-19,NGW-094,F_mg_L,expanding_mean_delta,100,0.4015404613106218,0.5481214085096876,-0.14658094719906578,0.1015120712525786,0.7015688513686651,True,True
14,2025-08-19,NGW-094,Sr_mg_L,expanding_mean_delta,100,0.18067504085337316,0.06952606264861023,0.11114897820476292,-0.019324959146626852,0.38067504085337317,True,True
14,2025-08-19,NGW-094,SiO2_mg_L,expanding_mean_delta,100,3.8640136675773307,3.955082494888593,-0.09106882731126253,3.558977654287201,4.16904968086746,True,True
14,2025-08-19,NGW-094,Ca_mg_L,hydrosheaf_graph_ridge,100,3.5141081020844585,3.331489969237335,0.18261813284712325,3.1878086321049297,3.840407572063987,True,True
14,2025-08-19,NGW-094,Mg_mg_L,hydrosheaf_graph_ridge,100,2.697513017656366,2.295560478057081,0.4019525395992849,2.3167396363272905,3.0782863989854414,True,False
14,2025-08-19,NGW-094,Na_mg_L,hydrosheaf_graph_ridge,100,3.7318139328326847,3.7364784329132155,-0.004664500080530765,3.276563454585616,4.187064411079754,True,True
14,2025-08-19,NGW-094,K_mg_L,hydrosheaf_graph_ridge,100,1.6051064602458314,1.7526720805200082,-0.14756562027417686,1.2822676913321251,1.9279452291595376,True,True
14,2025-08-19,NGW-094,HCO3_mg_L,hydrosheaf_graph_ridge,100,4.97497835496543,4.789406574986818,0.18557177997861185,4.682386711348858,5.267569998582001,True,True
14,2025-08-19,NGW-094,Cl_mg_L,hydrosheaf_graph_ridge,100,4.000608912094823,3.8044377947482086,0.19617111734661474,3.5705473034076203,4.4306705207820265,True,True
14,2025-08-19,NGW-094,SO4_mg_L,hydrosheaf_graph_ridge,100,3.5854537665315194,3.4876808415502927,0.0977729249812267,3.0678630590220073,4.103044474041031,True,True
14,2025-08-19,NGW-094,NO3_mg_L,hydrosheaf_graph_ridge,100,2.576332833719786,2.2975725511705014,0.27876028254928453,1.8805067477919857,3.272158919647586,True,True
14,2025-08-19,NGW-094,F_mg_L,hydrosheaf_graph_ridge,100,0.6730437507585454,0.5481214085096876,0.12492234224885779,0.3730153607005022,0.9730721408165885,True,True
14,2025-08-19,NGW-094,Sr_mg_L,hydrosheaf_graph_ridge,100,0.17800609391345062,0.06952606264861023,0.10848003126484039,-0.021993906086549386,0.37800609391345064,True,True
14,2025-08-19,NGW-094,SiO2_mg_L,hydrosheaf_graph_ridge,100,3.9066108058109332,3.955082494888593,-0.048471689077659974,3.601574792520803,4.211646819101063,True,True
14,2025-08-19,NGW-097,Ca_mg_L,persistence,100,4.066287964439575,3.469478889078561,0.5968090753610142,3.7399884944600466,4.392587434419104,True,False
14,2025-08-19,NGW-097,Mg_mg_L,persistence,100,2.91235066461494,2.837322536806349,0.07502812780859092,2.5315772832858645,3.2931240459440154,True,True
14,2025-08-19,NGW-097,Na_mg_L,persistence,100,4.236133434493478,3.8439582745140166,0.3921751599794616,3.7808829562464097,4.691383912740547,True,True
14,2025-08-19,NGW-097,K_mg_L,persistence,100,2.203869120054888,1.749199854809259,0.4546692652456288,1.8810303511411817,2.5267078889685943,True,False
14,2025-08-19,NGW-097,HCO3_mg_L,persistence,100,5.278165678337183,5.0145609120987285,0.26360476623845486,4.985574034720612,5.570757321953755,True,True
14,2025-08-19,NGW-097,Cl_mg_L,persistence,100,4.658236906924784,3.9701032165046706,0.6881336904201132,4.228175298237581,5.088298515611987,True,False
14,2025-08-19,NGW-097,SO4_mg_L,persistence,100,3.8803259186848913,3.646754527813265,0.23357139087162615,3.362735211175379,4.397916626194403,True,True
14,2025-08-19,NGW-097,NO3_mg_L,persistence,100,4.058544658090914,3.1497400860333387,0.908804572057575,3.3627185721631134,4.754370744018714,True,False
14,2025-08-19,NGW-097,F_mg_L,persistence,100,1.252762968495368,1.0296194171811581,0.22314355131420993,0.9527345784373249,1.5527913585534112,True,True
14,2025-08-19,NGW-097,Sr_mg_L,persistence,100,0.17898265552844,0.16211884947643518,0.016863806052004826,-0.021017344471560007,0.37898265552844,True,True
14,2025-08-19,NGW-097,SiO2_mg_L,persistence,100,4.092676505121403,4.198704577546343,-0.10602807242494006,3.787640491831273,4.3977125184115335,True,True
14,2025-08-19,NGW-097,Ca_mg_L,expanding_mean_delta,100,3.6424382771820136,3.469478889078561,0.17295938810345257,3.316138807202485,3.9687377471615424,True,True
14,2025-08-19,NGW-097,Mg_mg_L,expanding_mean_delta,100,2.488672123921152,2.837322536806349,-0.34865041288519727,2.1078987425920763,2.8694455052502272,True,True
14,2025-08-19,NGW-097,Na_mg_L,expanding_mean_delta,100,3.811503962491569,3.8439582745140166,-0.03245431202244742,3.3562534842445007,4.266754440738638,True,True
14,2025-08-19,NGW-097,K_mg_L,expanding_mean_delta,100,1.8509633823303822,1.749199854809259,0.10176352752112305,1.528124613416676,2.1738021512440886,True,True
14,2025-08-19,NGW-097,HCO3_mg_L,expanding_mean_delta,100,4.888060522902827,5.0145609120987285,-0.12650038919590134,4.595468879286256,5.1806521665193985,True,True
14,2025-08-19,NGW-097,Cl_mg_L,expanding_mean_delta,100,4.100718469716216,3.9701032165046706,0.1306152532115452,3.6706568610290127,4.530780078403419,True,True
14,2025-08-19,NGW-097,SO4_mg_L,expanding_mean_delta,100,3.5066366531134,3.646754527813265,-0.14011787469986503,2.989045945603888,4.024227360622912,True,True
14,2025-08-19,NGW-097,NO3_mg_L,expanding_mean_delta,100,3.742645174346279,3.1497400860333387,0.5929050883129405,3.046819088418479,4.4384712602740795,True,True
14,2025-08-19,NGW-097,F_mg_L,expanding_mean_delta,100,1.0946876418705673,1.0296194171811581,0.0650682246894092,0.7946592518125242,1.3947160319286105,True,True
14,2025-08-19,NGW-097,Sr_mg_L,expanding_mean_delta,100,0.18654507867316839,0.16211884947643518,0.024426229196733207,-0.013454921326831626,0.3865450786731684,True,True
14,2025-08-19,NGW-097,SiO2_mg_L,expanding_mean_delta,100,4.130225055632235,4.198704577546343,-0.06847952191410833,3.825189042342105,4.435261068922365,True,True
14,2025-08-19,NGW-097,Ca_mg_L,hydrosheaf_graph_ridge,100,3.5350894385748433,3.469478889078561,0.0656105494962822,3.2087899685953145,3.861388908554372,True,True
14,2025-08-19,NGW-097,Mg_mg_L,hydrosheaf_graph_ridge,100,2.4637358175194204,2.837322536806349,-0.37358671928692866,2.0829624361903445,2.8445091988484963,True,True
14,2025-08-19,NGW-097,Na_mg_L,hydrosheaf_graph_ridge,100,3.682039138733546,3.8439582745140166,-0.16191913578047057,3.2267886604864775,4.137289616980615,True,True
14,2025-08-19,NGW-097,K_mg_L,hydrosheaf_graph_ridge,100,1.643709101395178,1.749199854809259,-0.1054907534140812,1.3208703324814717,1.9665478703088841,True,True
14,2025-08-19,NGW-097,HCO3_mg_L,hydrosheaf_graph_ridge,100,4.788694735305372,5.0145609120987285,-0.22586617679335674,4.4961030916888,5.081286378921943,True,True
14,2025-08-19,NGW-097,Cl_mg_L,hydrosheaf_graph_ridge,100,3.952178428478865,3.9701032165046706,-0.01792478802580577,3.5221168197916617,4.382240037166068,True,True
14,2025-08-19,NGW-097,SO4_mg_L,hydrosheaf_graph_ridge,100,3.4898816075691452,3.646754527813265,-0.15687292024411992,2.972290900059633,4.007472315078657,True,True
14,2025-08-19,NGW-097,NO3_mg_L,hydrosheaf_graph_ridge,100,3.6302148364841584,3.1497400860333387,0.4804747504508198,2.934388750556358,4.326040922411958,True,True
14,2025-08-19,NGW-097,F_mg_L,hydrosheaf_graph_ridge,100,0.8102410517509813,1.0296194171811581,-0.21937836543017686,0.5102126616929381,1.1102694418090244,True,True
14,2025-08-19,NGW-097,Sr_mg_L,hydrosheaf_graph_ridge,100,0.1697166151605225,0.16211884947643518,0.007597765684087321,-0.030283384839477512,0.3697166151605225,True,True
14,2025-08-19,NGW-097,SiO2_mg_L,hydrosheaf_graph_ridge,100,4.009499856438012,4.198704577546343,-0.18920472110833142,3.704463843147882,4.314535869728142,True,True
14,2025-08-19,NGW-122,Ca_mg_L,persistence,100,3.877431560658527,3.4187098067467865,0.4587217539117403,3.5511320906789985,4.203731030638055,True,False
14,2025-08-19,NGW-122,Mg_mg_L,persistence,100,2.983659692319722,2.7298116928837226,0.2538479994359992,2.6028863109906464,3.3644330736487973,True,True
14,2025-08-19,NGW-122,Na_mg_L,persistence,100,3.5406694269487495,3.6524747722201365,-0.11180534527138697,3.085418948701681,3.995919905195818,True,True
14,2025-08-19,NGW-122,K_mg_L,persistence,100,1.5830939370944985,1.667706820558076,-0.08461288346357754,1.2602551681807923,1.9059327060082047,True,True
14,2025-08-19,NGW-122,HCO3_mg_L,persistence,100,4.996603980683279,4.9505313700265505,0.04607261065672841,4.7040123370667075,5.28919562429985,True,True
14,2025-08-19,NGW-122,Cl_mg_L,persistence,100,3.9223692974822906,3.910021002757473,0.012348294724817688,3.4923076887950875,4.352430906169494,True,True
14,2025-08-19,NGW-122,SO4_mg_L,persistence,100,4.093510881473524,3.6200651381135764,0.47344574335994727,3.5759201739640116,4.611101588983035,True,True
14,2025-08-19,NGW-122,NO3_mg_L,persistence,100,2.8758219768814333,2.201659174404085,0.674162802477348,2.179995890953633,3.5716480628092335,True,True
14,2025-08-19,NGW-122,F_mg_L,persistence,100,0.3001045924503381,0.039220713153281295,0.2608838792970568,7.620239229488845e-05,0.6001329825083813,True,True
14,2025-08-19,NGW-122,Sr_mg_L,persistence,100,0.21591750622247016,0.22234323114344062,-0.00642572492097046,0.01591750622247015,0.41591750622247015,True,True
14,2025-08-19,NGW-122,SiO2_mg_L,persistence,100,3.708682081410116,3.5234150143864045,0.18526706702371154,3.4036460681199863,4.013718094700246,True,True
14,2025-08-19,NGW-122,Ca_mg_L,expanding_mean_delta,100,3.453581873400965,3.4187098067467865,0.034872066654178635,3.127282403421437,3.7798813433804934,True,True
14,2025-08-19,NGW-122,Mg_mg_L,expanding_mean_delta,100,2.5599811516259336,2.7298116928837226,-0.16983054125778896,2.179207770296858,2.940754532955009,True,True
14,2025-08-19,NGW-122,Na_mg_L,expanding_mean_delta,100,3.1160399549468405,3.6524747722201365,-0.536434817273296,2.660789476699772,3.571290433193909,True,False
14,2025-08-19,NGW-122,K_mg_L,expanding_mean_delta,100,1.230188199369993,1.667706820558076,-0.43751862118808305,0.9073494304562868,1.5530269682836992,True,False
14,2025-08-19,NGW-122,HCO3_mg_L,expanding_mean_delta,100,4.606498825248923,4.9505313700265505,-0.3440325447776278,4.313907181632351,4.899090468865494,True,False
14,2025-08-19,NGW-122,Cl_mg_L,expanding_mean_delta,100,3.364850860273723,3.910021002757473,-0.5451701424837498,2.93478925158652,3.794912468960926,True,False
14,2025-08-19,NGW-122,SO4_mg_L,expanding_mean_delta,100,3.7198216159020325,3.6200651381135764,0.09975647778845609,3.2022309083925204,4.237412323411545,True,True
14,2025-08-19,NGW-122,NO3_mg_L,expanding_mean_delta,100,2.5599224931367988,2.201659174404085,0.35826331873271355,1.8640964072089985,3.255748579064599,True,True
14,2025-08-19,NGW-122,F_mg_L,expanding_mean_delta,100,0.14202926582553727,0.039220713153281295,0.10280855267225597,-0.15799912423250595,0.4420576558835805,True,True
14,2025-08-19,NGW-122,Sr_mg_L,expanding_mean_delta,100,0.22347992936719854,0.22234323114344062,0.0011366982237579204,0.023479929367198532,0.4234799293671986,True,True
14,2025-08-19,NGW-122,SiO2_mg_L,expanding_mean_delta,100,3.7462306319209473,3.5234150143864045,0.22281561753454282,3.441194618630817,4.0512666452110775,True,True
14,2025-08-19,NGW-122,Ca_mg_L,hydrosheaf_graph_ridge,100,3.5178302374351604,3.4187098067467865,0.09912043068837395,3.1915307674556317,3.844129707414689,True,True
14,2025-08-19,NGW-122,Mg_mg_L,hydrosheaf_graph_ridge,100,2.6985457155115435,2.7298116928837226,-0.031265977372179066,2.317772334182468,3.079319096840619,True,True
14,2025-08-19,NGW-122,Na_mg_L,hydrosheaf_graph_ridge,100,3.7378359722263372,3.6524747722201365,0.08536120000620073,3.2825854939792687,4.193086450473406,True,True
14,2025-08-19,NGW-122,K_mg_L,hydrosheaf_graph_ridge,100,1.580327579466815,1.667706820558076,-0.08737924109126105,1.2574888105531088,1.9031663483805212,True,True
14,2025-08-19,NGW-122,HCO3_mg_L,hydrosheaf_graph_ridge,100,4.954381517108103,4.9505313700265505,0.00385014708155218,4.661789873491531,5.246973160724674,True,True
14,2025-08-19,NGW-122,Cl_mg_L,hydrosheaf_graph_ridge,100,3.727284453785506,3.910021002757473,-0.18273654897196678,3.297222845098303,4.157346062472709,True,True
14,2025-08-19,NGW-122,SO4_mg_L,hydrosheaf_graph_ridge,100,3.6848604548792108,3.6200651381135764,0.06479531676563433,3.1672697473696987,4.202451162388723,True,True
14,2025-08-19,NGW-122,NO3_mg_L,hydrosheaf_graph_ridge,100,2.824889552686027,2.201659174404085,0.6232303782819417,2.1290634667582267,3.520715638613827,True,True
14,2025-08-19,NGW-122,F_mg_L,hydrosheaf_graph_ridge,100,0.341001251027589,0.039220713153281295,0.3017805378743077,0.04097286096954578,0.6410296410856322,True,False
14,2025-08-19,NGW-122,Sr_mg_L,hydrosheaf_graph_ridge,100,0.24114527607452407,0.22234323114344062,0.01880204493108345,0.04114527607452406,0.4411452760745241,True,True
14,2025-08-19,NGW-122,SiO2_mg_L,hydrosheaf_graph_ridge,100,3.92632074882588,3.5234150143864045,0.4029057344394755,3.62128473553575,4.23135676211601,True,False
14,2025-08-19,NGW-127,Ca_mg_L,persistence,100,3.7914360424390283,3.596490004820589,0.19494603761843932,3.4651365724594996,4.117735512418557,True,True
14,2025-08-19,NGW-127,Mg_mg_L,persistence,100,2.9595868269176377,2.7067159780890733,0.2528708488285645,2.578813445588562,3.3403602082467136,True,True
14,2025-08-19,NGW-127,Na_mg_L,persistence,100,4.044804116661965,3.3775875160230218,0.6672166006389428,3.589553638414896,4.500054594909034,True,False
14,2025-08-19,NGW-127,K_mg_L,persistence,100,2.075684492802124,1.4701758451005926,0.6055086477015312,1.7528457238884176,2.3985232617158303,True,False
14,2025-08-19,NGW-127,HCO3_mg_L,persistence,100,5.260044204326544,4.81324070780478,0.4468034965217642,4.967452560709972,5.552635847943115,True,False
14,2025-08-19,NGW-127,Cl_mg_L,persistence,100,4.360547602996758,3.7768903314366495,0.5836572715601083,3.9304859943095547,4.790609211683961,True,False
14,2025-08-19,NGW-127,SO4_mg_L,persistence,100,3.849083205654272,3.091951131294534,0.7571320743597383,3.33149249814476,4.366673913163784,True,False
14,2025-08-19,NGW-127,NO3_mg_L,persistence,100,2.8875901149342877,3.1480240838962494,-0.2604339689619617,2.1917640290064875,3.583416200862088,True,True
14,2025-08-19,NGW-127,F_mg_L,persistence,100,0.6418538861723948,0.262364264467491,0.3794896217049038,0.3418254961143516,0.941882276230438,True,False
14,2025-08-19,NGW-127,Sr_mg_L,persistence,100,0.12221763272424921,0.19062035960864973,-0.06840272688440052,-0.0777823672757508,0.3222176327242492,True,True
14,2025-08-19,NGW-127,SiO2_mg_L,persistence,100,4.044804116661965,4.030694535145645,0.014109581516319913,3.7397681033718344,4.349840129952095,True,True
14,2025-08-19,NGW-127,Ca_mg_L,expanding_mean_delta,100,3.3675863551814667,3.596490004820589,-0.22890364963912235,3.041286885201938,3.6938858251609954,True,True
14,2025-08-19,NGW-127,Mg_mg_L,expanding_mean_delta,100,2.5359082862238496,2.7067159780890733,-0.1708076918652237,2.1551349048947737,2.9166816675529255,True,True
14,2025-08-19,NGW-127,Na_mg_L,expanding_mean_delta,100,3.6201746446600556,3.3775875160230218,0.2425871286370338,3.164924166412987,4.0754251229071246,True,True
14,2025-08-19,NGW-127,K_mg_L,expanding_mean_delta,100,1.7227787550776181,1.4701758451005926,0.2526029099770255,1.399939986163912,2.0456175239913246,True,True
14,2025-08-19,NGW-127,HCO3_mg_L,expanding_mean_delta,100,4.869939048892188,4.81324070780478,0.05669834108740801,4.577347405275616,5.162530692508759,True,True
14,2025-08-19,NGW-127,Cl_mg_L,expanding_mean_delta,100,3.80302916578819,3.7768903314366495,0.026138834351540297,3.3729675571009867,4.233090774475393,True,True
14,2025-08-19,NGW-127,SO4_mg_L,expanding_mean_delta,100,3.475393940082781,3.091951131294534,0.3834428087882471,2.957803232573269,3.992984647592293,True,True
14,2025-08-19,NGW-127,NO3_mg_L,expanding_mean_delta,100,2.5716906311896532,3.1480240838962494,-0.5763334527065962,1.875864545261853,3.2675167171174535,True,True
14,2025-08-19,NGW-127,F_mg_L,expanding_mean_delta,100,0.48377855954759397,0.262364264467491,0.22141429508010296,0.18375016948955075,0.7838069496056372,True,True
14,2025-08-19,NGW-127,Sr_mg_L,expanding_mean_delta,100,0.1297800558689776,0.19062035960864973,-0.06084030373967214,-0.07021994413102242,0.32978005586897763,True,True
14,2025-08-19,NGW-127,SiO2_mg_L,expanding_mean_delta,100,4.082352667172796,4.030694535145645,0.05165813202715164,3.777316653882666,4.3873886804629265,True,True
14,2025-08-19,NGW-127,Ca_mg_L,hydrosheaf_graph_ridge,100,3.4924180945981016,3.596490004820589,-0.10407191022248741,3.166118624618573,3.8187175645776303,True,True
14,2025-08-19,NGW-127,Mg_mg_L,hydrosheaf_graph_ridge,100,2.4217255507590663,2.7067159780890733,-0.284990427330007,2.040952169429991,2.8024989320881417,True,True
14,2025-08-19,NGW-127,Na_mg_L,hydrosheaf_graph_ridge,100,3.561228947645835,3.3775875160230218,0.1836414316228132,3.1059784693987664,4.0164794258929035,True,True
14,2025-08-19,NGW-127,K_mg_L,hydrosheaf_graph_ridge,100,1.7430019380144606,1.4701758451005926,0.27282609291386795,1.4201631691007544,2.065840706928167,True,True
14,2025-08-19,NGW-127,HCO3_mg_L,hydrosheaf_graph_ridge,100,4.782611747347906,4.81324070780478,-0.030628960456873244,4.490020103731335,5.075203390964478,True,True
14,2025-08-19,NGW-127,Cl_mg_L,hydrosheaf_graph_ridge,100,4.000007727055399,3.7768903314366495,0.22311739561874955,3.569946118368196,4.430069335742602,True,True
14,2025-08-19,NGW-127,SO4_mg_L,hydrosheaf_graph_ridge,100,3.396749765653582,3.091951131294534,0.3047986343590483,2.87915905814407,3.914340473163094,True,True
14,2025-08-19,NGW-127,NO3_mg_L,hydrosheaf_graph_ridge,100,2.5371349227194897,3.1480240838962494,-0.6108891611767597,1.8413088367916894,3.23296100864729,True,True
14,2025-08-19,NGW-127,F_mg_L,hydrosheaf_graph_ridge,100,0.486122053527251,0.262364264467491,0.22375778905976001,0.1860936634692078,0.7861504435852942,True,True
14,2025-08-19,NGW-127,Sr_mg_L,hydrosheaf_graph_ridge,100,0.19121403801241116,0.19062035960864973,0.0005936784037614273,-0.008785961987588853,0.39121403801241117,True,True
14,2025-08-19,NGW-127,SiO2_mg_L,hydrosheaf_graph_ridge,100,4.116378021727173,4.030694535145645,0.08568348658152836,3.811342008437043,4.421414035017303,True,True
14,2025-08-19,NGW-138,Ca_mg_L,persistence,100,4.134206095647231,3.547027829873695,0.5871782657735363,3.8079066256677025,4.46050556562676,True,False
14,2025-08-19,NGW-138,Mg_mg_L,persistence,100,3.096482176654134,2.6518325211039815,0.44464965555015246,2.7157087953250585,3.4772555579832094,True,False
14,2025-08-19,NGW-138,Na_mg_L,persistence,100,3.9579519373165457,3.7764323511217976,0.18151958619474806,3.502701459069477,4.413202415563615,True,True
14,2025-08-19,NGW-138,K_mg_L,persistence,100,2.0515563381903004,1.6582280766035324,0.3933282615867679,1.7287175692765941,2.374395107104007,True,False
14,2025-08-19,NGW-138,HCO3_mg_L,persistence,100,5.291645156779972,5.007095703797723,0.2845494529822492,4.999053513163401,5.5842368003965435,True,True
14,2025-08-19,NGW-138,Cl_mg_L,persistence,100,4.563827222453709,4.090671156855792,0.4731560655979168,4.1337656137665055,4.993888831140912,True,False
14,2025-08-19,NGW-138,SO4_mg_L,persistence,100,3.9560398908449206,3.459151774922711,0.4968881159222094,3.4384491833354085,4.473630598354433,True,True
14,2025-08-19,NGW-138,NO3_mg_L,persistence,100,2.096790180014449,0.5128236264286639,1.5839665535857852,1.4009640940866488,2.7926162659422493,True,False
14,2025-08-19,NGW-138,F_mg_L,persistence,100,0.6626879730752367,0.2851789422336624,0.37750903084157433,0.36265958301719353,0.96271636313328,True,False
14,2025-08-19,NGW-138,Sr_mg_L,persistence,100,0.1889660995126232,0.16889853646181394,0.020067563050809256,-0.011033900487376819,0.3889660995126232,True,True
14,2025-08-19,NGW-138,SiO2_mg_L,persistence,100,3.6189933266497696,3.5779478934066544,0.04104543324311516,3.31395731335964,3.9240293399398993,True,True
14,2025-08-19,NGW-138,Ca_mg_L,expanding_mean_delta,100,3.7103564083896696,3.547027829873695,0.1633285785159746,3.384056938410141,4.036655878369198,True,True
14,2025-08-19,NGW-138,Mg_mg_L,expanding_mean_delta,100,2.6728036359603458,2.6518325211039815,0.02097111485636427,2.2920302546312703,3.053577017289421,True,True
14,2025-08-19,NGW-138,Na_mg_L,expanding_mean_delta,100,3.5333224653146367,3.7764323511217976,-0.24310988580716097,3.078071987067568,3.988572943561705,True,True
14,2025-08-19,NGW-138,K_mg_L,expanding_mean_delta,100,1.6986506004657946,1.6582280766035324,0.040422523862262194,1.3758118315520884,2.021489369379501,True,True
14,2025-08-19,NGW-138,HCO3_mg_L,expanding_mean_delta,100,4.901540001345616,5.007095703797723,-0.10555570245210699,4.608948357729044,5.194131644962187,True,True
14,2025-08-19,NGW-138,Cl_mg_L,expanding_mean_delta,100,4.006308785245141,4.090671156855792,-0.08436237161065119,3.5762471765579376,4.436370393932344,True,True
14,2025-08-19,NGW-138,SO4_mg_L,expanding_mean_delta,100,3.5823506252734294,3.459151774922711,0.1231988503507182,3.0647599177639173,4.099941332782941,True,True
14,2025-08-19,NGW-138,NO3_mg_L,expanding_mean_delta,100,1.7808906962698143,0.5128236264286639,1.2680670698411505,1.0850646103420143,2.4767167821976144,True,False
14,2025-08-19,NGW-138,F_mg_L,expanding_mean_delta,100,0.5046126464504359,0.2851789422336624,0.2194337042167735,0.2045842563923927,0.8046410365084791,True,True
14,2025-08-19,NGW-138,Sr_mg_L,expanding_mean_delta,100,0.19652852265735157,0.16889853646181394,0.027629986195537637,-0.003471477342648438,0.3965285226573516,True,True
14,2025-08-19,NGW-138,SiO2_mg_L,expanding_mean_delta,100,3.656541877160601,3.5779478934066544,0.07859398375394644,3.3515058638704707,3.961577890450731,True,True
14,2025-08-19,NGW-138,Ca_mg_L,hydrosheaf_graph_ridge,100,3.5308910791305737,3.547027829873695,-0.016136750743121375,3.204591609151045,3.8571905491101024,True,True
14,2025-08-19,NGW-138,Mg_mg_L,hydrosheaf_graph_ridge,100,2.6075189301135677,2.6518325211039815,-0.044313590990413765,2.226745548784492,2.9882923114426436,True,True
14,2025-08-19,NGW-138,Na_mg_L,hydrosheaf_graph_ridge,100,3.6085263028233476,3.7764323511217976,-0.16790604829845002,3.153275824576279,4.063776781070416,True,True
14,2025-08-19,NGW-138,K_mg_L,hydrosheaf_graph_ridge,100,1.8481799117091233,1.6582280766035324,0.18995183510559088,1.525341142795417,2.1710186806228298,True,True
14,2025-08-19,NGW-138,HCO3_mg_L,hydrosheaf_graph_ridge,100,4.9683649147160756,5.007095703797723,-0.03873078908164729,4.675773271099504,5.260956558332647,True,True
14,2025-08-19,NGW-138,Cl_mg_L,hydrosheaf_graph_ridge,100,3.9263813526079416,4.090671156855792,-0.16428980424785022,3.4963197439207385,4.356442961295145,True,True
14,2025-08-19,NGW-138,SO4_mg_L,hydrosheaf_graph_ridge,100,3.478983531351872,3.459151774922711,0.019831756429161018,2.96139282384236,3.9965742388613843,True,True
14,2025-08-19,NGW-138,NO3_mg_L,hydrosheaf_graph_ridge,100,1.9863761047793567,0.5128236264286639,1.4735524783506928,1.2905500188515564,2.682202190707157,True,False
14,2025-08-19,NGW-138,F_mg_L,hydrosheaf_graph_ridge,100,0.5762040069288116,0.2851789422336624,0.29102506469514916,0.27617561687076836,0.8762323969868548,True,True
14,2025-08-19,NGW-138,Sr_mg_L,hydrosheaf_graph_ridge,100,0.23027155278243144,0.16889853646181394,0.06137301632061751,0.030271552782431432,0.43027155278243145,True,True
14,2025-08-19,NGW-138,SiO2_mg_L,hydrosheaf_graph_ridge,100,3.853404648063858,3.5779478934066544,0.27545675465720354,3.5483686347737278,4.158440661353988,True,True
15,2025-08-20,NGW-043,Ca_mg_L,persistence,106,3.8366526984033693,3.463232772581608,0.3734199258217612,3.5111839983137125,4.162121398493026,True,False
15,2025-08-20,NGW-043,Mg_mg_L,persistence,106,2.848391685655282,2.522523513359307,0.32586817229597465,2.465007934307469,3.2317754370030944,True,True
15,2025-08-20,NGW-043,Na_mg_L,persistence,106,3.834061463958434,3.547027829873695,0.28703363408473903,3.383058741608746,4.285064186308122,True,True
15,2025-08-20,NGW-043,K_mg_L,persistence,106,1.9878743481543455,1.7749523509116738,0.2129219972426717,1.6670497338233465,2.3086989624853445,True,True
15,2025-08-20,NGW-043,HCO3_mg_L,persistence,106,5.041940143924668,4.888467660122048,0.15347248380262002,4.751923469042448,5.331956818806888,True,True
15,2025-08-20,NGW-043,Cl_mg_L,persistence,106,4.264368591205649,3.6933693593867885,0.5709992318188606,3.840001982900128,4.68873519951117,True,False
15,2025-08-20,NGW-043,SO4_mg_L,persistence,106,3.7032753343976688,3.4496700351129332,0.2536052992847355,3.1962907593577548,4.210259909437583,True,True
15,2025-08-20,NGW-043,NO3_mg_L,persistence,106,2.756205242989257,2.8284963541780774,-0.07229111118882026,2.0580548022195937,3.4543556837589207,True,True
15,2025-08-20,NGW-043,F_mg_L,persistence,106,0.3646431135879093,0.2546422183735807,0.1100008952143286,0.06454970515315933,0.6647365220226593,True,True
15,2025-08-20,NGW-043,Sr_mg_L,persistence,106,0.14323416808590783,0.1239859797809912,0.019248188304916633,-0.05676583191409218,0.34323416808590784,True,True
15,2025-08-20,NGW-043,SiO2_mg_L,persistence,106,4.030694535145645,3.9454577815143836,0.08523675363126104,3.72252849781277,4.338860572478519,True,True
15,2025-08-20,NGW-043,Ca_mg_L,expanding_mean_delta,106,3.4061345421959595,3.463232772581608,-0.05709823038564865,3.0806658421063027,3.7316032422856162,True,True
15,2025-08-20,NGW-043,Mg_mg_L,expanding_mean_delta,106,2.4305723938763806,2.522523513359307,-0.09195111948292656,2.047188642528568,2.8139561452241932,True,True
15,2025-08-20,NGW-043,Na_mg_L,expanding_mean_delta,106,3.4186477547679357,3.547027829873695,-0.12838007510575933,2.9676450324182477,3.8696504771176237,True,True
15,2025-08-20,NGW-043,K_mg_L,expanding_mean_delta,106,1.6370222333079183,1.7749523509116738,-0.1379301176037555,1.3161976189769193,1.9578468476389173,True,True
15,2025-08-20,NGW-043,HCO3_mg_L,expanding_mean_delta,106,4.655594415731674,4.888467660122048,-0.23287324439037427,4.365577740849454,4.945611090613894,True,True
15,2025-08-20,NGW-043,Cl_mg_L,expanding_mean_delta,106,3.7088585736517254,3.6933693593867885,0.01548921426493699,3.2844919653462044,4.133225181957247,True,True
15,2025-08-20,NGW-043,SO4_mg_L,expanding_mean_delta,106,3.328554786629514,3.4496700351129332,-0.12111524848341926,2.8215702115896004,3.8355393616694275,True,True
15,2025-08-20,NGW-043,NO3_mg_L,expanding_mean_delta,106,2.4215272437985975,2.8284963541780774,-0.4069691103794799,1.723376803028934,3.119677684568261,True,True
15,2025-08-20,NGW-043,F_mg_L,expanding_mean_delta,106,0.20171075490167759,0.2546422183735807,-0.05293146347190311,-0.09838265353307238,0.5018041633364275,True,True
15,2025-08-20,NGW-043,Sr_mg_L,expanding_mean_delta,106,0.15014706338863062,0.1239859797809912,0.026161083607639427,-0.049852936611369386,0.35014706338863066,True,True
15,2025-08-20,NGW-043,SiO2_mg_L,expanding_mean_delta,106,4.062984926758546,3.9454577815143836,0.11752714524416197,3.754818889425671,4.37115096409142,True,True
15,2025-08-20,NGW-043,Ca_mg_L,hydrosheaf_graph_ridge,106,3.4653230203469234,3.463232772581608,0.0020902477653153007,3.1398543202572666,3.79079172043658,True,True
15,2025-08-20,NGW-043,Mg_mg_L,hydrosheaf_graph_ridge,106,2.613348366164576,2.522523513359307,0.09082485280526909,2.2299646148167636,2.996732117512389,True,True
15,2025-08-20,NGW-043,Na_mg_L,hydrosheaf_graph_ridge,106,3.49916163577811,3.547027829873695,-0.0478661940955849,3.048158913428422,3.950164358127798,True,True
15,2025-08-20,NGW-043,K_mg_L,hydrosheaf_graph_ridge,106,1.6244097471687038,1.7749523509116738,-0.15054260374297002,1.3035851328377048,1.9452343614997027,True,True
15,2025-08-20,NGW-043,HCO3_mg_L,hydrosheaf_graph_ridge,106,4.889693367642007,4.888467660122048,0.001225707519958874,4.599676692759787,5.179710042524227,True,True
15,2025-08-20,NGW-043,Cl_mg_L,hydrosheaf_graph_ridge,106,3.7670768533233496,3.6933693593867885,0.07370749393656117,3.3427102450178285,4.191443461628871,True,True
15,2025-08-20,NGW-043,SO4_mg_L,hydrosheaf_graph_ridge,106,3.549485851368487,3.4496700351129332,0.0998158162555538,3.042501276328573,4.056470426408401,True,True
15,2025-08-20,NGW-043,NO3_mg_L,hydrosheaf_graph_ridge,106,2.243434814080556,2.8284963541780774,-0.5850615400975214,1.5452843733108925,2.9415852548502195,True,True
15,2025-08-20,NGW-043,F_mg_L,hydrosheaf_graph_ridge,106,0.36364936030291845,0.2546422183735807,0.10900714192933775,0.06355595186816848,0.6637427687376685,True,True
15,2025-08-20,NGW-043,Sr_mg_L,hydrosheaf_graph_ridge,106,0.15798563091640327,0.1239859797809912,0.033999651135412076,-0.042014369083596736,0.3579856309164033,True,True
15,2025-08-20,NGW-043,SiO2_mg_L,hydrosheaf_graph_ridge,106,3.9394300889058522,3.9454577815143836,-0.006027692608531421,3.6312640515729777,4.247596126238727,True,True
16,2025-08-21,NGW-002,Ca_mg_L,persistence,107,3.8247206770253497,3.5290040861498118,0.2957165908755379,3.4993990622855495,4.15004229176515,True,True
16,2025-08-21,NGW-002,Mg_mg_L,persistence,107,2.829087196145044,2.272125885509337,0.5569613106357072,2.4463560373019155,3.2118183549881727,True,False
16,2025-08-21,NGW-002,Na_mg_L,persistence,107,3.839667343236006,3.3603753871419,0.4792919560941056,3.389416608422169,4.289918078049842,True,False
16,2025-08-21,NGW-002,K_mg_L,persistence,107,2.057962510002712,1.6034198401085376,0.45454266989417436,1.7372904960158664,2.3786345239895574,True,False
16,2025-08-21,NGW-002,HCO3_mg_L,persistence,107,5.116975329867582,4.7456275386833475,0.37134779118423467,4.827319195633831,5.406631464101333,True,False
16,2025-08-21,NGW-002,Cl_mg_L,persistence,107,4.119199763220277,3.5432754802551445,0.5759242829651328,3.6954174302003002,4.542982096240254,True,False
16,2025-08-21,NGW-002,SO4_mg_L,persistence,107,3.716737782242333,3.512440560478137,0.20429722176419585,3.21179103667856,4.221684527806106,True,True
16,2025-08-21,NGW-002,NO3_mg_L,persistence,107,3.4011973816621555,2.379546134130174,1.0216512475319814,2.7036280296029576,4.098766733721353,True,False
16,2025-08-21,NGW-002,F_mg_L,persistence,107,0.3852624007906449,0.35767444427181594,0.02758795651882895,0.0855064182438065,0.6850183833374832,True,True
16,2025-08-21,NGW-002,Sr_mg_L,persistence,107,0.1510028735365274,0.25541711186450544,-0.10441423832797805,-0.04899712646347262,0.35100287353652737,True,True
16,2025-08-21,NGW-002,SiO2_mg_L,persistence,107,4.05871738457895,3.8480176754522337,0.21069970912671598,3.7507434013268783,4.366691367831021,True,True
16,2025-08-21,NGW-002,Ca_mg_L,expanding_mean_delta,107,3.3947361491393013,3.5290040861498118,-0.13426793701051043,3.069414534399501,3.7200577638791015,True,True
16,2025-08-21,NGW-002,Mg_mg_L,expanding_mean_delta,107,2.4121272606229924,2.272125885509337,0.1400013751136555,2.029396101779864,2.794858419466121,True,True
16,2025-08-21,NGW-002,Na_mg_L,expanding_mean_delta,107,3.4254534478315426,3.3603753871419,0.06507806068964239,2.9752027130177057,3.8757041826453795,True,True
16,2025-08-21,NGW-002,K_mg_L,expanding_mean_delta,107,1.708399461675946,1.6034198401085376,0.10497962156740837,1.3877274476891004,2.0290714756627914,True,True
16,2025-08-21,NGW-002,HCO3_mg_L,expanding_mean_delta,107,4.73280598713618,4.7456275386833475,-0.012821551547167687,4.443149852902429,5.022462121369931,True,True
16,2025-08-21,NGW-002,Cl_mg_L,expanding_mean_delta,107,3.5635449866545317,3.5432754802551445,0.020269506399387183,3.1397626536345546,3.9873273196745087,True,True
16,2025-08-21,NGW-002,SO4_mg_L,expanding_mean_delta,107,3.3431491526843033,3.512440560478137,-0.16929140779383367,2.8382024071205305,3.848095898248076,True,True
16,2025-08-21,NGW-002,NO3_mg_L,expanding_mean_delta,107,3.0703228321012106,2.379546134130174,0.6907766979710366,2.3727534800420127,3.7678921841604085,True,True
16,2025-08-21,NGW-002,F_mg_L,expanding_mean_delta,107,0.22282472867891695,0.35767444427181594,-0.134849715592899,-0.07693125386792143,0.5225807112257553,True,True
16,2025-08-21,NGW-002,Sr_mg_L,expanding_mean_delta,107,0.15767127273076756,0.25541711186450544,-0.09774583913373788,-0.04232872726923245,0.3576712727307676,True,True
16,2025-08-21,NGW-002,SiO2_mg_L,expanding_mean_delta,107,4.0899093916568585,3.8480176754522337,0.2418917162046248,3.781935408404787,4.39788337490893,True,True
16,2025-08-21,NGW-002,Ca_mg_L,hydrosheaf_graph_ridge,107,3.469579698546537,3.5290040861498118,-0.05942438760327473,3.144258083806737,3.794901313286337,True,True
16,2025-08-21,NGW-002,Mg_mg_L,hydrosheaf_graph_ridge,107,2.453643430431601,2.272125885509337,0.18151754492226413,2.0709122715884725,2.8363745892747296,True,True
16,2025-08-21,NGW-002,Na_mg_L,hydrosheaf_graph_ridge,107,3.4211089323684827,3.3603753871419,0.060733545226582475,2.9708581975546458,3.8713596671823196,True,True
16,2025-08-21,NGW-002,K_mg_L,hydrosheaf_graph_ridge,107,1.6088405614138284,1.6034198401085376,0.00542072130529081,1.2881685474269828,1.929512575400674,True,True
16,2025-08-21,NGW-002,HCO3_mg_L,hydrosheaf_graph_ridge,107,4.754958885058992,4.7456275386833475,0.009331346375644145,4.4653027508252405,5.044615019292743,True,True
16,2025-08-21,NGW-002,Cl_mg_L,hydrosheaf_graph_ridge,107,3.615350190815355,3.5432754802551445,0.07207471056021042,3.191567857795378,4.039132523835332,True,True
16,2025-08-21,NGW-002,SO4_mg_L,hydrosheaf_graph_ridge,107,3.512722198391337,3.512440560478137,0.0002816379131997948,3.007775452827564,4.01766894395511,True,True
16,2025-08-21,NGW-002,NO3_mg_L,hydrosheaf_graph_ridge,107,2.567161235091895,2.379546134130174,0.18761510096172085,1.8695918830326972,3.2647305871510923,True,True
16,2025-08-21,NGW-002,F_mg_L,hydrosheaf_graph_ridge,107,0.31920345295111874,0.35767444427181594,-0.0384709913206972,0.019447470404280354,0.6189594354979571,True,True
16,2025-08-21,NGW-002,Sr_mg_L,hydrosheaf_graph_ridge,107,0.2312728031335871,0.25541711186450544,-0.02414430873091833,0.0312728031335871,0.4312728031335871,True,True
16,2025-08-21,NGW-002,SiO2_mg_L,hydrosheaf_graph_ridge,107,4.056268769381735,3.8480176754522337,0.2082510939295017,3.748294786129664,4.364242752633807,True,True
16,2025-08-21,NGW-025,Ca_mg_L,persistence,107,3.979868552323213,3.3721118007670587,0.6077567515561544,3.654546937583413,4.305190167063013,True,False
16,2025-08-21,NGW-025,Mg_mg_L,persistence,107,2.920469789053444,2.5937610547000824,0.3267087343533617,2.5377386302103155,3.3032009478965727,True,True
16,2025-08-21,NGW-025,Na_mg_L,persistence,107,3.806440242853081,3.720378121173307,0.0860621216797739,3.356189508039244,4.256690977666918,True,True
16,2025-08-21,NGW-025,K_mg_L,persistence,107,1.9671123567059163,1.728109442151599,0.23900291455431733,1.6464403427190708,2.2877843706927616,True,True
16,2025-08-21,NGW-025,HCO3_mg_L,persistence,107,5.191900737843547,4.903124319710477,0.28877641813306987,4.9022446036097955,5.481556872077298,True,True
16,2025-08-21,NGW-025,Cl_mg_L,persistence,107,4.177612831405111,3.5995016429627196,0.5781111884423913,3.753830498385134,4.601395164425088,True,False
16,2025-08-21,NGW-025,SO4_mg_L,persistence,107,4.054216771131322,3.5759906720353185,0.4782260990960032,3.549270025567549,4.559163516695095,True,True
16,2025-08-21,NGW-025,NO3_mg_L,persistence,107,3.1346242724206097,3.4968105458651015,-0.36218627344449184,2.437054920361412,3.8321936244798076,True,True
16,2025-08-21,NGW-025,F_mg_L,persistence,107,0.41871033485818504,0.48858001481867097,-0.06986967996048593,0.11895435231134666,0.7184663174050234,True,True
16,2025-08-21,NGW-025,Sr_mg_L,persistence,107,0.18481843699254183,0.18398683611301586,0.0008316008795259677,-0.015181563007458182,0.3848184369925418,True,True
16,2025-08-21,NGW-025,SiO2_mg_L,persistence,107,3.6584202466292277,3.5524868292083815,0.10593341742084617,3.3504462633771563,3.966394229881299,True,True
16,2025-08-21,NGW-025,Ca_mg_L,expanding_mean_delta,107,3.5498840244371648,3.3721118007670587,0.17777222367010603,3.2245624096973646,3.875205639176965,True,True
16,2025-08-21,NGW-025,Mg_mg_L,expanding_mean_delta,107,2.5035098535313924,2.5937610547000824,-0.09025120116869001,2.120778694688264,2.886241012374521,True,True
16,2025-08-21,NGW-025,Na_mg_L,expanding_mean_delta,107,3.392226347448618,3.720378121173307,-0.3281517737246893,2.941975612634781,3.8424770822624548,True,True
16,2025-08-21,NGW-025,K_mg_L,expanding_mean_delta,107,1.6175493083791503,1.728109442151599,-0.11056013377244867,1.2968772943923048,1.9382213223659959,True,True
16,2025-08-21,NGW-025,HCO3_mg_L,expanding_mean_delta,107,4.807731395112144,4.903124319710477,-0.09539292459833248,4.518075260878393,5.0973875293458955,True,True
16,2025-08-21,NGW-025,Cl_mg_L,expanding_mean_delta,107,3.6219580548393653,3.5995016429627196,0.02245641187664571,3.1981757218193883,4.045740387859342,True,True
16,2025-08-21,NGW-025,SO4_mg_L,expanding_mean_delta,107,3.680628141573292,3.5759906720353185,0.1046374695379737,3.1756813960095194,4.185574887137065,True,True
16,2025-08-21,NGW-025,NO3_mg_L,expanding_mean_delta,107,2.803749722859665,3.4968105458651015,-0.6930608230054367,2.106180370800467,3.5013190749188627,True,True
16,2025-08-21,NGW-025,F_mg_L,expanding_mean_delta,107,0.2562726627464571,0.48858001481867097,-0.23230735207221387,-0.04348331980038128,0.5560286452932954,True,True
16,2025-08-21,NGW-025,Sr_mg_L,expanding_mean_delta,107,0.191486836186782,0.18398683611301586,0.007500000073766139,-0.008513163813218011,0.39148683618678204,True,True
16,2025-08-21,NGW-025,SiO2_mg_L,expanding_mean_delta,107,3.689612253707136,3.5524868292083815,0.13712542449875453,3.3816382704550647,3.9975862369592075,True,True
16,2025-08-21,NGW-025,Ca_mg_L,hydrosheaf_graph_ridge,107,3.4936772334357826,3.3721118007670587,0.12156543266872388,3.1683556186959825,3.8189988481755828,True,True
16,2025-08-21,NGW-025,Mg_mg_L,hydrosheaf_graph_ridge,107,2.650161059933717,2.5937610547000824,0.05640000523363442,2.2674299010905883,3.0328922187768454,True,True
16,2025-08-21,NGW-025,Na_mg_L,hydrosheaf_graph_ridge,107,3.4850642480505787,3.720378121173307,-0.23531387312272845,3.0348135132367418,3.9353149828644156,True,True
16,2025-08-21,NGW-025,K_mg_L,hydrosheaf_graph_ridge,107,1.6058452081780539,1.728109442151599,-0.12226423397354513,1.2851731941912083,1.9265172221648994,True,True
16,2025-08-21,NGW-025,HCO3_mg_L,hydrosheaf_graph_ridge,107,4.841287006912117,4.903124319710477,-0.061837312798359356,4.551630872678366,5.130943141145869,True,True
16,2025-08-21,NGW-025,Cl_mg_L,hydrosheaf_graph_ridge,107,3.6203446423568684,3.5995016429627196,0.020842999394148798,3.1965623093368913,4.044126975376845,True,True
16,2025-08-21,NGW-025,SO4_mg_L,hydrosheaf_graph_ridge,107,3.663942102512871,3.5759906720353185,0.0879514304775526,3.1589953569490983,4.168888848076644,True,True
16,2025-08-21,NGW-025,NO3_mg_L,hydrosheaf_graph_ridge,107,3.0823955419046873,3.4968105458651015,-0.4144150039604142,2.38482618984549,3.779964893963885,True,True
16,2025-08-21,NGW-025,F_mg_L,hydrosheaf_graph_ridge,107,0.4423618448962525,0.48858001481867097,-0.04621816992241845,0.14260586234941414,0.7421178274430908,True,True
16,2025-08-21,NGW-025,Sr_mg_L,hydrosheaf_graph_ridge,107,0.22611756687798365,0.18398683611301586,0.04213073076496779,0.02611756687798364,0.42611756687798363,True,True
16,2025-08-21,NGW-025,SiO2_mg_L,hydrosheaf_graph_ridge,107,3.7261668234960243,3.5524868292083815,0.1736799942876428,3.418192840243953,4.034140806748096,True,True
16,2025-08-21,NGW-030,Ca_mg_L,persistence,107,3.7950396499423267,3.6653549090669792,0.12968474087534743,3.4697180352025265,4.120361264682127,True,True
16,2025-08-21,NGW-030,Mg_mg_L,persistence,107,2.6979998652487085,2.590767040487478,0.10723282476123064,2.31526870640558,3.080731024091837,True,True
16,2025-08-21,NGW-030,Na_mg_L,persistence,107,3.883623530906448,3.4265401893339504,0.45708334157249775,3.4333727960926113,4.333874265720285,True,False
16,2025-08-21,NGW-030,K_mg_L,persistence,107,1.9878743481543455,1.665818245870208,0.3220561022841375,1.6672023341675,2.308546362141191,True,False
16,2025-08-21,NGW-030,HCO3_mg_L,persistence,107,5.109514853654393,4.852811208902689,0.2567036447517044,4.819858719420642,5.399170987888144,True,True
16,2025-08-21,NGW-030,Cl_mg_L,persistence,107,4.102312731871278,3.844386356712335,0.2579263751589429,3.6785303988513007,4.526095064891255,True,True
16,2025-08-21,NGW-030,SO4_mg_L,persistence,107,3.2763897310688073,3.7595708822364693,-0.483181151167662,2.7714429855050344,3.78133647663258,True,True
16,2025-08-21,NGW-030,NO3_mg_L,persistence,107,3.0740812399649675,2.4362414778067194,0.6378397621582481,2.37651188790577,3.771650592024165,True,True
16,2025-08-21,NGW-030,F_mg_L,persistence,107,0.636576829071551,0.5538851132264376,0.08269171584511337,0.3368208465247126,0.9363328116183893,True,True
16,2025-08-21,NGW-030,Sr_mg_L,persistence,107,0.16466662155523387,0.17311261770864478,-0.008445996153410906,-0.03533337844476614,0.3646666215552339,True,True
16,2025-08-21,NGW-030,SiO2_mg_L,persistence,107,4.048300623720694,4.264087336809195,-0.21578671308850073,3.7403266404686226,4.356274606972765,True,True
16,2025-08-21,NGW-030,Ca_mg_L,expanding_mean_delta,107,3.3650551220562783,3.6653549090669792,-0.3002997870107009,3.039733507316478,3.6903767367960785,True,True
16,2025-08-21,NGW-030,Mg_mg_L,expanding_mean_delta,107,2.281039929726657,2.590767040487478,-0.30972711076082104,1.8983087708835285,2.6637710885697854,True,True
16,2025-08-21,NGW-030,Na_mg_L,expanding_mean_delta,107,3.469409635501985,3.4265401893339504,0.042869446168034564,3.019158900688148,3.919660370315822,True,True
16,2025-08-21,NGW-030,K_mg_L,expanding_mean_delta,107,1.6383112998275795,1.665818245870208,-0.02750694604262849,1.317639285840734,1.958983313814425,True,True
16,2025-08-21,NGW-030,HCO3_mg_L,expanding_mean_delta,107,4.725345510922991,4.852811208902689,-0.12746569797969798,4.43568937668924,5.015001645156742,True,True
16,2025-08-21,NGW-030,Cl_mg_L,expanding_mean_delta,107,3.546657955305532,3.844386356712335,-0.2977284014068027,3.122875622285555,3.970440288325509,True,True
16,2025-08-21,NGW-030,SO4_mg_L,expanding_mean_delta,107,2.9028011015107777,3.7595708822364693,-0.8567697807256915,2.397854355947005,3.4077478470745506,True,False
16,2025-08-21,NGW-030,NO3_mg_L,expanding_mean_delta,107,2.7432066904040227,2.4362414778067194,0.30696521259730325,2.045637338344825,3.44077604246322,True,True
16,2025-08-21,NGW-030,F_mg_L,expanding_mean_delta,107,0.47413915695982306,0.5538851132264376,-0.07974595626661457,0.17438317441298468,0.7738951395066614,True,True
16,2025-08-21,NGW-030,Sr_mg_L,expanding_mean_delta,107,0.17133502074947404,0.17311261770864478,-0.0017775969591707352,-0.028664979250525968,0.37133502074947405,True,True
16,2025-08-21,NGW-030,SiO2_mg_L,expanding_mean_delta,107,4.079492630798603,4.264087336809195,-0.1845947060105919,3.7715186475465314,4.387466614050674,True,True
16,2025-08-21,NGW-030,Ca_mg_L,hydrosheaf_graph_ridge,107,3.4303500855177065,3.6653549090669792,-0.23500482354927277,3.1050284707779063,3.7556717002575066,True,True
16,2025-08-21,NGW-030,Mg_mg_L,hydrosheaf_graph_ridge,107,2.5534880551016768,2.590767040487478,-0.0372789853858011,2.170756896258548,2.9362192139448053,True,True
16,2025-08-21,NGW-030,Na_mg_L,hydrosheaf_graph_ridge,107,3.5173998097869155,3.4265401893339504,0.09085962045296503,3.0671490749730785,3.9676505446007524,True,True
16,2025-08-21,NGW-030,K_mg_L,hydrosheaf_graph_ridge,107,1.5009809705588,1.665818245870208,-0.16483727531140802,1.1803089565719544,1.8216529845456455,True,True
16,2025-08-21,NGW-030,HCO3_mg_L,hydrosheaf_graph_ridge,107,4.729840505655906,4.852811208902689,-0.12297070324678305,4.440184371422155,5.019496639889657,True,True
16,2025-08-21,NGW-030,Cl_mg_L,hydrosheaf_graph_ridge,107,3.806393170321869,3.844386356712335,-0.037993186390465894,3.382610837301892,4.2301755033418456,True,True
16,2025-08-21,NGW-030,SO4_mg_L,hydrosheaf_graph_ridge,107,3.2614884697631092,3.7595708822364693,-0.49808241247336005,2.7565417241993364,3.766435215326882,True,True
16,2025-08-21,NGW-030,NO3_mg_L,hydrosheaf_graph_ridge,107,2.436279349758307,2.4362414778067194,3.7871951587664654e-05,1.7387099976991094,3.133848701817505,True,True
16,2025-08-21,NGW-030,F_mg_L,hydrosheaf_graph_ridge,107,0.5588793440410624,0.5538851132264376,0.0049942308146248005,0.25912336149422405,0.8586353265879008,True,True
16,2025-08-21,NGW-030,Sr_mg_L,hydrosheaf_graph_ridge,107,0.14852558903677662,0.17311261770864478,-0.024587028671868155,-0.05147441096322339,0.34852558903677666,True,True
16,2025-08-21,NGW-030,SiO2_mg_L,hydrosheaf_graph_ridge,107,4.130861153874865,4.264087336809195,-0.13322618293432953,3.822887170622794,4.438835137126937,True,True
16,2025-08-21,NGW-041,Ca_mg_L,persistence,107,3.991019011654644,3.49620448524049,0.4948145264141539,3.665697396914844,4.316340626394444,True,False
16,2025-08-21,NGW-041,Mg_mg_L,persistence,107,2.972975286431375,2.451005098112319,0.521970188319056,2.5902441275882464,3.3557064452745036,True,False
16,2025-08-21,NGW-041,Na_mg_L,persistence,107,4.027848570933736,3.4091655513113324,0.618683019622404,3.5775978361198995,4.478099305747573,True,False
16,2025-08-21,NGW-041,K_mg_L,persistence,107,2.0476928433652555,1.809926773183504,0.23776607018175144,1.72702082937841,2.368364857352101,True,True
16,2025-08-21,NGW-041,HCO3_mg_L,persistence,107,5.2336188326091,4.72889111297785,0.5047277196312496,4.943962698375349,5.523274966842851,True,False
16,2025-08-21,NGW-041,Cl_mg_L,persistence,107,4.4835673642288425,3.7492687541267204,0.734298610102122,4.0597850312088655,4.9073496972488195,True,False
16,2025-08-21,NGW-041,SO4_mg_L,persistence,107,4.077876369514794,3.3968546322280186,0.6810217372867751,3.572929623951021,4.5828231150785665,True,False
16,2025-08-21,NGW-041,NO3_mg_L,persistence,107,2.67827804276854,1.4996230464268938,1.1786549963416462,1.9807086907093423,3.375847394827738,True,False
16,2025-08-21,NGW-041,F_mg_L,persistence,107,0.4252677354043441,0.16551443847757338,0.25975329692677074,0.1255117528575057,0.7250237179511825,True,True
16,2025-08-21,NGW-041,Sr_mg_L,persistence,107,0.14410034397375684,0.1406311297397456,0.003469214234011253,-0.055899656026243166,0.3441003439737569,True,True
16,2025-08-21,NGW-041,SiO2_mg_L,persistence,107,4.012772908528289,3.6788291182604347,0.33394379026785437,3.7047989252762177,4.32074689178036,True,False
16,2025-08-21,NGW-041,Ca_mg_L,expanding_mean_delta,107,3.5610344837685957,3.49620448524049,0.06482999852810556,3.2357128690287955,3.886356098508396,True,True
16,2025-08-21,NGW-041,Mg_mg_L,expanding_mean_delta,107,2.5560153509093233,2.451005098112319,0.10501025279700427,2.1732841920661947,2.938746509752452,True,True
16,2025-08-21,NGW-041,Na_mg_L,expanding_mean_delta,107,3.613634675529273,3.4091655513113324,0.20446912421794083,3.1633839407154363,4.06388541034311,True,True
16,2025-08-21,NGW-041,K_mg_L,expanding_mean_delta,107,1.6981297950384895,1.809926773183504,-0.11179697814501455,1.377457781051644,2.018801809025335,True,True
16,2025-08-21,NGW-041,HCO3_mg_L,expanding_mean_delta,107,4.849449489877697,4.72889111297785,0.12055837689984727,4.559793355643946,5.1391056241114486,True,True
16,2025-08-21,NGW-041,Cl_mg_L,expanding_mean_delta,107,3.927912587663097,3.7492687541267204,0.17864383353637647,3.50413025464312,4.351694920683074,True,True
16,2025-08-21,NGW-041,SO4_mg_L,expanding_mean_delta,107,3.704287739956764,3.3968546322280186,0.30743310772874555,3.1993409943929914,4.209234485520537,True,True
16,2025-08-21,NGW-041,NO3_mg_L,expanding_mean_delta,107,2.347403493207595,1.4996230464268938,0.8477804467807013,1.6498341411483974,3.044972845266793,True,False
16,2025-08-21,NGW-041,F_mg_L,expanding_mean_delta,107,0.26283006329261616,0.16551443847757338,0.09731562481504277,-0.03692591925422223,0.5625860458394545,True,True
16,2025-08-21,NGW-041,Sr_mg_L,expanding_mean_delta,107,0.15076874316799702,0.1406311297397456,0.010137613428251424,-0.049231256832002995,0.350768743167997,True,True
16,2025-08-21,NGW-041,SiO2_mg_L,expanding_mean_delta,107,4.043964915606198,3.6788291182604347,0.3651357973457632,3.7359909323541265,4.351938898858269,True,False
16,2025-08-21,NGW-041,Ca_mg_L,hydrosheaf_graph_ridge,107,3.5322408751994008,3.49620448524049,0.036036389958910675,3.2069192604596006,3.857562489939201,True,True
16,2025-08-21,NGW-041,Mg_mg_L,hydrosheaf_graph_ridge,107,2.5178271252762454,2.451005098112319,0.06682202716392638,2.135095966433117,2.900558284119374,True,True
16,2025-08-21,NGW-041,Na_mg_L,hydrosheaf_graph_ridge,107,3.588083751790189,3.4091655513113324,0.17891820047885654,3.137833016976352,4.038334486604025,True,True
16,2025-08-21,NGW-041,K_mg_L,hydrosheaf_graph_ridge,107,1.7877968167010627,1.809926773183504,-0.022129956482441315,1.4671248027142172,2.108468830687908,True,True
16,2025-08-21,NGW-041,HCO3_mg_L,hydrosheaf_graph_ridge,107,4.856910899107203,4.72889111297785,0.12801978612935283,4.567254764873452,5.146567033340954,True,True
16,2025-08-21,NGW-041,Cl_mg_L,hydrosheaf_graph_ridge,107,3.913913583425156,3.7492687541267204,0.1646448292984357,3.490131250405179,4.337695916445133,True,True
16,2025-08-21,NGW-041,SO4_mg_L,hydrosheaf_graph_ridge,107,3.50198251752469,3.3968546322280186,0.1051278852966715,2.9970357719609173,4.006929263088463,True,True
16,2025-08-21,NGW-041,NO3_mg_L,hydrosheaf_graph_ridge,107,2.2413658580523856,1.4996230464268938,0.7417428116254918,1.543796505993188,2.938935210111583,True,False
16,2025-08-21,NGW-041,F_mg_L,hydrosheaf_graph_ridge,107,0.38337823581677677,0.16551443847757338,0.21786379733920339,0.08362225326993838,0.6831342183636151,True,True
16,2025-08-21,NGW-041,Sr_mg_L,hydrosheaf_graph_ridge,107,0.16346862112040164,0.1406311297397456,0.02283749138065605,-0.03653137887959837,0.3634686211204017,True,True
16,2025-08-21,NGW-041,SiO2_mg_L,hydrosheaf_graph_ridge,107,3.8279236301977804,3.6788291182604347,0.1490945119373457,3.519949646945709,4.135897613449852,True,True
16,2025-08-21,NGW-081,Ca_mg_L,persistence,107,4.08260930600368,3.5854614949154477,0.49714781108823214,3.7572876912638797,4.40793092074348,True,False
16,2025-08-21,NGW-081,Mg_mg_L,persistence,107,3.013080911888604,2.753023566744941,0.2600573451436632,2.6303497530454756,3.3958120707317327,True,True
16,2025-08-21,NGW-081,Na_mg_L,persistence,107,4.006059647354529,3.602231647388264,0.4038279999662646,3.5558089125406918,4.456310382168366,True,True
16,2025-08-21,NGW-081,K_mg_L,persistence,107,1.9358598132018119,1.6034198401085376,0.33243997309327433,1.6151877992149664,2.2565318271886574,True,False
16,2025-08-21,NGW-081,HCO3_mg_L,persistence,107,5.245865506545613,5.054524579665976,0.19134092687963644,4.956209372311862,5.535521640779364,True,True
16,2025-08-21,NGW-081,Cl_mg_L,persistence,107,4.415461410760119,3.9316295350670645,0.4838318756930544,3.991679077740142,4.839243743780096,True,False
16,2025-08-21,NGW-081,SO4_mg_L,persistence,107,3.802654468372781,3.3686741899565953,0.4339802784161857,3.297707722809008,4.307601213936554,True,True
16,2025-08-21,NGW-081,NO3_mg_L,persistence,107,3.231989464013584,3.4151002868311466,-0.18311082281756264,2.534420111954386,3.929558816072782,True,True
16,2025-08-21,NGW-081,F_mg_L,persistence,107,0.9555114450274363,0.7701082216960736,0.18540322333136272,0.6557554624805979,1.2552674275742748,True,True
16,2025-08-21,NGW-081,Sr_mg_L,persistence,107,0.20130685670503531,0.20375683751401966,-0.0024499808089843422,0.001306856705035303,0.4013068567050353,True,True
16,2025-08-21,NGW-081,SiO2_mg_L,persistence,107,4.141546163706395,4.264087336809195,-0.12254117310279966,3.8335721804543237,4.449520146958466,True,True
16,2025-08-21,NGW-081,Ca_mg_L,expanding_mean_delta,107,3.6526247781176315,3.5854614949154477,0.06716328320218379,3.3273031633778314,3.9779463928574317,True,True
16,2025-08-21,NGW-081,Mg_mg_L,expanding_mean_delta,107,2.5961209763665525,2.753023566744941,-0.1569025903783885,2.213389817523424,2.978852135209681,True,True
16,2025-08-21,NGW-081,Na_mg_L,expanding_mean_delta,107,3.5918457519500655,3.602231647388264,-0.010385895438198567,3.1415950171362286,4.042096486763902,True,True
16,2025-08-21,NGW-081,K_mg_L,expanding_mean_delta,107,1.586296764875046,1.6034198401085376,-0.017123075233491658,1.2656247508882004,1.9069687788618914,True,True
16,2025-08-21,NGW-081,HCO3_mg_L,expanding_mean_delta,107,4.86169616381421,5.054524579665976,-0.1928284158517659,4.572040029580459,5.151352298047962,True,True
16,2025-08-21,NGW-081,Cl_mg_L,expanding_mean_delta,107,3.8598066341943733,3.9316295350670645,-0.07182290087269116,3.4360243011743963,4.28358896721435,True,True
16,2025-08-21,NGW-081,SO4_mg_L,expanding_mean_delta,107,3.4290658388147515,3.3686741899565953,0.06039164885815618,2.9241190932509786,3.9340125843785243,True,True
16,2025-08-21,NGW-081,NO3_mg_L,expanding_mean_delta,107,2.901114914452639,3.4151002868311466,-0.5139853723785075,2.2035455623934412,3.598684266511837,True,True
16,2025-08-21,NGW-081,F_mg_L,expanding_mean_delta,107,0.7930737729157085,0.7701082216960736,0.02296555121963484,0.4933177903688701,1.0928297554625468,True,True
16,2025-08-21,NGW-081,Sr_mg_L,expanding_mean_delta,107,0.20797525589927549,0.20375683751401966,0.004218418385255829,0.007975255899275474,0.4079752558992755,True,True
16,2025-08-21,NGW-081,SiO2_mg_L,expanding_mean_delta,107,4.172738170784304,4.264087336809195,-0.09134916602489085,3.8647641875322325,4.480712154036375,True,True
16,2025-08-21,NGW-081,Ca_mg_L,hydrosheaf_graph_ridge,107,3.4926820141266957,3.5854614949154477,-0.09277948078875209,3.1673603993868955,3.818003628866496,True,True
16,2025-08-21,NGW-081,Mg_mg_L,hydrosheaf_graph_ridge,107,2.7431195934921058,2.753023566744941,-0.009903973252835208,2.360388434648977,3.1258507523352344,True,True
16,2025-08-21,NGW-081,Na_mg_L,hydrosheaf_graph_ridge,107,3.652167960993377,3.602231647388264,0.04993631360511275,3.20191722617954,4.102418695807214,True,True
16,2025-08-21,NGW-081,K_mg_L,hydrosheaf_graph_ridge,107,1.6786881519762265,1.6034198401085376,0.0752683118676889,1.358016137989381,1.999360165963072,True,True
16,2025-08-21,NGW-081,HCO3_mg_L,hydrosheaf_graph_ridge,107,4.877776362737687,5.054524579665976,-0.17674821692828946,4.588120228503936,5.167432496971438,True,True
16,2025-08-21,NGW-081,Cl_mg_L,hydrosheaf_graph_ridge,107,3.7719982446750007,3.9316295350670645,-0.1596312903920638,3.3482159116550236,4.195780577694977,True,True
16,2025-08-21,NGW-081,SO4_mg_L,hydrosheaf_graph_ridge,107,3.548088546350981,3.3686741899565953,0.17941435639438552,3.043141800787208,4.053035291914754,True,True
16,2025-08-21,NGW-081,NO3_mg_L,hydrosheaf_graph_ridge,107,2.7836856043473293,3.4151002868311466,-0.6314146824838174,2.0861162522881314,3.481254956406527,True,True
16,2025-08-21,NGW-081,F_mg_L,hydrosheaf_graph_ridge,107,0.7165091712471655,0.7701082216960736,-0.053599050448908114,0.4167531887003271,1.016265153794004,True,True
16,2025-08-21,NGW-081,Sr_mg_L,hydrosheaf_graph_ridge,107,0.15250691680065237,0.20375683751401966,-0.051249920713367286,-0.04749308319934764,0.3525069168006524,True,True
16,2025-08-21,NGW-081,SiO2_mg_L,hydrosheaf_graph_ridge,107,4.203205339619865,4.264087336809195,-0.06088199718932952,3.895231356367794,4.511179322871937,True,True
16,2025-08-21,NGW-084,Ca_mg_L,persistence,107,4.007696755496428,3.6805952345262387,0.3271015209701895,3.682375140756628,4.333018370236228,True,False
16,2025-08-21,NGW-084,Mg_mg_L,persistence,107,3.2136622578153133,2.6483001966964363,0.565362061118877,2.8309310989721848,3.596393416658442,True,False
16,2025-08-21,NGW-084,Na_mg_L,persistence,107,4.256321678298823,3.8709926558701544,0.38532902242866873,3.806070943484986,4.70657241311266,True,True
16,2025-08-21,NGW-084,K_mg_L,persistence,107,2.063058062429312,1.8341801851120072,0.22887787731730458,1.7423860484424663,2.3837300764161573,True,True
16,2025-08-21,NGW-084,HCO3_mg_L,persistence,107,5.455791090372227,5.0056227522727115,0.4501683380995152,5.1661349561384755,5.745447224605978,True,False
16,2025-08-21,NGW-084,Cl_mg_L,persistence,107,4.544145484150317,3.9742463486082777,0.5698991355420389,4.12036315113034,4.967927817170294,True,False
16,2025-08-21,NGW-084,SO4_mg_L,persistence,107,3.6136169696133895,3.4301087251565754,0.18350824445681413,3.1086702240496167,4.118563715177163,True,True
16,2025-08-21,NGW-084,NO3_mg_L,persistence,107,4.123417809707808,3.8172726688823353,0.30614514082547295,3.425848457648611,4.820987161767006,True,True
16,2025-08-21,NGW-084,F_mg_L,persistence,107,1.1939224684724346,0.8109302162163288,0.3829922522561058,0.8941664859255962,1.4936784510192729,True,False
16,2025-08-21,NGW-084,Sr_mg_L,persistence,107,0.14410034397375684,0.17058630057553373,-0.026485956601776883,-0.055899656026243166,0.3441003439737569,True,True
16,2025-08-21,NGW-084,SiO2_mg_L,persistence,107,4.11251186617755,4.356708826689592,-0.24419696051204198,3.8045378829254783,4.420485849429621,True,True
16,2025-08-21,NGW-084,Ca_mg_L,expanding_mean_delta,107,3.57771222761038,3.6805952345262387,-0.10288300691585883,3.2523906128705797,3.90303384235018,True,True
16,2025-08-21,NGW-084,Mg_mg_L,expanding_mean_delta,107,2.7967023222932617,2.6483001966964363,0.1484021255968253,2.413971163450133,3.1794334811363902,True,True
16,2025-08-21,NGW-084,Na_mg_L,expanding_mean_delta,107,3.84210778289436,3.8709926558701544,-0.02888487297579445,3.391857048080523,4.292358517708196,True,True
16,2025-08-21,NGW-084,K_mg_L,expanding_mean_delta,107,1.7134950141025458,1.8341801851120072,-0.12068517100946141,1.3928230001157003,2.0341670280893913,True,True
16,2025-08-21,NGW-084,HCO3_mg_L,expanding_mean_delta,107,5.071621747640824,5.0056227522727115,0.06599899536811282,4.781965613407073,5.361277881874575,True,True
16,2025-08-21,NGW-084,Cl_mg_L,expanding_mean_delta,107,3.988490707584571,3.9742463486082777,0.014244358976293281,3.564708374564594,4.412273040604548,True,True
16,2025-08-21,NGW-084,SO4_mg_L,expanding_mean_delta,107,3.24002834005536,3.4301087251565754,-0.1900803851012154,2.735081594491587,3.744975085619133,True,True
16,2025-08-21,NGW-084,NO3_mg_L,expanding_mean_delta,107,3.7925432601468634,3.8172726688823353,-0.024729408735471914,3.094973908087666,4.490112612206061,True,True
16,2025-08-21,NGW-084,F_mg_L,expanding_mean_delta,107,1.0314847963607066,0.8109302162163288,0.2205545801443778,0.7317288138138682,1.3312407789075449,True,True
16,2025-08-21,NGW-084,Sr_mg_L,expanding_mean_delta,107,0.15076874316799702,0.17058630057553373,-0.019817557407536712,-0.049231256832002995,0.350768743167997,True,True
16,2025-08-21,NGW-084,SiO2_mg_L,expanding_mean_delta,107,4.1437038732554585,4.356708826689592,-0.21300495343413317,3.835729890003387,4.45167785650753,True,True
16,2025-08-21,NGW-084,Ca_mg_L,hydrosheaf_graph_ridge,107,3.4553382874791376,3.6805952345262387,-0.22525694704710109,3.1300166727393375,3.7806599022189378,True,True
16,2025-08-21,NGW-084,Mg_mg_L,hydrosheaf_graph_ridge,107,2.532887062730758,2.6483001966964363,-0.11541313396567832,2.1501559038876294,2.9156182215738866,True,True
16,2025-08-21,NGW-084,Na_mg_L,hydrosheaf_graph_ridge,107,3.7434954742179567,3.8709926558701544,-0.1274971816521977,3.2932447394041198,4.193746209031794,True,True
16,2025-08-21,NGW-084,K_mg_L,hydrosheaf_graph_ridge,107,1.7850126259881085,1.8341801851120072,-0.049167559123898696,1.464340612001263,2.105684639974954,True,True
16,2025-08-21,NGW-084,HCO3_mg_L,hydrosheaf_graph_ridge,107,4.780739847658623,5.0056227522727115,-0.22488290461408855,4.491083713424872,5.070395981892374,True,True
16,2025-08-21,NGW-084,Cl_mg_L,hydrosheaf_graph_ridge,107,3.82421930133863,3.9742463486082777,-0.15002704726964788,3.400436968318653,4.248001634358607,True,True
16,2025-08-21,NGW-084,SO4_mg_L,hydrosheaf_graph_ridge,107,3.459260733294822,3.4301087251565754,0.02915200813824681,2.9543139877310494,3.964207478858595,True,True
16,2025-08-21,NGW-084,NO3_mg_L,hydrosheaf_graph_ridge,107,3.6209501944462636,3.8172726688823353,-0.19632247443607165,2.9233808423870657,4.3185195465054615,True,True
16,2025-08-21,NGW-084,F_mg_L,hydrosheaf_graph_ridge,107,0.8911361390264367,0.8109302162163288,0.08020592281010797,0.5913801564795984,1.190892121573275,True,True
16,2025-08-21,NGW-084,Sr_mg_L,hydrosheaf_graph_ridge,107,0.17238729369208564,0.17058630057553373,0.0018009931165519077,-0.027612706307914375,0.3723872936920857,True,True
16,2025-08-21,NGW-084,SiO2_mg_L,hydrosheaf_graph_ridge,107,3.960321470317623,4.356708826689592,-0.39638735637196865,3.6523474870655517,4.268295453569694,True,False
16,2025-08-21,NGW-117,Ca_mg_L,persistence,107,3.8622023104441903,3.653770277000368,0.2084320334438221,3.53688069570439,4.18752392518399,True,True
16,2025-08-21,NGW-117,Mg_mg_L,persistence,107,2.8338014064077703,2.3933394562625097,0.4404619501452607,2.4510702475646418,3.216532565250899,True,False
16,2025-08-21,NGW-117,Na_mg_L,persistence,107,4.283310661734724,3.7371933143924867,0.5461173473422374,3.833059926920887,4.733561396548561,True,False
16,2025-08-21,NGW-117,K_mg_L,persistence,107,2.0906287310704004,1.6620303625532709,0.4285983685171295,1.7699567170835548,2.411300745057246,True,False
16,2025-08-21,NGW-117,HCO3_mg_L,persistence,107,5.2548878086207,4.973279507552487,0.28160830106821333,4.965231674386949,5.544543942854451,True,True
16,2025-08-21,NGW-117,Cl_mg_L,persistence,107,4.580467573347719,3.7702289998102594,0.8102385735374598,4.156685240327742,5.004249906367696,True,False
16,2025-08-21,NGW-117,SO4_mg_L,persistence,107,3.5452977256359124,3.407841924380824,0.1374558012550886,3.0403509800721396,4.050244471199686,True,True
16,2025-08-21,NGW-117,NO3_mg_L,persistence,107,3.5675589188773804,3.3178157727231046,0.24974314615427584,2.869989566818183,4.265128270936578,True,True
16,2025-08-21,NGW-117,F_mg_L,persistence,107,1.000631880307906,0.9555114450274363,0.045120435280469606,0.7008758977610676,1.3003878628547443,True,True
16,2025-08-21,NGW-117,Sr_mg_L,persistence,107,0.14323416808590783,0.18398683611301586,-0.04075266802710803,-0.05676583191409218,0.34323416808590784,True,True
16,2025-08-21,NGW-117,SiO2_mg_L,persistence,107,3.427514689979529,4.005513348515485,-0.5779986585359556,3.1195407067274576,3.7354886732316004,True,False
16,2025-08-21,NGW-117,Ca_mg_L,expanding_mean_delta,107,3.432217782558142,3.653770277000368,-0.22155249444222624,3.1068961678183418,3.757539397297942,True,True
16,2025-08-21,NGW-117,Mg_mg_L,expanding_mean_delta,107,2.4168414708857187,2.3933394562625097,0.023502014623209,2.03411031204259,2.7995726297288472,True,True
16,2025-08-21,NGW-117,Na_mg_L,expanding_mean_delta,107,3.869096766330261,3.7371933143924867,0.1319034519377742,3.418846031516424,4.319347501144097,True,True
16,2025-08-21,NGW-117,K_mg_L,expanding_mean_delta,107,1.7410656827436344,1.6620303625532709,0.07903532019036352,1.4203936687567889,2.06173769673048,True,True
16,2025-08-21,NGW-117,HCO3_mg_L,expanding_mean_delta,107,4.870718465889298,4.973279507552487,-0.10256104166318902,4.581062331655547,5.160374600123049,True,True
16,2025-08-21,NGW-117,Cl_mg_L,expanding_mean_delta,107,4.024812796781974,3.7702289998102594,0.2545837969717142,3.6010304637619965,4.448595129801951,True,True
16,2025-08-21,NGW-117,SO4_mg_L,expanding_mean_delta,107,3.171709096077883,3.407841924380824,-0.2361328283029409,2.66676235051411,3.6766558416416557,True,True
16,2025-08-21,NGW-117,NO3_mg_L,expanding_mean_delta,107,3.2366843693164355,3.3178157727231046,-0.08113140340666902,2.539115017257238,3.934253721375633,True,True
16,2025-08-21,NGW-117,F_mg_L,expanding_mean_delta,107,0.838194208196178,0.9555114450274363,-0.11731723683125839,0.5384382256493396,1.1379501907430163,True,True
16,2025-08-21,NGW-117,Sr_mg_L,expanding_mean_delta,107,0.149902567280148,0.18398683611301586,-0.03408426883286786,-0.05009743271985201,0.349902567280148,True,True
16,2025-08-21,NGW-117,SiO2_mg_L,expanding_mean_delta,107,3.4587066970574374,4.005513348515485,-0.5468066514580472,3.150732713805366,3.7666806803095088,True,False
16,2025-08-21,NGW-117,Ca_mg_L,hydrosheaf_graph_ridge,107,3.466506484418618,3.653770277000368,-0.1872637925817502,3.141184869678818,3.791828099158418,True,True
16,2025-08-21,NGW-117,Mg_mg_L,hydrosheaf_graph_ridge,107,2.393447100806931,2.3933394562625097,0.00010764454442124816,2.0107159419638023,2.7761782596500595,True,True
16,2025-08-21,NGW-117,Na_mg_L,hydrosheaf_graph_ridge,107,3.6152480017538307,3.7371933143924867,-0.12194531263865604,3.1649972669399937,4.065498736567667,True,True
16,2025-08-21,NGW-117,K_mg_L,hydrosheaf_graph_ridge,107,1.6166396939595566,1.6620303625532709,-0.04539066859371421,1.2959676799727111,1.9373117079464022,True,True
16,2025-08-21,NGW-117,HCO3_mg_L,hydrosheaf_graph_ridge,107,4.6653460083367655,4.973279507552487,-0.30793349921572144,4.375689874103014,4.955002142570517,True,False
16,2025-08-21,NGW-117,Cl_mg_L,hydrosheaf_graph_ridge,107,3.809976808811086,3.7702289998102594,0.03974780900082653,3.386194475791109,4.2337591418310625,True,True
16,2025-08-21,NGW-117,SO4_mg_L,hydrosheaf_graph_ridge,107,3.2036771321208364,3.407841924380824,-0.2041647922599874,2.6987303865570635,3.708623877684609,True,True
16,2025-08-21,NGW-117,NO3_mg_L,hydrosheaf_graph_ridge,107,2.8688778405481257,3.3178157727231046,-0.4489379321749789,2.171308488488928,3.566447192607323,True,True
16,2025-08-21,NGW-117,F_mg_L,hydrosheaf_graph_ridge,107,0.836781124834511,0.9555114450274363,-0.1187303201929254,0.5370251422876726,1.1365371073813493,True,True
16,2025-08-21,NGW-117,Sr_mg_L,hydrosheaf_graph_ridge,107,0.19044953518041566,0.18398683611301586,0.006462699067399796,-0.009550464819584353,0.3904495351804157,True,True
16,2025-08-21,NGW-117,SiO2_mg_L,hydrosheaf_graph_ridge,107,3.6629564105002803,4.005513348515485,-0.34255693801520426,3.354982427248209,3.9709303937523517,True,False
16,2025-08-21,NGW-120,Ca_mg_L,persistence,107,3.965563772356176,3.3568971227655755,0.6086666495906004,3.6402421576163757,4.290885387095976,True,False
16,2025-08-21,NGW-120,Mg_mg_L,persistence,107,2.7376090033437546,2.5930133911138515,0.14459561222990303,2.354877844500626,3.120340162186883,True,True
16,2025-08-21,NGW-120,Na_mg_L,persistence,107,4.156536582478548,3.5157158351047473,0.6408207473738008,3.706285847664711,4.606787317292385,True,False
16,2025-08-21,NGW-120,K_mg_L,persistence,107,1.9095425048844386,1.5644405465033644,0.34510195838107416,1.588870490897593,2.230214518871284,True,False
16,2025-08-21,NGW-120,HCO3_mg_L,persistence,107,5.226230427653136,4.831109824604303,0.39512060304883345,4.936574293419385,5.515886561886887,True,False
16,2025-08-21,NGW-120,Cl_mg_L,persistence,107,4.367547313409047,3.620600613360642,0.7469467000484054,3.94376498038907,4.791329646429024,True,False
16,2025-08-21,NGW-120,SO4_mg_L,persistence,107,4.018183201256536,3.26804686887465,0.7501363323818864,3.5132364556927635,4.523129946820309,True,False
16,2025-08-21,NGW-120,NO3_mg_L,persistence,107,2.8622008809294686,2.498973906999436,0.36322697393003267,2.164631528870271,3.559770232988666,True,True
16,2025-08-21,NGW-120,F_mg_L,persistence,107,0.6678293725756554,0.6678293725756554,0.0,0.36807339002881706,0.9675853551224938,True,True
16,2025-08-21,NGW-120,Sr_mg_L,persistence,107,0.1231021971339834,0.14323416808590783,-0.020131970951924427,-0.0768978028660166,0.3231021971339834,True,True
16,2025-08-21,NGW-120,SiO2_mg_L,persistence,107,3.879499813722586,3.449987545831587,0.4295122678909986,3.5715258304705144,4.187473796974657,True,False
16,2025-08-21,NGW-120,Ca_mg_L,expanding_mean_delta,107,3.5355792444701275,3.3568971227655755,0.178682121704552,3.2102576297303274,3.8609008592099276,True,True
16,2025-08-21,NGW-120,Mg_mg_L,expanding_mean_delta,107,2.320649067821703,2.5930133911138515,-0.27236432329214866,1.9379179089785745,2.7033802266648315,True,True
16,2025-08-21,NGW-120,Na_mg_L,expanding_mean_delta,107,3.742322687074085,3.5157158351047473,0.2266068519693376,3.292071952260248,4.192573421887921,True,True
16,2025-08-21,NGW-120,K_mg_L,expanding_mean_delta,107,1.5599794565576726,1.5644405465033644,-0.004461089945691832,1.239307442570827,1.880651470544518,True,True
16,2025-08-21,NGW-120,HCO3_mg_L,expanding_mean_delta,107,4.842061084921734,4.831109824604303,0.0109512603174311,4.552404950687983,5.131717219155485,True,True
16,2025-08-21,NGW-120,Cl_mg_L,expanding_mean_delta,107,3.8118925368433016,3.620600613360642,0.19129192348265978,3.3881102038233246,4.235674869863279,True,True
16,2025-08-21,NGW-120,SO4_mg_L,expanding_mean_delta,107,3.644594571698507,3.26804686887465,0.37654770282385686,3.139647826134734,4.14954131726228,True,True
16,2025-08-21,NGW-120,NO3_mg_L,expanding_mean_delta,107,2.5313263313685237,2.498973906999436,0.03235242436908781,1.833756979309326,3.228895683427721,True,True
16,2025-08-21,NGW-120,F_mg_L,expanding_mean_delta,107,0.5053917004639275,0.6678293725756554,-0.162437672111728,0.20563571791708907,0.8051476830107658,True,True
16,2025-08-21,NGW-120,Sr_mg_L,expanding_mean_delta,107,0.12977059632822358,0.14323416808590783,-0.013463571757684256,-0.07022940367177644,0.3297705963282236,True,True
16,2025-08-21,NGW-120,SiO2_mg_L,expanding_mean_delta,107,3.910691820800494,3.449987545831587,0.460704274968907,3.602717837548423,4.2186658040525655,True,False
16,2025-08-21,NGW-120,Ca_mg_L,hydrosheaf_graph_ridge,107,3.5478965962879054,3.3568971227655755,0.19099947352232993,3.2225749815481053,3.8732182110277056,True,True
16,2025-08-21,NGW-120,Mg_mg_L,hydrosheaf_graph_ridge,107,2.443366656724521,2.5930133911138515,-0.1496467343893304,2.0606354978813926,2.8260978155676497,True,True
16,2025-08-21,NGW-120,Na_mg_L,hydrosheaf_graph_ridge,107,3.7728636435309846,3.5157158351047473,0.2571478084262373,3.3226129087171477,4.223114378344821,True,True
16,2025-08-21,NGW-120,K_mg_L,hydrosheaf_graph_ridge,107,1.5775385092609258,1.5644405465033644,0.013097962757561366,1.2568664952740802,1.8982105232477713,True,True
16,2025-08-21,NGW-120,HCO3_mg_L,hydrosheaf_graph_ridge,107,4.932795905209901,4.831109824604303,0.10168608060559858,4.64313977097615,5.222452039443652,True,True
16,2025-08-21,NGW-120,Cl_mg_L,hydrosheaf_graph_ridge,107,3.8078334816307766,3.620600613360642,0.18723286827013474,3.3840511486107996,4.231615814650754,True,True
16,2025-08-21,NGW-120,SO4_mg_L,hydrosheaf_graph_ridge,107,3.3130534483319387,3.26804686887465,0.0450065794572887,2.808106702768166,3.8180001938957115,True,True
16,2025-08-21,NGW-120,NO3_mg_L,hydrosheaf_graph_ridge,107,2.725473805253955,2.498973906999436,0.22649989825451922,2.0279044531947577,3.4230431573131526,True,True
16,2025-08-21,NGW-120,F_mg_L,hydrosheaf_graph_ridge,107,0.7118340651648394,0.6678293725756554,0.044004692589183936,0.412078082618001,1.0115900477116777,True,True
16,2025-08-21,NGW-120,Sr_mg_L,hydrosheaf_graph_ridge,107,0.16986191362306377,0.14323416808590783,0.02662774553715594,-0.03013808637693624,0.36986191362306375,True,True
16,2025-08-21,NGW-120,SiO2_mg_L,hydrosheaf_graph_ridge,107,3.8957436950866233,3.449987545831587,0.44575614925503615,3.587769711834552,4.203717678338695,True,False
16,2025-08-21,NGW-130,Ca_mg_L,persistence,107,3.9701032165046706,3.660222744864132,0.3098804716405388,3.6447816017648704,4.29542483124447,True,True
16,2025-08-21,NGW-130,Mg_mg_L,persistence,107,2.3617969526258915,2.7265447837383743,-0.36474783111248277,1.9790657937827631,2.74452811146902,True,True
16,2025-08-21,NGW-130,Na_mg_L,persistence,107,3.893044038830343,3.54558628428746,0.3474577545428832,3.442793304016506,4.34329477364418,True,True
16,2025-08-21,NGW-130,K_mg_L,persistence,107,2.1186622548331173,1.7967470107390942,0.32191524409402317,1.7979902408462718,2.439334268819963,True,False
16,2025-08-21,NGW-130,HCO3_mg_L,persistence,107,4.916764078486185,4.865378281439117,0.05138579704706814,4.627107944252434,5.206420212719936,True,True
16,2025-08-21,NGW-130,Cl_mg_L,persistence,107,4.243913332544247,3.820346216856242,0.4235671156880052,3.8201309995242703,4.667695665564224,True,True
16,2025-08-21,NGW-130,SO4_mg_L,persistence,107,3.5429862539335333,3.5562048372093953,-0.013218583275862006,3.0380395083697604,4.047932999497307,True,True
16,2025-08-21,NGW-130,NO3_mg_L,persistence,107,3.9431340004531985,4.136445738240736,-0.19331173778753774,3.2455646483940006,4.640703352512396,True,True
16,2025-08-21,NGW-130,F_mg_L,persistence,107,0.5596157879354227,0.6151856390902334,-0.05556985115481072,0.2598598053885843,0.859371770482261,True,True
16,2025-08-21,NGW-130,Sr_mg_L,persistence,107,0.19062035960864973,0.20945022418220727,-0.018829864573557537,-0.00937964039135028,0.3906203596086497,True,True
16,2025-08-21,NGW-130,SiO2_mg_L,persistence,107,4.120661870539474,4.141546163706395,-0.020884293166920642,3.812687887287403,4.428635853791546,True,True
16,2025-08-21,NGW-130,Ca_mg_L,expanding_mean_delta,107,3.5401186886186222,3.660222744864132,-0.12010405624550957,3.214797073878822,3.8654403033584224,True,True
16,2025-08-21,NGW-130,Mg_mg_L,expanding_mean_delta,107,1.94483701710384,2.7265447837383743,-0.7817077666345342,1.5621058582607117,2.3275681759469684,True,False
16,2025-08-21,NGW-130,Na_mg_L,expanding_mean_delta,107,3.47883014342588,3.54558628428746,-0.06675614086158,3.028579408612043,3.929080878239717,True,True
16,2025-08-21,NGW-130,K_mg_L,expanding_mean_delta,107,1.7690992065063513,1.7967470107390942,-0.027647804232742823,1.4484271925195058,2.089771220493197,True,True
16,2025-08-21,NGW-130,HCO3_mg_L,expanding_mean_delta,107,4.532594735754783,4.865378281439117,-0.3327835456843342,4.242938601521032,4.822250869988534,True,False
16,2025-08-21,NGW-130,Cl_mg_L,expanding_mean_delta,107,3.6882585559785017,3.820346216856242,-0.13208766087774038,3.2644762229585247,4.112040888998479,True,True
16,2025-08-21,NGW-130,SO4_mg_L,expanding_mean_delta,107,3.1693976243755038,3.5562048372093953,-0.3868072128338915,2.664450878811731,3.6743443699392766,True,True
16,2025-08-21,NGW-130,NO3_mg_L,expanding_mean_delta,107,3.6122594508922536,4.136445738240736,-0.5241862873484826,2.9146900988330557,4.3098288029514515,True,True
16,2025-08-21,NGW-130,F_mg_L,expanding_mean_delta,107,0.3971781158236947,0.6151856390902334,-0.21800752326653866,0.09742213327685634,0.6969340983705331,True,True
16,2025-08-21,NGW-130,Sr_mg_L,expanding_mean_delta,107,0.1972887588028899,0.20945022418220727,-0.012161465379317365,-0.002711241197110109,0.39728875880288994,True,True
16,2025-08-21,NGW-130,SiO2_mg_L,expanding_mean_delta,107,4.151853877617383,4.141546163706395,0.01030771391098817,3.843879894365312,4.459827860869455,True,True
16,2025-08-21,NGW-130,Ca_mg_L,hydrosheaf_graph_ridge,107,3.48507019807204,3.660222744864132,-0.1751525467920918,3.15974858333224,3.81039181281184,True,True
16,2025-08-21,NGW-130,Mg_mg_L,hydrosheaf_graph_ridge,107,2.5677836021558273,2.7265447837383743,-0.15876118158254693,2.1850524433126988,2.950514760998956,True,True
16,2025-08-21,NGW-130,Na_mg_L,hydrosheaf_graph_ridge,107,3.489648868204294,3.54558628428746,-0.055937416083165825,3.039398133390457,3.939899603018131,True,True
16,2025-08-21,NGW-130,K_mg_L,hydrosheaf_graph_ridge,107,1.6506614561298116,1.7967470107390942,-0.14608555460928252,1.329989442142966,1.9713334701166572,True,True
16,2025-08-21,NGW-130,HCO3_mg_L,hydrosheaf_graph_ridge,107,4.6346705640540975,4.865378281439117,-0.2307077173850196,4.345014429820346,4.924326698287849,True,True
16,2025-08-21,NGW-130,Cl_mg_L,hydrosheaf_graph_ridge,107,3.7683853430379397,3.820346216856242,-0.05196087381830239,3.3446030100179627,4.192167676057917,True,True
16,2025-08-21,NGW-130,SO4_mg_L,hydrosheaf_graph_ridge,107,3.2829843564628747,3.5562048372093953,-0.2732204807465206,2.778037610899102,3.7879311020266475,True,True
16,2025-08-21,NGW-130,NO3_mg_L,hydrosheaf_graph_ridge,107,3.9394593470772055,4.136445738240736,-0.19698639116353078,3.241889995018008,4.637028699136403,True,True
16,2025-08-21,NGW-130,F_mg_L,hydrosheaf_graph_ridge,107,0.5817176480118343,0.6151856390902334,-0.03346799107839904,0.28196166546499596,0.8814736305586728,True,True
16,2025-08-21,NGW-130,Sr_mg_L,hydrosheaf_graph_ridge,107,0.2031714611165968,0.20945022418220727,-0.006278763065610454,0.003171461116596802,0.40317146111659685,True,True
16,2025-08-21,NGW-130,SiO2_mg_L,hydrosheaf_graph_ridge,107,4.311880578225914,4.141546163706395,0.1703344145195187,4.003906594973842,4.619854561477985,True,True
16,2025-08-21,NGW-134,Ca_mg_L,persistence,107,3.9203879217597737,3.6184569898173904,0.3019309319423833,3.5950663070199735,4.245709536499573,True,True
16,2025-08-21,NGW-134,Mg_mg_L,persistence,107,3.089677886396519,2.6461747973841225,0.4435030890123963,2.7069467275533903,3.4724090452396474,True,False
16,2025-08-21,NGW-134,Na_mg_L,persistence,107,4.082103275799747,3.6280673147171787,0.45403596108256794,3.6318525409859097,4.532354010613584,True,False
16,2025-08-21,NGW-134,K_mg_L,persistence,107,1.9487632180377197,1.6054298910365616,0.34333332700115804,1.6280912040508742,2.269435232024565,True,False
16,2025-08-21,NGW-134,HCO3_mg_L,persistence,107,5.415033166243997,4.9049043394640135,0.510128826779984,5.125377032010246,5.704689300477749,True,False
16,2025-08-21,NGW-134,Cl_mg_L,persistence,107,4.442180557493629,3.6658666798048634,0.7763138776887653,4.018398224473652,4.865962890513606,True,False
16,2025-08-21,NGW-134,SO4_mg_L,persistence,107,4.143452136329128,3.77138067562568,0.3720714607034483,3.6385053907653555,4.648398881892901,True,True
16,2025-08-21,NGW-134,NO3_mg_L,persistence,107,2.344686269012681,2.930126516455997,-0.5854402474433162,1.6471169169534832,3.0422556210718783,True,True
16,2025-08-21,NGW-134,F_mg_L,persistence,107,0.3784364357202451,0.20701416938432615,0.17142226633591895,0.07868045317340672,0.6781924182670835,True,True
16,2025-08-21,NGW-134,Sr_mg_L,persistence,107,0.1947440767925118,0.26620304077465673,-0.07145896398214494,-0.005255923207488217,0.3947440767925118,True,True
16,2025-08-21,NGW-134,SiO2_mg_L,persistence,107,3.8372994592322094,3.681351187693145,0.15594827153906454,3.529325475980138,4.145273442484281,True,True
16,2025-08-21,NGW-134,Ca_mg_L,expanding_mean_delta,107,3.4904033938737253,3.6184569898173904,-0.12805359594366506,3.165081779133925,3.8157250086135255,True,True
16,2025-08-21,NGW-134,Mg_mg_L,expanding_mean_delta,107,2.672717950874467,2.6461747973841225,0.02654315349034464,2.2899867920313386,3.0554491097175958,True,True
16,2025-08-21,NGW-134,Na_mg_L,expanding_mean_delta,107,3.6678893803952834,3.6280673147171787,0.03982206567810476,3.2176386455814465,4.11814011520912,True,True
16,2025-08-21,NGW-134,K_mg_L,expanding_mean_delta,107,1.5992001697109537,1.6054298910365616,-0.006229721325607951,1.2785281557241082,1.9198721836977992,True,True
16,2025-08-21,NGW-134,HCO3_mg_L,expanding_mean_delta,107,5.030863823512595,4.9049043394640135,0.1259594840485816,4.741207689278844,5.320519957746346,True,True
16,2025-08-21,NGW-134,Cl_mg_L,expanding_mean_delta,107,3.886525780927883,3.6658666798048634,0.22065910112301967,3.462743447907906,4.31030811394786,True,True
16,2025-08-21,NGW-134,SO4_mg_L,expanding_mean_delta,107,3.769863506771099,3.77138067562568,-0.0015171688545811968,3.264916761207326,4.274810252334872,True,True
16,2025-08-21,NGW-134,NO3_mg_L,expanding_mean_delta,107,2.013811719451736,2.930126516455997,-0.9163147970042611,1.3162423673925383,2.7113810715109334,True,False
16,2025-08-21,NGW-134,F_mg_L,expanding_mean_delta,107,0.21599876360851716,0.20701416938432615,0.008984594224191012,-0.08375721893832122,0.5157547461553555,True,True
16,2025-08-21,NGW-134,Sr_mg_L,expanding_mean_delta,107,0.20141247598675197,0.26620304077465673,-0.06479056478790476,0.0014124759867519543,0.401412475986752,True,True
16,2025-08-21,NGW-134,SiO2_mg_L,expanding_mean_delta,107,3.8684914663101178,3.681351187693145,0.1871402786169729,3.5605174830580464,4.176465449562189,True,True
16,2025-08-21,NGW-134,Ca_mg_L,hydrosheaf_graph_ridge,107,3.541411950847661,3.6184569898173904,-0.07704503896972925,3.216090336107861,3.8667335655874613,True,True
16,2025-08-21,NGW-134,Mg_mg_L,hydrosheaf_graph_ridge,107,2.603760120368473,2.6461747973841225,-0.042414677015649715,2.2210289615253442,2.9864912792116014,True,True
16,2025-08-21,NGW-134,Na_mg_L,hydrosheaf_graph_ridge,107,3.8125522004566283,3.6280673147171787,0.18448488573944966,3.3623014656427914,4.262802935270465,True,True
16,2025-08-21,NGW-134,K_mg_L,hydrosheaf_graph_ridge,107,1.7916929149178045,1.6054298910365616,0.18626302388124283,1.471020900930959,2.11236492890465,True,True
16,2025-08-21,NGW-134,HCO3_mg_L,hydrosheaf_graph_ridge,107,5.055303679126403,4.9049043394640135,0.15039933966238994,4.765647544892652,5.344959813360155,True,True
16,2025-08-21,NGW-134,Cl_mg_L,hydrosheaf_graph_ridge,107,3.8856109803330057,3.6658666798048634,0.2197443005281423,3.4618286473130286,4.309393313352983,True,True
16,2025-08-21,NGW-134,SO4_mg_L,hydrosheaf_graph_ridge,107,3.7924499800212934,3.77138067562568,0.021069304395613386,3.2875032344575206,4.297396725585067,True,True
16,2025-08-21,NGW-134,NO3_mg_L,hydrosheaf_graph_ridge,107,2.4362076783814968,2.930126516455997,-0.4939188380745003,1.738638326322299,3.1337770304406947,True,True
16,2025-08-21,NGW-134,F_mg_L,hydrosheaf_graph_ridge,107,0.23210666690196982,0.20701416938432615,0.02509249751764367,-0.06764931564486856,0.5318626494488082,True,True
16,2025-08-21,NGW-134,Sr_mg_L,hydrosheaf_graph_ridge,107,0.20867943571016717,0.26620304077465673,-0.05752360506448956,0.00867943571016716,0.4086794357101672,True,True
16,2025-08-21,NGW-134,SiO2_mg_L,hydrosheaf_graph_ridge,107,3.783331732062186,3.681351187693145,0.10198054436904114,3.4753577488101146,4.091305715314257,True,True
16,2025-08-21,NGW-155,Ca_mg_L,persistence,107,4.016022595446631,3.6008675767907232,0.41515501865590787,3.690700980706831,4.341344210186431,True,False
16,2025-08-21,NGW-155,Mg_mg_L,persistence,107,3.0363942552728806,2.5079719227189963,0.5284223325538844,2.653663096429752,3.4191254141160092,True,False
16,2025-08-21,NGW-155,Na_mg_L,persistence,107,4.117246955439405,3.2676659890376327,0.8495809664017719,3.6669962206255677,4.567497690253242,True,False
16,2025-08-21,NGW-155,K_mg_L,persistence,107,2.0592388343623163,1.5789787049493917,0.4802601294129245,1.7385668203754707,2.379910848349162,True,False
16,2025-08-21,NGW-155,HCO3_mg_L,persistence,107,5.264605452062501,4.749357106300589,0.5152483457619121,4.97494931782875,5.554261586296252,True,False
16,2025-08-21,NGW-155,Cl_mg_L,persistence,107,4.402319337941644,3.6643305811925235,0.7379887567491203,3.978537004921667,4.826101670961621,True,False
16,2025-08-21,NGW-155,SO4_mg_L,persistence,107,3.797285327957723,3.3575937441800234,0.43969158377769935,3.29233858239395,4.302232073521496,True,True
16,2025-08-21,NGW-155,NO3_mg_L,persistence,107,4.182965753875629,3.3530570063342204,0.8299087475414084,3.4853964018164314,4.880535105934826,True,False
16,2025-08-21,NGW-155,F_mg_L,persistence,107,0.7793248768009976,0.4252677354043441,0.3540571413966535,0.4795688942541592,1.079080859347836,True,False
16,2025-08-21,NGW-155,Sr_mg_L,persistence,107,0.2062008305838978,0.1231021971339834,0.08309863344991439,0.006200830583897782,0.4062008305838978,True,True
16,2025-08-21,NGW-155,SiO2_mg_L,persistence,107,4.180522258463153,3.970291913552122,0.210230344911031,3.8725482752110816,4.488496241715224,True,True
16,2025-08-21,NGW-155,Ca_mg_L,expanding_mean_delta,107,3.5860380675605827,3.6008675767907232,-0.01482950923014048,3.2607164528207826,3.911359682300383,True,True
16,2025-08-21,NGW-155,Mg_mg_L,expanding_mean_delta,107,2.619434319750829,2.5079719227189963,0.1114623970318327,2.2367031609077004,3.0021654785939575,True,True
16,2025-08-21,NGW-155,Na_mg_L,expanding_mean_delta,107,3.7030330600349415,3.2676659890376327,0.43536707099730876,3.2527823252211046,4.153283794848778,True,True
16,2025-08-21,NGW-155,K_mg_L,expanding_mean_delta,107,1.7096757860355503,1.5789787049493917,0.13069708108615852,1.3890037720487047,2.030347800022396,True,True
16,2025-08-21,NGW-155,HCO3_mg_L,expanding_mean_delta,107,4.880436109331098,4.749357106300589,0.1310790030305098,4.590779975097347,5.1700922435648495,True,True
16,2025-08-21,NGW-155,Cl_mg_L,expanding_mean_delta,107,3.8466645613758983,3.6643305811925235,0.18233398018337477,3.4228822283559213,4.270446894395875,True,True
16,2025-08-21,NGW-155,SO4_mg_L,expanding_mean_delta,107,3.4236966983996933,3.3575937441800234,0.06610295421966983,2.9187499528359204,3.928643443963466,True,True
16,2025-08-21,NGW-155,NO3_mg_L,expanding_mean_delta,107,3.852091204314684,3.3530570063342204,0.49903419798046356,3.1545218522554865,4.5496605563738814,True,True
16,2025-08-21,NGW-155,F_mg_L,expanding_mean_delta,107,0.6168872046892697,0.4252677354043441,0.19161946928492563,0.31713122214243133,0.916643187236108,True,True
16,2025-08-21,NGW-155,Sr_mg_L,expanding_mean_delta,107,0.21286922977813796,0.1231021971339834,0.08976703264415456,0.012869229778137953,0.412869229778138,True,True
16,2025-08-21,NGW-155,SiO2_mg_L,expanding_mean_delta,107,4.211714265541062,3.970291913552122,0.2414223519889398,3.9037402822889904,4.519688248793133,True,True
16,2025-08-21,NGW-155,Ca_mg_L,hydrosheaf_graph_ridge,107,3.470296305216609,3.6008675767907232,-0.13057127157411408,3.144974690476809,3.7956179199564093,True,True
16,2025-08-21,NGW-155,Mg_mg_L,hydrosheaf_graph_ridge,107,2.6047829181562463,2.5079719227189963,0.09681099543725002,2.2220517593131177,2.987514076999375,True,True
16,2025-08-21,NGW-155,Na_mg_L,hydrosheaf_graph_ridge,107,3.574303635254611,3.2676659890376327,0.3066376462169784,3.124052900440774,4.024554370068448,True,True
16,2025-08-21,NGW-155,K_mg_L,hydrosheaf_graph_ridge,107,1.7361698390638216,1.5789787049493917,0.15719113411442986,1.415497825076976,2.056841853050667,True,True
16,2025-08-21,NGW-155,HCO3_mg_L,hydrosheaf_graph_ridge,107,4.789535284150904,4.749357106300589,0.04017817785031497,4.499879149917152,5.079191418384655,True,True
16,2025-08-21,NGW-155,Cl_mg_L,hydrosheaf_graph_ridge,107,3.693333371995696,3.6643305811925235,0.029002790803172473,3.269551038975719,4.117115705015673,True,True
16,2025-08-21,NGW-155,SO4_mg_L,hydrosheaf_graph_ridge,107,3.4005204880758706,3.3575937441800234,0.042926743895847164,2.8955737425120978,3.9054672336396434,True,True
16,2025-08-21,NGW-155,NO3_mg_L,hydrosheaf_graph_ridge,107,3.736561435342239,3.3530570063342204,0.38350442900801873,3.0389920832830413,4.434130787401437,True,True
16,2025-08-21,NGW-155,F_mg_L,hydrosheaf_graph_ridge,107,0.655405128396797,0.4252677354043441,0.2301373929924529,0.3556491458499586,0.9551611109436353,True,True
16,2025-08-21,NGW-155,Sr_mg_L,hydrosheaf_graph_ridge,107,0.1903604200777468,0.1231021971339834,0.06725822294376341,-0.0096395799222532,0.39036042007774685,True,True
16,2025-08-21,NGW-155,SiO2_mg_L,hydrosheaf_graph_ridge,107,4.326233491983781,3.970291913552122,0.3559415784316591,4.01825950873171,4.634207475235852,True,False
17,2025-08-22,NGW-003,Ca_mg_L,persistence,118,4.120337142496354,3.4464893708538624,0.673847771642492,3.8010500084844665,4.439624276508242,True,False
17,2025-08-22,NGW-003,Mg_mg_L,persistence,118,2.9412760877579323,2.3145136638593193,0.6267624238986129,2.5651468310294105,3.317405344486454,True,False
17,2025-08-22,NGW-003,Na_mg_L,persistence,118,4.008786673860454,3.6793340412704048,0.32945263259004953,3.562676284792941,4.454897062927968,True,True
17,2025-08-22,NGW-003,K_mg_L,persistence,118,2.0930978681273213,1.601405740736836,0.4916921273904853,1.7821618596378137,2.404033876616829,True,False
17,2025-08-22,NGW-003,HCO3_mg_L,persistence,118,5.428643628223611,4.9279780604152466,0.5006655678083645,5.139348034638329,5.717939221808893,True,False
17,2025-08-22,NGW-003,Cl_mg_L,persistence,118,4.2017030805426,3.1937631240531252,1.007939956489475,3.7811097397443563,4.622296421340844,True,False
17,2025-08-22,NGW-003,SO4_mg_L,persistence,118,4.015662040187632,3.6506582412937387,0.365003798893893,3.5184805170841775,4.512843563291086,True,True
17,2025-08-22,NGW-003,NO3_mg_L,persistence,118,3.3714252233284854,2.710048203764883,0.6613770195636022,2.6744369599797535,4.068413486677217,True,True
17,2025-08-22,NGW-003,F_mg_L,persistence,118,0.6981347220709844,0.37156355643248307,0.3265711656385013,0.4001945935104858,0.9960748506314829,True,False
17,2025-08-22,NGW-003,Sr_mg_L,persistence,118,0.22314355131420976,0.16636153721522523,0.056782014098984535,0.023143551314209754,0.4231435513142098,True,True
17,2025-08-22,NGW-003,SiO2_mg_L,persistence,118,3.6082115510464816,3.8110970868381857,-0.2028855357917041,3.2856567711188203,3.930766330974143,True,True
17,2025-08-22,NGW-003,Ca_mg_L,expanding_mean_delta,118,3.694874163421269,3.4464893708538624,0.24838479256740653,3.375587029409381,4.014161297433157,True,True
17,2025-08-22,NGW-003,Mg_mg_L,expanding_mean_delta,118,2.5332655731984377,2.3145136638593193,0.21875190933911837,2.157136316469916,2.9093948299269594,True,True
17,2025-08-22,NGW-003,Na_mg_L,expanding_mean_delta,118,3.5885394107555006,3.6793340412704048,-0.0907946305149041,3.1424290216879873,4.034649799823014,True,True
17,2025-08-22,NGW-003,K_mg_L,expanding_mean_delta,118,1.744478030790921,1.601405740736836,0.14307229005408484,1.4335420223014133,2.0554140392804285,True,True
17,2025-08-22,NGW-003,HCO3_mg_L,expanding_mean_delta,118,5.047942980896107,4.9279780604152466,0.11996492048086083,4.758647387310825,5.33723857448139,True,True
17,2025-08-22,NGW-003,Cl_mg_L,expanding_mean_delta,118,3.641108948473531,3.1937631240531252,0.4473458244204056,3.2205156076752868,4.061702289271775,True,False
17,2025-08-22,NGW-003,SO4_mg_L,expanding_mean_delta,118,3.6499165114808205,3.6506582412937387,-0.0007417298129182015,3.1527349883773663,4.147098034584275,True,True
17,2025-08-22,NGW-003,NO3_mg_L,expanding_mean_delta,118,3.043741344209746,2.710048203764883,0.33369314044486265,2.346753080861014,3.7407296075584777,True,True
17,2025-08-22,NGW-003,F_mg_L,expanding_mean_delta,118,0.5391142163698757,0.37156355643248307,0.1675506599373926,0.2411740878093771,0.8370543449303742,True,True
17,2025-08-22,NGW-003,Sr_mg_L,expanding_mean_delta,118,0.2309324403366431,0.16636153721522523,0.06457090312141786,0.03093244033664308,0.43093244033664313,True,True
17,2025-08-22,NGW-003,SiO2_mg_L,expanding_mean_delta,118,3.6342512523565316,3.8110970868381857,-0.17684583448165414,3.31169647242887,3.956806032284193,True,True
17,2025-08-22,NGW-003,Ca_mg_L,hydrosheaf_graph_ridge,118,3.466740898992091,3.4464893708538624,0.020251528138228725,3.1474537649802032,3.786028033003979,True,True
17,2025-08-22,NGW-003,Mg_mg_L,hydrosheaf_graph_ridge,118,2.5607673435998377,2.3145136638593193,0.24625367974051837,2.184638086871316,2.9368966003283594,True,True
17,2025-08-22,NGW-003,Na_mg_L,hydrosheaf_graph_ridge,118,3.561989028426221,3.6793340412704048,-0.11734501284418375,3.1158786393587077,4.008099417493734,True,True
17,2025-08-22,NGW-003,K_mg_L,hydrosheaf_graph_ridge,118,1.5334002008850809,1.601405740736836,-0.06800553985175517,1.2224641923955732,1.8443362093745885,True,True
17,2025-08-22,NGW-003,HCO3_mg_L,hydrosheaf_graph_ridge,118,4.805634321703059,4.9279780604152466,-0.12234373871218729,4.516338728117777,5.094929915288342,True,True
17,2025-08-22,NGW-003,Cl_mg_L,hydrosheaf_graph_ridge,118,3.6126085320766124,3.1937631240531252,0.41884540802348713,3.1920151912783683,4.033201872874857,True,True
17,2025-08-22,NGW-003,SO4_mg_L,hydrosheaf_graph_ridge,118,3.438565944878472,3.6506582412937387,-0.21209229641526672,2.941384421775018,3.935747467981926,True,True
17,2025-08-22,NGW-003,NO3_mg_L,hydrosheaf_graph_ridge,118,3.3850743921730397,2.710048203764883,0.6750261884081565,2.688086128824308,4.082062655521772,True,True
17,2025-08-22,NGW-003,F_mg_L,hydrosheaf_graph_ridge,118,0.6010420558717857,0.37156355643248307,0.22947849943930265,0.30310192731128716,0.8989821844322843,True,True
17,2025-08-22,NGW-003,Sr_mg_L,hydrosheaf_graph_ridge,118,0.22894061865051357,0.16636153721522523,0.06257908143528834,0.02894061865051356,0.4289406186505136,True,True
17,2025-08-22,NGW-003,SiO2_mg_L,hydrosheaf_graph_ridge,118,3.762355229610463,3.8110970868381857,-0.04874185722772273,3.4398004496828016,4.084910009538124,True,True
17,2025-08-22,NGW-021,Ca_mg_L,persistence,118,3.9682142850778885,3.6643305811925235,0.303883703885365,3.6489271510660006,4.287501419089777,True,True
17,2025-08-22,NGW-021,Mg_mg_L,persistence,118,3.2068032436339315,2.851284369188118,0.35551887444581354,2.83067398690541,3.5829325003624533,True,True
17,2025-08-22,NGW-021,Na_mg_L,persistence,118,3.8262472284067424,3.5959414584546674,0.23030576995207497,3.380136839339229,4.272357617474255,True,True
17,2025-08-22,NGW-021,K_mg_L,persistence,118,2.066862759472976,1.7227665977411035,0.3440961617318725,1.7559267509834684,2.3777987679624837,True,False
17,2025-08-22,NGW-021,HCO3_mg_L,persistence,118,5.282238796335346,5.1694607444230325,0.11277805191231316,4.992943202750063,5.571534389920628,True,True
17,2025-08-22,NGW-021,Cl_mg_L,persistence,118,4.197502654324727,3.569250966658405,0.6282516876663218,3.776909313526483,4.618095995122971,True,False
17,2025-08-22,NGW-021,SO4_mg_L,persistence,118,3.9531649487593215,3.722797672317397,0.23036727644192423,3.4559834256558672,4.450346471862776,True,True
17,2025-08-22,NGW-021,NO3_mg_L,persistence,118,2.758109400974947,2.412335956953165,0.34577344402178234,2.0611211376262153,3.455097664323679,True,True
17,2025-08-22,NGW-021,F_mg_L,persistence,118,0.5596157879354227,0.5709795465857378,-0.011363758650315137,0.2616756593749241,0.8575559164959212,True,True
17,2025-08-22,NGW-021,Sr_mg_L,persistence,118,0.2639015437863775,0.18481843699254183,0.07908310679383565,0.06390154378637747,0.4639015437863775,True,True
17,2025-08-22,NGW-021,SiO2_mg_L,persistence,118,3.835141961092188,4.062165663857866,-0.22702370276567763,3.512587181164527,4.1576967410198495,True,True
17,2025-08-22,NGW-021,Ca_mg_L,expanding_mean_delta,118,3.5427513060028035,3.6643305811925235,-0.12157927518972,3.2234641719909156,3.8620384400146914,True,True
17,2025-08-22,NGW-021,Mg_mg_L,expanding_mean_delta,118,2.798792729074437,2.851284369188118,-0.052491640113681015,2.4226634723459153,3.1749219858029587,True,True
17,2025-08-22,NGW-021,Na_mg_L,expanding_mean_delta,118,3.4059999653017887,3.5959414584546674,-0.18994149315287867,2.9598895762342754,3.852110354369302,True,True
17,2025-08-22,NGW-021,K_mg_L,expanding_mean_delta,118,1.7182429221365756,1.7227665977411035,-0.0045236756045279325,1.407306913647068,2.0291789306260832,True,True
17,2025-08-22,NGW-021,HCO3_mg_L,expanding_mean_delta,118,4.901538149007842,5.1694607444230325,-0.2679225954151905,4.61224255542256,5.190833742593124,True,True
17,2025-08-22,NGW-021,Cl_mg_L,expanding_mean_delta,118,3.6369085222556574,3.569250966658405,0.06765755559725228,3.2163151814574134,4.0575018630539015,True,True
17,2025-08-22,NGW-021,SO4_mg_L,expanding_mean_delta,118,3.5874194200525102,3.722797672317397,-0.13537825226488698,3.090237896949056,4.084600943155965,True,True
17,2025-08-22,NGW-021,NO3_mg_L,expanding_mean_delta,118,2.4304255218562076,2.412335956953165,0.01808956490304281,1.7334372585074758,3.1274137852049395,True,True
17,2025-08-22,NGW-021,F_mg_L,expanding_mean_delta,118,0.400595282234314,0.5709795465857378,-0.1703842643514238,0.10265515367381545,0.6985354107948125,True,True
17,2025-08-22,NGW-021,Sr_mg_L,expanding_mean_delta,118,0.27169043280881083,0.18481843699254183,0.086871995816269,0.07169043280881082,0.47169043280881084,True,True
17,2025-08-22,NGW-021,SiO2_mg_L,expanding_mean_delta,118,3.861181662402238,4.062165663857866,-0.20098400145562767,3.538626882474577,4.1837364423298995,True,True
17,2025-08-22,NGW-021,Ca_mg_L,hydrosheaf_graph_ridge,118,3.48393331774422,3.6643305811925235,-0.1803972634483033,3.1646461837323323,3.803220451756108,True,True
17,2025-08-22,NGW-021,Mg_mg_L,hydrosheaf_graph_ridge,118,2.6756908074883987,2.851284369188118,-0.1755935616997193,2.299561550759877,3.0518200642169204,True,True
17,2025-08-22,NGW-021,Na_mg_L,hydrosheaf_graph_ridge,118,3.447235672477574,3.5959414584546674,-0.14870578597709327,3.001125283410061,3.8933460615450874,True,True
17,2025-08-22,NGW-021,K_mg_L,hydrosheaf_graph_ridge,118,1.5595709583656088,1.7227665977411035,-0.16319563937549475,1.248634949876101,1.8705069668551166,True,True
17,2025-08-22,NGW-021,HCO3_mg_L,hydrosheaf_graph_ridge,118,4.89987450857574,5.1694607444230325,-0.26958623584729224,4.610578914990458,5.189170102161023,True,True
17,2025-08-22,NGW-021,Cl_mg_L,hydrosheaf_graph_ridge,118,3.686145186444476,3.569250966658405,0.11689421978607095,3.265551845646232,4.106738527242721,True,True
17,2025-08-22,NGW-021,SO4_mg_L,hydrosheaf_graph_ridge,118,3.6404320541015704,3.722797672317397,-0.08236561821582677,3.1432505309981162,4.137613577205025,True,True
17,2025-08-22,NGW-021,NO3_mg_L,hydrosheaf_graph_ridge,118,1.6494081696603502,2.412335956953165,-0.7629277872928146,0.9524199063116184,2.346396433009082,True,False
17,2025-08-22,NGW-021,F_mg_L,hydrosheaf_graph_ridge,118,0.4809883032128293,0.5709795465857378,-0.08999124337290848,0.18304817465233075,0.7789284317733278,True,True
17,2025-08-22,NGW-021,Sr_mg_L,hydrosheaf_graph_ridge,118,0.233702360365745,0.18481843699254183,0.04888392337320316,0.03370236036574498,0.433702360365745,True,True
17,2025-08-22,NGW-021,SiO2_mg_L,hydrosheaf_graph_ridge,118,3.8388341621349777,4.062165663857866,-0.22333150172288807,3.5162793822073164,4.161388942062639,True,True
17,2025-08-22,NGW-053,Ca_mg_L,persistence,118,3.8234103470715426,3.4882920885130893,0.33511825855845334,3.5041232130596547,4.142697481083431,True,False
17,2025-08-22,NGW-053,Mg_mg_L,persistence,118,2.864483986944037,2.542389085201363,0.3220949017426742,2.4883547302155153,3.2406132436725588,True,True
17,2025-08-22,NGW-053,Na_mg_L,persistence,118,3.906004933102583,3.592919062968025,0.3130858701345578,3.4598945440350697,4.352115322170096,True,True
17,2025-08-22,NGW-053,K_mg_L,persistence,118,1.8164520818184267,1.5216989981260935,0.2947530836923331,1.505516073328919,2.1273880903079343,True,True
17,2025-08-22,NGW-053,HCO3_mg_L,persistence,118,5.218353822407652,5.025917917627413,0.19243590478023886,4.929058228822369,5.507649415992934,True,True
17,2025-08-22,NGW-053,Cl_mg_L,persistence,118,4.092175544937261,3.6114583071453517,0.4807172377919091,3.6715822041390167,4.512768885735505,True,False
17,2025-08-22,NGW-053,SO4_mg_L,persistence,118,3.865560131017805,3.219675505038765,0.6458846259790398,3.3683786079143507,4.362741654121259,True,False
17,2025-08-22,NGW-053,NO3_mg_L,persistence,118,3.211649779776461,3.12982600803469,0.08182377174177136,2.5146615164277293,3.908638043125193,True,True
17,2025-08-22,NGW-053,F_mg_L,persistence,118,0.27002713721306015,0.3506568716131694,-0.08062973440010923,-0.02791299134743841,0.5679672657735587,True,True
17,2025-08-22,NGW-053,Sr_mg_L,persistence,118,0.2199384203652614,0.19967019512856765,0.02026822523669375,0.01993842036526139,0.4199384203652614,True,True
17,2025-08-22,NGW-053,SiO2_mg_L,persistence,118,3.3032169733019514,3.711130063048756,-0.4079130897468044,2.98066219337429,3.6257717532296128,True,False
17,2025-08-22,NGW-053,Ca_mg_L,expanding_mean_delta,118,3.3979473679964576,3.4882920885130893,-0.09034472051663167,3.0786602339845697,3.7172345020083455,True,True
17,2025-08-22,NGW-053,Mg_mg_L,expanding_mean_delta,118,2.4564734723845425,2.542389085201363,-0.08591561281682036,2.080344215656021,2.832602729113064,True,True
17,2025-08-22,NGW-053,Na_mg_L,expanding_mean_delta,118,3.4857576699976294,3.592919062968025,-0.10716139297039584,3.039647280930116,3.9318680590651427,True,True
17,2025-08-22,NGW-053,K_mg_L,expanding_mean_delta,118,1.4678322444820262,1.5216989981260935,-0.053866753644067344,1.1568962359925186,1.7787682529715338,True,True
17,2025-08-22,NGW-053,HCO3_mg_L,expanding_mean_delta,118,4.837653175080148,5.025917917627413,-0.18826474254726477,4.548357581494866,5.1269487686654305,True,True
17,2025-08-22,NGW-053,Cl_mg_L,expanding_mean_delta,118,3.5315814128681913,3.6114583071453517,-0.07987689427716038,3.110988072069947,3.9521747536664353,True,True
17,2025-08-22,NGW-053,SO4_mg_L,expanding_mean_delta,118,3.4998146023109937,3.219675505038765,0.28013909727222863,3.0026330792075395,3.996996125414448,True,True
17,2025-08-22,NGW-053,NO3_mg_L,expanding_mean_delta,118,2.8839659006577216,3.12982600803469,-0.24586010737696817,2.1869776373089898,3.5809541640064535,True,True
17,2025-08-22,NGW-053,F_mg_L,expanding_mean_delta,118,0.1110066315119515,0.3506568716131694,-0.23965024010121788,-0.18693349704854706,0.40894676007245007,True,True
17,2025-08-22,NGW-053,Sr_mg_L,expanding_mean_delta,118,0.22772730938769473,0.19967019512856765,0.028057114259127075,0.027727309387694715,0.42772730938769477,True,True
17,2025-08-22,NGW-053,SiO2_mg_L,expanding_mean_delta,118,3.3292566746120014,3.711130063048756,-0.38187338843675445,3.00670189468434,3.6518114545396627,True,False
17,2025-08-22,NGW-053,Ca_mg_L,hydrosheaf_graph_ridge,118,3.4249871782936365,3.4882920885130893,-0.06330491021945273,3.1057000442817486,3.7442743123055244,True,True
17,2025-08-22,NGW-053,Mg_mg_L,hydrosheaf_graph_ridge,118,2.5275058944749498,2.542389085201363,-0.014883190726413087,2.151376637746428,2.9036351512034715,True,True
17,2025-08-22,NGW-053,Na_mg_L,hydrosheaf_graph_ridge,118,3.683590593914762,3.592919062968025,0.09067153094673674,3.2374802048472486,4.129700982982275,True,True
17,2025-08-22,NGW-053,K_mg_L,hydrosheaf_graph_ridge,118,1.4665911981800221,1.5216989981260935,-0.0551077999460714,1.1556551896905143,1.77752720666953,True,True
17,2025-08-22,NGW-053,HCO3_mg_L,hydrosheaf_graph_ridge,118,4.845581816754008,5.025917917627413,-0.18033610087340524,4.556286223168725,5.13487741033929,True,True
17,2025-08-22,NGW-053,Cl_mg_L,hydrosheaf_graph_ridge,118,3.5501855249499816,3.6114583071453517,-0.061272782195370024,3.1295921841517376,3.9707788657482257,True,True
17,2025-08-22,NGW-053,SO4_mg_L,hydrosheaf_graph_ridge,118,3.659744107357888,3.219675505038765,0.4400686023191227,3.1625625842544336,4.156925630461342,True,True
17,2025-08-22,NGW-053,NO3_mg_L,hydrosheaf_graph_ridge,118,3.0095595819353385,3.12982600803469,-0.12026642609935134,2.3125713185866066,3.7065478452840703,True,True
17,2025-08-22,NGW-053,F_mg_L,hydrosheaf_graph_ridge,118,0.16909652003056902,0.3506568716131694,-0.18156035158260037,-0.12884360852992954,0.4670366485910676,True,True
17,2025-08-22,NGW-053,Sr_mg_L,hydrosheaf_graph_ridge,118,0.1949819479133722,0.19967019512856765,-0.004688247215195451,-0.005018052086627811,0.3949819479133722,True,True
17,2025-08-22,NGW-053,SiO2_mg_L,hydrosheaf_graph_ridge,118,3.600560262434289,3.711130063048756,-0.11056980061446664,3.278005482506628,3.9231150423619505,True,True
17,2025-08-22,NGW-070,Ca_mg_L,persistence,118,3.7230393057606412,3.6283329542459026,0.09470635151473861,3.4037521717487533,4.042326439772529,True,True
17,2025-08-22,NGW-070,Mg_mg_L,persistence,118,2.8039662579320366,2.2278615467981093,0.5761047111339272,2.427837001203515,3.1800955146605583,True,False
17,2025-08-22,NGW-070,Na_mg_L,persistence,118,3.6423118182976015,3.0473755067058295,0.5949363115917721,3.196201429230088,4.088422207365115,True,False
17,2025-08-22,NGW-070,K_mg_L,persistence,118,1.888583653863595,1.6582280766035324,0.2303555772600625,1.5776476453740873,2.1995196623531026,True,True
17,2025-08-22,NGW-070,HCO3_mg_L,persistence,118,4.96953548321083,4.636959508477498,0.33257597473333167,4.680239889625548,5.258831076796112,True,False
17,2025-08-22,NGW-070,Cl_mg_L,persistence,118,4.121311010451915,3.5040547671018634,0.6172562433500519,3.700717669653671,4.541904351250159,True,False
17,2025-08-22,NGW-070,SO4_mg_L,persistence,118,3.5901634811747787,3.3575937441800234,0.23256973699475525,3.0929819580713245,4.087345004278233,True,True
17,2025-08-22,NGW-070,NO3_mg_L,persistence,118,2.8166056076565553,2.766319109226186,0.05028649843036925,2.1196173443078234,3.513593871005287,True,True
17,2025-08-22,NGW-070,F_mg_L,persistence,118,0.712949807856125,0.5306282510621704,0.18232155679395468,0.4150096792956265,1.0108899364166235,True,True
17,2025-08-22,NGW-070,Sr_mg_L,persistence,118,0.11332868530700317,0.1972101692877053,-0.08388148398070212,-0.08667131469299684,0.3133286853070032,True,True
17,2025-08-22,NGW-070,SiO2_mg_L,persistence,118,4.163559631243574,4.197201947661808,-0.03364231641823423,3.8410048513159127,4.486114411171235,True,True
17,2025-08-22,NGW-070,Ca_mg_L,expanding_mean_delta,118,3.2975763266855562,3.6283329542459026,-0.3307566275603464,2.9782891926736683,3.616863460697444,True,False
17,2025-08-22,NGW-070,Mg_mg_L,expanding_mean_delta,118,2.395955743372542,2.2278615467981093,0.1680941965744327,2.0198264866440203,2.7720850001010637,True,True
17,2025-08-22,NGW-070,Na_mg_L,expanding_mean_delta,118,3.222064555192648,3.0473755067058295,0.17468904848681843,2.7759541661251346,3.668174944260161,True,True
17,2025-08-22,NGW-070,K_mg_L,expanding_mean_delta,118,1.5399638165271945,1.6582280766035324,-0.11826426007633795,1.2290278080376869,1.8508998250167021,True,True
17,2025-08-22,NGW-070,HCO3_mg_L,expanding_mean_delta,118,4.588834835883326,4.636959508477498,-0.04812467259417197,4.299539242298044,4.878130429468609,True,True
17,2025-08-22,NGW-070,Cl_mg_L,expanding_mean_delta,118,3.560716878382846,3.5040547671018634,0.05666211128098242,3.1401235375846017,3.98131021918109,True,True
17,2025-08-22,NGW-070,SO4_mg_L,expanding_mean_delta,118,3.2244179524679675,3.3575937441800234,-0.13317579171205596,2.7272364293645133,3.7215994755714217,True,True
17,2025-08-22,NGW-070,NO3_mg_L,expanding_mean_delta,118,2.488921728537816,2.766319109226186,-0.2773973806883703,1.791933465189084,3.1859099918865477,True,True
17,2025-08-22,NGW-070,F_mg_L,expanding_mean_delta,118,0.5539293021550165,0.5306282510621704,0.02330105109284608,0.2559891735945179,0.851869430715515,True,True
17,2025-08-22,NGW-070,Sr_mg_L,expanding_mean_delta,118,0.1211175743294365,0.1972101692877053,-0.0760925949582688,-0.07888242567056351,0.3211175743294365,True,True
17,2025-08-22,NGW-070,SiO2_mg_L,expanding_mean_delta,118,4.189599332553624,4.197201947661808,-0.007602615108184274,3.8670445526259627,4.512154112481285,True,True
17,2025-08-22,NGW-070,Ca_mg_L,hydrosheaf_graph_ridge,118,3.523500765761873,3.6283329542459026,-0.10483218848402975,3.204213631749985,3.842787899773761,True,True
17,2025-08-22,NGW-070,Mg_mg_L,hydrosheaf_graph_ridge,118,2.4509095591758,2.2278615467981093,0.22304801237769079,2.0747803024472784,2.827038815904322,True,True
17,2025-08-22,NGW-070,Na_mg_L,hydrosheaf_graph_ridge,118,3.431882832608268,3.0473755067058295,0.3845073259024385,2.9857724435407547,3.8779932216757813,True,True
17,2025-08-22,NGW-070,K_mg_L,hydrosheaf_graph_ridge,118,1.564333157190379,1.6582280766035324,-0.09389491941315353,1.2533971487008713,1.8752691656798866,True,True
17,2025-08-22,NGW-070,HCO3_mg_L,hydrosheaf_graph_ridge,118,4.700987736390332,4.636959508477498,0.06402822791283391,4.41169214280505,4.990283329975615,True,True
17,2025-08-22,NGW-070,Cl_mg_L,hydrosheaf_graph_ridge,118,3.7043363045651994,3.5040547671018634,0.200281537463336,3.2837429637669553,4.124929645363443,True,True
17,2025-08-22,NGW-070,SO4_mg_L,hydrosheaf_graph_ridge,118,3.2524178820780394,3.3575937441800234,-0.10517586210198404,2.755236358974585,3.7495994051814936,True,True
17,2025-08-22,NGW-070,NO3_mg_L,hydrosheaf_graph_ridge,118,3.087707121960354,2.766319109226186,0.3213880127341677,2.390718858611622,3.7846953853090857,True,True
17,2025-08-22,NGW-070,F_mg_L,hydrosheaf_graph_ridge,118,0.44626132524512985,0.5306282510621704,-0.08436692581704053,0.14832119668463128,0.7442014538056284,True,True
17,2025-08-22,NGW-070,Sr_mg_L,hydrosheaf_graph_ridge,118,0.1393734546645207,0.1972101692877053,-0.0578367146231846,-0.060626545335479315,0.33937345466452074,True,True
17,2025-08-22,NGW-070,SiO2_mg_L,hydrosheaf_graph_ridge,118,3.9443005552325348,4.197201947661808,-0.25290139242927356,3.6217457753048734,4.266855335160196,True,True
17,2025-08-22,NGW-074,Ca_mg_L,persistence,118,3.683615624438837,3.337192051686243,0.34642357275259394,3.3643284904269493,4.002902758450725,True,False
17,2025-08-22,NGW-074,Mg_mg_L,persistence,118,3.1376657694426577,2.561867690924129,0.5757980785185288,2.761536512714136,3.5137950261711794,True,False
17,2025-08-22,NGW-074,Na_mg_L,persistence,118,4.127456913672303,3.6219380483600547,0.505518865312248,3.6813465246047894,4.573567302739816,True,False
17,2025-08-22,NGW-074,K_mg_L,persistence,118,2.063058062429312,1.4327007339340463,0.6303573284952655,1.7521220539398041,2.3739940709188194,True,False
17,2025-08-22,NGW-074,HCO3_mg_L,persistence,118,5.234791665668158,4.849840367846581,0.3849512978215772,4.945496072082876,5.524087259253441,True,False
17,2025-08-22,NGW-074,Cl_mg_L,persistence,118,4.400234854322551,3.6117283949255214,0.7885064593970292,3.9796415135243066,4.820828195120795,True,False
17,2025-08-22,NGW-074,SO4_mg_L,persistence,118,4.161068194265009,3.797285327957723,0.36378286630728596,3.6638866711615545,4.658249717368463,True,True
17,2025-08-22,NGW-074,NO3_mg_L,persistence,118,2.309560706730471,2.0373166153791646,0.2722440913513062,1.612572443381739,3.0065489700792027,True,True
17,2025-08-22,NGW-074,F_mg_L,persistence,118,0.43178241642553783,0.23901690047049992,0.1927655159550379,0.13384228786503927,0.7297225449860364,True,True
17,2025-08-22,NGW-074,Sr_mg_L,persistence,118,0.2561914053604101,0.20130685670503531,0.05488454865537476,0.05619140536041006,0.4561914053604101,True,True
17,2025-08-22,NGW-074,SiO2_mg_L,persistence,118,3.6506582412937387,3.8628327612373745,-0.2121745199436358,3.3281034613660774,3.9732130212214,True,True
17,2025-08-22,NGW-074,Ca_mg_L,expanding_mean_delta,118,3.2581526453637517,3.337192051686243,-0.07903940632249151,2.938865511351864,3.5774397793756396,True,True
17,2025-08-22,NGW-074,Mg_mg_L,expanding_mean_delta,118,2.729655254883163,2.561867690924129,0.16778756395903427,2.3535259981546415,3.105784511611685,True,True
17,2025-08-22,NGW-074,Na_mg_L,expanding_mean_delta,118,3.707209650567349,3.6219380483600547,0.08527160220729435,3.2610992614998358,4.153320039634862,True,True
17,2025-08-22,NGW-074,K_mg_L,expanding_mean_delta,118,1.7144382250929113,1.4327007339340463,0.28173749115886504,1.4035022166034037,2.025374233582419,True,True
17,2025-08-22,NGW-074,HCO3_mg_L,expanding_mean_delta,118,4.854091018340655,4.849840367846581,0.004250650494073582,4.564795424755372,5.143386611925937,True,True
17,2025-08-22,NGW-074,Cl_mg_L,expanding_mean_delta,118,3.839640722253481,3.6117283949255214,0.22791232732795974,3.419047381455237,4.260234063051725,True,True
17,2025-08-22,NGW-074,SO4_mg_L,expanding_mean_delta,118,3.7953226655581975,3.797285327957723,-0.00196266239952525,3.2981411424547433,4.292504188661652,True,True
17,2025-08-22,NGW-074,NO3_mg_L,expanding_mean_delta,118,1.9818768276117313,2.0373166153791646,-0.0554397877674333,1.2848885642629995,2.678865090960463,True,True
17,2025-08-22,NGW-074,F_mg_L,expanding_mean_delta,118,0.2727619107244292,0.23901690047049992,0.03374501025392926,-0.025178217836069383,0.5707020392849278,True,True
17,2025-08-22,NGW-074,Sr_mg_L,expanding_mean_delta,118,0.26398029438284343,0.20130685670503531,0.06267343767780811,0.06398029438284342,0.46398029438284344,True,True
17,2025-08-22,NGW-074,SiO2_mg_L,expanding_mean_delta,118,3.6766979426037887,3.8628327612373745,-0.18613481863358583,3.3541431626761273,3.99925272253145,True,True
17,2025-08-22,NGW-074,Ca_mg_L,hydrosheaf_graph_ridge,118,3.4000033125218003,3.337192051686243,0.0628112608355571,3.0807161785099124,3.7192904465336882,True,True
17,2025-08-22,NGW-074,Mg_mg_L,hydrosheaf_graph_ridge,118,2.669419253459545,2.561867690924129,0.10755156253541598,2.293289996731023,3.0455485101880666,True,True
17,2025-08-22,NGW-074,Na_mg_L,hydrosheaf_graph_ridge,118,3.6506592811590046,3.6219380483600547,0.02872123279894989,3.2045488920914913,4.096769670226518,True,True
17,2025-08-22,NGW-074,K_mg_L,hydrosheaf_graph_ridge,118,1.7123991507943743,1.4327007339340463,0.27969841686032804,1.4014631423048667,2.023335159283882,True,True
17,2025-08-22,NGW-074,HCO3_mg_L,hydrosheaf_graph_ridge,118,4.89769527422074,4.849840367846581,0.0478549063741589,4.608399680635458,5.186990867806022,True,True
17,2025-08-22,NGW-074,Cl_mg_L,hydrosheaf_graph_ridge,118,3.8469788954475796,3.6117283949255214,0.2352505005220582,3.4263855546493356,4.267572236245824,True,True
17,2025-08-22,NGW-074,SO4_mg_L,hydrosheaf_graph_ridge,118,3.818926327216481,3.797285327957723,0.021640999258758065,3.3217448041130266,4.316107850319935,True,True
17,2025-08-22,NGW-074,NO3_mg_L,hydrosheaf_graph_ridge,118,2.0334018461605914,2.0373166153791646,-0.003914769218573255,1.3364135828118595,2.7303901095093233,True,True
17,2025-08-22,NGW-074,F_mg_L,hydrosheaf_graph_ridge,118,0.36678373547279824,0.23901690047049992,0.12776683500229832,0.06884360691229968,0.6647238640332969,True,True
17,2025-08-22,NGW-074,Sr_mg_L,hydrosheaf_graph_ridge,118,0.23920000628918867,0.20130685670503531,0.03789314958415335,0.039200006289188655,0.43920000628918865,True,True
17,2025-08-22,NGW-074,SiO2_mg_L,hydrosheaf_graph_ridge,118,3.798817135452933,3.8628327612373745,-0.06401562578444153,3.4762623555252716,4.121371915380594,True,True
17,2025-08-22,NGW-078,Ca_mg_L,persistence,118,3.7723010622530087,3.721346644251438,0.050954418001570634,3.4530139282411207,4.091588196264897,True,True
17,2025-08-22,NGW-078,Mg_mg_L,persistence,118,3.1826266921930797,2.574137783515943,0.6084889086771366,2.806497435464558,3.5587559489216014,True,False
17,2025-08-22,NGW-078,Na_mg_L,persistence,118,4.101816577060802,3.9753733209289077,0.12644325613189444,3.655706187993289,4.5479269661283155,True,True
17,2025-08-22,NGW-078,K_mg_L,persistence,118,2.012232791986386,1.4770487243883548,0.535184067598031,1.7012967834968782,2.3231688004758935,True,False
17,2025-08-22,NGW-078,HCO3_mg_L,persistence,118,5.3171391207886245,5.070224085507913,0.24691503528071124,5.027843527203342,5.606434714373907,True,True
17,2025-08-22,NGW-078,Cl_mg_L,persistence,118,4.2656332579940335,3.914220588971633,0.3514126690224004,3.8450399171957894,4.6862265987922775,True,True
17,2025-08-22,NGW-078,SO4_mg_L,persistence,118,4.136925009757219,3.9094196195580313,0.22750539019918747,3.6397434866537646,4.634106532860673,True,True
17,2025-08-22,NGW-078,NO3_mg_L,persistence,118,3.030616675407493,3.219675505038765,-0.1890588296312723,2.333628412058761,3.7276049387562247,True,True
17,2025-08-22,NGW-078,F_mg_L,persistence,118,0.7654678421395714,0.35767444427181594,0.4077933978677555,0.46752771357907286,1.0634079707000699,True,False
17,2025-08-22,NGW-078,Sr_mg_L,persistence,118,0.20701416938432615,0.16296882827813966,0.04404534110618649,0.007014169384326141,0.40701416938432616,True,True
17,2025-08-22,NGW-078,SiO2_mg_L,persistence,118,3.8022081394209395,3.6270040503958487,0.17520408902509077,3.479653359493278,4.1247629193486,True,True
17,2025-08-22,NGW-078,Ca_mg_L,expanding_mean_delta,118,3.346838083177923,3.721346644251438,-0.3745085610735148,3.0275509491660353,3.666125217189811,True,False
17,2025-08-22,NGW-078,Mg_mg_L,expanding_mean_delta,118,2.774616177633585,2.574137783515943,0.200478394117642,2.3984869209050634,3.150745434362107,True,True
17,2025-08-22,NGW-078,Na_mg_L,expanding_mean_delta,118,3.6815693139558485,3.9753733209289077,-0.2938040069730592,3.235458924888335,4.127679703023362,True,True
17,2025-08-22,NGW-078,K_mg_L,expanding_mean_delta,118,1.6636129546499854,1.4770487243883548,0.1865642302616306,1.3526769461604777,1.974548963139493,True,True
17,2025-08-22,NGW-078,HCO3_mg_L,expanding_mean_delta,118,4.936438473461121,5.070224085507913,-0.1337856120467924,4.6471428798758385,5.225734067046403,True,True
17,2025-08-22,NGW-078,Cl_mg_L,expanding_mean_delta,118,3.705039125924964,3.914220588971633,-0.20918146304666907,3.28444578512672,4.125632466723208,True,True
17,2025-08-22,NGW-078,SO4_mg_L,expanding_mean_delta,118,3.7711794810504076,3.9094196195580313,-0.13824013850762373,3.2739979579469534,4.268361004153862,True,True
17,2025-08-22,NGW-078,NO3_mg_L,expanding_mean_delta,118,2.7029327962887533,3.219675505038765,-0.5167427087500118,2.0059445329400214,3.399921059637485,True,True
17,2025-08-22,NGW-078,F_mg_L,expanding_mean_delta,118,0.6064473364384628,0.35767444427181594,0.2487728921666469,0.30850720787796426,0.9043874649989614,True,True
17,2025-08-22,NGW-078,Sr_mg_L,expanding_mean_delta,118,0.21480305840675948,0.16296882827813966,0.05183423012861982,0.014803058406759467,0.41480305840675946,True,True
17,2025-08-22,NGW-078,SiO2_mg_L,expanding_mean_delta,118,3.8282478407309894,3.6270040503958487,0.20124379033514073,3.505693060803328,4.15080262065865,True,True
17,2025-08-22,NGW-078,Ca_mg_L,hydrosheaf_graph_ridge,118,3.3409361858119033,3.721346644251438,-0.3804104584395347,3.0216490518000154,3.6602233198237912,True,False
17,2025-08-22,NGW-078,Mg_mg_L,hydrosheaf_graph_ridge,118,2.53734241794351,2.574137783515943,-0.03679536557243335,2.161213161214988,2.9134716746720315,True,True
17,2025-08-22,NGW-078,Na_mg_L,hydrosheaf_graph_ridge,118,3.6990505396301674,3.9753733209289077,-0.2763227812987403,3.252940150562654,4.14516092869768,True,True
17,2025-08-22,NGW-078,K_mg_L,hydrosheaf_graph_ridge,118,1.6979237183407558,1.4770487243883548,0.22087499395240107,1.386987709851248,2.0088597268302637,True,True
17,2025-08-22,NGW-078,HCO3_mg_L,hydrosheaf_graph_ridge,118,4.846052477513864,5.070224085507913,-0.224171607994049,4.556756883928582,5.135348071099147,True,True
17,2025-08-22,NGW-078,Cl_mg_L,hydrosheaf_graph_ridge,118,3.6299807772432753,3.914220588971633,-0.28423981172835777,3.209387436445031,4.05057411804152,True,True
17,2025-08-22,NGW-078,SO4_mg_L,hydrosheaf_graph_ridge,118,3.5436820237231403,3.9094196195580313,-0.36573759583489096,3.046500500619686,4.0408635468265945,True,True
17,2025-08-22,NGW-078,NO3_mg_L,hydrosheaf_graph_ridge,118,2.4856589589055376,3.219675505038765,-0.7340165461332275,1.7886706955568057,3.1826472222542694,True,False
17,2025-08-22,NGW-078,F_mg_L,hydrosheaf_graph_ridge,118,0.4117084628928569,0.35767444427181594,0.05403401862104096,0.11376833433235833,0.7096485914533555,True,True
17,2025-08-22,NGW-078,Sr_mg_L,hydrosheaf_graph_ridge,118,0.22966383727482653,0.16296882827813966,0.06669500899668687,0.02966383727482652,0.42966383727482654,True,True
17,2025-08-22,NGW-078,SiO2_mg_L,hydrosheaf_graph_ridge,118,3.8129690702934353,3.6270040503958487,0.18596501989758663,3.490414290365774,4.135523850221096,True,True
18,2025-08-23,NGW-006,Ca_mg_L,persistence,124,3.901568547524287,3.7049988359938197,0.1965697115304672,3.5791693338961217,4.223967761152452,True,True
18,2025-08-23,NGW-006,Mg_mg_L,persistence,124,2.8112082932048366,2.2353763433005955,0.575831949904241,2.4370392573375534,3.1853773290721197,True,False
18,2025-08-23,NGW-006,Na_mg_L,persistence,124,4.095011006765261,3.6550641056192057,0.43994690114605506,3.6654237377498995,4.5245982757806225,True,False
18,2025-08-23,NGW-006,K_mg_L,persistence,124,2.217027204632399,1.7404661748405046,0.4765610297918943,1.9140956518560348,2.5199587574087627,True,False
18,2025-08-23,NGW-006,HCO3_mg_L,persistence,124,5.3157642801517575,4.914564825345522,0.4011994548062354,5.0304133661716675,5.6011151941318476,True,False
18,2025-08-23,NGW-006,Cl_mg_L,persistence,124,4.169452034708907,3.6768068728796672,0.49264516182923934,3.7496386410669564,4.589265428350857,True,False
18,2025-08-23,NGW-006,SO4_mg_L,persistence,124,3.8877303128591016,3.7492687541267204,0.1384615587323812,3.3948686852261605,4.380591940492043,True,True
18,2025-08-23,NGW-006,NO3_mg_L,persistence,124,2.6844403354630764,2.67827804276854,0.0061622926945363865,1.9732164858885093,3.3956641850376434,True,True
18,2025-08-23,NGW-006,F_mg_L,persistence,124,0.5709795465857378,0.3220834991691133,0.24889604741662452,0.2751157326663314,0.8668433605051442,True,True
18,2025-08-23,NGW-006,Sr_mg_L,persistence,124,0.20212418409013436,0.26849925303500694,-0.06637506894487258,0.0021241840901343456,0.4021241840901344,True,True
18,2025-08-23,NGW-006,SiO2_mg_L,persistence,124,3.8394523125933104,3.906004933102583,-0.06655262050927258,3.522287854991865,4.1566167701947565,True,True
18,2025-08-23,NGW-006,Ca_mg_L,expanding_mean_delta,124,3.482136566820938,3.7049988359938197,-0.22286226917288188,3.1597373531927726,3.804535780449103,True,True
18,2025-08-23,NGW-006,Mg_mg_L,expanding_mean_delta,124,2.398224352749699,2.2353763433005955,0.1628480094491036,2.024055316882416,2.7723933886169823,True,True
18,2025-08-23,NGW-006,Na_mg_L,expanding_mean_delta,124,3.6781648797322193,3.6550641056192057,0.02310077411301359,3.248577610716858,4.107752148747581,True,True
18,2025-08-23,NGW-006,K_mg_L,expanding_mean_delta,124,1.8649015663109207,1.7404661748405046,0.12443539147041616,1.5619700135345567,2.167833119087285,True,True
18,2025-08-23,NGW-006,HCO3_mg_L,expanding_mean_delta,124,4.939207842918032,4.914564825345522,0.024643017572509862,4.653856928937942,5.224558756898122,True,True
18,2025-08-23,NGW-006,Cl_mg_L,expanding_mean_delta,124,3.604740810209976,3.6768068728796672,-0.07206606266969118,3.184927416568026,4.024554203851927,True,True
18,2025-08-23,NGW-006,SO4_mg_L,expanding_mean_delta,124,3.523028005744426,3.7492687541267204,-0.22624074838229458,3.0301663781114847,4.015889633377367,True,True
18,2025-08-23,NGW-006,NO3_mg_L,expanding_mean_delta,124,2.362753692467199,2.67827804276854,-0.3155243503013412,1.6515298428926317,3.073977542041766,True,True
18,2025-08-23,NGW-006,F_mg_L,expanding_mean_delta,124,0.41144827387657934,0.3220834991691133,0.08936477470746607,0.11558445995717292,0.7073120877959858,True,True
18,2025-08-23,NGW-006,Sr_mg_L,expanding_mean_delta,124,0.20815569338639855,0.26849925303500694,-0.06034355964860838,0.008155693386398544,0.40815569338639857,True,True
18,2025-08-23,NGW-006,SiO2_mg_L,expanding_mean_delta,124,3.8715581176757854,3.906004933102583,-0.03444681542679762,3.5543936600743398,4.1887225752772315,True,True
18,2025-08-23,NGW-006,Ca_mg_L,hydrosheaf_graph_ridge,124,3.5156235295397646,3.7049988359938197,-0.1893753064540551,3.1932243159115994,3.83802274316793,True,True
18,2025-08-23,NGW-006,Mg_mg_L,hydrosheaf_graph_ridge,124,2.4988164764159935,2.2353763433005955,0.26344013311539793,2.124647440548711,2.872985512283276,True,True
18,2025-08-23,NGW-006,Na_mg_L,hydrosheaf_graph_ridge,124,3.8316505587154377,3.6550641056192057,0.176586453096232,3.4020632897000764,4.261237827730799,True,True
18,2025-08-23,NGW-006,K_mg_L,hydrosheaf_graph_ridge,124,1.748718413537667,1.7404661748405046,0.008252238697162406,1.445786860761303,2.051649966314031,True,True
18,2025-08-23,NGW-006,HCO3_mg_L,hydrosheaf_graph_ridge,124,4.9758735040782485,4.914564825345522,0.061308678732726385,4.690522590098158,5.2612244180583385,True,True
18,2025-08-23,NGW-006,Cl_mg_L,hydrosheaf_graph_ridge,124,3.756731864495713,3.6768068728796672,0.07992499161604583,3.336918470853763,4.176545258137663,True,True
18,2025-08-23,NGW-006,SO4_mg_L,hydrosheaf_graph_ridge,124,3.7208393946136478,3.7492687541267204,-0.028429359513072683,3.2279777669807066,4.213701022246589,True,True
18,2025-08-23,NGW-006,NO3_mg_L,hydrosheaf_graph_ridge,124,2.2495634236804225,2.67827804276854,-0.4287146190881175,1.5383395741058554,2.9607872732549896,True,True
18,2025-08-23,NGW-006,F_mg_L,hydrosheaf_graph_ridge,124,0.505225413287288,0.3220834991691133,0.1831419141181747,0.20936159936788157,0.8010892272066944,True,True
18,2025-08-23,NGW-006,Sr_mg_L,hydrosheaf_graph_ridge,124,0.2415632416507983,0.26849925303500694,-0.026936011384208647,0.04156324165079828,0.4415632416507983,True,True
18,2025-08-23,NGW-006,SiO2_mg_L,hydrosheaf_graph_ridge,124,3.81814355305426,3.906004933102583,-0.08786138004832322,3.500979095452814,4.135308010655706,True,True
18,2025-08-23,NGW-012,Ca_mg_L,persistence,124,3.8922283780999667,3.654805473780185,0.23742290431978175,3.5698291644718014,4.2146275917281315,True,True
18,2025-08-23,NGW-012,Mg_mg_L,persistence,124,2.6347624053323777,2.640484881606444,-0.005722476274066413,2.260593369465095,3.0089314411996604,True,True
18,2025-08-23,NGW-012,Na_mg_L,persistence,124,3.9193957597575593,3.6141559079179997,0.3052398518395596,3.489808490742198,4.3489830287729205,True,True
18,2025-08-23,NGW-012,K_mg_L,persistence,124,2.0162354657760435,1.6937790608678513,0.32245640490819216,1.7133039129996794,2.3191670185524074,True,False
18,2025-08-23,NGW-012,HCO3_mg_L,persistence,124,5.1504552058056525,4.941999501706118,0.20845570409953496,4.8651042918255625,5.435806119785743,True,True
18,2025-08-23,NGW-012,Cl_mg_L,persistence,124,4.039712366569035,3.878673025746592,0.1610393408224433,3.619898972927085,4.459525760210986,True,True
18,2025-08-23,NGW-012,SO4_mg_L,persistence,124,3.910822284851627,3.5272424885128144,0.3835797963388128,3.417960657218686,4.403683912484569,True,True
18,2025-08-23,NGW-012,NO3_mg_L,persistence,124,2.5922651681085,3.0516399054922867,-0.45937473738378687,1.8810413185339327,3.303489017683067,True,True
18,2025-08-23,NGW-012,F_mg_L,persistence,124,0.7371640659767197,0.6205764877251099,0.11658757825160981,0.44130025205731327,1.033027879896126,True,True
18,2025-08-23,NGW-012,Sr_mg_L,persistence,124,0.11955923505763925,0.16889853646181394,-0.04933930140417468,-0.08044076494236076,0.3195592350576393,True,True
18,2025-08-23,NGW-012,SiO2_mg_L,persistence,124,4.215086179918229,4.04305126783455,0.17203491208367883,3.8979217223167835,4.532250637519675,True,True
18,2025-08-23,NGW-012,Ca_mg_L,expanding_mean_delta,124,3.4727963973966176,3.654805473780185,-0.18200907638356734,3.1503971837684523,3.795195611024783,True,True
18,2025-08-23,NGW-012,Mg_mg_L,expanding_mean_delta,124,2.2217784648772403,2.640484881606444,-0.41870641672920383,1.8476094290099574,2.595947500744523,True,False
18,2025-08-23,NGW-012,Na_mg_L,expanding_mean_delta,124,3.5025496327245182,3.6141559079179997,-0.11160627519348143,3.072962363709157,3.9321369017398795,True,True
18,2025-08-23,NGW-012,K_mg_L,expanding_mean_delta,124,1.6641098274545654,1.6937790608678513,-0.029669233413285978,1.3611782746782013,1.9670413802309294,True,True
18,2025-08-23,NGW-012,HCO3_mg_L,expanding_mean_delta,124,4.773898768571927,4.941999501706118,-0.1681007331341906,4.488547854591837,5.059249682552017,True,True
18,2025-08-23,NGW-012,Cl_mg_L,expanding_mean_delta,124,3.475001142070105,3.878673025746592,-0.4036718836764872,3.0551877484281547,3.894814535712055,True,True
18,2025-08-23,NGW-012,SO4_mg_L,expanding_mean_delta,124,3.5461199777369514,3.5272424885128144,0.018877489224137012,3.0532583501040103,4.038981605369893,True,True
18,2025-08-23,NGW-012,NO3_mg_L,expanding_mean_delta,124,2.2705785251126223,3.0516399054922867,-0.7810613803796644,1.5593546755380552,2.9818023746871893,True,False
18,2025-08-23,NGW-012,F_mg_L,expanding_mean_delta,124,0.5776327932675612,0.6205764877251099,-0.04294369445754864,0.2817689793481548,0.8734966071869676,True,True
18,2025-08-23,NGW-012,Sr_mg_L,expanding_mean_delta,124,0.12559074435390344,0.16889853646181394,-0.0433077921079105,-0.07440925564609657,0.32559074435390345,True,True
18,2025-08-23,NGW-012,SiO2_mg_L,expanding_mean_delta,124,4.247191985000704,4.04305126783455,0.20414071716615378,3.9300275273992584,4.56435644260215,True,True
18,2025-08-23,NGW-012,Ca_mg_L,hydrosheaf_graph_ridge,124,3.5608413849524676,3.654805473780185,-0.09396408882771734,3.2384421713243023,3.883240598580633,True,True
18,2025-08-23,NGW-012,Mg_mg_L,hydrosheaf_graph_ridge,124,2.437850283350595,2.640484881606444,-0.20263459825584906,2.063681247483312,2.812019319217878,True,True
18,2025-08-23,NGW-012,Na_mg_L,hydrosheaf_graph_ridge,124,3.4619224935265227,3.6141559079179997,-0.15223341439147697,3.0323352245111614,3.891509762541884,True,True
18,2025-08-23,NGW-012,K_mg_L,hydrosheaf_graph_ridge,124,1.662890655450459,1.6937790608678513,-0.03088840541739235,1.359959102674095,1.965822208226823,True,True
18,2025-08-23,NGW-012,HCO3_mg_L,hydrosheaf_graph_ridge,124,4.775547437047813,4.941999501706118,-0.16645206465830498,4.4901965230677225,5.060898351027903,True,True
18,2025-08-23,NGW-012,Cl_mg_L,hydrosheaf_graph_ridge,124,3.656596921915378,3.878673025746592,-0.2220761038312138,3.236783528273428,4.076410315557329,True,True
18,2025-08-23,NGW-012,SO4_mg_L,hydrosheaf_graph_ridge,124,3.3656524564231702,3.5272424885128144,-0.16159003208964418,2.872790828790229,3.8585140840561114,True,True
18,2025-08-23,NGW-012,NO3_mg_L,hydrosheaf_graph_ridge,124,2.8286025803687274,3.0516399054922867,-0.22303732512355934,2.1173787307941603,3.5398264299432944,True,True
18,2025-08-23,NGW-012,F_mg_L,hydrosheaf_graph_ridge,124,0.5370760842238735,0.6205764877251099,-0.08350040350123633,0.24121227030446712,0.83293989814328,True,True
18,2025-08-23,NGW-012,Sr_mg_L,hydrosheaf_graph_ridge,124,0.14940025963153455,0.16889853646181394,-0.019498276830279382,-0.05059974036846546,0.34940025963153454,True,True
18,2025-08-23,NGW-012,SiO2_mg_L,hydrosheaf_graph_ridge,124,4.257245237147231,4.04305126783455,0.21419396931268064,3.9400807795457853,4.5744096947486765,True,True
18,2025-08-23,NGW-033,Ca_mg_L,persistence,124,3.8073289343134804,3.548467300397191,0.25886163391628925,3.484929720685315,4.129728147941646,True,True
18,2025-08-23,NGW-033,Mg_mg_L,persistence,124,2.7466296830696852,2.2375130962503307,0.5091165868193546,2.372460647202402,3.1207987189369684,True,False
18,2025-08-23,NGW-033,Na_mg_L,persistence,124,3.9487405883633087,2.8027541365715076,1.145986451791801,3.5191533193479474,4.37832785737867,True,False
18,2025-08-23,NGW-033,K_mg_L,persistence,124,1.9021075263969205,1.5129270120532565,0.38918051434366396,1.5991759736205564,2.2050390791732846,True,False
18,2025-08-23,NGW-033,HCO3_mg_L,persistence,124,5.144175020019389,4.741273268980431,0.4029017510389581,4.858824106039299,5.4295259339994795,True,False
18,2025-08-23,NGW-033,Cl_mg_L,persistence,124,4.347046915777855,3.064791809485486,1.2822551062923693,3.927233522135905,4.766860309419806,True,False
18,2025-08-23,NGW-033,SO4_mg_L,persistence,124,3.7999735016195233,3.3565486299932736,0.44342487162624966,3.307111873986582,4.292835129252465,True,True
18,2025-08-23,NGW-033,NO3_mg_L,persistence,124,2.3988039507345884,2.558002204858551,-0.1591982541239627,1.6875801011600213,3.1100278003091555,True,True
18,2025-08-23,NGW-033,F_mg_L,persistence,124,0.6729444732424258,0.3920420877760237,0.2809023854664021,0.3770806593230194,0.9688082871618322,True,True
18,2025-08-23,NGW-033,Sr_mg_L,persistence,124,0.17142911562753096,0.08617769624105233,0.08525141938647864,-0.028570884372469046,0.371429115627531,True,True
18,2025-08-23,NGW-033,SiO2_mg_L,persistence,124,4.244200317766478,4.050044303325521,0.19415601444095731,3.9270358601650326,4.561364775367924,True,True
18,2025-08-23,NGW-033,Ca_mg_L,expanding_mean_delta,124,3.3878969536101313,3.548467300397191,-0.16057034678705984,3.065497739981966,3.7102961672382966,True,True
18,2025-08-23,NGW-033,Mg_mg_L,expanding_mean_delta,124,2.333645742614548,2.2375130962503307,0.09613264636421714,1.959476706747265,2.707814778481831,True,True
18,2025-08-23,NGW-033,Na_mg_L,expanding_mean_delta,124,3.5318944613302676,2.8027541365715076,0.72914032475876,3.1023071923149064,3.961481730345629,True,False
18,2025-08-23,NGW-033,K_mg_L,expanding_mean_delta,124,1.5499818880754423,1.5129270120532565,0.03705487602218582,1.2470503352990783,1.8529134408518064,True,True
18,2025-08-23,NGW-033,HCO3_mg_L,expanding_mean_delta,124,4.767618582785664,4.741273268980431,0.02634531380523253,4.482267668805574,5.052969496765754,True,True
18,2025-08-23,NGW-033,Cl_mg_L,expanding_mean_delta,124,3.7823356912789245,3.064791809485486,0.7175438817934388,3.3625222976369744,4.202149084920875,True,False
18,2025-08-23,NGW-033,SO4_mg_L,expanding_mean_delta,124,3.4352711945048475,3.3565486299932736,0.07872256451157389,2.9424095668719064,3.9281328221377887,True,True
18,2025-08-23,NGW-033,NO3_mg_L,expanding_mean_delta,124,2.077117307738711,2.558002204858551,-0.4808848971198403,1.3658934581641438,2.788341157313278,True,True
18,2025-08-23,NGW-033,F_mg_L,expanding_mean_delta,124,0.5134132005332673,0.3920420877760237,0.12137111275724366,0.21754938661386092,0.8092770144526737,True,True
18,2025-08-23,NGW-033,Sr_mg_L,expanding_mean_delta,124,0.17746062492379516,0.08617769624105233,0.09128292868274283,-0.02253937507620485,0.3774606249237952,True,True
18,2025-08-23,NGW-033,SiO2_mg_L,expanding_mean_delta,124,4.276306122848953,4.050044303325521,0.22626181952343227,3.9591416652475075,4.593470580450399,True,True
18,2025-08-23,NGW-033,Ca_mg_L,hydrosheaf_graph_ridge,124,3.5331844850892877,3.548467300397191,-0.01528281530790343,3.2107852714611225,3.855583698717453,True,True
18,2025-08-23,NGW-033,Mg_mg_L,hydrosheaf_graph_ridge,124,2.503242481621821,2.2375130962503307,0.26572938537149016,2.129073445754538,2.8774115174891035,True,True
18,2025-08-23,NGW-033,Na_mg_L,hydrosheaf_graph_ridge,124,3.3545515674892425,2.8027541365715076,0.5517974309177349,2.9249642984738813,3.784138836504604,True,False
18,2025-08-23,NGW-033,K_mg_L,hydrosheaf_graph_ridge,124,1.5687497814146292,1.5129270120532565,0.05582276936137265,1.265818228638265,1.8716813341909933,True,True
18,2025-08-23,NGW-033,HCO3_mg_L,hydrosheaf_graph_ridge,124,4.863747370082754,4.741273268980431,0.12247410110232249,4.578396456102664,5.149098284062844,True,True
18,2025-08-23,NGW-033,Cl_mg_L,hydrosheaf_graph_ridge,124,3.7203728605799595,3.064791809485486,0.6555810510944737,3.3005594669380094,4.14018625422191,True,False
18,2025-08-23,NGW-033,SO4_mg_L,hydrosheaf_graph_ridge,124,3.46752445111594,3.3565486299932736,0.11097582112266657,2.974662823482999,3.9603860787488814,True,True
18,2025-08-23,NGW-033,NO3_mg_L,hydrosheaf_graph_ridge,124,2.1426564981073617,2.558002204858551,-0.4153457067511894,1.4314326485327946,2.8538803476819288,True,True
18,2025-08-23,NGW-033,F_mg_L,hydrosheaf_graph_ridge,124,0.5181726463560612,0.3920420877760237,0.12613055858003752,0.22230883243665478,0.8140364602754676,True,True
18,2025-08-23,NGW-033,Sr_mg_L,hydrosheaf_graph_ridge,124,0.178722591280334,0.08617769624105233,0.09254489503928166,-0.02127740871966602,0.37872259128033403,True,True
18,2025-08-23,NGW-033,SiO2_mg_L,hydrosheaf_graph_ridge,124,4.2844608236917905,4.050044303325521,0.2344165203662696,3.967296366090345,4.601625281293236,True,True
18,2025-08-23,NGW-036,Ca_mg_L,persistence,124,3.9611940494345954,3.7595708822364693,0.20162316719812612,3.63879483580643,4.283593263062761,True,True
18,2025-08-23,NGW-036,Mg_mg_L,persistence,124,2.972975286431375,2.481567748522486,0.49140753790888914,2.598806250564092,3.347144322298658,True,False
18,2025-08-23,NGW-036,Na_mg_L,persistence,124,3.945844553903657,3.8006444174447567,0.14520013645890018,3.5162572848882956,4.375431822919018,True,True
18,2025-08-23,NGW-036,K_mg_L,persistence,124,1.9892432737616872,1.6620303625532709,0.32721291120841633,1.6863117209853231,2.292174826538051,True,False
18,2025-08-23,NGW-036,HCO3_mg_L,persistence,124,5.200153117760806,4.97321030100552,0.22694281675528583,4.914802203780716,5.485504031740896,True,True
18,2025-08-23,NGW-036,Cl_mg_L,persistence,124,4.154655409326203,3.74879794432518,0.40585746500102315,3.734842015684253,4.574468802968154,True,True
18,2025-08-23,NGW-036,SO4_mg_L,persistence,124,3.906206120106581,4.018902367055242,-0.11269624694866076,3.41334449247364,4.399067747739522,True,True
18,2025-08-23,NGW-036,NO3_mg_L,persistence,124,2.9047128751668225,2.481567748522486,0.4231451266443367,2.1934890255922554,3.6159367247413896,True,True
18,2025-08-23,NGW-036,F_mg_L,persistence,124,0.9202827531436926,0.8109302162163288,0.1093525369273638,0.6244189392242862,1.2161465670630989,True,True
18,2025-08-23,NGW-036,Sr_mg_L,persistence,124,0.20294084399669032,0.19967019512856765,0.003270648868122672,0.002940843996690312,0.40294084399669033,True,True
18,2025-08-23,NGW-036,SiO2_mg_L,persistence,124,3.591817741270805,4.130354999745133,-0.5385372584743284,3.2746532836693594,3.9089821988722506,True,False
18,2025-08-23,NGW-036,Ca_mg_L,expanding_mean_delta,124,3.5417620687312463,3.7595708822364693,-0.21780881350522296,3.219362855103081,3.8641612823594116,True,True
18,2025-08-23,NGW-036,Mg_mg_L,expanding_mean_delta,124,2.5599913459762376,2.481567748522486,0.07842359745375171,2.1858223101089544,2.9341603818435207,True,True
18,2025-08-23,NGW-036,Na_mg_L,expanding_mean_delta,124,3.528998426870616,3.8006444174447567,-0.27164599057414085,3.0994111578552546,3.958585695885977,True,True
18,2025-08-23,NGW-036,K_mg_L,expanding_mean_delta,124,1.637117635440209,1.6620303625532709,-0.024912727113061806,1.334186082663845,1.9400491882165731,True,True
18,2025-08-23,NGW-036,HCO3_mg_L,expanding_mean_delta,124,4.82359668052708,4.97321030100552,-0.14961362047843973,4.53824576654699,5.10894759450717,True,True
18,2025-08-23,NGW-036,Cl_mg_L,expanding_mean_delta,124,3.5899441848272726,3.74879794432518,-0.15885375949790737,3.1701307911853225,4.009757578469223,True,True
18,2025-08-23,NGW-036,SO4_mg_L,expanding_mean_delta,124,3.5415038129919054,4.018902367055242,-0.47739855406333653,3.0486421853589643,4.034365440624847,True,True
18,2025-08-23,NGW-036,NO3_mg_L,expanding_mean_delta,124,2.583026232170945,2.481567748522486,0.10145848364845911,1.8718023825963779,3.294250081745512,True,True
18,2025-08-23,NGW-036,F_mg_L,expanding_mean_delta,124,0.7607514804345341,0.8109302162163288,-0.05017873578179466,0.4648876665151277,1.0566152943539406,True,True
18,2025-08-23,NGW-036,Sr_mg_L,expanding_mean_delta,124,0.20897235329295452,0.19967019512856765,0.00930215816438687,0.00897235329295451,0.40897235329295456,True,True
18,2025-08-23,NGW-036,SiO2_mg_L,expanding_mean_delta,124,3.62392354635328,4.130354999745133,-0.5064314533918535,3.3067590887518343,3.9410880039547256,True,False
18,2025-08-23,NGW-036,Ca_mg_L,hydrosheaf_graph_ridge,124,3.6264953031311884,3.7595708822364693,-0.1330755791052809,3.304096089503023,3.9488945167593537,True,True
18,2025-08-23,NGW-036,Mg_mg_L,hydrosheaf_graph_ridge,124,2.5390843059950887,2.481567748522486,0.05751655747260287,2.164915270127806,2.9132533418623714,True,True
18,2025-08-23,NGW-036,Na_mg_L,hydrosheaf_graph_ridge,124,3.433082949249159,3.8006444174447567,-0.36756146819559765,3.0034956802337978,3.8626702182645203,True,True
18,2025-08-23,NGW-036,K_mg_L,hydrosheaf_graph_ridge,124,1.5198462429161572,1.6620303625532709,-0.14218411963711364,1.2169146901397931,1.8227777956925213,True,True
18,2025-08-23,NGW-036,HCO3_mg_L,hydrosheaf_graph_ridge,124,4.899266336237727,4.97321030100552,-0.07394396476779264,4.613915422257637,5.184617250217817,True,True
18,2025-08-23,NGW-036,Cl_mg_L,hydrosheaf_graph_ridge,124,3.5582152947532304,3.74879794432518,-0.1905826495719496,3.1384019011112803,3.9780286883951805,True,True
18,2025-08-23,NGW-036,SO4_mg_L,hydrosheaf_graph_ridge,124,3.571932970459323,4.018902367055242,-0.44696939659591894,3.079071342826382,4.064794598092265,True,True
18,2025-08-23,NGW-036,NO3_mg_L,hydrosheaf_graph_ridge,124,2.384834308365188,2.481567748522486,-0.09673344015729768,1.673610458790621,3.0960581579397553,True,True
18,2025-08-23,NGW-036,F_mg_L,hydrosheaf_graph_ridge,124,0.6643140066495841,0.8109302162163288,-0.1466162095667447,0.36845019273017765,0.9601778205689905,True,True
18,2025-08-23,NGW-036,Sr_mg_L,hydrosheaf_graph_ridge,124,0.21032933246278257,0.19967019512856765,0.010659137334214919,0.010329332462782559,0.4103293324627826,True,True
18,2025-08-23,NGW-036,SiO2_mg_L,hydrosheaf_graph_ridge,124,3.979200425186864,4.130354999745133,-0.15115457455826942,3.6620359675854184,4.29636488278831,True,True
18,2025-08-23,NGW-107,Ca_mg_L,persistence,124,4.186923743515194,3.653511310276145,0.5334124332390484,3.8645245298870283,4.509322957143359,True,False
18,2025-08-23,NGW-107,Mg_mg_L,persistence,124,3.1908877883280318,2.6878474937846906,0.5030402945433412,2.8167187524607487,3.565056824195315,True,False
18,2025-08-23,NGW-107,Na_mg_L,persistence,124,4.197652973753796,3.6189933266497696,0.5786596471040268,3.768065704738435,4.627240242769158,True,False
18,2025-08-23,NGW-107,K_mg_L,persistence,124,2.0515563381903004,1.7647307968401356,0.2868255413501648,1.7486247854139363,2.354487890966664,True,True
18,2025-08-23,NGW-107,HCO3_mg_L,persistence,124,5.427941134341542,4.798266815950004,0.6296743183915376,5.142590220361452,5.713292048321632,True,False
18,2025-08-23,NGW-107,Cl_mg_L,persistence,124,4.609958702719888,4.175770927584296,0.4341877751355927,4.190145309077938,5.029772096361839,True,False
18,2025-08-23,NGW-107,SO4_mg_L,persistence,124,4.107589788972121,3.6149637711637683,0.492626017808353,3.61472816133918,4.600451416605063,True,True
18,2025-08-23,NGW-107,NO3_mg_L,persistence,124,3.677059877308594,2.626840145676667,1.0502197316319273,2.965836027734027,4.388283726883161,True,False
18,2025-08-23,NGW-107,F_mg_L,persistence,124,1.1151415906193203,0.832909122935104,0.2822324676842163,0.8192777766999139,1.4110054045387268,True,True
18,2025-08-23,NGW-107,Sr_mg_L,persistence,124,0.19227188764712272,0.17647114311577905,0.01580074453134367,-0.007728112352877292,0.39227188764712273,True,True
18,2025-08-23,NGW-107,SiO2_mg_L,persistence,124,4.084294226368599,4.01096295328305,0.07333127308554932,3.7671297687671537,4.401458683970045,True,True
18,2025-08-23,NGW-107,Ca_mg_L,expanding_mean_delta,124,3.7674917628118445,3.653511310276145,0.11398045253569933,3.4450925491836792,4.08989097644001,True,True
18,2025-08-23,NGW-107,Mg_mg_L,expanding_mean_delta,124,2.7779038478728943,2.6878474937846906,0.09005635408820378,2.4037348120056112,3.1520728837401775,True,True
18,2025-08-23,NGW-107,Na_mg_L,expanding_mean_delta,124,3.780806846720755,3.6189933266497696,0.16181352007098537,3.3512195777053937,4.210394115736117,True,True
18,2025-08-23,NGW-107,K_mg_L,expanding_mean_delta,124,1.6994306998688222,1.7647307968401356,-0.06530009697131334,1.3964991470924581,2.0023622526451863,True,True
18,2025-08-23,NGW-107,HCO3_mg_L,expanding_mean_delta,124,5.0513846971078165,4.798266815950004,0.2531178811578121,4.766033783127726,5.3367356110879065,True,True
18,2025-08-23,NGW-107,Cl_mg_L,expanding_mean_delta,124,4.045247478220958,4.175770927584296,-0.13052344936333782,3.6254340845790076,4.465060871862908,True,True
18,2025-08-23,NGW-107,SO4_mg_L,expanding_mean_delta,124,3.7428874818574456,3.6149637711637683,0.12792371069367725,3.2500258542245044,4.235749109490387,True,True
18,2025-08-23,NGW-107,NO3_mg_L,expanding_mean_delta,124,3.3553732343127165,2.626840145676667,0.7285330886360497,2.6441493847381494,4.066597083887284,True,False
18,2025-08-23,NGW-107,F_mg_L,expanding_mean_delta,124,0.9556103179101618,0.832909122935104,0.12270119497505783,0.6597465039907554,1.2514741318295681,True,True
18,2025-08-23,NGW-107,Sr_mg_L,expanding_mean_delta,124,0.19830339694338692,0.17647114311577905,0.021832253827607867,-0.001696603056613094,0.3983033969433869,True,True
18,2025-08-23,NGW-107,SiO2_mg_L,expanding_mean_delta,124,4.116400031451074,4.01096295328305,0.10543707816802428,3.7992355738496286,4.43356448905252,True,True
18,2025-08-23,NGW-107,Ca_mg_L,hydrosheaf_graph_ridge,124,3.6058941252952166,3.653511310276145,-0.047617184980928595,3.2834949116670513,3.928293338923382,True,True
18,2025-08-23,NGW-107,Mg_mg_L,hydrosheaf_graph_ridge,124,2.60554857435229,2.6878474937846906,-0.08229891943240064,2.2313795384850073,2.9797176102195726,True,True
18,2025-08-23,NGW-107,Na_mg_L,hydrosheaf_graph_ridge,124,3.6115501542744766,3.6189933266497696,-0.007443172375293017,3.1819628852591153,4.041137423289838,True,True
18,2025-08-23,NGW-107,K_mg_L,hydrosheaf_graph_ridge,124,1.5899251406644366,1.7647307968401356,-0.174805656175699,1.2869935878880725,1.8928566934408007,True,True
18,2025-08-23,NGW-107,HCO3_mg_L,hydrosheaf_graph_ridge,124,4.78429026219827,4.798266815950004,-0.013976553751734677,4.49893934821818,5.06964117617836,True,True
18,2025-08-23,NGW-107,Cl_mg_L,hydrosheaf_graph_ridge,124,3.9706618097790485,4.175770927584296,-0.2051091178052471,3.5508484161370983,4.390475203420999,True,True
18,2025-08-23,NGW-107,SO4_mg_L,hydrosheaf_graph_ridge,124,3.60558745268503,3.6149637711637683,-0.009376318478738543,3.1127258250520886,4.098449080317971,True,True
18,2025-08-23,NGW-107,NO3_mg_L,hydrosheaf_graph_ridge,124,3.1493283468454587,2.626840145676667,0.5224882011687919,2.4381044972708916,3.860552196420026,True,True
18,2025-08-23,NGW-107,F_mg_L,hydrosheaf_graph_ridge,124,0.8705851117741625,0.832909122935104,0.03767598883905854,0.5747212978547561,1.1664489256935688,True,True
18,2025-08-23,NGW-107,Sr_mg_L,hydrosheaf_graph_ridge,124,0.18618632696066523,0.17647114311577905,0.009715183844886177,-0.013813673039334784,0.38618632696066524,True,True
18,2025-08-23,NGW-107,SiO2_mg_L,hydrosheaf_graph_ridge,124,3.9507991051231994,4.01096295328305,-0.06016384815985054,3.633634647521754,4.2679635627246455,True,True
19,2025-08-24,NGW-005,Ca_mg_L,persistence,129,4.011506283913096,3.5824072096034194,0.429099074309677,3.6929971698052775,4.330015398020915,True,False
19,2025-08-24,NGW-005,Mg_mg_L,persistence,129,2.947591898226056,2.2049722641270453,0.7426196340990106,2.5738388027733117,3.3213449936788,True,False
19,2025-08-24,NGW-005,Na_mg_L,persistence,129,3.834061463958434,3.6041382256588457,0.22992323829958838,3.388112845691338,4.28001008222553,True,True
19,2025-08-24,NGW-005,K_mg_L,persistence,129,2.1126345090356,1.5933085305042167,0.5193259785313831,1.8165254271234825,2.4087435909477173,True,False
19,2025-08-24,NGW-005,HCO3_mg_L,persistence,129,5.269351888255022,4.799173247555884,0.47017864069913795,4.988772737041244,5.5499310394688,True,False
19,2025-08-24,NGW-005,Cl_mg_L,persistence,129,4.28524036598619,3.7285808209654885,0.5566595450207013,3.8647687239135964,4.705712008058783,True,False
19,2025-08-24,NGW-005,SO4_mg_L,persistence,129,4.103139109903596,3.6114583071453517,0.49168080275824444,3.6168338156477677,4.5894444041594245,True,False
19,2025-08-24,NGW-005,NO3_mg_L,persistence,129,2.395164274287139,2.6195832197798796,-0.22441894549274055,1.6912032570358395,3.0991252915384386,True,True
19,2025-08-24,NGW-005,F_mg_L,persistence,129,0.5068176023684519,0.4510756193602166,0.05574198300823524,0.21408134825465597,0.7995538564822477,True,True
19,2025-08-24,NGW-005,Sr_mg_L,persistence,129,0.28141245943818555,0.1873090983049937,0.09410336113319184,0.08141245943818554,0.48141245943818556,True,True
19,2025-08-24,NGW-005,SiO2_mg_L,persistence,129,3.765840495250065,3.8918202981106265,-0.12597980286056165,3.4486786906061657,4.0830022998939635,True,True
19,2025-08-24,NGW-005,Ca_mg_L,expanding_mean_delta,129,3.5972624431579105,3.5824072096034194,0.014855233554491143,3.278753329050092,3.915771557265729,True,True
19,2025-08-24,NGW-005,Mg_mg_L,expanding_mean_delta,129,2.5345400958280804,2.2049722641270453,0.3295678317010351,2.160787000375336,2.9082931912808245,True,True
19,2025-08-24,NGW-005,Na_mg_L,expanding_mean_delta,129,3.4131005900015547,3.6041382256588457,-0.19103763565729093,2.9671519717344585,3.859049208268651,True,True
19,2025-08-24,NGW-005,K_mg_L,expanding_mean_delta,129,1.760186326450595,1.5933085305042167,0.1668777959463783,1.4640772445384778,2.0562954083627125,True,True
19,2025-08-24,NGW-005,HCO3_mg_L,expanding_mean_delta,129,4.89290094048701,4.799173247555884,0.09372769293112615,4.612321789273232,5.173480091700788,True,True
19,2025-08-24,NGW-005,Cl_mg_L,expanding_mean_delta,129,3.720897911048608,3.7285808209654885,-0.007682909916880476,3.3004262689760147,4.141369553121201,True,True
19,2025-08-24,NGW-005,SO4_mg_L,expanding_mean_delta,129,3.742143124789046,3.6114583071453517,0.13068481764369455,3.255837830533218,4.228448419044875,True,True
19,2025-08-24,NGW-005,NO3_mg_L,expanding_mean_delta,129,2.079272042574334,2.6195832197798796,-0.5403111772055458,1.3753110253230343,2.7832330598256334,True,True
19,2025-08-24,NGW-005,F_mg_L,expanding_mean_delta,129,0.34542342537866993,0.4510756193602166,-0.10565219398154668,0.052687171264874044,0.6381596794924658,True,True
19,2025-08-24,NGW-005,Sr_mg_L,expanding_mean_delta,129,0.28729849595213797,0.1873090983049937,0.09998939764714426,0.08729849595213796,0.487298495952138,True,True
19,2025-08-24,NGW-005,SiO2_mg_L,expanding_mean_delta,129,3.797985359665571,3.8918202981106265,-0.09383493844505564,3.4808235550216717,4.1151471643094695,True,True
19,2025-08-24,NGW-005,Ca_mg_L,hydrosheaf_graph_ridge,129,3.5004298291330413,3.5824072096034194,-0.08197738047037806,3.181920715025223,3.81893894324086,True,True
19,2025-08-24,NGW-005,Mg_mg_L,hydrosheaf_graph_ridge,129,2.555979669690983,2.2049722641270453,0.3510074055639376,2.1822265742382387,2.929732765143727,True,True
19,2025-08-24,NGW-005,Na_mg_L,hydrosheaf_graph_ridge,129,3.5184049424150112,3.6041382256588457,-0.08573328324383445,3.072456324147915,3.9643535606821074,True,True
19,2025-08-24,NGW-005,K_mg_L,hydrosheaf_graph_ridge,129,1.7832938800006897,1.5933085305042167,0.18998534949647294,1.4871847980885724,2.079402961912807,True,True
19,2025-08-24,NGW-005,HCO3_mg_L,hydrosheaf_graph_ridge,129,4.912773895721665,4.799173247555884,0.11360064816578141,4.6321947445078875,5.193353046935443,True,True
19,2025-08-24,NGW-005,Cl_mg_L,hydrosheaf_graph_ridge,129,3.5887926725572274,3.7285808209654885,-0.13978814840826104,3.168321030484634,4.009264314629821,True,True
19,2025-08-24,NGW-005,SO4_mg_L,hydrosheaf_graph_ridge,129,3.6100028463526574,3.6114583071453517,-0.0014554607926942076,3.123697552096829,4.096308140608485,True,True
19,2025-08-24,NGW-005,NO3_mg_L,hydrosheaf_graph_ridge,129,2.6052423882307925,2.6195832197798796,-0.014340831549087163,1.901281370979493,3.309203405482092,True,True
19,2025-08-24,NGW-005,F_mg_L,hydrosheaf_graph_ridge,129,0.46421413514233606,0.4510756193602166,0.013138515782119442,0.17147788102854017,0.756950389256132,True,True
19,2025-08-24,NGW-005,Sr_mg_L,hydrosheaf_graph_ridge,129,0.22122856507951916,0.1873090983049937,0.03391946677452545,0.021228565079519146,0.42122856507951917,True,True
19,2025-08-24,NGW-005,SiO2_mg_L,hydrosheaf_graph_ridge,129,3.713428636454708,3.8918202981106265,-0.17839166165591847,3.396266831810809,4.030590441098607,True,True
19,2025-08-24,NGW-026,Ca_mg_L,persistence,129,3.9908341858524357,3.5681232529781366,0.42271093287429906,3.672325071744617,4.309343299960254,True,False
19,2025-08-24,NGW-026,Mg_mg_L,persistence,129,2.8587664184808337,2.2874714551839976,0.571294963296836,2.4850133230280895,3.232519513933578,True,False
19,2025-08-24,NGW-026,Na_mg_L,persistence,129,3.8865000481970604,3.2857865301508276,0.6007135180462329,3.440551429929964,4.332448666464157,True,False
19,2025-08-24,NGW-026,K_mg_L,persistence,129,2.052840859882657,1.667706820558076,0.3851340393245808,1.7567317779705396,2.3489499417947743,True,False
19,2025-08-24,NGW-026,HCO3_mg_L,persistence,129,5.1407274459732655,4.656528478263233,0.48419896771003224,4.860148294759488,5.421306597187043,True,False
19,2025-08-24,NGW-026,Cl_mg_L,persistence,129,4.114473933517266,3.6430972614588084,0.471376672058458,3.694002291444673,4.53494557558986,True,False
19,2025-08-24,NGW-026,SO4_mg_L,persistence,129,3.7390971702745537,3.4190372997904865,0.32005987048406714,3.2527918760187253,4.225402464530382,True,True
19,2025-08-24,NGW-026,NO3_mg_L,persistence,129,3.5530597309714014,3.5573460641520867,-0.004286333180685276,2.849098713720102,4.257020748222701,True,True
19,2025-08-24,NGW-026,F_mg_L,persistence,129,0.5766133643039938,0.48858001481867097,0.08803334948532282,0.2838771101901979,0.8693496184177897,True,True
19,2025-08-24,NGW-026,Sr_mg_L,persistence,129,0.2062008305838978,0.15871169115482087,0.047489139429076926,0.006200830583897782,0.4062008305838978,True,True
19,2025-08-24,NGW-026,SiO2_mg_L,persistence,129,3.8088822465086327,3.858622228701031,-0.04973998219239828,3.4917204418647336,4.126044051152531,True,True
19,2025-08-24,NGW-026,Ca_mg_L,expanding_mean_delta,129,3.57659034509725,3.5681232529781366,0.008467092119113229,3.258081230989431,3.8950994592050687,True,True
19,2025-08-24,NGW-026,Mg_mg_L,expanding_mean_delta,129,2.4457146160828582,2.2874714551839976,0.1582431608988606,2.071961520630114,2.8194677115356024,True,True
19,2025-08-24,NGW-026,Na_mg_L,expanding_mean_delta,129,3.465539174240181,3.2857865301508276,0.17975264408935354,3.019590555973085,3.9114877925072773,True,True
19,2025-08-24,NGW-026,K_mg_L,expanding_mean_delta,129,1.700392677297652,1.667706820558076,0.032685856739576025,1.4042835953855348,1.9965017592097694,True,True
19,2025-08-24,NGW-026,HCO3_mg_L,expanding_mean_delta,129,4.764276498205254,4.656528478263233,0.10774801994202043,4.483697346991476,5.0448556494190315,True,True
19,2025-08-24,NGW-026,Cl_mg_L,expanding_mean_delta,129,3.5501314785796847,3.6430972614588084,-0.09296578287912372,3.1296598365070913,3.970603120652278,True,True
19,2025-08-24,NGW-026,SO4_mg_L,expanding_mean_delta,129,3.378101185160004,3.4190372997904865,-0.040936114630482745,2.8917958909041754,3.864406479415832,True,True
19,2025-08-24,NGW-026,NO3_mg_L,expanding_mean_delta,129,3.237167499258596,3.5573460641520867,-0.3201785648934905,2.5332064820072966,3.9411285165098957,True,True
19,2025-08-24,NGW-026,F_mg_L,expanding_mean_delta,129,0.41521918731421187,0.48858001481867097,-0.0733608275044591,0.12248293320041598,0.7079554414280078,True,True
19,2025-08-24,NGW-026,Sr_mg_L,expanding_mean_delta,129,0.2120868670978502,0.15871169115482087,0.053375175943029346,0.012086867097850201,0.41208686709785025,True,True
19,2025-08-24,NGW-026,SiO2_mg_L,expanding_mean_delta,129,3.8410271109241387,3.858622228701031,-0.017595117776892266,3.5238653062802396,4.158188915568037,True,True
19,2025-08-24,NGW-026,Ca_mg_L,hydrosheaf_graph_ridge,129,3.534113690714888,3.5681232529781366,-0.03400956226324858,3.2156045766070696,3.8526228048227065,True,True
19,2025-08-24,NGW-026,Mg_mg_L,hydrosheaf_graph_ridge,129,2.6350513160915483,2.2874714551839976,0.34757986090755066,2.261298220638804,3.0088044115442925,True,True
19,2025-08-24,NGW-026,Na_mg_L,hydrosheaf_graph_ridge,129,3.4192535020590924,3.2857865301508276,0.13346697190826484,2.973304883791996,3.8652021203261886,True,True
19,2025-08-24,NGW-026,K_mg_L,hydrosheaf_graph_ridge,129,1.6668599256081145,1.667706820558076,-0.0008468949499615963,1.3707508436959972,1.9629690075202317,True,True
19,2025-08-24,NGW-026,HCO3_mg_L,hydrosheaf_graph_ridge,129,4.815976169392645,4.656528478263233,0.1594476911294116,4.535397018178867,5.096555320606423,True,True
19,2025-08-24,NGW-026,Cl_mg_L,hydrosheaf_graph_ridge,129,3.5500518075409047,3.6430972614588084,-0.09304545391790375,3.1295801654683113,3.970523449613498,True,True
19,2025-08-24,NGW-026,SO4_mg_L,hydrosheaf_graph_ridge,129,3.406243242745512,3.4190372997904865,-0.012794057044974494,2.9199379484896837,3.8925485370013404,True,True
19,2025-08-24,NGW-026,NO3_mg_L,hydrosheaf_graph_ridge,129,3.7397774338904517,3.5573460641520867,0.18243136973836505,3.035816416639152,4.443738451141751,True,True
19,2025-08-24,NGW-026,F_mg_L,hydrosheaf_graph_ridge,129,0.6116083405956158,0.48858001481867097,0.12302832577694478,0.31887208648181986,0.9043445947094116,True,True
19,2025-08-24,NGW-026,Sr_mg_L,hydrosheaf_graph_ridge,129,0.15293558473812324,0.15871169115482087,-0.005776106416697624,-0.04706441526187677,0.35293558473812325,True,True
19,2025-08-24,NGW-026,SiO2_mg_L,hydrosheaf_graph_ridge,129,3.8614157864340903,3.858622228701031,0.0027935577330593375,3.5442539817901912,4.178577591077989,True,True
19,2025-08-24,NGW-037,Ca_mg_L,persistence,129,3.914619631275412,3.7478556592142334,0.16676397206117866,3.5961105171675936,4.2331287453832305,True,True
19,2025-08-24,NGW-037,Mg_mg_L,persistence,129,2.872999508171694,2.5952547069568657,0.2777448012148285,2.49924641271895,3.2467526036244383,True,True
19,2025-08-24,NGW-037,Na_mg_L,persistence,129,3.709172157381699,3.666378188767423,0.04279396861427598,3.2632235391146027,4.155120775648795,True,True
19,2025-08-24,NGW-037,K_mg_L,persistence,129,2.0028304393079956,1.9110228900548727,0.09180754925312296,1.7067213573958784,2.298939521220113,True,True
19,2025-08-24,NGW-037,HCO3_mg_L,persistence,129,5.171108799806994,5.167582061225516,0.0035267385814785612,4.890529648593216,5.451687951020772,True,True
19,2025-08-24,NGW-037,Cl_mg_L,persistence,129,4.127779338308338,3.7819143200811256,0.3458650182272125,3.7073076962357447,4.5482509803809315,True,True
19,2025-08-24,NGW-037,SO4_mg_L,persistence,129,3.9539324085053558,3.4622924810219664,0.49163992748338936,3.4676271142495274,4.440237702761184,True,False
19,2025-08-24,NGW-037,NO3_mg_L,persistence,129,3.4763048541489607,3.5328102684640474,-0.05650541431508671,2.772343836897661,4.180265871400261,True,True
19,2025-08-24,NGW-037,F_mg_L,persistence,129,0.6259384308664953,0.5068176023684519,0.1191208284980434,0.33320217675269936,0.9186746849802911,True,True
19,2025-08-24,NGW-037,Sr_mg_L,persistence,129,0.20945022418220727,0.1501426584297195,0.05930756575248777,0.009450224182207256,0.4094502241822073,True,True
19,2025-08-24,NGW-037,SiO2_mg_L,persistence,129,4.28771595520264,4.282206299391671,0.005509655810969072,3.970554150558741,4.604877759846539,True,True
19,2025-08-24,NGW-037,Ca_mg_L,expanding_mean_delta,129,3.500375790520226,3.7478556592142334,-0.24747986869400718,3.1818666764124073,3.818884904628045,True,True
19,2025-08-24,NGW-037,Mg_mg_L,expanding_mean_delta,129,2.4599477057737187,2.5952547069568657,-0.13530700118314698,2.0861946103209745,2.833700801226463,True,True
19,2025-08-24,NGW-037,Na_mg_L,expanding_mean_delta,129,3.2882112834248196,3.666378188767423,-0.37816690534260333,2.8422626651577234,3.734159901691916,True,True
19,2025-08-24,NGW-037,K_mg_L,expanding_mean_delta,129,1.6503822567229909,1.9110228900548727,-0.2606406333318818,1.3542731748108736,1.9464913386351081,True,True
19,2025-08-24,NGW-037,HCO3_mg_L,expanding_mean_delta,129,4.794657852038982,5.167582061225516,-0.37292420918653324,4.514078700825205,5.07523700325276,True,False
19,2025-08-24,NGW-037,Cl_mg_L,expanding_mean_delta,129,3.5634368833707564,3.7819143200811256,-0.21847743671036923,3.142965241298163,3.9839085254433497,True,True
19,2025-08-24,NGW-037,SO4_mg_L,expanding_mean_delta,129,3.592936423390806,3.4622924810219664,0.13064394236883947,3.1066311291349775,4.079241717646634,True,True
19,2025-08-24,NGW-037,NO3_mg_L,expanding_mean_delta,129,3.1604126224361555,3.5328102684640474,-0.37239764602789194,2.456451605184856,3.864373639687455,True,True
19,2025-08-24,NGW-037,F_mg_L,expanding_mean_delta,129,0.46454425387671333,0.5068176023684519,-0.04227334849173853,0.17180799976291744,0.7572805079905092,True,True
19,2025-08-24,NGW-037,Sr_mg_L,expanding_mean_delta,129,0.2153362606961597,0.1501426584297195,0.06519360226644019,0.015336260696159676,0.4153362606961597,True,True
19,2025-08-24,NGW-037,SiO2_mg_L,expanding_mean_delta,129,4.319860819618146,4.282206299391671,0.037654520226475086,4.002699014974247,4.637022624262045,True,True
19,2025-08-24,NGW-037,Ca_mg_L,hydrosheaf_graph_ridge,129,3.5434393780685665,3.7478556592142334,-0.2044162811456669,3.224930263960748,3.861948492176385,True,True
19,2025-08-24,NGW-037,Mg_mg_L,hydrosheaf_graph_ridge,129,2.6254686884811065,2.5952547069568657,0.03021398152424082,2.2517155930283623,2.9992217839338506,True,True
19,2025-08-24,NGW-037,Na_mg_L,hydrosheaf_graph_ridge,129,3.4867547397121053,3.666378188767423,-0.17962344905531769,3.040806121445009,3.9327033579792015,True,True
19,2025-08-24,NGW-037,K_mg_L,hydrosheaf_graph_ridge,129,1.6902697297787046,1.9110228900548727,-0.2207531602761681,1.3941606478665873,1.9863788116908219,True,True
19,2025-08-24,NGW-037,HCO3_mg_L,hydrosheaf_graph_ridge,129,4.851098832232934,5.167582061225516,-0.3164832289925821,4.570519681019156,5.131677983446711,True,False
19,2025-08-24,NGW-037,Cl_mg_L,hydrosheaf_graph_ridge,129,3.7807564225016983,3.7819143200811256,-0.0011578975794273028,3.360284780429105,4.201228064574291,True,True
19,2025-08-24,NGW-037,SO4_mg_L,hydrosheaf_graph_ridge,129,3.6277375779173595,3.4622924810219664,0.1654450968953931,3.141432283661531,4.114042872173187,True,True
19,2025-08-24,NGW-037,NO3_mg_L,hydrosheaf_graph_ridge,129,3.2019321491295383,3.5328102684640474,-0.33087811933450917,2.4979711318782387,3.905893166380838,True,True
19,2025-08-24,NGW-037,F_mg_L,hydrosheaf_graph_ridge,129,0.5471713157489988,0.5068176023684519,0.04035371338054694,0.2544350616352029,0.8399075698627947,True,True
19,2025-08-24,NGW-037,Sr_mg_L,hydrosheaf_graph_ridge,129,0.15985436033625508,0.1501426584297195,0.009711701906535586,-0.04014563966374493,0.35985436033625506,True,True
19,2025-08-24,NGW-037,SiO2_mg_L,hydrosheaf_graph_ridge,129,4.286019214336482,4.282206299391671,0.0038129149448113964,3.9688574096925833,4.603181018980381,True,True
19,2025-08-24,NGW-054,Ca_mg_L,persistence,129,3.9322177127136655,3.4701013603093664,0.46211635240429905,3.6137085986058466,4.250726826821484,True,False
19,2025-08-24,NGW-054,Mg_mg_L,persistence,129,3.0248055210396982,2.4740142086215764,0.5507913124181218,2.651052425586954,3.3985586164924424,True,False
19,2025-08-24,NGW-054,Na_mg_L,persistence,129,3.9158158036668422,3.7249702742582897,0.19084552940855248,3.469867185399746,4.361764421933938,True,True
19,2025-08-24,NGW-054,K_mg_L,persistence,129,2.0294631718735947,1.62924053973028,0.40022263214331466,1.7333540899614774,2.325572253785712,True,False
19,2025-08-24,NGW-054,HCO3_mg_L,persistence,129,5.244441793578718,4.7846543879618855,0.45978740561683296,4.963862642364941,5.525020944792496,True,False
19,2025-08-24,NGW-054,Cl_mg_L,persistence,129,4.090001812787964,3.846951008684431,0.24305080410353286,3.6695301707153707,4.510473454860557,True,True
19,2025-08-24,NGW-054,SO4_mg_L,persistence,129,3.991203803302587,3.5942940116240685,0.3969097916785187,3.504898509046759,4.477509097558415,True,True
19,2025-08-24,NGW-054,NO3_mg_L,persistence,129,2.911263116927541,2.771963526845863,0.13929959008167803,2.2073020996762414,3.6152241341788405,True,True
19,2025-08-24,NGW-054,F_mg_L,persistence,129,0.22314355131420976,0.37156355643248307,-0.1484200051182733,-0.06959270279958613,0.5158798054280056,True,True
19,2025-08-24,NGW-054,Sr_mg_L,persistence,129,0.20945022418220727,0.18398683611301586,0.025463388069191406,0.009450224182207256,0.4094502241822073,True,True
19,2025-08-24,NGW-054,SiO2_mg_L,persistence,129,3.634951112088381,3.6888794541139363,-0.05392834202555541,3.3177893074444818,3.95211291673228,True,True
19,2025-08-24,NGW-054,Ca_mg_L,expanding_mean_delta,129,3.5179738719584797,3.4701013603093664,0.047872511649113214,3.199464757850661,3.836482986066298,True,True
19,2025-08-24,NGW-054,Mg_mg_L,expanding_mean_delta,129,2.611753718641723,2.4740142086215764,0.1377395100201464,2.2380006231889786,2.985506814094467,True,True
19,2025-08-24,NGW-054,Na_mg_L,expanding_mean_delta,129,3.494854929709963,3.7249702742582897,-0.23011534454832683,3.0489063114428667,3.940803547977059,True,True
19,2025-08-24,NGW-054,K_mg_L,expanding_mean_delta,129,1.67701498928859,1.62924053973028,0.047774449558309895,1.3809059073764727,1.9731240712007072,True,True
19,2025-08-24,NGW-054,HCO3_mg_L,expanding_mean_delta,129,4.867990845810707,4.7846543879618855,0.08333645784882115,4.587411694596929,5.1485699970244845,True,True
19,2025-08-24,NGW-054,Cl_mg_L,expanding_mean_delta,129,3.5256593578503823,3.846951008684431,-0.32129165083404887,3.105187715777789,3.9461309999229757,True,True
19,2025-08-24,NGW-054,SO4_mg_L,expanding_mean_delta,129,3.6302078181880373,3.5942940116240685,0.03591380656396881,3.143902523932209,4.116513112443865,True,True
19,2025-08-24,NGW-054,NO3_mg_L,expanding_mean_delta,129,2.5953708852147357,2.771963526845863,-0.1765926416311272,1.8914098679634361,3.2993319024660352,True,True
19,2025-08-24,NGW-054,F_mg_L,expanding_mean_delta,129,0.06174937432442784,0.37156355643248307,-0.3098141821080552,-0.23098687978936805,0.35448562843822373,True,False
19,2025-08-24,NGW-054,Sr_mg_L,expanding_mean_delta,129,0.2153362606961597,0.18398683611301586,0.031349424583143826,0.015336260696159676,0.4153362606961597,True,True
19,2025-08-24,NGW-054,SiO2_mg_L,expanding_mean_delta,129,3.667095976503887,3.6888794541139363,-0.021783477610049395,3.3499341718599878,3.984257781147786,True,True
19,2025-08-24,NGW-054,Ca_mg_L,hydrosheaf_graph_ridge,129,3.537245454158588,3.4701013603093664,0.0671440938492216,3.2187363400507696,3.8557545682664065,True,True
19,2025-08-24,NGW-054,Mg_mg_L,hydrosheaf_graph_ridge,129,2.5696286909598887,2.4740142086215764,0.09561448233831227,2.1958755955071445,2.943381786412633,True,True
19,2025-08-24,NGW-054,Na_mg_L,hydrosheaf_graph_ridge,129,3.7307175142495477,3.7249702742582897,0.005747239991257924,3.2847688959824515,4.176666132516644,True,True
19,2025-08-24,NGW-054,K_mg_L,hydrosheaf_graph_ridge,129,1.7229519997051128,1.62924053973028,0.09371145997483277,1.4268429177929955,2.01906108161723,True,True
19,2025-08-24,NGW-054,HCO3_mg_L,hydrosheaf_graph_ridge,129,4.957014853341572,4.7846543879618855,0.1723604653796862,4.676435702127794,5.2375940045553495,True,True
19,2025-08-24,NGW-054,Cl_mg_L,hydrosheaf_graph_ridge,129,3.64651428015598,3.846951008684431,-0.20043672852845118,3.2260426380833866,4.066985922228573,True,True
19,2025-08-24,NGW-054,SO4_mg_L,hydrosheaf_graph_ridge,129,3.54750150357503,3.5942940116240685,-0.04679250804903834,3.0611962093192018,4.0338067978308585,True,True
19,2025-08-24,NGW-054,NO3_mg_L,hydrosheaf_graph_ridge,129,3.053342942533044,2.771963526845863,0.28137941568718094,2.3493819252817443,3.7573039597843434,True,True
19,2025-08-24,NGW-054,F_mg_L,hydrosheaf_graph_ridge,129,0.31951178985240364,0.37156355643248307,-0.05205176658007943,0.026775535738607747,0.6122480439661995,True,True
19,2025-08-24,NGW-054,Sr_mg_L,hydrosheaf_graph_ridge,129,0.21777674688042467,0.18398683611301586,0.03378991076740881,0.01777674688042466,0.41777674688042465,True,True
19,2025-08-24,NGW-054,SiO2_mg_L,hydrosheaf_graph_ridge,129,3.773589902425782,3.6888794541139363,0.08471044831184571,3.456428097781883,4.090751707069681,True,True
19,2025-08-24,NGW-076,Ca_mg_L,persistence,129,4.01078177745141,3.4124669739203863,0.5983148035310233,3.6922726633435907,4.3292908915592285,True,False
19,2025-08-24,NGW-076,Mg_mg_L,persistence,129,3.032064202801381,2.5392369943330477,0.4928272084683334,2.658311107348637,3.4058172982541253,True,False
19,2025-08-24,NGW-076,Na_mg_L,persistence,129,4.115779842942166,3.861361090625918,0.2544187523162478,3.6698312246750695,4.561728461209262,True,True
19,2025-08-24,NGW-076,K_mg_L,persistence,129,2.1656192379208883,1.4562867329399256,0.7093325049809627,1.869510156008771,2.4617283198330058,True,False
19,2025-08-24,NGW-076,HCO3_mg_L,persistence,129,5.221274322049725,4.9779054694733365,0.2433688525763884,4.940695170835947,5.501853473263503,True,True
19,2025-08-24,NGW-076,Cl_mg_L,persistence,129,4.376134308969044,3.8418151103846494,0.5343191985843943,3.9556626668964503,4.796605951041637,True,False
19,2025-08-24,NGW-076,SO4_mg_L,persistence,129,4.2274175164464625,3.6516966629862204,0.575720853460242,3.741112222190634,4.713722810702291,True,False
19,2025-08-24,NGW-076,NO3_mg_L,persistence,129,3.3579418729911983,2.421256622711544,0.9366852502796541,2.6539808557398987,4.061902890242498,True,False
19,2025-08-24,NGW-076,F_mg_L,persistence,129,0.5538851132264376,0.41871033485818504,0.1351747783682526,0.26114885911264174,0.8466213673402335,True,True
19,2025-08-24,NGW-076,Sr_mg_L,persistence,129,0.24059046491793043,0.17058630057553373,0.0700041643423967,0.04059046491793042,0.4405904649179304,True,True
19,2025-08-24,NGW-076,SiO2_mg_L,persistence,129,3.126760535960395,4.154184562578117,-1.0274240266177221,2.809598731316496,3.4439223406042943,True,False
19,2025-08-24,NGW-076,Ca_mg_L,expanding_mean_delta,129,3.596537936696224,3.4124669739203863,0.18407096277583745,3.2780288225884053,3.9150470508040423,True,True
19,2025-08-24,NGW-076,Mg_mg_L,expanding_mean_delta,129,2.6190124004034057,2.5392369943330477,0.07977540607035793,2.2452593049506615,2.99276549585615,True,True
19,2025-08-24,NGW-076,Na_mg_L,expanding_mean_delta,129,3.6948189689852864,3.861361090625918,-0.16654212164063154,3.24887035071819,4.140767587252383,True,True
19,2025-08-24,NGW-076,K_mg_L,expanding_mean_delta,129,1.8131710553358835,1.4562867329399256,0.3568843223959579,1.5170619734237663,2.109280137248001,True,False
19,2025-08-24,NGW-076,HCO3_mg_L,expanding_mean_delta,129,4.844823374281713,4.9779054694733365,-0.1330820951916234,4.564244223067935,5.125402525495491,True,True
19,2025-08-24,NGW-076,Cl_mg_L,expanding_mean_delta,129,3.811791854031462,3.8418151103846494,-0.030023256353187477,3.3913202119588686,4.232263496104055,True,True
19,2025-08-24,NGW-076,SO4_mg_L,expanding_mean_delta,129,3.8664215313319126,3.6516966629862204,0.21472486834569215,3.380116237076084,4.352726825587741,True,True
19,2025-08-24,NGW-076,NO3_mg_L,expanding_mean_delta,129,3.042049641278393,2.421256622711544,0.6207930185668489,2.3380886240270935,3.7460106585296926,True,True
19,2025-08-24,NGW-076,F_mg_L,expanding_mean_delta,129,0.3924909362366557,0.41871033485818504,-0.026219398621529333,0.09975468212285982,0.6852271903504517,True,True
19,2025-08-24,NGW-076,Sr_mg_L,expanding_mean_delta,129,0.24647650143188285,0.17058630057553373,0.07589020085634912,0.04647650143188284,0.4464765014318829,True,True
19,2025-08-24,NGW-076,SiO2_mg_L,expanding_mean_delta,129,3.158905400375901,4.154184562578117,-0.9952791622022161,2.841743595732002,3.4760672050198003,True,False
19,2025-08-24,NGW-076,Ca_mg_L,hydrosheaf_graph_ridge,129,3.5232368426305642,3.4124669739203863,0.11076986871017791,3.2047277285227453,3.841745956738383,True,True
19,2025-08-24,NGW-076,Mg_mg_L,hydrosheaf_graph_ridge,129,2.480589297485484,2.5392369943330477,-0.05864769684756377,2.10683620203274,2.854342392938228,True,True
19,2025-08-24,NGW-076,Na_mg_L,hydrosheaf_graph_ridge,129,3.8141706200493863,3.861361090625918,-0.047190470576531585,3.36822200178229,4.2601192383164825,True,True
19,2025-08-24,NGW-076,K_mg_L,hydrosheaf_graph_ridge,129,1.5776750934228765,1.4562867329399256,0.12138836048295087,1.2815660115107592,1.8737841753349938,True,True
19,2025-08-24,NGW-076,HCO3_mg_L,hydrosheaf_graph_ridge,129,4.853942240777066,4.9779054694733365,-0.12396322869627063,4.573363089563288,5.134521391990844,True,True
19,2025-08-24,NGW-076,Cl_mg_L,hydrosheaf_graph_ridge,129,3.746580977774393,3.8418151103846494,-0.0952341326102566,3.3261093357017995,4.167052619846986,True,True
19,2025-08-24,NGW-076,SO4_mg_L,hydrosheaf_graph_ridge,129,3.7254818586441667,3.6516966629862204,0.07378519565794628,3.2391765643883383,4.211787152899995,True,True
19,2025-08-24,NGW-076,NO3_mg_L,hydrosheaf_graph_ridge,129,2.7857810441236914,2.421256622711544,0.36452442141214725,2.081820026872392,3.489742061374991,True,True
19,2025-08-24,NGW-076,F_mg_L,hydrosheaf_graph_ridge,129,0.33981117165300473,0.41871033485818504,-0.07889916320518031,0.04707491753920884,0.6325474257668007,True,True
19,2025-08-24,NGW-076,Sr_mg_L,hydrosheaf_graph_ridge,129,0.20430988323983337,0.17058630057553373,0.033723582664299645,0.004309883239833362,0.4043098832398334,True,True
19,2025-08-24,NGW-076,SiO2_mg_L,hydrosheaf_graph_ridge,129,3.5971523945279564,4.154184562578117,-0.5570321680501609,3.2799905898840573,3.9143141991718555,True,False
19,2025-08-24,NGW-080,Ca_mg_L,persistence,129,4.130515758526928,3.6200651381135764,0.5104506204133519,3.8120066444191094,4.449024872634747,True,False
19,2025-08-24,NGW-080,Mg_mg_L,persistence,129,3.231989464013584,2.8195915758351173,0.4123978881784667,2.85823636856084,3.605742559466328,True,False
19,2025-08-24,NGW-080,Na_mg_L,persistence,129,4.401461547312489,3.7787201581137255,0.6227413891987634,3.9555129290453928,4.847410165579586,True,False
19,2025-08-24,NGW-080,K_mg_L,persistence,129,2.1482677326096886,1.5748464676644813,0.5734212649452073,1.8521586506975714,2.444376814521806,True,False
19,2025-08-24,NGW-080,HCO3_mg_L,persistence,129,5.431886258469452,4.900894830083057,0.530991428386395,5.151307107255674,5.7124654096832295,True,False
19,2025-08-24,NGW-080,Cl_mg_L,persistence,129,4.49468545281282,4.008968211484625,0.48571724132819494,4.074213810740226,4.915157094885413,True,False
19,2025-08-24,NGW-080,SO4_mg_L,persistence,129,4.421006934314765,3.648057459593681,0.7729494747210843,3.934701640058937,4.907312228570594,True,False
19,2025-08-24,NGW-080,NO3_mg_L,persistence,129,4.065258981327004,3.7909846770510898,0.2742743042759139,3.361297964075704,4.769219998578303,True,True
19,2025-08-24,NGW-080,F_mg_L,persistence,129,0.5187937934151675,0.4700036292457356,0.04879016416943194,0.22605753930137162,0.8115300475289634,True,True
19,2025-08-24,NGW-080,Sr_mg_L,persistence,129,0.262364264467491,0.22154226994723591,0.04082199452025509,0.06236426446749099,0.462364264467491,True,True
19,2025-08-24,NGW-080,SiO2_mg_L,persistence,129,3.8066624897703196,3.966511190712216,-0.1598487009418963,3.4895006851264205,4.123824294414218,True,True
19,2025-08-24,NGW-080,Ca_mg_L,expanding_mean_delta,129,3.7162719177717425,3.6200651381135764,0.09620677965816604,3.397762803663924,4.034781031879561,True,True
19,2025-08-24,NGW-080,Mg_mg_L,expanding_mean_delta,129,2.8189376616156085,2.8195915758351173,-0.0006539142195087777,2.4451845661628644,3.1926907570683527,True,True
19,2025-08-24,NGW-080,Na_mg_L,expanding_mean_delta,129,3.9805006733556096,3.7787201581137255,0.20178051524188412,3.5345520550885134,4.426449291622706,True,True
19,2025-08-24,NGW-080,K_mg_L,expanding_mean_delta,129,1.7958195500246839,1.5748464676644813,0.22097308236020252,1.4997104681125666,2.0919286319368013,True,True
19,2025-08-24,NGW-080,HCO3_mg_L,expanding_mean_delta,129,5.05543531070144,4.900894830083057,0.1545404806183832,4.774856159487662,5.336014461915218,True,True
19,2025-08-24,NGW-080,Cl_mg_L,expanding_mean_delta,129,3.930342997875238,4.008968211484625,-0.07862521360938679,3.5098713558026446,4.350814639947831,True,True
19,2025-08-24,NGW-080,SO4_mg_L,expanding_mean_delta,129,4.060010949200215,3.648057459593681,0.41195348960653444,3.573705654944387,4.546316243456044,True,True
19,2025-08-24,NGW-080,NO3_mg_L,expanding_mean_delta,129,3.7493667496141985,3.7909846770510898,-0.0416179274368913,3.045405732362899,4.453327766865498,True,True
19,2025-08-24,NGW-080,F_mg_L,expanding_mean_delta,129,0.3573996164253856,0.4700036292457356,-0.11260401282034999,0.0646633623115897,0.6501358705391815,True,True
19,2025-08-24,NGW-080,Sr_mg_L,expanding_mean_delta,129,0.2682503009814434,0.22154226994723591,0.04670803103420751,0.06825030098144341,0.46825030098144343,True,True
19,2025-08-24,NGW-080,SiO2_mg_L,expanding_mean_delta,129,3.8388073541858256,3.966511190712216,-0.12770383652639028,3.5216455495419265,4.155969158829724,True,True
19,2025-08-24,NGW-080,Ca_mg_L,hydrosheaf_graph_ridge,129,3.581476659739805,3.6200651381135764,-0.03858847837377155,3.2629675456319864,3.8999857738476233,True,True
19,2025-08-24,NGW-080,Mg_mg_L,hydrosheaf_graph_ridge,129,2.532742051705689,2.8195915758351173,-0.28684952412942843,2.1589889562529447,2.906495147158433,True,True
19,2025-08-24,NGW-080,Na_mg_L,hydrosheaf_graph_ridge,129,3.7098922667430667,3.7787201581137255,-0.06882789137065881,3.2639436484759705,4.155840885010163,True,True
19,2025-08-24,NGW-080,K_mg_L,hydrosheaf_graph_ridge,129,1.5786919716442418,1.5748464676644813,0.0038455039797604673,1.2825828897321245,1.874801053556359,True,True
19,2025-08-24,NGW-080,HCO3_mg_L,hydrosheaf_graph_ridge,129,4.810860090031692,4.900894830083057,-0.09003474005136436,4.530280938817914,5.09143924124547,True,True
19,2025-08-24,NGW-080,Cl_mg_L,hydrosheaf_graph_ridge,129,3.601794807302863,4.008968211484625,-0.4071734041817616,3.18132316523027,4.022266449375456,True,True
19,2025-08-24,NGW-080,SO4_mg_L,hydrosheaf_graph_ridge,129,3.7167767339240028,3.648057459593681,0.06871927433032177,3.2304714396681744,4.203082028179831,True,True
19,2025-08-24,NGW-080,NO3_mg_L,hydrosheaf_graph_ridge,129,3.728580040879468,3.7909846770510898,-0.06240463617162195,3.0246190236281683,4.432541058130767,True,True
19,2025-08-24,NGW-080,F_mg_L,hydrosheaf_graph_ridge,129,0.357257560567552,0.4700036292457356,-0.1127460686781836,0.06452130645375609,0.6499938146813479,True,True
19,2025-08-24,NGW-080,Sr_mg_L,hydrosheaf_graph_ridge,129,0.23327890995068207,0.22154226994723591,0.011736640003446153,0.033278909950682056,0.4332789099506821,True,True
19,2025-08-24,NGW-080,SiO2_mg_L,hydrosheaf_graph_ridge,129,3.812589917792102,3.966511190712216,-0.15392127292011404,3.495428113148203,4.1297517224360005,True,True
19,2025-08-24,NGW-095,Ca_mg_L,persistence,129,4.044979232676772,3.5959414584546674,0.44903777422210434,3.726470118568953,4.363488346784591,True,False
19,2025-08-24,NGW-095,Mg_mg_L,persistence,129,2.872999508171694,2.6878474937846906,0.18515201438700357,2.49924641271895,3.2467526036244383,True,True
19,2025-08-24,NGW-095,Na_mg_L,persistence,129,4.238011912034514,3.616308761279101,0.6217031507554127,3.7920632937674177,4.6839605303016105,True,False
19,2025-08-24,NGW-095,K_mg_L,persistence,129,2.1972245773362196,1.5748464676644813,0.6223781096717382,1.9011154954241023,2.493333659248337,True,False
19,2025-08-24,NGW-095,HCO3_mg_L,persistence,129,5.336720437830982,4.887337077751762,0.44938336007921986,5.056141286617204,5.61729958904476,True,False
19,2025-08-24,NGW-095,Cl_mg_L,persistence,129,4.6434288981051814,3.811318301306514,0.8321105967986675,4.222957256032588,5.063900540177775,True,False
19,2025-08-24,NGW-095,SO4_mg_L,persistence,129,3.5386377907833935,3.693120448371191,-0.15448265758779733,3.052332496527565,4.024943085039221,True,True
19,2025-08-24,NGW-095,NO3_mg_L,persistence,129,3.0037004432031678,3.1432898379116057,-0.1395893947084379,2.299739425951868,3.7076614604544673,True,True
19,2025-08-24,NGW-095,F_mg_L,persistence,129,0.832909122935104,0.6523251860396903,0.18058393689541374,0.5401728688213081,1.1256453770488999,True,True
19,2025-08-24,NGW-095,Sr_mg_L,persistence,129,0.21913552991667093,0.19967019512856765,0.019465334788103278,0.019135529916670918,0.4191355299166709,True,True
19,2025-08-24,NGW-095,SiO2_mg_L,persistence,129,3.7062280924485496,3.632309102625542,0.07391898982300749,3.3890662878046505,4.023389897092448,True,True
19,2025-08-24,NGW-095,Ca_mg_L,expanding_mean_delta,129,3.630735391921586,3.5959414584546674,0.0347939334669185,3.3122262778137674,3.9492445060294044,True,True
19,2025-08-24,NGW-095,Mg_mg_L,expanding_mean_delta,129,2.4599477057737187,2.6878474937846906,-0.22789978801097188,2.0861946103209745,2.833700801226463,True,True
19,2025-08-24,NGW-095,Na_mg_L,expanding_mean_delta,129,3.8170510380776346,3.616308761279101,0.2007422767985334,3.3711024198105384,4.262999656344731,True,True
19,2025-08-24,NGW-095,K_mg_L,expanding_mean_delta,129,1.8447763947512148,1.5748464676644813,0.26992992708673347,1.5486673128390975,2.1408854766633323,True,True
19,2025-08-24,NGW-095,HCO3_mg_L,expanding_mean_delta,129,4.96026949006297,4.887337077751762,0.07293241231120806,4.679690338849192,5.240848641276748,True,True
19,2025-08-24,NGW-095,Cl_mg_L,expanding_mean_delta,129,4.0790864431676,3.811318301306514,0.2677681418610858,3.6586148010950064,4.499558085240193,True,True
19,2025-08-24,NGW-095,SO4_mg_L,expanding_mean_delta,129,3.1776418056688436,3.693120448371191,-0.5154786427023472,2.691336511413015,3.663947099924672,True,False
19,2025-08-24,NGW-095,NO3_mg_L,expanding_mean_delta,129,2.6878082114903625,3.1432898379116057,-0.4554816264212431,1.983847194239063,3.391769228741662,True,True
19,2025-08-24,NGW-095,F_mg_L,expanding_mean_delta,129,0.671514945945322,0.6523251860396903,0.019189759905631765,0.3787786918315261,0.9642512000591179,True,True
19,2025-08-24,NGW-095,Sr_mg_L,expanding_mean_delta,129,0.22502156643062335,0.19967019512856765,0.025351371302055697,0.025021566430623338,0.4250215664306234,True,True
19,2025-08-24,NGW-095,SiO2_mg_L,expanding_mean_delta,129,3.7383729568640556,3.632309102625542,0.1060638542385135,3.4212111522201565,4.055534761507954,True,True
19,2025-08-24,NGW-095,Ca_mg_L,hydrosheaf_graph_ridge,129,3.564661898200136,3.5959414584546674,-0.03127956025453127,3.2461527840923177,3.8831710123079546,True,True
19,2025-08-24,NGW-095,Mg_mg_L,hydrosheaf_graph_ridge,129,2.633024594947457,2.6878474937846906,-0.05482289883723368,2.2592714994947127,3.006777690400201,True,True
19,2025-08-24,NGW-095,Na_mg_L,hydrosheaf_graph_ridge,129,3.746525501255864,3.616308761279101,0.13021673997676286,3.300576882988768,4.19247411952296,True,True
19,2025-08-24,NGW-095,K_mg_L,hydrosheaf_graph_ridge,129,1.6923055806442229,1.5748464676644813,0.11745911297974154,1.3961964987321056,1.9884146625563401,True,True
19,2025-08-24,NGW-095,HCO3_mg_L,hydrosheaf_graph_ridge,129,5.009414540226185,4.887337077751762,0.12207746247442319,4.728835389012407,5.289993691439963,True,True
19,2025-08-24,NGW-095,Cl_mg_L,hydrosheaf_graph_ridge,129,3.9840595710396567,3.811318301306514,0.17274126973314274,3.5635879289670633,4.40453121311225,True,True
19,2025-08-24,NGW-095,SO4_mg_L,hydrosheaf_graph_ridge,129,3.4957462067227816,3.693120448371191,-0.19737424164840922,3.009440912466953,3.98205150097861,True,True
19,2025-08-24,NGW-095,NO3_mg_L,hydrosheaf_graph_ridge,129,2.5679856494941857,3.1432898379116057,-0.5753041884174199,1.8640246322428862,3.2719466667454853,True,True
19,2025-08-24,NGW-095,F_mg_L,hydrosheaf_graph_ridge,129,0.7614236461237222,0.6523251860396903,0.1090984600840319,0.46868739200992626,1.0541599002375182,True,True
19,2025-08-24,NGW-095,Sr_mg_L,hydrosheaf_graph_ridge,129,0.19906537460941004,0.19967019512856765,-0.0006048205191576117,-0.0009346253905899715,0.39906537460941005,True,True
19,2025-08-24,NGW-095,SiO2_mg_L,hydrosheaf_graph_ridge,129,4.004664871752662,3.632309102625542,0.37235576912712,3.687503067108763,4.321826676396561,True,False
19,2025-08-24,NGW-108,Ca_mg_L,persistence,129,3.971046345877607,3.566994266123812,0.40405207975379476,3.652537231769788,4.289555459985426,True,False
19,2025-08-24,NGW-108,Mg_mg_L,persistence,129,2.825536896557877,2.668616131856803,0.15692076470107397,2.4517838011051327,3.199289992010621,True,True
19,2025-08-24,NGW-108,Na_mg_L,persistence,129,4.267737488271754,3.8325468039263493,0.43519068434540475,3.821788870004658,4.713686106538851,True,True
19,2025-08-24,NGW-108,K_mg_L,persistence,129,1.9329696377795786,1.7544036826842861,0.1785659550952925,1.6368605558674614,2.229078719691696,True,True
19,2025-08-24,NGW-108,HCO3_mg_L,persistence,129,5.214935757608986,4.898734921598028,0.3162008360109576,4.934356606395208,5.495514908822764,True,False
19,2025-08-24,NGW-108,Cl_mg_L,persistence,129,4.568609930676289,3.9945242269398897,0.5740857037363996,4.148138288603696,4.989081572748883,True,False
19,2025-08-24,NGW-108,SO4_mg_L,persistence,129,3.8684890034044175,3.5260663637080247,0.34242263969639275,3.382183709148589,4.354794297660246,True,True
19,2025-08-24,NGW-108,NO3_mg_L,persistence,129,4.008968211484625,3.752558230777119,0.256409980707506,3.3050071942333252,4.712929228735924,True,True
19,2025-08-24,NGW-108,F_mg_L,persistence,129,1.5851452198650557,1.4562867329399256,0.12885848692513013,1.2924089657512599,1.8778814739788516,True,True
19,2025-08-24,NGW-108,Sr_mg_L,persistence,129,0.17647114311577905,0.17395330712343804,0.002517835992341011,-0.02352885688422096,0.37647114311577906,True,True
19,2025-08-24,NGW-108,SiO2_mg_L,persistence,129,4.213607983048918,4.268297869345539,-0.05468988629662075,3.8964461784050193,4.530769787692817,True,True
19,2025-08-24,NGW-108,Ca_mg_L,expanding_mean_delta,129,3.556802505122421,3.566994266123812,-0.010191761001391075,3.2382933910146026,3.8753116192302395,True,True
19,2025-08-24,NGW-108,Mg_mg_L,expanding_mean_delta,129,2.4124850941599014,2.668616131856803,-0.2561310376969015,2.0387319987071573,2.7862381896126456,True,True
19,2025-08-24,NGW-108,Na_mg_L,expanding_mean_delta,129,3.8467766143148747,3.8325468039263493,0.014229810388525443,3.4008279960477785,4.292725232581971,True,True
19,2025-08-24,NGW-108,K_mg_L,expanding_mean_delta,129,1.5805214551945739,1.7544036826842861,-0.17388222748971227,1.2844123732824566,1.8766305371066911,True,True
19,2025-08-24,NGW-108,HCO3_mg_L,expanding_mean_delta,129,4.838484809840974,4.898734921598028,-0.06025011175705419,4.557905658627196,5.119063961054752,True,True
19,2025-08-24,NGW-108,Cl_mg_L,expanding_mean_delta,129,4.004267475738708,3.9945242269398897,0.009743248798817827,3.583795833666114,4.424739117811301,True,True
19,2025-08-24,NGW-108,SO4_mg_L,expanding_mean_delta,129,3.5074930182898676,3.5260663637080247,-0.01857334541815714,3.0211877240340392,3.993798312545696,True,True
19,2025-08-24,NGW-108,NO3_mg_L,expanding_mean_delta,129,3.6930759797718196,3.752558230777119,-0.05948225100529925,2.98911496252052,4.397036997023119,True,True
19,2025-08-24,NGW-108,F_mg_L,expanding_mean_delta,129,1.4237510428752738,1.4562867329399256,-0.032535690064651845,1.1310147887614779,1.7164872969890697,True,True
19,2025-08-24,NGW-108,Sr_mg_L,expanding_mean_delta,129,0.18235717962973147,0.17395330712343804,0.00840387250629343,-0.01764282037026854,0.3823571796297315,True,True
19,2025-08-24,NGW-108,SiO2_mg_L,expanding_mean_delta,129,4.245752847464424,4.268297869345539,-0.022545021881114735,3.9285910428205253,4.562914652108323,True,True
19,2025-08-24,NGW-108,Ca_mg_L,hydrosheaf_graph_ridge,129,3.627569664803901,3.566994266123812,0.06057539868008899,3.309060550696082,3.94607877891172,True,True
19,2025-08-24,NGW-108,Mg_mg_L,hydrosheaf_graph_ridge,129,2.4419576133780376,2.668616131856803,-0.22665851847876528,2.0682045179252935,2.815710708830782,True,True
19,2025-08-24,NGW-108,Na_mg_L,hydrosheaf_graph_ridge,129,3.846118873260306,3.8325468039263493,0.013572069333956716,3.40017025499321,4.292067491527402,True,True
19,2025-08-24,NGW-108,K_mg_L,hydrosheaf_graph_ridge,129,1.5062289596917389,1.7544036826842861,-0.24817472299254728,1.2101198777796216,1.8023380416038561,True,True
19,2025-08-24,NGW-108,HCO3_mg_L,hydrosheaf_graph_ridge,129,4.844536264841079,4.898734921598028,-0.05419865675694968,4.563957113627301,5.125115416054856,True,True
19,2025-08-24,NGW-108,Cl_mg_L,hydrosheaf_graph_ridge,129,3.871170335266824,3.9945242269398897,-0.12335389167306587,3.4506986931942305,4.291641977339417,True,True
19,2025-08-24,NGW-108,SO4_mg_L,hydrosheaf_graph_ridge,129,3.5140688557696427,3.5260663637080247,-0.011997507938382057,3.0277635615138143,4.000374150025471,True,True
19,2025-08-24,NGW-108,NO3_mg_L,hydrosheaf_graph_ridge,129,4.307908391516783,3.752558230777119,0.555350160739664,3.6039473742654833,5.011869408768082,True,True
19,2025-08-24,NGW-108,F_mg_L,hydrosheaf_graph_ridge,129,1.0789823096704896,1.4562867329399256,-0.37730442326943603,0.7862460555566937,1.3717185637842855,True,False
19,2025-08-24,NGW-108,Sr_mg_L,hydrosheaf_graph_ridge,129,0.2023017850910198,0.17395330712343804,0.028348477967581748,0.0023017850910197757,0.40230178509101977,True,True
19,2025-08-24,NGW-108,SiO2_mg_L,hydrosheaf_graph_ridge,129,3.9929887217650375,4.268297869345539,-0.2753091475805016,3.6758269171211384,4.310150526408936,True,True
19,2025-08-24,NGW-149,Ca_mg_L,persistence,129,3.892840186011372,3.537765824444175,0.3550743615671972,3.5743310719035533,4.211349300119191,True,False
19,2025-08-24,NGW-149,Mg_mg_L,persistence,129,3.080532875246456,2.6623552418400807,0.41817763340637537,2.706779779793712,3.4542859706992,True,False
19,2025-08-24,NGW-149,Na_mg_L,persistence,129,3.976873977747762,3.5435646229490776,0.4333093547986846,3.530925359480666,4.422822596014859,True,True
19,2025-08-24,NGW-149,K_mg_L,persistence,129,2.0095554142156695,1.5602476682433286,0.4493077459723409,1.7134463323035523,2.305664496127787,True,False
19,2025-08-24,NGW-149,HCO3_mg_L,persistence,129,5.212269161922583,4.920126900574753,0.2921422613478297,4.931690010708805,5.492848313136361,True,False
19,2025-08-24,NGW-149,Cl_mg_L,persistence,129,4.493120682179469,3.9180050771056933,0.5751156050737753,4.072649040106875,4.913592324252062,True,False
19,2025-08-24,NGW-149,SO4_mg_L,persistence,129,3.5686872687855304,3.2256528091472245,0.3430344596383059,3.082381974529702,4.054992563041359,True,True
19,2025-08-24,NGW-149,NO3_mg_L,persistence,129,3.4550540544528663,3.323956301318708,0.13109775313415817,2.7510930372015667,4.159015071704166,True,True
19,2025-08-24,NGW-149,F_mg_L,persistence,129,0.6312717768418579,0.6729444732424258,-0.04167269640056792,0.338535522728062,0.9240080309556538,True,True
19,2025-08-24,NGW-149,Sr_mg_L,persistence,129,0.1680535849962497,0.17479329037316305,-0.006739705376913346,-0.03194641500375031,0.36805358499624974,True,True
19,2025-08-24,NGW-149,SiO2_mg_L,persistence,129,4.255612709818223,4.168214410788556,0.08739829902966711,3.938450905174324,4.572774514462122,True,True
19,2025-08-24,NGW-149,Ca_mg_L,expanding_mean_delta,129,3.4785963452561863,3.537765824444175,-0.05916947918798865,3.160087231148368,3.797105459364005,True,True
19,2025-08-24,NGW-149,Mg_mg_L,expanding_mean_delta,129,2.6674810728484806,2.6623552418400807,0.005125831008399917,2.2937279773957364,3.0412341683012247,True,True
19,2025-08-24,NGW-149,Na_mg_L,expanding_mean_delta,129,3.555913103790883,3.5435646229490776,0.012348480841805287,3.1099644855237867,4.0018617220579795,True,True
19,2025-08-24,NGW-149,K_mg_L,expanding_mean_delta,129,1.6571072316306648,1.5602476682433286,0.09685956338733615,1.3609981497185475,1.953216313542782,True,True
19,2025-08-24,NGW-149,HCO3_mg_L,expanding_mean_delta,129,4.835818214154571,4.920126900574753,-0.08430868642018208,4.555239062940793,5.116397365368349,True,True
19,2025-08-24,NGW-149,Cl_mg_L,expanding_mean_delta,129,3.928778227241887,3.9180050771056933,0.010773150136193621,3.5083065851692936,4.34924986931448,True,True
19,2025-08-24,NGW-149,SO4_mg_L,expanding_mean_delta,129,3.2076912836709806,3.2256528091472245,-0.017961525476243967,2.721385989415152,3.693996577926809,True,True
19,2025-08-24,NGW-149,NO3_mg_L,expanding_mean_delta,129,3.139161822740061,3.323956301318708,-0.18479447857864706,2.4352008054887615,3.8431228399913606,True,True
19,2025-08-24,NGW-149,F_mg_L,expanding_mean_delta,129,0.46987759985207594,0.6729444732424258,-0.20306687339034984,0.17714134573828005,0.7626138539658718,True,True
19,2025-08-24,NGW-149,Sr_mg_L,expanding_mean_delta,129,0.17393962151020212,0.17479329037316305,-0.0008536688629609268,-0.026060378489797892,0.3739396215102021,True,True
19,2025-08-24,NGW-149,SiO2_mg_L,expanding_mean_delta,129,4.287757574233729,4.168214410788556,0.11954316344517313,3.97059576958983,4.604919378877628,True,True
19,2025-08-24,NGW-149,Ca_mg_L,hydrosheaf_graph_ridge,129,3.4767833973773588,3.537765824444175,-0.060982427066816225,3.15827428326954,3.7952925114851777,True,True
19,2025-08-24,NGW-149,Mg_mg_L,hydrosheaf_graph_ridge,129,2.6267334153078643,2.6623552418400807,-0.03562182653221635,2.25298031985512,3.0004865107606085,True,True
19,2025-08-24,NGW-149,Na_mg_L,hydrosheaf_graph_ridge,129,3.4502788013148926,3.5435646229490776,-0.09328582163418497,3.0043301830477964,3.896227419581989,True,True
19,2025-08-24,NGW-149,K_mg_L,hydrosheaf_graph_ridge,129,1.6413113970976452,1.5602476682433286,0.08106372885431656,1.345202315185528,1.9374204790097624,True,True
19,2025-08-24,NGW-149,HCO3_mg_L,hydrosheaf_graph_ridge,129,4.750642271312154,4.920126900574753,-0.1694846292625991,4.470063120098376,5.031221422525932,True,True
19,2025-08-24,NGW-149,Cl_mg_L,hydrosheaf_graph_ridge,129,3.6437445442867737,3.9180050771056933,-0.2742605328189196,3.2232729022141804,4.064216186359367,True,True
19,2025-08-24,NGW-149,SO4_mg_L,hydrosheaf_graph_ridge,129,3.2892870809537866,3.2256528091472245,0.06363427180656211,2.8029817866979583,3.775592375209615,True,True
19,2025-08-24,NGW-149,NO3_mg_L,hydrosheaf_graph_ridge,129,3.4621260249190065,3.323956301318708,0.13816972360029833,2.758165007667707,4.1660870421703065,True,True
19,2025-08-24,NGW-149,F_mg_L,hydrosheaf_graph_ridge,129,0.47137558190217055,0.6729444732424258,-0.20156889134025524,0.17863932778837466,0.7641118360159664,True,True
19,2025-08-24,NGW-149,Sr_mg_L,hydrosheaf_graph_ridge,129,0.14172234115661436,0.17479329037316305,-0.033070949216548684,-0.05827765884338565,0.3417223411566144,True,True
19,2025-08-24,NGW-149,SiO2_mg_L,hydrosheaf_graph_ridge,129,3.968575677416347,4.168214410788556,-0.19963873337220894,3.651413872772448,4.285737482060246,True,True
