family,study_unit,upstream,downstream,distance_km,depth_diff_m
study_unit_coordinate,Basin and Range basin-fill aquifers (BNRF),BNRFPAS1-43,BNRFPAS1-44,46.954000838837956,128.05
study_unit_coordinate,Basin and Range basin-fill aquifers (BNRF),BNRFPAS1-73,BNRFPAS1-70,31.074668361691916,55.790000000000006
study_unit_coordinate,Basin and Range basin-fill aquifers (BNRF),BNRFPAS1-77,BNRFPAS1-71,54.77938851296337,40.55
study_unit_coordinate,Basin and Range basin-fill aquifers (BNRF),BNRFPAS1-69,BNRFPAS1-70,151.63075019623,9.140000000000015
study_unit_coordinate,Basin and Range basin-fill aquifers (BNRF),BNRFPAS1-12,BNRFPAS1-13,77.28115379556026,127.74000000000001
study_unit_coordinate,Basin and Range basin-fill aquifers (BNRF),BNRFPAS1-55,BNRFPAS1-67,75.29232510762124,103.66000000000001
study_unit_coordinate,Basin and Range basin-fill aquifers (BNRF),BNRFPAS1-09,BNRFPAS1-05,59.223482113956436,157.93
study_unit_coordinate,Basin and Range basin-fill aquifers (BNRF),BNRFPAS1-27,BNRFPAS1-34,472.2561135506591,43.28999999999999
study_unit_coordinate,Basin and Range basin-fill aquifers (BNRF),BNRFPAS1-18,BNRFPAS1-19,55.151595673329226,69.50999999999999
study_unit_coordinate,Basin and Range basin-fill aquifers (BNRF),BNRFPAS1-71,BNRFPAS1-69,53.103618819979985,2.4399999999999977
study_unit_coordinate,Basin and Range basin-fill aquifers (BNRF),BNRFPAS1-42,BNRFPAS1-44,100.6796818904531,112.50000000000003
study_unit_coordinate,Basin and Range basin-fill aquifers (BNRF),BNRFPAS1-04,BNRFPAS1-34,388.77448350365165,6.089999999999975
study_unit_coordinate,Basin and Range basin-fill aquifers (BNRF),BNRFPAS1-13,BNRFPAS1-04,217.06923065098266,39.640000000000015
study_unit_coordinate,Basin and Range basin-fill aquifers (BNRF),BNRFPAS1-28,BNRFPAS1-27,159.49018552608354,93.9
study_unit_coordinate,Basin and Range basin-fill aquifers (BNRF),BNRFPAS1-17,BNRFPAS1-37,102.49422326752409,65.55
study_unit_coordinate,Basin and Range basin-fill aquifers (BNRF),BNRFPAS1-50,BNRFPAS1-54,42.570253476360676,200.90999999999997
study_unit_coordinate,Basin and Range basin-fill aquifers (BNRF),BNRFPAS1-02,BNRFPAS1-04,93.55125858840502,128.05
study_unit_coordinate,Basin and Range basin-fill aquifers (BNRF),BNRFPAS1-22,BNRFPAS1-19,235.42499068410052,136.59
study_unit_coordinate,Basin and Range basin-fill aquifers (BNRF),BNRFPAS1-19,BNRFPAS1-27,343.2908997673025,21.340000000000003
study_unit_coordinate,Basin and Range basin-fill aquifers (BNRF),BNRFPAS1-21,BNRFPAS1-19,62.501941478677054,118.29
study_unit_coordinate,Basin and Range basin-fill aquifers (BNRF),BNRFPAS1-53,BNRFPAS1-42,60.199545021497315,39.629999999999995
study_unit_coordinate,Basin and Range basin-fill aquifers (BNRF),BNRFPAS1-30,BNRFPAS1-27,123.22850778549495,141.16
study_unit_coordinate,Basin and Range basin-fill aquifers (BNRF),BNRFPAS1-32,BNRFPAS1-34,124.20470458843118,16.75999999999999
study_unit_coordinate,Basin and Range basin-fill aquifers (BNRF),BNRFPAS1-34,BNRFPAS1-44,407.7027337705271,76.22000000000003
study_unit_coordinate,Basin and Range basin-fill aquifers (BNRF),BNRFPAS1-58,BNRFPAS1-40,86.31945393686178,64.02000000000001
study_unit_coordinate,Basin and Range basin-fill aquifers (BNRF),BNRFPAS1-40,BNRFPAS1-54,145.03263344421788,54.87999999999997
study_unit_coordinate,Basin and Range basin-fill aquifers (BNRF),BNRFPAS1-37,BNRFPAS1-32,70.08197084901708,141.77
study_unit_coordinate,Basin and Range basin-fill aquifers (BNRF),BNRFPAS1-51,BNRFPAS1-40,58.42775552277825,12.189999999999998
study_unit_coordinate,Basin and Range basin-fill aquifers (BNRF),BNRFPAS1-65,BNRFPAS1-32,105.73399596252258,65.55000000000001
study_unit_coordinate,Basin and Range basin-fill aquifers (BNRF),BNRFPAS1-67,BNRFPAS1-51,44.636821207371355,6.099999999999994
study_unit_coordinate,Basin and Range basin-fill aquifers (BNRF),BNRFPAS1-54,BNRFPAS1-44,51.14912692490824,67.07000000000005
study_unit_coordinate,Basin and Range basin-fill aquifers (BNRF),BNRFPAS1-05,BNRFPAS1-04,85.63535826471032,30.49000000000001
study_unit_coordinate,Basin and Range basin-fill aquifers (BNRF),BNRFPAS1-70,BNRFPAS1-27,304.0482506807527,89.94
study_unit_coordinate,Basin and Range basin-fill aquifers (BNRF),BNRFPAS1-68,BNRFPAS1-42,65.22373056163332,125.29999999999998
study_unit_coordinate,Biscayne aquifer (BISC),BISCPAS1-02,BISCPAS1-04,2.4370241084228565,
study_unit_coordinate,Biscayne aquifer (BISC),BISCPAS1-07,BISCPAS1-04,5.648428194025208,
study_unit_coordinate,Biscayne aquifer (BISC),BISCPAS1-05,BISCPAS1-08,6.745781613284063,11.89
study_unit_coordinate,Biscayne aquifer (BISC),BISCPAS1-08,BISCPAS1-10,5.460223272808161,
study_unit_coordinate,Biscayne aquifer (BISC),BISCPAS1-10,BISCPAS1-08,5.460223272808161,
study_unit_coordinate,Biscayne aquifer (BISC),BISCPAS1-03,BISCPAS1-05,1.993522849723089,1.5199999999999996
study_unit_coordinate,Biscayne aquifer (BISC),BISCPAS1-12,BISCPAS1-15,6.68535287353122,
study_unit_coordinate,Biscayne aquifer (BISC),BISCPAS1-15,BISCPAS1-12,6.68535287353122,
study_unit_coordinate,Biscayne aquifer (BISC),BISCPAS1-21,BISCPAS1-17,5.908051010380118,4.57
study_unit_coordinate,Biscayne aquifer (BISC),BISCPAS1-22,BISCPAS1-21,4.447797065782255,15.25
study_unit_coordinate,Biscayne aquifer (BISC),BISCPAS1-17,BISCPAS1-15,9.386627686914332,4.57
study_unit_coordinate,Biscayne aquifer (BISC),BISCPAS1-27,BISCPAS1-21,34.40999758018441,3.0500000000000007
study_unit_coordinate,Biscayne aquifer (BISC),BISCPAS1-04,BISCPAS1-02,2.4370241084228565,
study_unit_coordinate,California Coastal Basin aquifers (CACB),CACBPAS1-06,CACBPAS1-36,43.36602139137797,245.11999999999998
study_unit_coordinate,California Coastal Basin aquifers (CACB),CACBPAS1-55,CACBPAS1-51,130.60888205458332,61.58000000000001
study_unit_coordinate,California Coastal Basin aquifers (CACB),CACBPAS1-36,CACBPAS1-24,501.19979862820173,
study_unit_coordinate,California Coastal Basin aquifers (CACB),CACBPAS1-12,CACBPAS1-47,44.180537717737415,178.66
study_unit_coordinate,California Coastal Basin aquifers (CACB),CACBPAS1-60,CACBPAS1-24,27.839377990104786,
study_unit_coordinate,California Coastal Basin aquifers (CACB),CACBPAS1-51,CACBPAS1-47,146.76384169145896,9.759999999999991
study_unit_coordinate,California Coastal Basin aquifers (CACB),CACBPAS1-44,CACBPAS1-36,32.69011406106123,170.72999999999996
study_unit_coordinate,California Coastal Basin aquifers (CACB),CACBPAS1-24,CACBPAS1-28,21.94409730686231,
study_unit_coordinate,California Coastal Basin aquifers (CACB),CACBPAS1-59,CACBPAS1-22,27.03433071444915,20.739999999999995
study_unit_coordinate,California Coastal Basin aquifers (CACB),CACBPAS1-22,CACBPAS1-23,7.18524533141993,107.92000000000002
study_unit_coordinate,California Coastal Basin aquifers (CACB),CACBPAS1-57,CACBPAS1-55,20.71593821257834,15.549999999999983
study_unit_coordinate,California Coastal Basin aquifers (CACB),CACBPAS1-16,CACBPAS1-57,80.11061004734798,100.61000000000001
study_unit_coordinate,California Coastal Basin aquifers (CACB),CACBPAS1-64,CACBPAS1-87,127.96151033944646,123.17
study_unit_coordinate,California Coastal Basin aquifers (CACB),CACBPAS1-18,CACBPAS1-24,23.168082192584944,
study_unit_coordinate,California Coastal Basin aquifers (CACB),CACBPAS1-87,CACBPAS1-23,98.39857546612345,97.56
study_unit_coordinate,California Coastal Basin aquifers (CACB),CACBPAS1-21,CACBPAS1-28,11.792464762575692,402.44000000000005
study_unit_coordinate,California Coastal Basin aquifers (CACB),CACBPAS1-71,CACBPAS1-87,392.3310670283435,82.32000000000001
study_unit_coordinate,California Coastal Basin aquifers (CACB),CACBPAS1-02,CACBPAS1-36,82.89463094726106,72.25999999999996
study_unit_coordinate,California Coastal Basin aquifers (CACB),CACBPAS1-23,CACBPAS1-28,20.192629370436794,347.56000000000006
study_unit_coordinate,California Coastal Basin aquifers (CACB),CACBPAS1-47,CACBPAS1-36,48.14720094253418,28.95999999999998
study_unit_coordinate,California Coastal Basin aquifers (CACB),CACBPAS1-75,CACBPAS1-51,55.632510303627626,129.88
study_unit_coordinate,California Coastal Basin aquifers (CACB),CACBPAS1-28,CACBPAS1-24,21.94409730686231,
study_unit_coordinate,California Coastal Basin aquifers (CACB),CACBPAS1-19,CACBPAS1-18,37.45443374898437,187.19
study_unit_coordinate,Cambrian-Ordovician aquifer system (CMOR),CMORPAS1-12,CMORPAS1-47,361.85780274057566,188.71999999999997
study_unit_coordinate,Cambrian-Ordovician aquifer system (CMOR),CMORPAS1-09,CMORPAS1-12,247.47632688581504,130.49
study_unit_coordinate,Cambrian-Ordovician aquifer system (CMOR),CMORPAS1-25,CMORPAS1-09,119.99822762730591,9.449999999999989
study_unit_coordinate,Cambrian-Ordovician aquifer system (CMOR),CMORPAS1-37,CMORPAS1-25,66.50287793998615,68.29
study_unit_coordinate,Central Valley aquifer system (CVAL),CVALPAS1-39,CVALPAS1-40,19.790647935890405,
study_unit_coordinate,Central Valley aquifer system (CVAL),CVALPAS1-40,CVALPAS1-39,19.790647935890405,
study_unit_coordinate,Central Valley aquifer system (CVAL),CVALPAS1-72,CVALPAS1-65,20.82285832950365,72.25000000000001
study_unit_coordinate,Central Valley aquifer system (CVAL),CVALPAS1-49,CVALPAS1-65,215.94314439782596,69.2
study_unit_coordinate,Central Valley aquifer system (CVAL),CVALPAS1-65,CVALPAS1-39,38.40989441546143,
study_unit_coordinate,Central Valley aquifer system (CVAL),CVALPAS1-67,CVALPAS1-65,28.036873732518803,43.59
study_unit_coordinate,Central Valley aquifer system (CVAL),CVALPAS1-60,CVALPAS1-39,40.03504726938909,
study_unit_coordinate,Central Valley aquifer system (CVAL),CVALPAS1-50,CVALPAS1-49,36.81312121254608,58.540000000000006
study_unit_coordinate,Central Valley aquifer system (CVAL),CVALPAS1-18,CVALPAS1-39,110.75487580362103,
study_unit_coordinate,Colorado Plateaus aquifers (COPL),COPLPAS1-36,COPLPAS1-40,105.05939558326514,
study_unit_coordinate,Colorado Plateaus aquifers (COPL),COPLPAS1-28,COPLPAS1-27,70.0517948469295,42.68000000000001
study_unit_coordinate,Colorado Plateaus aquifers (COPL),COPLPAS1-02,COPLPAS1-05,101.06382796183878,210.67000000000002
study_unit_coordinate,Colorado Plateaus aquifers (COPL),COPLPAS1-34,COPLPAS1-27,38.874824121263146,37.81
study_unit_coordinate,Colorado Plateaus aquifers (COPL),COPLPAS1-30,COPLPAS1-27,171.6303157298106,13.719999999999999
study_unit_coordinate,Colorado Plateaus aquifers (COPL),COPLPAS1-05,COPLPAS1-09,102.64176196618466,50.0
study_unit_coordinate,Colorado Plateaus aquifers (COPL),COPLPAS1-21,COPLPAS1-17,14.381519697157842,32.93000000000001
study_unit_coordinate,Colorado Plateaus aquifers (COPL),COPLPAS1-08,COPLPAS1-40,257.68608531797145,
study_unit_coordinate,Colorado Plateaus aquifers (COPL),COPLPAS1-10,COPLPAS1-09,62.8217978825517,272.86
study_unit_coordinate,Colorado Plateaus aquifers (COPL),COPLPAS1-09,COPLPAS1-08,72.54371798389455,746.35
study_unit_coordinate,Colorado Plateaus aquifers (COPL),COPLPAS1-40,COPLPAS1-36,105.05939558326514,
study_unit_coordinate,Colorado Plateaus aquifers (COPL),COPLPAS1-27,COPLPAS1-08,271.75002853535983,918.6
study_unit_coordinate,Colorado Plateaus aquifers (COPL),COPLPAS1-58,COPLPAS1-17,354.04483797964957,9.150000000000006
study_unit_coordinate,Colorado Plateaus aquifers (COPL),COPLPAS1-17,COPLPAS1-30,201.96885297643811,80.78999999999999
study_unit_coordinate,Columbia Plateau basaltic-rock aquifers (CLPT),CLPTPAS1-14,CLPTPAS1-09,76.83564877649857,62.5
study_unit_coordinate,Columbia Plateau basaltic-rock aquifers (CLPT),CLPTPAS1-09,CLPTPAS1-27,98.71569944184431,60.059999999999974
study_unit_coordinate,Columbia Plateau basaltic-rock aquifers (CLPT),CLPTPAS1-57,CLPTPAS1-58,29.332127568071023,
study_unit_coordinate,Columbia Plateau basaltic-rock aquifers (CLPT),CLPTPAS1-48,CLPTPAS1-30,12.255811639456823,62.79999999999998
study_unit_coordinate,Columbia Plateau basaltic-rock aquifers (CLPT),CLPTPAS1-58,CLPTPAS1-57,29.332127568071023,
study_unit_coordinate,Columbia Plateau basaltic-rock aquifers (CLPT),CLPTPAS1-34,CLPTPAS1-50,53.658594305544796,7.310000000000002
study_unit_coordinate,Columbia Plateau basaltic-rock aquifers (CLPT),CLPTPAS1-54,CLPTPAS1-50,28.367298243536904,53.04000000000002
study_unit_coordinate,Columbia Plateau basaltic-rock aquifers (CLPT),CLPTPAS1-45,CLPTPAS1-54,48.044811692500765,91.47
study_unit_coordinate,Columbia Plateau basaltic-rock aquifers (CLPT),CLPTPAS1-47,CLPTPAS1-43,84.23296572541514,1.4299999999999784
study_unit_coordinate,Columbia Plateau basaltic-rock aquifers (CLPT),CLPTPAS1-02,CLPTPAS1-04,46.70807411325355,
study_unit_coordinate,Columbia Plateau basaltic-rock aquifers (CLPT),CLPTPAS1-49,CLPTPAS1-54,43.5093581645655,112.80999999999999
study_unit_coordinate,Columbia Plateau basaltic-rock aquifers (CLPT),CLPTPAS1-43,CLPTPAS1-41,39.41651650426027,3.450000000000017
study_unit_coordinate,Columbia Plateau basaltic-rock aquifers (CLPT),CLPTPAS1-05,CLPTPAS1-04,11.279698078674384,
study_unit_coordinate,Columbia Plateau basaltic-rock aquifers (CLPT),CLPTPAS1-38,CLPTPAS1-58,105.18942395931786,
study_unit_coordinate,Columbia Plateau basaltic-rock aquifers (CLPT),CLPTPAS1-06,CLPTPAS1-05,11.27145159915439,67.07
study_unit_coordinate,Columbia Plateau basaltic-rock aquifers (CLPT),CLPTPAS1-24,CLPTPAS1-14,60.35581229040777,94.51
study_unit_coordinate,Columbia Plateau basaltic-rock aquifers (CLPT),CLPTPAS1-44,CLPTPAS1-47,40.5269321100138,48.170000000000016
study_unit_coordinate,Columbia Plateau basaltic-rock aquifers (CLPT),CLPTPAS1-28,CLPTPAS1-30,20.363921913062157,59.75
study_unit_coordinate,Columbia Plateau basaltic-rock aquifers (CLPT),CLPTPAS1-41,CLPTPAS1-39,31.936815717976728,80.48999999999998
study_unit_coordinate,Columbia Plateau basaltic-rock aquifers (CLPT),CLPTPAS1-23,CLPTPAS1-14,30.797835439973174,171.03
study_unit_coordinate,Columbia Plateau basaltic-rock aquifers (CLPT),CLPTPAS1-29,CLPTPAS1-28,21.634494070728802,8.539999999999992
study_unit_coordinate,Columbia Plateau basaltic-rock aquifers (CLPT),CLPTPAS1-30,CLPTPAS1-31,0.0,24.090000000000003
study_unit_coordinate,Columbia Plateau basaltic-rock aquifers (CLPT),CLPTPAS1-25,CLPTPAS1-27,69.14370980441524,207.91999999999996
study_unit_coordinate,Columbia Plateau basaltic-rock aquifers (CLPT),CLPTPAS1-27,CLPTPAS1-58,99.91080838954039,
study_unit_coordinate,Columbia Plateau basaltic-rock aquifers (CLPT),CLPTPAS1-31,CLPTPAS1-09,75.62163257903627,3.960000000000008
study_unit_coordinate,Columbia Plateau basaltic-rock aquifers (CLPT),CLPTPAS1-33,CLPTPAS1-34,15.740047147133176,109.76
study_unit_coordinate,Columbia Plateau basaltic-rock aquifers (CLPT),CLPTPAS1-42,CLPTPAS1-31,76.55132394062854,0.6099999999999852
study_unit_coordinate,Columbia Plateau basaltic-rock aquifers (CLPT),CLPTPAS1-04,CLPTPAS1-05,11.279698078674384,
study_unit_coordinate,Columbia Plateau basaltic-rock aquifers (CLPT),CLPTPAS1-50,CLPTPAS1-02,133.3930868903642,86.27999999999997
study_unit_coordinate,Columbia Plateau basaltic-rock aquifers (CLPT),CLPTPAS1-13,CLPTPAS1-05,78.40655313971943,35.06
study_unit_coordinate,Columbia Plateau basaltic-rock aquifers (CLPT),CLPTPAS1-52,CLPTPAS1-47,48.58150046232421,93.9
study_unit_coordinate,Columbia Plateau basaltic-rock aquifers (CLPT),CLPTPAS1-01,CLPTPAS1-27,42.46566651129531,220.72999999999996
study_unit_coordinate,Columbia Plateau basaltic-rock aquifers (CLPT),CLPTPAS1-26,CLPTPAS1-27,1.8926248785451871,198.16999999999996
study_unit_coordinate,Columbia Plateau basaltic-rock aquifers (CLPT),CLPTPAS1-20,CLPTPAS1-24,56.32776500986382,7.6200000000000045
study_unit_coordinate,Columbia Plateau basaltic-rock aquifers (CLPT),CLPTPAS1-46,CLPTPAS1-47,38.455785547733214,82.62000000000002
study_unit_coordinate,Columbia Plateau basaltic-rock aquifers (CLPT),CLPTPAS1-39,CLPTPAS1-38,25.55307119663444,138.71000000000004
study_unit_coordinate,Columbia Plateau basaltic-rock aquifers (CLPT),CLPTPAS1-53,CLPTPAS1-50,26.798587064835356,86.58000000000001
study_unit_coordinate,Edwards-Trinity aquifer system (EDTR),EDTRPAS1-47,EDTRPAS1-24,70.72319985539467,534.75
study_unit_coordinate,Edwards-Trinity aquifer system (EDTR),EDTRPAS1-33,EDTRPAS1-34,18.418820824528975,23.78000000000003
study_unit_coordinate,Edwards-Trinity aquifer system (EDTR),EDTRPAS1-42,EDTRPAS1-24,284.56283722101745,143.89999999999998
study_unit_coordinate,Edwards-Trinity aquifer system (EDTR),EDTRPAS1-34,EDTRPAS1-42,34.769777725241546,52.74000000000001
study_unit_coordinate,Edwards-Trinity aquifer system (EDTR),EDTRPAS1-45,EDTRPAS1-42,10.193098312650818,258.23
study_unit_coordinate,Edwards-Trinity aquifer system (EDTR),EDTRPAS1-10,EDTRPAS1-45,39.53126983879395,18.289999999999992
study_unit_coordinate,Edwards-Trinity aquifer system (EDTR),EDTRPAS1-08,EDTRPAS1-10,59.56095091742254,1.5300000000000011
study_unit_coordinate,Edwards-Trinity aquifer system (EDTR),EDTRPAS1-27,EDTRPAS1-23,115.42171173079889,140.85000000000002
study_unit_coordinate,Edwards-Trinity aquifer system (EDTR),EDTRPAS1-61,EDTRPAS1-27,139.4000510370152,65.55
study_unit_coordinate,Edwards-Trinity aquifer system (EDTR),EDTRPAS1-23,EDTRPAS1-24,45.41676673048633,375.61
study_unit_coordinate,Floridan aquifer system (FLOR),FLORPAS1-18,FLORPAS1-17,79.01643222085518,139.33
study_unit_coordinate,Floridan aquifer system (FLOR),FLORPAS1-48,FLORPAS1-09,611.2028928516654,
study_unit_coordinate,Floridan aquifer system (FLOR),FLORPAS1-20,FLORPAS1-21,63.282044717935186,140.24
study_unit_coordinate,Floridan aquifer system (FLOR),FLORPAS1-19,FLORPAS1-17,24.2703807790488,176.52
study_unit_coordinate,Floridan aquifer system (FLOR),FLORPAS1-53,FLORPAS1-52,22.101296689568976,10.36
study_unit_coordinate,Floridan aquifer system (FLOR),FLORPAS1-28,FLORPAS1-32,104.17306595676835,59.45
study_unit_coordinate,Floridan aquifer system (FLOR),FLORPAS1-56,FLORPAS1-21,81.87809979072456,51.21000000000001
study_unit_coordinate,Floridan aquifer system (FLOR),FLORPAS1-36,FLORPAS1-56,109.45659312542011,12.199999999999989
study_unit_coordinate,Floridan aquifer system (FLOR),FLORPAS1-38,FLORPAS1-56,42.58499756928214,70.74
study_unit_coordinate,Floridan aquifer system (FLOR),FLORPAS1-21,FLORPAS1-17,8.716354652614303,17.99000000000001
study_unit_coordinate,Floridan aquifer system (FLOR),FLORPAS1-31,FLORPAS1-52,66.38388719497613,58.839999999999996
study_unit_coordinate,Floridan aquifer system (FLOR),FLORPAS1-52,FLORPAS1-30,69.68303960532701,4.27000000000001
study_unit_coordinate,Floridan aquifer system (FLOR),FLORPAS1-54,FLORPAS1-30,48.692219469057704,65.55000000000001
study_unit_coordinate,Floridan aquifer system (FLOR),FLORPAS1-46,FLORPAS1-56,55.749653199328215,3.6599999999999966
study_unit_coordinate,Floridan aquifer system (FLOR),FLORPAS1-30,FLORPAS1-36,40.064112931987594,41.16
study_unit_coordinate,Floridan aquifer system (FLOR),FLORPAS1-17,FLORPAS1-47,90.00350393838673,232.01000000000002
study_unit_coordinate,Floridan aquifer system (FLOR),FLORPAS1-09,FLORPAS1-53,270.715779960124,
study_unit_coordinate,Floridan aquifer system (FLOR),FLORPAS1-47,FLORPAS1-48,16.33150585529043,3.0499999999999545
study_unit_coordinate,Floridan aquifer system (FLOR),FLORPAS1-32,FLORPAS1-36,129.00967581408966,28.049999999999997
study_unit_coordinate,High Plains aquifer (HPAQ),HPAQPAS1-22,HPAQPAS1-46,28.449090833553306,9.149999999999999
study_unit_coordinate,High Plains aquifer (HPAQ),HPAQPAS1-31,HPAQPAS1-37,77.20343398038285,74.69999999999999
study_unit_coordinate,High Plains aquifer (HPAQ),HPAQPAS1-04,HPAQPAS1-02,51.378286959674796,25.910000000000004
study_unit_coordinate,High Plains aquifer (HPAQ),HPAQPAS1-52,HPAQPAS1-53,85.67974114653404,88.42000000000002
study_unit_coordinate,High Plains aquifer (HPAQ),HPAQPAS1-45,HPAQPAS1-42,83.67470899231327,32.93000000000001
study_unit_coordinate,High Plains aquifer (HPAQ),HPAQPAS1-48,HPAQPAS1-44,50.38917098403717,73.47
study_unit_coordinate,High Plains aquifer (HPAQ),HPAQPAS1-17,HPAQPAS1-44,13.934708683321423,51.52
study_unit_coordinate,High Plains aquifer (HPAQ),HPAQPAS1-56,HPAQPAS1-55,74.60674615521565,5.479999999999997
study_unit_coordinate,High Plains aquifer (HPAQ),HPAQPAS1-64,HPAQPAS1-68,103.13501479696723,3.3499999999999943
study_unit_coordinate,High Plains aquifer (HPAQ),HPAQPAS1-06,HPAQPAS1-09,147.8190438326512,15.240000000000009
study_unit_coordinate,High Plains aquifer (HPAQ),HPAQPAS1-50,HPAQPAS1-49,110.34009906542337,34.760000000000005
study_unit_coordinate,High Plains aquifer (HPAQ),HPAQPAS1-05,HPAQPAS1-06,27.920388148678203,48.779999999999994
study_unit_coordinate,High Plains aquifer (HPAQ),HPAQPAS1-14,HPAQPAS1-15,20.83063460545668,50.30000000000001
study_unit_coordinate,High Plains aquifer (HPAQ),HPAQPAS1-74,HPAQPAS1-72,134.52976507060401,60.360000000000014
study_unit_coordinate,High Plains aquifer (HPAQ),HPAQPAS1-71,HPAQPAS1-69,50.652978299037784,5.789999999999999
study_unit_coordinate,High Plains aquifer (HPAQ),HPAQPAS1-41,HPAQPAS1-26,57.01847966489396,18.289999999999996
study_unit_coordinate,High Plains aquifer (HPAQ),HPAQPAS1-26,HPAQPAS1-27,60.283590931470805,68.6
study_unit_coordinate,High Plains aquifer (HPAQ),HPAQPAS1-11,HPAQPAS1-07,40.442094028083844,31.71
study_unit_coordinate,High Plains aquifer (HPAQ),HPAQPAS1-68,HPAQPAS1-78,237.468335587804,26.53
study_unit_coordinate,High Plains aquifer (HPAQ),HPAQPAS1-57,HPAQPAS1-59,88.9004402897689,8.530000000000001
study_unit_coordinate,High Plains aquifer (HPAQ),HPAQPAS1-20,HPAQPAS1-21,45.74403443213598,50.61
study_unit_coordinate,High Plains aquifer (HPAQ),HPAQPAS1-46,HPAQPAS1-21,57.17860064277629,33.84
study_unit_coordinate,High Plains aquifer (HPAQ),HPAQPAS1-23,HPAQPAS1-24,62.24199002301925,18.290000000000006
study_unit_coordinate,High Plains aquifer (HPAQ),HPAQPAS1-72,HPAQPAS1-54,138.39708757652866,25.919999999999987
study_unit_coordinate,High Plains aquifer (HPAQ),HPAQPAS1-39,HPAQPAS1-38,36.51824523513638,41.150000000000006
study_unit_coordinate,High Plains aquifer (HPAQ),HPAQPAS1-42,HPAQPAS1-38,186.57495755030075,5.180000000000007
study_unit_coordinate,High Plains aquifer (HPAQ),HPAQPAS1-49,HPAQPAS1-47,241.6879312378441,17.97999999999999
study_unit_coordinate,High Plains aquifer (HPAQ),HPAQPAS1-47,HPAQPAS1-44,122.62209310851114,17.38000000000001
study_unit_coordinate,High Plains aquifer (HPAQ),HPAQPAS1-09,HPAQPAS1-42,117.22206273178614,26.83
study_unit_coordinate,High Plains aquifer (HPAQ),HPAQPAS1-54,HPAQPAS1-15,641.107880218494,36.58000000000001
study_unit_coordinate,High Plains aquifer (HPAQ),HPAQPAS1-07,HPAQPAS1-06,56.948142048363856,18.289999999999992
study_unit_coordinate,High Plains aquifer (HPAQ),HPAQPAS1-19,HPAQPAS1-18,48.578177915070306,69.82000000000001
study_unit_coordinate,High Plains aquifer (HPAQ),HPAQPAS1-59,HPAQPAS1-56,40.406092505667196,14.64
study_unit_coordinate,High Plains aquifer (HPAQ),HPAQPAS1-78,HPAQPAS1-80,171.47554571108228,16.77000000000001
study_unit_coordinate,High Plains aquifer (HPAQ),HPAQPAS1-40,HPAQPAS1-39,28.00375679520738,62.5
study_unit_coordinate,High Plains aquifer (HPAQ),HPAQPAS1-55,HPAQPAS1-06,59.281992260551114,28.36
study_unit_coordinate,High Plains aquifer (HPAQ),HPAQPAS1-02,HPAQPAS1-78,94.33816072304614,44.209999999999994
study_unit_coordinate,High Plains aquifer (HPAQ),HPAQPAS1-10,HPAQPAS1-09,19.58712974223346,19.36
study_unit_coordinate,High Plains aquifer (HPAQ),HPAQPAS1-16,HPAQPAS1-15,77.29381042606762,178.04000000000002
study_unit_coordinate,High Plains aquifer (HPAQ),HPAQPAS1-33,HPAQPAS1-27,171.75416673547932,3.3499999999999943
study_unit_coordinate,High Plains aquifer (HPAQ),HPAQPAS1-03,HPAQPAS1-02,58.55816724362392,19.050000000000004
study_unit_coordinate,High Plains aquifer (HPAQ),HPAQPAS1-38,HPAQPAS1-14,447.0949097160173,12.199999999999989
study_unit_coordinate,High Plains aquifer (HPAQ),HPAQPAS1-58,HPAQPAS1-06,133.61499377039092,10.670000000000002
study_unit_coordinate,High Plains aquifer (HPAQ),HPAQPAS1-13,HPAQPAS1-27,38.70306041879685,16.769999999999996
study_unit_coordinate,High Plains aquifer (HPAQ),HPAQPAS1-35,HPAQPAS1-37,53.340689890654815,62.5
study_unit_coordinate,High Plains aquifer (HPAQ),HPAQPAS1-21,HPAQPAS1-42,92.23578536131768,71.34
study_unit_coordinate,High Plains aquifer (HPAQ),HPAQPAS1-18,HPAQPAS1-38,71.84015262719095,6.090000000000003
study_unit_coordinate,High Plains aquifer (HPAQ),HPAQPAS1-25,HPAQPAS1-37,57.682144225141364,12.810000000000002
study_unit_coordinate,High Plains aquifer (HPAQ),HPAQPAS1-24,HPAQPAS1-39,109.32386656253223,3.969999999999999
study_unit_coordinate,High Plains aquifer (HPAQ),HPAQPAS1-27,HPAQPAS1-14,135.08236547977936,38.11
study_unit_coordinate,High Plains aquifer (HPAQ),HPAQPAS1-53,HPAQPAS1-54,62.04699832344905,33.22999999999999
study_unit_coordinate,High Plains aquifer (HPAQ),HPAQPAS1-32,HPAQPAS1-33,39.78206665207747,14.939999999999998
study_unit_coordinate,High Plains aquifer (HPAQ),HPAQPAS1-80,HPAQPAS1-54,111.32669795882691,45.72999999999999
study_unit_coordinate,High Plains aquifer (HPAQ),HPAQPAS1-69,HPAQPAS1-68,64.19490401912147,13.409999999999997
study_unit_coordinate,High Plains aquifer (HPAQ),HPAQPAS1-76,HPAQPAS1-80,81.60798929908611,9.760000000000005
study_unit_coordinate,High Plains aquifer (HPAQ),HPAQPAS1-44,HPAQPAS1-18,88.4378659236433,25.310000000000002
study_unit_coordinate,High Plains aquifer (HPAQ),HPAQPAS1-37,HPAQPAS1-38,144.71330055327343,36.58000000000001
study_unit_coordinate,High Plains aquifer (HPAQ),HPAQPAS1-60,HPAQPAS1-72,60.831383468955046,68.29
study_unit_coordinate,High Plains aquifer (HPAQ),HPAQPAS1-63,HPAQPAS1-54,54.21087830407649,74.7
study_unit_coordinate,Northern Atlantic Coastal Plain aquifer system (NACP),NACPPASGA-44,NACPPASGB-06,152.71333805592084,19.200000000000003
study_unit_coordinate,Northern Atlantic Coastal Plain aquifer system (NACP),NACPPASGA-43,NACPPASGA-44,31.770214870110088,5.190000000000005
study_unit_coordinate,Northern Atlantic Coastal Plain aquifer system (NACP),NACPPASGB-06,NACPPASGB-20,242.78265839139337,
study_unit_coordinate,Northern Atlantic Coastal Plain aquifer system (NACP),NACPPASGA-16,NACPPASGB-06,101.57456621496887,44.2
study_unit_coordinate,Northern Atlantic Coastal Plain aquifer system (NACP),NACPPASGA-32,NACPPASGA-44,53.69468348757093,29.580000000000005
study_unit_coordinate,Northern Atlantic Coastal Plain aquifer system (NACP),NACPPASGB-20,NACPPASGA-43,134.13703421234277,
study_unit_coordinate,Northern Atlantic Coastal Plain aquifer system (NACP),NACPPASGB-55,NACPPASGB-20,524.4249896781172,
study_unit_coordinate,Ozark Plateaus aquifer system (OZRK),OZRKPAS1-09,OZRKPAS1-16,33.761676815900906,78.65999999999997
study_unit_coordinate,Ozark Plateaus aquifer system (OZRK),OZRKPAS1-59,OZRKPAS1-13,101.21929238693193,
study_unit_coordinate,Ozark Plateaus aquifer system (OZRK),OZRKPAS1-16,OZRKPAS1-10,33.22589541070674,50.920000000000016
study_unit_coordinate,Ozark Plateaus aquifer system (OZRK),OZRKPAS1-06,OZRKPAS1-07,78.74624020403589,52.75
study_unit_coordinate,Ozark Plateaus aquifer system (OZRK),OZRKPAS1-03,OZRKPAS1-01,18.35277541670117,
study_unit_coordinate,Ozark Plateaus aquifer system (OZRK),OZRKPAS1-42,OZRKPAS1-13,150.74160299076232,267.69
study_unit_coordinate,Ozark Plateaus aquifer system (OZRK),OZRKPAS1-52,OZRKPAS1-11,80.38044200658663,240.24000000000004
study_unit_coordinate,Ozark Plateaus aquifer system (OZRK),OZRKPAS1-34,OZRKPAS1-16,167.36366273213997,51.21999999999997
study_unit_coordinate,Ozark Plateaus aquifer system (OZRK),OZRKPAS1-10,OZRKPAS1-59,198.8781753673873,
study_unit_coordinate,Ozark Plateaus aquifer system (OZRK),OZRKPAS1-01,OZRKPAS1-03,18.35277541670117,
study_unit_coordinate,Ozark Plateaus aquifer system (OZRK),OZRKPAS1-13,OZRKPAS1-59,101.21929238693193,
study_unit_coordinate,Ozark Plateaus aquifer system (OZRK),OZRKPAS1-07,OZRKPAS1-09,40.21128266145906,134.14000000000001
study_unit_coordinate,Ozark Plateaus aquifer system (OZRK),OZRKPAS1-11,OZRKPAS1-10,41.24569823763629,67.07999999999998
study_unit_coordinate,Piedmont and Blue Ridge crystalline-rock aquifers (PDBR),PDBRPAS1-02,PDBRPAS1-06,182.25648151351115,94.51999999999998
study_unit_coordinate,Piedmont and Blue Ridge crystalline-rock aquifers (PDBR),PDBRPAS1-04,PDBRPAS1-02,46.32091163398719,128.05
study_unit_coordinate,Piedmont and Blue Ridge crystalline-rock aquifers (PDBR),PDBRPAS1-11,PDBRPAS1-06,180.7528401064657,168.6
study_unit_coordinate,Piedmont and Blue Ridge crystalline-rock aquifers (PDBR),PDBRPAS1-06,PDBRPAS1-47,394.37266287389895,
study_unit_coordinate,Piedmont and Blue Ridge crystalline-rock aquifers (PDBR),PDBRPAS1-14,PDBRPAS1-02,56.10462430981453,62.5
study_unit_coordinate,Piedmont and Blue Ridge crystalline-rock aquifers (PDBR),PDBRPAS1-09,PDBRPAS1-06,89.20787886303428,95.42999999999998
study_unit_coordinate,Piedmont and Blue Ridge crystalline-rock aquifers (PDBR),PDBRPAS1-28,PDBRPAS1-32,60.001191970160065,135.67
study_unit_coordinate,Piedmont and Blue Ridge crystalline-rock aquifers (PDBR),PDBRPAS1-32,PDBRPAS1-30,174.9984822012032,
study_unit_coordinate,Piedmont and Blue Ridge crystalline-rock aquifers (PDBR),PDBRPAS1-39,PDBRPAS1-32,60.04538989469715,24.389999999999986
study_unit_coordinate,Piedmont and Blue Ridge crystalline-rock aquifers (PDBR),PDBRPAS1-44,PDBRPAS1-11,80.53104454944429,8.22999999999999
study_unit_coordinate,Piedmont and Blue Ridge crystalline-rock aquifers (PDBR),PDBRPAS1-48,PDBRPAS1-47,62.83310623969982,
study_unit_coordinate,Piedmont and Blue Ridge crystalline-rock aquifers (PDBR),PDBRPAS1-47,PDBRPAS1-50,62.34011689303152,
study_unit_coordinate,Piedmont and Blue Ridge crystalline-rock aquifers (PDBR),PDBRPAS1-51,PDBRPAS1-50,46.70186919071486,43.599999999999994
study_unit_coordinate,Piedmont and Blue Ridge crystalline-rock aquifers (PDBR),PDBRPAS1-50,PDBRPAS1-47,62.34011689303152,
study_unit_coordinate,Piedmont and Blue Ridge crystalline-rock aquifers (PDBR),PDBRPAS1-55,PDBRPAS1-47,126.36890836627236,
study_unit_coordinate,Piedmont and Blue Ridge crystalline-rock aquifers (PDBR),PDBRPAS1-20,PDBRPAS1-50,146.80486726570763,8.539999999999992
study_unit_coordinate,Piedmont and Blue Ridge crystalline-rock aquifers (PDBR),PDBRPAS1-24,PDBRPAS1-06,134.63181233579095,164.64
study_unit_coordinate,Piedmont and Blue Ridge crystalline-rock aquifers (PDBR),PDBRPAS1-01,PDBRPAS1-14,63.73812056344848,13.720000000000013
study_unit_coordinate,Piedmont and Blue Ridge crystalline-rock aquifers (PDBR),PDBRPAS1-30,PDBRPAS1-28,125.1551459446767,
study_unit_coordinate,Piedmont and Blue Ridge crystalline-rock aquifers (PDBR),PDBRPAS1-53,PDBRPAS1-14,95.58438688384156,4.570000000000007
study_unit_coordinate,Piedmont and Blue Ridge crystalline-rock aquifers (PDBR),PDBRPAS1-22,PDBRPAS1-24,136.56016228251386,50.300000000000004
study_unit_coordinate,Rio Grande aquifer system (RIOG),RGAQPAS1-36,RGAQPAS1-14,32.15889538715409,51.83
study_unit_coordinate,Rio Grande aquifer system (RIOG),RGAQPAS1-44,RGAQPAS1-36,10.047541232158775,16.77
study_unit_coordinate,Rio Grande aquifer system (RIOG),RGAQPAS1-47,RGAQPAS1-48,75.30014485481968,285.07000000000005
study_unit_coordinate,Rio Grande aquifer system (RIOG),RGAQPAS1-33,RGAQPAS1-16,292.16819171035985,0.3100000000000023
study_unit_coordinate,Rio Grande aquifer system (RIOG),RGAQPAS1-55,RGAQPAS1-29,29.880996924282336,39.629999999999995
study_unit_coordinate,Rio Grande aquifer system (RIOG),RGAQPAS1-24,RGAQPAS1-16,27.932073680443068,24.69999999999999
study_unit_coordinate,Rio Grande aquifer system (RIOG),RGAQPAS1-25,RGAQPAS1-27,7.8379607814773555,82.63
study_unit_coordinate,Rio Grande aquifer system (RIOG),RGAQPAS1-03,RGAQPAS1-30,20.213157215501692,28.960000000000008
study_unit_coordinate,Rio Grande aquifer system (RIOG),RGAQPAS1-21,RGAQPAS1-24,39.35830403073122,94.50999999999999
study_unit_coordinate,Rio Grande aquifer system (RIOG),RGAQPAS1-22,RGAQPAS1-24,11.296672039953462,29.269999999999982
study_unit_coordinate,Rio Grande aquifer system (RIOG),RGAQPAS1-01,RGAQPAS1-06,55.241317095720184,45.72999999999999
study_unit_coordinate,Rio Grande aquifer system (RIOG),RGAQPAS1-16,RGAQPAS1-10,70.91897993745849,310.67
study_unit_coordinate,Rio Grande aquifer system (RIOG),RGAQPAS1-43,RGAQPAS1-10,35.6646005762333,384.15
study_unit_coordinate,Rio Grande aquifer system (RIOG),RGAQPAS1-02,RGAQPAS1-06,90.45054319057725,45.72999999999999
study_unit_coordinate,Rio Grande aquifer system (RIOG),RGAQPAS1-07,RGAQPAS1-06,26.70317445718551,153.04
study_unit_coordinate,Rio Grande aquifer system (RIOG),RGAQPAS1-13,RGAQPAS1-10,21.60509372728445,533.54
study_unit_coordinate,Rio Grande aquifer system (RIOG),RGAQPAS1-12,RGAQPAS1-13,4.300794514049634,12.5
study_unit_coordinate,Rio Grande aquifer system (RIOG),RGAQPAS1-06,RGAQPAS1-29,106.3628585344647,9.150000000000006
study_unit_coordinate,Rio Grande aquifer system (RIOG),RGAQPAS1-14,RGAQPAS1-43,34.17046246947289,149.39000000000001
study_unit_coordinate,Rio Grande aquifer system (RIOG),RGAQPAS1-11,RGAQPAS1-01,2.912456428517281,20.120000000000005
study_unit_coordinate,Rio Grande aquifer system (RIOG),RGAQPAS1-26,RGAQPAS1-10,34.77353510579187,518.3
study_unit_coordinate,Rio Grande aquifer system (RIOG),RGAQPAS1-34,RGAQPAS1-29,40.30568298899695,12.189999999999998
study_unit_coordinate,Rio Grande aquifer system (RIOG),RGAQPAS1-29,RGAQPAS1-33,93.77207193342522,76.21999999999997
study_unit_coordinate,Rio Grande aquifer system (RIOG),RGAQPAS1-30,RGAQPAS1-34,28.145921365721406,1.5300000000000011
study_unit_coordinate,Rio Grande aquifer system (RIOG),RGAQPAS1-41,RGAQPAS1-21,14.124647891929348,26.22
study_unit_coordinate,Rio Grande aquifer system (RIOG),RGAQPAS1-48,RGAQPAS1-10,193.68506691338425,111.27999999999997
study_unit_coordinate,Rio Grande aquifer system (RIOG),RGAQPAS1-54,RGAQPAS1-55,42.361343891083,51.83000000000001
study_unit_coordinate,Rio Grande aquifer system (RIOG),RGAQPAS1-60,RGAQPAS1-48,30.654196678978735,215.25
study_unit_coordinate,Rio Grande aquifer system (RIOG),RGAQPAS1-27,RGAQPAS1-41,69.81567366761497,3.960000000000008
study_unit_coordinate,Valley and Ridge and Piedmont and Blue Ridge carbonate-rock aquifers (VRPD),VRPDPAS1-01,VRPDPAS1-02,18.603415377018035,43.60000000000001
study_unit_coordinate,Valley and Ridge and Piedmont and Blue Ridge carbonate-rock aquifers (VRPD),VRPDPAS1-29,VRPDPAS1-18,8.89559413156451,
study_unit_coordinate,Valley and Ridge and Piedmont and Blue Ridge carbonate-rock aquifers (VRPD),VRPDPAS1-30,VRPDPAS1-33,22.891221984409047,151.20999999999998
study_unit_coordinate,Valley and Ridge and Piedmont and Blue Ridge carbonate-rock aquifers (VRPD),VRPDPAS1-44,VRPDPAS1-16,62.93293397235901,71.63999999999999
study_unit_coordinate,Valley and Ridge and Piedmont and Blue Ridge carbonate-rock aquifers (VRPD),VRPDPAS1-45,VRPDPAS1-46,43.97336839699239,
study_unit_coordinate,Valley and Ridge and Piedmont and Blue Ridge carbonate-rock aquifers (VRPD),VRPDPAS1-37,VRPDPAS1-39,30.07287425682148,56.71000000000001
study_unit_coordinate,Valley and Ridge and Piedmont and Blue Ridge carbonate-rock aquifers (VRPD),VRPDPAS1-19,VRPDPAS1-35,62.581841957118236,
study_unit_coordinate,Valley and Ridge and Piedmont and Blue Ridge carbonate-rock aquifers (VRPD),VRPDPAS1-15,VRPDPAS1-30,33.683733947888435,28.660000000000004
study_unit_coordinate,Valley and Ridge and Piedmont and Blue Ridge carbonate-rock aquifers (VRPD),VRPDPAS1-06,VRPDPAS1-22,82.58929731456871,1.8299999999999983
study_unit_coordinate,Valley and Ridge and Piedmont and Blue Ridge carbonate-rock aquifers (VRPD),VRPDPAS1-33,VRPDPAS1-32,39.711839773656024,
study_unit_coordinate,Valley and Ridge and Piedmont and Blue Ridge carbonate-rock aquifers (VRPD),VRPDPAS1-18,VRPDPAS1-29,8.89559413156451,
study_unit_coordinate,Valley and Ridge and Piedmont and Blue Ridge carbonate-rock aquifers (VRPD),VRPDPAS1-11,VRPDPAS1-39,171.1768682699588,30.189999999999998
study_unit_coordinate,Valley and Ridge and Piedmont and Blue Ridge carbonate-rock aquifers (VRPD),VRPDPAS1-22,VRPDPAS1-11,157.20086833176887,43.900000000000006
study_unit_coordinate,Valley and Ridge and Piedmont and Blue Ridge carbonate-rock aquifers (VRPD),VRPDPAS1-36,VRPDPAS1-37,18.046880760578272,13.719999999999999
study_unit_coordinate,Valley and Ridge and Piedmont and Blue Ridge carbonate-rock aquifers (VRPD),VRPDPAS1-46,VRPDPAS1-45,43.97336839699239,
study_unit_coordinate,Valley and Ridge and Piedmont and Blue Ridge carbonate-rock aquifers (VRPD),VRPDPAS1-16,VRPDPAS1-32,51.08312237464401,
study_unit_coordinate,Valley and Ridge and Piedmont and Blue Ridge carbonate-rock aquifers (VRPD),VRPDPAS1-20,VRPDPAS1-11,63.956642913480394,76.22000000000001
study_unit_coordinate,Valley and Ridge and Piedmont and Blue Ridge carbonate-rock aquifers (VRPD),VRPDPAS1-26,VRPDPAS1-37,26.778871146982247,97.87
study_unit_coordinate,Valley and Ridge and Piedmont and Blue Ridge carbonate-rock aquifers (VRPD),VRPDPAS1-39,VRPDPAS1-53,104.70066319184929,
study_unit_coordinate,Valley and Ridge and Piedmont and Blue Ridge carbonate-rock aquifers (VRPD),VRPDPAS1-03,VRPDPAS1-11,34.22577444420057,102.13000000000001
study_unit_coordinate,Valley and Ridge and Piedmont and Blue Ridge carbonate-rock aquifers (VRPD),VRPDPAS1-02,VRPDPAS1-11,49.7987338141648,73.78
study_unit_coordinate,Valley and Ridge and Piedmont and Blue Ridge carbonate-rock aquifers (VRPD),VRPDPAS1-56,VRPDPAS1-55,42.341701457514674,
study_unit_coordinate,Valley and Ridge and Piedmont and Blue Ridge carbonate-rock aquifers (VRPD),VRPDPAS1-55,VRPDPAS1-56,42.341701457514674,
study_unit_coordinate,Valley and Ridge and Piedmont and Blue Ridge carbonate-rock aquifers (VRPD),VRPDPAS1-35,VRPDPAS1-19,62.581841957118236,
study_unit_coordinate,Valley and Ridge and Piedmont and Blue Ridge carbonate-rock aquifers (VRPD),VRPDPAS1-05,VRPDPAS1-06,21.993938849605872,1.519999999999996
study_unit_coordinate,Valley and Ridge and Piedmont and Blue Ridge carbonate-rock aquifers (VRPD),VRPDPAS1-32,VRPDPAS1-30,32.564089732425536,
study_unit_coordinate,Valley and Ridge and Piedmont and Blue Ridge carbonate-rock aquifers (VRPD),VRPDPAS1-53,VRPDPAS1-39,104.70066319184929,
coordinate_global,Biscayne aquifer (BISC),BISCPAS1-02,BISCPAS1-04,2.4370241084228565,
coordinate_global,Biscayne aquifer (BISC),BISCPAS1-07,BISCPAS1-04,5.648428194025208,
coordinate_global,Biscayne aquifer (BISC),BISCPAS1-05,BISCPAS1-08,6.745781613284063,11.89
coordinate_global,Biscayne aquifer (BISC),BISCPAS1-08,BISCPAS1-10,5.460223272808161,
coordinate_global,Biscayne aquifer (BISC),BISCPAS1-10,BISCPAS1-08,5.460223272808161,
coordinate_global,Biscayne aquifer (BISC),BISCPAS1-03,BISCPAS1-05,1.993522849723089,1.5199999999999996
coordinate_global,Biscayne aquifer (BISC),BISCPAS1-12,BISCPAS1-15,6.68535287353122,
coordinate_global,Biscayne aquifer (BISC),BISCPAS1-15,BISCPAS1-12,6.68535287353122,
coordinate_global,Biscayne aquifer (BISC),BISCPAS1-21,BISCPAS1-17,5.908051010380118,4.57
coordinate_global,Biscayne aquifer (BISC),BISCPAS1-22,BISCPAS1-21,4.447797065782255,15.25
coordinate_global,Biscayne aquifer (BISC),BISCPAS1-17,BISCPAS1-15,9.386627686914332,4.57
coordinate_global,Biscayne aquifer (BISC),BISCPAS1-27,BISCPAS1-21,34.40999758018441,3.0500000000000007
coordinate_global,Biscayne aquifer (BISC),BISCPAS1-04,BISCPAS1-02,2.4370241084228565,
coordinate_global,Basin and Range carbonate-rock aquifers (BNRC),BNRCPAS1-12,BNRFPAS1-71,18.112160705855747,
coordinate_global,Basin and Range carbonate-rock aquifers (BNRC),BNRCPAS1-19,BNRFPAS1-70,85.66951092834155,39.94000000000001
coordinate_global,Edwards-Trinity aquifer system (EDTR),EDTRPAS1-47,EDTRPAS1-24,70.72319985539467,534.75
coordinate_global,Edwards-Trinity aquifer system (EDTR),EDTRPAS1-33,EDTRPAS1-34,18.418820824528975,23.78000000000003
coordinate_global,Edwards-Trinity aquifer system (EDTR),EDTRPAS1-42,EDTRPAS1-24,284.56283722101745,143.89999999999998
coordinate_global,Edwards-Trinity aquifer system (EDTR),EDTRPAS1-34,EDTRPAS1-42,34.769777725241546,52.74000000000001
coordinate_global,Edwards-Trinity aquifer system (EDTR),EDTRPAS1-45,EDTRPAS1-42,10.193098312650818,258.23
coordinate_global,Floridan aquifer system (FLOR),FLORPAS1-18,FLORPAS1-17,79.01643222085518,139.33
coordinate_global,Floridan aquifer system (FLOR),FLORPAS1-48,BISCPAS1-04,157.14629435712214,
coordinate_global,Floridan aquifer system (FLOR),FLORPAS1-20,FLORPAS1-21,63.282044717935186,140.24
coordinate_global,Floridan aquifer system (FLOR),FLORPAS1-19,FLORPAS1-17,24.2703807790488,176.52
coordinate_global,Floridan aquifer system (FLOR),FLORPAS1-53,FLORPAS1-52,22.101296689568976,10.36
coordinate_global,Floridan aquifer system (FLOR),FLORPAS1-28,FLORPAS1-32,104.17306595676835,59.45
coordinate_global,Floridan aquifer system (FLOR),FLORPAS1-56,FLORPAS1-21,81.87809979072456,51.21000000000001
coordinate_global,Floridan aquifer system (FLOR),FLORPAS1-36,FLORPAS1-56,109.45659312542011,12.199999999999989
coordinate_global,Floridan aquifer system (FLOR),FLORPAS1-38,FLORPAS1-56,42.58499756928214,70.74
coordinate_global,Floridan aquifer system (FLOR),FLORPAS1-21,FLORPAS1-17,8.716354652614303,17.99000000000001
coordinate_global,Floridan aquifer system (FLOR),FLORPAS1-31,FLORPAS1-52,66.38388719497613,58.839999999999996
coordinate_global,Floridan aquifer system (FLOR),FLORPAS1-52,FLORPAS1-30,69.68303960532701,4.27000000000001
coordinate_global,Floridan aquifer system (FLOR),FLORPAS1-54,FLORPAS1-30,48.692219469057704,65.55000000000001
coordinate_global,Floridan aquifer system (FLOR),FLORPAS1-46,FLORPAS1-56,55.749653199328215,3.6599999999999966
coordinate_global,Floridan aquifer system (FLOR),FLORPAS1-30,FLORPAS1-36,40.064112931987594,41.16
coordinate_global,Floridan aquifer system (FLOR),FLORPAS1-17,FLORPAS1-47,90.00350393838673,232.01000000000002
coordinate_global,Floridan aquifer system (FLOR),FLORPAS1-09,PDBRPAS1-22,112.44539260321994,
coordinate_global,Floridan aquifer system (FLOR),FLORPAS1-47,FLORPAS1-48,16.33150585529043,3.0499999999999545
coordinate_global,Floridan aquifer system (FLOR),FLORPAS1-32,FLORPAS1-36,129.00967581408966,28.049999999999997
coordinate_global,Ozark Plateaus aquifer system (OZRK),OZRKPAS1-09,OZRKPAS1-16,33.761676815900906,78.65999999999997
coordinate_global,Ozark Plateaus aquifer system (OZRK),OZRKPAS1-59,OZRKPAS1-13,101.21929238693193,
coordinate_global,Ozark Plateaus aquifer system (OZRK),OZRKPAS1-16,OZRKPAS1-10,33.22589541070674,50.920000000000016
coordinate_global,Ozark Plateaus aquifer system (OZRK),OZRKPAS1-06,OZRKPAS1-07,78.74624020403589,52.75
coordinate_global,Ozark Plateaus aquifer system (OZRK),OZRKPAS1-03,OZRKPAS1-01,18.35277541670117,
coordinate_global,Ozark Plateaus aquifer system (OZRK),OZRKPAS1-42,OZRKPAS1-13,150.74160299076232,267.69
coordinate_global,Ozark Plateaus aquifer system (OZRK),OZRKPAS1-52,OZRKPAS1-11,80.38044200658663,240.24000000000004
coordinate_global,Ozark Plateaus aquifer system (OZRK),OZRKPAS1-34,OZRKPAS1-16,167.36366273213997,51.21999999999997
coordinate_global,Ozark Plateaus aquifer system (OZRK),OZRKPAS1-10,OZRKPAS1-59,198.8781753673873,
coordinate_global,Ozark Plateaus aquifer system (OZRK),OZRKPAS1-01,OZRKPAS1-03,18.35277541670117,
coordinate_global,Ozark Plateaus aquifer system (OZRK),OZRKPAS1-13,OZRKPAS1-59,101.21929238693193,
coordinate_global,Ozark Plateaus aquifer system (OZRK),OZRKPAS1-07,OZRKPAS1-09,40.21128266145906,134.14000000000001
coordinate_global,Ozark Plateaus aquifer system (OZRK),OZRKPAS1-11,OZRKPAS1-10,41.24569823763629,67.07999999999998
coordinate_global,Valley and Ridge and Piedmont and Blue Ridge carbonate-rock aquifers (VRPD),VRPDPAS1-01,VRPDPAS1-02,18.603415377018035,43.60000000000001
coordinate_global,Valley and Ridge and Piedmont and Blue Ridge carbonate-rock aquifers (VRPD),VRPDPAS1-29,VRPDPAS1-18,8.89559413156451,
coordinate_global,Valley and Ridge and Piedmont and Blue Ridge carbonate-rock aquifers (VRPD),VRPDPAS1-30,VRPDPAS1-33,22.891221984409047,151.20999999999998
coordinate_global,Valley and Ridge and Piedmont and Blue Ridge carbonate-rock aquifers (VRPD),VRPDPAS1-44,VRPDPAS1-16,62.93293397235901,71.63999999999999
coordinate_global,Valley and Ridge and Piedmont and Blue Ridge carbonate-rock aquifers (VRPD),VRPDPAS1-45,VRPDPAS1-46,43.97336839699239,
coordinate_global,Valley and Ridge and Piedmont and Blue Ridge carbonate-rock aquifers (VRPD),VRPDPAS1-37,VRPDPAS1-39,30.07287425682148,56.71000000000001
coordinate_global,Valley and Ridge and Piedmont and Blue Ridge carbonate-rock aquifers (VRPD),VRPDPAS1-19,VRPDPAS1-35,62.581841957118236,
coordinate_global,Valley and Ridge and Piedmont and Blue Ridge carbonate-rock aquifers (VRPD),VRPDPAS1-15,VRPDPAS1-30,33.683733947888435,28.660000000000004
coordinate_global,Valley and Ridge and Piedmont and Blue Ridge carbonate-rock aquifers (VRPD),VRPDPAS1-06,VRPDPAS1-22,82.58929731456871,1.8299999999999983
coordinate_global,Valley and Ridge and Piedmont and Blue Ridge carbonate-rock aquifers (VRPD),VRPDPAS1-33,VRPDPAS1-32,39.711839773656024,
coordinate_global,Valley and Ridge and Piedmont and Blue Ridge carbonate-rock aquifers (VRPD),VRPDPAS1-18,VRPDPAS1-29,8.89559413156451,
coordinate_global,Valley and Ridge and Piedmont and Blue Ridge carbonate-rock aquifers (VRPD),VRPDPAS1-11,VRPDPAS1-39,171.1768682699588,30.189999999999998
coordinate_global,Valley and Ridge and Piedmont and Blue Ridge carbonate-rock aquifers (VRPD),VRPDPAS1-22,VRPDPAS1-11,157.20086833176887,43.900000000000006
coordinate_global,Valley and Ridge and Piedmont and Blue Ridge carbonate-rock aquifers (VRPD),VRPDPAS1-36,VRPDPAS1-37,18.046880760578272,13.719999999999999
coordinate_global,Valley and Ridge and Piedmont and Blue Ridge carbonate-rock aquifers (VRPD),VRPDPAS1-46,VRPDPAS1-45,43.97336839699239,
coordinate_global,Valley and Ridge and Piedmont and Blue Ridge carbonate-rock aquifers (VRPD),VRPDPAS1-16,VRPDPAS1-32,51.08312237464401,
coordinate_global,Valley and Ridge and Piedmont and Blue Ridge carbonate-rock aquifers (VRPD),VRPDPAS1-20,PDBRPAS1-55,55.62422794419845,35.980000000000004
coordinate_global,Valley and Ridge and Piedmont and Blue Ridge carbonate-rock aquifers (VRPD),VRPDPAS1-26,VRPDPAS1-37,26.778871146982247,97.87
coordinate_global,Valley and Ridge and Piedmont and Blue Ridge carbonate-rock aquifers (VRPD),VRPDPAS1-39,PDBRPAS1-47,83.32394860073883,
coordinate_global,Valley and Ridge and Piedmont and Blue Ridge carbonate-rock aquifers (VRPD),VRPDPAS1-03,VRPDPAS1-11,34.22577444420057,102.13000000000001
coordinate_global,Valley and Ridge and Piedmont and Blue Ridge carbonate-rock aquifers (VRPD),VRPDPAS1-02,VRPDPAS1-11,49.7987338141648,73.78
coordinate_global,Valley and Ridge and Piedmont and Blue Ridge carbonate-rock aquifers (VRPD),VRPDPAS1-56,VRPDPAS1-55,42.341701457514674,
coordinate_global,Valley and Ridge and Piedmont and Blue Ridge carbonate-rock aquifers (VRPD),VRPDPAS1-55,VRPDPAS1-56,42.341701457514674,
coordinate_global,Valley and Ridge and Piedmont and Blue Ridge carbonate-rock aquifers (VRPD),VRPDPAS1-35,VRPDPAS1-19,62.581841957118236,
coordinate_global,Valley and Ridge and Piedmont and Blue Ridge carbonate-rock aquifers (VRPD),VRPDPAS1-05,VRPDPAS1-06,21.993938849605872,1.519999999999996
coordinate_global,Valley and Ridge and Piedmont and Blue Ridge carbonate-rock aquifers (VRPD),VRPDPAS1-32,VRPDPAS1-30,32.564089732425536,
coordinate_global,Valley and Ridge and Piedmont and Blue Ridge carbonate-rock aquifers (VRPD),VRPDPAS1-53,PDBRPAS1-48,40.24157701670242,
coordinate_global,Coastal lowlands aquifer system (CLOW),CLOWPAS1-16,EDTRPAS1-24,345.9929569319639,554.5699999999999
coordinate_global,Northern Atlantic Coastal Plain aquifer system (NACP),NACPPASGA-44,PDBRPAS1-20,112.99178639989394,90.85
coordinate_global,Northern Atlantic Coastal Plain aquifer system (NACP),NACPPASGA-43,NACPPASGA-44,31.770214870110088,5.190000000000005
coordinate_global,Northern Atlantic Coastal Plain aquifer system (NACP),NACPPASGB-06,PDBRPAS1-20,115.61149490739284,71.64999999999999
coordinate_global,Northern Atlantic Coastal Plain aquifer system (NACP),NACPPASGA-16,NACPPASGB-06,101.57456621496887,44.2
coordinate_global,Northern Atlantic Coastal Plain aquifer system (NACP),NACPPASGA-32,NACPPASGA-44,53.69468348757093,29.580000000000005
coordinate_global,Northern Atlantic Coastal Plain aquifer system (NACP),NACPPASGB-20,PDBRPAS1-51,96.2551068112539,
coordinate_global,Northern Atlantic Coastal Plain aquifer system (NACP),NACPPASGB-55,VRPDPAS1-11,372.30129556411384,15.569999999999993
coordinate_global,Columbia Plateau basaltic-rock aquifers (CLPT),CLPTPAS1-14,CLPTPAS1-09,76.83564877649857,62.5
coordinate_global,Columbia Plateau basaltic-rock aquifers (CLPT),CLPTPAS1-09,CLPTPAS1-27,98.71569944184431,60.059999999999974
coordinate_global,Columbia Plateau basaltic-rock aquifers (CLPT),CLPTPAS1-57,CLPTPAS1-58,29.332127568071023,
coordinate_global,Columbia Plateau basaltic-rock aquifers (CLPT),CLPTPAS1-48,CLPTPAS1-30,12.255811639456823,62.79999999999998
coordinate_global,Columbia Plateau basaltic-rock aquifers (CLPT),CLPTPAS1-58,CLPTPAS1-57,29.332127568071023,
coordinate_global,Columbia Plateau basaltic-rock aquifers (CLPT),CLPTPAS1-34,CLPTPAS1-50,53.658594305544796,7.310000000000002
coordinate_global,Columbia Plateau basaltic-rock aquifers (CLPT),CLPTPAS1-54,CLPTPAS1-50,28.367298243536904,53.04000000000002
coordinate_global,Columbia Plateau basaltic-rock aquifers (CLPT),CLPTPAS1-45,CLPTPAS1-54,48.044811692500765,91.47
coordinate_global,Columbia Plateau basaltic-rock aquifers (CLPT),CLPTPAS1-47,CLPTPAS1-43,84.23296572541514,1.4299999999999784
coordinate_global,Columbia Plateau basaltic-rock aquifers (CLPT),CLPTPAS1-02,CLPTPAS1-04,46.70807411325355,
coordinate_global,Columbia Plateau basaltic-rock aquifers (CLPT),CLPTPAS1-49,CLPTPAS1-54,43.5093581645655,112.80999999999999
coordinate_global,Columbia Plateau basaltic-rock aquifers (CLPT),CLPTPAS1-43,CLPTPAS1-41,39.41651650426027,3.450000000000017
coordinate_global,Columbia Plateau basaltic-rock aquifers (CLPT),CLPTPAS1-05,CLPTPAS1-04,11.279698078674384,
coordinate_global,Columbia Plateau basaltic-rock aquifers (CLPT),CLPTPAS1-38,CLPTPAS1-58,105.18942395931786,
coordinate_global,Columbia Plateau basaltic-rock aquifers (CLPT),CLPTPAS1-06,CLPTPAS1-05,11.27145159915439,67.07
coordinate_global,Columbia Plateau basaltic-rock aquifers (CLPT),CLPTPAS1-24,CLPTPAS1-14,60.35581229040777,94.51
coordinate_global,Columbia Plateau basaltic-rock aquifers (CLPT),CLPTPAS1-44,CLPTPAS1-47,40.5269321100138,48.170000000000016
coordinate_global,Columbia Plateau basaltic-rock aquifers (CLPT),CLPTPAS1-28,CLPTPAS1-30,20.363921913062157,59.75
coordinate_global,Columbia Plateau basaltic-rock aquifers (CLPT),CLPTPAS1-41,CLPTPAS1-39,31.936815717976728,80.48999999999998
coordinate_global,Columbia Plateau basaltic-rock aquifers (CLPT),CLPTPAS1-23,CLPTPAS1-14,30.797835439973174,171.03
coordinate_global,Columbia Plateau basaltic-rock aquifers (CLPT),CLPTPAS1-29,CLPTPAS1-28,21.634494070728802,8.539999999999992
coordinate_global,Columbia Plateau basaltic-rock aquifers (CLPT),CLPTPAS1-30,CLPTPAS1-31,0.0,24.090000000000003
coordinate_global,Columbia Plateau basaltic-rock aquifers (CLPT),CLPTPAS1-25,CLPTPAS1-27,69.14370980441524,207.91999999999996
coordinate_global,Columbia Plateau basaltic-rock aquifers (CLPT),CLPTPAS1-27,CLPTPAS1-58,99.91080838954039,
coordinate_global,Columbia Plateau basaltic-rock aquifers (CLPT),CLPTPAS1-31,CLPTPAS1-09,75.62163257903627,3.960000000000008
coordinate_global,Columbia Plateau basaltic-rock aquifers (CLPT),CLPTPAS1-33,CLPTPAS1-34,15.740047147133176,109.76
coordinate_global,Columbia Plateau basaltic-rock aquifers (CLPT),CLPTPAS1-42,CLPTPAS1-31,76.55132394062854,0.6099999999999852
coordinate_global,Columbia Plateau basaltic-rock aquifers (CLPT),CLPTPAS1-04,CLPTPAS1-05,11.279698078674384,
coordinate_global,Columbia Plateau basaltic-rock aquifers (CLPT),CLPTPAS1-50,CLPTPAS1-02,133.3930868903642,86.27999999999997
coordinate_global,Columbia Plateau basaltic-rock aquifers (CLPT),CLPTPAS1-13,CLPTPAS1-05,78.40655313971943,35.06
coordinate_global,Columbia Plateau basaltic-rock aquifers (CLPT),CLPTPAS1-52,CLPTPAS1-47,48.58150046232421,93.9
coordinate_global,Columbia Plateau basaltic-rock aquifers (CLPT),CLPTPAS1-01,CLPTPAS1-27,42.46566651129531,220.72999999999996
coordinate_global,Columbia Plateau basaltic-rock aquifers (CLPT),CLPTPAS1-26,CLPTPAS1-27,1.8926248785451871,198.16999999999996
coordinate_global,Columbia Plateau basaltic-rock aquifers (CLPT),CLPTPAS1-20,CLPTPAS1-24,56.32776500986382,7.6200000000000045
coordinate_global,Columbia Plateau basaltic-rock aquifers (CLPT),CLPTPAS1-46,CLPTPAS1-47,38.455785547733214,82.62000000000002
coordinate_global,Columbia Plateau basaltic-rock aquifers (CLPT),CLPTPAS1-39,CLPTPAS1-38,25.55307119663444,138.71000000000004
coordinate_global,Columbia Plateau basaltic-rock aquifers (CLPT),CLPTPAS1-53,CLPTPAS1-50,26.798587064835356,86.58000000000001
coordinate_global,Piedmont and Blue Ridge crystalline-rock aquifers (PDBR),PDBRPAS1-02,VRPDPAS1-56,150.9463133807562,
coordinate_global,Piedmont and Blue Ridge crystalline-rock aquifers (PDBR),PDBRPAS1-04,PDBRPAS1-02,46.32091163398719,128.05
coordinate_global,Piedmont and Blue Ridge crystalline-rock aquifers (PDBR),PDBRPAS1-11,VRPDPAS1-33,43.119123178093126,119.81
coordinate_global,Piedmont and Blue Ridge crystalline-rock aquifers (PDBR),PDBRPAS1-06,VRPDPAS1-35,125.36052133088111,
coordinate_global,Piedmont and Blue Ridge crystalline-rock aquifers (PDBR),PDBRPAS1-14,PDBRPAS1-02,56.10462430981453,62.5
coordinate_global,Piedmont and Blue Ridge crystalline-rock aquifers (PDBR),PDBRPAS1-09,PDBRPAS1-06,89.20787886303428,95.42999999999998
coordinate_global,Piedmont and Blue Ridge crystalline-rock aquifers (PDBR),PDBRPAS1-28,PDBRPAS1-32,60.001191970160065,135.67
coordinate_global,Piedmont and Blue Ridge crystalline-rock aquifers (PDBR),PDBRPAS1-32,VRPDPAS1-46,166.5800732599868,
coordinate_global,Piedmont and Blue Ridge crystalline-rock aquifers (PDBR),PDBRPAS1-39,PDBRPAS1-32,60.04538989469715,24.389999999999986
coordinate_global,Piedmont and Blue Ridge crystalline-rock aquifers (PDBR),PDBRPAS1-44,VRPDPAS1-32,47.57644907727246,
coordinate_global,Piedmont and Blue Ridge crystalline-rock aquifers (PDBR),PDBRPAS1-48,VRPDPAS1-53,40.24157701670242,
coordinate_global,Piedmont and Blue Ridge crystalline-rock aquifers (PDBR),PDBRPAS1-47,PDBRPAS1-50,62.34011689303152,
coordinate_global,Piedmont and Blue Ridge crystalline-rock aquifers (PDBR),PDBRPAS1-51,PDBRPAS1-50,46.70186919071486,43.599999999999994
coordinate_global,Piedmont and Blue Ridge crystalline-rock aquifers (PDBR),PDBRPAS1-50,PDBRPAS1-47,62.34011689303152,
coordinate_global,Piedmont and Blue Ridge crystalline-rock aquifers (PDBR),PDBRPAS1-55,VRPDPAS1-37,68.03863932078151,13.719999999999999
coordinate_global,Piedmont and Blue Ridge crystalline-rock aquifers (PDBR),PDBRPAS1-20,NACPPASGB-20,128.4958894344343,
coordinate_global,Piedmont and Blue Ridge crystalline-rock aquifers (PDBR),PDBRPAS1-24,PDBRPAS1-06,134.63181233579095,164.64
coordinate_global,Piedmont and Blue Ridge crystalline-rock aquifers (PDBR),PDBRPAS1-01,PDBRPAS1-14,63.73812056344848,13.720000000000013
coordinate_global,Piedmont and Blue Ridge crystalline-rock aquifers (PDBR),PDBRPAS1-30,VRPDPAS1-45,78.7683115446822,
coordinate_global,Piedmont and Blue Ridge crystalline-rock aquifers (PDBR),PDBRPAS1-53,VRPDPAS1-55,40.832594908052485,118.89999999999999
coordinate_global,Piedmont and Blue Ridge crystalline-rock aquifers (PDBR),PDBRPAS1-22,FLORPAS1-09,112.44539260321994,
coordinate_global,Glacial aquifer system (GLAC),GLACPAS1-31,NACPPASGB-55,304.2610164254152,142.96
coordinate_global,Cambrian-Ordovician aquifer system (CMOR),CMORPAS1-12,CMORPAS1-47,361.85780274057566,188.71999999999997
coordinate_global,Glacial aquifer system (GLAC),GLACPAS1-72,VRPDPAS1-19,425.47951583962816,
coordinate_global,Cambrian-Ordovician aquifer system (CMOR),CMORPAS1-09,CMORPAS1-12,247.47632688581504,130.49
coordinate_global,Cambrian-Ordovician aquifer system (CMOR),CMORPAS1-25,CMORPAS1-09,119.99822762730591,9.449999999999989
coordinate_global,Cambrian-Ordovician aquifer system (CMOR),CMORPAS1-47,OZRKPAS1-10,604.9697181211909,19.210000000000036
coordinate_global,Cambrian-Ordovician aquifer system (CMOR),CMORPAS1-37,CMORPAS1-25,66.50287793998615,68.29
coordinate_global,Colorado Plateaus aquifers (COPL),COPLPAS1-36,COPLPAS1-40,105.05939558326514,
coordinate_global,Colorado Plateaus aquifers (COPL),COPLPAS1-28,COPLPAS1-27,70.0517948469295,42.68000000000001
coordinate_global,Colorado Plateaus aquifers (COPL),COPLPAS1-02,COPLPAS1-05,101.06382796183878,210.67000000000002
coordinate_global,Colorado Plateaus aquifers (COPL),COPLPAS1-34,COPLPAS1-27,38.874824121263146,37.81
coordinate_global,Colorado Plateaus aquifers (COPL),COPLPAS1-30,COPLPAS1-27,171.6303157298106,13.719999999999999
coordinate_global,Colorado Plateaus aquifers (COPL),COPLPAS1-05,COPLPAS1-09,102.64176196618466,50.0
coordinate_global,Colorado Plateaus aquifers (COPL),COPLPAS1-21,COPLPAS1-17,14.381519697157842,32.93000000000001
coordinate_global,Colorado Plateaus aquifers (COPL),COPLPAS1-08,COPLPAS1-40,257.68608531797145,
coordinate_global,Colorado Plateaus aquifers (COPL),COPLPAS1-10,COPLPAS1-09,62.8217978825517,272.86
coordinate_global,Colorado Plateaus aquifers (COPL),COPLPAS1-09,COPLPAS1-08,72.54371798389455,746.35
coordinate_global,Colorado Plateaus aquifers (COPL),COPLPAS1-40,COPLPAS1-36,105.05939558326514,
coordinate_global,Colorado Plateaus aquifers (COPL),COPLPAS1-27,BNRFPAS1-34,73.52372388008213,109.75
coordinate_global,Colorado Plateaus aquifers (COPL),COPLPAS1-58,BNRCPAS1-19,221.73187562860244,40.239999999999995
coordinate_global,Colorado Plateaus aquifers (COPL),COPLPAS1-17,COPLPAS1-30,201.96885297643811,80.78999999999999
coordinate_global,Edwards-Trinity aquifer system (EDTR),EDTRPAS1-10,EDTRPAS1-45,39.53126983879395,18.289999999999992
coordinate_global,Edwards-Trinity aquifer system (EDTR),EDTRPAS1-08,EDTRPAS1-10,59.56095091742254,1.5300000000000011
coordinate_global,Edwards-Trinity aquifer system (EDTR),EDTRPAS1-27,EDTRPAS1-23,115.42171173079889,140.85000000000002
coordinate_global,Edwards-Trinity aquifer system (EDTR),EDTRPAS1-24,OZRKPAS1-03,537.5221949770902,
coordinate_global,Edwards-Trinity aquifer system (EDTR),EDTRPAS1-61,EDTRPAS1-27,139.4000510370152,65.55
coordinate_global,Basin and Range basin-fill aquifers (BNRF),BNRFPAS1-43,BNRFPAS1-44,46.954000838837956,128.05
coordinate_global,Edwards-Trinity aquifer system (EDTR),EDTRPAS1-23,EDTRPAS1-24,45.41676673048633,375.61
coordinate_global,Basin and Range basin-fill aquifers (BNRF),BNRFPAS1-73,BNRFPAS1-70,31.074668361691916,55.790000000000006
coordinate_global,Basin and Range basin-fill aquifers (BNRF),BNRFPAS1-77,BNRFPAS1-71,54.77938851296337,40.55
coordinate_global,Basin and Range basin-fill aquifers (BNRF),BNRFPAS1-69,BNRCPAS1-12,39.33456040027851,
coordinate_global,Basin and Range basin-fill aquifers (BNRF),BNRFPAS1-12,BNRFPAS1-13,77.28115379556026,127.74000000000001
coordinate_global,Basin and Range basin-fill aquifers (BNRF),BNRFPAS1-55,BNRFPAS1-67,75.29232510762124,103.66000000000001
coordinate_global,Basin and Range basin-fill aquifers (BNRF),BNRFPAS1-09,BNRFPAS1-05,59.223482113956436,157.93
coordinate_global,Basin and Range basin-fill aquifers (BNRF),BNRFPAS1-27,BNRCPAS1-12,358.3080278684249,
coordinate_global,Basin and Range basin-fill aquifers (BNRF),BNRFPAS1-18,BNRFPAS1-19,55.151595673329226,69.50999999999999
coordinate_global,Basin and Range basin-fill aquifers (BNRF),BNRFPAS1-71,BNRCPAS1-12,18.112160705855747,
coordinate_global,Basin and Range basin-fill aquifers (BNRF),BNRFPAS1-42,BNRFPAS1-44,100.6796818904531,112.50000000000003
coordinate_global,Basin and Range basin-fill aquifers (BNRF),BNRFPAS1-04,CACBPAS1-36,84.93397241239383,15.239999999999952
coordinate_global,Basin and Range basin-fill aquifers (BNRF),BNRFPAS1-44,COPLPAS1-08,367.51245623192193,732.63
coordinate_global,Basin and Range basin-fill aquifers (BNRF),BNRFPAS1-13,CACBPAS1-47,175.83956337270203,25.919999999999987
coordinate_global,Basin and Range basin-fill aquifers (BNRF),BNRFPAS1-28,BNRFPAS1-27,159.49018552608354,93.9
coordinate_global,Basin and Range basin-fill aquifers (BNRF),BNRFPAS1-17,BNRFPAS1-37,102.49422326752409,65.55
coordinate_global,Basin and Range basin-fill aquifers (BNRF),BNRFPAS1-50,BNRFPAS1-54,42.570253476360676,200.90999999999997
coordinate_global,Basin and Range basin-fill aquifers (BNRF),BNRFPAS1-02,CACBPAS1-47,58.04827185323228,114.32999999999998
coordinate_global,Basin and Range basin-fill aquifers (BNRF),BNRFPAS1-22,BNRFPAS1-19,235.42499068410052,136.59
coordinate_global,Basin and Range basin-fill aquifers (BNRF),BNRFPAS1-19,CVALPAS1-39,248.41071058684258,
coordinate_global,Basin and Range basin-fill aquifers (BNRF),BNRFPAS1-21,BNRFPAS1-19,62.501941478677054,118.29
coordinate_global,Basin and Range basin-fill aquifers (BNRF),BNRFPAS1-53,BNRFPAS1-42,60.199545021497315,39.629999999999995
coordinate_global,Basin and Range basin-fill aquifers (BNRF),BNRFPAS1-30,BNRFPAS1-27,123.22850778549495,141.16
coordinate_global,Basin and Range basin-fill aquifers (BNRF),BNRFPAS1-32,BNRFPAS1-34,124.20470458843118,16.75999999999999
coordinate_global,Basin and Range basin-fill aquifers (BNRF),BNRFPAS1-34,COPLPAS1-09,325.68008577997597,62.5
coordinate_global,Basin and Range basin-fill aquifers (BNRF),BNRFPAS1-58,BNRFPAS1-40,86.31945393686178,64.02000000000001
coordinate_global,Basin and Range basin-fill aquifers (BNRF),BNRFPAS1-40,BNRFPAS1-54,145.03263344421788,54.87999999999997
coordinate_global,Basin and Range basin-fill aquifers (BNRF),BNRFPAS1-37,BNRFPAS1-32,70.08197084901708,141.77
coordinate_global,Basin and Range basin-fill aquifers (BNRF),BNRFPAS1-51,BNRFPAS1-40,58.42775552277825,12.189999999999998
coordinate_global,Basin and Range basin-fill aquifers (BNRF),BNRFPAS1-65,BNRFPAS1-32,105.73399596252258,65.55000000000001
coordinate_global,Basin and Range basin-fill aquifers (BNRF),BNRFPAS1-67,BNRFPAS1-51,44.636821207371355,6.099999999999994
coordinate_global,Basin and Range basin-fill aquifers (BNRF),BNRFPAS1-54,BNRFPAS1-44,51.14912692490824,67.07000000000005
coordinate_global,Basin and Range basin-fill aquifers (BNRF),BNRFPAS1-05,BNRFPAS1-04,85.63535826471032,30.49000000000001
coordinate_global,Basin and Range basin-fill aquifers (BNRF),BNRFPAS1-70,BNRCPAS1-12,180.79431289958245,
coordinate_global,Basin and Range basin-fill aquifers (BNRF),BNRFPAS1-68,BNRFPAS1-42,65.22373056163332,125.29999999999998
coordinate_global,California Coastal Basin aquifers (CACB),CACBPAS1-06,CACBPAS1-36,43.36602139137797,245.11999999999998
coordinate_global,California Coastal Basin aquifers (CACB),CACBPAS1-55,CACBPAS1-51,130.60888205458332,61.58000000000001
coordinate_global,California Coastal Basin aquifers (CACB),CACBPAS1-36,BNRFPAS1-44,485.6550011683555,67.07000000000005
coordinate_global,California Coastal Basin aquifers (CACB),CACBPAS1-12,CACBPAS1-47,44.180537717737415,178.66
coordinate_global,California Coastal Basin aquifers (CACB),CACBPAS1-60,CACBPAS1-24,27.839377990104786,
coordinate_global,California Coastal Basin aquifers (CACB),CACBPAS1-51,CACBPAS1-47,146.76384169145896,9.759999999999991
coordinate_global,California Coastal Basin aquifers (CACB),CACBPAS1-44,CACBPAS1-36,32.69011406106123,170.72999999999996
coordinate_global,California Coastal Basin aquifers (CACB),CACBPAS1-24,CACBPAS1-28,21.94409730686231,
coordinate_global,California Coastal Basin aquifers (CACB),CACBPAS1-59,CACBPAS1-22,27.03433071444915,20.739999999999995
coordinate_global,California Coastal Basin aquifers (CACB),CACBPAS1-22,CACBPAS1-23,7.18524533141993,107.92000000000002
coordinate_global,California Coastal Basin aquifers (CACB),CACBPAS1-57,CACBPAS1-55,20.71593821257834,15.549999999999983
coordinate_global,California Coastal Basin aquifers (CACB),CACBPAS1-16,CACBPAS1-57,80.11061004734798,100.61000000000001
coordinate_global,California Coastal Basin aquifers (CACB),CACBPAS1-64,CVALPAS1-50,74.5081960419664,28.049999999999997
coordinate_global,California Coastal Basin aquifers (CACB),CACBPAS1-18,CACBPAS1-24,23.168082192584944,
coordinate_global,California Coastal Basin aquifers (CACB),CACBPAS1-87,CACBPAS1-23,98.39857546612345,97.56
coordinate_global,California Coastal Basin aquifers (CACB),CACBPAS1-21,CACBPAS1-28,11.792464762575692,402.44000000000005
coordinate_global,California Coastal Basin aquifers (CACB),CACBPAS1-71,CVALPAS1-49,265.6326584282955,45.74000000000001
coordinate_global,California Coastal Basin aquifers (CACB),CACBPAS1-02,BNRFPAS1-05,32.110865625229636,26.53
coordinate_global,California Coastal Basin aquifers (CACB),CACBPAS1-23,CACBPAS1-28,20.192629370436794,347.56000000000006
coordinate_global,California Coastal Basin aquifers (CACB),CACBPAS1-47,CACBPAS1-36,48.14720094253418,28.95999999999998
coordinate_global,California Coastal Basin aquifers (CACB),CACBPAS1-75,CACBPAS1-51,55.632510303627626,129.88
coordinate_global,California Coastal Basin aquifers (CACB),CACBPAS1-28,CACBPAS1-24,21.94409730686231,
coordinate_global,California Coastal Basin aquifers (CACB),CACBPAS1-19,CACBPAS1-18,37.45443374898437,187.19
coordinate_global,Central Valley aquifer system (CVAL),CVALPAS1-39,CVALPAS1-40,19.790647935890405,
coordinate_global,Central Valley aquifer system (CVAL),CVALPAS1-40,CVALPAS1-39,19.790647935890405,
coordinate_global,Central Valley aquifer system (CVAL),CVALPAS1-72,CVALPAS1-65,20.82285832950365,72.25000000000001
coordinate_global,Central Valley aquifer system (CVAL),CVALPAS1-49,BNRFPAS1-18,174.18277292224485,45.730000000000004
coordinate_global,Central Valley aquifer system (CVAL),CVALPAS1-65,CVALPAS1-39,38.40989441546143,
coordinate_global,Central Valley aquifer system (CVAL),CVALPAS1-67,CVALPAS1-65,28.036873732518803,43.59
coordinate_global,Central Valley aquifer system (CVAL),CVALPAS1-60,CVALPAS1-39,40.03504726938909,
coordinate_global,Central Valley aquifer system (CVAL),CVALPAS1-50,CVALPAS1-49,36.81312121254608,58.540000000000006
coordinate_global,Central Valley aquifer system (CVAL),CVALPAS1-18,CVALPAS1-39,110.75487580362103,
coordinate_global,High Plains aquifer (HPAQ),HPAQPAS1-22,HPAQPAS1-46,28.449090833553306,9.149999999999999
coordinate_global,High Plains aquifer (HPAQ),HPAQPAS1-31,HPAQPAS1-37,77.20343398038285,74.69999999999999
coordinate_global,High Plains aquifer (HPAQ),HPAQPAS1-04,HPAQPAS1-02,51.378286959674796,25.910000000000004
coordinate_global,High Plains aquifer (HPAQ),HPAQPAS1-52,HPAQPAS1-53,85.67974114653404,88.42000000000002
coordinate_global,High Plains aquifer (HPAQ),HPAQPAS1-45,HPAQPAS1-42,83.67470899231327,32.93000000000001
coordinate_global,High Plains aquifer (HPAQ),HPAQPAS1-48,HPAQPAS1-44,50.38917098403717,73.47
coordinate_global,High Plains aquifer (HPAQ),HPAQPAS1-17,HPAQPAS1-44,13.934708683321423,51.52
coordinate_global,High Plains aquifer (HPAQ),HPAQPAS1-56,HPAQPAS1-55,74.60674615521565,5.479999999999997
coordinate_global,High Plains aquifer (HPAQ),HPAQPAS1-64,HPAQPAS1-68,103.13501479696723,3.3499999999999943
coordinate_global,High Plains aquifer (HPAQ),HPAQPAS1-06,HPAQPAS1-09,147.8190438326512,15.240000000000009
coordinate_global,High Plains aquifer (HPAQ),HPAQPAS1-50,HPAQPAS1-49,110.34009906542337,34.760000000000005
coordinate_global,High Plains aquifer (HPAQ),HPAQPAS1-05,HPAQPAS1-06,27.920388148678203,48.779999999999994
coordinate_global,High Plains aquifer (HPAQ),HPAQPAS1-14,HPAQPAS1-15,20.83063460545668,50.30000000000001
coordinate_global,High Plains aquifer (HPAQ),HPAQPAS1-74,HPAQPAS1-72,134.52976507060401,60.360000000000014
coordinate_global,High Plains aquifer (HPAQ),HPAQPAS1-71,HPAQPAS1-69,50.652978299037784,5.789999999999999
coordinate_global,High Plains aquifer (HPAQ),HPAQPAS1-41,HPAQPAS1-26,57.01847966489396,18.289999999999996
coordinate_global,High Plains aquifer (HPAQ),HPAQPAS1-26,HPAQPAS1-27,60.283590931470805,68.6
coordinate_global,High Plains aquifer (HPAQ),HPAQPAS1-11,HPAQPAS1-07,40.442094028083844,31.71
coordinate_global,High Plains aquifer (HPAQ),HPAQPAS1-68,HPAQPAS1-78,237.468335587804,26.53
coordinate_global,High Plains aquifer (HPAQ),HPAQPAS1-57,HPAQPAS1-59,88.9004402897689,8.530000000000001
coordinate_global,High Plains aquifer (HPAQ),HPAQPAS1-20,HPAQPAS1-21,45.74403443213598,50.61
coordinate_global,High Plains aquifer (HPAQ),HPAQPAS1-46,HPAQPAS1-21,57.17860064277629,33.84
coordinate_global,High Plains aquifer (HPAQ),HPAQPAS1-23,HPAQPAS1-24,62.24199002301925,18.290000000000006
coordinate_global,High Plains aquifer (HPAQ),HPAQPAS1-72,HPAQPAS1-54,138.39708757652866,25.919999999999987
coordinate_global,High Plains aquifer (HPAQ),HPAQPAS1-39,HPAQPAS1-38,36.51824523513638,41.150000000000006
coordinate_global,High Plains aquifer (HPAQ),HPAQPAS1-42,HPAQPAS1-38,186.57495755030075,5.180000000000007
coordinate_global,High Plains aquifer (HPAQ),HPAQPAS1-49,HPAQPAS1-47,241.6879312378441,17.97999999999999
coordinate_global,High Plains aquifer (HPAQ),HPAQPAS1-47,HPAQPAS1-44,122.62209310851114,17.38000000000001
coordinate_global,High Plains aquifer (HPAQ),HPAQPAS1-09,HPAQPAS1-42,117.22206273178614,26.83
coordinate_global,High Plains aquifer (HPAQ),HPAQPAS1-54,RGAQPAS1-48,396.4050173793323,332.32000000000005
coordinate_global,High Plains aquifer (HPAQ),HPAQPAS1-07,HPAQPAS1-06,56.948142048363856,18.289999999999992
coordinate_global,High Plains aquifer (HPAQ),HPAQPAS1-19,HPAQPAS1-18,48.578177915070306,69.82000000000001
coordinate_global,High Plains aquifer (HPAQ),HPAQPAS1-59,HPAQPAS1-56,40.406092505667196,14.64
coordinate_global,High Plains aquifer (HPAQ),HPAQPAS1-78,HPAQPAS1-80,171.47554571108228,16.77000000000001
coordinate_global,High Plains aquifer (HPAQ),HPAQPAS1-40,HPAQPAS1-39,28.00375679520738,62.5
coordinate_global,High Plains aquifer (HPAQ),HPAQPAS1-55,HPAQPAS1-06,59.281992260551114,28.36
coordinate_global,High Plains aquifer (HPAQ),HPAQPAS1-02,HPAQPAS1-78,94.33816072304614,44.209999999999994
coordinate_global,High Plains aquifer (HPAQ),HPAQPAS1-10,HPAQPAS1-09,19.58712974223346,19.36
coordinate_global,High Plains aquifer (HPAQ),HPAQPAS1-16,HPAQPAS1-15,77.29381042606762,178.04000000000002
coordinate_global,High Plains aquifer (HPAQ),HPAQPAS1-33,HPAQPAS1-27,171.75416673547932,3.3499999999999943
coordinate_global,High Plains aquifer (HPAQ),HPAQPAS1-03,HPAQPAS1-02,58.55816724362392,19.050000000000004
coordinate_global,High Plains aquifer (HPAQ),HPAQPAS1-38,HPAQPAS1-14,447.0949097160173,12.199999999999989
coordinate_global,High Plains aquifer (HPAQ),HPAQPAS1-58,HPAQPAS1-06,133.61499377039092,10.670000000000002
coordinate_global,High Plains aquifer (HPAQ),HPAQPAS1-13,HPAQPAS1-27,38.70306041879685,16.769999999999996
coordinate_global,High Plains aquifer (HPAQ),HPAQPAS1-35,HPAQPAS1-37,53.340689890654815,62.5
coordinate_global,High Plains aquifer (HPAQ),HPAQPAS1-21,HPAQPAS1-42,92.23578536131768,71.34
coordinate_global,High Plains aquifer (HPAQ),HPAQPAS1-18,HPAQPAS1-38,71.84015262719095,6.090000000000003
coordinate_global,High Plains aquifer (HPAQ),HPAQPAS1-25,HPAQPAS1-37,57.682144225141364,12.810000000000002
coordinate_global,High Plains aquifer (HPAQ),HPAQPAS1-24,HPAQPAS1-39,109.32386656253223,3.969999999999999
coordinate_global,High Plains aquifer (HPAQ),HPAQPAS1-27,HPAQPAS1-14,135.08236547977936,38.11
coordinate_global,High Plains aquifer (HPAQ),HPAQPAS1-53,HPAQPAS1-54,62.04699832344905,33.22999999999999
coordinate_global,High Plains aquifer (HPAQ),HPAQPAS1-32,HPAQPAS1-33,39.78206665207747,14.939999999999998
coordinate_global,High Plains aquifer (HPAQ),HPAQPAS1-80,HPAQPAS1-54,111.32669795882691,45.72999999999999
coordinate_global,High Plains aquifer (HPAQ),HPAQPAS1-69,HPAQPAS1-68,64.19490401912147,13.409999999999997
coordinate_global,High Plains aquifer (HPAQ),HPAQPAS1-76,HPAQPAS1-80,81.60798929908611,9.760000000000005
coordinate_global,High Plains aquifer (HPAQ),HPAQPAS1-44,HPAQPAS1-18,88.4378659236433,25.310000000000002
coordinate_global,High Plains aquifer (HPAQ),HPAQPAS1-37,HPAQPAS1-38,144.71330055327343,36.58000000000001
coordinate_global,High Plains aquifer (HPAQ),HPAQPAS1-60,HPAQPAS1-72,60.831383468955046,68.29
coordinate_global,High Plains aquifer (HPAQ),HPAQPAS1-63,HPAQPAS1-54,54.21087830407649,74.7
coordinate_global,High Plains aquifer (HPAQ),HPAQPAS1-15,RGAQPAS1-47,470.242467523842,10.669999999999987
coordinate_global,Rio Grande aquifer system (RIOG),RGAQPAS1-36,RGAQPAS1-14,32.15889538715409,51.83
coordinate_global,Rio Grande aquifer system (RIOG),RGAQPAS1-44,RGAQPAS1-36,10.047541232158775,16.77
coordinate_global,Rio Grande aquifer system (RIOG),RGAQPAS1-47,RGAQPAS1-48,75.30014485481968,285.07000000000005
coordinate_global,Rio Grande aquifer system (RIOG),RGAQPAS1-33,RGAQPAS1-16,292.16819171035985,0.3100000000000023
coordinate_global,Rio Grande aquifer system (RIOG),RGAQPAS1-10,COPLPAS1-40,154.7386277589988,
coordinate_global,Rio Grande aquifer system (RIOG),RGAQPAS1-55,RGAQPAS1-29,29.880996924282336,39.629999999999995
coordinate_global,Rio Grande aquifer system (RIOG),RGAQPAS1-24,RGAQPAS1-16,27.932073680443068,24.69999999999999
coordinate_global,Rio Grande aquifer system (RIOG),RGAQPAS1-25,RGAQPAS1-27,7.8379607814773555,82.63
coordinate_global,Rio Grande aquifer system (RIOG),RGAQPAS1-03,RGAQPAS1-30,20.213157215501692,28.960000000000008
coordinate_global,Rio Grande aquifer system (RIOG),RGAQPAS1-21,RGAQPAS1-24,39.35830403073122,94.50999999999999
coordinate_global,Rio Grande aquifer system (RIOG),RGAQPAS1-22,RGAQPAS1-24,11.296672039953462,29.269999999999982
coordinate_global,Rio Grande aquifer system (RIOG),RGAQPAS1-01,RGAQPAS1-06,55.241317095720184,45.72999999999999
coordinate_global,Rio Grande aquifer system (RIOG),RGAQPAS1-16,RGAQPAS1-10,70.91897993745849,310.67
coordinate_global,Rio Grande aquifer system (RIOG),RGAQPAS1-43,RGAQPAS1-10,35.6646005762333,384.15
coordinate_global,Rio Grande aquifer system (RIOG),RGAQPAS1-02,RGAQPAS1-06,90.45054319057725,45.72999999999999
coordinate_global,Rio Grande aquifer system (RIOG),RGAQPAS1-07,RGAQPAS1-06,26.70317445718551,153.04
coordinate_global,Rio Grande aquifer system (RIOG),RGAQPAS1-13,RGAQPAS1-10,21.60509372728445,533.54
coordinate_global,Rio Grande aquifer system (RIOG),RGAQPAS1-12,RGAQPAS1-13,4.300794514049634,12.5
coordinate_global,Rio Grande aquifer system (RIOG),RGAQPAS1-06,RGAQPAS1-29,106.3628585344647,9.150000000000006
coordinate_global,Rio Grande aquifer system (RIOG),RGAQPAS1-14,RGAQPAS1-43,34.17046246947289,149.39000000000001
coordinate_global,Rio Grande aquifer system (RIOG),RGAQPAS1-11,RGAQPAS1-01,2.912456428517281,20.120000000000005
coordinate_global,Rio Grande aquifer system (RIOG),RGAQPAS1-26,RGAQPAS1-10,34.77353510579187,518.3
coordinate_global,Rio Grande aquifer system (RIOG),RGAQPAS1-34,RGAQPAS1-29,40.30568298899695,12.189999999999998
coordinate_global,Rio Grande aquifer system (RIOG),RGAQPAS1-29,RGAQPAS1-33,93.77207193342522,76.21999999999997
coordinate_global,Rio Grande aquifer system (RIOG),RGAQPAS1-30,RGAQPAS1-34,28.145921365721406,1.5300000000000011
coordinate_global,Rio Grande aquifer system (RIOG),RGAQPAS1-41,RGAQPAS1-21,14.124647891929348,26.22
coordinate_global,Rio Grande aquifer system (RIOG),RGAQPAS1-48,COPLPAS1-36,110.99202007514401,96.34000000000003
coordinate_global,Rio Grande aquifer system (RIOG),RGAQPAS1-54,RGAQPAS1-55,42.361343891083,51.83000000000001
coordinate_global,Rio Grande aquifer system (RIOG),RGAQPAS1-60,RGAQPAS1-48,30.654196678978735,215.25
coordinate_global,Rio Grande aquifer system (RIOG),RGAQPAS1-27,RGAQPAS1-41,69.81567366761497,3.960000000000008
depth_constrained,Basin and Range basin-fill aquifers (BNRF),BNRFPAS1-43,BNRFPAS1-44,46.954000838837956,128.05
depth_constrained,Basin and Range basin-fill aquifers (BNRF),BNRFPAS1-73,BNRFPAS1-70,31.074668361691916,55.790000000000006
depth_constrained,Basin and Range basin-fill aquifers (BNRF),BNRFPAS1-77,BNRFPAS1-71,54.77938851296337,40.55
depth_constrained,Basin and Range basin-fill aquifers (BNRF),BNRFPAS1-69,BNRFPAS1-70,151.63075019623,9.140000000000015
depth_constrained,Basin and Range basin-fill aquifers (BNRF),BNRFPAS1-12,BNRFPAS1-13,77.28115379556026,127.74000000000001
depth_constrained,Basin and Range basin-fill aquifers (BNRF),BNRFPAS1-55,BNRFPAS1-67,75.29232510762124,103.66000000000001
depth_constrained,Basin and Range basin-fill aquifers (BNRF),BNRFPAS1-09,BNRFPAS1-05,59.223482113956436,157.93
depth_constrained,Basin and Range basin-fill aquifers (BNRF),BNRFPAS1-27,BNRFPAS1-34,472.2561135506591,43.28999999999999
depth_constrained,Basin and Range basin-fill aquifers (BNRF),BNRFPAS1-18,BNRFPAS1-19,55.151595673329226,69.50999999999999
depth_constrained,Basin and Range basin-fill aquifers (BNRF),BNRFPAS1-42,BNRFPAS1-44,100.6796818904531,112.50000000000003
depth_constrained,Basin and Range basin-fill aquifers (BNRF),BNRFPAS1-04,BNRFPAS1-34,388.77448350365165,6.089999999999975
depth_constrained,Basin and Range basin-fill aquifers (BNRF),BNRFPAS1-13,BNRFPAS1-04,217.06923065098266,39.640000000000015
depth_constrained,Basin and Range basin-fill aquifers (BNRF),BNRFPAS1-28,BNRFPAS1-27,159.49018552608354,93.9
depth_constrained,Basin and Range basin-fill aquifers (BNRF),BNRFPAS1-17,BNRFPAS1-37,102.49422326752409,65.55
depth_constrained,Basin and Range basin-fill aquifers (BNRF),BNRFPAS1-02,BNRFPAS1-04,93.55125858840502,128.05
depth_constrained,Basin and Range basin-fill aquifers (BNRF),BNRFPAS1-22,BNRFPAS1-19,235.42499068410052,136.59
depth_constrained,Basin and Range basin-fill aquifers (BNRF),BNRFPAS1-19,BNRFPAS1-27,343.2908997673025,21.340000000000003
depth_constrained,Basin and Range basin-fill aquifers (BNRF),BNRFPAS1-21,BNRFPAS1-19,62.501941478677054,118.29
depth_constrained,Basin and Range basin-fill aquifers (BNRF),BNRFPAS1-53,BNRFPAS1-42,60.199545021497315,39.629999999999995
depth_constrained,Basin and Range basin-fill aquifers (BNRF),BNRFPAS1-30,BNRFPAS1-27,123.22850778549495,141.16
depth_constrained,Basin and Range basin-fill aquifers (BNRF),BNRFPAS1-32,BNRFPAS1-34,124.20470458843118,16.75999999999999
depth_constrained,Basin and Range basin-fill aquifers (BNRF),BNRFPAS1-34,BNRFPAS1-44,407.7027337705271,76.22000000000003
depth_constrained,Basin and Range basin-fill aquifers (BNRF),BNRFPAS1-58,BNRFPAS1-40,86.31945393686178,64.02000000000001
depth_constrained,Basin and Range basin-fill aquifers (BNRF),BNRFPAS1-40,BNRFPAS1-54,145.03263344421788,54.87999999999997
depth_constrained,Basin and Range basin-fill aquifers (BNRF),BNRFPAS1-37,BNRFPAS1-32,70.08197084901708,141.77
depth_constrained,Basin and Range basin-fill aquifers (BNRF),BNRFPAS1-51,BNRFPAS1-40,58.42775552277825,12.189999999999998
depth_constrained,Basin and Range basin-fill aquifers (BNRF),BNRFPAS1-65,BNRFPAS1-32,105.73399596252258,65.55000000000001
depth_constrained,Basin and Range basin-fill aquifers (BNRF),BNRFPAS1-67,BNRFPAS1-51,44.636821207371355,6.099999999999994
depth_constrained,Basin and Range basin-fill aquifers (BNRF),BNRFPAS1-54,BNRFPAS1-44,51.14912692490824,67.07000000000005
depth_constrained,Basin and Range basin-fill aquifers (BNRF),BNRFPAS1-05,BNRFPAS1-04,85.63535826471032,30.49000000000001
depth_constrained,Basin and Range basin-fill aquifers (BNRF),BNRFPAS1-70,BNRFPAS1-27,304.0482506807527,89.94
depth_constrained,Basin and Range basin-fill aquifers (BNRF),BNRFPAS1-68,BNRFPAS1-42,65.22373056163332,125.29999999999998
depth_constrained,Biscayne aquifer (BISC),BISCPAS1-05,BISCPAS1-08,6.745781613284063,11.89
depth_constrained,Biscayne aquifer (BISC),BISCPAS1-22,BISCPAS1-21,4.447797065782255,15.25
depth_constrained,California Coastal Basin aquifers (CACB),CACBPAS1-55,CACBPAS1-51,130.60888205458332,61.58000000000001
depth_constrained,California Coastal Basin aquifers (CACB),CACBPAS1-12,CACBPAS1-47,44.180537717737415,178.66
depth_constrained,California Coastal Basin aquifers (CACB),CACBPAS1-51,CACBPAS1-47,146.76384169145896,9.759999999999991
depth_constrained,California Coastal Basin aquifers (CACB),CACBPAS1-44,CACBPAS1-36,32.69011406106123,170.72999999999996
depth_constrained,California Coastal Basin aquifers (CACB),CACBPAS1-59,CACBPAS1-22,27.03433071444915,20.739999999999995
depth_constrained,California Coastal Basin aquifers (CACB),CACBPAS1-22,CACBPAS1-23,7.18524533141993,107.92000000000002
depth_constrained,California Coastal Basin aquifers (CACB),CACBPAS1-57,CACBPAS1-55,20.71593821257834,15.549999999999983
depth_constrained,California Coastal Basin aquifers (CACB),CACBPAS1-16,CACBPAS1-57,80.11061004734798,100.61000000000001
depth_constrained,California Coastal Basin aquifers (CACB),CACBPAS1-64,CACBPAS1-87,127.96151033944646,123.17
depth_constrained,California Coastal Basin aquifers (CACB),CACBPAS1-87,CACBPAS1-23,98.39857546612345,97.56
depth_constrained,California Coastal Basin aquifers (CACB),CACBPAS1-71,CACBPAS1-87,392.3310670283435,82.32000000000001
depth_constrained,California Coastal Basin aquifers (CACB),CACBPAS1-02,CACBPAS1-36,82.89463094726106,72.25999999999996
depth_constrained,California Coastal Basin aquifers (CACB),CACBPAS1-47,CACBPAS1-36,48.14720094253418,28.95999999999998
depth_constrained,California Coastal Basin aquifers (CACB),CACBPAS1-75,CACBPAS1-51,55.632510303627626,129.88
depth_constrained,California Coastal Basin aquifers (CACB),CACBPAS1-19,CACBPAS1-18,37.45443374898437,187.19
depth_constrained,Cambrian-Ordovician aquifer system (CMOR),CMORPAS1-12,CMORPAS1-47,361.85780274057566,188.71999999999997
depth_constrained,Cambrian-Ordovician aquifer system (CMOR),CMORPAS1-09,CMORPAS1-12,247.47632688581504,130.49
depth_constrained,Cambrian-Ordovician aquifer system (CMOR),CMORPAS1-25,CMORPAS1-09,119.99822762730591,9.449999999999989
depth_constrained,Cambrian-Ordovician aquifer system (CMOR),CMORPAS1-37,CMORPAS1-25,66.50287793998615,68.29
depth_constrained,Central Valley aquifer system (CVAL),CVALPAS1-72,CVALPAS1-65,20.82285832950365,72.25000000000001
depth_constrained,Central Valley aquifer system (CVAL),CVALPAS1-49,CVALPAS1-65,215.94314439782596,69.2
depth_constrained,Central Valley aquifer system (CVAL),CVALPAS1-67,CVALPAS1-65,28.036873732518803,43.59
depth_constrained,Central Valley aquifer system (CVAL),CVALPAS1-50,CVALPAS1-49,36.81312121254608,58.540000000000006
depth_constrained,Colorado Plateaus aquifers (COPL),COPLPAS1-28,COPLPAS1-27,70.0517948469295,42.68000000000001
depth_constrained,Colorado Plateaus aquifers (COPL),COPLPAS1-34,COPLPAS1-27,38.874824121263146,37.81
depth_constrained,Colorado Plateaus aquifers (COPL),COPLPAS1-30,COPLPAS1-27,171.6303157298106,13.719999999999999
depth_constrained,Colorado Plateaus aquifers (COPL),COPLPAS1-05,COPLPAS1-09,102.64176196618466,50.0
depth_constrained,Colorado Plateaus aquifers (COPL),COPLPAS1-21,COPLPAS1-17,14.381519697157842,32.93000000000001
depth_constrained,Colorado Plateaus aquifers (COPL),COPLPAS1-58,COPLPAS1-17,354.04483797964957,9.150000000000006
depth_constrained,Colorado Plateaus aquifers (COPL),COPLPAS1-17,COPLPAS1-30,201.96885297643811,80.78999999999999
depth_constrained,Columbia Plateau basaltic-rock aquifers (CLPT),CLPTPAS1-14,CLPTPAS1-09,76.83564877649857,62.5
depth_constrained,Columbia Plateau basaltic-rock aquifers (CLPT),CLPTPAS1-09,CLPTPAS1-27,98.71569944184431,60.059999999999974
depth_constrained,Columbia Plateau basaltic-rock aquifers (CLPT),CLPTPAS1-48,CLPTPAS1-30,12.255811639456823,62.79999999999998
depth_constrained,Columbia Plateau basaltic-rock aquifers (CLPT),CLPTPAS1-34,CLPTPAS1-50,53.658594305544796,7.310000000000002
depth_constrained,Columbia Plateau basaltic-rock aquifers (CLPT),CLPTPAS1-54,CLPTPAS1-50,28.367298243536904,53.04000000000002
depth_constrained,Columbia Plateau basaltic-rock aquifers (CLPT),CLPTPAS1-45,CLPTPAS1-54,48.044811692500765,91.47
depth_constrained,Columbia Plateau basaltic-rock aquifers (CLPT),CLPTPAS1-49,CLPTPAS1-54,43.5093581645655,112.80999999999999
depth_constrained,Columbia Plateau basaltic-rock aquifers (CLPT),CLPTPAS1-06,CLPTPAS1-05,11.27145159915439,67.07
depth_constrained,Columbia Plateau basaltic-rock aquifers (CLPT),CLPTPAS1-24,CLPTPAS1-14,60.35581229040777,94.51
depth_constrained,Columbia Plateau basaltic-rock aquifers (CLPT),CLPTPAS1-44,CLPTPAS1-47,40.5269321100138,48.170000000000016
depth_constrained,Columbia Plateau basaltic-rock aquifers (CLPT),CLPTPAS1-28,CLPTPAS1-30,20.363921913062157,59.75
depth_constrained,Columbia Plateau basaltic-rock aquifers (CLPT),CLPTPAS1-41,CLPTPAS1-39,31.936815717976728,80.48999999999998
depth_constrained,Columbia Plateau basaltic-rock aquifers (CLPT),CLPTPAS1-23,CLPTPAS1-14,30.797835439973174,171.03
depth_constrained,Columbia Plateau basaltic-rock aquifers (CLPT),CLPTPAS1-29,CLPTPAS1-28,21.634494070728802,8.539999999999992
depth_constrained,Columbia Plateau basaltic-rock aquifers (CLPT),CLPTPAS1-30,CLPTPAS1-31,0.0,24.090000000000003
depth_constrained,Columbia Plateau basaltic-rock aquifers (CLPT),CLPTPAS1-33,CLPTPAS1-34,15.740047147133176,109.76
depth_constrained,Columbia Plateau basaltic-rock aquifers (CLPT),CLPTPAS1-50,CLPTPAS1-02,133.3930868903642,86.27999999999997
depth_constrained,Columbia Plateau basaltic-rock aquifers (CLPT),CLPTPAS1-13,CLPTPAS1-05,78.40655313971943,35.06
depth_constrained,Columbia Plateau basaltic-rock aquifers (CLPT),CLPTPAS1-52,CLPTPAS1-47,48.58150046232421,93.9
depth_constrained,Columbia Plateau basaltic-rock aquifers (CLPT),CLPTPAS1-26,CLPTPAS1-27,1.8926248785451871,198.16999999999996
depth_constrained,Columbia Plateau basaltic-rock aquifers (CLPT),CLPTPAS1-20,CLPTPAS1-24,56.32776500986382,7.6200000000000045
depth_constrained,Columbia Plateau basaltic-rock aquifers (CLPT),CLPTPAS1-46,CLPTPAS1-47,38.455785547733214,82.62000000000002
depth_constrained,Columbia Plateau basaltic-rock aquifers (CLPT),CLPTPAS1-39,CLPTPAS1-38,25.55307119663444,138.71000000000004
depth_constrained,Columbia Plateau basaltic-rock aquifers (CLPT),CLPTPAS1-53,CLPTPAS1-50,26.798587064835356,86.58000000000001
depth_constrained,Edwards-Trinity aquifer system (EDTR),EDTRPAS1-33,EDTRPAS1-34,18.418820824528975,23.78000000000003
depth_constrained,Edwards-Trinity aquifer system (EDTR),EDTRPAS1-42,EDTRPAS1-24,284.56283722101745,143.89999999999998
depth_constrained,Edwards-Trinity aquifer system (EDTR),EDTRPAS1-34,EDTRPAS1-42,34.769777725241546,52.74000000000001
depth_constrained,Edwards-Trinity aquifer system (EDTR),EDTRPAS1-10,EDTRPAS1-45,39.53126983879395,18.289999999999992
depth_constrained,Edwards-Trinity aquifer system (EDTR),EDTRPAS1-27,EDTRPAS1-23,115.42171173079889,140.85000000000002
depth_constrained,Edwards-Trinity aquifer system (EDTR),EDTRPAS1-61,EDTRPAS1-27,139.4000510370152,65.55
depth_constrained,Floridan aquifer system (FLOR),FLORPAS1-18,FLORPAS1-17,79.01643222085518,139.33
depth_constrained,Floridan aquifer system (FLOR),FLORPAS1-20,FLORPAS1-21,63.282044717935186,140.24
depth_constrained,Floridan aquifer system (FLOR),FLORPAS1-19,FLORPAS1-17,24.2703807790488,176.52
depth_constrained,Floridan aquifer system (FLOR),FLORPAS1-53,FLORPAS1-52,22.101296689568976,10.36
depth_constrained,Floridan aquifer system (FLOR),FLORPAS1-28,FLORPAS1-32,104.17306595676835,59.45
depth_constrained,Floridan aquifer system (FLOR),FLORPAS1-56,FLORPAS1-21,81.87809979072456,51.21000000000001
depth_constrained,Floridan aquifer system (FLOR),FLORPAS1-36,FLORPAS1-56,109.45659312542011,12.199999999999989
depth_constrained,Floridan aquifer system (FLOR),FLORPAS1-38,FLORPAS1-56,42.58499756928214,70.74
depth_constrained,Floridan aquifer system (FLOR),FLORPAS1-21,FLORPAS1-17,8.716354652614303,17.99000000000001
depth_constrained,Floridan aquifer system (FLOR),FLORPAS1-31,FLORPAS1-52,66.38388719497613,58.839999999999996
depth_constrained,Floridan aquifer system (FLOR),FLORPAS1-54,FLORPAS1-30,48.692219469057704,65.55000000000001
depth_constrained,Floridan aquifer system (FLOR),FLORPAS1-30,FLORPAS1-36,40.064112931987594,41.16
depth_constrained,Floridan aquifer system (FLOR),FLORPAS1-32,FLORPAS1-36,129.00967581408966,28.049999999999997
depth_constrained,High Plains aquifer (HPAQ),HPAQPAS1-22,HPAQPAS1-46,28.449090833553306,9.149999999999999
depth_constrained,High Plains aquifer (HPAQ),HPAQPAS1-31,HPAQPAS1-37,77.20343398038285,74.69999999999999
depth_constrained,High Plains aquifer (HPAQ),HPAQPAS1-04,HPAQPAS1-02,51.378286959674796,25.910000000000004
depth_constrained,High Plains aquifer (HPAQ),HPAQPAS1-52,HPAQPAS1-53,85.67974114653404,88.42000000000002
depth_constrained,High Plains aquifer (HPAQ),HPAQPAS1-45,HPAQPAS1-42,83.67470899231327,32.93000000000001
depth_constrained,High Plains aquifer (HPAQ),HPAQPAS1-48,HPAQPAS1-44,50.38917098403717,73.47
depth_constrained,High Plains aquifer (HPAQ),HPAQPAS1-17,HPAQPAS1-44,13.934708683321423,51.52
depth_constrained,High Plains aquifer (HPAQ),HPAQPAS1-56,HPAQPAS1-55,74.60674615521565,5.479999999999997
depth_constrained,High Plains aquifer (HPAQ),HPAQPAS1-06,HPAQPAS1-09,147.8190438326512,15.240000000000009
depth_constrained,High Plains aquifer (HPAQ),HPAQPAS1-50,HPAQPAS1-49,110.34009906542337,34.760000000000005
depth_constrained,High Plains aquifer (HPAQ),HPAQPAS1-05,HPAQPAS1-06,27.920388148678203,48.779999999999994
depth_constrained,High Plains aquifer (HPAQ),HPAQPAS1-14,HPAQPAS1-15,20.83063460545668,50.30000000000001
depth_constrained,High Plains aquifer (HPAQ),HPAQPAS1-74,HPAQPAS1-72,134.52976507060401,60.360000000000014
depth_constrained,High Plains aquifer (HPAQ),HPAQPAS1-71,HPAQPAS1-69,50.652978299037784,5.789999999999999
depth_constrained,High Plains aquifer (HPAQ),HPAQPAS1-41,HPAQPAS1-26,57.01847966489396,18.289999999999996
depth_constrained,High Plains aquifer (HPAQ),HPAQPAS1-26,HPAQPAS1-27,60.283590931470805,68.6
depth_constrained,High Plains aquifer (HPAQ),HPAQPAS1-11,HPAQPAS1-07,40.442094028083844,31.71
depth_constrained,High Plains aquifer (HPAQ),HPAQPAS1-68,HPAQPAS1-78,237.468335587804,26.53
depth_constrained,High Plains aquifer (HPAQ),HPAQPAS1-57,HPAQPAS1-59,88.9004402897689,8.530000000000001
depth_constrained,High Plains aquifer (HPAQ),HPAQPAS1-20,HPAQPAS1-21,45.74403443213598,50.61
depth_constrained,High Plains aquifer (HPAQ),HPAQPAS1-46,HPAQPAS1-21,57.17860064277629,33.84
depth_constrained,High Plains aquifer (HPAQ),HPAQPAS1-23,HPAQPAS1-24,62.24199002301925,18.290000000000006
depth_constrained,High Plains aquifer (HPAQ),HPAQPAS1-72,HPAQPAS1-54,138.39708757652866,25.919999999999987
depth_constrained,High Plains aquifer (HPAQ),HPAQPAS1-39,HPAQPAS1-38,36.51824523513638,41.150000000000006
depth_constrained,High Plains aquifer (HPAQ),HPAQPAS1-42,HPAQPAS1-38,186.57495755030075,5.180000000000007
depth_constrained,High Plains aquifer (HPAQ),HPAQPAS1-49,HPAQPAS1-47,241.6879312378441,17.97999999999999
depth_constrained,High Plains aquifer (HPAQ),HPAQPAS1-47,HPAQPAS1-44,122.62209310851114,17.38000000000001
depth_constrained,High Plains aquifer (HPAQ),HPAQPAS1-09,HPAQPAS1-42,117.22206273178614,26.83
depth_constrained,High Plains aquifer (HPAQ),HPAQPAS1-54,HPAQPAS1-15,641.107880218494,36.58000000000001
depth_constrained,High Plains aquifer (HPAQ),HPAQPAS1-07,HPAQPAS1-06,56.948142048363856,18.289999999999992
depth_constrained,High Plains aquifer (HPAQ),HPAQPAS1-19,HPAQPAS1-18,48.578177915070306,69.82000000000001
depth_constrained,High Plains aquifer (HPAQ),HPAQPAS1-59,HPAQPAS1-56,40.406092505667196,14.64
depth_constrained,High Plains aquifer (HPAQ),HPAQPAS1-78,HPAQPAS1-80,171.47554571108228,16.77000000000001
depth_constrained,High Plains aquifer (HPAQ),HPAQPAS1-40,HPAQPAS1-39,28.00375679520738,62.5
depth_constrained,High Plains aquifer (HPAQ),HPAQPAS1-55,HPAQPAS1-06,59.281992260551114,28.36
depth_constrained,High Plains aquifer (HPAQ),HPAQPAS1-02,HPAQPAS1-78,94.33816072304614,44.209999999999994
depth_constrained,High Plains aquifer (HPAQ),HPAQPAS1-10,HPAQPAS1-09,19.58712974223346,19.36
depth_constrained,High Plains aquifer (HPAQ),HPAQPAS1-16,HPAQPAS1-15,77.29381042606762,178.04000000000002
depth_constrained,High Plains aquifer (HPAQ),HPAQPAS1-03,HPAQPAS1-02,58.55816724362392,19.050000000000004
depth_constrained,High Plains aquifer (HPAQ),HPAQPAS1-38,HPAQPAS1-14,447.0949097160173,12.199999999999989
depth_constrained,High Plains aquifer (HPAQ),HPAQPAS1-58,HPAQPAS1-06,133.61499377039092,10.670000000000002
depth_constrained,High Plains aquifer (HPAQ),HPAQPAS1-13,HPAQPAS1-27,38.70306041879685,16.769999999999996
depth_constrained,High Plains aquifer (HPAQ),HPAQPAS1-35,HPAQPAS1-37,53.340689890654815,62.5
depth_constrained,High Plains aquifer (HPAQ),HPAQPAS1-21,HPAQPAS1-42,92.23578536131768,71.34
depth_constrained,High Plains aquifer (HPAQ),HPAQPAS1-18,HPAQPAS1-38,71.84015262719095,6.090000000000003
depth_constrained,High Plains aquifer (HPAQ),HPAQPAS1-25,HPAQPAS1-37,57.682144225141364,12.810000000000002
depth_constrained,High Plains aquifer (HPAQ),HPAQPAS1-27,HPAQPAS1-14,135.08236547977936,38.11
depth_constrained,High Plains aquifer (HPAQ),HPAQPAS1-53,HPAQPAS1-54,62.04699832344905,33.22999999999999
depth_constrained,High Plains aquifer (HPAQ),HPAQPAS1-32,HPAQPAS1-33,39.78206665207747,14.939999999999998
depth_constrained,High Plains aquifer (HPAQ),HPAQPAS1-80,HPAQPAS1-54,111.32669795882691,45.72999999999999
depth_constrained,High Plains aquifer (HPAQ),HPAQPAS1-69,HPAQPAS1-68,64.19490401912147,13.409999999999997
depth_constrained,High Plains aquifer (HPAQ),HPAQPAS1-76,HPAQPAS1-80,81.60798929908611,9.760000000000005
depth_constrained,High Plains aquifer (HPAQ),HPAQPAS1-44,HPAQPAS1-18,88.4378659236433,25.310000000000002
depth_constrained,High Plains aquifer (HPAQ),HPAQPAS1-37,HPAQPAS1-38,144.71330055327343,36.58000000000001
depth_constrained,High Plains aquifer (HPAQ),HPAQPAS1-60,HPAQPAS1-72,60.831383468955046,68.29
depth_constrained,High Plains aquifer (HPAQ),HPAQPAS1-63,HPAQPAS1-54,54.21087830407649,74.7
depth_constrained,Northern Atlantic Coastal Plain aquifer system (NACP),NACPPASGA-44,NACPPASGB-06,152.71333805592084,19.200000000000003
depth_constrained,Northern Atlantic Coastal Plain aquifer system (NACP),NACPPASGA-43,NACPPASGA-44,31.770214870110088,5.190000000000005
depth_constrained,Northern Atlantic Coastal Plain aquifer system (NACP),NACPPASGA-16,NACPPASGB-06,101.57456621496887,44.2
depth_constrained,Northern Atlantic Coastal Plain aquifer system (NACP),NACPPASGA-32,NACPPASGA-44,53.69468348757093,29.580000000000005
depth_constrained,Ozark Plateaus aquifer system (OZRK),OZRKPAS1-09,OZRKPAS1-16,33.761676815900906,78.65999999999997
depth_constrained,Ozark Plateaus aquifer system (OZRK),OZRKPAS1-16,OZRKPAS1-10,33.22589541070674,50.920000000000016
depth_constrained,Ozark Plateaus aquifer system (OZRK),OZRKPAS1-06,OZRKPAS1-07,78.74624020403589,52.75
depth_constrained,Ozark Plateaus aquifer system (OZRK),OZRKPAS1-34,OZRKPAS1-16,167.36366273213997,51.21999999999997
depth_constrained,Ozark Plateaus aquifer system (OZRK),OZRKPAS1-07,OZRKPAS1-09,40.21128266145906,134.14000000000001
depth_constrained,Ozark Plateaus aquifer system (OZRK),OZRKPAS1-11,OZRKPAS1-10,41.24569823763629,67.07999999999998
depth_constrained,Piedmont and Blue Ridge crystalline-rock aquifers (PDBR),PDBRPAS1-02,PDBRPAS1-06,182.25648151351115,94.51999999999998
depth_constrained,Piedmont and Blue Ridge crystalline-rock aquifers (PDBR),PDBRPAS1-04,PDBRPAS1-02,46.32091163398719,128.05
depth_constrained,Piedmont and Blue Ridge crystalline-rock aquifers (PDBR),PDBRPAS1-11,PDBRPAS1-06,180.7528401064657,168.6
depth_constrained,Piedmont and Blue Ridge crystalline-rock aquifers (PDBR),PDBRPAS1-14,PDBRPAS1-02,56.10462430981453,62.5
depth_constrained,Piedmont and Blue Ridge crystalline-rock aquifers (PDBR),PDBRPAS1-09,PDBRPAS1-06,89.20787886303428,95.42999999999998
depth_constrained,Piedmont and Blue Ridge crystalline-rock aquifers (PDBR),PDBRPAS1-28,PDBRPAS1-32,60.001191970160065,135.67
depth_constrained,Piedmont and Blue Ridge crystalline-rock aquifers (PDBR),PDBRPAS1-39,PDBRPAS1-32,60.04538989469715,24.389999999999986
depth_constrained,Piedmont and Blue Ridge crystalline-rock aquifers (PDBR),PDBRPAS1-44,PDBRPAS1-11,80.53104454944429,8.22999999999999
depth_constrained,Piedmont and Blue Ridge crystalline-rock aquifers (PDBR),PDBRPAS1-51,PDBRPAS1-50,46.70186919071486,43.599999999999994
depth_constrained,Piedmont and Blue Ridge crystalline-rock aquifers (PDBR),PDBRPAS1-20,PDBRPAS1-50,146.80486726570763,8.539999999999992
depth_constrained,Piedmont and Blue Ridge crystalline-rock aquifers (PDBR),PDBRPAS1-24,PDBRPAS1-06,134.63181233579095,164.64
depth_constrained,Piedmont and Blue Ridge crystalline-rock aquifers (PDBR),PDBRPAS1-01,PDBRPAS1-14,63.73812056344848,13.720000000000013
depth_constrained,Piedmont and Blue Ridge crystalline-rock aquifers (PDBR),PDBRPAS1-22,PDBRPAS1-24,136.56016228251386,50.300000000000004
depth_constrained,Rio Grande aquifer system (RIOG),RGAQPAS1-36,RGAQPAS1-14,32.15889538715409,51.83
depth_constrained,Rio Grande aquifer system (RIOG),RGAQPAS1-44,RGAQPAS1-36,10.047541232158775,16.77
depth_constrained,Rio Grande aquifer system (RIOG),RGAQPAS1-55,RGAQPAS1-29,29.880996924282336,39.629999999999995
depth_constrained,Rio Grande aquifer system (RIOG),RGAQPAS1-24,RGAQPAS1-16,27.932073680443068,24.69999999999999
depth_constrained,Rio Grande aquifer system (RIOG),RGAQPAS1-25,RGAQPAS1-27,7.8379607814773555,82.63
depth_constrained,Rio Grande aquifer system (RIOG),RGAQPAS1-03,RGAQPAS1-30,20.213157215501692,28.960000000000008
depth_constrained,Rio Grande aquifer system (RIOG),RGAQPAS1-21,RGAQPAS1-24,39.35830403073122,94.50999999999999
depth_constrained,Rio Grande aquifer system (RIOG),RGAQPAS1-22,RGAQPAS1-24,11.296672039953462,29.269999999999982
depth_constrained,Rio Grande aquifer system (RIOG),RGAQPAS1-01,RGAQPAS1-06,55.241317095720184,45.72999999999999
depth_constrained,Rio Grande aquifer system (RIOG),RGAQPAS1-02,RGAQPAS1-06,90.45054319057725,45.72999999999999
depth_constrained,Rio Grande aquifer system (RIOG),RGAQPAS1-07,RGAQPAS1-06,26.70317445718551,153.04
depth_constrained,Rio Grande aquifer system (RIOG),RGAQPAS1-12,RGAQPAS1-13,4.300794514049634,12.5
depth_constrained,Rio Grande aquifer system (RIOG),RGAQPAS1-06,RGAQPAS1-29,106.3628585344647,9.150000000000006
depth_constrained,Rio Grande aquifer system (RIOG),RGAQPAS1-14,RGAQPAS1-43,34.17046246947289,149.39000000000001
depth_constrained,Rio Grande aquifer system (RIOG),RGAQPAS1-11,RGAQPAS1-01,2.912456428517281,20.120000000000005
depth_constrained,Rio Grande aquifer system (RIOG),RGAQPAS1-34,RGAQPAS1-29,40.30568298899695,12.189999999999998
depth_constrained,Rio Grande aquifer system (RIOG),RGAQPAS1-29,RGAQPAS1-33,93.77207193342522,76.21999999999997
depth_constrained,Rio Grande aquifer system (RIOG),RGAQPAS1-41,RGAQPAS1-21,14.124647891929348,26.22
depth_constrained,Rio Grande aquifer system (RIOG),RGAQPAS1-48,RGAQPAS1-10,193.68506691338425,111.27999999999997
depth_constrained,Rio Grande aquifer system (RIOG),RGAQPAS1-54,RGAQPAS1-55,42.361343891083,51.83000000000001
depth_constrained,Valley and Ridge and Piedmont and Blue Ridge carbonate-rock aquifers (VRPD),VRPDPAS1-01,VRPDPAS1-02,18.603415377018035,43.60000000000001
depth_constrained,Valley and Ridge and Piedmont and Blue Ridge carbonate-rock aquifers (VRPD),VRPDPAS1-30,VRPDPAS1-33,22.891221984409047,151.20999999999998
depth_constrained,Valley and Ridge and Piedmont and Blue Ridge carbonate-rock aquifers (VRPD),VRPDPAS1-44,VRPDPAS1-16,62.93293397235901,71.63999999999999
depth_constrained,Valley and Ridge and Piedmont and Blue Ridge carbonate-rock aquifers (VRPD),VRPDPAS1-37,VRPDPAS1-39,30.07287425682148,56.71000000000001
depth_constrained,Valley and Ridge and Piedmont and Blue Ridge carbonate-rock aquifers (VRPD),VRPDPAS1-15,VRPDPAS1-30,33.683733947888435,28.660000000000004
depth_constrained,Valley and Ridge and Piedmont and Blue Ridge carbonate-rock aquifers (VRPD),VRPDPAS1-11,VRPDPAS1-39,171.1768682699588,30.189999999999998
depth_constrained,Valley and Ridge and Piedmont and Blue Ridge carbonate-rock aquifers (VRPD),VRPDPAS1-22,VRPDPAS1-11,157.20086833176887,43.900000000000006
depth_constrained,Valley and Ridge and Piedmont and Blue Ridge carbonate-rock aquifers (VRPD),VRPDPAS1-36,VRPDPAS1-37,18.046880760578272,13.719999999999999
depth_constrained,Valley and Ridge and Piedmont and Blue Ridge carbonate-rock aquifers (VRPD),VRPDPAS1-20,VRPDPAS1-11,63.956642913480394,76.22000000000001
depth_constrained,Valley and Ridge and Piedmont and Blue Ridge carbonate-rock aquifers (VRPD),VRPDPAS1-26,VRPDPAS1-37,26.778871146982247,97.87
depth_constrained,Valley and Ridge and Piedmont and Blue Ridge carbonate-rock aquifers (VRPD),VRPDPAS1-03,VRPDPAS1-11,34.22577444420057,102.13000000000001
depth_constrained,Valley and Ridge and Piedmont and Blue Ridge carbonate-rock aquifers (VRPD),VRPDPAS1-02,VRPDPAS1-11,49.7987338141648,73.78
hydraulic_proxy_constrained,Biscayne aquifer (BISC),BISCPAS1-05,BISCPAS1-08,6.745781613284063,11.89
hydraulic_proxy_constrained,Biscayne aquifer (BISC),BISCPAS1-22,BISCPAS1-21,4.447797065782255,15.25
hydraulic_proxy_constrained,California Coastal Basin aquifers (CACB),CACBPAS1-22,CACBPAS1-23,7.18524533141993,107.92000000000002
hydraulic_proxy_constrained,California Coastal Basin aquifers (CACB),CACBPAS1-57,CACBPAS1-55,20.71593821257834,15.549999999999983
hydraulic_proxy_constrained,Central Valley aquifer system (CVAL),CVALPAS1-72,CVALPAS1-65,20.82285832950365,72.25000000000001
hydraulic_proxy_constrained,Colorado Plateaus aquifers (COPL),COPLPAS1-21,COPLPAS1-17,14.381519697157842,32.93000000000001
hydraulic_proxy_constrained,Columbia Plateau basaltic-rock aquifers (CLPT),CLPTPAS1-48,CLPTPAS1-30,12.255811639456823,62.79999999999998
hydraulic_proxy_constrained,Columbia Plateau basaltic-rock aquifers (CLPT),CLPTPAS1-06,CLPTPAS1-05,11.27145159915439,67.07
hydraulic_proxy_constrained,Columbia Plateau basaltic-rock aquifers (CLPT),CLPTPAS1-28,CLPTPAS1-30,20.363921913062157,59.75
hydraulic_proxy_constrained,Columbia Plateau basaltic-rock aquifers (CLPT),CLPTPAS1-29,CLPTPAS1-28,21.634494070728802,8.539999999999992
hydraulic_proxy_constrained,Columbia Plateau basaltic-rock aquifers (CLPT),CLPTPAS1-30,CLPTPAS1-31,0.0,24.090000000000003
hydraulic_proxy_constrained,Columbia Plateau basaltic-rock aquifers (CLPT),CLPTPAS1-33,CLPTPAS1-34,15.740047147133176,109.76
hydraulic_proxy_constrained,Columbia Plateau basaltic-rock aquifers (CLPT),CLPTPAS1-26,CLPTPAS1-27,1.8926248785451871,198.16999999999996
hydraulic_proxy_constrained,Edwards-Trinity aquifer system (EDTR),EDTRPAS1-33,EDTRPAS1-34,18.418820824528975,23.78000000000003
hydraulic_proxy_constrained,Floridan aquifer system (FLOR),FLORPAS1-19,FLORPAS1-17,24.2703807790488,176.52
hydraulic_proxy_constrained,Floridan aquifer system (FLOR),FLORPAS1-53,FLORPAS1-52,22.101296689568976,10.36
hydraulic_proxy_constrained,Floridan aquifer system (FLOR),FLORPAS1-21,FLORPAS1-17,8.716354652614303,17.99000000000001
hydraulic_proxy_constrained,High Plains aquifer (HPAQ),HPAQPAS1-17,HPAQPAS1-44,13.934708683321423,51.52
hydraulic_proxy_constrained,High Plains aquifer (HPAQ),HPAQPAS1-14,HPAQPAS1-15,20.83063460545668,50.30000000000001
hydraulic_proxy_constrained,High Plains aquifer (HPAQ),HPAQPAS1-10,HPAQPAS1-09,19.58712974223346,19.36
hydraulic_proxy_constrained,Rio Grande aquifer system (RIOG),RGAQPAS1-44,RGAQPAS1-36,10.047541232158775,16.77
hydraulic_proxy_constrained,Rio Grande aquifer system (RIOG),RGAQPAS1-25,RGAQPAS1-27,7.8379607814773555,82.63
hydraulic_proxy_constrained,Rio Grande aquifer system (RIOG),RGAQPAS1-03,RGAQPAS1-30,20.213157215501692,28.960000000000008
hydraulic_proxy_constrained,Rio Grande aquifer system (RIOG),RGAQPAS1-22,RGAQPAS1-24,11.296672039953462,29.269999999999982
hydraulic_proxy_constrained,Rio Grande aquifer system (RIOG),RGAQPAS1-12,RGAQPAS1-13,4.300794514049634,12.5
hydraulic_proxy_constrained,Rio Grande aquifer system (RIOG),RGAQPAS1-11,RGAQPAS1-01,2.912456428517281,20.120000000000005
hydraulic_proxy_constrained,Rio Grande aquifer system (RIOG),RGAQPAS1-41,RGAQPAS1-21,14.124647891929348,26.22
hydraulic_proxy_constrained,Valley and Ridge and Piedmont and Blue Ridge carbonate-rock aquifers (VRPD),VRPDPAS1-01,VRPDPAS1-02,18.603415377018035,43.60000000000001
hydraulic_proxy_constrained,Valley and Ridge and Piedmont and Blue Ridge carbonate-rock aquifers (VRPD),VRPDPAS1-30,VRPDPAS1-33,22.891221984409047,151.20999999999998
hydraulic_proxy_constrained,Valley and Ridge and Piedmont and Blue Ridge carbonate-rock aquifers (VRPD),VRPDPAS1-36,VRPDPAS1-37,18.046880760578272,13.719999999999999
wrong_direction_negative_control,Biscayne aquifer (BISC),BISCPAS1-08,BISCPAS1-05,6.745781613284063,-11.89
wrong_direction_negative_control,Biscayne aquifer (BISC),BISCPAS1-21,BISCPAS1-22,4.447797065782255,-15.25
wrong_direction_negative_control,California Coastal Basin aquifers (CACB),CACBPAS1-23,CACBPAS1-22,7.18524533141993,-107.92000000000002
wrong_direction_negative_control,California Coastal Basin aquifers (CACB),CACBPAS1-55,CACBPAS1-57,20.71593821257834,-15.549999999999983
wrong_direction_negative_control,Central Valley aquifer system (CVAL),CVALPAS1-65,CVALPAS1-72,20.82285832950365,-72.25000000000001
wrong_direction_negative_control,Colorado Plateaus aquifers (COPL),COPLPAS1-17,COPLPAS1-21,14.381519697157842,-32.93000000000001
wrong_direction_negative_control,Columbia Plateau basaltic-rock aquifers (CLPT),CLPTPAS1-30,CLPTPAS1-48,12.255811639456823,-62.79999999999998
wrong_direction_negative_control,Columbia Plateau basaltic-rock aquifers (CLPT),CLPTPAS1-05,CLPTPAS1-06,11.27145159915439,-67.07
wrong_direction_negative_control,Columbia Plateau basaltic-rock aquifers (CLPT),CLPTPAS1-30,CLPTPAS1-28,20.363921913062157,-59.75
wrong_direction_negative_control,Columbia Plateau basaltic-rock aquifers (CLPT),CLPTPAS1-28,CLPTPAS1-29,21.634494070728802,-8.539999999999992
wrong_direction_negative_control,Columbia Plateau basaltic-rock aquifers (CLPT),CLPTPAS1-31,CLPTPAS1-30,0.0,-24.090000000000003
wrong_direction_negative_control,Columbia Plateau basaltic-rock aquifers (CLPT),CLPTPAS1-34,CLPTPAS1-33,15.740047147133176,-109.76
wrong_direction_negative_control,Columbia Plateau basaltic-rock aquifers (CLPT),CLPTPAS1-27,CLPTPAS1-26,1.8926248785451871,-198.16999999999996
wrong_direction_negative_control,Edwards-Trinity aquifer system (EDTR),EDTRPAS1-34,EDTRPAS1-33,18.418820824528975,-23.78000000000003
wrong_direction_negative_control,Floridan aquifer system (FLOR),FLORPAS1-17,FLORPAS1-19,24.2703807790488,-176.52
wrong_direction_negative_control,Floridan aquifer system (FLOR),FLORPAS1-52,FLORPAS1-53,22.101296689568976,-10.36
wrong_direction_negative_control,Floridan aquifer system (FLOR),FLORPAS1-17,FLORPAS1-21,8.716354652614303,-17.99000000000001
wrong_direction_negative_control,High Plains aquifer (HPAQ),HPAQPAS1-44,HPAQPAS1-17,13.934708683321423,-51.52
wrong_direction_negative_control,High Plains aquifer (HPAQ),HPAQPAS1-15,HPAQPAS1-14,20.83063460545668,-50.30000000000001
wrong_direction_negative_control,High Plains aquifer (HPAQ),HPAQPAS1-09,HPAQPAS1-10,19.58712974223346,-19.36
wrong_direction_negative_control,Rio Grande aquifer system (RIOG),RGAQPAS1-36,RGAQPAS1-44,10.047541232158775,-16.77
wrong_direction_negative_control,Rio Grande aquifer system (RIOG),RGAQPAS1-27,RGAQPAS1-25,7.8379607814773555,-82.63
wrong_direction_negative_control,Rio Grande aquifer system (RIOG),RGAQPAS1-30,RGAQPAS1-03,20.213157215501692,-28.960000000000008
wrong_direction_negative_control,Rio Grande aquifer system (RIOG),RGAQPAS1-24,RGAQPAS1-22,11.296672039953462,-29.269999999999982
wrong_direction_negative_control,Rio Grande aquifer system (RIOG),RGAQPAS1-13,RGAQPAS1-12,4.300794514049634,-12.5
wrong_direction_negative_control,Rio Grande aquifer system (RIOG),RGAQPAS1-01,RGAQPAS1-11,2.912456428517281,-20.120000000000005
wrong_direction_negative_control,Rio Grande aquifer system (RIOG),RGAQPAS1-21,RGAQPAS1-41,14.124647891929348,-26.22
wrong_direction_negative_control,Valley and Ridge and Piedmont and Blue Ridge carbonate-rock aquifers (VRPD),VRPDPAS1-02,VRPDPAS1-01,18.603415377018035,-43.60000000000001
wrong_direction_negative_control,Valley and Ridge and Piedmont and Blue Ridge carbonate-rock aquifers (VRPD),VRPDPAS1-33,VRPDPAS1-30,22.891221984409047,-151.20999999999998
wrong_direction_negative_control,Valley and Ridge and Piedmont and Blue Ridge carbonate-rock aquifers (VRPD),VRPDPAS1-37,VRPDPAS1-36,18.046880760578272,-13.719999999999999
randomized_negative_control,Basin and Range basin-fill aquifers (BNRF),BNRFPAS1-65,BNRFPAS1-58,581.0209373346714,-27.439999999999998
randomized_negative_control,Basin and Range basin-fill aquifers (BNRF),BNRFPAS1-13,BNRFPAS1-70,826.7679734783376,-87.5
randomized_negative_control,Basin and Range basin-fill aquifers (BNRF),BNRFPAS1-65,BNRFPAS1-50,345.9519924680506,-109.44999999999999
randomized_negative_control,Basin and Range basin-fill aquifers (BNRF),BNRFPAS1-54,BNRFPAS1-18,961.4426069934482,-143.28999999999996
randomized_negative_control,Basin and Range basin-fill aquifers (BNRF),BNRFPAS1-67,BNRFPAS1-53,292.5359973456636,-11.890000000000015
randomized_negative_control,Basin and Range basin-fill aquifers (BNRF),BNRFPAS1-53,BNRFPAS1-65,209.85287938715288,-6.400000000000006
randomized_negative_control,Basin and Range basin-fill aquifers (BNRF),BNRFPAS1-21,BNRFPAS1-37,523.1957868263196,24.39
randomized_negative_control,Basin and Range basin-fill aquifers (BNRF),BNRFPAS1-54,BNRFPAS1-37,511.0329286835275,-167.67999999999998
randomized_negative_control,Basin and Range basin-fill aquifers (BNRF),BNRFPAS1-27,BNRFPAS1-73,328.0765242657322,-145.73000000000002
randomized_negative_control,Basin and Range basin-fill aquifers (BNRF),BNRFPAS1-09,BNRFPAS1-02,229.75350113092455,60.370000000000005
randomized_negative_control,Basin and Range basin-fill aquifers (BNRF),BNRFPAS1-13,BNRFPAS1-28,592.669600016446,-91.46000000000001
randomized_negative_control,Basin and Range basin-fill aquifers (BNRF),BNRFPAS1-19,BNRFPAS1-54,967.3593265555004,73.77999999999997
randomized_negative_control,Basin and Range basin-fill aquifers (BNRF),BNRFPAS1-40,BNRFPAS1-58,86.31945393686178,-64.02000000000001
randomized_negative_control,Basin and Range basin-fill aquifers (BNRF),BNRFPAS1-18,BNRFPAS1-51,1050.4460661298315,76.22
randomized_negative_control,Basin and Range basin-fill aquifers (BNRF),BNRFPAS1-50,BNRFPAS1-58,241.13115136466573,82.00999999999999
randomized_negative_control,Basin and Range basin-fill aquifers (BNRF),BNRFPAS1-02,BNRFPAS1-22,420.86494411722316,-67.08000000000001
randomized_negative_control,Basin and Range basin-fill aquifers (BNRF),BNRFPAS1-43,BNRFPAS1-44,46.954000838837956,128.05
randomized_negative_control,Basin and Range basin-fill aquifers (BNRF),BNRFPAS1-50,BNRFPAS1-43,90.19598060015511,139.93
randomized_negative_control,Basin and Range basin-fill aquifers (BNRF),BNRFPAS1-53,BNRFPAS1-73,895.226774768029,-113.11
randomized_negative_control,Basin and Range basin-fill aquifers (BNRF),BNRFPAS1-27,BNRFPAS1-69,321.6929666016445,-99.08000000000001
randomized_negative_control,Basin and Range basin-fill aquifers (BNRF),BNRFPAS1-17,BNRFPAS1-21,600.823955805202,41.16
randomized_negative_control,Basin and Range basin-fill aquifers (BNRF),BNRFPAS1-18,BNRFPAS1-50,951.1812605288263,-57.620000000000005
randomized_negative_control,Basin and Range basin-fill aquifers (BNRF),BNRFPAS1-05,BNRFPAS1-28,872.9532581992609,-100.61000000000001
randomized_negative_control,Basin and Range basin-fill aquifers (BNRF),BNRFPAS1-69,BNRFPAS1-09,932.8455582686615,-52.139999999999986
randomized_negative_control,Basin and Range basin-fill aquifers (BNRF),BNRFPAS1-65,BNRFPAS1-51,444.2435389449391,24.390000000000015
randomized_negative_control,Basin and Range basin-fill aquifers (BNRF),BNRFPAS1-12,BNRFPAS1-13,77.28115379556026,127.74000000000001
randomized_negative_control,Basin and Range basin-fill aquifers (BNRF),BNRFPAS1-32,BNRFPAS1-77,492.1328711973325,-168.60000000000002
randomized_negative_control,Basin and Range basin-fill aquifers (BNRF),BNRFPAS1-05,BNRFPAS1-37,334.9453791485566,-121.95000000000002
randomized_negative_control,Basin and Range basin-fill aquifers (BNRF),BNRFPAS1-42,BNRFPAS1-67,233.41957956385613,-27.73999999999998
randomized_negative_control,Basin and Range basin-fill aquifers (BNRF),BNRFPAS1-73,BNRFPAS1-68,998.6360742730781,27.440000000000012
randomized_negative_control,Basin and Range basin-fill aquifers (BNRF),BNRFPAS1-65,BNRFPAS1-37,168.30321339268065,-76.22
randomized_negative_control,Basin and Range basin-fill aquifers (BNRF),BNRFPAS1-42,BNRFPAS1-30,849.0797689423576,-148.17
randomized_negative_control,Basin and Range basin-fill aquifers (BNRF),BNRFPAS1-19,BNRFPAS1-21,62.501941478677054,-118.29
randomized_negative_control,Basin and Range basin-fill aquifers (BNRF),BNRFPAS1-02,BNRFPAS1-40,658.0028387976699,88.41
randomized_negative_control,Biscayne aquifer (BISC),BISCPAS1-22,BISCPAS1-08,34.820971916004446,24.39
randomized_negative_control,Biscayne aquifer (BISC),BISCPAS1-10,BISCPAS1-15,15.78583310505967,
randomized_negative_control,Biscayne aquifer (BISC),BISCPAS1-17,BISCPAS1-12,15.551913076842116,
randomized_negative_control,Biscayne aquifer (BISC),BISCPAS1-08,BISCPAS1-04,12.83710449920005,
randomized_negative_control,Biscayne aquifer (BISC),BISCPAS1-17,BISCPAS1-04,30.039210454277878,
randomized_negative_control,Biscayne aquifer (BISC),BISCPAS1-15,BISCPAS1-12,6.68535287353122,
randomized_negative_control,Biscayne aquifer (BISC),BISCPAS1-21,BISCPAS1-02,37.80627505914995,-10.059999999999999
randomized_negative_control,Biscayne aquifer (BISC),BISCPAS1-02,BISCPAS1-27,71.07170455745378,7.009999999999998
randomized_negative_control,Biscayne aquifer (BISC),BISCPAS1-10,BISCPAS1-27,61.334855932449955,
randomized_negative_control,Biscayne aquifer (BISC),BISCPAS1-21,BISCPAS1-22,4.447797065782255,-15.25
randomized_negative_control,Biscayne aquifer (BISC),BISCPAS1-27,BISCPAS1-12,51.18875254115966,
randomized_negative_control,Biscayne aquifer (BISC),BISCPAS1-08,BISCPAS1-15,20.808247340649263,0.0
randomized_negative_control,Biscayne aquifer (BISC),BISCPAS1-02,BISCPAS1-22,42.25407212493221,-5.190000000000001
randomized_negative_control,California Coastal Basin aquifers (CACB),CACBPAS1-02,CACBPAS1-12,166.69664711867534,-135.36
randomized_negative_control,California Coastal Basin aquifers (CACB),CACBPAS1-24,CACBPAS1-55,218.45258224525415,
randomized_negative_control,California Coastal Basin aquifers (CACB),CACBPAS1-60,CACBPAS1-44,484.2083062441771,-12.189999999999998
randomized_negative_control,California Coastal Basin aquifers (CACB),CACBPAS1-02,CACBPAS1-16,462.8921202575513,-144.20000000000002
randomized_negative_control,California Coastal Basin aquifers (CACB),CACBPAS1-12,CACBPAS1-47,44.180537717737415,178.66
randomized_negative_control,California Coastal Basin aquifers (CACB),CACBPAS1-75,CACBPAS1-21,313.8531367193385,58.84
randomized_negative_control,California Coastal Basin aquifers (CACB),CACBPAS1-36,CACBPAS1-59,540.8162400002251,-183.53999999999996
randomized_negative_control,California Coastal Basin aquifers (CACB),CACBPAS1-57,CACBPAS1-16,80.11061004734798,-100.61000000000001
randomized_negative_control,California Coastal Basin aquifers (CACB),CACBPAS1-06,CACBPAS1-55,329.9282758160949,144.82
randomized_negative_control,California Coastal Basin aquifers (CACB),CACBPAS1-24,CACBPAS1-71,523.9736197018027,
randomized_negative_control,California Coastal Basin aquifers (CACB),CACBPAS1-87,CACBPAS1-23,98.39857546612345,97.56
randomized_negative_control,California Coastal Basin aquifers (CACB),CACBPAS1-60,CACBPAS1-18,33.938409589827764,108.53999999999999
randomized_negative_control,California Coastal Basin aquifers (CACB),CACBPAS1-47,CACBPAS1-21,478.2772080617143,-80.79999999999998
randomized_negative_control,California Coastal Basin aquifers (CACB),CACBPAS1-57,CACBPAS1-23,233.83263323873916,60.97
randomized_negative_control,California Coastal Basin aquifers (CACB),CACBPAS1-24,CACBPAS1-59,55.71120832482405,
randomized_negative_control,California Coastal Basin aquifers (CACB),CACBPAS1-87,CACBPAS1-60,135.7421447747558,-6.099999999999994
randomized_negative_control,California Coastal Basin aquifers (CACB),CACBPAS1-60,CACBPAS1-59,46.67772310630103,-25.000000000000014
randomized_negative_control,California Coastal Basin aquifers (CACB),CACBPAS1-16,CACBPAS1-64,375.3387045304228,-59.14999999999999
randomized_negative_control,California Coastal Basin aquifers (CACB),CACBPAS1-55,CACBPAS1-47,269.6629247567413,71.34
randomized_negative_control,California Coastal Basin aquifers (CACB),CACBPAS1-64,CACBPAS1-22,215.84694006321652,112.80999999999999
randomized_negative_control,California Coastal Basin aquifers (CACB),CACBPAS1-21,CACBPAS1-87,111.61945167245263,-42.68000000000001
randomized_negative_control,California Coastal Basin aquifers (CACB),CACBPAS1-12,CACBPAS1-60,412.3265343889601,49.08000000000001
randomized_negative_control,California Coastal Basin aquifers (CACB),CACBPAS1-23,CACBPAS1-16,160.50175223364062,-161.58
randomized_negative_control,Cambrian-Ordovician aquifer system (CMOR),CMORPAS1-12,CMORPAS1-25,248.12686878520196,-139.94
randomized_negative_control,Cambrian-Ordovician aquifer system (CMOR),CMORPAS1-25,CMORPAS1-47,391.72439547274246,328.65999999999997
randomized_negative_control,Cambrian-Ordovician aquifer system (CMOR),CMORPAS1-12,CMORPAS1-09,247.47632688581504,-130.49
randomized_negative_control,Cambrian-Ordovician aquifer system (CMOR),CMORPAS1-09,CMORPAS1-12,247.47632688581504,130.49
randomized_negative_control,Central Valley aquifer system (CVAL),CVALPAS1-67,CVALPAS1-50,214.54390252886233,-84.15
randomized_negative_control,Central Valley aquifer system (CVAL),CVALPAS1-18,CVALPAS1-49,339.89477888664794,-85.36
randomized_negative_control,Central Valley aquifer system (CVAL),CVALPAS1-50,CVALPAS1-65,186.59136209292254,127.74000000000001
randomized_negative_control,Central Valley aquifer system (CVAL),CVALPAS1-67,CVALPAS1-40,43.863604885332826,-45.74000000000001
randomized_negative_control,Central Valley aquifer system (CVAL),CVALPAS1-39,CVALPAS1-18,110.75487580362103,
randomized_negative_control,Central Valley aquifer system (CVAL),CVALPAS1-65,CVALPAS1-49,215.94314439782596,-69.2
randomized_negative_control,Central Valley aquifer system (CVAL),CVALPAS1-18,CVALPAS1-65,145.70519331524122,-16.159999999999997
randomized_negative_control,Central Valley aquifer system (CVAL),CVALPAS1-65,CVALPAS1-50,186.59136209292254,-127.74000000000001
randomized_negative_control,Central Valley aquifer system (CVAL),CVALPAS1-67,CVALPAS1-39,29.99960304046614,
randomized_negative_control,Colorado Plateaus aquifers (COPL),COPLPAS1-05,COPLPAS1-10,135.78992540857453,-222.86
randomized_negative_control,Colorado Plateaus aquifers (COPL),COPLPAS1-27,COPLPAS1-05,334.5954570988951,122.25
randomized_negative_control,Colorado Plateaus aquifers (COPL),COPLPAS1-10,COPLPAS1-09,62.8217978825517,272.86
randomized_negative_control,Colorado Plateaus aquifers (COPL),COPLPAS1-10,COPLPAS1-27,220.3422315101744,100.61
randomized_negative_control,Colorado Plateaus aquifers (COPL),COPLPAS1-17,COPLPAS1-36,344.7194887656874,509.45000000000005
randomized_negative_control,Colorado Plateaus aquifers (COPL),COPLPAS1-05,COPLPAS1-21,420.9828098227225,-249.69
randomized_negative_control,Colorado Plateaus aquifers (COPL),COPLPAS1-05,COPLPAS1-02,101.06382796183878,-210.67000000000002
randomized_negative_control,Colorado Plateaus aquifers (COPL),COPLPAS1-08,COPLPAS1-10,84.98782306693965,-1019.21
randomized_negative_control,Colorado Plateaus aquifers (COPL),COPLPAS1-08,COPLPAS1-21,246.30513835387933,-1046.04
randomized_negative_control,Colorado Plateaus aquifers (COPL),COPLPAS1-28,COPLPAS1-10,162.7397848363967,-57.92999999999999
randomized_negative_control,Colorado Plateaus aquifers (COPL),COPLPAS1-02,COPLPAS1-40,303.83814978092704,
randomized_negative_control,Colorado Plateaus aquifers (COPL),COPLPAS1-02,COPLPAS1-10,227.65330048585884,-12.189999999999998
randomized_negative_control,Colorado Plateaus aquifers (COPL),COPLPAS1-02,COPLPAS1-05,101.06382796183878,210.67000000000002
randomized_negative_control,Colorado Plateaus aquifers (COPL),COPLPAS1-17,COPLPAS1-40,306.86873619647895,
randomized_negative_control,Columbia Plateau basaltic-rock aquifers (CLPT),CLPTPAS1-57,CLPTPAS1-54,365.56575144337273,106.41
randomized_negative_control,Columbia Plateau basaltic-rock aquifers (CLPT),CLPTPAS1-41,CLPTPAS1-14,203.9639326340963,-0.3100000000000023
randomized_negative_control,Columbia Plateau basaltic-rock aquifers (CLPT),CLPTPAS1-14,CLPTPAS1-09,76.83564877649857,62.5
randomized_negative_control,Columbia Plateau basaltic-rock aquifers (CLPT),CLPTPAS1-30,CLPTPAS1-54,202.25054905169188,-78.65
randomized_negative_control,Columbia Plateau basaltic-rock aquifers (CLPT),CLPTPAS1-26,CLPTPAS1-52,227.70027966608717,-22.86
randomized_negative_control,Columbia Plateau basaltic-rock aquifers (CLPT),CLPTPAS1-28,CLPTPAS1-58,135.59185981962813,
randomized_negative_control,Columbia Plateau basaltic-rock aquifers (CLPT),CLPTPAS1-26,CLPTPAS1-14,126.67308122904443,75.61
randomized_negative_control,Columbia Plateau basaltic-rock aquifers (CLPT),CLPTPAS1-42,CLPTPAS1-43,139.69311286972282,-61.07000000000002
randomized_negative_control,Columbia Plateau basaltic-rock aquifers (CLPT),CLPTPAS1-33,CLPTPAS1-45,104.84971527395544,-27.440000000000005
randomized_negative_control,Columbia Plateau basaltic-rock aquifers (CLPT),CLPTPAS1-14,CLPTPAS1-42,164.68797538494846,57.93000000000001
randomized_negative_control,Columbia Plateau basaltic-rock aquifers (CLPT),CLPTPAS1-25,CLPTPAS1-23,94.08694619420784,-85.67
randomized_negative_control,Columbia Plateau basaltic-rock aquifers (CLPT),CLPTPAS1-28,CLPTPAS1-24,119.28052843785011,-69.21
randomized_negative_control,Columbia Plateau basaltic-rock aquifers (CLPT),CLPTPAS1-06,CLPTPAS1-01,222.7345653915481,-69.21
randomized_negative_control,Columbia Plateau basaltic-rock aquifers (CLPT),CLPTPAS1-54,CLPTPAS1-28,222.43022445727175,18.900000000000006
randomized_negative_control,Columbia Plateau basaltic-rock aquifers (CLPT),CLPTPAS1-25,CLPTPAS1-53,374.67002440126305,7.61999999999999
randomized_negative_control,Columbia Plateau basaltic-rock aquifers (CLPT),CLPTPAS1-14,CLPTPAS1-46,204.92161496072916,-87.19000000000001
randomized_negative_control,Columbia Plateau basaltic-rock aquifers (CLPT),CLPTPAS1-29,CLPTPAS1-28,21.634494070728802,8.539999999999992
randomized_negative_control,Columbia Plateau basaltic-rock aquifers (CLPT),CLPTPAS1-53,CLPTPAS1-46,191.89179293237203,-9.450000000000003
randomized_negative_control,Columbia Plateau basaltic-rock aquifers (CLPT),CLPTPAS1-53,CLPTPAS1-23,307.5386920802953,-93.28999999999999
randomized_negative_control,Columbia Plateau basaltic-rock aquifers (CLPT),CLPTPAS1-01,CLPTPAS1-13,191.22347680475647,101.21999999999998
randomized_negative_control,Columbia Plateau basaltic-rock aquifers (CLPT),CLPTPAS1-45,CLPTPAS1-29,242.12582101078368,101.83000000000001
randomized_negative_control,Columbia Plateau basaltic-rock aquifers (CLPT),CLPTPAS1-38,CLPTPAS1-53,313.44726228748453,-297.25
randomized_negative_control,Columbia Plateau basaltic-rock aquifers (CLPT),CLPTPAS1-39,CLPTPAS1-06,303.1742401108783,-109.75999999999999
randomized_negative_control,Columbia Plateau basaltic-rock aquifers (CLPT),CLPTPAS1-13,CLPTPAS1-05,78.40655313971943,35.06
randomized_negative_control,Columbia Plateau basaltic-rock aquifers (CLPT),CLPTPAS1-49,CLPTPAS1-02,144.33364786799743,252.13
randomized_negative_control,Columbia Plateau basaltic-rock aquifers (CLPT),CLPTPAS1-34,CLPTPAS1-04,144.45222531585546,
randomized_negative_control,Columbia Plateau basaltic-rock aquifers (CLPT),CLPTPAS1-45,CLPTPAS1-28,241.81685454657855,110.37
randomized_negative_control,Columbia Plateau basaltic-rock aquifers (CLPT),CLPTPAS1-46,CLPTPAS1-57,214.27469115577054,-63.419999999999995
randomized_negative_control,Columbia Plateau basaltic-rock aquifers (CLPT),CLPTPAS1-05,CLPTPAS1-23,172.80231623611363,-209.14
randomized_negative_control,Columbia Plateau basaltic-rock aquifers (CLPT),CLPTPAS1-46,CLPTPAS1-39,102.54119150033706,167.99
randomized_negative_control,Columbia Plateau basaltic-rock aquifers (CLPT),CLPTPAS1-47,CLPTPAS1-06,262.2739084662897,-24.390000000000015
randomized_negative_control,Columbia Plateau basaltic-rock aquifers (CLPT),CLPTPAS1-14,CLPTPAS1-30,143.18337529297145,34.44999999999999
randomized_negative_control,Columbia Plateau basaltic-rock aquifers (CLPT),CLPTPAS1-09,CLPTPAS1-54,205.54150181309444,-106.70000000000002
randomized_negative_control,Columbia Plateau basaltic-rock aquifers (CLPT),CLPTPAS1-52,CLPTPAS1-24,290.6905296502634,3.9599999999999937
randomized_negative_control,Columbia Plateau basaltic-rock aquifers (CLPT),CLPTPAS1-01,CLPTPAS1-20,98.59389437724501,-3.960000000000008
randomized_negative_control,Columbia Plateau basaltic-rock aquifers (CLPT),CLPTPAS1-01,CLPTPAS1-02,205.2212340951469,193.28999999999996
randomized_negative_control,Columbia Plateau basaltic-rock aquifers (CLPT),CLPTPAS1-02,CLPTPAS1-46,179.95922557100093,-182.31
randomized_negative_control,Edwards-Trinity aquifer system (EDTR),EDTRPAS1-42,EDTRPAS1-61,185.15791284747039,-438.11
randomized_negative_control,Edwards-Trinity aquifer system (EDTR),EDTRPAS1-08,EDTRPAS1-24,188.77885189168936,421.95
randomized_negative_control,Edwards-Trinity aquifer system (EDTR),EDTRPAS1-33,EDTRPAS1-61,179.62570461680897,-361.59
randomized_negative_control,Edwards-Trinity aquifer system (EDTR),EDTRPAS1-47,EDTRPAS1-23,93.44716233935834,159.14000000000001
randomized_negative_control,Edwards-Trinity aquifer system (EDTR),EDTRPAS1-24,EDTRPAS1-45,277.5978880155338,-402.13
randomized_negative_control,Edwards-Trinity aquifer system (EDTR),EDTRPAS1-61,EDTRPAS1-27,139.4000510370152,65.55
randomized_negative_control,Edwards-Trinity aquifer system (EDTR),EDTRPAS1-42,EDTRPAS1-27,267.25335482995484,-372.56
randomized_negative_control,Edwards-Trinity aquifer system (EDTR),EDTRPAS1-34,EDTRPAS1-42,34.769777725241546,52.74000000000001
randomized_negative_control,Edwards-Trinity aquifer system (EDTR),EDTRPAS1-42,EDTRPAS1-10,44.84921591695917,-276.52
randomized_negative_control,Edwards-Trinity aquifer system (EDTR),EDTRPAS1-34,EDTRPAS1-24,313.28345473946587,196.64
randomized_negative_control,Floridan aquifer system (FLOR),FLORPAS1-46,FLORPAS1-30,198.93736437171512,-49.69999999999999
randomized_negative_control,Floridan aquifer system (FLOR),FLORPAS1-32,FLORPAS1-18,194.67450447133305,-29.88000000000001
randomized_negative_control,Floridan aquifer system (FLOR),FLORPAS1-19,FLORPAS1-47,112.49726507415008,408.53000000000003
randomized_negative_control,Floridan aquifer system (FLOR),FLORPAS1-56,FLORPAS1-53,195.8390685012746,-67.99
randomized_negative_control,Floridan aquifer system (FLOR),FLORPAS1-20,FLORPAS1-30,163.50256567531557,35.67
randomized_negative_control,Floridan aquifer system (FLOR),FLORPAS1-20,FLORPAS1-52,206.00679722884433,31.39999999999999
randomized_negative_control,Floridan aquifer system (FLOR),FLORPAS1-53,FLORPAS1-17,262.452721161983,137.19
randomized_negative_control,Floridan aquifer system (FLOR),FLORPAS1-46,FLORPAS1-31,319.2600410954341,-112.81
randomized_negative_control,Floridan aquifer system (FLOR),FLORPAS1-28,FLORPAS1-30,190.7590417387702,46.34
randomized_negative_control,Floridan aquifer system (FLOR),FLORPAS1-56,FLORPAS1-31,263.52300152498515,-116.47
randomized_negative_control,Floridan aquifer system (FLOR),FLORPAS1-32,FLORPAS1-19,201.5866257166169,-67.07
randomized_negative_control,Floridan aquifer system (FLOR),FLORPAS1-54,FLORPAS1-17,185.69548935750606,188.11
randomized_negative_control,Floridan aquifer system (FLOR),FLORPAS1-09,FLORPAS1-32,357.0317976766083,
randomized_negative_control,Floridan aquifer system (FLOR),FLORPAS1-48,FLORPAS1-56,175.0148216650412,-304.26
randomized_negative_control,Floridan aquifer system (FLOR),FLORPAS1-48,FLORPAS1-36,283.64828826260367,-316.46
randomized_negative_control,Floridan aquifer system (FLOR),FLORPAS1-28,FLORPAS1-31,77.76999438119832,-16.770000000000003
randomized_negative_control,Floridan aquifer system (FLOR),FLORPAS1-17,FLORPAS1-30,218.8572898186818,-122.56
randomized_negative_control,Floridan aquifer system (FLOR),FLORPAS1-56,FLORPAS1-47,158.84356591442113,301.21000000000004
randomized_negative_control,Floridan aquifer system (FLOR),FLORPAS1-09,FLORPAS1-31,283.24008450163285,
randomized_negative_control,High Plains aquifer (HPAQ),HPAQPAS1-59,HPAQPAS1-58,104.81222959141179,37.809999999999995
randomized_negative_control,High Plains aquifer (HPAQ),HPAQPAS1-47,HPAQPAS1-37,346.2120616511621,12.200000000000003
randomized_negative_control,High Plains aquifer (HPAQ),HPAQPAS1-18,HPAQPAS1-25,160.0656398030289,-43.30000000000001
randomized_negative_control,High Plains aquifer (HPAQ),HPAQPAS1-60,HPAQPAS1-50,161.83943211120325,-33.230000000000004
randomized_negative_control,High Plains aquifer (HPAQ),HPAQPAS1-19,HPAQPAS1-60,508.5130667466998,7.6200000000000045
randomized_negative_control,High Plains aquifer (HPAQ),HPAQPAS1-71,HPAQPAS1-41,955.6658896047046,-30.49
randomized_negative_control,High Plains aquifer (HPAQ),HPAQPAS1-80,HPAQPAS1-50,329.1637776879499,-81.71000000000001
randomized_negative_control,High Plains aquifer (HPAQ),HPAQPAS1-16,HPAQPAS1-50,744.74069573776,14.02
randomized_negative_control,High Plains aquifer (HPAQ),HPAQPAS1-56,HPAQPAS1-68,664.0278572819623,17.979999999999997
randomized_negative_control,High Plains aquifer (HPAQ),HPAQPAS1-69,HPAQPAS1-23,1143.4362619302885,13.11
randomized_negative_control,High Plains aquifer (HPAQ),HPAQPAS1-19,HPAQPAS1-37,242.02479123705095,39.33
randomized_negative_control,High Plains aquifer (HPAQ),HPAQPAS1-47,HPAQPAS1-19,105.49833213597616,-27.129999999999995
randomized_negative_control,High Plains aquifer (HPAQ),HPAQPAS1-55,HPAQPAS1-21,193.1245579183054,-0.9099999999999966
randomized_negative_control,High Plains aquifer (HPAQ),HPAQPAS1-60,HPAQPAS1-74,148.90264620883534,7.929999999999993
randomized_negative_control,High Plains aquifer (HPAQ),HPAQPAS1-18,HPAQPAS1-06,405.890100262282,-41.16000000000001
randomized_negative_control,High Plains aquifer (HPAQ),HPAQPAS1-37,HPAQPAS1-14,392.40035710778295,48.78
randomized_negative_control,High Plains aquifer (HPAQ),HPAQPAS1-20,HPAQPAS1-69,854.7284864688324,50.61
randomized_negative_control,High Plains aquifer (HPAQ),HPAQPAS1-53,HPAQPAS1-19,442.50066591500564,-68.60000000000001
randomized_negative_control,High Plains aquifer (HPAQ),HPAQPAS1-53,HPAQPAS1-18,478.0805057110262,1.2199999999999989
randomized_negative_control,High Plains aquifer (HPAQ),HPAQPAS1-19,HPAQPAS1-44,58.01318822944943,44.510000000000005
randomized_negative_control,High Plains aquifer (HPAQ),HPAQPAS1-19,HPAQPAS1-16,527.1399974466483,-39.629999999999995
randomized_negative_control,High Plains aquifer (HPAQ),HPAQPAS1-64,HPAQPAS1-18,907.7069388924256,60.370000000000005
randomized_negative_control,High Plains aquifer (HPAQ),HPAQPAS1-69,HPAQPAS1-45,981.2094553663583,38.41
randomized_negative_control,High Plains aquifer (HPAQ),HPAQPAS1-16,HPAQPAS1-19,527.1399974466483,39.629999999999995
randomized_negative_control,High Plains aquifer (HPAQ),HPAQPAS1-59,HPAQPAS1-11,241.89180074067073,-1.519999999999996
randomized_negative_control,High Plains aquifer (HPAQ),HPAQPAS1-41,HPAQPAS1-31,160.80439514666602,1.5199999999999996
randomized_negative_control,High Plains aquifer (HPAQ),HPAQPAS1-09,HPAQPAS1-60,509.42509782009597,-36.28
randomized_negative_control,High Plains aquifer (HPAQ),HPAQPAS1-23,HPAQPAS1-49,463.0434758053368,-3.3499999999999943
randomized_negative_control,High Plains aquifer (HPAQ),HPAQPAS1-72,HPAQPAS1-41,584.4313334433693,-112.80000000000001
randomized_negative_control,High Plains aquifer (HPAQ),HPAQPAS1-55,HPAQPAS1-09,190.46899851445949,43.60000000000001
randomized_negative_control,High Plains aquifer (HPAQ),HPAQPAS1-47,HPAQPAS1-53,417.1643965947672,41.47000000000001
randomized_negative_control,High Plains aquifer (HPAQ),HPAQPAS1-10,HPAQPAS1-13,172.59492510288672,8.689999999999998
randomized_negative_control,High Plains aquifer (HPAQ),HPAQPAS1-22,HPAQPAS1-58,93.31854030493814,61.58999999999999
randomized_negative_control,High Plains aquifer (HPAQ),HPAQPAS1-52,HPAQPAS1-24,534.3434518894276,50.61000000000001
randomized_negative_control,High Plains aquifer (HPAQ),HPAQPAS1-46,HPAQPAS1-45,127.35162164103869,72.25
randomized_negative_control,High Plains aquifer (HPAQ),HPAQPAS1-02,HPAQPAS1-57,619.2725003107481,-23.470000000000006
randomized_negative_control,High Plains aquifer (HPAQ),HPAQPAS1-64,HPAQPAS1-56,561.2951912784113,-14.630000000000003
randomized_negative_control,High Plains aquifer (HPAQ),HPAQPAS1-32,HPAQPAS1-68,1117.2227083875362,-18.91000000000001
randomized_negative_control,High Plains aquifer (HPAQ),HPAQPAS1-35,HPAQPAS1-76,753.0662958639401,69.51
randomized_negative_control,High Plains aquifer (HPAQ),HPAQPAS1-31,HPAQPAS1-47,313.1714271655344,62.49999999999999
randomized_negative_control,High Plains aquifer (HPAQ),HPAQPAS1-39,HPAQPAS1-46,194.7687217337938,-69.21000000000001
randomized_negative_control,High Plains aquifer (HPAQ),HPAQPAS1-69,HPAQPAS1-26,981.222447635086,-17.990000000000002
randomized_negative_control,High Plains aquifer (HPAQ),HPAQPAS1-05,HPAQPAS1-48,299.1579756461519,-8.840000000000003
randomized_negative_control,High Plains aquifer (HPAQ),HPAQPAS1-17,HPAQPAS1-32,367.8603276187429,38.720000000000006
randomized_negative_control,High Plains aquifer (HPAQ),HPAQPAS1-32,HPAQPAS1-49,659.5883691678868,-22.560000000000002
randomized_negative_control,High Plains aquifer (HPAQ),HPAQPAS1-26,HPAQPAS1-17,345.4034212739711,11.590000000000003
randomized_negative_control,High Plains aquifer (HPAQ),HPAQPAS1-16,HPAQPAS1-20,386.3446298980037,-11.59
randomized_negative_control,High Plains aquifer (HPAQ),HPAQPAS1-15,HPAQPAS1-40,510.0924641956178,-166.15
randomized_negative_control,High Plains aquifer (HPAQ),HPAQPAS1-26,HPAQPAS1-68,943.193422553431,31.4
randomized_negative_control,High Plains aquifer (HPAQ),HPAQPAS1-38,HPAQPAS1-78,771.6835960495836,-36.58000000000001
randomized_negative_control,High Plains aquifer (HPAQ),HPAQPAS1-58,HPAQPAS1-05,146.72912189117616,-38.10999999999999
randomized_negative_control,High Plains aquifer (HPAQ),HPAQPAS1-68,HPAQPAS1-21,849.6837025681125,-13.409999999999997
randomized_negative_control,High Plains aquifer (HPAQ),HPAQPAS1-26,HPAQPAS1-33,168.17319544909483,65.25
randomized_negative_control,High Plains aquifer (HPAQ),HPAQPAS1-02,HPAQPAS1-24,992.9690904853105,35.67
randomized_negative_control,High Plains aquifer (HPAQ),HPAQPAS1-55,HPAQPAS1-33,462.73966159168566,46.35000000000001
randomized_negative_control,High Plains aquifer (HPAQ),HPAQPAS1-20,HPAQPAS1-71,805.1293275186691,44.82
randomized_negative_control,High Plains aquifer (HPAQ),HPAQPAS1-55,HPAQPAS1-74,383.94016994647455,15.25
randomized_negative_control,High Plains aquifer (HPAQ),HPAQPAS1-42,HPAQPAS1-19,263.3012031331614,-70.73
randomized_negative_control,High Plains aquifer (HPAQ),HPAQPAS1-69,HPAQPAS1-16,1171.2833760890458,-39.019999999999996
randomized_negative_control,Northern Atlantic Coastal Plain aquifer system (NACP),NACPPASGB-20,NACPPASGB-55,524.4249896781172,
randomized_negative_control,Northern Atlantic Coastal Plain aquifer system (NACP),NACPPASGB-55,NACPPASGB-20,524.4249896781172,
randomized_negative_control,Northern Atlantic Coastal Plain aquifer system (NACP),NACPPASGB-20,NACPPASGA-16,277.3517979236842,
randomized_negative_control,Northern Atlantic Coastal Plain aquifer system (NACP),NACPPASGA-16,NACPPASGA-43,162.00478828883996,19.809999999999995
randomized_negative_control,Northern Atlantic Coastal Plain aquifer system (NACP),NACPPASGA-16,NACPPASGB-55,771.9321328849264,115.52000000000001
randomized_negative_control,Northern Atlantic Coastal Plain aquifer system (NACP),NACPPASGA-44,NACPPASGA-43,31.770214870110088,-5.190000000000005
randomized_negative_control,Northern Atlantic Coastal Plain aquifer system (NACP),NACPPASGB-06,NACPPASGA-32,123.54891810930664,-48.78000000000001
randomized_negative_control,Ozark Plateaus aquifer system (OZRK),OZRKPAS1-06,OZRKPAS1-01,448.64452296424844,-23.47
randomized_negative_control,Ozark Plateaus aquifer system (OZRK),OZRKPAS1-10,OZRKPAS1-09,57.243468388041116,-129.57999999999998
randomized_negative_control,Ozark Plateaus aquifer system (OZRK),OZRKPAS1-03,OZRKPAS1-13,165.00130373117707,
randomized_negative_control,Ozark Plateaus aquifer system (OZRK),OZRKPAS1-06,OZRKPAS1-03,439.1068207283214,
randomized_negative_control,Ozark Plateaus aquifer system (OZRK),OZRKPAS1-10,OZRKPAS1-01,296.93401236443805,-339.94
randomized_negative_control,Ozark Plateaus aquifer system (OZRK),OZRKPAS1-59,OZRKPAS1-42,249.93925372348087,
randomized_negative_control,Ozark Plateaus aquifer system (OZRK),OZRKPAS1-09,OZRKPAS1-34,148.89168595202074,27.439999999999998
randomized_negative_control,Ozark Plateaus aquifer system (OZRK),OZRKPAS1-34,OZRKPAS1-09,148.89168595202074,-27.439999999999998
randomized_negative_control,Ozark Plateaus aquifer system (OZRK),OZRKPAS1-01,OZRKPAS1-10,296.93401236443805,339.94
randomized_negative_control,Ozark Plateaus aquifer system (OZRK),OZRKPAS1-01,OZRKPAS1-59,107.36597272340477,
randomized_negative_control,Ozark Plateaus aquifer system (OZRK),OZRKPAS1-34,OZRKPAS1-16,167.36366273213997,51.21999999999997
randomized_negative_control,Ozark Plateaus aquifer system (OZRK),OZRKPAS1-59,OZRKPAS1-09,256.0567324948244,
randomized_negative_control,Ozark Plateaus aquifer system (OZRK),OZRKPAS1-07,OZRKPAS1-10,97.28779617748826,263.72
randomized_negative_control,Piedmont and Blue Ridge crystalline-rock aquifers (PDBR),PDBRPAS1-11,PDBRPAS1-32,303.70001932446183,84.75
randomized_negative_control,Piedmont and Blue Ridge crystalline-rock aquifers (PDBR),PDBRPAS1-14,PDBRPAS1-30,750.2027726508585,
randomized_negative_control,Piedmont and Blue Ridge crystalline-rock aquifers (PDBR),PDBRPAS1-28,PDBRPAS1-50,821.7088128482143,118.29999999999998
randomized_negative_control,Piedmont and Blue Ridge crystalline-rock aquifers (PDBR),PDBRPAS1-20,PDBRPAS1-14,128.20045852432284,-47.25999999999999
randomized_negative_control,Piedmont and Blue Ridge crystalline-rock aquifers (PDBR),PDBRPAS1-32,PDBRPAS1-24,396.4236898161145,-80.78999999999999
randomized_negative_control,Piedmont and Blue Ridge crystalline-rock aquifers (PDBR),PDBRPAS1-02,PDBRPAS1-50,207.48803317897747,-6.700000000000017
randomized_negative_control,Piedmont and Blue Ridge crystalline-rock aquifers (PDBR),PDBRPAS1-55,PDBRPAS1-11,658.1749454123201,-33.84
randomized_negative_control,Piedmont and Blue Ridge crystalline-rock aquifers (PDBR),PDBRPAS1-47,PDBRPAS1-04,311.51339053307095,
randomized_negative_control,Piedmont and Blue Ridge crystalline-rock aquifers (PDBR),PDBRPAS1-48,PDBRPAS1-30,893.6021981921268,
randomized_negative_control,Piedmont and Blue Ridge crystalline-rock aquifers (PDBR),PDBRPAS1-44,PDBRPAS1-47,640.4569052884907,
randomized_negative_control,Piedmont and Blue Ridge crystalline-rock aquifers (PDBR),PDBRPAS1-24,PDBRPAS1-22,136.56016228251386,-50.300000000000004
randomized_negative_control,Piedmont and Blue Ridge crystalline-rock aquifers (PDBR),PDBRPAS1-09,PDBRPAS1-55,429.91616709505786,-39.33000000000001
randomized_negative_control,Piedmont and Blue Ridge crystalline-rock aquifers (PDBR),PDBRPAS1-39,PDBRPAS1-20,653.0861324358567,-1.5200000000000102
randomized_negative_control,Piedmont and Blue Ridge crystalline-rock aquifers (PDBR),PDBRPAS1-48,PDBRPAS1-02,254.0321975113048,143.59
randomized_negative_control,Piedmont and Blue Ridge crystalline-rock aquifers (PDBR),PDBRPAS1-28,PDBRPAS1-20,772.0895068149251,109.75999999999999
randomized_negative_control,Piedmont and Blue Ridge crystalline-rock aquifers (PDBR),PDBRPAS1-44,PDBRPAS1-04,397.5856801841961,-45.74
randomized_negative_control,Piedmont and Blue Ridge crystalline-rock aquifers (PDBR),PDBRPAS1-22,PDBRPAS1-50,515.5088155002051,113.72
randomized_negative_control,Piedmont and Blue Ridge crystalline-rock aquifers (PDBR),PDBRPAS1-06,PDBRPAS1-30,540.1362178547822,
randomized_negative_control,Piedmont and Blue Ridge crystalline-rock aquifers (PDBR),PDBRPAS1-22,PDBRPAS1-09,263.1013523946844,119.51000000000002
randomized_negative_control,Piedmont and Blue Ridge crystalline-rock aquifers (PDBR),PDBRPAS1-53,PDBRPAS1-50,141.7457423214924,60.36999999999999
randomized_negative_control,Piedmont and Blue Ridge crystalline-rock aquifers (PDBR),PDBRPAS1-48,PDBRPAS1-24,415.1013424209932,73.47
randomized_negative_control,Rio Grande aquifer system (RIOG),RGAQPAS1-21,RGAQPAS1-48,311.08022595724333,318.6
randomized_negative_control,Rio Grande aquifer system (RIOG),RGAQPAS1-16,RGAQPAS1-54,432.81901976316266,-167.98999999999998
randomized_negative_control,Rio Grande aquifer system (RIOG),RGAQPAS1-29,RGAQPAS1-12,395.01497747754036,-158.84
randomized_negative_control,Rio Grande aquifer system (RIOG),RGAQPAS1-54,RGAQPAS1-25,304.4723457812066,-64.03
randomized_negative_control,Rio Grande aquifer system (RIOG),RGAQPAS1-13,RGAQPAS1-14,69.34582213506125,0.0
randomized_negative_control,Rio Grande aquifer system (RIOG),RGAQPAS1-60,RGAQPAS1-16,214.8771114982545,15.859999999999957
randomized_negative_control,Rio Grande aquifer system (RIOG),RGAQPAS1-36,RGAQPAS1-29,477.1954945084317,198.17000000000002
randomized_negative_control,Rio Grande aquifer system (RIOG),RGAQPAS1-06,RGAQPAS1-34,83.39108008492082,-3.039999999999992
randomized_negative_control,Rio Grande aquifer system (RIOG),RGAQPAS1-55,RGAQPAS1-41,324.0678843798752,-29.27000000000001
randomized_negative_control,Rio Grande aquifer system (RIOG),RGAQPAS1-27,RGAQPAS1-07,137.94160897615203,-89.32999999999998
randomized_negative_control,Rio Grande aquifer system (RIOG),RGAQPAS1-47,RGAQPAS1-12,282.9953955184736,-149.69
randomized_negative_control,Rio Grande aquifer system (RIOG),RGAQPAS1-12,RGAQPAS1-25,183.50394084635653,3.3499999999999943
randomized_negative_control,Rio Grande aquifer system (RIOG),RGAQPAS1-48,RGAQPAS1-16,245.4556887096965,-199.39000000000004
randomized_negative_control,Rio Grande aquifer system (RIOG),RGAQPAS1-25,RGAQPAS1-55,265.3917118074052,115.86000000000001
randomized_negative_control,Rio Grande aquifer system (RIOG),RGAQPAS1-60,RGAQPAS1-13,184.59226688184037,-207.01000000000002
randomized_negative_control,Rio Grande aquifer system (RIOG),RGAQPAS1-16,RGAQPAS1-22,20.743750114131366,-53.96999999999997
randomized_negative_control,Rio Grande aquifer system (RIOG),RGAQPAS1-21,RGAQPAS1-43,151.4216830856427,45.73000000000002
randomized_negative_control,Rio Grande aquifer system (RIOG),RGAQPAS1-26,RGAQPAS1-13,36.79749491849027,-15.239999999999995
randomized_negative_control,Rio Grande aquifer system (RIOG),RGAQPAS1-29,RGAQPAS1-34,40.30568298899695,-12.189999999999998
randomized_negative_control,Rio Grande aquifer system (RIOG),RGAQPAS1-07,RGAQPAS1-29,124.93113289175915,162.19
randomized_negative_control,Rio Grande aquifer system (RIOG),RGAQPAS1-03,RGAQPAS1-43,437.4016586192921,45.73000000000002
randomized_negative_control,Rio Grande aquifer system (RIOG),RGAQPAS1-43,RGAQPAS1-11,444.4862590037075,-78.05000000000001
randomized_negative_control,Rio Grande aquifer system (RIOG),RGAQPAS1-14,RGAQPAS1-33,376.1618186033458,222.55999999999997
randomized_negative_control,Rio Grande aquifer system (RIOG),RGAQPAS1-14,RGAQPAS1-22,136.3346173913795,168.9
randomized_negative_control,Rio Grande aquifer system (RIOG),RGAQPAS1-11,RGAQPAS1-24,332.3406039749212,126.82999999999998
randomized_negative_control,Rio Grande aquifer system (RIOG),RGAQPAS1-34,RGAQPAS1-47,635.6285844859048,3.039999999999992
randomized_negative_control,Rio Grande aquifer system (RIOG),RGAQPAS1-34,RGAQPAS1-24,299.2058009790969,64.01999999999998
randomized_negative_control,Rio Grande aquifer system (RIOG),RGAQPAS1-26,RGAQPAS1-44,93.52483206632996,-83.83999999999999
randomized_negative_control,Rio Grande aquifer system (RIOG),RGAQPAS1-10,RGAQPAS1-48,193.68506691338425,-111.27999999999997
randomized_negative_control,Valley and Ridge and Piedmont and Blue Ridge carbonate-rock aquifers (VRPD),VRPDPAS1-11,VRPDPAS1-39,171.1768682699588,30.189999999999998
randomized_negative_control,Valley and Ridge and Piedmont and Blue Ridge carbonate-rock aquifers (VRPD),VRPDPAS1-02,VRPDPAS1-19,555.5591245254988,
randomized_negative_control,Valley and Ridge and Piedmont and Blue Ridge carbonate-rock aquifers (VRPD),VRPDPAS1-53,VRPDPAS1-05,355.3778944594664,
randomized_negative_control,Valley and Ridge and Piedmont and Blue Ridge carbonate-rock aquifers (VRPD),VRPDPAS1-30,VRPDPAS1-02,769.4377146497221,31.700000000000003
randomized_negative_control,Valley and Ridge and Piedmont and Blue Ridge carbonate-rock aquifers (VRPD),VRPDPAS1-02,VRPDPAS1-55,405.8944487181033,125.60999999999999
randomized_negative_control,Valley and Ridge and Piedmont and Blue Ridge carbonate-rock aquifers (VRPD),VRPDPAS1-15,VRPDPAS1-06,866.5840374842732,88.41
randomized_negative_control,Valley and Ridge and Piedmont and Blue Ridge carbonate-rock aquifers (VRPD),VRPDPAS1-15,VRPDPAS1-05,849.7207930099447,86.89000000000001
randomized_negative_control,Valley and Ridge and Piedmont and Blue Ridge carbonate-rock aquifers (VRPD),VRPDPAS1-06,VRPDPAS1-19,646.3521083011655,
randomized_negative_control,Valley and Ridge and Piedmont and Blue Ridge carbonate-rock aquifers (VRPD),VRPDPAS1-33,VRPDPAS1-01,738.3008196374213,-163.11
randomized_negative_control,Valley and Ridge and Piedmont and Blue Ridge carbonate-rock aquifers (VRPD),VRPDPAS1-11,VRPDPAS1-20,63.956642913480394,-76.22000000000001
randomized_negative_control,Valley and Ridge and Piedmont and Blue Ridge carbonate-rock aquifers (VRPD),VRPDPAS1-56,VRPDPAS1-46,588.6846884445995,
randomized_negative_control,Valley and Ridge and Piedmont and Blue Ridge carbonate-rock aquifers (VRPD),VRPDPAS1-37,VRPDPAS1-22,273.30007797462514,-17.379999999999995
randomized_negative_control,Valley and Ridge and Piedmont and Blue Ridge carbonate-rock aquifers (VRPD),VRPDPAS1-55,VRPDPAS1-11,385.1644297950799,-51.829999999999984
randomized_negative_control,Valley and Ridge and Piedmont and Blue Ridge carbonate-rock aquifers (VRPD),VRPDPAS1-32,VRPDPAS1-06,887.0281498384551,
randomized_negative_control,Valley and Ridge and Piedmont and Blue Ridge carbonate-rock aquifers (VRPD),VRPDPAS1-06,VRPDPAS1-29,809.4488008790001,-30.49000000000001
randomized_negative_control,Valley and Ridge and Piedmont and Blue Ridge carbonate-rock aquifers (VRPD),VRPDPAS1-05,VRPDPAS1-56,506.87896792042915,
randomized_negative_control,Valley and Ridge and Piedmont and Blue Ridge carbonate-rock aquifers (VRPD),VRPDPAS1-53,VRPDPAS1-01,281.6659197095852,
randomized_negative_control,Valley and Ridge and Piedmont and Blue Ridge carbonate-rock aquifers (VRPD),VRPDPAS1-55,VRPDPAS1-29,360.78813953660324,-128.05
randomized_negative_control,Valley and Ridge and Piedmont and Blue Ridge carbonate-rock aquifers (VRPD),VRPDPAS1-44,VRPDPAS1-05,954.4866439409647,65.55000000000001
randomized_negative_control,Valley and Ridge and Piedmont and Blue Ridge carbonate-rock aquifers (VRPD),VRPDPAS1-19,VRPDPAS1-35,62.581841957118236,
randomized_negative_control,Valley and Ridge and Piedmont and Blue Ridge carbonate-rock aquifers (VRPD),VRPDPAS1-53,VRPDPAS1-19,321.23658935971076,
randomized_negative_control,Valley and Ridge and Piedmont and Blue Ridge carbonate-rock aquifers (VRPD),VRPDPAS1-36,VRPDPAS1-11,160.75024728197164,40.24000000000001
randomized_negative_control,Valley and Ridge and Piedmont and Blue Ridge carbonate-rock aquifers (VRPD),VRPDPAS1-56,VRPDPAS1-18,315.2113605973466,
randomized_negative_control,Valley and Ridge and Piedmont and Blue Ridge carbonate-rock aquifers (VRPD),VRPDPAS1-30,VRPDPAS1-18,58.223472182039046,
randomized_negative_control,Valley and Ridge and Piedmont and Blue Ridge carbonate-rock aquifers (VRPD),VRPDPAS1-39,VRPDPAS1-26,53.23403726650102,-154.58
randomized_negative_control,Valley and Ridge and Piedmont and Blue Ridge carbonate-rock aquifers (VRPD),VRPDPAS1-26,VRPDPAS1-33,650.6483586769859,170.12
randomized_negative_control,Valley and Ridge and Piedmont and Blue Ridge carbonate-rock aquifers (VRPD),VRPDPAS1-33,VRPDPAS1-35,258.44884580828494,
