site_id,ref_age,est_age_multi,est_age_3h,fit_aic,fit_objective,fit_mean_age_years,fit_secondary_param_name,fit_secondary_param_value,fit_model_aiccs_json,young_gas_proxy_coherence,age_class,factor_gas_correction_mode,modern_fraction,modern_age,old_age,reported_model,multi_model,model_strategy,tracer_mode,n_tracers,c14_initial_pmc,c14_correction_mode,c14_correction_model,c14_correction_strategy,c14_candidate_count,c14_candidate_models,c14_candidate_spread_pmc,c14_effective_source,c14_effective_pmc,he4_calibrated,he4_uncertainty_mode,he4_accumulation_rate,he4_rate_uncertainty_fraction,he4_sigma_effective_ccpg,he4_source,dissolved_gas_correction,dgm_name,young_gas_masking_mode,young_gas_proxy_names,young_gas_proxy_count,young_gas_proxy_values,young_gas_selected_mode,young_gas_screen_reason,young_gas_corrected_proxy_coherence,young_gas_raw_proxy_coherence,young_gas_corrected_fit_aic,young_gas_raw_fit_aic,young_gas_corrected_fit_objective,young_gas_raw_fit_objective,young_gas_delta_aic_raw_minus_corrected,young_gas_delta_objective_raw_minus_corrected,fit_converged,error_multi,log10_error,within_factor_2,within_factor_10,failure_reason,young_gas_masked_tracers,young_gas_masked_reason,young_gas_masked_count,c14_strategy,c14_effective_a0_pmc,old_groundwater_case,old_groundwater_active_constraints,old_groundwater_constraint_count,old_groundwater_status,old_groundwater_apparent_c14_age,old_groundwater_apparent_he4_age,old_groundwater_constraint_gap_log10,scenario_id,scenario_label,scenario_purpose,design_age_steps
BISCPAS1-04,154.0,309.94015360000003,9.602457713816435,16.108173606709734,18.418171573644052,,binary_fraction,0.2,"{""BMM-DM-DM"": 16.108173606709734}",1.0192909386556182,intermediate_50_1000,usgs_dgm,0.13891198161671284,9.602457713816435,4197.7315489147795,BMM-DM-DM,BMM-DM-DM,reported,"3H, 3He(trit), 14C",4,100.0,selected,Use scaling factor,selected,1,Use scaling factor,0.0,raw_fallback,59.3,False,calibrated,1e-11,,,calibrated,dgm_sf6,Unfractionated excess air (UA),soft_reliability,3H|3H/3He|SF6,3,3H:8.02|3H/3He:22.4|SF6:0.1,usgs_dgm,,,,,,,,,,True,155.94015360000003,0.303757123093229,False,True,,SF6,SF6:above_historical_max_downweighted+excessively_modern_vs_independent_proxy_downweighted,1,selected,100.0,14C_only,14C,1,single_tracer,4197.7315489147795,,,parity_reported_corrected,"USGS parity, corrected inputs",Baseline Phase-1 parity mode using reported LPM family and USGS-corrected inputs where available.,90
BISCPAS1-25,52.6,0.25,6.221707460890354,16.259031852746965,85.71709874437033,0.25,dispersion,0.3,"{""DM"": 16.259031852746965}",0.8494272609438218,intermediate_50_1000,usgs_dgm,0.9950248756218907,6.221707460890354,972.3008918528926,DM,DM,reported,"3H, 14C",4,100.0,selected,Use scaling factor,selected,1,Use scaling factor,0.0,raw_fallback,88.6,False,calibrated,1e-11,,,calibrated,dgm_sf6,Unfractionated excess air (UA),soft_reliability,3H|3H/3He|SF6,3,3H:8.02|3H/3He:4.77|SF6:0.1,usgs_dgm,,,,,,,,,,True,52.35,2.3230457354817013,False,False,,SF6,SF6:above_historical_max_downweighted+excessively_modern_vs_independent_proxy_downweighted,1,selected,100.0,14C_only,14C,1,single_tracer,972.3008918528926,,,parity_reported_corrected,"USGS parity, corrected inputs",Baseline Phase-1 parity mode using reported LPM family and USGS-corrected inputs where available.,90
BNRCPAS1-03,85.4,206.0,7.518796992481203,4.603245977305691,2.7041027837841716,206.0,dispersion,0.1,"{""DM"": 4.603245977305691}",0.09476640776656697,intermediate_50_1000,usgs_dgm,0.1953125,7.518796992481203,,DM,DM,reported,3H,2,100.0,selected,Use scaling factor,selected,1,Use scaling factor,0.0,raw_fallback,,False,calibrated,1e-11,,,calibrated,dgm_sf6,Unfractionated excess air (UA),soft_reliability,3H|SF6,2,3H:7.52|SF6:11.6,usgs_dgm,,,,,,,,,,True,120.6,0.38240934968014817,False,True,,SF6,SF6:excessively_modern_vs_independent_proxy_downweighted,1,selected,100.0,none,,0,none,,,,parity_reported_corrected,"USGS parity, corrected inputs",Baseline Phase-1 parity mode using reported LPM family and USGS-corrected inputs where available.,90
BNRCPAS1-09,102.0,2775.0754538000006,11.510025463611864,22.535925223015973,91.86091750007904,,binary_fraction,0.2,"{""BMM-DM-DM"": 22.535925223015973}",0.29855837603371554,intermediate_50_1000,usgs_dgm,0.017698642325728025,11.510025463611864,3423.489076585936,BMM-DM-DM,BMM-DM-DM,reported,"3H, 14C",4,100.0,selected,Use scaling factor,selected,1,Use scaling factor,0.0,raw_fallback,65.3,False,calibrated,1e-11,,,calibrated,dgm_sf6,Unfractionated excess air (UA),soft_reliability,3H|3H/3He|SF6,3,3H:7.52|3H/3He:35.5|SF6:28.7,usgs_dgm,,,,,,,,,,True,2673.0754538000006,1.4346746242457797,False,False,,,,0,selected,100.0,14C_only,14C,1,single_tracer,3423.489076585936,,,parity_reported_corrected,"USGS parity, corrected inputs",Baseline Phase-1 parity mode using reported LPM family and USGS-corrected inputs where available.,90
BNRCPAS1-11,76.9,130.5,9.429367779322765,24.081695439390323,135.1950054471404,,binary_fraction,0.5,"{""BMM-DM-DM"": 24.081695439390323}",0.1507905782841495,intermediate_50_1000,usgs_dgm,0.2770083102493075,9.429367779322765,3698.790162269942,BMM-DM-DM,BMM-DM-DM,reported,"3H, SF6, 14C",4,100.0,selected,Use scaling factor,selected,1,Use scaling factor,0.0,raw_fallback,63.1,False,calibrated,1e-11,,,calibrated,dgm_sf6,Unfractionated excess air (UA),soft_reliability,3H|3H/3He|SF6,3,3H:7.52|3H/3He:14|SF6:17,usgs_dgm,,,,,,,,,,True,53.599999999999994,0.2296841718728686,True,True,,,,0,selected,100.0,14C_only,14C,1,single_tracer,3698.790162269942,,,parity_reported_corrected,"USGS parity, corrected inputs",Baseline Phase-1 parity mode using reported LPM family and USGS-corrected inputs where available.,90
BNRCPAS1-12,65.3,59.22871149659831,9.523809523809524,14.296102786976746,92.8185536139785,59.22871149659831,dispersion,0.9161449164048729,"{""DM"": 14.296102786976746}",0.06780538161556848,intermediate_50_1000,usgs_dgm,0.457755102252187,9.523809523809524,3265.1382326125618,DM,DM,reported,"3H, 14C",3,100.0,selected,Use scaling factor,selected,1,Use scaling factor,0.0,raw_fallback,66.6,False,calibrated,1e-11,,,calibrated,dgm_sf6,Unfractionated excess air (UA),soft_reliability,3H|SF6,2,3H:9.52|SF6:6.97,usgs_dgm,,,,,,,,,,True,6.071288503401689,0.04238089648157395,True,True,,SF6,SF6:excessively_modern_vs_independent_proxy_downweighted,1,selected,100.0,14C_only,14C,1,single_tracer,3265.1382326125618,,,parity_reported_corrected,"USGS parity, corrected inputs",Baseline Phase-1 parity mode using reported LPM family and USGS-corrected inputs where available.,90
BNRCPAS1-19,66.4,24.544239563697797,19.677366552100825,17.788806935594717,125.64947616988185,24.544239563697797,dispersion,0.031531908635422955,"{""DM"": 17.788806935594717}",0.2906096571505677,intermediate_50_1000,usgs_dgm,0.6707426394399687,19.677366552100825,3547.4575862627103,DM,DM,reported,"3H, 3He(trit), 14C",4,100.0,selected,Use scaling factor,selected,1,Use scaling factor,0.0,raw_fallback,64.3,False,calibrated,1e-11,,,calibrated,dgm_sf6,Closed-system equilibration (CE),soft_reliability,3H|3H/3He|SF6,3,3H:7.52|3H/3He:38|SF6:20.8,usgs_dgm,,,,,,,,,,True,41.855760436302205,0.4322184981533894,False,True,,,,0,selected,100.0,14C_only,14C,1,single_tracer,3547.4575862627103,,,parity_reported_corrected,"USGS parity, corrected inputs",Baseline Phase-1 parity mode using reported LPM family and USGS-corrected inputs where available.,90
BNRFPAS1-02,747.0,6232.641689599998,7.01754385964912,15.281031226243698,14.977546321058849,,binary_fraction,0.8,"{""BMM-DM-DM"": 15.281031226243698}",0.36357995712065544,intermediate_50_1000,usgs_dgm,0.007958435713876178,7.01754385964912,3074.4349146069753,BMM-DM-DM,BMM-DM-DM,reported,"3H, SF6, 14C, 4He",4,100.0,selected,Use scaling factor,selected,1,Use scaling factor,0.0,raw_fallback,68.2,True,calibrated,1e-11,,9.75e-09,calibrated,dgm_sf6,Unfractionated excess air (UA),soft_reliability,3H|SF6,2,3H:7.02|SF6:37.4,usgs_dgm,,,,,,,,,,True,5485.641689599998,0.9213515584951035,False,True,,SF6,SF6:excessively_modern_vs_independent_proxy_downweighted,1,selected,100.0,14C+4He,14C|4He,2,conflict,3074.4349146069753,19500.000000000004,0.8022693078430438,parity_reported_corrected,"USGS parity, corrected inputs",Baseline Phase-1 parity mode using reported LPM family and USGS-corrected inputs where available.,90
BNRFPAS1-04,60.8,25.251180668594955,,32.22165817067644,4636.471502066224,25.251180668594955,dispersion,0.020361574917353638,"{""DM"": 32.22165817067644}",0.0,intermediate_50_1000,usgs_dgm,0.6644414021914052,,1267.8008763599244,DM,DM,reported,"14C, 4He",4,100.0,selected,Use scaling factor,selected,1,Use scaling factor,0.0,raw_fallback,85.4,True,calibrated,1e-11,,5.288e-10,calibrated,dgm_sf6,Closed-system equilibration (CE),soft_reliability,SF6,1,SF6:27.9,usgs_dgm,,,,,,,,,,True,35.54881933140504,0.3816218900510029,False,True,,,,0,selected,100.0,14C+4He,14C|4He,2,agreement,1267.8008763599244,1058.0,0.07856537994040869,parity_reported_corrected,"USGS parity, corrected inputs",Baseline Phase-1 parity mode using reported LPM family and USGS-corrected inputs where available.,90
BNRFPAS1-07,52.5,43.32606469026084,176.94235588972435,21.29563143053387,301.9321184464291,43.32606469026084,dispersion,0.8418756159413506,"{""DM"": 21.29563143053387}",0.3687833559503143,intermediate_50_1000,usgs_dgm,0.5357560094915029,176.94235588972435,,DM,DM,reported,"3H, SF6, 14C",4,100.0,selected,Use scaling factor,selected,1,Use scaling factor,0.0,raw_fallback,105.1,True,calibrated,1e-11,,1.808e-08,calibrated,dgm_sf6,Closed-system equilibration (CE),soft_reliability,3H|SF6,2,3H:177|SF6:32.4,usgs_dgm,,,,,,,,,,True,9.173935309739157,0.08341005958090641,True,True,,,,0,selected,100.0,4He_only,4He,1,single_tracer,,36170.00000000001,,parity_reported_corrected,"USGS parity, corrected inputs",Baseline Phase-1 parity mode using reported LPM family and USGS-corrected inputs where available.,90
BNRFPAS1-08,50.3,202.8,7.01754385964912,18.201744627567486,46.17909306130254,,binary_fraction,0.2,"{""BMM-DM-DM"": 18.201744627567486}",0.2850767263526193,intermediate_50_1000,usgs_dgm,0.19778481012658228,7.01754385964912,775.2720627593187,BMM-DM-DM,BMM-DM-DM,reported,"3H, SF6, 14C",3,100.0,selected,Use scaling factor,selected,1,Use scaling factor,0.0,raw_fallback,90.8,False,calibrated,1e-11,,,calibrated,dgm_sf6,Unfractionated excess air (UA),soft_reliability,3H|SF6,2,3H:7.02|SF6:26.1,usgs_dgm,,,,,,,,,,True,152.5,0.6054999656053712,False,True,,,,0,selected,100.0,14C_only,14C,1,single_tracer,775.2720627593187,,,parity_reported_corrected,"USGS parity, corrected inputs",Baseline Phase-1 parity mode using reported LPM family and USGS-corrected inputs where available.,90
BNRFPAS1-10,62.4,1.4644384107000288,21.437066877835775,59.64416804840961,4400973.714793812,1.4644384107000288,dispersion,2.000259427505881,"{""DM"": 59.64416804840961}",0.3465125371345153,intermediate_50_1000,usgs_dgm,0.9715446538245804,21.437066877835775,,DM,DM,reported,"3H, 3He(trit)",4,100.0,selected,Use scaling factor,selected,1,Use scaling factor,0.0,raw_fallback,,True,calibrated,1e-11,,2.187e-11,calibrated,dgm_sf6,Unfractionated excess air (UA),soft_reliability,3H|3H/3He|SF6,3,3H:7.02|3H/3He:46.7|SF6:27.4,usgs_dgm,,,,,,,,,,True,60.93556158929997,1.6295134782298981,False,False,,,,0,selected,100.0,4He_only,4He,1,single_tracer,,43.75,,parity_reported_corrected,"USGS parity, corrected inputs",Baseline Phase-1 parity mode using reported LPM family and USGS-corrected inputs where available.,90
BNRFPAS1-12,432.0,6811.0950104,7.01754385964912,15.618958841712157,19.523103697434966,,binary_fraction,0.2,"{""BMM-DM-DM"": 15.618958841712157}",0.3503032895910309,intermediate_50_1000,usgs_dgm,0.007287466493935786,7.01754385964912,,BMM-DM-DM,BMM-DM-DM,reported,"3H, SF6",3,100.0,selected,Use scaling factor,selected,1,Use scaling factor,0.0,raw_fallback,,True,calibrated,1e-11,,1.063e-08,calibrated,dgm_sf6,Closed-system equilibration (CE),soft_reliability,3H|SF6,2,3H:7.02|SF6:35.2,usgs_dgm,,,,,,,,,,True,6379.0950104,1.197733191638986,False,False,,SF6,SF6:excessively_modern_vs_independent_proxy_downweighted,1,selected,100.0,4He_only,4He,1,single_tracer,,21270.0,,parity_reported_corrected,"USGS parity, corrected inputs",Baseline Phase-1 parity mode using reported LPM family and USGS-corrected inputs where available.,90
BNRFPAS1-15,199.0,1785.9247970000001,7.01754385964912,28.353886829813785,393.3760673020786,,binary_fraction,0.5,"{""BMM-DM-DM"": 28.353886829813785}",0.2682456475053107,intermediate_50_1000,usgs_dgm,0.027234230989037617,7.01754385964912,1467.80290853726,BMM-DM-DM,BMM-DM-DM,reported,"3H, 14C",4,100.0,selected,Use scaling factor,selected,1,Use scaling factor,0.0,raw_fallback,83.3,True,calibrated,1e-11,,1.491e-07,calibrated,dgm_sf6,Unfractionated excess air (UA),soft_reliability,3H|SF6,2,3H:7.02|SF6:24.1,usgs_dgm,,,,,,,,,,True,1586.9247970000001,0.9530100909448627,False,True,,SF6,SF6:excessively_modern_vs_independent_proxy_downweighted,1,selected,100.0,14C+4He,14C|4He,2,conflict,1467.80290853726,298100.0,2.307694232088267,parity_reported_corrected,"USGS parity, corrected inputs",Baseline Phase-1 parity mode using reported LPM family and USGS-corrected inputs where available.,90
BNRFPAS1-18,79.2,10.2228764,13.889924847506181,50.75692777779197,17340.90547782983,,binary_fraction,0.2,"{""BMM-DM-DM"": 50.75692777779197}",0.3724021114204389,intermediate_50_1000,usgs_dgm,0.8302492838087022,13.889924847506181,1812.6197927491937,BMM-DM-DM,BMM-DM-DM,reported,"3H, 3He(trit), SF6, 14C, 4He",5,100.0,selected,Use scaling factor,selected,1,Use scaling factor,0.0,raw_fallback,79.8,True,calibrated,1e-11,,3.184e-10,calibrated,dgm_sf6,Closed-system equilibration (CE),soft_reliability,3H|3H/3He|SF6,3,3H:7.02|3H/3He:48.5|SF6:37.6,usgs_dgm,,,,,,,,,,True,68.9771236,0.8891520716139345,False,True,,,,0,selected,100.0,14C+4He,14C|4He,2,tension,1812.6197927491937,636.7,0.4543718680609987,parity_reported_corrected,"USGS parity, corrected inputs",Baseline Phase-1 parity mode using reported LPM family and USGS-corrected inputs where available.,90
BNRFPAS1-21,183.0,577.6295498000001,10.459324551744125,17.366967649750183,21.820097360603622,,binary_fraction,0.2,"{""BMM-DM-DM"": 17.366967649750183}",0.439276676462262,intermediate_50_1000,usgs_dgm,0.07966482778883334,10.459324551744125,1545.3234136370152,BMM-DM-DM,BMM-DM-DM,reported,"3H, 14C, 4He",5,100.0,selected,Use scaling factor,selected,1,Use scaling factor,0.0,raw_fallback,82.5,True,calibrated,1e-11,,3.06e-09,calibrated,dgm_sf6,Unfractionated excess air (UA),soft_reliability,3H|3H/3He|SF6,3,3H:7.02|3H/3He:82.5|SF6:19.3,usgs_dgm,,,,,,,,,,True,394.62954980000006,0.4991983126061168,False,True,,SF6,SF6:excessively_modern_vs_independent_proxy_downweighted,1,selected,100.0,14C+4He,14C|4He,2,tension,1545.3234136370152,6119.0,0.597661068426651,parity_reported_corrected,"USGS parity, corrected inputs",Baseline Phase-1 parity mode using reported LPM family and USGS-corrected inputs where available.,90
BNRFPAS1-27,491.0,65.22012133492476,7.01754385964912,30.200629209332874,2797.416700829707,65.22012133492476,dispersion,-0.004262418388214482,"{""DM"": 30.200629209332874}",0.32113115011745247,intermediate_50_1000,usgs_dgm,0.43395198183014183,7.01754385964912,2796.608953280294,DM,DM,reported,"14C, 4He",4,100.0,selected,Use scaling factor,selected,1,Use scaling factor,0.0,raw_fallback,70.6,True,calibrated,1e-11,,6.566e-10,calibrated,dgm_sf6,Unfractionated excess air (UA),soft_reliability,3H|SF6,2,3H:7.02|SF6:30.8,usgs_dgm,,,,,,,,,,True,425.7798786650752,0.8766998896947467,False,True,,SF6,SF6:excessively_modern_vs_independent_proxy_downweighted,1,selected,100.0,14C+4He,14C|4He,2,tension,2796.608953280294,1313.0000000000002,0.32836701761293385,parity_reported_corrected,"USGS parity, corrected inputs",Baseline Phase-1 parity mode using reported LPM family and USGS-corrected inputs where available.,90
BNRFPAS1-39,114.0,167.15293880000002,8.33062826691204,21.100802318784186,64.1673773649591,,binary_fraction,0.2,"{""BMM-DM-DM"": 21.100802318784186}",0.3211132955579973,intermediate_50_1000,usgs_dgm,0.23025246757563106,8.33062826691204,1091.0398360039824,BMM-DM-DM,BMM-DM-DM,reported,"3H, 14C",4,100.0,selected,Use scaling factor,selected,1,Use scaling factor,0.0,raw_fallback,87.3,False,calibrated,1e-11,,,calibrated,dgm_sf6,Unfractionated excess air (UA),soft_reliability,3H|3H/3He|SF6,3,3H:7.02|3H/3He:35.6|SF6:31.7,usgs_dgm,,,,,,,,,,True,53.152938800000015,0.166209165209247,True,True,,,,0,selected,100.0,14C_only,14C,1,single_tracer,1091.0398360039824,,,parity_reported_corrected,"USGS parity, corrected inputs",Baseline Phase-1 parity mode using reported LPM family and USGS-corrected inputs where available.,90
BNRFPAS1-40,958.0,2382.1120567295425,7.01754385964912,15.634367684461775,73.32387574365761,2382.1120567295425,dispersion,2.0633584685107365,"{""DM"": 15.634367684461775}",0.279192590840525,intermediate_50_1000,usgs_dgm,0.020558263284642785,7.01754385964912,3265.1382326125618,DM,DM,reported,"14C, 4He",4,100.0,selected,Use scaling factor,selected,1,Use scaling factor,0.0,raw_fallback,66.6,True,calibrated,1e-11,,1.604e-08,calibrated,dgm_sf6,Unfractionated excess air (UA),soft_reliability,3H|SF6,2,3H:7.02|SF6:25.4,usgs_dgm,,,,,,,,,,True,1424.1120567295425,0.39559667815832533,False,True,,SF6,SF6:excessively_modern_vs_independent_proxy_downweighted,1,selected,100.0,14C+4He,14C|4He,2,conflict,3265.1382326125618,32080.000000000004,0.9923327873578334,parity_reported_corrected,"USGS parity, corrected inputs",Baseline Phase-1 parity mode using reported LPM family and USGS-corrected inputs where available.,90
BNRFPAS1-46,301.0,2775.0754538000006,7.01754385964912,15.490033443389223,18.70186845903411,,binary_fraction,0.2,"{""BMM-DM-DM"": 15.490033443389223}",0.07637777343889612,intermediate_50_1000,usgs_dgm,0.017698642325728025,7.01754385964912,2506.0932874122914,BMM-DM-DM,BMM-DM-DM,reported,"3H, 14C",3,100.0,selected,Use scaling factor,selected,1,Use scaling factor,0.0,raw_fallback,73.2,False,calibrated,1e-11,,,calibrated,dgm_sf6,Unfractionated excess air (UA),soft_reliability,3H|SF6,2,3H:7.02|SF6:4.94,usgs_dgm,,,,,,,,,,True,2474.0754538000006,0.9647083004138537,False,True,,SF6,SF6:excessively_modern_vs_independent_proxy_downweighted,1,selected,100.0,14C_only,14C,1,single_tracer,2506.0932874122914,,,parity_reported_corrected,"USGS parity, corrected inputs",Baseline Phase-1 parity mode using reported LPM family and USGS-corrected inputs where available.,90
BISCPAS1-01,25.6,728.2600756851893,9.954225711038392,12.976627414262856,37.72983703351707,728.2600756851893,dispersion,1.615543666640637,"{""DM"": 12.976627414262856}",0.36867203058836123,modern_le_50,usgs_dgm,0.06424587559111189,9.954225711038392,2016.513987338487,DM,DM,reported,"3H, 3He(trit), 14C",4,100.0,selected,Use scaling factor,selected,1,Use scaling factor,0.0,raw_fallback,77.8,False,calibrated,1e-11,,,calibrated,dgm_sf6,Unfractionated excess air (UA),soft_reliability,3H|3H/3He|SF6,3,3H:8.02|3H/3He:25.8|SF6:3.24,usgs_dgm,,,,,,,,,,True,702.6600756851893,1.4540465366170467,False,False,,SF6,SF6:above_historical_max_downweighted+excessively_modern_vs_independent_proxy_downweighted,1,selected,100.0,14C_only,14C,1,single_tracer,2016.513987338487,,,parity_reported_corrected,"USGS parity, corrected inputs",Baseline Phase-1 parity mode using reported LPM family and USGS-corrected inputs where available.,90
BISCPAS1-02,19.3,927.3691573881406,9.326245669559128,17.60188658589986,119.91294337138743,927.3691573881406,dispersion,2.0077970277576616,"{""DM"": 17.60188658589986}",0.17668791140058013,modern_le_50,usgs_dgm,0.05115774282627951,9.326245669559128,3181.1479230274094,DM,DM,reported,"3H, SF6, 3He(trit), 14C",4,100.0,selected,Use scaling factor,selected,1,Use scaling factor,0.0,raw_fallback,67.3,False,calibrated,1e-11,,,calibrated,dgm_sf6,Unfractionated excess air (UA),soft_reliability,3H|3H/3He|SF6,3,3H:8.02|3H/3He:19|SF6:19,usgs_dgm,,,,,,,,,,True,908.0691573881406,1.6816953389474416,False,False,,,,0,selected,100.0,14C_only,14C,1,single_tracer,3181.1479230274094,,,parity_reported_corrected,"USGS parity, corrected inputs",Baseline Phase-1 parity mode using reported LPM family and USGS-corrected inputs where available.,90
BISCPAS1-03,21.4,723.823240141548,9.932800530503636,16.535990308708456,91.86241222009659,723.823240141548,dispersion,2.0477713656439125,"{""DM"": 16.535990308708456}",0.21012729133106936,modern_le_50,usgs_dgm,0.0646142392813816,9.932800530503636,3866.016377305877,DM,DM,reported,"3H, SF6, 3He(trit), 14C",4,100.0,selected,Use scaling factor,selected,1,Use scaling factor,0.0,raw_fallback,61.8,False,calibrated,1e-11,,,calibrated,dgm_sf6,Unfractionated excess air (UA),soft_reliability,3H|3H/3He|SF6,3,3H:8.02|3H/3He:24.6|SF6:19.5,usgs_dgm,,,,,,,,,,True,702.423240141548,1.5292187497490464,False,False,,,,0,selected,100.0,14C_only,14C,1,single_tracer,3866.016377305877,,,parity_reported_corrected,"USGS parity, corrected inputs",Baseline Phase-1 parity mode using reported LPM family and USGS-corrected inputs where available.,90
BISCPAS1-05,10.1,920.9031398618689,8.277033614277945,19.9807861064643,217.34607258644172,920.9031398618689,dispersion,1.393105169405121,"{""DM"": 19.9807861064643}",0.054062597527212465,modern_le_50,usgs_dgm,0.0514984429931018,8.277033614277945,2375.472523249279,DM,DM,reported,"3H, SF6, 3He(trit), 14C",4,100.0,selected,Use scaling factor,selected,1,Use scaling factor,0.0,raw_fallback,74.4,False,calibrated,1e-11,,,calibrated,dgm_sf6,Unfractionated excess air (UA),soft_reliability,3H|3H/3He|SF6,3,3H:8.02|3H/3He:9.95|SF6:10.8,usgs_dgm,,,,,,,,,,True,910.8031398618689,1.9598925799368332,False,False,,,,0,selected,100.0,14C_only,14C,1,single_tracer,2375.472523249279,,,parity_reported_corrected,"USGS parity, corrected inputs",Baseline Phase-1 parity mode using reported LPM family and USGS-corrected inputs where available.,90
BISCPAS1-06,24.0,246.4398169050777,8.020050125313281,2.769553663957012,1.9906545614162345,246.4398169050777,dispersion,2.6004248405561636,"{""DM"": 2.769553663957012}",0.9520885413165789,modern_le_50,usgs_dgm,0.16866830010224432,8.020050125313281,2386.276828845748,DM,DM,reported,"3H, 14C",3,100.0,selected,Use scaling factor,selected,1,Use scaling factor,0.0,raw_fallback,74.3,False,calibrated,1e-11,,,calibrated,dgm_sf6,Unfractionated excess air (UA),soft_reliability,3H|SF6,2,3H:8.02|SF6:0.1,usgs_dgm,,,,,,,,,,True,222.4398169050777,1.011499635746465,False,False,,SF6,SF6:above_historical_max_downweighted+excessively_modern_vs_independent_proxy_downweighted,1,selected,100.0,14C_only,14C,1,single_tracer,2386.276828845748,,,parity_reported_corrected,"USGS parity, corrected inputs",Baseline Phase-1 parity mode using reported LPM family and USGS-corrected inputs where available.,90
BISCPAS1-07,25.0,1201.683877202759,8.589687178415664,18.741360770691138,159.43471909794206,1201.683877202759,dispersion,1.987386721635348,"{""DM"": 18.741360770691138}",0.19078960230523268,modern_le_50,usgs_dgm,0.039946188419187054,8.589687178415664,3801.285970643896,DM,DM,reported,"3H, SF6, 14C",4,100.0,selected,Use scaling factor,selected,1,Use scaling factor,0.0,raw_fallback,62.3,False,calibrated,1e-11,,,calibrated,dgm_sf6,Unfractionated excess air (UA),soft_reliability,3H|3H/3He|SF6,3,3H:8.02|3H/3He:12.3|SF6:23.4,usgs_dgm,,,,,,,,,,True,1176.683877202759,1.6818502256809438,False,False,,,,0,selected,100.0,14C_only,14C,1,single_tracer,3801.285970643896,,,parity_reported_corrected,"USGS parity, corrected inputs",Baseline Phase-1 parity mode using reported LPM family and USGS-corrected inputs where available.,90
BISCPAS1-08,20.7,751.8944124094254,9.819097966730356,16.5894023253463,93.09727762575143,751.8944124094254,dispersion,2.003893831063232,"{""DM"": 16.5894023253463}",0.20467370147946748,modern_le_50,usgs_dgm,0.062352348671150686,9.819097966730356,2550.1098358995287,DM,DM,reported,"3H, SF6, 3He(trit), 14C",4,100.0,selected,Use scaling factor,selected,1,Use scaling factor,0.0,raw_fallback,72.8,False,calibrated,1e-11,,,calibrated,dgm_sf6,Unfractionated excess air (UA),soft_reliability,3H|3H/3He|SF6,3,3H:8.02|3H/3He:23.5|SF6:19.8,usgs_dgm,,,,,,,,,,True,731.1944124094254,1.5601865119863851,False,False,,,,0,selected,100.0,14C_only,14C,1,single_tracer,2550.1098358995287,,,parity_reported_corrected,"USGS parity, corrected inputs",Baseline Phase-1 parity mode using reported LPM family and USGS-corrected inputs where available.,90
BISCPAS1-09,8.49,24.066910921608375,9.054079373671469,19.99954841327984,218.36794572480315,24.066910921608375,dispersion,0.001841344007128327,"{""DM"": 19.99954841327984}",0.08818839234929024,modern_le_50,usgs_dgm,0.6750652805396389,9.054079373671469,3350.016003404866,DM,DM,reported,"3H, SF6, 3He(trit), 14C",4,100.0,selected,Use scaling factor,selected,1,Use scaling factor,0.0,raw_fallback,65.9,False,calibrated,1e-11,,,calibrated,dgm_sf6,Unfractionated excess air (UA),soft_reliability,3H|3H/3He|SF6,3,3H:8.02|3H/3He:13.2|SF6:10.4,usgs_dgm,,,,,,,,,,True,15.576910921608375,0.4525126602806112,False,True,,,,0,selected,100.0,14C_only,14C,1,single_tracer,3350.016003404866,,,parity_reported_corrected,"USGS parity, corrected inputs",Baseline Phase-1 parity mode using reported LPM family and USGS-corrected inputs where available.,90
BISCPAS1-10,8.85,806.498100367277,8.316654596744936,20.012466982476685,219.0743361593158,806.498100367277,dispersion,1.163789011122258,"{""DM"": 20.012466982476685}",0.9220979533141664,modern_le_50,usgs_dgm,0.05837724564544788,8.316654596744936,1692.7220445586368,DM,DM,reported,"3H, 3He(trit), 14C",4,100.0,selected,Use scaling factor,selected,1,Use scaling factor,0.0,raw_fallback,81.0,False,calibrated,1e-11,,,calibrated,dgm_sf6,Unfractionated excess air (UA),soft_reliability,3H|3H/3He|SF6,3,3H:8.02|3H/3He:10.1|SF6:0.1,usgs_dgm,,,,,,,,,,True,797.6481003672769,1.9596600780873148,False,False,,SF6,SF6:above_historical_max_downweighted+excessively_modern_vs_independent_proxy_downweighted,1,selected,100.0,14C_only,14C,1,single_tracer,1692.7220445586368,,,parity_reported_corrected,"USGS parity, corrected inputs",Baseline Phase-1 parity mode using reported LPM family and USGS-corrected inputs where available.,90
BISCPAS1-11,15.2,925.9789368311225,9.111958967693909,16.099079641114123,82.35706714993104,925.9789368311225,dispersion,1.8975109358539166,"{""DM"": 16.099079641114123}",0.984250324993066,modern_le_50,usgs_dgm,0.05123061381052294,9.111958967693909,2934.3208973123456,DM,DM,reported,"3H, 3He(trit), 14C",4,100.0,selected,Use scaling factor,selected,1,Use scaling factor,0.0,raw_fallback,69.4,False,calibrated,1e-11,,,calibrated,dgm_sf6,Unfractionated excess air (UA),soft_reliability,3H|3H/3He|SF6,3,3H:8.02|3H/3He:17.1|SF6:0.1,usgs_dgm,,,,,,,,,,True,910.7789368311225,1.784757519987643,False,False,,SF6,SF6:above_historical_max_downweighted+excessively_modern_vs_independent_proxy_downweighted,1,selected,100.0,14C_only,14C,1,single_tracer,2934.3208973123456,,,parity_reported_corrected,"USGS parity, corrected inputs",Baseline Phase-1 parity mode using reported LPM family and USGS-corrected inputs where available.,90
BISCPAS1-12,9.99,652.4412910893786,8.233232369020525,20.50295485298192,247.65411482093722,652.4412910893786,dispersion,0.8041197293496429,"{""DM"": 20.50295485298192}",0.0850939580192332,modern_le_50,usgs_dgm,0.07118032586389914,8.233232369020525,713.5811397052439,DM,DM,reported,"3H, SF6, 3He(trit), 14C",4,100.0,selected,Use scaling factor,selected,1,Use scaling factor,0.0,raw_fallback,91.5,False,calibrated,1e-11,,,calibrated,dgm_sf6,Unfractionated excess air (UA),soft_reliability,3H|3H/3He|SF6,3,3H:8.02|3H/3He:9.49|SF6:12.9,usgs_dgm,,,,,,,,,,True,642.4512910893786,1.8149759502317862,False,False,,,,0,selected,100.0,14C_only,14C,1,single_tracer,713.5811397052439,,,parity_reported_corrected,"USGS parity, corrected inputs",Baseline Phase-1 parity mode using reported LPM family and USGS-corrected inputs where available.,90
BISCPAS1-13,20.3,656.0097843126935,9.574557380659654,16.885402046399705,100.24777512963595,656.0097843126935,dispersion,1.2303715273088103,"{""DM"": 16.885402046399705}",0.1885317329829124,modern_le_50,usgs_dgm,0.07082054825723899,9.574557380659654,1072.6576769527903,DM,DM,reported,"3H, 3He(trit), 14C",4,100.0,selected,Use scaling factor,selected,1,Use scaling factor,0.0,raw_fallback,87.5,False,calibrated,1e-11,,,calibrated,dgm_sf6,Unfractionated excess air (UA),soft_reliability,3H|3H/3He|SF6,3,3H:8.02|3H/3He:21.6|SF6:9.37,usgs_dgm,,,,,,,,,,True,635.7097843126935,1.509414278964464,False,False,,,,0,selected,100.0,14C_only,14C,1,single_tracer,1072.6576769527903,,,parity_reported_corrected,"USGS parity, corrected inputs",Baseline Phase-1 parity mode using reported LPM family and USGS-corrected inputs where available.,90
BISCPAS1-14,9.43,729.1163088229621,8.961098786807167,19.428164438409397,189.30045668811894,729.1163088229621,dispersion,1.490227018026728,"{""DM"": 19.428164438409397}",0.9686002163194403,modern_le_50,usgs_dgm,0.06417527066727267,8.961098786807167,1267.8008763599244,DM,DM,reported,"3H, 3He(trit), 14C",4,100.0,selected,Use scaling factor,selected,1,Use scaling factor,0.0,raw_fallback,85.4,False,calibrated,1e-11,,,calibrated,dgm_sf6,Unfractionated excess air (UA),soft_reliability,3H|3H/3He|SF6,3,3H:8.02|3H/3He:15.1|SF6:0.1,usgs_dgm,,,,,,,,,,True,719.6863088229621,1.8882851198754729,False,False,,SF6,SF6:above_historical_max_downweighted+excessively_modern_vs_independent_proxy_downweighted,1,selected,100.0,14C_only,14C,1,single_tracer,1267.8008763599244,,,parity_reported_corrected,"USGS parity, corrected inputs",Baseline Phase-1 parity mode using reported LPM family and USGS-corrected inputs where available.,90
BISCPAS1-15,12.4,720.8369398281925,8.77219460237105,18.089980701857364,135.4753271904101,720.8369398281925,dispersion,1.1467923859320945,"{""DM"": 18.089980701857364}",0.959882874722214,modern_le_50,usgs_dgm,0.06486456138329881,8.77219460237105,1381.4773016548957,DM,DM,reported,"3H, 3He(trit), 14C",4,100.0,selected,Use scaling factor,selected,1,Use scaling factor,0.0,raw_fallback,84.2,False,calibrated,1e-11,,,calibrated,dgm_sf6,Unfractionated excess air (UA),soft_reliability,3H|3H/3He|SF6,3,3H:8.02|3H/3He:14|SF6:0.1,usgs_dgm,,,,,,,,,,True,708.4369398281925,1.7644153491246395,False,False,,SF6,SF6:above_historical_max_downweighted+excessively_modern_vs_independent_proxy_downweighted,1,selected,100.0,14C_only,14C,1,single_tracer,1381.4773016548957,,,parity_reported_corrected,"USGS parity, corrected inputs",Baseline Phase-1 parity mode using reported LPM family and USGS-corrected inputs where available.,90
BISCPAS1-16,18.7,30.068255997656337,10.634491762887425,11.609277190332177,26.80567606878082,30.068255997656337,dispersion,-0.0007617187500000427,"{""DM"": 11.609277190332177}",0.3077722532559021,modern_le_50,usgs_dgm,0.6244672045993301,10.634491762887425,1045.1630693926147,DM,DM,reported,"3H, SF6, 3He(trit), 14C",4,100.0,selected,Use scaling factor,selected,1,Use scaling factor,0.0,raw_fallback,87.8,False,calibrated,1e-11,,,calibrated,dgm_sf6,Unfractionated excess air (UA),soft_reliability,3H|3H/3He|SF6,3,3H:8.02|3H/3He:21.8|SF6:3.86,usgs_dgm,,,,,,,,,,True,11.368255997656338,0.20626663258632272,True,True,,SF6,SF6:above_historical_max_downweighted,1,selected,100.0,14C_only,14C,1,single_tracer,1045.1630693926147,,,parity_reported_corrected,"USGS parity, corrected inputs",Baseline Phase-1 parity mode using reported LPM family and USGS-corrected inputs where available.,90
BISCPAS1-17,20.9,708.7290061775323,9.980271836714731,15.152358808791718,64.99979157277605,708.7290061775323,dispersion,1.7469636891003666,"{""DM"": 15.152358808791718}",0.2081036091144098,modern_le_50,usgs_dgm,0.06589968169518047,9.980271836714731,2006.1954245837858,DM,DM,reported,"3H, SF6, 3He(trit), 14C",4,100.0,selected,Use scaling factor,selected,1,Use scaling factor,0.0,raw_fallback,77.9,False,calibrated,1e-11,,,calibrated,dgm_sf6,Unfractionated excess air (UA),soft_reliability,3H|3H/3He|SF6,3,3H:8.02|3H/3He:25.8|SF6:15.8,usgs_dgm,,,,,,,,,,True,687.8290061775323,1.5303339214000833,False,False,,,,0,selected,100.0,14C_only,14C,1,single_tracer,2006.1954245837858,,,parity_reported_corrected,"USGS parity, corrected inputs",Baseline Phase-1 parity mode using reported LPM family and USGS-corrected inputs where available.,90
BISCPAS1-18,22.1,527.2659301789206,10.663901454499523,15.262715509047451,66.81804898158259,527.2659301789206,dispersion,2.2004832559830194,"{""DM"": 15.262715509047451}",1.0572929124221684,modern_le_50,usgs_dgm,0.0866151930783491,10.663901454499523,1842.8759490452583,DM,DM,reported,"3H, 3He(trit), 14C",4,100.0,selected,Use scaling factor,selected,1,Use scaling factor,0.0,raw_fallback,79.5,False,calibrated,1e-11,,,calibrated,dgm_sf6,Unfractionated excess air (UA),soft_reliability,3H|3H/3He|SF6,3,3H:8.02|3H/3He:29.7|SF6:0.1,usgs_dgm,,,,,,,,,,True,505.1659301789206,1.377637436175987,False,False,,SF6,SF6:above_historical_max_downweighted+excessively_modern_vs_independent_proxy_downweighted,1,selected,100.0,14C_only,14C,1,single_tracer,1842.8759490452583,,,parity_reported_corrected,"USGS parity, corrected inputs",Baseline Phase-1 parity mode using reported LPM family and USGS-corrected inputs where available.,90
BISCPAS1-19,17.1,666.324959226674,9.487324346726654,16.393020031092824,88.63699922284964,666.324959226674,dispersion,1.34536565344147,"{""DM"": 16.393020031092824}",1.007002135435126,modern_le_50,usgs_dgm,0.06980072292047274,9.487324346726654,1164.9920268797205,DM,DM,reported,"3H, 3He(trit), 14C",4,100.0,selected,Use scaling factor,selected,1,Use scaling factor,0.0,raw_fallback,86.5,False,calibrated,1e-11,,,calibrated,dgm_sf6,Unfractionated excess air (UA),soft_reliability,3H|3H/3He|SF6,3,3H:8.02|3H/3He:20.4|SF6:0.1,usgs_dgm,,,,,,,,,,True,649.224959226674,1.5906899710005489,False,False,,SF6,SF6:above_historical_max_downweighted+excessively_modern_vs_independent_proxy_downweighted,1,selected,100.0,14C_only,14C,1,single_tracer,1164.9920268797205,,,parity_reported_corrected,"USGS parity, corrected inputs",Baseline Phase-1 parity mode using reported LPM family and USGS-corrected inputs where available.,90
BISCPAS1-20,8.38,24.4644413419399,9.230302480865413,17.579441112641817,119.24195203087706,24.4644413419399,dispersion,0.0015737478390298078,"{""DM"": 17.579441112641817}",0.9617484359447531,modern_le_50,usgs_dgm,0.671461426406203,9.230302480865413,1944.5608511174198,DM,DM,reported,"3H, 3He(trit), 14C",4,100.0,selected,Use scaling factor,selected,1,Use scaling factor,0.0,raw_fallback,78.5,False,calibrated,1e-11,,,calibrated,dgm_sf6,Unfractionated excess air (UA),soft_reliability,3H|3H/3He|SF6,3,3H:8.02|3H/3He:14.2|SF6:0.1,usgs_dgm,,,,,,,,,,True,16.0844413419399,0.4652912842417708,False,True,,SF6,SF6:above_historical_max_downweighted+excessively_modern_vs_independent_proxy_downweighted,1,selected,100.0,14C_only,14C,1,single_tracer,1944.5608511174198,,,parity_reported_corrected,"USGS parity, corrected inputs",Baseline Phase-1 parity mode using reported LPM family and USGS-corrected inputs where available.,90
BISCPAS1-21,34.1,501.1734575179152,11.219005284029631,14.789615087186377,59.36460260007169,501.1734575179152,dispersion,2.0241666158044755,"{""DM"": 14.789615087186377}",0.2597587664795442,modern_le_50,usgs_dgm,0.09071554393269167,11.219005284029631,1954.8004955886804,DM,DM,reported,"3H, 3He(trit), 14C",4,100.0,selected,Use scaling factor,selected,1,Use scaling factor,0.0,raw_fallback,78.4,False,calibrated,1e-11,,,calibrated,dgm_sf6,Unfractionated excess air (UA),soft_reliability,3H|3H/3He|SF6,3,3H:8.02|3H/3He:34.6|SF6:15.2,usgs_dgm,,,,,,,,,,True,467.0734575179152,1.167233683411926,False,False,,,,0,selected,100.0,14C_only,14C,1,single_tracer,1954.8004955886804,,,parity_reported_corrected,"USGS parity, corrected inputs",Baseline Phase-1 parity mode using reported LPM family and USGS-corrected inputs where available.,90
BNRCPAS1-01,24800.0,24269.862921199998,7.01754385964912,14.124560403908074,11.8634916598678,,binary_fraction,0.8,"{""BMM-DM-DM"": 14.124560403908074}",0.9230925678277355,old_1000_30000,usgs_dgm,0.002055932640821517,7.01754385964912,20596.209202312864,BMM-DM-DM,BMM-DM-DM,reported,"3H, 14C",3,100.0,selected,Use scaling factor,selected,1,Use scaling factor,0.0,raw_fallback,7.7,False,calibrated,1e-11,,,calibrated,dgm_sf6,Unfractionated excess air (UA),soft_reliability,3H|SF6,2,3H:7.02|SF6:0.1,usgs_dgm,,,,,,,,,,True,530.1370788000022,0.009384357429367718,True,True,,SF6,SF6:above_historical_max_downweighted+excessively_modern_vs_independent_proxy_downweighted,1,selected,100.0,14C_only,14C,1,single_tracer,20596.209202312864,,,parity_reported_corrected,"USGS parity, corrected inputs",Baseline Phase-1 parity mode using reported LPM family and USGS-corrected inputs where available.,90
BNRCPAS1-02,8340.0,11572.1256068,7.01754385964912,10.272567626942052,3.2853334850907885,,binary_fraction,0.8,"{""BMM-DM-DM"": 10.272567626942052}",0.9230925678277355,old_1000_30000,usgs_dgm,0.004302139014118507,7.01754385964912,11233.081647930965,BMM-DM-DM,BMM-DM-DM,reported,"3H, 14C",3,100.0,selected,Use scaling factor,selected,1,Use scaling factor,0.0,raw_fallback,24.7,False,calibrated,1e-11,,,calibrated,dgm_sf6,Unfractionated excess air (UA),soft_reliability,3H|SF6,2,3H:7.02|SF6:0.1,usgs_dgm,,,,,,,,,,True,3232.1256068000002,0.1422470883067577,True,True,,SF6,SF6:above_historical_max_downweighted+excessively_modern_vs_independent_proxy_downweighted,1,selected,100.0,14C_only,14C,1,single_tracer,11233.081647930965,,,parity_reported_corrected,"USGS parity, corrected inputs",Baseline Phase-1 parity mode using reported LPM family and USGS-corrected inputs where available.,90
BNRCPAS1-05,19800.0,26360.53218374712,,3.0629328371940083,1.2518389111159205,26360.53218374712,dispersion,1.0362759558929284,"{""DM"": 3.0629328371940083}",0.0,old_1000_30000,usgs_dgm,0.0018931841150391395,,20189.388096579805,DM,DM,reported,14C,2,100.0,selected,Use scaling factor,selected,1,Use scaling factor,0.0,raw_fallback,8.1,False,calibrated,1e-11,,,calibrated,dgm_sf6,Unfractionated excess air (UA),soft_reliability,SF6,1,SF6:0.1,usgs_dgm,,,,,,,,,,True,6560.53218374712,0.1242889835713541,True,True,,SF6,SF6:above_historical_max_downweighted+excessively_modern_vs_independent_proxy_downweighted,1,selected,100.0,14C_only,14C,1,single_tracer,20189.388096579805,,,parity_reported_corrected,"USGS parity, corrected inputs",Baseline Phase-1 parity mode using reported LPM family and USGS-corrected inputs where available.,90
BNRCPAS1-06,13100.0,15720.271466490436,,5.473017187525368,4.901876141443092,15720.271466490436,dispersion,1.0327960420942488,"{""DM"": 5.473017187525368}",0.0,old_1000_30000,usgs_dgm,0.0031705224673045625,,15239.564838588285,DM,DM,reported,14C,3,100.0,selected,Use scaling factor,selected,1,Use scaling factor,0.0,raw_fallback,15.0,False,calibrated,1e-11,,,calibrated,dgm_sf6,Unfractionated excess air (UA),soft_reliability,SF6,1,SF6:23.3,usgs_dgm,,,,,,,,,,True,2620.271466490436,0.0791887457537861,True,True,,SF6,SF6:excessively_modern_vs_independent_proxy_downweighted,1,selected,100.0,14C_only,14C,1,single_tracer,15239.564838588285,,,parity_reported_corrected,"USGS parity, corrected inputs",Baseline Phase-1 parity mode using reported LPM family and USGS-corrected inputs where available.,90
BNRCPAS1-07,7370.0,13297.090258400001,7.518796992481203,12.264267886787964,6.381277107607103,,binary_fraction,0.2,"{""BMM-DM-DM"": 12.264267886787964}",0.2961879374262477,old_1000_30000,usgs_dgm,0.003746134852765565,7.518796992481203,10399.740077448141,BMM-DM-DM,BMM-DM-DM,reported,"3H, 14C",3,100.0,selected,Use scaling factor,selected,1,Use scaling factor,0.0,raw_fallback,27.4,False,calibrated,1e-11,,,calibrated,dgm_sf6,Unfractionated excess air (UA),soft_reliability,3H|SF6,2,3H:7.52|SF6:29.4,usgs_dgm,,,,,,,,,,True,5927.090258400001,0.2562891288242941,True,True,,SF6,SF6:excessively_modern_vs_independent_proxy_downweighted,1,selected,100.0,14C_only,14C,1,single_tracer,10399.740077448141,,,parity_reported_corrected,"USGS parity, corrected inputs",Baseline Phase-1 parity mode using reported LPM family and USGS-corrected inputs where available.,90
BNRCPAS1-08,8240.0,11572.1256068,7.518796992481203,13.514192596925028,9.679495875707103,,binary_fraction,0.8,"{""BMM-DM-DM"": 13.514192596925028}",0.9380741795164571,old_1000_30000,usgs_dgm,0.004302139014118507,7.518796992481203,11136.10260287608,BMM-DM-DM,BMM-DM-DM,reported,"3H, 14C",3,100.0,selected,Use scaling factor,selected,1,Use scaling factor,0.0,raw_fallback,25.0,False,calibrated,1e-11,,,calibrated,dgm_sf6,Unfractionated excess air (UA),soft_reliability,3H|SF6,2,3H:7.52|SF6:0.1,usgs_dgm,,,,,,,,,,True,3332.1256068000002,0.14748592724738074,True,True,,SF6,SF6:above_historical_max_downweighted+excessively_modern_vs_independent_proxy_downweighted,1,selected,100.0,14C_only,14C,1,single_tracer,11136.10260287608,,,parity_reported_corrected,"USGS parity, corrected inputs",Baseline Phase-1 parity mode using reported LPM family and USGS-corrected inputs where available.,90
BNRCPAS1-13,18600.0,20847.44963701949,7.518796992481203,3.451486361821277,2.498709526681555,20847.44963701949,dispersion,0.3088465408780089,"{""DM"": 3.451486361821277}",0.2914124373457032,old_1000_30000,usgs_dgm,0.0023926364637063564,7.518796992481203,18993.711170088565,DM,DM,reported,14C,3,100.0,selected,Use scaling factor,selected,1,Use scaling factor,0.0,raw_fallback,9.4,False,calibrated,1e-11,,,calibrated,dgm_sf6,Unfractionated excess air (UA),soft_reliability,3H|SF6,2,3H:7.52|SF6:28.8,usgs_dgm,,,,,,,,,,True,2247.44963701949,0.049539989129466555,True,True,,SF6,SF6:excessively_modern_vs_independent_proxy_downweighted,1,selected,100.0,14C_only,14C,1,single_tracer,18993.711170088565,,,parity_reported_corrected,"USGS parity, corrected inputs",Baseline Phase-1 parity mode using reported LPM family and USGS-corrected inputs where available.,90
BNRCPAS1-16,8330.0,13520.797118600001,7.518796992481203,11.251972266747178,4.5536830979039244,,binary_fraction,0.2,"{""BMM-DM-DM"": 11.251972266747178}",0.0451827815626758,old_1000_30000,usgs_dgm,0.0036843819536194005,7.518796992481203,11298.390950757715,BMM-DM-DM,BMM-DM-DM,reported,"3H, 14C",3,100.0,selected,Use scaling factor,selected,1,Use scaling factor,0.0,raw_fallback,24.5,False,calibrated,1e-11,,,calibrated,dgm_sf6,Unfractionated excess air (UA),soft_reliability,3H|SF6,2,3H:7.52|SF6:6.11,usgs_dgm,,,,,,,,,,True,5190.797118600001,0.2103572947849659,True,True,,SF6,SF6:excessively_modern_vs_independent_proxy_downweighted,1,selected,100.0,14C_only,14C,1,single_tracer,11298.390950757715,,,parity_reported_corrected,"USGS parity, corrected inputs",Baseline Phase-1 parity mode using reported LPM family and USGS-corrected inputs where available.,90
BNRFPAS1-05,8350.0,6686.057159599999,7.01754385964912,21.055190602222453,63.4398372353037,,binary_fraction,0.8,"{""BMM-DM-DM"": 21.055190602222453}",0.30552446924522664,old_1000_30000,usgs_dgm,0.007422739863295505,7.01754385964912,9053.285493703725,BMM-DM-DM,BMM-DM-DM,reported,"3H, 14C, 4He",4,100.0,selected,Use scaling factor,selected,1,Use scaling factor,0.0,raw_fallback,32.4,True,calibrated,1e-11,,8.489e-09,calibrated,dgm_sf6,Closed-system equilibration (CE),soft_reliability,3H|SF6,2,3H:7.02|SF6:28.7,usgs_dgm,,,,,,,,,,True,1663.942840400001,0.09651639039535098,True,True,,SF6,SF6:excessively_modern_vs_independent_proxy_downweighted,1,selected,100.0,14C+4He,14C|4He,2,agreement,9053.285493703725,16980.0,0.2731314699243659,parity_reported_corrected,"USGS parity, corrected inputs",Baseline Phase-1 parity mode using reported LPM family and USGS-corrected inputs where available.,90
BNRFPAS1-06,26200.0,40643.8093866,7.01754385964912,15.872009323538796,21.241328252516823,,binary_fraction,0.2,"{""BMM-DM-DM"": 15.872009323538796}",0.0671354454900564,old_1000_30000,usgs_dgm,0.0012286881162928045,7.01754385964912,16085.925860867603,BMM-DM-DM,BMM-DM-DM,reported,"3H, 14C",3,100.0,selected,Use scaling factor,selected,1,Use scaling factor,0.0,raw_fallback,13.5,False,calibrated,1e-11,,,calibrated,dgm_sf6,Unfractionated excess air (UA),soft_reliability,3H|SF6,2,3H:7.02|SF6:9.56,usgs_dgm,,,,,,,,,,True,14443.809386599998,0.19069311460098337,True,True,,SF6,SF6:excessively_modern_vs_independent_proxy_downweighted,1,selected,100.0,14C_only,14C,1,single_tracer,16085.925860867603,,,parity_reported_corrected,"USGS parity, corrected inputs",Baseline Phase-1 parity mode using reported LPM family and USGS-corrected inputs where available.,90
BNRFPAS1-09,8280.0,15015.000092472616,7.01754385964912,18.931376019579268,167.19124987784772,15015.000092472616,dispersion,2.514423672545112,"{""DM"": 18.931376019579268}",0.3057318281266806,old_1000_30000,usgs_dgm,0.0033189511910446667,7.01754385964912,9330.747926454456,DM,DM,reported,"14C, 4He",4,100.0,selected,Use scaling factor,selected,1,Use scaling factor,0.0,raw_fallback,31.3,True,calibrated,1e-11,,5.565e-08,calibrated,dgm_sf6,Unfractionated excess air (UA),soft_reliability,3H|SF6,2,3H:7.02|SF6:28.7,usgs_dgm,,,,,,,,,,True,6735.0000924726155,0.25849500242480117,True,True,,SF6,SF6:excessively_modern_vs_independent_proxy_downweighted,1,selected,100.0,14C+4He,14C|4He,2,conflict,9330.747926454456,111300.0,1.0765787073713438,parity_reported_corrected,"USGS parity, corrected inputs",Baseline Phase-1 parity mode using reported LPM family and USGS-corrected inputs where available.,90
BNRFPAS1-13,27900.0,37384.927259921285,7.01754385964912,10.928588265706168,22.611111111111157,37384.927259921285,dispersion,0.715773492023856,"{""DM"": 10.928588265706168}",0.31051111028450656,old_1000_30000,usgs_dgm,0.001335651052634238,7.01754385964912,25276.277626697123,DM,DM,reported,"14C, 4He",4,100.0,selected,Use scaling factor,selected,1,Use scaling factor,0.0,raw_fallback,4.3,True,calibrated,1e-11,,7.386e-08,calibrated,dgm_sf6,Unfractionated excess air (UA),soft_reliability,3H|SF6,2,3H:7.02|SF6:29.3,usgs_dgm,,,,,,,,,,True,9484.927259921285,0.12709233670052722,True,True,,SF6,SF6:excessively_modern_vs_independent_proxy_downweighted,1,selected,100.0,14C+4He,14C|4He,2,conflict,25276.277626697123,147700.0,0.7666673784395739,parity_reported_corrected,"USGS parity, corrected inputs",Baseline Phase-1 parity mode using reported LPM family and USGS-corrected inputs where available.,90
BNRFPAS1-14,6290.0,4858.659627462963,7.01754385964912,21.768669704403234,339.8355374567637,4858.659627462963,dispersion,2.1799513665712134,"{""DM"": 21.768669704403234}",0.2855093859802396,old_1000_30000,usgs_dgm,0.0101860800696508,7.01754385964912,7772.602482960281,DM,DM,reported,14C,4,100.0,selected,Use scaling factor,selected,1,Use scaling factor,0.0,raw_fallback,38.0,True,calibrated,1e-11,,1.473e-07,calibrated,dgm_sf6,Unfractionated excess air (UA),soft_reliability,3H|SF6,2,3H:7.02|SF6:26.1,usgs_dgm,,,,,,,,,,True,1431.3403725370372,0.11213416973939916,True,True,,SF6,SF6:excessively_modern_vs_independent_proxy_downweighted,1,selected,100.0,14C+4He,14C|4He,2,conflict,7772.602482960281,294700.0,1.578813678857344,parity_reported_corrected,"USGS parity, corrected inputs",Baseline Phase-1 parity mode using reported LPM family and USGS-corrected inputs where available.,90
BNRFPAS1-16,11200.0,12458.33389965826,7.01754385964912,21.890214235680542,350.32031442876524,12458.33389965826,dispersion,2.2698592709144485,"{""DM"": 21.890214235680542}",0.2960943941055188,old_1000_30000,usgs_dgm,0.003997334928944138,7.01754385964912,11911.374665635401,DM,DM,reported,14C,4,100.0,selected,Use scaling factor,selected,1,Use scaling factor,0.0,raw_fallback,22.7,True,calibrated,1e-11,,2.376e-07,calibrated,dgm_sf6,Unfractionated excess air (UA),soft_reliability,3H|SF6,2,3H:7.02|SF6:27.4,usgs_dgm,,,,,,,,,,True,1258.3338996582606,0.046241943684591114,True,True,,SF6,SF6:excessively_modern_vs_independent_proxy_downweighted,1,selected,100.0,14C+4He,14C|4He,2,conflict,11911.374665635401,475300.00000000006,1.6010059289455825,parity_reported_corrected,"USGS parity, corrected inputs",Baseline Phase-1 parity mode using reported LPM family and USGS-corrected inputs where available.,90
BNRFPAS1-17,8740.0,11405.000202274136,,12.71926425630776,54.87367401882682,11405.000202274136,dispersion,2.6067483194041277,"{""DM"": 12.71926425630776}",0.0,old_1000_30000,usgs_dgm,0.004364906077441501,,10027.377516866472,DM,DM,reported,"14C, 4He",3,100.0,selected,Use scaling factor,selected,1,Use scaling factor,0.0,raw_fallback,28.7,True,calibrated,1e-11,,3.504e-08,calibrated,dgm_sf6,Unfractionated excess air (UA),soft_reliability,SF6,1,SF6:0.1,usgs_dgm,,,,,,,,,,True,2665.0002022741355,0.11558386468072257,True,True,,SF6,SF6:above_historical_max_downweighted+excessively_modern_vs_independent_proxy_downweighted,1,selected,100.0,14C+4He,14C|4He,2,conflict,10027.377516866472,70080.0,0.8444067273254765,parity_reported_corrected,"USGS parity, corrected inputs",Baseline Phase-1 parity mode using reported LPM family and USGS-corrected inputs where available.,90
BNRFPAS1-19,9370.0,0.0,7.01754385964912,26.216319639236474,425.26046510832396,0.0,dispersion,0.01,"{""DM"": 26.216319639236474}",0.37038352140948166,old_1000_30000,usgs_dgm,1.0,7.01754385964912,10945.587744559181,DM,DM,reported,"14C, 4He",5,100.0,selected,Use scaling factor,selected,1,Use scaling factor,0.0,raw_fallback,25.6,True,calibrated,1e-11,,2.99e-09,calibrated,dgm_sf6,Unfractionated excess air (UA),soft_reliability,3H|SF6,2,3H:7.02|SF6:38.6,usgs_dgm,,,,,,,,,,True,9370.0,,False,False,,SF6,SF6:excessively_modern_vs_independent_proxy_downweighted,1,selected,100.0,14C+4He,14C|4He,2,agreement,10945.587744559181,5980.000000000001,0.26253790282604816,parity_reported_corrected,"USGS parity, corrected inputs",Baseline Phase-1 parity mode using reported LPM family and USGS-corrected inputs where available.,90
BNRFPAS1-20,27500.0,54471.666950130726,,11.187151973946259,32.92820592133236,54471.666950130726,dispersion,2.328966024770822,"{""DM"": 11.187151973946259}",0.0,old_1000_30000,usgs_dgm,0.0009170666048368155,,24734.52181806661,DM,DM,reported,"14C, 4He",3,100.0,selected,Use scaling factor,selected,1,Use scaling factor,0.0,raw_fallback,4.6,True,calibrated,1e-11,,1.559e-07,calibrated,dgm_sf6,Unfractionated excess air (UA),soft_reliability,SF6,1,SF6:27.5,usgs_dgm,,,,,,,,,,True,26971.666950130726,0.2968379719911729,True,True,,SF6,SF6:excessively_modern_vs_independent_proxy_downweighted,1,selected,100.0,14C+4He,14C|4He,2,conflict,24734.52181806661,311800.0,1.1005725921009724,parity_reported_corrected,"USGS parity, corrected inputs",Baseline Phase-1 parity mode using reported LPM family and USGS-corrected inputs where available.,90
BNRFPAS1-22,6920.0,14457.238106399998,7.01754385964912,14.572673404682861,12.546763103747768,,binary_fraction,0.8,"{""BMM-DM-DM"": 14.572673404682861}",0.12095545615892728,old_1000_30000,usgs_dgm,0.0034465554113944025,7.01754385964912,8206.924471424407,BMM-DM-DM,BMM-DM-DM,reported,"3H, 14C, 4He",4,100.0,selected,Use scaling factor,selected,1,Use scaling factor,0.0,raw_fallback,36.0,True,calibrated,1e-11,,1.82e-08,calibrated,dgm_sf6,Closed-system equilibration (CE),soft_reliability,3H|SF6,2,3H:7.02|SF6:12.2,usgs_dgm,,,,,,,,,,True,7537.238106399998,0.31997923932361116,False,True,,SF6,SF6:excessively_modern_vs_independent_proxy_downweighted,1,selected,100.0,14C+4He,14C|4He,2,tension,8206.924471424407,36400.0,0.6469209470327484,parity_reported_corrected,"USGS parity, corrected inputs",Baseline Phase-1 parity mode using reported LPM family and USGS-corrected inputs where available.,90
BNRFPAS1-23,18000.0,15615.862695934287,7.01754385964912,16.96605971210262,102.28973125144552,15615.862695934287,dispersion,-0.007082566736656601,"{""DM"": 16.96605971210262}",0.17966671135854434,old_1000_30000,usgs_dgm,0.0031916531486629422,7.01754385964912,16899.297103721256,DM,DM,reported,"14C, 4He",4,100.0,selected,Use scaling factor,selected,1,Use scaling factor,0.0,raw_fallback,12.2,True,calibrated,1e-11,,1.24e-08,calibrated,dgm_sf6,Unfractionated excess air (UA),soft_reliability,3H|SF6,2,3H:7.02|SF6:16.1,usgs_dgm,,,,,,,,,,True,2384.1373040657127,0.06170652334243609,True,True,,SF6,SF6:excessively_modern_vs_independent_proxy_downweighted,1,selected,100.0,14C+4He,14C|4He,2,agreement,16899.297103721256,24800.0,0.16658303954529874,parity_reported_corrected,"USGS parity, corrected inputs",Baseline Phase-1 parity mode using reported LPM family and USGS-corrected inputs where available.,90
BNRFPAS1-24,5000.0,0.0,7.01754385964912,32.44771389551004,1478.791814086264,0.0,dispersion,0.01,"{""DM"": 32.44771389551004}",0.33465077794744663,old_1000_30000,usgs_dgm,1.0,7.01754385964912,6576.700671598993,DM,DM,reported,14C,5,100.0,selected,Use scaling factor,selected,1,Use scaling factor,0.0,raw_fallback,44.1,True,calibrated,1e-11,,8.8e-10,calibrated,dgm_sf6,Closed-system equilibration (CE),soft_reliability,3H|SF6,2,3H:7.02|SF6:32.8,usgs_dgm,,,,,,,,,,True,5000.0,,False,False,,SF6,SF6:excessively_modern_vs_independent_proxy_downweighted,1,selected,100.0,14C+4He,14C|4He,2,tension,6576.700671598993,1760.0,0.5724954082505058,parity_reported_corrected,"USGS parity, corrected inputs",Baseline Phase-1 parity mode using reported LPM family and USGS-corrected inputs where available.,90
BNRFPAS1-33,69500.0,30674.1573032,7.01754385964912,31.510059425503357,865.9344540168869,,binary_fraction,0.8,"{""BMM-DM-DM"": 31.510059425503357}",0.9230925678277355,very_old_gt_30000,usgs_dgm,0.0016273839346211253,7.01754385964912,27904.77894243433,BMM-DM-DM,BMM-DM-DM,reported,"3H, 14C",4,100.0,selected,Use scaling factor,selected,1,Use scaling factor,0.0,raw_fallback,3.1,True,calibrated,1e-11,,1.746e-08,calibrated,dgm_sf6,Unfractionated excess air (UA),soft_reliability,3H|SF6,2,3H:7.02|SF6:0.1,usgs_dgm,,,,,,,,,,True,38825.8426968,0.3552121641966881,False,True,,SF6,SF6:above_historical_max_downweighted+excessively_modern_vs_independent_proxy_downweighted,1,selected,100.0,14C+4He,14C|4He,2,agreement,27904.77894243433,34920.0,0.09739564858440808,parity_reported_corrected,"USGS parity, corrected inputs",Baseline Phase-1 parity mode using reported LPM family and USGS-corrected inputs where available.,90
BNRFPAS1-34,39000.0,96483.34828756127,,-16.193195192546053,0.003579784143446931,96483.34828756127,dispersion,1.4043367756551353,"{""DM"": -16.193195192546053}",0.0,very_old_gt_30000,usgs_dgm,0.0005179557208671141,,35528.743038316505,DM,DM,reported,"14C, 4He",3,100.0,selected,Use scaling factor,selected,1,Use scaling factor,0.0,raw_fallback,1.2,True,calibrated,1e-11,,2.03e-07,calibrated,dgm_sf6,Closed-system equilibration (CE),soft_reliability,SF6,1,SF6:0.1,usgs_dgm,,,,,,,,,,True,57483.34828756127,0.39338775946919924,False,True,,SF6,SF6:above_historical_max_downweighted+excessively_modern_vs_independent_proxy_downweighted,1,selected,100.0,14C+4He,14C|4He,2,conflict,35528.743038316505,406000.00000000006,1.0579461906017826,parity_reported_corrected,"USGS parity, corrected inputs",Baseline Phase-1 parity mode using reported LPM family and USGS-corrected inputs where available.,90
CACBPAS1-23,45700.0,20225.519100800004,5.012531328320802,42.30688580440152,1307.9815633613375,,binary_fraction,0.2,"{""BMM-DM-DM"": 42.30688580440152}",0.45200341229462554,very_old_gt_30000,usgs_dgm,0.002466028107661479,5.012531328320802,22872.45945234412,BMM-DM-DM,BMM-DM-DM,reported,"3H, CFC-113, 14C, 4He",6,100.0,selected,Use scaling factor,selected,1,Use scaling factor,0.0,raw_fallback,5.8,True,calibrated,1e-11,,1.045e-08,calibrated,dgm_sf6,Closed-system equilibration (CE),soft_reliability,3H|CFC11|CFC12|CFC113,4,3H:5.01|CFC11:51.3|CFC12:65.4|CFC113:48.7,usgs_dgm,,,,,,,,,,True,25474.480899199996,0.3540165231986476,False,True,,CFC11|CFC12|CFC113,CFC11:excessively_modern_vs_independent_proxy_downweighted|CFC12:excessively_modern_vs_independent_proxy_downweighted|CFC113:excessively_modern_vs_independent_proxy_downweighted,3,selected,100.0,14C+4He,14C|4He,2,agreement,22872.45945234412,20900.0,0.03916658025136588,parity_reported_corrected,"USGS parity, corrected inputs",Baseline Phase-1 parity mode using reported LPM family and USGS-corrected inputs where available.,90
CLOWPAS1-02,43000.0,0.0,,13.072703787414442,186.69925762990454,0.0,dispersion,0.01,"{""DM"": 13.072703787414442}",,very_old_gt_30000,usgs_dgm,1.0,,40319.49606452704,DM,DM,reported,14C,2,100.0,selected,Model 1: Tamers,selected,2,Model 1: Tamers|Model 2: Rev. F&G solid exchange,0.35324270156190696,selected_corrected,0.660959648391323,True,calibrated,1e-11,,2.464e-08,calibrated,dgm_sf6,Unfractionated excess air (UA),soft_reliability,,0,,usgs_dgm,,,,,,,,,,True,43000.0,,False,False,,,,0,selected,,14C+4He,14C|4He,2,agreement,40319.49606452704,35850.0,0.05102593541373768,parity_reported_corrected,"USGS parity, corrected inputs",Baseline Phase-1 parity mode using reported LPM family and USGS-corrected inputs where available.,90
CLOWPAS1-03,37200.0,0.0,,13.252410284659586,65.54579444767566,0.0,dispersion,0.01,"{""DM"": 13.252410284659586}",0.0,very_old_gt_30000,usgs_dgm,1.0,,35628.3363217162,DM,DM,reported,14C,3,100.0,selected,Model 1: Tamers,selected,2,Model 1: Tamers|Model 2: Rev. F&G solid exchange,0.80126681145681,selected_corrected,1.1852142242376,True,calibrated,1e-11,,3.951e-09,calibrated,dgm_sf6,Unfractionated excess air (UA),soft_reliability,SF6,1,SF6:32.4,usgs_dgm,,,,,,,,,,True,37200.0,,False,False,,SF6,SF6:excessively_modern_vs_independent_proxy_downweighted,1,selected,,14C+4He,14C|4He,2,conflict,35628.3363217162,7068.0,0.7024990024490037,parity_reported_corrected,"USGS parity, corrected inputs",Baseline Phase-1 parity mode using reported LPM family and USGS-corrected inputs where available.,90
CLOWPAS1-04,80300.0,168020.00091995616,7.01754385964912,7.325614431215892,9.186159681811999,168020.00091995616,dispersion,2.079913269285723,"{""DM"": 7.325614431215892}",0.3163061948520605,very_old_gt_30000,usgs_dgm,0.0002974950897026094,7.01754385964912,36970.26952801342,DM,DM,reported,4He,4,100.0,selected,Model 1: Rev. F&G solid exchange,selected,2,Model 1: Rev. F&G solid exchange|Model 2: Tamers,0.11681703878191985,selected_corrected,1.00287510442203,True,calibrated,1e-11,,7.722e-08,calibrated,dgm_sf6,Unfractionated excess air (UA),soft_reliability,3H|SF6,2,3H:7.02|SF6:30.1,usgs_dgm,,,,,,,,,,True,87720.00091995616,0.32064543747186125,False,True,,SF6,SF6:excessively_modern_vs_independent_proxy_downweighted,1,selected,,14C+4He,14C|4He,2,conflict,36970.26952801342,720400.0,1.289721087382821,parity_reported_corrected,"USGS parity, corrected inputs",Baseline Phase-1 parity mode using reported LPM family and USGS-corrected inputs where available.,90
CLOWPAS1-05,107000.0,169466.66735978573,7.01754385964912,5.928473115780594,6.4780053075305855,169466.66735978573,dispersion,2.1334244857314544,"{""DM"": 5.928473115780594}",0.3818630680824766,very_old_gt_30000,usgs_dgm,0.00029495624695050754,7.01754385964912,36023.80991091586,DM,DM,reported,4He,4,100.0,selected,Model 1: Rev. F&G solid exchange,selected,2,Model 1: Rev. F&G solid exchange|Model 2: Rev. F&G solid exchange,0.5440019185534801,selected_corrected,1.12827782094805,True,calibrated,1e-11,,1.024e-07,calibrated,dgm_sf6,Unfractionated excess air (UA),soft_reliability,3H|SF6,2,3H:7.02|SF6:40.7,usgs_dgm,,,,,,,,,,True,62466.66735978573,0.19970051125336408,True,True,,SF6,SF6:excessively_modern_vs_independent_proxy_downweighted,1,selected,,14C+4He,14C|4He,2,conflict,36023.80991091586,727000.0,1.30494476856689,parity_reported_corrected,"USGS parity, corrected inputs",Baseline Phase-1 parity mode using reported LPM family and USGS-corrected inputs where available.,90
CLOWPAS1-07,52400.0,46806.733275830804,7.01754385964912,-2.8580875791742226,0.3050081124932396,46806.733275830804,dispersion,0.010004397144584714,"{""DM"": -2.8580875791742226}",0.30153229183240887,very_old_gt_30000,usgs_dgm,0.0010670824981687428,7.01754385964912,43983.810983605275,DM,DM,reported,14C,3,100.0,selected,Model 1: Tamers,selected,2,Model 1: Tamers|Model 2: Tamers,0.0,selected_corrected,0.418859305596901,False,calibrated,1e-11,,,calibrated,dgm_sf6,Unfractionated excess air (UA),soft_reliability,3H|SF6,2,3H:7.02|SF6:28.1,usgs_dgm,,,,,,,,,,True,5593.266724169196,0.049022954973715116,True,True,,SF6,SF6:excessively_modern_vs_independent_proxy_downweighted,1,selected,,14C_only,14C,1,single_tracer,43983.810983605275,,,parity_reported_corrected,"USGS parity, corrected inputs",Baseline Phase-1 parity mode using reported LPM family and USGS-corrected inputs where available.,90
CLOWPAS1-09,43400.0,22104.595074741996,,22.694766071788862,1525.6883729061992,22104.595074741996,dispersion,-0.0010739840135670265,"{""DM"": 22.694766071788862}",0.0,very_old_gt_30000,usgs_dgm,0.0022568681499850105,,37188.231587237446,DM,DM,reported,14C,3,100.0,selected,Model 1: Tamers,selected,2,Model 1: Tamers|Model 2: Tamers,0.0,selected_corrected,0.976029611680735,True,calibrated,1e-11,,4.119e-09,calibrated,dgm_sf6,Unfractionated excess air (UA),soft_reliability,SF6,1,SF6:33.4,usgs_dgm,,,,,,,,,,True,21295.404925258004,0.2930071658650917,True,True,,SF6,SF6:excessively_modern_vs_independent_proxy_downweighted,1,selected,,14C+4He,14C|4He,2,agreement,37188.231587237446,38340.0,0.013246581706729543,parity_reported_corrected,"USGS parity, corrected inputs",Baseline Phase-1 parity mode using reported LPM family and USGS-corrected inputs where available.,90
CLOWPAS1-12,30700.0,35826.26599466363,,-2.2238268405244277,0.37681660899659675,35826.26599466363,dispersion,0.14044084418109837,"{""DM"": -2.2238268405244277}",0.0,very_old_gt_30000,usgs_dgm,0.0013936790413873392,,29357.844217482787,DM,DM,reported,14C,3,100.0,selected,Model 1: Tamers,selected,2,Model 1: Tamers|Model 2: Rev. F&G solid exchange,1.5923113048984598,selected_corrected,2.58704192987501,True,calibrated,1e-11,,1.947e-08,calibrated,dgm_sf6,Unfractionated excess air (UA),soft_reliability,SF6,1,SF6:18,usgs_dgm,,,,,,,,,,True,5126.265994663627,0.06706317055052136,True,True,,SF6,SF6:excessively_modern_vs_independent_proxy_downweighted,1,selected,,14C+4He,14C|4He,2,tension,29357.844217482787,96340.0,0.5160824803401498,parity_reported_corrected,"USGS parity, corrected inputs",Baseline Phase-1 parity mode using reported LPM family and USGS-corrected inputs where available.,90
CLOWPAS1-13,51000.0,44234.58861685422,7.01754385964912,1.72113143362327,0.6399999999999999,44234.58861685422,dispersion,0.031229776871834137,"{""DM"": 1.72113143362327}",0.0,very_old_gt_30000,usgs_dgm,0.0011290609569074908,7.01754385964912,39569.405767774275,DM,DM,reported,14C,2,100.0,selected,Model 1: Tamers,selected,2,Model 1: Tamers|Model 2: Tamers,0.0,selected_corrected,0.725650796330929,False,calibrated,1e-11,,,calibrated,dgm_sf6,,soft_reliability,3H,1,3H:7.02,usgs_dgm,,,,,,,,,,True,6765.41138314578,0.061808183424806984,True,True,,,,0,selected,,14C_only,14C,1,single_tracer,39569.405767774275,,,parity_reported_corrected,"USGS parity, corrected inputs",Baseline Phase-1 parity mode using reported LPM family and USGS-corrected inputs where available.,90
CLOWPAS1-18,35300.0,36316.13515709726,,-20.10627130631103,0.0009713618713073347,36316.13515709726,dispersion,0.01327047702829593,"{""DM"": -20.10627130631103}",0.0,very_old_gt_30000,usgs_dgm,0.0013749055208645655,,34284.053908117254,DM,DM,reported,14C,3,100.0,selected,Model 1: Rev. F&G solid exchange,selected,2,Model 1: Rev. F&G solid exchange|Model 2: Rev. F&G solid exchange,1.04313004941494,selected_corrected,1.4011152711777,True,calibrated,1e-11,,8.156e-08,calibrated,dgm_sf6,Closed-system equilibration (CE),soft_reliability,SF6,1,SF6:14.2,usgs_dgm,,,,,,,,,,True,1016.135157097262,0.012324918347330183,True,True,,SF6,SF6:excessively_modern_vs_independent_proxy_downweighted,1,selected,,14C+4He,14C|4He,2,tension,34284.053908117254,79160.0,0.36341361622044577,parity_reported_corrected,"USGS parity, corrected inputs",Baseline Phase-1 parity mode using reported LPM family and USGS-corrected inputs where available.,90
CLOWPAS1-20,41600.0,42186.325518322046,,-1.0069322689523474,0.16360194699837752,42186.325518322046,dispersion,0.010164413149468603,"{""DM"": -1.0069322689523474}",0.0,very_old_gt_30000,usgs_dgm,0.001183815101962648,,39820.45573691128,DM,DM,reported,14C,2,100.0,selected,Model 1: Tamers,selected,2,Model 1: Tamers|Model 2: Rev. F&G solid exchange,0.499404253380348,selected_corrected,0.703323229486392,False,calibrated,1e-11,,,calibrated,dgm_sf6,Unfractionated excess air (UA),soft_reliability,SF6,1,SF6:30.2,usgs_dgm,,,,,,,,,,True,586.3255183220463,0.006078368810294776,True,True,,SF6,SF6:excessively_modern_vs_independent_proxy_downweighted,1,selected,,14C_only,14C,1,single_tracer,39820.45573691128,,,parity_reported_corrected,"USGS parity, corrected inputs",Baseline Phase-1 parity mode using reported LPM family and USGS-corrected inputs where available.,90
CLOWPAS1-21,32700.0,34345.22477309391,7.01754385964912,0.8472462239011134,1.8186708227287067,34345.22477309391,dispersion,0.024527066512152904,"{""DM"": 0.8472462239011134}",0.15694694485851146,very_old_gt_30000,usgs_dgm,0.0014536901657090818,7.01754385964912,31902.03153973507,DM,DM,reported,14C,4,100.0,selected,Model 1: Rev. F&G solid exchange,selected,2,Model 1: Rev. F&G solid exchange|Model 2: Rev. F&G solid exchange,1.415965928424,selected_corrected,1.88475559215006,True,calibrated,1e-11,,5.029e-09,calibrated,dgm_sf6,Unfractionated excess air (UA),soft_reliability,3H|SF6,2,3H:7.02|SF6:3.41,usgs_dgm,,,,,,,,,,True,1645.2247730939125,0.021318610311444885,True,True,,SF6,SF6:excessively_modern_vs_independent_proxy_downweighted,1,selected,,14C+4He,14C|4He,2,tension,31902.03153973507,76660.0,0.3807504748578969,parity_reported_corrected,"USGS parity, corrected inputs",Baseline Phase-1 parity mode using reported LPM family and USGS-corrected inputs where available.,90
CLOWPAS1-22,36400.0,0.0,7.0175438596491215,32.08633374111056,4482.238188937168,0.0,dispersion,0.01,"{""DM"": 32.08633374111056}",0.9230925678277355,very_old_gt_30000,usgs_dgm,1.0,7.0175438596491215,33939.289549196284,DM,DM,reported,14C,4,100.0,selected,Model 1: Rev. F&G solid exchange,selected,2,Model 1: Rev. F&G solid exchange|Model 2: Rev. F&G solid exchange,0.7148680616821399,selected_corrected,1.46255813210772,True,calibrated,1e-11,,1.537e-09,calibrated,dgm_sf6,Unfractionated excess air (UA),soft_reliability,3H|SF6,2,3H:7.02|SF6:0.1,usgs_dgm,,,,,,,,,,True,36400.0,,False,False,,SF6,SF6:above_historical_max_downweighted+excessively_modern_vs_independent_proxy_downweighted,1,selected,,14C+4He,14C|4He,2,tension,33939.289549196284,14230.0,0.3774978469105408,parity_reported_corrected,"USGS parity, corrected inputs",Baseline Phase-1 parity mode using reported LPM family and USGS-corrected inputs where available.,90
CLOWPAS1-23,48000.0,103700.00168928916,,3.4530353297825904,2.500000000137045,103700.00168928916,dispersion,1.2754104291458699,"{""DM"": 3.4530353297825904}",0.0,very_old_gt_30000,usgs_dgm,0.00048192770299647955,,37400.28926529116,DM,DM,reported,4He,3,100.0,selected,Model 1: Rev. F&G solid exchange,selected,2,Model 1: Rev. F&G solid exchange|Model 2: Rev. F&G solid exchange,0.5851731690037469,selected_corrected,0.950601183411643,True,calibrated,1e-11,,4.777e-08,calibrated,dgm_sf6,Unfractionated excess air (UA),soft_reliability,SF6,1,SF6:38.5,usgs_dgm,,,,,,,,,,True,55700.00168928916,0.33453752608817844,False,True,,SF6,SF6:excessively_modern_vs_independent_proxy_downweighted,1,selected,,14C+4He,14C|4He,2,conflict,37400.28926529116,432500.00000000006,1.063111150620836,parity_reported_corrected,"USGS parity, corrected inputs",Baseline Phase-1 parity mode using reported LPM family and USGS-corrected inputs where available.,90
CLOWPAS1-26,54300.0,120055.94150434023,,3.6220605914183195,2.644897959183678,120055.94150434023,dispersion,0.5328141889251927,"{""DM"": 3.6220605914183195}",0.0,very_old_gt_30000,usgs_dgm,0.0004162991386915956,,48638.80392095107,DM,DM,reported,4He,3,100.0,selected,Model 1: Tamers,selected,2,Model 1: Tamers|Model 2: Rev. F&G solid exchange,0.16830989690492,selected_corrected,0.234639743300742,True,calibrated,1e-11,,4.832e-08,calibrated,dgm_sf6,Unfractionated excess air (UA),soft_reliability,SF6,1,SF6:37.4,usgs_dgm,,,,,,,,,,True,65755.94150434023,0.34458382833770784,False,True,,SF6,SF6:excessively_modern_vs_independent_proxy_downweighted,1,selected,,14C+4He,14C|4He,2,conflict,48638.80392095107,438200.0,0.9546894865841393,parity_reported_corrected,"USGS parity, corrected inputs",Baseline Phase-1 parity mode using reported LPM family and USGS-corrected inputs where available.,90
CLOWPAS1-27,49500.0,68129.69744223246,7.01754385964912,1.5896739141580967,2.1895867768595925,68129.69744223246,dispersion,0.16391220572619497,"{""DM"": 1.5896739141580967}",0.3459948310699426,very_old_gt_30000,usgs_dgm,0.0007333561437752667,7.01754385964912,44959.38007770548,DM,DM,reported,14C,4,100.0,selected,Model 1: Tamers,selected,2,Model 1: Tamers|Model 2: Rev. F&G solid exchange,0.175695566521332,selected_corrected,0.37095839073126,True,calibrated,1e-11,,2.321e-08,calibrated,dgm_sf6,Unfractionated excess air (UA),soft_reliability,3H|SF6,2,3H:7.02|SF6:34.5,usgs_dgm,,,,,,,,,,True,18629.697442232457,0.1387312613479592,True,True,,SF6,SF6:excessively_modern_vs_independent_proxy_downweighted,1,selected,,14C+4He,14C|4He,2,tension,44959.38007770548,185300.00000000003,0.6150551049849362,parity_reported_corrected,"USGS parity, corrected inputs",Baseline Phase-1 parity mode using reported LPM family and USGS-corrected inputs where available.,90
CLOWPAS1-46,33000.0,3863.0563196,7.01754385964912,24.864631506258863,164.4246215758362,,binary_fraction,0.8,"{""BMM-DM-DM"": 24.864631506258863}",0.38747174841445825,very_old_gt_30000,usgs_dgm,0.012777735845394399,7.01754385964912,14248.550383645754,BMM-DM-DM,BMM-DM-DM,reported,"3H, SF6, 14C",4,100.0,selected,Model 1: Rev. F&G solid exchange,selected,2,Model 1: Rev. F&G solid exchange|Model 2: Rev. F&G solid exchange,1.4739455374600006,selected_corrected,16.9695084893571,True,calibrated,1e-11,,4.023e-09,calibrated,dgm_sf6,Unfractionated excess air (UA),soft_reliability,3H|SF6,2,3H:7.02|SF6:41.8,usgs_dgm,,,,,,,,,,True,29136.9436804,0.9315829000962026,False,True,,SF6,SF6:excessively_modern_vs_independent_proxy_downweighted,1,selected,,14C+4He,14C|4He,2,agreement,14248.550383645754,11880.000000000002,0.07895424177602184,parity_reported_corrected,"USGS parity, corrected inputs",Baseline Phase-1 parity mode using reported LPM family and USGS-corrected inputs where available.,90
CMORPAS1-01,741000.0,51710.00114575551,,13.843328794408379,79.81583248179865,51710.00114575551,dispersion,2.0047478377785595,"{""DM"": 13.843328794408379}",0.0,very_old_gt_30000,usgs_dgm,0.0009659968874266566,,25485.288816286782,DM,DM,reported,4He,3,100.0,selected,PHREEQC,selected,1,PHREEQC,0.0,selected_corrected,4.18956098948189,True,calibrated,1e-11,,5.339e-05,calibrated,dgm_sf6,Unfractionated excess air (UA),soft_reliability,SF6,1,SF6:35.8,usgs_dgm,,,,,,,,,,True,689289.9988542445,1.1562436605844528,False,False,,SF6,SF6:excessively_modern_vs_independent_proxy_downweighted,1,selected,,14C+4He,14C|4He,2,conflict,25485.288816286782,26700000.0,3.020221701697298,parity_reported_corrected,"USGS parity, corrected inputs",Baseline Phase-1 parity mode using reported LPM family and USGS-corrected inputs where available.,90
BISCPAS1-04,154.0,7437.629139782947,9.602457713816435,11.818736815301271,46.571024921552635,7655.913213348393,,,"{""EM"": 11.818736815301271, ""PEM"": 13.784568092300965, ""GA"": 13.821964863795216, ""DM"": 14.165877978443271, ""PFM"": 14.5795353501266, ""EPM"": 16.579535349641922}",1.0192909386556182,intermediate_50_1000,usgs_dgm,0.006677681154685154,9.602457713816435,4197.7315489147795,BMM-DM-DM,EM,selection,"3H, 3He(trit), 14C",4,100.0,selected,Use scaling factor,selected,1,Use scaling factor,0.0,raw_fallback,59.3,False,calibrated,1e-11,,,calibrated,dgm_sf6,Unfractionated excess air (UA),soft_reliability,3H|3H/3He|SF6,3,3H:8.02|3H/3He:22.4|SF6:0.1,usgs_dgm,,,,,,,,,,True,7283.629139782947,1.683913798634022,False,False,,SF6,SF6:above_historical_max_downweighted+excessively_modern_vs_independent_proxy_downweighted,1,selected,100.0,14C_only,14C,1,single_tracer,4197.7315489147795,,,hydrosheaf_selection_corrected,"Hydrosheaf model selection, corrected inputs",Compare Hydrosheaf-selected supported TTD families against USGS-reported parity mode.,90
BISCPAS1-25,52.6,8.518396721016972,6.221707460890354,14.25903185274697,85.71709874437039,5.10866,,,"{""PFM"": 14.25903185274697, ""EPM"": 16.259031852746965, ""GA"": 16.259031852746965, ""DM"": 16.259031852746965, ""PEM"": 17.04755296230023, ""EM"": 22.44376537426938}",0.8494272609438218,intermediate_50_1000,usgs_dgm,0.8544321581189599,6.221707460890354,972.3008918528926,DM,PFM,selection,"3H, 14C",4,100.0,selected,Use scaling factor,selected,1,Use scaling factor,0.0,raw_fallback,88.6,False,calibrated,1e-11,,,calibrated,dgm_sf6,Unfractionated excess air (UA),soft_reliability,3H|3H/3He|SF6,3,3H:8.02|3H/3He:4.77|SF6:0.1,usgs_dgm,,,,,,,,,,True,44.08160327898303,0.7906278818679451,False,True,,SF6,SF6:above_historical_max_downweighted+excessively_modern_vs_independent_proxy_downweighted,1,selected,100.0,14C_only,14C,1,single_tracer,972.3008918528926,,,hydrosheaf_selection_corrected,"Hydrosheaf model selection, corrected inputs",Compare Hydrosheaf-selected supported TTD families against USGS-reported parity mode.,90
BNRCPAS1-03,85.4,87.69650841504514,7.518796992481203,2.6081654742375755,2.7107623835707657,64.606742,,,"{""PFM"": 2.6081654742375755, ""EPM"": 4.603169955241545, ""DM"": 4.603245977305691, ""GA"": 5.332621899493584, ""EM"": 17.42079117678013, ""PEM"": 17.500345854406334}",0.09476640776656697,intermediate_50_1000,usgs_dgm,0.3631174136187236,7.518796992481203,,DM,PFM,selection,3H,2,100.0,selected,Use scaling factor,selected,1,Use scaling factor,0.0,raw_fallback,,False,calibrated,1e-11,,,calibrated,dgm_sf6,Unfractionated excess air (UA),soft_reliability,3H|SF6,2,3H:7.52|SF6:11.6,usgs_dgm,,,,,,,,,,True,2.296508415045139,0.011524431841626104,True,True,,SF6,SF6:excessively_modern_vs_independent_proxy_downweighted,1,selected,100.0,none,,0,none,,,,hydrosheaf_selection_corrected,"Hydrosheaf model selection, corrected inputs",Compare Hydrosheaf-selected supported TTD families against USGS-reported parity mode.,90
BNRCPAS1-09,102.0,2871.62487319352,11.510025463611864,12.414264452641147,54.047347842108564,3212.246440936495,,,"{""EM"": 12.414264452641147, ""PEM"": 14.414264452641147, ""GA"": 14.414302606456804, ""DM"": 15.196439984594948, ""PFM"": 17.099255659302976, ""EPM"": 18.164839254319226}",0.29855837603371554,intermediate_50_1000,usgs_dgm,0.01711376448727548,11.510025463611864,3423.489076585936,BMM-DM-DM,EM,selection,"3H, 14C",4,100.0,selected,Use scaling factor,selected,1,Use scaling factor,0.0,raw_fallback,65.3,False,calibrated,1e-11,,,calibrated,dgm_sf6,Unfractionated excess air (UA),soft_reliability,3H|3H/3He|SF6,3,3H:7.52|3H/3He:35.5|SF6:28.7,usgs_dgm,,,,,,,,,,True,2769.62487319352,1.4495275346500534,False,False,,,,0,selected,100.0,14C_only,14C,1,single_tracer,3423.489076585936,,,hydrosheaf_selection_corrected,"Hydrosheaf model selection, corrected inputs",Compare Hydrosheaf-selected supported TTD families against USGS-reported parity mode.,90
BNRCPAS1-11,76.9,66.0503218376097,9.429367779322765,17.19988628643054,178.79965491420734,15.303968,,,"{""PFM"": 17.19988628643054, ""DM"": 19.196021888272455, ""EPM"": 19.199509424413037, ""GA"": 21.105139505450992, ""EM"": 24.225772194221626, ""PEM"": 26.22577219466766}",0.1507905782841495,intermediate_50_1000,usgs_dgm,0.4308475772257268,9.429367779322765,3698.790162269942,BMM-DM-DM,PFM,selection,"3H, SF6, 14C",4,100.0,selected,Use scaling factor,selected,1,Use scaling factor,0.0,raw_fallback,63.1,False,calibrated,1e-11,,,calibrated,dgm_sf6,Unfractionated excess air (UA),soft_reliability,3H|3H/3He|SF6,3,3H:7.52|3H/3He:14|SF6:17,usgs_dgm,,,,,,,,,,True,10.849678162390305,0.066051401697101,True,True,,,,0,selected,100.0,14C_only,14C,1,single_tracer,3698.790162269942,,,hydrosheaf_selection_corrected,"Hydrosheaf model selection, corrected inputs",Compare Hydrosheaf-selected supported TTD families against USGS-reported parity mode.,90
BNRCPAS1-12,65.3,98.13014769962447,9.523809523809524,12.345040441027358,94.34507793883468,142.61972473707277,,,"{""EM"": 12.345040441027358, ""PFM"": 12.584747101368162, ""DM"": 14.296102786976746, ""GA"": 14.299477559657833, ""EPM"": 14.322045490487602, ""PEM"": 14.34504044656246}",0.06780538161556848,intermediate_50_1000,usgs_dgm,0.3375410122549061,9.523809523809524,3265.1382326125618,DM,EM,selection,"3H, 14C",3,100.0,selected,Use scaling factor,selected,1,Use scaling factor,0.0,raw_fallback,66.6,False,calibrated,1e-11,,,calibrated,dgm_sf6,Unfractionated excess air (UA),soft_reliability,3H|SF6,2,3H:9.52|SF6:6.97,usgs_dgm,,,,,,,,,,True,32.830147699624476,0.17688927124412035,True,True,,SF6,SF6:excessively_modern_vs_independent_proxy_downweighted,1,selected,100.0,14C_only,14C,1,single_tracer,3265.1382326125618,,,hydrosheaf_selection_corrected,"Hydrosheaf model selection, corrected inputs",Compare Hydrosheaf-selected supported TTD families against USGS-reported parity mode.,90
BNRCPAS1-19,66.4,1475.5148009222094,19.677366552100825,14.573161309886434,56.23755030020391,3069.6917032286256,shape,-1.9850476911744304,"{""GA"": 14.573161309886434, ""EM"": 16.4750524225077, ""PFM"": 16.944348103882074, ""DM"": 17.788806935594717, ""EPM"": 17.839959928154947, ""PEM"": 18.475052431542537}",0.2906096571505677,intermediate_50_1000,usgs_dgm,0.03277582096861586,19.677366552100825,3547.4575862627103,DM,GA,selection,"3H, 3He(trit), 14C",4,100.0,selected,Use scaling factor,selected,1,Use scaling factor,0.0,raw_fallback,64.3,False,calibrated,1e-11,,,calibrated,dgm_sf6,Closed-system equilibration (CE),soft_reliability,3H|3H/3He|SF6,3,3H:7.52|3H/3He:38|SF6:20.8,usgs_dgm,,,,,,,,,,True,1409.1148009222093,1.3467754909075427,False,False,,,,0,selected,100.0,14C_only,14C,1,single_tracer,3547.4575862627103,,,hydrosheaf_selection_corrected,"Hydrosheaf model selection, corrected inputs",Compare Hydrosheaf-selected supported TTD families against USGS-reported parity mode.,90
BNRFPAS1-02,747.0,5512.56713676794,7.01754385964912,10.26835852988838,31.607170000081116,6682.3093545787615,,,"{""EM"": 10.26835852988838, ""DM"": 11.403620811884938, ""GA"": 12.240415514137037, ""EPM"": 12.268358529888369, ""PEM"": 12.26835852988842, ""PFM"": 12.490230210531491}",0.36357995712065544,intermediate_50_1000,usgs_dgm,0.008988655556084106,7.01754385964912,3074.4349146069753,BMM-DM-DM,EM,selection,"3H, SF6, 14C, 4He",4,100.0,selected,Use scaling factor,selected,1,Use scaling factor,0.0,raw_fallback,68.2,True,calibrated,1e-11,,9.75e-09,calibrated,dgm_sf6,Unfractionated excess air (UA),soft_reliability,3H|SF6,2,3H:7.02|SF6:37.4,usgs_dgm,,,,,,,,,,True,4765.56713676794,0.8680332899031806,False,True,,SF6,SF6:excessively_modern_vs_independent_proxy_downweighted,1,selected,100.0,14C+4He,14C|4He,2,conflict,3074.4349146069753,19500.000000000004,0.8022693078430438,hydrosheaf_selection_corrected,"Hydrosheaf model selection, corrected inputs",Compare Hydrosheaf-selected supported TTD families against USGS-reported parity mode.,90
BNRFPAS1-04,60.8,23.579859887585403,,30.43722898861081,4893.1992322561555,26.488209,,,"{""PFM"": 30.43722898861081, ""EM"": 30.85211566298393, ""DM"": 32.22165817067644, ""EPM"": 32.23625190698622, ""GA"": 32.240315061834714, ""PEM"": 32.42451927391858}",0.0,intermediate_50_1000,usgs_dgm,0.6795337756335704,,1267.8008763599244,DM,PFM,selection,"14C, 4He",4,100.0,selected,Use scaling factor,selected,1,Use scaling factor,0.0,raw_fallback,85.4,True,calibrated,1e-11,,5.288e-10,calibrated,dgm_sf6,Closed-system equilibration (CE),soft_reliability,SF6,1,SF6:27.9,usgs_dgm,,,,,,,,,,True,37.2201401124146,0.4113623591001485,False,True,,,,0,selected,100.0,14C+4He,14C|4He,2,agreement,1267.8008763599244,1058.0,0.07856537994040869,hydrosheaf_selection_corrected,"Hydrosheaf model selection, corrected inputs",Compare Hydrosheaf-selected supported TTD families against USGS-reported parity mode.,90
BNRFPAS1-07,52.5,113.27953467617392,176.94235588972435,19.6139079205907,326.93825854058406,39.970446,,,"{""PFM"": 19.6139079205907, ""EM"": 19.845676279903547, ""DM"": 21.29563143053387, ""GA"": 21.300315665846682, ""EPM"": 21.38056491854283, ""PEM"": 21.47073845543961}",0.3687833559503143,intermediate_50_1000,usgs_dgm,0.3062233126715059,176.94235588972435,,DM,PFM,selection,"3H, SF6, 14C",4,100.0,selected,Use scaling factor,selected,1,Use scaling factor,0.0,raw_fallback,105.1,True,calibrated,1e-11,,1.808e-08,calibrated,dgm_sf6,Closed-system equilibration (CE),soft_reliability,3H|SF6,2,3H:177|SF6:32.4,usgs_dgm,,,,,,,,,,True,60.779534676173924,0.33399215297094265,False,True,,,,0,selected,100.0,4He_only,4He,1,single_tracer,,36170.00000000001,,hydrosheaf_selection_corrected,"Hydrosheaf model selection, corrected inputs",Compare Hydrosheaf-selected supported TTD families against USGS-reported parity mode.,90
BNRFPAS1-08,50.3,954.0515895286811,7.01754385964912,13.705158192938121,148.46239388109046,1365.161185318718,,,"{""EM"": 13.705158192938121, ""PFM"": 14.604094249209826, ""PEM"": 15.686205458367402, ""GA"": 15.712265245960033, ""DM"": 16.098775956815317, ""EPM"": 16.184340636715653}",0.2850767263526193,intermediate_50_1000,usgs_dgm,0.04979823798045163,7.01754385964912,775.2720627593187,BMM-DM-DM,EM,selection,"3H, SF6, 14C",3,100.0,selected,Use scaling factor,selected,1,Use scaling factor,0.0,raw_fallback,90.8,False,calibrated,1e-11,,,calibrated,dgm_sf6,Unfractionated excess air (UA),soft_reliability,3H|SF6,2,3H:7.02|SF6:26.1,usgs_dgm,,,,,,,,,,True,903.7515895286812,1.2780038743880549,False,False,,,,0,selected,100.0,14C_only,14C,1,single_tracer,775.2720627593187,,,hydrosheaf_selection_corrected,"Hydrosheaf model selection, corrected inputs",Compare Hydrosheaf-selected supported TTD families against USGS-reported parity mode.,90
BNRFPAS1-10,62.4,21.931998923343667,21.437066877835775,57.625737413165794,4380742.175289522,12.751737821533204,,,"{""EM"": 57.625737413165794, ""PFM"": 57.677251643414905, ""GA"": 59.62703125144527, ""DM"": 59.64416804840961, ""EPM"": 59.6453746211053, ""PEM"": 59.66689848217849}",0.3465125371345153,intermediate_50_1000,usgs_dgm,0.6951009390589005,21.437066877835775,,DM,EM,selection,"3H, 3He(trit)",4,100.0,selected,Use scaling factor,selected,1,Use scaling factor,0.0,raw_fallback,,True,calibrated,1e-11,,2.187e-11,calibrated,dgm_sf6,Unfractionated excess air (UA),soft_reliability,3H|3H/3He|SF6,3,3H:7.02|3H/3He:46.7|SF6:27.4,usgs_dgm,,,,,,,,,,True,40.468001076656336,0.45410637379078334,False,True,,,,0,selected,100.0,4He_only,4He,1,single_tracer,,43.75,,hydrosheaf_selection_corrected,"Hydrosheaf model selection, corrected inputs",Compare Hydrosheaf-selected supported TTD families against USGS-reported parity mode.,90
BNRFPAS1-12,432.0,8463.479560657239,7.01754385964912,0.21802655406092253,0.8504024876868227,8543.332996299512,shape,0.8482312018962133,"{""GA"": 0.21802655406092253, ""EM"": 2.515015107962098, ""PEM"": 4.515015107961854, ""PFM"": 7.6047002095685485, ""DM"": 9.604686545784105, ""EPM"": 9.604686545784105}",0.3503032895910309,intermediate_50_1000,usgs_dgm,0.005873039295361862,7.01754385964912,,BMM-DM-DM,GA,selection,"3H, SF6",3,100.0,selected,Use scaling factor,selected,1,Use scaling factor,0.0,raw_fallback,,True,calibrated,1e-11,,1.063e-08,calibrated,dgm_sf6,Closed-system equilibration (CE),soft_reliability,3H|SF6,2,3H:7.02|SF6:35.2,usgs_dgm,,,,,,,,,,True,8031.479560657239,1.2920652029040864,False,False,,SF6,SF6:excessively_modern_vs_independent_proxy_downweighted,1,selected,100.0,4He_only,4He,1,single_tracer,,21270.0,,hydrosheaf_selection_corrected,"Hydrosheaf model selection, corrected inputs",Compare Hydrosheaf-selected supported TTD families against USGS-reported parity mode.,90
BNRFPAS1-15,199.0,53279.721769608965,7.01754385964912,19.998315115190184,218.30062791062693,176360.00048736416,shape,0.2996823457871649,"{""GA"": 19.998315115190184, ""EM"": 20.357490120130297, ""PFM"": 20.68725478490483, ""DM"": 22.336891168781598, ""PEM"": 22.34652286322729, ""EPM"": 22.559118090687235}",0.2682456475053107,intermediate_50_1000,usgs_dgm,0.0009375634888178533,7.01754385964912,1467.80290853726,BMM-DM-DM,GA,selection,"3H, 14C",4,100.0,selected,Use scaling factor,selected,1,Use scaling factor,0.0,raw_fallback,83.3,True,calibrated,1e-11,,1.491e-07,calibrated,dgm_sf6,Unfractionated excess air (UA),soft_reliability,3H|SF6,2,3H:7.02|SF6:24.1,usgs_dgm,,,,,,,,,,True,53080.721769608965,2.4277088718426465,False,False,,SF6,SF6:excessively_modern_vs_independent_proxy_downweighted,1,selected,100.0,14C+4He,14C|4He,2,conflict,1467.80290853726,298100.0,2.307694232088267,hydrosheaf_selection_corrected,"Hydrosheaf model selection, corrected inputs",Compare Hydrosheaf-selected supported TTD families against USGS-reported parity mode.,90
BNRFPAS1-18,79.2,90.12476243177997,13.889924847506181,42.41903859862931,16207.763456849727,26.488209,,,"{""PFM"": 42.41903859862931, ""EM"": 43.775855055772944, ""DM"": 44.39181701568063, ""GA"": 44.39181701568063, ""EPM"": 44.39181701568063, ""PEM"": 44.83923450107623}",0.3724021114204389,intermediate_50_1000,usgs_dgm,0.35682486901158955,13.889924847506181,1812.6197927491937,BMM-DM-DM,PFM,selection,"3H, 3He(trit), SF6, 14C, 4He",5,100.0,selected,Use scaling factor,selected,1,Use scaling factor,0.0,raw_fallback,79.8,True,calibrated,1e-11,,3.184e-10,calibrated,dgm_sf6,Closed-system equilibration (CE),soft_reliability,3H|3H/3He|SF6,3,3H:7.02|3H/3He:48.5|SF6:37.6,usgs_dgm,,,,,,,,,,True,10.924762431779968,0.05611895134239675,True,True,,,,0,selected,100.0,14C+4He,14C|4He,2,tension,1812.6197927491937,636.7,0.4543718680609987,hydrosheaf_selection_corrected,"Hydrosheaf model selection, corrected inputs",Compare Hydrosheaf-selected supported TTD families against USGS-reported parity mode.,90
BNRFPAS1-21,183.0,1257.7401658113658,10.459324551744125,10.682705255483985,28.388353230338943,867.8304808124999,,,"{""PFM"": 10.682705255483985, ""DM"": 11.034387974166593, ""GA"": 11.047982736521806, ""EPM"": 11.189781601337518, ""PEM"": 17.715100261683983, ""EM"": 19.998890454961728}",0.439276676462262,intermediate_50_1000,usgs_dgm,0.03823389485707073,10.459324551744125,1545.3234136370152,BMM-DM-DM,PFM,selection,"3H, 14C, 4He",5,100.0,selected,Use scaling factor,selected,1,Use scaling factor,0.0,raw_fallback,82.5,True,calibrated,1e-11,,3.06e-09,calibrated,dgm_sf6,Unfractionated excess air (UA),soft_reliability,3H|3H/3He|SF6,3,3H:7.02|3H/3He:82.5|SF6:19.3,usgs_dgm,,,,,,,,,,True,1074.7401658113658,0.8371398405602966,False,True,,SF6,SF6:excessively_modern_vs_independent_proxy_downweighted,1,selected,100.0,14C+4He,14C|4He,2,tension,1545.3234136370152,6119.0,0.597661068426651,hydrosheaf_selection_corrected,"Hydrosheaf model selection, corrected inputs",Compare Hydrosheaf-selected supported TTD families against USGS-reported parity mode.,90
BNRFPAS1-27,491.0,965.090740444023,7.01754385964912,28.201384722313097,2797.9451218889,69.181111,,,"{""PFM"": 28.201384722313097, ""DM"": 30.200629209332874, ""EPM"": 30.203349332734355, ""GA"": 30.372500476046568, ""EM"": 31.319527691296404, ""PEM"": 32.40133548085264}",0.32113115011745247,intermediate_50_1000,usgs_dgm,0.04925668022361124,7.01754385964912,2796.608953280294,DM,PFM,selection,"14C, 4He",4,100.0,selected,Use scaling factor,selected,1,Use scaling factor,0.0,raw_fallback,70.6,True,calibrated,1e-11,,6.566e-10,calibrated,dgm_sf6,Unfractionated excess air (UA),soft_reliability,3H|SF6,2,3H:7.02|SF6:30.8,usgs_dgm,,,,,,,,,,True,474.090740444023,0.29348665668345575,True,True,,SF6,SF6:excessively_modern_vs_independent_proxy_downweighted,1,selected,100.0,14C+4He,14C|4He,2,tension,2796.608953280294,1313.0000000000002,0.32836701761293385,hydrosheaf_selection_corrected,"Hydrosheaf model selection, corrected inputs",Compare Hydrosheaf-selected supported TTD families against USGS-reported parity mode.,90
BNRFPAS1-39,114.0,33436.088534153445,8.33062826691204,21.68020505797297,548.0385469441387,1123.595506,,,"{""PFM"": 21.68020505797297, ""EM"": 21.81769638613101, ""GA"": 22.717281872427343, ""DM"": 22.727117054971536, ""PEM"": 23.459107207151703, ""EPM"": 23.68020498965876}",0.3211132955579973,intermediate_50_1000,usgs_dgm,0.0014931573733672576,8.33062826691204,1091.0398360039824,BMM-DM-DM,PFM,selection,"3H, 14C",4,100.0,selected,Use scaling factor,selected,1,Use scaling factor,0.0,raw_fallback,87.3,False,calibrated,1e-11,,,calibrated,dgm_sf6,Unfractionated excess air (UA),soft_reliability,3H|3H/3He|SF6,3,3H:7.02|3H/3He:35.6|SF6:31.7,usgs_dgm,,,,,,,,,,True,33322.088534153445,2.467310615175994,False,False,,,,0,selected,100.0,14C_only,14C,1,single_tracer,1091.0398360039824,,,hydrosheaf_selection_corrected,"Hydrosheaf model selection, corrected inputs",Compare Hydrosheaf-selected supported TTD families against USGS-reported parity mode.,90
BNRFPAS1-40,958.0,9162.167970152019,7.01754385964912,14.090892417605621,82.1886706171625,10875.000020545243,,,"{""EM"": 14.090892417605621, ""DM"": 15.634367684461775, ""GA"": 15.932054034742887, ""EPM"": 16.090890866512034, ""PEM"": 16.09089417218024, ""PFM"": 16.183812573825193}",0.279192590840525,intermediate_50_1000,usgs_dgm,0.0054276040300180175,7.01754385964912,3265.1382326125618,DM,EM,selection,"14C, 4He",4,100.0,selected,Use scaling factor,selected,1,Use scaling factor,0.0,raw_fallback,66.6,True,calibrated,1e-11,,1.604e-08,calibrated,dgm_sf6,Unfractionated excess air (UA),soft_reliability,3H|SF6,2,3H:7.02|SF6:25.4,usgs_dgm,,,,,,,,,,True,8204.167970152019,0.9806327403612429,False,True,,SF6,SF6:excessively_modern_vs_independent_proxy_downweighted,1,selected,100.0,14C+4He,14C|4He,2,conflict,3265.1382326125618,32080.000000000004,0.9923327873578334,hydrosheaf_selection_corrected,"Hydrosheaf model selection, corrected inputs",Compare Hydrosheaf-selected supported TTD families against USGS-reported parity mode.,90
BNRFPAS1-46,301.0,17858.0090127779,7.01754385964912,8.073108338359937,22.714005912878235,2584.459679425,,,"{""PFM"": 8.073108338359937, ""EM"": 8.82477961218883, ""GA"": 9.272007353053942, ""DM"": 9.277217267056526, ""PEM"": 9.6463495682674, ""EPM"": 10.073107557404034}",0.07637777343889612,intermediate_50_1000,usgs_dgm,0.0027920468414061833,7.01754385964912,2506.0932874122914,BMM-DM-DM,PFM,selection,"3H, 14C",3,100.0,selected,Use scaling factor,selected,1,Use scaling factor,0.0,raw_fallback,73.2,False,calibrated,1e-11,,,calibrated,dgm_sf6,Unfractionated excess air (UA),soft_reliability,3H|SF6,2,3H:7.02|SF6:4.94,usgs_dgm,,,,,,,,,,True,17557.0090127779,1.7732665422194036,False,False,,SF6,SF6:excessively_modern_vs_independent_proxy_downweighted,1,selected,100.0,14C_only,14C,1,single_tracer,2506.0932874122914,,,hydrosheaf_selection_corrected,"Hydrosheaf model selection, corrected inputs",Compare Hydrosheaf-selected supported TTD families against USGS-reported parity mode.,90
BISCPAS1-01,25.6,16287.218361328563,9.954225711038392,10.617215386485716,34.48754373700333,5044.717038335104,,,"{""EM"": 10.617215386485716, ""PEM"": 12.505554417949309, ""GA"": 12.617247832324999, ""DM"": 12.976627414262856, ""PFM"": 14.07957973426964, ""EPM"": 16.07957931925065}",0.36867203058836123,modern_le_50,usgs_dgm,0.003060496523591421,9.954225711038392,2016.513987338487,DM,EM,selection,"3H, 3He(trit), 14C",4,100.0,selected,Use scaling factor,selected,1,Use scaling factor,0.0,raw_fallback,77.8,False,calibrated,1e-11,,,calibrated,dgm_sf6,Unfractionated excess air (UA),soft_reliability,3H|3H/3He|SF6,3,3H:8.02|3H/3He:25.8|SF6:3.24,usgs_dgm,,,,,,,,,,True,16261.618361328563,2.8036069536510992,False,False,,SF6,SF6:above_historical_max_downweighted+excessively_modern_vs_independent_proxy_downweighted,1,selected,100.0,14C_only,14C,1,single_tracer,2016.513987338487,,,hydrosheaf_selection_corrected,"Hydrosheaf model selection, corrected inputs",Compare Hydrosheaf-selected supported TTD families against USGS-reported parity mode.,90
BISCPAS1-02,19.3,8414.358264510658,9.326245669559128,15.401939419925982,114.06622674790235,6988.431737966874,,,"{""EM"": 15.401939419925982, ""PFM"": 17.021476896329155, ""PEM"": 17.36980694209107, ""GA"": 17.40193941992598, ""DM"": 17.60188658589986, ""EPM"": 19.021476781531078}",0.17668791140058013,modern_le_50,usgs_dgm,0.005907122363858331,9.326245669559128,3181.1479230274094,DM,EM,selection,"3H, SF6, 3He(trit), 14C",4,100.0,selected,Use scaling factor,selected,1,Use scaling factor,0.0,raw_fallback,67.3,False,calibrated,1e-11,,,calibrated,dgm_sf6,Unfractionated excess air (UA),soft_reliability,3H|3H/3He|SF6,3,3H:8.02|3H/3He:19|SF6:19,usgs_dgm,,,,,,,,,,True,8395.058264510659,2.6394636903522635,False,False,,,,0,selected,100.0,14C_only,14C,1,single_tracer,3181.1479230274094,,,hydrosheaf_selection_corrected,"Hydrosheaf model selection, corrected inputs",Compare Hydrosheaf-selected supported TTD families against USGS-reported parity mode.,90
BISCPAS1-03,21.4,3102.9766858389007,9.932800530503636,14.160258177869594,83.62637038571854,4011.68705406714,,,"{""EM"": 14.160258177869594, ""GA"": 16.160258177869572, ""PEM"": 16.160258177869572, ""PFM"": 16.31103593213578, ""DM"": 16.535990308708456, ""EPM"": 18.498135510523248}",0.21012729133106936,modern_le_50,usgs_dgm,0.015858030357334116,9.932800530503636,3866.016377305877,DM,EM,selection,"3H, SF6, 3He(trit), 14C",4,100.0,selected,Use scaling factor,selected,1,Use scaling factor,0.0,raw_fallback,61.8,False,calibrated,1e-11,,,calibrated,dgm_sf6,Unfractionated excess air (UA),soft_reliability,3H|3H/3He|SF6,3,3H:8.02|3H/3He:24.6|SF6:19.5,usgs_dgm,,,,,,,,,,True,3081.5766858389006,2.1613647391832336,False,False,,,,0,selected,100.0,14C_only,14C,1,single_tracer,3866.016377305877,,,hydrosheaf_selection_corrected,"Hydrosheaf model selection, corrected inputs",Compare Hydrosheaf-selected supported TTD families against USGS-reported parity mode.,90
BISCPAS1-05,10.1,36611.86273678362,8.277033614277945,17.985860335144817,217.62196345989585,12581.665935594941,,,"{""EM"": 17.985860335144817, ""PFM"": 18.69649304248445, ""PEM"": 19.932119950800917, ""GA"": 19.940125912693773, ""DM"": 19.9807861064643, ""EPM"": 20.69649292546975}",0.054062597527212465,modern_le_50,usgs_dgm,0.0013638150455959769,8.277033614277945,2375.472523249279,DM,EM,selection,"3H, SF6, 3He(trit), 14C",4,100.0,selected,Use scaling factor,selected,1,Use scaling factor,0.0,raw_fallback,74.4,False,calibrated,1e-11,,,calibrated,dgm_sf6,Unfractionated excess air (UA),soft_reliability,3H|3H/3He|SF6,3,3H:8.02|3H/3He:9.95|SF6:10.8,usgs_dgm,,,,,,,,,,True,36601.762736783625,3.5593004516770494,False,False,,,,0,selected,100.0,14C_only,14C,1,single_tracer,2375.472523249279,,,hydrosheaf_selection_corrected,"Hydrosheaf model selection, corrected inputs",Compare Hydrosheaf-selected supported TTD families against USGS-reported parity mode.,90
BISCPAS1-06,24.0,1606.5648012645613,8.020050125313281,1.218401086147467,1.1869804563124078,3240.549241857354,shape,0.46583407807768257,"{""GA"": 1.218401086147467, ""EM"": 1.28779188828526, ""DM"": 2.769553663957012, ""PEM"": 3.287791901386444, ""PFM"": 8.866643851280248, ""EPM"": 10.868928554936288}",0.9520885413165789,modern_le_50,usgs_dgm,0.03018294241301748,8.020050125313281,2386.276828845748,DM,GA,selection,"3H, 14C",3,100.0,selected,Use scaling factor,selected,1,Use scaling factor,0.0,raw_fallback,74.3,False,calibrated,1e-11,,,calibrated,dgm_sf6,Unfractionated excess air (UA),soft_reliability,3H|SF6,2,3H:8.02|SF6:0.1,usgs_dgm,,,,,,,,,,True,1582.5648012645613,1.825687005925098,False,False,,SF6,SF6:above_historical_max_downweighted+excessively_modern_vs_independent_proxy_downweighted,1,selected,100.0,14C_only,14C,1,single_tracer,2386.276828845748,,,hydrosheaf_selection_corrected,"Hydrosheaf model selection, corrected inputs",Compare Hydrosheaf-selected supported TTD families against USGS-reported parity mode.,90
BISCPAS1-07,25.0,45868.135549075465,8.589687178415664,16.737479008517468,159.2800722324319,14498.332705159846,,,"{""EM"": 16.737479008517468, ""PFM"": 17.70247494059514, ""PEM"": 18.66835086646951, ""GA"": 18.737499168538804, ""DM"": 18.741360770691138, ""EPM"": 19.702474916105764}",0.19078960230523268,modern_le_50,usgs_dgm,0.0010888943856738695,8.589687178415664,3801.285970643896,DM,EM,selection,"3H, SF6, 14C",4,100.0,selected,Use scaling factor,selected,1,Use scaling factor,0.0,raw_fallback,62.3,False,calibrated,1e-11,,,calibrated,dgm_sf6,Unfractionated excess air (UA),soft_reliability,3H|3H/3He|SF6,3,3H:8.02|3H/3He:12.3|SF6:23.4,usgs_dgm,,,,,,,,,,True,45843.135549075465,3.263571078588681,False,False,,,,0,selected,100.0,14C_only,14C,1,single_tracer,3801.285970643896,,,hydrosheaf_selection_corrected,"Hydrosheaf model selection, corrected inputs",Compare Hydrosheaf-selected supported TTD families against USGS-reported parity mode.,90
BISCPAS1-08,20.7,3959.254140114918,9.819097966730356,14.269359321046604,85.9386948421122,4339.14419579173,,,"{""EM"": 14.269359321046604, ""PEM"": 16.259052132339484, ""GA"": 16.26935980953308, ""PFM"": 16.49736390978024, ""DM"": 16.5894023253463, ""EPM"": 18.49736373190546}",0.20467370147946748,modern_le_50,usgs_dgm,0.012471147563263936,9.819097966730356,2550.1098358995287,DM,EM,selection,"3H, SF6, 3He(trit), 14C",4,100.0,selected,Use scaling factor,selected,1,Use scaling factor,0.0,raw_fallback,72.8,False,calibrated,1e-11,,,calibrated,dgm_sf6,Unfractionated excess air (UA),soft_reliability,3H|3H/3He|SF6,3,3H:8.02|3H/3He:23.5|SF6:19.8,usgs_dgm,,,,,,,,,,True,3938.554140114918,2.2816430340692566,False,False,,,,0,selected,100.0,14C_only,14C,1,single_tracer,2550.1098358995287,,,hydrosheaf_selection_corrected,"Hydrosheaf model selection, corrected inputs",Compare Hydrosheaf-selected supported TTD families against USGS-reported parity mode.,90
BISCPAS1-09,8.49,4012.284527539817,9.054079373671469,18.02213225910293,219.60432973343313,15.303968,,,"{""PFM"": 18.02213225910293, ""EM"": 18.053129153294865, ""DM"": 19.99954841327984, ""EPM"": 20.021277695219432, ""PEM"": 20.044544333781083, ""GA"": 20.053282326076374}",0.08818839234929024,modern_le_50,usgs_dgm,0.012308345134623247,9.054079373671469,3350.016003404866,DM,PFM,selection,"3H, SF6, 3He(trit), 14C",4,100.0,selected,Use scaling factor,selected,1,Use scaling factor,0.0,raw_fallback,65.9,False,calibrated,1e-11,,,calibrated,dgm_sf6,Unfractionated excess air (UA),soft_reliability,3H|3H/3He|SF6,3,3H:8.02|3H/3He:13.2|SF6:10.4,usgs_dgm,,,,,,,,,,True,4003.7945275398174,2.674484032798098,False,False,,,,0,selected,100.0,14C_only,14C,1,single_tracer,3350.016003404866,,,hydrosheaf_selection_corrected,"Hydrosheaf model selection, corrected inputs",Compare Hydrosheaf-selected supported TTD families against USGS-reported parity mode.,90
BISCPAS1-10,8.85,33280.507030182096,8.316654596744936,18.006047063626156,218.723008306677,11418.332946251754,,,"{""EM"": 18.006047063626156, ""PFM"": 18.758132587925726, ""PEM"": 19.952444795217154, ""GA"": 19.967376652436553, ""DM"": 20.012466982476685, ""EPM"": 20.758132566723223}",0.9220979533141664,modern_le_50,usgs_dgm,0.0015001271944265061,8.316654596744936,1692.7220445586368,DM,EM,selection,"3H, 3He(trit), 14C",4,100.0,selected,Use scaling factor,selected,1,Use scaling factor,0.0,raw_fallback,81.0,False,calibrated,1e-11,,,calibrated,dgm_sf6,Unfractionated excess air (UA),soft_reliability,3H|3H/3He|SF6,3,3H:8.02|3H/3He:10.1|SF6:0.1,usgs_dgm,,,,,,,,,,True,33271.6570301821,3.5752466634693243,False,False,,SF6,SF6:above_historical_max_downweighted+excessively_modern_vs_independent_proxy_downweighted,1,selected,100.0,14C_only,14C,1,single_tracer,1692.7220445586368,,,hydrosheaf_selection_corrected,"Hydrosheaf model selection, corrected inputs",Compare Hydrosheaf-selected supported TTD families against USGS-reported parity mode.,90
BISCPAS1-11,15.2,27406.055182291184,9.111958967693909,13.961505871286214,79.57268088195397,7579.2702346049045,,,"{""EM"": 13.961505871286214, ""PFM"": 15.811342969990372, ""PEM"": 15.888496789781906, ""GA"": 15.961505871286207, ""DM"": 16.099079641114123, ""EPM"": 17.811342968707145}",0.984250324993066,modern_le_50,usgs_dgm,0.0018210919109839705,9.111958967693909,2934.3208973123456,DM,EM,selection,"3H, 3He(trit), 14C",4,100.0,selected,Use scaling factor,selected,1,Use scaling factor,0.0,raw_fallback,69.4,False,calibrated,1e-11,,,calibrated,dgm_sf6,Unfractionated excess air (UA),soft_reliability,3H|3H/3He|SF6,3,3H:8.02|3H/3He:17.1|SF6:0.1,usgs_dgm,,,,,,,,,,True,27390.855182291183,3.2560029399020323,False,False,,SF6,SF6:above_historical_max_downweighted+excessively_modern_vs_independent_proxy_downweighted,1,selected,100.0,14C_only,14C,1,single_tracer,2934.3208973123456,,,hydrosheaf_selection_corrected,"Hydrosheaf model selection, corrected inputs",Compare Hydrosheaf-selected supported TTD families against USGS-reported parity mode.,90
BISCPAS1-12,9.99,34479.02325881469,8.233232369020525,18.52956929362008,249.30740282296216,12398.33328181635,,,"{""EM"": 18.52956929362008, ""PFM"": 19.14650680707545, ""GA"": 20.468220200168197, ""PEM"": 20.480397142906256, ""DM"": 20.50295485298192, ""EPM"": 21.146506712449884}",0.0850939580192332,modern_le_50,usgs_dgm,0.0014480571786007826,8.233232369020525,713.5811397052439,DM,EM,selection,"3H, SF6, 3He(trit), 14C",4,100.0,selected,Use scaling factor,selected,1,Use scaling factor,0.0,raw_fallback,91.5,False,calibrated,1e-11,,,calibrated,dgm_sf6,Unfractionated excess air (UA),soft_reliability,3H|3H/3He|SF6,3,3H:8.02|3H/3He:9.49|SF6:12.9,usgs_dgm,,,,,,,,,,True,34469.03325881469,3.5379894661623257,False,False,,,,0,selected,100.0,14C_only,14C,1,single_tracer,713.5811397052439,,,hydrosheaf_selection_corrected,"Hydrosheaf model selection, corrected inputs",Compare Hydrosheaf-selected supported TTD families against USGS-reported parity mode.,90
BISCPAS1-13,20.3,19617.088426763374,9.574557380659654,14.69392622003426,95.56206351346547,5515.68794985737,,,"{""EM"": 14.69392622003426, ""PFM"": 16.517577998690523, ""PEM"": 16.622362321423793, ""GA"": 16.694199769103214, ""DM"": 16.885402046399705, ""EPM"": 18.517577854279896}",0.1885317329829124,modern_le_50,usgs_dgm,0.002542318360248942,9.574557380659654,1072.6576769527903,DM,EM,selection,"3H, 3He(trit), 14C",4,100.0,selected,Use scaling factor,selected,1,Use scaling factor,0.0,raw_fallback,87.5,False,calibrated,1e-11,,,calibrated,dgm_sf6,Unfractionated excess air (UA),soft_reliability,3H|3H/3He|SF6,3,3H:8.02|3H/3He:21.6|SF6:9.37,usgs_dgm,,,,,,,,,,True,19596.788426763374,2.985138511816603,False,False,,,,0,selected,100.0,14C_only,14C,1,single_tracer,1072.6576769527903,,,hydrosheaf_selection_corrected,"Hydrosheaf model selection, corrected inputs",Compare Hydrosheaf-selected supported TTD families against USGS-reported parity mode.,90
BISCPAS1-14,9.43,16902.347076543476,8.961098786807167,17.25598656160501,181.32500004926,5495.092517785426,,,"{""EM"": 17.25598656160501, ""PFM"": 18.106395218761808, ""PEM"": 19.221356385229598, ""GA"": 19.25631005915686, ""DM"": 19.428164438409397, ""EPM"": 20.24505201503187}",0.9686002163194403,modern_le_50,usgs_dgm,0.002949444096102994,8.961098786807167,1267.8008763599244,DM,EM,selection,"3H, 3He(trit), 14C",4,100.0,selected,Use scaling factor,selected,1,Use scaling factor,0.0,raw_fallback,85.4,False,calibrated,1e-11,,,calibrated,dgm_sf6,Unfractionated excess air (UA),soft_reliability,3H|3H/3He|SF6,3,3H:8.02|3H/3He:15.1|SF6:0.1,usgs_dgm,,,,,,,,,,True,16892.917076543476,3.2534353226228605,False,False,,SF6,SF6:above_historical_max_downweighted+excessively_modern_vs_independent_proxy_downweighted,1,selected,100.0,14C_only,14C,1,single_tracer,1267.8008763599244,,,hydrosheaf_selection_corrected,"Hydrosheaf model selection, corrected inputs",Compare Hydrosheaf-selected supported TTD families against USGS-reported parity mode.,90
BISCPAS1-15,12.4,26958.67732953869,8.77219460237105,16.033083882889635,133.56193887345296,8236.138652505748,,,"{""EM"": 16.033083882889635, ""PFM"": 17.257087829378357, ""PEM"": 17.958883814701785, ""GA"": 18.033867857675688, ""DM"": 18.089980701857364, ""EPM"": 19.25708780708832}",0.959882874722214,modern_le_50,usgs_dgm,0.0018512568901445721,8.77219460237105,1381.4773016548957,DM,EM,selection,"3H, 3He(trit), 14C",4,100.0,selected,Use scaling factor,selected,1,Use scaling factor,0.0,raw_fallback,84.2,False,calibrated,1e-11,,,calibrated,dgm_sf6,Unfractionated excess air (UA),soft_reliability,3H|3H/3He|SF6,3,3H:8.02|3H/3He:14|SF6:0.1,usgs_dgm,,,,,,,,,,True,26946.277329538687,3.337276895483909,False,False,,SF6,SF6:above_historical_max_downweighted+excessively_modern_vs_independent_proxy_downweighted,1,selected,100.0,14C_only,14C,1,single_tracer,1381.4773016548957,,,hydrosheaf_selection_corrected,"Hydrosheaf model selection, corrected inputs",Compare Hydrosheaf-selected supported TTD families against USGS-reported parity mode.,90
BISCPAS1-16,18.7,44.33462426879613,10.634491762887425,9.609277190332179,26.805676068780837,26.488209,,,"{""PFM"": 9.609277190332179, ""DM"": 11.609277190332177, ""EPM"": 11.615161123129432, ""EM"": 18.587608533830547, ""PEM"": 20.587605954588756, ""GA"": 20.588375095972292}",0.3077722532559021,modern_le_50,usgs_dgm,0.5300280823457832,10.634491762887425,1045.1630693926147,DM,PFM,selection,"3H, SF6, 3He(trit), 14C",4,100.0,selected,Use scaling factor,selected,1,Use scaling factor,0.0,raw_fallback,87.8,False,calibrated,1e-11,,,calibrated,dgm_sf6,Unfractionated excess air (UA),soft_reliability,3H|3H/3He|SF6,3,3H:8.02|3H/3He:21.8|SF6:3.86,usgs_dgm,,,,,,,,,,True,25.634624268796127,0.3749014256805212,False,True,,SF6,SF6:above_historical_max_downweighted,1,selected,100.0,14C_only,14C,1,single_tracer,1045.1630693926147,,,hydrosheaf_selection_corrected,"Hydrosheaf model selection, corrected inputs",Compare Hydrosheaf-selected supported TTD families against USGS-reported parity mode.,90
BISCPAS1-17,20.9,9840.169956221052,9.980271836714731,12.869634398621546,60.56413951715664,4357.5934051921495,,,"{""EM"": 12.869634398621546, ""PEM"": 14.829692438997938, ""GA"": 14.869634398621546, ""DM"": 15.152358808791718, ""PFM"": 15.31933185196164, ""EPM"": 17.319331581816737}",0.2081036091144098,modern_le_50,usgs_dgm,0.005055524851577431,9.980271836714731,2006.1954245837858,DM,EM,selection,"3H, SF6, 3He(trit), 14C",4,100.0,selected,Use scaling factor,selected,1,Use scaling factor,0.0,raw_fallback,77.9,False,calibrated,1e-11,,,calibrated,dgm_sf6,Unfractionated excess air (UA),soft_reliability,3H|3H/3He|SF6,3,3H:8.02|3H/3He:25.8|SF6:15.8,usgs_dgm,,,,,,,,,,True,9819.269956221053,2.6728563133783716,False,False,,,,0,selected,100.0,14C_only,14C,1,single_tracer,2006.1954245837858,,,hydrosheaf_selection_corrected,"Hydrosheaf model selection, corrected inputs",Compare Hydrosheaf-selected supported TTD families against USGS-reported parity mode.,90
BISCPAS1-18,22.1,1442.8534811459324,10.663901454499523,12.48906171552177,55.06750465453423,2216.047651079639,,,"{""EM"": 12.48906171552177, ""PFM"": 13.578253828827874, ""PEM"": 14.489061715520492, ""GA"": 14.4905456093938, ""DM"": 15.262715509047451, ""EPM"": 15.581340937631312}",1.0572929124221684,modern_le_50,usgs_dgm,0.033492905118605074,10.663901454499523,1842.8759490452583,DM,EM,selection,"3H, 3He(trit), 14C",4,100.0,selected,Use scaling factor,selected,1,Use scaling factor,0.0,raw_fallback,79.5,False,calibrated,1e-11,,,calibrated,dgm_sf6,Unfractionated excess air (UA),soft_reliability,3H|3H/3He|SF6,3,3H:8.02|3H/3He:29.7|SF6:0.1,usgs_dgm,,,,,,,,,,True,1420.7534811459325,1.814829957920806,False,False,,SF6,SF6:above_historical_max_downweighted+excessively_modern_vs_independent_proxy_downweighted,1,selected,100.0,14C_only,14C,1,single_tracer,1842.8759490452583,,,hydrosheaf_selection_corrected,"Hydrosheaf model selection, corrected inputs",Compare Hydrosheaf-selected supported TTD families against USGS-reported parity mode.,90
BISCPAS1-19,17.1,18689.819461198942,9.487324346726654,14.141202639305945,83.22893143256788,5073.771208577685,,,"{""EM"": 14.141202639305945, ""PEM"": 16.070336270812383, ""GA"": 16.14120263930593, ""PFM"": 16.291758278728885, ""DM"": 16.393020031092824, ""EPM"": 18.291758265760826}",1.007002135435126,modern_le_50,usgs_dgm,0.0026681153520996133,9.487324346726654,1164.9920268797205,DM,EM,selection,"3H, 3He(trit), 14C",4,100.0,selected,Use scaling factor,selected,1,Use scaling factor,0.0,raw_fallback,86.5,False,calibrated,1e-11,,,calibrated,dgm_sf6,Unfractionated excess air (UA),soft_reliability,3H|3H/3He|SF6,3,3H:8.02|3H/3He:20.4|SF6:0.1,usgs_dgm,,,,,,,,,,True,18672.719461198943,3.038608995835059,False,False,,SF6,SF6:above_historical_max_downweighted+excessively_modern_vs_independent_proxy_downweighted,1,selected,100.0,14C_only,14C,1,single_tracer,1164.9920268797205,,,hydrosheaf_selection_corrected,"Hydrosheaf model selection, corrected inputs",Compare Hydrosheaf-selected supported TTD families against USGS-reported parity mode.,90
BISCPAS1-20,8.38,2460.2764934322754,9.230302480865413,16.163283814108787,137.9809061906444,15.303968,,,"{""PFM"": 16.163283814108787, ""DM"": 17.579441112641817, ""EPM"": 18.138762826465587, ""EM"": 18.817358102954387, ""PEM"": 20.809340832871474, ""GA"": 20.817358102954387}",0.9617484359447531,modern_le_50,usgs_dgm,0.019918124609307683,9.230302480865413,1944.5608511174198,DM,PFM,selection,"3H, 3He(trit), 14C",4,100.0,selected,Use scaling factor,selected,1,Use scaling factor,0.0,raw_fallback,78.5,False,calibrated,1e-11,,,calibrated,dgm_sf6,Unfractionated excess air (UA),soft_reliability,3H|3H/3He|SF6,3,3H:8.02|3H/3He:14.2|SF6:0.1,usgs_dgm,,,,,,,,,,True,2451.8964934322753,2.4677398985642456,False,False,,SF6,SF6:above_historical_max_downweighted+excessively_modern_vs_independent_proxy_downweighted,1,selected,100.0,14C_only,14C,1,single_tracer,1944.5608511174198,,,hydrosheaf_selection_corrected,"Hydrosheaf model selection, corrected inputs",Compare Hydrosheaf-selected supported TTD families against USGS-reported parity mode.,90
BISCPAS1-21,34.1,1634.2431771065822,11.219005284029631,12.106358556095028,50.0430682738926,2067.9522794621657,,,"{""EM"": 12.106358556095028, ""PEM"": 14.106358556176932, ""GA"": 14.113557420543902, ""DM"": 14.789615087186377, ""PFM"": 15.151875019420336, ""EPM"": 17.153999752787577}",0.2597587664795442,modern_le_50,usgs_dgm,0.02968692447719852,11.219005284029631,1954.8004955886804,DM,EM,selection,"3H, 3He(trit), 14C",4,100.0,selected,Use scaling factor,selected,1,Use scaling factor,0.0,raw_fallback,78.4,False,calibrated,1e-11,,,calibrated,dgm_sf6,Unfractionated excess air (UA),soft_reliability,3H|3H/3He|SF6,3,3H:8.02|3H/3He:34.6|SF6:15.2,usgs_dgm,,,,,,,,,,True,1600.1431771065822,1.6805623014888738,False,False,,,,0,selected,100.0,14C_only,14C,1,single_tracer,1954.8004955886804,,,hydrosheaf_selection_corrected,"Hydrosheaf model selection, corrected inputs",Compare Hydrosheaf-selected supported TTD families against USGS-reported parity mode.,90
BNRCPAS1-01,24800.0,58789.98609745198,7.01754385964912,5.636542643311902,10.082418553961421,99174.3129491806,,,"{""EM"": 5.636542643311902, ""PFM"": 6.117740030200893, ""PEM"": 7.636542637783824, ""DM"": 8.11770752625589, ""EPM"": 8.11770752625589, ""GA"": 8.117957149128657}",0.9230925678277355,old_1000_30000,usgs_dgm,0.0008497622674007602,7.01754385964912,20596.209202312864,BMM-DM-DM,EM,selection,"3H, 14C",3,100.0,selected,Use scaling factor,selected,1,Use scaling factor,0.0,raw_fallback,7.7,False,calibrated,1e-11,,,calibrated,dgm_sf6,Unfractionated excess air (UA),soft_reliability,3H|SF6,2,3H:7.02|SF6:0.1,usgs_dgm,,,,,,,,,,True,33989.98609745198,0.3748516766617156,False,True,,SF6,SF6:above_historical_max_downweighted+excessively_modern_vs_independent_proxy_downweighted,1,selected,100.0,14C_only,14C,1,single_tracer,20596.209202312864,,,hydrosheaf_selection_corrected,"Hydrosheaf model selection, corrected inputs",Compare Hydrosheaf-selected supported TTD families against USGS-reported parity mode.,90
BNRCPAS1-02,8340.0,23144.563015070456,7.01754385964912,-0.05847568050248508,1.5105196466816944,25257.03384594743,,,"{""EM"": -0.05847568050248508, ""GA"": 1.3622294901243128, ""PEM"": 1.941524319497531, ""PFM"": 2.1987095568271084, ""DM"": 4.19870932407317, ""EPM"": 4.19870932407317}",0.9230925678277355,old_1000_30000,usgs_dgm,0.002155677602872404,7.01754385964912,11233.081647930965,BMM-DM-DM,EM,selection,"3H, 14C",3,100.0,selected,Use scaling factor,selected,1,Use scaling factor,0.0,raw_fallback,24.7,False,calibrated,1e-11,,,calibrated,dgm_sf6,Unfractionated excess air (UA),soft_reliability,3H|SF6,2,3H:7.02|SF6:0.1,usgs_dgm,,,,,,,,,,True,14804.563015070456,0.4432829347863336,False,True,,SF6,SF6:above_historical_max_downweighted+excessively_modern_vs_independent_proxy_downweighted,1,selected,100.0,14C_only,14C,1,single_tracer,11233.081647930965,,,hydrosheaf_selection_corrected,"Hydrosheaf model selection, corrected inputs",Compare Hydrosheaf-selected supported TTD families against USGS-reported parity mode.,90
BNRCPAS1-05,19800.0,53678.066854740435,,1.0629027670097484,1.251820089744051,94106.13179206848,,,"{""EM"": 1.0629027670097484, ""PFM"": 1.0630433882284014, ""PEM"": 3.0629027670097457, ""EPM"": 3.062932837194003, ""DM"": 3.0629328371940083, ""GA"": 3.0630438321676134}",0.0,old_1000_30000,usgs_dgm,0.000930612302415055,,20189.388096579805,DM,EM,selection,14C,2,100.0,selected,Use scaling factor,selected,1,Use scaling factor,0.0,raw_fallback,8.1,False,calibrated,1e-11,,,calibrated,dgm_sf6,Unfractionated excess air (UA),soft_reliability,SF6,1,SF6:0.1,usgs_dgm,,,,,,,,,,True,33878.066854740435,0.4331316766341944,False,True,,SF6,SF6:above_historical_max_downweighted+excessively_modern_vs_independent_proxy_downweighted,1,selected,100.0,14C_only,14C,1,single_tracer,20189.388096579805,,,hydrosheaf_selection_corrected,"Hydrosheaf model selection, corrected inputs",Compare Hydrosheaf-selected supported TTD families against USGS-reported parity mode.,90
BNRCPAS1-06,13100.0,62291.40553557204,,2.9536264737748703,4.122615450063844,46957.073747486735,,,"{""EM"": 2.9536264737748703, ""GA"": 3.274389155241719, ""PFM"": 3.473045540646717, ""PEM"": 4.953626473774883, ""DM"": 5.473017187525368, ""EPM"": 5.473017187525422}",0.0,old_1000_30000,usgs_dgm,0.0008020351734204962,,15239.564838588285,DM,EM,selection,14C,3,100.0,selected,Use scaling factor,selected,1,Use scaling factor,0.0,raw_fallback,15.0,False,calibrated,1e-11,,,calibrated,dgm_sf6,Unfractionated excess air (UA),soft_reliability,SF6,1,SF6:23.3,usgs_dgm,,,,,,,,,,True,49191.40553557204,0.6771568346959222,False,True,,SF6,SF6:excessively_modern_vs_independent_proxy_downweighted,1,selected,100.0,14C_only,14C,1,single_tracer,15239.564838588285,,,hydrosheaf_selection_corrected,"Hydrosheaf model selection, corrected inputs",Compare Hydrosheaf-selected supported TTD families against USGS-reported parity mode.,90
BNRCPAS1-07,7370.0,20761.886931453068,7.518796992481203,3.0183970520918324,4.212591315437482,21906.666756125625,,,"{""EM"": 3.0183970520918324, ""GA"": 3.5686572413083963, ""PFM"": 4.235340779879594, ""PEM"": 5.018397299056561, ""DM"": 6.235327662205588, ""EPM"": 6.2353276622055915}",0.2961879374262477,old_1000_30000,usgs_dgm,0.0024024731714467873,7.518796992481203,10399.740077448141,BMM-DM-DM,EM,selection,"3H, 14C",3,100.0,selected,Use scaling factor,selected,1,Use scaling factor,0.0,raw_fallback,27.4,False,calibrated,1e-11,,,calibrated,dgm_sf6,Unfractionated excess air (UA),soft_reliability,3H|SF6,2,3H:7.52|SF6:29.4,usgs_dgm,,,,,,,,,,True,13391.886931453068,0.44979933370067915,False,True,,SF6,SF6:excessively_modern_vs_independent_proxy_downweighted,1,selected,100.0,14C_only,14C,1,single_tracer,10399.740077448141,,,hydrosheaf_selection_corrected,"Hydrosheaf model selection, corrected inputs",Compare Hydrosheaf-selected supported TTD families against USGS-reported parity mode.,90
BNRCPAS1-08,8240.0,38554.23564905485,7.518796992481203,1.4102636983333174,1.26537289168763,48751.03277891749,shape,0.5697132850994642,"{""GA"": 1.4102636983333174, ""EM"": 4.267124383850342, ""PFM"": 5.513910925413078, ""PEM"": 6.267124545135629, ""DM"": 7.513910925413078, ""EPM"": 7.513910925413078}",0.9380741795164571,old_1000_30000,usgs_dgm,0.0012951946634701512,7.518796992481203,11136.10260287608,BMM-DM-DM,GA,selection,"3H, 14C",3,100.0,selected,Use scaling factor,selected,1,Use scaling factor,0.0,raw_fallback,25.0,False,calibrated,1e-11,,,calibrated,dgm_sf6,Unfractionated excess air (UA),soft_reliability,3H|SF6,2,3H:7.52|SF6:0.1,usgs_dgm,,,,,,,,,,True,30314.23564905485,0.6701448858120749,False,True,,SF6,SF6:above_historical_max_downweighted+excessively_modern_vs_independent_proxy_downweighted,1,selected,100.0,14C_only,14C,1,single_tracer,11136.10260287608,,,hydrosheaf_selection_corrected,"Hydrosheaf model selection, corrected inputs",Compare Hydrosheaf-selected supported TTD families against USGS-reported parity mode.,90
BNRCPAS1-13,18600.0,49019.74074073546,7.518796992481203,1.3280454066434912,2.3979816976001067,79938.70437145233,,,"{""EM"": 1.3280454066434912, ""PFM"": 1.4515904872821341, ""PEM"": 3.32804540664349, ""DM"": 3.451486361821277, ""EPM"": 3.451486361821277, ""GA"": 3.4892289803312213}",0.2914124373457032,old_1000_30000,usgs_dgm,0.0010189579004335819,7.518796992481203,18993.711170088565,DM,EM,selection,14C,3,100.0,selected,Use scaling factor,selected,1,Use scaling factor,0.0,raw_fallback,9.4,False,calibrated,1e-11,,,calibrated,dgm_sf6,Unfractionated excess air (UA),soft_reliability,3H|SF6,2,3H:7.52|SF6:28.8,usgs_dgm,,,,,,,,,,True,30419.740740735462,0.4208580657751382,False,True,,SF6,SF6:excessively_modern_vs_independent_proxy_downweighted,1,selected,100.0,14C_only,14C,1,single_tracer,18993.711170088565,,,hydrosheaf_selection_corrected,"Hydrosheaf model selection, corrected inputs",Compare Hydrosheaf-selected supported TTD families against USGS-reported parity mode.,90
BNRCPAS1-16,8330.0,23225.642799313115,7.518796992481203,2.250336242032468,3.2610776318718218,25530.00075052968,,,"{""EM"": 2.250336242032468, ""PFM"": 3.1734768790389825, ""GA"": 3.350989467027998, ""PEM"": 4.250336369598605, ""DM"": 5.173439977956557, ""EPM"": 5.173439977956557}",0.0451827815626758,old_1000_30000,usgs_dgm,0.0021481683849124693,7.518796992481203,11298.390950757715,BMM-DM-DM,EM,selection,"3H, 14C",3,100.0,selected,Use scaling factor,selected,1,Use scaling factor,0.0,raw_fallback,24.5,False,calibrated,1e-11,,,calibrated,dgm_sf6,Unfractionated excess air (UA),soft_reliability,3H|SF6,2,3H:7.52|SF6:6.11,usgs_dgm,,,,,,,,,,True,14895.642799313115,0.44532274107940895,False,True,,SF6,SF6:excessively_modern_vs_independent_proxy_downweighted,1,selected,100.0,14C_only,14C,1,single_tracer,11298.390950757715,,,hydrosheaf_selection_corrected,"Hydrosheaf model selection, corrected inputs",Compare Hydrosheaf-selected supported TTD families against USGS-reported parity mode.,90
BNRFPAS1-05,8350.0,21853.711626660926,7.01754385964912,10.706858030737855,35.269157923156534,8000.351123264063,,,"{""PFM"": 10.706858030737855, ""DM"": 12.708621544260188, ""EPM"": 12.72819941360594, ""GA"": 13.542684553176034, ""PEM"": 15.5399391894806, ""EM"": 16.11862611862915}",0.30552446924522664,old_1000_30000,usgs_dgm,0.002282718146231464,7.01754385964912,9053.285493703725,BMM-DM-DM,PFM,selection,"3H, 14C, 4He",4,100.0,selected,Use scaling factor,selected,1,Use scaling factor,0.0,raw_fallback,32.4,True,calibrated,1e-11,,8.489e-09,calibrated,dgm_sf6,Closed-system equilibration (CE),soft_reliability,3H|SF6,2,3H:7.02|SF6:28.7,usgs_dgm,,,,,,,,,,True,13503.711626660926,0.41783873250862325,False,True,,SF6,SF6:excessively_modern_vs_independent_proxy_downweighted,1,selected,100.0,14C+4He,14C|4He,2,agreement,9053.285493703725,16980.0,0.2731314699243659,hydrosheaf_selection_corrected,"Hydrosheaf model selection, corrected inputs",Compare Hydrosheaf-selected supported TTD families against USGS-reported parity mode.,90
BNRFPAS1-06,26200.0,149267.82468037092,7.01754385964912,7.351304684726573,9.16795132053606,449753.3332848102,shape,0.4004383314758049,"{""GA"": 7.351304684726573, ""EM"": 7.4904326708499385, ""PFM"": 7.868984239443463, ""PEM"": 9.490432670849938, ""DM"": 9.868972165518317, ""EPM"": 9.868972165518317}",0.0671354454900564,old_1000_30000,usgs_dgm,0.00033485620425444704,7.01754385964912,16085.925860867603,BMM-DM-DM,GA,selection,"3H, 14C",3,100.0,selected,Use scaling factor,selected,1,Use scaling factor,0.0,raw_fallback,13.5,False,calibrated,1e-11,,,calibrated,dgm_sf6,Unfractionated excess air (UA),soft_reliability,3H|SF6,2,3H:7.02|SF6:9.56,usgs_dgm,,,,,,,,,,True,123067.82468037092,0.7556649124555745,False,True,,SF6,SF6:excessively_modern_vs_independent_proxy_downweighted,1,selected,100.0,14C_only,14C,1,single_tracer,16085.925860867603,,,hydrosheaf_selection_corrected,"Hydrosheaf model selection, corrected inputs",Compare Hydrosheaf-selected supported TTD families against USGS-reported parity mode.,90
BNRFPAS1-09,8280.0,43602.240518214545,7.01754385964912,14.474823892683856,54.87184274222222,55238.33345390002,shape,0.5163287028553298,"{""GA"": 14.474823892683856, ""EM"": 15.890187547420258, ""EPM"": 17.890187279398873, ""PEM"": 17.89018831624179, ""PFM"": 18.813063038174942, ""DM"": 18.931376019579268}",0.3057318281266806,old_1000_30000,usgs_dgm,0.00114541657899866,7.01754385964912,9330.747926454456,DM,GA,selection,"14C, 4He",4,100.0,selected,Use scaling factor,selected,1,Use scaling factor,0.0,raw_fallback,31.3,True,calibrated,1e-11,,5.565e-08,calibrated,dgm_sf6,Unfractionated excess air (UA),soft_reliability,3H|SF6,2,3H:7.02|SF6:28.7,usgs_dgm,,,,,,,,,,True,35322.240518214545,0.7214784694492242,False,True,,SF6,SF6:excessively_modern_vs_independent_proxy_downweighted,1,selected,100.0,14C+4He,14C|4He,2,conflict,9330.747926454456,111300.0,1.0765787073713438,hydrosheaf_selection_corrected,"Hydrosheaf model selection, corrected inputs",Compare Hydrosheaf-selected supported TTD families against USGS-reported parity mode.,90
BNRFPAS1-13,27900.0,60282.70937291043,7.01754385964912,10.928253292683404,22.609217662334817,71619.80365095133,shape,1.7770242519239419,"{""GA"": 10.928253292683404, ""DM"": 10.928588265706168, ""EPM"": 10.928591306491963, ""PFM"": 17.06198106356141, ""EM"": 19.04693181868594, ""PEM"": 21.046931818093036}",0.31051111028450656,old_1000_30000,usgs_dgm,0.0008287378524799047,7.01754385964912,25276.277626697123,DM,GA,selection,"14C, 4He",4,100.0,selected,Use scaling factor,selected,1,Use scaling factor,0.0,raw_fallback,4.3,True,calibrated,1e-11,,7.386e-08,calibrated,dgm_sf6,Unfractionated excess air (UA),soft_reliability,3H|SF6,2,3H:7.02|SF6:29.3,usgs_dgm,,,,,,,,,,True,32382.70937291043,0.3345885599320644,False,True,,SF6,SF6:excessively_modern_vs_independent_proxy_downweighted,1,selected,100.0,14C+4He,14C|4He,2,conflict,25276.277626697123,147700.0,0.7666673784395739,hydrosheaf_selection_corrected,"Hydrosheaf model selection, corrected inputs",Compare Hydrosheaf-selected supported TTD families against USGS-reported parity mode.,90
BNRFPAS1-14,6290.0,81622.38500881939,7.01754385964912,17.974231611850495,131.61121874534,164103.33333888557,shape,0.35650939235369283,"{""GA"": 17.974231611850495, ""EM"": 19.70883149261864, ""PFM"": 20.098208657321734, ""PEM"": 21.708831386943363, ""EPM"": 21.708831438519987, ""DM"": 21.768669704403234}",0.2855093859802396,old_1000_30000,usgs_dgm,0.0006122020312569634,7.01754385964912,7772.602482960281,DM,GA,selection,14C,4,100.0,selected,Use scaling factor,selected,1,Use scaling factor,0.0,raw_fallback,38.0,True,calibrated,1e-11,,1.473e-07,calibrated,dgm_sf6,Unfractionated excess air (UA),soft_reliability,3H|SF6,2,3H:7.02|SF6:26.1,usgs_dgm,,,,,,,,,,True,75332.38500881939,1.1131586352766734,False,False,,SF6,SF6:excessively_modern_vs_independent_proxy_downweighted,1,selected,100.0,14C+4He,14C|4He,2,conflict,7772.602482960281,294700.0,1.578813678857344,hydrosheaf_selection_corrected,"Hydrosheaf model selection, corrected inputs",Compare Hydrosheaf-selected supported TTD families against USGS-reported parity mode.,90
BNRFPAS1-16,11200.0,214780.11251194932,7.01754385964912,15.38196837417848,68.84010211190521,276378.3333883255,shape,0.3478332086443925,"{""GA"": 15.38196837417848, ""EM"": 19.665365918813723, ""PFM"": 20.292799303251375, ""PEM"": 21.665365635611124, ""EPM"": 21.66536582976196, ""DM"": 21.890214235680542}",0.2960943941055188,old_1000_30000,usgs_dgm,0.00023274204633309445,7.01754385964912,11911.374665635401,DM,GA,selection,14C,4,100.0,selected,Use scaling factor,selected,1,Use scaling factor,0.0,raw_fallback,22.7,True,calibrated,1e-11,,2.376e-07,calibrated,dgm_sf6,Unfractionated excess air (UA),soft_reliability,3H|SF6,2,3H:7.02|SF6:27.4,usgs_dgm,,,,,,,,,,True,203580.11251194932,1.2827760428760593,False,False,,SF6,SF6:excessively_modern_vs_independent_proxy_downweighted,1,selected,100.0,14C+4He,14C|4He,2,conflict,11911.374665635401,475300.00000000006,1.6010059289455825,hydrosheaf_selection_corrected,"Hydrosheaf model selection, corrected inputs",Compare Hydrosheaf-selected supported TTD families against USGS-reported parity mode.,90
BNRFPAS1-17,8740.0,32245.173912464357,,5.856129871783368,5.569594474147466,34951.66646677282,shape,0.5972012660332706,"{""GA"": 5.856129871783368, ""EM"": 9.055104268298278, ""EPM"": 11.055102345682876, ""PEM"": 11.05510242574736, ""DM"": 12.71926425630776, ""PFM"": 13.924464874985139}",0.0,old_1000_30000,usgs_dgm,0.0015482189424192092,,10027.377516866472,DM,GA,selection,"14C, 4He",3,100.0,selected,Use scaling factor,selected,1,Use scaling factor,0.0,raw_fallback,28.7,True,calibrated,1e-11,,3.504e-08,calibrated,dgm_sf6,Unfractionated excess air (UA),soft_reliability,SF6,1,SF6:0.1,usgs_dgm,,,,,,,,,,True,23505.173912464357,0.5669532909872261,False,True,,SF6,SF6:above_historical_max_downweighted+excessively_modern_vs_independent_proxy_downweighted,1,selected,100.0,14C+4He,14C|4He,2,conflict,10027.377516866472,70080.0,0.8444067273254765,hydrosheaf_selection_corrected,"Hydrosheaf model selection, corrected inputs",Compare Hydrosheaf-selected supported TTD families against USGS-reported parity mode.,90
BNRFPAS1-19,9370.0,2815.842057179972,7.01754385964912,26.216319639236474,425.26046510832396,0.0,dispersion,0.01,"{""DM"": 26.216319639236474, ""GA"": 26.216319639236474, ""EPM"": 26.216319639236474, ""PFM"": 29.70110716908372, ""EM"": 30.71860756341293, ""PEM"": 32.122829810277565}",0.37038352140948166,old_1000_30000,usgs_dgm,0.01744687913792454,7.01754385964912,10945.587744559181,DM,DM,selection,"14C, 4He",5,100.0,selected,Use scaling factor,selected,1,Use scaling factor,0.0,raw_fallback,25.6,True,calibrated,1e-11,,2.99e-09,calibrated,dgm_sf6,Unfractionated excess air (UA),soft_reliability,3H|SF6,2,3H:7.02|SF6:38.6,usgs_dgm,,,,,,,,,,True,6554.1579428200275,0.5221312996573682,False,True,,SF6,SF6:excessively_modern_vs_independent_proxy_downweighted,1,selected,100.0,14C+4He,14C|4He,2,agreement,10945.587744559181,5980.000000000001,0.26253790282604816,hydrosheaf_selection_corrected,"Hydrosheaf model selection, corrected inputs",Compare Hydrosheaf-selected supported TTD families against USGS-reported parity mode.,90
BNRFPAS1-20,27500.0,155554.48579795394,,-41.16246630616216,8.693299045578995e-07,155553.91692041914,shape,1.046748845374599,"{""GA"": -41.16246630616216, ""EPM"": -28.881474542959737, ""EM"": 0.6209557797160561, ""PEM"": 2.620959896368057, ""DM"": 11.187151973946259, ""PFM"": 15.49347481593021}",0.0,old_1000_30000,usgs_dgm,0.000321327497363559,,24734.52181806661,DM,GA,selection,"14C, 4He",3,100.0,selected,Use scaling factor,selected,1,Use scaling factor,0.0,raw_fallback,4.6,True,calibrated,1e-11,,1.559e-07,calibrated,dgm_sf6,Unfractionated excess air (UA),soft_reliability,SF6,1,SF6:27.5,usgs_dgm,,,,,,,,,,True,128054.48579795394,0.7525498457495159,False,True,,SF6,SF6:excessively_modern_vs_independent_proxy_downweighted,1,selected,100.0,14C+4He,14C|4He,2,conflict,24734.52181806661,311800.0,1.1005725921009724,hydrosheaf_selection_corrected,"Hydrosheaf model selection, corrected inputs",Compare Hydrosheaf-selected supported TTD families against USGS-reported parity mode.,90
BNRFPAS1-22,6920.0,15513.04946831849,7.01754385964912,2.8771456903125876,4.980751502150804,15593.334798408061,,,"{""EM"": 2.8771456903125876, ""GA"": 3.116947603445896, ""EPM"": 4.8771430754289185, ""PEM"": 4.8771456267029905, ""DM"": 8.053414338433532, ""PFM"": 13.012035941378729}",0.12095545615892728,old_1000_30000,usgs_dgm,0.003212737972836518,7.01754385964912,8206.924471424407,BMM-DM-DM,EM,selection,"3H, 14C, 4He",4,100.0,selected,Use scaling factor,selected,1,Use scaling factor,0.0,raw_fallback,36.0,True,calibrated,1e-11,,1.82e-08,calibrated,dgm_sf6,Closed-system equilibration (CE),soft_reliability,3H|SF6,2,3H:7.02|SF6:12.2,usgs_dgm,,,,,,,,,,True,8593.04946831849,0.3505910829240029,False,True,,SF6,SF6:excessively_modern_vs_independent_proxy_downweighted,1,selected,100.0,14C+4He,14C|4He,2,tension,8206.924471424407,36400.0,0.6469209470327484,hydrosheaf_selection_corrected,"Hydrosheaf model selection, corrected inputs",Compare Hydrosheaf-selected supported TTD families against USGS-reported parity mode.,90
BNRFPAS1-23,18000.0,23297.489292279304,7.01754385964912,14.962750929068259,102.20515260597811,15619.73314641328,,,"{""PFM"": 14.962750929068259, ""DM"": 16.96605971210262, ""EPM"": 17.00175471256322, ""GA"": 18.489216460552612, ""PEM"": 22.85458386183978, ""EM"": 23.92905703734315}",0.17966671135854434,old_1000_30000,usgs_dgm,0.002141557894044492,7.01754385964912,16899.297103721256,DM,PFM,selection,"14C, 4He",4,100.0,selected,Use scaling factor,selected,1,Use scaling factor,0.0,raw_fallback,12.2,True,calibrated,1e-11,,1.24e-08,calibrated,dgm_sf6,Unfractionated excess air (UA),soft_reliability,3H|SF6,2,3H:7.02|SF6:16.1,usgs_dgm,,,,,,,,,,True,5297.489292279304,0.11203661569693235,True,True,,SF6,SF6:excessively_modern_vs_independent_proxy_downweighted,1,selected,100.0,14C+4He,14C|4He,2,agreement,16899.297103721256,24800.0,0.16658303954529874,hydrosheaf_selection_corrected,"Hydrosheaf model selection, corrected inputs",Compare Hydrosheaf-selected supported TTD families against USGS-reported parity mode.,90
BNRFPAS1-24,5000.0,752.1205956888591,7.01754385964912,31.454020531254983,1808.4800474593553,69.181111,,,"{""PFM"": 31.454020531254983, ""DM"": 32.44771389551004, ""GA"": 32.44771389551004, ""EPM"": 32.44771389551004, ""EM"": 35.801784266669166, ""PEM"": 36.45223253422646}",0.33465077794744663,old_1000_30000,usgs_dgm,0.06233476645374021,7.01754385964912,6576.700671598993,DM,PFM,selection,14C,5,100.0,selected,Use scaling factor,selected,1,Use scaling factor,0.0,raw_fallback,44.1,True,calibrated,1e-11,,8.8e-10,calibrated,dgm_sf6,Closed-system equilibration (CE),soft_reliability,3H|SF6,2,3H:7.02|SF6:32.8,usgs_dgm,,,,,,,,,,True,4247.879404311141,0.8226825229955228,False,True,,SF6,SF6:excessively_modern_vs_independent_proxy_downweighted,1,selected,100.0,14C+4He,14C|4He,2,tension,6576.700671598993,1760.0,0.5724954082505058,hydrosheaf_selection_corrected,"Hydrosheaf model selection, corrected inputs",Compare Hydrosheaf-selected supported TTD families against USGS-reported parity mode.,90
BNRFPAS1-33,69500.0,32848.02415180573,7.01754385964912,20.074648651856347,366.8512762454799,26934.691011404295,,,"{""PFM"": 20.074648651856347, ""DM"": 22.07760319525784, ""EPM"": 22.108190346850552, ""GA"": 23.589656876436283, ""PEM"": 30.44541228872998, ""EM"": 31.431453706044977}",0.9230925678277355,very_old_gt_30000,usgs_dgm,0.0015198481151718517,7.01754385964912,27904.77894243433,BMM-DM-DM,PFM,selection,"3H, 14C",4,100.0,selected,Use scaling factor,selected,1,Use scaling factor,0.0,raw_fallback,3.1,True,calibrated,1e-11,,1.746e-08,calibrated,dgm_sf6,Unfractionated excess air (UA),soft_reliability,3H|SF6,2,3H:7.02|SF6:0.1,usgs_dgm,,,,,,,,,,True,36651.97584819427,0.3254755532445488,False,True,,SF6,SF6:above_historical_max_downweighted+excessively_modern_vs_independent_proxy_downweighted,1,selected,100.0,14C+4He,14C|4He,2,agreement,27904.77894243433,34920.0,0.09739564858440808,hydrosheaf_selection_corrected,"Hydrosheaf model selection, corrected inputs",Compare Hydrosheaf-selected supported TTD families against USGS-reported parity mode.,90
BNRFPAS1-34,39000.0,166853.51578991793,,-16.193197435724855,0.0035797814667492965,201078.22856241453,shape,1.5821296385209627,"{""GA"": -16.193197435724855, ""DM"": -16.193195192546053, ""EPM"": -16.192976973268802, ""PFM"": 15.398459782853825, ""EM"": 17.54405896782211, ""PEM"": 19.54405890061946}",0.0,very_old_gt_30000,usgs_dgm,0.0002995742765714725,,35528.743038316505,DM,GA,selection,"14C, 4He",3,100.0,selected,Use scaling factor,selected,1,Use scaling factor,0.0,raw_fallback,1.2,True,calibrated,1e-11,,2.03e-07,calibrated,dgm_sf6,Closed-system equilibration (CE),soft_reliability,SF6,1,SF6:0.1,usgs_dgm,,,,,,,,,,True,127853.51578991793,0.6312707551304744,False,True,,SF6,SF6:above_historical_max_downweighted+excessively_modern_vs_independent_proxy_downweighted,1,selected,100.0,14C+4He,14C|4He,2,conflict,35528.743038316505,406000.00000000006,1.0579461906017826,hydrosheaf_selection_corrected,"Hydrosheaf model selection, corrected inputs",Compare Hydrosheaf-selected supported TTD families against USGS-reported parity mode.,90
CACBPAS1-23,45700.0,13604.913218265945,5.012531328320802,30.461813098469264,689.1059175176,19831.899578334378,,,"{""PFM"": 30.461813098469264, ""DM"": 32.594938081387056, ""GA"": 32.594938081387056, ""EPM"": 32.594938081387056, ""PEM"": 40.270878534102216, ""EM"": 42.27662429206967}",0.45200341229462554,very_old_gt_30000,usgs_dgm,0.0036616856658683006,5.012531328320802,22872.45945234412,BMM-DM-DM,PFM,selection,"3H, CFC-113, 14C, 4He",6,100.0,selected,Use scaling factor,selected,1,Use scaling factor,0.0,raw_fallback,5.8,True,calibrated,1e-11,,1.045e-08,calibrated,dgm_sf6,Closed-system equilibration (CE),soft_reliability,3H|CFC11|CFC12|CFC113,4,3H:5.01|CFC11:51.3|CFC12:65.4|CFC113:48.7,usgs_dgm,,,,,,,,,,True,32095.086781734055,0.5262204241818162,False,True,,CFC11|CFC12|CFC113,CFC11:excessively_modern_vs_independent_proxy_downweighted|CFC12:excessively_modern_vs_independent_proxy_downweighted|CFC113:excessively_modern_vs_independent_proxy_downweighted,3,selected,100.0,14C+4He,14C|4He,2,agreement,22872.45945234412,20900.0,0.03916658025136588,hydrosheaf_selection_corrected,"Hydrosheaf model selection, corrected inputs",Compare Hydrosheaf-selected supported TTD families against USGS-reported parity mode.,90
CLOWPAS1-02,43000.0,14248.601336927783,,11.873245302110165,278.59798580431436,33839.5365173164,,,"{""PFM"": 11.873245302110165, ""DM"": 13.072703787414442, ""GA"": 13.072703787414442, ""EPM"": 13.072703787414442, ""EM"": 18.338430462233955, ""PEM"": 20.33843045133249}",,very_old_gt_30000,usgs_dgm,0.0034968455180905875,,40319.49606452704,DM,PFM,selection,14C,2,100.0,selected,Model 1: Tamers,selected,2,Model 1: Tamers|Model 2: Rev. F&G solid exchange,0.35324270156190696,selected_corrected,0.660959648391323,True,calibrated,1e-11,,2.464e-08,calibrated,dgm_sf6,Unfractionated excess air (UA),soft_reliability,,0,,usgs_dgm,,,,,,,,,,True,28751.398663072217,0.47969622010989976,False,True,,,,0,selected,,14C+4He,14C|4He,2,agreement,40319.49606452704,35850.0,0.05102593541373768,hydrosheaf_selection_corrected,"Hydrosheaf model selection, corrected inputs",Compare Hydrosheaf-selected supported TTD families against USGS-reported parity mode.,90
CLOWPAS1-03,37200.0,79.21243593813738,,13.252410284659586,65.54579444767566,0.0,dispersion,0.01,"{""DM"": 13.252410284659586, ""GA"": 13.252410284659586, ""EPM"": 13.252410284659586, ""PFM"": 25.89411584557934, ""EM"": 28.76434504095257, ""PEM"": 29.616876489228943}",0.0,very_old_gt_30000,usgs_dgm,0.38695965784545955,,35628.3363217162,DM,DM,selection,14C,3,100.0,selected,Model 1: Tamers,selected,2,Model 1: Tamers|Model 2: Rev. F&G solid exchange,0.80126681145681,selected_corrected,1.1852142242376,True,calibrated,1e-11,,3.951e-09,calibrated,dgm_sf6,Unfractionated excess air (UA),soft_reliability,SF6,1,SF6:32.4,usgs_dgm,,,,,,,,,,True,37120.787564061866,2.6717495709775703,False,False,,SF6,SF6:excessively_modern_vs_independent_proxy_downweighted,1,selected,,14C+4He,14C|4He,2,conflict,35628.3363217162,7068.0,0.7024990024490037,hydrosheaf_selection_corrected,"Hydrosheaf model selection, corrected inputs",Compare Hydrosheaf-selected supported TTD families against USGS-reported parity mode.,90
CLOWPAS1-04,80300.0,226108.97870240008,7.01754385964912,7.325614431215892,9.186159681811999,168020.00091995616,dispersion,2.079913269285723,"{""DM"": 7.325614431215892, ""PFM"": 10.607280580708334, ""EM"": 12.036351970917911, ""GA"": 12.607241641504013, ""PEM"": 14.036351742975615, ""EPM"": 14.036352439176577}",0.3163061948520605,very_old_gt_30000,usgs_dgm,0.00022108341789867385,7.01754385964912,36970.26952801342,DM,DM,selection,4He,4,100.0,selected,Model 1: Rev. F&G solid exchange,selected,2,Model 1: Rev. F&G solid exchange|Model 2: Tamers,0.11681703878191985,selected_corrected,1.00287510442203,True,calibrated,1e-11,,7.722e-08,calibrated,dgm_sf6,Unfractionated excess air (UA),soft_reliability,3H|SF6,2,3H:7.02|SF6:30.1,usgs_dgm,,,,,,,,,,True,145808.97870240008,0.4496022630794343,False,True,,SF6,SF6:excessively_modern_vs_independent_proxy_downweighted,1,selected,,14C+4He,14C|4He,2,conflict,36970.26952801342,720400.0,1.289721087382821,hydrosheaf_selection_corrected,"Hydrosheaf model selection, corrected inputs",Compare Hydrosheaf-selected supported TTD families against USGS-reported parity mode.,90
CLOWPAS1-05,107000.0,248316.6924461367,7.01754385964912,5.928473115780594,6.4780053075305855,169466.66735978573,dispersion,2.1334244857314544,"{""DM"": 5.928473115780594, ""EM"": 8.837389066225617, ""PFM"": 9.232293638716314, ""PEM"": 10.837388745654614, ""EPM"": 10.83738881833888, ""GA"": 11.23225852118588}",0.3818630680824766,very_old_gt_30000,usgs_dgm,0.00020131523880096563,7.01754385964912,36023.80991091586,DM,DM,selection,4He,4,100.0,selected,Model 1: Rev. F&G solid exchange,selected,2,Model 1: Rev. F&G solid exchange|Model 2: Rev. F&G solid exchange,0.5440019185534801,selected_corrected,1.12827782094805,True,calibrated,1e-11,,1.024e-07,calibrated,dgm_sf6,Unfractionated excess air (UA),soft_reliability,3H|SF6,2,3H:7.02|SF6:40.7,usgs_dgm,,,,,,,,,,True,141316.6924461367,0.36562213717172654,False,True,,SF6,SF6:excessively_modern_vs_independent_proxy_downweighted,1,selected,,14C+4He,14C|4He,2,conflict,36023.80991091586,727000.0,1.30494476856689,hydrosheaf_selection_corrected,"Hydrosheaf model selection, corrected inputs",Compare Hydrosheaf-selected supported TTD families against USGS-reported parity mode.,90
CLOWPAS1-07,52400.0,904755.8042835686,7.01754385964912,-4.902215623014852,0.30055447737482566,1971286.1394882202,,,"{""EM"": -4.902215623014852, ""PFM"": -4.858049762305126, ""PEM"": -2.902215623014852, ""DM"": -2.8580875791742226, ""EPM"": -2.8580875791742226, ""GA"": 10.670408688297204}",0.30153229183240887,very_old_gt_30000,usgs_dgm,5.526047662745747e-05,7.01754385964912,43983.810983605275,DM,EM,selection,14C,3,100.0,selected,Model 1: Tamers,selected,2,Model 1: Tamers|Model 2: Tamers,0.0,selected_corrected,0.418859305596901,False,calibrated,1e-11,,,calibrated,dgm_sf6,Unfractionated excess air (UA),soft_reliability,3H|SF6,2,3H:7.02|SF6:28.1,usgs_dgm,,,,,,,,,,True,852355.8042835686,1.2372000909365921,False,False,,SF6,SF6:excessively_modern_vs_independent_proxy_downweighted,1,selected,,14C_only,14C,1,single_tracer,43983.810983605275,,,hydrosheaf_selection_corrected,"Hydrosheaf model selection, corrected inputs",Compare Hydrosheaf-selected supported TTD families against USGS-reported parity mode.,90
CLOWPAS1-09,43400.0,39055.65120320024,,20.69189526789344,1524.229087196693,22112.61697600859,,,"{""PFM"": 20.69189526789344, ""DM"": 22.694766071788862, ""EPM"": 22.724919623363483, ""GA"": 23.970619350689184, ""EM"": 27.449106114815812, ""PEM"": 27.52027943105875}",0.0,very_old_gt_30000,usgs_dgm,0.0012785875816308668,,37188.231587237446,DM,PFM,selection,14C,3,100.0,selected,Model 1: Tamers,selected,2,Model 1: Tamers|Model 2: Tamers,0.0,selected_corrected,0.976029611680735,True,calibrated,1e-11,,4.119e-09,calibrated,dgm_sf6,Unfractionated excess air (UA),soft_reliability,SF6,1,SF6:33.4,usgs_dgm,,,,,,,,,,True,4344.348796799757,0.04580584600355753,True,True,,SF6,SF6:excessively_modern_vs_independent_proxy_downweighted,1,selected,,14C+4He,14C|4He,2,agreement,37188.231587237446,38340.0,0.013246581706729543,hydrosheaf_selection_corrected,"Hydrosheaf model selection, corrected inputs",Compare Hydrosheaf-selected supported TTD families against USGS-reported parity mode.,90
CLOWPAS1-12,30700.0,42566.31740639036,,-2.2238268405244277,0.37681660899659675,35826.26599466363,dispersion,0.14044084418109837,"{""DM"": -2.2238268405244277, ""GA"": -2.2238268405240778, ""EPM"": -2.2237812954556553, ""PFM"": 4.627258541358433, ""EM"": 14.664093973558936, ""PEM"": 17.039951360049955}",0.0,very_old_gt_30000,usgs_dgm,0.0011732595175504878,,29357.844217482787,DM,DM,selection,14C,3,100.0,selected,Model 1: Tamers,selected,2,Model 1: Tamers|Model 2: Rev. F&G solid exchange,1.5923113048984598,selected_corrected,2.58704192987501,True,calibrated,1e-11,,1.947e-08,calibrated,dgm_sf6,Unfractionated excess air (UA),soft_reliability,SF6,1,SF6:18,usgs_dgm,,,,,,,,,,True,11866.317406390357,0.14192770365780305,True,True,,SF6,SF6:excessively_modern_vs_independent_proxy_downweighted,1,selected,,14C+4He,14C|4He,2,tension,29357.844217482787,96340.0,0.5160824803401498,hydrosheaf_selection_corrected,"Hydrosheaf model selection, corrected inputs",Compare Hydrosheaf-selected supported TTD families against USGS-reported parity mode.,90
CLOWPAS1-13,51000.0,534772.3095595678,7.01754385964912,-0.37896418158953216,0.6087577277349263,1133701.001405716,,,"{""EM"": -0.37896418158953216, ""PFM"": -0.2788684728443096, ""PEM"": 1.6210358184104678, ""DM"": 1.72113143362327, ""EPM"": 1.7211314336232704, ""GA"": 8.973399261449861}",0.0,very_old_gt_30000,usgs_dgm,9.348899458060297e-05,7.01754385964912,39569.405767774275,DM,EM,selection,14C,2,100.0,selected,Model 1: Tamers,selected,2,Model 1: Tamers|Model 2: Tamers,0.0,selected_corrected,0.725650796330929,False,calibrated,1e-11,,,calibrated,dgm_sf6,,soft_reliability,3H,1,3H:7.02,usgs_dgm,,,,,,,,,,True,483772.30955956783,1.0205987353625723,False,False,,,,0,selected,,14C_only,14C,1,single_tracer,39569.405767774275,,,hydrosheaf_selection_corrected,"Hydrosheaf model selection, corrected inputs",Compare Hydrosheaf-selected supported TTD families against USGS-reported parity mode.,90
CLOWPAS1-18,35300.0,36800.42053693833,,-20.10627130631103,0.0009713618713073347,36316.13515709726,dispersion,0.01327047702829593,"{""DM"": -20.10627130631103, ""EPM"": -20.10566512094885, ""PFM"": -6.866070095737921, ""GA"": 1.7886086400289383, ""EM"": 16.387811487708994, ""PEM"": 18.38781071194561}",0.0,very_old_gt_30000,usgs_dgm,0.0013568366187267991,,34284.053908117254,DM,DM,selection,14C,3,100.0,selected,Model 1: Rev. F&G solid exchange,selected,2,Model 1: Rev. F&G solid exchange|Model 2: Rev. F&G solid exchange,1.04313004941494,selected_corrected,1.4011152711777,True,calibrated,1e-11,,8.156e-08,calibrated,dgm_sf6,Closed-system equilibration (CE),soft_reliability,SF6,1,SF6:14.2,usgs_dgm,,,,,,,,,,True,1500.4205369383271,0.018078076215809702,True,True,,SF6,SF6:excessively_modern_vs_independent_proxy_downweighted,1,selected,,14C+4He,14C|4He,2,tension,34284.053908117254,79160.0,0.36341361622044577,hydrosheaf_selection_corrected,"Hydrosheaf model selection, corrected inputs",Compare Hydrosheaf-selected supported TTD families against USGS-reported parity mode.,90
CLOWPAS1-20,41600.0,538482.2319297751,,-3.0074818599850452,0.16355699609331287,1170732.6328754425,,,"{""EM"": -3.0074818599850452, ""PFM"": -3.006929459034902, ""PEM"": -1.0074818599850452, ""DM"": -1.0069322689523474, ""EPM"": -1.0069322689523474, ""GA"": 6.952158395840482}",0.0,very_old_gt_30000,usgs_dgm,9.284495344100412e-05,,39820.45573691128,DM,EM,selection,14C,2,100.0,selected,Model 1: Tamers,selected,2,Model 1: Tamers|Model 2: Rev. F&G solid exchange,0.499404253380348,selected_corrected,0.703323229486392,False,calibrated,1e-11,,,calibrated,dgm_sf6,Unfractionated excess air (UA),soft_reliability,SF6,1,SF6:30.2,usgs_dgm,,,,,,,,,,True,496882.2319297751,1.1120780470125293,False,False,,SF6,SF6:excessively_modern_vs_independent_proxy_downweighted,1,selected,,14C_only,14C,1,single_tracer,39820.45573691128,,,hydrosheaf_selection_corrected,"Hydrosheaf model selection, corrected inputs",Compare Hydrosheaf-selected supported TTD families against USGS-reported parity mode.,90
CLOWPAS1-21,32700.0,35558.44237922805,7.01754385964912,0.36234783687621075,2.6561596004479973,36018.25842719141,,,"{""PFM"": 0.36234783687621075, ""DM"": 0.8472462239011134, ""EPM"": 0.8472463753063026, ""GA"": 3.2029501205681306, ""EM"": 22.172146141703045, ""PEM"": 23.46190537701737}",0.15694694485851146,very_old_gt_30000,usgs_dgm,0.0014041613914897656,7.01754385964912,31902.03153973507,DM,PFM,selection,14C,4,100.0,selected,Model 1: Rev. F&G solid exchange,selected,2,Model 1: Rev. F&G solid exchange|Model 2: Rev. F&G solid exchange,1.415965928424,selected_corrected,1.88475559215006,True,calibrated,1e-11,,5.029e-09,calibrated,dgm_sf6,Unfractionated excess air (UA),soft_reliability,3H|SF6,2,3H:7.02|SF6:3.41,usgs_dgm,,,,,,,,,,True,2858.4423792280504,0.03639497598991248,True,True,,SF6,SF6:excessively_modern_vs_independent_proxy_downweighted,1,selected,,14C+4He,14C|4He,2,tension,31902.03153973507,76660.0,0.3807504748578969,hydrosheaf_selection_corrected,"Hydrosheaf model selection, corrected inputs",Compare Hydrosheaf-selected supported TTD families against USGS-reported parity mode.,90
CLOWPAS1-22,36400.0,15022.120349218425,7.0175438596491215,32.08633374111056,4482.238188937168,0.0,dispersion,0.01,"{""DM"": 32.08633374111056, ""GA"": 32.08633374111056, ""EPM"": 32.08633374111056, ""PFM"": 32.8141198925248, ""EM"": 34.76115126886434, ""PEM"": 35.84149088911387}",0.9230925678277355,very_old_gt_30000,usgs_dgm,0.003317383277303301,7.0175438596491215,33939.289549196284,DM,DM,selection,14C,4,100.0,selected,Model 1: Rev. F&G solid exchange,selected,2,Model 1: Rev. F&G solid exchange|Model 2: Rev. F&G solid exchange,0.7148680616821399,selected_corrected,1.46255813210772,True,calibrated,1e-11,,1.537e-09,calibrated,dgm_sf6,Unfractionated excess air (UA),soft_reliability,3H|SF6,2,3H:7.02|SF6:0.1,usgs_dgm,,,,,,,,,,True,21377.879650781575,0.38437014665510727,False,True,,SF6,SF6:above_historical_max_downweighted+excessively_modern_vs_independent_proxy_downweighted,1,selected,,14C+4He,14C|4He,2,tension,33939.289549196284,14230.0,0.3774978469105408,hydrosheaf_selection_corrected,"Hydrosheaf model selection, corrected inputs",Compare Hydrosheaf-selected supported TTD families against USGS-reported parity mode.,90
CLOWPAS1-23,48000.0,167789.4229886761,,3.452991405188449,2.4999633965765584,214262.32035350378,shape,1.65523979068991,"{""GA"": 3.452991405188449, ""DM"": 3.4530353297825904, ""PFM"": 6.134572068412623, ""EPM"": 8.134572000729872, ""EM"": 11.800149904581557, ""PEM"": 13.800149918861884}",0.0,very_old_gt_30000,usgs_dgm,0.000297903788690774,,37400.28926529116,DM,GA,selection,4He,3,100.0,selected,Model 1: Rev. F&G solid exchange,selected,2,Model 1: Rev. F&G solid exchange|Model 2: Rev. F&G solid exchange,0.5851731690037469,selected_corrected,0.950601183411643,True,calibrated,1e-11,,4.777e-08,calibrated,dgm_sf6,Unfractionated excess air (UA),soft_reliability,SF6,1,SF6:38.5,usgs_dgm,,,,,,,,,,True,119789.42298867609,0.5435233431788795,False,True,,SF6,SF6:excessively_modern_vs_independent_proxy_downweighted,1,selected,,14C+4He,14C|4He,2,conflict,37400.28926529116,432500.00000000006,1.063111150620836,hydrosheaf_selection_corrected,"Hydrosheaf model selection, corrected inputs",Compare Hydrosheaf-selected supported TTD families against USGS-reported parity mode.,90
CLOWPAS1-26,54300.0,186118.4470549127,,3.622060542355828,2.644897915928584,216819.3861770385,shape,2.468002617818751,"{""GA"": 3.622060542355828, ""DM"": 3.6220605914183195, ""EPM"": 3.6220606756556384, ""PFM"": 8.320589031094748, ""EM"": 23.090011297524384, ""PEM"": 25.090011315562045}",0.0,very_old_gt_30000,usgs_dgm,0.00026857397583196187,,48638.80392095107,DM,GA,selection,4He,3,100.0,selected,Model 1: Tamers,selected,2,Model 1: Tamers|Model 2: Rev. F&G solid exchange,0.16830989690492,selected_corrected,0.234639743300742,True,calibrated,1e-11,,4.832e-08,calibrated,dgm_sf6,Unfractionated excess air (UA),soft_reliability,SF6,1,SF6:37.4,usgs_dgm,,,,,,,,,,True,131818.4470549127,0.5349895905978945,False,True,,SF6,SF6:excessively_modern_vs_independent_proxy_downweighted,1,selected,,14C+4He,14C|4He,2,conflict,48638.80392095107,438200.0,0.9546894865841393,hydrosheaf_selection_corrected,"Hydrosheaf model selection, corrected inputs",Compare Hydrosheaf-selected supported TTD families against USGS-reported parity mode.,90
CLOWPAS1-27,49500.0,83022.0055837999,7.01754385964912,1.5896739141321756,2.1895867768454034,90350.00662371132,shape,4.600182019687757,"{""GA"": 1.5896739141321756, ""DM"": 1.5896739141580967, ""EPM"": 1.5896813138363526, ""PFM"": 10.059908202050355, ""EM"": 31.99719135925847, ""PEM"": 33.99719070677298}",0.3459948310699426,very_old_gt_30000,usgs_dgm,0.0006018874788036975,7.01754385964912,44959.38007770548,DM,GA,selection,14C,4,100.0,selected,Model 1: Tamers,selected,2,Model 1: Tamers|Model 2: Rev. F&G solid exchange,0.175695566521332,selected_corrected,0.37095839073126,True,calibrated,1e-11,,2.321e-08,calibrated,dgm_sf6,Unfractionated excess air (UA),soft_reliability,3H|SF6,2,3H:7.02|SF6:34.5,usgs_dgm,,,,,,,,,,True,33522.005583799895,0.22458802159841085,True,True,,SF6,SF6:excessively_modern_vs_independent_proxy_downweighted,1,selected,,14C+4He,14C|4He,2,tension,44959.38007770548,185300.00000000003,0.6150551049849362,hydrosheaf_selection_corrected,"Hydrosheaf model selection, corrected inputs",Compare Hydrosheaf-selected supported TTD families against USGS-reported parity mode.,90
CLOWPAS1-46,33000.0,22203.621984635323,7.01754385964912,16.46260931417094,148.70235486106796,4494.382022,,,"{""PFM"": 16.46260931417094, ""EM"": 17.421929210773442, ""DM"": 18.462877510002883, ""EPM"": 18.466005778097767, ""GA"": 18.596252530480832, ""PEM"": 18.781523117435846}",0.38747174841445825,very_old_gt_30000,usgs_dgm,0.002246825259929451,7.01754385964912,14248.550383645754,BMM-DM-DM,PFM,selection,"3H, SF6, 14C",4,100.0,selected,Model 1: Rev. F&G solid exchange,selected,2,Model 1: Rev. F&G solid exchange|Model 2: Rev. F&G solid exchange,1.4739455374600006,selected_corrected,16.9695084893571,True,calibrated,1e-11,,4.023e-09,calibrated,dgm_sf6,Unfractionated excess air (UA),soft_reliability,3H|SF6,2,3H:7.02|SF6:41.8,usgs_dgm,,,,,,,,,,True,10796.378015364677,0.1720901149932592,True,True,,SF6,SF6:excessively_modern_vs_independent_proxy_downweighted,1,selected,,14C+4He,14C|4He,2,agreement,14248.550383645754,11880.000000000002,0.07895424177602184,hydrosheaf_selection_corrected,"Hydrosheaf model selection, corrected inputs",Compare Hydrosheaf-selected supported TTD families against USGS-reported parity mode.,90
CMORPAS1-01,741000.0,112538.45481144999,,11.824008607573203,79.30346515938986,190136.6674900055,,,"{""EM"": 11.824008607573203, ""PFM"": 11.855024362119584, ""PEM"": 13.824008601875391, ""EPM"": 13.824008601965732, ""DM"": 13.843328794408379, ""GA"": 13.853766959059287}",0.0,very_old_gt_30000,usgs_dgm,0.0004440952678827875,,25485.288816286782,DM,EM,selection,4He,3,100.0,selected,PHREEQC,selected,1,PHREEQC,0.0,selected_corrected,4.18956098948189,True,calibrated,1e-11,,5.339e-05,calibrated,dgm_sf6,Unfractionated excess air (UA),soft_reliability,SF6,1,SF6:35.8,usgs_dgm,,,,,,,,,,True,628461.54518855,0.8185172601209043,False,True,,SF6,SF6:excessively_modern_vs_independent_proxy_downweighted,1,selected,,14C+4He,14C|4He,2,conflict,25485.288816286782,26700000.0,3.020221701697298,hydrosheaf_selection_corrected,"Hydrosheaf model selection, corrected inputs",Compare Hydrosheaf-selected supported TTD families against USGS-reported parity mode.,90
