season,edge_id,hydrosheaf_source_edge_id,u,v,edge_type,distance_km,delta_h_m,sigma_delta_h_m,p_uv,edge_confidence,composite_graph_weight,source_tier,flags,shared_aquifer,expected_process_link,direction_basis
Wet,Wet:NGW-141->NGW-122,NGW-141->NGW-122,NGW-141,NGW-122,primary,0.3580443047084863,30.10000000000005,2.0,1.0,1.0,1.0,B/B,depth_mismatch,not supplied,not supplied,"Hydrosheaf probabilistic edge inference using head proxy, distance, gradient, and confidence threshold"
Wet,Wet:NGW-022->NGW-004,NGW-022->NGW-004,NGW-022,NGW-004,primary,0.43450578068951345,157.09999999999997,2.0,1.0,1.0,1.0,B/B,,not supplied,not supplied,"Hydrosheaf probabilistic edge inference using head proxy, distance, gradient, and confidence threshold"
Wet,Wet:NGW-150->NGW-130,NGW-150->NGW-130,NGW-150,NGW-130,primary,0.47819337210912066,24.700000000000017,2.0,1.0,1.0,1.0,B/B,,not supplied,not supplied,"Hydrosheaf probabilistic edge inference using head proxy, distance, gradient, and confidence threshold"
Wet,Wet:NGW-019->NGW-040,NGW-019->NGW-040,NGW-019,NGW-040,primary,0.5052746466044314,96.70000000000002,2.0,1.0,1.0,1.0,B/B,depth_mismatch,not supplied,not supplied,"Hydrosheaf probabilistic edge inference using head proxy, distance, gradient, and confidence threshold"
Wet,Wet:NGW-096->NGW-083,NGW-096->NGW-083,NGW-096,NGW-083,primary,0.5428783824992448,19.399999999999977,2.0,1.0,1.0,1.0,B/B,,not supplied,not supplied,"Hydrosheaf probabilistic edge inference using head proxy, distance, gradient, and confidence threshold"
Wet,Wet:NGW-022->NGW-006,NGW-022->NGW-006,NGW-022,NGW-006,primary,0.5450234795634019,33.39999999999995,2.0,1.0,1.0,1.0,B/B,,not supplied,not supplied,"Hydrosheaf probabilistic edge inference using head proxy, distance, gradient, and confidence threshold"
Wet,Wet:NGW-068->NGW-053,NGW-068->NGW-053,NGW-068,NGW-053,primary,0.7182712114222398,32.89999999999998,2.0,1.0,1.0,1.0,B/B,depth_mismatch,not supplied,not supplied,"Hydrosheaf probabilistic edge inference using head proxy, distance, gradient, and confidence threshold"
Wet,Wet:NGW-088->NGW-101,NGW-088->NGW-101,NGW-088,NGW-101,primary,0.7883868831076483,19.60000000000008,2.0,1.0,1.0,1.0,B/B,depth_mismatch,not supplied,not supplied,"Hydrosheaf probabilistic edge inference using head proxy, distance, gradient, and confidence threshold"
Wet,Wet:NGW-075->NGW-067,NGW-075->NGW-067,NGW-075,NGW-067,primary,0.8002093891503542,16.50000000000003,2.0,1.0,1.0,1.0,B/B,depth_mismatch,not supplied,not supplied,"Hydrosheaf probabilistic edge inference using head proxy, distance, gradient, and confidence threshold"
Wet,Wet:NGW-147->NGW-122,NGW-147->NGW-122,NGW-147,NGW-122,primary,0.827351121925501,33.19999999999996,2.0,1.0,1.0,1.0,B/B,,not supplied,not supplied,"Hydrosheaf probabilistic edge inference using head proxy, distance, gradient, and confidence threshold"
Wet,Wet:NGW-006->NGW-004,NGW-006->NGW-004,NGW-006,NGW-004,primary,0.9699710632695723,123.7,2.0,1.0,1.0,1.0,B/B,depth_mismatch,not supplied,not supplied,"Hydrosheaf probabilistic edge inference using head proxy, distance, gradient, and confidence threshold"
Wet,Wet:NGW-126->NGW-135,NGW-126->NGW-135,NGW-126,NGW-135,primary,0.9870940344775794,62.0,2.0,1.0,1.0,1.0,B/B,depth_mismatch,not supplied,not supplied,"Hydrosheaf probabilistic edge inference using head proxy, distance, gradient, and confidence threshold"
Wet,Wet:NGW-047->NGW-041,NGW-047->NGW-041,NGW-047,NGW-041,primary,1.0515085967975222,29.69999999999999,2.0,1.0,1.0,1.0,B/B,depth_mismatch,not supplied,not supplied,"Hydrosheaf probabilistic edge inference using head proxy, distance, gradient, and confidence threshold"
Wet,Wet:NGW-056->NGW-073,NGW-056->NGW-073,NGW-056,NGW-073,primary,1.0887260640307215,42.20000000000002,2.0,1.0,1.0,1.0,B/B,,not supplied,not supplied,"Hydrosheaf probabilistic edge inference using head proxy, distance, gradient, and confidence threshold"
Wet,Wet:NGW-039->NGW-036,NGW-039->NGW-036,NGW-039,NGW-036,primary,1.0940858667989963,59.80000000000004,2.0,1.0,1.0,1.0,B/B,,not supplied,not supplied,"Hydrosheaf probabilistic edge inference using head proxy, distance, gradient, and confidence threshold"
Wet,Wet:NGW-037->NGW-017,NGW-037->NGW-017,NGW-037,NGW-017,primary,1.2840552693966019,26.400000000000034,2.0,1.0,1.0,1.0,B/B,depth_mismatch,not supplied,not supplied,"Hydrosheaf probabilistic edge inference using head proxy, distance, gradient, and confidence threshold"
Wet,Wet:NGW-094->NGW-111,NGW-094->NGW-111,NGW-094,NGW-111,primary,1.4278154680862933,25.0,2.0,1.0,1.0,1.0,B/B,,not supplied,not supplied,"Hydrosheaf probabilistic edge inference using head proxy, distance, gradient, and confidence threshold"
Wet,Wet:NGW-013->NGW-005,NGW-013->NGW-005,NGW-013,NGW-005,primary,1.4561201364140792,55.79999999999998,2.0,1.0,1.0,1.0,B/B,,not supplied,not supplied,"Hydrosheaf probabilistic edge inference using head proxy, distance, gradient, and confidence threshold"
Wet,Wet:NGW-097->NGW-116,NGW-097->NGW-116,NGW-097,NGW-116,primary,1.473614130007246,44.30000000000001,2.0,1.0,1.0,1.0,B/B,,not supplied,not supplied,"Hydrosheaf probabilistic edge inference using head proxy, distance, gradient, and confidence threshold"
Wet,Wet:NGW-032->NGW-020,NGW-032->NGW-020,NGW-032,NGW-020,primary,1.4785026488903583,67.10000000000002,2.0,1.0,1.0,1.0,B/B,depth_mismatch,not supplied,not supplied,"Hydrosheaf probabilistic edge inference using head proxy, distance, gradient, and confidence threshold"
Wet,Wet:NGW-154->NGW-138,NGW-154->NGW-138,NGW-154,NGW-138,primary,1.562504936780172,47.69999999999996,2.0,1.0,1.0,1.0,B/B,,not supplied,not supplied,"Hydrosheaf probabilistic edge inference using head proxy, distance, gradient, and confidence threshold"
Wet,Wet:NGW-015->NGW-039,NGW-015->NGW-039,NGW-015,NGW-039,primary,1.6093733449848555,48.49999999999997,2.0,1.0,1.0,1.0,B/B,,not supplied,not supplied,"Hydrosheaf probabilistic edge inference using head proxy, distance, gradient, and confidence threshold"
Wet,Wet:NGW-013->NGW-001,NGW-013->NGW-001,NGW-013,NGW-001,primary,1.624691978799899,68.19999999999999,2.0,1.0,1.0,1.0,B/B,,not supplied,not supplied,"Hydrosheaf probabilistic edge inference using head proxy, distance, gradient, and confidence threshold"
Wet,Wet:NGW-106->NGW-110,NGW-106->NGW-110,NGW-106,NGW-110,primary,1.6428142539315993,29.600000000000023,2.0,1.0,1.0,1.0,B/B,depth_mismatch,not supplied,not supplied,"Hydrosheaf probabilistic edge inference using head proxy, distance, gradient, and confidence threshold"
Wet,Wet:NGW-106->NGW-081,NGW-106->NGW-081,NGW-106,NGW-081,primary,1.6942767093897866,26.700000000000017,2.0,1.0,1.0,1.0,B/B,depth_mismatch,not supplied,not supplied,"Hydrosheaf probabilistic edge inference using head proxy, distance, gradient, and confidence threshold"
Wet,Wet:NGW-008->NGW-030,NGW-008->NGW-030,NGW-008,NGW-030,primary,1.7408113844565627,47.69999999999999,2.0,1.0,1.0,1.0,B/B,,not supplied,not supplied,"Hydrosheaf probabilistic edge inference using head proxy, distance, gradient, and confidence threshold"
Wet,Wet:NGW-131->NGW-140,NGW-131->NGW-140,NGW-131,NGW-140,primary,1.8681236636221783,21.0,2.0,1.0,1.0,1.0,B/B,,not supplied,not supplied,"Hydrosheaf probabilistic edge inference using head proxy, distance, gradient, and confidence threshold"
Wet,Wet:NGW-021->NGW-012,NGW-021->NGW-012,NGW-021,NGW-012,primary,1.8882641544461274,23.099999999999994,2.0,1.0,1.0,1.0,B/B,,not supplied,not supplied,"Hydrosheaf probabilistic edge inference using head proxy, distance, gradient, and confidence threshold"
Wet,Wet:NGW-095->NGW-089,NGW-095->NGW-089,NGW-095,NGW-089,primary,1.912380845946124,24.80000000000001,2.0,1.0,1.0,1.0,B/B,depth_mismatch,not supplied,not supplied,"Hydrosheaf probabilistic edge inference using head proxy, distance, gradient, and confidence threshold"
Wet,Wet:NGW-047->NGW-079,NGW-047->NGW-079,NGW-047,NGW-079,primary,1.9232543401401474,37.49999999999997,2.0,1.0,1.0,1.0,B/B,depth_mismatch,not supplied,not supplied,"Hydrosheaf probabilistic edge inference using head proxy, distance, gradient, and confidence threshold"
Wet,Wet:NGW-011->NGW-010,NGW-011->NGW-010,NGW-011,NGW-010,primary,2.0819796340992864,59.700000000000045,2.0,1.0,1.0,1.0,B/B,,not supplied,not supplied,"Hydrosheaf probabilistic edge inference using head proxy, distance, gradient, and confidence threshold"
Wet,Wet:NGW-043->NGW-049,NGW-043->NGW-049,NGW-043,NGW-049,primary,2.0820779328237564,29.099999999999966,2.0,1.0,1.0,1.0,B/B,depth_mismatch,not supplied,not supplied,"Hydrosheaf probabilistic edge inference using head proxy, distance, gradient, and confidence threshold"
Wet,Wet:NGW-015->NGW-036,NGW-015->NGW-036,NGW-015,NGW-036,primary,2.0840345526752158,108.30000000000001,2.0,1.0,1.0,1.0,B/B,depth_mismatch,not supplied,not supplied,"Hydrosheaf probabilistic edge inference using head proxy, distance, gradient, and confidence threshold"
Wet,Wet:NGW-019->NGW-029,NGW-019->NGW-029,NGW-019,NGW-029,primary,2.107312380575053,32.69999999999999,2.0,1.0,1.0,1.0,B/B,,not supplied,not supplied,"Hydrosheaf probabilistic edge inference using head proxy, distance, gradient, and confidence threshold"
Wet,Wet:NGW-104->NGW-102,NGW-104->NGW-102,NGW-104,NGW-102,primary,2.1207996204799313,29.899999999999977,2.0,1.0,1.0,1.0,B/B,depth_mismatch,not supplied,not supplied,"Hydrosheaf probabilistic edge inference using head proxy, distance, gradient, and confidence threshold"
Wet,Wet:NGW-015->NGW-040,NGW-015->NGW-040,NGW-015,NGW-040,primary,2.167607372566631,143.4,2.0,1.0,1.0,1.0,B/B,,not supplied,not supplied,"Hydrosheaf probabilistic edge inference using head proxy, distance, gradient, and confidence threshold"
Wet,Wet:NGW-097->NGW-114,NGW-097->NGW-114,NGW-097,NGW-114,primary,2.1930814283722952,39.900000000000034,2.0,1.0,1.0,1.0,B/B,,not supplied,not supplied,"Hydrosheaf probabilistic edge inference using head proxy, distance, gradient, and confidence threshold"
Wet,Wet:NGW-012->NGW-040,NGW-012->NGW-040,NGW-012,NGW-040,primary,2.2750561820103075,66.70000000000002,2.0,1.0,1.0,1.0,B/B,,not supplied,not supplied,"Hydrosheaf probabilistic edge inference using head proxy, distance, gradient, and confidence threshold"
Wet,Wet:NGW-062->NGW-072,NGW-062->NGW-072,NGW-062,NGW-072,primary,2.313476578333529,21.900000000000006,2.0,1.0,1.0,1.0,B/B,,not supplied,not supplied,"Hydrosheaf probabilistic edge inference using head proxy, distance, gradient, and confidence threshold"
Wet,Wet:NGW-009->NGW-010,NGW-009->NGW-010,NGW-009,NGW-010,primary,2.3436558423084164,25.80000000000001,2.0,1.0,1.0,1.0,B/B,depth_mismatch,not supplied,not supplied,"Hydrosheaf probabilistic edge inference using head proxy, distance, gradient, and confidence threshold"
Wet,Wet:NGW-019->NGW-012,NGW-019->NGW-012,NGW-019,NGW-012,primary,2.3598060692685703,30.0,2.0,1.0,1.0,1.0,B/B,depth_mismatch,not supplied,not supplied,"Hydrosheaf probabilistic edge inference using head proxy, distance, gradient, and confidence threshold"
Wet,Wet:NGW-144->NGW-135,NGW-144->NGW-135,NGW-144,NGW-135,primary,2.3733578015874324,51.400000000000034,2.0,1.0,1.0,1.0,B/B,depth_mismatch,not supplied,not supplied,"Hydrosheaf probabilistic edge inference using head proxy, distance, gradient, and confidence threshold"
Wet,Wet:NGW-106->NGW-099,NGW-106->NGW-099,NGW-106,NGW-099,primary,2.388270933116494,19.00000000000003,2.0,1.0,1.0,1.0,B/B,depth_mismatch,not supplied,not supplied,"Hydrosheaf probabilistic edge inference using head proxy, distance, gradient, and confidence threshold"
Wet,Wet:NGW-034->NGW-024,NGW-034->NGW-024,NGW-034,NGW-024,primary,2.4404610119350174,16.899999999999977,2.0,1.0,1.0,1.0,B/B,,not supplied,not supplied,"Hydrosheaf probabilistic edge inference using head proxy, distance, gradient, and confidence threshold"
Wet,Wet:NGW-154->NGW-149,NGW-154->NGW-149,NGW-154,NGW-149,primary,2.444127795927859,55.19999999999996,2.0,1.0,1.0,1.0,B/B,depth_mismatch,not supplied,not supplied,"Hydrosheaf probabilistic edge inference using head proxy, distance, gradient, and confidence threshold"
Wet,Wet:NGW-029->NGW-040,NGW-029->NGW-040,NGW-029,NGW-040,primary,2.5025180110838905,64.00000000000003,2.0,1.0,1.0,1.0,B/B,,not supplied,not supplied,"Hydrosheaf probabilistic edge inference using head proxy, distance, gradient, and confidence threshold"
Wet,Wet:NGW-108->NGW-117,NGW-108->NGW-117,NGW-108,NGW-117,primary,2.531805509100943,39.10000000000002,2.0,1.0,1.0,1.0,B/B,depth_mismatch,not supplied,not supplied,"Hydrosheaf probabilistic edge inference using head proxy, distance, gradient, and confidence threshold"
Wet,Wet:NGW-086->NGW-090,NGW-086->NGW-090,NGW-086,NGW-090,primary,2.5324944266572835,45.30000000000001,2.0,1.0,1.0,1.0,B/B,,not supplied,not supplied,"Hydrosheaf probabilistic edge inference using head proxy, distance, gradient, and confidence threshold"
Wet,Wet:NGW-151->NGW-160,NGW-151->NGW-160,NGW-151,NGW-160,primary,2.627692272201113,53.70000000000002,2.0,1.0,1.0,1.0,B/B,depth_mismatch,not supplied,not supplied,"Hydrosheaf probabilistic edge inference using head proxy, distance, gradient, and confidence threshold"
Wet,Wet:NGW-047->NGW-057,NGW-047->NGW-057,NGW-047,NGW-057,primary,2.6309381795033713,26.19999999999996,2.0,1.0,1.0,1.0,B/B,depth_mismatch,not supplied,not supplied,"Hydrosheaf probabilistic edge inference using head proxy, distance, gradient, and confidence threshold"
Wet,Wet:NGW-021->NGW-029,NGW-021->NGW-029,NGW-021,NGW-029,primary,2.6405904918912095,25.799999999999983,2.0,1.0,1.0,1.0,B/B,depth_mismatch,not supplied,not supplied,"Hydrosheaf probabilistic edge inference using head proxy, distance, gradient, and confidence threshold"
Wet,Wet:NGW-035->NGW-001,NGW-035->NGW-001,NGW-035,NGW-001,primary,2.687442345301759,36.19999999999999,2.0,1.0,1.0,1.0,B/B,depth_mismatch,not supplied,not supplied,"Hydrosheaf probabilistic edge inference using head proxy, distance, gradient, and confidence threshold"
Wet,Wet:NGW-052->NGW-065,NGW-052->NGW-065,NGW-052,NGW-065,primary,2.7354583401393042,35.89999999999998,2.0,1.0,1.0,1.0,B/B,depth_mismatch,not supplied,not supplied,"Hydrosheaf probabilistic edge inference using head proxy, distance, gradient, and confidence threshold"
Wet,Wet:NGW-152->NGW-136,NGW-152->NGW-136,NGW-152,NGW-136,primary,2.828145984257028,33.30000000000001,2.0,1.0,1.0,1.0,B/B,depth_mismatch,not supplied,not supplied,"Hydrosheaf probabilistic edge inference using head proxy, distance, gradient, and confidence threshold"
Wet,Wet:NGW-066->NGW-067,NGW-066->NGW-067,NGW-066,NGW-067,primary,2.8326917546328554,51.30000000000004,2.0,1.0,1.0,1.0,B/B,depth_mismatch,not supplied,not supplied,"Hydrosheaf probabilistic edge inference using head proxy, distance, gradient, and confidence threshold"
Wet,Wet:NGW-088->NGW-117,NGW-088->NGW-117,NGW-088,NGW-117,primary,2.8420813268356215,51.400000000000034,2.0,1.0,1.0,1.0,B/B,,not supplied,not supplied,"Hydrosheaf probabilistic edge inference using head proxy, distance, gradient, and confidence threshold"
Wet,Wet:NGW-085->NGW-109,NGW-085->NGW-109,NGW-085,NGW-109,primary,2.866987162692208,20.900000000000006,2.0,1.0,1.0,1.0,B/B,depth_mismatch,not supplied,not supplied,"Hydrosheaf probabilistic edge inference using head proxy, distance, gradient, and confidence threshold"
Wet,Wet:NGW-139->NGW-138,NGW-139->NGW-138,NGW-139,NGW-138,primary,2.8686176439359583,18.099999999999994,2.0,1.0,1.0,1.0,B/B,,not supplied,not supplied,"Hydrosheaf probabilistic edge inference using head proxy, distance, gradient, and confidence threshold"
Wet,Wet:NGW-119->NGW-103,NGW-119->NGW-103,NGW-119,NGW-103,primary,2.894086451550023,21.69999999999999,2.0,1.0,1.0,1.0,B/B,,not supplied,not supplied,"Hydrosheaf probabilistic edge inference using head proxy, distance, gradient, and confidence threshold"
Wet,Wet:NGW-143->NGW-135,NGW-143->NGW-135,NGW-143,NGW-135,primary,2.976567235187173,67.30000000000001,2.0,1.0,1.0,1.0,B/B,,not supplied,not supplied,"Hydrosheaf probabilistic edge inference using head proxy, distance, gradient, and confidence threshold"
Wet,Wet:NGW-066->NGW-074,NGW-066->NGW-074,NGW-066,NGW-074,primary,2.9917275501149505,70.00000000000003,2.0,1.0,1.0,1.0,B/B,,not supplied,not supplied,"Hydrosheaf probabilistic edge inference using head proxy, distance, gradient, and confidence threshold"
Wet,Wet:NGW-037->NGW-021,NGW-037->NGW-021,NGW-037,NGW-021,primary,2.995142096264969,38.900000000000006,2.0,1.0,1.0,1.0,B/B,depth_mismatch,not supplied,not supplied,"Hydrosheaf probabilistic edge inference using head proxy, distance, gradient, and confidence threshold"
Wet,Wet:NGW-144->NGW-140,NGW-144->NGW-140,NGW-144,NGW-140,primary,3.051893580620015,18.900000000000034,2.0,1.0,1.0,1.0,B/B,,not supplied,not supplied,"Hydrosheaf probabilistic edge inference using head proxy, distance, gradient, and confidence threshold"
Wet,Wet:NGW-154->NGW-145,NGW-154->NGW-145,NGW-154,NGW-145,primary,3.111310185634103,31.99999999999997,2.0,1.0,1.0,1.0,B/B,depth_mismatch,not supplied,not supplied,"Hydrosheaf probabilistic edge inference using head proxy, distance, gradient, and confidence threshold"
Wet,Wet:NGW-046->NGW-070,NGW-046->NGW-070,NGW-046,NGW-070,primary,3.1326292847436696,92.80000000000001,2.0,1.0,1.0,1.0,B/B,depth_mismatch,not supplied,not supplied,"Hydrosheaf probabilistic edge inference using head proxy, distance, gradient, and confidence threshold"
Wet,Wet:NGW-120->NGW-116,NGW-120->NGW-116,NGW-120,NGW-116,primary,3.140570589278205,30.19999999999999,2.0,1.0,1.0,1.0,B/B,,not supplied,not supplied,"Hydrosheaf probabilistic edge inference using head proxy, distance, gradient, and confidence threshold"
Wet,Wet:NGW-027->NGW-002,NGW-027->NGW-002,NGW-027,NGW-002,primary,3.1870043972944733,98.1,2.0,1.0,1.0,1.0,B/B,,not supplied,not supplied,"Hydrosheaf probabilistic edge inference using head proxy, distance, gradient, and confidence threshold"
Wet,Wet:NGW-046->NGW-067,NGW-046->NGW-067,NGW-046,NGW-067,primary,3.285459617205371,54.900000000000006,2.0,1.0,1.0,1.0,B/B,,not supplied,not supplied,"Hydrosheaf probabilistic edge inference using head proxy, distance, gradient, and confidence threshold"
Wet,Wet:NGW-066->NGW-075,NGW-066->NGW-075,NGW-066,NGW-075,primary,3.2952758468195684,34.80000000000001,2.0,1.0,1.0,1.0,B/B,,not supplied,not supplied,"Hydrosheaf probabilistic edge inference using head proxy, distance, gradient, and confidence threshold"
Wet,Wet:NGW-018->NGW-005,NGW-018->NGW-005,NGW-018,NGW-005,primary,3.3596466174008843,38.80000000000001,2.0,1.0,1.0,1.0,B/B,depth_mismatch,not supplied,not supplied,"Hydrosheaf probabilistic edge inference using head proxy, distance, gradient, and confidence threshold"
Wet,Wet:NGW-071->NGW-041,NGW-071->NGW-041,NGW-071,NGW-041,primary,3.370819185426887,34.099999999999966,2.0,1.0,1.0,1.0,B/B,,not supplied,not supplied,"Hydrosheaf probabilistic edge inference using head proxy, distance, gradient, and confidence threshold"
Wet,Wet:NGW-024->NGW-020,NGW-024->NGW-020,NGW-024,NGW-020,primary,3.386947869423403,31.0,2.0,1.0,1.0,1.0,B/B,depth_mismatch,not supplied,not supplied,"Hydrosheaf probabilistic edge inference using head proxy, distance, gradient, and confidence threshold"
Wet,Wet:NGW-152->NGW-153,NGW-152->NGW-153,NGW-152,NGW-153,primary,3.3927753312450646,44.5,2.0,1.0,1.0,1.0,B/B,depth_mismatch,not supplied,not supplied,"Hydrosheaf probabilistic edge inference using head proxy, distance, gradient, and confidence threshold"
Wet,Wet:NGW-129->NGW-127,NGW-129->NGW-127,NGW-129,NGW-127,primary,3.405371804596125,26.700000000000017,2.0,1.0,1.0,1.0,B/B,,not supplied,not supplied,"Hydrosheaf probabilistic edge inference using head proxy, distance, gradient, and confidence threshold"
Wet,Wet:NGW-120->NGW-114,NGW-120->NGW-114,NGW-120,NGW-114,primary,3.4708034039506814,25.80000000000001,2.0,1.0,1.0,1.0,B/B,,not supplied,not supplied,"Hydrosheaf probabilistic edge inference using head proxy, distance, gradient, and confidence threshold"
Wet,Wet:NGW-101->NGW-117,NGW-101->NGW-117,NGW-101,NGW-117,primary,3.612582473695758,31.799999999999955,2.0,1.0,1.0,1.0,B/B,,not supplied,not supplied,"Hydrosheaf probabilistic edge inference using head proxy, distance, gradient, and confidence threshold"
Wet,Wet:NGW-039->NGW-040,NGW-039->NGW-040,NGW-039,NGW-040,primary,3.6899783958601176,94.90000000000003,2.0,1.0,1.0,1.0,B/B,,not supplied,not supplied,"Hydrosheaf probabilistic edge inference using head proxy, distance, gradient, and confidence threshold"
Wet,Wet:NGW-043->NGW-051,NGW-043->NGW-051,NGW-043,NGW-051,primary,3.692360267345516,63.099999999999966,2.0,1.0,1.0,1.0,B/B,,not supplied,not supplied,"Hydrosheaf probabilistic edge inference using head proxy, distance, gradient, and confidence threshold"
Wet,Wet:NGW-095->NGW-081,NGW-095->NGW-081,NGW-095,NGW-081,primary,3.702050206158599,33.400000000000006,2.0,1.0,1.0,1.0,B/B,,not supplied,not supplied,"Hydrosheaf probabilistic edge inference using head proxy, distance, gradient, and confidence threshold"
Wet,Wet:NGW-009->NGW-004,NGW-009->NGW-004,NGW-009,NGW-004,primary,3.7113718772797752,102.99999999999999,2.0,1.0,1.0,1.0,B/B,depth_mismatch,not supplied,not supplied,"Hydrosheaf probabilistic edge inference using head proxy, distance, gradient, and confidence threshold"
Wet,Wet:NGW-119->NGW-107,NGW-119->NGW-107,NGW-119,NGW-107,primary,3.7357437347243407,35.39999999999998,2.0,1.0,1.0,1.0,B/B,depth_mismatch,not supplied,not supplied,"Hydrosheaf probabilistic edge inference using head proxy, distance, gradient, and confidence threshold"
Wet,Wet:NGW-036->NGW-040,NGW-036->NGW-040,NGW-036,NGW-040,primary,3.751635098565027,35.099999999999994,2.0,1.0,1.0,1.0,B/B,,not supplied,not supplied,"Hydrosheaf probabilistic edge inference using head proxy, distance, gradient, and confidence threshold"
Wet,Wet:NGW-152->NGW-137,NGW-152->NGW-137,NGW-152,NGW-137,primary,3.7828012425303785,36.60000000000002,2.0,1.0,1.0,1.0,B/B,,not supplied,not supplied,"Hydrosheaf probabilistic edge inference using head proxy, distance, gradient, and confidence threshold"
Wet,Wet:NGW-008->NGW-016,NGW-008->NGW-016,NGW-008,NGW-016,primary,3.7878730073099467,51.0,2.0,1.0,1.0,1.0,B/B,depth_mismatch,not supplied,not supplied,"Hydrosheaf probabilistic edge inference using head proxy, distance, gradient, and confidence threshold"
Wet,Wet:NGW-139->NGW-149,NGW-139->NGW-149,NGW-139,NGW-149,primary,3.8069229210091162,25.599999999999994,2.0,1.0,1.0,1.0,B/B,depth_mismatch,not supplied,not supplied,"Hydrosheaf probabilistic edge inference using head proxy, distance, gradient, and confidence threshold"
Wet,Wet:NGW-013->NGW-035,NGW-013->NGW-035,NGW-013,NGW-035,primary,3.828724771221957,32.0,2.0,1.0,1.0,1.0,B/B,depth_mismatch,not supplied,not supplied,"Hydrosheaf probabilistic edge inference using head proxy, distance, gradient, and confidence threshold"
Wet,Wet:NGW-046->NGW-075,NGW-046->NGW-075,NGW-046,NGW-075,primary,3.850424622827737,38.39999999999998,2.0,1.0,1.0,1.0,B/B,,not supplied,not supplied,"Hydrosheaf probabilistic edge inference using head proxy, distance, gradient, and confidence threshold"
Wet,Wet:NGW-032->NGW-026,NGW-032->NGW-026,NGW-032,NGW-026,primary,3.8739825329035655,100.30000000000004,2.0,1.0,1.0,1.0,B/B,depth_mismatch,not supplied,not supplied,"Hydrosheaf probabilistic edge inference using head proxy, distance, gradient, and confidence threshold"
Wet,Wet:NGW-020->NGW-026,NGW-020->NGW-026,NGW-020,NGW-026,primary,3.8807213632174253,33.20000000000002,2.0,1.0,1.0,1.0,B/B,depth_mismatch,not supplied,not supplied,"Hydrosheaf probabilistic edge inference using head proxy, distance, gradient, and confidence threshold"
Wet,Wet:NGW-084->NGW-081,NGW-084->NGW-081,NGW-084,NGW-081,primary,3.913416385444369,20.19999999999996,2.0,1.0,1.0,1.0,B/B,depth_mismatch,not supplied,not supplied,"Hydrosheaf probabilistic edge inference using head proxy, distance, gradient, and confidence threshold"
Wet,Wet:NGW-129->NGW-155,NGW-129->NGW-155,NGW-129,NGW-155,primary,3.929561758834793,36.599999999999994,2.0,1.0,1.0,1.0,B/B,depth_mismatch,not supplied,not supplied,"Hydrosheaf probabilistic edge inference using head proxy, distance, gradient, and confidence threshold"
Wet,Wet:NGW-021->NGW-040,NGW-021->NGW-040,NGW-021,NGW-040,primary,3.935868324639445,89.80000000000001,2.0,1.0,1.0,1.0,B/B,,not supplied,not supplied,"Hydrosheaf probabilistic edge inference using head proxy, distance, gradient, and confidence threshold"
Wet,Wet:NGW-056->NGW-065,NGW-056->NGW-065,NGW-056,NGW-065,primary,3.957274440136092,37.50000000000003,2.0,1.0,1.0,1.0,B/B,depth_mismatch,not supplied,not supplied,"Hydrosheaf probabilistic edge inference using head proxy, distance, gradient, and confidence threshold"
Wet,Wet:NGW-068->NGW-072,NGW-068->NGW-072,NGW-068,NGW-072,primary,3.963375195687416,37.39999999999998,2.0,1.0,1.0,1.0,B/B,,not supplied,not supplied,"Hydrosheaf probabilistic edge inference using head proxy, distance, gradient, and confidence threshold"
Wet,Wet:NGW-058->NGW-049,NGW-058->NGW-049,NGW-058,NGW-049,primary,4.011852537284528,28.19999999999999,2.0,1.0,1.0,1.0,B/B,depth_mismatch,not supplied,not supplied,"Hydrosheaf probabilistic edge inference using head proxy, distance, gradient, and confidence threshold"
Wet,Wet:NGW-038->NGW-023,NGW-038->NGW-023,NGW-038,NGW-023,primary,4.028826143819209,29.0,2.0,1.0,1.0,1.0,B/B,,not supplied,not supplied,"Hydrosheaf probabilistic edge inference using head proxy, distance, gradient, and confidence threshold"
Wet,Wet:NGW-048->NGW-052,NGW-048->NGW-052,NGW-048,NGW-052,primary,4.060699229991843,16.700000000000045,2.0,1.0,1.0,1.0,B/B,,not supplied,not supplied,"Hydrosheaf probabilistic edge inference using head proxy, distance, gradient, and confidence threshold"
Wet,Wet:NGW-052->NGW-073,NGW-052->NGW-073,NGW-052,NGW-073,primary,4.134660176426307,40.599999999999966,2.0,1.0,1.0,1.0,B/B,depth_mismatch,not supplied,not supplied,"Hydrosheaf probabilistic edge inference using head proxy, distance, gradient, and confidence threshold"
Wet,Wet:NGW-022->NGW-009,NGW-022->NGW-009,NGW-022,NGW-009,primary,4.142926670424184,54.099999999999966,2.0,1.0,1.0,1.0,B/B,depth_mismatch,not supplied,not supplied,"Hydrosheaf probabilistic edge inference using head proxy, distance, gradient, and confidence threshold"
Wet,Wet:NGW-113->NGW-086,NGW-113->NGW-086,NGW-113,NGW-086,primary,4.172856576840366,45.89999999999998,2.0,1.0,1.0,1.0,B/B,depth_mismatch,not supplied,not supplied,"Hydrosheaf probabilistic edge inference using head proxy, distance, gradient, and confidence threshold"
Wet,Wet:NGW-148->NGW-142,NGW-148->NGW-142,NGW-148,NGW-142,primary,4.341372274323871,73.1,2.0,1.0,1.0,1.0,B/B,depth_mismatch,not supplied,not supplied,"Hydrosheaf probabilistic edge inference using head proxy, distance, gradient, and confidence threshold"
Wet,Wet:NGW-011->NGW-009,NGW-011->NGW-009,NGW-011,NGW-009,primary,4.350233061657877,33.900000000000034,2.0,1.0,1.0,1.0,B/B,depth_mismatch,not supplied,not supplied,"Hydrosheaf probabilistic edge inference using head proxy, distance, gradient, and confidence threshold"
Wet,Wet:NGW-033->NGW-028,NGW-033->NGW-028,NGW-033,NGW-028,primary,4.365360122926887,39.599999999999994,2.0,1.0,1.0,1.0,B/B,,not supplied,not supplied,"Hydrosheaf probabilistic edge inference using head proxy, distance, gradient, and confidence threshold"
Wet,Wet:NGW-082->NGW-090,NGW-082->NGW-090,NGW-082,NGW-090,primary,4.398937623471277,92.79999999999995,2.0,1.0,1.0,1.0,B/B,,not supplied,not supplied,"Hydrosheaf probabilistic edge inference using head proxy, distance, gradient, and confidence threshold"
Wet,Wet:NGW-012->NGW-002,NGW-012->NGW-002,NGW-012,NGW-002,primary,4.411384304164109,40.599999999999994,2.0,1.0,1.0,1.0,B/B,,not supplied,not supplied,"Hydrosheaf probabilistic edge inference using head proxy, distance, gradient, and confidence threshold"
Wet,Wet:NGW-012->NGW-036,NGW-012->NGW-036,NGW-012,NGW-036,primary,4.516939281080481,31.600000000000023,2.0,1.0,1.0,1.0,B/B,,not supplied,not supplied,"Hydrosheaf probabilistic edge inference using head proxy, distance, gradient, and confidence threshold"
Wet,Wet:NGW-082->NGW-086,NGW-082->NGW-086,NGW-082,NGW-086,primary,4.552907264984636,47.49999999999994,2.0,1.0,1.0,1.0,B/B,,not supplied,not supplied,"Hydrosheaf probabilistic edge inference using head proxy, distance, gradient, and confidence threshold"
Wet,Wet:NGW-067->NGW-074,NGW-067->NGW-074,NGW-067,NGW-074,primary,4.591519228852671,18.69999999999999,2.0,1.0,1.0,1.0,B/B,depth_mismatch,not supplied,not supplied,"Hydrosheaf probabilistic edge inference using head proxy, distance, gradient, and confidence threshold"
Wet,Wet:NGW-039->NGW-002,NGW-039->NGW-002,NGW-039,NGW-002,primary,4.614179441825651,68.80000000000001,2.0,1.0,1.0,1.0,B/B,depth_mismatch,not supplied,not supplied,"Hydrosheaf probabilistic edge inference using head proxy, distance, gradient, and confidence threshold"
Wet,Wet:NGW-074->NGW-070,NGW-074->NGW-070,NGW-074,NGW-070,primary,4.651032025844743,19.200000000000017,2.0,1.0,1.0,1.0,B/B,,not supplied,not supplied,"Hydrosheaf probabilistic edge inference using head proxy, distance, gradient, and confidence threshold"
Wet,Wet:NGW-006->NGW-009,NGW-006->NGW-009,NGW-006,NGW-009,primary,4.651312257879752,20.700000000000017,2.0,1.0,1.0,1.0,B/B,depth_mismatch,not supplied,not supplied,"Hydrosheaf probabilistic edge inference using head proxy, distance, gradient, and confidence threshold"
Wet,Wet:NGW-037->NGW-012,NGW-037->NGW-012,NGW-037,NGW-012,primary,4.692512412411095,62.0,2.0,1.0,1.0,1.0,B/B,depth_mismatch,not supplied,not supplied,"Hydrosheaf probabilistic edge inference using head proxy, distance, gradient, and confidence threshold"
Wet,Wet:NGW-049->NGW-051,NGW-049->NGW-051,NGW-049,NGW-051,primary,4.737334097189312,34.0,2.0,1.0,1.0,1.0,B/B,depth_mismatch,not supplied,not supplied,"Hydrosheaf probabilistic edge inference using head proxy, distance, gradient, and confidence threshold"
Wet,Wet:NGW-125->NGW-127,NGW-125->NGW-127,NGW-125,NGW-127,primary,4.800816276194689,34.599999999999994,2.0,1.0,1.0,1.0,B/B,,not supplied,not supplied,"Hydrosheaf probabilistic edge inference using head proxy, distance, gradient, and confidence threshold"
Wet,Wet:NGW-032->NGW-024,NGW-032->NGW-024,NGW-032,NGW-024,primary,4.816677585368075,36.10000000000002,2.0,1.0,1.0,1.0,B/B,,not supplied,not supplied,"Hydrosheaf probabilistic edge inference using head proxy, distance, gradient, and confidence threshold"
Wet,Wet:NGW-064->NGW-068,NGW-064->NGW-068,NGW-064,NGW-068,primary,4.831316002331566,21.400000000000034,2.0,1.0,1.0,1.0,B/B,,not supplied,not supplied,"Hydrosheaf probabilistic edge inference using head proxy, distance, gradient, and confidence threshold"
Wet,Wet:NGW-071->NGW-057,NGW-071->NGW-057,NGW-071,NGW-057,primary,4.87786104804174,30.599999999999937,2.0,1.0,1.0,1.0,B/B,depth_mismatch,not supplied,not supplied,"Hydrosheaf probabilistic edge inference using head proxy, distance, gradient, and confidence threshold"
Wet,Wet:NGW-105->NGW-093,NGW-105->NGW-093,NGW-105,NGW-093,primary,4.908922189905098,75.5,2.0,1.0,1.0,1.0,B/B,,not supplied,not supplied,"Hydrosheaf probabilistic edge inference using head proxy, distance, gradient, and confidence threshold"
Wet,Wet:NGW-025->NGW-023,NGW-025->NGW-023,NGW-025,NGW-023,primary,4.912396108044368,64.89999999999998,2.0,1.0,1.0,1.0,B/B,depth_mismatch,not supplied,not supplied,"Hydrosheaf probabilistic edge inference using head proxy, distance, gradient, and confidence threshold"
Wet,Wet:NGW-034->NGW-020,NGW-034->NGW-020,NGW-034,NGW-020,primary,4.982346981646181,47.89999999999998,2.0,1.0,1.0,1.0,B/B,depth_mismatch,not supplied,not supplied,"Hydrosheaf probabilistic edge inference using head proxy, distance, gradient, and confidence threshold"
Wet,Wet:NGW-025->NGW-038,NGW-025->NGW-038,NGW-025,NGW-038,primary,4.982701779675304,35.89999999999998,2.0,1.0,1.0,1.0,B/B,depth_mismatch,not supplied,not supplied,"Hydrosheaf probabilistic edge inference using head proxy, distance, gradient, and confidence threshold"
Wet,Wet:NGW-148->NGW-159,NGW-148->NGW-159,NGW-148,NGW-159,primary,4.990996063664845,61.099999999999994,2.0,1.0,1.0,1.0,B/B,depth_mismatch,not supplied,not supplied,"Hydrosheaf probabilistic edge inference using head proxy, distance, gradient, and confidence threshold"
Wet,Wet:NGW-104->NGW-111,NGW-104->NGW-111,NGW-104,NGW-111,primary,5.017613855808936,37.19999999999999,2.0,1.0,1.0,1.0,B/B,,not supplied,not supplied,"Hydrosheaf probabilistic edge inference using head proxy, distance, gradient, and confidence threshold"
Wet,Wet:NGW-126->NGW-140,NGW-126->NGW-140,NGW-126,NGW-140,primary,5.101851887755953,29.5,2.0,1.0,1.0,1.0,B/B,,not supplied,not supplied,"Hydrosheaf probabilistic edge inference using head proxy, distance, gradient, and confidence threshold"
Wet,Wet:NGW-121->NGW-122,NGW-121->NGW-122,NGW-121,NGW-122,primary,5.103722216013525,43.20000000000002,2.0,1.0,1.0,1.0,B/B,,not supplied,not supplied,"Hydrosheaf probabilistic edge inference using head proxy, distance, gradient, and confidence threshold"
Wet,Wet:NGW-071->NGW-079,NGW-071->NGW-079,NGW-071,NGW-079,primary,5.154476829046479,41.89999999999995,2.0,1.0,1.0,1.0,B/B,,not supplied,not supplied,"Hydrosheaf probabilistic edge inference using head proxy, distance, gradient, and confidence threshold"
Wet,Wet:NGW-035->NGW-005,NGW-035->NGW-005,NGW-035,NGW-005,primary,5.284843231643301,23.799999999999983,2.0,1.0,1.0,1.0,B/B,,not supplied,not supplied,"Hydrosheaf probabilistic edge inference using head proxy, distance, gradient, and confidence threshold"
Wet,Wet:NGW-100->NGW-107,NGW-100->NGW-107,NGW-100,NGW-107,primary,5.284926285661724,32.19999999999999,2.0,1.0,1.0,1.0,B/B,,not supplied,not supplied,"Hydrosheaf probabilistic edge inference using head proxy, distance, gradient, and confidence threshold"
Wet,Wet:NGW-134->NGW-159,NGW-134->NGW-159,NGW-134,NGW-159,primary,5.289861074306686,52.400000000000006,2.0,1.0,1.0,1.0,B/B,,not supplied,not supplied,"Hydrosheaf probabilistic edge inference using head proxy, distance, gradient, and confidence threshold"
Wet,Wet:NGW-125->NGW-155,NGW-125->NGW-155,NGW-125,NGW-155,primary,5.314656723472914,44.49999999999997,2.0,1.0,1.0,1.0,B/B,,not supplied,not supplied,"Hydrosheaf probabilistic edge inference using head proxy, distance, gradient, and confidence threshold"
Wet,Wet:NGW-075->NGW-074,NGW-075->NGW-074,NGW-075,NGW-074,primary,5.3425879274125085,35.20000000000002,2.0,1.0,1.0,1.0,B/B,,not supplied,not supplied,"Hydrosheaf probabilistic edge inference using head proxy, distance, gradient, and confidence threshold"
Wet,Wet:NGW-140->NGW-135,NGW-140->NGW-135,NGW-140,NGW-135,primary,5.343671452987482,32.5,2.0,1.0,1.0,1.0,B/B,depth_mismatch,not supplied,not supplied,"Hydrosheaf probabilistic edge inference using head proxy, distance, gradient, and confidence threshold"
Wet,Wet:NGW-146->NGW-145,NGW-146->NGW-145,NGW-146,NGW-145,primary,5.353141670002565,18.799999999999983,2.0,1.0,1.0,1.0,B/B,depth_mismatch,not supplied,not supplied,"Hydrosheaf probabilistic edge inference using head proxy, distance, gradient, and confidence threshold"
Wet,Wet:NGW-002->NGW-040,NGW-002->NGW-040,NGW-002,NGW-040,primary,5.381920452230372,26.100000000000023,2.0,1.0,1.0,1.0,B/B,depth_mismatch,not supplied,not supplied,"Hydrosheaf probabilistic edge inference using head proxy, distance, gradient, and confidence threshold"
Wet,Wet:NGW-062->NGW-053,NGW-062->NGW-053,NGW-062,NGW-053,primary,5.3879077294770825,17.400000000000006,2.0,1.0,1.0,1.0,B/B,depth_mismatch,not supplied,not supplied,"Hydrosheaf probabilistic edge inference using head proxy, distance, gradient, and confidence threshold"
Wet,Wet:NGW-113->NGW-083,NGW-113->NGW-083,NGW-113,NGW-083,primary,5.396554339594124,40.19999999999999,2.0,1.0,1.0,1.0,B/B,,not supplied,not supplied,"Hydrosheaf probabilistic edge inference using head proxy, distance, gradient, and confidence threshold"
Wet,Wet:NGW-018->NGW-001,NGW-018->NGW-001,NGW-018,NGW-001,primary,5.404778444752037,51.20000000000002,2.0,1.0,1.0,1.0,B/B,depth_mismatch,not supplied,not supplied,"Hydrosheaf probabilistic edge inference using head proxy, distance, gradient, and confidence threshold"
Wet,Wet:NGW-064->NGW-053,NGW-064->NGW-053,NGW-064,NGW-053,primary,5.408514699916417,54.30000000000001,2.0,1.0,1.0,1.0,B/B,depth_mismatch,not supplied,not supplied,"Hydrosheaf probabilistic edge inference using head proxy, distance, gradient, and confidence threshold"
Wet,Wet:NGW-095->NGW-110,NGW-095->NGW-110,NGW-095,NGW-110,primary,5.408863132855982,36.30000000000001,2.0,1.0,1.0,1.0,B/B,,not supplied,not supplied,"Hydrosheaf probabilistic edge inference using head proxy, distance, gradient, and confidence threshold"
Wet,Wet:NGW-145->NGW-149,NGW-145->NGW-149,NGW-145,NGW-149,primary,5.411504710589526,23.19999999999999,2.0,1.0,1.0,1.0,B/B,,not supplied,not supplied,"Hydrosheaf probabilistic edge inference using head proxy, distance, gradient, and confidence threshold"
Wet,Wet:NGW-017->NGW-012,NGW-017->NGW-012,NGW-017,NGW-012,primary,5.4941829205909265,35.599999999999966,2.0,1.0,1.0,1.0,B/B,,not supplied,not supplied,"Hydrosheaf probabilistic edge inference using head proxy, distance, gradient, and confidence threshold"
Wet,Wet:NGW-082->NGW-083,NGW-082->NGW-083,NGW-082,NGW-083,primary,5.499698066737648,41.799999999999955,2.0,1.0,1.0,1.0,B/B,,not supplied,not supplied,"Hydrosheaf probabilistic edge inference using head proxy, distance, gradient, and confidence threshold"
Wet,Wet:NGW-064->NGW-072,NGW-064->NGW-072,NGW-064,NGW-072,primary,5.664777420317062,58.80000000000001,2.0,1.0,1.0,1.0,B/B,,not supplied,not supplied,"Hydrosheaf probabilistic edge inference using head proxy, distance, gradient, and confidence threshold"
Wet,Wet:NGW-058->NGW-051,NGW-058->NGW-051,NGW-058,NGW-051,primary,5.741490797424797,62.19999999999999,2.0,1.0,1.0,1.0,B/B,,not supplied,not supplied,"Hydrosheaf probabilistic edge inference using head proxy, distance, gradient, and confidence threshold"
Wet,Wet:NGW-048->NGW-073,NGW-048->NGW-073,NGW-048,NGW-073,primary,5.888585102328464,57.30000000000001,2.0,1.0,1.0,1.0,B/B,,not supplied,not supplied,"Hydrosheaf probabilistic edge inference using head proxy, distance, gradient, and confidence threshold"
Wet,Wet:NGW-146->NGW-138,NGW-146->NGW-138,NGW-146,NGW-138,primary,5.9009714228609,34.49999999999997,2.0,1.0,1.0,1.0,B/B,,not supplied,not supplied,"Hydrosheaf probabilistic edge inference using head proxy, distance, gradient, and confidence threshold"
Wet,Wet:NGW-113->NGW-096,NGW-113->NGW-096,NGW-113,NGW-096,primary,5.908734574740318,20.80000000000001,2.0,1.0,1.0,1.0,B/B,,not supplied,not supplied,"Hydrosheaf probabilistic edge inference using head proxy, distance, gradient, and confidence threshold"
Wet,Wet:NGW-158->NGW-159,NGW-158->NGW-159,NGW-158,NGW-159,primary,5.943389396442634,57.30000000000001,2.0,1.0,1.0,1.0,B/B,depth_mismatch,not supplied,not supplied,"Hydrosheaf probabilistic edge inference using head proxy, distance, gradient, and confidence threshold"
Wet,Wet:NGW-067->NGW-070,NGW-067->NGW-070,NGW-067,NGW-070,primary,5.955073152842667,37.900000000000006,2.0,1.0,1.0,1.0,B/B,depth_mismatch,not supplied,not supplied,"Hydrosheaf probabilistic edge inference using head proxy, distance, gradient, and confidence threshold"
Wet,Wet:NGW-147->NGW-160,NGW-147->NGW-160,NGW-147,NGW-160,primary,6.004084765128189,68.69999999999996,2.0,1.0,1.0,1.0,B/B,depth_mismatch,not supplied,not supplied,"Hydrosheaf probabilistic edge inference using head proxy, distance, gradient, and confidence threshold"
Wet,Wet:NGW-010->NGW-004,NGW-010->NGW-004,NGW-010,NGW-004,primary,6.043869283527327,77.19999999999997,2.0,1.0,1.0,1.0,B/B,,not supplied,not supplied,"Hydrosheaf probabilistic edge inference using head proxy, distance, gradient, and confidence threshold"
Wet,Wet:NGW-055->NGW-069,NGW-055->NGW-069,NGW-055,NGW-069,primary,6.052679652404287,21.599999999999966,2.0,1.0,1.0,1.0,B/B,depth_mismatch,not supplied,not supplied,"Hydrosheaf probabilistic edge inference using head proxy, distance, gradient, and confidence threshold"
Wet,Wet:NGW-029->NGW-036,NGW-029->NGW-036,NGW-029,NGW-036,primary,6.082410309109995,28.900000000000034,2.0,1.0,1.0,1.0,B/B,depth_mismatch,not supplied,not supplied,"Hydrosheaf probabilistic edge inference using head proxy, distance, gradient, and confidence threshold"
Wet,Wet:NGW-055->NGW-054,NGW-055->NGW-054,NGW-055,NGW-054,primary,6.1497970008663145,26.099999999999966,2.0,1.0,1.0,1.0,B/B,,not supplied,not supplied,"Hydrosheaf probabilistic edge inference using head proxy, distance, gradient, and confidence threshold"
Wet,Wet:NGW-092->NGW-093,NGW-092->NGW-093,NGW-092,NGW-093,primary,6.234466793119819,22.19999999999999,2.0,1.0,1.0,1.0,B/B,,not supplied,not supplied,"Hydrosheaf probabilistic edge inference using head proxy, distance, gradient, and confidence threshold"
Wet,Wet:NGW-088->NGW-118,NGW-088->NGW-118,NGW-088,NGW-118,primary,6.239831089180895,62.40000000000006,2.0,1.0,1.0,1.0,B/B,,not supplied,not supplied,"Hydrosheaf probabilistic edge inference using head proxy, distance, gradient, and confidence threshold"
Wet,Wet:NGW-108->NGW-118,NGW-108->NGW-118,NGW-108,NGW-118,primary,6.256847269002049,50.10000000000005,2.0,1.0,1.0,1.0,B/B,,not supplied,not supplied,"Hydrosheaf probabilistic edge inference using head proxy, distance, gradient, and confidence threshold"
Wet,Wet:NGW-024->NGW-026,NGW-024->NGW-026,NGW-024,NGW-026,primary,6.264231425533145,64.20000000000002,2.0,1.0,1.0,1.0,B/B,,not supplied,not supplied,"Hydrosheaf probabilistic edge inference using head proxy, distance, gradient, and confidence threshold"
Wet,Wet:NGW-027->NGW-036,NGW-027->NGW-036,NGW-027,NGW-036,primary,6.283527465772714,89.10000000000002,2.0,1.0,1.0,1.0,B/B,depth_mismatch,not supplied,not supplied,"Hydrosheaf probabilistic edge inference using head proxy, distance, gradient, and confidence threshold"
Wet,Wet:NGW-078->NGW-052,NGW-078->NGW-052,NGW-078,NGW-052,primary,6.399941535619833,16.700000000000045,2.0,1.0,1.0,1.0,B/B,,not supplied,not supplied,"Hydrosheaf probabilistic edge inference using head proxy, distance, gradient, and confidence threshold"
Wet,Wet:NGW-078->NGW-073,NGW-078->NGW-073,NGW-078,NGW-073,primary,6.480171136259418,57.30000000000001,2.0,1.0,1.0,1.0,B/B,depth_mismatch,not supplied,not supplied,"Hydrosheaf probabilistic edge inference using head proxy, distance, gradient, and confidence threshold"
Wet,Wet:NGW-084->NGW-110,NGW-084->NGW-110,NGW-084,NGW-110,primary,6.483130047619294,23.099999999999966,2.0,1.0,1.0,1.0,B/B,depth_mismatch,not supplied,not supplied,"Hydrosheaf probabilistic edge inference using head proxy, distance, gradient, and confidence threshold"
Wet,Wet:NGW-131->NGW-135,NGW-131->NGW-135,NGW-131,NGW-135,primary,6.497224501358655,53.5,2.0,1.0,1.0,1.0,B/B,,not supplied,not supplied,"Hydrosheaf probabilistic edge inference using head proxy, distance, gradient, and confidence threshold"
Wet,Wet:NGW-136->NGW-150,NGW-136->NGW-150,NGW-136,NGW-150,primary,6.551917207383189,36.99999999999997,2.0,1.0,1.0,1.0,B/B,depth_mismatch,not supplied,not supplied,"Hydrosheaf probabilistic edge inference using head proxy, distance, gradient, and confidence threshold"
Wet,Wet:NGW-094->NGW-102,NGW-094->NGW-102,NGW-094,NGW-102,primary,6.562431236703053,17.69999999999999,2.0,1.0,1.0,1.0,B/B,depth_mismatch,not supplied,not supplied,"Hydrosheaf probabilistic edge inference using head proxy, distance, gradient, and confidence threshold"
Wet,Wet:NGW-141->NGW-160,NGW-141->NGW-160,NGW-141,NGW-160,primary,6.572000271628485,65.60000000000005,2.0,1.0,1.0,1.0,B/B,,not supplied,not supplied,"Hydrosheaf probabilistic edge inference using head proxy, distance, gradient, and confidence threshold"
Wet,Wet:NGW-136->NGW-130,NGW-136->NGW-130,NGW-136,NGW-130,primary,6.587974861334848,61.69999999999999,2.0,1.0,1.0,1.0,B/B,,not supplied,not supplied,"Hydrosheaf probabilistic edge inference using head proxy, distance, gradient, and confidence threshold"
Wet,Wet:NGW-055->NGW-068,NGW-055->NGW-068,NGW-055,NGW-068,primary,6.600938730700811,24.19999999999999,2.0,1.0,1.0,1.0,B/B,,not supplied,not supplied,"Hydrosheaf probabilistic edge inference using head proxy, distance, gradient, and confidence threshold"
Wet,Wet:NGW-017->NGW-029,NGW-017->NGW-029,NGW-017,NGW-029,primary,6.607060011532381,38.299999999999955,2.0,1.0,1.0,1.0,B/B,depth_mismatch,not supplied,not supplied,"Hydrosheaf probabilistic edge inference using head proxy, distance, gradient, and confidence threshold"
Wet,Wet:NGW-075->NGW-070,NGW-075->NGW-070,NGW-075,NGW-070,primary,6.6693464340739474,54.400000000000034,2.0,1.0,1.0,1.0,B/B,depth_mismatch,not supplied,not supplied,"Hydrosheaf probabilistic edge inference using head proxy, distance, gradient, and confidence threshold"
Wet,Wet:NGW-017->NGW-002,NGW-017->NGW-002,NGW-017,NGW-002,primary,6.681437268282682,76.19999999999996,2.0,1.0,1.0,1.0,B/B,,not supplied,not supplied,"Hydrosheaf probabilistic edge inference using head proxy, distance, gradient, and confidence threshold"
Wet,Wet:NGW-029->NGW-002,NGW-029->NGW-002,NGW-029,NGW-002,primary,6.725908697324256,37.900000000000006,2.0,1.0,1.0,1.0,B/B,depth_mismatch,not supplied,not supplied,"Hydrosheaf probabilistic edge inference using head proxy, distance, gradient, and confidence threshold"
Wet,Wet:NGW-143->NGW-140,NGW-143->NGW-140,NGW-143,NGW-140,primary,6.732804429657469,34.80000000000001,2.0,1.0,1.0,1.0,B/B,,not supplied,not supplied,"Hydrosheaf probabilistic edge inference using head proxy, distance, gradient, and confidence threshold"
Wet,Wet:NGW-146->NGW-149,NGW-146->NGW-149,NGW-146,NGW-149,primary,6.765504152712692,41.99999999999997,2.0,1.0,1.0,1.0,B/B,depth_mismatch,not supplied,not supplied,"Hydrosheaf probabilistic edge inference using head proxy, distance, gradient, and confidence threshold"
Wet,Wet:NGW-048->NGW-065,NGW-048->NGW-065,NGW-048,NGW-065,primary,6.795636736116278,52.60000000000002,2.0,1.0,1.0,1.0,B/B,depth_mismatch,not supplied,not supplied,"Hydrosheaf probabilistic edge inference using head proxy, distance, gradient, and confidence threshold"
Wet,Wet:NGW-122->NGW-160,NGW-122->NGW-160,NGW-122,NGW-160,primary,6.83028338562321,35.5,2.0,1.0,1.0,1.0,B/B,depth_mismatch,not supplied,not supplied,"Hydrosheaf probabilistic edge inference using head proxy, distance, gradient, and confidence threshold"
Wet,Wet:NGW-101->NGW-118,NGW-101->NGW-118,NGW-101,NGW-118,primary,6.850102458783819,42.79999999999998,2.0,1.0,1.0,1.0,B/B,depth_mismatch,not supplied,not supplied,"Hydrosheaf probabilistic edge inference using head proxy, distance, gradient, and confidence threshold"
Wet,Wet:NGW-133->NGW-148,NGW-133->NGW-148,NGW-133,NGW-148,primary,6.939421557471358,19.400000000000034,2.0,1.0,1.0,1.0,B/B,depth_mismatch,not supplied,not supplied,"Hydrosheaf probabilistic edge inference using head proxy, distance, gradient, and confidence threshold"
Wet,Wet:NGW-006->NGW-010,NGW-006->NGW-010,NGW-006,NGW-010,primary,6.991469120288684,46.50000000000003,2.0,1.0,1.0,1.0,B/B,depth_mismatch,not supplied,not supplied,"Hydrosheaf probabilistic edge inference using head proxy, distance, gradient, and confidence threshold"
Wet,Wet:NGW-100->NGW-103,NGW-100->NGW-103,NGW-100,NGW-103,primary,7.182033647894845,18.5,2.0,1.0,1.0,1.0,B/B,depth_mismatch,not supplied,not supplied,"Hydrosheaf probabilistic edge inference using head proxy, distance, gradient, and confidence threshold"
Wet,Wet:NGW-133->NGW-142,NGW-133->NGW-142,NGW-133,NGW-142,primary,7.204569677832092,92.50000000000003,2.0,1.0,1.0,1.0,B/B,depth_mismatch,not supplied,not supplied,"Hydrosheaf probabilistic edge inference using head proxy, distance, gradient, and confidence threshold"
Wet,Wet:NGW-003->NGW-001,NGW-003->NGW-001,NGW-003,NGW-001,primary,7.240190884130833,23.899999999999977,2.0,1.0,1.0,1.0,B/B,,not supplied,not supplied,"Hydrosheaf probabilistic edge inference using head proxy, distance, gradient, and confidence threshold"
Wet,Wet:NGW-068->NGW-077,NGW-068->NGW-077,NGW-068,NGW-077,primary,7.241775520838779,24.19999999999999,2.0,1.0,1.0,1.0,B/B,,not supplied,not supplied,"Hydrosheaf probabilistic edge inference using head proxy, distance, gradient, and confidence threshold"
Wet,Wet:NGW-067->NGW-065,NGW-067->NGW-065,NGW-067,NGW-065,primary,7.3013982717737385,17.099999999999994,2.0,1.0,1.0,1.0,B/B,,not supplied,not supplied,"Hydrosheaf probabilistic edge inference using head proxy, distance, gradient, and confidence threshold"
Wet,Wet:NGW-027->NGW-039,NGW-027->NGW-039,NGW-027,NGW-039,primary,7.3528177658403555,29.299999999999983,2.0,1.0,1.0,1.0,B/B,depth_mismatch,not supplied,not supplied,"Hydrosheaf probabilistic edge inference using head proxy, distance, gradient, and confidence threshold"
Wet,Wet:NGW-052->NGW-067,NGW-052->NGW-067,NGW-052,NGW-067,primary,7.455394450874792,18.799999999999983,2.0,1.0,1.0,1.0,B/B,,not supplied,not supplied,"Hydrosheaf probabilistic edge inference using head proxy, distance, gradient, and confidence threshold"
Wet,Wet:NGW-137->NGW-150,NGW-137->NGW-150,NGW-137,NGW-150,primary,7.561776223340286,33.69999999999996,2.0,1.0,1.0,1.0,B/B,,not supplied,not supplied,"Hydrosheaf probabilistic edge inference using head proxy, distance, gradient, and confidence threshold"
Wet,Wet:NGW-137->NGW-130,NGW-137->NGW-130,NGW-137,NGW-130,primary,7.6129619580141945,58.39999999999998,2.0,1.0,1.0,1.0,B/B,,not supplied,not supplied,"Hydrosheaf probabilistic edge inference using head proxy, distance, gradient, and confidence threshold"
Wet,Wet:NGW-153->NGW-130,NGW-153->NGW-130,NGW-153,NGW-130,primary,7.810726941073252,50.5,2.0,1.0,1.0,1.0,B/B,depth_mismatch,not supplied,not supplied,"Hydrosheaf probabilistic edge inference using head proxy, distance, gradient, and confidence threshold"
Wet,Wet:NGW-151->NGW-122,NGW-151->NGW-122,NGW-151,NGW-122,primary,7.8116257392937225,18.200000000000017,2.0,1.0,1.0,1.0,B/B,,not supplied,not supplied,"Hydrosheaf probabilistic edge inference using head proxy, distance, gradient, and confidence threshold"
Wet,Wet:NGW-153->NGW-150,NGW-153->NGW-150,NGW-153,NGW-150,primary,7.843269486304113,25.799999999999983,2.0,1.0,1.0,1.0,B/B,depth_mismatch,not supplied,not supplied,"Hydrosheaf probabilistic edge inference using head proxy, distance, gradient, and confidence threshold"
Wet,Wet:NGW-011->NGW-004,NGW-011->NGW-004,NGW-011,NGW-004,primary,8.059156842184581,136.90000000000003,2.0,1.0,1.0,1.0,B/B,depth_mismatch,not supplied,not supplied,"Hydrosheaf probabilistic edge inference using head proxy, distance, gradient, and confidence threshold"
Wet,Wet:NGW-125->NGW-157,NGW-125->NGW-157,NGW-125,NGW-157,primary,8.405760060829161,21.99999999999997,2.0,1.0,1.0,1.0,B/B,,not supplied,not supplied,"Hydrosheaf probabilistic edge inference using head proxy, distance, gradient, and confidence threshold"
Wet,Wet:NGW-034->NGW-026,NGW-034->NGW-026,NGW-034,NGW-026,primary,8.456875916779182,81.1,2.0,1.0,1.0,1.0,B/B,depth_mismatch,not supplied,not supplied,"Hydrosheaf probabilistic edge inference using head proxy, distance, gradient, and confidence threshold"
Wet,Wet:NGW-133->NGW-158,NGW-133->NGW-158,NGW-133,NGW-158,primary,8.705890091935446,23.200000000000017,2.0,1.0,1.0,1.0,B/B,depth_mismatch,not supplied,not supplied,"Hydrosheaf probabilistic edge inference using head proxy, distance, gradient, and confidence threshold"
Wet,Wet:NGW-121->NGW-151,NGW-121->NGW-151,NGW-121,NGW-151,primary,8.725047269855962,25.0,2.0,1.0,1.0,1.0,B/B,,not supplied,not supplied,"Hydrosheaf probabilistic edge inference using head proxy, distance, gradient, and confidence threshold"
Wet,Wet:NGW-078->NGW-065,NGW-078->NGW-065,NGW-078,NGW-065,primary,9.007511599749344,52.60000000000002,2.0,1.0,1.0,1.0,B/B,depth_mismatch,not supplied,not supplied,"Hydrosheaf probabilistic edge inference using head proxy, distance, gradient, and confidence threshold"
Wet,Wet:NGW-157->NGW-155,NGW-157->NGW-155,NGW-157,NGW-155,primary,9.144903212616542,22.5,2.0,1.0,1.0,1.0,B/B,,not supplied,not supplied,"Hydrosheaf probabilistic edge inference using head proxy, distance, gradient, and confidence threshold"
Wet,Wet:NGW-018->NGW-003,NGW-018->NGW-003,NGW-018,NGW-003,primary,9.200062540991173,27.30000000000004,2.0,1.0,1.0,1.0,B/B,depth_mismatch,not supplied,not supplied,"Hydrosheaf probabilistic edge inference using head proxy, distance, gradient, and confidence threshold"
Wet,Wet:NGW-096->NGW-086,NGW-096->NGW-086,NGW-096,NGW-086,primary,9.283780081298286,25.099999999999966,2.0,1.0,1.0,1.0,B/B,depth_mismatch,not supplied,not supplied,"Hydrosheaf probabilistic edge inference using head proxy, distance, gradient, and confidence threshold"
Wet,Wet:NGW-121->NGW-160,NGW-121->NGW-160,NGW-121,NGW-160,primary,9.294516852302714,78.70000000000002,2.0,1.0,1.0,1.0,B/B,depth_mismatch,not supplied,not supplied,"Hydrosheaf probabilistic edge inference using head proxy, distance, gradient, and confidence threshold"
Wet,Wet:NGW-083->NGW-090,NGW-083->NGW-090,NGW-083,NGW-090,primary,9.687457020056032,51.0,2.0,1.0,1.0,1.0,B/B,,not supplied,not supplied,"Hydrosheaf probabilistic edge inference using head proxy, distance, gradient, and confidence threshold"
Wet,Wet:NGW-096->NGW-090,NGW-096->NGW-090,NGW-096,NGW-090,primary,10.012301185789708,70.39999999999998,2.0,1.0,1.0,1.0,B/B,,not supplied,not supplied,"Hydrosheaf probabilistic edge inference using head proxy, distance, gradient, and confidence threshold"
Wet,Wet:NGW-118->NGW-109,NGW-118->NGW-109,NGW-118,NGW-109,primary,10.246478647943936,25.599999999999994,2.0,1.0,1.0,1.0,B/B,depth_mismatch,not supplied,not supplied,"Hydrosheaf probabilistic edge inference using head proxy, distance, gradient, and confidence threshold"
Wet,Wet:NGW-105->NGW-092,NGW-105->NGW-092,NGW-105,NGW-092,primary,10.306565390082426,53.30000000000001,2.0,1.0,1.0,1.0,B/B,,not supplied,not supplied,"Hydrosheaf probabilistic edge inference using head proxy, distance, gradient, and confidence threshold"
Wet,Wet:NGW-056->NGW-067,NGW-056->NGW-067,NGW-056,NGW-067,primary,10.399649893481005,20.400000000000034,2.0,1.0,1.0,1.0,B/B,depth_mismatch,not supplied,not supplied,"Hydrosheaf probabilistic edge inference using head proxy, distance, gradient, and confidence threshold"
Wet,Wet:NGW-158->NGW-142,NGW-158->NGW-142,NGW-158,NGW-142,primary,12.909016303639131,69.30000000000001,2.0,1.0,1.0,1.0,B/B,,not supplied,not supplied,"Hydrosheaf probabilistic edge inference using head proxy, distance, gradient, and confidence threshold"
Wet,Wet:NGW-134->NGW-142,NGW-134->NGW-142,NGW-134,NGW-142,primary,13.057264457715785,64.4,2.0,1.0,1.0,1.0,B/B,depth_mismatch,not supplied,not supplied,"Hydrosheaf probabilistic edge inference using head proxy, distance, gradient, and confidence threshold"
Wet,Wet:NGW-069->NGW-053,NGW-069->NGW-053,NGW-069,NGW-053,primary,13.115329081836117,35.5,2.0,1.0,1.0,1.0,B/B,,not supplied,not supplied,"Hydrosheaf probabilistic edge inference using head proxy, distance, gradient, and confidence threshold"
Wet,Wet:NGW-065->NGW-070,NGW-065->NGW-070,NGW-065,NGW-070,primary,13.1657294676867,20.80000000000001,2.0,1.0,1.0,1.0,B/B,depth_mismatch,not supplied,not supplied,"Hydrosheaf probabilistic edge inference using head proxy, distance, gradient, and confidence threshold"
Wet,Wet:NGW-120->NGW-090,NGW-120->NGW-090,NGW-120,NGW-090,primary,13.209017504795089,74.89999999999998,2.0,1.0,1.0,1.0,B/B,depth_mismatch,not supplied,not supplied,"Hydrosheaf probabilistic edge inference using head proxy, distance, gradient, and confidence threshold"
Wet,Wet:NGW-117->NGW-098,NGW-117->NGW-098,NGW-117,NGW-098,primary,13.27609515725497,21.700000000000017,2.0,1.0,1.0,1.0,B/B,,not supplied,not supplied,"Hydrosheaf probabilistic edge inference using head proxy, distance, gradient, and confidence threshold"
Wet,Wet:NGW-054->NGW-053,NGW-054->NGW-053,NGW-054,NGW-053,primary,13.365027952622436,31.0,2.0,1.0,1.0,1.0,B/B,,not supplied,not supplied,"Hydrosheaf probabilistic edge inference using head proxy, distance, gradient, and confidence threshold"
Wet,Wet:NGW-054->NGW-072,NGW-054->NGW-072,NGW-054,NGW-072,primary,14.022581775990924,35.5,2.0,1.0,1.0,1.0,B/B,depth_mismatch,not supplied,not supplied,"Hydrosheaf probabilistic edge inference using head proxy, distance, gradient, and confidence threshold"
Wet,Wet:NGW-069->NGW-072,NGW-069->NGW-072,NGW-069,NGW-072,primary,14.053151531332718,40.0,2.0,1.0,1.0,1.0,B/B,depth_mismatch,not supplied,not supplied,"Hydrosheaf probabilistic edge inference using head proxy, distance, gradient, and confidence threshold"
Wet,Wet:NGW-117->NGW-109,NGW-117->NGW-109,NGW-117,NGW-109,primary,14.07186201748698,36.60000000000002,2.0,1.0,1.0,1.0,B/B,,not supplied,not supplied,"Hydrosheaf probabilistic edge inference using head proxy, distance, gradient, and confidence threshold"
Wet,Wet:NGW-156->NGW-149,NGW-156->NGW-149,NGW-156,NGW-149,primary,14.27435518564802,39.79999999999998,2.0,1.0,1.0,1.0,B/B,depth_mismatch,not supplied,not supplied,"Hydrosheaf probabilistic edge inference using head proxy, distance, gradient, and confidence threshold"
Wet,Wet:NGW-054->NGW-077,NGW-054->NGW-077,NGW-054,NGW-077,primary,14.288804867687093,22.30000000000001,2.0,1.0,1.0,1.0,B/B,depth_mismatch,not supplied,not supplied,"Hydrosheaf probabilistic edge inference using head proxy, distance, gradient, and confidence threshold"
Wet,Wet:NGW-101->NGW-098,NGW-101->NGW-098,NGW-101,NGW-098,primary,14.535348592386079,53.49999999999997,2.0,1.0,1.0,1.0,B/B,,not supplied,not supplied,"Hydrosheaf probabilistic edge inference using head proxy, distance, gradient, and confidence threshold"
Wet,Wet:NGW-069->NGW-077,NGW-069->NGW-077,NGW-069,NGW-077,primary,14.581177136827053,26.80000000000001,2.0,1.0,1.0,1.0,B/B,depth_mismatch,not supplied,not supplied,"Hydrosheaf probabilistic edge inference using head proxy, distance, gradient, and confidence threshold"
Wet,Wet:NGW-108->NGW-098,NGW-108->NGW-098,NGW-108,NGW-098,primary,14.786196703639995,60.80000000000004,2.0,1.0,1.0,1.0,B/B,depth_mismatch,not supplied,not supplied,"Hydrosheaf probabilistic edge inference using head proxy, distance, gradient, and confidence threshold"
Wet,Wet:NGW-105->NGW-096,NGW-105->NGW-096,NGW-105,NGW-096,primary,15.62949357862933,35.80000000000001,2.0,1.0,1.0,1.0,B/B,,not supplied,not supplied,"Hydrosheaf probabilistic edge inference using head proxy, distance, gradient, and confidence threshold"
Wet,Wet:NGW-116->NGW-090,NGW-116->NGW-090,NGW-116,NGW-090,primary,15.780518882635231,44.69999999999999,2.0,1.0,1.0,1.0,B/B,depth_mismatch,not supplied,not supplied,"Hydrosheaf probabilistic edge inference using head proxy, distance, gradient, and confidence threshold"
Wet,Wet:NGW-083->NGW-093,NGW-083->NGW-093,NGW-083,NGW-093,primary,16.570868758547707,20.30000000000001,2.0,1.0,1.0,1.0,B/B,,not supplied,not supplied,"Hydrosheaf probabilistic edge inference using head proxy, distance, gradient, and confidence threshold"
Wet,Wet:NGW-114->NGW-090,NGW-114->NGW-090,NGW-114,NGW-090,primary,16.660228621413737,49.099999999999966,2.0,1.0,1.0,1.0,B/B,depth_mismatch,not supplied,not supplied,"Hydrosheaf probabilistic edge inference using head proxy, distance, gradient, and confidence threshold"
Wet,Wet:NGW-097->NGW-090,NGW-097->NGW-090,NGW-097,NGW-090,primary,17.19221233923474,89.0,2.0,1.0,1.0,1.0,B/B,depth_mismatch,not supplied,not supplied,"Hydrosheaf probabilistic edge inference using head proxy, distance, gradient, and confidence threshold"
Wet,Wet:NGW-156->NGW-138,NGW-156->NGW-138,NGW-156,NGW-138,primary,17.51368684141286,32.29999999999998,2.0,1.0,1.0,1.0,B/B,,not supplied,not supplied,"Hydrosheaf probabilistic edge inference using head proxy, distance, gradient, and confidence threshold"
Wet,Wet:NGW-003->NGW-004,NGW-003->NGW-004,NGW-003,NGW-004,primary,18.82409383207886,72.09999999999998,2.0,1.0,1.0,1.0,B/B,,not supplied,not supplied,"Hydrosheaf probabilistic edge inference using head proxy, distance, gradient, and confidence threshold"
Wet,Wet:NGW-156->NGW-145,NGW-156->NGW-145,NGW-156,NGW-145,primary,19.63219254750611,16.599999999999994,2.0,1.0,1.0,1.0,B/B,,not supplied,not supplied,"Hydrosheaf probabilistic edge inference using head proxy, distance, gradient, and confidence threshold"
Wet,Wet:NGW-009->NGW-003,NGW-009->NGW-003,NGW-009,NGW-003,primary,19.79211984576608,30.900000000000006,2.0,1.0,1.0,1.0,B/B,depth_mismatch,not supplied,not supplied,"Hydrosheaf probabilistic edge inference using head proxy, distance, gradient, and confidence threshold"
Wet,Wet:NGW-016->NGW-023,NGW-016->NGW-023,NGW-016,NGW-023,primary,19.817359350293575,34.5,2.0,1.0,1.0,1.0,B/B,depth_mismatch,not supplied,not supplied,"Hydrosheaf probabilistic edge inference using head proxy, distance, gradient, and confidence threshold"
Wet,Wet:NGW-008->NGW-023,NGW-008->NGW-023,NGW-008,NGW-023,primary,20.33128141608526,85.5,2.0,1.0,1.0,1.0,B/B,,not supplied,not supplied,"Hydrosheaf probabilistic edge inference using head proxy, distance, gradient, and confidence threshold"
Wet,Wet:NGW-081->NGW-107,NGW-081->NGW-107,NGW-081,NGW-107,primary,21.028889493032338,18.900000000000006,2.0,1.0,1.0,1.0,B/B,depth_mismatch,not supplied,not supplied,"Hydrosheaf probabilistic edge inference using head proxy, distance, gradient, and confidence threshold"
Wet,Wet:NGW-084->NGW-103,NGW-084->NGW-103,NGW-084,NGW-103,primary,21.40828064961355,25.399999999999977,2.0,1.0,1.0,1.0,B/B,depth_mismatch,not supplied,not supplied,"Hydrosheaf probabilistic edge inference using head proxy, distance, gradient, and confidence threshold"
Wet,Wet:NGW-030->NGW-023,NGW-030->NGW-023,NGW-030,NGW-023,primary,21.814011326595896,37.80000000000001,2.0,1.0,1.0,1.0,B/B,,not supplied,not supplied,"Hydrosheaf probabilistic edge inference using head proxy, distance, gradient, and confidence threshold"
Wet,Wet:NGW-086->NGW-109,NGW-086->NGW-109,NGW-086,NGW-109,primary,21.820262105775416,47.900000000000034,2.0,1.0,1.0,1.0,B/B,depth_mismatch,not supplied,not supplied,"Hydrosheaf probabilistic edge inference using head proxy, distance, gradient, and confidence threshold"
Wet,Wet:NGW-148->NGW-140,NGW-148->NGW-140,NGW-148,NGW-140,primary,22.119017847993067,17.80000000000001,2.0,1.0,1.0,1.0,B/B,depth_mismatch,not supplied,not supplied,"Hydrosheaf probabilistic edge inference using head proxy, distance, gradient, and confidence threshold"
Wet,Wet:NGW-086->NGW-085,NGW-086->NGW-085,NGW-086,NGW-085,primary,22.19002028130226,27.00000000000003,2.0,1.0,1.0,1.0,B/B,,not supplied,not supplied,"Hydrosheaf probabilistic edge inference using head proxy, distance, gradient, and confidence threshold"
Wet,Wet:NGW-016->NGW-040,NGW-016->NGW-040,NGW-016,NGW-040,primary,22.313814884598514,79.20000000000002,2.0,1.0,1.0,1.0,B/B,,not supplied,not supplied,"Hydrosheaf probabilistic edge inference using head proxy, distance, gradient, and confidence threshold"
Wet,Wet:NGW-140->NGW-142,NGW-140->NGW-142,NGW-140,NGW-142,primary,22.650718611628008,55.29999999999998,2.0,1.0,1.0,1.0,B/B,,not supplied,not supplied,"Hydrosheaf probabilistic edge inference using head proxy, distance, gradient, and confidence threshold"
Wet,Wet:NGW-085->NGW-090,NGW-085->NGW-090,NGW-085,NGW-090,primary,22.655953870441977,18.299999999999983,2.0,1.0,1.0,1.0,B/B,,not supplied,not supplied,"Hydrosheaf probabilistic edge inference using head proxy, distance, gradient, and confidence threshold"
Wet,Wet:NGW-131->NGW-159,NGW-131->NGW-159,NGW-131,NGW-159,primary,22.71605905191784,64.29999999999998,2.0,1.0,1.0,1.0,B/B,,not supplied,not supplied,"Hydrosheaf probabilistic edge inference using head proxy, distance, gradient, and confidence threshold"
Wet,Wet:NGW-140->NGW-159,NGW-140->NGW-159,NGW-140,NGW-159,primary,23.18290967130518,43.29999999999998,2.0,1.0,1.0,1.0,B/B,depth_mismatch,not supplied,not supplied,"Hydrosheaf probabilistic edge inference using head proxy, distance, gradient, and confidence threshold"
Wet,Wet:NGW-092->NGW-090,NGW-092->NGW-090,NGW-092,NGW-090,primary,23.746775934533986,52.89999999999998,2.0,1.0,1.0,1.0,B/B,,not supplied,not supplied,"Hydrosheaf probabilistic edge inference using head proxy, distance, gradient, and confidence threshold"
Wet,Wet:NGW-099->NGW-107,NGW-099->NGW-107,NGW-099,NGW-107,primary,24.01643109115298,26.599999999999994,2.0,1.0,1.0,1.0,B/B,depth_mismatch,not supplied,not supplied,"Hydrosheaf probabilistic edge inference using head proxy, distance, gradient, and confidence threshold"
Wet,Wet:NGW-119->NGW-081,NGW-119->NGW-081,NGW-119,NGW-081,primary,24.150101960208474,16.49999999999997,2.0,1.0,1.0,1.0,B/B,,not supplied,not supplied,"Hydrosheaf probabilistic edge inference using head proxy, distance, gradient, and confidence threshold"
Wet,Wet:NGW-025->NGW-016,NGW-025->NGW-016,NGW-025,NGW-016,primary,24.168980236568586,30.399999999999977,2.0,1.0,1.0,1.0,B/B,,not supplied,not supplied,"Hydrosheaf probabilistic edge inference using head proxy, distance, gradient, and confidence threshold"
Wet,Wet:NGW-035->NGW-004,NGW-035->NGW-004,NGW-035,NGW-004,primary,24.2117372020615,84.39999999999999,2.0,1.0,1.0,1.0,B/B,,not supplied,not supplied,"Hydrosheaf probabilistic edge inference using head proxy, distance, gradient, and confidence threshold"
Wet,Wet:NGW-089->NGW-107,NGW-089->NGW-107,NGW-089,NGW-107,primary,24.244735508974966,27.5,2.0,1.0,1.0,1.0,B/B,depth_mismatch,not supplied,not supplied,"Hydrosheaf probabilistic edge inference using head proxy, distance, gradient, and confidence threshold"
Wet,Wet:NGW-030->NGW-029,NGW-030->NGW-029,NGW-030,NGW-029,primary,24.870149293740138,18.5,2.0,1.0,1.0,1.0,B/B,depth_mismatch,not supplied,not supplied,"Hydrosheaf probabilistic edge inference using head proxy, distance, gradient, and confidence threshold"
Wet,Wet:NGW-005->NGW-004,NGW-005->NGW-004,NGW-005,NGW-004,primary,25.064660644930637,60.60000000000001,2.0,1.0,1.0,1.0,B/B,,not supplied,not supplied,"Hydrosheaf probabilistic edge inference using head proxy, distance, gradient, and confidence threshold"
Wet,Wet:NGW-144->NGW-142,NGW-144->NGW-142,NGW-144,NGW-142,primary,25.37349878588307,74.20000000000002,2.0,1.0,1.0,1.0,B/B,,not supplied,not supplied,"Hydrosheaf probabilistic edge inference using head proxy, distance, gradient, and confidence threshold"
Wet,Wet:NGW-001->NGW-004,NGW-001->NGW-004,NGW-001,NGW-004,primary,25.421766053105095,48.2,2.0,1.0,1.0,1.0,B/B,depth_mismatch,not supplied,not supplied,"Hydrosheaf probabilistic edge inference using head proxy, distance, gradient, and confidence threshold"
Wet,Wet:NGW-016->NGW-036,NGW-016->NGW-036,NGW-016,NGW-036,primary,26.04308867605757,44.10000000000002,2.0,1.0,1.0,1.0,B/B,,not supplied,not supplied,"Hydrosheaf probabilistic edge inference using head proxy, distance, gradient, and confidence threshold"
Wet,Wet:NGW-093->NGW-090,NGW-093->NGW-090,NGW-093,NGW-090,primary,26.231781727536745,30.69999999999999,2.0,1.0,1.0,1.0,B/B,,not supplied,not supplied,"Hydrosheaf probabilistic edge inference using head proxy, distance, gradient, and confidence threshold"
Wet,Wet:NGW-143->NGW-142,NGW-143->NGW-142,NGW-143,NGW-142,primary,26.428274581340432,90.1,2.0,1.0,1.0,1.0,B/B,,not supplied,not supplied,"Hydrosheaf probabilistic edge inference using head proxy, distance, gradient, and confidence threshold"
Wet,Wet:NGW-135->NGW-142,NGW-135->NGW-142,NGW-135,NGW-142,primary,27.095210791044632,22.799999999999983,2.0,1.0,1.0,1.0,B/B,depth_mismatch,not supplied,not supplied,"Hydrosheaf probabilistic edge inference using head proxy, distance, gradient, and confidence threshold"
Wet,Wet:NGW-010->NGW-005,NGW-010->NGW-005,NGW-010,NGW-005,primary,27.138658208995707,16.599999999999966,2.0,1.0,1.0,1.0,B/B,,not supplied,not supplied,"Hydrosheaf probabilistic edge inference using head proxy, distance, gradient, and confidence threshold"
Wet,Wet:NGW-030->NGW-040,NGW-030->NGW-040,NGW-030,NGW-040,primary,27.25174555200131,82.50000000000003,2.0,1.0,1.0,1.0,B/B,depth_mismatch,not supplied,not supplied,"Hydrosheaf probabilistic edge inference using head proxy, distance, gradient, and confidence threshold"
Wet,Wet:NGW-126->NGW-142,NGW-126->NGW-142,NGW-126,NGW-142,primary,27.301867083690958,84.79999999999998,2.0,1.0,1.0,1.0,B/B,,not supplied,not supplied,"Hydrosheaf probabilistic edge inference using head proxy, distance, gradient, and confidence threshold"
Wet,Wet:NGW-038->NGW-040,NGW-038->NGW-040,NGW-038,NGW-040,primary,27.631220011853156,73.70000000000002,2.0,1.0,1.0,1.0,B/B,depth_mismatch,not supplied,not supplied,"Hydrosheaf probabilistic edge inference using head proxy, distance, gradient, and confidence threshold"
Wet,Wet:NGW-010->NGW-001,NGW-010->NGW-001,NGW-010,NGW-001,primary,28.096932362750145,28.99999999999997,2.0,1.0,1.0,1.0,B/B,depth_mismatch,not supplied,not supplied,"Hydrosheaf probabilistic edge inference using head proxy, distance, gradient, and confidence threshold"
Wet,Wet:NGW-118->NGW-090,NGW-118->NGW-090,NGW-118,NGW-090,primary,28.683605895922945,22.99999999999997,2.0,1.0,1.0,1.0,B/B,,not supplied,not supplied,"Hydrosheaf probabilistic edge inference using head proxy, distance, gradient, and confidence threshold"
Wet,Wet:NGW-114->NGW-109,NGW-114->NGW-109,NGW-114,NGW-109,primary,29.671148802286968,51.69999999999999,2.0,1.0,1.0,1.0,B/B,,not supplied,not supplied,"Hydrosheaf probabilistic edge inference using head proxy, distance, gradient, and confidence threshold"
Wet,Wet:NGW-093->NGW-073,NGW-093->NGW-073,NGW-093,NGW-073,primary,29.84953089237324,37.19999999999999,2.0,1.0,1.0,1.0,B/B,,not supplied,not supplied,"Hydrosheaf probabilistic edge inference using head proxy, distance, gradient, and confidence threshold"
Wet,Wet:NGW-116->NGW-109,NGW-116->NGW-109,NGW-116,NGW-109,primary,30.22051259470839,47.30000000000001,2.0,1.0,1.0,1.0,B/B,,not supplied,not supplied,"Hydrosheaf probabilistic edge inference using head proxy, distance, gradient, and confidence threshold"
Wet,Wet:NGW-089->NGW-102,NGW-089->NGW-102,NGW-089,NGW-102,primary,30.521977841493744,21.69999999999999,2.0,1.0,1.0,1.0,B/B,depth_mismatch,not supplied,not supplied,"Hydrosheaf probabilistic edge inference using head proxy, distance, gradient, and confidence threshold"
Wet,Wet:NGW-083->NGW-109,NGW-083->NGW-109,NGW-083,NGW-109,primary,30.553201034567238,53.60000000000002,2.0,1.0,1.0,1.0,B/B,depth_mismatch,not supplied,not supplied,"Hydrosheaf probabilistic edge inference using head proxy, distance, gradient, and confidence threshold"
Wet,Wet:NGW-038->NGW-036,NGW-038->NGW-036,NGW-038,NGW-036,primary,30.670320499426886,38.60000000000002,2.0,1.0,1.0,1.0,B/B,,not supplied,not supplied,"Hydrosheaf probabilistic edge inference using head proxy, distance, gradient, and confidence threshold"
Wet,Wet:NGW-023->NGW-040,NGW-023->NGW-040,NGW-023,NGW-040,primary,30.788440632333355,44.70000000000002,2.0,1.0,1.0,1.0,B/B,depth_mismatch,not supplied,not supplied,"Hydrosheaf probabilistic edge inference using head proxy, distance, gradient, and confidence threshold"
Wet,Wet:NGW-114->NGW-118,NGW-114->NGW-118,NGW-114,NGW-118,primary,31.028683761539018,26.099999999999994,2.0,1.0,1.0,1.0,B/B,depth_mismatch,not supplied,not supplied,"Hydrosheaf probabilistic edge inference using head proxy, distance, gradient, and confidence threshold"
Wet,Wet:NGW-089->NGW-111,NGW-089->NGW-111,NGW-089,NGW-111,primary,31.144470370313226,29.0,2.0,1.0,1.0,1.0,B/B,,not supplied,not supplied,"Hydrosheaf probabilistic edge inference using head proxy, distance, gradient, and confidence threshold"
Wet,Wet:NGW-116->NGW-111,NGW-116->NGW-111,NGW-116,NGW-111,primary,31.441044755302567,40.5,2.0,1.0,1.0,1.0,B/B,depth_mismatch,not supplied,not supplied,"Hydrosheaf probabilistic edge inference using head proxy, distance, gradient, and confidence threshold"
Wet,Wet:NGW-092->NGW-073,NGW-092->NGW-073,NGW-092,NGW-073,primary,31.60269201041427,59.39999999999998,2.0,1.0,1.0,1.0,B/B,,not supplied,not supplied,"Hydrosheaf probabilistic edge inference using head proxy, distance, gradient, and confidence threshold"
Wet,Wet:NGW-081->NGW-111,NGW-081->NGW-111,NGW-081,NGW-111,primary,32.27068531888766,20.400000000000006,2.0,1.0,1.0,1.0,B/B,,not supplied,not supplied,"Hydrosheaf probabilistic edge inference using head proxy, distance, gradient, and confidence threshold"
Wet,Wet:NGW-117->NGW-090,NGW-117->NGW-090,NGW-117,NGW-090,primary,32.34000994093414,34.0,2.0,1.0,1.0,1.0,B/B,depth_mismatch,not supplied,not supplied,"Hydrosheaf probabilistic edge inference using head proxy, distance, gradient, and confidence threshold"
Wet,Wet:NGW-104->NGW-103,NGW-104->NGW-103,NGW-104,NGW-103,primary,32.349349303318,22.0,2.0,1.0,1.0,1.0,B/B,,not supplied,not supplied,"Hydrosheaf probabilistic edge inference using head proxy, distance, gradient, and confidence threshold"
Wet,Wet:NGW-134->NGW-135,NGW-134->NGW-135,NGW-134,NGW-135,primary,33.493829072075165,41.60000000000002,2.0,1.0,1.0,1.0,B/B,,not supplied,not supplied,"Hydrosheaf probabilistic edge inference using head proxy, distance, gradient, and confidence threshold"
Wet,Wet:NGW-145->NGW-127,NGW-145->NGW-127,NGW-145,NGW-127,primary,33.61739437204891,35.5,2.0,1.0,1.0,1.0,B/B,,not supplied,not supplied,"Hydrosheaf probabilistic edge inference using head proxy, distance, gradient, and confidence threshold"
Wet,Wet:NGW-145->NGW-155,NGW-145->NGW-155,NGW-145,NGW-155,primary,33.909226794562876,45.39999999999998,2.0,1.0,1.0,1.0,B/B,,not supplied,not supplied,"Hydrosheaf probabilistic edge inference using head proxy, distance, gradient, and confidence threshold"
Wet,Wet:NGW-139->NGW-130,NGW-139->NGW-130,NGW-139,NGW-130,primary,33.91190055494569,44.80000000000001,2.0,1.0,1.0,1.0,B/B,,not supplied,not supplied,"Hydrosheaf probabilistic edge inference using head proxy, distance, gradient, and confidence threshold"
Wet,Wet:NGW-062->NGW-070,NGW-062->NGW-070,NGW-062,NGW-070,primary,34.20859718149597,55.70000000000002,2.0,1.0,1.0,1.0,B/B,depth_mismatch,not supplied,not supplied,"Hydrosheaf probabilistic edge inference using head proxy, distance, gradient, and confidence threshold"
Wet,Wet:NGW-158->NGW-135,NGW-158->NGW-135,NGW-158,NGW-135,primary,34.31320165077985,46.50000000000003,2.0,1.0,1.0,1.0,B/B,depth_mismatch,not supplied,not supplied,"Hydrosheaf probabilistic edge inference using head proxy, distance, gradient, and confidence threshold"
Wet,Wet:NGW-053->NGW-070,NGW-053->NGW-070,NGW-053,NGW-070,primary,34.3740984943346,38.30000000000001,2.0,1.0,1.0,1.0,B/B,depth_mismatch,not supplied,not supplied,"Hydrosheaf probabilistic edge inference using head proxy, distance, gradient, and confidence threshold"
Wet,Wet:NGW-099->NGW-102,NGW-099->NGW-102,NGW-099,NGW-102,primary,34.55397926192891,20.799999999999983,2.0,1.0,1.0,1.0,B/B,depth_mismatch,not supplied,not supplied,"Hydrosheaf probabilistic edge inference using head proxy, distance, gradient, and confidence threshold"
Wet,Wet:NGW-093->NGW-065,NGW-093->NGW-065,NGW-093,NGW-065,primary,34.67032132776716,32.5,2.0,1.0,1.0,1.0,B/B,depth_mismatch,not supplied,not supplied,"Hydrosheaf probabilistic edge inference using head proxy, distance, gradient, and confidence threshold"
Wet,Wet:NGW-110->NGW-111,NGW-110->NGW-111,NGW-110,NGW-111,primary,34.81484562597488,17.5,2.0,1.0,1.0,1.0,B/B,,not supplied,not supplied,"Hydrosheaf probabilistic edge inference using head proxy, distance, gradient, and confidence threshold"
Wet,Wet:NGW-099->NGW-111,NGW-099->NGW-111,NGW-099,NGW-111,primary,35.42992918228901,28.099999999999994,2.0,1.0,1.0,1.0,B/B,,not supplied,not supplied,"Hydrosheaf probabilistic edge inference using head proxy, distance, gradient, and confidence threshold"
Wet,Wet:NGW-072->NGW-070,NGW-072->NGW-070,NGW-072,NGW-070,primary,35.43503998296091,33.80000000000001,2.0,1.0,1.0,1.0,B/B,,not supplied,not supplied,"Hydrosheaf probabilistic edge inference using head proxy, distance, gradient, and confidence threshold"
Wet,Wet:NGW-138->NGW-127,NGW-138->NGW-127,NGW-138,NGW-127,primary,35.76289512364182,19.80000000000001,2.0,1.0,1.0,1.0,B/B,,not supplied,not supplied,"Hydrosheaf probabilistic edge inference using head proxy, distance, gradient, and confidence threshold"
Wet,Wet:NGW-138->NGW-130,NGW-138->NGW-130,NGW-138,NGW-130,primary,35.979380674992356,26.700000000000017,2.0,1.0,1.0,1.0,B/B,,not supplied,not supplied,"Hydrosheaf probabilistic edge inference using head proxy, distance, gradient, and confidence threshold"
Wet,Wet:NGW-138->NGW-155,NGW-138->NGW-155,NGW-138,NGW-155,primary,36.05641372637433,29.69999999999999,2.0,1.0,1.0,1.0,B/B,depth_mismatch,not supplied,not supplied,"Hydrosheaf probabilistic edge inference using head proxy, distance, gradient, and confidence threshold"
Wet,Wet:NGW-023->NGW-002,NGW-023->NGW-002,NGW-023,NGW-002,primary,36.131117854010135,18.599999999999994,2.0,1.0,1.0,1.0,B/B,,not supplied,not supplied,"Hydrosheaf probabilistic edge inference using head proxy, distance, gradient, and confidence threshold"
Wet,Wet:NGW-100->NGW-102,NGW-100->NGW-102,NGW-100,NGW-102,primary,36.54568691927432,26.399999999999977,2.0,1.0,1.0,1.0,B/B,,not supplied,not supplied,"Hydrosheaf probabilistic edge inference using head proxy, distance, gradient, and confidence threshold"
Wet,Wet:NGW-094->NGW-107,NGW-094->NGW-107,NGW-094,NGW-107,primary,36.869639978847054,23.5,2.0,1.0,1.0,1.0,B/B,depth_mismatch,not supplied,not supplied,"Hydrosheaf probabilistic edge inference using head proxy, distance, gradient, and confidence threshold"
Wet,Wet:NGW-149->NGW-130,NGW-149->NGW-130,NGW-149,NGW-130,primary,37.62165530776836,19.200000000000017,2.0,1.0,1.0,1.0,B/B,depth_mismatch,not supplied,not supplied,"Hydrosheaf probabilistic edge inference using head proxy, distance, gradient, and confidence threshold"
Wet,Wet:NGW-077->NGW-070,NGW-077->NGW-070,NGW-077,NGW-070,primary,37.82557125760468,47.0,2.0,1.0,1.0,1.0,B/B,,not supplied,not supplied,"Hydrosheaf probabilistic edge inference using head proxy, distance, gradient, and confidence threshold"
Wet,Wet:NGW-103->NGW-074,NGW-103->NGW-074,NGW-103,NGW-074,primary,38.72332104706821,22.799999999999983,2.0,1.0,1.0,1.0,B/B,depth_mismatch,not supplied,not supplied,"Hydrosheaf probabilistic edge inference using head proxy, distance, gradient, and confidence threshold"
Wet,Wet:NGW-053->NGW-074,NGW-053->NGW-074,NGW-053,NGW-074,primary,38.74299581951347,19.099999999999994,2.0,1.0,1.0,1.0,B/B,depth_mismatch,not supplied,not supplied,"Hydrosheaf probabilistic edge inference using head proxy, distance, gradient, and confidence threshold"
Wet,Wet:NGW-080->NGW-073,NGW-080->NGW-073,NGW-080,NGW-073,primary,39.08957113833833,22.900000000000006,2.0,1.0,1.0,1.0,B/B,,not supplied,not supplied,"Hydrosheaf probabilistic edge inference using head proxy, distance, gradient, and confidence threshold"
Wet,Wet:NGW-149->NGW-155,NGW-149->NGW-155,NGW-149,NGW-155,primary,39.188841352403784,22.19999999999999,2.0,1.0,1.0,1.0,B/B,,not supplied,not supplied,"Hydrosheaf probabilistic edge inference using head proxy, distance, gradient, and confidence threshold"
Wet,Wet:NGW-103->NGW-070,NGW-103->NGW-070,NGW-103,NGW-070,primary,39.38190398819814,42.0,2.0,1.0,1.0,1.0,B/B,depth_mismatch,not supplied,not supplied,"Hydrosheaf probabilistic edge inference using head proxy, distance, gradient, and confidence threshold"
Wet,Wet:NGW-076->NGW-073,NGW-076->NGW-073,NGW-076,NGW-073,primary,40.2812621226903,29.899999999999977,2.0,1.0,1.0,1.0,B/B,,not supplied,not supplied,"Hydrosheaf probabilistic edge inference using head proxy, distance, gradient, and confidence threshold"
Wet,Wet:NGW-107->NGW-070,NGW-107->NGW-070,NGW-107,NGW-070,primary,40.34834887470683,28.30000000000001,2.0,1.0,1.0,1.0,B/B,,not supplied,not supplied,"Hydrosheaf probabilistic edge inference using head proxy, distance, gradient, and confidence threshold"
Wet,Wet:NGW-136->NGW-139,NGW-136->NGW-139,NGW-136,NGW-139,primary,40.49836557327795,16.899999999999977,2.0,1.0,1.0,1.0,B/B,depth_mismatch,not supplied,not supplied,"Hydrosheaf probabilistic edge inference using head proxy, distance, gradient, and confidence threshold"
Wet,Wet:NGW-080->NGW-065,NGW-080->NGW-065,NGW-080,NGW-065,primary,41.55436136565534,18.200000000000017,2.0,1.0,1.0,1.0,B/B,depth_mismatch,not supplied,not supplied,"Hydrosheaf probabilistic edge inference using head proxy, distance, gradient, and confidence threshold"
Wet,Wet:NGW-077->NGW-074,NGW-077->NGW-074,NGW-077,NGW-074,primary,42.39372270768451,27.799999999999983,2.0,1.0,1.0,1.0,B/B,,not supplied,not supplied,"Hydrosheaf probabilistic edge inference using head proxy, distance, gradient, and confidence threshold"
Wet,Wet:NGW-043->NGW-077,NGW-043->NGW-077,NGW-043,NGW-077,primary,43.3381193273285,23.399999999999977,2.0,1.0,1.0,1.0,B/B,,not supplied,not supplied,"Hydrosheaf probabilistic edge inference using head proxy, distance, gradient, and confidence threshold"
Wet,Wet:NGW-076->NGW-065,NGW-076->NGW-065,NGW-076,NGW-065,primary,43.4310222668456,25.19999999999999,2.0,1.0,1.0,1.0,B/B,depth_mismatch,not supplied,not supplied,"Hydrosheaf probabilistic edge inference using head proxy, distance, gradient, and confidence threshold"
Wet,Wet:NGW-137->NGW-138,NGW-137->NGW-138,NGW-137,NGW-138,primary,43.59220013750097,31.69999999999996,2.0,1.0,1.0,1.0,B/B,,not supplied,not supplied,"Hydrosheaf probabilistic edge inference using head proxy, distance, gradient, and confidence threshold"
Wet,Wet:NGW-153->NGW-138,NGW-153->NGW-138,NGW-153,NGW-138,primary,43.682985094060236,23.799999999999983,2.0,1.0,1.0,1.0,B/B,depth_mismatch,not supplied,not supplied,"Hydrosheaf probabilistic edge inference using head proxy, distance, gradient, and confidence threshold"
Wet,Wet:NGW-042->NGW-073,NGW-042->NGW-073,NGW-042,NGW-073,primary,43.77175956870804,25.399999999999977,2.0,1.0,1.0,1.0,B/B,depth_mismatch,not supplied,not supplied,"Hydrosheaf probabilistic edge inference using head proxy, distance, gradient, and confidence threshold"
Wet,Wet:NGW-058->NGW-077,NGW-058->NGW-077,NGW-058,NGW-077,primary,44.59492508651667,22.5,2.0,1.0,1.0,1.0,B/B,,not supplied,not supplied,"Hydrosheaf probabilistic edge inference using head proxy, distance, gradient, and confidence threshold"
Wet,Wet:NGW-149->NGW-159,NGW-149->NGW-159,NGW-149,NGW-159,primary,44.85193698673684,23.0,2.0,1.0,1.0,1.0,B/B,depth_mismatch,not supplied,not supplied,"Hydrosheaf probabilistic edge inference using head proxy, distance, gradient, and confidence threshold"
Wet,Wet:NGW-042->NGW-065,NGW-042->NGW-065,NGW-042,NGW-065,primary,46.5521545359657,20.69999999999999,2.0,1.0,1.0,1.0,B/B,depth_mismatch,not supplied,not supplied,"Hydrosheaf probabilistic edge inference using head proxy, distance, gradient, and confidence threshold"
Wet,Wet:NGW-102->NGW-073,NGW-102->NGW-073,NGW-102,NGW-073,primary,46.72864256075302,18.0,2.0,1.0,1.0,1.0,B/B,depth_mismatch,not supplied,not supplied,"Hydrosheaf probabilistic edge inference using head proxy, distance, gradient, and confidence threshold"
Wet,Wet:NGW-053->NGW-065,NGW-053->NGW-065,NGW-053,NGW-065,primary,46.92304666158744,17.5,2.0,1.0,1.0,1.0,B/B,depth_mismatch,not supplied,not supplied,"Hydrosheaf probabilistic edge inference using head proxy, distance, gradient, and confidence threshold"
Wet,Wet:NGW-077->NGW-051,NGW-077->NGW-051,NGW-077,NGW-051,primary,47.003796335344454,39.69999999999999,2.0,1.0,1.0,1.0,B/B,,not supplied,not supplied,"Hydrosheaf probabilistic edge inference using head proxy, distance, gradient, and confidence threshold"
Wet,Wet:NGW-129->NGW-130,NGW-129->NGW-130,NGW-129,NGW-130,primary,47.189781954927966,33.60000000000002,2.0,1.0,1.0,1.0,B/B,,not supplied,not supplied,"Hydrosheaf probabilistic edge inference using head proxy, distance, gradient, and confidence threshold"
Wet,Wet:NGW-103->NGW-065,NGW-103->NGW-065,NGW-103,NGW-065,primary,47.44241262572637,21.19999999999999,2.0,1.0,1.0,1.0,B/B,depth_mismatch,not supplied,not supplied,"Hydrosheaf probabilistic edge inference using head proxy, distance, gradient, and confidence threshold"
Wet,Wet:NGW-076->NGW-090,NGW-076->NGW-090,NGW-076,NGW-090,primary,48.477031485993976,23.399999999999977,2.0,1.0,1.0,1.0,B/B,,not supplied,not supplied,"Hydrosheaf probabilistic edge inference using head proxy, distance, gradient, and confidence threshold"
Wet,Wet:NGW-102->NGW-070,NGW-102->NGW-070,NGW-102,NGW-070,primary,49.45199558534154,34.10000000000002,2.0,1.0,1.0,1.0,B/B,,not supplied,not supplied,"Hydrosheaf probabilistic edge inference using head proxy, distance, gradient, and confidence threshold"
Wet,Wet:NGW-150->NGW-127,NGW-150->NGW-127,NGW-150,NGW-127,primary,49.47401309601054,17.80000000000001,2.0,1.0,1.0,1.0,B/B,depth_mismatch,not supplied,not supplied,"Hydrosheaf probabilistic edge inference using head proxy, distance, gradient, and confidence threshold"
Wet,Wet:NGW-073->NGW-070,NGW-073->NGW-070,NGW-073,NGW-070,primary,16.937267632060152,16.100000000000023,2.0,0.9999999999999996,0.9999999999999996,0.9999999999999996,B/B,depth_mismatch,not supplied,not supplied,"Hydrosheaf probabilistic edge inference using head proxy, distance, gradient, and confidence threshold"
Wet,Wet:NGW-110->NGW-107,NGW-110->NGW-107,NGW-110,NGW-107,primary,23.354222703019985,16.0,2.0,0.9999999999999993,0.9999999999999993,0.9999999999999993,B/B,depth_mismatch,not supplied,not supplied,"Hydrosheaf probabilistic edge inference using head proxy, distance, gradient, and confidence threshold"
Wet,Wet:NGW-147->NGW-151,NGW-147->NGW-151,NGW-147,NGW-151,primary,7.021706517537597,14.999999999999943,2.0,0.999999999999968,0.999999999999968,0.999999999999968,B/B,,not supplied,not supplied,"Hydrosheaf probabilistic edge inference using head proxy, distance, gradient, and confidence threshold"
Wet,Wet:NGW-057->NGW-080,NGW-057->NGW-080,NGW-057,NGW-080,primary,40.903475091422735,15.0,2.0,0.999999999999968,0.999999999999968,0.999999999999968,B/B,depth_mismatch,not supplied,not supplied,"Hydrosheaf probabilistic edge inference using head proxy, distance, gradient, and confidence threshold"
Wet,Wet:NGW-098->NGW-109,NGW-098->NGW-109,NGW-098,NGW-109,primary,3.472449005386822,14.900000000000006,2.0,0.9999999999999534,0.9999999999999534,0.9999999999999534,B/B,,not supplied,not supplied,"Hydrosheaf probabilistic edge inference using head proxy, distance, gradient, and confidence threshold"
Wet,Wet:NGW-102->NGW-074,NGW-102->NGW-074,NGW-102,NGW-074,primary,46.00996375461976,14.900000000000006,2.0,0.9999999999999534,0.9999999999999534,0.9999999999999534,B/B,,not supplied,not supplied,"Hydrosheaf probabilistic edge inference using head proxy, distance, gradient, and confidence threshold"
Wet,Wet:NGW-072->NGW-074,NGW-072->NGW-074,NGW-072,NGW-074,primary,39.934910818992506,14.599999999999994,2.0,0.9999999999998561,0.9999999999998561,0.9999999999998561,B/B,,not supplied,not supplied,"Hydrosheaf probabilistic edge inference using head proxy, distance, gradient, and confidence threshold"
Wet,Wet:NGW-081->NGW-102,NGW-081->NGW-102,NGW-081,NGW-102,primary,31.068019086769034,13.099999999999994,2.0,0.9999999999712315,0.9999999999712315,0.9999999999712315,B/B,depth_mismatch,not supplied,not supplied,"Hydrosheaf probabilistic edge inference using head proxy, distance, gradient, and confidence threshold"
Wet,Wet:NGW-072->NGW-065,NGW-072->NGW-065,NGW-072,NGW-065,primary,47.58544357421911,13.0,2.0,0.99999999995984,0.99999999995984,0.99999999995984,B/B,depth_mismatch,not supplied,not supplied,"Hydrosheaf probabilistic edge inference using head proxy, distance, gradient, and confidence threshold"
Wet,Wet:NGW-157->NGW-127,NGW-157->NGW-127,NGW-157,NGW-127,primary,9.27435892155136,12.600000000000023,2.0,0.9999999998511772,0.9999999998511772,0.9999999998511772,B/B,,not supplied,not supplied,"Hydrosheaf probabilistic edge inference using head proxy, distance, gradient, and confidence threshold"
Wet,Wet:NGW-057->NGW-042,NGW-057->NGW-042,NGW-057,NGW-042,primary,35.13920909722427,12.500000000000028,2.0,0.9999999997947737,0.9999999997947737,0.9999999997947737,B/B,,not supplied,not supplied,"Hydrosheaf probabilistic edge inference using head proxy, distance, gradient, and confidence threshold"
Wet,Wet:NGW-005->NGW-001,NGW-005->NGW-001,NGW-005,NGW-001,primary,2.9320738859598023,12.400000000000006,2.0,0.9999999997176843,0.9999999997176843,0.9999999997176843,B/B,depth_mismatch,not supplied,not supplied,"Hydrosheaf probabilistic edge inference using head proxy, distance, gradient, and confidence threshold"
Wet,Wet:NGW-098->NGW-090,NGW-098->NGW-090,NGW-098,NGW-090,primary,25.322883511343676,12.299999999999983,2.0,0.9999999996125852,0.9999999996125852,0.9999999996125852,B/B,depth_mismatch,not supplied,not supplied,"Hydrosheaf probabilistic edge inference using head proxy, distance, gradient, and confidence threshold"
Wet,Wet:NGW-107->NGW-073,NGW-107->NGW-073,NGW-107,NGW-073,primary,49.11479515813121,12.199999999999989,2.0,0.9999999994696577,0.9999999994696577,0.9999999994696577,B/B,depth_mismatch,not supplied,not supplied,"Hydrosheaf probabilistic edge inference using head proxy, distance, gradient, and confidence threshold"
Wet,Wet:NGW-159->NGW-142,NGW-159->NGW-142,NGW-159,NGW-142,primary,9.31230859066579,12.0,2.0,0.9999999990134123,0.9999999990134123,0.9999999990134123,B/B,depth_mismatch,not supplied,not supplied,"Hydrosheaf probabilistic edge inference using head proxy, distance, gradient, and confidence threshold"
Wet,Wet:NGW-141->NGW-151,NGW-141->NGW-151,NGW-141,NGW-151,primary,7.65002354180319,11.900000000000034,2.0,0.9999999986592876,0.9999999986592876,0.9999999986592876,B/B,depth_mismatch,not supplied,not supplied,"Hydrosheaf probabilistic edge inference using head proxy, distance, gradient, and confidence threshold"
Wet,Wet:NGW-003->NGW-005,NGW-003->NGW-005,NGW-003,NGW-005,primary,6.257305898818028,11.499999999999972,2.0,0.9999999955378276,0.9999999955378276,0.9999999955378276,B/B,,not supplied,not supplied,"Hydrosheaf probabilistic edge inference using head proxy, distance, gradient, and confidence threshold"
Wet,Wet:NGW-041->NGW-080,NGW-041->NGW-080,NGW-041,NGW-080,primary,42.54772829969883,11.499999999999972,2.0,0.9999999955378276,0.9999999955378276,0.9999999955378276,B/B,,not supplied,not supplied,"Hydrosheaf probabilistic edge inference using head proxy, distance, gradient, and confidence threshold"
Wet,Wet:NGW-057->NGW-079,NGW-057->NGW-079,NGW-057,NGW-079,primary,2.326488151364252,11.300000000000011,2.0,0.9999999919776081,0.9999999919776081,0.9999999919776081,B/B,,not supplied,not supplied,"Hydrosheaf probabilistic edge inference using head proxy, distance, gradient, and confidence threshold"
Wet,Wet:NGW-063->NGW-080,NGW-063->NGW-080,NGW-063,NGW-080,primary,44.90504404388225,10.899999999999949,2.0,0.99999997481509,0.99999997481509,0.99999997481509,B/B,,not supplied,not supplied,"Hydrosheaf probabilistic edge inference using head proxy, distance, gradient, and confidence threshold"
Wet,Wet:NGW-135->NGW-159,NGW-135->NGW-159,NGW-135,NGW-159,primary,28.399104958267024,10.799999999999983,2.0,0.9999999666795515,0.9999999666795515,0.9999999666795515,B/B,,not supplied,not supplied,"Hydrosheaf probabilistic edge inference using head proxy, distance, gradient, and confidence threshold"
Wet,Wet:NGW-118->NGW-098,NGW-118->NGW-098,NGW-118,NGW-098,primary,9.899458831601411,10.699999999999989,2.0,0.999999956022884,0.999999956022884,0.999999956022884,B/B,depth_mismatch,not supplied,not supplied,"Hydrosheaf probabilistic edge inference using head proxy, distance, gradient, and confidence threshold"
Wet,Wet:NGW-110->NGW-102,NGW-110->NGW-102,NGW-110,NGW-102,primary,33.870135292627104,10.199999999999989,2.0,0.9999998301732593,0.9999998301732593,0.9999998301732593,B/B,depth_mismatch,not supplied,not supplied,"Hydrosheaf probabilistic edge inference using head proxy, distance, gradient, and confidence threshold"
Wet,Wet:NGW-127->NGW-155,NGW-127->NGW-155,NGW-127,NGW-155,primary,0.6424053211445702,9.899999999999977,2.0,0.9999996289325921,0.9999996289325921,0.9999996289325921,B/B,,not supplied,not supplied,"Hydrosheaf probabilistic edge inference using head proxy, distance, gradient, and confidence threshold"
Wet,Wet:NGW-023->NGW-036,NGW-023->NGW-036,NGW-023,NGW-036,primary,33.98978339310302,9.600000000000023,2.0,0.999999206671848,0.999999206671848,0.999999206671848,B/B,depth_mismatch,not supplied,not supplied,"Hydrosheaf probabilistic edge inference using head proxy, distance, gradient, and confidence threshold"
Wet,Wet:NGW-107->NGW-074,NGW-107->NGW-074,NGW-107,NGW-074,primary,39.876761101861334,9.099999999999994,2.0,0.9999973177042203,0.9999973177042203,0.9999973177042203,B/B,,not supplied,not supplied,"Hydrosheaf probabilistic edge inference using head proxy, distance, gradient, and confidence threshold"
Wet,Wet:NGW-036->NGW-002,NGW-036->NGW-002,NGW-036,NGW-002,primary,3.5251257035414687,8.999999999999972,2.0,0.9999966023268753,0.9999966023268753,0.9999966023268753,B/B,,not supplied,not supplied,"Hydrosheaf probabilistic edge inference using head proxy, distance, gradient, and confidence threshold"
Wet,Wet:NGW-041->NGW-042,NGW-041->NGW-042,NGW-041,NGW-042,primary,36.7987001634044,9.0,2.0,0.9999966023268753,0.9999966023268753,0.9999966023268753,B/B,depth_mismatch,not supplied,not supplied,"Hydrosheaf probabilistic edge inference using head proxy, distance, gradient, and confidence threshold"
Wet,Wet:NGW-063->NGW-042,NGW-063->NGW-042,NGW-063,NGW-042,primary,39.36582219574737,8.399999999999977,2.0,0.9999866542509841,0.9999866542509841,0.9999866542509841,B/B,depth_mismatch,not supplied,not supplied,"Hydrosheaf probabilistic edge inference using head proxy, distance, gradient, and confidence threshold"
Wet,Wet:NGW-041->NGW-079,NGW-041->NGW-079,NGW-041,NGW-079,primary,2.0792739406468734,7.799999999999983,2.0,0.9999519036559824,0.9999519036559824,0.9999519036559824,B/B,,not supplied,not supplied,"Hydrosheaf probabilistic edge inference using head proxy, distance, gradient, and confidence threshold"
Wet,Wet:NGW-049->NGW-072,NGW-049->NGW-072,NGW-049,NGW-072,primary,45.95860524440096,7.5,2.0,0.9999115827147992,0.9999115827147992,0.9999115827147992,B/B,depth_mismatch,not supplied,not supplied,"Hydrosheaf probabilistic edge inference using head proxy, distance, gradient, and confidence threshold"
Wet,Wet:NGW-063->NGW-079,NGW-063->NGW-079,NGW-063,NGW-079,primary,4.923649562384915,7.19999999999996,2.0,0.9998408914098424,0.9998408914098424,0.9998408914098424,B/B,,not supplied,not supplied,"Hydrosheaf probabilistic edge inference using head proxy, distance, gradient, and confidence threshold"
Wet,Wet:NGW-127->NGW-130,NGW-127->NGW-130,NGW-127,NGW-130,primary,49.08167586114243,6.900000000000006,2.0,0.9997197067231838,0.9997197067231838,0.9997197067231838,B/B,,not supplied,not supplied,"Hydrosheaf probabilistic edge inference using head proxy, distance, gradient, and confidence threshold"
Wet,Wet:NGW-151->NGW-153,NGW-151->NGW-153,NGW-151,NGW-153,primary,49.30529848776138,6.600000000000023,2.0,0.9995165758576162,0.9995165758576162,0.9995165758576162,B/B,depth_mismatch,not supplied,not supplied,"Hydrosheaf probabilistic edge inference using head proxy, distance, gradient, and confidence threshold"
Wet,Wet:NGW-085->NGW-098,NGW-085->NGW-098,NGW-085,NGW-098,primary,3.3851732645202275,6.0,2.0,0.9986501019683699,0.9986501019683699,0.9986501019683699,B/B,depth_mismatch,not supplied,not supplied,"Hydrosheaf probabilistic edge inference using head proxy, distance, gradient, and confidence threshold"
Wet,Wet:NGW-150->NGW-149,NGW-150->NGW-149,NGW-150,NGW-149,primary,37.655452773403724,5.5,2.0,0.9970202367649454,0.9970202367649454,0.9970202367649454,B/B,depth_mismatch,not supplied,not supplied,"Hydrosheaf probabilistic edge inference using head proxy, distance, gradient, and confidence threshold"
Wet,Wet:NGW-065->NGW-073,NGW-065->NGW-073,NGW-065,NGW-073,primary,4.824200254753278,4.699999999999989,2.0,0.9906132944651613,0.9906132944651613,0.9906132944651613,B/B,depth_mismatch,not supplied,not supplied,"Hydrosheaf probabilistic edge inference using head proxy, distance, gradient, and confidence threshold"
Wet,Wet:NGW-111->NGW-090,NGW-111->NGW-090,NGW-111,NGW-090,lateral,43.4878799119636,4.199999999999989,2.0,0.9656399524960726,0.9656399524960726,0.9656399524960726,B/B,flat_gradient,not supplied,not supplied,"Hydrosheaf probabilistic edge inference using head proxy, distance, gradient, and confidence threshold"
Wet,Wet:NGW-103->NGW-067,NGW-103->NGW-067,NGW-103,NGW-067,lateral,43.29904086251358,4.099999999999994,2.0,0.9543409917746632,0.9543409917746632,0.9543409917746632,B/B,"flat_gradient,depth_mismatch",not supplied,not supplied,"Hydrosheaf probabilistic edge inference using head proxy, distance, gradient, and confidence threshold"
Wet,Wet:NGW-069->NGW-058,NGW-069->NGW-058,NGW-069,NGW-058,lateral,45.88040461392719,4.300000000000011,2.0,0.9538225644998497,0.9538225644998497,0.9538225644998497,B/B,"flat_gradient,depth_mismatch",not supplied,not supplied,"Hydrosheaf probabilistic edge inference using head proxy, distance, gradient, and confidence threshold"
Wet,Wet:NGW-136->NGW-151,NGW-136->NGW-151,NGW-136,NGW-151,lateral,49.719425982580674,4.599999999999966,2.0,0.9526739899790476,0.9526739899790476,0.9526739899790476,B/B,"flat_gradient,depth_mismatch",not supplied,not supplied,"Hydrosheaf probabilistic edge inference using head proxy, distance, gradient, and confidence threshold"
Wet,Wet:NGW-074->NGW-073,NGW-074->NGW-073,NGW-074,NGW-073,primary,13.141271340994637,3.0999999999999943,2.0,0.9394292419979406,0.9394292419979406,0.9394292419979406,B/B,,not supplied,not supplied,"Hydrosheaf probabilistic edge inference using head proxy, distance, gradient, and confidence threshold"
Wet,Wet:NGW-063->NGW-076,NGW-063->NGW-076,NGW-063,NGW-076,lateral,42.260236301823404,3.8999999999999773,2.0,0.9378126413329508,0.9378126413329508,0.9378126413329508,B/B,"flat_gradient,depth_mismatch",not supplied,not supplied,"Hydrosheaf probabilistic edge inference using head proxy, distance, gradient, and confidence threshold"
Wet,Wet:NGW-097->NGW-088,NGW-097->NGW-088,NGW-097,NGW-088,lateral,38.422453641665044,3.599999999999966,2.0,0.934811078640174,0.934811078640174,0.934811078640174,B/B,"flat_gradient,depth_mismatch",not supplied,not supplied,"Hydrosheaf probabilistic edge inference using head proxy, distance, gradient, and confidence threshold"
Wet,Wet:NGW-104->NGW-100,NGW-104->NGW-100,NGW-104,NGW-100,lateral,38.498066268932334,3.5,2.0,0.9181490414950351,0.9181490414950351,0.9181490414950351,B/B,"flat_gradient,depth_mismatch",not supplied,not supplied,"Hydrosheaf probabilistic edge inference using head proxy, distance, gradient, and confidence threshold"
Wet,Wet:NGW-086->NGW-104,NGW-086->NGW-104,NGW-086,NGW-104,lateral,44.26728937563972,3.900000000000034,2.0,0.9179624716041,0.9179624716041,0.9179624716041,B/B,flat_gradient,not supplied,not supplied,"Hydrosheaf probabilistic edge inference using head proxy, distance, gradient, and confidence threshold"
Wet,Wet:NGW-079->NGW-080,NGW-079->NGW-080,NGW-079,NGW-080,lateral,41.464694045640485,3.6999999999999886,2.0,0.9174683964509364,0.9174683964509364,0.9174683964509364,B/B,flat_gradient,not supplied,not supplied,"Hydrosheaf probabilistic edge inference using head proxy, distance, gradient, and confidence threshold"
Wet,Wet:NGW-090->NGW-109,NGW-090->NGW-109,NGW-090,NGW-109,primary,21.96651977383141,2.6000000000000227,2.0,0.9031995154143916,0.9031995154143916,0.9031995154143916,B/B,depth_mismatch,not supplied,not supplied,"Hydrosheaf probabilistic edge inference using head proxy, distance, gradient, and confidence threshold"
Wet,Wet:NGW-042->NGW-080,NGW-042->NGW-080,NGW-042,NGW-080,primary,5.876919965725768,2.4999999999999716,2.0,0.8943502263331421,0.8943502263331421,0.8943502263331421,B/B,depth_mismatch,not supplied,not supplied,"Hydrosheaf probabilistic edge inference using head proxy, distance, gradient, and confidence threshold"
Wet,Wet:NGW-076->NGW-079,NGW-076->NGW-079,NGW-076,NGW-079,lateral,38.29667081999776,3.299999999999983,2.0,0.8882175979413339,0.8882175979413339,0.8882175979413339,B/B,flat_gradient,not supplied,not supplied,"Hydrosheaf probabilistic edge inference using head proxy, distance, gradient, and confidence threshold"
Wet,Wet:NGW-099->NGW-094,NGW-099->NGW-094,NGW-099,NGW-094,lateral,35.092243858750535,3.0999999999999943,2.0,0.8881856787718435,0.8881856787718435,0.8881856787718435,B/B,flat_gradient,not supplied,not supplied,"Hydrosheaf probabilistic edge inference using head proxy, distance, gradient, and confidence threshold"
Wet,Wet:NGW-139->NGW-125,NGW-139->NGW-125,NGW-139,NGW-125,lateral,38.661113128934716,3.3000000000000114,2.0,0.8845580313558692,0.8845580313558692,0.8845580313558692,B/B,"flat_gradient,depth_mismatch",not supplied,not supplied,"Hydrosheaf probabilistic edge inference using head proxy, distance, gradient, and confidence threshold"
Wet,Wet:NGW-134->NGW-139,NGW-134->NGW-139,NGW-134,NGW-139,lateral,47.07601807294522,3.8000000000000114,2.0,0.8804223776794801,0.8804223776794801,0.8804223776794801,B/B,flat_gradient,not supplied,not supplied,"Hydrosheaf probabilistic edge inference using head proxy, distance, gradient, and confidence threshold"
Wet,Wet:NGW-103->NGW-053,NGW-103->NGW-053,NGW-103,NGW-053,lateral,47.6408715540183,3.6999999999999886,2.0,0.8633476627927514,0.8633476627927514,0.8633476627927514,B/B,flat_gradient,not supplied,not supplied,"Hydrosheaf probabilistic edge inference using head proxy, distance, gradient, and confidence threshold"
Wet,Wet:NGW-110->NGW-103,NGW-110->NGW-103,NGW-110,NGW-103,lateral,23.753124462048174,2.3000000000000114,2.0,0.8630404704915206,0.8630404704915206,0.8630404704915206,B/B,"flat_gradient,depth_mismatch",not supplied,not supplied,"Hydrosheaf probabilistic edge inference using head proxy, distance, gradient, and confidence threshold"
Wet,Wet:NGW-067->NGW-102,NGW-067->NGW-102,NGW-067,NGW-102,lateral,49.795645943763795,3.799999999999983,2.0,0.8596453141147504,0.8596453141147504,0.8596453141147504,B/B,"flat_gradient,depth_mismatch",not supplied,not supplied,"Hydrosheaf probabilistic edge inference using head proxy, distance, gradient, and confidence threshold"
Wet,Wet:NGW-064->NGW-066,NGW-064->NGW-066,NGW-064,NGW-066,lateral,46.34744922913302,3.3999999999999773,2.0,0.8341019737603164,0.8341019737603164,0.8341019737603164,B/B,"flat_gradient,depth_mismatch",not supplied,not supplied,"Hydrosheaf probabilistic edge inference using head proxy, distance, gradient, and confidence threshold"
Wet,Wet:NGW-069->NGW-043,NGW-069->NGW-043,NGW-069,NGW-043,lateral,46.405330239666306,3.400000000000034,2.0,0.8336852509450237,0.8336852509450237,0.8336852509450237,B/B,"flat_gradient,depth_mismatch",not supplied,not supplied,"Hydrosheaf probabilistic edge inference using head proxy, distance, gradient, and confidence threshold"
Wet,Wet:NGW-145->NGW-140,NGW-145->NGW-140,NGW-145,NGW-140,lateral,39.214366967304606,2.9000000000000057,2.0,0.8153857228304078,0.8153857228304078,0.8153857228304078,B/B,flat_gradient,not supplied,not supplied,"Hydrosheaf probabilistic edge inference using head proxy, distance, gradient, and confidence threshold"
Wet,Wet:NGW-146->NGW-144,NGW-146->NGW-144,NGW-146,NGW-144,lateral,37.8582933545461,2.7999999999999545,2.0,0.8100724438769373,0.8100724438769373,0.8100724438769373,B/B,flat_gradient,not supplied,not supplied,"Hydrosheaf probabilistic edge inference using head proxy, distance, gradient, and confidence threshold"
Wet,Wet:NGW-065->NGW-074,NGW-065->NGW-074,NGW-065,NGW-074,primary,10.197235565768633,1.5999999999999943,2.0,0.7881446014166025,0.7881446014166025,0.7881446014166025,B/B,depth_mismatch,not supplied,not supplied,"Hydrosheaf probabilistic edge inference using head proxy, distance, gradient, and confidence threshold"
Wet,Wet:NGW-083->NGW-114,NGW-083->NGW-114,NGW-083,NGW-114,lateral,22.362849566065325,1.900000000000034,2.0,0.7794784082267874,0.7794784082267874,0.7794784082267874,B/B,"flat_gradient,depth_mismatch",not supplied,not supplied,"Hydrosheaf probabilistic edge inference using head proxy, distance, gradient, and confidence threshold"
Wet,Wet:NGW-133->NGW-143,NGW-133->NGW-143,NGW-133,NGW-143,lateral,33.26811528268496,2.400000000000034,2.0,0.777693155629032,0.777693155629032,0.777693155629032,B/B,"flat_gradient,depth_mismatch",not supplied,not supplied,"Hydrosheaf probabilistic edge inference using head proxy, distance, gradient, and confidence threshold"
Wet,Wet:NGW-049->NGW-053,NGW-049->NGW-053,NGW-049,NGW-053,lateral,49.02154892961948,3.0,2.0,0.7651034952117155,0.7651034952117155,0.7651034952117155,B/B,flat_gradient,not supplied,not supplied,"Hydrosheaf probabilistic edge inference using head proxy, distance, gradient, and confidence threshold"
Wet,Wet:NGW-130->NGW-155,NGW-130->NGW-155,NGW-130,NGW-155,lateral,49.698735239707126,2.9999999999999716,2.0,0.7614912411604192,0.7614912411604192,0.7614912411604192,B/B,"flat_gradient,depth_mismatch",not supplied,not supplied,"Hydrosheaf probabilistic edge inference using head proxy, distance, gradient, and confidence threshold"
Wet,Wet:NGW-092->NGW-078,NGW-092->NGW-078,NGW-092,NGW-078,lateral,29.61426585863637,2.099999999999966,2.0,0.7504184926111641,0.7504184926111641,0.7504184926111641,B/B,"flat_gradient,depth_mismatch",not supplied,not supplied,"Hydrosheaf probabilistic edge inference using head proxy, distance, gradient, and confidence threshold"
Wet,Wet:NGW-108->NGW-096,NGW-108->NGW-096,NGW-108,NGW-096,lateral,44.713594784916765,2.7000000000000455,2.0,0.7484766497668907,0.7484766497668907,0.7484766497668907,B/B,flat_gradient,not supplied,not supplied,"Hydrosheaf probabilistic edge inference using head proxy, distance, gradient, and confidence threshold"
Wet,Wet:NGW-055->NGW-046,NGW-055->NGW-046,NGW-055,NGW-046,lateral,43.653720927474374,2.599999999999966,2.0,0.7401441888124618,0.7401441888124618,0.7401441888124618,B/B,flat_gradient,not supplied,not supplied,"Hydrosheaf probabilistic edge inference using head proxy, distance, gradient, and confidence threshold"
Wet,Wet:NGW-146->NGW-137,NGW-146->NGW-137,NGW-146,NGW-137,lateral,48.97303019411252,2.8000000000000114,2.0,0.7396995549371929,0.7396995549371929,0.7396995549371929,B/B,flat_gradient,not supplied,not supplied,"Hydrosheaf probabilistic edge inference using head proxy, distance, gradient, and confidence threshold"
Wet,Wet:NGW-092->NGW-048,NGW-092->NGW-048,NGW-092,NGW-048,lateral,32.45785192789995,2.099999999999966,2.0,0.7284796859810494,0.7284796859810494,0.7284796859810494,B/B,flat_gradient,not supplied,not supplied,"Hydrosheaf probabilistic edge inference using head proxy, distance, gradient, and confidence threshold"
Wet,Wet:NGW-131->NGW-156,NGW-131->NGW-156,NGW-131,NGW-156,lateral,18.094592776478947,1.5,2.0,0.7266196186342092,0.7266196186342092,0.7266196186342092,B/B,flat_gradient,not supplied,not supplied,"Hydrosheaf probabilistic edge inference using head proxy, distance, gradient, and confidence threshold"
Wet,Wet:NGW-136->NGW-156,NGW-136->NGW-156,NGW-136,NGW-156,lateral,49.03676209425912,2.6999999999999886,2.0,0.7265705107085524,0.7265705107085524,0.7265705107085524,B/B,flat_gradient,not supplied,not supplied,"Hydrosheaf probabilistic edge inference using head proxy, distance, gradient, and confidence threshold"
Wet,Wet:NGW-056->NGW-062,NGW-056->NGW-062,NGW-056,NGW-062,lateral,49.51715122210949,2.6000000000000227,2.0,0.7117082090153344,0.7117082090153344,0.7117082090153344,B/B,flat_gradient,not supplied,not supplied,"Hydrosheaf probabilistic edge inference using head proxy, distance, gradient, and confidence threshold"
Wet,Wet:NGW-138->NGW-150,NGW-138->NGW-150,NGW-138,NGW-150,lateral,36.05170587832924,2.0,2.0,0.689363991385343,0.689363991385343,0.689363991385343,B/B,flat_gradient,not supplied,not supplied,"Hydrosheaf probabilistic edge inference using head proxy, distance, gradient, and confidence threshold"
Wet,Wet:NGW-008->NGW-037,NGW-008->NGW-037,NGW-008,NGW-037,lateral,24.166877611964452,1.5,2.0,0.6696780933055609,0.6696780933055609,0.6696780933055609,B/B,"flat_gradient,depth_mismatch",not supplied,not supplied,"Hydrosheaf probabilistic edge inference using head proxy, distance, gradient, and confidence threshold"
Wet,Wet:NGW-048->NGW-068,NGW-048->NGW-068,NGW-048,NGW-068,lateral,48.27193192992032,2.2000000000000455,2.0,0.6660456985814507,0.6660456985814507,0.6660456985814507,B/B,flat_gradient,not supplied,not supplied,"Hydrosheaf probabilistic edge inference using head proxy, distance, gradient, and confidence threshold"
Wet,Wet:NGW-120->NGW-108,NGW-120->NGW-108,NGW-120,NGW-108,lateral,34.6430099631017,1.7999999999999545,2.0,0.6641577261853175,0.6641577261853175,0.6641577261853175,B/B,"flat_gradient,depth_mismatch",not supplied,not supplied,"Hydrosheaf probabilistic edge inference using head proxy, distance, gradient, and confidence threshold"
Wet,Wet:NGW-156->NGW-148,NGW-156->NGW-148,NGW-156,NGW-148,lateral,34.031041550036576,1.6999999999999886,2.0,0.6510308392811635,0.6510308392811635,0.6510308392811635,B/B,"flat_gradient,depth_mismatch",not supplied,not supplied,"Hydrosheaf probabilistic edge inference using head proxy, distance, gradient, and confidence threshold"
Wet,Wet:NGW-107->NGW-111,NGW-107->NGW-111,NGW-107,NGW-111,lateral,36.258650822232624,1.5,2.0,0.6130927274280329,0.6130927274280329,0.6130927274280329,B/B,"flat_gradient,depth_mismatch",not supplied,not supplied,"Hydrosheaf probabilistic edge inference using head proxy, distance, gradient, and confidence threshold"
Wet,Wet:NGW-093->NGW-094,NGW-093->NGW-094,NGW-093,NGW-094,lateral,44.21404754578753,1.5,2.0,0.5927440472420096,0.5927440472420096,0.5927440472420096,B/B,"flat_gradient,depth_mismatch",not supplied,not supplied,"Hydrosheaf probabilistic edge inference using head proxy, distance, gradient, and confidence threshold"
Wet,Wet:NGW-144->NGW-148,NGW-144->NGW-148,NGW-144,NGW-148,lateral,25.046450982201822,1.1000000000000227,2.0,0.5917193197136279,0.5917193197136279,0.5917193197136279,B/B,"flat_gradient,depth_mismatch",not supplied,not supplied,"Hydrosheaf probabilistic edge inference using head proxy, distance, gradient, and confidence threshold"
Wet,Wet:NGW-062->NGW-075,NGW-062->NGW-075,NGW-062,NGW-075,lateral,39.52539053989086,1.299999999999983,2.0,0.579645020998504,0.579645020998504,0.579645020998504,B/B,flat_gradient,not supplied,not supplied,"Hydrosheaf probabilistic edge inference using head proxy, distance, gradient, and confidence threshold"
Wet,Wet:NGW-079->NGW-042,NGW-079->NGW-042,NGW-079,NGW-042,lateral,35.777734626285124,1.200000000000017,2.0,0.5757164369207707,0.5757164369207707,0.5757164369207707,B/B,"flat_gradient,depth_mismatch",not supplied,not supplied,"Hydrosheaf probabilistic edge inference using head proxy, distance, gradient, and confidence threshold"
Wet,Wet:NGW-137->NGW-151,NGW-137->NGW-151,NGW-137,NGW-151,lateral,48.725639626727116,1.2999999999999545,2.0,0.5646066543946773,0.5646066543946773,0.5646066543946773,B/B,flat_gradient,not supplied,not supplied,"Hydrosheaf probabilistic edge inference using head proxy, distance, gradient, and confidence threshold"
Wet,Wet:NGW-075->NGW-093,NGW-075->NGW-093,NGW-075,NGW-093,lateral,40.52736879530685,1.1000000000000227,2.0,0.5566837550429453,0.5566837550429453,0.5566837550429453,B/B,flat_gradient,not supplied,not supplied,"Hydrosheaf probabilistic edge inference using head proxy, distance, gradient, and confidence threshold"
Wet,Wet:NGW-043->NGW-054,NGW-043->NGW-054,NGW-043,NGW-054,lateral,45.336250759137506,1.099999999999966,2.0,0.5506712268187516,0.5506712268187516,0.5506712268187516,B/B,"flat_gradient,depth_mismatch",not supplied,not supplied,"Hydrosheaf probabilistic edge inference using head proxy, distance, gradient, and confidence threshold"
Wet,Wet:NGW-080->NGW-067,NGW-080->NGW-067,NGW-080,NGW-067,lateral,48.56067176047566,1.1000000000000227,2.0,0.5473066652920161,0.5473066652920161,0.5473066652920161,B/B,"flat_gradient,depth_mismatch",not supplied,not supplied,"Hydrosheaf probabilistic edge inference using head proxy, distance, gradient, and confidence threshold"
Wet,Wet:NGW-145->NGW-125,NGW-145->NGW-125,NGW-145,NGW-125,lateral,34.97930390100001,0.9000000000000057,2.0,0.5446779336098813,0.5446779336098813,0.5446779336098813,B/B,flat_gradient,not supplied,not supplied,"Hydrosheaf probabilistic edge inference using head proxy, distance, gradient, and confidence threshold"
Wet,Wet:NGW-052->NGW-062,NGW-052->NGW-062,NGW-052,NGW-062,lateral,46.570014124506635,0.9999999999999716,2.0,0.541112820099672,0.541112820099672,0.541112820099672,B/B,flat_gradient,not supplied,not supplied,"Hydrosheaf probabilistic edge inference using head proxy, distance, gradient, and confidence threshold"
Wet,Wet:NGW-086->NGW-116,NGW-086->NGW-116,NGW-086,NGW-116,lateral,18.288569697068255,0.6000000000000227,2.0,0.5386836447492763,0.5386836447492763,0.5386836447492763,B/B,"flat_gradient,depth_mismatch",not supplied,not supplied,"Hydrosheaf probabilistic edge inference using head proxy, distance, gradient, and confidence threshold"
Wet,Wet:NGW-156->NGW-144,NGW-156->NGW-144,NGW-156,NGW-144,lateral,19.98840611480554,0.5999999999999659,2.0,0.5353939443230349,0.5353939443230349,0.5353939443230349,B/B,flat_gradient,not supplied,not supplied,"Hydrosheaf probabilistic edge inference using head proxy, distance, gradient, and confidence threshold"
Wet,Wet:NGW-146->NGW-131,NGW-146->NGW-131,NGW-146,NGW-131,lateral,37.03933732703108,0.6999999999999886,2.0,0.5258593870017836,0.5258593870017836,0.5258593870017836,B/B,flat_gradient,not supplied,not supplied,"Hydrosheaf probabilistic edge inference using head proxy, distance, gradient, and confidence threshold"
Wet,Wet:NGW-068->NGW-043,NGW-068->NGW-043,NGW-068,NGW-043,lateral,49.80309957046938,0.8000000000000114,2.0,0.5249657941695638,0.5249657941695638,0.5249657941695638,B/B,flat_gradient,not supplied,not supplied,"Hydrosheaf probabilistic edge inference using head proxy, distance, gradient, and confidence threshold"
Wet,Wet:NGW-156->NGW-137,NGW-156->NGW-137,NGW-156,NGW-137,lateral,49.94060378591382,0.6000000000000227,2.0,0.5141661990344881,0.5141661990344881,0.5141661990344881,B/B,flat_gradient,not supplied,not supplied,"Hydrosheaf probabilistic edge inference using head proxy, distance, gradient, and confidence threshold"
Wet,Wet:NGW-136->NGW-146,NGW-136->NGW-146,NGW-136,NGW-146,lateral,47.937310824440026,0.5,2.0,0.5102953549109601,0.5102953549109601,0.5102953549109601,B/B,"flat_gradient,depth_mismatch",not supplied,not supplied,"Hydrosheaf probabilistic edge inference using head proxy, distance, gradient, and confidence threshold"
Wet,Wet:NGW-053->NGW-067,NGW-053->NGW-067,NGW-053,NGW-067,lateral,39.72634897502289,0.4000000000000057,2.0,0.5079805682106793,0.5079805682106793,0.5079805682106793,B/B,flat_gradient,not supplied,not supplied,"Hydrosheaf probabilistic edge inference using head proxy, distance, gradient, and confidence threshold"
Wet,Wet:NGW-104->NGW-119,NGW-104->NGW-119,NGW-104,NGW-119,lateral,33.286508104967396,0.30000000000001137,2.0,0.5053731402689263,0.5053731402689263,0.5053731402689263,B/B,flat_gradient,not supplied,not supplied,"Hydrosheaf probabilistic edge inference using head proxy, distance, gradient, and confidence threshold"
Wet,Wet:NGW-157->NGW-149,NGW-157->NGW-149,NGW-157,NGW-149,lateral,48.046526897438206,0.30000000000001137,2.0,0.5037224975177191,0.5037224975177191,0.5037224975177191,B/B,flat_gradient,not supplied,not supplied,"Hydrosheaf probabilistic edge inference using head proxy, distance, gradient, and confidence threshold"
Wet,Wet:NGW-046->NGW-064,NGW-046->NGW-064,NGW-046,NGW-064,lateral,41.831646541503495,0.19999999999998863,2.0,0.5019041964909274,0.5019041964909274,0.5019041964909274,B/B,"flat_gradient,depth_mismatch",not supplied,not supplied,"Hydrosheaf probabilistic edge inference using head proxy, distance, gradient, and confidence threshold"
Wet,Wet:NGW-083->NGW-078,NGW-083->NGW-078,NGW-083,NGW-078,lateral,44.306109973688756,0.19999999999998863,2.0,0.501797848527017,0.501797848527017,0.501797848527017,B/B,flat_gradient,not supplied,not supplied,"Hydrosheaf probabilistic edge inference using head proxy, distance, gradient, and confidence threshold"
Wet,Wet:NGW-058->NGW-054,NGW-058->NGW-054,NGW-058,NGW-054,lateral,44.81178226707222,0.19999999999998863,2.0,0.5017775609566099,0.5017775609566099,0.5017775609566099,B/B,"flat_gradient,depth_mismatch",not supplied,not supplied,"Hydrosheaf probabilistic edge inference using head proxy, distance, gradient, and confidence threshold"
Wet,Wet:NGW-083->NGW-048,NGW-083->NGW-048,NGW-083,NGW-048,lateral,47.13181213101246,0.19999999999998863,2.0,0.5016900617852891,0.5016900617852891,0.5016900617852891,B/B,flat_gradient,not supplied,not supplied,"Hydrosheaf probabilistic edge inference using head proxy, distance, gradient, and confidence threshold"
Wet,Wet:NGW-154->NGW-143,NGW-154->NGW-143,NGW-154,NGW-143,lateral,39.60866755109818,0.0999999999999659,2.0,0.5005033950160691,0.5005033950160691,0.5005033950160691,B/B,flat_gradient,not supplied,not supplied,"Hydrosheaf probabilistic edge inference using head proxy, distance, gradient, and confidence threshold"
Wet,Wet:NGW-048->NGW-078,NGW-048->NGW-078,NGW-048,NGW-078,lateral,2.9089871812853554,0.0,2.0,0.5,0.5,0.5,B/B,"flat_gradient,depth_mismatch",not supplied,not supplied,"Hydrosheaf probabilistic edge inference using head proxy, distance, gradient, and confidence threshold"
Wet,Wet:NGW-078->NGW-048,NGW-078->NGW-048,NGW-078,NGW-048,lateral,2.9089871812853554,0.0,2.0,0.5,0.5,0.5,B/B,"flat_gradient,depth_mismatch",not supplied,not supplied,"Hydrosheaf probabilistic edge inference using head proxy, distance, gradient, and confidence threshold"
Wet,Wet:NGW-143->NGW-154,NGW-143->NGW-154,NGW-143,NGW-154,lateral,39.60866755109818,-0.0999999999999659,2.0,0.49949660498393095,0.49949660498393095,0.49949660498393095,B/B,flat_gradient,not supplied,not supplied,"Hydrosheaf probabilistic edge inference using head proxy, distance, gradient, and confidence threshold"
Wet,Wet:NGW-048->NGW-083,NGW-048->NGW-083,NGW-048,NGW-083,lateral,47.13181213101246,-0.19999999999998863,2.0,0.4983099382147109,0.4983099382147109,0.4983099382147109,B/B,flat_gradient,not supplied,not supplied,"Hydrosheaf probabilistic edge inference using head proxy, distance, gradient, and confidence threshold"
Wet,Wet:NGW-054->NGW-058,NGW-054->NGW-058,NGW-054,NGW-058,lateral,44.81178226707222,-0.19999999999998863,2.0,0.49822243904339014,0.49822243904339014,0.49822243904339014,B/B,"flat_gradient,depth_mismatch",not supplied,not supplied,"Hydrosheaf probabilistic edge inference using head proxy, distance, gradient, and confidence threshold"
Wet,Wet:NGW-078->NGW-083,NGW-078->NGW-083,NGW-078,NGW-083,lateral,44.306109973688756,-0.19999999999998863,2.0,0.498202151472983,0.498202151472983,0.498202151472983,B/B,flat_gradient,not supplied,not supplied,"Hydrosheaf probabilistic edge inference using head proxy, distance, gradient, and confidence threshold"
Wet,Wet:NGW-064->NGW-046,NGW-064->NGW-046,NGW-064,NGW-046,lateral,41.831646541503495,-0.19999999999998863,2.0,0.4980958035090725,0.4980958035090725,0.4980958035090725,B/B,"flat_gradient,depth_mismatch",not supplied,not supplied,"Hydrosheaf probabilistic edge inference using head proxy, distance, gradient, and confidence threshold"
Wet,Wet:NGW-149->NGW-157,NGW-149->NGW-157,NGW-149,NGW-157,lateral,48.046526897438206,-0.30000000000001137,2.0,0.4962775024822808,0.4962775024822808,0.4962775024822808,B/B,flat_gradient,not supplied,not supplied,"Hydrosheaf probabilistic edge inference using head proxy, distance, gradient, and confidence threshold"
Wet,Wet:NGW-119->NGW-104,NGW-119->NGW-104,NGW-119,NGW-104,lateral,33.286508104967396,-0.30000000000001137,2.0,0.49462685973107373,0.49462685973107373,0.49462685973107373,B/B,flat_gradient,not supplied,not supplied,"Hydrosheaf probabilistic edge inference using head proxy, distance, gradient, and confidence threshold"
Wet,Wet:NGW-067->NGW-053,NGW-067->NGW-053,NGW-067,NGW-053,lateral,39.72634897502289,-0.4000000000000057,2.0,0.49201943178932067,0.49201943178932067,0.49201943178932067,B/B,flat_gradient,not supplied,not supplied,"Hydrosheaf probabilistic edge inference using head proxy, distance, gradient, and confidence threshold"
Wet,Wet:NGW-146->NGW-136,NGW-146->NGW-136,NGW-146,NGW-136,lateral,47.937310824440026,-0.5,2.0,0.48970464508903994,0.48970464508903994,0.48970464508903994,B/B,"flat_gradient,depth_mismatch",not supplied,not supplied,"Hydrosheaf probabilistic edge inference using head proxy, distance, gradient, and confidence threshold"
Wet,Wet:NGW-137->NGW-156,NGW-137->NGW-156,NGW-137,NGW-156,lateral,49.94060378591382,-0.6000000000000227,2.0,0.4858338009655118,0.4858338009655118,0.4858338009655118,B/B,flat_gradient,not supplied,not supplied,"Hydrosheaf probabilistic edge inference using head proxy, distance, gradient, and confidence threshold"
Wet,Wet:NGW-043->NGW-068,NGW-043->NGW-068,NGW-043,NGW-068,lateral,49.80309957046938,-0.8000000000000114,2.0,0.47503420583043626,0.47503420583043626,0.47503420583043626,B/B,flat_gradient,not supplied,not supplied,"Hydrosheaf probabilistic edge inference using head proxy, distance, gradient, and confidence threshold"
Wet,Wet:NGW-131->NGW-146,NGW-131->NGW-146,NGW-131,NGW-146,lateral,37.03933732703108,-0.6999999999999886,2.0,0.47414061299821647,0.47414061299821647,0.47414061299821647,B/B,flat_gradient,not supplied,not supplied,"Hydrosheaf probabilistic edge inference using head proxy, distance, gradient, and confidence threshold"
Wet,Wet:NGW-144->NGW-156,NGW-144->NGW-156,NGW-144,NGW-156,lateral,19.98840611480554,-0.5999999999999659,2.0,0.46460605567696517,0.46460605567696517,0.46460605567696517,B/B,flat_gradient,not supplied,not supplied,"Hydrosheaf probabilistic edge inference using head proxy, distance, gradient, and confidence threshold"
Wet,Wet:NGW-116->NGW-086,NGW-116->NGW-086,NGW-116,NGW-086,lateral,18.288569697068255,-0.6000000000000227,2.0,0.4613163552507237,0.4613163552507237,0.4613163552507237,B/B,"flat_gradient,depth_mismatch",not supplied,not supplied,"Hydrosheaf probabilistic edge inference using head proxy, distance, gradient, and confidence threshold"
Wet,Wet:NGW-062->NGW-052,NGW-062->NGW-052,NGW-062,NGW-052,lateral,46.570014124506635,-0.9999999999999716,2.0,0.45888717990032796,0.45888717990032796,0.45888717990032796,B/B,flat_gradient,not supplied,not supplied,"Hydrosheaf probabilistic edge inference using head proxy, distance, gradient, and confidence threshold"
Wet,Wet:NGW-125->NGW-145,NGW-125->NGW-145,NGW-125,NGW-145,lateral,34.97930390100001,-0.9000000000000057,2.0,0.45532206639011874,0.45532206639011874,0.45532206639011874,B/B,flat_gradient,not supplied,not supplied,"Hydrosheaf probabilistic edge inference using head proxy, distance, gradient, and confidence threshold"
Wet,Wet:NGW-067->NGW-080,NGW-067->NGW-080,NGW-067,NGW-080,lateral,48.56067176047566,-1.1000000000000227,2.0,0.4526933347079839,0.4526933347079839,0.4526933347079839,B/B,"flat_gradient,depth_mismatch",not supplied,not supplied,"Hydrosheaf probabilistic edge inference using head proxy, distance, gradient, and confidence threshold"
Wet,Wet:NGW-054->NGW-043,NGW-054->NGW-043,NGW-054,NGW-043,lateral,45.336250759137506,-1.099999999999966,2.0,0.4493287731812484,0.4493287731812484,0.4493287731812484,B/B,"flat_gradient,depth_mismatch",not supplied,not supplied,"Hydrosheaf probabilistic edge inference using head proxy, distance, gradient, and confidence threshold"
Wet,Wet:NGW-093->NGW-075,NGW-093->NGW-075,NGW-093,NGW-075,lateral,40.52736879530685,-1.1000000000000227,2.0,0.4433162449570547,0.4433162449570547,0.4433162449570547,B/B,flat_gradient,not supplied,not supplied,"Hydrosheaf probabilistic edge inference using head proxy, distance, gradient, and confidence threshold"
Wet,Wet:NGW-151->NGW-137,NGW-151->NGW-137,NGW-151,NGW-137,lateral,48.725639626727116,-1.2999999999999545,2.0,0.43539334560532267,0.43539334560532267,0.43539334560532267,B/B,flat_gradient,not supplied,not supplied,"Hydrosheaf probabilistic edge inference using head proxy, distance, gradient, and confidence threshold"
Wet,Wet:NGW-042->NGW-079,NGW-042->NGW-079,NGW-042,NGW-079,lateral,35.777734626285124,-1.200000000000017,2.0,0.4242835630792294,0.4242835630792294,0.4242835630792294,B/B,"flat_gradient,depth_mismatch",not supplied,not supplied,"Hydrosheaf probabilistic edge inference using head proxy, distance, gradient, and confidence threshold"
Wet,Wet:NGW-075->NGW-062,NGW-075->NGW-062,NGW-075,NGW-062,lateral,39.52539053989086,-1.299999999999983,2.0,0.42035497900149593,0.42035497900149593,0.42035497900149593,B/B,flat_gradient,not supplied,not supplied,"Hydrosheaf probabilistic edge inference using head proxy, distance, gradient, and confidence threshold"
Wet,Wet:NGW-148->NGW-144,NGW-148->NGW-144,NGW-148,NGW-144,lateral,25.046450982201822,-1.1000000000000227,2.0,0.40828068028637204,0.40828068028637204,0.40828068028637204,B/B,"flat_gradient,depth_mismatch",not supplied,not supplied,"Hydrosheaf probabilistic edge inference using head proxy, distance, gradient, and confidence threshold"
Wet,Wet:NGW-094->NGW-093,NGW-094->NGW-093,NGW-094,NGW-093,lateral,44.21404754578753,-1.5,2.0,0.4072559527579904,0.4072559527579904,0.4072559527579904,B/B,"flat_gradient,depth_mismatch",not supplied,not supplied,"Hydrosheaf probabilistic edge inference using head proxy, distance, gradient, and confidence threshold"
Wet,Wet:NGW-111->NGW-107,NGW-111->NGW-107,NGW-111,NGW-107,lateral,36.258650822232624,-1.5,2.0,0.38690727257196705,0.38690727257196705,0.38690727257196705,B/B,"flat_gradient,depth_mismatch",not supplied,not supplied,"Hydrosheaf probabilistic edge inference using head proxy, distance, gradient, and confidence threshold"
Wet,Wet:NGW-148->NGW-156,NGW-148->NGW-156,NGW-148,NGW-156,lateral,34.031041550036576,-1.6999999999999886,2.0,0.3489691607188366,0.3489691607188366,0.3489691607188366,B/B,"flat_gradient,depth_mismatch",not supplied,not supplied,"Hydrosheaf probabilistic edge inference using head proxy, distance, gradient, and confidence threshold"
Wet,Wet:NGW-108->NGW-120,NGW-108->NGW-120,NGW-108,NGW-120,lateral,34.6430099631017,-1.7999999999999545,2.0,0.33584227381468246,0.33584227381468246,0.33584227381468246,B/B,"flat_gradient,depth_mismatch",not supplied,not supplied,"Hydrosheaf probabilistic edge inference using head proxy, distance, gradient, and confidence threshold"
Wet,Wet:NGW-068->NGW-048,NGW-068->NGW-048,NGW-068,NGW-048,lateral,48.27193192992032,-2.2000000000000455,2.0,0.3339543014185493,0.3339543014185493,0.3339543014185493,B/B,flat_gradient,not supplied,not supplied,"Hydrosheaf probabilistic edge inference using head proxy, distance, gradient, and confidence threshold"
Wet,Wet:NGW-037->NGW-008,NGW-037->NGW-008,NGW-037,NGW-008,lateral,24.166877611964452,-1.5,2.0,0.33032190669443906,0.33032190669443906,0.33032190669443906,B/B,"flat_gradient,depth_mismatch",not supplied,not supplied,"Hydrosheaf probabilistic edge inference using head proxy, distance, gradient, and confidence threshold"
Wet,Wet:NGW-150->NGW-138,NGW-150->NGW-138,NGW-150,NGW-138,lateral,36.05170587832924,-2.0,2.0,0.310636008614657,0.310636008614657,0.310636008614657,B/B,flat_gradient,not supplied,not supplied,"Hydrosheaf probabilistic edge inference using head proxy, distance, gradient, and confidence threshold"
Wet,Wet:NGW-062->NGW-056,NGW-062->NGW-056,NGW-062,NGW-056,lateral,49.51715122210949,-2.6000000000000227,2.0,0.2882917909846657,0.2882917909846657,0.2882917909846657,B/B,flat_gradient,not supplied,not supplied,"Hydrosheaf probabilistic edge inference using head proxy, distance, gradient, and confidence threshold"
Wet,Wet:NGW-156->NGW-136,NGW-156->NGW-136,NGW-156,NGW-136,lateral,49.03676209425912,-2.6999999999999886,2.0,0.27342948929144756,0.27342948929144756,0.27342948929144756,B/B,flat_gradient,not supplied,not supplied,"Hydrosheaf probabilistic edge inference using head proxy, distance, gradient, and confidence threshold"
Wet,Wet:NGW-156->NGW-131,NGW-156->NGW-131,NGW-156,NGW-131,lateral,18.094592776478947,-1.5,2.0,0.2733803813657908,0.2733803813657908,0.2733803813657908,B/B,flat_gradient,not supplied,not supplied,"Hydrosheaf probabilistic edge inference using head proxy, distance, gradient, and confidence threshold"
Wet,Wet:NGW-048->NGW-092,NGW-048->NGW-092,NGW-048,NGW-092,lateral,32.45785192789995,-2.099999999999966,2.0,0.27152031401895055,0.27152031401895055,0.27152031401895055,B/B,flat_gradient,not supplied,not supplied,"Hydrosheaf probabilistic edge inference using head proxy, distance, gradient, and confidence threshold"
Wet,Wet:NGW-137->NGW-146,NGW-137->NGW-146,NGW-137,NGW-146,lateral,48.97303019411252,-2.8000000000000114,2.0,0.26030044506280714,0.26030044506280714,0.26030044506280714,B/B,flat_gradient,not supplied,not supplied,"Hydrosheaf probabilistic edge inference using head proxy, distance, gradient, and confidence threshold"
Wet,Wet:NGW-046->NGW-055,NGW-046->NGW-055,NGW-046,NGW-055,lateral,43.653720927474374,-2.599999999999966,2.0,0.25985581118753825,0.25985581118753825,0.25985581118753825,B/B,flat_gradient,not supplied,not supplied,"Hydrosheaf probabilistic edge inference using head proxy, distance, gradient, and confidence threshold"
Wet,Wet:NGW-096->NGW-108,NGW-096->NGW-108,NGW-096,NGW-108,lateral,44.713594784916765,-2.7000000000000455,2.0,0.25152335023310934,0.25152335023310934,0.25152335023310934,B/B,flat_gradient,not supplied,not supplied,"Hydrosheaf probabilistic edge inference using head proxy, distance, gradient, and confidence threshold"
Wet,Wet:NGW-078->NGW-092,NGW-078->NGW-092,NGW-078,NGW-092,lateral,29.61426585863637,-2.099999999999966,2.0,0.24958150738883594,0.24958150738883594,0.24958150738883594,B/B,"flat_gradient,depth_mismatch",not supplied,not supplied,"Hydrosheaf probabilistic edge inference using head proxy, distance, gradient, and confidence threshold"
Wet,Wet:NGW-155->NGW-130,NGW-155->NGW-130,NGW-155,NGW-130,lateral,49.698735239707126,-2.9999999999999716,2.0,0.23850875883958078,0.23850875883958078,0.23850875883958078,B/B,"flat_gradient,depth_mismatch",not supplied,not supplied,"Hydrosheaf probabilistic edge inference using head proxy, distance, gradient, and confidence threshold"
Wet,Wet:NGW-053->NGW-049,NGW-053->NGW-049,NGW-053,NGW-049,lateral,49.02154892961948,-3.0,2.0,0.23489650478828444,0.23489650478828444,0.23489650478828444,B/B,flat_gradient,not supplied,not supplied,"Hydrosheaf probabilistic edge inference using head proxy, distance, gradient, and confidence threshold"
Wet,Wet:NGW-143->NGW-133,NGW-143->NGW-133,NGW-143,NGW-133,lateral,33.26811528268496,-2.400000000000034,2.0,0.22230684437096804,0.22230684437096804,0.22230684437096804,B/B,"flat_gradient,depth_mismatch",not supplied,not supplied,"Hydrosheaf probabilistic edge inference using head proxy, distance, gradient, and confidence threshold"
Wet,Wet:NGW-114->NGW-083,NGW-114->NGW-083,NGW-114,NGW-083,lateral,22.362849566065325,-1.900000000000034,2.0,0.22052159177321262,0.22052159177321262,0.22052159177321262,B/B,"flat_gradient,depth_mismatch",not supplied,not supplied,"Hydrosheaf probabilistic edge inference using head proxy, distance, gradient, and confidence threshold"
Wet,Wet:NGW-144->NGW-146,NGW-144->NGW-146,NGW-144,NGW-146,lateral,37.8582933545461,-2.7999999999999545,2.0,0.18992755612306272,0.18992755612306272,0.18992755612306272,B/B,flat_gradient,not supplied,not supplied,"Hydrosheaf probabilistic edge inference using head proxy, distance, gradient, and confidence threshold"
Wet,Wet:NGW-140->NGW-145,NGW-140->NGW-145,NGW-140,NGW-145,lateral,39.214366967304606,-2.9000000000000057,2.0,0.18461427716959217,0.18461427716959217,0.18461427716959217,B/B,flat_gradient,not supplied,not supplied,"Hydrosheaf probabilistic edge inference using head proxy, distance, gradient, and confidence threshold"
Wet,Wet:NGW-043->NGW-069,NGW-043->NGW-069,NGW-043,NGW-069,lateral,46.405330239666306,-3.400000000000034,2.0,0.1663147490549764,0.1663147490549764,0.1663147490549764,B/B,"flat_gradient,depth_mismatch",not supplied,not supplied,"Hydrosheaf probabilistic edge inference using head proxy, distance, gradient, and confidence threshold"
Wet,Wet:NGW-066->NGW-064,NGW-066->NGW-064,NGW-066,NGW-064,lateral,46.34744922913302,-3.3999999999999773,2.0,0.1658980262396837,0.1658980262396837,0.1658980262396837,B/B,"flat_gradient,depth_mismatch",not supplied,not supplied,"Hydrosheaf probabilistic edge inference using head proxy, distance, gradient, and confidence threshold"
Wet,Wet:NGW-102->NGW-067,NGW-102->NGW-067,NGW-102,NGW-067,lateral,49.795645943763795,-3.799999999999983,2.0,0.14035468588524963,0.14035468588524963,0.14035468588524963,B/B,"flat_gradient,depth_mismatch",not supplied,not supplied,"Hydrosheaf probabilistic edge inference using head proxy, distance, gradient, and confidence threshold"
Wet,Wet:NGW-103->NGW-110,NGW-103->NGW-110,NGW-103,NGW-110,lateral,23.753124462048174,-2.3000000000000114,2.0,0.1369595295084795,0.1369595295084795,0.1369595295084795,B/B,"flat_gradient,depth_mismatch",not supplied,not supplied,"Hydrosheaf probabilistic edge inference using head proxy, distance, gradient, and confidence threshold"
Wet,Wet:NGW-053->NGW-103,NGW-053->NGW-103,NGW-053,NGW-103,lateral,47.6408715540183,-3.6999999999999886,2.0,0.13665233720724856,0.13665233720724856,0.13665233720724856,B/B,flat_gradient,not supplied,not supplied,"Hydrosheaf probabilistic edge inference using head proxy, distance, gradient, and confidence threshold"
Wet,Wet:NGW-139->NGW-134,NGW-139->NGW-134,NGW-139,NGW-134,lateral,47.07601807294522,-3.8000000000000114,2.0,0.11957762232051988,0.11957762232051988,0.11957762232051988,B/B,flat_gradient,not supplied,not supplied,"Hydrosheaf probabilistic edge inference using head proxy, distance, gradient, and confidence threshold"
Wet,Wet:NGW-125->NGW-139,NGW-125->NGW-139,NGW-125,NGW-139,lateral,38.661113128934716,-3.3000000000000114,2.0,0.11544196864413087,0.11544196864413087,0.11544196864413087,B/B,"flat_gradient,depth_mismatch",not supplied,not supplied,"Hydrosheaf probabilistic edge inference using head proxy, distance, gradient, and confidence threshold"
Wet,Wet:NGW-094->NGW-099,NGW-094->NGW-099,NGW-094,NGW-099,lateral,35.092243858750535,-3.0999999999999943,2.0,0.11181432122815649,0.11181432122815649,0.11181432122815649,B/B,flat_gradient,not supplied,not supplied,"Hydrosheaf probabilistic edge inference using head proxy, distance, gradient, and confidence threshold"
Wet,Wet:NGW-079->NGW-076,NGW-079->NGW-076,NGW-079,NGW-076,lateral,38.29667081999776,-3.299999999999983,2.0,0.11178240205866607,0.11178240205866607,0.11178240205866607,B/B,flat_gradient,not supplied,not supplied,"Hydrosheaf probabilistic edge inference using head proxy, distance, gradient, and confidence threshold"
Wet,Wet:NGW-080->NGW-079,NGW-080->NGW-079,NGW-080,NGW-079,lateral,41.464694045640485,-3.6999999999999886,2.0,0.08253160354906364,0.08253160354906364,0.08253160354906364,B/B,flat_gradient,not supplied,not supplied,"Hydrosheaf probabilistic edge inference using head proxy, distance, gradient, and confidence threshold"
Wet,Wet:NGW-104->NGW-086,NGW-104->NGW-086,NGW-104,NGW-086,lateral,44.26728937563972,-3.900000000000034,2.0,0.0820375283959,0.0820375283959,0.0820375283959,B/B,flat_gradient,not supplied,not supplied,"Hydrosheaf probabilistic edge inference using head proxy, distance, gradient, and confidence threshold"
Wet,Wet:NGW-100->NGW-104,NGW-100->NGW-104,NGW-100,NGW-104,lateral,38.498066268932334,-3.5,2.0,0.08185095850496488,0.08185095850496488,0.08185095850496488,B/B,"flat_gradient,depth_mismatch",not supplied,not supplied,"Hydrosheaf probabilistic edge inference using head proxy, distance, gradient, and confidence threshold"
Wet,Wet:NGW-088->NGW-097,NGW-088->NGW-097,NGW-088,NGW-097,lateral,38.422453641665044,-3.599999999999966,2.0,0.0651889213598259,0.0651889213598259,0.0651889213598259,B/B,"flat_gradient,depth_mismatch",not supplied,not supplied,"Hydrosheaf probabilistic edge inference using head proxy, distance, gradient, and confidence threshold"
Wet,Wet:NGW-076->NGW-063,NGW-076->NGW-063,NGW-076,NGW-063,lateral,42.260236301823404,-3.8999999999999773,2.0,0.062187358667049164,0.062187358667049164,0.062187358667049164,B/B,"flat_gradient,depth_mismatch",not supplied,not supplied,"Hydrosheaf probabilistic edge inference using head proxy, distance, gradient, and confidence threshold"
Wet,Wet:NGW-151->NGW-136,NGW-151->NGW-136,NGW-151,NGW-136,lateral,49.719425982580674,-4.599999999999966,2.0,0.04732601002095238,0.04732601002095238,0.04732601002095238,B/B,"flat_gradient,depth_mismatch",not supplied,not supplied,"Hydrosheaf probabilistic edge inference using head proxy, distance, gradient, and confidence threshold"
Wet,Wet:NGW-058->NGW-069,NGW-058->NGW-069,NGW-058,NGW-069,lateral,45.88040461392719,-4.300000000000011,2.0,0.046177435500150354,0.046177435500150354,0.046177435500150354,B/B,"flat_gradient,depth_mismatch",not supplied,not supplied,"Hydrosheaf probabilistic edge inference using head proxy, distance, gradient, and confidence threshold"
Wet,Wet:NGW-067->NGW-103,NGW-067->NGW-103,NGW-067,NGW-103,lateral,43.29904086251358,-4.099999999999994,2.0,0.04565900822533675,0.04565900822533675,0.04565900822533675,B/B,"flat_gradient,depth_mismatch",not supplied,not supplied,"Hydrosheaf probabilistic edge inference using head proxy, distance, gradient, and confidence threshold"
Wet,Wet:NGW-090->NGW-111,NGW-090->NGW-111,NGW-090,NGW-111,lateral,43.4878799119636,-4.199999999999989,2.0,0.034360047503927404,0.034360047503927404,0.034360047503927404,B/B,flat_gradient,not supplied,not supplied,"Hydrosheaf probabilistic edge inference using head proxy, distance, gradient, and confidence threshold"
Dry,Dry:NGW-064->NGW-061,NGW-064->NGW-061,NGW-064,NGW-061,primary,0.3219698409033742,38.79999999999998,2.0,1.0,1.0,1.0,B/B,depth_mismatch,not supplied,not supplied,"Hydrosheaf probabilistic edge inference using head proxy, distance, gradient, and confidence threshold"
Dry,Dry:NGW-141->NGW-122,NGW-141->NGW-122,NGW-141,NGW-122,primary,0.3580443047084863,30.10000000000005,2.0,1.0,1.0,1.0,B/B,depth_mismatch,not supplied,not supplied,"Hydrosheaf probabilistic edge inference using head proxy, distance, gradient, and confidence threshold"
Dry,Dry:NGW-022->NGW-004,NGW-022->NGW-004,NGW-022,NGW-004,primary,0.43450578068951345,157.09999999999997,2.0,1.0,1.0,1.0,B/B,,not supplied,not supplied,"Hydrosheaf probabilistic edge inference using head proxy, distance, gradient, and confidence threshold"
Dry,Dry:NGW-150->NGW-130,NGW-150->NGW-130,NGW-150,NGW-130,primary,0.47819337210912066,24.700000000000017,2.0,1.0,1.0,1.0,B/B,,not supplied,not supplied,"Hydrosheaf probabilistic edge inference using head proxy, distance, gradient, and confidence threshold"
Dry,Dry:NGW-019->NGW-040,NGW-019->NGW-040,NGW-019,NGW-040,primary,0.5052746466044314,96.70000000000002,2.0,1.0,1.0,1.0,B/B,depth_mismatch,not supplied,not supplied,"Hydrosheaf probabilistic edge inference using head proxy, distance, gradient, and confidence threshold"
Dry,Dry:NGW-096->NGW-083,NGW-096->NGW-083,NGW-096,NGW-083,primary,0.5428783824992448,19.399999999999977,2.0,1.0,1.0,1.0,B/B,,not supplied,not supplied,"Hydrosheaf probabilistic edge inference using head proxy, distance, gradient, and confidence threshold"
Dry,Dry:NGW-022->NGW-006,NGW-022->NGW-006,NGW-022,NGW-006,primary,0.5450234795634019,33.39999999999995,2.0,1.0,1.0,1.0,B/B,,not supplied,not supplied,"Hydrosheaf probabilistic edge inference using head proxy, distance, gradient, and confidence threshold"
Dry,Dry:NGW-068->NGW-053,NGW-068->NGW-053,NGW-068,NGW-053,primary,0.7182712114222398,32.89999999999998,2.0,1.0,1.0,1.0,B/B,depth_mismatch,not supplied,not supplied,"Hydrosheaf probabilistic edge inference using head proxy, distance, gradient, and confidence threshold"
Dry,Dry:NGW-088->NGW-101,NGW-088->NGW-101,NGW-088,NGW-101,primary,0.7883868831076483,19.60000000000008,2.0,1.0,1.0,1.0,B/B,depth_mismatch,not supplied,not supplied,"Hydrosheaf probabilistic edge inference using head proxy, distance, gradient, and confidence threshold"
Dry,Dry:NGW-075->NGW-067,NGW-075->NGW-067,NGW-075,NGW-067,primary,0.8002093891503542,16.50000000000003,2.0,1.0,1.0,1.0,B/B,depth_mismatch,not supplied,not supplied,"Hydrosheaf probabilistic edge inference using head proxy, distance, gradient, and confidence threshold"
Dry,Dry:NGW-147->NGW-122,NGW-147->NGW-122,NGW-147,NGW-122,primary,0.827351121925501,33.19999999999996,2.0,1.0,1.0,1.0,B/B,,not supplied,not supplied,"Hydrosheaf probabilistic edge inference using head proxy, distance, gradient, and confidence threshold"
Dry,Dry:NGW-006->NGW-004,NGW-006->NGW-004,NGW-006,NGW-004,primary,0.9699710632695723,123.7,2.0,1.0,1.0,1.0,B/B,depth_mismatch,not supplied,not supplied,"Hydrosheaf probabilistic edge inference using head proxy, distance, gradient, and confidence threshold"
Dry,Dry:NGW-126->NGW-135,NGW-126->NGW-135,NGW-126,NGW-135,primary,0.9870940344775794,62.0,2.0,1.0,1.0,1.0,B/B,depth_mismatch,not supplied,not supplied,"Hydrosheaf probabilistic edge inference using head proxy, distance, gradient, and confidence threshold"
Dry,Dry:NGW-047->NGW-041,NGW-047->NGW-041,NGW-047,NGW-041,primary,1.0515085967975222,29.69999999999999,2.0,1.0,1.0,1.0,B/B,depth_mismatch,not supplied,not supplied,"Hydrosheaf probabilistic edge inference using head proxy, distance, gradient, and confidence threshold"
Dry,Dry:NGW-056->NGW-073,NGW-056->NGW-073,NGW-056,NGW-073,primary,1.0887260640307215,42.20000000000002,2.0,1.0,1.0,1.0,B/B,,not supplied,not supplied,"Hydrosheaf probabilistic edge inference using head proxy, distance, gradient, and confidence threshold"
Dry,Dry:NGW-039->NGW-036,NGW-039->NGW-036,NGW-039,NGW-036,primary,1.0940858667989963,59.80000000000004,2.0,1.0,1.0,1.0,B/B,,not supplied,not supplied,"Hydrosheaf probabilistic edge inference using head proxy, distance, gradient, and confidence threshold"
Dry,Dry:NGW-048->NGW-060,NGW-048->NGW-060,NGW-048,NGW-060,primary,1.1500229495659893,64.50000000000003,2.0,1.0,1.0,1.0,B/B,,not supplied,not supplied,"Hydrosheaf probabilistic edge inference using head proxy, distance, gradient, and confidence threshold"
Dry,Dry:NGW-031->NGW-040,NGW-031->NGW-040,NGW-031,NGW-040,primary,1.3899318538285215,63.30000000000001,2.0,1.0,1.0,1.0,B/B,,not supplied,not supplied,"Hydrosheaf probabilistic edge inference using head proxy, distance, gradient, and confidence threshold"
Dry,Dry:NGW-094->NGW-111,NGW-094->NGW-111,NGW-094,NGW-111,primary,1.4278154680862933,25.0,2.0,1.0,1.0,1.0,B/B,,not supplied,not supplied,"Hydrosheaf probabilistic edge inference using head proxy, distance, gradient, and confidence threshold"
Dry,Dry:NGW-013->NGW-005,NGW-013->NGW-005,NGW-013,NGW-005,primary,1.4561201364140792,55.79999999999998,2.0,1.0,1.0,1.0,B/B,,not supplied,not supplied,"Hydrosheaf probabilistic edge inference using head proxy, distance, gradient, and confidence threshold"
Dry,Dry:NGW-032->NGW-020,NGW-032->NGW-020,NGW-032,NGW-020,primary,1.4785026488903583,67.10000000000002,2.0,1.0,1.0,1.0,B/B,depth_mismatch,not supplied,not supplied,"Hydrosheaf probabilistic edge inference using head proxy, distance, gradient, and confidence threshold"
Dry,Dry:NGW-154->NGW-138,NGW-154->NGW-138,NGW-154,NGW-138,primary,1.562504936780172,47.69999999999996,2.0,1.0,1.0,1.0,B/B,,not supplied,not supplied,"Hydrosheaf probabilistic edge inference using head proxy, distance, gradient, and confidence threshold"
Dry,Dry:NGW-013->NGW-001,NGW-013->NGW-001,NGW-013,NGW-001,primary,1.624691978799899,68.19999999999999,2.0,1.0,1.0,1.0,B/B,,not supplied,not supplied,"Hydrosheaf probabilistic edge inference using head proxy, distance, gradient, and confidence threshold"
Dry,Dry:NGW-106->NGW-110,NGW-106->NGW-110,NGW-106,NGW-110,primary,1.6428142539315993,29.600000000000023,2.0,1.0,1.0,1.0,B/B,depth_mismatch,not supplied,not supplied,"Hydrosheaf probabilistic edge inference using head proxy, distance, gradient, and confidence threshold"
Dry,Dry:NGW-078->NGW-059,NGW-078->NGW-059,NGW-078,NGW-059,primary,1.6834764448972126,25.5,2.0,1.0,1.0,1.0,B/B,,not supplied,not supplied,"Hydrosheaf probabilistic edge inference using head proxy, distance, gradient, and confidence threshold"
Dry,Dry:NGW-106->NGW-081,NGW-106->NGW-081,NGW-106,NGW-081,primary,1.6942767093897866,26.700000000000017,2.0,1.0,1.0,1.0,B/B,depth_mismatch,not supplied,not supplied,"Hydrosheaf probabilistic edge inference using head proxy, distance, gradient, and confidence threshold"
Dry,Dry:NGW-019->NGW-031,NGW-019->NGW-031,NGW-019,NGW-031,primary,1.6972670023153715,33.400000000000006,2.0,1.0,1.0,1.0,B/B,depth_mismatch,not supplied,not supplied,"Hydrosheaf probabilistic edge inference using head proxy, distance, gradient, and confidence threshold"
Dry,Dry:NGW-008->NGW-030,NGW-008->NGW-030,NGW-008,NGW-030,primary,1.7408113844565627,47.69999999999999,2.0,1.0,1.0,1.0,B/B,,not supplied,not supplied,"Hydrosheaf probabilistic edge inference using head proxy, distance, gradient, and confidence threshold"
Dry,Dry:NGW-132->NGW-126,NGW-132->NGW-126,NGW-132,NGW-126,primary,1.8051463901290759,50.0,2.0,1.0,1.0,1.0,B/B,,not supplied,not supplied,"Hydrosheaf probabilistic edge inference using head proxy, distance, gradient, and confidence threshold"
Dry,Dry:NGW-055->NGW-050,NGW-055->NGW-050,NGW-055,NGW-050,primary,1.832487827066541,58.29999999999998,2.0,1.0,1.0,1.0,B/B,depth_mismatch,not supplied,not supplied,"Hydrosheaf probabilistic edge inference using head proxy, distance, gradient, and confidence threshold"
Dry,Dry:NGW-131->NGW-140,NGW-131->NGW-140,NGW-131,NGW-140,primary,1.8681236636221783,21.0,2.0,1.0,1.0,1.0,B/B,,not supplied,not supplied,"Hydrosheaf probabilistic edge inference using head proxy, distance, gradient, and confidence threshold"
Dry,Dry:NGW-061->NGW-050,NGW-061->NGW-050,NGW-061,NGW-050,primary,1.8746866597212937,16.700000000000045,2.0,1.0,1.0,1.0,B/B,,not supplied,not supplied,"Hydrosheaf probabilistic edge inference using head proxy, distance, gradient, and confidence threshold"
Dry,Dry:NGW-021->NGW-012,NGW-021->NGW-012,NGW-021,NGW-012,primary,1.8882641544461274,23.099999999999994,2.0,1.0,1.0,1.0,B/B,,not supplied,not supplied,"Hydrosheaf probabilistic edge inference using head proxy, distance, gradient, and confidence threshold"
Dry,Dry:NGW-095->NGW-089,NGW-095->NGW-089,NGW-095,NGW-089,primary,1.912380845946124,24.80000000000001,2.0,1.0,1.0,1.0,B/B,depth_mismatch,not supplied,not supplied,"Hydrosheaf probabilistic edge inference using head proxy, distance, gradient, and confidence threshold"
Dry,Dry:NGW-047->NGW-079,NGW-047->NGW-079,NGW-047,NGW-079,primary,1.9232543401401474,37.49999999999997,2.0,1.0,1.0,1.0,B/B,depth_mismatch,not supplied,not supplied,"Hydrosheaf probabilistic edge inference using head proxy, distance, gradient, and confidence threshold"
Dry,Dry:NGW-011->NGW-010,NGW-011->NGW-010,NGW-011,NGW-010,primary,2.0819796340992864,59.700000000000045,2.0,1.0,1.0,1.0,B/B,,not supplied,not supplied,"Hydrosheaf probabilistic edge inference using head proxy, distance, gradient, and confidence threshold"
Dry,Dry:NGW-043->NGW-049,NGW-043->NGW-049,NGW-043,NGW-049,primary,2.0820779328237564,29.099999999999966,2.0,1.0,1.0,1.0,B/B,depth_mismatch,not supplied,not supplied,"Hydrosheaf probabilistic edge inference using head proxy, distance, gradient, and confidence threshold"
Dry,Dry:NGW-019->NGW-029,NGW-019->NGW-029,NGW-019,NGW-029,primary,2.107312380575053,32.69999999999999,2.0,1.0,1.0,1.0,B/B,,not supplied,not supplied,"Hydrosheaf probabilistic edge inference using head proxy, distance, gradient, and confidence threshold"
Dry,Dry:NGW-104->NGW-102,NGW-104->NGW-102,NGW-104,NGW-102,primary,2.1207996204799313,29.899999999999977,2.0,1.0,1.0,1.0,B/B,depth_mismatch,not supplied,not supplied,"Hydrosheaf probabilistic edge inference using head proxy, distance, gradient, and confidence threshold"
Dry,Dry:NGW-097->NGW-114,NGW-097->NGW-114,NGW-097,NGW-114,primary,2.1930814283722952,39.900000000000034,2.0,1.0,1.0,1.0,B/B,,not supplied,not supplied,"Hydrosheaf probabilistic edge inference using head proxy, distance, gradient, and confidence threshold"
Dry,Dry:NGW-064->NGW-050,NGW-064->NGW-050,NGW-064,NGW-050,primary,2.1945072394526854,55.50000000000003,2.0,1.0,1.0,1.0,B/B,depth_mismatch,not supplied,not supplied,"Hydrosheaf probabilistic edge inference using head proxy, distance, gradient, and confidence threshold"
Dry,Dry:NGW-055->NGW-061,NGW-055->NGW-061,NGW-055,NGW-061,primary,2.196322677269084,41.59999999999994,2.0,1.0,1.0,1.0,B/B,,not supplied,not supplied,"Hydrosheaf probabilistic edge inference using head proxy, distance, gradient, and confidence threshold"
Dry,Dry:NGW-012->NGW-040,NGW-012->NGW-040,NGW-012,NGW-040,primary,2.2750561820103075,66.70000000000002,2.0,1.0,1.0,1.0,B/B,,not supplied,not supplied,"Hydrosheaf probabilistic edge inference using head proxy, distance, gradient, and confidence threshold"
Dry,Dry:NGW-062->NGW-072,NGW-062->NGW-072,NGW-062,NGW-072,primary,2.313476578333529,21.900000000000006,2.0,1.0,1.0,1.0,B/B,,not supplied,not supplied,"Hydrosheaf probabilistic edge inference using head proxy, distance, gradient, and confidence threshold"
Dry,Dry:NGW-009->NGW-010,NGW-009->NGW-010,NGW-009,NGW-010,primary,2.3436558423084164,25.80000000000001,2.0,1.0,1.0,1.0,B/B,depth_mismatch,not supplied,not supplied,"Hydrosheaf probabilistic edge inference using head proxy, distance, gradient, and confidence threshold"
Dry,Dry:NGW-144->NGW-135,NGW-144->NGW-135,NGW-144,NGW-135,primary,2.3733578015874324,51.400000000000034,2.0,1.0,1.0,1.0,B/B,depth_mismatch,not supplied,not supplied,"Hydrosheaf probabilistic edge inference using head proxy, distance, gradient, and confidence threshold"
Dry,Dry:NGW-106->NGW-099,NGW-106->NGW-099,NGW-106,NGW-099,primary,2.388270933116494,19.00000000000003,2.0,1.0,1.0,1.0,B/B,depth_mismatch,not supplied,not supplied,"Hydrosheaf probabilistic edge inference using head proxy, distance, gradient, and confidence threshold"
Dry,Dry:NGW-154->NGW-149,NGW-154->NGW-149,NGW-154,NGW-149,primary,2.444127795927859,55.19999999999996,2.0,1.0,1.0,1.0,B/B,depth_mismatch,not supplied,not supplied,"Hydrosheaf probabilistic edge inference using head proxy, distance, gradient, and confidence threshold"
Dry,Dry:NGW-045->NGW-074,NGW-045->NGW-074,NGW-045,NGW-074,primary,2.482778669352108,43.20000000000002,2.0,1.0,1.0,1.0,B/B,,not supplied,not supplied,"Hydrosheaf probabilistic edge inference using head proxy, distance, gradient, and confidence threshold"
Dry,Dry:NGW-029->NGW-040,NGW-029->NGW-040,NGW-029,NGW-040,primary,2.5025180110838905,64.00000000000003,2.0,1.0,1.0,1.0,B/B,,not supplied,not supplied,"Hydrosheaf probabilistic edge inference using head proxy, distance, gradient, and confidence threshold"
Dry,Dry:NGW-108->NGW-117,NGW-108->NGW-117,NGW-108,NGW-117,primary,2.531805509100943,39.10000000000002,2.0,1.0,1.0,1.0,B/B,depth_mismatch,not supplied,not supplied,"Hydrosheaf probabilistic edge inference using head proxy, distance, gradient, and confidence threshold"
Dry,Dry:NGW-086->NGW-090,NGW-086->NGW-090,NGW-086,NGW-090,primary,2.5324944266572835,45.30000000000001,2.0,1.0,1.0,1.0,B/B,,not supplied,not supplied,"Hydrosheaf probabilistic edge inference using head proxy, distance, gradient, and confidence threshold"
Dry,Dry:NGW-151->NGW-160,NGW-151->NGW-160,NGW-151,NGW-160,primary,2.627692272201113,53.70000000000002,2.0,1.0,1.0,1.0,B/B,depth_mismatch,not supplied,not supplied,"Hydrosheaf probabilistic edge inference using head proxy, distance, gradient, and confidence threshold"
Dry,Dry:NGW-047->NGW-057,NGW-047->NGW-057,NGW-047,NGW-057,primary,2.6309381795033713,26.19999999999996,2.0,1.0,1.0,1.0,B/B,depth_mismatch,not supplied,not supplied,"Hydrosheaf probabilistic edge inference using head proxy, distance, gradient, and confidence threshold"
Dry,Dry:NGW-021->NGW-029,NGW-021->NGW-029,NGW-021,NGW-029,primary,2.6405904918912095,25.799999999999983,2.0,1.0,1.0,1.0,B/B,depth_mismatch,not supplied,not supplied,"Hydrosheaf probabilistic edge inference using head proxy, distance, gradient, and confidence threshold"
Dry,Dry:NGW-035->NGW-001,NGW-035->NGW-001,NGW-035,NGW-001,primary,2.687442345301759,36.19999999999999,2.0,1.0,1.0,1.0,B/B,depth_mismatch,not supplied,not supplied,"Hydrosheaf probabilistic edge inference using head proxy, distance, gradient, and confidence threshold"
Dry,Dry:NGW-048->NGW-059,NGW-048->NGW-059,NGW-048,NGW-059,primary,2.7013640866538258,25.5,2.0,1.0,1.0,1.0,B/B,,not supplied,not supplied,"Hydrosheaf probabilistic edge inference using head proxy, distance, gradient, and confidence threshold"
Dry,Dry:NGW-078->NGW-060,NGW-078->NGW-060,NGW-078,NGW-060,primary,2.7275583326128716,64.50000000000003,2.0,1.0,1.0,1.0,B/B,depth_mismatch,not supplied,not supplied,"Hydrosheaf probabilistic edge inference using head proxy, distance, gradient, and confidence threshold"
Dry,Dry:NGW-052->NGW-065,NGW-052->NGW-065,NGW-052,NGW-065,primary,2.7354583401393042,35.89999999999998,2.0,1.0,1.0,1.0,B/B,depth_mismatch,not supplied,not supplied,"Hydrosheaf probabilistic edge inference using head proxy, distance, gradient, and confidence threshold"
Dry,Dry:NGW-132->NGW-135,NGW-132->NGW-135,NGW-132,NGW-135,primary,2.773373540309865,112.0,2.0,1.0,1.0,1.0,B/B,depth_mismatch,not supplied,not supplied,"Hydrosheaf probabilistic edge inference using head proxy, distance, gradient, and confidence threshold"
Dry,Dry:NGW-152->NGW-136,NGW-152->NGW-136,NGW-152,NGW-136,primary,2.828145984257028,33.30000000000001,2.0,1.0,1.0,1.0,B/B,depth_mismatch,not supplied,not supplied,"Hydrosheaf probabilistic edge inference using head proxy, distance, gradient, and confidence threshold"
Dry,Dry:NGW-066->NGW-067,NGW-066->NGW-067,NGW-066,NGW-067,primary,2.8326917546328554,51.30000000000004,2.0,1.0,1.0,1.0,B/B,depth_mismatch,not supplied,not supplied,"Hydrosheaf probabilistic edge inference using head proxy, distance, gradient, and confidence threshold"
Dry,Dry:NGW-088->NGW-117,NGW-088->NGW-117,NGW-088,NGW-117,primary,2.8420813268356215,51.400000000000034,2.0,1.0,1.0,1.0,B/B,,not supplied,not supplied,"Hydrosheaf probabilistic edge inference using head proxy, distance, gradient, and confidence threshold"
Dry,Dry:NGW-085->NGW-109,NGW-085->NGW-109,NGW-085,NGW-109,primary,2.866987162692208,20.900000000000006,2.0,1.0,1.0,1.0,B/B,depth_mismatch,not supplied,not supplied,"Hydrosheaf probabilistic edge inference using head proxy, distance, gradient, and confidence threshold"
Dry,Dry:NGW-119->NGW-103,NGW-119->NGW-103,NGW-119,NGW-103,primary,2.894086451550023,21.69999999999999,2.0,1.0,1.0,1.0,B/B,,not supplied,not supplied,"Hydrosheaf probabilistic edge inference using head proxy, distance, gradient, and confidence threshold"
Dry,Dry:NGW-132->NGW-144,NGW-132->NGW-144,NGW-132,NGW-144,primary,2.909922384301843,60.599999999999966,2.0,1.0,1.0,1.0,B/B,depth_mismatch,not supplied,not supplied,"Hydrosheaf probabilistic edge inference using head proxy, distance, gradient, and confidence threshold"
Dry,Dry:NGW-143->NGW-135,NGW-143->NGW-135,NGW-143,NGW-135,primary,2.976567235187173,67.30000000000001,2.0,1.0,1.0,1.0,B/B,,not supplied,not supplied,"Hydrosheaf probabilistic edge inference using head proxy, distance, gradient, and confidence threshold"
Dry,Dry:NGW-066->NGW-074,NGW-066->NGW-074,NGW-066,NGW-074,primary,2.9917275501149505,70.00000000000003,2.0,1.0,1.0,1.0,B/B,,not supplied,not supplied,"Hydrosheaf probabilistic edge inference using head proxy, distance, gradient, and confidence threshold"
Dry,Dry:NGW-037->NGW-021,NGW-037->NGW-021,NGW-037,NGW-021,primary,2.995142096264969,38.900000000000006,2.0,1.0,1.0,1.0,B/B,depth_mismatch,not supplied,not supplied,"Hydrosheaf probabilistic edge inference using head proxy, distance, gradient, and confidence threshold"
Dry,Dry:NGW-105->NGW-091,NGW-105->NGW-091,NGW-105,NGW-091,primary,3.019534728165105,48.19999999999999,2.0,1.0,1.0,1.0,B/B,,not supplied,not supplied,"Hydrosheaf probabilistic edge inference using head proxy, distance, gradient, and confidence threshold"
Dry,Dry:NGW-144->NGW-140,NGW-144->NGW-140,NGW-144,NGW-140,primary,3.051893580620015,18.900000000000034,2.0,1.0,1.0,1.0,B/B,,not supplied,not supplied,"Hydrosheaf probabilistic edge inference using head proxy, distance, gradient, and confidence threshold"
Dry,Dry:NGW-021->NGW-031,NGW-021->NGW-031,NGW-021,NGW-031,primary,3.078447019000794,26.5,2.0,1.0,1.0,1.0,B/B,,not supplied,not supplied,"Hydrosheaf probabilistic edge inference using head proxy, distance, gradient, and confidence threshold"
Dry,Dry:NGW-154->NGW-145,NGW-154->NGW-145,NGW-154,NGW-145,primary,3.111310185634103,31.99999999999997,2.0,1.0,1.0,1.0,B/B,depth_mismatch,not supplied,not supplied,"Hydrosheaf probabilistic edge inference using head proxy, distance, gradient, and confidence threshold"
Dry,Dry:NGW-046->NGW-070,NGW-046->NGW-070,NGW-046,NGW-070,primary,3.1326292847436696,92.80000000000001,2.0,1.0,1.0,1.0,B/B,depth_mismatch,not supplied,not supplied,"Hydrosheaf probabilistic edge inference using head proxy, distance, gradient, and confidence threshold"
Dry,Dry:NGW-059->NGW-060,NGW-059->NGW-060,NGW-059,NGW-060,primary,3.184220179110214,39.00000000000003,2.0,1.0,1.0,1.0,B/B,,not supplied,not supplied,"Hydrosheaf probabilistic edge inference using head proxy, distance, gradient, and confidence threshold"
Dry,Dry:NGW-027->NGW-002,NGW-027->NGW-002,NGW-027,NGW-002,primary,3.1870043972944733,98.1,2.0,1.0,1.0,1.0,B/B,,not supplied,not supplied,"Hydrosheaf probabilistic edge inference using head proxy, distance, gradient, and confidence threshold"
Dry,Dry:NGW-087->NGW-111,NGW-087->NGW-111,NGW-087,NGW-111,primary,3.2513508149141215,65.19999999999999,2.0,1.0,1.0,1.0,B/B,depth_mismatch,not supplied,not supplied,"Hydrosheaf probabilistic edge inference using head proxy, distance, gradient, and confidence threshold"
Dry,Dry:NGW-046->NGW-067,NGW-046->NGW-067,NGW-046,NGW-067,primary,3.285459617205371,54.900000000000006,2.0,1.0,1.0,1.0,B/B,,not supplied,not supplied,"Hydrosheaf probabilistic edge inference using head proxy, distance, gradient, and confidence threshold"
Dry,Dry:NGW-066->NGW-075,NGW-066->NGW-075,NGW-066,NGW-075,primary,3.2952758468195684,34.80000000000001,2.0,1.0,1.0,1.0,B/B,,not supplied,not supplied,"Hydrosheaf probabilistic edge inference using head proxy, distance, gradient, and confidence threshold"
Dry,Dry:NGW-018->NGW-005,NGW-018->NGW-005,NGW-018,NGW-005,primary,3.3596466174008843,38.80000000000001,2.0,1.0,1.0,1.0,B/B,depth_mismatch,not supplied,not supplied,"Hydrosheaf probabilistic edge inference using head proxy, distance, gradient, and confidence threshold"
Dry,Dry:NGW-071->NGW-041,NGW-071->NGW-041,NGW-071,NGW-041,primary,3.370819185426887,34.099999999999966,2.0,1.0,1.0,1.0,B/B,,not supplied,not supplied,"Hydrosheaf probabilistic edge inference using head proxy, distance, gradient, and confidence threshold"
Dry,Dry:NGW-152->NGW-153,NGW-152->NGW-153,NGW-152,NGW-153,primary,3.3927753312450646,44.5,2.0,1.0,1.0,1.0,B/B,depth_mismatch,not supplied,not supplied,"Hydrosheaf probabilistic edge inference using head proxy, distance, gradient, and confidence threshold"
Dry,Dry:NGW-129->NGW-127,NGW-129->NGW-127,NGW-129,NGW-127,primary,3.405371804596125,26.700000000000017,2.0,1.0,1.0,1.0,B/B,,not supplied,not supplied,"Hydrosheaf probabilistic edge inference using head proxy, distance, gradient, and confidence threshold"
Dry,Dry:NGW-120->NGW-114,NGW-120->NGW-114,NGW-120,NGW-114,primary,3.4708034039506814,25.80000000000001,2.0,1.0,1.0,1.0,B/B,,not supplied,not supplied,"Hydrosheaf probabilistic edge inference using head proxy, distance, gradient, and confidence threshold"
Dry,Dry:NGW-031->NGW-036,NGW-031->NGW-036,NGW-031,NGW-036,primary,3.4715053464314876,28.200000000000017,2.0,1.0,1.0,1.0,B/B,,not supplied,not supplied,"Hydrosheaf probabilistic edge inference using head proxy, distance, gradient, and confidence threshold"
Dry,Dry:NGW-151->NGW-123,NGW-151->NGW-123,NGW-151,NGW-123,primary,3.483461316561384,50.900000000000006,2.0,1.0,1.0,1.0,B/B,depth_mismatch,not supplied,not supplied,"Hydrosheaf probabilistic edge inference using head proxy, distance, gradient, and confidence threshold"
Dry,Dry:NGW-101->NGW-117,NGW-101->NGW-117,NGW-101,NGW-117,primary,3.612582473695758,31.799999999999955,2.0,1.0,1.0,1.0,B/B,,not supplied,not supplied,"Hydrosheaf probabilistic edge inference using head proxy, distance, gradient, and confidence threshold"
Dry,Dry:NGW-039->NGW-040,NGW-039->NGW-040,NGW-039,NGW-040,primary,3.6899783958601176,94.90000000000003,2.0,1.0,1.0,1.0,B/B,,not supplied,not supplied,"Hydrosheaf probabilistic edge inference using head proxy, distance, gradient, and confidence threshold"
Dry,Dry:NGW-043->NGW-051,NGW-043->NGW-051,NGW-043,NGW-051,primary,3.692360267345516,63.099999999999966,2.0,1.0,1.0,1.0,B/B,,not supplied,not supplied,"Hydrosheaf probabilistic edge inference using head proxy, distance, gradient, and confidence threshold"
Dry,Dry:NGW-095->NGW-081,NGW-095->NGW-081,NGW-095,NGW-081,primary,3.702050206158599,33.400000000000006,2.0,1.0,1.0,1.0,B/B,,not supplied,not supplied,"Hydrosheaf probabilistic edge inference using head proxy, distance, gradient, and confidence threshold"
Dry,Dry:NGW-009->NGW-004,NGW-009->NGW-004,NGW-009,NGW-004,primary,3.7113718772797752,102.99999999999999,2.0,1.0,1.0,1.0,B/B,depth_mismatch,not supplied,not supplied,"Hydrosheaf probabilistic edge inference using head proxy, distance, gradient, and confidence threshold"
Dry,Dry:NGW-119->NGW-107,NGW-119->NGW-107,NGW-119,NGW-107,primary,3.7357437347243407,35.39999999999998,2.0,1.0,1.0,1.0,B/B,depth_mismatch,not supplied,not supplied,"Hydrosheaf probabilistic edge inference using head proxy, distance, gradient, and confidence threshold"
Dry,Dry:NGW-036->NGW-040,NGW-036->NGW-040,NGW-036,NGW-040,primary,3.751635098565027,35.099999999999994,2.0,1.0,1.0,1.0,B/B,,not supplied,not supplied,"Hydrosheaf probabilistic edge inference using head proxy, distance, gradient, and confidence threshold"
Dry,Dry:NGW-152->NGW-137,NGW-152->NGW-137,NGW-152,NGW-137,primary,3.7828012425303785,36.60000000000002,2.0,1.0,1.0,1.0,B/B,,not supplied,not supplied,"Hydrosheaf probabilistic edge inference using head proxy, distance, gradient, and confidence threshold"
Dry,Dry:NGW-008->NGW-016,NGW-008->NGW-016,NGW-008,NGW-016,primary,3.7878730073099467,51.0,2.0,1.0,1.0,1.0,B/B,depth_mismatch,not supplied,not supplied,"Hydrosheaf probabilistic edge inference using head proxy, distance, gradient, and confidence threshold"
Dry,Dry:NGW-039->NGW-031,NGW-039->NGW-031,NGW-039,NGW-031,primary,3.8185772483475877,31.600000000000023,2.0,1.0,1.0,1.0,B/B,,not supplied,not supplied,"Hydrosheaf probabilistic edge inference using head proxy, distance, gradient, and confidence threshold"
Dry,Dry:NGW-013->NGW-035,NGW-013->NGW-035,NGW-013,NGW-035,primary,3.828724771221957,32.0,2.0,1.0,1.0,1.0,B/B,depth_mismatch,not supplied,not supplied,"Hydrosheaf probabilistic edge inference using head proxy, distance, gradient, and confidence threshold"
Dry,Dry:NGW-046->NGW-075,NGW-046->NGW-075,NGW-046,NGW-075,primary,3.850424622827737,38.39999999999998,2.0,1.0,1.0,1.0,B/B,,not supplied,not supplied,"Hydrosheaf probabilistic edge inference using head proxy, distance, gradient, and confidence threshold"
Dry,Dry:NGW-032->NGW-026,NGW-032->NGW-026,NGW-032,NGW-026,primary,3.8739825329035655,100.30000000000004,2.0,1.0,1.0,1.0,B/B,depth_mismatch,not supplied,not supplied,"Hydrosheaf probabilistic edge inference using head proxy, distance, gradient, and confidence threshold"
Dry,Dry:NGW-020->NGW-026,NGW-020->NGW-026,NGW-020,NGW-026,primary,3.8807213632174253,33.20000000000002,2.0,1.0,1.0,1.0,B/B,depth_mismatch,not supplied,not supplied,"Hydrosheaf probabilistic edge inference using head proxy, distance, gradient, and confidence threshold"
Dry,Dry:NGW-084->NGW-081,NGW-084->NGW-081,NGW-084,NGW-081,primary,3.913416385444369,20.19999999999996,2.0,1.0,1.0,1.0,B/B,depth_mismatch,not supplied,not supplied,"Hydrosheaf probabilistic edge inference using head proxy, distance, gradient, and confidence threshold"
Dry,Dry:NGW-129->NGW-155,NGW-129->NGW-155,NGW-129,NGW-155,primary,3.929561758834793,36.599999999999994,2.0,1.0,1.0,1.0,B/B,depth_mismatch,not supplied,not supplied,"Hydrosheaf probabilistic edge inference using head proxy, distance, gradient, and confidence threshold"
Dry,Dry:NGW-087->NGW-094,NGW-087->NGW-094,NGW-087,NGW-094,primary,3.9501408020031565,40.19999999999999,2.0,1.0,1.0,1.0,B/B,depth_mismatch,not supplied,not supplied,"Hydrosheaf probabilistic edge inference using head proxy, distance, gradient, and confidence threshold"
Dry,Dry:NGW-056->NGW-065,NGW-056->NGW-065,NGW-056,NGW-065,primary,3.957274440136092,37.50000000000003,2.0,1.0,1.0,1.0,B/B,depth_mismatch,not supplied,not supplied,"Hydrosheaf probabilistic edge inference using head proxy, distance, gradient, and confidence threshold"
Dry,Dry:NGW-068->NGW-072,NGW-068->NGW-072,NGW-068,NGW-072,primary,3.963375195687416,37.39999999999998,2.0,1.0,1.0,1.0,B/B,,not supplied,not supplied,"Hydrosheaf probabilistic edge inference using head proxy, distance, gradient, and confidence threshold"
Dry,Dry:NGW-058->NGW-049,NGW-058->NGW-049,NGW-058,NGW-049,primary,4.011852537284528,28.19999999999999,2.0,1.0,1.0,1.0,B/B,depth_mismatch,not supplied,not supplied,"Hydrosheaf probabilistic edge inference using head proxy, distance, gradient, and confidence threshold"
Dry,Dry:NGW-038->NGW-023,NGW-038->NGW-023,NGW-038,NGW-023,primary,4.028826143819209,29.0,2.0,1.0,1.0,1.0,B/B,,not supplied,not supplied,"Hydrosheaf probabilistic edge inference using head proxy, distance, gradient, and confidence threshold"
Dry,Dry:NGW-048->NGW-052,NGW-048->NGW-052,NGW-048,NGW-052,primary,4.060699229991843,16.700000000000045,2.0,1.0,1.0,1.0,B/B,,not supplied,not supplied,"Hydrosheaf probabilistic edge inference using head proxy, distance, gradient, and confidence threshold"
Dry,Dry:NGW-052->NGW-073,NGW-052->NGW-073,NGW-052,NGW-073,primary,4.134660176426307,40.599999999999966,2.0,1.0,1.0,1.0,B/B,depth_mismatch,not supplied,not supplied,"Hydrosheaf probabilistic edge inference using head proxy, distance, gradient, and confidence threshold"
Dry,Dry:NGW-022->NGW-009,NGW-022->NGW-009,NGW-022,NGW-009,primary,4.142926670424184,54.099999999999966,2.0,1.0,1.0,1.0,B/B,depth_mismatch,not supplied,not supplied,"Hydrosheaf probabilistic edge inference using head proxy, distance, gradient, and confidence threshold"
Dry,Dry:NGW-113->NGW-086,NGW-113->NGW-086,NGW-113,NGW-086,primary,4.172856576840366,45.89999999999998,2.0,1.0,1.0,1.0,B/B,depth_mismatch,not supplied,not supplied,"Hydrosheaf probabilistic edge inference using head proxy, distance, gradient, and confidence threshold"
Dry,Dry:NGW-031->NGW-002,NGW-031->NGW-002,NGW-031,NGW-002,primary,4.191375458175865,37.19999999999999,2.0,1.0,1.0,1.0,B/B,,not supplied,not supplied,"Hydrosheaf probabilistic edge inference using head proxy, distance, gradient, and confidence threshold"
Dry,Dry:NGW-148->NGW-142,NGW-148->NGW-142,NGW-148,NGW-142,primary,4.341372274323871,73.1,2.0,1.0,1.0,1.0,B/B,depth_mismatch,not supplied,not supplied,"Hydrosheaf probabilistic edge inference using head proxy, distance, gradient, and confidence threshold"
Dry,Dry:NGW-011->NGW-009,NGW-011->NGW-009,NGW-011,NGW-009,primary,4.350233061657877,33.900000000000034,2.0,1.0,1.0,1.0,B/B,depth_mismatch,not supplied,not supplied,"Hydrosheaf probabilistic edge inference using head proxy, distance, gradient, and confidence threshold"
Dry,Dry:NGW-033->NGW-028,NGW-033->NGW-028,NGW-033,NGW-028,primary,4.365360122926887,39.599999999999994,2.0,1.0,1.0,1.0,B/B,,not supplied,not supplied,"Hydrosheaf probabilistic edge inference using head proxy, distance, gradient, and confidence threshold"
Dry,Dry:NGW-082->NGW-090,NGW-082->NGW-090,NGW-082,NGW-090,primary,4.398937623471277,92.79999999999995,2.0,1.0,1.0,1.0,B/B,,not supplied,not supplied,"Hydrosheaf probabilistic edge inference using head proxy, distance, gradient, and confidence threshold"
Dry,Dry:NGW-012->NGW-002,NGW-012->NGW-002,NGW-012,NGW-002,primary,4.411384304164109,40.599999999999994,2.0,1.0,1.0,1.0,B/B,,not supplied,not supplied,"Hydrosheaf probabilistic edge inference using head proxy, distance, gradient, and confidence threshold"
Dry,Dry:NGW-012->NGW-036,NGW-012->NGW-036,NGW-012,NGW-036,primary,4.516939281080481,31.600000000000023,2.0,1.0,1.0,1.0,B/B,,not supplied,not supplied,"Hydrosheaf probabilistic edge inference using head proxy, distance, gradient, and confidence threshold"
Dry,Dry:NGW-082->NGW-086,NGW-082->NGW-086,NGW-082,NGW-086,primary,4.552907264984636,47.49999999999994,2.0,1.0,1.0,1.0,B/B,,not supplied,not supplied,"Hydrosheaf probabilistic edge inference using head proxy, distance, gradient, and confidence threshold"
Dry,Dry:NGW-121->NGW-124,NGW-121->NGW-124,NGW-121,NGW-124,primary,4.560352210635908,68.0,2.0,1.0,1.0,1.0,B/B,depth_mismatch,not supplied,not supplied,"Hydrosheaf probabilistic edge inference using head proxy, distance, gradient, and confidence threshold"
Dry,Dry:NGW-067->NGW-074,NGW-067->NGW-074,NGW-067,NGW-074,primary,4.591519228852671,18.69999999999999,2.0,1.0,1.0,1.0,B/B,depth_mismatch,not supplied,not supplied,"Hydrosheaf probabilistic edge inference using head proxy, distance, gradient, and confidence threshold"
Dry,Dry:NGW-074->NGW-070,NGW-074->NGW-070,NGW-074,NGW-070,primary,4.651032025844743,19.200000000000017,2.0,1.0,1.0,1.0,B/B,,not supplied,not supplied,"Hydrosheaf probabilistic edge inference using head proxy, distance, gradient, and confidence threshold"
Dry,Dry:NGW-006->NGW-009,NGW-006->NGW-009,NGW-006,NGW-009,primary,4.651312257879752,20.700000000000017,2.0,1.0,1.0,1.0,B/B,depth_mismatch,not supplied,not supplied,"Hydrosheaf probabilistic edge inference using head proxy, distance, gradient, and confidence threshold"
Dry,Dry:NGW-037->NGW-012,NGW-037->NGW-012,NGW-037,NGW-012,primary,4.692512412411095,62.0,2.0,1.0,1.0,1.0,B/B,depth_mismatch,not supplied,not supplied,"Hydrosheaf probabilistic edge inference using head proxy, distance, gradient, and confidence threshold"
Dry,Dry:NGW-049->NGW-051,NGW-049->NGW-051,NGW-049,NGW-051,primary,4.737334097189312,34.0,2.0,1.0,1.0,1.0,B/B,depth_mismatch,not supplied,not supplied,"Hydrosheaf probabilistic edge inference using head proxy, distance, gradient, and confidence threshold"
Dry,Dry:NGW-059->NGW-073,NGW-059->NGW-073,NGW-059,NGW-073,primary,4.796838749121784,31.80000000000001,2.0,1.0,1.0,1.0,B/B,,not supplied,not supplied,"Hydrosheaf probabilistic edge inference using head proxy, distance, gradient, and confidence threshold"
Dry,Dry:NGW-125->NGW-127,NGW-125->NGW-127,NGW-125,NGW-127,primary,4.800816276194689,34.599999999999994,2.0,1.0,1.0,1.0,B/B,,not supplied,not supplied,"Hydrosheaf probabilistic edge inference using head proxy, distance, gradient, and confidence threshold"
Dry,Dry:NGW-064->NGW-068,NGW-064->NGW-068,NGW-064,NGW-068,primary,4.831316002331566,21.400000000000034,2.0,1.0,1.0,1.0,B/B,,not supplied,not supplied,"Hydrosheaf probabilistic edge inference using head proxy, distance, gradient, and confidence threshold"
Dry,Dry:NGW-091->NGW-093,NGW-091->NGW-093,NGW-091,NGW-093,primary,4.835531878574799,27.30000000000001,2.0,1.0,1.0,1.0,B/B,,not supplied,not supplied,"Hydrosheaf probabilistic edge inference using head proxy, distance, gradient, and confidence threshold"
Dry,Dry:NGW-071->NGW-057,NGW-071->NGW-057,NGW-071,NGW-057,primary,4.87786104804174,30.599999999999937,2.0,1.0,1.0,1.0,B/B,depth_mismatch,not supplied,not supplied,"Hydrosheaf probabilistic edge inference using head proxy, distance, gradient, and confidence threshold"
Dry,Dry:NGW-105->NGW-093,NGW-105->NGW-093,NGW-105,NGW-093,primary,4.908922189905098,75.5,2.0,1.0,1.0,1.0,B/B,,not supplied,not supplied,"Hydrosheaf probabilistic edge inference using head proxy, distance, gradient, and confidence threshold"
Dry,Dry:NGW-025->NGW-023,NGW-025->NGW-023,NGW-025,NGW-023,primary,4.912396108044368,64.89999999999998,2.0,1.0,1.0,1.0,B/B,depth_mismatch,not supplied,not supplied,"Hydrosheaf probabilistic edge inference using head proxy, distance, gradient, and confidence threshold"
Dry,Dry:NGW-034->NGW-020,NGW-034->NGW-020,NGW-034,NGW-020,primary,4.982346981646181,47.89999999999998,2.0,1.0,1.0,1.0,B/B,depth_mismatch,not supplied,not supplied,"Hydrosheaf probabilistic edge inference using head proxy, distance, gradient, and confidence threshold"
Dry,Dry:NGW-025->NGW-038,NGW-025->NGW-038,NGW-025,NGW-038,primary,4.982701779675304,35.89999999999998,2.0,1.0,1.0,1.0,B/B,depth_mismatch,not supplied,not supplied,"Hydrosheaf probabilistic edge inference using head proxy, distance, gradient, and confidence threshold"
Dry,Dry:NGW-148->NGW-159,NGW-148->NGW-159,NGW-148,NGW-159,primary,4.990996063664845,61.099999999999994,2.0,1.0,1.0,1.0,B/B,depth_mismatch,not supplied,not supplied,"Hydrosheaf probabilistic edge inference using head proxy, distance, gradient, and confidence threshold"
Dry,Dry:NGW-104->NGW-111,NGW-104->NGW-111,NGW-104,NGW-111,primary,5.017613855808936,37.19999999999999,2.0,1.0,1.0,1.0,B/B,,not supplied,not supplied,"Hydrosheaf probabilistic edge inference using head proxy, distance, gradient, and confidence threshold"
Dry,Dry:NGW-151->NGW-124,NGW-151->NGW-124,NGW-151,NGW-124,primary,5.065670071295271,43.0,2.0,1.0,1.0,1.0,B/B,depth_mismatch,not supplied,not supplied,"Hydrosheaf probabilistic edge inference using head proxy, distance, gradient, and confidence threshold"
Dry,Dry:NGW-126->NGW-140,NGW-126->NGW-140,NGW-126,NGW-140,primary,5.101851887755953,29.5,2.0,1.0,1.0,1.0,B/B,,not supplied,not supplied,"Hydrosheaf probabilistic edge inference using head proxy, distance, gradient, and confidence threshold"
Dry,Dry:NGW-121->NGW-122,NGW-121->NGW-122,NGW-121,NGW-122,primary,5.103722216013525,43.20000000000002,2.0,1.0,1.0,1.0,B/B,,not supplied,not supplied,"Hydrosheaf probabilistic edge inference using head proxy, distance, gradient, and confidence threshold"
Dry,Dry:NGW-052->NGW-060,NGW-052->NGW-060,NGW-052,NGW-060,primary,5.144239741062858,47.79999999999998,2.0,1.0,1.0,1.0,B/B,,not supplied,not supplied,"Hydrosheaf probabilistic edge inference using head proxy, distance, gradient, and confidence threshold"
Dry,Dry:NGW-115->NGW-109,NGW-115->NGW-109,NGW-115,NGW-109,primary,5.147865609272104,28.00000000000003,2.0,1.0,1.0,1.0,B/B,,not supplied,not supplied,"Hydrosheaf probabilistic edge inference using head proxy, distance, gradient, and confidence threshold"
Dry,Dry:NGW-068->NGW-061,NGW-068->NGW-061,NGW-068,NGW-061,primary,5.152943660857576,17.39999999999995,2.0,1.0,1.0,1.0,B/B,depth_mismatch,not supplied,not supplied,"Hydrosheaf probabilistic edge inference using head proxy, distance, gradient, and confidence threshold"
Dry,Dry:NGW-071->NGW-079,NGW-071->NGW-079,NGW-071,NGW-079,primary,5.154476829046479,41.89999999999995,2.0,1.0,1.0,1.0,B/B,,not supplied,not supplied,"Hydrosheaf probabilistic edge inference using head proxy, distance, gradient, and confidence threshold"
Dry,Dry:NGW-035->NGW-005,NGW-035->NGW-005,NGW-035,NGW-005,primary,5.284843231643301,23.799999999999983,2.0,1.0,1.0,1.0,B/B,,not supplied,not supplied,"Hydrosheaf probabilistic edge inference using head proxy, distance, gradient, and confidence threshold"
Dry,Dry:NGW-100->NGW-107,NGW-100->NGW-107,NGW-100,NGW-107,primary,5.284926285661724,32.19999999999999,2.0,1.0,1.0,1.0,B/B,,not supplied,not supplied,"Hydrosheaf probabilistic edge inference using head proxy, distance, gradient, and confidence threshold"
Dry,Dry:NGW-087->NGW-104,NGW-087->NGW-104,NGW-087,NGW-104,primary,5.28679619204968,28.0,2.0,1.0,1.0,1.0,B/B,,not supplied,not supplied,"Hydrosheaf probabilistic edge inference using head proxy, distance, gradient, and confidence threshold"
Dry,Dry:NGW-134->NGW-159,NGW-134->NGW-159,NGW-134,NGW-159,primary,5.289861074306686,52.400000000000006,2.0,1.0,1.0,1.0,B/B,,not supplied,not supplied,"Hydrosheaf probabilistic edge inference using head proxy, distance, gradient, and confidence threshold"
Dry,Dry:NGW-125->NGW-155,NGW-125->NGW-155,NGW-125,NGW-155,primary,5.314656723472914,44.49999999999997,2.0,1.0,1.0,1.0,B/B,,not supplied,not supplied,"Hydrosheaf probabilistic edge inference using head proxy, distance, gradient, and confidence threshold"
Dry,Dry:NGW-075->NGW-074,NGW-075->NGW-074,NGW-075,NGW-074,primary,5.3425879274125085,35.20000000000002,2.0,1.0,1.0,1.0,B/B,,not supplied,not supplied,"Hydrosheaf probabilistic edge inference using head proxy, distance, gradient, and confidence threshold"
Dry,Dry:NGW-140->NGW-135,NGW-140->NGW-135,NGW-140,NGW-135,primary,5.343671452987482,32.5,2.0,1.0,1.0,1.0,B/B,depth_mismatch,not supplied,not supplied,"Hydrosheaf probabilistic edge inference using head proxy, distance, gradient, and confidence threshold"
Dry,Dry:NGW-146->NGW-145,NGW-146->NGW-145,NGW-146,NGW-145,primary,5.353141670002565,18.799999999999983,2.0,1.0,1.0,1.0,B/B,depth_mismatch,not supplied,not supplied,"Hydrosheaf probabilistic edge inference using head proxy, distance, gradient, and confidence threshold"
Dry,Dry:NGW-002->NGW-040,NGW-002->NGW-040,NGW-002,NGW-040,primary,5.381920452230372,26.100000000000023,2.0,1.0,1.0,1.0,B/B,depth_mismatch,not supplied,not supplied,"Hydrosheaf probabilistic edge inference using head proxy, distance, gradient, and confidence threshold"
Dry,Dry:NGW-062->NGW-053,NGW-062->NGW-053,NGW-062,NGW-053,primary,5.3879077294770825,17.400000000000006,2.0,1.0,1.0,1.0,B/B,depth_mismatch,not supplied,not supplied,"Hydrosheaf probabilistic edge inference using head proxy, distance, gradient, and confidence threshold"
Dry,Dry:NGW-113->NGW-083,NGW-113->NGW-083,NGW-113,NGW-083,primary,5.396554339594124,40.19999999999999,2.0,1.0,1.0,1.0,B/B,,not supplied,not supplied,"Hydrosheaf probabilistic edge inference using head proxy, distance, gradient, and confidence threshold"
Dry,Dry:NGW-018->NGW-001,NGW-018->NGW-001,NGW-018,NGW-001,primary,5.404778444752037,51.20000000000002,2.0,1.0,1.0,1.0,B/B,depth_mismatch,not supplied,not supplied,"Hydrosheaf probabilistic edge inference using head proxy, distance, gradient, and confidence threshold"
Dry,Dry:NGW-095->NGW-110,NGW-095->NGW-110,NGW-095,NGW-110,primary,5.408863132855982,36.30000000000001,2.0,1.0,1.0,1.0,B/B,,not supplied,not supplied,"Hydrosheaf probabilistic edge inference using head proxy, distance, gradient, and confidence threshold"
Dry,Dry:NGW-145->NGW-149,NGW-145->NGW-149,NGW-145,NGW-149,primary,5.411504710589526,23.19999999999999,2.0,1.0,1.0,1.0,B/B,,not supplied,not supplied,"Hydrosheaf probabilistic edge inference using head proxy, distance, gradient, and confidence threshold"
Dry,Dry:NGW-037->NGW-029,NGW-037->NGW-029,NGW-037,NGW-029,primary,5.4838388298793825,64.69999999999999,2.0,1.0,1.0,1.0,B/B,,not supplied,not supplied,"Hydrosheaf probabilistic edge inference using head proxy, distance, gradient, and confidence threshold"
Dry,Dry:NGW-082->NGW-083,NGW-082->NGW-083,NGW-082,NGW-083,primary,5.499698066737648,41.799999999999955,2.0,1.0,1.0,1.0,B/B,,not supplied,not supplied,"Hydrosheaf probabilistic edge inference using head proxy, distance, gradient, and confidence threshold"
Dry,Dry:NGW-007->NGW-033,NGW-007->NGW-033,NGW-007,NGW-033,primary,5.701832326196565,68.90000000000003,2.0,1.0,1.0,1.0,B/B,depth_mismatch,not supplied,not supplied,"Hydrosheaf probabilistic edge inference using head proxy, distance, gradient, and confidence threshold"
Dry,Dry:NGW-058->NGW-051,NGW-058->NGW-051,NGW-058,NGW-051,primary,5.741490797424797,62.19999999999999,2.0,1.0,1.0,1.0,B/B,,not supplied,not supplied,"Hydrosheaf probabilistic edge inference using head proxy, distance, gradient, and confidence threshold"
Dry,Dry:NGW-061->NGW-072,NGW-061->NGW-072,NGW-061,NGW-072,primary,5.892209535361714,20.00000000000003,2.0,1.0,1.0,1.0,B/B,depth_mismatch,not supplied,not supplied,"Hydrosheaf probabilistic edge inference using head proxy, distance, gradient, and confidence threshold"
Dry,Dry:NGW-146->NGW-138,NGW-146->NGW-138,NGW-146,NGW-138,primary,5.9009714228609,34.49999999999997,2.0,1.0,1.0,1.0,B/B,,not supplied,not supplied,"Hydrosheaf probabilistic edge inference using head proxy, distance, gradient, and confidence threshold"
Dry,Dry:NGW-113->NGW-096,NGW-113->NGW-096,NGW-113,NGW-096,primary,5.908734574740318,20.80000000000001,2.0,1.0,1.0,1.0,B/B,,not supplied,not supplied,"Hydrosheaf probabilistic edge inference using head proxy, distance, gradient, and confidence threshold"
Dry,Dry:NGW-158->NGW-159,NGW-158->NGW-159,NGW-158,NGW-159,primary,5.943389396442634,57.30000000000001,2.0,1.0,1.0,1.0,B/B,depth_mismatch,not supplied,not supplied,"Hydrosheaf probabilistic edge inference using head proxy, distance, gradient, and confidence threshold"
Dry,Dry:NGW-067->NGW-070,NGW-067->NGW-070,NGW-067,NGW-070,primary,5.955073152842667,37.900000000000006,2.0,1.0,1.0,1.0,B/B,depth_mismatch,not supplied,not supplied,"Hydrosheaf probabilistic edge inference using head proxy, distance, gradient, and confidence threshold"
Dry,Dry:NGW-147->NGW-160,NGW-147->NGW-160,NGW-147,NGW-160,primary,6.004084765128189,68.69999999999996,2.0,1.0,1.0,1.0,B/B,depth_mismatch,not supplied,not supplied,"Hydrosheaf probabilistic edge inference using head proxy, distance, gradient, and confidence threshold"
Dry,Dry:NGW-010->NGW-004,NGW-010->NGW-004,NGW-010,NGW-004,primary,6.043869283527327,77.19999999999997,2.0,1.0,1.0,1.0,B/B,,not supplied,not supplied,"Hydrosheaf probabilistic edge inference using head proxy, distance, gradient, and confidence threshold"
Dry,Dry:NGW-055->NGW-069,NGW-055->NGW-069,NGW-055,NGW-069,primary,6.052679652404287,21.599999999999966,2.0,1.0,1.0,1.0,B/B,depth_mismatch,not supplied,not supplied,"Hydrosheaf probabilistic edge inference using head proxy, distance, gradient, and confidence threshold"
Dry,Dry:NGW-029->NGW-036,NGW-029->NGW-036,NGW-029,NGW-036,primary,6.082410309109995,28.900000000000034,2.0,1.0,1.0,1.0,B/B,depth_mismatch,not supplied,not supplied,"Hydrosheaf probabilistic edge inference using head proxy, distance, gradient, and confidence threshold"
Dry,Dry:NGW-032->NGW-034,NGW-032->NGW-034,NGW-032,NGW-034,primary,6.137664298992711,19.200000000000045,2.0,1.0,1.0,1.0,B/B,,not supplied,not supplied,"Hydrosheaf probabilistic edge inference using head proxy, distance, gradient, and confidence threshold"
Dry,Dry:NGW-092->NGW-093,NGW-092->NGW-093,NGW-092,NGW-093,primary,6.234466793119819,22.19999999999999,2.0,1.0,1.0,1.0,B/B,,not supplied,not supplied,"Hydrosheaf probabilistic edge inference using head proxy, distance, gradient, and confidence threshold"
Dry,Dry:NGW-088->NGW-118,NGW-088->NGW-118,NGW-088,NGW-118,primary,6.239831089180895,62.40000000000006,2.0,1.0,1.0,1.0,B/B,,not supplied,not supplied,"Hydrosheaf probabilistic edge inference using head proxy, distance, gradient, and confidence threshold"
Dry,Dry:NGW-108->NGW-118,NGW-108->NGW-118,NGW-108,NGW-118,primary,6.256847269002049,50.10000000000005,2.0,1.0,1.0,1.0,B/B,,not supplied,not supplied,"Hydrosheaf probabilistic edge inference using head proxy, distance, gradient, and confidence threshold"
Dry,Dry:NGW-027->NGW-036,NGW-027->NGW-036,NGW-027,NGW-036,primary,6.283527465772714,89.10000000000002,2.0,1.0,1.0,1.0,B/B,depth_mismatch,not supplied,not supplied,"Hydrosheaf probabilistic edge inference using head proxy, distance, gradient, and confidence threshold"
Dry,Dry:NGW-056->NGW-060,NGW-056->NGW-060,NGW-056,NGW-060,primary,6.29769777750682,49.400000000000034,2.0,1.0,1.0,1.0,B/B,,not supplied,not supplied,"Hydrosheaf probabilistic edge inference using head proxy, distance, gradient, and confidence threshold"
Dry,Dry:NGW-147->NGW-124,NGW-147->NGW-124,NGW-147,NGW-124,primary,6.356410296892218,57.99999999999994,2.0,1.0,1.0,1.0,B/B,depth_mismatch,not supplied,not supplied,"Hydrosheaf probabilistic edge inference using head proxy, distance, gradient, and confidence threshold"
Dry,Dry:NGW-045->NGW-070,NGW-045->NGW-070,NGW-045,NGW-070,primary,6.38667627017139,62.400000000000034,2.0,1.0,1.0,1.0,B/B,depth_mismatch,not supplied,not supplied,"Hydrosheaf probabilistic edge inference using head proxy, distance, gradient, and confidence threshold"
Dry,Dry:NGW-078->NGW-052,NGW-078->NGW-052,NGW-078,NGW-052,primary,6.399941535619833,16.700000000000045,2.0,1.0,1.0,1.0,B/B,,not supplied,not supplied,"Hydrosheaf probabilistic edge inference using head proxy, distance, gradient, and confidence threshold"
Dry,Dry:NGW-084->NGW-110,NGW-084->NGW-110,NGW-084,NGW-110,primary,6.483130047619294,23.099999999999966,2.0,1.0,1.0,1.0,B/B,depth_mismatch,not supplied,not supplied,"Hydrosheaf probabilistic edge inference using head proxy, distance, gradient, and confidence threshold"
Dry,Dry:NGW-131->NGW-135,NGW-131->NGW-135,NGW-131,NGW-135,primary,6.497224501358655,53.5,2.0,1.0,1.0,1.0,B/B,,not supplied,not supplied,"Hydrosheaf probabilistic edge inference using head proxy, distance, gradient, and confidence threshold"
Dry,Dry:NGW-136->NGW-150,NGW-136->NGW-150,NGW-136,NGW-150,primary,6.551917207383189,36.99999999999997,2.0,1.0,1.0,1.0,B/B,depth_mismatch,not supplied,not supplied,"Hydrosheaf probabilistic edge inference using head proxy, distance, gradient, and confidence threshold"
Dry,Dry:NGW-094->NGW-102,NGW-094->NGW-102,NGW-094,NGW-102,primary,6.562431236703053,17.69999999999999,2.0,1.0,1.0,1.0,B/B,depth_mismatch,not supplied,not supplied,"Hydrosheaf probabilistic edge inference using head proxy, distance, gradient, and confidence threshold"
Dry,Dry:NGW-141->NGW-160,NGW-141->NGW-160,NGW-141,NGW-160,primary,6.572000271628485,65.60000000000005,2.0,1.0,1.0,1.0,B/B,,not supplied,not supplied,"Hydrosheaf probabilistic edge inference using head proxy, distance, gradient, and confidence threshold"
Dry,Dry:NGW-007->NGW-028,NGW-007->NGW-028,NGW-007,NGW-028,primary,6.575832669464227,108.50000000000003,2.0,1.0,1.0,1.0,B/B,depth_mismatch,not supplied,not supplied,"Hydrosheaf probabilistic edge inference using head proxy, distance, gradient, and confidence threshold"
Dry,Dry:NGW-136->NGW-130,NGW-136->NGW-130,NGW-136,NGW-130,primary,6.587974861334848,61.69999999999999,2.0,1.0,1.0,1.0,B/B,,not supplied,not supplied,"Hydrosheaf probabilistic edge inference using head proxy, distance, gradient, and confidence threshold"
Dry,Dry:NGW-054->NGW-050,NGW-054->NGW-050,NGW-054,NGW-050,primary,6.619585571950543,32.20000000000002,2.0,1.0,1.0,1.0,B/B,,not supplied,not supplied,"Hydrosheaf probabilistic edge inference using head proxy, distance, gradient, and confidence threshold"
Dry,Dry:NGW-075->NGW-070,NGW-075->NGW-070,NGW-075,NGW-070,primary,6.6693464340739474,54.400000000000034,2.0,1.0,1.0,1.0,B/B,depth_mismatch,not supplied,not supplied,"Hydrosheaf probabilistic edge inference using head proxy, distance, gradient, and confidence threshold"
Dry,Dry:NGW-029->NGW-002,NGW-029->NGW-002,NGW-029,NGW-002,primary,6.725908697324256,37.900000000000006,2.0,1.0,1.0,1.0,B/B,depth_mismatch,not supplied,not supplied,"Hydrosheaf probabilistic edge inference using head proxy, distance, gradient, and confidence threshold"
Dry,Dry:NGW-143->NGW-140,NGW-143->NGW-140,NGW-143,NGW-140,primary,6.732804429657469,34.80000000000001,2.0,1.0,1.0,1.0,B/B,,not supplied,not supplied,"Hydrosheaf probabilistic edge inference using head proxy, distance, gradient, and confidence threshold"
Dry,Dry:NGW-146->NGW-149,NGW-146->NGW-149,NGW-146,NGW-149,primary,6.765504152712692,41.99999999999997,2.0,1.0,1.0,1.0,B/B,depth_mismatch,not supplied,not supplied,"Hydrosheaf probabilistic edge inference using head proxy, distance, gradient, and confidence threshold"
Dry,Dry:NGW-122->NGW-124,NGW-122->NGW-124,NGW-122,NGW-124,primary,6.779120956538552,24.799999999999983,2.0,1.0,1.0,1.0,B/B,depth_mismatch,not supplied,not supplied,"Hydrosheaf probabilistic edge inference using head proxy, distance, gradient, and confidence threshold"
Dry,Dry:NGW-069->NGW-050,NGW-069->NGW-050,NGW-069,NGW-050,primary,6.810906556530387,36.70000000000002,2.0,1.0,1.0,1.0,B/B,,not supplied,not supplied,"Hydrosheaf probabilistic edge inference using head proxy, distance, gradient, and confidence threshold"
Dry,Dry:NGW-122->NGW-160,NGW-122->NGW-160,NGW-122,NGW-160,primary,6.83028338562321,35.5,2.0,1.0,1.0,1.0,B/B,depth_mismatch,not supplied,not supplied,"Hydrosheaf probabilistic edge inference using head proxy, distance, gradient, and confidence threshold"
Dry,Dry:NGW-101->NGW-118,NGW-101->NGW-118,NGW-101,NGW-118,primary,6.850102458783819,42.79999999999998,2.0,1.0,1.0,1.0,B/B,depth_mismatch,not supplied,not supplied,"Hydrosheaf probabilistic edge inference using head proxy, distance, gradient, and confidence threshold"
Dry,Dry:NGW-141->NGW-124,NGW-141->NGW-124,NGW-141,NGW-124,primary,6.8615207446831805,54.900000000000034,2.0,1.0,1.0,1.0,B/B,,not supplied,not supplied,"Hydrosheaf probabilistic edge inference using head proxy, distance, gradient, and confidence threshold"
Dry,Dry:NGW-045->NGW-067,NGW-045->NGW-067,NGW-045,NGW-067,primary,6.928147809589094,24.50000000000003,2.0,1.0,1.0,1.0,B/B,depth_mismatch,not supplied,not supplied,"Hydrosheaf probabilistic edge inference using head proxy, distance, gradient, and confidence threshold"
Dry,Dry:NGW-133->NGW-148,NGW-133->NGW-148,NGW-133,NGW-148,primary,6.939421557471358,19.400000000000034,2.0,1.0,1.0,1.0,B/B,depth_mismatch,not supplied,not supplied,"Hydrosheaf probabilistic edge inference using head proxy, distance, gradient, and confidence threshold"
Dry,Dry:NGW-006->NGW-010,NGW-006->NGW-010,NGW-006,NGW-010,primary,6.991469120288684,46.50000000000003,2.0,1.0,1.0,1.0,B/B,depth_mismatch,not supplied,not supplied,"Hydrosheaf probabilistic edge inference using head proxy, distance, gradient, and confidence threshold"
Dry,Dry:NGW-100->NGW-103,NGW-100->NGW-103,NGW-100,NGW-103,primary,7.182033647894845,18.5,2.0,1.0,1.0,1.0,B/B,depth_mismatch,not supplied,not supplied,"Hydrosheaf probabilistic edge inference using head proxy, distance, gradient, and confidence threshold"
Dry,Dry:NGW-133->NGW-142,NGW-133->NGW-142,NGW-133,NGW-142,primary,7.204569677832092,92.50000000000003,2.0,1.0,1.0,1.0,B/B,depth_mismatch,not supplied,not supplied,"Hydrosheaf probabilistic edge inference using head proxy, distance, gradient, and confidence threshold"
Dry,Dry:NGW-003->NGW-001,NGW-003->NGW-001,NGW-003,NGW-001,primary,7.240190884130833,23.899999999999977,2.0,1.0,1.0,1.0,B/B,,not supplied,not supplied,"Hydrosheaf probabilistic edge inference using head proxy, distance, gradient, and confidence threshold"
Dry,Dry:NGW-067->NGW-065,NGW-067->NGW-065,NGW-067,NGW-065,primary,7.3013982717737385,17.099999999999994,2.0,1.0,1.0,1.0,B/B,,not supplied,not supplied,"Hydrosheaf probabilistic edge inference using head proxy, distance, gradient, and confidence threshold"
Dry,Dry:NGW-027->NGW-031,NGW-027->NGW-031,NGW-027,NGW-031,primary,7.342662608396206,60.900000000000006,2.0,1.0,1.0,1.0,B/B,depth_mismatch,not supplied,not supplied,"Hydrosheaf probabilistic edge inference using head proxy, distance, gradient, and confidence threshold"
Dry,Dry:NGW-137->NGW-150,NGW-137->NGW-150,NGW-137,NGW-150,primary,7.561776223340286,33.69999999999996,2.0,1.0,1.0,1.0,B/B,,not supplied,not supplied,"Hydrosheaf probabilistic edge inference using head proxy, distance, gradient, and confidence threshold"
Dry,Dry:NGW-137->NGW-130,NGW-137->NGW-130,NGW-137,NGW-130,primary,7.6129619580141945,58.39999999999998,2.0,1.0,1.0,1.0,B/B,,not supplied,not supplied,"Hydrosheaf probabilistic edge inference using head proxy, distance, gradient, and confidence threshold"
Dry,Dry:NGW-059->NGW-065,NGW-059->NGW-065,NGW-059,NGW-065,primary,7.629326304146614,27.100000000000023,2.0,1.0,1.0,1.0,B/B,depth_mismatch,not supplied,not supplied,"Hydrosheaf probabilistic edge inference using head proxy, distance, gradient, and confidence threshold"
Dry,Dry:NGW-153->NGW-130,NGW-153->NGW-130,NGW-153,NGW-130,primary,7.810726941073252,50.5,2.0,1.0,1.0,1.0,B/B,depth_mismatch,not supplied,not supplied,"Hydrosheaf probabilistic edge inference using head proxy, distance, gradient, and confidence threshold"
Dry,Dry:NGW-153->NGW-150,NGW-153->NGW-150,NGW-153,NGW-150,primary,7.843269486304113,25.799999999999983,2.0,1.0,1.0,1.0,B/B,depth_mismatch,not supplied,not supplied,"Hydrosheaf probabilistic edge inference using head proxy, distance, gradient, and confidence threshold"
Dry,Dry:NGW-011->NGW-004,NGW-011->NGW-004,NGW-011,NGW-004,primary,8.059156842184581,136.90000000000003,2.0,1.0,1.0,1.0,B/B,depth_mismatch,not supplied,not supplied,"Hydrosheaf probabilistic edge inference using head proxy, distance, gradient, and confidence threshold"
Dry,Dry:NGW-069->NGW-061,NGW-069->NGW-061,NGW-069,NGW-061,primary,8.163645041311822,19.99999999999997,2.0,1.0,1.0,1.0,B/B,,not supplied,not supplied,"Hydrosheaf probabilistic edge inference using head proxy, distance, gradient, and confidence threshold"
Dry,Dry:NGW-121->NGW-123,NGW-121->NGW-123,NGW-121,NGW-123,primary,8.231439340443655,75.9,2.0,1.0,1.0,1.0,B/B,,not supplied,not supplied,"Hydrosheaf probabilistic edge inference using head proxy, distance, gradient, and confidence threshold"
Dry,Dry:NGW-125->NGW-157,NGW-125->NGW-157,NGW-125,NGW-157,primary,8.405760060829161,21.99999999999997,2.0,1.0,1.0,1.0,B/B,,not supplied,not supplied,"Hydrosheaf probabilistic edge inference using head proxy, distance, gradient, and confidence threshold"
Dry,Dry:NGW-034->NGW-026,NGW-034->NGW-026,NGW-034,NGW-026,primary,8.456875916779182,81.1,2.0,1.0,1.0,1.0,B/B,depth_mismatch,not supplied,not supplied,"Hydrosheaf probabilistic edge inference using head proxy, distance, gradient, and confidence threshold"
Dry,Dry:NGW-133->NGW-158,NGW-133->NGW-158,NGW-133,NGW-158,primary,8.705890091935446,23.200000000000017,2.0,1.0,1.0,1.0,B/B,depth_mismatch,not supplied,not supplied,"Hydrosheaf probabilistic edge inference using head proxy, distance, gradient, and confidence threshold"
Dry,Dry:NGW-157->NGW-155,NGW-157->NGW-155,NGW-157,NGW-155,primary,9.144903212616542,22.5,2.0,1.0,1.0,1.0,B/B,,not supplied,not supplied,"Hydrosheaf probabilistic edge inference using head proxy, distance, gradient, and confidence threshold"
Dry,Dry:NGW-018->NGW-003,NGW-018->NGW-003,NGW-018,NGW-003,primary,9.200062540991173,27.30000000000004,2.0,1.0,1.0,1.0,B/B,depth_mismatch,not supplied,not supplied,"Hydrosheaf probabilistic edge inference using head proxy, distance, gradient, and confidence threshold"
Dry,Dry:NGW-096->NGW-086,NGW-096->NGW-086,NGW-096,NGW-086,primary,9.283780081298286,25.099999999999966,2.0,1.0,1.0,1.0,B/B,depth_mismatch,not supplied,not supplied,"Hydrosheaf probabilistic edge inference using head proxy, distance, gradient, and confidence threshold"
Dry,Dry:NGW-122->NGW-123,NGW-122->NGW-123,NGW-122,NGW-123,primary,9.37439293662198,32.69999999999999,2.0,1.0,1.0,1.0,B/B,depth_mismatch,not supplied,not supplied,"Hydrosheaf probabilistic edge inference using head proxy, distance, gradient, and confidence threshold"
Dry,Dry:NGW-062->NGW-050,NGW-062->NGW-050,NGW-062,NGW-050,primary,9.631425711131445,18.600000000000023,2.0,1.0,1.0,1.0,B/B,,not supplied,not supplied,"Hydrosheaf probabilistic edge inference using head proxy, distance, gradient, and confidence threshold"
Dry,Dry:NGW-083->NGW-090,NGW-083->NGW-090,NGW-083,NGW-090,primary,9.687457020056032,51.0,2.0,1.0,1.0,1.0,B/B,,not supplied,not supplied,"Hydrosheaf probabilistic edge inference using head proxy, distance, gradient, and confidence threshold"
Dry,Dry:NGW-096->NGW-090,NGW-096->NGW-090,NGW-096,NGW-090,primary,10.012301185789708,70.39999999999998,2.0,1.0,1.0,1.0,B/B,,not supplied,not supplied,"Hydrosheaf probabilistic edge inference using head proxy, distance, gradient, and confidence threshold"
Dry,Dry:NGW-118->NGW-109,NGW-118->NGW-109,NGW-118,NGW-109,primary,10.246478647943936,25.599999999999994,2.0,1.0,1.0,1.0,B/B,depth_mismatch,not supplied,not supplied,"Hydrosheaf probabilistic edge inference using head proxy, distance, gradient, and confidence threshold"
Dry,Dry:NGW-105->NGW-092,NGW-105->NGW-092,NGW-105,NGW-092,primary,10.306565390082426,53.30000000000001,2.0,1.0,1.0,1.0,B/B,,not supplied,not supplied,"Hydrosheaf probabilistic edge inference using head proxy, distance, gradient, and confidence threshold"
Dry,Dry:NGW-108->NGW-115,NGW-108->NGW-115,NGW-108,NGW-115,primary,11.055179913204611,47.70000000000002,2.0,1.0,1.0,1.0,B/B,depth_mismatch,not supplied,not supplied,"Hydrosheaf probabilistic edge inference using head proxy, distance, gradient, and confidence threshold"
Dry,Dry:NGW-101->NGW-115,NGW-101->NGW-115,NGW-101,NGW-115,primary,11.295100538195316,40.39999999999995,2.0,1.0,1.0,1.0,B/B,,not supplied,not supplied,"Hydrosheaf probabilistic edge inference using head proxy, distance, gradient, and confidence threshold"
Dry,Dry:NGW-158->NGW-142,NGW-158->NGW-142,NGW-158,NGW-142,primary,12.909016303639131,69.30000000000001,2.0,1.0,1.0,1.0,B/B,,not supplied,not supplied,"Hydrosheaf probabilistic edge inference using head proxy, distance, gradient, and confidence threshold"
Dry,Dry:NGW-134->NGW-142,NGW-134->NGW-142,NGW-134,NGW-142,primary,13.057264457715785,64.4,2.0,1.0,1.0,1.0,B/B,depth_mismatch,not supplied,not supplied,"Hydrosheaf probabilistic edge inference using head proxy, distance, gradient, and confidence threshold"
Dry,Dry:NGW-069->NGW-053,NGW-069->NGW-053,NGW-069,NGW-053,primary,13.115329081836117,35.5,2.0,1.0,1.0,1.0,B/B,,not supplied,not supplied,"Hydrosheaf probabilistic edge inference using head proxy, distance, gradient, and confidence threshold"
Dry,Dry:NGW-065->NGW-070,NGW-065->NGW-070,NGW-065,NGW-070,primary,13.1657294676867,20.80000000000001,2.0,1.0,1.0,1.0,B/B,depth_mismatch,not supplied,not supplied,"Hydrosheaf probabilistic edge inference using head proxy, distance, gradient, and confidence threshold"
Dry,Dry:NGW-120->NGW-090,NGW-120->NGW-090,NGW-120,NGW-090,primary,13.209017504795089,74.89999999999998,2.0,1.0,1.0,1.0,B/B,depth_mismatch,not supplied,not supplied,"Hydrosheaf probabilistic edge inference using head proxy, distance, gradient, and confidence threshold"
Dry,Dry:NGW-117->NGW-098,NGW-117->NGW-098,NGW-117,NGW-098,primary,13.27609515725497,21.700000000000017,2.0,1.0,1.0,1.0,B/B,,not supplied,not supplied,"Hydrosheaf probabilistic edge inference using head proxy, distance, gradient, and confidence threshold"
Dry,Dry:NGW-054->NGW-053,NGW-054->NGW-053,NGW-054,NGW-053,primary,13.365027952622436,31.0,2.0,1.0,1.0,1.0,B/B,,not supplied,not supplied,"Hydrosheaf probabilistic edge inference using head proxy, distance, gradient, and confidence threshold"
Dry,Dry:NGW-054->NGW-072,NGW-054->NGW-072,NGW-054,NGW-072,primary,14.022581775990924,35.5,2.0,1.0,1.0,1.0,B/B,depth_mismatch,not supplied,not supplied,"Hydrosheaf probabilistic edge inference using head proxy, distance, gradient, and confidence threshold"
Dry,Dry:NGW-117->NGW-109,NGW-117->NGW-109,NGW-117,NGW-109,primary,14.07186201748698,36.60000000000002,2.0,1.0,1.0,1.0,B/B,,not supplied,not supplied,"Hydrosheaf probabilistic edge inference using head proxy, distance, gradient, and confidence threshold"
Dry,Dry:NGW-156->NGW-149,NGW-156->NGW-149,NGW-156,NGW-149,primary,14.27435518564802,39.79999999999998,2.0,1.0,1.0,1.0,B/B,depth_mismatch,not supplied,not supplied,"Hydrosheaf probabilistic edge inference using head proxy, distance, gradient, and confidence threshold"
Dry,Dry:NGW-120->NGW-086,NGW-120->NGW-086,NGW-120,NGW-086,primary,15.740858240065558,29.599999999999966,2.0,1.0,1.0,1.0,B/B,depth_mismatch,not supplied,not supplied,"Hydrosheaf probabilistic edge inference using head proxy, distance, gradient, and confidence threshold"
Dry,Dry:NGW-083->NGW-093,NGW-083->NGW-093,NGW-083,NGW-093,primary,16.570868758547707,20.30000000000001,2.0,1.0,1.0,1.0,B/B,,not supplied,not supplied,"Hydrosheaf probabilistic edge inference using head proxy, distance, gradient, and confidence threshold"
Dry,Dry:NGW-114->NGW-090,NGW-114->NGW-090,NGW-114,NGW-090,primary,16.660228621413737,49.099999999999966,2.0,1.0,1.0,1.0,B/B,depth_mismatch,not supplied,not supplied,"Hydrosheaf probabilistic edge inference using head proxy, distance, gradient, and confidence threshold"
Dry,Dry:NGW-097->NGW-090,NGW-097->NGW-090,NGW-097,NGW-090,primary,17.19221233923474,89.0,2.0,1.0,1.0,1.0,B/B,depth_mismatch,not supplied,not supplied,"Hydrosheaf probabilistic edge inference using head proxy, distance, gradient, and confidence threshold"
Dry,Dry:NGW-156->NGW-138,NGW-156->NGW-138,NGW-156,NGW-138,primary,17.51368684141286,32.29999999999998,2.0,1.0,1.0,1.0,B/B,,not supplied,not supplied,"Hydrosheaf probabilistic edge inference using head proxy, distance, gradient, and confidence threshold"
Dry,Dry:NGW-003->NGW-004,NGW-003->NGW-004,NGW-003,NGW-004,primary,18.82409383207886,72.09999999999998,2.0,1.0,1.0,1.0,B/B,,not supplied,not supplied,"Hydrosheaf probabilistic edge inference using head proxy, distance, gradient, and confidence threshold"
Dry,Dry:NGW-156->NGW-145,NGW-156->NGW-145,NGW-156,NGW-145,primary,19.63219254750611,16.599999999999994,2.0,1.0,1.0,1.0,B/B,,not supplied,not supplied,"Hydrosheaf probabilistic edge inference using head proxy, distance, gradient, and confidence threshold"
Dry,Dry:NGW-097->NGW-086,NGW-097->NGW-086,NGW-097,NGW-086,primary,19.690800233829034,43.69999999999999,2.0,1.0,1.0,1.0,B/B,depth_mismatch,not supplied,not supplied,"Hydrosheaf probabilistic edge inference using head proxy, distance, gradient, and confidence threshold"
Dry,Dry:NGW-009->NGW-003,NGW-009->NGW-003,NGW-009,NGW-003,primary,19.79211984576608,30.900000000000006,2.0,1.0,1.0,1.0,B/B,depth_mismatch,not supplied,not supplied,"Hydrosheaf probabilistic edge inference using head proxy, distance, gradient, and confidence threshold"
Dry,Dry:NGW-016->NGW-023,NGW-016->NGW-023,NGW-016,NGW-023,primary,19.817359350293575,34.5,2.0,1.0,1.0,1.0,B/B,depth_mismatch,not supplied,not supplied,"Hydrosheaf probabilistic edge inference using head proxy, distance, gradient, and confidence threshold"
Dry,Dry:NGW-008->NGW-023,NGW-008->NGW-023,NGW-008,NGW-023,primary,20.33128141608526,85.5,2.0,1.0,1.0,1.0,B/B,,not supplied,not supplied,"Hydrosheaf probabilistic edge inference using head proxy, distance, gradient, and confidence threshold"
Dry,Dry:NGW-081->NGW-107,NGW-081->NGW-107,NGW-081,NGW-107,primary,21.028889493032338,18.900000000000006,2.0,1.0,1.0,1.0,B/B,depth_mismatch,not supplied,not supplied,"Hydrosheaf probabilistic edge inference using head proxy, distance, gradient, and confidence threshold"
Dry,Dry:NGW-084->NGW-103,NGW-084->NGW-103,NGW-084,NGW-103,primary,21.40828064961355,25.399999999999977,2.0,1.0,1.0,1.0,B/B,depth_mismatch,not supplied,not supplied,"Hydrosheaf probabilistic edge inference using head proxy, distance, gradient, and confidence threshold"
Dry,Dry:NGW-030->NGW-023,NGW-030->NGW-023,NGW-030,NGW-023,primary,21.814011326595896,37.80000000000001,2.0,1.0,1.0,1.0,B/B,,not supplied,not supplied,"Hydrosheaf probabilistic edge inference using head proxy, distance, gradient, and confidence threshold"
Dry,Dry:NGW-086->NGW-109,NGW-086->NGW-109,NGW-086,NGW-109,primary,21.820262105775416,47.900000000000034,2.0,1.0,1.0,1.0,B/B,depth_mismatch,not supplied,not supplied,"Hydrosheaf probabilistic edge inference using head proxy, distance, gradient, and confidence threshold"
Dry,Dry:NGW-148->NGW-140,NGW-148->NGW-140,NGW-148,NGW-140,primary,22.119017847993067,17.80000000000001,2.0,1.0,1.0,1.0,B/B,depth_mismatch,not supplied,not supplied,"Hydrosheaf probabilistic edge inference using head proxy, distance, gradient, and confidence threshold"
Dry,Dry:NGW-086->NGW-085,NGW-086->NGW-085,NGW-086,NGW-085,primary,22.19002028130226,27.00000000000003,2.0,1.0,1.0,1.0,B/B,,not supplied,not supplied,"Hydrosheaf probabilistic edge inference using head proxy, distance, gradient, and confidence threshold"
Dry,Dry:NGW-016->NGW-040,NGW-016->NGW-040,NGW-016,NGW-040,primary,22.313814884598514,79.20000000000002,2.0,1.0,1.0,1.0,B/B,,not supplied,not supplied,"Hydrosheaf probabilistic edge inference using head proxy, distance, gradient, and confidence threshold"
Dry,Dry:NGW-140->NGW-142,NGW-140->NGW-142,NGW-140,NGW-142,primary,22.650718611628008,55.29999999999998,2.0,1.0,1.0,1.0,B/B,,not supplied,not supplied,"Hydrosheaf probabilistic edge inference using head proxy, distance, gradient, and confidence threshold"
Dry,Dry:NGW-085->NGW-090,NGW-085->NGW-090,NGW-085,NGW-090,primary,22.655953870441977,18.299999999999983,2.0,1.0,1.0,1.0,B/B,,not supplied,not supplied,"Hydrosheaf probabilistic edge inference using head proxy, distance, gradient, and confidence threshold"
Dry,Dry:NGW-091->NGW-090,NGW-091->NGW-090,NGW-091,NGW-090,primary,22.665560426992112,58.0,2.0,1.0,1.0,1.0,B/B,,not supplied,not supplied,"Hydrosheaf probabilistic edge inference using head proxy, distance, gradient, and confidence threshold"
Dry,Dry:NGW-131->NGW-159,NGW-131->NGW-159,NGW-131,NGW-159,primary,22.71605905191784,64.29999999999998,2.0,1.0,1.0,1.0,B/B,,not supplied,not supplied,"Hydrosheaf probabilistic edge inference using head proxy, distance, gradient, and confidence threshold"
Dry,Dry:NGW-140->NGW-159,NGW-140->NGW-159,NGW-140,NGW-159,primary,23.18290967130518,43.29999999999998,2.0,1.0,1.0,1.0,B/B,depth_mismatch,not supplied,not supplied,"Hydrosheaf probabilistic edge inference using head proxy, distance, gradient, and confidence threshold"
Dry,Dry:NGW-092->NGW-090,NGW-092->NGW-090,NGW-092,NGW-090,primary,23.746775934533986,52.89999999999998,2.0,1.0,1.0,1.0,B/B,,not supplied,not supplied,"Hydrosheaf probabilistic edge inference using head proxy, distance, gradient, and confidence threshold"
Dry,Dry:NGW-099->NGW-107,NGW-099->NGW-107,NGW-099,NGW-107,primary,24.01643109115298,26.599999999999994,2.0,1.0,1.0,1.0,B/B,depth_mismatch,not supplied,not supplied,"Hydrosheaf probabilistic edge inference using head proxy, distance, gradient, and confidence threshold"
Dry,Dry:NGW-119->NGW-081,NGW-119->NGW-081,NGW-119,NGW-081,primary,24.150101960208474,16.49999999999997,2.0,1.0,1.0,1.0,B/B,,not supplied,not supplied,"Hydrosheaf probabilistic edge inference using head proxy, distance, gradient, and confidence threshold"
Dry,Dry:NGW-025->NGW-016,NGW-025->NGW-016,NGW-025,NGW-016,primary,24.168980236568586,30.399999999999977,2.0,1.0,1.0,1.0,B/B,,not supplied,not supplied,"Hydrosheaf probabilistic edge inference using head proxy, distance, gradient, and confidence threshold"
Dry,Dry:NGW-035->NGW-004,NGW-035->NGW-004,NGW-035,NGW-004,primary,24.2117372020615,84.39999999999999,2.0,1.0,1.0,1.0,B/B,,not supplied,not supplied,"Hydrosheaf probabilistic edge inference using head proxy, distance, gradient, and confidence threshold"
Dry,Dry:NGW-089->NGW-107,NGW-089->NGW-107,NGW-089,NGW-107,primary,24.244735508974966,27.5,2.0,1.0,1.0,1.0,B/B,depth_mismatch,not supplied,not supplied,"Hydrosheaf probabilistic edge inference using head proxy, distance, gradient, and confidence threshold"
Dry,Dry:NGW-030->NGW-029,NGW-030->NGW-029,NGW-030,NGW-029,primary,24.870149293740138,18.5,2.0,1.0,1.0,1.0,B/B,depth_mismatch,not supplied,not supplied,"Hydrosheaf probabilistic edge inference using head proxy, distance, gradient, and confidence threshold"
Dry,Dry:NGW-115->NGW-090,NGW-115->NGW-090,NGW-115,NGW-090,primary,24.89306427656673,25.400000000000006,2.0,1.0,1.0,1.0,B/B,depth_mismatch,not supplied,not supplied,"Hydrosheaf probabilistic edge inference using head proxy, distance, gradient, and confidence threshold"
Dry,Dry:NGW-005->NGW-004,NGW-005->NGW-004,NGW-005,NGW-004,primary,25.064660644930637,60.60000000000001,2.0,1.0,1.0,1.0,B/B,,not supplied,not supplied,"Hydrosheaf probabilistic edge inference using head proxy, distance, gradient, and confidence threshold"
Dry,Dry:NGW-144->NGW-142,NGW-144->NGW-142,NGW-144,NGW-142,primary,25.37349878588307,74.20000000000002,2.0,1.0,1.0,1.0,B/B,,not supplied,not supplied,"Hydrosheaf probabilistic edge inference using head proxy, distance, gradient, and confidence threshold"
Dry,Dry:NGW-001->NGW-004,NGW-001->NGW-004,NGW-001,NGW-004,primary,25.421766053105095,48.2,2.0,1.0,1.0,1.0,B/B,depth_mismatch,not supplied,not supplied,"Hydrosheaf probabilistic edge inference using head proxy, distance, gradient, and confidence threshold"
Dry,Dry:NGW-016->NGW-036,NGW-016->NGW-036,NGW-016,NGW-036,primary,26.04308867605757,44.10000000000002,2.0,1.0,1.0,1.0,B/B,,not supplied,not supplied,"Hydrosheaf probabilistic edge inference using head proxy, distance, gradient, and confidence threshold"
Dry,Dry:NGW-093->NGW-090,NGW-093->NGW-090,NGW-093,NGW-090,primary,26.231781727536745,30.69999999999999,2.0,1.0,1.0,1.0,B/B,,not supplied,not supplied,"Hydrosheaf probabilistic edge inference using head proxy, distance, gradient, and confidence threshold"
Dry,Dry:NGW-143->NGW-142,NGW-143->NGW-142,NGW-143,NGW-142,primary,26.428274581340432,90.1,2.0,1.0,1.0,1.0,B/B,,not supplied,not supplied,"Hydrosheaf probabilistic edge inference using head proxy, distance, gradient, and confidence threshold"
Dry,Dry:NGW-135->NGW-142,NGW-135->NGW-142,NGW-135,NGW-142,primary,27.095210791044632,22.799999999999983,2.0,1.0,1.0,1.0,B/B,depth_mismatch,not supplied,not supplied,"Hydrosheaf probabilistic edge inference using head proxy, distance, gradient, and confidence threshold"
Dry,Dry:NGW-010->NGW-005,NGW-010->NGW-005,NGW-010,NGW-005,primary,27.138658208995707,16.599999999999966,2.0,1.0,1.0,1.0,B/B,,not supplied,not supplied,"Hydrosheaf probabilistic edge inference using head proxy, distance, gradient, and confidence threshold"
Dry,Dry:NGW-030->NGW-040,NGW-030->NGW-040,NGW-030,NGW-040,primary,27.25174555200131,82.50000000000003,2.0,1.0,1.0,1.0,B/B,depth_mismatch,not supplied,not supplied,"Hydrosheaf probabilistic edge inference using head proxy, distance, gradient, and confidence threshold"
Dry,Dry:NGW-126->NGW-142,NGW-126->NGW-142,NGW-126,NGW-142,primary,27.301867083690958,84.79999999999998,2.0,1.0,1.0,1.0,B/B,,not supplied,not supplied,"Hydrosheaf probabilistic edge inference using head proxy, distance, gradient, and confidence threshold"
Dry,Dry:NGW-038->NGW-040,NGW-038->NGW-040,NGW-038,NGW-040,primary,27.631220011853156,73.70000000000002,2.0,1.0,1.0,1.0,B/B,depth_mismatch,not supplied,not supplied,"Hydrosheaf probabilistic edge inference using head proxy, distance, gradient, and confidence threshold"
Dry,Dry:NGW-010->NGW-001,NGW-010->NGW-001,NGW-010,NGW-001,primary,28.096932362750145,28.99999999999997,2.0,1.0,1.0,1.0,B/B,depth_mismatch,not supplied,not supplied,"Hydrosheaf probabilistic edge inference using head proxy, distance, gradient, and confidence threshold"
Dry,Dry:NGW-118->NGW-090,NGW-118->NGW-090,NGW-118,NGW-090,primary,28.683605895922945,22.99999999999997,2.0,1.0,1.0,1.0,B/B,,not supplied,not supplied,"Hydrosheaf probabilistic edge inference using head proxy, distance, gradient, and confidence threshold"
Dry,Dry:NGW-114->NGW-109,NGW-114->NGW-109,NGW-114,NGW-109,primary,29.671148802286968,51.69999999999999,2.0,1.0,1.0,1.0,B/B,,not supplied,not supplied,"Hydrosheaf probabilistic edge inference using head proxy, distance, gradient, and confidence threshold"
Dry,Dry:NGW-114->NGW-115,NGW-114->NGW-115,NGW-114,NGW-115,primary,29.727652080132582,23.69999999999996,2.0,1.0,1.0,1.0,B/B,,not supplied,not supplied,"Hydrosheaf probabilistic edge inference using head proxy, distance, gradient, and confidence threshold"
Dry,Dry:NGW-093->NGW-073,NGW-093->NGW-073,NGW-093,NGW-073,primary,29.84953089237324,37.19999999999999,2.0,1.0,1.0,1.0,B/B,,not supplied,not supplied,"Hydrosheaf probabilistic edge inference using head proxy, distance, gradient, and confidence threshold"
Dry,Dry:NGW-092->NGW-059,NGW-092->NGW-059,NGW-092,NGW-059,primary,29.99089022364989,27.599999999999966,2.0,1.0,1.0,1.0,B/B,,not supplied,not supplied,"Hydrosheaf probabilistic edge inference using head proxy, distance, gradient, and confidence threshold"
Dry,Dry:NGW-091->NGW-076,NGW-091->NGW-076,NGW-091,NGW-076,primary,30.142642669251533,34.60000000000002,2.0,1.0,1.0,1.0,B/B,,not supplied,not supplied,"Hydrosheaf probabilistic edge inference using head proxy, distance, gradient, and confidence threshold"
Dry,Dry:NGW-089->NGW-102,NGW-089->NGW-102,NGW-089,NGW-102,primary,30.521977841493744,21.69999999999999,2.0,1.0,1.0,1.0,B/B,depth_mismatch,not supplied,not supplied,"Hydrosheaf probabilistic edge inference using head proxy, distance, gradient, and confidence threshold"
Dry,Dry:NGW-083->NGW-109,NGW-083->NGW-109,NGW-083,NGW-109,primary,30.553201034567238,53.60000000000002,2.0,1.0,1.0,1.0,B/B,depth_mismatch,not supplied,not supplied,"Hydrosheaf probabilistic edge inference using head proxy, distance, gradient, and confidence threshold"
Dry,Dry:NGW-038->NGW-036,NGW-038->NGW-036,NGW-038,NGW-036,primary,30.670320499426886,38.60000000000002,2.0,1.0,1.0,1.0,B/B,,not supplied,not supplied,"Hydrosheaf probabilistic edge inference using head proxy, distance, gradient, and confidence threshold"
Dry,Dry:NGW-023->NGW-040,NGW-023->NGW-040,NGW-023,NGW-040,primary,30.788440632333355,44.70000000000002,2.0,1.0,1.0,1.0,B/B,depth_mismatch,not supplied,not supplied,"Hydrosheaf probabilistic edge inference using head proxy, distance, gradient, and confidence threshold"
Dry,Dry:NGW-089->NGW-111,NGW-089->NGW-111,NGW-089,NGW-111,primary,31.144470370313226,29.0,2.0,1.0,1.0,1.0,B/B,,not supplied,not supplied,"Hydrosheaf probabilistic edge inference using head proxy, distance, gradient, and confidence threshold"
Dry,Dry:NGW-093->NGW-060,NGW-093->NGW-060,NGW-093,NGW-060,primary,31.88187648321385,44.400000000000006,2.0,1.0,1.0,1.0,B/B,,not supplied,not supplied,"Hydrosheaf probabilistic edge inference using head proxy, distance, gradient, and confidence threshold"
Dry,Dry:NGW-081->NGW-111,NGW-081->NGW-111,NGW-081,NGW-111,primary,32.27068531888766,20.400000000000006,2.0,1.0,1.0,1.0,B/B,,not supplied,not supplied,"Hydrosheaf probabilistic edge inference using head proxy, distance, gradient, and confidence threshold"
Dry,Dry:NGW-117->NGW-090,NGW-117->NGW-090,NGW-117,NGW-090,primary,32.34000994093414,34.0,2.0,1.0,1.0,1.0,B/B,depth_mismatch,not supplied,not supplied,"Hydrosheaf probabilistic edge inference using head proxy, distance, gradient, and confidence threshold"
Dry,Dry:NGW-104->NGW-103,NGW-104->NGW-103,NGW-104,NGW-103,primary,32.349349303318,22.0,2.0,1.0,1.0,1.0,B/B,,not supplied,not supplied,"Hydrosheaf probabilistic edge inference using head proxy, distance, gradient, and confidence threshold"
Dry,Dry:NGW-134->NGW-135,NGW-134->NGW-135,NGW-134,NGW-135,primary,33.493829072075165,41.60000000000002,2.0,1.0,1.0,1.0,B/B,,not supplied,not supplied,"Hydrosheaf probabilistic edge inference using head proxy, distance, gradient, and confidence threshold"
Dry,Dry:NGW-145->NGW-127,NGW-145->NGW-127,NGW-145,NGW-127,primary,33.61739437204891,35.5,2.0,1.0,1.0,1.0,B/B,,not supplied,not supplied,"Hydrosheaf probabilistic edge inference using head proxy, distance, gradient, and confidence threshold"
Dry,Dry:NGW-145->NGW-155,NGW-145->NGW-155,NGW-145,NGW-155,primary,33.909226794562876,45.39999999999998,2.0,1.0,1.0,1.0,B/B,,not supplied,not supplied,"Hydrosheaf probabilistic edge inference using head proxy, distance, gradient, and confidence threshold"
Dry,Dry:NGW-158->NGW-135,NGW-158->NGW-135,NGW-158,NGW-135,primary,34.31320165077985,46.50000000000003,2.0,1.0,1.0,1.0,B/B,depth_mismatch,not supplied,not supplied,"Hydrosheaf probabilistic edge inference using head proxy, distance, gradient, and confidence threshold"
Dry,Dry:NGW-053->NGW-070,NGW-053->NGW-070,NGW-053,NGW-070,primary,34.3740984943346,38.30000000000001,2.0,1.0,1.0,1.0,B/B,depth_mismatch,not supplied,not supplied,"Hydrosheaf probabilistic edge inference using head proxy, distance, gradient, and confidence threshold"
Dry,Dry:NGW-099->NGW-102,NGW-099->NGW-102,NGW-099,NGW-102,primary,34.55397926192891,20.799999999999983,2.0,1.0,1.0,1.0,B/B,depth_mismatch,not supplied,not supplied,"Hydrosheaf probabilistic edge inference using head proxy, distance, gradient, and confidence threshold"
Dry,Dry:NGW-110->NGW-111,NGW-110->NGW-111,NGW-110,NGW-111,primary,34.81484562597488,17.5,2.0,1.0,1.0,1.0,B/B,,not supplied,not supplied,"Hydrosheaf probabilistic edge inference using head proxy, distance, gradient, and confidence threshold"
Dry,Dry:NGW-099->NGW-111,NGW-099->NGW-111,NGW-099,NGW-111,primary,35.42992918228901,28.099999999999994,2.0,1.0,1.0,1.0,B/B,,not supplied,not supplied,"Hydrosheaf probabilistic edge inference using head proxy, distance, gradient, and confidence threshold"
Dry,Dry:NGW-072->NGW-070,NGW-072->NGW-070,NGW-072,NGW-070,primary,35.43503998296091,33.80000000000001,2.0,1.0,1.0,1.0,B/B,,not supplied,not supplied,"Hydrosheaf probabilistic edge inference using head proxy, distance, gradient, and confidence threshold"
Dry,Dry:NGW-138->NGW-127,NGW-138->NGW-127,NGW-138,NGW-127,primary,35.76289512364182,19.80000000000001,2.0,1.0,1.0,1.0,B/B,,not supplied,not supplied,"Hydrosheaf probabilistic edge inference using head proxy, distance, gradient, and confidence threshold"
Dry,Dry:NGW-138->NGW-130,NGW-138->NGW-130,NGW-138,NGW-130,primary,35.979380674992356,26.700000000000017,2.0,1.0,1.0,1.0,B/B,,not supplied,not supplied,"Hydrosheaf probabilistic edge inference using head proxy, distance, gradient, and confidence threshold"
Dry,Dry:NGW-138->NGW-155,NGW-138->NGW-155,NGW-138,NGW-155,primary,36.05641372637433,29.69999999999999,2.0,1.0,1.0,1.0,B/B,depth_mismatch,not supplied,not supplied,"Hydrosheaf probabilistic edge inference using head proxy, distance, gradient, and confidence threshold"
Dry,Dry:NGW-023->NGW-002,NGW-023->NGW-002,NGW-023,NGW-002,primary,36.131117854010135,18.599999999999994,2.0,1.0,1.0,1.0,B/B,,not supplied,not supplied,"Hydrosheaf probabilistic edge inference using head proxy, distance, gradient, and confidence threshold"
Dry,Dry:NGW-100->NGW-102,NGW-100->NGW-102,NGW-100,NGW-102,primary,36.54568691927432,26.399999999999977,2.0,1.0,1.0,1.0,B/B,,not supplied,not supplied,"Hydrosheaf probabilistic edge inference using head proxy, distance, gradient, and confidence threshold"
Dry,Dry:NGW-094->NGW-107,NGW-094->NGW-107,NGW-094,NGW-107,primary,36.869639978847054,23.5,2.0,1.0,1.0,1.0,B/B,depth_mismatch,not supplied,not supplied,"Hydrosheaf probabilistic edge inference using head proxy, distance, gradient, and confidence threshold"
Dry,Dry:NGW-149->NGW-130,NGW-149->NGW-130,NGW-149,NGW-130,primary,37.62165530776836,19.200000000000017,2.0,1.0,1.0,1.0,B/B,depth_mismatch,not supplied,not supplied,"Hydrosheaf probabilistic edge inference using head proxy, distance, gradient, and confidence threshold"
Dry,Dry:NGW-077->NGW-070,NGW-077->NGW-070,NGW-077,NGW-070,primary,37.82557125760468,47.0,2.0,1.0,1.0,1.0,B/B,,not supplied,not supplied,"Hydrosheaf probabilistic edge inference using head proxy, distance, gradient, and confidence threshold"
Dry,Dry:NGW-103->NGW-074,NGW-103->NGW-074,NGW-103,NGW-074,primary,38.72332104706821,22.799999999999983,2.0,1.0,1.0,1.0,B/B,depth_mismatch,not supplied,not supplied,"Hydrosheaf probabilistic edge inference using head proxy, distance, gradient, and confidence threshold"
Dry,Dry:NGW-053->NGW-074,NGW-053->NGW-074,NGW-053,NGW-074,primary,38.74299581951347,19.099999999999994,2.0,1.0,1.0,1.0,B/B,depth_mismatch,not supplied,not supplied,"Hydrosheaf probabilistic edge inference using head proxy, distance, gradient, and confidence threshold"
Dry,Dry:NGW-080->NGW-073,NGW-080->NGW-073,NGW-080,NGW-073,primary,39.08957113833833,22.900000000000006,2.0,1.0,1.0,1.0,B/B,,not supplied,not supplied,"Hydrosheaf probabilistic edge inference using head proxy, distance, gradient, and confidence threshold"
Dry,Dry:NGW-149->NGW-155,NGW-149->NGW-155,NGW-149,NGW-155,primary,39.188841352403784,22.19999999999999,2.0,1.0,1.0,1.0,B/B,,not supplied,not supplied,"Hydrosheaf probabilistic edge inference using head proxy, distance, gradient, and confidence threshold"
Dry,Dry:NGW-103->NGW-070,NGW-103->NGW-070,NGW-103,NGW-070,primary,39.38190398819814,42.0,2.0,1.0,1.0,1.0,B/B,depth_mismatch,not supplied,not supplied,"Hydrosheaf probabilistic edge inference using head proxy, distance, gradient, and confidence threshold"
Dry,Dry:NGW-061->NGW-070,NGW-061->NGW-070,NGW-061,NGW-070,primary,40.09860582125665,53.80000000000004,2.0,1.0,1.0,1.0,B/B,depth_mismatch,not supplied,not supplied,"Hydrosheaf probabilistic edge inference using head proxy, distance, gradient, and confidence threshold"
Dry,Dry:NGW-076->NGW-073,NGW-076->NGW-073,NGW-076,NGW-073,primary,40.2812621226903,29.899999999999977,2.0,1.0,1.0,1.0,B/B,,not supplied,not supplied,"Hydrosheaf probabilistic edge inference using head proxy, distance, gradient, and confidence threshold"
Dry,Dry:NGW-107->NGW-070,NGW-107->NGW-070,NGW-107,NGW-070,primary,40.34834887470683,28.30000000000001,2.0,1.0,1.0,1.0,B/B,,not supplied,not supplied,"Hydrosheaf probabilistic edge inference using head proxy, distance, gradient, and confidence threshold"
Dry,Dry:NGW-103->NGW-060,NGW-103->NGW-060,NGW-103,NGW-060,primary,40.70077701176852,33.099999999999994,2.0,1.0,1.0,1.0,B/B,,not supplied,not supplied,"Hydrosheaf probabilistic edge inference using head proxy, distance, gradient, and confidence threshold"
Dry,Dry:NGW-080->NGW-065,NGW-080->NGW-065,NGW-080,NGW-065,primary,41.55436136565534,18.200000000000017,2.0,1.0,1.0,1.0,B/B,depth_mismatch,not supplied,not supplied,"Hydrosheaf probabilistic edge inference using head proxy, distance, gradient, and confidence threshold"
Dry,Dry:NGW-102->NGW-060,NGW-102->NGW-060,NGW-102,NGW-060,primary,41.6868947021424,25.200000000000017,2.0,1.0,1.0,1.0,B/B,depth_mismatch,not supplied,not supplied,"Hydrosheaf probabilistic edge inference using head proxy, distance, gradient, and confidence threshold"
Dry,Dry:NGW-050->NGW-070,NGW-050->NGW-070,NGW-050,NGW-070,primary,41.97245878582116,37.099999999999994,2.0,1.0,1.0,1.0,B/B,depth_mismatch,not supplied,not supplied,"Hydrosheaf probabilistic edge inference using head proxy, distance, gradient, and confidence threshold"
Dry,Dry:NGW-107->NGW-060,NGW-107->NGW-060,NGW-107,NGW-060,primary,42.15188053981299,19.400000000000006,2.0,1.0,1.0,1.0,B/B,depth_mismatch,not supplied,not supplied,"Hydrosheaf probabilistic edge inference using head proxy, distance, gradient, and confidence threshold"
Dry,Dry:NGW-077->NGW-074,NGW-077->NGW-074,NGW-077,NGW-074,primary,42.39372270768451,27.799999999999983,2.0,1.0,1.0,1.0,B/B,,not supplied,not supplied,"Hydrosheaf probabilistic edge inference using head proxy, distance, gradient, and confidence threshold"
Dry,Dry:NGW-136->NGW-138,NGW-136->NGW-138,NGW-136,NGW-138,primary,42.564223480047104,34.99999999999997,2.0,1.0,1.0,1.0,B/B,,not supplied,not supplied,"Hydrosheaf probabilistic edge inference using head proxy, distance, gradient, and confidence threshold"
Dry,Dry:NGW-043->NGW-077,NGW-043->NGW-077,NGW-043,NGW-077,primary,43.3381193273285,23.399999999999977,2.0,1.0,1.0,1.0,B/B,,not supplied,not supplied,"Hydrosheaf probabilistic edge inference using head proxy, distance, gradient, and confidence threshold"
Dry,Dry:NGW-076->NGW-065,NGW-076->NGW-065,NGW-076,NGW-065,primary,43.4310222668456,25.19999999999999,2.0,1.0,1.0,1.0,B/B,depth_mismatch,not supplied,not supplied,"Hydrosheaf probabilistic edge inference using head proxy, distance, gradient, and confidence threshold"
Dry,Dry:NGW-137->NGW-138,NGW-137->NGW-138,NGW-137,NGW-138,primary,43.59220013750097,31.69999999999996,2.0,1.0,1.0,1.0,B/B,,not supplied,not supplied,"Hydrosheaf probabilistic edge inference using head proxy, distance, gradient, and confidence threshold"
Dry,Dry:NGW-153->NGW-138,NGW-153->NGW-138,NGW-153,NGW-138,primary,43.682985094060236,23.799999999999983,2.0,1.0,1.0,1.0,B/B,depth_mismatch,not supplied,not supplied,"Hydrosheaf probabilistic edge inference using head proxy, distance, gradient, and confidence threshold"
Dry,Dry:NGW-042->NGW-073,NGW-042->NGW-073,NGW-042,NGW-073,primary,43.77175956870804,25.399999999999977,2.0,1.0,1.0,1.0,B/B,depth_mismatch,not supplied,not supplied,"Hydrosheaf probabilistic edge inference using head proxy, distance, gradient, and confidence threshold"
Dry,Dry:NGW-058->NGW-077,NGW-058->NGW-077,NGW-058,NGW-077,primary,44.59492508651667,22.5,2.0,1.0,1.0,1.0,B/B,,not supplied,not supplied,"Hydrosheaf probabilistic edge inference using head proxy, distance, gradient, and confidence threshold"
Dry,Dry:NGW-149->NGW-159,NGW-149->NGW-159,NGW-149,NGW-159,primary,44.85193698673684,23.0,2.0,1.0,1.0,1.0,B/B,depth_mismatch,not supplied,not supplied,"Hydrosheaf probabilistic edge inference using head proxy, distance, gradient, and confidence threshold"
Dry,Dry:NGW-080->NGW-060,NGW-080->NGW-060,NGW-080,NGW-060,primary,45.71843759542193,30.100000000000023,2.0,1.0,1.0,1.0,B/B,depth_mismatch,not supplied,not supplied,"Hydrosheaf probabilistic edge inference using head proxy, distance, gradient, and confidence threshold"
Dry,Dry:NGW-050->NGW-074,NGW-050->NGW-074,NGW-050,NGW-074,primary,46.34539477820917,17.899999999999977,2.0,1.0,1.0,1.0,B/B,depth_mismatch,not supplied,not supplied,"Hydrosheaf probabilistic edge inference using head proxy, distance, gradient, and confidence threshold"
Dry,Dry:NGW-076->NGW-060,NGW-076->NGW-060,NGW-076,NGW-060,primary,46.45112419777602,37.099999999999994,2.0,1.0,1.0,1.0,B/B,,not supplied,not supplied,"Hydrosheaf probabilistic edge inference using head proxy, distance, gradient, and confidence threshold"
Dry,Dry:NGW-111->NGW-060,NGW-111->NGW-060,NGW-111,NGW-060,primary,46.5042788885553,17.900000000000006,2.0,1.0,1.0,1.0,B/B,,not supplied,not supplied,"Hydrosheaf probabilistic edge inference using head proxy, distance, gradient, and confidence threshold"
Dry,Dry:NGW-042->NGW-065,NGW-042->NGW-065,NGW-042,NGW-065,primary,46.5521545359657,20.69999999999999,2.0,1.0,1.0,1.0,B/B,depth_mismatch,not supplied,not supplied,"Hydrosheaf probabilistic edge inference using head proxy, distance, gradient, and confidence threshold"
Dry,Dry:NGW-102->NGW-073,NGW-102->NGW-073,NGW-102,NGW-073,primary,46.72864256075302,18.0,2.0,1.0,1.0,1.0,B/B,depth_mismatch,not supplied,not supplied,"Hydrosheaf probabilistic edge inference using head proxy, distance, gradient, and confidence threshold"
Dry,Dry:NGW-007->NGW-006,NGW-007->NGW-006,NGW-007,NGW-006,primary,46.9087150656242,32.20000000000002,2.0,1.0,1.0,1.0,B/B,depth_mismatch,not supplied,not supplied,"Hydrosheaf probabilistic edge inference using head proxy, distance, gradient, and confidence threshold"
Dry,Dry:NGW-053->NGW-065,NGW-053->NGW-065,NGW-053,NGW-065,primary,46.92304666158744,17.5,2.0,1.0,1.0,1.0,B/B,depth_mismatch,not supplied,not supplied,"Hydrosheaf probabilistic edge inference using head proxy, distance, gradient, and confidence threshold"
Dry,Dry:NGW-077->NGW-051,NGW-077->NGW-051,NGW-077,NGW-051,primary,47.003796335344454,39.69999999999999,2.0,1.0,1.0,1.0,B/B,,not supplied,not supplied,"Hydrosheaf probabilistic edge inference using head proxy, distance, gradient, and confidence threshold"
Dry,Dry:NGW-129->NGW-130,NGW-129->NGW-130,NGW-129,NGW-130,primary,47.189781954927966,33.60000000000002,2.0,1.0,1.0,1.0,B/B,,not supplied,not supplied,"Hydrosheaf probabilistic edge inference using head proxy, distance, gradient, and confidence threshold"
Dry,Dry:NGW-050->NGW-051,NGW-050->NGW-051,NGW-050,NGW-051,primary,48.31075309109206,29.799999999999983,2.0,1.0,1.0,1.0,B/B,depth_mismatch,not supplied,not supplied,"Hydrosheaf probabilistic edge inference using head proxy, distance, gradient, and confidence threshold"
Dry,Dry:NGW-072->NGW-060,NGW-072->NGW-060,NGW-072,NGW-060,primary,48.71977720240365,24.900000000000006,2.0,1.0,1.0,1.0,B/B,,not supplied,not supplied,"Hydrosheaf probabilistic edge inference using head proxy, distance, gradient, and confidence threshold"
Dry,Dry:NGW-102->NGW-070,NGW-102->NGW-070,NGW-102,NGW-070,primary,49.45199558534154,34.10000000000002,2.0,1.0,1.0,1.0,B/B,,not supplied,not supplied,"Hydrosheaf probabilistic edge inference using head proxy, distance, gradient, and confidence threshold"
Dry,Dry:NGW-150->NGW-127,NGW-150->NGW-127,NGW-150,NGW-127,primary,49.47401309601054,17.80000000000001,2.0,1.0,1.0,1.0,B/B,depth_mismatch,not supplied,not supplied,"Hydrosheaf probabilistic edge inference using head proxy, distance, gradient, and confidence threshold"
Dry,Dry:NGW-073->NGW-070,NGW-073->NGW-070,NGW-073,NGW-070,primary,16.937267632060152,16.100000000000023,2.0,0.9999999999999996,0.9999999999999996,0.9999999999999996,B/B,depth_mismatch,not supplied,not supplied,"Hydrosheaf probabilistic edge inference using head proxy, distance, gradient, and confidence threshold"
Dry,Dry:NGW-110->NGW-107,NGW-110->NGW-107,NGW-110,NGW-107,primary,23.354222703019985,16.0,2.0,0.9999999999999993,0.9999999999999993,0.9999999999999993,B/B,depth_mismatch,not supplied,not supplied,"Hydrosheaf probabilistic edge inference using head proxy, distance, gradient, and confidence threshold"
Dry,Dry:NGW-057->NGW-080,NGW-057->NGW-080,NGW-057,NGW-080,primary,40.903475091422735,15.0,2.0,0.999999999999968,0.999999999999968,0.999999999999968,B/B,depth_mismatch,not supplied,not supplied,"Hydrosheaf probabilistic edge inference using head proxy, distance, gradient, and confidence threshold"
Dry,Dry:NGW-098->NGW-109,NGW-098->NGW-109,NGW-098,NGW-109,primary,3.472449005386822,14.900000000000006,2.0,0.9999999999999534,0.9999999999999534,0.9999999999999534,B/B,,not supplied,not supplied,"Hydrosheaf probabilistic edge inference using head proxy, distance, gradient, and confidence threshold"
Dry,Dry:NGW-072->NGW-074,NGW-072->NGW-074,NGW-072,NGW-074,primary,39.934910818992506,14.599999999999994,2.0,0.9999999999998561,0.9999999999998561,0.9999999999998561,B/B,,not supplied,not supplied,"Hydrosheaf probabilistic edge inference using head proxy, distance, gradient, and confidence threshold"
Dry,Dry:NGW-115->NGW-098,NGW-115->NGW-098,NGW-115,NGW-098,primary,5.507026129746378,13.100000000000023,2.0,0.9999999999712315,0.9999999999712315,0.9999999999712315,B/B,,not supplied,not supplied,"Hydrosheaf probabilistic edge inference using head proxy, distance, gradient, and confidence threshold"
Dry,Dry:NGW-081->NGW-102,NGW-081->NGW-102,NGW-081,NGW-102,primary,31.068019086769034,13.099999999999994,2.0,0.9999999999712315,0.9999999999712315,0.9999999999712315,B/B,depth_mismatch,not supplied,not supplied,"Hydrosheaf probabilistic edge inference using head proxy, distance, gradient, and confidence threshold"
Dry,Dry:NGW-157->NGW-127,NGW-157->NGW-127,NGW-157,NGW-127,primary,9.27435892155136,12.600000000000023,2.0,0.9999999998511772,0.9999999998511772,0.9999999998511772,B/B,,not supplied,not supplied,"Hydrosheaf probabilistic edge inference using head proxy, distance, gradient, and confidence threshold"
Dry,Dry:NGW-057->NGW-042,NGW-057->NGW-042,NGW-057,NGW-042,primary,35.13920909722427,12.500000000000028,2.0,0.9999999997947737,0.9999999997947737,0.9999999997947737,B/B,,not supplied,not supplied,"Hydrosheaf probabilistic edge inference using head proxy, distance, gradient, and confidence threshold"
Dry,Dry:NGW-005->NGW-001,NGW-005->NGW-001,NGW-005,NGW-001,primary,2.9320738859598023,12.400000000000006,2.0,0.9999999997176843,0.9999999997176843,0.9999999997176843,B/B,depth_mismatch,not supplied,not supplied,"Hydrosheaf probabilistic edge inference using head proxy, distance, gradient, and confidence threshold"
Dry,Dry:NGW-098->NGW-090,NGW-098->NGW-090,NGW-098,NGW-090,primary,25.322883511343676,12.299999999999983,2.0,0.9999999996125852,0.9999999996125852,0.9999999996125852,B/B,depth_mismatch,not supplied,not supplied,"Hydrosheaf probabilistic edge inference using head proxy, distance, gradient, and confidence threshold"
Dry,Dry:NGW-107->NGW-073,NGW-107->NGW-073,NGW-107,NGW-073,primary,49.11479515813121,12.199999999999989,2.0,0.9999999994696577,0.9999999994696577,0.9999999994696577,B/B,depth_mismatch,not supplied,not supplied,"Hydrosheaf probabilistic edge inference using head proxy, distance, gradient, and confidence threshold"
Dry,Dry:NGW-159->NGW-142,NGW-159->NGW-142,NGW-159,NGW-142,primary,9.31230859066579,12.0,2.0,0.9999999990134123,0.9999999990134123,0.9999999990134123,B/B,depth_mismatch,not supplied,not supplied,"Hydrosheaf probabilistic edge inference using head proxy, distance, gradient, and confidence threshold"
Dry,Dry:NGW-065->NGW-060,NGW-065->NGW-060,NGW-065,NGW-060,primary,7.876580429774409,11.900000000000006,2.0,0.9999999986592876,0.9999999986592876,0.9999999986592876,B/B,depth_mismatch,not supplied,not supplied,"Hydrosheaf probabilistic edge inference using head proxy, distance, gradient, and confidence threshold"
Dry,Dry:NGW-003->NGW-005,NGW-003->NGW-005,NGW-003,NGW-005,primary,6.257305898818028,11.499999999999972,2.0,0.9999999955378276,0.9999999955378276,0.9999999955378276,B/B,,not supplied,not supplied,"Hydrosheaf probabilistic edge inference using head proxy, distance, gradient, and confidence threshold"
Dry,Dry:NGW-041->NGW-080,NGW-041->NGW-080,NGW-041,NGW-080,primary,42.54772829969883,11.499999999999972,2.0,0.9999999955378276,0.9999999955378276,0.9999999955378276,B/B,,not supplied,not supplied,"Hydrosheaf probabilistic edge inference using head proxy, distance, gradient, and confidence threshold"
Dry,Dry:NGW-057->NGW-079,NGW-057->NGW-079,NGW-057,NGW-079,primary,2.326488151364252,11.300000000000011,2.0,0.9999999919776081,0.9999999919776081,0.9999999919776081,B/B,,not supplied,not supplied,"Hydrosheaf probabilistic edge inference using head proxy, distance, gradient, and confidence threshold"
Dry,Dry:NGW-063->NGW-080,NGW-063->NGW-080,NGW-063,NGW-080,primary,44.90504404388225,10.899999999999949,2.0,0.99999997481509,0.99999997481509,0.99999997481509,B/B,,not supplied,not supplied,"Hydrosheaf probabilistic edge inference using head proxy, distance, gradient, and confidence threshold"
Dry,Dry:NGW-135->NGW-159,NGW-135->NGW-159,NGW-135,NGW-159,primary,28.399104958267024,10.799999999999983,2.0,0.9999999666795515,0.9999999666795515,0.9999999666795515,B/B,,not supplied,not supplied,"Hydrosheaf probabilistic edge inference using head proxy, distance, gradient, and confidence threshold"
Dry,Dry:NGW-124->NGW-160,NGW-124->NGW-160,NGW-124,NGW-160,primary,6.707426141464768,10.700000000000017,2.0,0.999999956022884,0.999999956022884,0.999999956022884,B/B,,not supplied,not supplied,"Hydrosheaf probabilistic edge inference using head proxy, distance, gradient, and confidence threshold"
Dry,Dry:NGW-118->NGW-098,NGW-118->NGW-098,NGW-118,NGW-098,primary,9.899458831601411,10.699999999999989,2.0,0.999999956022884,0.999999956022884,0.999999956022884,B/B,depth_mismatch,not supplied,not supplied,"Hydrosheaf probabilistic edge inference using head proxy, distance, gradient, and confidence threshold"
Dry,Dry:NGW-074->NGW-060,NGW-074->NGW-060,NGW-074,NGW-060,primary,8.790682030621133,10.300000000000011,2.0,0.9999998697567705,0.9999998697567705,0.9999998697567705,B/B,,not supplied,not supplied,"Hydrosheaf probabilistic edge inference using head proxy, distance, gradient, and confidence threshold"
Dry,Dry:NGW-110->NGW-102,NGW-110->NGW-102,NGW-110,NGW-102,primary,33.870135292627104,10.199999999999989,2.0,0.9999998301732593,0.9999998301732593,0.9999998301732593,B/B,depth_mismatch,not supplied,not supplied,"Hydrosheaf probabilistic edge inference using head proxy, distance, gradient, and confidence threshold"
Dry,Dry:NGW-127->NGW-155,NGW-127->NGW-155,NGW-127,NGW-155,primary,0.6424053211445702,9.899999999999977,2.0,0.9999996289325921,0.9999996289325921,0.9999996289325921,B/B,,not supplied,not supplied,"Hydrosheaf probabilistic edge inference using head proxy, distance, gradient, and confidence threshold"
Dry,Dry:NGW-023->NGW-036,NGW-023->NGW-036,NGW-023,NGW-036,primary,33.98978339310302,9.600000000000023,2.0,0.999999206671848,0.999999206671848,0.999999206671848,B/B,depth_mismatch,not supplied,not supplied,"Hydrosheaf probabilistic edge inference using head proxy, distance, gradient, and confidence threshold"
Dry,Dry:NGW-036->NGW-002,NGW-036->NGW-002,NGW-036,NGW-002,primary,3.5251257035414687,8.999999999999972,2.0,0.9999966023268753,0.9999966023268753,0.9999966023268753,B/B,,not supplied,not supplied,"Hydrosheaf probabilistic edge inference using head proxy, distance, gradient, and confidence threshold"
Dry,Dry:NGW-041->NGW-042,NGW-041->NGW-042,NGW-041,NGW-042,primary,36.7987001634044,9.0,2.0,0.9999966023268753,0.9999966023268753,0.9999966023268753,B/B,depth_mismatch,not supplied,not supplied,"Hydrosheaf probabilistic edge inference using head proxy, distance, gradient, and confidence threshold"
Dry,Dry:NGW-060->NGW-070,NGW-060->NGW-070,NGW-060,NGW-070,primary,13.380761623370983,8.900000000000006,2.0,0.99999570648553,0.99999570648553,0.99999570648553,B/B,depth_mismatch,not supplied,not supplied,"Hydrosheaf probabilistic edge inference using head proxy, distance, gradient, and confidence threshold"
Dry,Dry:NGW-063->NGW-042,NGW-063->NGW-042,NGW-063,NGW-042,primary,39.36582219574737,8.399999999999977,2.0,0.9999866542509841,0.9999866542509841,0.9999866542509841,B/B,depth_mismatch,not supplied,not supplied,"Hydrosheaf probabilistic edge inference using head proxy, distance, gradient, and confidence threshold"
Dry,Dry:NGW-124->NGW-123,NGW-124->NGW-123,NGW-124,NGW-123,primary,3.684616919741716,7.900000000000006,2.0,0.9999609244034022,0.9999609244034022,0.9999609244034022,B/B,,not supplied,not supplied,"Hydrosheaf probabilistic edge inference using head proxy, distance, gradient, and confidence threshold"
Dry,Dry:NGW-041->NGW-079,NGW-041->NGW-079,NGW-041,NGW-079,primary,2.0792739406468734,7.799999999999983,2.0,0.9999519036559824,0.9999519036559824,0.9999519036559824,B/B,,not supplied,not supplied,"Hydrosheaf probabilistic edge inference using head proxy, distance, gradient, and confidence threshold"
Dry,Dry:NGW-049->NGW-072,NGW-049->NGW-072,NGW-049,NGW-072,primary,45.95860524440096,7.5,2.0,0.9999115827147992,0.9999115827147992,0.9999115827147992,B/B,depth_mismatch,not supplied,not supplied,"Hydrosheaf probabilistic edge inference using head proxy, distance, gradient, and confidence threshold"
Dry,Dry:NGW-063->NGW-079,NGW-063->NGW-079,NGW-063,NGW-079,primary,4.923649562384915,7.19999999999996,2.0,0.9998408914098424,0.9998408914098424,0.9998408914098424,B/B,,not supplied,not supplied,"Hydrosheaf probabilistic edge inference using head proxy, distance, gradient, and confidence threshold"
Dry,Dry:NGW-073->NGW-060,NGW-073->NGW-060,NGW-073,NGW-060,primary,6.965415572785568,7.200000000000017,2.0,0.9998408914098424,0.9998408914098424,0.9998408914098424,B/B,,not supplied,not supplied,"Hydrosheaf probabilistic edge inference using head proxy, distance, gradient, and confidence threshold"
Dry,Dry:NGW-127->NGW-130,NGW-127->NGW-130,NGW-127,NGW-130,primary,49.08167586114243,6.900000000000006,2.0,0.9997197067231838,0.9997197067231838,0.9997197067231838,B/B,,not supplied,not supplied,"Hydrosheaf probabilistic edge inference using head proxy, distance, gradient, and confidence threshold"
Dry,Dry:NGW-085->NGW-098,NGW-085->NGW-098,NGW-085,NGW-098,primary,3.3851732645202275,6.0,2.0,0.9986501019683699,0.9986501019683699,0.9986501019683699,B/B,depth_mismatch,not supplied,not supplied,"Hydrosheaf probabilistic edge inference using head proxy, distance, gradient, and confidence threshold"
Dry,Dry:NGW-150->NGW-149,NGW-150->NGW-149,NGW-150,NGW-149,primary,37.655452773403724,5.5,2.0,0.9970202367649454,0.9970202367649454,0.9970202367649454,B/B,depth_mismatch,not supplied,not supplied,"Hydrosheaf probabilistic edge inference using head proxy, distance, gradient, and confidence threshold"
Dry,Dry:NGW-065->NGW-073,NGW-065->NGW-073,NGW-065,NGW-073,primary,4.824200254753278,4.699999999999989,2.0,0.9906132944651613,0.9906132944651613,0.9906132944651613,B/B,depth_mismatch,not supplied,not supplied,"Hydrosheaf probabilistic edge inference using head proxy, distance, gradient, and confidence threshold"
Dry,Dry:NGW-111->NGW-090,NGW-111->NGW-090,NGW-111,NGW-090,lateral,43.4878799119636,4.199999999999989,2.0,0.9656399524960726,0.9656399524960726,0.9656399524960726,B/B,flat_gradient,not supplied,not supplied,"Hydrosheaf probabilistic edge inference using head proxy, distance, gradient, and confidence threshold"
Dry,Dry:NGW-049->NGW-050,NGW-049->NGW-050,NGW-049,NGW-050,lateral,43.63812084747981,4.200000000000017,2.0,0.9640368087144903,0.9640368087144903,0.9640368087144903,B/B,flat_gradient,not supplied,not supplied,"Hydrosheaf probabilistic edge inference using head proxy, distance, gradient, and confidence threshold"
Dry,Dry:NGW-103->NGW-067,NGW-103->NGW-067,NGW-103,NGW-067,lateral,43.29904086251358,4.099999999999994,2.0,0.9543409917746632,0.9543409917746632,0.9543409917746632,B/B,"flat_gradient,depth_mismatch",not supplied,not supplied,"Hydrosheaf probabilistic edge inference using head proxy, distance, gradient, and confidence threshold"
Dry,Dry:NGW-069->NGW-058,NGW-069->NGW-058,NGW-069,NGW-058,lateral,45.88040461392719,4.300000000000011,2.0,0.9538225644998497,0.9538225644998497,0.9538225644998497,B/B,"flat_gradient,depth_mismatch",not supplied,not supplied,"Hydrosheaf probabilistic edge inference using head proxy, distance, gradient, and confidence threshold"
Dry,Dry:NGW-136->NGW-151,NGW-136->NGW-151,NGW-136,NGW-151,lateral,49.719425982580674,4.599999999999966,2.0,0.9526739899790476,0.9526739899790476,0.9526739899790476,B/B,"flat_gradient,depth_mismatch",not supplied,not supplied,"Hydrosheaf probabilistic edge inference using head proxy, distance, gradient, and confidence threshold"
Dry,Dry:NGW-074->NGW-073,NGW-074->NGW-073,NGW-074,NGW-073,primary,13.141271340994637,3.0999999999999943,2.0,0.9394292419979406,0.9394292419979406,0.9394292419979406,B/B,,not supplied,not supplied,"Hydrosheaf probabilistic edge inference using head proxy, distance, gradient, and confidence threshold"
Dry,Dry:NGW-063->NGW-076,NGW-063->NGW-076,NGW-063,NGW-076,lateral,42.260236301823404,3.8999999999999773,2.0,0.9378126413329508,0.9378126413329508,0.9378126413329508,B/B,"flat_gradient,depth_mismatch",not supplied,not supplied,"Hydrosheaf probabilistic edge inference using head proxy, distance, gradient, and confidence threshold"
Dry,Dry:NGW-097->NGW-088,NGW-097->NGW-088,NGW-097,NGW-088,lateral,38.422453641665044,3.599999999999966,2.0,0.934811078640174,0.934811078640174,0.934811078640174,B/B,"flat_gradient,depth_mismatch",not supplied,not supplied,"Hydrosheaf probabilistic edge inference using head proxy, distance, gradient, and confidence threshold"
Dry,Dry:NGW-123->NGW-160,NGW-123->NGW-160,NGW-123,NGW-160,primary,6.0563260406759305,2.8000000000000114,2.0,0.9192433407662297,0.9192433407662297,0.9192433407662297,B/B,,not supplied,not supplied,"Hydrosheaf probabilistic edge inference using head proxy, distance, gradient, and confidence threshold"
Dry,Dry:NGW-104->NGW-100,NGW-104->NGW-100,NGW-104,NGW-100,lateral,38.498066268932334,3.5,2.0,0.9181490414950351,0.9181490414950351,0.9181490414950351,B/B,"flat_gradient,depth_mismatch",not supplied,not supplied,"Hydrosheaf probabilistic edge inference using head proxy, distance, gradient, and confidence threshold"
Dry,Dry:NGW-086->NGW-104,NGW-086->NGW-104,NGW-086,NGW-104,lateral,44.26728937563972,3.900000000000034,2.0,0.9179624716041,0.9179624716041,0.9179624716041,B/B,flat_gradient,not supplied,not supplied,"Hydrosheaf probabilistic edge inference using head proxy, distance, gradient, and confidence threshold"
Dry,Dry:NGW-079->NGW-080,NGW-079->NGW-080,NGW-079,NGW-080,lateral,41.464694045640485,3.6999999999999886,2.0,0.9174683964509364,0.9174683964509364,0.9174683964509364,B/B,flat_gradient,not supplied,not supplied,"Hydrosheaf probabilistic edge inference using head proxy, distance, gradient, and confidence threshold"
Dry,Dry:NGW-090->NGW-109,NGW-090->NGW-109,NGW-090,NGW-109,primary,21.96651977383141,2.6000000000000227,2.0,0.9031995154143916,0.9031995154143916,0.9031995154143916,B/B,depth_mismatch,not supplied,not supplied,"Hydrosheaf probabilistic edge inference using head proxy, distance, gradient, and confidence threshold"
Dry,Dry:NGW-042->NGW-080,NGW-042->NGW-080,NGW-042,NGW-080,primary,5.876919965725768,2.4999999999999716,2.0,0.8943502263331421,0.8943502263331421,0.8943502263331421,B/B,depth_mismatch,not supplied,not supplied,"Hydrosheaf probabilistic edge inference using head proxy, distance, gradient, and confidence threshold"
Dry,Dry:NGW-076->NGW-079,NGW-076->NGW-079,NGW-076,NGW-079,lateral,38.29667081999776,3.299999999999983,2.0,0.8882175979413339,0.8882175979413339,0.8882175979413339,B/B,flat_gradient,not supplied,not supplied,"Hydrosheaf probabilistic edge inference using head proxy, distance, gradient, and confidence threshold"
Dry,Dry:NGW-099->NGW-094,NGW-099->NGW-094,NGW-099,NGW-094,lateral,35.092243858750535,3.0999999999999943,2.0,0.8881856787718435,0.8881856787718435,0.8881856787718435,B/B,flat_gradient,not supplied,not supplied,"Hydrosheaf probabilistic edge inference using head proxy, distance, gradient, and confidence threshold"
Dry,Dry:NGW-094->NGW-059,NGW-094->NGW-059,NGW-094,NGW-059,lateral,48.25262446776904,3.8999999999999773,2.0,0.8834416445268102,0.8834416445268102,0.8834416445268102,B/B,flat_gradient,not supplied,not supplied,"Hydrosheaf probabilistic edge inference using head proxy, distance, gradient, and confidence threshold"
Dry,Dry:NGW-103->NGW-053,NGW-103->NGW-053,NGW-103,NGW-053,lateral,47.6408715540183,3.6999999999999886,2.0,0.8633476627927514,0.8633476627927514,0.8633476627927514,B/B,flat_gradient,not supplied,not supplied,"Hydrosheaf probabilistic edge inference using head proxy, distance, gradient, and confidence threshold"
Dry,Dry:NGW-110->NGW-103,NGW-110->NGW-103,NGW-110,NGW-103,lateral,23.753124462048174,2.3000000000000114,2.0,0.8630404704915206,0.8630404704915206,0.8630404704915206,B/B,"flat_gradient,depth_mismatch",not supplied,not supplied,"Hydrosheaf probabilistic edge inference using head proxy, distance, gradient, and confidence threshold"
Dry,Dry:NGW-067->NGW-102,NGW-067->NGW-102,NGW-067,NGW-102,lateral,49.795645943763795,3.799999999999983,2.0,0.8596453141147504,0.8596453141147504,0.8596453141147504,B/B,"flat_gradient,depth_mismatch",not supplied,not supplied,"Hydrosheaf probabilistic edge inference using head proxy, distance, gradient, and confidence threshold"
Dry,Dry:NGW-064->NGW-066,NGW-064->NGW-066,NGW-064,NGW-066,lateral,46.34744922913302,3.3999999999999773,2.0,0.8341019737603164,0.8341019737603164,0.8341019737603164,B/B,"flat_gradient,depth_mismatch",not supplied,not supplied,"Hydrosheaf probabilistic edge inference using head proxy, distance, gradient, and confidence threshold"
Dry,Dry:NGW-069->NGW-043,NGW-069->NGW-043,NGW-069,NGW-043,lateral,46.405330239666306,3.400000000000034,2.0,0.8336852509450237,0.8336852509450237,0.8336852509450237,B/B,"flat_gradient,depth_mismatch",not supplied,not supplied,"Hydrosheaf probabilistic edge inference using head proxy, distance, gradient, and confidence threshold"
Dry,Dry:NGW-145->NGW-140,NGW-145->NGW-140,NGW-145,NGW-140,lateral,39.214366967304606,2.9000000000000057,2.0,0.8153857228304078,0.8153857228304078,0.8153857228304078,B/B,flat_gradient,not supplied,not supplied,"Hydrosheaf probabilistic edge inference using head proxy, distance, gradient, and confidence threshold"
Dry,Dry:NGW-146->NGW-144,NGW-146->NGW-144,NGW-146,NGW-144,lateral,37.8582933545461,2.7999999999999545,2.0,0.8100724438769373,0.8100724438769373,0.8100724438769373,B/B,flat_gradient,not supplied,not supplied,"Hydrosheaf probabilistic edge inference using head proxy, distance, gradient, and confidence threshold"
Dry,Dry:NGW-083->NGW-114,NGW-083->NGW-114,NGW-083,NGW-114,lateral,22.362849566065325,1.900000000000034,2.0,0.7794784082267874,0.7794784082267874,0.7794784082267874,B/B,"flat_gradient,depth_mismatch",not supplied,not supplied,"Hydrosheaf probabilistic edge inference using head proxy, distance, gradient, and confidence threshold"
Dry,Dry:NGW-133->NGW-143,NGW-133->NGW-143,NGW-133,NGW-143,lateral,33.26811528268496,2.400000000000034,2.0,0.777693155629032,0.777693155629032,0.777693155629032,B/B,"flat_gradient,depth_mismatch",not supplied,not supplied,"Hydrosheaf probabilistic edge inference using head proxy, distance, gradient, and confidence threshold"
Dry,Dry:NGW-049->NGW-053,NGW-049->NGW-053,NGW-049,NGW-053,lateral,49.02154892961948,3.0,2.0,0.7651034952117155,0.7651034952117155,0.7651034952117155,B/B,flat_gradient,not supplied,not supplied,"Hydrosheaf probabilistic edge inference using head proxy, distance, gradient, and confidence threshold"
Dry,Dry:NGW-130->NGW-155,NGW-130->NGW-155,NGW-130,NGW-155,lateral,49.698735239707126,2.9999999999999716,2.0,0.7614912411604192,0.7614912411604192,0.7614912411604192,B/B,"flat_gradient,depth_mismatch",not supplied,not supplied,"Hydrosheaf probabilistic edge inference using head proxy, distance, gradient, and confidence threshold"
Dry,Dry:NGW-092->NGW-078,NGW-092->NGW-078,NGW-092,NGW-078,lateral,29.61426585863637,2.099999999999966,2.0,0.7504184926111641,0.7504184926111641,0.7504184926111641,B/B,"flat_gradient,depth_mismatch",not supplied,not supplied,"Hydrosheaf probabilistic edge inference using head proxy, distance, gradient, and confidence threshold"
Dry,Dry:NGW-108->NGW-096,NGW-108->NGW-096,NGW-108,NGW-096,lateral,44.713594784916765,2.7000000000000455,2.0,0.7484766497668907,0.7484766497668907,0.7484766497668907,B/B,flat_gradient,not supplied,not supplied,"Hydrosheaf probabilistic edge inference using head proxy, distance, gradient, and confidence threshold"
Dry,Dry:NGW-055->NGW-046,NGW-055->NGW-046,NGW-055,NGW-046,lateral,43.653720927474374,2.599999999999966,2.0,0.7401441888124618,0.7401441888124618,0.7401441888124618,B/B,flat_gradient,not supplied,not supplied,"Hydrosheaf probabilistic edge inference using head proxy, distance, gradient, and confidence threshold"
Dry,Dry:NGW-146->NGW-137,NGW-146->NGW-137,NGW-146,NGW-137,lateral,48.97303019411252,2.8000000000000114,2.0,0.7396995549371929,0.7396995549371929,0.7396995549371929,B/B,flat_gradient,not supplied,not supplied,"Hydrosheaf probabilistic edge inference using head proxy, distance, gradient, and confidence threshold"
Dry,Dry:NGW-092->NGW-048,NGW-092->NGW-048,NGW-092,NGW-048,lateral,32.45785192789995,2.099999999999966,2.0,0.7284796859810494,0.7284796859810494,0.7284796859810494,B/B,flat_gradient,not supplied,not supplied,"Hydrosheaf probabilistic edge inference using head proxy, distance, gradient, and confidence threshold"
Dry,Dry:NGW-131->NGW-156,NGW-131->NGW-156,NGW-131,NGW-156,lateral,18.094592776478947,1.5,2.0,0.7266196186342092,0.7266196186342092,0.7266196186342092,B/B,flat_gradient,not supplied,not supplied,"Hydrosheaf probabilistic edge inference using head proxy, distance, gradient, and confidence threshold"
Dry,Dry:NGW-136->NGW-156,NGW-136->NGW-156,NGW-136,NGW-156,lateral,49.03676209425912,2.6999999999999886,2.0,0.7265705107085524,0.7265705107085524,0.7265705107085524,B/B,flat_gradient,not supplied,not supplied,"Hydrosheaf probabilistic edge inference using head proxy, distance, gradient, and confidence threshold"
Dry,Dry:NGW-056->NGW-062,NGW-056->NGW-062,NGW-056,NGW-062,lateral,49.51715122210949,2.6000000000000227,2.0,0.7117082090153344,0.7117082090153344,0.7117082090153344,B/B,flat_gradient,not supplied,not supplied,"Hydrosheaf probabilistic edge inference using head proxy, distance, gradient, and confidence threshold"
Dry,Dry:NGW-138->NGW-150,NGW-138->NGW-150,NGW-138,NGW-150,lateral,36.05170587832924,2.0,2.0,0.689363991385343,0.689363991385343,0.689363991385343,B/B,flat_gradient,not supplied,not supplied,"Hydrosheaf probabilistic edge inference using head proxy, distance, gradient, and confidence threshold"
Dry,Dry:NGW-008->NGW-037,NGW-008->NGW-037,NGW-008,NGW-037,lateral,24.166877611964452,1.5,2.0,0.6696780933055609,0.6696780933055609,0.6696780933055609,B/B,"flat_gradient,depth_mismatch",not supplied,not supplied,"Hydrosheaf probabilistic edge inference using head proxy, distance, gradient, and confidence threshold"
Dry,Dry:NGW-048->NGW-068,NGW-048->NGW-068,NGW-048,NGW-068,lateral,48.27193192992032,2.2000000000000455,2.0,0.6660456985814507,0.6660456985814507,0.6660456985814507,B/B,flat_gradient,not supplied,not supplied,"Hydrosheaf probabilistic edge inference using head proxy, distance, gradient, and confidence threshold"
Dry,Dry:NGW-120->NGW-108,NGW-120->NGW-108,NGW-120,NGW-108,lateral,34.6430099631017,1.7999999999999545,2.0,0.6641577261853175,0.6641577261853175,0.6641577261853175,B/B,"flat_gradient,depth_mismatch",not supplied,not supplied,"Hydrosheaf probabilistic edge inference using head proxy, distance, gradient, and confidence threshold"
Dry,Dry:NGW-156->NGW-148,NGW-156->NGW-148,NGW-156,NGW-148,lateral,34.031041550036576,1.6999999999999886,2.0,0.6510308392811635,0.6510308392811635,0.6510308392811635,B/B,"flat_gradient,depth_mismatch",not supplied,not supplied,"Hydrosheaf probabilistic edge inference using head proxy, distance, gradient, and confidence threshold"
Dry,Dry:NGW-045->NGW-100,NGW-045->NGW-100,NGW-045,NGW-100,lateral,42.02173052648386,1.900000000000034,2.0,0.6487309904145919,0.6487309904145919,0.6487309904145919,B/B,flat_gradient,not supplied,not supplied,"Hydrosheaf probabilistic edge inference using head proxy, distance, gradient, and confidence threshold"
Dry,Dry:NGW-059->NGW-076,NGW-059->NGW-076,NGW-059,NGW-076,lateral,43.32896940422696,1.900000000000034,2.0,0.6442437631468181,0.6442437631468181,0.6442437631468181,B/B,flat_gradient,not supplied,not supplied,"Hydrosheaf probabilistic edge inference using head proxy, distance, gradient, and confidence threshold"
Dry,Dry:NGW-107->NGW-111,NGW-107->NGW-111,NGW-107,NGW-111,lateral,36.258650822232624,1.5,2.0,0.6130927274280329,0.6130927274280329,0.6130927274280329,B/B,"flat_gradient,depth_mismatch",not supplied,not supplied,"Hydrosheaf probabilistic edge inference using head proxy, distance, gradient, and confidence threshold"
Dry,Dry:NGW-104->NGW-045,NGW-104->NGW-045,NGW-104,NGW-045,lateral,43.773629737554096,1.599999999999966,2.0,0.6053217119600711,0.6053217119600711,0.6053217119600711,B/B,flat_gradient,not supplied,not supplied,"Hydrosheaf probabilistic edge inference using head proxy, distance, gradient, and confidence threshold"
Dry,Dry:NGW-093->NGW-094,NGW-093->NGW-094,NGW-093,NGW-094,lateral,44.21404754578753,1.5,2.0,0.5927440472420096,0.5927440472420096,0.5927440472420096,B/B,"flat_gradient,depth_mismatch",not supplied,not supplied,"Hydrosheaf probabilistic edge inference using head proxy, distance, gradient, and confidence threshold"
Dry,Dry:NGW-119->NGW-045,NGW-119->NGW-045,NGW-119,NGW-045,lateral,34.052005265528784,1.2999999999999545,2.0,0.5924468481364388,0.5924468481364388,0.5924468481364388,B/B,flat_gradient,not supplied,not supplied,"Hydrosheaf probabilistic edge inference using head proxy, distance, gradient, and confidence threshold"
Dry,Dry:NGW-144->NGW-148,NGW-144->NGW-148,NGW-144,NGW-148,lateral,25.046450982201822,1.1000000000000227,2.0,0.5917193197136279,0.5917193197136279,0.5917193197136279,B/B,"flat_gradient,depth_mismatch",not supplied,not supplied,"Hydrosheaf probabilistic edge inference using head proxy, distance, gradient, and confidence threshold"
Dry,Dry:NGW-062->NGW-075,NGW-062->NGW-075,NGW-062,NGW-075,lateral,39.52539053989086,1.299999999999983,2.0,0.579645020998504,0.579645020998504,0.579645020998504,B/B,flat_gradient,not supplied,not supplied,"Hydrosheaf probabilistic edge inference using head proxy, distance, gradient, and confidence threshold"
Dry,Dry:NGW-079->NGW-042,NGW-079->NGW-042,NGW-079,NGW-042,lateral,35.777734626285124,1.200000000000017,2.0,0.5757164369207707,0.5757164369207707,0.5757164369207707,B/B,"flat_gradient,depth_mismatch",not supplied,not supplied,"Hydrosheaf probabilistic edge inference using head proxy, distance, gradient, and confidence threshold"
Dry,Dry:NGW-137->NGW-151,NGW-137->NGW-151,NGW-137,NGW-151,lateral,48.725639626727116,1.2999999999999545,2.0,0.5646066543946773,0.5646066543946773,0.5646066543946773,B/B,flat_gradient,not supplied,not supplied,"Hydrosheaf probabilistic edge inference using head proxy, distance, gradient, and confidence threshold"
Dry,Dry:NGW-022->NGW-007,NGW-022->NGW-007,NGW-022,NGW-007,lateral,47.17707282510044,1.1999999999999318,2.0,0.5574211672064048,0.5574211672064048,0.5574211672064048,B/B,"flat_gradient,depth_mismatch",not supplied,not supplied,"Hydrosheaf probabilistic edge inference using head proxy, distance, gradient, and confidence threshold"
Dry,Dry:NGW-075->NGW-093,NGW-075->NGW-093,NGW-075,NGW-093,lateral,40.52736879530685,1.1000000000000227,2.0,0.5566837550429453,0.5566837550429453,0.5566837550429453,B/B,flat_gradient,not supplied,not supplied,"Hydrosheaf probabilistic edge inference using head proxy, distance, gradient, and confidence threshold"
Dry,Dry:NGW-043->NGW-054,NGW-043->NGW-054,NGW-043,NGW-054,lateral,45.336250759137506,1.099999999999966,2.0,0.5506712268187516,0.5506712268187516,0.5506712268187516,B/B,"flat_gradient,depth_mismatch",not supplied,not supplied,"Hydrosheaf probabilistic edge inference using head proxy, distance, gradient, and confidence threshold"
Dry,Dry:NGW-096->NGW-087,NGW-096->NGW-087,NGW-096,NGW-087,lateral,38.396559452500775,1.0,2.0,0.549864483694396,0.549864483694396,0.549864483694396,B/B,flat_gradient,not supplied,not supplied,"Hydrosheaf probabilistic edge inference using head proxy, distance, gradient, and confidence threshold"
Dry,Dry:NGW-080->NGW-067,NGW-080->NGW-067,NGW-080,NGW-067,lateral,48.56067176047566,1.1000000000000227,2.0,0.5473066652920161,0.5473066652920161,0.5473066652920161,B/B,"flat_gradient,depth_mismatch",not supplied,not supplied,"Hydrosheaf probabilistic edge inference using head proxy, distance, gradient, and confidence threshold"
Dry,Dry:NGW-145->NGW-125,NGW-145->NGW-125,NGW-145,NGW-125,lateral,34.97930390100001,0.9000000000000057,2.0,0.5446779336098813,0.5446779336098813,0.5446779336098813,B/B,flat_gradient,not supplied,not supplied,"Hydrosheaf probabilistic edge inference using head proxy, distance, gradient, and confidence threshold"
Dry,Dry:NGW-052->NGW-062,NGW-052->NGW-062,NGW-052,NGW-062,lateral,46.570014124506635,0.9999999999999716,2.0,0.541112820099672,0.541112820099672,0.541112820099672,B/B,flat_gradient,not supplied,not supplied,"Hydrosheaf probabilistic edge inference using head proxy, distance, gradient, and confidence threshold"
Dry,Dry:NGW-156->NGW-144,NGW-156->NGW-144,NGW-156,NGW-144,lateral,19.98840611480554,0.5999999999999659,2.0,0.5353939443230349,0.5353939443230349,0.5353939443230349,B/B,flat_gradient,not supplied,not supplied,"Hydrosheaf probabilistic edge inference using head proxy, distance, gradient, and confidence threshold"
Dry,Dry:NGW-067->NGW-050,NGW-067->NGW-050,NGW-067,NGW-050,lateral,47.29213740337562,0.8000000000000114,2.0,0.5262913456898203,0.5262913456898203,0.5262913456898203,B/B,flat_gradient,not supplied,not supplied,"Hydrosheaf probabilistic edge inference using head proxy, distance, gradient, and confidence threshold"
Dry,Dry:NGW-146->NGW-131,NGW-146->NGW-131,NGW-146,NGW-131,lateral,37.03933732703108,0.6999999999999886,2.0,0.5258593870017836,0.5258593870017836,0.5258593870017836,B/B,flat_gradient,not supplied,not supplied,"Hydrosheaf probabilistic edge inference using head proxy, distance, gradient, and confidence threshold"
Dry,Dry:NGW-068->NGW-043,NGW-068->NGW-043,NGW-068,NGW-043,lateral,49.80309957046938,0.8000000000000114,2.0,0.5249657941695638,0.5249657941695638,0.5249657941695638,B/B,flat_gradient,not supplied,not supplied,"Hydrosheaf probabilistic edge inference using head proxy, distance, gradient, and confidence threshold"
Dry,Dry:NGW-075->NGW-061,NGW-075->NGW-061,NGW-075,NGW-061,lateral,45.90779310659704,0.5999999999999943,2.0,0.5154106413151025,0.5154106413151025,0.5154106413151025,B/B,flat_gradient,not supplied,not supplied,"Hydrosheaf probabilistic edge inference using head proxy, distance, gradient, and confidence threshold"
Dry,Dry:NGW-156->NGW-137,NGW-156->NGW-137,NGW-156,NGW-137,lateral,49.94060378591382,0.6000000000000227,2.0,0.5141661990344881,0.5141661990344881,0.5141661990344881,B/B,flat_gradient,not supplied,not supplied,"Hydrosheaf probabilistic edge inference using head proxy, distance, gradient, and confidence threshold"
Dry,Dry:NGW-136->NGW-146,NGW-136->NGW-146,NGW-136,NGW-146,lateral,47.937310824440026,0.5,2.0,0.5102953549109601,0.5102953549109601,0.5102953549109601,B/B,"flat_gradient,depth_mismatch",not supplied,not supplied,"Hydrosheaf probabilistic edge inference using head proxy, distance, gradient, and confidence threshold"
Dry,Dry:NGW-053->NGW-067,NGW-053->NGW-067,NGW-053,NGW-067,lateral,39.72634897502289,0.4000000000000057,2.0,0.5079805682106793,0.5079805682106793,0.5079805682106793,B/B,flat_gradient,not supplied,not supplied,"Hydrosheaf probabilistic edge inference using head proxy, distance, gradient, and confidence threshold"
Dry,Dry:NGW-104->NGW-119,NGW-104->NGW-119,NGW-104,NGW-119,lateral,33.286508104967396,0.30000000000001137,2.0,0.5053731402689263,0.5053731402689263,0.5053731402689263,B/B,flat_gradient,not supplied,not supplied,"Hydrosheaf probabilistic edge inference using head proxy, distance, gradient, and confidence threshold"
Dry,Dry:NGW-157->NGW-149,NGW-157->NGW-149,NGW-157,NGW-149,lateral,48.046526897438206,0.30000000000001137,2.0,0.5037224975177191,0.5037224975177191,0.5037224975177191,B/B,flat_gradient,not supplied,not supplied,"Hydrosheaf probabilistic edge inference using head proxy, distance, gradient, and confidence threshold"
Dry,Dry:NGW-046->NGW-064,NGW-046->NGW-064,NGW-046,NGW-064,lateral,41.831646541503495,0.19999999999998863,2.0,0.5019041964909274,0.5019041964909274,0.5019041964909274,B/B,"flat_gradient,depth_mismatch",not supplied,not supplied,"Hydrosheaf probabilistic edge inference using head proxy, distance, gradient, and confidence threshold"
Dry,Dry:NGW-083->NGW-078,NGW-083->NGW-078,NGW-083,NGW-078,lateral,44.306109973688756,0.19999999999998863,2.0,0.501797848527017,0.501797848527017,0.501797848527017,B/B,flat_gradient,not supplied,not supplied,"Hydrosheaf probabilistic edge inference using head proxy, distance, gradient, and confidence threshold"
Dry,Dry:NGW-058->NGW-054,NGW-058->NGW-054,NGW-058,NGW-054,lateral,44.81178226707222,0.19999999999998863,2.0,0.5017775609566099,0.5017775609566099,0.5017775609566099,B/B,"flat_gradient,depth_mismatch",not supplied,not supplied,"Hydrosheaf probabilistic edge inference using head proxy, distance, gradient, and confidence threshold"
Dry,Dry:NGW-083->NGW-048,NGW-083->NGW-048,NGW-083,NGW-048,lateral,47.13181213101246,0.19999999999998863,2.0,0.5016900617852891,0.5016900617852891,0.5016900617852891,B/B,flat_gradient,not supplied,not supplied,"Hydrosheaf probabilistic edge inference using head proxy, distance, gradient, and confidence threshold"
Dry,Dry:NGW-154->NGW-143,NGW-154->NGW-143,NGW-154,NGW-143,lateral,39.60866755109818,0.0999999999999659,2.0,0.5005033950160691,0.5005033950160691,0.5005033950160691,B/B,flat_gradient,not supplied,not supplied,"Hydrosheaf probabilistic edge inference using head proxy, distance, gradient, and confidence threshold"
Dry,Dry:NGW-048->NGW-078,NGW-048->NGW-078,NGW-048,NGW-078,lateral,2.9089871812853554,0.0,2.0,0.5,0.5,0.5,B/B,"flat_gradient,depth_mismatch",not supplied,not supplied,"Hydrosheaf probabilistic edge inference using head proxy, distance, gradient, and confidence threshold"
Dry,Dry:NGW-078->NGW-048,NGW-078->NGW-048,NGW-078,NGW-048,lateral,2.9089871812853554,0.0,2.0,0.5,0.5,0.5,B/B,"flat_gradient,depth_mismatch",not supplied,not supplied,"Hydrosheaf probabilistic edge inference using head proxy, distance, gradient, and confidence threshold"
Dry,Dry:NGW-143->NGW-154,NGW-143->NGW-154,NGW-143,NGW-154,lateral,39.60866755109818,-0.0999999999999659,2.0,0.49949660498393095,0.49949660498393095,0.49949660498393095,B/B,flat_gradient,not supplied,not supplied,"Hydrosheaf probabilistic edge inference using head proxy, distance, gradient, and confidence threshold"
Dry,Dry:NGW-048->NGW-083,NGW-048->NGW-083,NGW-048,NGW-083,lateral,47.13181213101246,-0.19999999999998863,2.0,0.4983099382147109,0.4983099382147109,0.4983099382147109,B/B,flat_gradient,not supplied,not supplied,"Hydrosheaf probabilistic edge inference using head proxy, distance, gradient, and confidence threshold"
Dry,Dry:NGW-054->NGW-058,NGW-054->NGW-058,NGW-054,NGW-058,lateral,44.81178226707222,-0.19999999999998863,2.0,0.49822243904339014,0.49822243904339014,0.49822243904339014,B/B,"flat_gradient,depth_mismatch",not supplied,not supplied,"Hydrosheaf probabilistic edge inference using head proxy, distance, gradient, and confidence threshold"
Dry,Dry:NGW-078->NGW-083,NGW-078->NGW-083,NGW-078,NGW-083,lateral,44.306109973688756,-0.19999999999998863,2.0,0.498202151472983,0.498202151472983,0.498202151472983,B/B,flat_gradient,not supplied,not supplied,"Hydrosheaf probabilistic edge inference using head proxy, distance, gradient, and confidence threshold"
Dry,Dry:NGW-064->NGW-046,NGW-064->NGW-046,NGW-064,NGW-046,lateral,41.831646541503495,-0.19999999999998863,2.0,0.4980958035090725,0.4980958035090725,0.4980958035090725,B/B,"flat_gradient,depth_mismatch",not supplied,not supplied,"Hydrosheaf probabilistic edge inference using head proxy, distance, gradient, and confidence threshold"
Dry,Dry:NGW-149->NGW-157,NGW-149->NGW-157,NGW-149,NGW-157,lateral,48.046526897438206,-0.30000000000001137,2.0,0.4962775024822808,0.4962775024822808,0.4962775024822808,B/B,flat_gradient,not supplied,not supplied,"Hydrosheaf probabilistic edge inference using head proxy, distance, gradient, and confidence threshold"
Dry,Dry:NGW-119->NGW-104,NGW-119->NGW-104,NGW-119,NGW-104,lateral,33.286508104967396,-0.30000000000001137,2.0,0.49462685973107373,0.49462685973107373,0.49462685973107373,B/B,flat_gradient,not supplied,not supplied,"Hydrosheaf probabilistic edge inference using head proxy, distance, gradient, and confidence threshold"
Dry,Dry:NGW-067->NGW-053,NGW-067->NGW-053,NGW-067,NGW-053,lateral,39.72634897502289,-0.4000000000000057,2.0,0.49201943178932067,0.49201943178932067,0.49201943178932067,B/B,flat_gradient,not supplied,not supplied,"Hydrosheaf probabilistic edge inference using head proxy, distance, gradient, and confidence threshold"
Dry,Dry:NGW-146->NGW-136,NGW-146->NGW-136,NGW-146,NGW-136,lateral,47.937310824440026,-0.5,2.0,0.48970464508903994,0.48970464508903994,0.48970464508903994,B/B,"flat_gradient,depth_mismatch",not supplied,not supplied,"Hydrosheaf probabilistic edge inference using head proxy, distance, gradient, and confidence threshold"
Dry,Dry:NGW-137->NGW-156,NGW-137->NGW-156,NGW-137,NGW-156,lateral,49.94060378591382,-0.6000000000000227,2.0,0.4858338009655118,0.4858338009655118,0.4858338009655118,B/B,flat_gradient,not supplied,not supplied,"Hydrosheaf probabilistic edge inference using head proxy, distance, gradient, and confidence threshold"
Dry,Dry:NGW-061->NGW-075,NGW-061->NGW-075,NGW-061,NGW-075,lateral,45.90779310659704,-0.5999999999999943,2.0,0.4845893586848975,0.4845893586848975,0.4845893586848975,B/B,flat_gradient,not supplied,not supplied,"Hydrosheaf probabilistic edge inference using head proxy, distance, gradient, and confidence threshold"
Dry,Dry:NGW-043->NGW-068,NGW-043->NGW-068,NGW-043,NGW-068,lateral,49.80309957046938,-0.8000000000000114,2.0,0.47503420583043626,0.47503420583043626,0.47503420583043626,B/B,flat_gradient,not supplied,not supplied,"Hydrosheaf probabilistic edge inference using head proxy, distance, gradient, and confidence threshold"
Dry,Dry:NGW-131->NGW-146,NGW-131->NGW-146,NGW-131,NGW-146,lateral,37.03933732703108,-0.6999999999999886,2.0,0.47414061299821647,0.47414061299821647,0.47414061299821647,B/B,flat_gradient,not supplied,not supplied,"Hydrosheaf probabilistic edge inference using head proxy, distance, gradient, and confidence threshold"
Dry,Dry:NGW-050->NGW-067,NGW-050->NGW-067,NGW-050,NGW-067,lateral,47.29213740337562,-0.8000000000000114,2.0,0.4737086543101797,0.4737086543101797,0.4737086543101797,B/B,flat_gradient,not supplied,not supplied,"Hydrosheaf probabilistic edge inference using head proxy, distance, gradient, and confidence threshold"
Dry,Dry:NGW-144->NGW-156,NGW-144->NGW-156,NGW-144,NGW-156,lateral,19.98840611480554,-0.5999999999999659,2.0,0.46460605567696517,0.46460605567696517,0.46460605567696517,B/B,flat_gradient,not supplied,not supplied,"Hydrosheaf probabilistic edge inference using head proxy, distance, gradient, and confidence threshold"
Dry,Dry:NGW-062->NGW-052,NGW-062->NGW-052,NGW-062,NGW-052,lateral,46.570014124506635,-0.9999999999999716,2.0,0.45888717990032796,0.45888717990032796,0.45888717990032796,B/B,flat_gradient,not supplied,not supplied,"Hydrosheaf probabilistic edge inference using head proxy, distance, gradient, and confidence threshold"
Dry,Dry:NGW-125->NGW-145,NGW-125->NGW-145,NGW-125,NGW-145,lateral,34.97930390100001,-0.9000000000000057,2.0,0.45532206639011874,0.45532206639011874,0.45532206639011874,B/B,flat_gradient,not supplied,not supplied,"Hydrosheaf probabilistic edge inference using head proxy, distance, gradient, and confidence threshold"
Dry,Dry:NGW-067->NGW-080,NGW-067->NGW-080,NGW-067,NGW-080,lateral,48.56067176047566,-1.1000000000000227,2.0,0.4526933347079839,0.4526933347079839,0.4526933347079839,B/B,"flat_gradient,depth_mismatch",not supplied,not supplied,"Hydrosheaf probabilistic edge inference using head proxy, distance, gradient, and confidence threshold"
Dry,Dry:NGW-087->NGW-096,NGW-087->NGW-096,NGW-087,NGW-096,lateral,38.396559452500775,-1.0,2.0,0.450135516305604,0.450135516305604,0.450135516305604,B/B,flat_gradient,not supplied,not supplied,"Hydrosheaf probabilistic edge inference using head proxy, distance, gradient, and confidence threshold"
Dry,Dry:NGW-054->NGW-043,NGW-054->NGW-043,NGW-054,NGW-043,lateral,45.336250759137506,-1.099999999999966,2.0,0.4493287731812484,0.4493287731812484,0.4493287731812484,B/B,"flat_gradient,depth_mismatch",not supplied,not supplied,"Hydrosheaf probabilistic edge inference using head proxy, distance, gradient, and confidence threshold"
Dry,Dry:NGW-093->NGW-075,NGW-093->NGW-075,NGW-093,NGW-075,lateral,40.52736879530685,-1.1000000000000227,2.0,0.4433162449570547,0.4433162449570547,0.4433162449570547,B/B,flat_gradient,not supplied,not supplied,"Hydrosheaf probabilistic edge inference using head proxy, distance, gradient, and confidence threshold"
Dry,Dry:NGW-007->NGW-022,NGW-007->NGW-022,NGW-007,NGW-022,lateral,47.17707282510044,-1.1999999999999318,2.0,0.4425788327935952,0.4425788327935952,0.4425788327935952,B/B,"flat_gradient,depth_mismatch",not supplied,not supplied,"Hydrosheaf probabilistic edge inference using head proxy, distance, gradient, and confidence threshold"
Dry,Dry:NGW-151->NGW-137,NGW-151->NGW-137,NGW-151,NGW-137,lateral,48.725639626727116,-1.2999999999999545,2.0,0.43539334560532267,0.43539334560532267,0.43539334560532267,B/B,flat_gradient,not supplied,not supplied,"Hydrosheaf probabilistic edge inference using head proxy, distance, gradient, and confidence threshold"
Dry,Dry:NGW-042->NGW-079,NGW-042->NGW-079,NGW-042,NGW-079,lateral,35.777734626285124,-1.200000000000017,2.0,0.4242835630792294,0.4242835630792294,0.4242835630792294,B/B,"flat_gradient,depth_mismatch",not supplied,not supplied,"Hydrosheaf probabilistic edge inference using head proxy, distance, gradient, and confidence threshold"
Dry,Dry:NGW-075->NGW-062,NGW-075->NGW-062,NGW-075,NGW-062,lateral,39.52539053989086,-1.299999999999983,2.0,0.42035497900149593,0.42035497900149593,0.42035497900149593,B/B,flat_gradient,not supplied,not supplied,"Hydrosheaf probabilistic edge inference using head proxy, distance, gradient, and confidence threshold"
Dry,Dry:NGW-148->NGW-144,NGW-148->NGW-144,NGW-148,NGW-144,lateral,25.046450982201822,-1.1000000000000227,2.0,0.40828068028637204,0.40828068028637204,0.40828068028637204,B/B,"flat_gradient,depth_mismatch",not supplied,not supplied,"Hydrosheaf probabilistic edge inference using head proxy, distance, gradient, and confidence threshold"
Dry,Dry:NGW-045->NGW-119,NGW-045->NGW-119,NGW-045,NGW-119,lateral,34.052005265528784,-1.2999999999999545,2.0,0.4075531518635612,0.4075531518635612,0.4075531518635612,B/B,flat_gradient,not supplied,not supplied,"Hydrosheaf probabilistic edge inference using head proxy, distance, gradient, and confidence threshold"
Dry,Dry:NGW-094->NGW-093,NGW-094->NGW-093,NGW-094,NGW-093,lateral,44.21404754578753,-1.5,2.0,0.4072559527579904,0.4072559527579904,0.4072559527579904,B/B,"flat_gradient,depth_mismatch",not supplied,not supplied,"Hydrosheaf probabilistic edge inference using head proxy, distance, gradient, and confidence threshold"
Dry,Dry:NGW-045->NGW-104,NGW-045->NGW-104,NGW-045,NGW-104,lateral,43.773629737554096,-1.599999999999966,2.0,0.3946782880399289,0.3946782880399289,0.3946782880399289,B/B,flat_gradient,not supplied,not supplied,"Hydrosheaf probabilistic edge inference using head proxy, distance, gradient, and confidence threshold"
Dry,Dry:NGW-111->NGW-107,NGW-111->NGW-107,NGW-111,NGW-107,lateral,36.258650822232624,-1.5,2.0,0.38690727257196705,0.38690727257196705,0.38690727257196705,B/B,"flat_gradient,depth_mismatch",not supplied,not supplied,"Hydrosheaf probabilistic edge inference using head proxy, distance, gradient, and confidence threshold"
Dry,Dry:NGW-076->NGW-059,NGW-076->NGW-059,NGW-076,NGW-059,lateral,43.32896940422696,-1.900000000000034,2.0,0.3557562368531819,0.3557562368531819,0.3557562368531819,B/B,flat_gradient,not supplied,not supplied,"Hydrosheaf probabilistic edge inference using head proxy, distance, gradient, and confidence threshold"
Dry,Dry:NGW-100->NGW-045,NGW-100->NGW-045,NGW-100,NGW-045,lateral,42.02173052648386,-1.900000000000034,2.0,0.35126900958540797,0.35126900958540797,0.35126900958540797,B/B,flat_gradient,not supplied,not supplied,"Hydrosheaf probabilistic edge inference using head proxy, distance, gradient, and confidence threshold"
Dry,Dry:NGW-148->NGW-156,NGW-148->NGW-156,NGW-148,NGW-156,lateral,34.031041550036576,-1.6999999999999886,2.0,0.3489691607188366,0.3489691607188366,0.3489691607188366,B/B,"flat_gradient,depth_mismatch",not supplied,not supplied,"Hydrosheaf probabilistic edge inference using head proxy, distance, gradient, and confidence threshold"
Dry,Dry:NGW-108->NGW-120,NGW-108->NGW-120,NGW-108,NGW-120,lateral,34.6430099631017,-1.7999999999999545,2.0,0.33584227381468246,0.33584227381468246,0.33584227381468246,B/B,"flat_gradient,depth_mismatch",not supplied,not supplied,"Hydrosheaf probabilistic edge inference using head proxy, distance, gradient, and confidence threshold"
Dry,Dry:NGW-068->NGW-048,NGW-068->NGW-048,NGW-068,NGW-048,lateral,48.27193192992032,-2.2000000000000455,2.0,0.3339543014185493,0.3339543014185493,0.3339543014185493,B/B,flat_gradient,not supplied,not supplied,"Hydrosheaf probabilistic edge inference using head proxy, distance, gradient, and confidence threshold"
Dry,Dry:NGW-037->NGW-008,NGW-037->NGW-008,NGW-037,NGW-008,lateral,24.166877611964452,-1.5,2.0,0.33032190669443906,0.33032190669443906,0.33032190669443906,B/B,"flat_gradient,depth_mismatch",not supplied,not supplied,"Hydrosheaf probabilistic edge inference using head proxy, distance, gradient, and confidence threshold"
Dry,Dry:NGW-150->NGW-138,NGW-150->NGW-138,NGW-150,NGW-138,lateral,36.05170587832924,-2.0,2.0,0.310636008614657,0.310636008614657,0.310636008614657,B/B,flat_gradient,not supplied,not supplied,"Hydrosheaf probabilistic edge inference using head proxy, distance, gradient, and confidence threshold"
Dry,Dry:NGW-062->NGW-056,NGW-062->NGW-056,NGW-062,NGW-056,lateral,49.51715122210949,-2.6000000000000227,2.0,0.2882917909846657,0.2882917909846657,0.2882917909846657,B/B,flat_gradient,not supplied,not supplied,"Hydrosheaf probabilistic edge inference using head proxy, distance, gradient, and confidence threshold"
Dry,Dry:NGW-156->NGW-136,NGW-156->NGW-136,NGW-156,NGW-136,lateral,49.03676209425912,-2.6999999999999886,2.0,0.27342948929144756,0.27342948929144756,0.27342948929144756,B/B,flat_gradient,not supplied,not supplied,"Hydrosheaf probabilistic edge inference using head proxy, distance, gradient, and confidence threshold"
Dry,Dry:NGW-156->NGW-131,NGW-156->NGW-131,NGW-156,NGW-131,lateral,18.094592776478947,-1.5,2.0,0.2733803813657908,0.2733803813657908,0.2733803813657908,B/B,flat_gradient,not supplied,not supplied,"Hydrosheaf probabilistic edge inference using head proxy, distance, gradient, and confidence threshold"
Dry,Dry:NGW-048->NGW-092,NGW-048->NGW-092,NGW-048,NGW-092,lateral,32.45785192789995,-2.099999999999966,2.0,0.27152031401895055,0.27152031401895055,0.27152031401895055,B/B,flat_gradient,not supplied,not supplied,"Hydrosheaf probabilistic edge inference using head proxy, distance, gradient, and confidence threshold"
Dry,Dry:NGW-137->NGW-146,NGW-137->NGW-146,NGW-137,NGW-146,lateral,48.97303019411252,-2.8000000000000114,2.0,0.26030044506280714,0.26030044506280714,0.26030044506280714,B/B,flat_gradient,not supplied,not supplied,"Hydrosheaf probabilistic edge inference using head proxy, distance, gradient, and confidence threshold"
Dry,Dry:NGW-046->NGW-055,NGW-046->NGW-055,NGW-046,NGW-055,lateral,43.653720927474374,-2.599999999999966,2.0,0.25985581118753825,0.25985581118753825,0.25985581118753825,B/B,flat_gradient,not supplied,not supplied,"Hydrosheaf probabilistic edge inference using head proxy, distance, gradient, and confidence threshold"
Dry,Dry:NGW-096->NGW-108,NGW-096->NGW-108,NGW-096,NGW-108,lateral,44.713594784916765,-2.7000000000000455,2.0,0.25152335023310934,0.25152335023310934,0.25152335023310934,B/B,flat_gradient,not supplied,not supplied,"Hydrosheaf probabilistic edge inference using head proxy, distance, gradient, and confidence threshold"
Dry,Dry:NGW-078->NGW-092,NGW-078->NGW-092,NGW-078,NGW-092,lateral,29.61426585863637,-2.099999999999966,2.0,0.24958150738883594,0.24958150738883594,0.24958150738883594,B/B,"flat_gradient,depth_mismatch",not supplied,not supplied,"Hydrosheaf probabilistic edge inference using head proxy, distance, gradient, and confidence threshold"
Dry,Dry:NGW-155->NGW-130,NGW-155->NGW-130,NGW-155,NGW-130,lateral,49.698735239707126,-2.9999999999999716,2.0,0.23850875883958078,0.23850875883958078,0.23850875883958078,B/B,"flat_gradient,depth_mismatch",not supplied,not supplied,"Hydrosheaf probabilistic edge inference using head proxy, distance, gradient, and confidence threshold"
Dry,Dry:NGW-053->NGW-049,NGW-053->NGW-049,NGW-053,NGW-049,lateral,49.02154892961948,-3.0,2.0,0.23489650478828444,0.23489650478828444,0.23489650478828444,B/B,flat_gradient,not supplied,not supplied,"Hydrosheaf probabilistic edge inference using head proxy, distance, gradient, and confidence threshold"
Dry,Dry:NGW-143->NGW-133,NGW-143->NGW-133,NGW-143,NGW-133,lateral,33.26811528268496,-2.400000000000034,2.0,0.22230684437096804,0.22230684437096804,0.22230684437096804,B/B,"flat_gradient,depth_mismatch",not supplied,not supplied,"Hydrosheaf probabilistic edge inference using head proxy, distance, gradient, and confidence threshold"
Dry,Dry:NGW-114->NGW-083,NGW-114->NGW-083,NGW-114,NGW-083,lateral,22.362849566065325,-1.900000000000034,2.0,0.22052159177321262,0.22052159177321262,0.22052159177321262,B/B,"flat_gradient,depth_mismatch",not supplied,not supplied,"Hydrosheaf probabilistic edge inference using head proxy, distance, gradient, and confidence threshold"
Dry,Dry:NGW-144->NGW-146,NGW-144->NGW-146,NGW-144,NGW-146,lateral,37.8582933545461,-2.7999999999999545,2.0,0.18992755612306272,0.18992755612306272,0.18992755612306272,B/B,flat_gradient,not supplied,not supplied,"Hydrosheaf probabilistic edge inference using head proxy, distance, gradient, and confidence threshold"
Dry,Dry:NGW-140->NGW-145,NGW-140->NGW-145,NGW-140,NGW-145,lateral,39.214366967304606,-2.9000000000000057,2.0,0.18461427716959217,0.18461427716959217,0.18461427716959217,B/B,flat_gradient,not supplied,not supplied,"Hydrosheaf probabilistic edge inference using head proxy, distance, gradient, and confidence threshold"
Dry,Dry:NGW-043->NGW-069,NGW-043->NGW-069,NGW-043,NGW-069,lateral,46.405330239666306,-3.400000000000034,2.0,0.1663147490549764,0.1663147490549764,0.1663147490549764,B/B,"flat_gradient,depth_mismatch",not supplied,not supplied,"Hydrosheaf probabilistic edge inference using head proxy, distance, gradient, and confidence threshold"
Dry,Dry:NGW-066->NGW-064,NGW-066->NGW-064,NGW-066,NGW-064,lateral,46.34744922913302,-3.3999999999999773,2.0,0.1658980262396837,0.1658980262396837,0.1658980262396837,B/B,"flat_gradient,depth_mismatch",not supplied,not supplied,"Hydrosheaf probabilistic edge inference using head proxy, distance, gradient, and confidence threshold"
Dry,Dry:NGW-102->NGW-067,NGW-102->NGW-067,NGW-102,NGW-067,lateral,49.795645943763795,-3.799999999999983,2.0,0.14035468588524963,0.14035468588524963,0.14035468588524963,B/B,"flat_gradient,depth_mismatch",not supplied,not supplied,"Hydrosheaf probabilistic edge inference using head proxy, distance, gradient, and confidence threshold"
Dry,Dry:NGW-103->NGW-110,NGW-103->NGW-110,NGW-103,NGW-110,lateral,23.753124462048174,-2.3000000000000114,2.0,0.1369595295084795,0.1369595295084795,0.1369595295084795,B/B,"flat_gradient,depth_mismatch",not supplied,not supplied,"Hydrosheaf probabilistic edge inference using head proxy, distance, gradient, and confidence threshold"
Dry,Dry:NGW-053->NGW-103,NGW-053->NGW-103,NGW-053,NGW-103,lateral,47.6408715540183,-3.6999999999999886,2.0,0.13665233720724856,0.13665233720724856,0.13665233720724856,B/B,flat_gradient,not supplied,not supplied,"Hydrosheaf probabilistic edge inference using head proxy, distance, gradient, and confidence threshold"
Dry,Dry:NGW-059->NGW-094,NGW-059->NGW-094,NGW-059,NGW-094,lateral,48.25262446776904,-3.8999999999999773,2.0,0.11655835547318982,0.11655835547318982,0.11655835547318982,B/B,flat_gradient,not supplied,not supplied,"Hydrosheaf probabilistic edge inference using head proxy, distance, gradient, and confidence threshold"
Dry,Dry:NGW-094->NGW-099,NGW-094->NGW-099,NGW-094,NGW-099,lateral,35.092243858750535,-3.0999999999999943,2.0,0.11181432122815649,0.11181432122815649,0.11181432122815649,B/B,flat_gradient,not supplied,not supplied,"Hydrosheaf probabilistic edge inference using head proxy, distance, gradient, and confidence threshold"
Dry,Dry:NGW-079->NGW-076,NGW-079->NGW-076,NGW-079,NGW-076,lateral,38.29667081999776,-3.299999999999983,2.0,0.11178240205866607,0.11178240205866607,0.11178240205866607,B/B,flat_gradient,not supplied,not supplied,"Hydrosheaf probabilistic edge inference using head proxy, distance, gradient, and confidence threshold"
Dry,Dry:NGW-080->NGW-079,NGW-080->NGW-079,NGW-080,NGW-079,lateral,41.464694045640485,-3.6999999999999886,2.0,0.08253160354906364,0.08253160354906364,0.08253160354906364,B/B,flat_gradient,not supplied,not supplied,"Hydrosheaf probabilistic edge inference using head proxy, distance, gradient, and confidence threshold"
Dry,Dry:NGW-104->NGW-086,NGW-104->NGW-086,NGW-104,NGW-086,lateral,44.26728937563972,-3.900000000000034,2.0,0.0820375283959,0.0820375283959,0.0820375283959,B/B,flat_gradient,not supplied,not supplied,"Hydrosheaf probabilistic edge inference using head proxy, distance, gradient, and confidence threshold"
Dry,Dry:NGW-100->NGW-104,NGW-100->NGW-104,NGW-100,NGW-104,lateral,38.498066268932334,-3.5,2.0,0.08185095850496488,0.08185095850496488,0.08185095850496488,B/B,"flat_gradient,depth_mismatch",not supplied,not supplied,"Hydrosheaf probabilistic edge inference using head proxy, distance, gradient, and confidence threshold"
Dry,Dry:NGW-088->NGW-097,NGW-088->NGW-097,NGW-088,NGW-097,lateral,38.422453641665044,-3.599999999999966,2.0,0.0651889213598259,0.0651889213598259,0.0651889213598259,B/B,"flat_gradient,depth_mismatch",not supplied,not supplied,"Hydrosheaf probabilistic edge inference using head proxy, distance, gradient, and confidence threshold"
Dry,Dry:NGW-076->NGW-063,NGW-076->NGW-063,NGW-076,NGW-063,lateral,42.260236301823404,-3.8999999999999773,2.0,0.062187358667049164,0.062187358667049164,0.062187358667049164,B/B,"flat_gradient,depth_mismatch",not supplied,not supplied,"Hydrosheaf probabilistic edge inference using head proxy, distance, gradient, and confidence threshold"
Dry,Dry:NGW-151->NGW-136,NGW-151->NGW-136,NGW-151,NGW-136,lateral,49.719425982580674,-4.599999999999966,2.0,0.04732601002095238,0.04732601002095238,0.04732601002095238,B/B,"flat_gradient,depth_mismatch",not supplied,not supplied,"Hydrosheaf probabilistic edge inference using head proxy, distance, gradient, and confidence threshold"
Dry,Dry:NGW-058->NGW-069,NGW-058->NGW-069,NGW-058,NGW-069,lateral,45.88040461392719,-4.300000000000011,2.0,0.046177435500150354,0.046177435500150354,0.046177435500150354,B/B,"flat_gradient,depth_mismatch",not supplied,not supplied,"Hydrosheaf probabilistic edge inference using head proxy, distance, gradient, and confidence threshold"
Dry,Dry:NGW-067->NGW-103,NGW-067->NGW-103,NGW-067,NGW-103,lateral,43.29904086251358,-4.099999999999994,2.0,0.04565900822533675,0.04565900822533675,0.04565900822533675,B/B,"flat_gradient,depth_mismatch",not supplied,not supplied,"Hydrosheaf probabilistic edge inference using head proxy, distance, gradient, and confidence threshold"
Dry,Dry:NGW-050->NGW-049,NGW-050->NGW-049,NGW-050,NGW-049,lateral,43.63812084747981,-4.200000000000017,2.0,0.03596319128550979,0.03596319128550979,0.03596319128550979,B/B,flat_gradient,not supplied,not supplied,"Hydrosheaf probabilistic edge inference using head proxy, distance, gradient, and confidence threshold"
Dry,Dry:NGW-090->NGW-111,NGW-090->NGW-111,NGW-090,NGW-111,lateral,43.4878799119636,-4.199999999999989,2.0,0.034360047503927404,0.034360047503927404,0.034360047503927404,B/B,flat_gradient,not supplied,not supplied,"Hydrosheaf probabilistic edge inference using head proxy, distance, gradient, and confidence threshold"
