scenario_id,archetype,replicate,data_tier,diagnostic,clean_value,observed_value,absolute_noise
M5S0001,carbonate,1,plus_lite,SiO2,0.0,-0.00042481460775764085,-0.00042481460775764085
M5S0001,carbonate,1,plus_lite,Sr,0.1348023489114581,0.139899863317569,0.00509751440611092
M5S0001,carbonate,1,plus_lite,water_isotope_evaporation,0.0,0.0009516278624694483,0.0009516278624694483
M5S0001,carbonate,1,enhanced,SiO2,0.0,0.0006350965117786333,0.0006350965117786333
M5S0001,carbonate,1,enhanced,Sr,0.1348023489114581,0.1372289542831736,0.002426605371715518
M5S0001,carbonate,1,enhanced,water_isotope_evaporation,0.0,-0.0007952878835927939,-0.0007952878835927939
M5S0001,carbonate,1,enhanced,Br,0.0,-0.0005779479176189083,-0.0005779479176189083
M5S0001,carbonate,1,enhanced,DO,0.0,-0.0009107033725656026,-0.0009107033725656026
M5S0001,carbonate,1,enhanced,DOC,0.0,-0.0001982450807615591,-0.0001982450807615591
M5S0001,carbonate,1,enhanced,d34S_SO4,0.0,-2.008118126122745e-05,-2.008118126122745e-05
M5S0001,carbonate,1,enhanced,d18O_SO4,0.0,-4.43526831692816e-05,-4.43526831692816e-05
M5S0001,carbonate,1,enhanced,d15N_NO3,0.0,-0.0010035399006392998,-0.0010035399006392998
M5S0001,carbonate,1,enhanced,d18O_NO3,0.0,2.7758187157628433e-05,2.7758187157628433e-05
M5S0002,carbonate,2,plus_lite,SiO2,0.0,0.000839305350148874,0.000839305350148874
M5S0002,carbonate,2,plus_lite,Sr,0.06982292395278746,0.06672066946293972,-0.0031022544898477306
M5S0002,carbonate,2,plus_lite,water_isotope_evaporation,0.0,-0.0007929770429624126,-0.0007929770429624126
M5S0002,carbonate,2,enhanced,SiO2,0.0,0.0005289395531023874,0.0005289395531023874
M5S0002,carbonate,2,enhanced,Sr,0.06982292395278746,0.07212141996692861,0.0022984960141411576
M5S0002,carbonate,2,enhanced,water_isotope_evaporation,0.0,0.0009758547700756172,0.0009758547700756172
M5S0002,carbonate,2,enhanced,Br,0.0,0.00018050641612742485,0.00018050641612742485
M5S0002,carbonate,2,enhanced,DO,-0.05098750281202608,-0.050935707486736766,5.179532528931663e-05
M5S0002,carbonate,2,enhanced,DOC,0.05827143178517267,0.05860521648757941,0.0003337847024067406
M5S0002,carbonate,2,enhanced,d34S_SO4,0.0,-0.0011785686671249977,-0.0011785686671249977
M5S0002,carbonate,2,enhanced,d18O_SO4,0.0,-0.0003664308999866875,-0.0003664308999866875
M5S0002,carbonate,2,enhanced,d15N_NO3,0.06919732524489254,0.06881956919577813,-0.00037775604911441385
M5S0002,carbonate,2,enhanced,d18O_NO3,0.054629467298599375,0.055509067562918187,0.0008796002643188111
M5S0003,carbonate,3,plus_lite,SiO2,0.0,-0.0004319091406792401,-0.0004319091406792401
M5S0003,carbonate,3,plus_lite,Sr,0.02064587639417037,0.021188351317037144,0.0005424749228667737
M5S0003,carbonate,3,plus_lite,water_isotope_evaporation,0.0,1.0948457012757135e-05,1.0948457012757135e-05
M5S0003,carbonate,3,enhanced,SiO2,0.0,-0.000500427086851933,-0.000500427086851933
M5S0003,carbonate,3,enhanced,Sr,0.02064587639417037,0.02135133129966574,0.0007054549054953708
M5S0003,carbonate,3,enhanced,water_isotope_evaporation,0.0,0.000617592691762503,0.000617592691762503
M5S0003,carbonate,3,enhanced,Br,0.0,0.0004671045958098969,0.0004671045958098969
M5S0003,carbonate,3,enhanced,DO,-0.10087614194360821,-0.09493361065980585,0.0059425312838023575
M5S0003,carbonate,3,enhanced,DOC,0.11528701936412367,0.11206654246283645,-0.0032204769012872114
M5S0003,carbonate,3,enhanced,d34S_SO4,0.0,8.39591308261767e-05,8.39591308261767e-05
M5S0003,carbonate,3,enhanced,d18O_SO4,0.0,-4.7293644863358556e-05,-4.7293644863358556e-05
M5S0003,carbonate,3,enhanced,d15N_NO3,0.13690333549489686,0.13455848784891603,-0.0023448476459808354
M5S0003,carbonate,3,enhanced,d18O_NO3,0.10808158065386594,0.11033418733265853,0.002252606678792582
M5S0004,carbonate,4,plus_lite,SiO2,0.0,-0.00015859707766314736,-0.00015859707766314736
M5S0004,carbonate,4,plus_lite,Sr,0.028938043283940538,0.029030145024213763,9.210174027322535e-05
M5S0004,carbonate,4,plus_lite,water_isotope_evaporation,-0.020832555470090584,-0.02086885100932146,-3.629553923087739e-05
M5S0004,carbonate,4,enhanced,SiO2,0.0,-0.00045964928607676055,-0.00045964928607676055
M5S0004,carbonate,4,enhanced,Sr,0.028938043283940538,0.028269382923384486,-0.0006686603605560518
M5S0004,carbonate,4,enhanced,water_isotope_evaporation,-0.020832555470090584,-0.019027305736001983,0.0018052497340886008
M5S0004,carbonate,4,enhanced,Br,0.0,-0.0003229202329899168,-0.0003229202329899168
M5S0004,carbonate,4,enhanced,DO,-0.09188719058168203,-0.09623827269124366,-0.00435108210956163
M5S0004,carbonate,4,enhanced,DOC,0.10501393209335091,0.1011885702766153,-0.003825361816735609
M5S0004,carbonate,4,enhanced,d34S_SO4,0.09027440703705919,0.0921255853750734,0.0018511783380142088
M5S0004,carbonate,4,enhanced,d18O_SO4,-0.10416277735045291,-0.10560200022760688,-0.0014392228771539645
M5S0004,carbonate,4,enhanced,d15N_NO3,0.1247040443608542,0.12591924356642734,0.001215199205573142
M5S0004,carbonate,4,enhanced,d18O_NO3,0.09845056133751648,0.10352045255205926,0.005069891214542779
M5S0005,carbonate,5,plus_lite,SiO2,0.0,0.001241832542563557,0.001241832542563557
M5S0005,carbonate,5,plus_lite,Sr,0.20697176260737307,0.19909039471570994,-0.007881367891663132
M5S0005,carbonate,5,plus_lite,water_isotope_evaporation,0.0,0.00032986812166310654,0.00032986812166310654
M5S0005,carbonate,5,enhanced,SiO2,0.0,-0.0007293918290067589,-0.0007293918290067589
M5S0005,carbonate,5,enhanced,Sr,0.20697176260737307,0.19801180766954074,-0.008959954937832332
M5S0005,carbonate,5,enhanced,water_isotope_evaporation,0.0,-0.00027587746249513616,-0.00027587746249513616
M5S0005,carbonate,5,enhanced,Br,0.0,-0.0004278159992624163,-0.0004278159992624163
M5S0005,carbonate,5,enhanced,DO,-0.09893109789344816,-0.09760734287355896,0.0013237550198891973
M5S0005,carbonate,5,enhanced,DOC,0.11306411187822647,0.11552827296643502,0.002464161088208544
M5S0005,carbonate,5,enhanced,d34S_SO4,0.0,0.0010794985449781018,0.0010794985449781018
M5S0005,carbonate,5,enhanced,d18O_SO4,0.0,-0.001392030306195482,-0.001392030306195482
M5S0005,carbonate,5,enhanced,d15N_NO3,0.09547684999791212,0.09693009530398601,0.0014532453060738942
M5S0005,carbonate,5,enhanced,d18O_NO3,0.15340367282275952,0.15306345741463423,-0.0003402154081252884
M5S0006,carbonate,6,plus_lite,SiO2,0.0,0.0004433449971429393,0.0004433449971429393
M5S0006,carbonate,6,plus_lite,Sr,0.0,-0.0009652168500937855,-0.0009652168500937855
M5S0006,carbonate,6,plus_lite,water_isotope_evaporation,0.0,0.00033158867237635935,0.00033158867237635935
M5S0006,carbonate,6,enhanced,SiO2,0.0,-0.00024690417796624145,-0.00024690417796624145
M5S0006,carbonate,6,enhanced,Sr,0.0,-0.00018959879598174454,-0.00018959879598174454
M5S0006,carbonate,6,enhanced,water_isotope_evaporation,0.0,-0.000827855187008589,-0.000827855187008589
M5S0006,carbonate,6,enhanced,Br,0.0,-7.453629804914209e-07,-7.453629804914209e-07
M5S0006,carbonate,6,enhanced,DO,0.0,-0.00016907266824071443,-0.00016907266824071443
M5S0006,carbonate,6,enhanced,DOC,0.0,1.2689238978086665e-05,1.2689238978086665e-05
M5S0006,carbonate,6,enhanced,d34S_SO4,0.0,0.0005806587152122207,0.0005806587152122207
M5S0006,carbonate,6,enhanced,d18O_SO4,0.0,-0.0003397448623035592,-0.0003397448623035592
M5S0006,carbonate,6,enhanced,d15N_NO3,0.0,9.978583952238888e-05,9.978583952238888e-05
M5S0006,carbonate,6,enhanced,d18O_NO3,0.0,-0.0002481425319549351,-0.0002481425319549351
M5S0007,carbonate,7,plus_lite,SiO2,0.0,-6.4516170319311e-05,-6.4516170319311e-05
M5S0007,carbonate,7,plus_lite,Sr,0.017068718582381803,0.016928193551067665,-0.00014052503131413777
M5S0007,carbonate,7,plus_lite,water_isotope_evaporation,0.012801538936786353,0.012831725778067108,3.0186841280754884e-05
M5S0007,carbonate,7,enhanced,SiO2,0.0,-0.00014563163142935405,-0.00014563163142935405
M5S0007,carbonate,7,enhanced,Sr,0.017068718582381803,0.017084295311047326,1.5576728665523537e-05
M5S0007,carbonate,7,enhanced,water_isotope_evaporation,0.012801538936786353,0.013036536070683032,0.00023499713389667914
M5S0007,carbonate,7,enhanced,Br,0.0,0.0005393057693237012,0.0005393057693237012
M5S0007,carbonate,7,enhanced,DO,0.0,-0.0006352928817214374,-0.0006352928817214374
M5S0007,carbonate,7,enhanced,DOC,0.0,-0.0013435721846590267,-0.0013435721846590267
M5S0007,carbonate,7,enhanced,d34S_SO4,-0.05547333539274086,-0.05439163295126198,0.0010817024414788781
M5S0007,carbonate,7,enhanced,d18O_SO4,0.06400769468393176,0.06319331835445348,-0.0008143763294782835
M5S0007,carbonate,7,enhanced,d15N_NO3,0.0,0.0007208981881964466,0.0007208981881964466
M5S0007,carbonate,7,enhanced,d18O_NO3,0.0,0.00047696759751239494,0.00047696759751239494
M5S0008,carbonate,8,plus_lite,SiO2,0.0,0.00019923536761838717,0.00019923536761838717
M5S0008,carbonate,8,plus_lite,Sr,0.018851273338068898,0.017875463551733854,-0.0009758097863350433
M5S0008,carbonate,8,plus_lite,water_isotope_evaporation,0.014138455003551672,0.013717658367854678,-0.00042079663569699437
M5S0008,carbonate,8,enhanced,SiO2,0.0,-0.0002508818573097762,-0.0002508818573097762
M5S0008,carbonate,8,enhanced,Sr,0.018851273338068898,0.01884425206206047,-7.021276008427335e-06
M5S0008,carbonate,8,enhanced,water_isotope_evaporation,0.014138455003551672,0.015065260622268081,0.000926805618716409
M5S0008,carbonate,8,enhanced,Br,0.0,-0.0016586292415634184,-0.0016586292415634184
M5S0008,carbonate,8,enhanced,DO,-0.08159964549287393,-0.08381465368602364,-0.002215008193149709
M5S0008,carbonate,8,enhanced,DOC,0.09325673770614165,0.09991442639639424,0.006657688690252586
M5S0008,carbonate,8,enhanced,d34S_SO4,-0.061266638348723916,-0.061554845567755596,-0.00028820721903168034
M5S0008,carbonate,8,enhanced,d18O_SO4,0.07069227501775836,0.07130029358053068,0.0006080185627723167
M5S0008,carbonate,8,enhanced,d15N_NO3,0.09055025851991709,0.09259322773778333,0.0020429692178662445
M5S0008,carbonate,8,enhanced,d18O_NO3,0.11210744632921749,0.10967464748383805,-0.002432798845379433
M5S0009,carbonate,9,plus_lite,SiO2,0.0,-0.0014384999107947183,-0.0014384999107947183
M5S0009,carbonate,9,plus_lite,Sr,0.08328009831413559,0.0870878321783021,0.00380773386416651
M5S0009,carbonate,9,plus_lite,water_isotope_evaporation,0.0,-5.6367473443775826e-05,-5.6367473443775826e-05
M5S0009,carbonate,9,enhanced,SiO2,0.0,-0.000304989996458054,-0.000304989996458054
M5S0009,carbonate,9,enhanced,Sr,0.08328009831413559,0.08800161117446773,0.004721512860332136
M5S0009,carbonate,9,enhanced,water_isotope_evaporation,0.0,-0.0005535913259367843,-0.0005535913259367843
M5S0009,carbonate,9,enhanced,Br,0.0,-0.0001658475428588833,-0.0001658475428588833
M5S0009,carbonate,9,enhanced,DO,-0.038285009684509,-0.03880803183084318,-0.0005230221463341789
M5S0009,carbonate,9,enhanced,DOC,0.043754296782296004,0.044983962515439936,0.0012296657331439323
M5S0009,carbonate,9,enhanced,d34S_SO4,0.0,-5.679761070062575e-05,-5.679761070062575e-05
M5S0009,carbonate,9,enhanced,d18O_SO4,0.0,0.00041812267424995187,0.00041812267424995187
M5S0009,carbonate,9,enhanced,d15N_NO3,-0.012289784482854282,-0.011720407503387239,0.0005693769794670438
M5S0009,carbonate,9,enhanced,d18O_NO3,0.11954500112564012,0.11542870412590646,-0.004116296999733662
M5S0010,carbonate,10,plus_lite,SiO2,0.0,0.000524186750890622,0.000524186750890622
M5S0010,carbonate,10,plus_lite,Sr,0.07296611888150971,0.06917425057889157,-0.0037918683026181427
M5S0010,carbonate,10,plus_lite,water_isotope_evaporation,0.005689808318781749,0.0061912638700441,0.0005014555512623513
M5S0010,carbonate,10,enhanced,SiO2,0.0,-0.0014784569309143466,-0.0014784569309143466
M5S0010,carbonate,10,enhanced,Sr,0.07296611888150971,0.07345466055867556,0.0004885416771658463
M5S0010,carbonate,10,enhanced,water_isotope_evaporation,0.005689808318781749,0.00626539326276605,0.0005755849439843018
M5S0010,carbonate,10,enhanced,Br,0.0,-0.0001478728457208399,-0.0001478728457208399
M5S0010,carbonate,10,enhanced,DO,-0.08848948777295272,-0.0894213409858179,-0.0009318532128651802
M5S0010,carbonate,10,enhanced,DOC,0.10113084316908882,0.09924780256565979,-0.0018830406034290315
M5S0010,carbonate,10,enhanced,d34S_SO4,-0.024655836048054245,-0.024501481299809294,0.00015435474824495102
M5S0010,carbonate,10,enhanced,d18O_SO4,0.028449041593908743,0.02820577040047751,-0.0002432711934312326
M5S0010,carbonate,10,enhanced,d15N_NO3,0.03112504002878716,0.03238532220808082,0.0012602821792936578
M5S0010,carbonate,10,enhanced,d18O_NO3,0.20354863197986123,0.2033821932757771,-0.00016643870408411532
M5S0011,carbonate,11,plus_lite,SiO2,0.0,0.0008104077982558929,0.0008104077982558929
M5S0011,carbonate,11,plus_lite,Sr,0.018538295528140753,0.018392791660334824,-0.0001455038678059295
M5S0011,carbonate,11,plus_lite,water_isotope_evaporation,0.013903721646105564,0.01419618635926705,0.0002924647131614857
M5S0011,carbonate,11,enhanced,SiO2,0.0,-0.0005357541653301555,-0.0005357541653301555
M5S0011,carbonate,11,enhanced,Sr,0.018538295528140753,0.019773640994088286,0.0012353454659475328
M5S0011,carbonate,11,enhanced,water_isotope_evaporation,0.013903721646105564,0.014793348102409638,0.0008896264563040737
M5S0011,carbonate,11,enhanced,Br,0.0,-5.17917773890469e-06,-5.17917773890469e-06
M5S0011,carbonate,11,enhanced,DO,0.0,0.00015336488202266112,0.00015336488202266112
M5S0011,carbonate,11,enhanced,DOC,0.0,-0.0011885089311998898,-0.0011885089311998898
M5S0011,carbonate,11,enhanced,d34S_SO4,-0.06024946046645745,-0.06021950280351137,2.99576629460771e-05
M5S0011,carbonate,11,enhanced,d18O_SO4,0.06951860823052783,0.06999553436809425,0.0004769261375664191
M5S0011,carbonate,11,enhanced,d15N_NO3,0.0,0.0001743308223739122,0.0001743308223739122
M5S0011,carbonate,11,enhanced,d18O_NO3,0.0,-0.0005942723180220836,-0.0005942723180220836
M5S0012,carbonate,12,plus_lite,SiO2,0.0,-0.0005208508023166763,-0.0005208508023166763
M5S0012,carbonate,12,plus_lite,Sr,-0.03497301595064067,-0.03530528717197245,-0.00033227122133178133
M5S0012,carbonate,12,plus_lite,water_isotope_evaporation,-0.0262297619629805,-0.026964067178077873,-0.0007343052150973715
M5S0012,carbonate,12,enhanced,SiO2,0.0,-1.7591987187137986e-05,-1.7591987187137986e-05
M5S0012,carbonate,12,enhanced,Sr,-0.03497301595064067,-0.03565382103683645,-0.0006808050861957862
M5S0012,carbonate,12,enhanced,water_isotope_evaporation,-0.0262297619629805,-0.025854664023441828,0.0003750979395386739
M5S0012,carbonate,12,enhanced,Br,0.0,-0.0006092631176285368,-0.0006092631176285368
M5S0012,carbonate,12,enhanced,DO,0.0,0.00016059900984441083,0.00016059900984441083
M5S0012,carbonate,12,enhanced,DOC,0.0,0.0007513816471819074,0.0007513816471819074
M5S0012,carbonate,12,enhanced,d34S_SO4,0.11366230183958217,0.11328363148810397,-0.00037867035147820527
M5S0012,carbonate,12,enhanced,d18O_SO4,-0.1311488098149025,-0.1273336024031218,0.0038152074117807078
M5S0012,carbonate,12,enhanced,d15N_NO3,0.0,-0.0001027087365995899,-0.0001027087365995899
M5S0012,carbonate,12,enhanced,d18O_NO3,0.0,-0.00016706067454712087,-0.00016706067454712087
M5S0013,carbonate,13,plus_lite,SiO2,0.0,-8.775607870356908e-07,-8.775607870356908e-07
M5S0013,carbonate,13,plus_lite,Sr,0.08612129995570973,0.08848238208457064,0.0023610821288609085
M5S0013,carbonate,13,plus_lite,water_isotope_evaporation,0.0,-0.0003388794885120623,-0.0003388794885120623
M5S0013,carbonate,13,enhanced,SiO2,0.0,0.0004342233993043786,0.0004342233993043786
M5S0013,carbonate,13,enhanced,Sr,0.08612129995570973,0.08669776568048287,0.0005764657247731425
M5S0013,carbonate,13,enhanced,water_isotope_evaporation,0.0,0.0003039890229858318,0.0003039890229858318
M5S0013,carbonate,13,enhanced,Br,0.0,-0.00043555392141382337,-0.00043555392141382337
M5S0013,carbonate,13,enhanced,DO,-0.024074805127178644,-0.02443343716431572,-0.00035863203713707575
M5S0013,carbonate,13,enhanced,DOC,0.02751406300248988,0.026905035816500042,-0.0006090271859898397
M5S0013,carbonate,13,enhanced,d34S_SO4,0.0,0.001236588715889429,0.001236588715889429
M5S0013,carbonate,13,enhanced,d18O_SO4,0.0,0.00045067597480657204,0.00045067597480657204
M5S0013,carbonate,13,enhanced,d15N_NO3,0.03267294981545673,0.03307792357127703,0.00040497375582029815
M5S0013,carbonate,13,enhanced,d18O_NO3,0.02579443406483426,0.0257367503322474,-5.7683732586862047e-05
M5S0014,carbonate,14,plus_lite,SiO2,0.0,-0.0004892917340195091,-0.0004892917340195091
M5S0014,carbonate,14,plus_lite,Sr,0.15182408480269655,0.15237751313485542,0.0005534283321588784
M5S0014,carbonate,14,plus_lite,water_isotope_evaporation,0.0,0.000359417708895429,0.000359417708895429
M5S0014,carbonate,14,enhanced,SiO2,0.0,0.00022581447567831305,0.00022581447567831305
M5S0014,carbonate,14,enhanced,Sr,0.15182408480269655,0.15061488394542433,-0.001209200857272219
M5S0014,carbonate,14,enhanced,water_isotope_evaporation,0.0,-0.0006198876277439052,-0.0006198876277439052
M5S0014,carbonate,14,enhanced,Br,0.0,-0.0002822529675056934,-0.0002822529675056934
M5S0014,carbonate,14,enhanced,DO,0.0,-0.0008785622915227878,-0.0008785622915227878
M5S0014,carbonate,14,enhanced,DOC,0.0,-0.0007574530890221887,-0.0007574530890221887
M5S0014,carbonate,14,enhanced,d34S_SO4,0.0,-0.0003522815659097483,-0.0003522815659097483
M5S0014,carbonate,14,enhanced,d18O_SO4,0.0,-0.0002826181151577852,-0.0002826181151577852
M5S0014,carbonate,14,enhanced,d15N_NO3,-0.0974831478723173,-0.09638975061010077,0.0010933972622165222
M5S0014,carbonate,14,enhanced,d18O_NO3,0.11914606962172115,0.1236551262010759,0.004509056579354742
M5S0015,carbonate,15,plus_lite,SiO2,0.0,-0.0010675348820965505,-0.0010675348820965505
M5S0015,carbonate,15,plus_lite,Sr,-0.0761136367474457,-0.07585349603993835,0.0002601407075073503
M5S0015,carbonate,15,plus_lite,water_isotope_evaporation,0.024433771813401197,0.02462902346986497,0.00019525165646377268
M5S0015,carbonate,15,enhanced,SiO2,0.0,0.0008277328244458209,0.0008277328244458209
M5S0015,carbonate,15,enhanced,Sr,-0.0761136367474457,-0.07826319513819104,-0.0021495583907453347
M5S0015,carbonate,15,enhanced,water_isotope_evaporation,0.024433771813401197,0.023858597397049933,-0.0005751744163512637
M5S0015,carbonate,15,enhanced,Br,0.0,0.0003698647508293189,0.0003698647508293189
M5S0015,carbonate,15,enhanced,DO,-0.103016595406096,-0.10417279054024,-0.0011561951341440002
M5S0015,carbonate,15,enhanced,DOC,0.11773325189268116,0.11764550876993028,-8.774312275088014e-05
M5S0015,carbonate,15,enhanced,d34S_SO4,-0.10587967785807186,-0.10433395385170222,0.0015457240063696392
M5S0015,carbonate,15,enhanced,d18O_SO4,0.12216885906700597,0.1251233976567359,0.002954538589729938
M5S0015,carbonate,15,enhanced,d15N_NO3,0.03919655043269217,0.038948418631386796,-0.0002481318013053749
M5S0015,carbonate,15,enhanced,d18O_NO3,0.23334476232589232,0.23892828457150628,0.005583522245613953
M5S0016,carbonate,16,plus_lite,SiO2,0.0,0.0002707021942125629,0.0002707021942125629
M5S0016,carbonate,16,plus_lite,Sr,0.0,0.00018037483558184402,0.00018037483558184402
M5S0016,carbonate,16,plus_lite,water_isotope_evaporation,0.0,0.0005562537010911339,0.0005562537010911339
M5S0016,carbonate,16,enhanced,SiO2,0.0,0.00021366199379027444,0.00021366199379027444
M5S0016,carbonate,16,enhanced,Sr,0.0,0.00044452255196741506,0.00044452255196741506
M5S0016,carbonate,16,enhanced,water_isotope_evaporation,0.0,0.0004967987586868429,0.0004967987586868429
M5S0016,carbonate,16,enhanced,Br,0.0,6.109478695452021e-05,6.109478695452021e-05
M5S0016,carbonate,16,enhanced,DO,-0.06321995649984401,-0.06415936282777764,-0.0009394063279336284
M5S0016,carbonate,16,enhanced,DOC,0.07225137885696457,0.07193029494917126,-0.00032108390779331253
M5S0016,carbonate,16,enhanced,d34S_SO4,0.0,0.0002989362159631466,0.0002989362159631466
M5S0016,carbonate,16,enhanced,d18O_SO4,0.0,-0.000510662703075461,-0.000510662703075461
M5S0016,carbonate,16,enhanced,d15N_NO3,0.08579851239264544,0.08900664790641577,0.0032081355137703327
M5S0016,carbonate,16,enhanced,d18O_NO3,0.06773566767840429,0.07039514671076057,0.0026594790323562767
M5S0017,carbonate,17,plus_lite,SiO2,0.0,0.0010702066228931828,0.0010702066228931828
M5S0017,carbonate,17,plus_lite,Sr,0.027909074642688565,0.026888664804078585,-0.00102040983860998
M5S0017,carbonate,17,plus_lite,water_isotope_evaporation,0.02093180598201642,0.02053099621918371,-0.00040080976283271216
M5S0017,carbonate,17,enhanced,SiO2,0.0,0.00027123658026105167,0.00027123658026105167
M5S0017,carbonate,17,enhanced,Sr,0.027909074642688565,0.028776583521261185,0.0008675088785726204
M5S0017,carbonate,17,enhanced,water_isotope_evaporation,0.02093180598201642,0.021385806128229514,0.00045400014621309326
M5S0017,carbonate,17,enhanced,Br,0.0,0.00037272967271208393,0.00037272967271208393
M5S0017,carbonate,17,enhanced,DO,-0.028514997433726312,-0.029572887260411258,-0.0010578898266849456
M5S0017,carbonate,17,enhanced,DOC,0.03258856849568722,0.03209114662485723,-0.0004974218708299893
M5S0017,carbonate,17,enhanced,d34S_SO4,-0.09070449258873783,-0.08822632633813626,0.002478166250601571
M5S0017,carbonate,17,enhanced,d18O_SO4,0.10465902991008211,0.10492616108305078,0.00026713117296867095
M5S0017,carbonate,17,enhanced,d15N_NO3,0.038698925088628565,0.03901968297675996,0.0003207578881313927
M5S0017,carbonate,17,enhanced,d18O_NO3,0.030551782964706765,0.030707223824602475,0.00015544085989570994
M5S0018,carbonate,18,plus_lite,SiO2,0.0,-0.0005154176024551921,-0.0005154176024551921
M5S0018,carbonate,18,plus_lite,Sr,0.021559949364211975,0.021663122007673802,0.00010317264346182756
M5S0018,carbonate,18,plus_lite,water_isotope_evaporation,0.016169962023158978,0.016064647851896187,-0.00010531417126279086
M5S0018,carbonate,18,enhanced,SiO2,0.0,0.0013473780730016854,0.0013473780730016854
M5S0018,carbonate,18,enhanced,Sr,0.021559949364211975,0.021493557788526692,-6.639157568528314e-05
M5S0018,carbonate,18,enhanced,water_isotope_evaporation,0.016169962023158978,0.015885413664446926,-0.00028454835871205217
M5S0018,carbonate,18,enhanced,Br,0.0,-0.00021057314940680226,-0.00021057314940680226
M5S0018,carbonate,18,enhanced,DO,-0.044345984472369475,-0.04341298106449244,0.0009330034078770325
M5S0018,carbonate,18,enhanced,DOC,0.0506811251112794,0.05140910933999527,0.0007279842287158667
M5S0018,carbonate,18,enhanced,d34S_SO4,-0.07006983543368892,-0.07149448976461045,-0.0014246543309215376
M5S0018,carbonate,18,enhanced,d18O_SO4,0.0808498101157949,0.08368814337182907,0.0028383332560341784
M5S0018,carbonate,18,enhanced,d15N_NO3,-0.021456205912151492,-0.02090736516736223,0.0005488407447892633
M5S0018,carbonate,18,enhanced,d18O_NO3,0.14729582832513038,0.1437041070782265,-0.0035917212469038784
M5S0019,carbonate,19,plus_lite,SiO2,0.0,8.884143323958031e-06,8.884143323958031e-06
M5S0019,carbonate,19,plus_lite,Sr,0.09841733750947901,0.09694327685448295,-0.0014740606549960567
M5S0019,carbonate,19,plus_lite,water_isotope_evaporation,0.0,0.0002599121099040087,0.0002599121099040087
M5S0019,carbonate,19,enhanced,SiO2,0.0,2.2819972418740833e-05,2.2819972418740833e-05
M5S0019,carbonate,19,enhanced,Sr,0.09841733750947901,0.10413117549040363,0.005713837980924619
M5S0019,carbonate,19,enhanced,water_isotope_evaporation,0.0,0.0003240425582231807,0.0003240425582231807
M5S0019,carbonate,19,enhanced,Br,0.0,0.000659442089219262,0.000659442089219262
M5S0019,carbonate,19,enhanced,DO,-0.10194248137519739,-0.10371467288711454,-0.0017721915119171538
M5S0019,carbonate,19,enhanced,DOC,0.1165056930002256,0.11464782883238582,-0.0018578641678397845
M5S0019,carbonate,19,enhanced,d34S_SO4,0.0,-0.0004825507485542811,-0.0004825507485542811
M5S0019,carbonate,19,enhanced,d18O_SO4,0.0,-0.00044652273281480144,-0.00044652273281480144
M5S0019,carbonate,19,enhanced,d15N_NO3,0.04363804680172702,0.04219412349098121,-0.0014439233107458108
M5S0019,carbonate,19,enhanced,d18O_NO3,0.2249837649650948,0.21868692418325125,-0.00629684078184356
M5S0020,carbonate,20,plus_lite,SiO2,0.0,0.0003606043857635313,0.0003606043857635313
M5S0020,carbonate,20,plus_lite,Sr,0.07274695074352797,0.0723597589553393,-0.0003871917881886622
M5S0020,carbonate,20,plus_lite,water_isotope_evaporation,0.0,9.70156722574343e-05,9.70156722574343e-05
M5S0020,carbonate,20,enhanced,SiO2,0.0,-0.000349334256154905,-0.000349334256154905
M5S0020,carbonate,20,enhanced,Sr,0.07274695074352797,0.07160927670301959,-0.0011376740405083796
M5S0020,carbonate,20,enhanced,water_isotope_evaporation,0.0,0.001237503197291959,0.001237503197291959
M5S0020,carbonate,20,enhanced,Br,0.0,1.4822482523042325e-05,1.4822482523042325e-05
M5S0020,carbonate,20,enhanced,DO,-0.07023703245655376,-0.07430440024160444,-0.0040673677850506795
M5S0020,carbonate,20,enhanced,DOC,0.08027089423606144,0.08193155615806476,0.0016606619220033147
M5S0020,carbonate,20,enhanced,d34S_SO4,0.0,0.0005536802577961326,0.0005536802577961326
M5S0020,carbonate,20,enhanced,d18O_SO4,0.0,-0.0002653741234778516,-0.0002653741234778516
M5S0020,carbonate,20,enhanced,d15N_NO3,0.00926620985661479,0.007700938875036773,-0.0015652709815780173
M5S0020,carbonate,20,enhanced,d18O_NO3,0.18043287973917316,0.17348684184189853,-0.006946037897274632
M5S0021,carbonate,21,plus_lite,SiO2,0.0,0.0002286571131867489,0.0002286571131867489
M5S0021,carbonate,21,plus_lite,Sr,0.0,0.00011439878210565407,0.00011439878210565407
M5S0021,carbonate,21,plus_lite,water_isotope_evaporation,0.0,-0.00010072552962014998,-0.00010072552962014998
M5S0021,carbonate,21,enhanced,SiO2,0.0,6.507981450037787e-05,6.507981450037787e-05
M5S0021,carbonate,21,enhanced,Sr,0.0,-0.00099999055672088,-0.00099999055672088
M5S0021,carbonate,21,enhanced,water_isotope_evaporation,0.0,7.894977088001189e-06,7.894977088001189e-06
M5S0021,carbonate,21,enhanced,Br,0.0,-0.0010213433023789245,-0.0010213433023789245
M5S0021,carbonate,21,enhanced,DO,0.0,0.00017627101543461426,0.00017627101543461426
M5S0021,carbonate,21,enhanced,DOC,0.0,-0.0001979911676151438,-0.0001979911676151438
M5S0021,carbonate,21,enhanced,d34S_SO4,0.0,-0.00056562326061449,-0.00056562326061449
M5S0021,carbonate,21,enhanced,d18O_SO4,0.0,0.00010689664092427763,0.00010689664092427763
M5S0021,carbonate,21,enhanced,d15N_NO3,-0.09363282337854642,-0.09559915910067866,-0.0019663357221322425
M5S0021,carbonate,21,enhanced,d18O_NO3,0.11444011746266784,0.11587599494547468,0.0014358774828068382
M5S0022,carbonate,22,plus_lite,SiO2,0.0,0.00044009811951767824,0.00044009811951767824
M5S0022,carbonate,22,plus_lite,Sr,0.0,0.0007584112060289345,0.0007584112060289345
M5S0022,carbonate,22,plus_lite,water_isotope_evaporation,0.0,5.993455862935803e-05,5.993455862935803e-05
M5S0022,carbonate,22,enhanced,SiO2,0.0,0.0003655193858435696,0.0003655193858435696
M5S0022,carbonate,22,enhanced,Sr,0.0,-0.0004912174505043942,-0.0004912174505043942
M5S0022,carbonate,22,enhanced,water_isotope_evaporation,0.0,0.00038069470188497516,0.00038069470188497516
M5S0022,carbonate,22,enhanced,Br,0.0,-0.0003977982050770311,-0.0003977982050770311
M5S0022,carbonate,22,enhanced,DO,0.0,-0.0002993904202092044,-0.0002993904202092044
M5S0022,carbonate,22,enhanced,DOC,0.0,-0.00023281599414429815,-0.00023281599414429815
M5S0022,carbonate,22,enhanced,d34S_SO4,0.0,0.0004312791092881382,0.0004312791092881382
M5S0022,carbonate,22,enhanced,d18O_SO4,0.0,0.000717691080309225,0.000717691080309225
M5S0022,carbonate,22,enhanced,d15N_NO3,-0.06577252227841432,-0.06632545738272452,-0.0005529351043102038
M5S0022,carbonate,22,enhanced,d18O_NO3,0.08038863834028417,0.08249651768802421,0.002107879347740038
M5S0023,carbonate,23,plus_lite,SiO2,0.0,-0.0013094829902537627,-0.0013094829902537627
M5S0023,carbonate,23,plus_lite,Sr,0.025262030816480475,0.024949486434538534,-0.0003125443819419413
M5S0023,carbonate,23,plus_lite,water_isotope_evaporation,0.018946523112360353,0.018799803536576388,-0.00014671957578396566
M5S0023,carbonate,23,enhanced,SiO2,0.0,-0.0005348435738590755,-0.0005348435738590755
M5S0023,carbonate,23,enhanced,Sr,0.025262030816480475,0.02490496635557981,-0.00035706446090066554
M5S0023,carbonate,23,enhanced,water_isotope_evaporation,0.018946523112360353,0.018915465115939573,-3.105799642078022e-05
M5S0023,carbonate,23,enhanced,Br,0.0,0.00021886715534295554,0.00021886715534295554
M5S0023,carbonate,23,enhanced,DO,-0.05124497183574127,-0.04866486668372251,0.002580105152018758
M5S0023,carbonate,23,enhanced,DOC,0.05856568209799003,0.060082208690818775,0.0015165265928287486
M5S0023,carbonate,23,enhanced,d34S_SO4,-0.08210160015356155,-0.08517011252636261,-0.0030685123728010633
M5S0023,carbonate,23,enhanced,d18O_SO4,0.09473261556180178,0.09184703066028801,-0.002885584901513763
M5S0023,carbonate,23,enhanced,d15N_NO3,-0.019686489539579896,-0.01985376913959441,-0.0001672796000145131
M5S0023,carbonate,23,enhanced,d18O_NO3,0.16396817222690716,0.15948761019462457,-0.004480562032282587
M5S0024,carbonate,24,plus_lite,SiO2,0.0,-0.00042906187199902784,-0.00042906187199902784
M5S0024,carbonate,24,plus_lite,Sr,0.16457048096509896,0.1571372344188486,-0.007433246546250355
M5S0024,carbonate,24,plus_lite,water_isotope_evaporation,0.020083432169828722,0.020188226010169598,0.0001047938403408756
M5S0024,carbonate,24,enhanced,SiO2,0.0,-3.2680819147049046e-05,-3.2680819147049046e-05
M5S0024,carbonate,24,enhanced,Sr,0.16457048096509896,0.16079910092365254,-0.0037713800414464205
M5S0024,carbonate,24,enhanced,water_isotope_evaporation,0.020083432169828722,0.019493838621886066,-0.0005895935479426559
M5S0024,carbonate,24,enhanced,Br,0.0,-0.0006203745031618512,-0.0006203745031618512
M5S0024,carbonate,24,enhanced,DO,-0.09606780293826751,-0.09896601217119597,-0.002898209232928453
M5S0024,carbonate,24,enhanced,DOC,0.10979177478659147,0.109631980619356,-0.00015979416723546636
M5S0024,carbonate,24,enhanced,d34S_SO4,-0.08702820606925779,-0.09000441438812007,-0.002976208318862278
M5S0024,carbonate,24,enhanced,d18O_SO4,0.10041716084914361,0.09864860603795284,-0.0017685548111907728
M5S0024,carbonate,24,enhanced,d15N_NO3,0.09705424687876393,0.09621613003924431,-0.0008381168395196203
M5S0024,carbonate,24,enhanced,d18O_NO3,0.14365849358281252,0.14151329916029878,-0.0021451944225137354
M5S0025,carbonate,25,plus_lite,SiO2,0.0,0.000376365950043883,0.000376365950043883
M5S0025,carbonate,25,plus_lite,Sr,0.012002985325474759,0.012927509550823396,0.0009245242253486368
M5S0025,carbonate,25,plus_lite,water_isotope_evaporation,0.0,-0.0005653246268320323,-0.0005653246268320323
M5S0025,carbonate,25,enhanced,SiO2,0.0,0.0016868734325940612,0.0016868734325940612
M5S0025,carbonate,25,enhanced,Sr,0.012002985325474759,0.012099695720876099,9.671039540134e-05
M5S0025,carbonate,25,enhanced,water_isotope_evaporation,0.0,-0.00019331467614506554,-0.00019331467614506554
M5S0025,carbonate,25,enhanced,Br,0.0,-0.0004542694124237154,-0.0004542694124237154
M5S0025,carbonate,25,enhanced,DO,-0.05619238946231326,-0.05503581121733029,0.0011565782449829698
M5S0025,carbonate,25,enhanced,DOC,0.06421987367121516,0.06343917800380923,-0.000780695667405934
M5S0025,carbonate,25,enhanced,d34S_SO4,0.0,0.001251684816514262,0.001251684816514262
M5S0025,carbonate,25,enhanced,d18O_SO4,0.0,-0.00014492565827109756,-0.00014492565827109756
M5S0025,carbonate,25,enhanced,d15N_NO3,0.030097100237441,0.029908856076287245,-0.00018824416115375414
M5S0025,carbonate,25,enhanced,d18O_NO3,0.11662879792436387,0.1131132140224017,-0.0035155839019621743
M5S0026,carbonate,26,plus_lite,SiO2,0.0,-0.0002364215636994852,-0.0002364215636994852
M5S0026,carbonate,26,plus_lite,Sr,-0.06789473663075736,-0.07131601646144443,-0.003421279830687074
M5S0026,carbonate,26,plus_lite,water_isotope_evaporation,0.0,0.00010998885970203706,0.00010998885970203706
M5S0026,carbonate,26,enhanced,SiO2,0.0,-2.9553804101989752e-05,-2.9553804101989752e-05
M5S0026,carbonate,26,enhanced,Sr,-0.06789473663075736,-0.06775539912957922,0.00013933750117814392
M5S0026,carbonate,26,enhanced,water_isotope_evaporation,0.0,-0.0021193553151838537,-0.0021193553151838537
M5S0026,carbonate,26,enhanced,Br,0.0,-0.0005736985518887403,-0.0005736985518887403
M5S0026,carbonate,26,enhanced,DO,0.0,0.00030447975855854364,0.00030447975855854364
M5S0026,carbonate,26,enhanced,DOC,0.0,-0.00018949608407098302,-0.00018949608407098302
M5S0026,carbonate,26,enhanced,d34S_SO4,0.0,-0.00022364905720595913,-0.00022364905720595913
M5S0026,carbonate,26,enhanced,d18O_SO4,0.0,0.0002485123394956269,0.0002485123394956269
M5S0026,carbonate,26,enhanced,d15N_NO3,0.0,0.0008186435491516563,0.0008186435491516563
M5S0026,carbonate,26,enhanced,d18O_NO3,0.0,0.00010881101718241093,0.00010881101718241093
M5S0027,carbonate,27,plus_lite,SiO2,0.0,-0.0013912705653456022,-0.0013912705653456022
M5S0027,carbonate,27,plus_lite,Sr,-0.07204297871388465,-0.06888266715082678,0.003160311563057877
M5S0027,carbonate,27,plus_lite,water_isotope_evaporation,0.0,0.00013765068199941743,0.00013765068199941743
M5S0027,carbonate,27,enhanced,SiO2,0.0,0.0003451867877923425,0.0003451867877923425
M5S0027,carbonate,27,enhanced,Sr,-0.07204297871388465,-0.07293612365469322,-0.0008931449408085684
M5S0027,carbonate,27,enhanced,water_isotope_evaporation,0.0,-0.00017021851984458082,-0.00017021851984458082
M5S0027,carbonate,27,enhanced,Br,0.0,0.00034990565560153727,0.00034990565560153727
M5S0027,carbonate,27,enhanced,DO,0.0,3.4157843701942984e-05,3.4157843701942984e-05
M5S0027,carbonate,27,enhanced,DOC,0.0,-0.0011641162716064968,-0.0011641162716064968
M5S0027,carbonate,27,enhanced,d34S_SO4,0.0,0.0005987695105140926,0.0005987695105140926
M5S0027,carbonate,27,enhanced,d18O_SO4,0.0,0.0006637263129520038,0.0006637263129520038
M5S0027,carbonate,27,enhanced,d15N_NO3,-0.08751895526991404,-0.09467786056550764,-0.007158905295593598
M5S0027,carbonate,27,enhanced,d18O_NO3,0.10696761199656162,0.10840966100364895,0.0014420490070873315
M5S0028,carbonate,28,plus_lite,SiO2,0.0,-3.890614785613331e-05,-3.890614785613331e-05
M5S0028,carbonate,28,plus_lite,Sr,0.1519007780181988,0.14303391541811997,-0.008866862600078823
M5S0028,carbonate,28,plus_lite,water_isotope_evaporation,0.0,-0.0008971600479630464,-0.0008971600479630464
M5S0028,carbonate,28,enhanced,SiO2,0.0,0.0005470810011712659,0.0005470810011712659
M5S0028,carbonate,28,enhanced,Sr,0.1519007780181988,0.15028454624367255,-0.0016162317745262444
M5S0028,carbonate,28,enhanced,water_isotope_evaporation,0.0,0.000287100612639859,0.000287100612639859
M5S0028,carbonate,28,enhanced,Br,0.0,-6.256640530637258e-05,-6.256640530637258e-05
M5S0028,carbonate,28,enhanced,DO,0.0,-0.00019859948872954082,-0.00019859948872954082
M5S0028,carbonate,28,enhanced,DOC,0.0,-7.248749149785248e-05,-7.248749149785248e-05
M5S0028,carbonate,28,enhanced,d34S_SO4,0.0,0.00015404550148114557,0.00015404550148114557
M5S0028,carbonate,28,enhanced,d18O_SO4,0.0,-0.0007338898390195997,-0.0007338898390195997
M5S0028,carbonate,28,enhanced,d15N_NO3,-0.14545619564720322,-0.14526392561306867,0.00019227003413455068
M5S0028,carbonate,28,enhanced,d18O_NO3,0.17777979467991506,0.17978747300472397,0.0020076783248089147
M5S0029,carbonate,29,plus_lite,SiO2,0.0,7.455295280057401e-05,7.455295280057401e-05
M5S0029,carbonate,29,plus_lite,Sr,0.08674879600797905,0.0863856401182774,-0.0003631558897016496
M5S0029,carbonate,29,plus_lite,water_isotope_evaporation,0.0,2.0530329993009662e-05,2.0530329993009662e-05
M5S0029,carbonate,29,enhanced,SiO2,0.0,0.0007331027544461488,0.0007331027544461488
M5S0029,carbonate,29,enhanced,Sr,0.08674879600797905,0.08865070639142501,0.0019019103834459622
M5S0029,carbonate,29,enhanced,water_isotope_evaporation,0.0,-0.00016887649357497355,-0.00016887649357497355
M5S0029,carbonate,29,enhanced,Br,0.0,0.00012845612836599022,0.00012845612836599022
M5S0029,carbonate,29,enhanced,DO,0.0,4.889074600387454e-05,4.889074600387454e-05
M5S0029,carbonate,29,enhanced,DOC,0.0,-0.0005283082180392635,-0.0005283082180392635
M5S0029,carbonate,29,enhanced,d34S_SO4,0.0,-4.294118566067356e-05,-4.294118566067356e-05
M5S0029,carbonate,29,enhanced,d18O_SO4,0.0,-0.0009957293511955359,-0.0009957293511955359
M5S0029,carbonate,29,enhanced,d15N_NO3,-0.054186042215778184,-0.05572746552850384,-0.001541423312725658
M5S0029,carbonate,29,enhanced,d18O_NO3,0.06622738493039557,0.06795258604082963,0.0017252011104340603
M5S0030,carbonate,30,plus_lite,SiO2,0.0,0.0006909239105785445,0.0006909239105785445
M5S0030,carbonate,30,plus_lite,Sr,0.17076157512059145,0.17430775042672075,0.003546175306129301
M5S0030,carbonate,30,plus_lite,water_isotope_evaporation,0.03091265737288813,0.031723014849479314,0.0008103574765911843
M5S0030,carbonate,30,enhanced,SiO2,0.0,0.00036137517608383777,0.00036137517608383777
M5S0030,carbonate,30,enhanced,Sr,0.17076157512059145,0.1742684683850197,0.0035068932644282402
M5S0030,carbonate,30,enhanced,water_isotope_evaporation,0.03091265737288813,0.03125751202718677,0.0003448546542986382
M5S0030,carbonate,30,enhanced,Br,0.0,0.0013582749718484691,0.0013582749718484691
M5S0030,carbonate,30,enhanced,DO,-0.10276104286568391,-0.10289997434314331,-0.00013893147745940027
M5S0030,carbonate,30,enhanced,DOC,0.11744119184649592,0.11730595462099007,-0.0001352372255058465
M5S0030,carbonate,30,enhanced,d34S_SO4,-0.13395484861584858,-0.1385851035297365,-0.00463025491388791
M5S0030,carbonate,30,enhanced,d18O_SO4,0.15456328686444065,0.15622662694596404,0.0016633400815233845
M5S0030,carbonate,30,enhanced,d15N_NO3,0.10919942461157475,0.10806814089356462,-0.0011312837180101343
M5S0030,carbonate,30,enhanced,d18O_NO3,0.1470879948858155,0.1453171346412967,-0.001770860244518807
M5S0031,carbonate,31,plus_lite,SiO2,0.0,0.00011199701590976216,0.00011199701590976216
M5S0031,carbonate,31,plus_lite,Sr,-0.12962756854743857,-0.1287366905178191,0.0008908780296194574
M5S0031,carbonate,31,plus_lite,water_isotope_evaporation,0.0,-0.0008337194398091537,-0.0008337194398091537
M5S0031,carbonate,31,enhanced,SiO2,0.0,-0.0003483793270927601,-0.0003483793270927601
M5S0031,carbonate,31,enhanced,Sr,-0.12962756854743857,-0.12441479956590823,0.005212768981530336
M5S0031,carbonate,31,enhanced,water_isotope_evaporation,0.0,3.7450577762253075e-05,3.7450577762253075e-05
M5S0031,carbonate,31,enhanced,Br,0.0,-0.0007364118501373347,-0.0007364118501373347
M5S0031,carbonate,31,enhanced,DO,0.0,-0.00014001028575794076,-0.00014001028575794076
M5S0031,carbonate,31,enhanced,DOC,0.0,-0.0006625468082796944,-0.0006625468082796944
M5S0031,carbonate,31,enhanced,d34S_SO4,0.0,0.001524485000844269,0.001524485000844269
M5S0031,carbonate,31,enhanced,d18O_SO4,0.0,0.0001618821182266843,0.0001618821182266843
M5S0031,carbonate,31,enhanced,d15N_NO3,0.0,-0.0006643323506474534,-0.0006643323506474534
M5S0031,carbonate,31,enhanced,d18O_NO3,0.0,-0.001081365872981553,-0.001081365872981553
M5S0032,carbonate,32,plus_lite,SiO2,0.0,-0.0001637909639394295,-0.0001637909639394295
M5S0032,carbonate,32,plus_lite,Sr,0.0,0.0003714132943165608,0.0003714132943165608
M5S0032,carbonate,32,plus_lite,water_isotope_evaporation,0.0,-0.0004938370940425404,-0.0004938370940425404
M5S0032,carbonate,32,enhanced,SiO2,0.0,0.00043392835420037556,0.00043392835420037556
M5S0032,carbonate,32,enhanced,Sr,0.0,-0.00019805374511229566,-0.00019805374511229566
M5S0032,carbonate,32,enhanced,water_isotope_evaporation,0.0,0.00011162505468227309,0.00011162505468227309
M5S0032,carbonate,32,enhanced,Br,0.0,-0.0003315842749425169,-0.0003315842749425169
M5S0032,carbonate,32,enhanced,DO,0.0,0.0006142507926084735,0.0006142507926084735
M5S0032,carbonate,32,enhanced,DOC,0.0,0.0004923126165907045,0.0004923126165907045
M5S0032,carbonate,32,enhanced,d34S_SO4,0.0,-0.000755760835902033,-0.000755760835902033
M5S0032,carbonate,32,enhanced,d18O_SO4,0.0,-0.001241847651572019,-0.001241847651572019
M5S0032,carbonate,32,enhanced,d15N_NO3,-0.06515188964009148,-0.0646439792349366,0.0005079104051548822
M5S0032,carbonate,32,enhanced,d18O_NO3,0.0796300873378896,0.07722614865636046,-0.002403938681529133
M5S0033,carbonate,33,plus_lite,SiO2,0.0,0.0008241503336208818,0.0008241503336208818
M5S0033,carbonate,33,plus_lite,Sr,0.06571784073193994,0.0641462575737068,-0.0015715831582331363
M5S0033,carbonate,33,plus_lite,water_isotope_evaporation,0.0,0.0006604074524401849,0.0006604074524401849
M5S0033,carbonate,33,enhanced,SiO2,0.0,-0.00037761650343217767,-0.00037761650343217767
M5S0033,carbonate,33,enhanced,Sr,0.06571784073193994,0.063974611667388,-0.0017432290645519322
M5S0033,carbonate,33,enhanced,water_isotope_evaporation,0.0,0.0007305955288611092,0.0007305955288611092
M5S0033,carbonate,33,enhanced,Br,0.0,-0.0003667916262547392,-0.0003667916262547392
M5S0033,carbonate,33,enhanced,DO,0.0,0.0003885961013007505,0.0003885961013007505
M5S0033,carbonate,33,enhanced,DOC,0.0,0.00035393337817518676,0.00035393337817518676
M5S0033,carbonate,33,enhanced,d34S_SO4,0.0,-0.0001126265229789173,-0.0001126265229789173
M5S0033,carbonate,33,enhanced,d18O_SO4,0.0,0.00047183313673592456,0.00047183313673592456
M5S0033,carbonate,33,enhanced,d15N_NO3,-0.04938680213983088,-0.04827867471295622,0.001108127426874661
M5S0033,carbonate,33,enhanced,d18O_NO3,0.0603616470597933,0.06170907380644795,0.0013474267466546536
M5S0034,carbonate,34,plus_lite,SiO2,0.0,-0.000507408674472237,-0.000507408674472237
M5S0034,carbonate,34,plus_lite,Sr,0.20497689963610577,0.20887530692285922,0.003898407286753447
M5S0034,carbonate,34,plus_lite,water_isotope_evaporation,0.03755522082828571,0.03515566181775707,-0.002399559010528643
M5S0034,carbonate,34,enhanced,SiO2,0.0,-5.7370740981623954e-05,-5.7370740981623954e-05
M5S0034,carbonate,34,enhanced,Sr,0.20497689963610577,0.20253355970086387,-0.0024433399352419005
M5S0034,carbonate,34,enhanced,water_isotope_evaporation,0.03755522082828571,0.03707937621466162,-0.0004758446136240921
M5S0034,carbonate,34,enhanced,Br,0.0,-0.00010840444561152443,-0.00010840444561152443
M5S0034,carbonate,34,enhanced,DO,0.0,-0.0005401023466921501,-0.0005401023466921501
M5S0034,carbonate,34,enhanced,DOC,0.0,-0.0007028398607911258,-0.0007028398607911258
M5S0034,carbonate,34,enhanced,d34S_SO4,-0.16273929025590475,-0.15954029375058604,0.003198996505318713
M5S0034,carbonate,34,enhanced,d18O_SO4,0.18777610414142853,0.18761603643691305,-0.00016006770451548746
M5S0034,carbonate,34,enhanced,d15N_NO3,-0.15492916183799785,-0.15773945861337357,-0.0028102967753757258
M5S0034,carbonate,34,enhanced,d18O_NO3,0.18935786446866404,0.18484457402139295,-0.004513290447271084
M5S0035,carbonate,35,plus_lite,SiO2,0.0,-0.0007741222103180366,-0.0007741222103180366
M5S0035,carbonate,35,plus_lite,Sr,-0.13086590198689663,-0.12815560473737242,0.0027102972495242073
M5S0035,carbonate,35,plus_lite,water_isotope_evaporation,0.013654198032908226,0.013446940161784004,-0.000207257871124222
M5S0035,carbonate,35,enhanced,SiO2,0.0,4.786737348975279e-05,4.786737348975279e-05
M5S0035,carbonate,35,enhanced,Sr,-0.13086590198689663,-0.12710865370368207,0.0037572482832145537
M5S0035,carbonate,35,enhanced,water_isotope_evaporation,0.013654198032908226,0.013067433551412374,-0.0005867644814958519
M5S0035,carbonate,35,enhanced,Br,0.0,-0.0005027316322569218,-0.0005027316322569218
M5S0035,carbonate,35,enhanced,DO,-0.06595273812504084,-0.06340742144184279,0.0025453166831980456
M5S0035,carbonate,35,enhanced,DOC,0.07537455785718955,0.07579536283936292,0.00042080498217336726
M5S0035,carbonate,35,enhanced,d34S_SO4,-0.059168191475935654,-0.058624835276898,0.0005433561990376562
M5S0035,carbonate,35,enhanced,d18O_SO4,0.06827099016454113,0.0682448444464849,-2.6145718056230782e-05
M5S0035,carbonate,35,enhanced,d15N_NO3,-0.0007734670980634462,-0.00048262938004233196,0.0002908377180211142
M5S0035,carbonate,35,enhanced,d18O_NO3,0.18100679244536366,0.17494400411210578,-0.006062788333257879
M5S0036,carbonate,36,plus_lite,SiO2,0.0,-0.0004996056322982363,-0.0004996056322982363
M5S0036,carbonate,36,plus_lite,Sr,0.017453909628367965,0.017748777682704324,0.00029486805433635854
M5S0036,carbonate,36,plus_lite,water_isotope_evaporation,0.013090432221275972,0.01369033255890551,0.0005999003376295376
M5S0036,carbonate,36,enhanced,SiO2,0.0,0.0008664788298457942,0.0008664788298457942
M5S0036,carbonate,36,enhanced,Sr,0.017453909628367965,0.016735325151532986,-0.000718584476834979
M5S0036,carbonate,36,enhanced,water_isotope_evaporation,0.013090432221275972,0.012535005739597685,-0.000555426481678287
M5S0036,carbonate,36,enhanced,Br,0.0,-0.000757042065474151,-0.000757042065474151
M5S0036,carbonate,36,enhanced,DO,0.0,0.00017944473164296912,0.00017944473164296912
M5S0036,carbonate,36,enhanced,DOC,0.0,0.00013307251648781015,0.00013307251648781015
M5S0036,carbonate,36,enhanced,d34S_SO4,-0.056725206292195886,-0.05908040465626185,-0.0023551983640659677
M5S0036,carbonate,36,enhanced,d18O_SO4,0.06545216110637986,0.06694754441718791,0.0014953833108080489
M5S0036,carbonate,36,enhanced,d15N_NO3,0.0,0.00034128166413365343,0.00034128166413365343
M5S0036,carbonate,36,enhanced,d18O_NO3,0.0,-0.00040991948132873985,-0.00040991948132873985
M5S0037,carbonate,37,plus_lite,SiO2,0.0,-0.0005061117243338481,-0.0005061117243338481
M5S0037,carbonate,37,plus_lite,Sr,-0.0545746348478059,-0.05180208866725925,0.002772546180546648
M5S0037,carbonate,37,plus_lite,water_isotope_evaporation,0.0,-0.001124753929878421,-0.001124753929878421
M5S0037,carbonate,37,enhanced,SiO2,0.0,0.00037855080140087444,0.00037855080140087444
M5S0037,carbonate,37,enhanced,Sr,-0.0545746348478059,-0.05308521823871229,0.0014894166090936092
M5S0037,carbonate,37,enhanced,water_isotope_evaporation,0.0,-1.5244405651209868e-05,-1.5244405651209868e-05
M5S0037,carbonate,37,enhanced,Br,0.0,7.820356710832228e-05,7.820356710832228e-05
M5S0037,carbonate,37,enhanced,DO,-0.07169338684233005,-0.072889028970199,-0.0011956421278689483
M5S0037,carbonate,37,enhanced,DOC,0.08193529924837722,0.0818505112260273,-8.478802234992977e-05
M5S0037,carbonate,37,enhanced,d34S_SO4,0.0,-0.0005287798295360353,-0.0005287798295360353
M5S0037,carbonate,37,enhanced,d18O_SO4,0.0,-1.8992082138238187e-05,-1.8992082138238187e-05
M5S0037,carbonate,37,enhanced,d15N_NO3,0.09729816785744794,0.09231723643231442,-0.00498093142513352
M5S0037,carbonate,37,enhanced,d18O_NO3,0.07681434304535364,0.0735386731494328,-0.0032756698959208463
M5S0038,carbonate,38,plus_lite,SiO2,0.0,-0.00012175316288317755,-0.00012175316288317755
M5S0038,carbonate,38,plus_lite,Sr,0.043296150037303194,0.04466029671525181,0.0013641466779486175
M5S0038,carbonate,38,plus_lite,water_isotope_evaporation,-0.02119640786774691,-0.021509262907350737,-0.00031285503960382793
M5S0038,carbonate,38,enhanced,SiO2,0.0,-0.0007967510508617136,-0.0007967510508617136
M5S0038,carbonate,38,enhanced,Sr,0.043296150037303194,0.04175109620009485,-0.001545053837208342
M5S0038,carbonate,38,enhanced,water_isotope_evaporation,-0.02119640786774691,-0.02154681040586229,-0.0003504025381153818
M5S0038,carbonate,38,enhanced,Br,0.0,-0.00015477351338451904,-0.00015477351338451904
M5S0038,carbonate,38,enhanced,DO,0.0,-0.00039037824461843416,-0.00039037824461843416
M5S0038,carbonate,38,enhanced,DOC,0.0,0.0002099197332294996,0.0002099197332294996
M5S0038,carbonate,38,enhanced,d34S_SO4,0.09185110076023661,0.09001829027447457,-0.0018328104857620459
M5S0038,carbonate,38,enhanced,d18O_SO4,-0.10598203933873454,-0.10849402335587481,-0.00251198401714027
M5S0038,carbonate,38,enhanced,d15N_NO3,-0.07951682498564808,-0.08014217412177867,-0.0006253491361305902
M5S0038,carbonate,38,enhanced,d18O_NO3,0.09718723053801433,0.09460314587069626,-0.0025840846673180623
M5S0039,carbonate,39,plus_lite,SiO2,0.0,0.0005235083320669045,0.0005235083320669045
M5S0039,carbonate,39,plus_lite,Sr,-0.06063484157452542,-0.05976545793009325,0.0008693836444321687
M5S0039,carbonate,39,plus_lite,water_isotope_evaporation,0.017101446660754364,0.016717278701665988,-0.0003841679590883759
M5S0039,carbonate,39,enhanced,SiO2,0.0,-8.303746366151146e-05,-8.303746366151146e-05
M5S0039,carbonate,39,enhanced,Sr,-0.06063484157452542,-0.06564195679003855,-0.005007115215513128
M5S0039,carbonate,39,enhanced,water_isotope_evaporation,0.017101446660754364,0.01714973673986795,4.8290079113586654e-05
M5S0039,carbonate,39,enhanced,Br,0.0,0.000333771619952503,0.000333771619952503
M5S0039,carbonate,39,enhanced,DO,-0.046331498601127064,-0.04727181906392602,-0.0009403204627989534
M5S0039,carbonate,39,enhanced,DOC,0.05295028411557379,0.05226439600386435,-0.0006858881117094359
M5S0039,carbonate,39,enhanced,d34S_SO4,-0.0741062688632689,-0.06912538560828171,0.0049808832549871895
M5S0039,carbonate,39,enhanced,d18O_SO4,0.08550723330377182,0.08531620458772131,-0.00019102871605050642
M5S0039,carbonate,39,enhanced,d15N_NO3,0.06287846238724387,0.061814909610200953,-0.0010635527770429185
M5S0039,carbonate,39,enhanced,d18O_NO3,0.049640891358350425,0.04944961293417282,-0.00019127842417760582
M5S0040,carbonate,40,plus_lite,SiO2,0.0,-0.00043591995882724877,-0.00043591995882724877
M5S0040,carbonate,40,plus_lite,Sr,-0.01951535312812406,-0.02009017554375054,-0.0005748224156264803
M5S0040,carbonate,40,plus_lite,water_isotope_evaporation,0.016737819855142638,0.017424604448555002,0.0006867845934123637
M5S0040,carbonate,40,enhanced,SiO2,0.0,-0.0006871402188310985,-0.0006871402188310985
M5S0040,carbonate,40,enhanced,Sr,-0.01951535312812406,-0.019228468046483736,0.0002868850816403236
M5S0040,carbonate,40,enhanced,water_isotope_evaporation,0.016737819855142638,0.0165834554103732,-0.00015436444476943714
M5S0040,carbonate,40,enhanced,Br,0.0,-7.90188932487204e-06,-7.90188932487204e-06
M5S0040,carbonate,40,enhanced,DO,-0.07499819411286728,-0.07615014249871498,-0.0011519483858477009
M5S0040,carbonate,40,enhanced,DOC,0.0857122218432769,0.08961202909219597,0.003899807248919071
M5S0040,carbonate,40,enhanced,d34S_SO4,-0.0725305527056181,-0.06971777579869343,0.002812776906924677
M5S0040,carbonate,40,enhanced,d18O_SO4,0.08368909927571319,0.08450727776265726,0.0008181784869440711
M5S0040,carbonate,40,enhanced,d15N_NO3,0.10178326343889131,0.10230052614251696,0.0005172627036256483
M5S0040,carbonate,40,enhanced,d18O_NO3,0.08035520797807208,0.08075484109124471,0.0003996331131726344
M5S0041,carbonate,41,plus_lite,SiO2,0.0,-0.0004321526842222009,-0.0004321526842222009
M5S0041,carbonate,41,plus_lite,Sr,0.0,-0.00032444560501595045,-0.00032444560501595045
M5S0041,carbonate,41,plus_lite,water_isotope_evaporation,0.0,-0.0003201385551448222,-0.0003201385551448222
M5S0041,carbonate,41,enhanced,SiO2,0.0,-0.0007457411170230392,-0.0007457411170230392
M5S0041,carbonate,41,enhanced,Sr,0.0,0.0010632401333358738,0.0010632401333358738
M5S0041,carbonate,41,enhanced,water_isotope_evaporation,0.0,0.0004278766016681728,0.0004278766016681728
M5S0041,carbonate,41,enhanced,Br,0.0,4.53087552742325e-05,4.53087552742325e-05
M5S0041,carbonate,41,enhanced,DO,0.0,-0.00017516460053811317,-0.00017516460053811317
M5S0041,carbonate,41,enhanced,DOC,0.0,0.00045994798671670714,0.00045994798671670714
M5S0041,carbonate,41,enhanced,d34S_SO4,0.0,0.0005879184627260773,0.0005879184627260773
M5S0041,carbonate,41,enhanced,d18O_SO4,0.0,0.0006732753617300906,0.0006732753617300906
M5S0041,carbonate,41,enhanced,d15N_NO3,-0.1495670442243059,-0.15120667735941648,-0.0016396331351105908
M5S0041,carbonate,41,enhanced,d18O_NO3,0.18280416516304054,0.1807430998390803,-0.0020610653239602483
M5S0042,carbonate,42,plus_lite,SiO2,0.0,0.0001967780368228378,0.0001967780368228378
M5S0042,carbonate,42,plus_lite,Sr,0.0,0.0002427614393657799,0.0002427614393657799
M5S0042,carbonate,42,plus_lite,water_isotope_evaporation,0.0,0.00018423501825376985,0.00018423501825376985
M5S0042,carbonate,42,enhanced,SiO2,0.0,-0.0010212287878224042,-0.0010212287878224042
M5S0042,carbonate,42,enhanced,Sr,0.0,-0.0003790891539787387,-0.0003790891539787387
M5S0042,carbonate,42,enhanced,water_isotope_evaporation,0.0,0.0005105021355929889,0.0005105021355929889
M5S0042,carbonate,42,enhanced,Br,0.0,-2.134131116351368e-06,-2.134131116351368e-06
M5S0042,carbonate,42,enhanced,DO,0.0,-0.0006833962707150823,-0.0006833962707150823
M5S0042,carbonate,42,enhanced,DOC,0.0,0.0005387442603713947,0.0005387442603713947
M5S0042,carbonate,42,enhanced,d34S_SO4,0.0,0.00017018815170006862,0.00017018815170006862
M5S0042,carbonate,42,enhanced,d18O_SO4,0.0,2.724777644173666e-06,2.724777644173666e-06
M5S0042,carbonate,42,enhanced,d15N_NO3,-0.05956825636793335,-0.06132000930743386,-0.0017517529395005074
M5S0042,carbonate,42,enhanced,d18O_NO3,0.07280564667191855,0.0732849161400737,0.00047926946815514404
M5S0043,carbonate,43,plus_lite,SiO2,0.0,-2.737097078238369e-05,-2.737097078238369e-05
M5S0043,carbonate,43,plus_lite,Sr,0.19594248089019894,0.19526354788505706,-0.0006789330051418796
M5S0043,carbonate,43,plus_lite,water_isotope_evaporation,0.03279234414401249,0.03306538111224749,0.00027303696823499646
M5S0043,carbonate,43,enhanced,SiO2,0.0,-0.0005983652807483772,-0.0005983652807483772
M5S0043,carbonate,43,enhanced,Sr,0.19594248089019894,0.18945157111227665,-0.006490909777922299
M5S0043,carbonate,43,enhanced,water_isotope_evaporation,0.03279234414401249,0.03223257075643712,-0.0005597733875753672
M5S0043,carbonate,43,enhanced,Br,0.0,-8.230786117861569e-05,-8.230786117861569e-05
M5S0043,carbonate,43,enhanced,DO,-0.05573147039907126,-0.055808539388760715,-7.706898968945497e-05
M5S0043,carbonate,43,enhanced,DOC,0.06369310902751002,0.06550445180699188,0.0018113427794818615
M5S0043,carbonate,43,enhanced,d34S_SO4,-0.14210015795738748,-0.14969664220742676,-0.0075964842500392815
M5S0043,carbonate,43,enhanced,d18O_SO4,0.1639617207200625,0.1672870863394523,0.003325365619389814
M5S0043,carbonate,43,enhanced,d15N_NO3,0.07563556697016814,0.07860634149781993,0.0029707745276517927
M5S0043,carbonate,43,enhanced,d18O_NO3,0.059712289713290644,0.05798281870198151,-0.0017294710113091305
M5S0044,carbonate,44,plus_lite,SiO2,0.0,-0.0007221122343955425,-0.0007221122343955425
M5S0044,carbonate,44,plus_lite,Sr,0.027539972575341794,0.025967236618942777,-0.0015727359563990177
M5S0044,carbonate,44,plus_lite,water_isotope_evaporation,0.020654979431506345,0.020605330831917016,-4.9648599589328934e-05
M5S0044,carbonate,44,enhanced,SiO2,0.0,0.00020112001993610355,0.00020112001993610355
M5S0044,carbonate,44,enhanced,Sr,0.027539972575341794,0.026924666827566862,-0.0006153057477749323
M5S0044,carbonate,44,enhanced,water_isotope_evaporation,0.020654979431506345,0.021512490133859734,0.0008575107023533896
M5S0044,carbonate,44,enhanced,Br,0.0,-5.926337351368112e-05,-5.926337351368112e-05
M5S0044,carbonate,44,enhanced,DO,-0.08995143530919247,-0.08906948787626659,0.0008819474329258836
M5S0044,carbonate,44,enhanced,DOC,0.10280164035336284,0.10347160409602693,0.0006699637426640925
M5S0044,carbonate,44,enhanced,d34S_SO4,-0.08950491086986083,-0.0910436011689875,-0.001538690299126677
M5S0044,carbonate,44,enhanced,d18O_SO4,0.10327489715753171,0.10588405238079587,0.002609155223264159
M5S0044,carbonate,44,enhanced,d15N_NO3,0.06772720749979808,0.06487393064158659,-0.00285327685821149
M5S0044,carbonate,44,enhanced,d18O_NO3,0.16280399834439135,0.16266209551186245,-0.00014190283252890623
M5S0045,carbonate,45,plus_lite,SiO2,0.0,-0.00010952525463970759,-0.00010952525463970759
M5S0045,carbonate,45,plus_lite,Sr,-0.10477333453711263,-0.10242258021596713,0.0023507543211454957
M5S0045,carbonate,45,plus_lite,water_isotope_evaporation,0.01569398989461892,0.014866102765696613,-0.0008278871289223062
M5S0045,carbonate,45,enhanced,SiO2,0.0,4.3123087365927854e-05,4.3123087365927854e-05
M5S0045,carbonate,45,enhanced,Sr,-0.10477333453711263,-0.10206549446318364,0.002707840073928991
M5S0045,carbonate,45,enhanced,water_isotope_evaporation,0.01569398989461892,0.015523749644992438,-0.00017024024962648127
M5S0045,carbonate,45,enhanced,Br,0.0,-0.00019236134783070868,-0.00019236134783070868
M5S0045,carbonate,45,enhanced,DO,-0.10216456035407372,-0.1029098216095373,-0.0007452612554635779
M5S0045,carbonate,45,enhanced,DOC,0.11675949754751283,0.1135563643250837,-0.0032031332224291276
M5S0045,carbonate,45,enhanced,d34S_SO4,-0.06800728954334866,-0.06809661982691256,-8.933028356390704e-05
M5S0045,carbonate,45,enhanced,d18O_SO4,0.0784699494730946,0.08257559601579892,0.0041056465427043165
M5S0045,carbonate,45,enhanced,d15N_NO3,0.08576687825495086,0.08520235066618476,-0.0005645275887661005
M5S0045,carbonate,45,enhanced,d18O_NO3,0.174099281829674,0.1754110101429725,0.0013117283132985103
M5S0046,carbonate,46,plus_lite,SiO2,0.0,-0.001746708986383574,-0.001746708986383574
M5S0046,carbonate,46,plus_lite,Sr,-0.038551421840416863,-0.03797491177331476,0.000576510067102104
M5S0046,carbonate,46,plus_lite,water_isotope_evaporation,-0.028913566380312644,-0.027127933636953566,0.001785632743359078
M5S0046,carbonate,46,enhanced,SiO2,0.0,-0.00016731824552346442,-0.00016731824552346442
M5S0046,carbonate,46,enhanced,Sr,-0.038551421840416863,-0.04002857343349539,-0.0014771515930785267
M5S0046,carbonate,46,enhanced,water_isotope_evaporation,-0.028913566380312644,-0.028599615360769142,0.00031395101954350205
M5S0046,carbonate,46,enhanced,Br,0.0,0.0008399841895273726,0.0008399841895273726
M5S0046,carbonate,46,enhanced,DO,0.0,-0.0002595307469157836,-0.0002595307469157836
M5S0046,carbonate,46,enhanced,DOC,0.0,-0.00017005453947639161,-0.00017005453947639161
M5S0046,carbonate,46,enhanced,d34S_SO4,0.1252921209813548,0.12541001467892054,0.0001178936975657352
M5S0046,carbonate,46,enhanced,d18O_SO4,-0.14456783190156322,-0.14458957188871593,-2.1739987152713525e-05
M5S0046,carbonate,46,enhanced,d15N_NO3,0.0,-0.0015780796201227826,-0.0015780796201227826
M5S0046,carbonate,46,enhanced,d18O_NO3,0.0,-0.0019309599484863141,-0.0019309599484863141
M5S0047,carbonate,47,plus_lite,SiO2,0.0,-0.0005958204059646925,-0.0005958204059646925
M5S0047,carbonate,47,plus_lite,Sr,0.10116871365921917,0.10211490515375646,0.0009461914945372851
M5S0047,carbonate,47,plus_lite,water_isotope_evaporation,0.03521124470695595,0.03604381508902353,0.0008325703820675837
M5S0047,carbonate,47,enhanced,SiO2,0.0,0.0013122227850759117,0.0013122227850759117
M5S0047,carbonate,47,enhanced,Sr,0.10116871365921917,0.09738690870957559,-0.0037818049496435857
M5S0047,carbonate,47,enhanced,water_isotope_evaporation,0.03521124470695595,0.03461216917156689,-0.000599075535389057
M5S0047,carbonate,47,enhanced,Br,0.0,0.00021265748839183093,0.00021265748839183093
M5S0047,carbonate,47,enhanced,DO,0.0,0.0006503967850159627,0.0006503967850159627
M5S0047,carbonate,47,enhanced,DOC,0.0,0.0012751809499738185,0.0012751809499738185
M5S0047,carbonate,47,enhanced,d34S_SO4,-0.1525820603968091,-0.15069874406869896,0.0018833163281101462
M5S0047,carbonate,47,enhanced,d18O_SO4,0.17605622353477973,0.18030131766429772,0.0042450941295179845
M5S0047,carbonate,47,enhanced,d15N_NO3,0.0,-0.0005762288052577897,-0.0005762288052577897
M5S0047,carbonate,47,enhanced,d18O_NO3,0.0,-0.00037157981894309257,-0.00037157981894309257
M5S0048,carbonate,48,plus_lite,SiO2,0.0,-0.00038558582073341035,-0.00038558582073341035
M5S0048,carbonate,48,plus_lite,Sr,0.09989855766161045,0.10475411449899968,0.004855556837389238
M5S0048,carbonate,48,plus_lite,water_isotope_evaporation,0.0,0.0008060149902088736,0.0008060149902088736
M5S0048,carbonate,48,enhanced,SiO2,0.0,0.00036605817067696854,0.00036605817067696854
M5S0048,carbonate,48,enhanced,Sr,0.09989855766161045,0.10211262086035423,0.0022140631987437875
M5S0048,carbonate,48,enhanced,water_isotope_evaporation,0.0,0.0009496697906859016,0.0009496697906859016
M5S0048,carbonate,48,enhanced,Br,0.0,-0.00027357802342469845,-0.00027357802342469845
M5S0048,carbonate,48,enhanced,DO,-0.09320675380116306,-0.08720412930465443,0.006002624496508624
M5S0048,carbonate,48,enhanced,DOC,0.10652200434418635,0.10507681042311344,-0.0014451939210729098
M5S0048,carbonate,48,enhanced,d34S_SO4,0.0,-0.0003892566588219045,-0.0003892566588219045
M5S0048,carbonate,48,enhanced,d18O_SO4,0.0,-0.0001482043704561873,-0.0001482043704561873
M5S0048,carbonate,48,enhanced,d15N_NO3,0.1264948801587213,0.1328360545873138,0.0063411744285925
M5S0048,carbonate,48,enhanced,d18O_NO3,0.0998643790726747,0.10014987410412172,0.00028549503144702226
M5S0049,carbonate,49,plus_lite,SiO2,0.0,-0.0003853423113178014,-0.0003853423113178014
M5S0049,carbonate,49,plus_lite,Sr,0.20500488465555627,0.20600490135255983,0.0010000166970035584
M5S0049,carbonate,49,plus_lite,water_isotope_evaporation,0.022233570981900992,0.022809389187855387,0.0005758182059543947
M5S0049,carbonate,49,enhanced,SiO2,0.0,0.0006392308202764464,0.0006392308202764464
M5S0049,carbonate,49,enhanced,Sr,0.20500488465555627,0.19357025357306007,-0.011434631082496205
M5S0049,carbonate,49,enhanced,water_isotope_evaporation,0.022233570981900992,0.0218929927833762,-0.00034057819852479146
M5S0049,carbonate,49,enhanced,Br,0.0,4.454198138919301e-06,4.454198138919301e-06
M5S0049,carbonate,49,enhanced,DO,0.0,0.00023808648539232552,0.00023808648539232552
M5S0049,carbonate,49,enhanced,DOC,0.0,0.0006080184604617036,0.0006080184604617036
M5S0049,carbonate,49,enhanced,d34S_SO4,-0.0963454742549043,-0.09261709415541387,0.003728380099490433
M5S0049,carbonate,49,enhanced,d18O_SO4,0.11116785490950495,0.11048801841670487,-0.0006798364928000816
M5S0049,carbonate,49,enhanced,d15N_NO3,0.0,7.526185319329513e-05,7.526185319329513e-05
M5S0049,carbonate,49,enhanced,d18O_NO3,0.0,-0.0005725919933709767,-0.0005725919933709767
M5S0050,carbonate,50,plus_lite,SiO2,0.0,-0.0005972944140047688,-0.0005972944140047688
M5S0050,carbonate,50,plus_lite,Sr,0.15766618059196155,0.16049792442466526,0.0028317438327037092
M5S0050,carbonate,50,plus_lite,water_isotope_evaporation,0.03874176686074595,0.038065638121743454,-0.0006761287390024961
M5S0050,carbonate,50,enhanced,SiO2,0.0,-5.612955280266186e-05,-5.612955280266186e-05
M5S0050,carbonate,50,enhanced,Sr,0.15766618059196155,0.15592017348141182,-0.00174600711054973
M5S0050,carbonate,50,enhanced,water_isotope_evaporation,0.03874176686074595,0.03866949289236948,-7.227396837647393e-05
M5S0050,carbonate,50,enhanced,Br,0.0,0.0014297250136194022,0.0014297250136194022
M5S0050,carbonate,50,enhanced,DO,-0.0793354043545088,-0.08244057874111158,-0.0031051743866027798
M5S0050,carbonate,50,enhanced,DOC,0.09066903354801006,0.09200172989162328,0.0013326963436132155
M5S0050,carbonate,50,enhanced,d34S_SO4,-0.16788098972989912,-0.1636135053088554,0.004267484421043716
M5S0050,carbonate,50,enhanced,d18O_SO4,0.19370883430372976,0.20007048000850852,0.006361645704778762
M5S0050,carbonate,50,enhanced,d15N_NO3,0.06400492507856119,0.06462921686257653,0.0006242917840153378
M5S0050,carbonate,50,enhanced,d18O_NO3,0.13837000504644925,0.12992214198608001,-0.008447863060369237
M5S0051,carbonate,51,plus_lite,SiO2,0.0,-0.00016836276770948013,-0.00016836276770948013
M5S0051,carbonate,51,plus_lite,Sr,0.0,-0.0012519920081911081,-0.0012519920081911081
M5S0051,carbonate,51,plus_lite,water_isotope_evaporation,0.0,-0.001080452419919351,-0.001080452419919351
M5S0051,carbonate,51,enhanced,SiO2,0.0,-0.00027586712963628094,-0.00027586712963628094
M5S0051,carbonate,51,enhanced,Sr,0.0,-0.00036355921123547476,-0.00036355921123547476
M5S0051,carbonate,51,enhanced,water_isotope_evaporation,0.0,-0.0010374799188320304,-0.0010374799188320304
M5S0051,carbonate,51,enhanced,Br,0.0,-0.00024557019643495003,-0.00024557019643495003
M5S0051,carbonate,51,enhanced,DO,-0.028118000992733642,-0.02800191326904714,0.00011608772368650391
M5S0051,carbonate,51,enhanced,DOC,0.03213485827740988,0.030832447570831235,-0.0013024107065786467
M5S0051,carbonate,51,enhanced,d34S_SO4,0.0,-0.000380758695435838,-0.000380758695435838
M5S0051,carbonate,51,enhanced,d18O_SO4,0.0,0.0004017177267325853,0.0004017177267325853
M5S0051,carbonate,51,enhanced,d15N_NO3,0.03816014420442423,0.038783751077380135,0.0006236068729559077
M5S0051,carbonate,51,enhanced,d18O_NO3,0.030126429635071762,0.028451804860750295,-0.0016746247743214676
M5S0052,carbonate,52,plus_lite,SiO2,0.0,0.00012991771188643406,0.00012991771188643406
M5S0052,carbonate,52,plus_lite,Sr,-0.09112555039152934,-0.08871999938146406,0.002405551010065274
M5S0052,carbonate,52,plus_lite,water_isotope_evaporation,0.0,-0.00038764954167838374,-0.00038764954167838374
M5S0052,carbonate,52,enhanced,SiO2,0.0,0.0012799937529740205,0.0012799937529740205
M5S0052,carbonate,52,enhanced,Sr,-0.09112555039152934,-0.08716311006375985,0.00396244032776949
M5S0052,carbonate,52,enhanced,water_isotope_evaporation,0.0,0.0008039710996545484,0.0008039710996545484
M5S0052,carbonate,52,enhanced,Br,0.0,-0.0002647266648028834,-0.0002647266648028834
M5S0052,carbonate,52,enhanced,DO,0.0,-0.00024085564998060848,-0.00024085564998060848
M5S0052,carbonate,52,enhanced,DOC,0.0,-0.0008669155257080819,-0.0008669155257080819
M5S0052,carbonate,52,enhanced,d34S_SO4,0.0,-0.0004778620394537344,-0.0004778620394537344
M5S0052,carbonate,52,enhanced,d18O_SO4,0.0,0.0006019249367198862,0.0006019249367198862
M5S0052,carbonate,52,enhanced,d15N_NO3,-0.1176290078324753,-0.11956725296308136,-0.0019382451306060589
M5S0052,carbonate,52,enhanced,d18O_NO3,0.14376878735080315,0.14531070878086533,0.001541921430062182
M5S0053,carbonate,53,plus_lite,SiO2,0.0,0.0008628006120842513,0.0008628006120842513
M5S0053,carbonate,53,plus_lite,Sr,0.09108529540876112,0.093025503504187,0.0019402080954258744
M5S0053,carbonate,53,plus_lite,water_isotope_evaporation,0.030913337650186255,0.032255107461516615,0.0013417698113303601
M5S0053,carbonate,53,enhanced,SiO2,0.0,4.7009223583196563e-05,4.7009223583196563e-05
M5S0053,carbonate,53,enhanced,Sr,0.09108529540876112,0.09073387789278721,-0.00035141751597390913
M5S0053,carbonate,53,enhanced,water_isotope_evaporation,0.030913337650186255,0.03100165298151251,8.831533132625663e-05
M5S0053,carbonate,53,enhanced,Br,0.0,0.0003956155798216556,0.0003956155798216556
M5S0053,carbonate,53,enhanced,DO,-0.08799993177391709,-0.08947584751149085,-0.0014759157375737603
M5S0053,carbonate,53,enhanced,DOC,0.10057135059876239,0.10648815995311534,0.005916809354352945
M5S0053,carbonate,53,enhanced,d34S_SO4,-0.13395779648414044,-0.12870990926848142,0.005247887215659025
M5S0053,carbonate,53,enhanced,d18O_SO4,0.15456668825093128,0.15029447835494084,-0.0042722098959904475
M5S0053,carbonate,53,enhanced,d15N_NO3,0.11942847883603033,0.12116856104893976,0.00174008221290943
M5S0053,carbonate,53,enhanced,d18O_NO3,0.09428564118633974,0.09442029800572604,0.0001346568193863057
M5S0054,carbonate,54,plus_lite,SiO2,0.0,-0.00017929735312256233,-0.00017929735312256233
M5S0054,carbonate,54,plus_lite,Sr,0.08691379511836061,0.08339584557740551,-0.0035179495409551065
M5S0054,carbonate,54,plus_lite,water_isotope_evaporation,0.0,0.0008655259034907574,0.0008655259034907574
M5S0054,carbonate,54,enhanced,SiO2,0.0,0.0002940760587503157,0.0002940760587503157
M5S0054,carbonate,54,enhanced,Sr,0.08691379511836061,0.09080231728606904,0.003888522167708422
M5S0054,carbonate,54,enhanced,water_isotope_evaporation,0.0,0.0010310753346346147,0.0010310753346346147
M5S0054,carbonate,54,enhanced,Br,0.0,0.0007300594843998303,0.0007300594843998303
M5S0054,carbonate,54,enhanced,DO,-0.02611276428126359,-0.02481131879125229,0.0013014454900112972
M5S0054,carbonate,54,enhanced,DOC,0.02984315917858696,0.03197822993098179,0.00213507075239483
M5S0054,carbonate,54,enhanced,d34S_SO4,0.0,0.00019743382638678277,0.00019743382638678277
M5S0054,carbonate,54,enhanced,d18O_SO4,0.0,-0.0005572995701441001,-0.0005572995701441001
M5S0054,carbonate,54,enhanced,d15N_NO3,-0.09318164548311261,-0.0966769181227079,-0.003495272639595287
M5S0054,carbonate,54,enhanced,d18O_NO3,0.18518066918376205,0.1842830682122387,-0.0008976009715233602
M5S0055,carbonate,55,plus_lite,SiO2,0.0,-0.00010560460093503382,-0.00010560460093503382
M5S0055,carbonate,55,plus_lite,Sr,0.13518053639013933,0.14029554018320575,0.005115003793066425
M5S0055,carbonate,55,plus_lite,water_isotope_evaporation,0.007203511546304463,0.007009595941230594,-0.00019391560507386885
M5S0055,carbonate,55,enhanced,SiO2,0.0,-0.0005678027528161436,-0.0005678027528161436
M5S0055,carbonate,55,enhanced,Sr,0.13518053639013933,0.13642796199849874,0.0012474256083594149
M5S0055,carbonate,55,enhanced,water_isotope_evaporation,0.007203511546304463,0.007532358411634481,0.0003288468653300184
M5S0055,carbonate,55,enhanced,Br,0.0,0.0008341726863570937,0.0008341726863570937
M5S0055,carbonate,55,enhanced,DO,-0.0519804663808663,-0.05140406565330719,0.0005764007275591079
M5S0055,carbonate,55,enhanced,DOC,0.05940624729241864,0.06240213080129885,0.0029958835088802066
M5S0055,carbonate,55,enhanced,d34S_SO4,-0.031215216700652672,-0.03147650907867355,-0.0002612923780208748
M5S0055,carbonate,55,enhanced,d18O_SO4,0.036017557731522314,0.03812615506084972,0.0021085973293274093
M5S0055,carbonate,55,enhanced,d15N_NO3,0.01301053777632196,0.012632155131932483,-0.00037838264438947757
M5S0055,carbonate,55,enhanced,d18O_NO3,0.12601315569416213,0.12270507320694955,-0.0033080824872125797
M5S0056,carbonate,56,plus_lite,SiO2,0.0,-0.0008227957093274754,-0.0008227957093274754
M5S0056,carbonate,56,plus_lite,Sr,0.06705223096295404,0.06734420299336803,0.0002919720304139922
M5S0056,carbonate,56,plus_lite,water_isotope_evaporation,0.0,-0.0007228553348778495,-0.0007228553348778495
M5S0056,carbonate,56,enhanced,SiO2,0.0,-0.00047047698332513275,-0.00047047698332513275
M5S0056,carbonate,56,enhanced,Sr,0.06705223096295404,0.06504304710068354,-0.0020091838622705027
M5S0056,carbonate,56,enhanced,water_isotope_evaporation,0.0,-0.0008022341541912656,-0.0008022341541912656
M5S0056,carbonate,56,enhanced,Br,0.0,0.0006673454671811844,0.0006673454671811844
M5S0056,carbonate,56,enhanced,DO,0.0,0.00010399721132832611,0.00010399721132832611
M5S0056,carbonate,56,enhanced,DOC,0.0,0.0006498988663876557,0.0006498988663876557
M5S0056,carbonate,56,enhanced,d34S_SO4,0.0,0.0006342652241799481,0.0006342652241799481
M5S0056,carbonate,56,enhanced,d18O_SO4,0.0,-0.0001110159149341956,-0.0001110159149341956
M5S0056,carbonate,56,enhanced,d15N_NO3,0.0,-0.00028382012169029635,-0.00028382012169029635
M5S0056,carbonate,56,enhanced,d18O_NO3,0.0,3.2709976710329823e-05,3.2709976710329823e-05
M5S0057,carbonate,57,plus_lite,SiO2,0.0,0.0006974728326759557,0.0006974728326759557
M5S0057,carbonate,57,plus_lite,Sr,0.025129767958029667,0.025357737376152018,0.00022796941812235072
M5S0057,carbonate,57,plus_lite,water_isotope_evaporation,0.018847325968522247,0.019054759395335588,0.00020743342681334154
M5S0057,carbonate,57,enhanced,SiO2,0.0,0.00038299855223750747,0.00038299855223750747
M5S0057,carbonate,57,enhanced,Sr,0.025129767958029667,0.02453134877172746,-0.0005984191863022056
M5S0057,carbonate,57,enhanced,water_isotope_evaporation,0.018847325968522247,0.018314642065594435,-0.0005326839029278115
M5S0057,carbonate,57,enhanced,Br,0.0,-0.0003908298427504629,-0.0003908298427504629
M5S0057,carbonate,57,enhanced,DO,0.0,4.8497079276117334e-05,4.8497079276117334e-05
M5S0057,carbonate,57,enhanced,DOC,0.0,0.0006341119950972973,0.0006341119950972973
M5S0057,carbonate,57,enhanced,d34S_SO4,-0.0816717458635964,-0.07706406433573712,0.004607681527859286
M5S0057,carbonate,57,enhanced,d18O_SO4,0.09423662984261125,0.09574595697618767,0.0015093271335764186
M5S0057,carbonate,57,enhanced,d15N_NO3,0.0,-0.0006843577189232506,-0.0006843577189232506
M5S0057,carbonate,57,enhanced,d18O_NO3,0.0,-0.00021220384534581017,-0.00021220384534581017
M5S0058,carbonate,58,plus_lite,SiO2,0.0,0.0007822608256647361,0.0007822608256647361
M5S0058,carbonate,58,plus_lite,Sr,0.17248940987582018,0.16898480474590186,-0.00350460512991832
M5S0058,carbonate,58,plus_lite,water_isotope_evaporation,0.027434031072420546,0.028702157176193364,0.001268126103772818
M5S0058,carbonate,58,enhanced,SiO2,0.0,-0.0007851011170110239,-0.0007851011170110239
M5S0058,carbonate,58,enhanced,Sr,0.17248940987582018,0.17433453174701402,0.0018451218711938444
M5S0058,carbonate,58,enhanced,water_isotope_evaporation,0.027434031072420546,0.026410281737857373,-0.0010237493345631732
M5S0058,carbonate,58,enhanced,Br,0.0,0.0002907063324128501,0.0002907063324128501
M5S0058,carbonate,58,enhanced,DO,0.0,0.00013943182298416256,0.00013943182298416256
M5S0058,carbonate,58,enhanced,DOC,0.0,0.0010772046244377554,0.0010772046244377554
M5S0058,carbonate,58,enhanced,d34S_SO4,-0.11888080131382238,-0.11912999292955895,-0.00024919161573656867
M5S0058,carbonate,58,enhanced,d18O_SO4,0.13717015536210275,0.13485121303808148,-0.0023189423240212725
M5S0058,carbonate,58,enhanced,d15N_NO3,0.0,-0.0007250488609571546,-0.0007250488609571546
M5S0058,carbonate,58,enhanced,d18O_NO3,0.0,-0.0005205130352699818,-0.0005205130352699818
M5S0059,carbonate,59,plus_lite,SiO2,0.0,0.0007836384881943827,0.0007836384881943827
M5S0059,carbonate,59,plus_lite,Sr,-0.016317151922674026,-0.016825444882481305,-0.0005082929598072793
M5S0059,carbonate,59,plus_lite,water_isotope_evaporation,0.014504436433304057,0.014114940324928271,-0.00038949610837578537
M5S0059,carbonate,59,enhanced,SiO2,0.0,-0.0007162083740193686,-0.0007162083740193686
M5S0059,carbonate,59,enhanced,Sr,-0.016317151922674026,-0.01599217380586019,0.00032497811681383645
M5S0059,carbonate,59,enhanced,water_isotope_evaporation,0.014504436433304057,0.01462541223411556,0.00012097580081150278
M5S0059,carbonate,59,enhanced,Br,0.0,-0.0007250264002701825,-0.0007250264002701825
M5S0059,carbonate,59,enhanced,DO,-0.04006162051309875,-0.039495324824875666,0.0005662956882230841
M5S0059,carbonate,59,enhanced,DOC,0.04578470915782715,0.0456634268099362,-0.00012128234789094555
M5S0059,carbonate,59,enhanced,d34S_SO4,-0.06285255787765091,-0.06115004845029036,0.0017025094273605546
M5S0059,carbonate,59,enhanced,d18O_SO4,0.07252218216652029,0.07294716922268281,0.00042498705616252075
M5S0059,carbonate,59,enhanced,d15N_NO3,0.054369342124919735,0.05319863003387193,-0.0011707120910478055
M5S0059,carbonate,59,enhanced,d18O_NO3,0.04292316483546295,0.041691447681078526,-0.0012317171543844221
M5S0060,carbonate,60,plus_lite,SiO2,0.0,0.0001481446932321771,0.0001481446932321771
M5S0060,carbonate,60,plus_lite,Sr,0.1213068539673283,0.12199179267290787,0.0006849387055795769
M5S0060,carbonate,60,plus_lite,water_isotope_evaporation,0.0,-0.0014614959286677644,-0.0014614959286677644
M5S0060,carbonate,60,enhanced,SiO2,0.0,-0.00040622536221288005,-0.00040622536221288005
M5S0060,carbonate,60,enhanced,Sr,0.1213068539673283,0.12608100317543447,0.0047741492081061765
M5S0060,carbonate,60,enhanced,water_isotope_evaporation,0.0,0.00017679252700405815,0.00017679252700405815
M5S0060,carbonate,60,enhanced,Br,0.0,0.001188864440574505,0.001188864440574505
M5S0060,carbonate,60,enhanced,DO,-0.08629210743628558,-0.08384553833673236,0.0024465690995532224
M5S0060,carbonate,60,enhanced,DOC,0.09861955135575495,0.09986603634551589,0.001246484989760932
M5S0060,carbonate,60,enhanced,d34S_SO4,0.0,0.0013501412607055745,0.0013501412607055745
M5S0060,carbonate,60,enhanced,d18O_SO4,0.0,-0.000447780958933283,-0.000447780958933283
M5S0060,carbonate,60,enhanced,d15N_NO3,0.04684777333678822,0.046831670149465925,-1.6103187322293044e-05
M5S0060,carbonate,60,enhanced,d18O_NO3,0.1783327608271179,0.18335533288503858,0.005022572057920671
M5S0061,crystalline,1,plus_lite,SiO2,0.19233247636636033,0.196802389797286,0.004469913430925676
M5S0061,crystalline,1,plus_lite,Sr,0.03846649527327207,0.037988284250560285,-0.00047821102271178306
M5S0061,crystalline,1,plus_lite,water_isotope_evaporation,0.0,0.0007112568997606655,0.0007112568997606655
M5S0061,crystalline,1,enhanced,SiO2,0.19233247636636033,0.19646913689338494,0.004136660527024605
M5S0061,crystalline,1,enhanced,Sr,0.03846649527327207,0.040601798281978,0.00213530300870593
M5S0061,crystalline,1,enhanced,water_isotope_evaporation,0.0,0.00016534714569631608,0.00016534714569631608
M5S0061,crystalline,1,enhanced,Br,0.0,0.0003877188088703964,0.0003877188088703964
M5S0061,crystalline,1,enhanced,DO,0.0,-0.0005960803319933859,-0.0005960803319933859
M5S0061,crystalline,1,enhanced,DOC,0.0,0.00022669795916112817,0.00022669795916112817
M5S0061,crystalline,1,enhanced,d34S_SO4,0.0,0.000361669284694199,0.000361669284694199
M5S0061,crystalline,1,enhanced,d18O_SO4,0.0,-0.0009449879208175397,-0.0009449879208175397
M5S0061,crystalline,1,enhanced,d15N_NO3,0.0,0.0001536444027336036,0.0001536444027336036
M5S0061,crystalline,1,enhanced,d18O_NO3,0.0,0.000188092938690412,0.000188092938690412
M5S0062,crystalline,2,plus_lite,SiO2,0.035805509071863584,0.034448899528732875,-0.0013566095431307088
M5S0062,crystalline,2,plus_lite,Sr,0.0,0.00035294958988639567,0.00035294958988639567
M5S0062,crystalline,2,plus_lite,water_isotope_evaporation,0.0,-0.0002409508592011671,-0.0002409508592011671
M5S0062,crystalline,2,enhanced,SiO2,0.035805509071863584,0.03662924898318888,0.0008237399113252969
M5S0062,crystalline,2,enhanced,Sr,0.0,0.001167301017146641,0.001167301017146641
M5S0062,crystalline,2,enhanced,water_isotope_evaporation,0.0,0.0002105983706438061,0.0002105983706438061
M5S0062,crystalline,2,enhanced,Br,0.0,0.0003983232668399109,0.0003983232668399109
M5S0062,crystalline,2,enhanced,DO,0.02385172295546601,0.024425199203372792,0.0005734762479067818
M5S0062,crystalline,2,enhanced,DOC,0.0,-0.00014167460089560953,-0.00014167460089560953
M5S0062,crystalline,2,enhanced,d34S_SO4,0.02683318832489926,0.024974998602177268,-0.001858189722721993
M5S0062,crystalline,2,enhanced,d18O_SO4,-0.01341659416244963,-0.01347002532331884,-5.343116086920993e-05
M5S0062,crystalline,2,enhanced,d15N_NO3,0.0,-0.0007606372126237952,-0.0007606372126237952
M5S0062,crystalline,2,enhanced,d18O_NO3,0.0,-0.00014532896568789593,-0.00014532896568789593
M5S0063,crystalline,3,plus_lite,SiO2,0.0,0.00040298569289816085,0.00040298569289816085
M5S0063,crystalline,3,plus_lite,Sr,0.027061465080252478,0.028112133388814874,0.0010506683085623955
M5S0063,crystalline,3,plus_lite,water_isotope_evaporation,0.0,-0.00012012722346537068,-0.00012012722346537068
M5S0063,crystalline,3,enhanced,SiO2,0.0,0.0006488690437696235,0.0006488690437696235
M5S0063,crystalline,3,enhanced,Sr,0.027061465080252478,0.02741210141459138,0.0003506363343389017
M5S0063,crystalline,3,enhanced,water_isotope_evaporation,0.0,0.0005636503847305256,0.0005636503847305256
M5S0063,crystalline,3,enhanced,Br,0.0,0.000677364365533538,0.000677364365533538
M5S0063,crystalline,3,enhanced,DO,0.01349395284330385,0.012890824317755295,-0.0006031285255485557
M5S0063,crystalline,3,enhanced,DOC,0.0,0.001043763565403002,0.001043763565403002
M5S0063,crystalline,3,enhanced,d34S_SO4,0.015180696948716831,0.014292001644835786,-0.0008886953038810454
M5S0063,crystalline,3,enhanced,d18O_SO4,-0.007590348474358416,-0.007005913365552239,0.0005844351088061762
M5S0063,crystalline,3,enhanced,d15N_NO3,0.0,0.0003085224545846386,0.0003085224545846386
M5S0063,crystalline,3,enhanced,d18O_NO3,0.0,-6.214565999333717e-05,-6.214565999333717e-05
M5S0064,crystalline,4,plus_lite,SiO2,0.10297227600199907,0.10555910425561027,0.002586828253611201
M5S0064,crystalline,4,plus_lite,Sr,0.005761958337157711,0.005668099727626159,-9.385860953155158e-05
M5S0064,crystalline,4,plus_lite,water_isotope_evaporation,0.0,0.0002808972722949618,0.0002808972722949618
M5S0064,crystalline,4,enhanced,SiO2,0.10297227600199907,0.10205111747863185,-0.0009211585233672159
M5S0064,crystalline,4,enhanced,Sr,0.005761958337157711,0.005698259900800293,-6.369843635741813e-05
M5S0064,crystalline,4,enhanced,water_isotope_evaporation,0.0,0.0003794086817179402,0.0003794086817179402
M5S0064,crystalline,4,enhanced,Br,0.0,-0.00018342929410619457,-0.00018342929410619457
M5S0064,crystalline,4,enhanced,DO,0.0,-2.2573659942402177e-05,-2.2573659942402177e-05
M5S0064,crystalline,4,enhanced,DOC,0.0,0.0017302748072842435,0.0017302748072842435
M5S0064,crystalline,4,enhanced,d34S_SO4,0.0,0.00015097592415678305,0.00015097592415678305
M5S0064,crystalline,4,enhanced,d18O_SO4,0.0,-0.00028824098533308047,-0.00028824098533308047
M5S0064,crystalline,4,enhanced,d15N_NO3,0.0,5.903954605941561e-05,5.903954605941561e-05
M5S0064,crystalline,4,enhanced,d18O_NO3,0.0,-0.00035596095644777883,-0.00035596095644777883
M5S0065,crystalline,5,plus_lite,SiO2,0.06317239345899912,0.06704824803628344,0.0038758545772843156
M5S0065,crystalline,5,plus_lite,Sr,0.0014636310984954162,0.0022617750098609456,0.0007981439113655293
M5S0065,crystalline,5,plus_lite,water_isotope_evaporation,0.0,-4.6986124228962966e-05,-4.6986124228962966e-05
M5S0065,crystalline,5,enhanced,SiO2,0.06317239345899912,0.0620517373245374,-0.0011206561344617241
M5S0065,crystalline,5,enhanced,Sr,0.0014636310984954162,0.0017661562312516527,0.00030252513275623645
M5S0065,crystalline,5,enhanced,water_isotope_evaporation,0.0,-0.0012736718192903516,-0.0012736718192903516
M5S0065,crystalline,5,enhanced,Br,0.0,0.00011820710446430811,0.00011820710446430811
M5S0065,crystalline,5,enhanced,DO,0.0,0.00023529016897173036,0.00023529016897173036
M5S0065,crystalline,5,enhanced,DOC,0.0,-0.0004020516977392915,-0.0004020516977392915
M5S0065,crystalline,5,enhanced,d34S_SO4,0.0,-0.0006000609888096473,-0.0006000609888096473
M5S0065,crystalline,5,enhanced,d18O_SO4,0.0,-0.00026564467519846115,-0.00026564467519846115
M5S0065,crystalline,5,enhanced,d15N_NO3,0.0,0.0009927534378321044,0.0009927534378321044
M5S0065,crystalline,5,enhanced,d18O_NO3,0.0,-0.000129441964453733,-0.000129441964453733
M5S0066,crystalline,6,plus_lite,SiO2,0.0,9.394727227803194e-05,9.394727227803194e-05
M5S0066,crystalline,6,plus_lite,Sr,0.0009395668098477574,0.0003559406743640619,-0.0005836261354836955
M5S0066,crystalline,6,plus_lite,water_isotope_evaporation,0.0,-0.00029309145993206513,-0.00029309145993206513
M5S0066,crystalline,6,enhanced,SiO2,0.0,7.347711560581541e-05,7.347711560581541e-05
M5S0066,crystalline,6,enhanced,Sr,0.0009395668098477574,0.0012637257347400887,0.0003241589248923313
M5S0066,crystalline,6,enhanced,water_isotope_evaporation,0.0,-0.0006302419182086542,-0.0006302419182086542
M5S0066,crystalline,6,enhanced,Br,0.0,0.000210031241880174,0.000210031241880174
M5S0066,crystalline,6,enhanced,DO,0.0,-0.00047816713726493454,-0.00047816713726493454
M5S0066,crystalline,6,enhanced,DOC,0.0,-0.0003032719747738821,-0.0003032719747738821
M5S0066,crystalline,6,enhanced,d34S_SO4,0.0,0.0008645819444028073,0.0008645819444028073
M5S0066,crystalline,6,enhanced,d18O_SO4,0.0,0.00019606694335669737,0.00019606694335669737
M5S0066,crystalline,6,enhanced,d15N_NO3,0.0,-0.0010621107046171272,-0.0010621107046171272
M5S0066,crystalline,6,enhanced,d18O_NO3,0.0,-0.0001348711398327176,-0.0001348711398327176
M5S0067,crystalline,7,plus_lite,SiO2,-0.2064181425588978,-0.19953873235522537,0.006879410203672415
M5S0067,crystalline,7,plus_lite,Sr,0.0,0.00033236936816373003,0.00033236936816373003
M5S0067,crystalline,7,plus_lite,water_isotope_evaporation,0.0,0.0008538085353608941,0.0008538085353608941
M5S0067,crystalline,7,enhanced,SiO2,-0.2064181425588978,-0.20664676609729393,-0.00022862353839614435
M5S0067,crystalline,7,enhanced,Sr,0.0,-0.00011167529714021456,-0.00011167529714021456
M5S0067,crystalline,7,enhanced,water_isotope_evaporation,0.0,0.0005458250207671768,0.0005458250207671768
M5S0067,crystalline,7,enhanced,Br,0.0,9.461619220479832e-05,9.461619220479832e-05
M5S0067,crystalline,7,enhanced,DO,0.0,4.253108929514268e-06,4.253108929514268e-06
M5S0067,crystalline,7,enhanced,DOC,0.0,-4.368946368871241e-05,-4.368946368871241e-05
M5S0067,crystalline,7,enhanced,d34S_SO4,0.0,0.0006131956501104249,0.0006131956501104249
M5S0067,crystalline,7,enhanced,d18O_SO4,0.0,8.689232354803246e-05,8.689232354803246e-05
M5S0067,crystalline,7,enhanced,d15N_NO3,0.0,-0.0009643957138723609,-0.0009643957138723609
M5S0067,crystalline,7,enhanced,d18O_NO3,0.0,6.260757764429899e-05,6.260757764429899e-05
M5S0068,crystalline,8,plus_lite,SiO2,0.22868745326861634,0.23580334206464365,0.007115888796027314
M5S0068,crystalline,8,plus_lite,Sr,-0.0004628870252449814,-0.000262624481369675,0.00020026254387530638
M5S0068,crystalline,8,plus_lite,water_isotope_evaporation,0.0,-3.989486086519603e-05,-3.989486086519603e-05
M5S0068,crystalline,8,enhanced,SiO2,0.22868745326861634,0.23597542361735255,0.007287970348736211
M5S0068,crystalline,8,enhanced,Sr,-0.0004628870252449814,-0.0013335184133296818,-0.0008706313880847004
M5S0068,crystalline,8,enhanced,water_isotope_evaporation,0.0,-7.4177547236395875e-06,-7.4177547236395875e-06
M5S0068,crystalline,8,enhanced,Br,0.0,-0.00012931134975313627,-0.00012931134975313627
M5S0068,crystalline,8,enhanced,DO,0.0,0.000263206288389132,0.000263206288389132
M5S0068,crystalline,8,enhanced,DOC,0.0,0.0009267108206034745,0.0009267108206034745
M5S0068,crystalline,8,enhanced,d34S_SO4,0.0,0.0003835442921665391,0.0003835442921665391
M5S0068,crystalline,8,enhanced,d18O_SO4,0.0,-0.0005655206446597031,-0.0005655206446597031
M5S0068,crystalline,8,enhanced,d15N_NO3,0.0,0.0008607865770867281,0.0008607865770867281
M5S0068,crystalline,8,enhanced,d18O_NO3,0.0,0.00031774245424470834,0.00031774245424470834
M5S0069,crystalline,9,plus_lite,SiO2,0.2422483628228068,0.24139515513642207,-0.0008532076863847216
M5S0069,crystalline,9,plus_lite,Sr,0.0445507728257978,0.04485745523276617,0.0003066824069683713
M5S0069,crystalline,9,plus_lite,water_isotope_evaporation,0.0,0.0001037975556076368,0.0001037975556076368
M5S0069,crystalline,9,enhanced,SiO2,0.2422483628228068,0.25726749396873705,0.015019131145930259
M5S0069,crystalline,9,enhanced,Sr,0.0445507728257978,0.04519694143759425,0.0006461686117964494
M5S0069,crystalline,9,enhanced,water_isotope_evaporation,0.0,-0.0011024306973911584,-0.0011024306973911584
M5S0069,crystalline,9,enhanced,Br,0.0,-0.000603526505646999,-0.000603526505646999
M5S0069,crystalline,9,enhanced,DO,0.012974085940151892,0.012635439721260928,-0.0003386462188909641
M5S0069,crystalline,9,enhanced,DOC,0.0,-0.0007605494890086104,-0.0007605494890086104
M5S0069,crystalline,9,enhanced,d34S_SO4,0.014595846682670879,0.016170728536329747,0.0015748818536588678
M5S0069,crystalline,9,enhanced,d18O_SO4,-0.0072979233413354395,-0.007086346810620084,0.00021157653071535512
M5S0069,crystalline,9,enhanced,d15N_NO3,0.0,0.0003527989541612963,0.0003527989541612963
M5S0069,crystalline,9,enhanced,d18O_NO3,0.0,-0.0004942988923448913,-0.0004942988923448913
M5S0070,crystalline,10,plus_lite,SiO2,0.10726922544546072,0.1054020929743386,-0.001867132471122121
M5S0070,crystalline,10,plus_lite,Sr,0.012139946256102449,0.012706737582158019,0.0005667913260555702
M5S0070,crystalline,10,plus_lite,water_isotope_evaporation,0.0,-0.0005407515364774069,-0.0005407515364774069
M5S0070,crystalline,10,enhanced,SiO2,0.10726922544546072,0.10753359548124682,0.0002643700357860962
M5S0070,crystalline,10,enhanced,Sr,0.012139946256102449,0.011872033925286164,-0.00026791233081628445
M5S0070,crystalline,10,enhanced,water_isotope_evaporation,0.0,-0.00026291944327157463,-0.00026291944327157463
M5S0070,crystalline,10,enhanced,Br,0.0,0.00013595405609057604,0.00013595405609057604
M5S0070,crystalline,10,enhanced,DO,0.03177693619571211,0.030835329372807332,-0.0009416068229047801
M5S0070,crystalline,10,enhanced,DOC,0.0,-0.0002669626938920231,-0.0002669626938920231
M5S0070,crystalline,10,enhanced,d34S_SO4,0.03574905322017612,0.034573309754540114,-0.0011757434656360088
M5S0070,crystalline,10,enhanced,d18O_SO4,-0.01787452661008806,-0.01743623689485401,0.0004382897152340505
M5S0070,crystalline,10,enhanced,d15N_NO3,0.0,-0.0002736337243842533,-0.0002736337243842533
M5S0070,crystalline,10,enhanced,d18O_NO3,0.0,0.0009382009957797086,0.0009382009957797086
M5S0071,crystalline,11,plus_lite,SiO2,0.0,-0.0006766321866094984,-0.0006766321866094984
M5S0071,crystalline,11,plus_lite,Sr,0.0,0.00031207099895092546,0.00031207099895092546
M5S0071,crystalline,11,plus_lite,water_isotope_evaporation,0.0,0.0007198457727982205,0.0007198457727982205
M5S0071,crystalline,11,enhanced,SiO2,0.0,-0.00020815887766975036,-0.00020815887766975036
M5S0071,crystalline,11,enhanced,Sr,0.0,0.00013251175709636559,0.00013251175709636559
M5S0071,crystalline,11,enhanced,water_isotope_evaporation,0.0,0.0003979061840679351,0.0003979061840679351
M5S0071,crystalline,11,enhanced,Br,0.0,0.0005068546023811203,0.0005068546023811203
M5S0071,crystalline,11,enhanced,DO,0.0,-0.00012608872894838156,-0.00012608872894838156
M5S0071,crystalline,11,enhanced,DOC,0.0,-0.0005502502824077306,-0.0005502502824077306
M5S0071,crystalline,11,enhanced,d34S_SO4,0.0,-0.0001539608688325121,-0.0001539608688325121
M5S0071,crystalline,11,enhanced,d18O_SO4,0.0,0.0003529786692810836,0.0003529786692810836
M5S0071,crystalline,11,enhanced,d15N_NO3,0.0,0.0014985793613601986,0.0014985793613601986
M5S0071,crystalline,11,enhanced,d18O_NO3,0.0,0.000320919458651842,0.000320919458651842
M5S0072,crystalline,12,plus_lite,SiO2,0.05512157241892224,0.05514285506380148,2.1282644879244694e-05
M5S0072,crystalline,12,plus_lite,Sr,0.011024314483784449,0.010700349753658182,-0.00032396473012626624
M5S0072,crystalline,12,plus_lite,water_isotope_evaporation,0.0,-0.0007222635270110959,-0.0007222635270110959
M5S0072,crystalline,12,enhanced,SiO2,0.05512157241892224,0.05598993757109062,0.000868365152168385
M5S0072,crystalline,12,enhanced,Sr,0.011024314483784449,0.010622624552093146,-0.00040168993169130245
M5S0072,crystalline,12,enhanced,water_isotope_evaporation,0.0,0.0006216526123918886,0.0006216526123918886
M5S0072,crystalline,12,enhanced,Br,0.0,0.00040735235546288616,0.00040735235546288616
M5S0072,crystalline,12,enhanced,DO,0.047468540085506335,0.04649710947413057,-0.0009714306113757648
M5S0072,crystalline,12,enhanced,DOC,0.0,0.0001772425593819811,0.0001772425593819811
M5S0072,crystalline,12,enhanced,d34S_SO4,0.053402107596194626,0.0521973982161231,-0.001204709380071528
M5S0072,crystalline,12,enhanced,d18O_SO4,-0.026701053798097313,-0.026389949141745014,0.00031110465635229845
M5S0072,crystalline,12,enhanced,d15N_NO3,0.0,0.0009242863324406789,0.0009242863324406789
M5S0072,crystalline,12,enhanced,d18O_NO3,0.0,0.0003856041509603599,0.0003856041509603599
M5S0073,crystalline,13,plus_lite,SiO2,0.09575321460157567,0.10248444096868062,0.0067312263671049505
M5S0073,crystalline,13,plus_lite,Sr,0.015906432470239488,0.016640090696277976,0.0007336582260384882
M5S0073,crystalline,13,plus_lite,water_isotope_evaporation,0.0,2.9919606035876172e-05,2.9919606035876172e-05
M5S0073,crystalline,13,enhanced,SiO2,0.09575321460157567,0.09454210133039355,-0.0012111132711821182
M5S0073,crystalline,13,enhanced,Sr,0.015906432470239488,0.015593825549893598,-0.00031260692034588977
M5S0073,crystalline,13,enhanced,water_isotope_evaporation,0.0,-0.00025865956464173425,-0.00025865956464173425
M5S0073,crystalline,13,enhanced,Br,0.0,0.00028534403362513554,0.00028534403362513554
M5S0073,crystalline,13,enhanced,DO,0.0,0.0002620137734945347,0.0002620137734945347
M5S0073,crystalline,13,enhanced,DOC,0.0,-4.295208305685483e-05,-4.295208305685483e-05
M5S0073,crystalline,13,enhanced,d34S_SO4,0.0,0.0003392147312886203,0.0003392147312886203
M5S0073,crystalline,13,enhanced,d18O_SO4,0.0,-0.0003986973872820924,-0.0003986973872820924
M5S0073,crystalline,13,enhanced,d15N_NO3,0.0,-0.0005542456655535668,-0.0005542456655535668
M5S0073,crystalline,13,enhanced,d18O_NO3,0.0,-0.0004639551606808958,-0.0004639551606808958
M5S0074,crystalline,14,plus_lite,SiO2,-0.17677919403714612,-0.183395066382283,-0.006615872345136886
M5S0074,crystalline,14,plus_lite,Sr,-0.01989677420957071,-0.01942850460098335,0.0004682696085873614
M5S0074,crystalline,14,plus_lite,water_isotope_evaporation,0.0,0.0005381677554415074,0.0005381677554415074
M5S0074,crystalline,14,enhanced,SiO2,-0.17677919403714612,-0.17460294636647514,0.0021762476706709832
M5S0074,crystalline,14,enhanced,Sr,-0.01989677420957071,-0.020450957751947024,-0.0005541835423763138
M5S0074,crystalline,14,enhanced,water_isotope_evaporation,0.0,9.870651649940099e-05,9.870651649940099e-05
M5S0074,crystalline,14,enhanced,Br,0.0,6.29412213623766e-05,6.29412213623766e-05
M5S0074,crystalline,14,enhanced,DO,0.051257215170272576,0.05250572182952828,0.001248506659255702
M5S0074,crystalline,14,enhanced,DOC,0.0,-7.11402840358555e-05,-7.11402840358555e-05
M5S0074,crystalline,14,enhanced,d34S_SO4,0.05766436706655665,0.060522285190269524,0.0028579181237128742
M5S0074,crystalline,14,enhanced,d18O_SO4,-0.028832183533278325,-0.028403118251082514,0.00042906528219581117
M5S0074,crystalline,14,enhanced,d15N_NO3,0.0,-0.0002501296250327296,-0.0002501296250327296
M5S0074,crystalline,14,enhanced,d18O_NO3,0.0,-0.0004599239911546317,-0.0004599239911546317
M5S0075,crystalline,15,plus_lite,SiO2,0.08880500645770652,0.08989768119867299,0.0010926747409664705
M5S0075,crystalline,15,plus_lite,Sr,-0.02752935730589159,-0.028586161529812606,-0.0010568042239210151
M5S0075,crystalline,15,plus_lite,water_isotope_evaporation,0.0,0.0004535819976586702,0.0004535819976586702
M5S0075,crystalline,15,enhanced,SiO2,0.08880500645770652,0.08757184420867253,-0.0012331622490339839
M5S0075,crystalline,15,enhanced,Sr,-0.02752935730589159,-0.02705148724869124,0.0004778700572003504
M5S0075,crystalline,15,enhanced,water_isotope_evaporation,0.0,0.0003487553307028424,0.0003487553307028424
M5S0075,crystalline,15,enhanced,Br,0.0,-8.164847004173546e-05,-8.164847004173546e-05
M5S0075,crystalline,15,enhanced,DO,0.0,0.00030386052525607153,0.00030386052525607153
M5S0075,crystalline,15,enhanced,DOC,0.0,0.0013985405650519293,0.0013985405650519293
M5S0075,crystalline,15,enhanced,d34S_SO4,0.0,3.0665577470880385e-05,3.0665577470880385e-05
M5S0075,crystalline,15,enhanced,d18O_SO4,0.0,0.0010492152125895168,0.0010492152125895168
M5S0075,crystalline,15,enhanced,d15N_NO3,0.0,-0.00045540281854960195,-0.00045540281854960195
M5S0075,crystalline,15,enhanced,d18O_NO3,0.0,-0.0011973817233361123,-0.0011973817233361123
M5S0076,crystalline,16,plus_lite,SiO2,0.04359551226341159,0.04458620985727658,0.0009906975938649906
M5S0076,crystalline,16,plus_lite,Sr,0.0,-0.00029369214958055077,-0.00029369214958055077
M5S0076,crystalline,16,plus_lite,water_isotope_evaporation,0.0,-0.00018424415163081266,-0.00018424415163081266
M5S0076,crystalline,16,enhanced,SiO2,0.04359551226341159,0.04382011022370371,0.0002245979602921236
M5S0076,crystalline,16,enhanced,Sr,0.0,9.916290043216589e-05,9.916290043216589e-05
M5S0076,crystalline,16,enhanced,water_isotope_evaporation,0.0,0.0006558523195634118,0.0006558523195634118
M5S0076,crystalline,16,enhanced,Br,0.0,0.0011277866819635598,0.0011277866819635598
M5S0076,crystalline,16,enhanced,DO,0.0,0.0009547516805347844,0.0009547516805347844
M5S0076,crystalline,16,enhanced,DOC,0.0,0.0001558515354424177,0.0001558515354424177
M5S0076,crystalline,16,enhanced,d34S_SO4,0.0,-6.631711839538102e-05,-6.631711839538102e-05
M5S0076,crystalline,16,enhanced,d18O_SO4,0.0,2.5645965046844102e-05,2.5645965046844102e-05
M5S0076,crystalline,16,enhanced,d15N_NO3,0.0,-0.0006701992875256702,-0.0006701992875256702
M5S0076,crystalline,16,enhanced,d18O_NO3,0.0,0.0014241098575584826,0.0014241098575584826
M5S0077,crystalline,17,plus_lite,SiO2,0.15116541820693508,0.16079481031459697,0.009629392107661894
M5S0077,crystalline,17,plus_lite,Sr,0.04429621604207401,0.044380807591894125,8.459154982011496e-05
M5S0077,crystalline,17,plus_lite,water_isotope_evaporation,0.0,0.000647671065966744,0.000647671065966744
M5S0077,crystalline,17,enhanced,SiO2,0.15116541820693508,0.15368519928831942,0.0025197810813843424
M5S0077,crystalline,17,enhanced,Sr,0.04429621604207401,0.04366330697961646,-0.000632909062457547
M5S0077,crystalline,17,enhanced,water_isotope_evaporation,0.0,0.0005344353345797683,0.0005344353345797683
M5S0077,crystalline,17,enhanced,Br,0.0,0.0006696924791963636,0.0006696924791963636
M5S0077,crystalline,17,enhanced,DO,0.0,0.0010307745904175587,0.0010307745904175587
M5S0077,crystalline,17,enhanced,DOC,0.0,0.00010711942085744227,0.00010711942085744227
M5S0077,crystalline,17,enhanced,d34S_SO4,0.0,-1.1335541771700853e-05,-1.1335541771700853e-05
M5S0077,crystalline,17,enhanced,d18O_SO4,0.0,2.759525188014967e-05,2.759525188014967e-05
M5S0077,crystalline,17,enhanced,d15N_NO3,0.0,0.00025679770196066257,0.00025679770196066257
M5S0077,crystalline,17,enhanced,d18O_NO3,0.0,0.00024713472483406574,0.00024713472483406574
M5S0078,crystalline,18,plus_lite,SiO2,-0.07151405082882437,-0.06841527621883634,0.003098774609988031
M5S0078,crystalline,18,plus_lite,Sr,-0.014302810165764873,-0.015275610905865915,-0.0009728007401010423
M5S0078,crystalline,18,plus_lite,water_isotope_evaporation,0.0,-0.00058854179562416,-0.00058854179562416
M5S0078,crystalline,18,enhanced,SiO2,-0.07151405082882437,-0.07006789083768393,0.001446159991140436
M5S0078,crystalline,18,enhanced,Sr,-0.014302810165764873,-0.013722984632872299,0.0005798255328925746
M5S0078,crystalline,18,enhanced,water_isotope_evaporation,0.0,-0.0001707734577920383,-0.0001707734577920383
M5S0078,crystalline,18,enhanced,Br,0.0,0.0006529244213107422,0.0006529244213107422
M5S0078,crystalline,18,enhanced,DO,0.04537053478783075,0.043865943692527797,-0.0015045910953029526
M5S0078,crystalline,18,enhanced,DOC,0.0,0.0004909621831972428,0.0004909621831972428
M5S0078,crystalline,18,enhanced,d34S_SO4,0.05104185163630959,0.05189304514333282,0.000851193507023229
M5S0078,crystalline,18,enhanced,d18O_SO4,-0.025520925818154794,-0.0247766616123973,0.0007442642057574923
M5S0078,crystalline,18,enhanced,d15N_NO3,0.0,0.00016605627809449875,0.00016605627809449875
M5S0078,crystalline,18,enhanced,d18O_NO3,0.0,0.0005104199022501834,0.0005104199022501834
M5S0079,crystalline,19,plus_lite,SiO2,0.1080058382212455,0.1048084058701589,-0.0031974323510866043
M5S0079,crystalline,19,plus_lite,Sr,0.025750264003479757,0.025704878182503586,-4.538582097617094e-05
M5S0079,crystalline,19,plus_lite,water_isotope_evaporation,0.0,0.0002637847794220841,0.0002637847794220841
M5S0079,crystalline,19,enhanced,SiO2,0.1080058382212455,0.1077729312900051,-0.0002329069312403953
M5S0079,crystalline,19,enhanced,Sr,0.025750264003479757,0.024516538919407322,-0.0012337250840724345
M5S0079,crystalline,19,enhanced,water_isotope_evaporation,0.0,0.0009248034922335122,0.0009248034922335122
M5S0079,crystalline,19,enhanced,Br,0.0,0.0005135029834609771,0.0005135029834609771
M5S0079,crystalline,19,enhanced,DO,0.06047319328960535,0.05912443882298506,-0.0013487544666202847
M5S0079,crystalline,19,enhanced,DOC,0.0,0.0003419981587584677,0.0003419981587584677
M5S0079,crystalline,19,enhanced,d34S_SO4,0.06803234245080601,0.061184458361372415,-0.006847884089433598
M5S0079,crystalline,19,enhanced,d18O_SO4,-0.03401617122540301,-0.03541444257113066,-0.0013982713457276544
M5S0079,crystalline,19,enhanced,d15N_NO3,0.0,-3.3955747165679783e-06,-3.3955747165679783e-06
M5S0079,crystalline,19,enhanced,d18O_NO3,0.0,-0.0002630557898601925,-0.0002630557898601925
M5S0080,crystalline,20,plus_lite,SiO2,-0.09550128965248314,-0.09523794283950825,0.0002633468129748934
M5S0080,crystalline,20,plus_lite,Sr,-0.039151872940259465,-0.04012363161157425,-0.0009717586713147847
M5S0080,crystalline,20,plus_lite,water_isotope_evaporation,0.0,-0.0005773411983527041,-0.0005773411983527041
M5S0080,crystalline,20,enhanced,SiO2,-0.09550128965248314,-0.09449800879045017,0.001003280862032968
M5S0080,crystalline,20,enhanced,Sr,-0.039151872940259465,-0.040159790390039626,-0.0010079174497801616
M5S0080,crystalline,20,enhanced,water_isotope_evaporation,0.0,-0.0008123625478513554,-0.0008123625478513554
M5S0080,crystalline,20,enhanced,Br,0.0,-0.00045487773511311563,-0.00045487773511311563
M5S0080,crystalline,20,enhanced,DO,0.056247762548186045,0.05266551392080898,-0.003582248627377063
M5S0080,crystalline,20,enhanced,DOC,0.0,0.0003161575726281938,0.0003161575726281938
M5S0080,crystalline,20,enhanced,d34S_SO4,0.0632787328667093,0.06344682656300406,0.00016809369629475213
M5S0080,crystalline,20,enhanced,d18O_SO4,-0.03163936643335465,-0.03075807809758506,0.0008812883357695936
M5S0080,crystalline,20,enhanced,d15N_NO3,0.0,0.00030102415745437457,0.00030102415745437457
M5S0080,crystalline,20,enhanced,d18O_NO3,0.0,-0.001032830883838151,-0.001032830883838151
M5S0081,crystalline,21,plus_lite,SiO2,0.23607506422360292,0.23618629708927685,0.00011123286567393809
M5S0081,crystalline,21,plus_lite,Sr,0.047215012844720586,0.047411725861934685,0.00019671301721409934
M5S0081,crystalline,21,plus_lite,water_isotope_evaporation,0.0,-0.0007229814912540079,-0.0007229814912540079
M5S0081,crystalline,21,enhanced,SiO2,0.23607506422360292,0.22364328888897111,-0.0124317753346318
M5S0081,crystalline,21,enhanced,Sr,0.047215012844720586,0.047503687403608094,0.00028867455888750837
M5S0081,crystalline,21,enhanced,water_isotope_evaporation,0.0,-0.0009260975477376486,-0.0009260975477376486
M5S0081,crystalline,21,enhanced,Br,0.0,-0.0007767042568041459,-0.0007767042568041459
M5S0081,crystalline,21,enhanced,DO,0.0,-0.001349749232056019,-0.001349749232056019
M5S0081,crystalline,21,enhanced,DOC,0.0,-0.0003852858668004705,-0.0003852858668004705
M5S0081,crystalline,21,enhanced,d34S_SO4,0.0,0.00029370105192131783,0.00029370105192131783
M5S0081,crystalline,21,enhanced,d18O_SO4,0.0,0.00025693940393394773,0.00025693940393394773
M5S0081,crystalline,21,enhanced,d15N_NO3,0.0,0.000334992784234833,0.000334992784234833
M5S0081,crystalline,21,enhanced,d18O_NO3,0.0,0.00018021472124704364,0.00018021472124704364
M5S0082,crystalline,22,plus_lite,SiO2,0.0,0.0007123969115619784,0.0007123969115619784
M5S0082,crystalline,22,plus_lite,Sr,0.03659550998632237,0.03826499871084899,0.001669488724526623
M5S0082,crystalline,22,plus_lite,water_isotope_evaporation,0.0,0.0001673804705208167,0.0001673804705208167
M5S0082,crystalline,22,enhanced,SiO2,0.0,-0.00039296365609362184,-0.00039296365609362184
M5S0082,crystalline,22,enhanced,Sr,0.03659550998632237,0.03524421975535308,-0.0013512902309692904
M5S0082,crystalline,22,enhanced,water_isotope_evaporation,0.0,-0.00011058214432168,-0.00011058214432168
M5S0082,crystalline,22,enhanced,Br,0.0,-0.0007704722804586113,-0.0007704722804586113
M5S0082,crystalline,22,enhanced,DO,0.0,-0.0007567230304311633,-0.0007567230304311633
M5S0082,crystalline,22,enhanced,DOC,0.0,8.912216264423293e-05,8.912216264423293e-05
M5S0082,crystalline,22,enhanced,d34S_SO4,0.0,-0.00015550958130810754,-0.00015550958130810754
M5S0082,crystalline,22,enhanced,d18O_SO4,0.0,-0.0004895367009713932,-0.0004895367009713932
M5S0082,crystalline,22,enhanced,d15N_NO3,0.0,0.00014389228177440368,0.00014389228177440368
M5S0082,crystalline,22,enhanced,d18O_NO3,0.0,-0.00031482178258012577,-0.00031482178258012577
M5S0083,crystalline,23,plus_lite,SiO2,0.32394104212288893,0.32840759124999624,0.004466549127107311
M5S0083,crystalline,23,plus_lite,Sr,0.0694057022720134,0.07112581854248319,0.001720116270469793
M5S0083,crystalline,23,plus_lite,water_isotope_evaporation,0.0,-0.0016752226937655327,-0.0016752226937655327
M5S0083,crystalline,23,enhanced,SiO2,0.32394104212288893,0.31835428179622927,-0.005586760326659668
M5S0083,crystalline,23,enhanced,Sr,0.0694057022720134,0.06785710907378831,-0.00154859319822509
M5S0083,crystalline,23,enhanced,water_isotope_evaporation,0.0,0.0008734106115567821,0.0008734106115567821
M5S0083,crystalline,23,enhanced,Br,0.0,-0.0001367793061371768,-0.0001367793061371768
M5S0083,crystalline,23,enhanced,DO,0.0,-0.0010785019866987914,-0.0010785019866987914
M5S0083,crystalline,23,enhanced,DOC,0.0,0.00015820452999863423,0.00015820452999863423
M5S0083,crystalline,23,enhanced,d34S_SO4,0.0,0.0004368077238084552,0.0004368077238084552
M5S0083,crystalline,23,enhanced,d18O_SO4,0.0,7.728311184566643e-06,7.728311184566643e-06
M5S0083,crystalline,23,enhanced,d15N_NO3,0.0,-0.0006279112277032898,-0.0006279112277032898
M5S0083,crystalline,23,enhanced,d18O_NO3,0.0,0.0007945351398338968,0.0007945351398338968
M5S0084,crystalline,24,plus_lite,SiO2,0.2308946536566973,0.2240307591107055,-0.006863894545991817
M5S0084,crystalline,24,plus_lite,Sr,0.06930445797585089,0.06705822985256836,-0.002246228123282526
M5S0084,crystalline,24,plus_lite,water_isotope_evaporation,0.0,0.00033708777681874753,0.00033708777681874753
M5S0084,crystalline,24,enhanced,SiO2,0.2308946536566973,0.23260557292652628,0.00171091926982897
M5S0084,crystalline,24,enhanced,Sr,0.06930445797585089,0.06746412093855231,-0.0018403370372985783
M5S0084,crystalline,24,enhanced,water_isotope_evaporation,0.0,6.632678960496315e-05,6.632678960496315e-05
M5S0084,crystalline,24,enhanced,Br,0.0,0.0008879495893722142,0.0008879495893722142
M5S0084,crystalline,24,enhanced,DO,0.02526816763018154,0.02603337720463902,0.0007652095744574809
M5S0084,crystalline,24,enhanced,DOC,0.0,0.00016386629975748113,0.00016386629975748113
M5S0084,crystalline,24,enhanced,d34S_SO4,0.02842668858395423,0.028927978839315648,0.0005012902553614175
M5S0084,crystalline,24,enhanced,d18O_SO4,-0.014213344291977115,-0.014825730150660174,-0.0006123858586830587
M5S0084,crystalline,24,enhanced,d15N_NO3,0.0,-0.00015195314259099213,-0.00015195314259099213
M5S0084,crystalline,24,enhanced,d18O_NO3,0.0,-0.00027560701546271984,-0.00027560701546271984
M5S0085,crystalline,25,plus_lite,SiO2,0.4395872187586187,0.43322733458694723,-0.006359884171671493
M5S0085,crystalline,25,plus_lite,Sr,0.05161830780198532,0.05057521545369624,-0.0010430923482890805
M5S0085,crystalline,25,plus_lite,water_isotope_evaporation,0.0,8.134071491916201e-06,8.134071491916201e-06
M5S0085,crystalline,25,enhanced,SiO2,0.4395872187586187,0.43519495940292785,-0.004392259355690875
M5S0085,crystalline,25,enhanced,Sr,0.05161830780198532,0.05211411466611481,0.0004958068641294916
M5S0085,crystalline,25,enhanced,water_isotope_evaporation,0.0,-0.0003756336526258563,-0.0003756336526258563
M5S0085,crystalline,25,enhanced,Br,0.0,0.0006226108359304639,0.0006226108359304639
M5S0085,crystalline,25,enhanced,DO,0.018842036513604554,0.01842613629116313,-0.0004159002224414232
M5S0085,crystalline,25,enhanced,DOC,0.0,-0.00024265252759773638,-0.00024265252759773638
M5S0085,crystalline,25,enhanced,d34S_SO4,0.02119729107780512,0.021752877686762047,0.0005555866089569268
M5S0085,crystalline,25,enhanced,d18O_SO4,-0.01059864553890256,-0.010928586403732711,-0.000329940864830151
M5S0085,crystalline,25,enhanced,d15N_NO3,0.0,0.0003743053000260309,0.0003743053000260309
M5S0085,crystalline,25,enhanced,d18O_NO3,0.0,0.00023523319956656347,0.00023523319956656347
M5S0086,crystalline,26,plus_lite,SiO2,0.0,-0.0011554522451071932,-0.0011554522451071932
M5S0086,crystalline,26,plus_lite,Sr,0.0,-0.0012348425217141572,-0.0012348425217141572
M5S0086,crystalline,26,plus_lite,water_isotope_evaporation,0.0,-0.0003118474600229636,-0.0003118474600229636
M5S0086,crystalline,26,enhanced,SiO2,0.0,0.0017999635821308849,0.0017999635821308849
M5S0086,crystalline,26,enhanced,Sr,0.0,-0.0009388703842718679,-0.0009388703842718679
M5S0086,crystalline,26,enhanced,water_isotope_evaporation,0.0,-0.00027619424077224915,-0.00027619424077224915
M5S0086,crystalline,26,enhanced,Br,0.0,-0.0012447397952674657,-0.0012447397952674657
M5S0086,crystalline,26,enhanced,DO,0.0,0.0011865388875603178,0.0011865388875603178
M5S0086,crystalline,26,enhanced,DOC,0.0,-0.0009599744264387227,-0.0009599744264387227
M5S0086,crystalline,26,enhanced,d34S_SO4,0.0,-0.0010371407107245933,-0.0010371407107245933
M5S0086,crystalline,26,enhanced,d18O_SO4,0.0,-6.671961306132233e-05,-6.671961306132233e-05
M5S0086,crystalline,26,enhanced,d15N_NO3,0.0,-0.00036771905911688394,-0.00036771905911688394
M5S0086,crystalline,26,enhanced,d18O_NO3,0.0,-0.0006917206665945246,-0.0006917206665945246
M5S0087,crystalline,27,plus_lite,SiO2,0.29716309557523457,0.3080682478872261,0.010905152311991517
M5S0087,crystalline,27,plus_lite,Sr,0.017322703973185943,0.017546705778510065,0.00022400180532412134
M5S0087,crystalline,27,plus_lite,water_isotope_evaporation,0.0,-0.001027910820342237,-0.001027910820342237
M5S0087,crystalline,27,enhanced,SiO2,0.29716309557523457,0.30809329226654913,0.010930196691314564
M5S0087,crystalline,27,enhanced,Sr,0.017322703973185943,0.01728075206309068,-4.1951910095264916e-05
M5S0087,crystalline,27,enhanced,water_isotope_evaporation,0.0,0.0006564251504772428,0.0006564251504772428
M5S0087,crystalline,27,enhanced,Br,0.0,0.00031826780061349624,0.00031826780061349624
M5S0087,crystalline,27,enhanced,DO,0.0,-3.612426978908406e-05,-3.612426978908406e-05
M5S0087,crystalline,27,enhanced,DOC,0.0,3.059445706000976e-05,3.059445706000976e-05
M5S0087,crystalline,27,enhanced,d34S_SO4,0.0,-0.0007492162693529528,-0.0007492162693529528
M5S0087,crystalline,27,enhanced,d18O_SO4,0.0,0.0009241083133681729,0.0009241083133681729
M5S0087,crystalline,27,enhanced,d15N_NO3,0.0,-0.0012297399481345213,-0.0012297399481345213
M5S0087,crystalline,27,enhanced,d18O_NO3,0.0,0.00043596683806793317,0.00043596683806793317
M5S0088,crystalline,28,plus_lite,SiO2,0.18012689670879647,0.17586012103351392,-0.0042667756752825525
M5S0088,crystalline,28,plus_lite,Sr,0.03769893858149965,0.03725798684057711,-0.0004409517409225405
M5S0088,crystalline,28,plus_lite,water_isotope_evaporation,0.0,9.04974623953688e-05,9.04974623953688e-05
M5S0088,crystalline,28,enhanced,SiO2,0.18012689670879647,0.17835628982041135,-0.0017706068883851234
M5S0088,crystalline,28,enhanced,Sr,0.03769893858149965,0.03905544470203529,0.0013565061205356443
M5S0088,crystalline,28,enhanced,water_isotope_evaporation,0.0,9.959929490927527e-05,9.959929490927527e-05
M5S0088,crystalline,28,enhanced,Br,0.0,0.00022100280378639016,0.00022100280378639016
M5S0088,crystalline,28,enhanced,DO,0.0,-0.00039440967623927825,-0.00039440967623927825
M5S0088,crystalline,28,enhanced,DOC,0.0,-0.0005188861232809664,-0.0005188861232809664
M5S0088,crystalline,28,enhanced,d34S_SO4,0.0,4.142065706326343e-05,4.142065706326343e-05
M5S0088,crystalline,28,enhanced,d18O_SO4,0.0,-0.0013323510123925473,-0.0013323510123925473
M5S0088,crystalline,28,enhanced,d15N_NO3,0.0,-0.000662317684773765,-0.000662317684773765
M5S0088,crystalline,28,enhanced,d18O_NO3,0.0,-0.0005109829017821475,-0.0005109829017821475
M5S0089,crystalline,29,plus_lite,SiO2,0.0451522057575824,0.04474102021411283,-0.00041118554346956937
M5S0089,crystalline,29,plus_lite,Sr,0.020277664982033695,0.01980847726317279,-0.0004691877188609042
M5S0089,crystalline,29,plus_lite,water_isotope_evaporation,0.0,0.0005604413954420608,0.0005604413954420608
M5S0089,crystalline,29,enhanced,SiO2,0.0451522057575824,0.043839123247153576,-0.0013130825104288243
M5S0089,crystalline,29,enhanced,Sr,0.020277664982033695,0.0205006995553592,0.00022303457332550555
M5S0089,crystalline,29,enhanced,water_isotope_evaporation,0.0,0.00015711795730539966,0.00015711795730539966
M5S0089,crystalline,29,enhanced,Br,0.0,0.00017115025716167722,0.00017115025716167722
M5S0089,crystalline,29,enhanced,DO,0.0,0.0001988583410868577,0.0001988583410868577
M5S0089,crystalline,29,enhanced,DOC,0.0,0.0006703663082647739,0.0006703663082647739
M5S0089,crystalline,29,enhanced,d34S_SO4,0.0,0.0005830638200306511,0.0005830638200306511
M5S0089,crystalline,29,enhanced,d18O_SO4,0.0,-0.00018250999789497254,-0.00018250999789497254
M5S0089,crystalline,29,enhanced,d15N_NO3,0.0,0.0018058963834609166,0.0018058963834609166
M5S0089,crystalline,29,enhanced,d18O_NO3,0.0,0.00017244630655184227,0.00017244630655184227
M5S0090,crystalline,30,plus_lite,SiO2,0.3943116663491427,0.3835295522153426,-0.010782114133800147
M5S0090,crystalline,30,plus_lite,Sr,0.022086686745195733,0.022415346372756894,0.00032865962756116127
M5S0090,crystalline,30,plus_lite,water_isotope_evaporation,0.0,0.00026593747466049103,0.00026593747466049103
M5S0090,crystalline,30,enhanced,SiO2,0.3943116663491427,0.3821359254062928,-0.0121757409428499
M5S0090,crystalline,30,enhanced,Sr,0.022086686745195733,0.021477630946986823,-0.0006090557982089094
M5S0090,crystalline,30,enhanced,water_isotope_evaporation,0.0,0.001174986533788484,0.001174986533788484
M5S0090,crystalline,30,enhanced,Br,0.0,0.00027301781293133473,0.00027301781293133473
M5S0090,crystalline,30,enhanced,DO,0.026377676726036893,0.0270286046097492,0.0006509278837123073
M5S0090,crystalline,30,enhanced,DOC,0.0,1.1112074439685923e-05,1.1112074439685923e-05
M5S0090,crystalline,30,enhanced,d34S_SO4,0.029674886316791504,0.028473140650717522,-0.0012017456660739813
M5S0090,crystalline,30,enhanced,d18O_SO4,-0.014837443158395752,-0.014525900892533737,0.0003115422658620144
M5S0090,crystalline,30,enhanced,d15N_NO3,0.0,-0.0014998237624914968,-0.0014998237624914968
M5S0090,crystalline,30,enhanced,d18O_NO3,0.0,-6.762951423902772e-05,-6.762951423902772e-05
M5S0091,crystalline,31,plus_lite,SiO2,-0.03108027102536269,-0.031172617926478706,-9.234690111601523e-05
M5S0091,crystalline,31,plus_lite,Sr,-0.006216054205072538,-0.004783974382413326,0.0014320798226592126
M5S0091,crystalline,31,plus_lite,water_isotope_evaporation,0.0,-3.276213686353613e-05,-3.276213686353613e-05
M5S0091,crystalline,31,enhanced,SiO2,-0.03108027102536269,-0.03226432832570328,-0.001184057300340588
M5S0091,crystalline,31,enhanced,Sr,-0.006216054205072538,-0.00660351540859845,-0.0003874612035259118
M5S0091,crystalline,31,enhanced,water_isotope_evaporation,0.0,0.0009176436016083477,0.0009176436016083477
M5S0091,crystalline,31,enhanced,Br,0.0,-0.00023618849041526433,-0.00023618849041526433
M5S0091,crystalline,31,enhanced,DO,0.0,-0.0003902987011358925,-0.0003902987011358925
M5S0091,crystalline,31,enhanced,DOC,0.0,0.0005444697909181976,0.0005444697909181976
M5S0091,crystalline,31,enhanced,d34S_SO4,0.0,1.7824299103552307e-05,1.7824299103552307e-05
M5S0091,crystalline,31,enhanced,d18O_SO4,0.0,0.001059697284847488,0.001059697284847488
M5S0091,crystalline,31,enhanced,d15N_NO3,0.0,0.00010686463203226901,0.00010686463203226901
M5S0091,crystalline,31,enhanced,d18O_NO3,0.0,-0.00033576896673364394,-0.00033576896673364394
M5S0092,crystalline,32,plus_lite,SiO2,0.0,0.0009760683308114645,0.0009760683308114645
M5S0092,crystalline,32,plus_lite,Sr,0.02545857859205279,0.026038334915221322,0.0005797563231685308
M5S0092,crystalline,32,plus_lite,water_isotope_evaporation,0.0,0.0004609392904335897,0.0004609392904335897
M5S0092,crystalline,32,enhanced,SiO2,0.0,0.0004057664641956075,0.0004057664641956075
M5S0092,crystalline,32,enhanced,Sr,0.02545857859205279,0.02534177560007007,-0.00011680299198272084
M5S0092,crystalline,32,enhanced,water_isotope_evaporation,0.0,-0.0002419994749620216,-0.0002419994749620216
M5S0092,crystalline,32,enhanced,Br,0.0,-0.00048464506037222736,-0.00048464506037222736
M5S0092,crystalline,32,enhanced,DO,0.0,0.00023719975526929156,0.00023719975526929156
M5S0092,crystalline,32,enhanced,DOC,0.0,0.0004529529640682522,0.0004529529640682522
M5S0092,crystalline,32,enhanced,d34S_SO4,0.0,-0.001874171245343193,-0.001874171245343193
M5S0092,crystalline,32,enhanced,d18O_SO4,0.0,-0.0008460083146895457,-0.0008460083146895457
M5S0092,crystalline,32,enhanced,d15N_NO3,0.0,0.00024447449349331436,0.00024447449349331436
M5S0092,crystalline,32,enhanced,d18O_NO3,0.0,-0.00018710606093478584,-0.00018710606093478584
M5S0093,crystalline,33,plus_lite,SiO2,0.0,-0.0002459988510134433,-0.0002459988510134433
M5S0093,crystalline,33,plus_lite,Sr,0.0018573181267962557,0.001675286752237045,-0.00018203137455921072
M5S0093,crystalline,33,plus_lite,water_isotope_evaporation,0.0,3.919788590331171e-06,3.919788590331171e-06
M5S0093,crystalline,33,enhanced,SiO2,0.0,-0.0006382283781319326,-0.0006382283781319326
M5S0093,crystalline,33,enhanced,Sr,0.0018573181267962557,0.0018099132235396445,-4.740490325661124e-05
M5S0093,crystalline,33,enhanced,water_isotope_evaporation,0.0,-0.00047538535083940683,-0.00047538535083940683
M5S0093,crystalline,33,enhanced,Br,0.0,0.00010397557432971685,0.00010397557432971685
M5S0093,crystalline,33,enhanced,DO,0.04508861655791403,0.044769684816959525,-0.00031893174095450755
M5S0093,crystalline,33,enhanced,DOC,0.0,9.894689473088813e-07,9.894689473088813e-07
M5S0093,crystalline,33,enhanced,d34S_SO4,0.050724693627653285,0.04956857741971429,-0.001156116207938998
M5S0093,crystalline,33,enhanced,d18O_SO4,-0.025362346813826642,-0.0249319169880994,0.00043042982572724306
M5S0093,crystalline,33,enhanced,d15N_NO3,0.0,-0.0007407137990505784,-0.0007407137990505784
M5S0093,crystalline,33,enhanced,d18O_NO3,0.0,0.00012268284119699456,0.00012268284119699456
M5S0094,crystalline,34,plus_lite,SiO2,0.24264758796460273,0.2361901388513688,-0.006457449113233926
M5S0094,crystalline,34,plus_lite,Sr,0.024934574156165464,0.02488651713997811,-4.8057016187354196e-05
M5S0094,crystalline,34,plus_lite,water_isotope_evaporation,0.0,3.3131915297887414e-06,3.3131915297887414e-06
M5S0094,crystalline,34,enhanced,SiO2,0.24264758796460273,0.23260811219633643,-0.010039475768266304
M5S0094,crystalline,34,enhanced,Sr,0.024934574156165464,0.02499372884399066,5.915468782519487e-05
M5S0094,crystalline,34,enhanced,water_isotope_evaporation,0.0,0.00010045368048817333,0.00010045368048817333
M5S0094,crystalline,34,enhanced,Br,0.0,-0.0009176877747367435,-0.0009176877747367435
M5S0094,crystalline,34,enhanced,DO,0.0,-0.0009948790062594562,-0.0009948790062594562
M5S0094,crystalline,34,enhanced,DOC,0.0,0.0004059469345734945,0.0004059469345734945
M5S0094,crystalline,34,enhanced,d34S_SO4,0.0,0.0003438703858518935,0.0003438703858518935
M5S0094,crystalline,34,enhanced,d18O_SO4,0.0,-0.0005406228310125954,-0.0005406228310125954
M5S0094,crystalline,34,enhanced,d15N_NO3,0.0,-0.0007470682615525883,-0.0007470682615525883
M5S0094,crystalline,34,enhanced,d18O_NO3,0.0,1.3536869048483379e-05,1.3536869048483379e-05
M5S0095,crystalline,35,plus_lite,SiO2,0.29195807661802814,0.28160630573443574,-0.010351770883592404
M5S0095,crystalline,35,plus_lite,Sr,0.024715884042997766,0.024420179412756555,-0.0002957046302412107
M5S0095,crystalline,35,plus_lite,water_isotope_evaporation,0.0,0.00023900673551689394,0.00023900673551689394
M5S0095,crystalline,35,enhanced,SiO2,0.29195807661802814,0.29348468402752964,0.0015266074095015014
M5S0095,crystalline,35,enhanced,Sr,0.024715884042997766,0.024109007028973638,-0.0006068770140241278
M5S0095,crystalline,35,enhanced,water_isotope_evaporation,0.0,-0.0011143077372029765,-0.0011143077372029765
M5S0095,crystalline,35,enhanced,Br,0.0,-0.0005286386064228317,-0.0005286386064228317
M5S0095,crystalline,35,enhanced,DO,0.009596376164019507,0.008957726203153238,-0.0006386499608662683
M5S0095,crystalline,35,enhanced,DOC,0.0,0.00016440511356129623,0.00016440511356129623
M5S0095,crystalline,35,enhanced,d34S_SO4,0.010795923184521944,0.011486160925515253,0.0006902377409933099
M5S0095,crystalline,35,enhanced,d18O_SO4,-0.005397961592260972,-0.005470599157655531,-7.263756539455882e-05
M5S0095,crystalline,35,enhanced,d15N_NO3,0.0,-0.00036901762191808297,-0.00036901762191808297
M5S0095,crystalline,35,enhanced,d18O_NO3,0.0,-0.0005975163401512711,-0.0005975163401512711
M5S0096,crystalline,36,plus_lite,SiO2,0.0,-0.0005506172557500386,-0.0005506172557500386
M5S0096,crystalline,36,plus_lite,Sr,0.0,-0.00013774850423258059,-0.00013774850423258059
M5S0096,crystalline,36,plus_lite,water_isotope_evaporation,0.0,-0.0005226184922164955,-0.0005226184922164955
M5S0096,crystalline,36,enhanced,SiO2,0.0,5.396857641946393e-05,5.396857641946393e-05
M5S0096,crystalline,36,enhanced,Sr,0.0,-0.0007697688639825418,-0.0007697688639825418
M5S0096,crystalline,36,enhanced,water_isotope_evaporation,0.0,0.0010272096747826235,0.0010272096747826235
M5S0096,crystalline,36,enhanced,Br,0.0,0.0009623869804352239,0.0009623869804352239
M5S0096,crystalline,36,enhanced,DO,0.0,-0.0009064897150075152,-0.0009064897150075152
M5S0096,crystalline,36,enhanced,DOC,0.0,-0.0001600276926339639,-0.0001600276926339639
M5S0096,crystalline,36,enhanced,d34S_SO4,0.0,-0.00042432054585891753,-0.00042432054585891753
M5S0096,crystalline,36,enhanced,d18O_SO4,0.0,0.00035251524682775037,0.00035251524682775037
M5S0096,crystalline,36,enhanced,d15N_NO3,0.0,0.0001461049942939353,0.0001461049942939353
M5S0096,crystalline,36,enhanced,d18O_NO3,0.0,-0.00044375435288160407,-0.00044375435288160407
M5S0097,crystalline,37,plus_lite,SiO2,-0.07402035009650733,-0.07589191176532961,-0.001871561668822283
M5S0097,crystalline,37,plus_lite,Sr,0.0009223165715584077,0.0005481802773556128,-0.0003741362942027949
M5S0097,crystalline,37,plus_lite,water_isotope_evaporation,0.0,0.0007631614954974134,0.0007631614954974134
M5S0097,crystalline,37,enhanced,SiO2,-0.07402035009650733,-0.0707965560884275,0.0032237940080798305
M5S0097,crystalline,37,enhanced,Sr,0.0009223165715584077,0.0013513921756783858,0.0004290756041199781
M5S0097,crystalline,37,enhanced,water_isotope_evaporation,0.0,5.289755849420844e-07,5.289755849420844e-07
M5S0097,crystalline,37,enhanced,Br,0.0,0.0005320292432051082,0.0005320292432051082
M5S0097,crystalline,37,enhanced,DO,0.0,-0.0005232054203934237,-0.0005232054203934237
M5S0097,crystalline,37,enhanced,DOC,0.0,-0.00047051105984210995,-0.00047051105984210995
M5S0097,crystalline,37,enhanced,d34S_SO4,0.0,0.000628730413762168,0.000628730413762168
M5S0097,crystalline,37,enhanced,d18O_SO4,0.0,1.183872375539318e-05,1.183872375539318e-05
M5S0097,crystalline,37,enhanced,d15N_NO3,0.0,-9.211390265129855e-05,-9.211390265129855e-05
M5S0097,crystalline,37,enhanced,d18O_NO3,0.0,0.0004419404919893322,0.0004419404919893322
M5S0098,crystalline,38,plus_lite,SiO2,0.3671084474830214,0.3568926713375025,-0.010215776145518884
M5S0098,crystalline,38,plus_lite,Sr,0.0012144543312476253,0.0017019137829086732,0.00048745945166104795
M5S0098,crystalline,38,plus_lite,water_isotope_evaporation,0.0,0.0002605978640531126,0.0002605978640531126
M5S0098,crystalline,38,enhanced,SiO2,0.3671084474830214,0.37717177305452504,0.010063325571503634
M5S0098,crystalline,38,enhanced,Sr,0.0012144543312476253,0.00043874169439878053,-0.0007757126368488447
M5S0098,crystalline,38,enhanced,water_isotope_evaporation,0.0,-4.2451365363908924e-05,-4.2451365363908924e-05
M5S0098,crystalline,38,enhanced,Br,0.0,0.0013028782808900286,0.0013028782808900286
M5S0098,crystalline,38,enhanced,DO,0.0,0.00037053656528781095,0.00037053656528781095
M5S0098,crystalline,38,enhanced,DOC,0.0,-0.00035452898065233164,-0.00035452898065233164
M5S0098,crystalline,38,enhanced,d34S_SO4,0.0,0.0007540016586746895,0.0007540016586746895
M5S0098,crystalline,38,enhanced,d18O_SO4,0.0,0.00030741310012765446,0.00030741310012765446
M5S0098,crystalline,38,enhanced,d15N_NO3,0.0,0.0007980313522113654,0.0007980313522113654
M5S0098,crystalline,38,enhanced,d18O_NO3,0.0,9.398912247900503e-05,9.398912247900503e-05
M5S0099,crystalline,39,plus_lite,SiO2,0.08380141599019088,0.08346257262726273,-0.0003388433629281512
M5S0099,crystalline,39,plus_lite,Sr,0.007656733276949157,0.006692547293898952,-0.0009641859830502048
M5S0099,crystalline,39,plus_lite,water_isotope_evaporation,0.0,0.0001621084660533102,0.0001621084660533102
M5S0099,crystalline,39,enhanced,SiO2,0.08380141599019088,0.0832379145100811,-0.0005635014801097793
M5S0099,crystalline,39,enhanced,Sr,0.007656733276949157,0.007097980653097252,-0.0005587526238519051
M5S0099,crystalline,39,enhanced,water_isotope_evaporation,0.0,0.00016965005285859923,0.00016965005285859923
M5S0099,crystalline,39,enhanced,Br,0.0,0.00019899370731683345,0.00019899370731683345
M5S0099,crystalline,39,enhanced,DO,0.02940720188773523,0.029188603297402523,-0.00021859859033270673
M5S0099,crystalline,39,enhanced,DOC,0.0,-0.0001267497235260831,-0.0001267497235260831
M5S0099,crystalline,39,enhanced,d34S_SO4,0.033083102123702135,0.0330175315421812,-6.557058152093648e-05
M5S0099,crystalline,39,enhanced,d18O_SO4,-0.016541551061851067,-0.01575026777134112,0.0007912832905099462
M5S0099,crystalline,39,enhanced,d15N_NO3,0.0,3.162929253506051e-06,3.162929253506051e-06
M5S0099,crystalline,39,enhanced,d18O_NO3,0.0,6.059828187218209e-05,6.059828187218209e-05
M5S0100,crystalline,40,plus_lite,SiO2,0.33825191581413266,0.3325070976256241,-0.0057448181885085825
M5S0100,crystalline,40,plus_lite,Sr,0.03199337006374198,0.03188626039293291,-0.00010710967080906908
M5S0100,crystalline,40,plus_lite,water_isotope_evaporation,0.0,0.0001543592620143223,0.0001543592620143223
M5S0100,crystalline,40,enhanced,SiO2,0.33825191581413266,0.3370736023072051,-0.0011783135069275419
M5S0100,crystalline,40,enhanced,Sr,0.03199337006374198,0.0302985739713098,-0.0016947960924321784
M5S0100,crystalline,40,enhanced,water_isotope_evaporation,0.0,-0.0002922267237155335,-0.0002922267237155335
M5S0100,crystalline,40,enhanced,Br,0.0,-0.0005798288278860184,-0.0005798288278860184
M5S0100,crystalline,40,enhanced,DO,0.0,-0.00033268829594356434,-0.00033268829594356434
M5S0100,crystalline,40,enhanced,DOC,0.0,0.00134228392696436,0.00134228392696436
M5S0100,crystalline,40,enhanced,d34S_SO4,0.0,-0.0007157169891340479,-0.0007157169891340479
M5S0100,crystalline,40,enhanced,d18O_SO4,0.0,0.0006420082427657615,0.0006420082427657615
M5S0100,crystalline,40,enhanced,d15N_NO3,0.0,-0.00022816917560560988,-0.00022816917560560988
M5S0100,crystalline,40,enhanced,d18O_NO3,0.0,-0.0003130619607046058,-0.0003130619607046058
M5S0101,crystalline,41,plus_lite,SiO2,0.18845386408403114,0.20127369691592184,0.012819832831890698
M5S0101,crystalline,41,plus_lite,Sr,0.0,-0.001059579751405682,-0.001059579751405682
M5S0101,crystalline,41,plus_lite,water_isotope_evaporation,0.0,-0.00032415350467387234,-0.00032415350467387234
M5S0101,crystalline,41,enhanced,SiO2,0.18845386408403114,0.18046645189143976,-0.007987412192591387
M5S0101,crystalline,41,enhanced,Sr,0.0,0.00064657833920065,0.00064657833920065
M5S0101,crystalline,41,enhanced,water_isotope_evaporation,0.0,0.00032109101974329914,0.00032109101974329914
M5S0101,crystalline,41,enhanced,Br,0.0,0.0006216225529123831,0.0006216225529123831
M5S0101,crystalline,41,enhanced,DO,0.0,-1.8192476924196202e-05,-1.8192476924196202e-05
M5S0101,crystalline,41,enhanced,DOC,0.0,0.0004864525017919414,0.0004864525017919414
M5S0101,crystalline,41,enhanced,d34S_SO4,0.0,-8.768033576125631e-05,-8.768033576125631e-05
M5S0101,crystalline,41,enhanced,d18O_SO4,0.0,6.920158165612774e-05,6.920158165612774e-05
M5S0101,crystalline,41,enhanced,d15N_NO3,0.0,0.0005175258718628313,0.0005175258718628313
M5S0101,crystalline,41,enhanced,d18O_NO3,0.0,4.9548070721930174e-06,4.9548070721930174e-06
M5S0102,crystalline,42,plus_lite,SiO2,-0.20906829588124973,-0.20680112595658107,0.0022671699246686605
M5S0102,crystalline,42,plus_lite,Sr,0.0008429509605667025,0.0016363164553260922,0.0007933654947593897
M5S0102,crystalline,42,plus_lite,water_isotope_evaporation,0.0,-0.0012505442161979796,-0.0012505442161979796
M5S0102,crystalline,42,enhanced,SiO2,-0.20906829588124973,-0.22330198705069274,-0.014233691169443008
M5S0102,crystalline,42,enhanced,Sr,0.0008429509605667025,0.001357232439842647,0.0005142814792759445
M5S0102,crystalline,42,enhanced,water_isotope_evaporation,0.0,-0.0008186718232467004,-0.0008186718232467004
M5S0102,crystalline,42,enhanced,Br,0.0,-0.0002631246143548435,-0.0002631246143548435
M5S0102,crystalline,42,enhanced,DO,0.0,0.00039044765687562354,0.00039044765687562354
M5S0102,crystalline,42,enhanced,DOC,0.0,-0.0005378049573147908,-0.0005378049573147908
M5S0102,crystalline,42,enhanced,d34S_SO4,0.0,0.0005973405654452578,0.0005973405654452578
M5S0102,crystalline,42,enhanced,d18O_SO4,0.0,-0.00014701312250752846,-0.00014701312250752846
M5S0102,crystalline,42,enhanced,d15N_NO3,0.0,0.0012025117731622552,0.0012025117731622552
M5S0102,crystalline,42,enhanced,d18O_NO3,0.0,-0.00036592215794757394,-0.00036592215794757394
M5S0103,crystalline,43,plus_lite,SiO2,0.023680152335222412,0.02307108561956171,-0.0006090667156607027
M5S0103,crystalline,43,plus_lite,Sr,0.0,0.0006100177302704081,0.0006100177302704081
M5S0103,crystalline,43,plus_lite,water_isotope_evaporation,0.0,0.00022480436993722243,0.00022480436993722243
M5S0103,crystalline,43,enhanced,SiO2,0.023680152335222412,0.02344967045606381,-0.00023048187915860122
M5S0103,crystalline,43,enhanced,Sr,0.0,0.00038267250582738196,0.00038267250582738196
M5S0103,crystalline,43,enhanced,water_isotope_evaporation,0.0,0.0004542323760716238,0.0004542323760716238
M5S0103,crystalline,43,enhanced,Br,0.0,-0.00017597865505875797,-0.00017597865505875797
M5S0103,crystalline,43,enhanced,DO,0.03265400716303873,0.03327958343841878,0.0006255762753800548
M5S0103,crystalline,43,enhanced,DOC,0.0,-0.0006187067286973129,-0.0006187067286973129
M5S0103,crystalline,43,enhanced,d34S_SO4,0.03673575805841856,0.037543718524151386,0.0008079604657328238
M5S0103,crystalline,43,enhanced,d18O_SO4,-0.01836787902920928,-0.017477534272224777,0.0008903447569845041
M5S0103,crystalline,43,enhanced,d15N_NO3,0.0,0.0007043154785253508,0.0007043154785253508
M5S0103,crystalline,43,enhanced,d18O_NO3,0.0,0.0005295145954457428,0.0005295145954457428
M5S0104,crystalline,44,plus_lite,SiO2,0.09498490833203027,0.09157956130547426,-0.0034053470265560104
M5S0104,crystalline,44,plus_lite,Sr,-0.02231086211399921,-0.022387442793072775,-7.658067907356444e-05
M5S0104,crystalline,44,plus_lite,water_isotope_evaporation,0.0,-0.0002651410782856928,-0.0002651410782856928
M5S0104,crystalline,44,enhanced,SiO2,0.09498490833203027,0.09592350675595422,0.0009385984239239503
M5S0104,crystalline,44,enhanced,Sr,-0.02231086211399921,-0.023365491601289225,-0.0010546294872900153
M5S0104,crystalline,44,enhanced,water_isotope_evaporation,0.0,-1.8286085397278818e-05,-1.8286085397278818e-05
M5S0104,crystalline,44,enhanced,Br,0.0,-0.0003004458011234579,-0.0003004458011234579
M5S0104,crystalline,44,enhanced,DO,0.02859300358944683,0.028192178741376445,-0.00040082484807038576
M5S0104,crystalline,44,enhanced,DOC,0.0,0.0001979384659258588,0.0001979384659258588
M5S0104,crystalline,44,enhanced,d34S_SO4,0.032167129038127684,0.031748985591301335,-0.0004181434468263495
M5S0104,crystalline,44,enhanced,d18O_SO4,-0.016083564519063842,-0.01447098914002525,0.001612575379038592
M5S0104,crystalline,44,enhanced,d15N_NO3,0.0,-0.00019833427502874605,-0.00019833427502874605
M5S0104,crystalline,44,enhanced,d18O_NO3,0.0,0.0006946425489737966,0.0006946425489737966
M5S0105,crystalline,45,plus_lite,SiO2,0.2129986300071658,0.21178938482653953,-0.0012092451806262616
M5S0105,crystalline,45,plus_lite,Sr,0.047892950476248364,0.05044225125535803,0.002549300779109663
M5S0105,crystalline,45,plus_lite,water_isotope_evaporation,0.0,0.00022503863345368623,0.00022503863345368623
M5S0105,crystalline,45,enhanced,SiO2,0.2129986300071658,0.22271879209760936,0.009720162090443574
M5S0105,crystalline,45,enhanced,Sr,0.047892950476248364,0.04907227030239166,0.0011793198261432977
M5S0105,crystalline,45,enhanced,water_isotope_evaporation,0.0,-0.0012696198389546593,-0.0012696198389546593
M5S0105,crystalline,45,enhanced,Br,0.0,-0.0009783801813040018,-0.0009783801813040018
M5S0105,crystalline,45,enhanced,DO,0.0,-0.0011163010353058204,-0.0011163010353058204
M5S0105,crystalline,45,enhanced,DOC,0.0,0.0003130891582932659,0.0003130891582932659
M5S0105,crystalline,45,enhanced,d34S_SO4,0.0,0.0006685426360130874,0.0006685426360130874
M5S0105,crystalline,45,enhanced,d18O_SO4,0.0,0.000709922188182397,0.000709922188182397
M5S0105,crystalline,45,enhanced,d15N_NO3,0.0,0.00031420658386320716,0.00031420658386320716
M5S0105,crystalline,45,enhanced,d18O_NO3,0.0,0.0009547914629712652,0.0009547914629712652
M5S0106,crystalline,46,plus_lite,SiO2,0.0,0.0004953087002019588,0.0004953087002019588
M5S0106,crystalline,46,plus_lite,Sr,0.032985395014268594,0.03406527200747807,0.0010798769932094734
M5S0106,crystalline,46,plus_lite,water_isotope_evaporation,0.0,0.00037891484996568995,0.00037891484996568995
M5S0106,crystalline,46,enhanced,SiO2,0.0,-0.0005844793223396555,-0.0005844793223396555
M5S0106,crystalline,46,enhanced,Sr,0.032985395014268594,0.03300446758733086,1.907257306226623e-05
M5S0106,crystalline,46,enhanced,water_isotope_evaporation,0.0,-0.00030215073089852096,-0.00030215073089852096
M5S0106,crystalline,46,enhanced,Br,0.0,-0.00022425720546622897,-0.00022425720546622897
M5S0106,crystalline,46,enhanced,DO,0.0,-0.0012140541662688344,-0.0012140541662688344
M5S0106,crystalline,46,enhanced,DOC,0.0,-0.0002677923887153456,-0.0002677923887153456
M5S0106,crystalline,46,enhanced,d34S_SO4,0.0,-8.627376983343564e-05,-8.627376983343564e-05
M5S0106,crystalline,46,enhanced,d18O_SO4,0.0,-0.0006436995956624002,-0.0006436995956624002
M5S0106,crystalline,46,enhanced,d15N_NO3,0.0,0.00035019379651931773,0.00035019379651931773
M5S0106,crystalline,46,enhanced,d18O_NO3,0.0,0.00034379485670316926,0.00034379485670316926
M5S0107,crystalline,47,plus_lite,SiO2,-0.11368792337710742,-0.11583482132000746,-0.0021468979429000307
M5S0107,crystalline,47,plus_lite,Sr,0.0,0.00024094399163251544,0.00024094399163251544
M5S0107,crystalline,47,plus_lite,water_isotope_evaporation,0.0,0.00030753252616376903,0.00030753252616376903
M5S0107,crystalline,47,enhanced,SiO2,-0.11368792337710742,-0.11207949556378725,0.0016084278133201707
M5S0107,crystalline,47,enhanced,Sr,0.0,-0.001254229707148263,-0.001254229707148263
M5S0107,crystalline,47,enhanced,water_isotope_evaporation,0.0,-0.00026392344919709754,-0.00026392344919709754
M5S0107,crystalline,47,enhanced,Br,0.0,-0.00040802105371187994,-0.00040802105371187994
M5S0107,crystalline,47,enhanced,DO,0.0,0.0007591819963792934,0.0007591819963792934
M5S0107,crystalline,47,enhanced,DOC,0.0,0.0009457933687239971,0.0009457933687239971
M5S0107,crystalline,47,enhanced,d34S_SO4,0.0,-0.0006389579156379062,-0.0006389579156379062
M5S0107,crystalline,47,enhanced,d18O_SO4,0.0,-0.0003572340242002792,-0.0003572340242002792
M5S0107,crystalline,47,enhanced,d15N_NO3,0.0,4.142242544131982e-05,4.142242544131982e-05
M5S0107,crystalline,47,enhanced,d18O_NO3,0.0,-0.00044625853741825133,-0.00044625853741825133
M5S0108,crystalline,48,plus_lite,SiO2,0.24396654482795677,0.24392145707753027,-4.508775042649793e-05
M5S0108,crystalline,48,plus_lite,Sr,0.06822491600909558,0.06846450063030657,0.00023958462121098645
M5S0108,crystalline,48,plus_lite,water_isotope_evaporation,0.0,-0.0007782630940234436,-0.0007782630940234436
M5S0108,crystalline,48,enhanced,SiO2,0.24396654482795677,0.25399031835961955,0.010023773531662783
M5S0108,crystalline,48,enhanced,Sr,0.06822491600909558,0.06932889722912167,0.0011039812200260846
M5S0108,crystalline,48,enhanced,water_isotope_evaporation,0.0,0.00047876075873794737,0.00047876075873794737
M5S0108,crystalline,48,enhanced,Br,0.0,-0.0001766375417874956,-0.0001766375417874956
M5S0108,crystalline,48,enhanced,DO,0.0,-0.0005749584991576598,-0.0005749584991576598
M5S0108,crystalline,48,enhanced,DOC,0.0,0.0004048247410462667,0.0004048247410462667
M5S0108,crystalline,48,enhanced,d34S_SO4,0.0,-0.00015272062569427814,-0.00015272062569427814
M5S0108,crystalline,48,enhanced,d18O_SO4,0.0,-0.00014300849599304343,-0.00014300849599304343
M5S0108,crystalline,48,enhanced,d15N_NO3,0.0,0.0004405694370487109,0.0004405694370487109
M5S0108,crystalline,48,enhanced,d18O_NO3,0.0,-0.0008640920982124131,-0.0008640920982124131
M5S0109,crystalline,49,plus_lite,SiO2,0.0,0.00043352823658848695,0.00043352823658848695
M5S0109,crystalline,49,plus_lite,Sr,0.007060376290287712,0.00660648185482258,-0.00045389443546513253
M5S0109,crystalline,49,plus_lite,water_isotope_evaporation,0.0,0.0004685698121660994,0.0004685698121660994
M5S0109,crystalline,49,enhanced,SiO2,0.0,-0.001203911654928716,-0.001203911654928716
M5S0109,crystalline,49,enhanced,Sr,0.007060376290287712,0.007559236775402021,0.0004988604851143084
M5S0109,crystalline,49,enhanced,water_isotope_evaporation,0.0,0.000543847370564207,0.000543847370564207
M5S0109,crystalline,49,enhanced,Br,0.0,-0.0001575890900392362,-0.0001575890900392362
M5S0109,crystalline,49,enhanced,DO,0.014766129916282934,0.014219286381322862,-0.0005468435349600727
M5S0109,crystalline,49,enhanced,DOC,0.0,-0.0008046985924516852,-0.0008046985924516852
M5S0109,crystalline,49,enhanced,d34S_SO4,0.0166118961558183,0.01662130364938439,9.407493566090247e-06
M5S0109,crystalline,49,enhanced,d18O_SO4,-0.00830594807790915,-0.007874282558698773,0.0004316655192103773
M5S0109,crystalline,49,enhanced,d15N_NO3,0.0,1.4104686277620712e-05,1.4104686277620712e-05
M5S0109,crystalline,49,enhanced,d18O_NO3,0.0,-1.8943856662669768e-05,-1.8943856662669768e-05
M5S0110,crystalline,50,plus_lite,SiO2,-0.013588386421096853,-0.013411323431469604,0.0001770629896272486
M5S0110,crystalline,50,plus_lite,Sr,-0.0027931697502099717,-0.004093438891411813,-0.0013002691412018412
M5S0110,crystalline,50,plus_lite,water_isotope_evaporation,0.0,-0.00038335814676300766,-0.00038335814676300766
M5S0110,crystalline,50,enhanced,SiO2,-0.013588386421096853,-0.014301423888035342,-0.0007130374669384893
M5S0110,crystalline,50,enhanced,Sr,-0.0027931697502099717,-0.0031330827311038885,-0.0003399129808939168
M5S0110,crystalline,50,enhanced,water_isotope_evaporation,0.0,-0.0004450393553618805,-0.0004450393553618805
M5S0110,crystalline,50,enhanced,Br,0.0,-0.00032397762354735766,-0.00032397762354735766
M5S0110,crystalline,50,enhanced,DO,0.0,-0.0006556444206126791,-0.0006556444206126791
M5S0110,crystalline,50,enhanced,DOC,0.0,0.0006338090024104955,0.0006338090024104955
M5S0110,crystalline,50,enhanced,d34S_SO4,0.0,-0.00048228532698595453,-0.00048228532698595453
M5S0110,crystalline,50,enhanced,d18O_SO4,0.0,0.0006278371882084772,0.0006278371882084772
M5S0110,crystalline,50,enhanced,d15N_NO3,0.0,0.00013798944760375369,0.00013798944760375369
M5S0110,crystalline,50,enhanced,d18O_NO3,0.0,0.0006862403700196607,0.0006862403700196607
M5S0111,crystalline,51,plus_lite,SiO2,0.0,6.913290692806398e-05,6.913290692806398e-05
M5S0111,crystalline,51,plus_lite,Sr,0.0,0.0006108142732273887,0.0006108142732273887
M5S0111,crystalline,51,plus_lite,water_isotope_evaporation,0.0,-0.0006444062267201718,-0.0006444062267201718
M5S0111,crystalline,51,enhanced,SiO2,0.0,-5.36846272235272e-05,-5.36846272235272e-05
M5S0111,crystalline,51,enhanced,Sr,0.0,-0.0002219751131016979,-0.0002219751131016979
M5S0111,crystalline,51,enhanced,water_isotope_evaporation,0.0,0.001329846001662293,0.001329846001662293
M5S0111,crystalline,51,enhanced,Br,0.0,0.0002562146505346632,0.0002562146505346632
M5S0111,crystalline,51,enhanced,DO,0.0,-0.0012357982221786205,-0.0012357982221786205
M5S0111,crystalline,51,enhanced,DOC,0.0,-0.0003790119519290116,-0.0003790119519290116
M5S0111,crystalline,51,enhanced,d34S_SO4,0.0,-0.0003352948467030067,-0.0003352948467030067
M5S0111,crystalline,51,enhanced,d18O_SO4,0.0,0.00018198080969191593,0.00018198080969191593
M5S0111,crystalline,51,enhanced,d15N_NO3,0.0,0.0012938193119609626,0.0012938193119609626
M5S0111,crystalline,51,enhanced,d18O_NO3,0.0,0.0002822853588597849,0.0002822853588597849
M5S0112,crystalline,52,plus_lite,SiO2,0.0,-0.0003424505719569724,-0.0003424505719569724
M5S0112,crystalline,52,plus_lite,Sr,0.030665194489647274,0.03109217486760719,0.00042698037795991725
M5S0112,crystalline,52,plus_lite,water_isotope_evaporation,0.0,-0.00046393800652757715,-0.00046393800652757715
M5S0112,crystalline,52,enhanced,SiO2,0.0,-0.00038612137145998827,-0.00038612137145998827
M5S0112,crystalline,52,enhanced,Sr,0.030665194489647274,0.0302553220796955,-0.00040987240995177254
M5S0112,crystalline,52,enhanced,water_isotope_evaporation,0.0,-0.0008357815005369308,-0.0008357815005369308
M5S0112,crystalline,52,enhanced,Br,0.0,-0.0005053013967049257,-0.0005053013967049257
M5S0112,crystalline,52,enhanced,DO,0.06000184905770725,0.058817426213224965,-0.0011844228444822871
M5S0112,crystalline,52,enhanced,DOC,0.0,-0.0006872698242578144,-0.0006872698242578144
M5S0112,crystalline,52,enhanced,d34S_SO4,0.06750208018992065,0.06718246464451812,-0.0003196155454025379
M5S0112,crystalline,52,enhanced,d18O_SO4,-0.03375104009496033,-0.033178921810875846,0.0005721182840844816
M5S0112,crystalline,52,enhanced,d15N_NO3,0.0,0.00016744951528599943,0.00016744951528599943
M5S0112,crystalline,52,enhanced,d18O_NO3,0.0,-0.000830479513460996,-0.000830479513460996
M5S0113,crystalline,53,plus_lite,SiO2,-0.2046995180719888,-0.20205713892484536,0.0026423791471434366
M5S0113,crystalline,53,plus_lite,Sr,-0.052952022514627044,-0.05185896138957693,0.0010930611250501154
M5S0113,crystalline,53,plus_lite,water_isotope_evaporation,0.0,-4.0095217372702874e-05,-4.0095217372702874e-05
M5S0113,crystalline,53,enhanced,SiO2,-0.2046995180719888,-0.20206213343783108,0.002637384634157719
M5S0113,crystalline,53,enhanced,Sr,-0.052952022514627044,-0.05135574690036953,0.001596275614257514
M5S0113,crystalline,53,enhanced,water_isotope_evaporation,0.0,-0.0004531959552375411,-0.0004531959552375411
M5S0113,crystalline,53,enhanced,Br,0.0,0.0005275244800881325,0.0005275244800881325
M5S0113,crystalline,53,enhanced,DO,0.062129091409792996,0.06280344093215547,0.0006743495223624704
M5S0113,crystalline,53,enhanced,DOC,0.0,-5.60237070327428e-05,-5.60237070327428e-05
M5S0113,crystalline,53,enhanced,d34S_SO4,0.06989522783601712,0.06698969224354143,-0.0029055355924756943
M5S0113,crystalline,53,enhanced,d18O_SO4,-0.03494761391800856,-0.03480609907790831,0.00014151484010024862
M5S0113,crystalline,53,enhanced,d15N_NO3,0.0,6.034730568876329e-05,6.034730568876329e-05
M5S0113,crystalline,53,enhanced,d18O_NO3,0.0,-0.00039243778845982665,-0.00039243778845982665
M5S0114,crystalline,54,plus_lite,SiO2,0.36819873871000863,0.36537665333975894,-0.002822085370249694
M5S0114,crystalline,54,plus_lite,Sr,0.0018736409287662928,0.0015793870701629564,-0.0002942538586033364
M5S0114,crystalline,54,plus_lite,water_isotope_evaporation,0.0,-0.0003985645993020511,-0.0003985645993020511
M5S0114,crystalline,54,enhanced,SiO2,0.36819873871000863,0.36462019803130874,-0.003578540678699893
M5S0114,crystalline,54,enhanced,Sr,0.0018736409287662928,0.0009872213024600318,-0.000886419626306261
M5S0114,crystalline,54,enhanced,water_isotope_evaporation,0.0,0.000584327842231215,0.000584327842231215
M5S0114,crystalline,54,enhanced,Br,0.0,-0.0010299665986647404,-0.0010299665986647404
M5S0114,crystalline,54,enhanced,DO,0.06222910315988531,0.06199013105472498,-0.00023897210516032885
M5S0114,crystalline,54,enhanced,DOC,0.0,0.0011431587622084932,0.0011431587622084932
M5S0114,crystalline,54,enhanced,d34S_SO4,0.07000774105487097,0.06704116117052164,-0.002966579884349327
M5S0114,crystalline,54,enhanced,d18O_SO4,-0.035003870527435484,-0.03508499200350094,-8.112147606545439e-05
M5S0114,crystalline,54,enhanced,d15N_NO3,0.0,-0.0009700807523676767,-0.0009700807523676767
M5S0114,crystalline,54,enhanced,d18O_NO3,0.0,0.0002973425526777439,0.0002973425526777439
M5S0115,crystalline,55,plus_lite,SiO2,0.25160302764696213,0.2521447649378045,0.0005417372908423923
M5S0115,crystalline,55,plus_lite,Sr,0.038806728740645904,0.03814439076572283,-0.0006623379749230718
M5S0115,crystalline,55,plus_lite,water_isotope_evaporation,0.0,0.00023941603732436094,0.00023941603732436094
M5S0115,crystalline,55,enhanced,SiO2,0.25160302764696213,0.2605735911310201,0.008970563484057947
M5S0115,crystalline,55,enhanced,Sr,0.038806728740645904,0.03840599833100981,-0.0004007304096360978
M5S0115,crystalline,55,enhanced,water_isotope_evaporation,0.0,0.0006939391077543766,0.0006939391077543766
M5S0115,crystalline,55,enhanced,Br,0.0,0.0008566983907946225,0.0008566983907946225
M5S0115,crystalline,55,enhanced,DO,0.0,0.0004628708664202141,0.0004628708664202141
M5S0115,crystalline,55,enhanced,DOC,0.0,0.0007468891445080154,0.0007468891445080154
M5S0115,crystalline,55,enhanced,d34S_SO4,0.0,0.0007106329028110905,0.0007106329028110905
M5S0115,crystalline,55,enhanced,d18O_SO4,0.0,0.0005517976297274509,0.0005517976297274509
M5S0115,crystalline,55,enhanced,d15N_NO3,0.0,-0.0005666284340257653,-0.0005666284340257653
M5S0115,crystalline,55,enhanced,d18O_NO3,0.0,-0.00033920198115678426,-0.00033920198115678426
M5S0116,crystalline,56,plus_lite,SiO2,0.0,-0.0004938874476058006,-0.0004938874476058006
M5S0116,crystalline,56,plus_lite,Sr,0.0,0.0008695520666462843,0.0008695520666462843
M5S0116,crystalline,56,plus_lite,water_isotope_evaporation,0.0,0.0006937391239289533,0.0006937391239289533
M5S0116,crystalline,56,enhanced,SiO2,0.0,0.0006703569235477496,0.0006703569235477496
M5S0116,crystalline,56,enhanced,Sr,0.0,-0.0006264577054857812,-0.0006264577054857812
M5S0116,crystalline,56,enhanced,water_isotope_evaporation,0.0,-0.00010252929797238195,-0.00010252929797238195
M5S0116,crystalline,56,enhanced,Br,0.0,-0.0004382933188576243,-0.0004382933188576243
M5S0116,crystalline,56,enhanced,DO,0.0,-9.288881639888354e-05,-9.288881639888354e-05
M5S0116,crystalline,56,enhanced,DOC,0.0,-0.0002689152466625668,-0.0002689152466625668
M5S0116,crystalline,56,enhanced,d34S_SO4,0.0,0.0006500676408303542,0.0006500676408303542
M5S0116,crystalline,56,enhanced,d18O_SO4,0.0,-0.001123723025675136,-0.001123723025675136
M5S0116,crystalline,56,enhanced,d15N_NO3,0.0,-0.0008934434711425909,-0.0008934434711425909
M5S0116,crystalline,56,enhanced,d18O_NO3,0.0,0.00031292748163961714,0.00031292748163961714
M5S0117,crystalline,57,plus_lite,SiO2,0.1397875789073843,0.13581212404197582,-0.003975454865408484
M5S0117,crystalline,57,plus_lite,Sr,0.0,0.0003051697445233902,0.0003051697445233902
M5S0117,crystalline,57,plus_lite,water_isotope_evaporation,0.0,0.00012527380113998922,0.00012527380113998922
M5S0117,crystalline,57,enhanced,SiO2,0.1397875789073843,0.13502769202068113,-0.004759886886703174
M5S0117,crystalline,57,enhanced,Sr,0.0,-1.74325850473845e-05,-1.74325850473845e-05
M5S0117,crystalline,57,enhanced,water_isotope_evaporation,0.0,-0.0004024189769477063,-0.0004024189769477063
M5S0117,crystalline,57,enhanced,Br,0.0,-0.00028863782845631506,-0.00028863782845631506
M5S0117,crystalline,57,enhanced,DO,0.0,-0.0001095552231227483,-0.0001095552231227483
M5S0117,crystalline,57,enhanced,DOC,0.0,-0.000293706916042978,-0.000293706916042978
M5S0117,crystalline,57,enhanced,d34S_SO4,0.0,0.0004217523196227904,0.0004217523196227904
M5S0117,crystalline,57,enhanced,d18O_SO4,0.0,-4.306424014719812e-05,-4.306424014719812e-05
M5S0117,crystalline,57,enhanced,d15N_NO3,0.0,0.00026404576782542084,0.00026404576782542084
M5S0117,crystalline,57,enhanced,d18O_NO3,0.0,-0.0003184666461582679,-0.0003184666461582679
M5S0118,crystalline,58,plus_lite,SiO2,-0.03161116977860237,-0.0325645674827606,-0.0009533977041582264
M5S0118,crystalline,58,plus_lite,Sr,0.02890005503642141,0.029437570395684794,0.0005375153592633852
M5S0118,crystalline,58,plus_lite,water_isotope_evaporation,0.0,-0.0005715121567319196,-0.0005715121567319196
M5S0118,crystalline,58,enhanced,SiO2,-0.03161116977860237,-0.031647714900099336,-3.6545121496964206e-05
M5S0118,crystalline,58,enhanced,Sr,0.02890005503642141,0.028535976944123256,-0.0003640780922981521
M5S0118,crystalline,58,enhanced,water_isotope_evaporation,0.0,-0.0010371129606569986,-0.0010371129606569986
M5S0118,crystalline,58,enhanced,Br,0.0,-0.00010382007782813656,-0.00010382007782813656
M5S0118,crystalline,58,enhanced,DO,0.0,2.419720510826538e-05,2.419720510826538e-05
M5S0118,crystalline,58,enhanced,DOC,0.0,0.0010294963909271196,0.0010294963909271196
M5S0118,crystalline,58,enhanced,d34S_SO4,0.0,0.00038145222014510175,0.00038145222014510175
M5S0118,crystalline,58,enhanced,d18O_SO4,0.0,-9.356072666476051e-05,-9.356072666476051e-05
M5S0118,crystalline,58,enhanced,d15N_NO3,0.0,-0.00040819045808545163,-0.00040819045808545163
M5S0118,crystalline,58,enhanced,d18O_NO3,0.0,-0.0001539865505999124,-0.0001539865505999124
M5S0119,crystalline,59,plus_lite,SiO2,0.06049799248823152,0.05796014092326588,-0.0025378515649656375
M5S0119,crystalline,59,plus_lite,Sr,0.04026332716350488,0.04130859498820397,0.0010452678246990893
M5S0119,crystalline,59,plus_lite,water_isotope_evaporation,0.0,0.0005537561586768999,0.0005537561586768999
M5S0119,crystalline,59,enhanced,SiO2,0.06049799248823152,0.05958979507385585,-0.0009081974143756652
M5S0119,crystalline,59,enhanced,Sr,0.04026332716350488,0.03975643950305238,-0.0005068876604524958
M5S0119,crystalline,59,enhanced,water_isotope_evaporation,0.0,0.0009843812142090213,0.0009843812142090213
M5S0119,crystalline,59,enhanced,Br,0.0,0.000823790243528904,0.000823790243528904
M5S0119,crystalline,59,enhanced,DO,0.016074757684446224,0.01537076372229032,-0.0007039939621559035
M5S0119,crystalline,59,enhanced,DOC,0.0,-0.0004118351176850237,-0.0004118351176850237
M5S0119,crystalline,59,enhanced,d34S_SO4,0.018084102395002,0.018237105490471573,0.000153003095469572
M5S0119,crystalline,59,enhanced,d18O_SO4,-0.009042051197501,-0.00792262386232151,0.001119427335179491
M5S0119,crystalline,59,enhanced,d15N_NO3,0.0,-9.818396059204772e-05,-9.818396059204772e-05
M5S0119,crystalline,59,enhanced,d18O_NO3,0.0,-0.0003867775811701131,-0.0003867775811701131
M5S0120,crystalline,60,plus_lite,SiO2,0.2909243288653488,0.2997504114938663,0.008826082628517473
M5S0120,crystalline,60,plus_lite,Sr,0.035785739095228135,0.035005353371881744,-0.0007803857233463912
M5S0120,crystalline,60,plus_lite,water_isotope_evaporation,0.0,-0.0006191493279174702,-0.0006191493279174702
M5S0120,crystalline,60,enhanced,SiO2,0.2909243288653488,0.28642298286970536,-0.0045013459956434465
M5S0120,crystalline,60,enhanced,Sr,0.035785739095228135,0.03697991539345832,0.0011941762982301818
M5S0120,crystalline,60,enhanced,water_isotope_evaporation,0.0,0.0011145558331501556,0.0011145558331501556
M5S0120,crystalline,60,enhanced,Br,0.0,0.00023791443129815064,0.00023791443129815064
M5S0120,crystalline,60,enhanced,DO,0.0,-0.00013044588970699807,-0.00013044588970699807
M5S0120,crystalline,60,enhanced,DOC,0.0,0.0002605665411574506,0.0002605665411574506
M5S0120,crystalline,60,enhanced,d34S_SO4,0.0,0.0007639420931802873,0.0007639420931802873
M5S0120,crystalline,60,enhanced,d18O_SO4,0.0,-0.0012383937032835566,-0.0012383937032835566
M5S0120,crystalline,60,enhanced,d15N_NO3,0.0,0.0002666158965929259,0.0002666158965929259
M5S0120,crystalline,60,enhanced,d18O_NO3,0.0,-0.0005081743024498568,-0.0005081743024498568
M5S0121,evaporitic,1,plus_lite,SiO2,0.0,0.0008788456837893925,0.0008788456837893925
M5S0121,evaporitic,1,plus_lite,Sr,0.09182769973351461,0.09411022639197773,0.0022825266584631243
M5S0121,evaporitic,1,plus_lite,water_isotope_evaporation,0.0,-0.0006448044998410719,-0.0006448044998410719
M5S0121,evaporitic,1,enhanced,SiO2,0.0,-0.00033530440179606644,-0.00033530440179606644
M5S0121,evaporitic,1,enhanced,Sr,0.09182769973351461,0.09057975841704317,-0.0012479413164714348
M5S0121,evaporitic,1,enhanced,water_isotope_evaporation,0.0,-0.0013236994303776914,-0.0013236994303776914
M5S0121,evaporitic,1,enhanced,Br,0.0,-0.0007190821223276441,-0.0007190821223276441
M5S0121,evaporitic,1,enhanced,DO,0.0,-0.00043743583819664893,-0.00043743583819664893
M5S0121,evaporitic,1,enhanced,DOC,0.0,-0.00031636360021881975,-0.00031636360021881975
M5S0121,evaporitic,1,enhanced,d34S_SO4,0.0,-0.0007915356555429045,-0.0007915356555429045
M5S0121,evaporitic,1,enhanced,d18O_SO4,0.0,-0.0005264553802140495,-0.0005264553802140495
M5S0121,evaporitic,1,enhanced,d15N_NO3,0.0,-0.00024163641096816888,-0.00024163641096816888
M5S0121,evaporitic,1,enhanced,d18O_NO3,0.0,0.00015353059660838902,0.00015353059660838902
M5S0122,evaporitic,2,plus_lite,SiO2,0.0,0.00011530297031181988,0.00011530297031181988
M5S0122,evaporitic,2,plus_lite,Sr,0.04993359067296737,0.05246196214515137,0.0025283714721840017
M5S0122,evaporitic,2,plus_lite,water_isotope_evaporation,0.0,-0.00015915001862122204,-0.00015915001862122204
M5S0122,evaporitic,2,enhanced,SiO2,0.0,-0.00046615918483838245,-0.00046615918483838245
M5S0122,evaporitic,2,enhanced,Sr,0.04993359067296737,0.05146631063630861,0.001532719963341242
M5S0122,evaporitic,2,enhanced,water_isotope_evaporation,0.0,0.0002354634551949745,0.0002354634551949745
M5S0122,evaporitic,2,enhanced,Br,0.0,-5.983346509774947e-06,-5.983346509774947e-06
M5S0122,evaporitic,2,enhanced,DO,0.0,5.181147267302735e-05,5.181147267302735e-05
M5S0122,evaporitic,2,enhanced,DOC,0.0,0.000243563991250549,0.000243563991250549
M5S0122,evaporitic,2,enhanced,d34S_SO4,0.0,0.00025956235770841835,0.00025956235770841835
M5S0122,evaporitic,2,enhanced,d18O_SO4,0.0,0.00013845872247485232,0.00013845872247485232
M5S0122,evaporitic,2,enhanced,d15N_NO3,0.0,0.0005265902461064059,0.0005265902461064059
M5S0122,evaporitic,2,enhanced,d18O_NO3,0.0,0.0012968942829477991,0.0012968942829477991
M5S0123,evaporitic,3,plus_lite,SiO2,0.0,-0.0006404457558470376,-0.0006404457558470376
M5S0123,evaporitic,3,plus_lite,Sr,0.005132615042939353,0.005862482312563124,0.0007298672696237716
M5S0123,evaporitic,3,plus_lite,water_isotope_evaporation,0.003849461282204514,0.0032406866878014334,-0.0006087745944030804
M5S0123,evaporitic,3,enhanced,SiO2,0.0,-0.0003372605826622079,-0.0003372605826622079
M5S0123,evaporitic,3,enhanced,Sr,0.005132615042939353,0.004419051085075849,-0.0007135639578635033
M5S0123,evaporitic,3,enhanced,water_isotope_evaporation,0.003849461282204514,0.004546960121753141,0.0006974988395486268
M5S0123,evaporitic,3,enhanced,Br,0.0,0.000886510999275839,0.000886510999275839
M5S0123,evaporitic,3,enhanced,DO,0.0,-0.0001819970391436533,-0.0001819970391436533
M5S0123,evaporitic,3,enhanced,DOC,0.0,-0.00020649683046936127,-0.00020649683046936127
M5S0123,evaporitic,3,enhanced,d34S_SO4,-0.016680998889552896,-0.01838648414626252,-0.0017054852567096254
M5S0123,evaporitic,3,enhanced,d18O_SO4,0.01924730641102257,0.02050488289321705,0.001257576482194482
M5S0123,evaporitic,3,enhanced,d15N_NO3,-0.1547675579099036,-0.15967811233536916,-0.004910554425465563
M5S0123,evaporitic,3,enhanced,d18O_NO3,0.18916034855654887,0.198862646629761,0.009702298073212129
M5S0124,evaporitic,4,plus_lite,SiO2,0.0,0.00030720277401704606,0.00030720277401704606
M5S0124,evaporitic,4,plus_lite,Sr,-0.03453553322061183,-0.035286799376319636,-0.0007512661557078082
M5S0124,evaporitic,4,plus_lite,water_isotope_evaporation,0.024162455415679296,0.02353702331347141,-0.0006254321022078867
M5S0124,evaporitic,4,enhanced,SiO2,0.0,-0.0008065705761126448,-0.0008065705761126448
M5S0124,evaporitic,4,enhanced,Sr,-0.03453553322061183,-0.035076276093681975,-0.0005407428730701477
M5S0124,evaporitic,4,enhanced,water_isotope_evaporation,0.024162455415679296,0.024250986602575148,8.853118689585229e-05
M5S0124,evaporitic,4,enhanced,Br,0.20025642132455265,0.19297625204462432,-0.0072801692799283335
M5S0124,evaporitic,4,enhanced,DO,0.0,0.0001530685715455556,0.0001530685715455556
M5S0124,evaporitic,4,enhanced,DOC,0.0,-0.00035578195919797815,-0.00035578195919797815
M5S0124,evaporitic,4,enhanced,d34S_SO4,0.11224048296698844,0.11012273883906039,-0.002117744127928048
M5S0124,evaporitic,4,enhanced,d18O_SO4,-0.12950824957729434,-0.12512945789781071,0.004378791679483629
M5S0124,evaporitic,4,enhanced,d15N_NO3,-0.02898402428622695,-0.02826441758094401,0.0007196067052829373
M5S0124,evaporitic,4,enhanced,d18O_NO3,0.03542491857205516,0.03512022059981347,-0.00030469797224168954
M5S0125,evaporitic,5,plus_lite,SiO2,0.0,-0.00042324307565531536,-0.00042324307565531536
M5S0125,evaporitic,5,plus_lite,Sr,-0.04532089331447182,-0.046471405444824775,-0.001150512130352957
M5S0125,evaporitic,5,plus_lite,water_isotope_evaporation,0.007238848298834985,0.00695611519401104,-0.0002827331048239458
M5S0125,evaporitic,5,enhanced,SiO2,0.0,6.471875938462088e-06,6.471875938462088e-06
M5S0125,evaporitic,5,enhanced,Sr,-0.04532089331447182,-0.04670311932839487,-0.0013822260139230505
M5S0125,evaporitic,5,enhanced,water_isotope_evaporation,0.007238848298834985,0.006232815722275298,-0.0010060325765596876
M5S0125,evaporitic,5,enhanced,Br,0.0,-0.0004262328340837434,-0.0004262328340837434
M5S0125,evaporitic,5,enhanced,DO,0.0,-4.4869645059222624e-05,-4.4869645059222624e-05
M5S0125,evaporitic,5,enhanced,DOC,0.0,0.0008222787918924897,0.0008222787918924897
M5S0125,evaporitic,5,enhanced,d34S_SO4,-0.03136834262828494,-0.03159272598353345,-0.00022438335524851277
M5S0125,evaporitic,5,enhanced,d18O_SO4,0.036194241494174925,0.03654246834417548,0.00034822685000055614
M5S0125,evaporitic,5,enhanced,d15N_NO3,-0.08689228185827094,-0.08731973587020408,-0.0004274540119331427
M5S0125,evaporitic,5,enhanced,d18O_NO3,0.1062016778267756,0.10643557278039079,0.0002338949536151852
M5S0126,evaporitic,6,plus_lite,SiO2,0.0,-0.00025256809094739046,-0.00025256809094739046
M5S0126,evaporitic,6,plus_lite,Sr,0.0,9.601908597825477e-05,9.601908597825477e-05
M5S0126,evaporitic,6,plus_lite,water_isotope_evaporation,0.06065308166874973,0.06302148455165406,0.0023684028829043316
M5S0126,evaporitic,6,enhanced,SiO2,0.0,-0.00022445420186280546,-0.00022445420186280546
M5S0126,evaporitic,6,enhanced,Sr,0.0,-0.00044590036503546046,-0.00044590036503546046
M5S0126,evaporitic,6,enhanced,water_isotope_evaporation,0.06065308166874973,0.060200284578208446,-0.00045279709054128064
M5S0126,evaporitic,6,enhanced,Br,0.2426123266749989,0.2578842296364823,0.015271902961483369
M5S0126,evaporitic,6,enhanced,DO,0.0,-0.0001718729674304064,-0.0001718729674304064
M5S0126,evaporitic,6,enhanced,DOC,0.0,0.0006239413872916299,0.0006239413872916299
M5S0126,evaporitic,6,enhanced,d34S_SO4,0.0,0.0005788249926932374,0.0005788249926932374
M5S0126,evaporitic,6,enhanced,d18O_SO4,0.0,-0.0008581233453122492,-0.0008581233453122492
M5S0126,evaporitic,6,enhanced,d15N_NO3,0.0,-0.0005002135453906932,-0.0005002135453906932
M5S0126,evaporitic,6,enhanced,d18O_NO3,0.0,-0.00019874342847799847,-0.00019874342847799847
M5S0127,evaporitic,7,plus_lite,SiO2,0.0,-0.000507567657860809,-0.000507567657860809
M5S0127,evaporitic,7,plus_lite,Sr,0.12767249846682485,0.12570970445782736,-0.001962794008997487
M5S0127,evaporitic,7,plus_lite,water_isotope_evaporation,0.0,-0.0005149724314288329,-0.0005149724314288329
M5S0127,evaporitic,7,enhanced,SiO2,0.0,-0.00024285460173187806,-0.00024285460173187806
M5S0127,evaporitic,7,enhanced,Sr,0.12767249846682485,0.12881501727248545,0.0011425188056606028
M5S0127,evaporitic,7,enhanced,water_isotope_evaporation,0.0,0.0001427176935046304,0.0001427176935046304
M5S0127,evaporitic,7,enhanced,Br,0.0,0.00016265071872818143,0.00016265071872818143
M5S0127,evaporitic,7,enhanced,DO,0.0,-0.00022590953617927266,-0.00022590953617927266
M5S0127,evaporitic,7,enhanced,DOC,0.0,-0.00023647311603962874,-0.00023647311603962874
M5S0127,evaporitic,7,enhanced,d34S_SO4,0.0,-0.00025672970175200105,-0.00025672970175200105
M5S0127,evaporitic,7,enhanced,d18O_SO4,0.0,0.000497527730347147,0.000497527730347147
M5S0127,evaporitic,7,enhanced,d15N_NO3,0.0,0.0001506430362406439,0.0001506430362406439
M5S0127,evaporitic,7,enhanced,d18O_NO3,0.0,-0.0006297917368201284,-0.0006297917368201284
M5S0128,evaporitic,8,plus_lite,SiO2,0.0,4.839674209740611e-05,4.839674209740611e-05
M5S0128,evaporitic,8,plus_lite,Sr,0.10199074482965603,0.10733179968781248,0.0053410548581564465
M5S0128,evaporitic,8,plus_lite,water_isotope_evaporation,0.0439712240451371,0.042580045789518,-0.0013911782556190952
M5S0128,evaporitic,8,enhanced,SiO2,0.0,0.0005635513626758394,0.0005635513626758394
M5S0128,evaporitic,8,enhanced,Sr,0.10199074482965603,0.10093641500117563,-0.001054329828480402
M5S0128,evaporitic,8,enhanced,water_isotope_evaporation,0.0439712240451371,0.04301013546791951,-0.000961088577217592
M5S0128,evaporitic,8,enhanced,Br,0.1758848961805484,0.18284048359769903,0.006955587417150633
M5S0128,evaporitic,8,enhanced,DO,0.0,0.0010898843810439195,0.0010898843810439195
M5S0128,evaporitic,8,enhanced,DOC,0.0,0.0006191133527638729,0.0006191133527638729
M5S0128,evaporitic,8,enhanced,d34S_SO4,0.0,-0.0007163563968625089,-0.0007163563968625089
M5S0128,evaporitic,8,enhanced,d18O_SO4,0.0,-0.0004968038722946304,-0.0004968038722946304
M5S0128,evaporitic,8,enhanced,d15N_NO3,0.0,-0.0005973120012860301,-0.0005973120012860301
M5S0128,evaporitic,8,enhanced,d18O_NO3,0.0,-0.0011277950613607101,-0.0011277950613607101
M5S0129,evaporitic,9,plus_lite,SiO2,0.0,-0.00022349906277749072,-0.00022349906277749072
M5S0129,evaporitic,9,plus_lite,Sr,0.19599759864309999,0.1907330020280504,-0.005264596615049577
M5S0129,evaporitic,9,plus_lite,water_isotope_evaporation,0.05592185295233634,0.05523769875842068,-0.0006841541939156606
M5S0129,evaporitic,9,enhanced,SiO2,0.0,0.0006943158640206738,0.0006943158640206738
M5S0129,evaporitic,9,enhanced,Sr,0.19599759864309999,0.18485037771744828,-0.011147220925651707
M5S0129,evaporitic,9,enhanced,water_isotope_evaporation,0.05592185295233634,0.054885588691328265,-0.0010362642610080783
M5S0129,evaporitic,9,enhanced,Br,0.22368741180934537,0.22142005944169468,-0.002267352367650688
M5S0129,evaporitic,9,enhanced,DO,0.0,-0.001101937534078685,-0.001101937534078685
M5S0129,evaporitic,9,enhanced,DOC,0.0,0.0007339012594140714,0.0007339012594140714
M5S0129,evaporitic,9,enhanced,d34S_SO4,0.0,0.00016579387814568742,0.00016579387814568742
M5S0129,evaporitic,9,enhanced,d18O_SO4,0.0,0.0005157247270727808,0.0005157247270727808
M5S0129,evaporitic,9,enhanced,d15N_NO3,-0.04617875622777316,-0.045270837501694416,0.0009079187260787464
M5S0129,evaporitic,9,enhanced,d18O_NO3,0.0564407020561672,0.05695019387338117,0.0005094918172139709
M5S0130,evaporitic,10,plus_lite,SiO2,0.0,-0.0005600133227230242,-0.0005600133227230242
M5S0130,evaporitic,10,plus_lite,Sr,0.06285759477121189,0.0638877457176874,0.0010301509464755165
M5S0130,evaporitic,10,plus_lite,water_isotope_evaporation,0.09146122460452141,0.09130712175053113,-0.00015410285399028445
M5S0130,evaporitic,10,enhanced,SiO2,0.0,0.00025088722448843645,0.00025088722448843645
M5S0130,evaporitic,10,enhanced,Sr,0.06285759477121189,0.06421504465626421,0.0013574498850523198
M5S0130,evaporitic,10,enhanced,water_isotope_evaporation,0.09146122460452141,0.09360614168662525,0.002144917082103834
M5S0130,evaporitic,10,enhanced,Br,0.2539042956464021,0.2504314189558807,-0.003472876690521376
M5S0130,evaporitic,10,enhanced,DO,0.0,0.0008082974650176894,0.0008082974650176894
M5S0130,evaporitic,10,enhanced,DOC,0.0,-0.00012107753035858731,-0.00012107753035858731
M5S0130,evaporitic,10,enhanced,d34S_SO4,-0.1212689863359905,-0.11824263286066415,0.0030263534753263432
M5S0130,evaporitic,10,enhanced,d18O_SO4,0.1399257534646044,0.14075932367398727,0.0008335702093828778
M5S0130,evaporitic,10,enhanced,d15N_NO3,0.0,0.00011557986643472018,0.00011557986643472018
M5S0130,evaporitic,10,enhanced,d18O_NO3,0.0,-0.001137031456701705,-0.001137031456701705
M5S0131,evaporitic,11,plus_lite,SiO2,0.0,2.29337110232432e-05,2.29337110232432e-05
M5S0131,evaporitic,11,plus_lite,Sr,0.03391934855603736,0.03576463595386917,0.0018452873978318102
M5S0131,evaporitic,11,plus_lite,water_isotope_evaporation,0.0,0.0004157067160124639,0.0004157067160124639
M5S0131,evaporitic,11,enhanced,SiO2,0.0,0.00044280670799896546,0.00044280670799896546
M5S0131,evaporitic,11,enhanced,Sr,0.03391934855603736,0.03205241796079138,-0.0018669305952459803
M5S0131,evaporitic,11,enhanced,water_isotope_evaporation,0.0,0.0009471847974417878,0.0009471847974417878
M5S0131,evaporitic,11,enhanced,Br,0.0,-0.00013390943509349726,-0.00013390943509349726
M5S0131,evaporitic,11,enhanced,DO,0.0,-0.0008597667734101569,-0.0008597667734101569
M5S0131,evaporitic,11,enhanced,DOC,0.0,2.973685957808798e-05,2.973685957808798e-05
M5S0131,evaporitic,11,enhanced,d34S_SO4,0.0,-0.00014829966681774003,-0.00014829966681774003
M5S0131,evaporitic,11,enhanced,d18O_SO4,0.0,-0.0005356074285136221,-0.0005356074285136221
M5S0131,evaporitic,11,enhanced,d15N_NO3,0.0,-0.0002354336799066763,-0.0002354336799066763
M5S0131,evaporitic,11,enhanced,d18O_NO3,0.0,0.0009431374999725622,0.0009431374999725622
M5S0132,evaporitic,12,plus_lite,SiO2,0.0,0.000141497803305218,0.000141497803305218
M5S0132,evaporitic,12,plus_lite,Sr,0.032095723726660995,0.03153808071085348,-0.0005576430158075116
M5S0132,evaporitic,12,plus_lite,water_isotope_evaporation,0.02407179279499574,0.023462111920232974,-0.000609680874762767
M5S0132,evaporitic,12,enhanced,SiO2,0.0,0.00087225748843012,0.00087225748843012
M5S0132,evaporitic,12,enhanced,Sr,0.032095723726660995,0.032152586741648476,5.686301498748075e-05
M5S0132,evaporitic,12,enhanced,water_isotope_evaporation,0.02407179279499574,0.025137834706516066,0.0010660419115203247
M5S0132,evaporitic,12,enhanced,Br,0.0,0.00019857499453268147,0.00019857499453268147
M5S0132,evaporitic,12,enhanced,DO,0.0,0.00046385406198478117,0.00046385406198478117
M5S0132,evaporitic,12,enhanced,DOC,0.0,-0.00022541366176548352,-0.00022541366176548352
M5S0132,evaporitic,12,enhanced,d34S_SO4,-0.10431110211164822,-0.10337298041875942,0.000938121692888802
M5S0132,evaporitic,12,enhanced,d18O_SO4,0.12035896397497872,0.12316680788626067,0.002807843911281943
M5S0132,evaporitic,12,enhanced,d15N_NO3,0.0,0.00011089689118519358,0.00011089689118519358
M5S0132,evaporitic,12,enhanced,d18O_NO3,0.0,-0.0006742110940299829,-0.0006742110940299829
M5S0133,evaporitic,13,plus_lite,SiO2,0.0,0.0002761986060679966,0.0002761986060679966
M5S0133,evaporitic,13,plus_lite,Sr,0.1898635039905166,0.1870917978857731,-0.0027717061047435043
M5S0133,evaporitic,13,plus_lite,water_isotope_evaporation,-0.05958656378292918,-0.06156422133197105,-0.0019776575490418682
M5S0133,evaporitic,13,enhanced,SiO2,0.0,0.0004933087160365483,0.0004933087160365483
M5S0133,evaporitic,13,enhanced,Sr,0.1898635039905166,0.19458083755729652,0.004717333566779919
M5S0133,evaporitic,13,enhanced,water_isotope_evaporation,-0.05958656378292918,-0.06018706146396493,-0.0006004976810357471
M5S0133,evaporitic,13,enhanced,Br,-0.23834625513171673,-0.24209909145393452,-0.0037528363222177896
M5S0133,evaporitic,13,enhanced,DO,0.0,-0.00037318678469950363,-0.00037318678469950363
M5S0133,evaporitic,13,enhanced,DOC,0.0,-0.00016927311405382945,-0.00016927311405382945
M5S0133,evaporitic,13,enhanced,d34S_SO4,0.0,-0.0011420174314534072,-0.0011420174314534072
M5S0133,evaporitic,13,enhanced,d18O_SO4,0.0,-0.0008406760398596964,-0.0008406760398596964
M5S0133,evaporitic,13,enhanced,d15N_NO3,-0.1314950287738189,-0.12530782774838353,0.006187201025435379
M5S0133,evaporitic,13,enhanced,d18O_NO3,0.16071614627911202,0.1671118181586156,0.006395671879503573
M5S0134,evaporitic,14,plus_lite,SiO2,0.0,-9.25292261119542e-05,-9.25292261119542e-05
M5S0134,evaporitic,14,plus_lite,Sr,0.1282764033573896,0.12683613832702745,-0.0014402650303621534
M5S0134,evaporitic,14,plus_lite,water_isotope_evaporation,0.036776682707086575,0.03644617744062325,-0.0003305052664633254
M5S0134,evaporitic,14,enhanced,SiO2,0.0,-0.0002938169334015477,-0.0002938169334015477
M5S0134,evaporitic,14,enhanced,Sr,0.1282764033573896,0.12687424770657746,-0.0014021556508121424
M5S0134,evaporitic,14,enhanced,water_isotope_evaporation,0.036776682707086575,0.037391121225104185,0.0006144385180176098
M5S0134,evaporitic,14,enhanced,Br,0.0,0.0002604382607674394,0.0002604382607674394
M5S0134,evaporitic,14,enhanced,DO,0.0,-0.0006153262303134472,-0.0006153262303134472
M5S0134,evaporitic,14,enhanced,DOC,0.0,-0.00027304052274454454,-0.00027304052274454454
M5S0134,evaporitic,14,enhanced,d34S_SO4,-0.15936562506404184,-0.16819157871201632,-0.008825953647974477
M5S0134,evaporitic,14,enhanced,d18O_SO4,0.1838834135354329,0.18321398449374904,-0.00066942904168385
M5S0134,evaporitic,14,enhanced,d15N_NO3,0.0,0.0009134384940104911,0.0009134384940104911
M5S0134,evaporitic,14,enhanced,d18O_NO3,0.0,0.0008146601138186075,0.0008146601138186075
M5S0135,evaporitic,15,plus_lite,SiO2,0.0,-0.0005403700617586705,-0.0005403700617586705
M5S0135,evaporitic,15,plus_lite,Sr,0.2073631306947697,0.20566410805682508,-0.0016990226379446083
M5S0135,evaporitic,15,plus_lite,water_isotope_evaporation,0.09257560708581969,0.09606771866462481,0.003492111578805121
M5S0135,evaporitic,15,enhanced,SiO2,0.0,-0.0005149146382394432,-0.0005149146382394432
M5S0135,evaporitic,15,enhanced,Sr,0.2073631306947697,0.20789855040722255,0.0005354197124528559
M5S0135,evaporitic,15,enhanced,water_isotope_evaporation,0.09257560708581969,0.08926607076269905,-0.003309536323120643
M5S0135,evaporitic,15,enhanced,Br,0.22769147563127656,0.2279031488192251,0.00021167318794854117
M5S0135,evaporitic,15,enhanced,DO,0.0,-2.8633330149053608e-06,-2.8633330149053608e-06
M5S0135,evaporitic,15,enhanced,DOC,0.0,-0.0009671288384665502,-0.0009671288384665502
M5S0135,evaporitic,15,enhanced,d34S_SO4,-0.1544951987713357,-0.15571713688464697,-0.0012219381133112828
M5S0135,evaporitic,15,enhanced,d18O_SO4,0.1782636908900027,0.17954566474281553,0.0012819738528128122
M5S0135,evaporitic,15,enhanced,d15N_NO3,-0.12265665062440577,-0.12537546956043868,-0.0027188189360329157
M5S0135,evaporitic,15,enhanced,d18O_NO3,0.14991368409649594,0.15454289468713206,0.004629210590636118
M5S0136,evaporitic,16,plus_lite,SiO2,0.0,0.00023162124894278788,0.00023162124894278788
M5S0136,evaporitic,16,plus_lite,Sr,0.036561127507993146,0.037547743480253866,0.0009866159722607196
M5S0136,evaporitic,16,plus_lite,water_isotope_evaporation,0.02742084563099486,0.027381354728440187,-3.9490902554673024e-05
M5S0136,evaporitic,16,enhanced,SiO2,0.0,-0.00011474449251417346,-0.00011474449251417346
M5S0136,evaporitic,16,enhanced,Sr,0.036561127507993146,0.03691394509577233,0.00035281758777918476
M5S0136,evaporitic,16,enhanced,water_isotope_evaporation,0.02742084563099486,0.0277589630160865,0.0003381173850916415
M5S0136,evaporitic,16,enhanced,Br,0.0,0.00014023624786426746,0.00014023624786426746
M5S0136,evaporitic,16,enhanced,DO,0.0,-0.0005019310633718443,-0.0005019310633718443
M5S0136,evaporitic,16,enhanced,DOC,0.0,0.000680972697690808,0.000680972697690808
M5S0136,evaporitic,16,enhanced,d34S_SO4,-0.11882366440097773,-0.11893022079815896,-0.00010655639718122611
M5S0136,evaporitic,16,enhanced,d18O_SO4,0.1371042281549743,0.13135503920588124,-0.00574918894909307
M5S0136,evaporitic,16,enhanced,d15N_NO3,0.0,-0.0002491437491220439,-0.0002491437491220439
M5S0136,evaporitic,16,enhanced,d18O_NO3,0.0,0.0008986880385483507,0.0008986880385483507
M5S0137,evaporitic,17,plus_lite,SiO2,0.0,-0.00048538763823947044,-0.00048538763823947044
M5S0137,evaporitic,17,plus_lite,Sr,0.06532104512931082,0.06590584154959485,0.0005847964202840283
M5S0137,evaporitic,17,plus_lite,water_isotope_evaporation,0.0,-2.6780481682390346e-05,-2.6780481682390346e-05
M5S0137,evaporitic,17,enhanced,SiO2,0.0,0.0008026130727227392,0.0008026130727227392
M5S0137,evaporitic,17,enhanced,Sr,0.06532104512931082,0.06395993177608936,-0.001361113353221463
M5S0137,evaporitic,17,enhanced,water_isotope_evaporation,0.0,0.00031051077174597686,0.00031051077174597686
M5S0137,evaporitic,17,enhanced,Br,0.0,0.0007095487180321555,0.0007095487180321555
M5S0137,evaporitic,17,enhanced,DO,0.0,8.287409989883258e-05,8.287409989883258e-05
M5S0137,evaporitic,17,enhanced,DOC,0.0,-0.00011966230008107019,-0.00011966230008107019
M5S0137,evaporitic,17,enhanced,d34S_SO4,0.0,-0.000564529365474928,-0.000564529365474928
M5S0137,evaporitic,17,enhanced,d18O_SO4,0.0,0.00015439170671818599,0.00015439170671818599
M5S0137,evaporitic,17,enhanced,d15N_NO3,-0.09685454571757932,-0.09676142297582181,9.312274175750368e-05
M5S0137,evaporitic,17,enhanced,d18O_NO3,0.11837777809926361,0.11653370077872131,-0.0018440773205423006
M5S0138,evaporitic,18,plus_lite,SiO2,0.0,0.00040730957012640373,0.00040730957012640373
M5S0138,evaporitic,18,plus_lite,Sr,-0.1502146725550103,-0.15209079390959168,-0.0018761213545813726
M5S0138,evaporitic,18,plus_lite,water_isotope_evaporation,0.0,0.0011447907729722278,0.0011447907729722278
M5S0138,evaporitic,18,enhanced,SiO2,0.0,-0.00041214485962508295,-0.00041214485962508295
M5S0138,evaporitic,18,enhanced,Sr,-0.1502146725550103,-0.14213689166619475,0.008077780888815556
M5S0138,evaporitic,18,enhanced,water_isotope_evaporation,0.0,-0.0006680583858220531,-0.0006680583858220531
M5S0138,evaporitic,18,enhanced,Br,0.0,-0.00041307439348541963,-0.00041307439348541963
M5S0138,evaporitic,18,enhanced,DO,0.0,-0.0006823523051972811,-0.0006823523051972811
M5S0138,evaporitic,18,enhanced,DOC,0.0,0.001534095255558681,0.001534095255558681
M5S0138,evaporitic,18,enhanced,d34S_SO4,0.0,-0.0007056475155920802,-0.0007056475155920802
M5S0138,evaporitic,18,enhanced,d18O_SO4,0.0,8.278230413955341e-05,8.278230413955341e-05
M5S0138,evaporitic,18,enhanced,d15N_NO3,-0.11552072810960472,-0.1137166696188112,0.0018040584907935142
M5S0138,evaporitic,18,enhanced,d18O_NO3,0.1411920010228502,0.13324830455805123,-0.007943696464798977
M5S0139,evaporitic,19,plus_lite,SiO2,0.0,-0.0006572750470162231,-0.0006572750470162231
M5S0139,evaporitic,19,plus_lite,Sr,0.08169725650957141,0.07853035520239078,-0.003166901307180628
M5S0139,evaporitic,19,plus_lite,water_isotope_evaporation,0.015279817936355505,0.015444861145536372,0.0001650432091808672
M5S0139,evaporitic,19,enhanced,SiO2,0.0,0.0007946425505133349,0.0007946425505133349
M5S0139,evaporitic,19,enhanced,Sr,0.08169725650957141,0.08069218414741641,-0.0010050723621549962
M5S0139,evaporitic,19,enhanced,water_isotope_evaporation,0.015279817936355505,0.01541134858939141,0.0001315306530359061
M5S0139,evaporitic,19,enhanced,Br,0.0,-0.0003280479228603399,-0.0003280479228603399
M5S0139,evaporitic,19,enhanced,DO,0.0,0.00013200764457839092,0.00013200764457839092
M5S0139,evaporitic,19,enhanced,DOC,0.0,0.0010162027130925467,0.0010162027130925467
M5S0139,evaporitic,19,enhanced,d34S_SO4,-0.06621254439087386,-0.06102863643360329,0.00518390795727057
M5S0139,evaporitic,19,enhanced,d18O_SO4,0.07639908968177753,0.08062635529301995,0.004227265611242426
M5S0139,evaporitic,19,enhanced,d15N_NO3,0.0,-0.0002108708782885852,-0.0002108708782885852
M5S0139,evaporitic,19,enhanced,d18O_NO3,0.0,0.0006375051520755658,0.0006375051520755658
M5S0140,evaporitic,20,plus_lite,SiO2,0.0,-0.0008853349407599785,-0.0008853349407599785
M5S0140,evaporitic,20,plus_lite,Sr,0.07215348573608774,0.07100818892852923,-0.0011452968075585102
M5S0140,evaporitic,20,plus_lite,water_isotope_evaporation,0.02521924662394557,0.02564242176611101,0.00042317514216544047
M5S0140,evaporitic,20,enhanced,SiO2,0.0,0.0002486148320648819,0.0002486148320648819
M5S0140,evaporitic,20,enhanced,Sr,0.07215348573608774,0.0724404581331332,0.0002869723970454624
M5S0140,evaporitic,20,enhanced,water_isotope_evaporation,0.02521924662394557,0.025856301370531447,0.0006370547465858779
M5S0140,evaporitic,20,enhanced,Br,0.05357972343772683,0.05431641889877101,0.0007366954610441775
M5S0140,evaporitic,20,enhanced,DO,0.0,-0.0008736104919232414,-0.0008736104919232414
M5S0140,evaporitic,20,enhanced,DOC,0.0,0.0002895929128441545,0.0002895929128441545
M5S0140,evaporitic,20,enhanced,d34S_SO4,-0.05123870164622674,-0.05208571996678896,-0.0008470183205622137
M5S0140,evaporitic,20,enhanced,d18O_SO4,0.05912157882256932,0.06202559213924478,0.0029040133166754606
M5S0140,evaporitic,20,enhanced,d15N_NO3,-0.06666381259153051,-0.06837529486536591,-0.001711482273835399
M5S0140,evaporitic,20,enhanced,d18O_NO3,0.08147799316742618,0.0828873886898236,0.0014093955223974108
M5S0141,evaporitic,21,plus_lite,SiO2,0.0,-0.00031481041261376304,-0.00031481041261376304
M5S0141,evaporitic,21,plus_lite,Sr,0.0,-0.00033475827350112333,-0.00033475827350112333
M5S0141,evaporitic,21,plus_lite,water_isotope_evaporation,0.0,0.00042686820318769736,0.00042686820318769736
M5S0141,evaporitic,21,enhanced,SiO2,0.0,-0.0005641293398300405,-0.0005641293398300405
M5S0141,evaporitic,21,enhanced,Sr,0.0,0.00034739613663633455,0.00034739613663633455
M5S0141,evaporitic,21,enhanced,water_isotope_evaporation,0.0,-0.0003566358305826305,-0.0003566358305826305
M5S0141,evaporitic,21,enhanced,Br,0.0,0.0008605531710116453,0.0008605531710116453
M5S0141,evaporitic,21,enhanced,DO,0.0,0.0005388415161319331,0.0005388415161319331
M5S0141,evaporitic,21,enhanced,DOC,0.0,-0.0006401285210497424,-0.0006401285210497424
M5S0141,evaporitic,21,enhanced,d34S_SO4,0.0,-0.0002339855162501769,-0.0002339855162501769
M5S0141,evaporitic,21,enhanced,d18O_SO4,0.0,-0.00038001701696248,-0.00038001701696248
M5S0141,evaporitic,21,enhanced,d15N_NO3,0.0,0.0003188983656410498,0.0003188983656410498
M5S0141,evaporitic,21,enhanced,d18O_NO3,0.0,0.0003555536153035328,0.0003555536153035328
M5S0142,evaporitic,22,plus_lite,SiO2,0.0,-2.0623057017162332e-05,-2.0623057017162332e-05
M5S0142,evaporitic,22,plus_lite,Sr,0.0,0.0011485173828382255,0.0011485173828382255
M5S0142,evaporitic,22,plus_lite,water_isotope_evaporation,0.0,0.0002644934184480381,0.0002644934184480381
M5S0142,evaporitic,22,enhanced,SiO2,0.0,-0.0017864899795780314,-0.0017864899795780314
M5S0142,evaporitic,22,enhanced,Sr,0.0,0.0006394624141636865,0.0006394624141636865
M5S0142,evaporitic,22,enhanced,water_isotope_evaporation,0.0,-5.944536805357069e-06,-5.944536805357069e-06
M5S0142,evaporitic,22,enhanced,Br,0.0,-0.0007392850736567672,-0.0007392850736567672
M5S0142,evaporitic,22,enhanced,DO,0.0,0.0006658875168562251,0.0006658875168562251
M5S0142,evaporitic,22,enhanced,DOC,0.0,-0.0006362925150491235,-0.0006362925150491235
M5S0142,evaporitic,22,enhanced,d34S_SO4,0.0,-0.0016216188193749158,-0.0016216188193749158
M5S0142,evaporitic,22,enhanced,d18O_SO4,0.0,-0.00014281331610412626,-0.00014281331610412626
M5S0142,evaporitic,22,enhanced,d15N_NO3,0.0,0.0007106489505058725,0.0007106489505058725
M5S0142,evaporitic,22,enhanced,d18O_NO3,0.0,0.0009141859218717009,0.0009141859218717009
M5S0143,evaporitic,23,plus_lite,SiO2,0.0,0.000587852069769358,0.000587852069769358
M5S0143,evaporitic,23,plus_lite,Sr,0.1533707726619948,0.1556645283562133,0.0022937556942184967
M5S0143,evaporitic,23,plus_lite,water_isotope_evaporation,0.040534116719971834,0.038736633320922684,-0.0017974833990491504
M5S0143,evaporitic,23,enhanced,SiO2,0.0,-0.0009684845063247441,-0.0009684845063247441
M5S0143,evaporitic,23,enhanced,Sr,0.1533707726619948,0.15267238066558025,-0.0006983919964145546
M5S0143,evaporitic,23,enhanced,water_isotope_evaporation,0.040534116719971834,0.04004313611618712,-0.0004909806037847117
M5S0143,evaporitic,23,enhanced,Br,0.0,-0.0015965243398145868,-0.0015965243398145868
M5S0143,evaporitic,23,enhanced,DO,0.0,0.00033859577318646474,0.00033859577318646474
M5S0143,evaporitic,23,enhanced,DOC,0.0,-0.0005425521843596647,-0.0005425521843596647
M5S0143,evaporitic,23,enhanced,d34S_SO4,-0.17564783911987797,-0.17391269049848918,0.0017351486213887934
M5S0143,evaporitic,23,enhanced,d18O_SO4,0.20267058359985918,0.2081807933573592,0.005510209757500023
M5S0143,evaporitic,23,enhanced,d15N_NO3,0.0,-0.00040907142430059634,-0.00040907142430059634
M5S0143,evaporitic,23,enhanced,d18O_NO3,0.0,1.9158522796887716e-05,1.9158522796887716e-05
M5S0144,evaporitic,24,plus_lite,SiO2,0.0,0.00024754896015434323,0.00024754896015434323
M5S0144,evaporitic,24,plus_lite,Sr,-0.03684792460321052,-0.036201692813815876,0.000646231789394644
M5S0144,evaporitic,24,plus_lite,water_isotope_evaporation,0.027525242858990558,0.02721001903817919,-0.0003152238208113667
M5S0144,evaporitic,24,enhanced,SiO2,0.0,-0.00110774134794835,-0.00110774134794835
M5S0144,evaporitic,24,enhanced,Sr,-0.03684792460321052,-0.0364827619024167,0.000365162700793821
M5S0144,evaporitic,24,enhanced,water_isotope_evaporation,0.027525242858990558,0.029662625909386047,0.0021373830503954895
M5S0144,evaporitic,24,enhanced,Br,0.11010097143596223,0.11584081032538109,0.005739838889418855
M5S0144,evaporitic,24,enhanced,DO,0.0,1.5892365897234663e-06,1.5892365897234663e-06
M5S0144,evaporitic,24,enhanced,DOC,0.0,-0.0003593160857295219,-0.0003593160857295219
M5S0144,evaporitic,24,enhanced,d34S_SO4,0.0,0.0009319752585920741,0.0009319752585920741
M5S0144,evaporitic,24,enhanced,d18O_SO4,0.0,-0.0011778398298642016,-0.0011778398298642016
M5S0144,evaporitic,24,enhanced,d15N_NO3,-0.11253551066882768,-0.11374203185860234,-0.0012065211897746564
M5S0144,evaporitic,24,enhanced,d18O_NO3,0.13754340192856718,0.13753230497137547,-1.1096957191703005e-05
M5S0145,evaporitic,25,plus_lite,SiO2,0.0,0.00013829605309470527,0.00013829605309470527
M5S0145,evaporitic,25,plus_lite,Sr,-0.08286501842466906,-0.08197887042985008,0.000886147994818981
M5S0145,evaporitic,25,plus_lite,water_isotope_evaporation,0.03351165701021134,0.03389603008678369,0.000384373076572353
M5S0145,evaporitic,25,enhanced,SiO2,0.0,0.0008805314669030911,0.0008805314669030911
M5S0145,evaporitic,25,enhanced,Sr,-0.08286501842466906,-0.08021992020454766,0.0026450982201214057
M5S0145,evaporitic,25,enhanced,water_isotope_evaporation,0.03351165701021134,0.03326023154775224,-0.00025142546245909836
M5S0145,evaporitic,25,enhanced,Br,0.13404662804084536,0.14030201005404358,0.006255382013198224
M5S0145,evaporitic,25,enhanced,DO,0.0,0.00019897487439349303,0.00019897487439349303
M5S0145,evaporitic,25,enhanced,DOC,0.0,-0.0005550824220279287,-0.0005550824220279287
M5S0145,evaporitic,25,enhanced,d34S_SO4,0.0,-0.0006889890242392961,-0.0006889890242392961
M5S0145,evaporitic,25,enhanced,d18O_SO4,0.0,-3.210868408260651e-05,-3.210868408260651e-05
M5S0145,evaporitic,25,enhanced,d15N_NO3,-0.024231109308251987,-0.02340938555844647,0.0008217237498055162
M5S0145,evaporitic,25,enhanced,d18O_NO3,0.02961580026564132,0.02912149513892941,-0.0004943051267119088
M5S0146,evaporitic,26,plus_lite,SiO2,0.0,-0.0012216644075178512,-0.0012216644075178512
M5S0146,evaporitic,26,plus_lite,Sr,0.02624803250271847,0.027460778451694777,0.0012127459489763084
M5S0146,evaporitic,26,plus_lite,water_isotope_evaporation,0.019686024377038848,0.01973739997584437,5.1375598805521866e-05
M5S0146,evaporitic,26,enhanced,SiO2,0.0,-0.0012030965114125632,-0.0012030965114125632
M5S0146,evaporitic,26,enhanced,Sr,0.02624803250271847,0.02654158895814335,0.0002935564554248822
M5S0146,evaporitic,26,enhanced,water_isotope_evaporation,0.019686024377038848,0.01960981745869248,-7.62069183463665e-05
M5S0146,evaporitic,26,enhanced,Br,0.0,-7.510686876699164e-05,-7.510686876699164e-05
M5S0146,evaporitic,26,enhanced,DO,0.0,-0.0005922389099414268,-0.0005922389099414268
M5S0146,evaporitic,26,enhanced,DOC,0.0,-0.0008267407380368034,-0.0008267407380368034
M5S0146,evaporitic,26,enhanced,d34S_SO4,-0.08530610563383502,-0.08453788418604655,0.0007682214477884725
M5S0146,evaporitic,26,enhanced,d18O_SO4,0.09843012188519425,0.10173120586675415,0.003301083981559899
M5S0146,evaporitic,26,enhanced,d15N_NO3,0.0,-0.0003270508538988361,-0.0003270508538988361
M5S0146,evaporitic,26,enhanced,d18O_NO3,0.0,0.00011686392513232903,0.00011686392513232903
M5S0147,evaporitic,27,plus_lite,SiO2,0.0,-0.0004232329461069675,-0.0004232329461069675
M5S0147,evaporitic,27,plus_lite,Sr,0.0,0.0003338665662919015,0.0003338665662919015
M5S0147,evaporitic,27,plus_lite,water_isotope_evaporation,-0.009092011795272787,-0.009578297178360833,-0.00048628538308804516
M5S0147,evaporitic,27,enhanced,SiO2,0.0,0.000597361289876108,0.000597361289876108
M5S0147,evaporitic,27,enhanced,Sr,0.0,0.0003651122776182911,0.0003651122776182911
M5S0147,evaporitic,27,enhanced,water_isotope_evaporation,-0.009092011795272787,-0.009739259159803022,-0.0006472473645302342
M5S0147,evaporitic,27,enhanced,Br,-0.03636804718109115,-0.03620776193798145,0.0001602852431097021
M5S0147,evaporitic,27,enhanced,DO,0.0,-0.00016463926266420585,-0.00016463926266420585
M5S0147,evaporitic,27,enhanced,DOC,0.0,7.89099651676276e-05,7.89099651676276e-05
M5S0147,evaporitic,27,enhanced,d34S_SO4,0.0,-0.00010120811080766624,-0.00010120811080766624
M5S0147,evaporitic,27,enhanced,d18O_SO4,0.0,0.0011662954219135726,0.0011662954219135726
M5S0147,evaporitic,27,enhanced,d15N_NO3,-0.0861003497186636,-0.08700592168388466,-0.0009055719652210636
M5S0147,evaporitic,27,enhanced,d18O_NO3,0.1052337607672555,0.10779287229682016,0.002559111529564659
M5S0148,evaporitic,28,plus_lite,SiO2,0.0,0.00030067377960446724,0.00030067377960446724
M5S0148,evaporitic,28,plus_lite,Sr,0.05415354241261551,0.05586445643503036,0.0017109140224148486
M5S0148,evaporitic,28,plus_lite,water_isotope_evaporation,0.10398843980343384,0.10422242650838712,0.00023398670495328178
M5S0148,evaporitic,28,enhanced,SiO2,0.0,-0.0006757691884818466,-0.0006757691884818466
M5S0148,evaporitic,28,enhanced,Sr,0.05415354241261551,0.054967087270563084,0.0008135448579475735
M5S0148,evaporitic,28,enhanced,water_isotope_evaporation,0.10398843980343384,0.10110608373871703,-0.002882356064716804
M5S0148,evaporitic,28,enhanced,Br,0.25349313197588885,0.2524617229169049,-0.0010314090589839675
M5S0148,evaporitic,28,enhanced,DO,0.0,-0.00010368100641892926,-0.00010368100641892926
M5S0148,evaporitic,28,enhanced,DOC,0.0,0.0009405290065449721,0.0009405290065449721
M5S0148,evaporitic,28,enhanced,d34S_SO4,-0.17599901284100042,-0.16859525360016142,0.007403759240838997
M5S0148,evaporitic,28,enhanced,d18O_SO4,0.20307578404730814,0.21597679830639377,0.01290101425908563
M5S0148,evaporitic,28,enhanced,d15N_NO3,0.0,-0.0019883892607948533,-0.0019883892607948533
M5S0148,evaporitic,28,enhanced,d18O_NO3,0.0,0.0005886932081555294,0.0005886932081555294
M5S0149,evaporitic,29,plus_lite,SiO2,0.0,0.0008953532010109579,0.0008953532010109579
M5S0149,evaporitic,29,plus_lite,Sr,0.16976053322376272,0.17044768945518704,0.0006871562314243185
M5S0149,evaporitic,29,plus_lite,water_isotope_evaporation,0.0651082593372043,0.06691180653494067,0.0018035471977363715
M5S0149,evaporitic,29,enhanced,SiO2,0.0,0.00035960733241226857,0.00035960733241226857
M5S0149,evaporitic,29,enhanced,Sr,0.16976053322376272,0.16593147999038543,-0.0038290532333772886
M5S0149,evaporitic,29,enhanced,water_isotope_evaporation,0.0651082593372043,0.06420613768735767,-0.0009021216498466267
M5S0149,evaporitic,29,enhanced,Br,0.2604330373488172,0.2643381559169648,0.0039051185681476253
M5S0149,evaporitic,29,enhanced,DO,0.0,0.00036082055928666427,0.00036082055928666427
M5S0149,evaporitic,29,enhanced,DOC,0.0,-0.001044846894765323,-0.001044846894765323
M5S0149,evaporitic,29,enhanced,d34S_SO4,0.0,1.5132304155872838e-06,1.5132304155872838e-06
M5S0149,evaporitic,29,enhanced,d18O_SO4,0.0,-0.0006571665609652163,-0.0006571665609652163
M5S0149,evaporitic,29,enhanced,d15N_NO3,-0.06896002642274268,-0.06558082992352085,0.0033791964992218315
M5S0149,evaporitic,29,enhanced,d18O_NO3,0.08428447673890772,0.08299977386645417,-0.0012847028724535525
M5S0150,evaporitic,30,plus_lite,SiO2,0.0,-0.0003304737650069162,-0.0003304737650069162
M5S0150,evaporitic,30,plus_lite,Sr,0.05250870385346639,0.05179368861736886,-0.0007150152360975298
M5S0150,evaporitic,30,plus_lite,water_isotope_evaporation,0.009388689494963257,0.009865276603666411,0.00047658710870315465
M5S0150,evaporitic,30,enhanced,SiO2,0.0,-0.0004846894735846799,-0.0004846894735846799
M5S0150,evaporitic,30,enhanced,Sr,0.05250870385346639,0.053237061803753004,0.0007283579502866122
M5S0150,evaporitic,30,enhanced,water_isotope_evaporation,0.009388689494963257,0.008481773420087003,-0.0009069160748762534
M5S0150,evaporitic,30,enhanced,Br,-0.11997135358054614,-0.11977871812732474,0.0001926354532214014
M5S0150,evaporitic,30,enhanced,DO,0.0,-3.658200588916111e-05,-3.658200588916111e-05
M5S0150,evaporitic,30,enhanced,DOC,0.0,0.0001072393413787741,0.0001072393413787741
M5S0150,evaporitic,30,enhanced,d34S_SO4,-0.17065328752376577,-0.1632973225457235,0.007355964978042279
M5S0150,evaporitic,30,enhanced,d18O_SO4,0.19690763945049894,0.19387756543747114,-0.0030300740130277948
M5S0150,evaporitic,30,enhanced,d15N_NO3,-0.14015865706340833,-0.13761253865951945,0.0025461184038888807
M5S0150,evaporitic,30,enhanced,d18O_NO3,0.1713050252997213,0.16273396082148475,-0.00857106447823655
M5S0151,evaporitic,31,plus_lite,SiO2,0.0,-0.00035629889074854026,-0.00035629889074854026
M5S0151,evaporitic,31,plus_lite,Sr,0.0,4.52092966183728e-05,4.52092966183728e-05
M5S0151,evaporitic,31,plus_lite,water_isotope_evaporation,0.0,0.0008284037311782946,0.0008284037311782946
M5S0151,evaporitic,31,enhanced,SiO2,0.0,0.0003092078313998439,0.0003092078313998439
M5S0151,evaporitic,31,enhanced,Sr,0.0,0.0004201693978640109,0.0004201693978640109
M5S0151,evaporitic,31,enhanced,water_isotope_evaporation,0.0,0.0003831085708990356,0.0003831085708990356
M5S0151,evaporitic,31,enhanced,Br,0.0,0.00043725687133755074,0.00043725687133755074
M5S0151,evaporitic,31,enhanced,DO,0.0,-0.0003838507678883266,-0.0003838507678883266
M5S0151,evaporitic,31,enhanced,DOC,0.0,0.0005149396820705338,0.0005149396820705338
M5S0151,evaporitic,31,enhanced,d34S_SO4,0.0,-0.0007220651360122737,-0.0007220651360122737
M5S0151,evaporitic,31,enhanced,d18O_SO4,0.0,-0.0009207686645225583,-0.0009207686645225583
M5S0151,evaporitic,31,enhanced,d15N_NO3,-0.1063082183925032,-0.1020798821642167,0.0042283362282865
M5S0151,evaporitic,31,enhanced,d18O_NO3,0.1299322669241706,0.12973338576818472,-0.00019888115598587497
M5S0152,evaporitic,32,plus_lite,SiO2,0.0,0.0008967994730525711,0.0008967994730525711
M5S0152,evaporitic,32,plus_lite,Sr,0.03796402032459962,0.03825946648709601,0.00029544616249638916
M5S0152,evaporitic,32,plus_lite,water_isotope_evaporation,0.028473015243449713,0.02826869257700987,-0.00020432266643984412
M5S0152,evaporitic,32,enhanced,SiO2,0.0,0.00038678980547667864,0.00038678980547667864
M5S0152,evaporitic,32,enhanced,Sr,0.03796402032459962,0.03708015537219513,-0.0008838649524044867
M5S0152,evaporitic,32,enhanced,water_isotope_evaporation,0.028473015243449713,0.02813367688936955,-0.00033933835408016255
M5S0152,evaporitic,32,enhanced,Br,0.0,-0.0008973664546202336,-0.0008973664546202336
M5S0152,evaporitic,32,enhanced,DO,0.0,6.5241435354460255e-06,6.5241435354460255e-06
M5S0152,evaporitic,32,enhanced,DOC,0.0,-0.0007703154638022662,-0.0007703154638022662
M5S0152,evaporitic,32,enhanced,d34S_SO4,-0.12338306605494877,-0.12532290099556498,-0.0019398349406162113
M5S0152,evaporitic,32,enhanced,d18O_SO4,0.14236507621724856,0.1480388740110548,0.005673797793806251
M5S0152,evaporitic,32,enhanced,d15N_NO3,0.0,0.0006549625563564902,0.0006549625563564902
M5S0152,evaporitic,32,enhanced,d18O_NO3,0.0,0.00019022495903794431,0.00019022495903794431
M5S0153,evaporitic,33,plus_lite,SiO2,0.0,0.0003090565591682885,0.0003090565591682885
M5S0153,evaporitic,33,plus_lite,Sr,0.1502741123127806,0.15041636927562768,0.0001422569628470871
M5S0153,evaporitic,33,plus_lite,water_isotope_evaporation,0.051651151896266186,0.05014800956447861,-0.0015031423317875756
M5S0153,evaporitic,33,enhanced,SiO2,0.0,-0.0003097052534124872,-0.0003097052534124872
M5S0153,evaporitic,33,enhanced,Sr,0.1502741123127806,0.14625577691791725,-0.004018335394863348
M5S0153,evaporitic,33,enhanced,water_isotope_evaporation,0.051651151896266186,0.05170928702272605,5.813512645986424e-05
M5S0153,evaporitic,33,enhanced,Br,0.20660460758506474,0.208184004701532,0.0015793971164672627
M5S0153,evaporitic,33,enhanced,DO,0.0,-0.00035736509355025354,-0.00035736509355025354
M5S0153,evaporitic,33,enhanced,DOC,0.0,-0.00013840366366684424,-0.00013840366366684424
M5S0153,evaporitic,33,enhanced,d34S_SO4,0.0,-0.0004371066025478577,-0.0004371066025478577
M5S0153,evaporitic,33,enhanced,d18O_SO4,0.0,0.0001993557426178288,0.0001993557426178288
M5S0153,evaporitic,33,enhanced,d15N_NO3,-0.12620388869903146,-0.13628179081638064,-0.010077902117349186
M5S0153,evaporitic,33,enhanced,d18O_NO3,0.15424919729881623,0.150149080711114,-0.004100116587702235
M5S0154,evaporitic,34,plus_lite,SiO2,0.0,-0.000593059212947538,-0.000593059212947538
M5S0154,evaporitic,34,plus_lite,Sr,0.021578944642398637,0.02156936550551069,-9.579136887948037e-06
M5S0154,evaporitic,34,plus_lite,water_isotope_evaporation,-0.008898662221892006,-0.008846250600524644,5.241162136736255e-05
M5S0154,evaporitic,34,enhanced,SiO2,0.0,0.0002778123113075845,0.0002778123113075845
M5S0154,evaporitic,34,enhanced,Sr,0.021578944642398637,0.021144417199952296,-0.0004345274424463405
M5S0154,evaporitic,34,enhanced,water_isotope_evaporation,-0.008898662221892006,-0.009321213239006202,-0.00042255101711419565
M5S0154,evaporitic,34,enhanced,Br,-0.10033148281476392,-0.10392554290962572,-0.003594060094861795
M5S0154,evaporitic,34,enhanced,DO,0.0,-6.642031449867422e-05,-6.642031449867422e-05
M5S0154,evaporitic,34,enhanced,DOC,0.0,-0.0002420859517664842,-0.0002420859517664842
M5S0154,evaporitic,34,enhanced,d34S_SO4,-0.07013157008779557,-0.074284567316909,-0.004152997229113428
M5S0154,evaporitic,34,enhanced,d18O_SO4,0.08092104240899488,0.08102598986749625,0.00010494745850136988
M5S0154,evaporitic,34,enhanced,d15N_NO3,-0.05429127809239759,-0.052095996109952594,0.0021952819824449937
M5S0154,evaporitic,34,enhanced,d18O_NO3,0.06635600655737484,0.06761125048388163,0.001255243926506791
M5S0155,evaporitic,35,plus_lite,SiO2,0.0,-0.0005437363151884939,-0.0005437363151884939
M5S0155,evaporitic,35,plus_lite,Sr,0.08225444913937882,0.08459960608350948,0.0023451569441306636
M5S0155,evaporitic,35,plus_lite,water_isotope_evaporation,0.043643471332164716,0.04263599513812435,-0.0010074761940403673
M5S0155,evaporitic,35,enhanced,SiO2,0.0,0.001095487048013621,0.001095487048013621
M5S0155,evaporitic,35,enhanced,Sr,0.08225444913937882,0.08867382118058253,0.006419372041203714
M5S0155,evaporitic,35,enhanced,water_isotope_evaporation,0.043643471332164716,0.04301828244646951,-0.0006251888856952034
M5S0155,evaporitic,35,enhanced,Br,0.03702999071579198,0.035344996417399,-0.0016849942983929792
M5S0155,evaporitic,35,enhanced,DO,0.0,0.00025693292309085633,0.00025693292309085633
M5S0155,evaporitic,35,enhanced,DOC,0.0,0.00027286419233083013,0.00027286419233083013
M5S0155,evaporitic,35,enhanced,d34S_SO4,-0.14900588583060578,-0.14157413606146574,0.007431749769140045
M5S0155,evaporitic,35,enhanced,d18O_SO4,0.17192986826608359,0.1718638188913791,-6.604937470447436e-05
M5S0155,evaporitic,35,enhanced,d15N_NO3,0.0,-0.0005503754647504528,-0.0005503754647504528
M5S0155,evaporitic,35,enhanced,d18O_NO3,0.0,-0.0007534879573268478,-0.0007534879573268478
M5S0156,evaporitic,36,plus_lite,SiO2,0.0,0.0011048933169307456,0.0011048933169307456
M5S0156,evaporitic,36,plus_lite,Sr,0.0,-0.0009196491082846142,-0.0009196491082846142
M5S0156,evaporitic,36,plus_lite,water_isotope_evaporation,0.0,0.00046903489331437035,0.00046903489331437035
M5S0156,evaporitic,36,enhanced,SiO2,0.0,-0.0019649488633092654,-0.0019649488633092654
M5S0156,evaporitic,36,enhanced,Sr,0.0,-0.000498091021966255,-0.000498091021966255
M5S0156,evaporitic,36,enhanced,water_isotope_evaporation,0.0,-0.0006633643510062672,-0.0006633643510062672
M5S0156,evaporitic,36,enhanced,Br,0.0,0.0009959805570701728,0.0009959805570701728
M5S0156,evaporitic,36,enhanced,DO,0.0,0.00039465397590994895,0.00039465397590994895
M5S0156,evaporitic,36,enhanced,DOC,0.0,-0.0001747867715692116,-0.0001747867715692116
M5S0156,evaporitic,36,enhanced,d34S_SO4,0.0,-0.00010724387806035126,-0.00010724387806035126
M5S0156,evaporitic,36,enhanced,d18O_SO4,0.0,0.0002416006103232063,0.0002416006103232063
M5S0156,evaporitic,36,enhanced,d15N_NO3,0.0,5.711496517287324e-05,5.711496517287324e-05
M5S0156,evaporitic,36,enhanced,d18O_NO3,0.0,0.0004446286643664397,0.0004446286643664397
M5S0157,evaporitic,37,plus_lite,SiO2,0.0,-0.0003980711649566177,-0.0003980711649566177
M5S0157,evaporitic,37,plus_lite,Sr,0.08940659785300568,0.08914360727351989,-0.0002629905794857973
M5S0157,evaporitic,37,plus_lite,water_isotope_evaporation,0.0,-0.00048689364448104206,-0.00048689364448104206
M5S0157,evaporitic,37,enhanced,SiO2,0.0,-0.0004524740408801909,-0.0004524740408801909
M5S0157,evaporitic,37,enhanced,Sr,0.08940659785300568,0.09176958324948112,0.002362985396475434
M5S0157,evaporitic,37,enhanced,water_isotope_evaporation,0.0,-0.00023999468814179183,-0.00023999468814179183
M5S0157,evaporitic,37,enhanced,Br,0.0,0.0007675495298091682,0.0007675495298091682
M5S0157,evaporitic,37,enhanced,DO,0.0,-0.00045648799082357954,-0.00045648799082357954
M5S0157,evaporitic,37,enhanced,DOC,0.0,0.0007043974541725641,0.0007043974541725641
M5S0157,evaporitic,37,enhanced,d34S_SO4,0.0,-0.0002510887610155159,-0.0002510887610155159
M5S0157,evaporitic,37,enhanced,d18O_SO4,0.0,0.00030188142833761174,0.00030188142833761174
M5S0157,evaporitic,37,enhanced,d15N_NO3,-0.03919502055633937,-0.03855785610680678,0.0006371644495325873
M5S0157,evaporitic,37,enhanced,d18O_NO3,0.04790502512441479,0.047941950892602406,3.6925768187617836e-05
M5S0158,evaporitic,38,plus_lite,SiO2,0.0,-0.00011081276040714453,-0.00011081276040714453
M5S0158,evaporitic,38,plus_lite,Sr,0.08268923077630538,0.08492332803631579,0.0022340972600104064
M5S0158,evaporitic,38,plus_lite,water_isotope_evaporation,0.0,-0.0006830463548640679,-0.0006830463548640679
M5S0158,evaporitic,38,enhanced,SiO2,0.0,0.00015813262464102067,0.00015813262464102067
M5S0158,evaporitic,38,enhanced,Sr,0.08268923077630538,0.08300769498871008,0.00031846421240469547
M5S0158,evaporitic,38,enhanced,water_isotope_evaporation,0.0,-0.0002500209122382527,-0.0002500209122382527
M5S0158,evaporitic,38,enhanced,Br,0.0,-0.0005894559047407546,-0.0005894559047407546
M5S0158,evaporitic,38,enhanced,DO,0.0,-0.0010817699747586423,-0.0010817699747586423
M5S0158,evaporitic,38,enhanced,DOC,0.0,0.00016246722849349492,0.00016246722849349492
M5S0158,evaporitic,38,enhanced,d34S_SO4,0.0,0.0007697285666131029,0.0007697285666131029
M5S0158,evaporitic,38,enhanced,d18O_SO4,0.0,0.0004518483919041838,0.0004518483919041838
M5S0158,evaporitic,38,enhanced,d15N_NO3,-0.15279267285464443,-0.1593356057221374,-0.006542932867492968
M5S0158,evaporitic,38,enhanced,d18O_NO3,0.18674660015567654,0.19345775166876564,0.0067111515130890975
M5S0159,evaporitic,39,plus_lite,SiO2,0.0,-0.0005214405530846822,-0.0005214405530846822
M5S0159,evaporitic,39,plus_lite,Sr,-0.0360701110793495,-0.037783587471903655,-0.0017134763925541543
M5S0159,evaporitic,39,plus_lite,water_isotope_evaporation,0.009667854252041164,0.00958384456590922,-8.400968613194414e-05
M5S0159,evaporitic,39,enhanced,SiO2,0.0,0.00047404255778169907,0.00047404255778169907
M5S0159,evaporitic,39,enhanced,Sr,-0.0360701110793495,-0.03603560402539892,3.450705395058318e-05
M5S0159,evaporitic,39,enhanced,water_isotope_evaporation,0.009667854252041164,0.00972334131288403,5.5487060842865366e-05
M5S0159,evaporitic,39,enhanced,Br,0.0,-0.0006852387224990779,-0.0006852387224990779
M5S0159,evaporitic,39,enhanced,DO,0.0,-0.0004276526378383854,-0.0004276526378383854
M5S0159,evaporitic,39,enhanced,DOC,0.0,-0.00037254877172419995,-0.00037254877172419995
M5S0159,evaporitic,39,enhanced,d34S_SO4,-0.041894035092178386,-0.04163877962256695,0.0002552554696114359
M5S0159,evaporitic,39,enhanced,d18O_SO4,0.048339271260205825,0.04740103892024682,-0.0009382323399590026
M5S0159,evaporitic,39,enhanced,d15N_NO3,-0.1474155404987803,-0.14579931797976725,0.0016162225190130552
M5S0159,evaporitic,39,enhanced,d18O_NO3,0.18017454949850928,0.17841885851504083,-0.0017556909834684498
M5S0160,evaporitic,40,plus_lite,SiO2,0.0,-0.00023720489525805115,-0.00023720489525805115
M5S0160,evaporitic,40,plus_lite,Sr,0.16271818848034023,0.1633716746495358,0.0006534861691955829
M5S0160,evaporitic,40,plus_lite,water_isotope_evaporation,0.019249568259062582,0.019449551504957537,0.0001999832458949545
M5S0160,evaporitic,40,enhanced,SiO2,0.0,-0.0006590436738509593,-0.0006590436738509593
M5S0160,evaporitic,40,enhanced,Sr,0.16271818848034023,0.1648572470058404,0.0021390585255001704
M5S0160,evaporitic,40,enhanced,water_isotope_evaporation,0.019249568259062582,0.01878894204153516,-0.00046062621752742186
M5S0160,evaporitic,40,enhanced,Br,0.0584460032676402,0.05993557110582507,0.0014895678381848729
M5S0160,evaporitic,40,enhanced,DO,0.0,0.0005203944264086542,0.0005203944264086542
M5S0160,evaporitic,40,enhanced,DOC,0.0,-0.00011044152089396778,-0.00011044152089396778
M5S0160,evaporitic,40,enhanced,d34S_SO4,-0.020098292249327642,-0.020663252546373953,-0.0005649602970463109
M5S0160,evaporitic,40,enhanced,d18O_SO4,0.023190337210762663,0.023279372358498963,8.903514773630009e-05
M5S0160,evaporitic,40,enhanced,d15N_NO3,0.0,0.0002735802844696501,0.0002735802844696501
M5S0160,evaporitic,40,enhanced,d18O_NO3,0.0,5.7816894367681704e-05,5.7816894367681704e-05
M5S0161,evaporitic,41,plus_lite,SiO2,0.0,0.0006879196693258277,0.0006879196693258277
M5S0161,evaporitic,41,plus_lite,Sr,0.0,0.0005916735491149118,0.0005916735491149118
M5S0161,evaporitic,41,plus_lite,water_isotope_evaporation,0.0,-0.0007436397955094959,-0.0007436397955094959
M5S0161,evaporitic,41,enhanced,SiO2,0.0,4.646091999406278e-07,4.646091999406278e-07
M5S0161,evaporitic,41,enhanced,Sr,0.0,-0.0007013512955721552,-0.0007013512955721552
M5S0161,evaporitic,41,enhanced,water_isotope_evaporation,0.0,0.0004967043317208798,0.0004967043317208798
M5S0161,evaporitic,41,enhanced,Br,0.0,-0.0006790993787709258,-0.0006790993787709258
M5S0161,evaporitic,41,enhanced,DO,0.0,-0.00039076805949247475,-0.00039076805949247475
M5S0161,evaporitic,41,enhanced,DOC,0.0,9.212032914364298e-05,9.212032914364298e-05
M5S0161,evaporitic,41,enhanced,d34S_SO4,0.0,0.0007153186684471401,0.0007153186684471401
M5S0161,evaporitic,41,enhanced,d18O_SO4,0.0,0.00021144186699821485,0.00021144186699821485
M5S0161,evaporitic,41,enhanced,d15N_NO3,0.0,7.909323238255684e-05,7.909323238255684e-05
M5S0161,evaporitic,41,enhanced,d18O_NO3,0.0,6.585113514637745e-05,6.585113514637745e-05
M5S0162,evaporitic,42,plus_lite,SiO2,0.0,-0.0001535256947199209,-0.0001535256947199209
M5S0162,evaporitic,42,plus_lite,Sr,0.08594031664465912,0.08283456096481054,-0.003105755679848582
M5S0162,evaporitic,42,plus_lite,water_isotope_evaporation,0.0,0.0004261086837889964,0.0004261086837889964
M5S0162,evaporitic,42,enhanced,SiO2,0.0,-9.945880215902423e-05,-9.945880215902423e-05
M5S0162,evaporitic,42,enhanced,Sr,0.08594031664465912,0.08258133482719514,-0.0033589818174639824
M5S0162,evaporitic,42,enhanced,water_isotope_evaporation,0.0,0.00013224198397877689,0.00013224198397877689
M5S0162,evaporitic,42,enhanced,Br,0.0,0.000867558938601601,0.000867558938601601
M5S0162,evaporitic,42,enhanced,DO,0.0,7.961901052539578e-05,7.961901052539578e-05
M5S0162,evaporitic,42,enhanced,DOC,0.0,-0.0011271527419940443,-0.0011271527419940443
M5S0162,evaporitic,42,enhanced,d34S_SO4,0.0,-0.0008690721539258569,-0.0008690721539258569
M5S0162,evaporitic,42,enhanced,d18O_SO4,0.0,-0.0003108456328051811,-0.0003108456328051811
M5S0162,evaporitic,42,enhanced,d15N_NO3,0.0,0.0005019901501036529,0.0005019901501036529
M5S0162,evaporitic,42,enhanced,d18O_NO3,0.0,0.0004461369380877103,0.0004461369380877103
M5S0163,evaporitic,43,plus_lite,SiO2,0.0,-0.0016353286255526098,-0.0016353286255526098
M5S0163,evaporitic,43,plus_lite,Sr,0.008244734965206849,0.008224118624671439,-2.0616340535409977e-05
M5S0163,evaporitic,43,plus_lite,water_isotope_evaporation,0.021290070596865177,0.021465732401558704,0.00017566180469352766
M5S0163,evaporitic,43,enhanced,SiO2,0.0,9.10961670699417e-05,9.10961670699417e-05
M5S0163,evaporitic,43,enhanced,Sr,0.008244734965206849,0.007605384516241478,-0.0006393504489653704
M5S0163,evaporitic,43,enhanced,water_isotope_evaporation,0.021290070596865177,0.021105604181660506,-0.00018446641520467044
M5S0163,evaporitic,43,enhanced,Br,0.060426077491840154,0.06107449817829911,0.0006484206864589559
M5S0163,evaporitic,43,enhanced,DO,0.0,-6.938824996615295e-05,-6.938824996615295e-05
M5S0163,evaporitic,43,enhanced,DOC,0.0,-0.0010502717877787552,-0.0010502717877787552
M5S0163,evaporitic,43,enhanced,d34S_SO4,-0.026795388636922258,-0.027319081425247724,-0.0005236927883254666
M5S0163,evaporitic,43,enhanced,d18O_SO4,0.030917756119525682,0.030316621408347275,-0.0006011347111784075
M5S0163,evaporitic,43,enhanced,d15N_NO3,0.0,0.0009853975394583949,0.0009853975394583949
M5S0163,evaporitic,43,enhanced,d18O_NO3,0.0,0.0011474325223198285,0.0011474325223198285
M5S0164,evaporitic,44,plus_lite,SiO2,0.0,0.0004474723743668343,0.0004474723743668343
M5S0164,evaporitic,44,plus_lite,Sr,0.10943947543980817,0.11167552716718449,0.0022360517273763147
M5S0164,evaporitic,44,plus_lite,water_isotope_evaporation,0.03997374619803064,0.040715299622118964,0.0007415534240883259
M5S0164,evaporitic,44,enhanced,SiO2,0.0,-9.295362800840942e-05,-9.295362800840942e-05
M5S0164,evaporitic,44,enhanced,Sr,0.10943947543980817,0.1019008290544458,-0.007538646385362377
M5S0164,evaporitic,44,enhanced,water_isotope_evaporation,0.03997374619803064,0.0412702070132277,0.001296460815197062
M5S0164,evaporitic,44,enhanced,Br,0.0,7.274959520442034e-05,7.274959520442034e-05
M5S0164,evaporitic,44,enhanced,DO,0.0,0.00028911774666111827,0.00028911774666111827
M5S0164,evaporitic,44,enhanced,DOC,0.0,-0.00020892120995800006,-0.00020892120995800006
M5S0164,evaporitic,44,enhanced,d34S_SO4,-0.17321956685813278,-0.17340265245592187,-0.0001830855977890955
M5S0164,evaporitic,44,enhanced,d18O_SO4,0.19986873099015318,0.20920844669897692,0.009339715708823748
M5S0164,evaporitic,44,enhanced,d15N_NO3,-0.12867269994937255,-0.13231863066033314,-0.0036459307109605876
M5S0164,evaporitic,44,enhanced,d18O_NO3,0.15726663327145535,0.15647047306543244,-0.0007961602060229112
M5S0165,evaporitic,45,plus_lite,SiO2,0.0,-0.000794680473945449,-0.000794680473945449
M5S0165,evaporitic,45,plus_lite,Sr,0.05449927648092766,0.0554040074682739,0.0009047309873462389
M5S0165,evaporitic,45,plus_lite,water_isotope_evaporation,0.06328071486695087,0.06580748922202499,0.0025267743550741184
M5S0165,evaporitic,45,enhanced,SiO2,0.0,0.0003913778388571395,0.0003913778388571395
M5S0165,evaporitic,45,enhanced,Sr,0.05449927648092766,0.056018585755183724,0.0015193092742560657
M5S0165,evaporitic,45,enhanced,water_isotope_evaporation,0.06328071486695087,0.06569777161977777,0.002417056752826899
M5S0165,evaporitic,45,enhanced,Br,0.19055469864619468,0.1878367951533552,-0.002717903492839485
M5S0165,evaporitic,45,enhanced,DO,0.0,-0.0005514679776237441,-0.0005514679776237441
M5S0165,evaporitic,45,enhanced,DOC,0.0,-0.00012209844441345797,-0.00012209844441345797
M5S0165,evaporitic,45,enhanced,d34S_SO4,-0.06778217422340954,-0.06528636595940349,0.0024958082640060553
M5S0165,evaporitic,45,enhanced,d18O_SO4,0.07821020102701101,0.0773722110068626,-0.0008379900201484075
M5S0165,evaporitic,45,enhanced,d15N_NO3,0.0,0.0007002661452019239,0.0007002661452019239
M5S0165,evaporitic,45,enhanced,d18O_NO3,0.0,0.00035292153252304494,0.00035292153252304494
M5S0166,evaporitic,46,plus_lite,SiO2,0.0,-0.0008537187357381762,-0.0008537187357381762
M5S0166,evaporitic,46,plus_lite,Sr,-0.04129754748683682,-0.04167244881772396,-0.000374901330887141
M5S0166,evaporitic,46,plus_lite,water_isotope_evaporation,-0.03097316061512761,-0.031296299414216716,-0.0003231387990891045
M5S0166,evaporitic,46,enhanced,SiO2,0.0,-0.0001807001997167932,-0.0001807001997167932
M5S0166,evaporitic,46,enhanced,Sr,-0.04129754748683682,-0.04358928823086331,-0.0022917407440264936
M5S0166,evaporitic,46,enhanced,water_isotope_evaporation,-0.03097316061512761,-0.03211059421010167,-0.0011374335949740598
M5S0166,evaporitic,46,enhanced,Br,0.0,7.586179221580938e-05,7.586179221580938e-05
M5S0166,evaporitic,46,enhanced,DO,0.0,-0.0006162054343436167,-0.0006162054343436167
M5S0166,evaporitic,46,enhanced,DOC,0.0,0.0002843977977548248,0.0002843977977548248
M5S0166,evaporitic,46,enhanced,d34S_SO4,0.13421702933221966,0.12945580563745404,-0.004761223694765615
M5S0166,evaporitic,46,enhanced,d18O_SO4,-0.15486580307563808,-0.14934606825647206,0.005519734819166011
M5S0166,evaporitic,46,enhanced,d15N_NO3,0.0,-0.0007051112088250999,-0.0007051112088250999
M5S0166,evaporitic,46,enhanced,d18O_NO3,0.0,-0.0003009164802703016,-0.0003009164802703016
M5S0167,evaporitic,47,plus_lite,SiO2,0.0,0.0005966443970453068,0.0005966443970453068
M5S0167,evaporitic,47,plus_lite,Sr,-0.03966064848677453,-0.040637533895631184,-0.0009768854088566536
M5S0167,evaporitic,47,plus_lite,water_isotope_evaporation,0.05847415699915906,0.05549291100422083,-0.0029812459949382294
M5S0167,evaporitic,47,enhanced,SiO2,0.0,0.00014770562291339297,0.00014770562291339297
M5S0167,evaporitic,47,enhanced,Sr,-0.03966064848677453,-0.037865388529265506,0.001795259957509024
M5S0167,evaporitic,47,enhanced,water_isotope_evaporation,0.05847415699915906,0.058608407524684374,0.0001342505255253132
M5S0167,evaporitic,47,enhanced,Br,0.23389662799663624,0.22612147500511545,-0.0077751529915207895
M5S0167,evaporitic,47,enhanced,DO,0.0,-0.00028904496888806474,-0.00028904496888806474
M5S0167,evaporitic,47,enhanced,DOC,0.0,-0.00013520714574131277,-0.00013520714574131277
M5S0167,evaporitic,47,enhanced,d34S_SO4,0.0,-0.0012286931715190597,-0.0012286931715190597
M5S0167,evaporitic,47,enhanced,d18O_SO4,0.0,-0.000498562140309722,-0.000498562140309722
M5S0167,evaporitic,47,enhanced,d15N_NO3,0.0,-0.0006678992006086847,-0.0006678992006086847
M5S0167,evaporitic,47,enhanced,d18O_NO3,0.0,-0.00032963423415420783,-0.00032963423415420783
M5S0168,evaporitic,48,plus_lite,SiO2,0.0,9.297506766039233e-05,9.297506766039233e-05
M5S0168,evaporitic,48,plus_lite,Sr,0.0635844855277002,0.06374649649741343,0.00016201096971323048
M5S0168,evaporitic,48,plus_lite,water_isotope_evaporation,0.059965262132345834,0.05802662863296623,-0.0019386334993796023
M5S0168,evaporitic,48,enhanced,SiO2,0.0,-0.0011420238146814478,-0.0011420238146814478
M5S0168,evaporitic,48,enhanced,Sr,0.0635844855277002,0.06428843790796554,0.0007039523802653408
M5S0168,evaporitic,48,enhanced,water_isotope_evaporation,0.059965262132345834,0.058596076360277465,-0.0013691857720683695
M5S0168,evaporitic,48,enhanced,Br,0.23986104852938334,0.2502208311567401,0.010359782627356762
M5S0168,evaporitic,48,enhanced,DO,0.0,0.00014215866364919428,0.00014215866364919428
M5S0168,evaporitic,48,enhanced,DOC,0.0,0.0009364930946384407,0.0009364930946384407
M5S0168,evaporitic,48,enhanced,d34S_SO4,0.0,2.967720961995993e-05,2.967720961995993e-05
M5S0168,evaporitic,48,enhanced,d18O_SO4,0.0,0.0002052057328059724,0.0002052057328059724
M5S0168,evaporitic,48,enhanced,d15N_NO3,0.0,2.2664921055843864e-05,2.2664921055843864e-05
M5S0168,evaporitic,48,enhanced,d18O_NO3,0.0,0.00020596518206338665,0.00020596518206338665
M5S0169,evaporitic,49,plus_lite,SiO2,0.0,-0.0001807793776539016,-0.0001807793776539016
M5S0169,evaporitic,49,plus_lite,Sr,0.2127605976413819,0.22107629393987585,0.008315696298493963
M5S0169,evaporitic,49,plus_lite,water_isotope_evaporation,0.060068587713761626,0.062042648394550454,0.001974060680788828
M5S0169,evaporitic,49,enhanced,SiO2,0.0,-0.00041268923978557415,-0.00041268923978557415
M5S0169,evaporitic,49,enhanced,Sr,0.2127605976413819,0.21596777759025695,0.0032071799488750663
M5S0169,evaporitic,49,enhanced,water_isotope_evaporation,0.060068587713761626,0.062294822914557554,0.0022262352007959285
M5S0169,evaporitic,49,enhanced,Br,0.14991478049927132,0.1483668318404626,-0.0015479486588087232
M5S0169,evaporitic,49,enhanced,DO,0.0,-0.0003522177711733504,-0.0003522177711733504
M5S0169,evaporitic,49,enhanced,DOC,0.0,-0.0001691305584708667,-0.0001691305584708667
M5S0169,evaporitic,49,enhanced,d34S_SO4,-0.09788953455208979,-0.09529498105280228,0.0025945534992875136
M5S0169,evaporitic,49,enhanced,d18O_SO4,0.112949462944719,0.11582856342109911,0.0028791004763801115
M5S0169,evaporitic,49,enhanced,d15N_NO3,-0.10381410204372035,-0.10820234464968198,-0.004388242605961629
M5S0169,evaporitic,49,enhanced,d18O_NO3,0.12688390249788042,0.1319369928450532,0.005053090347172773
M5S0170,evaporitic,50,plus_lite,SiO2,0.0,0.0018374404158990104,0.0018374404158990104
M5S0170,evaporitic,50,plus_lite,Sr,-0.18311849646067485,-0.18606302572873631,-0.002944529268061463
M5S0170,evaporitic,50,plus_lite,water_isotope_evaporation,0.02423682083588272,0.024263253810475085,2.643297459236499e-05
M5S0170,evaporitic,50,enhanced,SiO2,0.0,-0.00020038723880193922,-0.00020038723880193922
M5S0170,evaporitic,50,enhanced,Sr,-0.18311849646067485,-0.19170599345800585,-0.008587496997330996
M5S0170,evaporitic,50,enhanced,water_isotope_evaporation,0.02423682083588272,0.02430572705408916,6.890621820643955e-05
M5S0170,evaporitic,50,enhanced,Br,0.1614510986109439,0.15494524518833672,-0.006505853422607177
M5S0170,evaporitic,50,enhanced,DO,0.0,-0.00012775618935419628,-0.00012775618935419628
M5S0170,evaporitic,50,enhanced,DOC,0.0,-0.0013659134334822504,-0.0013659134334822504
M5S0170,evaporitic,50,enhanced,d34S_SO4,0.06987913320636412,0.07123636884745713,0.0013572356410930103
M5S0170,evaporitic,50,enhanced,d18O_SO4,-0.08062976908426628,-0.0815297509025583,-0.0008999818182920255
M5S0170,evaporitic,50,enhanced,d15N_NO3,-0.08831949872204545,-0.08539220324044164,0.002927295481603809
M5S0170,evaporitic,50,enhanced,d18O_NO3,0.10794605399361111,0.10890120335808871,0.0009551493644776032
M5S0171,evaporitic,51,plus_lite,SiO2,0.0,0.00011504013343971003,0.00011504013343971003
M5S0171,evaporitic,51,plus_lite,Sr,0.0,-0.00039924196732158735,-0.00039924196732158735
M5S0171,evaporitic,51,plus_lite,water_isotope_evaporation,0.0,-0.0007834830057844018,-0.0007834830057844018
M5S0171,evaporitic,51,enhanced,SiO2,0.0,0.0007362945315117763,0.0007362945315117763
M5S0171,evaporitic,51,enhanced,Sr,0.0,-0.0005770319238376965,-0.0005770319238376965
M5S0171,evaporitic,51,enhanced,water_isotope_evaporation,0.0,0.0008741690440597786,0.0008741690440597786
M5S0171,evaporitic,51,enhanced,Br,0.0,0.00034070739293986743,0.00034070739293986743
M5S0171,evaporitic,51,enhanced,DO,0.0,-0.0009628109123975271,-0.0009628109123975271
M5S0171,evaporitic,51,enhanced,DOC,0.0,-0.000459714371320022,-0.000459714371320022
M5S0171,evaporitic,51,enhanced,d34S_SO4,0.0,0.001006518659493773,0.001006518659493773
M5S0171,evaporitic,51,enhanced,d18O_SO4,0.0,0.0007508837196173541,0.0007508837196173541
M5S0171,evaporitic,51,enhanced,d15N_NO3,0.0,0.0006917599376108244,0.0006917599376108244
M5S0171,evaporitic,51,enhanced,d18O_NO3,0.0,-9.064558375520734e-05,-9.064558375520734e-05
M5S0172,evaporitic,52,plus_lite,SiO2,0.0,0.000342325798204457,0.000342325798204457
M5S0172,evaporitic,52,plus_lite,Sr,0.0,-0.00020698137075262385,-0.00020698137075262385
M5S0172,evaporitic,52,plus_lite,water_isotope_evaporation,0.051066565790002946,0.05146831869166551,0.00040175290166256233
M5S0172,evaporitic,52,enhanced,SiO2,0.0,0.0002717013768570489,0.0002717013768570489
M5S0172,evaporitic,52,enhanced,Sr,0.0,-0.00018437467227310487,-0.00018437467227310487
M5S0172,evaporitic,52,enhanced,water_isotope_evaporation,0.051066565790002946,0.050203022111721875,-0.0008635436782810715
M5S0172,evaporitic,52,enhanced,Br,0.20426626316001179,0.20748516359401056,0.003218900433998778
M5S0172,evaporitic,52,enhanced,DO,0.0,-0.00024704382874187413,-0.00024704382874187413
M5S0172,evaporitic,52,enhanced,DOC,0.0,0.0005563795363410544,0.0005563795363410544
M5S0172,evaporitic,52,enhanced,d34S_SO4,0.0,0.00018154423016037203,0.00018154423016037203
M5S0172,evaporitic,52,enhanced,d18O_SO4,0.0,-0.00014426846851044967,-0.00014426846851044967
M5S0172,evaporitic,52,enhanced,d15N_NO3,-0.11833776466906887,-0.11745240758784099,0.0008853570812278749
M5S0172,evaporitic,52,enhanced,d18O_NO3,0.14463504570663974,0.14566315810188413,0.0010281123952443905
M5S0173,evaporitic,53,plus_lite,SiO2,0.0,-0.0006827584275449581,-0.0006827584275449581
M5S0173,evaporitic,53,plus_lite,Sr,0.0,-0.00039431393766715267,-0.00039431393766715267
M5S0173,evaporitic,53,plus_lite,water_isotope_evaporation,0.025319720751162407,0.026198509386752406,0.0008787886355899992
M5S0173,evaporitic,53,enhanced,SiO2,0.0,-0.00037106487443514744,-0.00037106487443514744
M5S0173,evaporitic,53,enhanced,Sr,0.0,0.00010209765089097805,0.00010209765089097805
M5S0173,evaporitic,53,enhanced,water_isotope_evaporation,0.025319720751162407,0.024554121237912608,-0.000765599513249799
M5S0173,evaporitic,53,enhanced,Br,0.10127888300464963,0.1035670298396985,0.002288146835048868
M5S0173,evaporitic,53,enhanced,DO,0.0,-0.0005738584419166954,-0.0005738584419166954
M5S0173,evaporitic,53,enhanced,DOC,0.0,0.0007166453775926142,0.0007166453775926142
M5S0173,evaporitic,53,enhanced,d34S_SO4,0.0,-0.00043940422792814365,-0.00043940422792814365
M5S0173,evaporitic,53,enhanced,d18O_SO4,0.0,0.00025901692797436693,0.00025901692797436693
M5S0173,evaporitic,53,enhanced,d15N_NO3,-0.031019809121139733,-0.029423223998240537,0.0015965851228991954
M5S0173,evaporitic,53,enhanced,d18O_NO3,0.03791310003694857,0.03925716102800579,0.0013440609910572235
M5S0174,evaporitic,54,plus_lite,SiO2,0.0,0.0011513488807747925,0.0011513488807747925
M5S0174,evaporitic,54,plus_lite,Sr,0.0,-1.3241825108071039e-05,-1.3241825108071039e-05
M5S0174,evaporitic,54,plus_lite,water_isotope_evaporation,0.05245805539394095,0.05042196832385651,-0.002036087070084444
M5S0174,evaporitic,54,enhanced,SiO2,0.0,0.0005690467968403546,0.0005690467968403546
M5S0174,evaporitic,54,enhanced,Sr,0.0,-0.0003063793583878699,-0.0003063793583878699
M5S0174,evaporitic,54,enhanced,water_isotope_evaporation,0.05245805539394095,0.05408961176279764,0.0016315563688566875
M5S0174,evaporitic,54,enhanced,Br,0.2098322215757638,0.22454108859264862,0.014708867016884813
M5S0174,evaporitic,54,enhanced,DO,0.0,-5.656029064940966e-05,-5.656029064940966e-05
M5S0174,evaporitic,54,enhanced,DOC,0.0,-0.0004704873770106195,-0.0004704873770106195
M5S0174,evaporitic,54,enhanced,d34S_SO4,0.0,-1.8146405624686487e-05,-1.8146405624686487e-05
M5S0174,evaporitic,54,enhanced,d18O_SO4,0.0,-0.00036683412831208754,-0.00036683412831208754
M5S0174,evaporitic,54,enhanced,d15N_NO3,-0.06082216457556063,-0.05784609268348986,0.002976071892070775
M5S0174,evaporitic,54,enhanced,d18O_NO3,0.07433820114790744,0.08010418507884853,0.00576598393094109
M5S0175,evaporitic,55,plus_lite,SiO2,0.0,0.0006092792043054819,0.0006092792043054819
M5S0175,evaporitic,55,plus_lite,Sr,0.12111607041277157,0.12599061465035216,0.004874544237580589
M5S0175,evaporitic,55,plus_lite,water_isotope_evaporation,-0.010905433008748884,-0.011855630759215238,-0.0009501977504663538
M5S0175,evaporitic,55,enhanced,SiO2,0.0,5.8669825053004605e-05,5.8669825053004605e-05
M5S0175,evaporitic,55,enhanced,Sr,0.12111607041277157,0.12168846833945632,0.0005723979266847451
M5S0175,evaporitic,55,enhanced,water_isotope_evaporation,-0.010905433008748884,-0.010542498382196326,0.0003629346265525586
M5S0175,evaporitic,55,enhanced,Br,0.0,-0.00013060743472894615,-0.00013060743472894615
M5S0175,evaporitic,55,enhanced,DO,0.0,-0.000196909281321392,-0.000196909281321392
M5S0175,evaporitic,55,enhanced,DOC,0.0,0.0010363294198963149,0.0010363294198963149
M5S0175,evaporitic,55,enhanced,d34S_SO4,0.04725687637124516,0.04807053695696482,0.0008136605857196541
M5S0175,evaporitic,55,enhanced,d18O_SO4,-0.05452716504374442,-0.05382838211688594,0.0006987829268584808
M5S0175,evaporitic,55,enhanced,d15N_NO3,-0.14660556009711964,-0.146262018084129,0.0003435420129906386
M5S0175,evaporitic,55,enhanced,d18O_NO3,0.17918457345203515,0.17768947379536965,-0.0014950996566654995
M5S0176,evaporitic,56,plus_lite,SiO2,0.0,-0.00019380157625244416,-0.00019380157625244416
M5S0176,evaporitic,56,plus_lite,Sr,0.01639052173605236,0.01647717213250007,8.665039644771208e-05
M5S0176,evaporitic,56,plus_lite,water_isotope_evaporation,0.012292891302039267,0.0115990140882931,-0.0006938772137461673
M5S0176,evaporitic,56,enhanced,SiO2,0.0,0.001315470770839168,0.001315470770839168
M5S0176,evaporitic,56,enhanced,Sr,0.01639052173605236,0.01503844104109216,-0.001352080694960199
M5S0176,evaporitic,56,enhanced,water_isotope_evaporation,0.012292891302039267,0.0122583949383056,-3.449636373366663e-05
M5S0176,evaporitic,56,enhanced,Br,0.0,-0.0007064828338137608,-0.0007064828338137608
M5S0176,evaporitic,56,enhanced,DO,0.0,0.000522056808106948,0.000522056808106948
M5S0176,evaporitic,56,enhanced,DOC,0.0,-0.0003955751386158705,-0.0003955751386158705
M5S0176,evaporitic,56,enhanced,d34S_SO4,-0.05326919564217016,-0.05268520261181457,0.000583993030355591
M5S0176,evaporitic,56,enhanced,d18O_SO4,0.061464456510196344,0.06277386487139108,0.0013094083611947388
M5S0176,evaporitic,56,enhanced,d15N_NO3,0.0,0.0009483863397475174,0.0009483863397475174
M5S0176,evaporitic,56,enhanced,d18O_NO3,0.0,-0.00013459263216764752,-0.00013459263216764752
M5S0177,evaporitic,57,plus_lite,SiO2,0.0,0.00022721270624856174,0.00022721270624856174
M5S0177,evaporitic,57,plus_lite,Sr,0.04740101101108898,0.04720818754521289,-0.0001928234658760894
M5S0177,evaporitic,57,plus_lite,water_isotope_evaporation,0.03555075825831673,0.03702864633841645,0.0014778880800997221
M5S0177,evaporitic,57,enhanced,SiO2,0.0,-0.0008118863751018598,-0.0008118863751018598
M5S0177,evaporitic,57,enhanced,Sr,0.04740101101108898,0.04777790764295438,0.00037689663186540184
M5S0177,evaporitic,57,enhanced,water_isotope_evaporation,0.03555075825831673,0.03794717030522098,0.002396412046904252
M5S0177,evaporitic,57,enhanced,Br,0.0,-0.0006494983387677403,-0.0006494983387677403
M5S0177,evaporitic,57,enhanced,DO,0.0,0.000190954112798021,0.000190954112798021
M5S0177,evaporitic,57,enhanced,DOC,0.0,0.0005332112106167268,0.0005332112106167268
M5S0177,evaporitic,57,enhanced,d34S_SO4,-0.15405328578603916,-0.15258757882779295,0.0014657069582462157
M5S0177,evaporitic,57,enhanced,d18O_SO4,0.17775379129158364,0.1867536682307527,0.008999876939169066
M5S0177,evaporitic,57,enhanced,d15N_NO3,-0.06036905699498079,-0.058459148834800606,0.0019099081601801834
M5S0177,evaporitic,57,enhanced,d18O_NO3,0.07378440299386542,0.07232891809324132,-0.001455484900624096
M5S0178,evaporitic,58,plus_lite,SiO2,0.0,-0.0003793229684345379,-0.0003793229684345379
M5S0178,evaporitic,58,plus_lite,Sr,0.0,-0.0008754798297434552,-0.0008754798297434552
M5S0178,evaporitic,58,plus_lite,water_isotope_evaporation,0.022584383555179256,0.02231305692028443,-0.0002713266348948265
M5S0178,evaporitic,58,enhanced,SiO2,0.0,0.00037543542365214237,0.00037543542365214237
M5S0178,evaporitic,58,enhanced,Sr,0.0,0.00016311390566377902,0.00016311390566377902
M5S0178,evaporitic,58,enhanced,water_isotope_evaporation,0.022584383555179256,0.02293758075464081,0.00035319719946155445
M5S0178,evaporitic,58,enhanced,Br,0.09033753422071703,0.09214167843019878,0.001804144209481759
M5S0178,evaporitic,58,enhanced,DO,0.0,-0.0006338952166081963,-0.0006338952166081963
M5S0178,evaporitic,58,enhanced,DOC,0.0,5.4155142600666016e-05,5.4155142600666016e-05
M5S0178,evaporitic,58,enhanced,d34S_SO4,0.0,0.0008866557721917681,0.0008866557721917681
M5S0178,evaporitic,58,enhanced,d18O_SO4,0.0,-0.0007486846907671375,-0.0007486846907671375
M5S0178,evaporitic,58,enhanced,d15N_NO3,0.0,0.0006857460584307661,0.0006857460584307661
M5S0178,evaporitic,58,enhanced,d18O_NO3,0.0,-0.000645441168328576,-0.000645441168328576
M5S0179,evaporitic,59,plus_lite,SiO2,0.0,0.0015462004611618014,0.0015462004611618014
M5S0179,evaporitic,59,plus_lite,Sr,-0.019918589583214543,-0.019871872534347555,4.671704886698852e-05
M5S0179,evaporitic,59,plus_lite,water_isotope_evaporation,0.052161274556112885,0.05042973763930125,-0.0017315369168116324
M5S0179,evaporitic,59,enhanced,SiO2,0.0,0.0004031743728826641,0.0004031743728826641
M5S0179,evaporitic,59,enhanced,Sr,-0.019918589583214543,-0.01928069303095956,0.0006378965522549837
M5S0179,evaporitic,59,enhanced,water_isotope_evaporation,0.052161274556112885,0.05047379666739149,-0.0016874778887213948
M5S0179,evaporitic,59,enhanced,Br,0.26840086697409515,0.2781786354054918,0.00977776843139666
M5S0179,evaporitic,59,enhanced,DO,0.0,0.0003292487113437914,0.0003292487113437914
M5S0179,evaporitic,59,enhanced,DOC,0.0,-0.0006084117353978701,-0.0006084117353978701
M5S0179,evaporitic,59,enhanced,d34S_SO4,0.06473541614544726,0.06453584254986092,-0.0001995735955863387
M5S0179,evaporitic,59,enhanced,d18O_SO4,-0.07469471093705453,-0.07213652042715432,0.0025581905099002072
M5S0179,evaporitic,59,enhanced,d15N_NO3,-0.13703613009965168,-0.1394045143762212,-0.0023683842765695184
M5S0179,evaporitic,59,enhanced,d18O_NO3,0.16748860345512984,0.16109642783338898,-0.006392175621740853
M5S0180,evaporitic,60,plus_lite,SiO2,0.0,0.0003443520709946799,0.0003443520709946799
M5S0180,evaporitic,60,plus_lite,Sr,0.1321209725511054,0.1340361546575771,0.0019151821064717078
M5S0180,evaporitic,60,plus_lite,water_isotope_evaporation,-0.05885293805310343,-0.05902109949230387,-0.0001681614392004399
M5S0180,evaporitic,60,enhanced,SiO2,0.0,-0.00015322545834839068,-0.00015322545834839068
M5S0180,evaporitic,60,enhanced,Sr,0.1321209725511054,0.136450027612413,0.004329055061307624
M5S0180,evaporitic,60,enhanced,water_isotope_evaporation,-0.05885293805310343,-0.05811574855096249,0.0007371895021409391
M5S0180,evaporitic,60,enhanced,Br,-0.26045139335203965,-0.2546681706664096,0.0057832226856300295
M5S0180,evaporitic,60,enhanced,DO,0.0,-0.00043838486881759165,-0.00043838486881759165
M5S0180,evaporitic,60,enhanced,DOC,0.0,-0.0009093178749268148,-0.0009093178749268148
M5S0180,evaporitic,60,enhanced,d34S_SO4,-0.027126277901261427,-0.02775058837722877,-0.0006243104759673414
M5S0180,evaporitic,60,enhanced,d18O_SO4,0.03129955142453242,0.031973264602900196,0.0006737131783677783
M5S0180,evaporitic,60,enhanced,d15N_NO3,-0.0182563580635125,-0.017375441242684725,0.0008809168208277762
M5S0180,evaporitic,60,enhanced,d18O_NO3,0.022313326522070836,0.022761853915120808,0.0004485273930499717
M5S0181,mixed,1,plus_lite,SiO2,0.0,-1.687391664945148e-06,-1.687391664945148e-06
M5S0181,mixed,1,plus_lite,Sr,0.0,0.00022621705259800315,0.00022621705259800315
M5S0181,mixed,1,plus_lite,water_isotope_evaporation,0.0,0.0006172922027719306,0.0006172922027719306
M5S0181,mixed,1,enhanced,SiO2,0.0,0.00010190025031844461,0.00010190025031844461
M5S0181,mixed,1,enhanced,Sr,0.0,-0.0006937782841383472,-0.0006937782841383472
M5S0181,mixed,1,enhanced,water_isotope_evaporation,0.0,0.0006730168385959097,0.0006730168385959097
M5S0181,mixed,1,enhanced,Br,0.0,-0.0008478018335860538,-0.0008478018335860538
M5S0181,mixed,1,enhanced,DO,0.0,0.00022968708807201592,0.00022968708807201592
M5S0181,mixed,1,enhanced,DOC,0.0,0.0002697376131433314,0.0002697376131433314
M5S0181,mixed,1,enhanced,d34S_SO4,0.0,-0.00043221568396697253,-0.00043221568396697253
M5S0181,mixed,1,enhanced,d18O_SO4,0.0,4.237722686812935e-05,4.237722686812935e-05
M5S0181,mixed,1,enhanced,d15N_NO3,0.0,-0.0005483517168895516,-0.0005483517168895516
M5S0181,mixed,1,enhanced,d18O_NO3,0.0,0.0007893854058916934,0.0007893854058916934
M5S0182,mixed,2,plus_lite,SiO2,0.0662507912170697,0.06398748871486318,-0.002263302502206521
M5S0182,mixed,2,plus_lite,Sr,0.01325015824341394,0.014107742149703593,0.000857583906289653
M5S0182,mixed,2,plus_lite,water_isotope_evaporation,0.03724110438382235,0.03609908782495156,-0.0011420165588707926
M5S0182,mixed,2,enhanced,SiO2,0.0662507912170697,0.0674543373860498,0.0012035461689801075
M5S0182,mixed,2,enhanced,Sr,0.01325015824341394,0.01270869050562837,-0.0005414677377855691
M5S0182,mixed,2,enhanced,water_isotope_evaporation,0.03724110438382235,0.037656024857886446,0.0004149204740640927
M5S0182,mixed,2,enhanced,Br,0.1489644175352894,0.14538604421012347,-0.0035783733251659455
M5S0182,mixed,2,enhanced,DO,0.0,-0.0003502125066563045,-0.0003502125066563045
M5S0182,mixed,2,enhanced,DOC,0.0,-0.000894764963290181,-0.000894764963290181
M5S0182,mixed,2,enhanced,d34S_SO4,0.0,-0.0005506435396731663,-0.0005506435396731663
M5S0182,mixed,2,enhanced,d18O_SO4,0.0,0.00038686767058148514,0.00038686767058148514
M5S0182,mixed,2,enhanced,d15N_NO3,0.0,-0.00035764785749148483,-0.00035764785749148483
M5S0182,mixed,2,enhanced,d18O_NO3,0.0,0.0006280434461559121,0.0006280434461559121
M5S0183,mixed,3,plus_lite,SiO2,0.13409678819733917,0.1258416752811185,-0.008255112916220664
M5S0183,mixed,3,plus_lite,Sr,0.0,-0.000752314974498309,-0.000752314974498309
M5S0183,mixed,3,plus_lite,water_isotope_evaporation,0.0,8.558880229042367e-06,8.558880229042367e-06
M5S0183,mixed,3,enhanced,SiO2,0.13409678819733917,0.13362383208692666,-0.00047295611041250907
M5S0183,mixed,3,enhanced,Sr,0.0,0.0005845262499370286,0.0005845262499370286
M5S0183,mixed,3,enhanced,water_isotope_evaporation,0.0,0.00021867336169442887,0.00021867336169442887
M5S0183,mixed,3,enhanced,Br,0.0,-1.5129740691001568e-05,-1.5129740691001568e-05
M5S0183,mixed,3,enhanced,DO,0.03944143386050545,0.04001780333122673,0.0005763694707212816
M5S0183,mixed,3,enhanced,DOC,0.0,1.0132011455118252e-05,1.0132011455118252e-05
M5S0183,mixed,3,enhanced,d34S_SO4,0.04437161309306863,0.044347629222925705,-2.3983870142928188e-05
M5S0183,mixed,3,enhanced,d18O_SO4,-0.022185806546534317,-0.023319383406414165,-0.0011335768598798486
M5S0183,mixed,3,enhanced,d15N_NO3,0.0,0.00021178260304381227,0.00021178260304381227
M5S0183,mixed,3,enhanced,d18O_NO3,0.0,0.0006856892691381062,0.0006856892691381062
M5S0184,mixed,4,plus_lite,SiO2,-0.10545370038072263,-0.10451951665060683,0.0009341837301158062
M5S0184,mixed,4,plus_lite,Sr,0.05556478123069102,0.054631940207939794,-0.0009328410227512282
M5S0184,mixed,4,plus_lite,water_isotope_evaporation,0.041673585923018265,0.04040297267672519,-0.001270613246293073
M5S0184,mixed,4,enhanced,SiO2,-0.10545370038072263,-0.10500097732859046,0.0004527230521321757
M5S0184,mixed,4,enhanced,Sr,0.05556478123069102,0.056301122124490656,0.0007363408937996335
M5S0184,mixed,4,enhanced,water_isotope_evaporation,0.041673585923018265,0.04088438657790634,-0.0007891993451119225
M5S0184,mixed,4,enhanced,Br,0.0,0.0006144893221227832,0.0006144893221227832
M5S0184,mixed,4,enhanced,DO,0.0,0.0004595344220449196,0.0004595344220449196
M5S0184,mixed,4,enhanced,DOC,0.0,0.00017261049805665052,0.00017261049805665052
M5S0184,mixed,4,enhanced,d34S_SO4,-0.1805855389997458,-0.183876332871965,-0.0032907938722192
M5S0184,mixed,4,enhanced,d18O_SO4,0.20836792961509132,0.20440533352225182,-0.003962596092839499
M5S0184,mixed,4,enhanced,d15N_NO3,0.0,9.990929791553593e-05,9.990929791553593e-05
M5S0184,mixed,4,enhanced,d18O_NO3,0.0,0.00041467790275065793,0.00041467790275065793
M5S0185,mixed,5,plus_lite,SiO2,0.0,0.0006628848300743361,0.0006628848300743361
M5S0185,mixed,5,plus_lite,Sr,0.09395422623928948,0.0936766215700228,-0.0002776046692666845
M5S0185,mixed,5,plus_lite,water_isotope_evaporation,0.0,-0.0004577854318178675,-0.0004577854318178675
M5S0185,mixed,5,enhanced,SiO2,0.0,-0.0012896672268618177,-0.0012896672268618177
M5S0185,mixed,5,enhanced,Sr,0.09395422623928948,0.09176200665102845,-0.0021922195882610324
M5S0185,mixed,5,enhanced,water_isotope_evaporation,0.0,0.0004224184829737,0.0004224184829737
M5S0185,mixed,5,enhanced,Br,0.0,-0.00015831718077563,-0.00015831718077563
M5S0185,mixed,5,enhanced,DO,-0.0820253621604059,-0.08068675722160411,0.0013386049388017934
M5S0185,mixed,5,enhanced,DOC,0.0937432710404639,0.09814355003873408,0.004400278998270182
M5S0185,mixed,5,enhanced,d34S_SO4,0.0,-0.0009117618853065241,-0.0009117618853065241
M5S0185,mixed,5,enhanced,d18O_SO4,0.0,-0.00046295302650457517,-0.00046295302650457517
M5S0185,mixed,5,enhanced,d15N_NO3,0.11132013436055087,0.1099250469231902,-0.0013950874373606648
M5S0185,mixed,5,enhanced,d18O_NO3,0.0878843166004349,0.087742958798812,-0.00014135780162290168
M5S0186,mixed,6,plus_lite,SiO2,0.0,-0.0008097627158708328,-0.0008097627158708328
M5S0186,mixed,6,plus_lite,Sr,0.0,-0.0014942631551886224,-0.0014942631551886224
M5S0186,mixed,6,plus_lite,water_isotope_evaporation,0.0,0.000958856238642847,0.000958856238642847
M5S0186,mixed,6,enhanced,SiO2,0.0,-0.0002339105514405559,-0.0002339105514405559
M5S0186,mixed,6,enhanced,Sr,0.0,0.00022679303950446538,0.00022679303950446538
M5S0186,mixed,6,enhanced,water_isotope_evaporation,0.0,0.0004658915788408299,0.0004658915788408299
M5S0186,mixed,6,enhanced,Br,0.0,-0.0001286513939779953,-0.0001286513939779953
M5S0186,mixed,6,enhanced,DO,0.0,0.00039310664314398067,0.00039310664314398067
M5S0186,mixed,6,enhanced,DOC,0.0,0.0002170449490910885,0.0002170449490910885
M5S0186,mixed,6,enhanced,d34S_SO4,0.0,0.0005644846585951969,0.0005644846585951969
M5S0186,mixed,6,enhanced,d18O_SO4,0.0,0.0003206442935955364,0.0003206442935955364
M5S0186,mixed,6,enhanced,d15N_NO3,0.0,0.0006808213197389869,0.0006808213197389869
M5S0186,mixed,6,enhanced,d18O_NO3,0.0,0.0001247620462239514,0.0001247620462239514
M5S0187,mixed,7,plus_lite,SiO2,0.0,0.0005071116980596862,0.0005071116980596862
M5S0187,mixed,7,plus_lite,Sr,0.0,-0.0008004126624768571,-0.0008004126624768571
M5S0187,mixed,7,plus_lite,water_isotope_evaporation,0.0,-0.00039099805009930306,-0.00039099805009930306
M5S0187,mixed,7,enhanced,SiO2,0.0,-0.0003849938220616922,-0.0003849938220616922
M5S0187,mixed,7,enhanced,Sr,0.0,-0.0006029364050925094,-0.0006029364050925094
M5S0187,mixed,7,enhanced,water_isotope_evaporation,0.0,0.00032022548489664626,0.00032022548489664626
M5S0187,mixed,7,enhanced,Br,0.0,0.0008594315188060089,0.0008594315188060089
M5S0187,mixed,7,enhanced,DO,0.0,0.00025005490416422433,0.00025005490416422433
M5S0187,mixed,7,enhanced,DOC,0.0,-0.00039790243341483023,-0.00039790243341483023
M5S0187,mixed,7,enhanced,d34S_SO4,0.0,0.00011699839248359819,0.00011699839248359819
M5S0187,mixed,7,enhanced,d18O_SO4,0.0,-0.0004742344677390467,-0.0004742344677390467
M5S0187,mixed,7,enhanced,d15N_NO3,0.0,0.0012295893092445658,0.0012295893092445658
M5S0187,mixed,7,enhanced,d18O_NO3,0.0,0.0008232690678507059,0.0008232690678507059
M5S0188,mixed,8,plus_lite,SiO2,0.0032247727935251556,0.003848926561666773,0.0006241537681416173
M5S0188,mixed,8,plus_lite,Sr,0.0006533416204606507,0.0005002746443452921,-0.00015306697611535867
M5S0188,mixed,8,plus_lite,water_isotope_evaporation,0.0,0.0006376181216898716,0.0006376181216898716
M5S0188,mixed,8,enhanced,SiO2,0.0032247727935251556,0.0017294662425371057,-0.00149530655098805
M5S0188,mixed,8,enhanced,Sr,0.0006533416204606507,0.001071248612309994,0.00041790699184934333
M5S0188,mixed,8,enhanced,water_isotope_evaporation,0.0,9.90989087992868e-05,9.90989087992868e-05
M5S0188,mixed,8,enhanced,Br,0.0,0.00021512302377837543,0.00021512302377837543
M5S0188,mixed,8,enhanced,DO,0.0,0.000679617045312063,0.000679617045312063
M5S0188,mixed,8,enhanced,DOC,0.0,0.00045124568581547176,0.00045124568581547176
M5S0188,mixed,8,enhanced,d34S_SO4,0.0,-1.7621161926283798e-06,-1.7621161926283798e-06
M5S0188,mixed,8,enhanced,d18O_SO4,0.0,0.00024930267415449933,0.00024930267415449933
M5S0188,mixed,8,enhanced,d15N_NO3,0.0,0.0006499863522946005,0.0006499863522946005
M5S0188,mixed,8,enhanced,d18O_NO3,0.0,0.0008112491078086806,0.0008112491078086806
M5S0189,mixed,9,plus_lite,SiO2,0.035332640864135234,0.035182765028018564,-0.00014987583611666966
M5S0189,mixed,9,plus_lite,Sr,-0.04288447495796056,-0.04332686366486412,-0.00044238870690356535
M5S0189,mixed,9,plus_lite,water_isotope_evaporation,0.0,-0.0005968971608407232,-0.0005968971608407232
M5S0189,mixed,9,enhanced,SiO2,0.035332640864135234,0.033750473962087316,-0.0015821669020479184
M5S0189,mixed,9,enhanced,Sr,-0.04288447495796056,-0.042957844561277256,-7.33696033166989e-05
M5S0189,mixed,9,enhanced,water_isotope_evaporation,0.0,0.00012234222432553992,0.00012234222432553992
M5S0189,mixed,9,enhanced,Br,0.0,0.000736332396021363,0.000736332396021363
M5S0189,mixed,9,enhanced,DO,0.030485234993917112,0.0312574943921201,0.0007722593982029853
M5S0189,mixed,9,enhanced,DOC,0.0,-0.0005829496730921865,-0.0005829496730921865
M5S0189,mixed,9,enhanced,d34S_SO4,0.03429588936815675,0.03438186970866594,8.598034050918968e-05
M5S0189,mixed,9,enhanced,d18O_SO4,-0.017147944684078376,-0.017913080315194348,-0.0007651356311159721
M5S0189,mixed,9,enhanced,d15N_NO3,0.0,0.0006517470922298907,0.0006517470922298907
M5S0189,mixed,9,enhanced,d18O_NO3,0.0,0.0006737784828178175,0.0006737784828178175
M5S0190,mixed,10,plus_lite,SiO2,0.2086398922403116,0.21387200190496392,0.005232109664652318
M5S0190,mixed,10,plus_lite,Sr,0.022390356866647147,0.021437023096664513,-0.0009533337699826339
M5S0190,mixed,10,plus_lite,water_isotope_evaporation,0.02898970022645455,0.028101169925871142,-0.0008885303005834073
M5S0190,mixed,10,enhanced,SiO2,0.2086398922403116,0.207851885912561,-0.0007880063277505844
M5S0190,mixed,10,enhanced,Sr,0.022390356866647147,0.022763438136205596,0.0003730812695584493
M5S0190,mixed,10,enhanced,water_isotope_evaporation,0.02898970022645455,0.030905299185151187,0.001915598958696637
M5S0190,mixed,10,enhanced,Br,0.1159588009058182,0.11689540072073491,0.0009365998149167137
M5S0190,mixed,10,enhanced,DO,-0.05068387713944064,-0.05158304622398015,-0.0008991690845395056
M5S0190,mixed,10,enhanced,DOC,0.0579244310165036,0.05617266724702267,-0.0017517637694809338
M5S0190,mixed,10,enhanced,d34S_SO4,0.0,0.00045165167771095573,0.00045165167771095573
M5S0190,mixed,10,enhanced,d18O_SO4,0.0,0.0004253093406939175,0.0004253093406939175
M5S0190,mixed,10,enhanced,d15N_NO3,0.06878526183209802,0.06788342644996098,-0.000901835382137034
M5S0190,mixed,10,enhanced,d18O_NO3,0.05430415407797212,0.053651061696045485,-0.0006530923819266371
M5S0191,mixed,11,plus_lite,SiO2,0.0,-6.36763333123253e-05,-6.36763333123253e-05
M5S0191,mixed,11,plus_lite,Sr,-0.0019292259181414885,-0.000979885461503229,0.0009493404566382594
M5S0191,mixed,11,plus_lite,water_isotope_evaporation,0.0,-0.00018005464120948915,-0.00018005464120948915
M5S0191,mixed,11,enhanced,SiO2,0.0,-0.0007349353309064966,-0.0007349353309064966
M5S0191,mixed,11,enhanced,Sr,-0.0019292259181414885,-0.0030377863660359175,-0.001108560447894429
M5S0191,mixed,11,enhanced,water_isotope_evaporation,0.0,8.397751658919481e-05,8.397751658919481e-05
M5S0191,mixed,11,enhanced,Br,0.0,-0.0014967150709776843,-0.0014967150709776843
M5S0191,mixed,11,enhanced,DO,0.0,0.00046613034174439714,0.00046613034174439714
M5S0191,mixed,11,enhanced,DOC,0.0,0.0014033613245854053,0.0014033613245854053
M5S0191,mixed,11,enhanced,d34S_SO4,0.0,-0.0002494251355148319,-0.0002494251355148319
M5S0191,mixed,11,enhanced,d18O_SO4,0.0,-0.00055185764891333,-0.00055185764891333
M5S0191,mixed,11,enhanced,d15N_NO3,0.0,0.00014197427686455692,0.00014197427686455692
M5S0191,mixed,11,enhanced,d18O_NO3,0.0,-1.960289766313867e-05,-1.960289766313867e-05
M5S0192,mixed,12,plus_lite,SiO2,0.0,-0.00074523280332254,-0.00074523280332254
M5S0192,mixed,12,plus_lite,Sr,-0.00204295184359825,-0.0014683843365865291,0.000574567507011721
M5S0192,mixed,12,plus_lite,water_isotope_evaporation,0.0,-0.0002903690144423721,-0.0002903690144423721
M5S0192,mixed,12,enhanced,SiO2,0.0,0.0008908293154515406,0.0008908293154515406
M5S0192,mixed,12,enhanced,Sr,-0.00204295184359825,-0.0024948044690066,-0.00045185262540834966
M5S0192,mixed,12,enhanced,water_isotope_evaporation,0.0,-0.0003435493860193487,-0.0003435493860193487
M5S0192,mixed,12,enhanced,Br,0.0,0.00021974420056067035,0.00021974420056067035
M5S0192,mixed,12,enhanced,DO,0.0,0.0008808949900095294,0.0008808949900095294
M5S0192,mixed,12,enhanced,DOC,0.0,0.000277482741580376,0.000277482741580376
M5S0192,mixed,12,enhanced,d34S_SO4,0.0,-9.051046204545176e-06,-9.051046204545176e-06
M5S0192,mixed,12,enhanced,d18O_SO4,0.0,0.0006040527528936076,0.0006040527528936076
M5S0192,mixed,12,enhanced,d15N_NO3,-0.014232708021960397,-0.014510691841099033,-0.00027798381913863614
M5S0192,mixed,12,enhanced,d18O_NO3,0.017395532026840486,0.01697333754602126,-0.00042219448081922545
M5S0193,mixed,13,plus_lite,SiO2,0.0,0.0004627152228337092,0.0004627152228337092
M5S0193,mixed,13,plus_lite,Sr,0.0996026906156881,0.09514760452137956,-0.004455086094308544
M5S0193,mixed,13,plus_lite,water_isotope_evaporation,0.03707639335416504,0.03710060409510347,2.421074093843234e-05
M5S0193,mixed,13,enhanced,SiO2,0.0,0.0001693939609466155,0.0001693939609466155
M5S0193,mixed,13,enhanced,Sr,0.0996026906156881,0.10082637277294747,0.001223682157259362
M5S0193,mixed,13,enhanced,water_isotope_evaporation,0.03707639335416504,0.03811304921138625,0.001036655857221215
M5S0193,mixed,13,enhanced,Br,0.0,1.1791672815265096e-05,1.1791672815265096e-05
M5S0193,mixed,13,enhanced,DO,-0.05469648060592445,-0.053704733617462676,0.0009917469884617724
M5S0193,mixed,13,enhanced,DOC,0.06251026354962795,0.062298041436541114,-0.00021222211308683653
M5S0193,mixed,13,enhanced,d34S_SO4,-0.16066437120138186,-0.15805704006894525,0.0026073311324366077
M5S0193,mixed,13,enhanced,d18O_SO4,0.1853819667708252,0.19384695326429877,0.008464986493473575
M5S0193,mixed,13,enhanced,d15N_NO3,0.07423093796518318,0.07483690737100308,0.0006059694058199033
M5S0193,mixed,13,enhanced,d18O_NO3,0.058603372077776196,0.05826382195181076,-0.0003395501259654335
M5S0194,mixed,14,plus_lite,SiO2,0.08675613722040032,0.08537879840231517,-0.001377338818085147
M5S0194,mixed,14,plus_lite,Sr,0.03333338629334487,0.03248521264401098,-0.000848173649333886
M5S0194,mixed,14,plus_lite,water_isotope_evaporation,0.011986619136948599,0.011940933875110245,-4.568526183835325e-05
M5S0194,mixed,14,enhanced,SiO2,0.08675613722040032,0.09112067480282059,0.0043645375824202665
M5S0194,mixed,14,enhanced,Sr,0.03333338629334487,0.03370942843504618,0.00037604214170131045
M5S0194,mixed,14,enhanced,water_isotope_evaporation,0.011986619136948599,0.012414176204301615,0.0004275570673530158
M5S0194,mixed,14,enhanced,Br,0.0,-8.634467965419101e-05,-8.634467965419101e-05
M5S0194,mixed,14,enhanced,DO,0.015282652944415599,0.015817877917854023,0.0005352249734384244
M5S0194,mixed,14,enhanced,DOC,0.0,0.00026518871253908966,0.00026518871253908966
M5S0194,mixed,14,enhanced,d34S_SO4,-0.034749031697643054,-0.03409200570841148,0.0006570259892315772
M5S0194,mixed,14,enhanced,d18O_SO4,0.05133660340350922,0.05160402272103221,0.0002674193175229919
M5S0194,mixed,14,enhanced,d15N_NO3,0.0,0.0010131180338383429,0.0010131180338383429
M5S0194,mixed,14,enhanced,d18O_NO3,0.0,0.00010829560530543955,0.00010829560530543955
M5S0195,mixed,15,plus_lite,SiO2,0.14004320430861406,0.13244522409597478,-0.0075979802126392715
M5S0195,mixed,15,plus_lite,Sr,-0.04547660370398766,-0.04709524939376922,-0.0016186456897815601
M5S0195,mixed,15,plus_lite,water_isotope_evaporation,-0.03723887268531822,-0.03802357582165741,-0.0007847031363391946
M5S0195,mixed,15,enhanced,SiO2,0.14004320430861406,0.13324746119633227,-0.006795743112281788
M5S0195,mixed,15,enhanced,Sr,-0.04547660370398766,-0.04658992347646017,-0.001113319772472511
M5S0195,mixed,15,enhanced,water_isotope_evaporation,-0.03723887268531822,-0.038329919714703724,-0.0010910470293855057
M5S0195,mixed,15,enhanced,Br,0.0,0.00038404921733620174,0.00038404921733620174
M5S0195,mixed,15,enhanced,DO,0.0,-0.0007916732400566764,-0.0007916732400566764
M5S0195,mixed,15,enhanced,DOC,0.0,0.0008632514103603053,0.0008632514103603053
M5S0195,mixed,15,enhanced,d34S_SO4,0.16136844830304561,0.15785299534691768,-0.003515452956127929
M5S0195,mixed,15,enhanced,d18O_SO4,-0.18619436342659107,-0.1878532701076393,-0.0016589066810482334
M5S0195,mixed,15,enhanced,d15N_NO3,-0.11334383356379585,-0.1152192162851232,-0.0018753827213273538
M5S0195,mixed,15,enhanced,d18O_NO3,0.13853135213352827,0.14054579860744415,0.002014446473915882
M5S0196,mixed,16,plus_lite,SiO2,0.0,0.0001642326154589128,0.0001642326154589128
M5S0196,mixed,16,plus_lite,Sr,0.0,-0.00018323381907256998,-0.00018323381907256998
M5S0196,mixed,16,plus_lite,water_isotope_evaporation,0.0,0.0007517976782396098,0.0007517976782396098
M5S0196,mixed,16,enhanced,SiO2,0.0,9.251368621723279e-05,9.251368621723279e-05
M5S0196,mixed,16,enhanced,Sr,0.0,-0.00010118923514796068,-0.00010118923514796068
M5S0196,mixed,16,enhanced,water_isotope_evaporation,0.0,0.0007538499064119166,0.0007538499064119166
M5S0196,mixed,16,enhanced,Br,0.0,-0.00047586998560285884,-0.00047586998560285884
M5S0196,mixed,16,enhanced,DO,0.0,5.098967894379309e-05,5.098967894379309e-05
M5S0196,mixed,16,enhanced,DOC,0.0,0.0010895709521159713,0.0010895709521159713
M5S0196,mixed,16,enhanced,d34S_SO4,0.0,-0.0006300691066060674,-0.0006300691066060674
M5S0196,mixed,16,enhanced,d18O_SO4,0.0,0.0008204027000260339,0.0008204027000260339
M5S0196,mixed,16,enhanced,d15N_NO3,0.0,0.00013344175862718555,0.00013344175862718555
M5S0196,mixed,16,enhanced,d18O_NO3,0.0,0.00033825466781298435,0.00033825466781298435
M5S0197,mixed,17,plus_lite,SiO2,0.16081237597872566,0.16064124052333034,-0.0001711354553953215
M5S0197,mixed,17,plus_lite,Sr,0.03216247519574513,0.03126751527030629,-0.0008949599254388443
M5S0197,mixed,17,plus_lite,water_isotope_evaporation,0.0,-0.00042200464389922633,-0.00042200464389922633
M5S0197,mixed,17,enhanced,SiO2,0.16081237597872566,0.1680721522548532,0.007259776276127533
M5S0197,mixed,17,enhanced,Sr,0.03216247519574513,0.03222932778764534,6.685259190020859e-05
M5S0197,mixed,17,enhanced,water_isotope_evaporation,0.0,0.0001382627427218909,0.0001382627427218909
M5S0197,mixed,17,enhanced,Br,0.0,6.908175715915881e-06,6.908175715915881e-06
M5S0197,mixed,17,enhanced,DO,0.0,-0.00047485196990058865,-0.00047485196990058865
M5S0197,mixed,17,enhanced,DOC,0.0,0.0010527094368802965,0.0010527094368802965
M5S0197,mixed,17,enhanced,d34S_SO4,0.0,-0.0006966032170647701,-0.0006966032170647701
M5S0197,mixed,17,enhanced,d18O_SO4,0.0,-0.00031129058097772365,-0.00031129058097772365
M5S0197,mixed,17,enhanced,d15N_NO3,0.0,-0.0006771449151994726,-0.0006771449151994726
M5S0197,mixed,17,enhanced,d18O_NO3,0.0,-0.0007960430768052402,-0.0007960430768052402
M5S0198,mixed,18,plus_lite,SiO2,0.0,-0.001012997726377219,-0.001012997726377219
M5S0198,mixed,18,plus_lite,Sr,0.03441370219201736,0.034783974831146466,0.00037027263912910863
M5S0198,mixed,18,plus_lite,water_isotope_evaporation,0.0417834078724602,0.04334081067077984,0.001557402798319639
M5S0198,mixed,18,enhanced,SiO2,0.0,0.0005201671028309545,0.0005201671028309545
M5S0198,mixed,18,enhanced,Sr,0.03441370219201736,0.034495331977795377,8.162978577801877e-05
M5S0198,mixed,18,enhanced,water_isotope_evaporation,0.0417834078724602,0.04091459977108395,-0.0008688081013762533
M5S0198,mixed,18,enhanced,Br,0.1671336314898408,0.17011838235627458,0.0029847508664337663
M5S0198,mixed,18,enhanced,DO,0.0,-0.0002282637193426193,-0.0002282637193426193
M5S0198,mixed,18,enhanced,DOC,0.0,-0.0001918018966812526,-0.0001918018966812526
M5S0198,mixed,18,enhanced,d34S_SO4,0.0,-0.00022945827971407838,-0.00022945827971407838
M5S0198,mixed,18,enhanced,d18O_SO4,0.0,-0.00030443893643687523,-0.00030443893643687523
M5S0198,mixed,18,enhanced,d15N_NO3,0.0,0.0005062061285862703,0.0005062061285862703
M5S0198,mixed,18,enhanced,d18O_NO3,0.0,-0.0010823485139607794,-0.0010823485139607794
M5S0199,mixed,19,plus_lite,SiO2,0.0,0.0007613136922211868,0.0007613136922211868
M5S0199,mixed,19,plus_lite,Sr,-0.08949268780059486,-0.08545375324226578,0.0040389345583290714
M5S0199,mixed,19,plus_lite,water_isotope_evaporation,0.0,0.00010127865723389471,0.00010127865723389471
M5S0199,mixed,19,enhanced,SiO2,0.0,-0.0007561268036602976,-0.0007561268036602976
M5S0199,mixed,19,enhanced,Sr,-0.08949268780059486,-0.08577942818730695,0.003713259613287903
M5S0199,mixed,19,enhanced,water_isotope_evaporation,0.0,0.00032935863722712857,0.00032935863722712857
M5S0199,mixed,19,enhanced,Br,0.0,0.0002960462810275235,0.0002960462810275235
M5S0199,mixed,19,enhanced,DO,0.030024937221580884,0.02903235068254222,-0.0009925865390386646
M5S0199,mixed,19,enhanced,DOC,0.0,0.0003958192646089584,0.0003958192646089584
M5S0199,mixed,19,enhanced,d34S_SO4,0.03377805437427849,0.033328824773953485,-0.00044922960032500736
M5S0199,mixed,19,enhanced,d18O_SO4,-0.016889027187139246,-0.01734222244693379,-0.0004531952597945435
M5S0199,mixed,19,enhanced,d15N_NO3,-0.13572783080984077,-0.13819850093531177,-0.002470670125471003
M5S0199,mixed,19,enhanced,d18O_NO3,0.1658895709898054,0.16079689364529604,-0.005092677344509355
M5S0200,mixed,20,plus_lite,SiO2,0.21419451890267285,0.2108715091533813,-0.003323009749291561
M5S0200,mixed,20,plus_lite,Sr,0.04283890378053457,0.0429263520501431,8.744826960852686e-05
M5S0200,mixed,20,plus_lite,water_isotope_evaporation,0.017425047719463592,0.016678031918693027,-0.0007470158007705646
M5S0200,mixed,20,enhanced,SiO2,0.21419451890267285,0.21565699748734185,0.001462478584668997
M5S0200,mixed,20,enhanced,Sr,0.04283890378053457,0.04427966354647047,0.0014407597659358978
M5S0200,mixed,20,enhanced,water_isotope_evaporation,0.017425047719463592,0.017831148787085048,0.00040610106762145604
M5S0200,mixed,20,enhanced,Br,0.06970019087785437,0.0692465535122959,-0.00045363736555846523
M5S0200,mixed,20,enhanced,DO,0.006001795245640728,0.005963892225032162,-3.790302060856579e-05
M5S0200,mixed,20,enhanced,DOC,0.057840493830549414,0.05833602573661201,0.0004955319060625935
M5S0200,mixed,20,enhanced,d34S_SO4,0.06368875576579289,0.06153457169474398,-0.0021541840710489063
M5S0200,mixed,20,enhanced,d18O_SO4,-0.031844377882896444,-0.033306366146992734,-0.0014619882640962908
M5S0200,mixed,20,enhanced,d15N_NO3,0.0026340161402033935,0.003279786077440067,0.0006457699372366737
M5S0200,mixed,20,enhanced,d18O_NO3,0.13495515997939722,0.13362050105230278,-0.0013346589270944453
M5S0201,mixed,21,plus_lite,SiO2,-0.09326579374510897,-0.08818504745954255,0.005080746285566429
M5S0201,mixed,21,plus_lite,Sr,0.0,0.0013331025241217207,0.0013331025241217207
M5S0201,mixed,21,plus_lite,water_isotope_evaporation,0.0,-0.0007256582698056541,-0.0007256582698056541
M5S0201,mixed,21,enhanced,SiO2,-0.09326579374510897,-0.09349240933080412,-0.00022661558569514462
M5S0201,mixed,21,enhanced,Sr,0.0,-0.0005672164111680671,-0.0005672164111680671
M5S0201,mixed,21,enhanced,water_isotope_evaporation,0.0,-0.0006496522638364284,-0.0006496522638364284
M5S0201,mixed,21,enhanced,Br,0.0,5.558874460969422e-05,5.558874460969422e-05
M5S0201,mixed,21,enhanced,DO,0.0,-0.0008045782808665997,-0.0008045782808665997
M5S0201,mixed,21,enhanced,DOC,0.0,-0.0005353955054009085,-0.0005353955054009085
M5S0201,mixed,21,enhanced,d34S_SO4,0.0,0.0007556599576876969,0.0007556599576876969
M5S0201,mixed,21,enhanced,d18O_SO4,0.0,-1.4071694744764783e-06,-1.4071694744764783e-06
M5S0201,mixed,21,enhanced,d15N_NO3,0.0,-0.0006621316121726625,-0.0006621316121726625
M5S0201,mixed,21,enhanced,d18O_NO3,0.0,0.0011793018340201134,0.0011793018340201134
M5S0202,mixed,22,plus_lite,SiO2,-0.16276815257217947,-0.16059897411084914,0.002169178461330329
M5S0202,mixed,22,plus_lite,Sr,-0.0036857736327688025,-0.0032677399189233016,0.0004180337138455009
M5S0202,mixed,22,plus_lite,water_isotope_evaporation,0.02165089266125032,0.022908430766115213,0.0012575381048648936
M5S0202,mixed,22,enhanced,SiO2,-0.16276815257217947,-0.16545028016204782,-0.002682127589868355
M5S0202,mixed,22,enhanced,Sr,-0.0036857736327688025,-0.004464362711258146,-0.0007785890784893432
M5S0202,mixed,22,enhanced,water_isotope_evaporation,0.02165089266125032,0.02124033386835236,-0.00041055879289796093
M5S0202,mixed,22,enhanced,Br,0.0,-2.9954961389197582e-05,-2.9954961389197582e-05
M5S0202,mixed,22,enhanced,DO,0.0,0.00043244439545684987,0.00043244439545684987
M5S0202,mixed,22,enhanced,DOC,0.0,0.0002648585500163922,0.0002648585500163922
M5S0202,mixed,22,enhanced,d34S_SO4,-0.09382053486541805,-0.09341999827967505,0.00040053658574300266
M5S0202,mixed,22,enhanced,d18O_SO4,0.1082544633062516,0.107761488516889,-0.0004929747893625963
M5S0202,mixed,22,enhanced,d15N_NO3,0.0,-0.0005726294312553544,-0.0005726294312553544
M5S0202,mixed,22,enhanced,d18O_NO3,0.0,0.0003202963569680048,0.0003202963569680048
M5S0203,mixed,23,plus_lite,SiO2,-0.2502629821872974,-0.24464260155519166,0.005620380632105765
M5S0203,mixed,23,plus_lite,Sr,-0.05005259643745949,-0.04795483263085355,0.0020977638066059373
M5S0203,mixed,23,plus_lite,water_isotope_evaporation,0.0,-0.00015162853349038732,-0.00015162853349038732
M5S0203,mixed,23,enhanced,SiO2,-0.2502629821872974,-0.24796550864189842,0.002297473545398998
M5S0203,mixed,23,enhanced,Sr,-0.05005259643745949,-0.053270333922506824,-0.003217737485047334
M5S0203,mixed,23,enhanced,water_isotope_evaporation,0.0,-0.00013936338348162182,-0.00013936338348162182
M5S0203,mixed,23,enhanced,Br,0.0,5.07207209199159e-05,5.07207209199159e-05
M5S0203,mixed,23,enhanced,DO,0.0,-0.00016181076607494322,-0.00016181076607494322
M5S0203,mixed,23,enhanced,DOC,0.0,0.00037145264491347194,0.00037145264491347194
M5S0203,mixed,23,enhanced,d34S_SO4,0.0,0.0005930470827699696,0.0005930470827699696
M5S0203,mixed,23,enhanced,d18O_SO4,0.0,-5.1125325287674505e-05,-5.1125325287674505e-05
M5S0203,mixed,23,enhanced,d15N_NO3,0.0,0.00024155229526531856,0.00024155229526531856
M5S0203,mixed,23,enhanced,d18O_NO3,0.0,0.00067702910052551,0.00067702910052551
M5S0204,mixed,24,plus_lite,SiO2,0.0,0.0001113949762651885,0.0001113949762651885
M5S0204,mixed,24,plus_lite,Sr,0.0009670752186390348,0.0006645424609613632,-0.0003025327576776716
M5S0204,mixed,24,plus_lite,water_isotope_evaporation,0.01952075640437405,0.020091503126381787,0.0005707467220077388
M5S0204,mixed,24,enhanced,SiO2,0.0,-0.00012039718850075693,-0.00012039718850075693
M5S0204,mixed,24,enhanced,Sr,0.0009670752186390348,0.0004273782201007734,-0.0005396969985382614
M5S0204,mixed,24,enhanced,water_isotope_evaporation,0.01952075640437405,0.01997487301839917,0.00045411661402512335
M5S0204,mixed,24,enhanced,Br,0.0780830256174962,0.07572483628344624,-0.002358189334049951
M5S0204,mixed,24,enhanced,DO,0.0,0.0009398125479085946,0.0009398125479085946
M5S0204,mixed,24,enhanced,DOC,0.0,-0.0007054878918181137,-0.0007054878918181137
M5S0204,mixed,24,enhanced,d34S_SO4,0.0,-0.0005767661799939228,-0.0005767661799939228
M5S0204,mixed,24,enhanced,d18O_SO4,0.0,-0.0007495952095899559,-0.0007495952095899559
M5S0204,mixed,24,enhanced,d15N_NO3,-0.11911893979870612,-0.1143999625117824,0.00471897728692372
M5S0204,mixed,24,enhanced,d18O_NO3,0.14558981530952972,0.1426779680390478,-0.00291184727048191
M5S0205,mixed,25,plus_lite,SiO2,0.2578305024898545,0.25962702127421095,0.0017965187843564379
M5S0205,mixed,25,plus_lite,Sr,0.1055477539245373,0.10945928327989637,0.003911529355359072
M5S0205,mixed,25,plus_lite,water_isotope_evaporation,0.0,6.489981600279832e-05,6.489981600279832e-05
M5S0205,mixed,25,enhanced,SiO2,0.2578305024898545,0.25780436846697363,-2.6134022880874852e-05
M5S0205,mixed,25,enhanced,Sr,0.1055477539245373,0.1030759573094523,-0.002471796615084995
M5S0205,mixed,25,enhanced,water_isotope_evaporation,0.0,0.0014099376886015094,0.0014099376886015094
M5S0205,mixed,25,enhanced,Br,0.0,0.0002271169439132487,0.0002271169439132487
M5S0205,mixed,25,enhanced,DO,0.0,0.0006722677617587151,0.0006722677617587151
M5S0205,mixed,25,enhanced,DOC,0.0,0.0004032658210939269,0.0004032658210939269
M5S0205,mixed,25,enhanced,d34S_SO4,0.0,-0.0005460152321813329,-0.0005460152321813329
M5S0205,mixed,25,enhanced,d18O_SO4,0.0,0.0003448018356399656,0.0003448018356399656
M5S0205,mixed,25,enhanced,d15N_NO3,0.0,0.0006475891436450164,0.0006475891436450164
M5S0205,mixed,25,enhanced,d18O_NO3,0.0,-0.00031485432186114596,-0.00031485432186114596
M5S0206,mixed,26,plus_lite,SiO2,0.0,0.0003340919312316909,0.0003340919312316909
M5S0206,mixed,26,plus_lite,Sr,0.0,8.779377160615384e-05,8.779377160615384e-05
M5S0206,mixed,26,plus_lite,water_isotope_evaporation,0.0,-0.00012444124306180786,-0.00012444124306180786
M5S0206,mixed,26,enhanced,SiO2,0.0,-0.0007913594161482873,-0.0007913594161482873
M5S0206,mixed,26,enhanced,Sr,0.0,-0.00042463087431431204,-0.00042463087431431204
M5S0206,mixed,26,enhanced,water_isotope_evaporation,0.0,0.0008922404022093548,0.0008922404022093548
M5S0206,mixed,26,enhanced,Br,0.0,0.0013044735002309235,0.0013044735002309235
M5S0206,mixed,26,enhanced,DO,0.0,-0.000230203965126975,-0.000230203965126975
M5S0206,mixed,26,enhanced,DOC,0.0,-0.0006587242557947958,-0.0006587242557947958
M5S0206,mixed,26,enhanced,d34S_SO4,0.0,0.00025749147877258515,0.00025749147877258515
M5S0206,mixed,26,enhanced,d18O_SO4,0.0,0.0007453221735653676,0.0007453221735653676
M5S0206,mixed,26,enhanced,d15N_NO3,0.0,0.000515016160348189,0.000515016160348189
M5S0206,mixed,26,enhanced,d18O_NO3,0.0,0.0004893164466033813,0.0004893164466033813
M5S0207,mixed,27,plus_lite,SiO2,0.0,0.00015926136695030207,0.00015926136695030207
M5S0207,mixed,27,plus_lite,Sr,0.12529686470505452,0.13162418056103664,0.0063273158559821185
M5S0207,mixed,27,plus_lite,water_isotope_evaporation,0.06870222566129756,0.0688649322341184,0.000162706572820831
M5S0207,mixed,27,enhanced,SiO2,0.0,0.00012540947888998465,0.00012540947888998465
M5S0207,mixed,27,enhanced,Sr,0.12529686470505452,0.12285000459303873,-0.0024468601120157946
M5S0207,mixed,27,enhanced,water_isotope_evaporation,0.06870222566129756,0.06808686561670595,-0.0006153600445916174
M5S0207,mixed,27,enhanced,Br,0.27480890264519026,0.26621305416629265,-0.008595848478897605
M5S0207,mixed,27,enhanced,DO,0.0,-0.0001649188365754352,-0.0001649188365754352
M5S0207,mixed,27,enhanced,DOC,0.0,0.0004252419717903441,0.0004252419717903441
M5S0207,mixed,27,enhanced,d34S_SO4,0.0,0.00014150024568791302,0.00014150024568791302
M5S0207,mixed,27,enhanced,d18O_SO4,0.0,-7.368186652052119e-06,-7.368186652052119e-06
M5S0207,mixed,27,enhanced,d15N_NO3,0.0,-0.0008127999691686018,-0.0008127999691686018
M5S0207,mixed,27,enhanced,d18O_NO3,0.0,0.0009720106142213003,0.0009720106142213003
M5S0208,mixed,28,plus_lite,SiO2,0.0333716434371785,0.03323798605473624,-0.00013365738244226072
M5S0208,mixed,28,plus_lite,Sr,0.03608743380143349,0.036719587984534896,0.0006321541831014049
M5S0208,mixed,28,plus_lite,water_isotope_evaporation,0.0,0.0005955828146548313,0.0005955828146548313
M5S0208,mixed,28,enhanced,SiO2,0.0333716434371785,0.03435131315762116,0.0009796697204426594
M5S0208,mixed,28,enhanced,Sr,0.03608743380143349,0.03575371403629032,-0.0003337197651431742
M5S0208,mixed,28,enhanced,water_isotope_evaporation,0.0,-0.0005608492258678636,-0.0005608492258678636
M5S0208,mixed,28,enhanced,Br,0.0,-8.209560933503662e-05,-8.209560933503662e-05
M5S0208,mixed,28,enhanced,DO,0.061536821885051524,0.06311354453557258,0.0015767226505210563
M5S0208,mixed,28,enhanced,DOC,0.0,-0.0005203410746930646,-0.0005203410746930646
M5S0208,mixed,28,enhanced,d34S_SO4,0.06922892462068296,0.06710152518643081,-0.00212739943425215
M5S0208,mixed,28,enhanced,d18O_SO4,-0.03461446231034148,-0.034878500127836894,-0.00026403781749541333
M5S0208,mixed,28,enhanced,d15N_NO3,0.0,-0.0004567162129758212,-0.0004567162129758212
M5S0208,mixed,28,enhanced,d18O_NO3,0.0,-0.0002550205235498179,-0.0002550205235498179
M5S0209,mixed,29,plus_lite,SiO2,0.20498181454913766,0.20781757470792173,0.002835760158784062
M5S0209,mixed,29,plus_lite,Sr,0.028258299916513265,0.028065603861564162,-0.00019269605494910344
M5S0209,mixed,29,plus_lite,water_isotope_evaporation,0.0,0.00032284225502940124,0.00032284225502940124
M5S0209,mixed,29,enhanced,SiO2,0.20498181454913766,0.20036985529055099,-0.004611959258586679
M5S0209,mixed,29,enhanced,Sr,0.028258299916513265,0.029195397609408053,0.000937097692894788
M5S0209,mixed,29,enhanced,water_isotope_evaporation,0.0,4.053814826849173e-05,4.053814826849173e-05
M5S0209,mixed,29,enhanced,Br,0.0,-0.0006149192989979625,-0.0006149192989979625
M5S0209,mixed,29,enhanced,DO,-0.05114871603990523,-0.05116160676747553,-1.2890727570304128e-05
M5S0209,mixed,29,enhanced,DOC,0.058455675474177404,0.05700306629579386,-0.0014526091783835446
M5S0209,mixed,29,enhanced,d34S_SO4,0.0,-0.0011663942565564322,-0.0011663942565564322
M5S0209,mixed,29,enhanced,d18O_SO4,0.0,0.00019429414251080615,0.00019429414251080615
M5S0209,mixed,29,enhanced,d15N_NO3,0.06941611462558567,0.06937360642801128,-4.2508197574384066e-05
M5S0209,mixed,29,enhanced,d18O_NO3,0.054802195757041317,0.05364852625852094,-0.0011536694985203738
M5S0210,mixed,30,plus_lite,SiO2,-0.12316480629993709,-0.1189877209719667,0.004177085327970384
M5S0210,mixed,30,plus_lite,Sr,0.09860339036395746,0.09392921374697043,-0.004674176616987033
M5S0210,mixed,30,plus_lite,water_isotope_evaporation,0.05516980609993807,0.0557257425928426,0.0005559364929045366
M5S0210,mixed,30,enhanced,SiO2,-0.12316480629993709,-0.12211910896936727,0.0010456973305698197
M5S0210,mixed,30,enhanced,Sr,0.09860339036395746,0.10404552042345751,0.005442130059500047
M5S0210,mixed,30,enhanced,water_isotope_evaporation,0.05516980609993807,0.05427949527825689,-0.0008903108216811798
M5S0210,mixed,30,enhanced,Br,0.22067922439975227,0.2138311015497341,-0.006848122850018179
M5S0210,mixed,30,enhanced,DO,0.04145884985759643,0.04088007125503397,-0.0005787786025624603
M5S0210,mixed,30,enhanced,DOC,0.0,-0.0012359770491556117,-0.0012359770491556117
M5S0210,mixed,30,enhanced,d34S_SO4,0.04664120608979599,0.04648841667105712,-0.00015278941873887036
M5S0210,mixed,30,enhanced,d18O_SO4,-0.023320603044897994,-0.023143183535588446,0.0001774195093095475
M5S0210,mixed,30,enhanced,d15N_NO3,0.0,-0.0009473646013652799,-0.0009473646013652799
M5S0210,mixed,30,enhanced,d18O_NO3,0.0,-0.0014835532425509707,-0.0014835532425509707
M5S0211,mixed,31,plus_lite,SiO2,0.0,-0.00011670196994339415,-0.00011670196994339415
M5S0211,mixed,31,plus_lite,Sr,0.019816493979347885,0.01935637674192637,-0.00046011723742151595
M5S0211,mixed,31,plus_lite,water_isotope_evaporation,0.01486237048451091,0.015258740787627336,0.0003963703031164261
M5S0211,mixed,31,enhanced,SiO2,0.0,-0.0003788389696098649,-0.0003788389696098649
M5S0211,mixed,31,enhanced,Sr,0.019816493979347885,0.019446606647543562,-0.0003698873318043229
M5S0211,mixed,31,enhanced,water_isotope_evaporation,0.01486237048451091,0.014431938441709877,-0.00043043204280103324
M5S0211,mixed,31,enhanced,Br,0.0,0.0013008517262781372,0.0013008517262781372
M5S0211,mixed,31,enhanced,DO,0.0,-0.000232000011167812,-0.000232000011167812
M5S0211,mixed,31,enhanced,DOC,0.0,-0.0006744100960912479,-0.0006744100960912479
M5S0211,mixed,31,enhanced,d34S_SO4,-0.06440360543288062,-0.06590110476057687,-0.0014974993276962445
M5S0211,mixed,31,enhanced,d18O_SO4,0.07431185242255456,0.07420345687131943,-0.00010839555123512423
M5S0211,mixed,31,enhanced,d15N_NO3,0.0,-0.00018300133720940568,-0.00018300133720940568
M5S0211,mixed,31,enhanced,d18O_NO3,0.0,-0.0002363226538166356,-0.0002363226538166356
M5S0212,mixed,32,plus_lite,SiO2,0.0,0.0009061433648905872,0.0009061433648905872
M5S0212,mixed,32,plus_lite,Sr,0.01626633379829644,0.016150467056959453,-0.00011586674133698752
M5S0212,mixed,32,plus_lite,water_isotope_evaporation,0.0,6.601560498005563e-05,6.601560498005563e-05
M5S0212,mixed,32,enhanced,SiO2,0.0,-0.00010432564361407251,-0.00010432564361407251
M5S0212,mixed,32,enhanced,Sr,0.01626633379829644,0.016030668831175446,-0.0002356649671209944
M5S0212,mixed,32,enhanced,water_isotope_evaporation,0.0,-0.0008851694720228908,-0.0008851694720228908
M5S0212,mixed,32,enhanced,Br,0.0,-0.0007198348550984888,-0.0007198348550984888
M5S0212,mixed,32,enhanced,DO,0.0,-0.00030690208825733694,-0.00030690208825733694
M5S0212,mixed,32,enhanced,DOC,0.0,2.3403775858368025e-06,2.3403775858368025e-06
M5S0212,mixed,32,enhanced,d34S_SO4,0.0,0.0006747209413826864,0.0006747209413826864
M5S0212,mixed,32,enhanced,d18O_SO4,0.0,-0.0003333531661610142,-0.0003333531661610142
M5S0212,mixed,32,enhanced,d15N_NO3,0.0,-0.0004046746735378743,-0.0004046746735378743
M5S0212,mixed,32,enhanced,d18O_NO3,0.0,-0.0002523916130231527,-0.0002523916130231527
M5S0213,mixed,33,plus_lite,SiO2,-0.1538136879686182,-0.15587013137283048,-0.0020564434042122937
M5S0213,mixed,33,plus_lite,Sr,0.021509514109792183,0.0214457857338074,-6.372837598478398e-05
M5S0213,mixed,33,plus_lite,water_isotope_evaporation,0.03920418877763686,0.039525656971465754,0.00032146819382889574
M5S0213,mixed,33,enhanced,SiO2,-0.1538136879686182,-0.15437957764658264,-0.0005658896779644484
M5S0213,mixed,33,enhanced,Sr,0.021509514109792183,0.021990112679889075,0.00048059857009689205
M5S0213,mixed,33,enhanced,water_isotope_evaporation,0.03920418877763686,0.03873397426022671,-0.000470214517410146
M5S0213,mixed,33,enhanced,Br,0.0,-0.0006842087128360986,-0.0006842087128360986
M5S0213,mixed,33,enhanced,DO,0.0,0.000731997894536487,0.000731997894536487
M5S0213,mixed,33,enhanced,DOC,0.0,-7.794868853105057e-05,-7.794868853105057e-05
M5S0213,mixed,33,enhanced,d34S_SO4,-0.1698848180364264,-0.1668045620175362,0.0030802560188901984
M5S0213,mixed,33,enhanced,d18O_SO4,0.1960209438881843,0.1955638303104647,-0.00045711357771960337
M5S0213,mixed,33,enhanced,d15N_NO3,0.0,0.0007766138046176289,0.0007766138046176289
M5S0213,mixed,33,enhanced,d18O_NO3,0.0,0.00027684273434992014,0.00027684273434992014
M5S0214,mixed,34,plus_lite,SiO2,0.14188390673477952,0.14147752284309192,-0.00040638389168759503
M5S0214,mixed,34,plus_lite,Sr,0.0,-6.344167166103799e-05,-6.344167166103799e-05
M5S0214,mixed,34,plus_lite,water_isotope_evaporation,0.0,-0.0002560186029037135,-0.0002560186029037135
M5S0214,mixed,34,enhanced,SiO2,0.14188390673477952,0.14563041036318392,0.003746503628404396
M5S0214,mixed,34,enhanced,Sr,0.0,-0.0008083860021574069,-0.0008083860021574069
M5S0214,mixed,34,enhanced,water_isotope_evaporation,0.0,0.00031352940351674915,0.00031352940351674915
M5S0214,mixed,34,enhanced,Br,0.0,-2.80990974403897e-05,-2.80990974403897e-05
M5S0214,mixed,34,enhanced,DO,-0.03628518357584249,-0.03628858638541269,-3.4028095702021144e-06
M5S0214,mixed,34,enhanced,DOC,0.04146878122953428,0.04232285167788015,0.0008540704483458728
M5S0214,mixed,34,enhanced,d34S_SO4,0.0,-0.0002117794435459077,-0.0002117794435459077
M5S0214,mixed,34,enhanced,d18O_SO4,0.0,-0.0001938127405084773,-0.0001938127405084773
M5S0214,mixed,34,enhanced,d15N_NO3,0.049244177710071946,0.04939614833234845,0.00015197062227650243
M5S0214,mixed,34,enhanced,d18O_NO3,0.03887698240268838,0.03624430804036168,-0.002632674362326698
M5S0215,mixed,35,plus_lite,SiO2,0.0,-0.0004074674696153741,-0.0004074674696153741
M5S0215,mixed,35,plus_lite,Sr,0.12333576554314706,0.12472970391716429,0.0013939383740172312
M5S0215,mixed,35,plus_lite,water_isotope_evaporation,0.0,-0.0004730223431416687,-0.0004730223431416687
M5S0215,mixed,35,enhanced,SiO2,0.0,-0.00031002478536612597,-0.00031002478536612597
M5S0215,mixed,35,enhanced,Sr,0.12333576554314706,0.1222543160475034,-0.0010814494956436493
M5S0215,mixed,35,enhanced,water_isotope_evaporation,0.0,0.00030931553961943014,0.00030931553961943014
M5S0215,mixed,35,enhanced,Br,0.0,0.00047762377118774066,0.00047762377118774066
M5S0215,mixed,35,enhanced,DO,0.003125351407496986,0.0021097598214311693,-0.0010155915860658167
M5S0215,mixed,35,enhanced,DOC,0.03952151694653866,0.037910979753786336,-0.0016105371927523232
M5S0215,mixed,35,enhanced,d34S_SO4,0.04242001357768309,0.041480996583296216,-0.0009390169943868723
M5S0215,mixed,35,enhanced,d18O_SO4,-0.021210006788841544,-0.021217571429950288,-7.564641108744052e-06
M5S0215,mixed,35,enhanced,d15N_NO3,0.04693180137401465,0.04365124824004637,-0.0032805531339682795
M5S0215,mixed,35,enhanced,d18O_NO3,0.03705142213737999,0.03765605707510062,0.00060463493772063
M5S0216,mixed,36,plus_lite,SiO2,0.0,-0.0006082655768290908,-0.0006082655768290908
M5S0216,mixed,36,plus_lite,Sr,0.03289022366699359,0.03378890812193105,0.0008986844549374595
M5S0216,mixed,36,plus_lite,water_isotope_evaporation,0.024667667750245186,0.02475408715755127,8.641940730608547e-05
M5S0216,mixed,36,enhanced,SiO2,0.0,4.742191705900271e-06,4.742191705900271e-06
M5S0216,mixed,36,enhanced,Sr,0.03289022366699359,0.03441521352565244,0.0015249898586588498
M5S0216,mixed,36,enhanced,water_isotope_evaporation,0.024667667750245186,0.024559415496178665,-0.00010825225406652095
M5S0216,mixed,36,enhanced,Br,0.0,0.00012132702377287147,0.00012132702377287147
M5S0216,mixed,36,enhanced,DO,0.0,-0.00019259698859110032,-0.00019259698859110032
M5S0216,mixed,36,enhanced,DOC,0.0,0.0008773797142510157,0.0008773797142510157
M5S0216,mixed,36,enhanced,d34S_SO4,-0.10689322691772915,-0.1081439878755984,-0.0012507609578692458
M5S0216,mixed,36,enhanced,d18O_SO4,0.12333833875122593,0.12488049749358514,0.0015421587423592037
M5S0216,mixed,36,enhanced,d15N_NO3,0.0,2.5266258738068905e-05,2.5266258738068905e-05
M5S0216,mixed,36,enhanced,d18O_NO3,0.0,-0.00014164752669474726,-0.00014164752669474726
M5S0217,mixed,37,plus_lite,SiO2,-0.0918097145646781,-0.09433985895273223,-0.0025301443880541286
M5S0217,mixed,37,plus_lite,Sr,0.0,0.0009813918215308636,0.0009813918215308636
M5S0217,mixed,37,plus_lite,water_isotope_evaporation,0.0,0.0003300800872702907,0.0003300800872702907
M5S0217,mixed,37,enhanced,SiO2,-0.0918097145646781,-0.08492216692127809,0.006887547643400008
M5S0217,mixed,37,enhanced,Sr,0.0,-0.0003706961152500164,-0.0003706961152500164
M5S0217,mixed,37,enhanced,water_isotope_evaporation,0.0,4.4419914492864894e-05,4.4419914492864894e-05
M5S0217,mixed,37,enhanced,Br,0.0,-0.00037511916710446214,-0.00037511916710446214
M5S0217,mixed,37,enhanced,DO,0.0,-0.00011286334016444072,-0.00011286334016444072
M5S0217,mixed,37,enhanced,DOC,0.0,-0.0008660514489043763,-0.0008660514489043763
M5S0217,mixed,37,enhanced,d34S_SO4,0.0,-0.0011902262474062719,-0.0011902262474062719
M5S0217,mixed,37,enhanced,d18O_SO4,0.0,-0.0010086290117749168,-0.0010086290117749168
M5S0217,mixed,37,enhanced,d15N_NO3,0.0,0.0006620507898502475,0.0006620507898502475
M5S0217,mixed,37,enhanced,d18O_NO3,0.0,-0.0014768547298877957,-0.0014768547298877957
M5S0218,mixed,38,plus_lite,SiO2,0.0,0.001161510075615757,0.001161510075615757
M5S0218,mixed,38,plus_lite,Sr,0.1506625001125953,0.14790445023070511,-0.0027580498818901844
M5S0218,mixed,38,plus_lite,water_isotope_evaporation,0.0,0.0003626494686406172,0.0003626494686406172
M5S0218,mixed,38,enhanced,SiO2,0.0,-0.000898301786895667,-0.000898301786895667
M5S0218,mixed,38,enhanced,Sr,0.1506625001125953,0.14920117635511326,-0.001461323757482036
M5S0218,mixed,38,enhanced,water_isotope_evaporation,0.0,-0.00032053956471461893,-0.00032053956471461893
M5S0218,mixed,38,enhanced,Br,0.0,-0.0001951645951654176,-0.0001951645951654176
M5S0218,mixed,38,enhanced,DO,0.0,-0.0015290053582158384,-0.0015290053582158384
M5S0218,mixed,38,enhanced,DOC,0.0,0.0005634001827802205,0.0005634001827802205
M5S0218,mixed,38,enhanced,d34S_SO4,0.0,-0.0009746819071052728,-0.0009746819071052728
M5S0218,mixed,38,enhanced,d18O_SO4,0.0,0.00032801904235707795,0.00032801904235707795
M5S0218,mixed,38,enhanced,d15N_NO3,-0.034282889469926796,-0.03402873117026969,0.000254158299657109
M5S0218,mixed,38,enhanced,d18O_NO3,0.04190130935213275,0.03941446684506685,-0.002486842507065899
M5S0219,mixed,39,plus_lite,SiO2,0.0,0.0007583236652404086,0.0007583236652404086
M5S0219,mixed,39,plus_lite,Sr,0.0,-0.0003094168716156761,-0.0003094168716156761
M5S0219,mixed,39,plus_lite,water_isotope_evaporation,0.0,-0.000740172325294755,-0.000740172325294755
M5S0219,mixed,39,enhanced,SiO2,0.0,0.00015563632308667963,0.00015563632308667963
M5S0219,mixed,39,enhanced,Sr,0.0,-0.0005162951514506767,-0.0005162951514506767
M5S0219,mixed,39,enhanced,water_isotope_evaporation,0.0,0.0010076656673740723,0.0010076656673740723
M5S0219,mixed,39,enhanced,Br,0.0,0.00020523655287147503,0.00020523655287147503
M5S0219,mixed,39,enhanced,DO,0.02101830318228963,0.022391635648139327,0.001373332465849697
M5S0219,mixed,39,enhanced,DOC,0.0,8.398423070299031e-05,8.398423070299031e-05
M5S0219,mixed,39,enhanced,d34S_SO4,0.023645591080075832,0.024674354376934677,0.001028763296858845
M5S0219,mixed,39,enhanced,d18O_SO4,-0.011822795540037916,-0.011183324145995117,0.0006394713940427992
M5S0219,mixed,39,enhanced,d15N_NO3,-0.1143055710004037,-0.10906029004636346,0.005245280954040241
M5S0219,mixed,39,enhanced,d18O_NO3,0.13970680900049343,0.1434286403980398,0.0037218313975463657
M5S0220,mixed,40,plus_lite,SiO2,0.0,-0.00144290931386814,-0.00144290931386814
M5S0220,mixed,40,plus_lite,Sr,0.031010232016735136,0.03204393490527512,0.0010337028885399856
M5S0220,mixed,40,plus_lite,water_isotope_evaporation,-0.016292081367342063,-0.016164498074145002,0.00012758329319706094
M5S0220,mixed,40,enhanced,SiO2,0.0,0.0005061693352122477,0.0005061693352122477
M5S0220,mixed,40,enhanced,Sr,0.031010232016735136,0.029356742721004428,-0.0016534892957307083
M5S0220,mixed,40,enhanced,water_isotope_evaporation,-0.016292081367342063,-0.016244744013412367,4.733735392969604e-05
M5S0220,mixed,40,enhanced,Br,-0.15998801536122367,-0.16519195194509986,-0.00520393658387619
M5S0220,mixed,40,enhanced,DO,-0.06629175498847532,-0.06608137662798376,0.00021037836049156433
M5S0220,mixed,40,enhanced,DOC,0.07576200570111467,0.07608449987945971,0.0003224941783450397
M5S0220,mixed,40,enhanced,d34S_SO4,-0.1027213307161767,-0.10291138472985593,-0.00019005401367923336
M5S0220,mixed,40,enhanced,d18O_SO4,0.11852461236481927,0.11710179895860147,-0.0014228134062178044
M5S0220,mixed,40,enhanced,d15N_NO3,0.08996738177007366,0.08835861570436096,-0.0016087660657126968
M5S0220,mixed,40,enhanced,d18O_NO3,0.071026880344795,0.06799899273350911,-0.00302788761128589
M5S0221,mixed,41,plus_lite,SiO2,0.0,0.00037892504219036346,0.00037892504219036346
M5S0221,mixed,41,plus_lite,Sr,0.01991169414709276,0.01980355035252828,-0.00010814379456447823
M5S0221,mixed,41,plus_lite,water_isotope_evaporation,0.014933770610319566,0.01466109390354599,-0.00027267670677357664
M5S0221,mixed,41,enhanced,SiO2,0.0,-0.0007501904450508674,-0.0007501904450508674
M5S0221,mixed,41,enhanced,Sr,0.01991169414709276,0.01966222112143846,-0.0002494730256542982
M5S0221,mixed,41,enhanced,water_isotope_evaporation,0.014933770610319566,0.015079895886024923,0.00014612527570535654
M5S0221,mixed,41,enhanced,Br,0.0,-0.0010495212302300445,-0.0010495212302300445
M5S0221,mixed,41,enhanced,DO,0.0,-0.0002056100457461035,-0.0002056100457461035
M5S0221,mixed,41,enhanced,DOC,0.0,-0.0007114002272092408,-0.0007114002272092408
M5S0221,mixed,41,enhanced,d34S_SO4,-0.06471300597805146,-0.06269213335168103,0.0020208726263704346
M5S0221,mixed,41,enhanced,d18O_SO4,0.07466885305159784,0.07621627926315984,0.0015474262115619947
M5S0221,mixed,41,enhanced,d15N_NO3,0.0,0.0007969684290968315,0.0007969684290968315
M5S0221,mixed,41,enhanced,d18O_NO3,0.0,0.0004767418815757606,0.0004767418815757606
M5S0222,mixed,42,plus_lite,SiO2,-0.10233306364169378,-0.09968407608804596,0.0026489875536478275
M5S0222,mixed,42,plus_lite,Sr,-0.02046661272833876,-0.01986493164506335,0.0006016810832754106
M5S0222,mixed,42,plus_lite,water_isotope_evaporation,0.0,-0.0014469352241295115,-0.0014469352241295115
M5S0222,mixed,42,enhanced,SiO2,-0.10233306364169378,-0.09688283051433097,0.0054502331273628135
M5S0222,mixed,42,enhanced,Sr,-0.02046661272833876,-0.02061621355334658,-0.0001496008250078222
M5S0222,mixed,42,enhanced,water_isotope_evaporation,0.0,-0.0007985935176642354,-0.0007985935176642354
M5S0222,mixed,42,enhanced,Br,0.0,-0.00047402674972613247,-0.00047402674972613247
M5S0222,mixed,42,enhanced,DO,0.0,0.0002339195468360036,0.0002339195468360036
M5S0222,mixed,42,enhanced,DOC,0.0,0.000652471080833886,0.000652471080833886
M5S0222,mixed,42,enhanced,d34S_SO4,0.0,0.0004054105904954983,0.0004054105904954983
M5S0222,mixed,42,enhanced,d18O_SO4,0.0,0.00025233232641709,0.00025233232641709
M5S0222,mixed,42,enhanced,d15N_NO3,0.0,0.00013634110372819802,0.00013634110372819802
M5S0222,mixed,42,enhanced,d18O_NO3,0.0,0.0006840987284423522,0.0006840987284423522
M5S0223,mixed,43,plus_lite,SiO2,0.0,0.0003011840496023212,0.0003011840496023212
M5S0223,mixed,43,plus_lite,Sr,0.12136078725901525,0.1174277290032012,-0.003933058255814054
M5S0223,mixed,43,plus_lite,water_isotope_evaporation,0.0,0.0007400950720262465,0.0007400950720262465
M5S0223,mixed,43,enhanced,SiO2,0.0,-7.315069971010335e-05,-7.315069971010335e-05
M5S0223,mixed,43,enhanced,Sr,0.12136078725901525,0.12012100100868528,-0.0012397862503299717
M5S0223,mixed,43,enhanced,water_isotope_evaporation,0.0,-0.00040301713268025663,-0.00040301713268025663
M5S0223,mixed,43,enhanced,Br,0.0,-0.0011147826122016235,-0.0011147826122016235
M5S0223,mixed,43,enhanced,DO,0.0,-6.485800184856474e-05,-6.485800184856474e-05
M5S0223,mixed,43,enhanced,DOC,0.0,-0.00034023792789588905,-0.00034023792789588905
M5S0223,mixed,43,enhanced,d34S_SO4,0.0,-0.00023673293474671837,-0.00023673293474671837
M5S0223,mixed,43,enhanced,d18O_SO4,0.0,-0.00031789240734558246,-0.00031789240734558246
M5S0223,mixed,43,enhanced,d15N_NO3,-0.11918826147429078,-0.12316490780907799,-0.003976646334787212
M5S0223,mixed,43,enhanced,d18O_NO3,0.14567454180191095,0.14830230190576205,0.002627760103851101
M5S0224,mixed,44,plus_lite,SiO2,0.0,-0.00046979860921578893,-0.00046979860921578893
M5S0224,mixed,44,plus_lite,Sr,0.16009952319654064,0.15601493860030735,-0.004084584596233287
M5S0224,mixed,44,plus_lite,water_isotope_evaporation,0.0,-0.0005549011637095747,-0.0005549011637095747
M5S0224,mixed,44,enhanced,SiO2,0.0,0.0009870187749412846,0.0009870187749412846
M5S0224,mixed,44,enhanced,Sr,0.16009952319654064,0.1579887814798475,-0.0021107417166931486
M5S0224,mixed,44,enhanced,water_isotope_evaporation,0.0,-0.0005084880467340936,-0.0005084880467340936
M5S0224,mixed,44,enhanced,Br,0.0,0.0005986442781595923,0.0005986442781595923
M5S0224,mixed,44,enhanced,DO,0.0,-0.0005057309957800796,-0.0005057309957800796
M5S0224,mixed,44,enhanced,DOC,0.0,-0.00011699372306675465,-0.00011699372306675465
M5S0224,mixed,44,enhanced,d34S_SO4,0.0,0.0002728317908835566,0.0002728317908835566
M5S0224,mixed,44,enhanced,d18O_SO4,0.0,0.00012210162509160332,0.00012210162509160332
M5S0224,mixed,44,enhanced,d15N_NO3,-0.12883785700205155,-0.1313856005007075,-0.002547743498655941
M5S0224,mixed,44,enhanced,d18O_NO3,0.15746849189139633,0.15495402661332774,-0.0025144652780685894
M5S0225,mixed,45,plus_lite,SiO2,0.2580013573984717,0.26959762367670237,0.011596266278230682
M5S0225,mixed,45,plus_lite,Sr,0.24594722737548436,0.23977093089013352,-0.006176296485350841
M5S0225,mixed,45,plus_lite,water_isotope_evaporation,0.021549801481719668,0.021655692567210356,0.00010589108549068776
M5S0225,mixed,45,enhanced,SiO2,0.2580013573984717,0.2706541853057934,0.012652827907321695
M5S0225,mixed,45,enhanced,Sr,0.24594722737548436,0.24779154977814208,0.001844322402657722
M5S0225,mixed,45,enhanced,water_isotope_evaporation,0.021549801481719668,0.021065118354507677,-0.0004846831272119906
M5S0225,mixed,45,enhanced,Br,0.08619920592687867,0.08399336981903868,-0.0022058361078399896
M5S0225,mixed,45,enhanced,DO,0.0,-0.00031115494575296873,-0.00031115494575296873
M5S0225,mixed,45,enhanced,DOC,0.0,-0.0006144635550055328,-0.0006144635550055328
M5S0225,mixed,45,enhanced,d34S_SO4,0.0,0.0005890854870379903,0.0005890854870379903
M5S0225,mixed,45,enhanced,d18O_SO4,0.0,0.00020911404427206607,0.00020911404427206607
M5S0225,mixed,45,enhanced,d15N_NO3,0.0,0.0003675790829294265,0.0003675790829294265
M5S0225,mixed,45,enhanced,d18O_NO3,0.0,-7.470021877322806e-05,-7.470021877322806e-05
M5S0226,mixed,46,plus_lite,SiO2,-0.08839234203813397,-0.08723278601493471,0.001159556023199254
M5S0226,mixed,46,plus_lite,Sr,0.0,-0.0004744896776792038,-0.0004744896776792038
M5S0226,mixed,46,plus_lite,water_isotope_evaporation,0.0,-0.0002970190404970282,-0.0002970190404970282
M5S0226,mixed,46,enhanced,SiO2,-0.08839234203813397,-0.09126486465694414,-0.002872522618810172
M5S0226,mixed,46,enhanced,Sr,0.0,-0.0003424213505976898,-0.0003424213505976898
M5S0226,mixed,46,enhanced,water_isotope_evaporation,0.0,0.0005832451984374022,0.0005832451984374022
M5S0226,mixed,46,enhanced,Br,0.0,0.0003723995368911332,0.0003723995368911332
M5S0226,mixed,46,enhanced,DO,0.0,0.0005066281109302595,0.0005066281109302595
M5S0226,mixed,46,enhanced,DOC,0.0,-0.00014361758073227723,-0.00014361758073227723
M5S0226,mixed,46,enhanced,d34S_SO4,0.0,-0.0004031419794902546,-0.0004031419794902546
M5S0226,mixed,46,enhanced,d18O_SO4,0.0,0.0001325480942959058,0.0001325480942959058
M5S0226,mixed,46,enhanced,d15N_NO3,0.0,-2.0907439118235407e-05,-2.0907439118235407e-05
M5S0226,mixed,46,enhanced,d18O_NO3,0.0,-0.00010724078115225934,-0.00010724078115225934
M5S0227,mixed,47,plus_lite,SiO2,0.0,0.0015286865820362974,0.0015286865820362974
M5S0227,mixed,47,plus_lite,Sr,0.0,0.00031198359754669837,0.00031198359754669837
M5S0227,mixed,47,plus_lite,water_isotope_evaporation,0.0,0.0010524264645279786,0.0010524264645279786
M5S0227,mixed,47,enhanced,SiO2,0.0,-0.0009091597888094782,-0.0009091597888094782
M5S0227,mixed,47,enhanced,Sr,0.0,0.0003426749170876877,0.0003426749170876877
M5S0227,mixed,47,enhanced,water_isotope_evaporation,0.0,-0.0003628346108166948,-0.0003628346108166948
M5S0227,mixed,47,enhanced,Br,0.0,-0.0006908527876192158,-0.0006908527876192158
M5S0227,mixed,47,enhanced,DO,0.0,-0.0011149978694714904,-0.0011149978694714904
M5S0227,mixed,47,enhanced,DOC,0.0,-0.00036181836657313916,-0.00036181836657313916
M5S0227,mixed,47,enhanced,d34S_SO4,0.0,-0.00031025646276480295,-0.00031025646276480295
M5S0227,mixed,47,enhanced,d18O_SO4,0.0,-0.0005541839974267067,-0.0005541839974267067
M5S0227,mixed,47,enhanced,d15N_NO3,0.0,-0.000774233624675138,-0.000774233624675138
M5S0227,mixed,47,enhanced,d18O_NO3,0.0,-0.001079767953174966,-0.001079767953174966
M5S0228,mixed,48,plus_lite,SiO2,-0.125896547126637,-0.1230531193859815,0.0028434277406555047
M5S0228,mixed,48,plus_lite,Sr,0.07074569004279432,0.06858942206584656,-0.002156267976947762
M5S0228,mixed,48,plus_lite,water_isotope_evaporation,0.0,-0.0010965610613894645,-0.0010965610613894645
M5S0228,mixed,48,enhanced,SiO2,-0.125896547126637,-0.12705653166436184,-0.0011599845377248397
M5S0228,mixed,48,enhanced,Sr,0.07074569004279432,0.07221292151551745,0.001467231472723124
M5S0228,mixed,48,enhanced,water_isotope_evaporation,0.0,-0.0005953827684767905,-0.0005953827684767905
M5S0228,mixed,48,enhanced,Br,0.0,-0.0009559047541932476,-0.0009559047541932476
M5S0228,mixed,48,enhanced,DO,-0.04788686962553926,-0.04649898633372626,0.0013878832918129969
M5S0228,mixed,48,enhanced,DOC,0.05472785100061631,0.055907826802210056,0.0011799758015937495
M5S0228,mixed,48,enhanced,d34S_SO4,0.0,0.00027486473242439635,0.00027486473242439635
M5S0228,mixed,48,enhanced,d18O_SO4,0.0,-3.6683382306942886e-05,-3.6683382306942886e-05
M5S0228,mixed,48,enhanced,d15N_NO3,0.06498932306323185,0.06513629550545032,0.0001469724422184654
M5S0228,mixed,48,enhanced,d18O_NO3,0.05130736031307778,0.04935017737299145,-0.00195718294008633
M5S0229,mixed,49,plus_lite,SiO2,-0.01986096910172258,-0.019169726005201823,0.0006912430965207578
M5S0229,mixed,49,plus_lite,Sr,0.04336414340616912,0.04038239021305442,-0.0029817531931147015
M5S0229,mixed,49,plus_lite,water_isotope_evaporation,0.0,-0.0001078390988373508,-0.0001078390988373508
M5S0229,mixed,49,enhanced,SiO2,-0.01986096910172258,-0.020380111311910098,-0.0005191422101875169
M5S0229,mixed,49,enhanced,Sr,0.04336414340616912,0.04231253490483713,-0.0010516085013319923
M5S0229,mixed,49,enhanced,water_isotope_evaporation,0.0,0.00023634180587277993,0.00023634180587277993
M5S0229,mixed,49,enhanced,Br,0.0,0.0007689031009578709,0.0007689031009578709
M5S0229,mixed,49,enhanced,DO,0.0,-0.0004998276463408769,-0.0004998276463408769
M5S0229,mixed,49,enhanced,DOC,0.0,0.000572617237880664,0.000572617237880664
M5S0229,mixed,49,enhanced,d34S_SO4,0.0,0.0009498651940700588,0.0009498651940700588
M5S0229,mixed,49,enhanced,d18O_SO4,0.0,0.00042892993047585043,0.00042892993047585043
M5S0229,mixed,49,enhanced,d15N_NO3,0.0,0.0003519826810597897,0.0003519826810597897
M5S0229,mixed,49,enhanced,d18O_NO3,0.0,5.919467721458653e-05,5.919467721458653e-05
M5S0230,mixed,50,plus_lite,SiO2,0.14656181413821123,0.15101521191283618,0.004453397774624945
M5S0230,mixed,50,plus_lite,Sr,0.12296556030812825,0.12265065169770899,-0.00031490861041925944
M5S0230,mixed,50,plus_lite,water_isotope_evaporation,0.006758727500280628,0.007527460725535737,0.0007687332252551094
M5S0230,mixed,50,enhanced,SiO2,0.14656181413821123,0.13413762820805078,-0.012424185930160453
M5S0230,mixed,50,enhanced,Sr,0.12296556030812825,0.11856079936456494,-0.0044047609435633045
M5S0230,mixed,50,enhanced,water_isotope_evaporation,0.006758727500280628,0.0060784268237758215,-0.0006803006765048062
M5S0230,mixed,50,enhanced,Br,0.02703491000112251,0.027257046271653113,0.00022213627053060264
M5S0230,mixed,50,enhanced,DO,0.0,0.00012676137809796787,0.00012676137809796787
M5S0230,mixed,50,enhanced,DOC,0.0,-9.69751335580798e-05,-9.69751335580798e-05
M5S0230,mixed,50,enhanced,d34S_SO4,0.0,-0.00039275276156164535,-0.00039275276156164535
M5S0230,mixed,50,enhanced,d18O_SO4,0.0,0.00018650975240126492,0.00018650975240126492
M5S0230,mixed,50,enhanced,d15N_NO3,0.0,0.0008151566785902025,0.0008151566785902025
M5S0230,mixed,50,enhanced,d18O_NO3,0.0,0.00028707856846158674,0.00028707856846158674
M5S0231,mixed,51,plus_lite,SiO2,0.0,7.502994312805783e-05,7.502994312805783e-05
M5S0231,mixed,51,plus_lite,Sr,0.0,-0.000940618395186557,-0.000940618395186557
M5S0231,mixed,51,plus_lite,water_isotope_evaporation,0.0,-0.0004978737264162617,-0.0004978737264162617
M5S0231,mixed,51,enhanced,SiO2,0.0,0.0003589786740151147,0.0003589786740151147
M5S0231,mixed,51,enhanced,Sr,0.0,0.0005106407577154525,0.0005106407577154525
M5S0231,mixed,51,enhanced,water_isotope_evaporation,0.0,-0.00019645709673466531,-0.00019645709673466531
M5S0231,mixed,51,enhanced,Br,0.0,0.00023813542436455925,0.00023813542436455925
M5S0231,mixed,51,enhanced,DO,0.0,0.00030388774185997474,0.00030388774185997474
M5S0231,mixed,51,enhanced,DOC,0.0,0.0005836587174744307,0.0005836587174744307
M5S0231,mixed,51,enhanced,d34S_SO4,0.0,0.0005511469041553611,0.0005511469041553611
M5S0231,mixed,51,enhanced,d18O_SO4,0.0,-0.0001683944105127209,-0.0001683944105127209
M5S0231,mixed,51,enhanced,d15N_NO3,0.0,-0.00022195356106438107,-0.00022195356106438107
M5S0231,mixed,51,enhanced,d18O_NO3,0.0,-0.0009686029244785975,-0.0009686029244785975
M5S0232,mixed,52,plus_lite,SiO2,0.17729544338973915,0.1772397705845123,-5.567280522686402e-05
M5S0232,mixed,52,plus_lite,Sr,0.0,-0.0003758003235603284,-0.0003758003235603284
M5S0232,mixed,52,plus_lite,water_isotope_evaporation,0.0,0.0002040475807815988,0.0002040475807815988
M5S0232,mixed,52,enhanced,SiO2,0.17729544338973915,0.17162014175328352,-0.005675301636455632
M5S0232,mixed,52,enhanced,Sr,0.0,-0.0004367887853477618,-0.0004367887853477618
M5S0232,mixed,52,enhanced,water_isotope_evaporation,0.0,9.696799635082474e-05,9.696799635082474e-05
M5S0232,mixed,52,enhanced,Br,0.0,-0.0005380217041170814,-0.0005380217041170814
M5S0232,mixed,52,enhanced,DO,-0.07393772621480585,-0.0754780844162415,-0.0015403582014356515
M5S0232,mixed,52,enhanced,DOC,0.08450025853120668,0.08776584564764987,0.0032655871164431888
M5S0232,mixed,52,enhanced,d34S_SO4,0.0,-8.443633139682216e-05,-8.443633139682216e-05
M5S0232,mixed,52,enhanced,d18O_SO4,0.0,0.0005138093937221856,0.0005138093937221856
M5S0232,mixed,52,enhanced,d15N_NO3,0.10034405700580794,0.09650307311719071,-0.0038409838886172276
M5S0232,mixed,52,enhanced,d18O_NO3,0.07921899237300627,0.07802160799275297,-0.0011973843802532969
M5S0233,mixed,53,plus_lite,SiO2,0.0,0.0012038794795700438,0.0012038794795700438
M5S0233,mixed,53,plus_lite,Sr,0.0,0.0009700276939978096,0.0009700276939978096
M5S0233,mixed,53,plus_lite,water_isotope_evaporation,0.0329851020839489,0.031249759176355443,-0.001735342907593456
M5S0233,mixed,53,enhanced,SiO2,0.0,-5.190504600934214e-05,-5.190504600934214e-05
M5S0233,mixed,53,enhanced,Sr,0.0,0.0003457782265799084,0.0003457782265799084
M5S0233,mixed,53,enhanced,water_isotope_evaporation,0.0329851020839489,0.03318275576618025,0.00019765368223135377
M5S0233,mixed,53,enhanced,Br,0.1319404083357956,0.12913427791494,-0.0028061304208555904
M5S0233,mixed,53,enhanced,DO,0.0,-0.00010188673284003228,-0.00010188673284003228
M5S0233,mixed,53,enhanced,DOC,0.0,0.00036211186550911086,0.00036211186550911086
M5S0233,mixed,53,enhanced,d34S_SO4,0.0,-0.0005499072269671613,-0.0005499072269671613
M5S0233,mixed,53,enhanced,d18O_SO4,0.0,-0.0007023686519519794,-0.0007023686519519794
M5S0233,mixed,53,enhanced,d15N_NO3,0.0,0.0008380616884053566,0.0008380616884053566
M5S0233,mixed,53,enhanced,d18O_NO3,0.0,-0.00024349257321619222,-0.00024349257321619222
M5S0234,mixed,54,plus_lite,SiO2,0.0,-0.0008706863149496757,-0.0008706863149496757
M5S0234,mixed,54,plus_lite,Sr,0.08322143318174209,0.08546593939819176,0.002244506216449671
M5S0234,mixed,54,plus_lite,water_isotope_evaporation,0.0,-0.0003192438256444496,-0.0003192438256444496
M5S0234,mixed,54,enhanced,SiO2,0.0,-0.00035826530265728907,-0.00035826530265728907
M5S0234,mixed,54,enhanced,Sr,0.08322143318174209,0.085692134283488,0.002470701101745909
M5S0234,mixed,54,enhanced,water_isotope_evaporation,0.0,-0.0014619686872451066,-0.0014619686872451066
M5S0234,mixed,54,enhanced,Br,0.0,0.00033328168089822376,0.00033328168089822376
M5S0234,mixed,54,enhanced,DO,0.028663215262923415,0.029360455216172896,0.0006972399532494816
M5S0234,mixed,54,enhanced,DOC,0.0,-2.9992981660799134e-05,-2.9992981660799134e-05
M5S0234,mixed,54,enhanced,d34S_SO4,0.03224611717078884,0.030629499402077286,-0.0016166177687115535
M5S0234,mixed,54,enhanced,d18O_SO4,-0.01612305858539442,-0.016765329706968004,-0.0006422711215735843
M5S0234,mixed,54,enhanced,d15N_NO3,-0.14748316674461504,-0.14642920521225994,0.0010539615323550966
M5S0234,mixed,54,enhanced,d18O_NO3,0.18025720379897395,0.17979126463231995,-0.0004659391666539947
M5S0235,mixed,55,plus_lite,SiO2,0.13600314895285953,0.1344845543095376,-0.0015185946433219355
M5S0235,mixed,55,plus_lite,Sr,0.22788364177767917,0.22945804821621252,0.001574406438533349
M5S0235,mixed,55,plus_lite,water_isotope_evaporation,0.03693201110079714,0.037193191954960646,0.00026118085416350356
M5S0235,mixed,55,enhanced,SiO2,0.13600314895285953,0.1295518144285396,-0.006451334524319924
M5S0235,mixed,55,enhanced,Sr,0.22788364177767914,0.22583891221143784,-0.002044729566241299
M5S0235,mixed,55,enhanced,water_isotope_evaporation,0.03693201110079714,0.035252983818590045,-0.0016790272822070976
M5S0235,mixed,55,enhanced,Br,0.0,0.0013080334179361485,0.0013080334179361485
M5S0235,mixed,55,enhanced,DO,0.0,0.0013946025749043997,0.0013946025749043997
M5S0235,mixed,55,enhanced,DOC,0.0,0.0002157079577841451,0.0002157079577841451
M5S0235,mixed,55,enhanced,d34S_SO4,-0.16003871477012094,-0.15663093896708372,0.003407775803037222
M5S0235,mixed,55,enhanced,d18O_SO4,0.1846600555039857,0.17878987902829976,-0.00587017647568594
M5S0235,mixed,55,enhanced,d15N_NO3,0.0,2.8315002780485856e-05,2.8315002780485856e-05
M5S0235,mixed,55,enhanced,d18O_NO3,0.0,-0.00020178676846752087,-0.00020178676846752087
M5S0236,mixed,56,plus_lite,SiO2,0.0,0.00047781349460219557,0.00047781349460219557
M5S0236,mixed,56,plus_lite,Sr,0.0,0.000448633752150078,0.000448633752150078
M5S0236,mixed,56,plus_lite,water_isotope_evaporation,0.0,0.0002165111290877718,0.0002165111290877718
M5S0236,mixed,56,enhanced,SiO2,0.0,-0.0002046024355397574,-0.0002046024355397574
M5S0236,mixed,56,enhanced,Sr,0.0,6.839238878617728e-05,6.839238878617728e-05
M5S0236,mixed,56,enhanced,water_isotope_evaporation,0.0,0.0006427519302636172,0.0006427519302636172
M5S0236,mixed,56,enhanced,Br,0.0,0.0008010530705261242,0.0008010530705261242
M5S0236,mixed,56,enhanced,DO,0.0,0.000259496470332323,0.000259496470332323
M5S0236,mixed,56,enhanced,DOC,0.0,-0.00010539897691314764,-0.00010539897691314764
M5S0236,mixed,56,enhanced,d34S_SO4,0.0,0.0006385448004401584,0.0006385448004401584
M5S0236,mixed,56,enhanced,d18O_SO4,0.0,2.6376437337497684e-05,2.6376437337497684e-05
M5S0236,mixed,56,enhanced,d15N_NO3,0.0,0.0010295493853175067,0.0010295493853175067
M5S0236,mixed,56,enhanced,d18O_NO3,0.0,-0.0008387648392369712,-0.0008387648392369712
M5S0237,mixed,57,plus_lite,SiO2,0.0,-0.00030818695456398705,-0.00030818695456398705
M5S0237,mixed,57,plus_lite,Sr,0.03653608312025608,0.03792758895973179,0.0013915058394757124
M5S0237,mixed,57,plus_lite,water_isotope_evaporation,0.0,-0.0009019579789133639,-0.0009019579789133639
M5S0237,mixed,57,enhanced,SiO2,0.0,-0.00012116128359392386,-0.00012116128359392386
M5S0237,mixed,57,enhanced,Sr,0.03653608312025608,0.0371100147894763,0.0005739316692202207
M5S0237,mixed,57,enhanced,water_isotope_evaporation,0.0,-0.0004600380555777241,-0.0004600380555777241
M5S0237,mixed,57,enhanced,Br,0.0,-0.0007750265362761904,-0.0007750265362761904
M5S0237,mixed,57,enhanced,DO,0.0,-0.0005936058160682458,-0.0005936058160682458
M5S0237,mixed,57,enhanced,DOC,0.0,0.00035149054695325584,0.00035149054695325584
M5S0237,mixed,57,enhanced,d34S_SO4,0.0,0.0005894169269403107,0.0005894169269403107
M5S0237,mixed,57,enhanced,d18O_SO4,0.0,-0.0006054898479607141,-0.0006054898479607141
M5S0237,mixed,57,enhanced,d15N_NO3,0.0,-0.0002584533214579681,-0.0002584533214579681
M5S0237,mixed,57,enhanced,d18O_NO3,0.0,-0.0009355729779792033,-0.0009355729779792033
M5S0238,mixed,58,plus_lite,SiO2,0.14860716098267257,0.1474276991993933,-0.0011794617832792675
M5S0238,mixed,58,plus_lite,Sr,0.05875012705467347,0.058555061981339175,-0.00019506507333429818
M5S0238,mixed,58,plus_lite,water_isotope_evaporation,0.0,0.0001538854437365806,0.0001538854437365806
M5S0238,mixed,58,enhanced,SiO2,0.14860716098267257,0.1509405774065341,0.002333416423861534
M5S0238,mixed,58,enhanced,Sr,0.05875012705467347,0.05960428275291724,0.0008541556982437637
M5S0238,mixed,58,enhanced,water_isotope_evaporation,0.0,0.00093366505998504,0.00093366505998504
M5S0238,mixed,58,enhanced,Br,0.0,-0.00029153988534100933,-0.00029153988534100933
M5S0238,mixed,58,enhanced,DO,0.0,0.0007002749660464574,0.0007002749660464574
M5S0238,mixed,58,enhanced,DOC,0.0,-0.0005922254741558756,-0.0005922254741558756
M5S0238,mixed,58,enhanced,d34S_SO4,0.0,-0.0006348557764654666,-0.0006348557764654666
M5S0238,mixed,58,enhanced,d18O_SO4,0.0,-0.00018790335321370178,-0.00018790335321370178
M5S0238,mixed,58,enhanced,d15N_NO3,-0.04068819948481933,-0.039946945916843606,0.0007412535679757262
M5S0238,mixed,58,enhanced,d18O_NO3,0.04973002159255697,0.050717871344545196,0.0009878497519882276
M5S0239,mixed,59,plus_lite,SiO2,0.09926664522657919,0.10407127943186784,0.004804634205288649
M5S0239,mixed,59,plus_lite,Sr,0.04095602051110714,0.042135418362566054,0.001179397851458916
M5S0239,mixed,59,plus_lite,water_isotope_evaporation,0.0,0.0006325810980999322,0.0006325810980999322
M5S0239,mixed,59,enhanced,SiO2,0.09926664522657919,0.1009705947513845,0.0017039495248053066
M5S0239,mixed,59,enhanced,Sr,0.04095602051110714,0.04065433249752895,-0.00030168801357818853
M5S0239,mixed,59,enhanced,water_isotope_evaporation,0.0,-0.00043682843006852165,-0.00043682843006852165
M5S0239,mixed,59,enhanced,Br,0.0,-0.0004994213301630332,-0.0004994213301630332
M5S0239,mixed,59,enhanced,DO,0.05816048267807468,0.059003906881294414,0.000843424203219735
M5S0239,mixed,59,enhanced,DOC,0.0,-0.00026030140801392283,-0.00026030140801392283
M5S0239,mixed,59,enhanced,d34S_SO4,0.06543054301283402,0.06770747552856658,0.002276932515732563
M5S0239,mixed,59,enhanced,d18O_SO4,-0.03271527150641701,-0.03250668841184912,0.00020858309456788654
M5S0239,mixed,59,enhanced,d15N_NO3,-0.10967244273006897,-0.1128907668449359,-0.00321832411486693
M5S0239,mixed,59,enhanced,d18O_NO3,0.1340440966700843,0.1330224799394055,-0.0010216167306787982
M5S0240,mixed,60,plus_lite,SiO2,0.0,-0.0002800060159581781,-0.0002800060159581781
M5S0240,mixed,60,plus_lite,Sr,0.003981387164593217,0.0025499806569530196,-0.0014314065076401973
M5S0240,mixed,60,plus_lite,water_isotope_evaporation,0.0,0.0007140046777574792,0.0007140046777574792
M5S0240,mixed,60,enhanced,SiO2,0.0,0.00037862249127200903,0.00037862249127200903
M5S0240,mixed,60,enhanced,Sr,0.003981387164593217,0.003661451920424684,-0.00031993524416853297
M5S0240,mixed,60,enhanced,water_isotope_evaporation,0.0,-0.0003066770796810544,-0.0003066770796810544
M5S0240,mixed,60,enhanced,Br,0.0,-0.0019255281222246106,-0.0019255281222246106
M5S0240,mixed,60,enhanced,DO,-0.046299458500358194,-0.05103356043294988,-0.004734101932591689
M5S0240,mixed,60,enhanced,DOC,0.05291366685755222,0.05123058960793312,-0.0016830772496191013
M5S0240,mixed,60,enhanced,d34S_SO4,0.0,-0.00022497902119866163,-0.00022497902119866163
M5S0240,mixed,60,enhanced,d18O_SO4,0.0,-0.0005881093572801747,-0.0005881093572801747
M5S0240,mixed,60,enhanced,d15N_NO3,0.046412138143479026,0.046495808965985416,8.367082250639035e-05
M5S0240,mixed,60,enhanced,d18O_NO3,0.06967892420656704,0.06839966517310367,-0.0012792590334633758
