well_id,aquifer,lithology,reaction,family,extent_mmolL,active,equivalence_class,support_threshold_mmolL
NGW-001,Middle Voltaian sedimentary aquifer,mudstone–sandstone sequence,calcite,carbonate,0.0,False,EC05,0.03
NGW-001,Middle Voltaian sedimentary aquifer,mudstone–sandstone sequence,dolomite,carbonate,0.20434036299663874,True,EC08,0.03
NGW-001,Middle Voltaian sedimentary aquifer,mudstone–sandstone sequence,albite,silicate,0.06014259416927828,True,EC04,0.03
NGW-001,Middle Voltaian sedimentary aquifer,mudstone–sandstone sequence,anorthite,silicate,0.0,False,EC05,0.03
NGW-001,Middle Voltaian sedimentary aquifer,mudstone–sandstone sequence,k_feldspar,silicate,0.02497083958224639,False,EC12,0.03
NGW-001,Middle Voltaian sedimentary aquifer,mudstone–sandstone sequence,gypsum,evaporite,0.22153293243375397,True,EC10,0.03
NGW-001,Middle Voltaian sedimentary aquifer,mudstone–sandstone sequence,halite,evaporite,0.7773284632436912,True,EC11,0.03
NGW-001,Middle Voltaian sedimentary aquifer,mudstone–sandstone sequence,fluorite,trace_mineral,0.0,False,EC09,0.03
NGW-001,Middle Voltaian sedimentary aquifer,mudstone–sandstone sequence,apatite,trace_mineral,0.0033203983835182298,False,EC06,0.03
NGW-001,Middle Voltaian sedimentary aquifer,mudstone–sandstone sequence,pyrite_oxidation,redox,0.0,False,EC13,0.03
NGW-001,Middle Voltaian sedimentary aquifer,mudstone–sandstone sequence,NO3src,anthropogenic,0.10033701409845185,True,EC03,0.03
NGW-001,Middle Voltaian sedimentary aquifer,mudstone–sandstone sequence,denit,redox,0.0,False,EC07,0.03
NGW-001,Middle Voltaian sedimentary aquifer,mudstone–sandstone sequence,CaNa_exch,ion_exchange,0.0,False,EC01,0.03
NGW-001,Middle Voltaian sedimentary aquifer,mudstone–sandstone sequence,NaCa_exch,ion_exchange,0.12354875106683913,True,EC01,0.03
NGW-001,Middle Voltaian sedimentary aquifer,mudstone–sandstone sequence,MgNa_exch,ion_exchange,0.0,False,EC02,0.03
NGW-001,Middle Voltaian sedimentary aquifer,mudstone–sandstone sequence,NaMg_exch,ion_exchange,0.0,False,EC02,0.03
NGW-002,Middle Voltaian sedimentary aquifer,sandstone–shale interbeds,calcite,carbonate,0.0,False,EC05,0.03
NGW-002,Middle Voltaian sedimentary aquifer,sandstone–shale interbeds,dolomite,carbonate,0.20226309829836941,True,EC08,0.03
NGW-002,Middle Voltaian sedimentary aquifer,sandstone–shale interbeds,albite,silicate,0.0,False,EC04,0.03
NGW-002,Middle Voltaian sedimentary aquifer,sandstone–shale interbeds,anorthite,silicate,0.0,False,EC05,0.03
NGW-002,Middle Voltaian sedimentary aquifer,sandstone–shale interbeds,k_feldspar,silicate,0.04189813471917539,True,EC12,0.03
NGW-002,Middle Voltaian sedimentary aquifer,sandstone–shale interbeds,gypsum,evaporite,0.07022599384557718,True,EC10,0.03
NGW-002,Middle Voltaian sedimentary aquifer,sandstone–shale interbeds,halite,evaporite,0.7487781903813399,True,EC11,0.03
NGW-002,Middle Voltaian sedimentary aquifer,sandstone–shale interbeds,fluorite,trace_mineral,0.0,False,EC09,0.03
NGW-002,Middle Voltaian sedimentary aquifer,sandstone–shale interbeds,apatite,trace_mineral,7.872487211927212e-05,False,EC06,0.03
NGW-002,Middle Voltaian sedimentary aquifer,sandstone–shale interbeds,pyrite_oxidation,redox,0.0,False,EC13,0.03
NGW-002,Middle Voltaian sedimentary aquifer,sandstone–shale interbeds,NO3src,anthropogenic,0.2884139490228125,True,EC03,0.03
NGW-002,Middle Voltaian sedimentary aquifer,sandstone–shale interbeds,denit,redox,0.0,False,EC07,0.03
NGW-002,Middle Voltaian sedimentary aquifer,sandstone–shale interbeds,CaNa_exch,ion_exchange,0.0,False,EC01,0.03
NGW-002,Middle Voltaian sedimentary aquifer,sandstone–shale interbeds,NaCa_exch,ion_exchange,0.0,False,EC01,0.03
NGW-002,Middle Voltaian sedimentary aquifer,sandstone–shale interbeds,MgNa_exch,ion_exchange,0.0015527110669876485,False,EC02,0.03
NGW-002,Middle Voltaian sedimentary aquifer,sandstone–shale interbeds,NaMg_exch,ion_exchange,0.0,False,EC02,0.03
NGW-003,Middle Voltaian sedimentary aquifer,mudstone–sandstone sequence,calcite,carbonate,0.17102128075704343,True,EC05,0.03
NGW-003,Middle Voltaian sedimentary aquifer,mudstone–sandstone sequence,dolomite,carbonate,0.1749847270581452,True,EC08,0.03
NGW-003,Middle Voltaian sedimentary aquifer,mudstone–sandstone sequence,albite,silicate,0.0,False,EC04,0.03
NGW-003,Middle Voltaian sedimentary aquifer,mudstone–sandstone sequence,anorthite,silicate,0.17102128075704343,True,EC05,0.03
NGW-003,Middle Voltaian sedimentary aquifer,mudstone–sandstone sequence,k_feldspar,silicate,0.06929739018397524,True,EC12,0.03
NGW-003,Middle Voltaian sedimentary aquifer,mudstone–sandstone sequence,gypsum,evaporite,0.16061804806109403,True,EC10,0.03
NGW-003,Middle Voltaian sedimentary aquifer,mudstone–sandstone sequence,halite,evaporite,1.1411036138338566,True,EC11,0.03
NGW-003,Middle Voltaian sedimentary aquifer,mudstone–sandstone sequence,fluorite,trace_mineral,0.007043595218146136,False,EC09,0.03
NGW-003,Middle Voltaian sedimentary aquifer,mudstone–sandstone sequence,apatite,trace_mineral,0.0,False,EC06,0.03
NGW-003,Middle Voltaian sedimentary aquifer,mudstone–sandstone sequence,pyrite_oxidation,redox,0.0,False,EC13,0.03
NGW-003,Middle Voltaian sedimentary aquifer,mudstone–sandstone sequence,NO3src,anthropogenic,0.20641112159416108,True,EC03,0.03
NGW-003,Middle Voltaian sedimentary aquifer,mudstone–sandstone sequence,denit,redox,0.0,False,EC07,0.03
NGW-003,Middle Voltaian sedimentary aquifer,mudstone–sandstone sequence,CaNa_exch,ion_exchange,0.05492627266831428,True,EC01,0.03
NGW-003,Middle Voltaian sedimentary aquifer,mudstone–sandstone sequence,NaCa_exch,ion_exchange,0.0,False,EC01,0.03
NGW-003,Middle Voltaian sedimentary aquifer,mudstone–sandstone sequence,MgNa_exch,ion_exchange,0.17138779203563795,True,EC02,0.03
NGW-003,Middle Voltaian sedimentary aquifer,mudstone–sandstone sequence,NaMg_exch,ion_exchange,0.0,False,EC02,0.03
NGW-004,Middle Voltaian sedimentary aquifer,mudstone–sandstone sequence,calcite,carbonate,0.0,False,EC05,0.03
NGW-004,Middle Voltaian sedimentary aquifer,mudstone–sandstone sequence,dolomite,carbonate,0.2364207230452292,True,EC08,0.03
NGW-004,Middle Voltaian sedimentary aquifer,mudstone–sandstone sequence,albite,silicate,0.0,False,EC04,0.03
NGW-004,Middle Voltaian sedimentary aquifer,mudstone–sandstone sequence,anorthite,silicate,0.0,False,EC05,0.03
NGW-004,Middle Voltaian sedimentary aquifer,mudstone–sandstone sequence,k_feldspar,silicate,0.08557064560519961,True,EC12,0.03
NGW-004,Middle Voltaian sedimentary aquifer,mudstone–sandstone sequence,gypsum,evaporite,0.24972523546867767,True,EC10,0.03
NGW-004,Middle Voltaian sedimentary aquifer,mudstone–sandstone sequence,halite,evaporite,1.020806996845973,True,EC11,0.03
NGW-004,Middle Voltaian sedimentary aquifer,mudstone–sandstone sequence,fluorite,trace_mineral,-0.0,False,EC09,0.03
NGW-004,Middle Voltaian sedimentary aquifer,mudstone–sandstone sequence,apatite,trace_mineral,0.020124998775632248,False,EC06,0.03
NGW-004,Middle Voltaian sedimentary aquifer,mudstone–sandstone sequence,pyrite_oxidation,redox,0.0,False,EC13,0.03
NGW-004,Middle Voltaian sedimentary aquifer,mudstone–sandstone sequence,NO3src,anthropogenic,0.31537378269792304,True,EC03,0.03
NGW-004,Middle Voltaian sedimentary aquifer,mudstone–sandstone sequence,denit,redox,0.0,False,EC07,0.03
NGW-004,Middle Voltaian sedimentary aquifer,mudstone–sandstone sequence,CaNa_exch,ion_exchange,0.0,False,EC01,0.03
NGW-004,Middle Voltaian sedimentary aquifer,mudstone–sandstone sequence,NaCa_exch,ion_exchange,0.120374408283508,True,EC01,0.03
NGW-004,Middle Voltaian sedimentary aquifer,mudstone–sandstone sequence,MgNa_exch,ion_exchange,0.03994362964919619,True,EC02,0.03
NGW-004,Middle Voltaian sedimentary aquifer,mudstone–sandstone sequence,NaMg_exch,ion_exchange,0.0,False,EC02,0.03
NGW-005,Middle Voltaian sedimentary aquifer,siltstone–shale unit,calcite,carbonate,0.07032689701076023,True,EC05,0.03
NGW-005,Middle Voltaian sedimentary aquifer,siltstone–shale unit,dolomite,carbonate,0.19609057220441622,True,EC08,0.03
NGW-005,Middle Voltaian sedimentary aquifer,siltstone–shale unit,albite,silicate,0.0,False,EC04,0.03
NGW-005,Middle Voltaian sedimentary aquifer,siltstone–shale unit,anorthite,silicate,0.07032689701076023,True,EC05,0.03
NGW-005,Middle Voltaian sedimentary aquifer,siltstone–shale unit,k_feldspar,silicate,0.07548328261129116,True,EC12,0.03
NGW-005,Middle Voltaian sedimentary aquifer,siltstone–shale unit,gypsum,evaporite,0.13503709326560023,True,EC10,0.03
NGW-005,Middle Voltaian sedimentary aquifer,siltstone–shale unit,halite,evaporite,0.82257544953756,True,EC11,0.03
NGW-005,Middle Voltaian sedimentary aquifer,siltstone–shale unit,fluorite,trace_mineral,0.0,False,EC09,0.03
NGW-005,Middle Voltaian sedimentary aquifer,siltstone–shale unit,apatite,trace_mineral,0.0,False,EC06,0.03
NGW-005,Middle Voltaian sedimentary aquifer,siltstone–shale unit,pyrite_oxidation,redox,0.04471859903344433,True,EC13,0.03
NGW-005,Middle Voltaian sedimentary aquifer,siltstone–shale unit,NO3src,anthropogenic,0.0,False,EC03,0.03
NGW-005,Middle Voltaian sedimentary aquifer,siltstone–shale unit,denit,redox,0.034722031247285186,True,EC07,0.03
NGW-005,Middle Voltaian sedimentary aquifer,siltstone–shale unit,CaNa_exch,ion_exchange,0.0,False,EC01,0.03
NGW-005,Middle Voltaian sedimentary aquifer,siltstone–shale unit,NaCa_exch,ion_exchange,0.0,False,EC01,0.03
NGW-005,Middle Voltaian sedimentary aquifer,siltstone–shale unit,MgNa_exch,ion_exchange,0.19688170552204914,True,EC02,0.03
NGW-005,Middle Voltaian sedimentary aquifer,siltstone–shale unit,NaMg_exch,ion_exchange,0.0,False,EC02,0.03
NGW-006,Middle Voltaian sedimentary aquifer,mudstone–sandstone sequence,calcite,carbonate,0.0,False,EC05,0.03
NGW-006,Middle Voltaian sedimentary aquifer,mudstone–sandstone sequence,dolomite,carbonate,0.216198401316556,True,EC08,0.03
NGW-006,Middle Voltaian sedimentary aquifer,mudstone–sandstone sequence,albite,silicate,0.17102944589297336,True,EC04,0.03
NGW-006,Middle Voltaian sedimentary aquifer,mudstone–sandstone sequence,anorthite,silicate,0.0,False,EC05,0.03
NGW-006,Middle Voltaian sedimentary aquifer,mudstone–sandstone sequence,k_feldspar,silicate,0.06343373968767196,True,EC12,0.03
NGW-006,Middle Voltaian sedimentary aquifer,mudstone–sandstone sequence,gypsum,evaporite,0.01014086201318633,False,EC10,0.03
NGW-006,Middle Voltaian sedimentary aquifer,mudstone–sandstone sequence,halite,evaporite,0.7011640886148417,True,EC11,0.03
NGW-006,Middle Voltaian sedimentary aquifer,mudstone–sandstone sequence,fluorite,trace_mineral,0.0012321807796097741,False,EC09,0.03
NGW-006,Middle Voltaian sedimentary aquifer,mudstone–sandstone sequence,apatite,trace_mineral,0.0,False,EC06,0.03
NGW-006,Middle Voltaian sedimentary aquifer,mudstone–sandstone sequence,pyrite_oxidation,redox,0.017794261193963237,False,EC13,0.03
NGW-006,Middle Voltaian sedimentary aquifer,mudstone–sandstone sequence,NO3src,anthropogenic,0.0,False,EC03,0.03
NGW-006,Middle Voltaian sedimentary aquifer,mudstone–sandstone sequence,denit,redox,0.0,False,EC07,0.03
NGW-006,Middle Voltaian sedimentary aquifer,mudstone–sandstone sequence,CaNa_exch,ion_exchange,0.0,False,EC01,0.03
NGW-006,Middle Voltaian sedimentary aquifer,mudstone–sandstone sequence,NaCa_exch,ion_exchange,0.015424270638665154,False,EC01,0.03
NGW-006,Middle Voltaian sedimentary aquifer,mudstone–sandstone sequence,MgNa_exch,ion_exchange,0.0,False,EC02,0.03
NGW-006,Middle Voltaian sedimentary aquifer,mudstone–sandstone sequence,NaMg_exch,ion_exchange,0.0,False,EC02,0.03
NGW-008,Middle Voltaian sedimentary aquifer,sandstone–shale interbeds,calcite,carbonate,0.015273378180561953,False,EC05,0.03
NGW-008,Middle Voltaian sedimentary aquifer,sandstone–shale interbeds,dolomite,carbonate,0.12625796959724722,True,EC08,0.03
NGW-008,Middle Voltaian sedimentary aquifer,sandstone–shale interbeds,albite,silicate,0.036054368239052455,True,EC04,0.03
NGW-008,Middle Voltaian sedimentary aquifer,sandstone–shale interbeds,anorthite,silicate,0.015273378180561953,False,EC05,0.03
NGW-008,Middle Voltaian sedimentary aquifer,sandstone–shale interbeds,k_feldspar,silicate,0.0,False,EC12,0.03
NGW-008,Middle Voltaian sedimentary aquifer,sandstone–shale interbeds,gypsum,evaporite,0.07411580209328393,True,EC10,0.03
NGW-008,Middle Voltaian sedimentary aquifer,sandstone–shale interbeds,halite,evaporite,0.7738225368311351,True,EC11,0.03
NGW-008,Middle Voltaian sedimentary aquifer,sandstone–shale interbeds,fluorite,trace_mineral,-0.0,False,EC09,0.03
NGW-008,Middle Voltaian sedimentary aquifer,sandstone–shale interbeds,apatite,trace_mineral,0.03175212525948804,True,EC06,0.03
NGW-008,Middle Voltaian sedimentary aquifer,sandstone–shale interbeds,pyrite_oxidation,redox,0.0,False,EC13,0.03
NGW-008,Middle Voltaian sedimentary aquifer,sandstone–shale interbeds,NO3src,anthropogenic,0.23722236008005548,True,EC03,0.03
NGW-008,Middle Voltaian sedimentary aquifer,sandstone–shale interbeds,denit,redox,0.0,False,EC07,0.03
NGW-008,Middle Voltaian sedimentary aquifer,sandstone–shale interbeds,CaNa_exch,ion_exchange,0.0,False,EC01,0.03
NGW-008,Middle Voltaian sedimentary aquifer,sandstone–shale interbeds,NaCa_exch,ion_exchange,0.0,False,EC01,0.03
NGW-008,Middle Voltaian sedimentary aquifer,sandstone–shale interbeds,MgNa_exch,ion_exchange,0.0,False,EC02,0.03
NGW-008,Middle Voltaian sedimentary aquifer,sandstone–shale interbeds,NaMg_exch,ion_exchange,0.0,False,EC02,0.03
NGW-009,Middle Voltaian sedimentary aquifer,sandstone–shale interbeds,calcite,carbonate,0.08464733918111438,True,EC05,0.03
NGW-009,Middle Voltaian sedimentary aquifer,sandstone–shale interbeds,dolomite,carbonate,0.10974074162371616,True,EC08,0.03
NGW-009,Middle Voltaian sedimentary aquifer,sandstone–shale interbeds,albite,silicate,0.0,False,EC04,0.03
NGW-009,Middle Voltaian sedimentary aquifer,sandstone–shale interbeds,anorthite,silicate,0.08464733918111438,True,EC05,0.03
NGW-009,Middle Voltaian sedimentary aquifer,sandstone–shale interbeds,k_feldspar,silicate,0.0645778717545227,True,EC12,0.03
NGW-009,Middle Voltaian sedimentary aquifer,sandstone–shale interbeds,gypsum,evaporite,0.1574903862127972,True,EC10,0.03
NGW-009,Middle Voltaian sedimentary aquifer,sandstone–shale interbeds,halite,evaporite,0.5425028206721622,True,EC11,0.03
NGW-009,Middle Voltaian sedimentary aquifer,sandstone–shale interbeds,fluorite,trace_mineral,0.0,False,EC09,0.03
NGW-009,Middle Voltaian sedimentary aquifer,sandstone–shale interbeds,apatite,trace_mineral,0.0,False,EC06,0.03
NGW-009,Middle Voltaian sedimentary aquifer,sandstone–shale interbeds,pyrite_oxidation,redox,0.0,False,EC13,0.03
NGW-009,Middle Voltaian sedimentary aquifer,sandstone–shale interbeds,NO3src,anthropogenic,0.2951539074415549,True,EC03,0.03
NGW-009,Middle Voltaian sedimentary aquifer,sandstone–shale interbeds,denit,redox,0.0,False,EC07,0.03
NGW-009,Middle Voltaian sedimentary aquifer,sandstone–shale interbeds,CaNa_exch,ion_exchange,0.0,False,EC01,0.03
NGW-009,Middle Voltaian sedimentary aquifer,sandstone–shale interbeds,NaCa_exch,ion_exchange,0.0,False,EC01,0.03
NGW-009,Middle Voltaian sedimentary aquifer,sandstone–shale interbeds,MgNa_exch,ion_exchange,0.016808337396252326,False,EC02,0.03
NGW-009,Middle Voltaian sedimentary aquifer,sandstone–shale interbeds,NaMg_exch,ion_exchange,0.0,False,EC02,0.03
NGW-010,Middle Voltaian sedimentary aquifer,mudstone–sandstone sequence,calcite,carbonate,0.08681979422343777,True,EC05,0.03
NGW-010,Middle Voltaian sedimentary aquifer,mudstone–sandstone sequence,dolomite,carbonate,0.11278236670682643,True,EC08,0.03
NGW-010,Middle Voltaian sedimentary aquifer,mudstone–sandstone sequence,albite,silicate,0.0,False,EC04,0.03
NGW-010,Middle Voltaian sedimentary aquifer,mudstone–sandstone sequence,anorthite,silicate,0.08681979422343777,True,EC05,0.03
NGW-010,Middle Voltaian sedimentary aquifer,mudstone–sandstone sequence,k_feldspar,silicate,0.014286146726511899,False,EC12,0.03
NGW-010,Middle Voltaian sedimentary aquifer,mudstone–sandstone sequence,gypsum,evaporite,0.2383512393590434,True,EC10,0.03
NGW-010,Middle Voltaian sedimentary aquifer,mudstone–sandstone sequence,halite,evaporite,0.8049419298128885,True,EC11,0.03
NGW-010,Middle Voltaian sedimentary aquifer,mudstone–sandstone sequence,fluorite,trace_mineral,0.0,False,EC09,0.03
NGW-010,Middle Voltaian sedimentary aquifer,mudstone–sandstone sequence,apatite,trace_mineral,0.03453005728352416,True,EC06,0.03
NGW-010,Middle Voltaian sedimentary aquifer,mudstone–sandstone sequence,pyrite_oxidation,redox,0.0,False,EC13,0.03
NGW-010,Middle Voltaian sedimentary aquifer,mudstone–sandstone sequence,NO3src,anthropogenic,0.0,False,EC03,0.03
NGW-010,Middle Voltaian sedimentary aquifer,mudstone–sandstone sequence,denit,redox,0.0,False,EC07,0.03
NGW-010,Middle Voltaian sedimentary aquifer,mudstone–sandstone sequence,CaNa_exch,ion_exchange,0.0,False,EC01,0.03
NGW-010,Middle Voltaian sedimentary aquifer,mudstone–sandstone sequence,NaCa_exch,ion_exchange,0.0,False,EC01,0.03
NGW-010,Middle Voltaian sedimentary aquifer,mudstone–sandstone sequence,MgNa_exch,ion_exchange,0.025938962949526606,False,EC02,0.03
NGW-010,Middle Voltaian sedimentary aquifer,mudstone–sandstone sequence,NaMg_exch,ion_exchange,0.0,False,EC02,0.03
NGW-011,Middle Voltaian sedimentary aquifer,sandstone–shale interbeds,calcite,carbonate,0.05608576493201812,True,EC05,0.03
NGW-011,Middle Voltaian sedimentary aquifer,sandstone–shale interbeds,dolomite,carbonate,0.08113198215798728,True,EC08,0.03
NGW-011,Middle Voltaian sedimentary aquifer,sandstone–shale interbeds,albite,silicate,0.31672345601438706,True,EC04,0.03
NGW-011,Middle Voltaian sedimentary aquifer,sandstone–shale interbeds,anorthite,silicate,0.05608576493201812,True,EC05,0.03
NGW-011,Middle Voltaian sedimentary aquifer,sandstone–shale interbeds,k_feldspar,silicate,0.06160396350039669,True,EC12,0.03
NGW-011,Middle Voltaian sedimentary aquifer,sandstone–shale interbeds,gypsum,evaporite,0.06276732039708824,True,EC10,0.03
NGW-011,Middle Voltaian sedimentary aquifer,sandstone–shale interbeds,halite,evaporite,0.256184102562199,True,EC11,0.03
NGW-011,Middle Voltaian sedimentary aquifer,sandstone–shale interbeds,fluorite,trace_mineral,0.0,False,EC09,0.03
NGW-011,Middle Voltaian sedimentary aquifer,sandstone–shale interbeds,apatite,trace_mineral,0.0,False,EC06,0.03
NGW-011,Middle Voltaian sedimentary aquifer,sandstone–shale interbeds,pyrite_oxidation,redox,0.04542247543816293,True,EC13,0.03
NGW-011,Middle Voltaian sedimentary aquifer,sandstone–shale interbeds,NO3src,anthropogenic,0.11445883173782008,True,EC03,0.03
NGW-011,Middle Voltaian sedimentary aquifer,sandstone–shale interbeds,denit,redox,0.0,False,EC07,0.03
NGW-011,Middle Voltaian sedimentary aquifer,sandstone–shale interbeds,CaNa_exch,ion_exchange,0.0,False,EC01,0.03
NGW-011,Middle Voltaian sedimentary aquifer,sandstone–shale interbeds,NaCa_exch,ion_exchange,0.0,False,EC01,0.03
NGW-011,Middle Voltaian sedimentary aquifer,sandstone–shale interbeds,MgNa_exch,ion_exchange,0.0,False,EC02,0.03
NGW-011,Middle Voltaian sedimentary aquifer,sandstone–shale interbeds,NaMg_exch,ion_exchange,0.0,False,EC02,0.03
NGW-012,Birimian fractured basement aquifer,phyllite–schist fractured zone,calcite,carbonate,0.011263608706315062,False,EC05,0.03
NGW-012,Birimian fractured basement aquifer,phyllite–schist fractured zone,dolomite,carbonate,0.0,False,EC08,0.03
NGW-012,Birimian fractured basement aquifer,phyllite–schist fractured zone,albite,silicate,0.32969628163431797,True,EC04,0.03
NGW-012,Birimian fractured basement aquifer,phyllite–schist fractured zone,anorthite,silicate,0.011263608706315062,False,EC05,0.03
NGW-012,Birimian fractured basement aquifer,phyllite–schist fractured zone,k_feldspar,silicate,0.03661206213298524,True,EC12,0.03
NGW-012,Birimian fractured basement aquifer,phyllite–schist fractured zone,gypsum,evaporite,0.15651486001941492,True,EC10,0.03
NGW-012,Birimian fractured basement aquifer,phyllite–schist fractured zone,halite,evaporite,0.2273668290209637,True,EC11,0.03
NGW-012,Birimian fractured basement aquifer,phyllite–schist fractured zone,fluorite,trace_mineral,0.0,False,EC09,0.03
NGW-012,Birimian fractured basement aquifer,phyllite–schist fractured zone,apatite,trace_mineral,0.011801133400237316,False,EC06,0.03
NGW-012,Birimian fractured basement aquifer,phyllite–schist fractured zone,pyrite_oxidation,redox,0.0,False,EC13,0.03
NGW-012,Birimian fractured basement aquifer,phyllite–schist fractured zone,NO3src,anthropogenic,0.0,False,EC03,0.03
NGW-012,Birimian fractured basement aquifer,phyllite–schist fractured zone,denit,redox,0.1085840962137597,True,EC07,0.03
NGW-012,Birimian fractured basement aquifer,phyllite–schist fractured zone,CaNa_exch,ion_exchange,0.0,False,EC01,0.03
NGW-012,Birimian fractured basement aquifer,phyllite–schist fractured zone,NaCa_exch,ion_exchange,0.0,False,EC01,0.03
NGW-012,Birimian fractured basement aquifer,phyllite–schist fractured zone,MgNa_exch,ion_exchange,0.0,False,EC02,0.03
NGW-012,Birimian fractured basement aquifer,phyllite–schist fractured zone,NaMg_exch,ion_exchange,0.0,False,EC02,0.03
NGW-013,Middle Voltaian sedimentary aquifer,mudstone–sandstone sequence,calcite,carbonate,0.0,False,EC05,0.03
NGW-013,Middle Voltaian sedimentary aquifer,mudstone–sandstone sequence,dolomite,carbonate,0.027854699078038385,False,EC08,0.03
NGW-013,Middle Voltaian sedimentary aquifer,mudstone–sandstone sequence,albite,silicate,0.5415599703088375,True,EC04,0.03
NGW-013,Middle Voltaian sedimentary aquifer,mudstone–sandstone sequence,anorthite,silicate,0.0,False,EC05,0.03
NGW-013,Middle Voltaian sedimentary aquifer,mudstone–sandstone sequence,k_feldspar,silicate,0.013256383112778632,False,EC12,0.03
NGW-013,Middle Voltaian sedimentary aquifer,mudstone–sandstone sequence,gypsum,evaporite,0.024644994277302643,False,EC10,0.03
NGW-013,Middle Voltaian sedimentary aquifer,mudstone–sandstone sequence,halite,evaporite,0.024671996494251485,False,EC11,0.03
NGW-013,Middle Voltaian sedimentary aquifer,mudstone–sandstone sequence,fluorite,trace_mineral,-0.0,False,EC09,0.03
NGW-013,Middle Voltaian sedimentary aquifer,mudstone–sandstone sequence,apatite,trace_mineral,0.0,False,EC06,0.03
NGW-013,Middle Voltaian sedimentary aquifer,mudstone–sandstone sequence,pyrite_oxidation,redox,0.04893434360081905,True,EC13,0.03
NGW-013,Middle Voltaian sedimentary aquifer,mudstone–sandstone sequence,NO3src,anthropogenic,0.0,False,EC03,0.03
NGW-013,Middle Voltaian sedimentary aquifer,mudstone–sandstone sequence,denit,redox,0.09155128193551149,True,EC07,0.03
NGW-013,Middle Voltaian sedimentary aquifer,mudstone–sandstone sequence,CaNa_exch,ion_exchange,0.0,False,EC01,0.03
NGW-013,Middle Voltaian sedimentary aquifer,mudstone–sandstone sequence,NaCa_exch,ion_exchange,0.08008758632316712,True,EC01,0.03
NGW-013,Middle Voltaian sedimentary aquifer,mudstone–sandstone sequence,MgNa_exch,ion_exchange,0.0,False,EC02,0.03
NGW-013,Middle Voltaian sedimentary aquifer,mudstone–sandstone sequence,NaMg_exch,ion_exchange,0.0,False,EC02,0.03
NGW-016,Middle Voltaian sedimentary aquifer,sandstone–shale interbeds,calcite,carbonate,0.027795068785903203,False,EC05,0.03
NGW-016,Middle Voltaian sedimentary aquifer,sandstone–shale interbeds,dolomite,carbonate,0.21810945910976764,True,EC08,0.03
NGW-016,Middle Voltaian sedimentary aquifer,sandstone–shale interbeds,albite,silicate,0.39458190347216077,True,EC04,0.03
NGW-016,Middle Voltaian sedimentary aquifer,sandstone–shale interbeds,anorthite,silicate,0.027795068785903203,False,EC05,0.03
NGW-016,Middle Voltaian sedimentary aquifer,sandstone–shale interbeds,k_feldspar,silicate,0.037822427261438224,True,EC12,0.03
NGW-016,Middle Voltaian sedimentary aquifer,sandstone–shale interbeds,gypsum,evaporite,0.3389000027961815,True,EC10,0.03
NGW-016,Middle Voltaian sedimentary aquifer,sandstone–shale interbeds,halite,evaporite,1.2586641859827246,True,EC11,0.03
NGW-016,Middle Voltaian sedimentary aquifer,sandstone–shale interbeds,fluorite,trace_mineral,0.0,False,EC09,0.03
NGW-016,Middle Voltaian sedimentary aquifer,sandstone–shale interbeds,apatite,trace_mineral,0.0,False,EC06,0.03
NGW-016,Middle Voltaian sedimentary aquifer,sandstone–shale interbeds,pyrite_oxidation,redox,0.0,False,EC13,0.03
NGW-016,Middle Voltaian sedimentary aquifer,sandstone–shale interbeds,NO3src,anthropogenic,0.0,False,EC03,0.03
NGW-016,Middle Voltaian sedimentary aquifer,sandstone–shale interbeds,denit,redox,0.08993278150212382,True,EC07,0.03
NGW-016,Middle Voltaian sedimentary aquifer,sandstone–shale interbeds,CaNa_exch,ion_exchange,0.0,False,EC01,0.03
NGW-016,Middle Voltaian sedimentary aquifer,sandstone–shale interbeds,NaCa_exch,ion_exchange,0.0,False,EC01,0.03
NGW-016,Middle Voltaian sedimentary aquifer,sandstone–shale interbeds,MgNa_exch,ion_exchange,0.0,False,EC02,0.03
NGW-016,Middle Voltaian sedimentary aquifer,sandstone–shale interbeds,NaMg_exch,ion_exchange,0.0,False,EC02,0.03
NGW-018,Middle Voltaian sedimentary aquifer,mudstone–sandstone sequence,calcite,carbonate,0.0,False,EC05,0.03
NGW-018,Middle Voltaian sedimentary aquifer,mudstone–sandstone sequence,dolomite,carbonate,0.23312650899054607,True,EC08,0.03
NGW-018,Middle Voltaian sedimentary aquifer,mudstone–sandstone sequence,albite,silicate,0.0,False,EC04,0.03
NGW-018,Middle Voltaian sedimentary aquifer,mudstone–sandstone sequence,anorthite,silicate,0.0,False,EC05,0.03
NGW-018,Middle Voltaian sedimentary aquifer,mudstone–sandstone sequence,k_feldspar,silicate,0.06990014194117242,True,EC12,0.03
NGW-018,Middle Voltaian sedimentary aquifer,mudstone–sandstone sequence,gypsum,evaporite,0.20771681271829928,True,EC10,0.03
NGW-018,Middle Voltaian sedimentary aquifer,mudstone–sandstone sequence,halite,evaporite,0.7144059650053101,True,EC11,0.03
NGW-018,Middle Voltaian sedimentary aquifer,mudstone–sandstone sequence,fluorite,trace_mineral,0.0,False,EC09,0.03
NGW-018,Middle Voltaian sedimentary aquifer,mudstone–sandstone sequence,apatite,trace_mineral,0.019649466057288432,False,EC06,0.03
NGW-018,Middle Voltaian sedimentary aquifer,mudstone–sandstone sequence,pyrite_oxidation,redox,0.0,False,EC13,0.03
NGW-018,Middle Voltaian sedimentary aquifer,mudstone–sandstone sequence,NO3src,anthropogenic,0.08140094044566475,True,EC03,0.03
NGW-018,Middle Voltaian sedimentary aquifer,mudstone–sandstone sequence,denit,redox,0.0,False,EC07,0.03
NGW-018,Middle Voltaian sedimentary aquifer,mudstone–sandstone sequence,CaNa_exch,ion_exchange,0.0,False,EC01,0.03
NGW-018,Middle Voltaian sedimentary aquifer,mudstone–sandstone sequence,NaCa_exch,ion_exchange,0.0,False,EC01,0.03
NGW-018,Middle Voltaian sedimentary aquifer,mudstone–sandstone sequence,MgNa_exch,ion_exchange,0.10804473367445636,True,EC02,0.03
NGW-018,Middle Voltaian sedimentary aquifer,mudstone–sandstone sequence,NaMg_exch,ion_exchange,0.0,False,EC02,0.03
NGW-019,Birimian fractured basement aquifer,phyllite–schist fractured zone,calcite,carbonate,0.0,False,EC05,0.03
NGW-019,Birimian fractured basement aquifer,phyllite–schist fractured zone,dolomite,carbonate,0.3229321766036514,True,EC08,0.03
NGW-019,Birimian fractured basement aquifer,phyllite–schist fractured zone,albite,silicate,0.05098797507809481,True,EC04,0.03
NGW-019,Birimian fractured basement aquifer,phyllite–schist fractured zone,anorthite,silicate,0.0,False,EC05,0.03
NGW-019,Birimian fractured basement aquifer,phyllite–schist fractured zone,k_feldspar,silicate,0.0,False,EC12,0.03
NGW-019,Birimian fractured basement aquifer,phyllite–schist fractured zone,gypsum,evaporite,0.37583882873355257,True,EC10,0.03
NGW-019,Birimian fractured basement aquifer,phyllite–schist fractured zone,halite,evaporite,1.0756227681321109,True,EC11,0.03
NGW-019,Birimian fractured basement aquifer,phyllite–schist fractured zone,fluorite,trace_mineral,0.0,False,EC09,0.03
NGW-019,Birimian fractured basement aquifer,phyllite–schist fractured zone,apatite,trace_mineral,0.0021899936791156356,False,EC06,0.03
NGW-019,Birimian fractured basement aquifer,phyllite–schist fractured zone,pyrite_oxidation,redox,0.0,False,EC13,0.03
NGW-019,Birimian fractured basement aquifer,phyllite–schist fractured zone,NO3src,anthropogenic,0.06519294520047865,True,EC03,0.03
NGW-019,Birimian fractured basement aquifer,phyllite–schist fractured zone,denit,redox,0.0,False,EC07,0.03
NGW-019,Birimian fractured basement aquifer,phyllite–schist fractured zone,CaNa_exch,ion_exchange,0.0,False,EC01,0.03
NGW-019,Birimian fractured basement aquifer,phyllite–schist fractured zone,NaCa_exch,ion_exchange,0.0,False,EC01,0.03
NGW-019,Birimian fractured basement aquifer,phyllite–schist fractured zone,MgNa_exch,ion_exchange,0.0,False,EC02,0.03
NGW-019,Birimian fractured basement aquifer,phyllite–schist fractured zone,NaMg_exch,ion_exchange,0.0,False,EC02,0.03
NGW-020,Middle Voltaian sedimentary aquifer,siltstone–shale unit,calcite,carbonate,0.0015091389336112642,False,EC05,0.03
NGW-020,Middle Voltaian sedimentary aquifer,siltstone–shale unit,dolomite,carbonate,0.09974502857422125,True,EC08,0.03
NGW-020,Middle Voltaian sedimentary aquifer,siltstone–shale unit,albite,silicate,0.32465731114527097,True,EC04,0.03
NGW-020,Middle Voltaian sedimentary aquifer,siltstone–shale unit,anorthite,silicate,0.0015091389336112642,False,EC05,0.03
NGW-020,Middle Voltaian sedimentary aquifer,siltstone–shale unit,k_feldspar,silicate,0.013838344556708761,False,EC12,0.03
NGW-020,Middle Voltaian sedimentary aquifer,siltstone–shale unit,gypsum,evaporite,0.05385463310861227,True,EC10,0.03
NGW-020,Middle Voltaian sedimentary aquifer,siltstone–shale unit,halite,evaporite,0.9836672898506775,True,EC11,0.03
NGW-020,Middle Voltaian sedimentary aquifer,siltstone–shale unit,fluorite,trace_mineral,0.008142733714099721,False,EC09,0.03
NGW-020,Middle Voltaian sedimentary aquifer,siltstone–shale unit,apatite,trace_mineral,0.005039044598831957,False,EC06,0.03
NGW-020,Middle Voltaian sedimentary aquifer,siltstone–shale unit,pyrite_oxidation,redox,0.0,False,EC13,0.03
NGW-020,Middle Voltaian sedimentary aquifer,siltstone–shale unit,NO3src,anthropogenic,0.0658348460022682,True,EC03,0.03
NGW-020,Middle Voltaian sedimentary aquifer,siltstone–shale unit,denit,redox,0.0,False,EC07,0.03
NGW-020,Middle Voltaian sedimentary aquifer,siltstone–shale unit,CaNa_exch,ion_exchange,0.0,False,EC01,0.03
NGW-020,Middle Voltaian sedimentary aquifer,siltstone–shale unit,NaCa_exch,ion_exchange,0.0,False,EC01,0.03
NGW-020,Middle Voltaian sedimentary aquifer,siltstone–shale unit,MgNa_exch,ion_exchange,0.0,False,EC02,0.03
NGW-020,Middle Voltaian sedimentary aquifer,siltstone–shale unit,NaMg_exch,ion_exchange,0.0,False,EC02,0.03
NGW-021,Middle Voltaian sedimentary aquifer,mudstone–sandstone sequence,calcite,carbonate,0.0,False,EC05,0.03
NGW-021,Middle Voltaian sedimentary aquifer,mudstone–sandstone sequence,dolomite,carbonate,0.07422169133298967,True,EC08,0.03
NGW-021,Middle Voltaian sedimentary aquifer,mudstone–sandstone sequence,albite,silicate,-0.0,False,EC04,0.03
NGW-021,Middle Voltaian sedimentary aquifer,mudstone–sandstone sequence,anorthite,silicate,0.0,False,EC05,0.03
NGW-021,Middle Voltaian sedimentary aquifer,mudstone–sandstone sequence,k_feldspar,silicate,0.03878018573929147,True,EC12,0.03
NGW-021,Middle Voltaian sedimentary aquifer,mudstone–sandstone sequence,gypsum,evaporite,0.10879197433344033,True,EC10,0.03
NGW-021,Middle Voltaian sedimentary aquifer,mudstone–sandstone sequence,halite,evaporite,0.8298626493318451,True,EC11,0.03
NGW-021,Middle Voltaian sedimentary aquifer,mudstone–sandstone sequence,fluorite,trace_mineral,-0.0,False,EC09,0.03
NGW-021,Middle Voltaian sedimentary aquifer,mudstone–sandstone sequence,apatite,trace_mineral,0.026045555487550907,False,EC06,0.03
NGW-021,Middle Voltaian sedimentary aquifer,mudstone–sandstone sequence,pyrite_oxidation,redox,0.0,False,EC13,0.03
NGW-021,Middle Voltaian sedimentary aquifer,mudstone–sandstone sequence,NO3src,anthropogenic,0.054280631570057795,True,EC03,0.03
NGW-021,Middle Voltaian sedimentary aquifer,mudstone–sandstone sequence,denit,redox,0.0,False,EC07,0.03
NGW-021,Middle Voltaian sedimentary aquifer,mudstone–sandstone sequence,CaNa_exch,ion_exchange,0.00630377231832876,False,EC01,0.03
NGW-021,Middle Voltaian sedimentary aquifer,mudstone–sandstone sequence,NaCa_exch,ion_exchange,0.0,False,EC01,0.03
NGW-021,Middle Voltaian sedimentary aquifer,mudstone–sandstone sequence,MgNa_exch,ion_exchange,0.19877733356721336,True,EC02,0.03
NGW-021,Middle Voltaian sedimentary aquifer,mudstone–sandstone sequence,NaMg_exch,ion_exchange,0.0,False,EC02,0.03
NGW-022,Middle Voltaian sedimentary aquifer,mudstone–sandstone sequence,calcite,carbonate,0.0,False,EC05,0.03
NGW-022,Middle Voltaian sedimentary aquifer,mudstone–sandstone sequence,dolomite,carbonate,0.1748174941002205,True,EC08,0.03
NGW-022,Middle Voltaian sedimentary aquifer,mudstone–sandstone sequence,albite,silicate,0.0,False,EC04,0.03
NGW-022,Middle Voltaian sedimentary aquifer,mudstone–sandstone sequence,anorthite,silicate,0.0,False,EC05,0.03
NGW-022,Middle Voltaian sedimentary aquifer,mudstone–sandstone sequence,k_feldspar,silicate,0.0,False,EC12,0.03
NGW-022,Middle Voltaian sedimentary aquifer,mudstone–sandstone sequence,gypsum,evaporite,0.0940985271378124,True,EC10,0.03
NGW-022,Middle Voltaian sedimentary aquifer,mudstone–sandstone sequence,halite,evaporite,0.6661828504867316,True,EC11,0.03
NGW-022,Middle Voltaian sedimentary aquifer,mudstone–sandstone sequence,fluorite,trace_mineral,0.0,False,EC09,0.03
NGW-022,Middle Voltaian sedimentary aquifer,mudstone–sandstone sequence,apatite,trace_mineral,0.0,False,EC06,0.03
NGW-022,Middle Voltaian sedimentary aquifer,mudstone–sandstone sequence,pyrite_oxidation,redox,0.029057066553438312,False,EC13,0.03
NGW-022,Middle Voltaian sedimentary aquifer,mudstone–sandstone sequence,NO3src,anthropogenic,0.3954509077211592,True,EC03,0.03
NGW-022,Middle Voltaian sedimentary aquifer,mudstone–sandstone sequence,denit,redox,0.0,False,EC07,0.03
NGW-022,Middle Voltaian sedimentary aquifer,mudstone–sandstone sequence,CaNa_exch,ion_exchange,0.0,False,EC01,0.03
NGW-022,Middle Voltaian sedimentary aquifer,mudstone–sandstone sequence,NaCa_exch,ion_exchange,0.07619428175309338,True,EC01,0.03
NGW-022,Middle Voltaian sedimentary aquifer,mudstone–sandstone sequence,MgNa_exch,ion_exchange,0.09574138326575655,True,EC02,0.03
NGW-022,Middle Voltaian sedimentary aquifer,mudstone–sandstone sequence,NaMg_exch,ion_exchange,0.0,False,EC02,0.03
NGW-023,Regolith/alluvial shallow aquifer,valley alluvium,calcite,carbonate,0.0,False,EC05,0.03
NGW-023,Regolith/alluvial shallow aquifer,valley alluvium,dolomite,carbonate,0.30375166603105264,True,EC08,0.03
NGW-023,Regolith/alluvial shallow aquifer,valley alluvium,albite,silicate,0.02595073723555278,False,EC04,0.03
NGW-023,Regolith/alluvial shallow aquifer,valley alluvium,anorthite,silicate,0.027634555129381653,False,EC05,0.03
NGW-023,Regolith/alluvial shallow aquifer,valley alluvium,k_feldspar,silicate,0.036708923271242914,True,EC12,0.03
NGW-023,Regolith/alluvial shallow aquifer,valley alluvium,gypsum,evaporite,0.1427543581785267,True,EC10,0.03
NGW-023,Regolith/alluvial shallow aquifer,valley alluvium,halite,evaporite,1.4092245100335572,True,EC11,0.03
NGW-023,Regolith/alluvial shallow aquifer,valley alluvium,fluorite,trace_mineral,-0.0,False,EC09,0.03
NGW-023,Regolith/alluvial shallow aquifer,valley alluvium,apatite,trace_mineral,0.0,False,EC06,0.03
NGW-023,Regolith/alluvial shallow aquifer,valley alluvium,pyrite_oxidation,redox,0.0064254296534131256,False,EC13,0.03
NGW-023,Regolith/alluvial shallow aquifer,valley alluvium,NO3src,anthropogenic,0.4646157191139735,True,EC03,0.03
NGW-023,Regolith/alluvial shallow aquifer,valley alluvium,denit,redox,0.0,False,EC07,0.03
NGW-023,Regolith/alluvial shallow aquifer,valley alluvium,CaNa_exch,ion_exchange,0.0,False,EC01,0.03
NGW-023,Regolith/alluvial shallow aquifer,valley alluvium,NaCa_exch,ion_exchange,0.0,False,EC01,0.03
NGW-023,Regolith/alluvial shallow aquifer,valley alluvium,MgNa_exch,ion_exchange,0.0,False,EC02,0.03
NGW-023,Regolith/alluvial shallow aquifer,valley alluvium,NaMg_exch,ion_exchange,0.0,False,EC02,0.03
NGW-025,Middle Voltaian sedimentary aquifer,sandstone–shale interbeds,calcite,carbonate,0.06659894594201342,True,EC05,0.03
NGW-025,Middle Voltaian sedimentary aquifer,sandstone–shale interbeds,dolomite,carbonate,0.07223572630759337,True,EC08,0.03
NGW-025,Middle Voltaian sedimentary aquifer,sandstone–shale interbeds,albite,silicate,-0.0,False,EC04,0.03
NGW-025,Middle Voltaian sedimentary aquifer,sandstone–shale interbeds,anorthite,silicate,0.06659894594201342,True,EC05,0.03
NGW-025,Middle Voltaian sedimentary aquifer,sandstone–shale interbeds,k_feldspar,silicate,0.024256834116045484,False,EC12,0.03
NGW-025,Middle Voltaian sedimentary aquifer,sandstone–shale interbeds,gypsum,evaporite,0.21658042662610708,True,EC10,0.03
NGW-025,Middle Voltaian sedimentary aquifer,sandstone–shale interbeds,halite,evaporite,0.7570669481970864,True,EC11,0.03
NGW-025,Middle Voltaian sedimentary aquifer,sandstone–shale interbeds,fluorite,trace_mineral,0.0,False,EC09,0.03
NGW-025,Middle Voltaian sedimentary aquifer,sandstone–shale interbeds,apatite,trace_mineral,0.0,False,EC06,0.03
NGW-025,Middle Voltaian sedimentary aquifer,sandstone–shale interbeds,pyrite_oxidation,redox,0.0,False,EC13,0.03
NGW-025,Middle Voltaian sedimentary aquifer,sandstone–shale interbeds,NO3src,anthropogenic,0.0,False,EC03,0.03
NGW-025,Middle Voltaian sedimentary aquifer,sandstone–shale interbeds,denit,redox,0.14592518898569776,True,EC07,0.03
NGW-025,Middle Voltaian sedimentary aquifer,sandstone–shale interbeds,CaNa_exch,ion_exchange,0.16739294250370704,True,EC01,0.03
NGW-025,Middle Voltaian sedimentary aquifer,sandstone–shale interbeds,NaCa_exch,ion_exchange,0.0,False,EC01,0.03
NGW-025,Middle Voltaian sedimentary aquifer,sandstone–shale interbeds,MgNa_exch,ion_exchange,0.12299566886359169,True,EC02,0.03
NGW-025,Middle Voltaian sedimentary aquifer,sandstone–shale interbeds,NaMg_exch,ion_exchange,0.0,False,EC02,0.03
NGW-026,Regolith/alluvial shallow aquifer,weathered regolith,calcite,carbonate,0.0,False,EC05,0.03
NGW-026,Regolith/alluvial shallow aquifer,weathered regolith,dolomite,carbonate,0.21233310529865876,True,EC08,0.03
NGW-026,Regolith/alluvial shallow aquifer,weathered regolith,albite,silicate,0.20082837138803333,True,EC04,0.03
NGW-026,Regolith/alluvial shallow aquifer,weathered regolith,anorthite,silicate,0.0,False,EC05,0.03
NGW-026,Regolith/alluvial shallow aquifer,weathered regolith,k_feldspar,silicate,0.0299218107395762,False,EC12,0.03
NGW-026,Regolith/alluvial shallow aquifer,weathered regolith,gypsum,evaporite,0.11605929679934214,True,EC10,0.03
NGW-026,Regolith/alluvial shallow aquifer,weathered regolith,halite,evaporite,0.6498564713508591,True,EC11,0.03
NGW-026,Regolith/alluvial shallow aquifer,weathered regolith,fluorite,trace_mineral,-0.0,False,EC09,0.03
NGW-026,Regolith/alluvial shallow aquifer,weathered regolith,apatite,trace_mineral,0.029469353338472042,False,EC06,0.03
NGW-026,Regolith/alluvial shallow aquifer,weathered regolith,pyrite_oxidation,redox,0.0,False,EC13,0.03
NGW-026,Regolith/alluvial shallow aquifer,weathered regolith,NO3src,anthropogenic,0.0,False,EC03,0.03
NGW-026,Regolith/alluvial shallow aquifer,weathered regolith,denit,redox,0.0,False,EC07,0.03
NGW-026,Regolith/alluvial shallow aquifer,weathered regolith,CaNa_exch,ion_exchange,0.0,False,EC01,0.03
NGW-026,Regolith/alluvial shallow aquifer,weathered regolith,NaCa_exch,ion_exchange,0.03568854778398911,True,EC01,0.03
NGW-026,Regolith/alluvial shallow aquifer,weathered regolith,MgNa_exch,ion_exchange,0.0,False,EC02,0.03
NGW-026,Regolith/alluvial shallow aquifer,weathered regolith,NaMg_exch,ion_exchange,0.0,False,EC02,0.03
NGW-027,Middle Voltaian sedimentary aquifer,mudstone–sandstone sequence,calcite,carbonate,0.025265132889190235,False,EC05,0.03
NGW-027,Middle Voltaian sedimentary aquifer,mudstone–sandstone sequence,dolomite,carbonate,0.0,False,EC08,0.03
NGW-027,Middle Voltaian sedimentary aquifer,mudstone–sandstone sequence,albite,silicate,0.9297942977334653,True,EC04,0.03
NGW-027,Middle Voltaian sedimentary aquifer,mudstone–sandstone sequence,anorthite,silicate,0.025265132889190235,False,EC05,0.03
NGW-027,Middle Voltaian sedimentary aquifer,mudstone–sandstone sequence,k_feldspar,silicate,-0.0,False,EC12,0.03
NGW-027,Middle Voltaian sedimentary aquifer,mudstone–sandstone sequence,gypsum,evaporite,0.19457935718989275,True,EC10,0.03
NGW-027,Middle Voltaian sedimentary aquifer,mudstone–sandstone sequence,halite,evaporite,0.6598613817157416,True,EC11,0.03
NGW-027,Middle Voltaian sedimentary aquifer,mudstone–sandstone sequence,fluorite,trace_mineral,0.0,False,EC09,0.03
NGW-027,Middle Voltaian sedimentary aquifer,mudstone–sandstone sequence,apatite,trace_mineral,0.0,False,EC06,0.03
NGW-027,Middle Voltaian sedimentary aquifer,mudstone–sandstone sequence,pyrite_oxidation,redox,0.02690976809309688,False,EC13,0.03
NGW-027,Middle Voltaian sedimentary aquifer,mudstone–sandstone sequence,NO3src,anthropogenic,0.0,False,EC03,0.03
NGW-027,Middle Voltaian sedimentary aquifer,mudstone–sandstone sequence,denit,redox,0.011407481398342967,False,EC07,0.03
NGW-027,Middle Voltaian sedimentary aquifer,mudstone–sandstone sequence,CaNa_exch,ion_exchange,0.0,False,EC01,0.03
NGW-027,Middle Voltaian sedimentary aquifer,mudstone–sandstone sequence,NaCa_exch,ion_exchange,0.0,False,EC01,0.03
NGW-027,Middle Voltaian sedimentary aquifer,mudstone–sandstone sequence,MgNa_exch,ion_exchange,0.0,False,EC02,0.03
NGW-027,Middle Voltaian sedimentary aquifer,mudstone–sandstone sequence,NaMg_exch,ion_exchange,0.04519125187475121,True,EC02,0.03
NGW-028,Middle Voltaian sedimentary aquifer,sandstone–shale interbeds,calcite,carbonate,0.0,False,EC05,0.03
NGW-028,Middle Voltaian sedimentary aquifer,sandstone–shale interbeds,dolomite,carbonate,0.16494668795228312,True,EC08,0.03
NGW-028,Middle Voltaian sedimentary aquifer,sandstone–shale interbeds,albite,silicate,0.0,False,EC04,0.03
NGW-028,Middle Voltaian sedimentary aquifer,sandstone–shale interbeds,anorthite,silicate,0.0,False,EC05,0.03
NGW-028,Middle Voltaian sedimentary aquifer,sandstone–shale interbeds,k_feldspar,silicate,0.0,False,EC12,0.03
NGW-028,Middle Voltaian sedimentary aquifer,sandstone–shale interbeds,gypsum,evaporite,0.21142364696700794,True,EC10,0.03
NGW-028,Middle Voltaian sedimentary aquifer,sandstone–shale interbeds,halite,evaporite,0.47036848353262434,True,EC11,0.03
NGW-028,Middle Voltaian sedimentary aquifer,sandstone–shale interbeds,fluorite,trace_mineral,0.0,False,EC09,0.03
NGW-028,Middle Voltaian sedimentary aquifer,sandstone–shale interbeds,apatite,trace_mineral,0.003870163694210811,False,EC06,0.03
NGW-028,Middle Voltaian sedimentary aquifer,sandstone–shale interbeds,pyrite_oxidation,redox,0.0,False,EC13,0.03
NGW-028,Middle Voltaian sedimentary aquifer,sandstone–shale interbeds,NO3src,anthropogenic,0.0,False,EC03,0.03
NGW-028,Middle Voltaian sedimentary aquifer,sandstone–shale interbeds,denit,redox,0.047707811667810254,True,EC07,0.03
NGW-028,Middle Voltaian sedimentary aquifer,sandstone–shale interbeds,CaNa_exch,ion_exchange,0.0,False,EC01,0.03
NGW-028,Middle Voltaian sedimentary aquifer,sandstone–shale interbeds,NaCa_exch,ion_exchange,0.0,False,EC01,0.03
NGW-028,Middle Voltaian sedimentary aquifer,sandstone–shale interbeds,MgNa_exch,ion_exchange,0.13767703080185378,True,EC02,0.03
NGW-028,Middle Voltaian sedimentary aquifer,sandstone–shale interbeds,NaMg_exch,ion_exchange,0.0,False,EC02,0.03
NGW-029,Regolith/alluvial shallow aquifer,weathered regolith,calcite,carbonate,0.0007077711348436831,False,EC05,0.03
NGW-029,Regolith/alluvial shallow aquifer,weathered regolith,dolomite,carbonate,0.3374332882385481,True,EC08,0.03
NGW-029,Regolith/alluvial shallow aquifer,weathered regolith,albite,silicate,0.0,False,EC04,0.03
NGW-029,Regolith/alluvial shallow aquifer,weathered regolith,anorthite,silicate,0.0007077711348436831,False,EC05,0.03
NGW-029,Regolith/alluvial shallow aquifer,weathered regolith,k_feldspar,silicate,0.007638461920793897,False,EC12,0.03
NGW-029,Regolith/alluvial shallow aquifer,weathered regolith,gypsum,evaporite,0.21727486608939314,True,EC10,0.03
NGW-029,Regolith/alluvial shallow aquifer,weathered regolith,halite,evaporite,0.8070507682062387,True,EC11,0.03
NGW-029,Regolith/alluvial shallow aquifer,weathered regolith,fluorite,trace_mineral,0.0,False,EC09,0.03
NGW-029,Regolith/alluvial shallow aquifer,weathered regolith,apatite,trace_mineral,0.0,False,EC06,0.03
NGW-029,Regolith/alluvial shallow aquifer,weathered regolith,pyrite_oxidation,redox,0.0,False,EC13,0.03
NGW-029,Regolith/alluvial shallow aquifer,weathered regolith,NO3src,anthropogenic,0.14735624782953022,True,EC03,0.03
NGW-029,Regolith/alluvial shallow aquifer,weathered regolith,denit,redox,0.0,False,EC07,0.03
NGW-029,Regolith/alluvial shallow aquifer,weathered regolith,CaNa_exch,ion_exchange,0.0,False,EC01,0.03
NGW-029,Regolith/alluvial shallow aquifer,weathered regolith,NaCa_exch,ion_exchange,0.0,False,EC01,0.03
NGW-029,Regolith/alluvial shallow aquifer,weathered regolith,MgNa_exch,ion_exchange,0.0,False,EC02,0.03
NGW-029,Regolith/alluvial shallow aquifer,weathered regolith,NaMg_exch,ion_exchange,0.0,False,EC02,0.03
NGW-030,Birimian fractured basement aquifer,phyllite–schist fractured zone,calcite,carbonate,0.005679972038320167,False,EC05,0.03
NGW-030,Birimian fractured basement aquifer,phyllite–schist fractured zone,dolomite,carbonate,0.041661674664873034,True,EC08,0.03
NGW-030,Birimian fractured basement aquifer,phyllite–schist fractured zone,albite,silicate,0.3789624770594313,True,EC04,0.03
NGW-030,Birimian fractured basement aquifer,phyllite–schist fractured zone,anorthite,silicate,0.005679972038320167,False,EC05,0.03
NGW-030,Birimian fractured basement aquifer,phyllite–schist fractured zone,k_feldspar,silicate,0.03457914396028085,True,EC12,0.03
NGW-030,Birimian fractured basement aquifer,phyllite–schist fractured zone,gypsum,evaporite,0.0,False,EC10,0.03
NGW-030,Birimian fractured basement aquifer,phyllite–schist fractured zone,halite,evaporite,0.37633549644725234,True,EC11,0.03
NGW-030,Birimian fractured basement aquifer,phyllite–schist fractured zone,fluorite,trace_mineral,0.0,False,EC09,0.03
NGW-030,Birimian fractured basement aquifer,phyllite–schist fractured zone,apatite,trace_mineral,0.012122232599380509,False,EC06,0.03
NGW-030,Birimian fractured basement aquifer,phyllite–schist fractured zone,pyrite_oxidation,redox,0.0,False,EC13,0.03
NGW-030,Birimian fractured basement aquifer,phyllite–schist fractured zone,NO3src,anthropogenic,0.14398626862013555,True,EC03,0.03
NGW-030,Birimian fractured basement aquifer,phyllite–schist fractured zone,denit,redox,0.0,False,EC07,0.03
NGW-030,Birimian fractured basement aquifer,phyllite–schist fractured zone,CaNa_exch,ion_exchange,0.0,False,EC01,0.03
NGW-030,Birimian fractured basement aquifer,phyllite–schist fractured zone,NaCa_exch,ion_exchange,0.0,False,EC01,0.03
NGW-030,Birimian fractured basement aquifer,phyllite–schist fractured zone,MgNa_exch,ion_exchange,0.0,False,EC02,0.03
NGW-030,Birimian fractured basement aquifer,phyllite–schist fractured zone,NaMg_exch,ion_exchange,0.0,False,EC02,0.03
NGW-032,Regolith/alluvial shallow aquifer,weathered regolith,calcite,carbonate,0.08927947721559167,True,EC05,0.03
NGW-032,Regolith/alluvial shallow aquifer,weathered regolith,dolomite,carbonate,0.2492807636562361,True,EC08,0.03
NGW-032,Regolith/alluvial shallow aquifer,weathered regolith,albite,silicate,0.0,False,EC04,0.03
NGW-032,Regolith/alluvial shallow aquifer,weathered regolith,anorthite,silicate,0.08927947721559167,True,EC05,0.03
NGW-032,Regolith/alluvial shallow aquifer,weathered regolith,k_feldspar,silicate,0.03160830820829754,True,EC12,0.03
NGW-032,Regolith/alluvial shallow aquifer,weathered regolith,gypsum,evaporite,0.04161865427152231,True,EC10,0.03
NGW-032,Regolith/alluvial shallow aquifer,weathered regolith,halite,evaporite,0.8705837395879553,True,EC11,0.03
NGW-032,Regolith/alluvial shallow aquifer,weathered regolith,fluorite,trace_mineral,0.0075433395760687175,False,EC09,0.03
NGW-032,Regolith/alluvial shallow aquifer,weathered regolith,apatite,trace_mineral,0.0,False,EC06,0.03
NGW-032,Regolith/alluvial shallow aquifer,weathered regolith,pyrite_oxidation,redox,0.04472106251301618,True,EC13,0.03
NGW-032,Regolith/alluvial shallow aquifer,weathered regolith,NO3src,anthropogenic,0.0,False,EC03,0.03
NGW-032,Regolith/alluvial shallow aquifer,weathered regolith,denit,redox,0.0,False,EC07,0.03
NGW-032,Regolith/alluvial shallow aquifer,weathered regolith,CaNa_exch,ion_exchange,0.0,False,EC01,0.03
NGW-032,Regolith/alluvial shallow aquifer,weathered regolith,NaCa_exch,ion_exchange,0.0,False,EC01,0.03
NGW-032,Regolith/alluvial shallow aquifer,weathered regolith,MgNa_exch,ion_exchange,0.0,False,EC02,0.03
NGW-032,Regolith/alluvial shallow aquifer,weathered regolith,NaMg_exch,ion_exchange,0.0,False,EC02,0.03
NGW-033,Birimian fractured basement aquifer,phyllite–schist fractured zone,calcite,carbonate,0.0,False,EC05,0.03
NGW-033,Birimian fractured basement aquifer,phyllite–schist fractured zone,dolomite,carbonate,0.21529217352931812,True,EC08,0.03
NGW-033,Birimian fractured basement aquifer,phyllite–schist fractured zone,albite,silicate,0.0,False,EC04,0.03
NGW-033,Birimian fractured basement aquifer,phyllite–schist fractured zone,anorthite,silicate,0.0,False,EC05,0.03
NGW-033,Birimian fractured basement aquifer,phyllite–schist fractured zone,k_feldspar,silicate,0.04058460041971972,True,EC12,0.03
NGW-033,Birimian fractured basement aquifer,phyllite–schist fractured zone,gypsum,evaporite,0.02956644024695451,False,EC10,0.03
NGW-033,Birimian fractured basement aquifer,phyllite–schist fractured zone,halite,evaporite,1.5350384259147531,True,EC11,0.03
NGW-033,Birimian fractured basement aquifer,phyllite–schist fractured zone,fluorite,trace_mineral,0.00351186026843837,False,EC09,0.03
NGW-033,Birimian fractured basement aquifer,phyllite–schist fractured zone,apatite,trace_mineral,0.0,False,EC06,0.03
NGW-033,Birimian fractured basement aquifer,phyllite–schist fractured zone,pyrite_oxidation,redox,0.05835383447441148,True,EC13,0.03
NGW-033,Birimian fractured basement aquifer,phyllite–schist fractured zone,NO3src,anthropogenic,0.0,False,EC03,0.03
NGW-033,Birimian fractured basement aquifer,phyllite–schist fractured zone,denit,redox,0.016225561524390118,False,EC07,0.03
NGW-033,Birimian fractured basement aquifer,phyllite–schist fractured zone,CaNa_exch,ion_exchange,0.0,False,EC01,0.03
NGW-033,Birimian fractured basement aquifer,phyllite–schist fractured zone,NaCa_exch,ion_exchange,0.0,False,EC01,0.03
NGW-033,Birimian fractured basement aquifer,phyllite–schist fractured zone,MgNa_exch,ion_exchange,0.0,False,EC02,0.03
NGW-033,Birimian fractured basement aquifer,phyllite–schist fractured zone,NaMg_exch,ion_exchange,0.0,False,EC02,0.03
NGW-034,Middle Voltaian sedimentary aquifer,sandstone–shale interbeds,calcite,carbonate,0.0,False,EC05,0.03
NGW-034,Middle Voltaian sedimentary aquifer,sandstone–shale interbeds,dolomite,carbonate,0.2988555680920152,True,EC08,0.03
NGW-034,Middle Voltaian sedimentary aquifer,sandstone–shale interbeds,albite,silicate,0.0030856639052755713,False,EC04,0.03
NGW-034,Middle Voltaian sedimentary aquifer,sandstone–shale interbeds,anorthite,silicate,0.0,False,EC05,0.03
NGW-034,Middle Voltaian sedimentary aquifer,sandstone–shale interbeds,k_feldspar,silicate,0.01584861364214889,False,EC12,0.03
NGW-034,Middle Voltaian sedimentary aquifer,sandstone–shale interbeds,gypsum,evaporite,0.09130068374490871,True,EC10,0.03
NGW-034,Middle Voltaian sedimentary aquifer,sandstone–shale interbeds,halite,evaporite,1.0652298954377795,True,EC11,0.03
NGW-034,Middle Voltaian sedimentary aquifer,sandstone–shale interbeds,fluorite,trace_mineral,-0.0,False,EC09,0.03
NGW-034,Middle Voltaian sedimentary aquifer,sandstone–shale interbeds,apatite,trace_mineral,0.02114126521886995,False,EC06,0.03
NGW-034,Middle Voltaian sedimentary aquifer,sandstone–shale interbeds,pyrite_oxidation,redox,0.0,False,EC13,0.03
NGW-034,Middle Voltaian sedimentary aquifer,sandstone–shale interbeds,NO3src,anthropogenic,0.0,False,EC03,0.03
NGW-034,Middle Voltaian sedimentary aquifer,sandstone–shale interbeds,denit,redox,0.059231374054872686,True,EC07,0.03
NGW-034,Middle Voltaian sedimentary aquifer,sandstone–shale interbeds,CaNa_exch,ion_exchange,0.0,False,EC01,0.03
NGW-034,Middle Voltaian sedimentary aquifer,sandstone–shale interbeds,NaCa_exch,ion_exchange,0.0,False,EC01,0.03
NGW-034,Middle Voltaian sedimentary aquifer,sandstone–shale interbeds,MgNa_exch,ion_exchange,0.0,False,EC02,0.03
NGW-034,Middle Voltaian sedimentary aquifer,sandstone–shale interbeds,NaMg_exch,ion_exchange,0.0,False,EC02,0.03
NGW-035,Middle Voltaian sedimentary aquifer,siltstone–shale unit,calcite,carbonate,0.08543546977963667,True,EC05,0.03
NGW-035,Middle Voltaian sedimentary aquifer,siltstone–shale unit,dolomite,carbonate,0.19036371058545073,True,EC08,0.03
NGW-035,Middle Voltaian sedimentary aquifer,siltstone–shale unit,albite,silicate,0.0,False,EC04,0.03
NGW-035,Middle Voltaian sedimentary aquifer,siltstone–shale unit,anorthite,silicate,0.08543546977963667,True,EC05,0.03
NGW-035,Middle Voltaian sedimentary aquifer,siltstone–shale unit,k_feldspar,silicate,0.012963648850349651,False,EC12,0.03
NGW-035,Middle Voltaian sedimentary aquifer,siltstone–shale unit,gypsum,evaporite,0.0,False,EC10,0.03
NGW-035,Middle Voltaian sedimentary aquifer,siltstone–shale unit,halite,evaporite,0.9215983500057028,True,EC11,0.03
NGW-035,Middle Voltaian sedimentary aquifer,siltstone–shale unit,fluorite,trace_mineral,0.0023550203661242427,False,EC09,0.03
NGW-035,Middle Voltaian sedimentary aquifer,siltstone–shale unit,apatite,trace_mineral,0.0,False,EC06,0.03
NGW-035,Middle Voltaian sedimentary aquifer,siltstone–shale unit,pyrite_oxidation,redox,0.144335096818893,True,EC13,0.03
NGW-035,Middle Voltaian sedimentary aquifer,siltstone–shale unit,NO3src,anthropogenic,0.0,False,EC03,0.03
NGW-035,Middle Voltaian sedimentary aquifer,siltstone–shale unit,denit,redox,0.09511520997955993,True,EC07,0.03
NGW-035,Middle Voltaian sedimentary aquifer,siltstone–shale unit,CaNa_exch,ion_exchange,0.0,False,EC01,0.03
NGW-035,Middle Voltaian sedimentary aquifer,siltstone–shale unit,NaCa_exch,ion_exchange,0.0,False,EC01,0.03
NGW-035,Middle Voltaian sedimentary aquifer,siltstone–shale unit,MgNa_exch,ion_exchange,0.25226898436387735,True,EC02,0.03
NGW-035,Middle Voltaian sedimentary aquifer,siltstone–shale unit,NaMg_exch,ion_exchange,0.0,False,EC02,0.03
NGW-036,Middle Voltaian sedimentary aquifer,mudstone–sandstone sequence,calcite,carbonate,0.0,False,EC05,0.03
NGW-036,Middle Voltaian sedimentary aquifer,mudstone–sandstone sequence,dolomite,carbonate,0.14073864350552298,True,EC08,0.03
NGW-036,Middle Voltaian sedimentary aquifer,mudstone–sandstone sequence,albite,silicate,0.0,False,EC04,0.03
NGW-036,Middle Voltaian sedimentary aquifer,mudstone–sandstone sequence,anorthite,silicate,0.0,False,EC05,0.03
NGW-036,Middle Voltaian sedimentary aquifer,mudstone–sandstone sequence,k_feldspar,silicate,0.03209747628743733,True,EC12,0.03
NGW-036,Middle Voltaian sedimentary aquifer,mudstone–sandstone sequence,gypsum,evaporite,0.0,False,EC10,0.03
NGW-036,Middle Voltaian sedimentary aquifer,mudstone–sandstone sequence,halite,evaporite,0.5637330705094618,True,EC11,0.03
NGW-036,Middle Voltaian sedimentary aquifer,mudstone–sandstone sequence,fluorite,trace_mineral,0.0,False,EC09,0.03
NGW-036,Middle Voltaian sedimentary aquifer,mudstone–sandstone sequence,apatite,trace_mineral,0.015517905443680279,False,EC06,0.03
NGW-036,Middle Voltaian sedimentary aquifer,mudstone–sandstone sequence,pyrite_oxidation,redox,0.0,False,EC13,0.03
NGW-036,Middle Voltaian sedimentary aquifer,mudstone–sandstone sequence,NO3src,anthropogenic,0.08140094044589087,True,EC03,0.03
NGW-036,Middle Voltaian sedimentary aquifer,mudstone–sandstone sequence,denit,redox,0.0,False,EC07,0.03
NGW-036,Middle Voltaian sedimentary aquifer,mudstone–sandstone sequence,CaNa_exch,ion_exchange,0.0,False,EC01,0.03
NGW-036,Middle Voltaian sedimentary aquifer,mudstone–sandstone sequence,NaCa_exch,ion_exchange,0.0,False,EC01,0.03
NGW-036,Middle Voltaian sedimentary aquifer,mudstone–sandstone sequence,MgNa_exch,ion_exchange,0.12868851960347436,True,EC02,0.03
NGW-036,Middle Voltaian sedimentary aquifer,mudstone–sandstone sequence,NaMg_exch,ion_exchange,0.0,False,EC02,0.03
NGW-037,Birimian fractured basement aquifer,greenstone belt fracture network,calcite,carbonate,0.0,False,EC05,0.03
NGW-037,Birimian fractured basement aquifer,greenstone belt fracture network,dolomite,carbonate,0.0,False,EC08,0.03
NGW-037,Birimian fractured basement aquifer,greenstone belt fracture network,albite,silicate,-0.0,False,EC04,0.03
NGW-037,Birimian fractured basement aquifer,greenstone belt fracture network,anorthite,silicate,0.0,False,EC05,0.03
NGW-037,Birimian fractured basement aquifer,greenstone belt fracture network,k_feldspar,silicate,0.0,False,EC12,0.03
NGW-037,Birimian fractured basement aquifer,greenstone belt fracture network,gypsum,evaporite,0.1608254968301648,True,EC10,0.03
NGW-037,Birimian fractured basement aquifer,greenstone belt fracture network,halite,evaporite,0.4615216941108442,True,EC11,0.03
NGW-037,Birimian fractured basement aquifer,greenstone belt fracture network,fluorite,trace_mineral,0.0,False,EC09,0.03
NGW-037,Birimian fractured basement aquifer,greenstone belt fracture network,apatite,trace_mineral,0.0,False,EC06,0.03
NGW-037,Birimian fractured basement aquifer,greenstone belt fracture network,pyrite_oxidation,redox,0.0150224757907695,False,EC13,0.03
NGW-037,Birimian fractured basement aquifer,greenstone belt fracture network,NO3src,anthropogenic,0.0,False,EC03,0.03
NGW-037,Birimian fractured basement aquifer,greenstone belt fracture network,denit,redox,0.006211062800658862,False,EC07,0.03
NGW-037,Birimian fractured basement aquifer,greenstone belt fracture network,CaNa_exch,ion_exchange,0.02160748893722742,False,EC01,0.03
NGW-037,Birimian fractured basement aquifer,greenstone belt fracture network,NaCa_exch,ion_exchange,0.0,False,EC01,0.03
NGW-037,Birimian fractured basement aquifer,greenstone belt fracture network,MgNa_exch,ion_exchange,0.163195590995779,True,EC02,0.03
NGW-037,Birimian fractured basement aquifer,greenstone belt fracture network,NaMg_exch,ion_exchange,0.0,False,EC02,0.03
NGW-038,Birimian fractured basement aquifer,greenstone belt fracture network,calcite,carbonate,0.0,False,EC05,0.03
NGW-038,Birimian fractured basement aquifer,greenstone belt fracture network,dolomite,carbonate,0.14431975785691697,True,EC08,0.03
NGW-038,Birimian fractured basement aquifer,greenstone belt fracture network,albite,silicate,0.15285483220245774,True,EC04,0.03
NGW-038,Birimian fractured basement aquifer,greenstone belt fracture network,anorthite,silicate,0.0,False,EC05,0.03
NGW-038,Birimian fractured basement aquifer,greenstone belt fracture network,k_feldspar,silicate,0.0068235427818683254,False,EC12,0.03
NGW-038,Birimian fractured basement aquifer,greenstone belt fracture network,gypsum,evaporite,0.1048146747901409,True,EC10,0.03
NGW-038,Birimian fractured basement aquifer,greenstone belt fracture network,halite,evaporite,0.23029060311977234,True,EC11,0.03
NGW-038,Birimian fractured basement aquifer,greenstone belt fracture network,fluorite,trace_mineral,0.0,False,EC09,0.03
NGW-038,Birimian fractured basement aquifer,greenstone belt fracture network,apatite,trace_mineral,0.0,False,EC06,0.03
NGW-038,Birimian fractured basement aquifer,greenstone belt fracture network,pyrite_oxidation,redox,0.06261367354022812,True,EC13,0.03
NGW-038,Birimian fractured basement aquifer,greenstone belt fracture network,NO3src,anthropogenic,0.27365023058160776,True,EC03,0.03
NGW-038,Birimian fractured basement aquifer,greenstone belt fracture network,denit,redox,0.0,False,EC07,0.03
NGW-038,Birimian fractured basement aquifer,greenstone belt fracture network,CaNa_exch,ion_exchange,0.0,False,EC01,0.03
NGW-038,Birimian fractured basement aquifer,greenstone belt fracture network,NaCa_exch,ion_exchange,0.0,False,EC01,0.03
NGW-038,Birimian fractured basement aquifer,greenstone belt fracture network,MgNa_exch,ion_exchange,0.0,False,EC02,0.03
NGW-038,Birimian fractured basement aquifer,greenstone belt fracture network,NaMg_exch,ion_exchange,0.0,False,EC02,0.03
NGW-039,Regolith/alluvial shallow aquifer,valley alluvium,calcite,carbonate,0.10540615773697275,True,EC05,0.03
NGW-039,Regolith/alluvial shallow aquifer,valley alluvium,dolomite,carbonate,0.09271284359915562,True,EC08,0.03
NGW-039,Regolith/alluvial shallow aquifer,valley alluvium,albite,silicate,0.13532034268637996,True,EC04,0.03
NGW-039,Regolith/alluvial shallow aquifer,valley alluvium,anorthite,silicate,0.10540615773697275,True,EC05,0.03
NGW-039,Regolith/alluvial shallow aquifer,valley alluvium,k_feldspar,silicate,0.050087814781086495,True,EC12,0.03
NGW-039,Regolith/alluvial shallow aquifer,valley alluvium,gypsum,evaporite,0.14344132930908285,True,EC10,0.03
NGW-039,Regolith/alluvial shallow aquifer,valley alluvium,halite,evaporite,0.8649554379987506,True,EC11,0.03
NGW-039,Regolith/alluvial shallow aquifer,valley alluvium,fluorite,trace_mineral,-0.0,False,EC09,0.03
NGW-039,Regolith/alluvial shallow aquifer,valley alluvium,apatite,trace_mineral,0.04097832110204169,True,EC06,0.03
NGW-039,Regolith/alluvial shallow aquifer,valley alluvium,pyrite_oxidation,redox,0.0,False,EC13,0.03
NGW-039,Regolith/alluvial shallow aquifer,valley alluvium,NO3src,anthropogenic,0.041442615534268486,True,EC03,0.03
NGW-039,Regolith/alluvial shallow aquifer,valley alluvium,denit,redox,0.0,False,EC07,0.03
NGW-039,Regolith/alluvial shallow aquifer,valley alluvium,CaNa_exch,ion_exchange,0.0,False,EC01,0.03
NGW-039,Regolith/alluvial shallow aquifer,valley alluvium,NaCa_exch,ion_exchange,0.0,False,EC01,0.03
NGW-039,Regolith/alluvial shallow aquifer,valley alluvium,MgNa_exch,ion_exchange,0.0,False,EC02,0.03
NGW-039,Regolith/alluvial shallow aquifer,valley alluvium,NaMg_exch,ion_exchange,0.0,False,EC02,0.03
NGW-040,Birimian fractured basement aquifer,metavolcanic–metasedimentary rocks,calcite,carbonate,0.0,False,EC05,0.03
NGW-040,Birimian fractured basement aquifer,metavolcanic–metasedimentary rocks,dolomite,carbonate,0.21345160959025705,True,EC08,0.03
NGW-040,Birimian fractured basement aquifer,metavolcanic–metasedimentary rocks,albite,silicate,0.0,False,EC04,0.03
NGW-040,Birimian fractured basement aquifer,metavolcanic–metasedimentary rocks,anorthite,silicate,0.0,False,EC05,0.03
NGW-040,Birimian fractured basement aquifer,metavolcanic–metasedimentary rocks,k_feldspar,silicate,0.0,False,EC12,0.03
NGW-040,Birimian fractured basement aquifer,metavolcanic–metasedimentary rocks,gypsum,evaporite,0.12234730042388382,True,EC10,0.03
NGW-040,Birimian fractured basement aquifer,metavolcanic–metasedimentary rocks,halite,evaporite,1.1364976888500204,True,EC11,0.03
NGW-040,Birimian fractured basement aquifer,metavolcanic–metasedimentary rocks,fluorite,trace_mineral,0.0,False,EC09,0.03
NGW-040,Birimian fractured basement aquifer,metavolcanic–metasedimentary rocks,apatite,trace_mineral,0.0,False,EC06,0.03
NGW-040,Birimian fractured basement aquifer,metavolcanic–metasedimentary rocks,pyrite_oxidation,redox,0.0,False,EC13,0.03
NGW-040,Birimian fractured basement aquifer,metavolcanic–metasedimentary rocks,NO3src,anthropogenic,0.1385301118049251,True,EC03,0.03
NGW-040,Birimian fractured basement aquifer,metavolcanic–metasedimentary rocks,denit,redox,0.0,False,EC07,0.03
NGW-040,Birimian fractured basement aquifer,metavolcanic–metasedimentary rocks,CaNa_exch,ion_exchange,0.0,False,EC01,0.03
NGW-040,Birimian fractured basement aquifer,metavolcanic–metasedimentary rocks,NaCa_exch,ion_exchange,0.08731545499063065,True,EC01,0.03
NGW-040,Birimian fractured basement aquifer,metavolcanic–metasedimentary rocks,MgNa_exch,ion_exchange,0.038591479012126395,True,EC02,0.03
NGW-040,Birimian fractured basement aquifer,metavolcanic–metasedimentary rocks,NaMg_exch,ion_exchange,0.0,False,EC02,0.03
NGW-041,Regolith/alluvial shallow aquifer,lateritic saprolite,calcite,carbonate,0.043413821578958886,True,EC05,0.03
NGW-041,Regolith/alluvial shallow aquifer,lateritic saprolite,dolomite,carbonate,0.24853000685666735,True,EC08,0.03
NGW-041,Regolith/alluvial shallow aquifer,lateritic saprolite,albite,silicate,0.0,False,EC04,0.03
NGW-041,Regolith/alluvial shallow aquifer,lateritic saprolite,anorthite,silicate,0.043413821578958886,True,EC05,0.03
NGW-041,Regolith/alluvial shallow aquifer,lateritic saprolite,k_feldspar,silicate,0.031781883969019,True,EC12,0.03
NGW-041,Regolith/alluvial shallow aquifer,lateritic saprolite,gypsum,evaporite,0.18181262505184567,True,EC10,0.03
NGW-041,Regolith/alluvial shallow aquifer,lateritic saprolite,halite,evaporite,1.2476076598831658,True,EC11,0.03
NGW-041,Regolith/alluvial shallow aquifer,lateritic saprolite,fluorite,trace_mineral,0.00047235556236418076,False,EC09,0.03
NGW-041,Regolith/alluvial shallow aquifer,lateritic saprolite,apatite,trace_mineral,0.0,False,EC06,0.03
NGW-041,Regolith/alluvial shallow aquifer,lateritic saprolite,pyrite_oxidation,redox,0.05063921231392365,True,EC13,0.03
NGW-041,Regolith/alluvial shallow aquifer,lateritic saprolite,NO3src,anthropogenic,0.1420605662147672,True,EC03,0.03
NGW-041,Regolith/alluvial shallow aquifer,lateritic saprolite,denit,redox,0.0,False,EC07,0.03
NGW-041,Regolith/alluvial shallow aquifer,lateritic saprolite,CaNa_exch,ion_exchange,0.0,False,EC01,0.03
NGW-041,Regolith/alluvial shallow aquifer,lateritic saprolite,NaCa_exch,ion_exchange,0.0,False,EC01,0.03
NGW-041,Regolith/alluvial shallow aquifer,lateritic saprolite,MgNa_exch,ion_exchange,0.05497510933300149,True,EC02,0.03
NGW-041,Regolith/alluvial shallow aquifer,lateritic saprolite,NaMg_exch,ion_exchange,0.0,False,EC02,0.03
NGW-042,Middle Voltaian sedimentary aquifer,sandstone–shale interbeds,calcite,carbonate,0.00659742262012596,False,EC05,0.03
NGW-042,Middle Voltaian sedimentary aquifer,sandstone–shale interbeds,dolomite,carbonate,0.2450568718386808,True,EC08,0.03
NGW-042,Middle Voltaian sedimentary aquifer,sandstone–shale interbeds,albite,silicate,0.0,False,EC04,0.03
NGW-042,Middle Voltaian sedimentary aquifer,sandstone–shale interbeds,anorthite,silicate,0.00659742262012596,False,EC05,0.03
NGW-042,Middle Voltaian sedimentary aquifer,sandstone–shale interbeds,k_feldspar,silicate,0.06620544120287951,True,EC12,0.03
NGW-042,Middle Voltaian sedimentary aquifer,sandstone–shale interbeds,gypsum,evaporite,0.2875096255751504,True,EC10,0.03
NGW-042,Middle Voltaian sedimentary aquifer,sandstone–shale interbeds,halite,evaporite,1.167372147737106,True,EC11,0.03
NGW-042,Middle Voltaian sedimentary aquifer,sandstone–shale interbeds,fluorite,trace_mineral,0.0026862140986598075,False,EC09,0.03
NGW-042,Middle Voltaian sedimentary aquifer,sandstone–shale interbeds,apatite,trace_mineral,0.016168205038246848,False,EC06,0.03
NGW-042,Middle Voltaian sedimentary aquifer,sandstone–shale interbeds,pyrite_oxidation,redox,0.0,False,EC13,0.03
NGW-042,Middle Voltaian sedimentary aquifer,sandstone–shale interbeds,NO3src,anthropogenic,0.5599379881797093,True,EC03,0.03
NGW-042,Middle Voltaian sedimentary aquifer,sandstone–shale interbeds,denit,redox,0.0,False,EC07,0.03
NGW-042,Middle Voltaian sedimentary aquifer,sandstone–shale interbeds,CaNa_exch,ion_exchange,0.0,False,EC01,0.03
NGW-042,Middle Voltaian sedimentary aquifer,sandstone–shale interbeds,NaCa_exch,ion_exchange,0.0,False,EC01,0.03
NGW-042,Middle Voltaian sedimentary aquifer,sandstone–shale interbeds,MgNa_exch,ion_exchange,0.041469084785204426,True,EC02,0.03
NGW-042,Middle Voltaian sedimentary aquifer,sandstone–shale interbeds,NaMg_exch,ion_exchange,0.0,False,EC02,0.03
NGW-043,Regolith/alluvial shallow aquifer,valley alluvium,calcite,carbonate,0.01322487934320042,False,EC05,0.03
NGW-043,Regolith/alluvial shallow aquifer,valley alluvium,dolomite,carbonate,0.0693062350193245,True,EC08,0.03
NGW-043,Regolith/alluvial shallow aquifer,valley alluvium,albite,silicate,-0.0,False,EC04,0.03
NGW-043,Regolith/alluvial shallow aquifer,valley alluvium,anorthite,silicate,0.01322487934320042,False,EC05,0.03
NGW-043,Regolith/alluvial shallow aquifer,valley alluvium,k_feldspar,silicate,0.018332305435751484,False,EC12,0.03
NGW-043,Regolith/alluvial shallow aquifer,valley alluvium,gypsum,evaporite,0.0888958314372768,True,EC10,0.03
NGW-043,Regolith/alluvial shallow aquifer,valley alluvium,halite,evaporite,0.8252281677404517,True,EC11,0.03
NGW-043,Regolith/alluvial shallow aquifer,valley alluvium,fluorite,trace_mineral,-0.0,False,EC09,0.03
NGW-043,Regolith/alluvial shallow aquifer,valley alluvium,apatite,trace_mineral,0.02010644020836828,False,EC06,0.03
NGW-043,Regolith/alluvial shallow aquifer,valley alluvium,pyrite_oxidation,redox,0.0,False,EC13,0.03
NGW-043,Regolith/alluvial shallow aquifer,valley alluvium,NO3src,anthropogenic,0.0,False,EC03,0.03
NGW-043,Regolith/alluvial shallow aquifer,valley alluvium,denit,redox,0.0017219792927114595,False,EC07,0.03
NGW-043,Regolith/alluvial shallow aquifer,valley alluvium,CaNa_exch,ion_exchange,0.052209349139149534,True,EC01,0.03
NGW-043,Regolith/alluvial shallow aquifer,valley alluvium,NaCa_exch,ion_exchange,0.0,False,EC01,0.03
NGW-043,Regolith/alluvial shallow aquifer,valley alluvium,MgNa_exch,ion_exchange,0.10381003429166195,True,EC02,0.03
NGW-043,Regolith/alluvial shallow aquifer,valley alluvium,NaMg_exch,ion_exchange,0.0,False,EC02,0.03
NGW-046,Birimian fractured basement aquifer,phyllite–schist fractured zone,calcite,carbonate,0.0,False,EC05,0.03
NGW-046,Birimian fractured basement aquifer,phyllite–schist fractured zone,dolomite,carbonate,0.11854133293973695,True,EC08,0.03
NGW-046,Birimian fractured basement aquifer,phyllite–schist fractured zone,albite,silicate,0.0,False,EC04,0.03
NGW-046,Birimian fractured basement aquifer,phyllite–schist fractured zone,anorthite,silicate,0.0,False,EC05,0.03
NGW-046,Birimian fractured basement aquifer,phyllite–schist fractured zone,k_feldspar,silicate,0.0,False,EC12,0.03
NGW-046,Birimian fractured basement aquifer,phyllite–schist fractured zone,gypsum,evaporite,0.07406424781951416,True,EC10,0.03
NGW-046,Birimian fractured basement aquifer,phyllite–schist fractured zone,halite,evaporite,0.6940446807009137,True,EC11,0.03
NGW-046,Birimian fractured basement aquifer,phyllite–schist fractured zone,fluorite,trace_mineral,0.004224090976216507,False,EC09,0.03
NGW-046,Birimian fractured basement aquifer,phyllite–schist fractured zone,apatite,trace_mineral,0.005558868870586383,False,EC06,0.03
NGW-046,Birimian fractured basement aquifer,phyllite–schist fractured zone,pyrite_oxidation,redox,0.0,False,EC13,0.03
NGW-046,Birimian fractured basement aquifer,phyllite–schist fractured zone,NO3src,anthropogenic,0.11445883173779273,True,EC03,0.03
NGW-046,Birimian fractured basement aquifer,phyllite–schist fractured zone,denit,redox,0.0,False,EC07,0.03
NGW-046,Birimian fractured basement aquifer,phyllite–schist fractured zone,CaNa_exch,ion_exchange,0.0,False,EC01,0.03
NGW-046,Birimian fractured basement aquifer,phyllite–schist fractured zone,NaCa_exch,ion_exchange,0.0,False,EC01,0.03
NGW-046,Birimian fractured basement aquifer,phyllite–schist fractured zone,MgNa_exch,ion_exchange,0.12432948275531669,True,EC02,0.03
NGW-046,Birimian fractured basement aquifer,phyllite–schist fractured zone,NaMg_exch,ion_exchange,0.0,False,EC02,0.03
NGW-047,Middle Voltaian sedimentary aquifer,siltstone–shale unit,calcite,carbonate,0.12595511299226508,True,EC05,0.03
NGW-047,Middle Voltaian sedimentary aquifer,siltstone–shale unit,dolomite,carbonate,0.0,False,EC08,0.03
NGW-047,Middle Voltaian sedimentary aquifer,siltstone–shale unit,albite,silicate,0.3871009307145561,True,EC04,0.03
NGW-047,Middle Voltaian sedimentary aquifer,siltstone–shale unit,anorthite,silicate,0.12595511299226508,True,EC05,0.03
NGW-047,Middle Voltaian sedimentary aquifer,siltstone–shale unit,k_feldspar,silicate,0.023167477956675696,False,EC12,0.03
NGW-047,Middle Voltaian sedimentary aquifer,siltstone–shale unit,gypsum,evaporite,0.3274505248800877,True,EC10,0.03
NGW-047,Middle Voltaian sedimentary aquifer,siltstone–shale unit,halite,evaporite,1.1627866003693537,True,EC11,0.03
NGW-047,Middle Voltaian sedimentary aquifer,siltstone–shale unit,fluorite,trace_mineral,0.0,False,EC09,0.03
NGW-047,Middle Voltaian sedimentary aquifer,siltstone–shale unit,apatite,trace_mineral,0.026426372109162002,False,EC06,0.03
NGW-047,Middle Voltaian sedimentary aquifer,siltstone–shale unit,pyrite_oxidation,redox,0.0,False,EC13,0.03
NGW-047,Middle Voltaian sedimentary aquifer,siltstone–shale unit,NO3src,anthropogenic,0.5661965209971567,True,EC03,0.03
NGW-047,Middle Voltaian sedimentary aquifer,siltstone–shale unit,denit,redox,0.0,False,EC07,0.03
NGW-047,Middle Voltaian sedimentary aquifer,siltstone–shale unit,CaNa_exch,ion_exchange,0.0,False,EC01,0.03
NGW-047,Middle Voltaian sedimentary aquifer,siltstone–shale unit,NaCa_exch,ion_exchange,0.0,False,EC01,0.03
NGW-047,Middle Voltaian sedimentary aquifer,siltstone–shale unit,MgNa_exch,ion_exchange,0.2358728309353674,True,EC02,0.03
NGW-047,Middle Voltaian sedimentary aquifer,siltstone–shale unit,NaMg_exch,ion_exchange,0.0,False,EC02,0.03
NGW-048,Birimian fractured basement aquifer,metavolcanic–metasedimentary rocks,calcite,carbonate,0.0,False,EC05,0.03
NGW-048,Birimian fractured basement aquifer,metavolcanic–metasedimentary rocks,dolomite,carbonate,0.2575895720667313,True,EC08,0.03
NGW-048,Birimian fractured basement aquifer,metavolcanic–metasedimentary rocks,albite,silicate,0.0,False,EC04,0.03
NGW-048,Birimian fractured basement aquifer,metavolcanic–metasedimentary rocks,anorthite,silicate,0.0,False,EC05,0.03
NGW-048,Birimian fractured basement aquifer,metavolcanic–metasedimentary rocks,k_feldspar,silicate,0.053189962775961254,True,EC12,0.03
NGW-048,Birimian fractured basement aquifer,metavolcanic–metasedimentary rocks,gypsum,evaporite,0.0,False,EC10,0.03
NGW-048,Birimian fractured basement aquifer,metavolcanic–metasedimentary rocks,halite,evaporite,0.215733555723102,True,EC11,0.03
NGW-048,Birimian fractured basement aquifer,metavolcanic–metasedimentary rocks,fluorite,trace_mineral,0.0,False,EC09,0.03
NGW-048,Birimian fractured basement aquifer,metavolcanic–metasedimentary rocks,apatite,trace_mineral,0.015689170207145744,False,EC06,0.03
NGW-048,Birimian fractured basement aquifer,metavolcanic–metasedimentary rocks,pyrite_oxidation,redox,0.0,False,EC13,0.03
NGW-048,Birimian fractured basement aquifer,metavolcanic–metasedimentary rocks,NO3src,anthropogenic,0.3235580179207386,True,EC03,0.03
NGW-048,Birimian fractured basement aquifer,metavolcanic–metasedimentary rocks,denit,redox,0.0,False,EC07,0.03
NGW-048,Birimian fractured basement aquifer,metavolcanic–metasedimentary rocks,CaNa_exch,ion_exchange,0.0,False,EC01,0.03
NGW-048,Birimian fractured basement aquifer,metavolcanic–metasedimentary rocks,NaCa_exch,ion_exchange,0.04169404958823771,True,EC01,0.03
NGW-048,Birimian fractured basement aquifer,metavolcanic–metasedimentary rocks,MgNa_exch,ion_exchange,0.04566571866119006,True,EC02,0.03
NGW-048,Birimian fractured basement aquifer,metavolcanic–metasedimentary rocks,NaMg_exch,ion_exchange,0.0,False,EC02,0.03
NGW-049,Regolith/alluvial shallow aquifer,valley alluvium,calcite,carbonate,0.0,False,EC05,0.03
NGW-049,Regolith/alluvial shallow aquifer,valley alluvium,dolomite,carbonate,0.0,False,EC08,0.03
NGW-049,Regolith/alluvial shallow aquifer,valley alluvium,albite,silicate,-0.08082720857022428,True,EC04,0.03
NGW-049,Regolith/alluvial shallow aquifer,valley alluvium,anorthite,silicate,-0.0,False,EC05,0.03
NGW-049,Regolith/alluvial shallow aquifer,valley alluvium,k_feldspar,silicate,0.042303863090540655,True,EC12,0.03
NGW-049,Regolith/alluvial shallow aquifer,valley alluvium,gypsum,evaporite,0.02958587903178966,False,EC10,0.03
NGW-049,Regolith/alluvial shallow aquifer,valley alluvium,halite,evaporite,1.293222525006245,True,EC11,0.03
NGW-049,Regolith/alluvial shallow aquifer,valley alluvium,fluorite,trace_mineral,0.002066894125478229,False,EC09,0.03
NGW-049,Regolith/alluvial shallow aquifer,valley alluvium,apatite,trace_mineral,0.0,False,EC06,0.03
NGW-049,Regolith/alluvial shallow aquifer,valley alluvium,pyrite_oxidation,redox,0.011062118178914757,False,EC13,0.03
NGW-049,Regolith/alluvial shallow aquifer,valley alluvium,NO3src,anthropogenic,0.0,False,EC03,0.03
NGW-049,Regolith/alluvial shallow aquifer,valley alluvium,denit,redox,0.0,False,EC07,0.03
NGW-049,Regolith/alluvial shallow aquifer,valley alluvium,CaNa_exch,ion_exchange,0.12115982280938942,True,EC01,0.03
NGW-049,Regolith/alluvial shallow aquifer,valley alluvium,NaCa_exch,ion_exchange,0.0,False,EC01,0.03
NGW-049,Regolith/alluvial shallow aquifer,valley alluvium,MgNa_exch,ion_exchange,0.07468996063956772,True,EC02,0.03
NGW-049,Regolith/alluvial shallow aquifer,valley alluvium,NaMg_exch,ion_exchange,0.0,False,EC02,0.03
NGW-051,Birimian fractured basement aquifer,metavolcanic–metasedimentary rocks,calcite,carbonate,0.0,False,EC05,0.03
NGW-051,Birimian fractured basement aquifer,metavolcanic–metasedimentary rocks,dolomite,carbonate,0.05948577476568847,True,EC08,0.03
NGW-051,Birimian fractured basement aquifer,metavolcanic–metasedimentary rocks,albite,silicate,0.35429666908467367,True,EC04,0.03
NGW-051,Birimian fractured basement aquifer,metavolcanic–metasedimentary rocks,anorthite,silicate,0.0,False,EC05,0.03
NGW-051,Birimian fractured basement aquifer,metavolcanic–metasedimentary rocks,k_feldspar,silicate,0.0010437038290784636,False,EC12,0.03
NGW-051,Birimian fractured basement aquifer,metavolcanic–metasedimentary rocks,gypsum,evaporite,0.0,False,EC10,0.03
NGW-051,Birimian fractured basement aquifer,metavolcanic–metasedimentary rocks,halite,evaporite,0.920367989517049,True,EC11,0.03
NGW-051,Birimian fractured basement aquifer,metavolcanic–metasedimentary rocks,fluorite,trace_mineral,0.0,False,EC09,0.03
NGW-051,Birimian fractured basement aquifer,metavolcanic–metasedimentary rocks,apatite,trace_mineral,0.0013772380747038519,False,EC06,0.03
NGW-051,Birimian fractured basement aquifer,metavolcanic–metasedimentary rocks,pyrite_oxidation,redox,0.0,False,EC13,0.03
NGW-051,Birimian fractured basement aquifer,metavolcanic–metasedimentary rocks,NO3src,anthropogenic,0.01897608747163715,False,EC03,0.03
NGW-051,Birimian fractured basement aquifer,metavolcanic–metasedimentary rocks,denit,redox,0.0,False,EC07,0.03
NGW-051,Birimian fractured basement aquifer,metavolcanic–metasedimentary rocks,CaNa_exch,ion_exchange,0.0,False,EC01,0.03
NGW-051,Birimian fractured basement aquifer,metavolcanic–metasedimentary rocks,NaCa_exch,ion_exchange,0.013732460918963962,False,EC01,0.03
NGW-051,Birimian fractured basement aquifer,metavolcanic–metasedimentary rocks,MgNa_exch,ion_exchange,0.0,False,EC02,0.03
NGW-051,Birimian fractured basement aquifer,metavolcanic–metasedimentary rocks,NaMg_exch,ion_exchange,0.0,False,EC02,0.03
NGW-052,Birimian fractured basement aquifer,phyllite–schist fractured zone,calcite,carbonate,0.0,False,EC05,0.03
NGW-052,Birimian fractured basement aquifer,phyllite–schist fractured zone,dolomite,carbonate,0.21148916013183156,True,EC08,0.03
NGW-052,Birimian fractured basement aquifer,phyllite–schist fractured zone,albite,silicate,0.0,False,EC04,0.03
NGW-052,Birimian fractured basement aquifer,phyllite–schist fractured zone,anorthite,silicate,0.0,False,EC05,0.03
NGW-052,Birimian fractured basement aquifer,phyllite–schist fractured zone,k_feldspar,silicate,0.052987390713214885,True,EC12,0.03
NGW-052,Birimian fractured basement aquifer,phyllite–schist fractured zone,gypsum,evaporite,0.29881323565828033,True,EC10,0.03
NGW-052,Birimian fractured basement aquifer,phyllite–schist fractured zone,halite,evaporite,1.0222190155449895,True,EC11,0.03
NGW-052,Birimian fractured basement aquifer,phyllite–schist fractured zone,fluorite,trace_mineral,-0.011469536896822436,False,EC09,0.03
NGW-052,Birimian fractured basement aquifer,phyllite–schist fractured zone,apatite,trace_mineral,0.05815923414827642,True,EC06,0.03
NGW-052,Birimian fractured basement aquifer,phyllite–schist fractured zone,pyrite_oxidation,redox,0.0,False,EC13,0.03
NGW-052,Birimian fractured basement aquifer,phyllite–schist fractured zone,NO3src,anthropogenic,0.399944213333685,True,EC03,0.03
NGW-052,Birimian fractured basement aquifer,phyllite–schist fractured zone,denit,redox,0.0,False,EC07,0.03
NGW-052,Birimian fractured basement aquifer,phyllite–schist fractured zone,CaNa_exch,ion_exchange,0.0,False,EC01,0.03
NGW-052,Birimian fractured basement aquifer,phyllite–schist fractured zone,NaCa_exch,ion_exchange,0.2181010374152349,True,EC01,0.03
NGW-052,Birimian fractured basement aquifer,phyllite–schist fractured zone,MgNa_exch,ion_exchange,0.13971187430726356,True,EC02,0.03
NGW-052,Birimian fractured basement aquifer,phyllite–schist fractured zone,NaMg_exch,ion_exchange,0.0,False,EC02,0.03
NGW-053,Middle Voltaian sedimentary aquifer,sandstone–shale interbeds,calcite,carbonate,0.0,False,EC05,0.03
NGW-053,Middle Voltaian sedimentary aquifer,sandstone–shale interbeds,dolomite,carbonate,0.12552430229554293,True,EC08,0.03
NGW-053,Middle Voltaian sedimentary aquifer,sandstone–shale interbeds,albite,silicate,0.0,False,EC04,0.03
NGW-053,Middle Voltaian sedimentary aquifer,sandstone–shale interbeds,anorthite,silicate,0.0,False,EC05,0.03
NGW-053,Middle Voltaian sedimentary aquifer,sandstone–shale interbeds,k_feldspar,silicate,0.019771146333989312,False,EC12,0.03
NGW-053,Middle Voltaian sedimentary aquifer,sandstone–shale interbeds,gypsum,evaporite,0.18960251086030522,True,EC10,0.03
NGW-053,Middle Voltaian sedimentary aquifer,sandstone–shale interbeds,halite,evaporite,0.6149750593013891,True,EC11,0.03
NGW-053,Middle Voltaian sedimentary aquifer,sandstone–shale interbeds,fluorite,trace_mineral,-0.0,False,EC09,0.03
NGW-053,Middle Voltaian sedimentary aquifer,sandstone–shale interbeds,apatite,trace_mineral,0.0,False,EC06,0.03
NGW-053,Middle Voltaian sedimentary aquifer,sandstone–shale interbeds,pyrite_oxidation,redox,0.013445810303369067,False,EC13,0.03
NGW-053,Middle Voltaian sedimentary aquifer,sandstone–shale interbeds,NO3src,anthropogenic,0.011594228251068959,False,EC03,0.03
NGW-053,Middle Voltaian sedimentary aquifer,sandstone–shale interbeds,denit,redox,0.0,False,EC07,0.03
NGW-053,Middle Voltaian sedimentary aquifer,sandstone–shale interbeds,CaNa_exch,ion_exchange,0.0,False,EC01,0.03
NGW-053,Middle Voltaian sedimentary aquifer,sandstone–shale interbeds,NaCa_exch,ion_exchange,0.0,False,EC01,0.03
NGW-053,Middle Voltaian sedimentary aquifer,sandstone–shale interbeds,MgNa_exch,ion_exchange,0.019228113495857044,False,EC02,0.03
NGW-053,Middle Voltaian sedimentary aquifer,sandstone–shale interbeds,NaMg_exch,ion_exchange,0.0,False,EC02,0.03
NGW-054,Middle Voltaian sedimentary aquifer,mudstone–sandstone sequence,calcite,carbonate,0.0,False,EC05,0.03
NGW-054,Middle Voltaian sedimentary aquifer,mudstone–sandstone sequence,dolomite,carbonate,0.27642445468491084,True,EC08,0.03
NGW-054,Middle Voltaian sedimentary aquifer,mudstone–sandstone sequence,albite,silicate,0.0,False,EC04,0.03
NGW-054,Middle Voltaian sedimentary aquifer,mudstone–sandstone sequence,anorthite,silicate,0.0,False,EC05,0.03
NGW-054,Middle Voltaian sedimentary aquifer,mudstone–sandstone sequence,k_feldspar,silicate,0.03743588471383152,True,EC12,0.03
NGW-054,Middle Voltaian sedimentary aquifer,mudstone–sandstone sequence,gypsum,evaporite,0.17473944763419788,True,EC10,0.03
NGW-054,Middle Voltaian sedimentary aquifer,mudstone–sandstone sequence,halite,evaporite,0.3556626982850585,True,EC11,0.03
NGW-054,Middle Voltaian sedimentary aquifer,mudstone–sandstone sequence,fluorite,trace_mineral,-0.0,False,EC09,0.03
NGW-054,Middle Voltaian sedimentary aquifer,mudstone–sandstone sequence,apatite,trace_mineral,0.0,False,EC06,0.03
NGW-054,Middle Voltaian sedimentary aquifer,mudstone–sandstone sequence,pyrite_oxidation,redox,0.0,False,EC13,0.03
NGW-054,Middle Voltaian sedimentary aquifer,mudstone–sandstone sequence,NO3src,anthropogenic,0.0186551370703033,False,EC03,0.03
NGW-054,Middle Voltaian sedimentary aquifer,mudstone–sandstone sequence,denit,redox,0.0,False,EC07,0.03
NGW-054,Middle Voltaian sedimentary aquifer,mudstone–sandstone sequence,CaNa_exch,ion_exchange,0.0,False,EC01,0.03
NGW-054,Middle Voltaian sedimentary aquifer,mudstone–sandstone sequence,NaCa_exch,ion_exchange,0.0,False,EC01,0.03
NGW-054,Middle Voltaian sedimentary aquifer,mudstone–sandstone sequence,MgNa_exch,ion_exchange,0.0,False,EC02,0.03
NGW-054,Middle Voltaian sedimentary aquifer,mudstone–sandstone sequence,NaMg_exch,ion_exchange,0.0,False,EC02,0.03
NGW-055,Middle Voltaian sedimentary aquifer,sandstone–shale interbeds,calcite,carbonate,0.0,False,EC05,0.03
NGW-055,Middle Voltaian sedimentary aquifer,sandstone–shale interbeds,dolomite,carbonate,0.2001740168349552,True,EC08,0.03
NGW-055,Middle Voltaian sedimentary aquifer,sandstone–shale interbeds,albite,silicate,0.0,False,EC04,0.03
NGW-055,Middle Voltaian sedimentary aquifer,sandstone–shale interbeds,anorthite,silicate,0.0,False,EC05,0.03
NGW-055,Middle Voltaian sedimentary aquifer,sandstone–shale interbeds,k_feldspar,silicate,0.07969957922630093,True,EC12,0.03
NGW-055,Middle Voltaian sedimentary aquifer,sandstone–shale interbeds,gypsum,evaporite,0.33601158441791856,True,EC10,0.03
NGW-055,Middle Voltaian sedimentary aquifer,sandstone–shale interbeds,halite,evaporite,0.9096085368417773,True,EC11,0.03
NGW-055,Middle Voltaian sedimentary aquifer,sandstone–shale interbeds,fluorite,trace_mineral,-0.0,False,EC09,0.03
NGW-055,Middle Voltaian sedimentary aquifer,sandstone–shale interbeds,apatite,trace_mineral,0.0049380918471010025,False,EC06,0.03
NGW-055,Middle Voltaian sedimentary aquifer,sandstone–shale interbeds,pyrite_oxidation,redox,0.0,False,EC13,0.03
NGW-055,Middle Voltaian sedimentary aquifer,sandstone–shale interbeds,NO3src,anthropogenic,0.2049668447901348,True,EC03,0.03
NGW-055,Middle Voltaian sedimentary aquifer,sandstone–shale interbeds,denit,redox,0.0,False,EC07,0.03
NGW-055,Middle Voltaian sedimentary aquifer,sandstone–shale interbeds,CaNa_exch,ion_exchange,0.0,False,EC01,0.03
NGW-055,Middle Voltaian sedimentary aquifer,sandstone–shale interbeds,NaCa_exch,ion_exchange,0.0016597231358970166,False,EC01,0.03
NGW-055,Middle Voltaian sedimentary aquifer,sandstone–shale interbeds,MgNa_exch,ion_exchange,0.07165900886496282,True,EC02,0.03
NGW-055,Middle Voltaian sedimentary aquifer,sandstone–shale interbeds,NaMg_exch,ion_exchange,0.0,False,EC02,0.03
NGW-056,Middle Voltaian sedimentary aquifer,sandstone–shale interbeds,calcite,carbonate,0.19665814431644854,True,EC05,0.03
NGW-056,Middle Voltaian sedimentary aquifer,sandstone–shale interbeds,dolomite,carbonate,0.0008215924963406813,False,EC08,0.03
NGW-056,Middle Voltaian sedimentary aquifer,sandstone–shale interbeds,albite,silicate,-0.0,False,EC04,0.03
NGW-056,Middle Voltaian sedimentary aquifer,sandstone–shale interbeds,anorthite,silicate,0.19665814431644854,True,EC05,0.03
NGW-056,Middle Voltaian sedimentary aquifer,sandstone–shale interbeds,k_feldspar,silicate,0.05618272403616477,True,EC12,0.03
NGW-056,Middle Voltaian sedimentary aquifer,sandstone–shale interbeds,gypsum,evaporite,0.014632379663910091,False,EC10,0.03
NGW-056,Middle Voltaian sedimentary aquifer,sandstone–shale interbeds,halite,evaporite,0.6730551907832071,True,EC11,0.03
NGW-056,Middle Voltaian sedimentary aquifer,sandstone–shale interbeds,fluorite,trace_mineral,0.0,False,EC09,0.03
NGW-056,Middle Voltaian sedimentary aquifer,sandstone–shale interbeds,apatite,trace_mineral,0.0,False,EC06,0.03
NGW-056,Middle Voltaian sedimentary aquifer,sandstone–shale interbeds,pyrite_oxidation,redox,0.026687842734328542,False,EC13,0.03
NGW-056,Middle Voltaian sedimentary aquifer,sandstone–shale interbeds,NO3src,anthropogenic,0.0,False,EC03,0.03
NGW-056,Middle Voltaian sedimentary aquifer,sandstone–shale interbeds,denit,redox,0.0,False,EC07,0.03
NGW-056,Middle Voltaian sedimentary aquifer,sandstone–shale interbeds,CaNa_exch,ion_exchange,0.2608229782211526,True,EC01,0.03
NGW-056,Middle Voltaian sedimentary aquifer,sandstone–shale interbeds,NaCa_exch,ion_exchange,0.0,False,EC01,0.03
NGW-056,Middle Voltaian sedimentary aquifer,sandstone–shale interbeds,MgNa_exch,ion_exchange,0.0,False,EC02,0.03
NGW-056,Middle Voltaian sedimentary aquifer,sandstone–shale interbeds,NaMg_exch,ion_exchange,0.0,False,EC02,0.03
NGW-057,Middle Voltaian sedimentary aquifer,siltstone–shale unit,calcite,carbonate,0.0,False,EC05,0.03
NGW-057,Middle Voltaian sedimentary aquifer,siltstone–shale unit,dolomite,carbonate,0.0,False,EC08,0.03
NGW-057,Middle Voltaian sedimentary aquifer,siltstone–shale unit,albite,silicate,0.6375579053328333,True,EC04,0.03
NGW-057,Middle Voltaian sedimentary aquifer,siltstone–shale unit,anorthite,silicate,0.0,False,EC05,0.03
NGW-057,Middle Voltaian sedimentary aquifer,siltstone–shale unit,k_feldspar,silicate,0.0028798067548475564,False,EC12,0.03
NGW-057,Middle Voltaian sedimentary aquifer,siltstone–shale unit,gypsum,evaporite,0.0989152152097791,True,EC10,0.03
NGW-057,Middle Voltaian sedimentary aquifer,siltstone–shale unit,halite,evaporite,0.4956848073397192,True,EC11,0.03
NGW-057,Middle Voltaian sedimentary aquifer,siltstone–shale unit,fluorite,trace_mineral,0.0,False,EC09,0.03
NGW-057,Middle Voltaian sedimentary aquifer,siltstone–shale unit,apatite,trace_mineral,0.0,False,EC06,0.03
NGW-057,Middle Voltaian sedimentary aquifer,siltstone–shale unit,pyrite_oxidation,redox,0.005846285281406259,False,EC13,0.03
NGW-057,Middle Voltaian sedimentary aquifer,siltstone–shale unit,NO3src,anthropogenic,0.0024471418255584566,False,EC03,0.03
NGW-057,Middle Voltaian sedimentary aquifer,siltstone–shale unit,denit,redox,0.0,False,EC07,0.03
NGW-057,Middle Voltaian sedimentary aquifer,siltstone–shale unit,CaNa_exch,ion_exchange,0.0,False,EC01,0.03
NGW-057,Middle Voltaian sedimentary aquifer,siltstone–shale unit,NaCa_exch,ion_exchange,0.11734741443170274,True,EC01,0.03
NGW-057,Middle Voltaian sedimentary aquifer,siltstone–shale unit,MgNa_exch,ion_exchange,0.0,False,EC02,0.03
NGW-057,Middle Voltaian sedimentary aquifer,siltstone–shale unit,NaMg_exch,ion_exchange,0.003958010412306373,False,EC02,0.03
NGW-058,Birimian fractured basement aquifer,metavolcanic–metasedimentary rocks,calcite,carbonate,0.10975436501280854,True,EC05,0.03
NGW-058,Birimian fractured basement aquifer,metavolcanic–metasedimentary rocks,dolomite,carbonate,0.0820746157430349,True,EC08,0.03
NGW-058,Birimian fractured basement aquifer,metavolcanic–metasedimentary rocks,albite,silicate,0.39314885689083184,True,EC04,0.03
NGW-058,Birimian fractured basement aquifer,metavolcanic–metasedimentary rocks,anorthite,silicate,0.10975436501280854,True,EC05,0.03
NGW-058,Birimian fractured basement aquifer,metavolcanic–metasedimentary rocks,k_feldspar,silicate,0.06808921099742589,True,EC12,0.03
NGW-058,Birimian fractured basement aquifer,metavolcanic–metasedimentary rocks,gypsum,evaporite,0.136862778953429,True,EC10,0.03
NGW-058,Birimian fractured basement aquifer,metavolcanic–metasedimentary rocks,halite,evaporite,0.9723603995732635,True,EC11,0.03
NGW-058,Birimian fractured basement aquifer,metavolcanic–metasedimentary rocks,fluorite,trace_mineral,-0.0,False,EC09,0.03
NGW-058,Birimian fractured basement aquifer,metavolcanic–metasedimentary rocks,apatite,trace_mineral,0.0235209461305975,False,EC06,0.03
NGW-058,Birimian fractured basement aquifer,metavolcanic–metasedimentary rocks,pyrite_oxidation,redox,0.0,False,EC13,0.03
NGW-058,Birimian fractured basement aquifer,metavolcanic–metasedimentary rocks,NO3src,anthropogenic,0.09006660126982043,True,EC03,0.03
NGW-058,Birimian fractured basement aquifer,metavolcanic–metasedimentary rocks,denit,redox,0.0,False,EC07,0.03
NGW-058,Birimian fractured basement aquifer,metavolcanic–metasedimentary rocks,CaNa_exch,ion_exchange,0.0,False,EC01,0.03
NGW-058,Birimian fractured basement aquifer,metavolcanic–metasedimentary rocks,NaCa_exch,ion_exchange,0.0,False,EC01,0.03
NGW-058,Birimian fractured basement aquifer,metavolcanic–metasedimentary rocks,MgNa_exch,ion_exchange,0.0,False,EC02,0.03
NGW-058,Birimian fractured basement aquifer,metavolcanic–metasedimentary rocks,NaMg_exch,ion_exchange,0.0,False,EC02,0.03
NGW-062,Regolith/alluvial shallow aquifer,lateritic saprolite,calcite,carbonate,0.05202433813926444,True,EC05,0.03
NGW-062,Regolith/alluvial shallow aquifer,lateritic saprolite,dolomite,carbonate,0.11910923752212772,True,EC08,0.03
NGW-062,Regolith/alluvial shallow aquifer,lateritic saprolite,albite,silicate,-0.0,False,EC04,0.03
NGW-062,Regolith/alluvial shallow aquifer,lateritic saprolite,anorthite,silicate,0.05202433813926444,True,EC05,0.03
NGW-062,Regolith/alluvial shallow aquifer,lateritic saprolite,k_feldspar,silicate,0.06119953722951269,True,EC12,0.03
NGW-062,Regolith/alluvial shallow aquifer,lateritic saprolite,gypsum,evaporite,0.0,False,EC10,0.03
NGW-062,Regolith/alluvial shallow aquifer,lateritic saprolite,halite,evaporite,1.191540932885025,True,EC11,0.03
NGW-062,Regolith/alluvial shallow aquifer,lateritic saprolite,fluorite,trace_mineral,0.0,False,EC09,0.03
NGW-062,Regolith/alluvial shallow aquifer,lateritic saprolite,apatite,trace_mineral,-0.0002529057872502326,False,EC06,0.03
NGW-062,Regolith/alluvial shallow aquifer,lateritic saprolite,pyrite_oxidation,redox,0.0,False,EC13,0.03
NGW-062,Regolith/alluvial shallow aquifer,lateritic saprolite,NO3src,anthropogenic,0.11381693093603067,True,EC03,0.03
NGW-062,Regolith/alluvial shallow aquifer,lateritic saprolite,denit,redox,0.0,False,EC07,0.03
NGW-062,Regolith/alluvial shallow aquifer,lateritic saprolite,CaNa_exch,ion_exchange,0.08112340205020285,True,EC01,0.03
NGW-062,Regolith/alluvial shallow aquifer,lateritic saprolite,NaCa_exch,ion_exchange,0.0,False,EC01,0.03
NGW-062,Regolith/alluvial shallow aquifer,lateritic saprolite,MgNa_exch,ion_exchange,0.23339297661353103,True,EC02,0.03
NGW-062,Regolith/alluvial shallow aquifer,lateritic saprolite,NaMg_exch,ion_exchange,0.0,False,EC02,0.03
NGW-063,Middle Voltaian sedimentary aquifer,siltstone–shale unit,calcite,carbonate,0.17254543441012632,True,EC05,0.03
NGW-063,Middle Voltaian sedimentary aquifer,siltstone–shale unit,dolomite,carbonate,0.1343143925534243,True,EC08,0.03
NGW-063,Middle Voltaian sedimentary aquifer,siltstone–shale unit,albite,silicate,0.0,False,EC04,0.03
NGW-063,Middle Voltaian sedimentary aquifer,siltstone–shale unit,anorthite,silicate,0.17254543441012632,True,EC05,0.03
NGW-063,Middle Voltaian sedimentary aquifer,siltstone–shale unit,k_feldspar,silicate,0.08247727127654722,True,EC12,0.03
NGW-063,Middle Voltaian sedimentary aquifer,siltstone–shale unit,gypsum,evaporite,0.20246639350442305,True,EC10,0.03
NGW-063,Middle Voltaian sedimentary aquifer,siltstone–shale unit,halite,evaporite,1.272960795294823,True,EC11,0.03
NGW-063,Middle Voltaian sedimentary aquifer,siltstone–shale unit,fluorite,trace_mineral,0.0024929832198934713,False,EC09,0.03
NGW-063,Middle Voltaian sedimentary aquifer,siltstone–shale unit,apatite,trace_mineral,0.0,False,EC06,0.03
NGW-063,Middle Voltaian sedimentary aquifer,siltstone–shale unit,pyrite_oxidation,redox,0.016159711975030317,False,EC13,0.03
NGW-063,Middle Voltaian sedimentary aquifer,siltstone–shale unit,NO3src,anthropogenic,0.2163605840218979,True,EC03,0.03
NGW-063,Middle Voltaian sedimentary aquifer,siltstone–shale unit,denit,redox,0.0,False,EC07,0.03
NGW-063,Middle Voltaian sedimentary aquifer,siltstone–shale unit,CaNa_exch,ion_exchange,0.08952119275894281,True,EC01,0.03
NGW-063,Middle Voltaian sedimentary aquifer,siltstone–shale unit,NaCa_exch,ion_exchange,0.0,False,EC01,0.03
NGW-063,Middle Voltaian sedimentary aquifer,siltstone–shale unit,MgNa_exch,ion_exchange,0.057635797455697704,True,EC02,0.03
NGW-063,Middle Voltaian sedimentary aquifer,siltstone–shale unit,NaMg_exch,ion_exchange,0.0,False,EC02,0.03
NGW-064,Regolith/alluvial shallow aquifer,lateritic saprolite,calcite,carbonate,0.015429445603742535,False,EC05,0.03
NGW-064,Regolith/alluvial shallow aquifer,lateritic saprolite,dolomite,carbonate,0.15026535179222672,True,EC08,0.03
NGW-064,Regolith/alluvial shallow aquifer,lateritic saprolite,albite,silicate,0.07312549488183052,True,EC04,0.03
NGW-064,Regolith/alluvial shallow aquifer,lateritic saprolite,anorthite,silicate,0.015429445603742535,False,EC05,0.03
NGW-064,Regolith/alluvial shallow aquifer,lateritic saprolite,k_feldspar,silicate,0.04135756342587181,True,EC12,0.03
NGW-064,Regolith/alluvial shallow aquifer,lateritic saprolite,gypsum,evaporite,0.21621298234080583,True,EC10,0.03
NGW-064,Regolith/alluvial shallow aquifer,lateritic saprolite,halite,evaporite,0.914263360464857,True,EC11,0.03
NGW-064,Regolith/alluvial shallow aquifer,lateritic saprolite,fluorite,trace_mineral,0.005204830687659676,False,EC09,0.03
NGW-064,Regolith/alluvial shallow aquifer,lateritic saprolite,apatite,trace_mineral,0.0009149387054916882,False,EC06,0.03
NGW-064,Regolith/alluvial shallow aquifer,lateritic saprolite,pyrite_oxidation,redox,0.0,False,EC13,0.03
NGW-064,Regolith/alluvial shallow aquifer,lateritic saprolite,NO3src,anthropogenic,0.032295529108768574,True,EC03,0.03
NGW-064,Regolith/alluvial shallow aquifer,lateritic saprolite,denit,redox,0.0,False,EC07,0.03
NGW-064,Regolith/alluvial shallow aquifer,lateritic saprolite,CaNa_exch,ion_exchange,0.0,False,EC01,0.03
NGW-064,Regolith/alluvial shallow aquifer,lateritic saprolite,NaCa_exch,ion_exchange,0.0,False,EC01,0.03
NGW-064,Regolith/alluvial shallow aquifer,lateritic saprolite,MgNa_exch,ion_exchange,0.0,False,EC02,0.03
NGW-064,Regolith/alluvial shallow aquifer,lateritic saprolite,NaMg_exch,ion_exchange,0.0,False,EC02,0.03
NGW-065,Middle Voltaian sedimentary aquifer,siltstone–shale unit,calcite,carbonate,0.05423732651406279,True,EC05,0.03
NGW-065,Middle Voltaian sedimentary aquifer,siltstone–shale unit,dolomite,carbonate,0.13269524548022835,True,EC08,0.03
NGW-065,Middle Voltaian sedimentary aquifer,siltstone–shale unit,albite,silicate,0.0,False,EC04,0.03
NGW-065,Middle Voltaian sedimentary aquifer,siltstone–shale unit,anorthite,silicate,0.05423732651406279,True,EC05,0.03
NGW-065,Middle Voltaian sedimentary aquifer,siltstone–shale unit,k_feldspar,silicate,0.008644671919000667,False,EC12,0.03
NGW-065,Middle Voltaian sedimentary aquifer,siltstone–shale unit,gypsum,evaporite,0.13556133726474634,True,EC10,0.03
NGW-065,Middle Voltaian sedimentary aquifer,siltstone–shale unit,halite,evaporite,0.7368631020055985,True,EC11,0.03
NGW-065,Middle Voltaian sedimentary aquifer,siltstone–shale unit,fluorite,trace_mineral,0.0,False,EC09,0.03
NGW-065,Middle Voltaian sedimentary aquifer,siltstone–shale unit,apatite,trace_mineral,0.021060107416062845,False,EC06,0.03
NGW-065,Middle Voltaian sedimentary aquifer,siltstone–shale unit,pyrite_oxidation,redox,0.0,False,EC13,0.03
NGW-065,Middle Voltaian sedimentary aquifer,siltstone–shale unit,NO3src,anthropogenic,0.03935643792845267,True,EC03,0.03
NGW-065,Middle Voltaian sedimentary aquifer,siltstone–shale unit,denit,redox,0.0,False,EC07,0.03
NGW-065,Middle Voltaian sedimentary aquifer,siltstone–shale unit,CaNa_exch,ion_exchange,0.03194166146225437,True,EC01,0.03
NGW-065,Middle Voltaian sedimentary aquifer,siltstone–shale unit,NaCa_exch,ion_exchange,0.0,False,EC01,0.03
NGW-065,Middle Voltaian sedimentary aquifer,siltstone–shale unit,MgNa_exch,ion_exchange,0.22969875102938878,True,EC02,0.03
NGW-065,Middle Voltaian sedimentary aquifer,siltstone–shale unit,NaMg_exch,ion_exchange,0.0,False,EC02,0.03
NGW-066,Birimian fractured basement aquifer,metavolcanic–metasedimentary rocks,calcite,carbonate,0.0,False,EC05,0.03
NGW-066,Birimian fractured basement aquifer,metavolcanic–metasedimentary rocks,dolomite,carbonate,0.26854238758124654,True,EC08,0.03
NGW-066,Birimian fractured basement aquifer,metavolcanic–metasedimentary rocks,albite,silicate,0.263452969901221,True,EC04,0.03
NGW-066,Birimian fractured basement aquifer,metavolcanic–metasedimentary rocks,anorthite,silicate,0.0,False,EC05,0.03
NGW-066,Birimian fractured basement aquifer,metavolcanic–metasedimentary rocks,k_feldspar,silicate,0.0034747889432282697,False,EC12,0.03
NGW-066,Birimian fractured basement aquifer,metavolcanic–metasedimentary rocks,gypsum,evaporite,0.061996389598902045,True,EC10,0.03
NGW-066,Birimian fractured basement aquifer,metavolcanic–metasedimentary rocks,halite,evaporite,0.9987542096204097,True,EC11,0.03
NGW-066,Birimian fractured basement aquifer,metavolcanic–metasedimentary rocks,fluorite,trace_mineral,0.01390022620683565,False,EC09,0.03
NGW-066,Birimian fractured basement aquifer,metavolcanic–metasedimentary rocks,apatite,trace_mineral,0.0,False,EC06,0.03
NGW-066,Birimian fractured basement aquifer,metavolcanic–metasedimentary rocks,pyrite_oxidation,redox,0.023639249374098628,False,EC13,0.03
NGW-066,Birimian fractured basement aquifer,metavolcanic–metasedimentary rocks,NO3src,anthropogenic,0.16468756947784582,True,EC03,0.03
NGW-066,Birimian fractured basement aquifer,metavolcanic–metasedimentary rocks,denit,redox,0.0,False,EC07,0.03
NGW-066,Birimian fractured basement aquifer,metavolcanic–metasedimentary rocks,CaNa_exch,ion_exchange,0.0,False,EC01,0.03
NGW-066,Birimian fractured basement aquifer,metavolcanic–metasedimentary rocks,NaCa_exch,ion_exchange,0.0,False,EC01,0.03
NGW-066,Birimian fractured basement aquifer,metavolcanic–metasedimentary rocks,MgNa_exch,ion_exchange,0.0,False,EC02,0.03
NGW-066,Birimian fractured basement aquifer,metavolcanic–metasedimentary rocks,NaMg_exch,ion_exchange,0.0,False,EC02,0.03
NGW-067,Middle Voltaian sedimentary aquifer,mudstone–sandstone sequence,calcite,carbonate,0.032306796166824144,True,EC05,0.03
NGW-067,Middle Voltaian sedimentary aquifer,mudstone–sandstone sequence,dolomite,carbonate,0.09048708190790042,True,EC08,0.03
NGW-067,Middle Voltaian sedimentary aquifer,mudstone–sandstone sequence,albite,silicate,-0.0,False,EC04,0.03
NGW-067,Middle Voltaian sedimentary aquifer,mudstone–sandstone sequence,anorthite,silicate,0.032306796166824144,True,EC05,0.03
NGW-067,Middle Voltaian sedimentary aquifer,mudstone–sandstone sequence,k_feldspar,silicate,0.0504944848219811,True,EC12,0.03
NGW-067,Middle Voltaian sedimentary aquifer,mudstone–sandstone sequence,gypsum,evaporite,0.22245661328361657,True,EC10,0.03
NGW-067,Middle Voltaian sedimentary aquifer,mudstone–sandstone sequence,halite,evaporite,0.8110333568813022,True,EC11,0.03
NGW-067,Middle Voltaian sedimentary aquifer,mudstone–sandstone sequence,fluorite,trace_mineral,0.0,False,EC09,0.03
NGW-067,Middle Voltaian sedimentary aquifer,mudstone–sandstone sequence,apatite,trace_mineral,0.0,False,EC06,0.03
NGW-067,Middle Voltaian sedimentary aquifer,mudstone–sandstone sequence,pyrite_oxidation,redox,0.008798944771903917,False,EC13,0.03
NGW-067,Middle Voltaian sedimentary aquifer,mudstone–sandstone sequence,NO3src,anthropogenic,0.08685709726087314,True,EC03,0.03
NGW-067,Middle Voltaian sedimentary aquifer,mudstone–sandstone sequence,denit,redox,0.0,False,EC07,0.03
NGW-067,Middle Voltaian sedimentary aquifer,mudstone–sandstone sequence,CaNa_exch,ion_exchange,0.07670658113060919,True,EC01,0.03
NGW-067,Middle Voltaian sedimentary aquifer,mudstone–sandstone sequence,NaCa_exch,ion_exchange,0.0,False,EC01,0.03
NGW-067,Middle Voltaian sedimentary aquifer,mudstone–sandstone sequence,MgNa_exch,ion_exchange,0.1665073533876332,True,EC02,0.03
NGW-067,Middle Voltaian sedimentary aquifer,mudstone–sandstone sequence,NaMg_exch,ion_exchange,0.0,False,EC02,0.03
NGW-068,Birimian fractured basement aquifer,phyllite–schist fractured zone,calcite,carbonate,0.07094616528652681,True,EC05,0.03
NGW-068,Birimian fractured basement aquifer,phyllite–schist fractured zone,dolomite,carbonate,0.29960500514914395,True,EC08,0.03
NGW-068,Birimian fractured basement aquifer,phyllite–schist fractured zone,albite,silicate,0.08011966366069918,True,EC04,0.03
NGW-068,Birimian fractured basement aquifer,phyllite–schist fractured zone,anorthite,silicate,0.07094616528652681,True,EC05,0.03
NGW-068,Birimian fractured basement aquifer,phyllite–schist fractured zone,k_feldspar,silicate,0.01812231737691138,False,EC12,0.03
NGW-068,Birimian fractured basement aquifer,phyllite–schist fractured zone,gypsum,evaporite,0.15634260135747596,True,EC10,0.03
NGW-068,Birimian fractured basement aquifer,phyllite–schist fractured zone,halite,evaporite,0.6165199900963191,True,EC11,0.03
NGW-068,Birimian fractured basement aquifer,phyllite–schist fractured zone,fluorite,trace_mineral,-0.0,False,EC09,0.03
NGW-068,Birimian fractured basement aquifer,phyllite–schist fractured zone,apatite,trace_mineral,0.006029879478842155,False,EC06,0.03
NGW-068,Birimian fractured basement aquifer,phyllite–schist fractured zone,pyrite_oxidation,redox,0.0,False,EC13,0.03
NGW-068,Birimian fractured basement aquifer,phyllite–schist fractured zone,NO3src,anthropogenic,0.027160322694453235,False,EC03,0.03
NGW-068,Birimian fractured basement aquifer,phyllite–schist fractured zone,denit,redox,0.0,False,EC07,0.03
NGW-068,Birimian fractured basement aquifer,phyllite–schist fractured zone,CaNa_exch,ion_exchange,0.0,False,EC01,0.03
NGW-068,Birimian fractured basement aquifer,phyllite–schist fractured zone,NaCa_exch,ion_exchange,0.0,False,EC01,0.03
NGW-068,Birimian fractured basement aquifer,phyllite–schist fractured zone,MgNa_exch,ion_exchange,0.0,False,EC02,0.03
NGW-068,Birimian fractured basement aquifer,phyllite–schist fractured zone,NaMg_exch,ion_exchange,0.0,False,EC02,0.03
NGW-069,Middle Voltaian sedimentary aquifer,mudstone–sandstone sequence,calcite,carbonate,0.07762701364138333,True,EC05,0.03
NGW-069,Middle Voltaian sedimentary aquifer,mudstone–sandstone sequence,dolomite,carbonate,0.13736967291658805,True,EC08,0.03
NGW-069,Middle Voltaian sedimentary aquifer,mudstone–sandstone sequence,albite,silicate,0.0,False,EC04,0.03
NGW-069,Middle Voltaian sedimentary aquifer,mudstone–sandstone sequence,anorthite,silicate,0.07762701364138333,True,EC05,0.03
NGW-069,Middle Voltaian sedimentary aquifer,mudstone–sandstone sequence,k_feldspar,silicate,0.09731002896196188,True,EC12,0.03
NGW-069,Middle Voltaian sedimentary aquifer,mudstone–sandstone sequence,gypsum,evaporite,0.25137669664566636,True,EC10,0.03
NGW-069,Middle Voltaian sedimentary aquifer,mudstone–sandstone sequence,halite,evaporite,1.3670254303838538,True,EC11,0.03
NGW-069,Middle Voltaian sedimentary aquifer,mudstone–sandstone sequence,fluorite,trace_mineral,0.0,False,EC09,0.03
NGW-069,Middle Voltaian sedimentary aquifer,mudstone–sandstone sequence,apatite,trace_mineral,0.010636893755294157,False,EC06,0.03
NGW-069,Middle Voltaian sedimentary aquifer,mudstone–sandstone sequence,pyrite_oxidation,redox,0.0,False,EC13,0.03
NGW-069,Middle Voltaian sedimentary aquifer,mudstone–sandstone sequence,NO3src,anthropogenic,0.1187916621498991,True,EC03,0.03
NGW-069,Middle Voltaian sedimentary aquifer,mudstone–sandstone sequence,denit,redox,0.0,False,EC07,0.03
NGW-069,Middle Voltaian sedimentary aquifer,mudstone–sandstone sequence,CaNa_exch,ion_exchange,0.0,False,EC01,0.03
NGW-069,Middle Voltaian sedimentary aquifer,mudstone–sandstone sequence,NaCa_exch,ion_exchange,0.0,False,EC01,0.03
NGW-069,Middle Voltaian sedimentary aquifer,mudstone–sandstone sequence,MgNa_exch,ion_exchange,0.0,False,EC02,0.03
NGW-069,Middle Voltaian sedimentary aquifer,mudstone–sandstone sequence,NaMg_exch,ion_exchange,0.0,False,EC02,0.03
NGW-070,Birimian fractured basement aquifer,greenstone belt fracture network,calcite,carbonate,0.0,False,EC05,0.03
NGW-070,Birimian fractured basement aquifer,greenstone belt fracture network,dolomite,carbonate,0.15918347071232045,True,EC08,0.03
NGW-070,Birimian fractured basement aquifer,greenstone belt fracture network,albite,silicate,0.0,False,EC04,0.03
NGW-070,Birimian fractured basement aquifer,greenstone belt fracture network,anorthite,silicate,0.0,False,EC05,0.03
NGW-070,Birimian fractured basement aquifer,greenstone belt fracture network,k_feldspar,silicate,0.018691310768694697,False,EC12,0.03
NGW-070,Birimian fractured basement aquifer,greenstone belt fracture network,gypsum,evaporite,0.0,False,EC10,0.03
NGW-070,Birimian fractured basement aquifer,greenstone belt fracture network,halite,evaporite,0.7773434953144979,True,EC11,0.03
NGW-070,Birimian fractured basement aquifer,greenstone belt fracture network,fluorite,trace_mineral,0.0,False,EC09,0.03
NGW-070,Birimian fractured basement aquifer,greenstone belt fracture network,apatite,trace_mineral,-0.0,False,EC06,0.03
NGW-070,Birimian fractured basement aquifer,greenstone belt fracture network,pyrite_oxidation,redox,0.029098247544519562,False,EC13,0.03
NGW-070,Birimian fractured basement aquifer,greenstone belt fracture network,NO3src,anthropogenic,0.0,False,EC03,0.03
NGW-070,Birimian fractured basement aquifer,greenstone belt fracture network,denit,redox,0.0,False,EC07,0.03
NGW-070,Birimian fractured basement aquifer,greenstone belt fracture network,CaNa_exch,ion_exchange,0.0,False,EC01,0.03
NGW-070,Birimian fractured basement aquifer,greenstone belt fracture network,NaCa_exch,ion_exchange,0.045137111206568596,True,EC01,0.03
NGW-070,Birimian fractured basement aquifer,greenstone belt fracture network,MgNa_exch,ion_exchange,0.06763837158820366,True,EC02,0.03
NGW-070,Birimian fractured basement aquifer,greenstone belt fracture network,NaMg_exch,ion_exchange,0.0,False,EC02,0.03
NGW-071,Regolith/alluvial shallow aquifer,valley alluvium,calcite,carbonate,0.03454133987866556,True,EC05,0.03
NGW-071,Regolith/alluvial shallow aquifer,valley alluvium,dolomite,carbonate,0.14264987715432106,True,EC08,0.03
NGW-071,Regolith/alluvial shallow aquifer,valley alluvium,albite,silicate,0.0,False,EC04,0.03
NGW-071,Regolith/alluvial shallow aquifer,valley alluvium,anorthite,silicate,0.03454133987866556,True,EC05,0.03
NGW-071,Regolith/alluvial shallow aquifer,valley alluvium,k_feldspar,silicate,0.0,False,EC12,0.03
NGW-071,Regolith/alluvial shallow aquifer,valley alluvium,gypsum,evaporite,0.2343127667183473,True,EC10,0.03
NGW-071,Regolith/alluvial shallow aquifer,valley alluvium,halite,evaporite,1.1412674033251944,True,EC11,0.03
NGW-071,Regolith/alluvial shallow aquifer,valley alluvium,fluorite,trace_mineral,0.0,False,EC09,0.03
NGW-071,Regolith/alluvial shallow aquifer,valley alluvium,apatite,trace_mineral,0.015013783024476058,False,EC06,0.03
NGW-071,Regolith/alluvial shallow aquifer,valley alluvium,pyrite_oxidation,redox,0.0,False,EC13,0.03
NGW-071,Regolith/alluvial shallow aquifer,valley alluvium,NO3src,anthropogenic,0.22502624484605538,True,EC03,0.03
NGW-071,Regolith/alluvial shallow aquifer,valley alluvium,denit,redox,0.0,False,EC07,0.03
NGW-071,Regolith/alluvial shallow aquifer,valley alluvium,CaNa_exch,ion_exchange,0.0,False,EC01,0.03
NGW-071,Regolith/alluvial shallow aquifer,valley alluvium,NaCa_exch,ion_exchange,0.0,False,EC01,0.03
NGW-071,Regolith/alluvial shallow aquifer,valley alluvium,MgNa_exch,ion_exchange,0.1292500237008117,True,EC02,0.03
NGW-071,Regolith/alluvial shallow aquifer,valley alluvium,NaMg_exch,ion_exchange,0.0,False,EC02,0.03
NGW-072,Middle Voltaian sedimentary aquifer,siltstone–shale unit,calcite,carbonate,0.17162495947716158,True,EC05,0.03
NGW-072,Middle Voltaian sedimentary aquifer,siltstone–shale unit,dolomite,carbonate,0.16283681259550958,True,EC08,0.03
NGW-072,Middle Voltaian sedimentary aquifer,siltstone–shale unit,albite,silicate,0.0,False,EC04,0.03
NGW-072,Middle Voltaian sedimentary aquifer,siltstone–shale unit,anorthite,silicate,0.17162495947716158,True,EC05,0.03
NGW-072,Middle Voltaian sedimentary aquifer,siltstone–shale unit,k_feldspar,silicate,0.06631357948862203,True,EC12,0.03
NGW-072,Middle Voltaian sedimentary aquifer,siltstone–shale unit,gypsum,evaporite,0.0689322556663305,True,EC10,0.03
NGW-072,Middle Voltaian sedimentary aquifer,siltstone–shale unit,halite,evaporite,1.2945731756282917,True,EC11,0.03
NGW-072,Middle Voltaian sedimentary aquifer,siltstone–shale unit,fluorite,trace_mineral,0.006009263813661596,False,EC09,0.03
NGW-072,Middle Voltaian sedimentary aquifer,siltstone–shale unit,apatite,trace_mineral,0.0,False,EC06,0.03
NGW-072,Middle Voltaian sedimentary aquifer,siltstone–shale unit,pyrite_oxidation,redox,0.047429596794778824,True,EC13,0.03
NGW-072,Middle Voltaian sedimentary aquifer,siltstone–shale unit,NO3src,anthropogenic,0.003730943429137378,False,EC03,0.03
NGW-072,Middle Voltaian sedimentary aquifer,siltstone–shale unit,denit,redox,0.0,False,EC07,0.03
NGW-072,Middle Voltaian sedimentary aquifer,siltstone–shale unit,CaNa_exch,ion_exchange,0.016093903857961278,False,EC01,0.03
NGW-072,Middle Voltaian sedimentary aquifer,siltstone–shale unit,NaCa_exch,ion_exchange,0.0,False,EC01,0.03
NGW-072,Middle Voltaian sedimentary aquifer,siltstone–shale unit,MgNa_exch,ion_exchange,0.08537655767549585,True,EC02,0.03
NGW-072,Middle Voltaian sedimentary aquifer,siltstone–shale unit,NaMg_exch,ion_exchange,0.0,False,EC02,0.03
NGW-073,Middle Voltaian sedimentary aquifer,siltstone–shale unit,calcite,carbonate,0.12371751334755571,True,EC05,0.03
NGW-073,Middle Voltaian sedimentary aquifer,siltstone–shale unit,dolomite,carbonate,0.2725343984238795,True,EC08,0.03
NGW-073,Middle Voltaian sedimentary aquifer,siltstone–shale unit,albite,silicate,0.28660157757473625,True,EC04,0.03
NGW-073,Middle Voltaian sedimentary aquifer,siltstone–shale unit,anorthite,silicate,0.12371751334755571,True,EC05,0.03
NGW-073,Middle Voltaian sedimentary aquifer,siltstone–shale unit,k_feldspar,silicate,0.0,False,EC12,0.03
NGW-073,Middle Voltaian sedimentary aquifer,siltstone–shale unit,gypsum,evaporite,0.15722703874150387,True,EC10,0.03
NGW-073,Middle Voltaian sedimentary aquifer,siltstone–shale unit,halite,evaporite,1.0825023989080758,True,EC11,0.03
NGW-073,Middle Voltaian sedimentary aquifer,siltstone–shale unit,fluorite,trace_mineral,0.0,False,EC09,0.03
NGW-073,Middle Voltaian sedimentary aquifer,siltstone–shale unit,apatite,trace_mineral,0.00794311023110328,False,EC06,0.03
NGW-073,Middle Voltaian sedimentary aquifer,siltstone–shale unit,pyrite_oxidation,redox,0.0,False,EC13,0.03
NGW-073,Middle Voltaian sedimentary aquifer,siltstone–shale unit,NO3src,anthropogenic,0.10643507171545212,True,EC03,0.03
NGW-073,Middle Voltaian sedimentary aquifer,siltstone–shale unit,denit,redox,0.0,False,EC07,0.03
NGW-073,Middle Voltaian sedimentary aquifer,siltstone–shale unit,CaNa_exch,ion_exchange,0.0,False,EC01,0.03
NGW-073,Middle Voltaian sedimentary aquifer,siltstone–shale unit,NaCa_exch,ion_exchange,0.0,False,EC01,0.03
NGW-073,Middle Voltaian sedimentary aquifer,siltstone–shale unit,MgNa_exch,ion_exchange,0.0,False,EC02,0.03
NGW-073,Middle Voltaian sedimentary aquifer,siltstone–shale unit,NaMg_exch,ion_exchange,0.0,False,EC02,0.03
NGW-074,Middle Voltaian sedimentary aquifer,mudstone–sandstone sequence,calcite,carbonate,0.0,False,EC05,0.03
NGW-074,Middle Voltaian sedimentary aquifer,mudstone–sandstone sequence,dolomite,carbonate,0.22882526850670992,True,EC08,0.03
NGW-074,Middle Voltaian sedimentary aquifer,mudstone–sandstone sequence,albite,silicate,0.0,False,EC04,0.03
NGW-074,Middle Voltaian sedimentary aquifer,mudstone–sandstone sequence,anorthite,silicate,0.0,False,EC05,0.03
NGW-074,Middle Voltaian sedimentary aquifer,mudstone–sandstone sequence,k_feldspar,silicate,0.06649337550486961,True,EC12,0.03
NGW-074,Middle Voltaian sedimentary aquifer,mudstone–sandstone sequence,gypsum,evaporite,0.05373042652282867,True,EC10,0.03
NGW-074,Middle Voltaian sedimentary aquifer,mudstone–sandstone sequence,halite,evaporite,1.2359160198649286,True,EC11,0.03
NGW-074,Middle Voltaian sedimentary aquifer,mudstone–sandstone sequence,fluorite,trace_mineral,0.0,False,EC09,0.03
NGW-074,Middle Voltaian sedimentary aquifer,mudstone–sandstone sequence,apatite,trace_mineral,0.0,False,EC06,0.03
NGW-074,Middle Voltaian sedimentary aquifer,mudstone–sandstone sequence,pyrite_oxidation,redox,0.06473132692864236,True,EC13,0.03
NGW-074,Middle Voltaian sedimentary aquifer,mudstone–sandstone sequence,NO3src,anthropogenic,0.018815612271182974,False,EC03,0.03
NGW-074,Middle Voltaian sedimentary aquifer,mudstone–sandstone sequence,denit,redox,0.0,False,EC07,0.03
NGW-074,Middle Voltaian sedimentary aquifer,mudstone–sandstone sequence,CaNa_exch,ion_exchange,0.0,False,EC01,0.03
NGW-074,Middle Voltaian sedimentary aquifer,mudstone–sandstone sequence,NaCa_exch,ion_exchange,0.0,False,EC01,0.03
NGW-074,Middle Voltaian sedimentary aquifer,mudstone–sandstone sequence,MgNa_exch,ion_exchange,0.09411312343694292,True,EC02,0.03
NGW-074,Middle Voltaian sedimentary aquifer,mudstone–sandstone sequence,NaMg_exch,ion_exchange,0.0,False,EC02,0.03
NGW-075,Birimian fractured basement aquifer,metavolcanic–metasedimentary rocks,calcite,carbonate,0.016534414467480833,False,EC05,0.03
NGW-075,Birimian fractured basement aquifer,metavolcanic–metasedimentary rocks,dolomite,carbonate,0.0,False,EC08,0.03
NGW-075,Birimian fractured basement aquifer,metavolcanic–metasedimentary rocks,albite,silicate,-0.0,False,EC04,0.03
NGW-075,Birimian fractured basement aquifer,metavolcanic–metasedimentary rocks,anorthite,silicate,0.016534414467480833,False,EC05,0.03
NGW-075,Birimian fractured basement aquifer,metavolcanic–metasedimentary rocks,k_feldspar,silicate,0.05265627254192823,True,EC12,0.03
NGW-075,Birimian fractured basement aquifer,metavolcanic–metasedimentary rocks,gypsum,evaporite,0.030607185024733773,True,EC10,0.03
NGW-075,Birimian fractured basement aquifer,metavolcanic–metasedimentary rocks,halite,evaporite,0.76329476259884,True,EC11,0.03
NGW-075,Birimian fractured basement aquifer,metavolcanic–metasedimentary rocks,fluorite,trace_mineral,-0.0,False,EC09,0.03
NGW-075,Birimian fractured basement aquifer,metavolcanic–metasedimentary rocks,apatite,trace_mineral,0.010113798344810973,False,EC06,0.03
NGW-075,Birimian fractured basement aquifer,metavolcanic–metasedimentary rocks,pyrite_oxidation,redox,0.0,False,EC13,0.03
NGW-075,Birimian fractured basement aquifer,metavolcanic–metasedimentary rocks,NO3src,anthropogenic,0.03935643792845276,True,EC03,0.03
NGW-075,Birimian fractured basement aquifer,metavolcanic–metasedimentary rocks,denit,redox,0.0,False,EC07,0.03
NGW-075,Birimian fractured basement aquifer,metavolcanic–metasedimentary rocks,CaNa_exch,ion_exchange,0.335086493158258,True,EC01,0.03
NGW-075,Birimian fractured basement aquifer,metavolcanic–metasedimentary rocks,NaCa_exch,ion_exchange,0.0,False,EC01,0.03
NGW-075,Birimian fractured basement aquifer,metavolcanic–metasedimentary rocks,MgNa_exch,ion_exchange,0.0,False,EC02,0.03
NGW-075,Birimian fractured basement aquifer,metavolcanic–metasedimentary rocks,NaMg_exch,ion_exchange,0.0,False,EC02,0.03
NGW-076,Middle Voltaian sedimentary aquifer,mudstone–sandstone sequence,calcite,carbonate,0.0,False,EC05,0.03
NGW-076,Middle Voltaian sedimentary aquifer,mudstone–sandstone sequence,dolomite,carbonate,0.13963254827068688,True,EC08,0.03
NGW-076,Middle Voltaian sedimentary aquifer,mudstone–sandstone sequence,albite,silicate,0.0,False,EC04,0.03
NGW-076,Middle Voltaian sedimentary aquifer,mudstone–sandstone sequence,anorthite,silicate,0.0,False,EC05,0.03
NGW-076,Middle Voltaian sedimentary aquifer,mudstone–sandstone sequence,k_feldspar,silicate,0.09071451340890305,True,EC12,0.03
NGW-076,Middle Voltaian sedimentary aquifer,mudstone–sandstone sequence,gypsum,evaporite,0.3058851633288699,True,EC10,0.03
NGW-076,Middle Voltaian sedimentary aquifer,mudstone–sandstone sequence,halite,evaporite,0.8910286103257535,True,EC11,0.03
NGW-076,Middle Voltaian sedimentary aquifer,mudstone–sandstone sequence,fluorite,trace_mineral,-0.0,False,EC09,0.03
NGW-076,Middle Voltaian sedimentary aquifer,mudstone–sandstone sequence,apatite,trace_mineral,0.029976126552054786,False,EC06,0.03
NGW-076,Middle Voltaian sedimentary aquifer,mudstone–sandstone sequence,pyrite_oxidation,redox,0.0,False,EC13,0.03
NGW-076,Middle Voltaian sedimentary aquifer,mudstone–sandstone sequence,NO3src,anthropogenic,0.2606517393452762,True,EC03,0.03
NGW-076,Middle Voltaian sedimentary aquifer,mudstone–sandstone sequence,denit,redox,0.0,False,EC07,0.03
NGW-076,Middle Voltaian sedimentary aquifer,mudstone–sandstone sequence,CaNa_exch,ion_exchange,0.0,False,EC01,0.03
NGW-076,Middle Voltaian sedimentary aquifer,mudstone–sandstone sequence,NaCa_exch,ion_exchange,0.0,False,EC01,0.03
NGW-076,Middle Voltaian sedimentary aquifer,mudstone–sandstone sequence,MgNa_exch,ion_exchange,0.14572433971692297,True,EC02,0.03
NGW-076,Middle Voltaian sedimentary aquifer,mudstone–sandstone sequence,NaMg_exch,ion_exchange,0.0,False,EC02,0.03
NGW-077,Middle Voltaian sedimentary aquifer,sandstone–shale interbeds,calcite,carbonate,0.0,False,EC05,0.03
NGW-077,Middle Voltaian sedimentary aquifer,sandstone–shale interbeds,dolomite,carbonate,0.15494075209808417,True,EC08,0.03
NGW-077,Middle Voltaian sedimentary aquifer,sandstone–shale interbeds,albite,silicate,0.19087702634570003,True,EC04,0.03
NGW-077,Middle Voltaian sedimentary aquifer,sandstone–shale interbeds,anorthite,silicate,0.0,False,EC05,0.03
NGW-077,Middle Voltaian sedimentary aquifer,sandstone–shale interbeds,k_feldspar,silicate,0.02275523520568194,False,EC12,0.03
NGW-077,Middle Voltaian sedimentary aquifer,sandstone–shale interbeds,gypsum,evaporite,0.1688028380902364,True,EC10,0.03
NGW-077,Middle Voltaian sedimentary aquifer,sandstone–shale interbeds,halite,evaporite,0.7679357654450462,True,EC11,0.03
NGW-077,Middle Voltaian sedimentary aquifer,sandstone–shale interbeds,fluorite,trace_mineral,0.0064256900784559,False,EC09,0.03
NGW-077,Middle Voltaian sedimentary aquifer,sandstone–shale interbeds,apatite,trace_mineral,0.0026627051705692692,False,EC06,0.03
NGW-077,Middle Voltaian sedimentary aquifer,sandstone–shale interbeds,pyrite_oxidation,redox,0.0,False,EC13,0.03
NGW-077,Middle Voltaian sedimentary aquifer,sandstone–shale interbeds,NO3src,anthropogenic,0.20801587359863474,True,EC03,0.03
NGW-077,Middle Voltaian sedimentary aquifer,sandstone–shale interbeds,denit,redox,0.0,False,EC07,0.03
NGW-077,Middle Voltaian sedimentary aquifer,sandstone–shale interbeds,CaNa_exch,ion_exchange,0.0,False,EC01,0.03
NGW-077,Middle Voltaian sedimentary aquifer,sandstone–shale interbeds,NaCa_exch,ion_exchange,0.0,False,EC01,0.03
NGW-077,Middle Voltaian sedimentary aquifer,sandstone–shale interbeds,MgNa_exch,ion_exchange,0.0,False,EC02,0.03
NGW-077,Middle Voltaian sedimentary aquifer,sandstone–shale interbeds,NaMg_exch,ion_exchange,0.0,False,EC02,0.03
NGW-078,Middle Voltaian sedimentary aquifer,sandstone–shale interbeds,calcite,carbonate,0.0,False,EC05,0.03
NGW-078,Middle Voltaian sedimentary aquifer,sandstone–shale interbeds,dolomite,carbonate,0.1525628407715319,True,EC08,0.03
NGW-078,Middle Voltaian sedimentary aquifer,sandstone–shale interbeds,albite,silicate,0.0,False,EC04,0.03
NGW-078,Middle Voltaian sedimentary aquifer,sandstone–shale interbeds,anorthite,silicate,0.0,False,EC05,0.03
NGW-078,Middle Voltaian sedimentary aquifer,sandstone–shale interbeds,k_feldspar,silicate,0.060297136787745766,True,EC12,0.03
NGW-078,Middle Voltaian sedimentary aquifer,sandstone–shale interbeds,gypsum,evaporite,0.0,False,EC10,0.03
NGW-078,Middle Voltaian sedimentary aquifer,sandstone–shale interbeds,halite,evaporite,0.5753366083530428,True,EC11,0.03
NGW-078,Middle Voltaian sedimentary aquifer,sandstone–shale interbeds,fluorite,trace_mineral,0.003241922900316683,False,EC09,0.03
NGW-078,Middle Voltaian sedimentary aquifer,sandstone–shale interbeds,apatite,trace_mineral,-0.0,False,EC06,0.03
NGW-078,Middle Voltaian sedimentary aquifer,sandstone–shale interbeds,pyrite_oxidation,redox,0.05613358926191981,True,EC13,0.03
NGW-078,Middle Voltaian sedimentary aquifer,sandstone–shale interbeds,NO3src,anthropogenic,0.0,False,EC03,0.03
NGW-078,Middle Voltaian sedimentary aquifer,sandstone–shale interbeds,denit,redox,0.05061723683180096,True,EC07,0.03
NGW-078,Middle Voltaian sedimentary aquifer,sandstone–shale interbeds,CaNa_exch,ion_exchange,0.0,False,EC01,0.03
NGW-078,Middle Voltaian sedimentary aquifer,sandstone–shale interbeds,NaCa_exch,ion_exchange,0.08343228814732946,True,EC01,0.03
NGW-078,Middle Voltaian sedimentary aquifer,sandstone–shale interbeds,MgNa_exch,ion_exchange,0.2219126344734379,True,EC02,0.03
NGW-078,Middle Voltaian sedimentary aquifer,sandstone–shale interbeds,NaMg_exch,ion_exchange,0.0,False,EC02,0.03
NGW-079,Birimian fractured basement aquifer,phyllite–schist fractured zone,calcite,carbonate,0.0,False,EC05,0.03
NGW-079,Birimian fractured basement aquifer,phyllite–schist fractured zone,dolomite,carbonate,0.09087805579457749,True,EC08,0.03
NGW-079,Birimian fractured basement aquifer,phyllite–schist fractured zone,albite,silicate,0.0,False,EC04,0.03
NGW-079,Birimian fractured basement aquifer,phyllite–schist fractured zone,anorthite,silicate,0.0,False,EC05,0.03
NGW-079,Birimian fractured basement aquifer,phyllite–schist fractured zone,k_feldspar,silicate,0.01758151567368588,False,EC12,0.03
NGW-079,Birimian fractured basement aquifer,phyllite–schist fractured zone,gypsum,evaporite,0.033779794619086576,True,EC10,0.03
NGW-079,Birimian fractured basement aquifer,phyllite–schist fractured zone,halite,evaporite,0.6029864474371374,True,EC11,0.03
NGW-079,Birimian fractured basement aquifer,phyllite–schist fractured zone,fluorite,trace_mineral,0.00338994793313141,False,EC09,0.03
NGW-079,Birimian fractured basement aquifer,phyllite–schist fractured zone,apatite,trace_mineral,0.0,False,EC06,0.03
NGW-079,Birimian fractured basement aquifer,phyllite–schist fractured zone,pyrite_oxidation,redox,0.00975370822568172,False,EC13,0.03
NGW-079,Birimian fractured basement aquifer,phyllite–schist fractured zone,NO3src,anthropogenic,0.01624800906391787,False,EC03,0.03
NGW-079,Birimian fractured basement aquifer,phyllite–schist fractured zone,denit,redox,0.0,False,EC07,0.03
NGW-079,Birimian fractured basement aquifer,phyllite–schist fractured zone,CaNa_exch,ion_exchange,0.0,False,EC01,0.03
NGW-079,Birimian fractured basement aquifer,phyllite–schist fractured zone,NaCa_exch,ion_exchange,0.0,False,EC01,0.03
NGW-079,Birimian fractured basement aquifer,phyllite–schist fractured zone,MgNa_exch,ion_exchange,0.18809721714110827,True,EC02,0.03
NGW-079,Birimian fractured basement aquifer,phyllite–schist fractured zone,NaMg_exch,ion_exchange,0.0,False,EC02,0.03
NGW-080,Middle Voltaian sedimentary aquifer,siltstone–shale unit,calcite,carbonate,0.0,False,EC05,0.03
NGW-080,Middle Voltaian sedimentary aquifer,siltstone–shale unit,dolomite,carbonate,0.2627713422737406,True,EC08,0.03
NGW-080,Middle Voltaian sedimentary aquifer,siltstone–shale unit,albite,silicate,0.42494044681632054,True,EC04,0.03
NGW-080,Middle Voltaian sedimentary aquifer,siltstone–shale unit,anorthite,silicate,0.0,False,EC05,0.03
NGW-080,Middle Voltaian sedimentary aquifer,siltstone–shale unit,k_feldspar,silicate,0.06715410137395554,True,EC12,0.03
NGW-080,Middle Voltaian sedimentary aquifer,siltstone–shale unit,gypsum,evaporite,0.4510508870462796,True,EC10,0.03
NGW-080,Middle Voltaian sedimentary aquifer,siltstone–shale unit,halite,evaporite,0.9662136681988547,True,EC11,0.03
NGW-080,Middle Voltaian sedimentary aquifer,siltstone–shale unit,fluorite,trace_mineral,0.0,False,EC09,0.03
NGW-080,Middle Voltaian sedimentary aquifer,siltstone–shale unit,apatite,trace_mineral,0.0,False,EC06,0.03
NGW-080,Middle Voltaian sedimentary aquifer,siltstone–shale unit,pyrite_oxidation,redox,0.0,False,EC13,0.03
NGW-080,Middle Voltaian sedimentary aquifer,siltstone–shale unit,NO3src,anthropogenic,0.20464589438924013,True,EC03,0.03
NGW-080,Middle Voltaian sedimentary aquifer,siltstone–shale unit,denit,redox,0.0,False,EC07,0.03
NGW-080,Middle Voltaian sedimentary aquifer,siltstone–shale unit,CaNa_exch,ion_exchange,0.0,False,EC01,0.03
NGW-080,Middle Voltaian sedimentary aquifer,siltstone–shale unit,NaCa_exch,ion_exchange,0.11066465293622424,True,EC01,0.03
NGW-080,Middle Voltaian sedimentary aquifer,siltstone–shale unit,MgNa_exch,ion_exchange,0.0,False,EC02,0.03
NGW-080,Middle Voltaian sedimentary aquifer,siltstone–shale unit,NaMg_exch,ion_exchange,0.0,False,EC02,0.03
NGW-081,Birimian fractured basement aquifer,greenstone belt fracture network,calcite,carbonate,0.0,False,EC05,0.03
NGW-081,Birimian fractured basement aquifer,greenstone belt fracture network,dolomite,carbonate,0.11281378642137364,True,EC08,0.03
NGW-081,Birimian fractured basement aquifer,greenstone belt fracture network,albite,silicate,0.0,False,EC04,0.03
NGW-081,Birimian fractured basement aquifer,greenstone belt fracture network,anorthite,silicate,0.0,False,EC05,0.03
NGW-081,Birimian fractured basement aquifer,greenstone belt fracture network,k_feldspar,silicate,0.0268746298683501,False,EC12,0.03
NGW-081,Birimian fractured basement aquifer,greenstone belt fracture network,gypsum,evaporite,0.1626788716535364,True,EC10,0.03
NGW-081,Birimian fractured basement aquifer,greenstone belt fracture network,halite,evaporite,0.8589196744247477,True,EC11,0.03
NGW-081,Birimian fractured basement aquifer,greenstone belt fracture network,fluorite,trace_mineral,-0.0,False,EC09,0.03
NGW-081,Birimian fractured basement aquifer,greenstone belt fracture network,apatite,trace_mineral,0.05521882579205035,True,EC06,0.03
NGW-081,Birimian fractured basement aquifer,greenstone belt fracture network,pyrite_oxidation,redox,0.0,False,EC13,0.03
NGW-081,Birimian fractured basement aquifer,greenstone belt fracture network,NO3src,anthropogenic,0.0,False,EC03,0.03
NGW-081,Birimian fractured basement aquifer,greenstone belt fracture network,denit,redox,0.05851842096943382,True,EC07,0.03
NGW-081,Birimian fractured basement aquifer,greenstone belt fracture network,CaNa_exch,ion_exchange,0.0,False,EC01,0.03
NGW-081,Birimian fractured basement aquifer,greenstone belt fracture network,NaCa_exch,ion_exchange,0.0,False,EC01,0.03
NGW-081,Birimian fractured basement aquifer,greenstone belt fracture network,MgNa_exch,ion_exchange,0.03280207138480296,True,EC02,0.03
NGW-081,Birimian fractured basement aquifer,greenstone belt fracture network,NaMg_exch,ion_exchange,0.0,False,EC02,0.03
NGW-082,Granitoid fractured basement aquifer,gneissic fractured basement,calcite,carbonate,0.0,False,EC05,0.03
NGW-082,Granitoid fractured basement aquifer,gneissic fractured basement,dolomite,carbonate,0.3648121223718848,True,EC08,0.03
NGW-082,Granitoid fractured basement aquifer,gneissic fractured basement,albite,silicate,0.03153526610272412,True,EC04,0.03
NGW-082,Granitoid fractured basement aquifer,gneissic fractured basement,anorthite,silicate,0.0,False,EC05,0.03
NGW-082,Granitoid fractured basement aquifer,gneissic fractured basement,k_feldspar,silicate,0.07625691863806516,True,EC12,0.03
NGW-082,Granitoid fractured basement aquifer,gneissic fractured basement,gypsum,evaporite,0.08532821977284721,True,EC10,0.03
NGW-082,Granitoid fractured basement aquifer,gneissic fractured basement,halite,evaporite,1.087584817430682,True,EC11,0.03
NGW-082,Granitoid fractured basement aquifer,gneissic fractured basement,fluorite,trace_mineral,0.00994537154832064,False,EC09,0.03
NGW-082,Granitoid fractured basement aquifer,gneissic fractured basement,apatite,trace_mineral,0.0,False,EC06,0.03
NGW-082,Granitoid fractured basement aquifer,gneissic fractured basement,pyrite_oxidation,redox,0.05610067632406279,True,EC13,0.03
NGW-082,Granitoid fractured basement aquifer,gneissic fractured basement,NO3src,anthropogenic,0.16661327188321418,True,EC03,0.03
NGW-082,Granitoid fractured basement aquifer,gneissic fractured basement,denit,redox,0.0,False,EC07,0.03
NGW-082,Granitoid fractured basement aquifer,gneissic fractured basement,CaNa_exch,ion_exchange,0.0,False,EC01,0.03
NGW-082,Granitoid fractured basement aquifer,gneissic fractured basement,NaCa_exch,ion_exchange,0.0,False,EC01,0.03
NGW-082,Granitoid fractured basement aquifer,gneissic fractured basement,MgNa_exch,ion_exchange,0.1182909382044459,True,EC02,0.03
NGW-082,Granitoid fractured basement aquifer,gneissic fractured basement,NaMg_exch,ion_exchange,0.0,False,EC02,0.03
NGW-083,Granitoid fractured basement aquifer,granitoid saprolite,calcite,carbonate,0.17633994116681628,True,EC05,0.03
NGW-083,Granitoid fractured basement aquifer,granitoid saprolite,dolomite,carbonate,0.13098831647020617,True,EC08,0.03
NGW-083,Granitoid fractured basement aquifer,granitoid saprolite,albite,silicate,0.0,False,EC04,0.03
NGW-083,Granitoid fractured basement aquifer,granitoid saprolite,anorthite,silicate,0.17633994116681628,True,EC05,0.03
NGW-083,Granitoid fractured basement aquifer,granitoid saprolite,k_feldspar,silicate,0.07418598896585095,True,EC12,0.03
NGW-083,Granitoid fractured basement aquifer,granitoid saprolite,gypsum,evaporite,0.004244884195674091,False,EC10,0.03
NGW-083,Granitoid fractured basement aquifer,granitoid saprolite,halite,evaporite,1.339925162183944,True,EC11,0.03
NGW-083,Granitoid fractured basement aquifer,granitoid saprolite,fluorite,trace_mineral,0.0422548603405567,True,EC09,0.03
NGW-083,Granitoid fractured basement aquifer,granitoid saprolite,apatite,trace_mineral,0.0,False,EC06,0.03
NGW-083,Granitoid fractured basement aquifer,granitoid saprolite,pyrite_oxidation,redox,0.024502338212040467,False,EC13,0.03
NGW-083,Granitoid fractured basement aquifer,granitoid saprolite,NO3src,anthropogenic,0.0,False,EC03,0.03
NGW-083,Granitoid fractured basement aquifer,granitoid saprolite,denit,redox,0.017621205867146793,False,EC07,0.03
NGW-083,Granitoid fractured basement aquifer,granitoid saprolite,CaNa_exch,ion_exchange,0.12378216003209531,True,EC01,0.03
NGW-083,Granitoid fractured basement aquifer,granitoid saprolite,NaCa_exch,ion_exchange,0.0,False,EC01,0.03
NGW-083,Granitoid fractured basement aquifer,granitoid saprolite,MgNa_exch,ion_exchange,0.07178110242619756,True,EC02,0.03
NGW-083,Granitoid fractured basement aquifer,granitoid saprolite,NaMg_exch,ion_exchange,0.0,False,EC02,0.03
NGW-084,Birimian fractured basement aquifer,phyllite–schist fractured zone,calcite,carbonate,0.0,False,EC05,0.03
NGW-084,Birimian fractured basement aquifer,phyllite–schist fractured zone,dolomite,carbonate,0.3364083590459159,True,EC08,0.03
NGW-084,Birimian fractured basement aquifer,phyllite–schist fractured zone,albite,silicate,0.0,False,EC04,0.03
NGW-084,Birimian fractured basement aquifer,phyllite–schist fractured zone,anorthite,silicate,0.0,False,EC05,0.03
NGW-084,Birimian fractured basement aquifer,phyllite–schist fractured zone,k_feldspar,silicate,0.029009270172085405,False,EC12,0.03
NGW-084,Birimian fractured basement aquifer,phyllite–schist fractured zone,gypsum,evaporite,0.01978592318992571,False,EC10,0.03
NGW-084,Birimian fractured basement aquifer,phyllite–schist fractured zone,halite,evaporite,1.1114871830823043,True,EC11,0.03
NGW-084,Birimian fractured basement aquifer,phyllite–schist fractured zone,fluorite,trace_mineral,0.018523592160130976,False,EC09,0.03
NGW-084,Birimian fractured basement aquifer,phyllite–schist fractured zone,apatite,trace_mineral,0.0,False,EC06,0.03
NGW-084,Birimian fractured basement aquifer,phyllite–schist fractured zone,pyrite_oxidation,redox,0.01252393518506252,False,EC13,0.03
NGW-084,Birimian fractured basement aquifer,phyllite–schist fractured zone,NO3src,anthropogenic,0.2417156656925819,True,EC03,0.03
NGW-084,Birimian fractured basement aquifer,phyllite–schist fractured zone,denit,redox,0.0,False,EC07,0.03
NGW-084,Birimian fractured basement aquifer,phyllite–schist fractured zone,CaNa_exch,ion_exchange,0.0,False,EC01,0.03
NGW-084,Birimian fractured basement aquifer,phyllite–schist fractured zone,NaCa_exch,ion_exchange,0.0,False,EC01,0.03
NGW-084,Birimian fractured basement aquifer,phyllite–schist fractured zone,MgNa_exch,ion_exchange,0.06399376624276121,True,EC02,0.03
NGW-084,Birimian fractured basement aquifer,phyllite–schist fractured zone,NaMg_exch,ion_exchange,0.0,False,EC02,0.03
NGW-085,Regolith/alluvial shallow aquifer,weathered regolith,calcite,carbonate,0.018470790946004373,False,EC05,0.03
NGW-085,Regolith/alluvial shallow aquifer,weathered regolith,dolomite,carbonate,0.24745344836451955,True,EC08,0.03
NGW-085,Regolith/alluvial shallow aquifer,weathered regolith,albite,silicate,0.0,False,EC04,0.03
NGW-085,Regolith/alluvial shallow aquifer,weathered regolith,anorthite,silicate,0.018470790946004373,False,EC05,0.03
NGW-085,Regolith/alluvial shallow aquifer,weathered regolith,k_feldspar,silicate,0.0800873705282702,True,EC12,0.03
NGW-085,Regolith/alluvial shallow aquifer,weathered regolith,gypsum,evaporite,0.03265662427165021,True,EC10,0.03
NGW-085,Regolith/alluvial shallow aquifer,weathered regolith,halite,evaporite,1.4567966805532564,True,EC11,0.03
NGW-085,Regolith/alluvial shallow aquifer,weathered regolith,fluorite,trace_mineral,0.01748993626248959,False,EC09,0.03
NGW-085,Regolith/alluvial shallow aquifer,weathered regolith,apatite,trace_mineral,0.0,False,EC06,0.03
NGW-085,Regolith/alluvial shallow aquifer,weathered regolith,pyrite_oxidation,redox,0.10589149550059758,True,EC13,0.03
NGW-085,Regolith/alluvial shallow aquifer,weathered regolith,NO3src,anthropogenic,0.14173961581387245,True,EC03,0.03
NGW-085,Regolith/alluvial shallow aquifer,weathered regolith,denit,redox,0.0,False,EC07,0.03
NGW-085,Regolith/alluvial shallow aquifer,weathered regolith,CaNa_exch,ion_exchange,0.0,False,EC01,0.03
NGW-085,Regolith/alluvial shallow aquifer,weathered regolith,NaCa_exch,ion_exchange,0.0,False,EC01,0.03
NGW-085,Regolith/alluvial shallow aquifer,weathered regolith,MgNa_exch,ion_exchange,0.10877345910448373,True,EC02,0.03
NGW-085,Regolith/alluvial shallow aquifer,weathered regolith,NaMg_exch,ion_exchange,0.0,False,EC02,0.03
NGW-086,Granitoid fractured basement aquifer,granitoid saprolite,calcite,carbonate,0.0,False,EC05,0.03
NGW-086,Granitoid fractured basement aquifer,granitoid saprolite,dolomite,carbonate,0.26480780036511264,True,EC08,0.03
NGW-086,Granitoid fractured basement aquifer,granitoid saprolite,albite,silicate,0.0,False,EC04,0.03
NGW-086,Granitoid fractured basement aquifer,granitoid saprolite,anorthite,silicate,0.0,False,EC05,0.03
NGW-086,Granitoid fractured basement aquifer,granitoid saprolite,k_feldspar,silicate,0.03149130134617512,True,EC12,0.03
NGW-086,Granitoid fractured basement aquifer,granitoid saprolite,gypsum,evaporite,0.07064836369822505,True,EC10,0.03
NGW-086,Granitoid fractured basement aquifer,granitoid saprolite,halite,evaporite,1.223152658078102,True,EC11,0.03
NGW-086,Granitoid fractured basement aquifer,granitoid saprolite,fluorite,trace_mineral,0.03531169041448804,True,EC09,0.03
NGW-086,Granitoid fractured basement aquifer,granitoid saprolite,apatite,trace_mineral,0.0,False,EC06,0.03
NGW-086,Granitoid fractured basement aquifer,granitoid saprolite,pyrite_oxidation,redox,0.039419328767952545,True,EC13,0.03
NGW-086,Granitoid fractured basement aquifer,granitoid saprolite,NO3src,anthropogenic,0.0,False,EC03,0.03
NGW-086,Granitoid fractured basement aquifer,granitoid saprolite,denit,redox,0.1492950288071138,True,EC07,0.03
NGW-086,Granitoid fractured basement aquifer,granitoid saprolite,CaNa_exch,ion_exchange,0.0,False,EC01,0.03
NGW-086,Granitoid fractured basement aquifer,granitoid saprolite,NaCa_exch,ion_exchange,0.0,False,EC01,0.03
NGW-086,Granitoid fractured basement aquifer,granitoid saprolite,MgNa_exch,ion_exchange,0.2404748922341579,True,EC02,0.03
NGW-086,Granitoid fractured basement aquifer,granitoid saprolite,NaMg_exch,ion_exchange,0.0,False,EC02,0.03
NGW-088,Granitoid fractured basement aquifer,gneissic fractured basement,calcite,carbonate,0.0,False,EC05,0.03
NGW-088,Granitoid fractured basement aquifer,gneissic fractured basement,dolomite,carbonate,0.20816767180105472,True,EC08,0.03
NGW-088,Granitoid fractured basement aquifer,gneissic fractured basement,albite,silicate,0.17972474049109238,True,EC04,0.03
NGW-088,Granitoid fractured basement aquifer,gneissic fractured basement,anorthite,silicate,0.0,False,EC05,0.03
NGW-088,Granitoid fractured basement aquifer,gneissic fractured basement,k_feldspar,silicate,0.06911069659181437,True,EC12,0.03
NGW-088,Granitoid fractured basement aquifer,gneissic fractured basement,gypsum,evaporite,0.0,False,EC10,0.03
NGW-088,Granitoid fractured basement aquifer,gneissic fractured basement,halite,evaporite,1.2216783973016643,True,EC11,0.03
NGW-088,Granitoid fractured basement aquifer,gneissic fractured basement,fluorite,trace_mineral,0.014902322659808292,False,EC09,0.03
NGW-088,Granitoid fractured basement aquifer,gneissic fractured basement,apatite,trace_mineral,0.0,False,EC06,0.03
NGW-088,Granitoid fractured basement aquifer,gneissic fractured basement,pyrite_oxidation,redox,0.0,False,EC13,0.03
NGW-088,Granitoid fractured basement aquifer,gneissic fractured basement,NO3src,anthropogenic,0.0,False,EC03,0.03
NGW-088,Granitoid fractured basement aquifer,gneissic fractured basement,denit,redox,0.09388955345263472,True,EC07,0.03
NGW-088,Granitoid fractured basement aquifer,gneissic fractured basement,CaNa_exch,ion_exchange,0.0,False,EC01,0.03
NGW-088,Granitoid fractured basement aquifer,gneissic fractured basement,NaCa_exch,ion_exchange,0.0,False,EC01,0.03
NGW-088,Granitoid fractured basement aquifer,gneissic fractured basement,MgNa_exch,ion_exchange,0.0,False,EC02,0.03
NGW-088,Granitoid fractured basement aquifer,gneissic fractured basement,NaMg_exch,ion_exchange,0.0,False,EC02,0.03
NGW-089,Birimian fractured basement aquifer,phyllite–schist fractured zone,calcite,carbonate,0.0,False,EC05,0.03
NGW-089,Birimian fractured basement aquifer,phyllite–schist fractured zone,dolomite,carbonate,0.12318991858673185,True,EC08,0.03
NGW-089,Birimian fractured basement aquifer,phyllite–schist fractured zone,albite,silicate,0.11361289157361638,True,EC04,0.03
NGW-089,Birimian fractured basement aquifer,phyllite–schist fractured zone,anorthite,silicate,0.0,False,EC05,0.03
NGW-089,Birimian fractured basement aquifer,phyllite–schist fractured zone,k_feldspar,silicate,0.044263679552082554,True,EC12,0.03
NGW-089,Birimian fractured basement aquifer,phyllite–schist fractured zone,gypsum,evaporite,0.1827428312152195,True,EC10,0.03
NGW-089,Birimian fractured basement aquifer,phyllite–schist fractured zone,halite,evaporite,0.54092672510698,True,EC11,0.03
NGW-089,Birimian fractured basement aquifer,phyllite–schist fractured zone,fluorite,trace_mineral,0.00562496452506036,False,EC09,0.03
NGW-089,Birimian fractured basement aquifer,phyllite–schist fractured zone,apatite,trace_mineral,0.01660803368472985,False,EC06,0.03
NGW-089,Birimian fractured basement aquifer,phyllite–schist fractured zone,pyrite_oxidation,redox,0.0,False,EC13,0.03
NGW-089,Birimian fractured basement aquifer,phyllite–schist fractured zone,NO3src,anthropogenic,0.1975849855695561,True,EC03,0.03
NGW-089,Birimian fractured basement aquifer,phyllite–schist fractured zone,denit,redox,0.0,False,EC07,0.03
NGW-089,Birimian fractured basement aquifer,phyllite–schist fractured zone,CaNa_exch,ion_exchange,0.0,False,EC01,0.03
NGW-089,Birimian fractured basement aquifer,phyllite–schist fractured zone,NaCa_exch,ion_exchange,0.12416227299125634,True,EC01,0.03
NGW-089,Birimian fractured basement aquifer,phyllite–schist fractured zone,MgNa_exch,ion_exchange,0.0,False,EC02,0.03
NGW-089,Birimian fractured basement aquifer,phyllite–schist fractured zone,NaMg_exch,ion_exchange,0.0,False,EC02,0.03
NGW-090,Regolith/alluvial shallow aquifer,lateritic saprolite,calcite,carbonate,0.0,False,EC05,0.03
NGW-090,Regolith/alluvial shallow aquifer,lateritic saprolite,dolomite,carbonate,0.22015946796243732,True,EC08,0.03
NGW-090,Regolith/alluvial shallow aquifer,lateritic saprolite,albite,silicate,0.0,False,EC04,0.03
NGW-090,Regolith/alluvial shallow aquifer,lateritic saprolite,anorthite,silicate,0.03413219471055007,True,EC05,0.03
NGW-090,Regolith/alluvial shallow aquifer,lateritic saprolite,k_feldspar,silicate,0.08586905097884158,True,EC12,0.03
NGW-090,Regolith/alluvial shallow aquifer,lateritic saprolite,gypsum,evaporite,0.28589712538356554,True,EC10,0.03
NGW-090,Regolith/alluvial shallow aquifer,lateritic saprolite,halite,evaporite,1.0888228616133093,True,EC11,0.03
NGW-090,Regolith/alluvial shallow aquifer,lateritic saprolite,fluorite,trace_mineral,0.0,False,EC09,0.03
NGW-090,Regolith/alluvial shallow aquifer,lateritic saprolite,apatite,trace_mineral,0.0056538880874437035,False,EC06,0.03
NGW-090,Regolith/alluvial shallow aquifer,lateritic saprolite,pyrite_oxidation,redox,0.0,False,EC13,0.03
NGW-090,Regolith/alluvial shallow aquifer,lateritic saprolite,NO3src,anthropogenic,0.0,False,EC03,0.03
NGW-090,Regolith/alluvial shallow aquifer,lateritic saprolite,denit,redox,0.2586427930412314,True,EC07,0.03
NGW-090,Regolith/alluvial shallow aquifer,lateritic saprolite,CaNa_exch,ion_exchange,0.0,False,EC01,0.03
NGW-090,Regolith/alluvial shallow aquifer,lateritic saprolite,NaCa_exch,ion_exchange,0.0,False,EC01,0.03
NGW-090,Regolith/alluvial shallow aquifer,lateritic saprolite,MgNa_exch,ion_exchange,0.13602532718159108,True,EC02,0.03
NGW-090,Regolith/alluvial shallow aquifer,lateritic saprolite,NaMg_exch,ion_exchange,0.0,False,EC02,0.03
NGW-092,Regolith/alluvial shallow aquifer,lateritic saprolite,calcite,carbonate,0.13621170409523922,True,EC05,0.03
NGW-092,Regolith/alluvial shallow aquifer,lateritic saprolite,dolomite,carbonate,0.0,False,EC08,0.03
NGW-092,Regolith/alluvial shallow aquifer,lateritic saprolite,albite,silicate,0.07314737742020949,True,EC04,0.03
NGW-092,Regolith/alluvial shallow aquifer,lateritic saprolite,anorthite,silicate,0.13621170409523922,True,EC05,0.03
NGW-092,Regolith/alluvial shallow aquifer,lateritic saprolite,k_feldspar,silicate,0.06034779471234248,True,EC12,0.03
NGW-092,Regolith/alluvial shallow aquifer,lateritic saprolite,gypsum,evaporite,0.03425033124104089,True,EC10,0.03
NGW-092,Regolith/alluvial shallow aquifer,lateritic saprolite,halite,evaporite,0.0,False,EC11,0.03
NGW-092,Regolith/alluvial shallow aquifer,lateritic saprolite,fluorite,trace_mineral,-0.003240202740692944,False,EC09,0.03
NGW-092,Regolith/alluvial shallow aquifer,lateritic saprolite,apatite,trace_mineral,0.033351880527496734,True,EC06,0.03
NGW-092,Regolith/alluvial shallow aquifer,lateritic saprolite,pyrite_oxidation,redox,0.0,False,EC13,0.03
NGW-092,Regolith/alluvial shallow aquifer,lateritic saprolite,NO3src,anthropogenic,0.06567437080182169,True,EC03,0.03
NGW-092,Regolith/alluvial shallow aquifer,lateritic saprolite,denit,redox,0.0,False,EC07,0.03
NGW-092,Regolith/alluvial shallow aquifer,lateritic saprolite,CaNa_exch,ion_exchange,0.0,False,EC01,0.03
NGW-092,Regolith/alluvial shallow aquifer,lateritic saprolite,NaCa_exch,ion_exchange,0.0,False,EC01,0.03
NGW-092,Regolith/alluvial shallow aquifer,lateritic saprolite,MgNa_exch,ion_exchange,0.0,False,EC02,0.03
NGW-092,Regolith/alluvial shallow aquifer,lateritic saprolite,NaMg_exch,ion_exchange,0.0,False,EC02,0.03
NGW-093,Granitoid fractured basement aquifer,granitoid saprolite,calcite,carbonate,0.072195207091796,True,EC05,0.03
NGW-093,Granitoid fractured basement aquifer,granitoid saprolite,dolomite,carbonate,0.20339636429762245,True,EC08,0.03
NGW-093,Granitoid fractured basement aquifer,granitoid saprolite,albite,silicate,0.0,False,EC04,0.03
NGW-093,Granitoid fractured basement aquifer,granitoid saprolite,anorthite,silicate,0.072195207091796,True,EC05,0.03
NGW-093,Granitoid fractured basement aquifer,granitoid saprolite,k_feldspar,silicate,0.02165817316834745,False,EC12,0.03
NGW-093,Granitoid fractured basement aquifer,granitoid saprolite,gypsum,evaporite,0.0,False,EC10,0.03
NGW-093,Granitoid fractured basement aquifer,granitoid saprolite,halite,evaporite,0.8146861744240971,True,EC11,0.03
NGW-093,Granitoid fractured basement aquifer,granitoid saprolite,fluorite,trace_mineral,0.04270780731342999,True,EC09,0.03
NGW-093,Granitoid fractured basement aquifer,granitoid saprolite,apatite,trace_mineral,0.0,False,EC06,0.03
NGW-093,Granitoid fractured basement aquifer,granitoid saprolite,pyrite_oxidation,redox,0.022417099878991213,False,EC13,0.03
NGW-093,Granitoid fractured basement aquifer,granitoid saprolite,NO3src,anthropogenic,0.020901789877005746,False,EC03,0.03
NGW-093,Granitoid fractured basement aquifer,granitoid saprolite,denit,redox,0.0,False,EC07,0.03
NGW-093,Granitoid fractured basement aquifer,granitoid saprolite,CaNa_exch,ion_exchange,0.0,False,EC01,0.03
NGW-093,Granitoid fractured basement aquifer,granitoid saprolite,NaCa_exch,ion_exchange,0.0,False,EC01,0.03
NGW-093,Granitoid fractured basement aquifer,granitoid saprolite,MgNa_exch,ion_exchange,0.0,False,EC02,0.03
NGW-093,Granitoid fractured basement aquifer,granitoid saprolite,NaMg_exch,ion_exchange,0.0,False,EC02,0.03
NGW-094,Regolith/alluvial shallow aquifer,valley alluvium,calcite,carbonate,0.13109449170112294,True,EC05,0.03
NGW-094,Regolith/alluvial shallow aquifer,valley alluvium,dolomite,carbonate,0.10820584295885749,True,EC08,0.03
NGW-094,Regolith/alluvial shallow aquifer,valley alluvium,albite,silicate,-0.0,False,EC04,0.03
NGW-094,Regolith/alluvial shallow aquifer,valley alluvium,anorthite,silicate,0.13109449170112294,True,EC05,0.03
NGW-094,Regolith/alluvial shallow aquifer,valley alluvium,k_feldspar,silicate,0.0,False,EC12,0.03
NGW-094,Regolith/alluvial shallow aquifer,valley alluvium,gypsum,evaporite,0.0,False,EC10,0.03
NGW-094,Regolith/alluvial shallow aquifer,valley alluvium,halite,evaporite,0.9408057878582183,True,EC11,0.03
NGW-094,Regolith/alluvial shallow aquifer,valley alluvium,fluorite,trace_mineral,-0.0,False,EC09,0.03
NGW-094,Regolith/alluvial shallow aquifer,valley alluvium,apatite,trace_mineral,0.015234066733017014,False,EC06,0.03
NGW-094,Regolith/alluvial shallow aquifer,valley alluvium,pyrite_oxidation,redox,0.0,False,EC13,0.03
NGW-094,Regolith/alluvial shallow aquifer,valley alluvium,NO3src,anthropogenic,0.010952327449268984,False,EC03,0.03
NGW-094,Regolith/alluvial shallow aquifer,valley alluvium,denit,redox,0.0,False,EC07,0.03
NGW-094,Regolith/alluvial shallow aquifer,valley alluvium,CaNa_exch,ion_exchange,0.24785874268432115,True,EC01,0.03
NGW-094,Regolith/alluvial shallow aquifer,valley alluvium,NaCa_exch,ion_exchange,0.0,False,EC01,0.03
NGW-094,Regolith/alluvial shallow aquifer,valley alluvium,MgNa_exch,ion_exchange,0.20360125107306445,True,EC02,0.03
NGW-094,Regolith/alluvial shallow aquifer,valley alluvium,NaMg_exch,ion_exchange,0.0,False,EC02,0.03
NGW-095,Regolith/alluvial shallow aquifer,lateritic saprolite,calcite,carbonate,0.155931609471437,True,EC05,0.03
NGW-095,Regolith/alluvial shallow aquifer,lateritic saprolite,dolomite,carbonate,0.11245474544610815,True,EC08,0.03
NGW-095,Regolith/alluvial shallow aquifer,lateritic saprolite,albite,silicate,0.0,False,EC04,0.03
NGW-095,Regolith/alluvial shallow aquifer,lateritic saprolite,anorthite,silicate,0.155931609471437,True,EC05,0.03
NGW-095,Regolith/alluvial shallow aquifer,lateritic saprolite,k_feldspar,silicate,0.09814781854760807,True,EC12,0.03
NGW-095,Regolith/alluvial shallow aquifer,lateritic saprolite,gypsum,evaporite,0.0,False,EC10,0.03
NGW-095,Regolith/alluvial shallow aquifer,lateritic saprolite,halite,evaporite,1.591912602576556,True,EC11,0.03
NGW-095,Regolith/alluvial shallow aquifer,lateritic saprolite,fluorite,trace_mineral,0.0007258484723928093,False,EC09,0.03
NGW-095,Regolith/alluvial shallow aquifer,lateritic saprolite,apatite,trace_mineral,0.0,False,EC06,0.03
NGW-095,Regolith/alluvial shallow aquifer,lateritic saprolite,pyrite_oxidation,redox,0.0,False,EC13,0.03
NGW-095,Regolith/alluvial shallow aquifer,lateritic saprolite,NO3src,anthropogenic,0.0,False,EC03,0.03
NGW-095,Regolith/alluvial shallow aquifer,lateritic saprolite,denit,redox,0.04077313995465102,True,EC07,0.03
NGW-095,Regolith/alluvial shallow aquifer,lateritic saprolite,CaNa_exch,ion_exchange,0.08326628157747766,True,EC01,0.03
NGW-095,Regolith/alluvial shallow aquifer,lateritic saprolite,NaCa_exch,ion_exchange,0.0,False,EC01,0.03
NGW-095,Regolith/alluvial shallow aquifer,lateritic saprolite,MgNa_exch,ion_exchange,0.005404931399435132,False,EC02,0.03
NGW-095,Regolith/alluvial shallow aquifer,lateritic saprolite,NaMg_exch,ion_exchange,0.0,False,EC02,0.03
NGW-096,Birimian fractured basement aquifer,metavolcanic–metasedimentary rocks,calcite,carbonate,0.0,False,EC05,0.03
NGW-096,Birimian fractured basement aquifer,metavolcanic–metasedimentary rocks,dolomite,carbonate,0.0,False,EC08,0.03
NGW-096,Birimian fractured basement aquifer,metavolcanic–metasedimentary rocks,albite,silicate,-0.07983095130145616,True,EC04,0.03
NGW-096,Birimian fractured basement aquifer,metavolcanic–metasedimentary rocks,anorthite,silicate,-0.0,False,EC05,0.03
NGW-096,Birimian fractured basement aquifer,metavolcanic–metasedimentary rocks,k_feldspar,silicate,0.03876586063148059,True,EC12,0.03
NGW-096,Birimian fractured basement aquifer,metavolcanic–metasedimentary rocks,gypsum,evaporite,0.13049872251007705,True,EC10,0.03
NGW-096,Birimian fractured basement aquifer,metavolcanic–metasedimentary rocks,halite,evaporite,1.2581836732682528,True,EC11,0.03
NGW-096,Birimian fractured basement aquifer,metavolcanic–metasedimentary rocks,fluorite,trace_mineral,0.0,False,EC09,0.03
NGW-096,Birimian fractured basement aquifer,metavolcanic–metasedimentary rocks,apatite,trace_mineral,0.033404197056146334,True,EC06,0.03
NGW-096,Birimian fractured basement aquifer,metavolcanic–metasedimentary rocks,pyrite_oxidation,redox,0.0,False,EC13,0.03
NGW-096,Birimian fractured basement aquifer,metavolcanic–metasedimentary rocks,NO3src,anthropogenic,0.005496170634058416,False,EC03,0.03
NGW-096,Birimian fractured basement aquifer,metavolcanic–metasedimentary rocks,denit,redox,0.0,False,EC07,0.03
NGW-096,Birimian fractured basement aquifer,metavolcanic–metasedimentary rocks,CaNa_exch,ion_exchange,0.18627258135637995,True,EC01,0.03
NGW-096,Birimian fractured basement aquifer,metavolcanic–metasedimentary rocks,NaCa_exch,ion_exchange,0.0,False,EC01,0.03
NGW-096,Birimian fractured basement aquifer,metavolcanic–metasedimentary rocks,MgNa_exch,ion_exchange,0.2977463075386055,True,EC02,0.03
NGW-096,Birimian fractured basement aquifer,metavolcanic–metasedimentary rocks,NaMg_exch,ion_exchange,0.0,False,EC02,0.03
NGW-097,Birimian fractured basement aquifer,metavolcanic–metasedimentary rocks,calcite,carbonate,0.12062619957171387,True,EC05,0.03
NGW-097,Birimian fractured basement aquifer,metavolcanic–metasedimentary rocks,dolomite,carbonate,0.04405909549057843,True,EC08,0.03
NGW-097,Birimian fractured basement aquifer,metavolcanic–metasedimentary rocks,albite,silicate,-0.0,False,EC04,0.03
NGW-097,Birimian fractured basement aquifer,metavolcanic–metasedimentary rocks,anorthite,silicate,0.12062619957171387,True,EC05,0.03
NGW-097,Birimian fractured basement aquifer,metavolcanic–metasedimentary rocks,k_feldspar,silicate,0.07079996248650484,True,EC12,0.03
NGW-097,Birimian fractured basement aquifer,metavolcanic–metasedimentary rocks,gypsum,evaporite,0.09377157273361614,True,EC10,0.03
NGW-097,Birimian fractured basement aquifer,metavolcanic–metasedimentary rocks,halite,evaporite,1.4215079806382673,True,EC11,0.03
NGW-097,Birimian fractured basement aquifer,metavolcanic–metasedimentary rocks,fluorite,trace_mineral,0.008294351367224773,False,EC09,0.03
NGW-097,Birimian fractured basement aquifer,metavolcanic–metasedimentary rocks,apatite,trace_mineral,0.006848740751920303,False,EC06,0.03
NGW-097,Birimian fractured basement aquifer,metavolcanic–metasedimentary rocks,pyrite_oxidation,redox,0.0,False,EC13,0.03
NGW-097,Birimian fractured basement aquifer,metavolcanic–metasedimentary rocks,NO3src,anthropogenic,0.5349038569099203,True,EC03,0.03
NGW-097,Birimian fractured basement aquifer,metavolcanic–metasedimentary rocks,denit,redox,0.0,False,EC07,0.03
NGW-097,Birimian fractured basement aquifer,metavolcanic–metasedimentary rocks,CaNa_exch,ion_exchange,0.21493532198287302,True,EC01,0.03
NGW-097,Birimian fractured basement aquifer,metavolcanic–metasedimentary rocks,NaCa_exch,ion_exchange,0.0,False,EC01,0.03
NGW-097,Birimian fractured basement aquifer,metavolcanic–metasedimentary rocks,MgNa_exch,ion_exchange,0.0,False,EC02,0.03
NGW-097,Birimian fractured basement aquifer,metavolcanic–metasedimentary rocks,NaMg_exch,ion_exchange,0.0,False,EC02,0.03
NGW-098,Granitoid fractured basement aquifer,granitoid saprolite,calcite,carbonate,0.0,False,EC05,0.03
NGW-098,Granitoid fractured basement aquifer,granitoid saprolite,dolomite,carbonate,0.28026687355714414,True,EC08,0.03
NGW-098,Granitoid fractured basement aquifer,granitoid saprolite,albite,silicate,0.0,False,EC04,0.03
NGW-098,Granitoid fractured basement aquifer,granitoid saprolite,anorthite,silicate,0.0,False,EC05,0.03
NGW-098,Granitoid fractured basement aquifer,granitoid saprolite,k_feldspar,silicate,0.014404006042434192,False,EC12,0.03
NGW-098,Granitoid fractured basement aquifer,granitoid saprolite,gypsum,evaporite,0.0492649746813026,True,EC10,0.03
NGW-098,Granitoid fractured basement aquifer,granitoid saprolite,halite,evaporite,1.2408968393082649,True,EC11,0.03
NGW-098,Granitoid fractured basement aquifer,granitoid saprolite,fluorite,trace_mineral,0.008552809936366982,False,EC09,0.03
NGW-098,Granitoid fractured basement aquifer,granitoid saprolite,apatite,trace_mineral,0.015388801713460687,False,EC06,0.03
NGW-098,Granitoid fractured basement aquifer,granitoid saprolite,pyrite_oxidation,redox,0.0,False,EC13,0.03
NGW-098,Granitoid fractured basement aquifer,granitoid saprolite,NO3src,anthropogenic,0.1504052766380303,True,EC03,0.03
NGW-098,Granitoid fractured basement aquifer,granitoid saprolite,denit,redox,0.0,False,EC07,0.03
NGW-098,Granitoid fractured basement aquifer,granitoid saprolite,CaNa_exch,ion_exchange,0.0,False,EC01,0.03
NGW-098,Granitoid fractured basement aquifer,granitoid saprolite,NaCa_exch,ion_exchange,0.1035717162186981,True,EC01,0.03
NGW-098,Granitoid fractured basement aquifer,granitoid saprolite,MgNa_exch,ion_exchange,0.14579248532591854,True,EC02,0.03
NGW-098,Granitoid fractured basement aquifer,granitoid saprolite,NaMg_exch,ion_exchange,0.0,False,EC02,0.03
NGW-099,Regolith/alluvial shallow aquifer,weathered regolith,calcite,carbonate,0.0,False,EC05,0.03
NGW-099,Regolith/alluvial shallow aquifer,weathered regolith,dolomite,carbonate,0.21162721219778483,True,EC08,0.03
NGW-099,Regolith/alluvial shallow aquifer,weathered regolith,albite,silicate,0.0,False,EC04,0.03
NGW-099,Regolith/alluvial shallow aquifer,weathered regolith,anorthite,silicate,0.0,False,EC05,0.03
NGW-099,Regolith/alluvial shallow aquifer,weathered regolith,k_feldspar,silicate,0.03731501849883083,True,EC12,0.03
NGW-099,Regolith/alluvial shallow aquifer,weathered regolith,gypsum,evaporite,0.22511638065957007,True,EC10,0.03
NGW-099,Regolith/alluvial shallow aquifer,weathered regolith,halite,evaporite,0.8319703028676642,True,EC11,0.03
NGW-099,Regolith/alluvial shallow aquifer,weathered regolith,fluorite,trace_mineral,-0.0,False,EC09,0.03
NGW-099,Regolith/alluvial shallow aquifer,weathered regolith,apatite,trace_mineral,0.013819992509814165,False,EC06,0.03
NGW-099,Regolith/alluvial shallow aquifer,weathered regolith,pyrite_oxidation,redox,0.0,False,EC13,0.03
NGW-099,Regolith/alluvial shallow aquifer,weathered regolith,NO3src,anthropogenic,0.17255085429976863,True,EC03,0.03
NGW-099,Regolith/alluvial shallow aquifer,weathered regolith,denit,redox,0.0,False,EC07,0.03
NGW-099,Regolith/alluvial shallow aquifer,weathered regolith,CaNa_exch,ion_exchange,0.0,False,EC01,0.03
NGW-099,Regolith/alluvial shallow aquifer,weathered regolith,NaCa_exch,ion_exchange,0.0,False,EC01,0.03
NGW-099,Regolith/alluvial shallow aquifer,weathered regolith,MgNa_exch,ion_exchange,0.12348701932098284,True,EC02,0.03
NGW-099,Regolith/alluvial shallow aquifer,weathered regolith,NaMg_exch,ion_exchange,0.0,False,EC02,0.03
NGW-100,Regolith/alluvial shallow aquifer,weathered regolith,calcite,carbonate,0.0,False,EC05,0.03
NGW-100,Regolith/alluvial shallow aquifer,weathered regolith,dolomite,carbonate,0.1736844566600353,True,EC08,0.03
NGW-100,Regolith/alluvial shallow aquifer,weathered regolith,albite,silicate,0.0,False,EC04,0.03
NGW-100,Regolith/alluvial shallow aquifer,weathered regolith,anorthite,silicate,0.0,False,EC05,0.03
NGW-100,Regolith/alluvial shallow aquifer,weathered regolith,k_feldspar,silicate,0.021905726257130668,False,EC12,0.03
NGW-100,Regolith/alluvial shallow aquifer,weathered regolith,gypsum,evaporite,0.0011539674888086603,False,EC10,0.03
NGW-100,Regolith/alluvial shallow aquifer,weathered regolith,halite,evaporite,0.9156135473056032,True,EC11,0.03
NGW-100,Regolith/alluvial shallow aquifer,weathered regolith,fluorite,trace_mineral,0.0,False,EC09,0.03
NGW-100,Regolith/alluvial shallow aquifer,weathered regolith,apatite,trace_mineral,0.0,False,EC06,0.03
NGW-100,Regolith/alluvial shallow aquifer,weathered regolith,pyrite_oxidation,redox,0.01137282630352691,False,EC13,0.03
NGW-100,Regolith/alluvial shallow aquifer,weathered regolith,NO3src,anthropogenic,0.2855253954149889,True,EC03,0.03
NGW-100,Regolith/alluvial shallow aquifer,weathered regolith,denit,redox,0.0,False,EC07,0.03
NGW-100,Regolith/alluvial shallow aquifer,weathered regolith,CaNa_exch,ion_exchange,0.0,False,EC01,0.03
NGW-100,Regolith/alluvial shallow aquifer,weathered regolith,NaCa_exch,ion_exchange,0.0,False,EC01,0.03
NGW-100,Regolith/alluvial shallow aquifer,weathered regolith,MgNa_exch,ion_exchange,0.01383241081047705,False,EC02,0.03
NGW-100,Regolith/alluvial shallow aquifer,weathered regolith,NaMg_exch,ion_exchange,0.0,False,EC02,0.03
NGW-101,Birimian fractured basement aquifer,greenstone belt fracture network,calcite,carbonate,0.16832923991209947,True,EC05,0.03
NGW-101,Birimian fractured basement aquifer,greenstone belt fracture network,dolomite,carbonate,0.0784365692434228,True,EC08,0.03
NGW-101,Birimian fractured basement aquifer,greenstone belt fracture network,albite,silicate,-0.0,False,EC04,0.03
NGW-101,Birimian fractured basement aquifer,greenstone belt fracture network,anorthite,silicate,0.16832923991209947,True,EC05,0.03
NGW-101,Birimian fractured basement aquifer,greenstone belt fracture network,k_feldspar,silicate,0.04094431460620083,True,EC12,0.03
NGW-101,Birimian fractured basement aquifer,greenstone belt fracture network,gypsum,evaporite,0.10297866268920335,True,EC10,0.03
NGW-101,Birimian fractured basement aquifer,greenstone belt fracture network,halite,evaporite,0.9953302180813995,True,EC11,0.03
NGW-101,Birimian fractured basement aquifer,greenstone belt fracture network,fluorite,trace_mineral,0.007443401151404957,False,EC09,0.03
NGW-101,Birimian fractured basement aquifer,greenstone belt fracture network,apatite,trace_mineral,0.0,False,EC06,0.03
NGW-101,Birimian fractured basement aquifer,greenstone belt fracture network,pyrite_oxidation,redox,0.03225464169114977,True,EC13,0.03
NGW-101,Birimian fractured basement aquifer,greenstone belt fracture network,NO3src,anthropogenic,0.049145425155742335,True,EC03,0.03
NGW-101,Birimian fractured basement aquifer,greenstone belt fracture network,denit,redox,0.0,False,EC07,0.03
NGW-101,Birimian fractured basement aquifer,greenstone belt fracture network,CaNa_exch,ion_exchange,0.36427596732136974,True,EC01,0.03
NGW-101,Birimian fractured basement aquifer,greenstone belt fracture network,NaCa_exch,ion_exchange,0.0,False,EC01,0.03
NGW-101,Birimian fractured basement aquifer,greenstone belt fracture network,MgNa_exch,ion_exchange,0.13837959391259694,True,EC02,0.03
NGW-101,Birimian fractured basement aquifer,greenstone belt fracture network,NaMg_exch,ion_exchange,0.0,False,EC02,0.03
NGW-102,Regolith/alluvial shallow aquifer,lateritic saprolite,calcite,carbonate,-0.0,False,EC05,0.03
NGW-102,Regolith/alluvial shallow aquifer,lateritic saprolite,dolomite,carbonate,0.08941694564964103,True,EC08,0.03
NGW-102,Regolith/alluvial shallow aquifer,lateritic saprolite,albite,silicate,0.0,False,EC04,0.03
NGW-102,Regolith/alluvial shallow aquifer,lateritic saprolite,anorthite,silicate,-0.0,False,EC05,0.03
NGW-102,Regolith/alluvial shallow aquifer,lateritic saprolite,k_feldspar,silicate,0.037186879238623266,True,EC12,0.03
NGW-102,Regolith/alluvial shallow aquifer,lateritic saprolite,gypsum,evaporite,0.2582856025743013,True,EC10,0.03
NGW-102,Regolith/alluvial shallow aquifer,lateritic saprolite,halite,evaporite,1.2124974876041272,True,EC11,0.03
NGW-102,Regolith/alluvial shallow aquifer,lateritic saprolite,fluorite,trace_mineral,-0.0,False,EC09,0.03
NGW-102,Regolith/alluvial shallow aquifer,lateritic saprolite,apatite,trace_mineral,0.029052949421766415,False,EC06,0.03
NGW-102,Regolith/alluvial shallow aquifer,lateritic saprolite,pyrite_oxidation,redox,0.0,False,EC13,0.03
NGW-102,Regolith/alluvial shallow aquifer,lateritic saprolite,NO3src,anthropogenic,0.0,False,EC03,0.03
NGW-102,Regolith/alluvial shallow aquifer,lateritic saprolite,denit,redox,0.2132544168187162,True,EC07,0.03
NGW-102,Regolith/alluvial shallow aquifer,lateritic saprolite,CaNa_exch,ion_exchange,0.0,False,EC01,0.03
NGW-102,Regolith/alluvial shallow aquifer,lateritic saprolite,NaCa_exch,ion_exchange,0.07683888696750124,True,EC01,0.03
NGW-102,Regolith/alluvial shallow aquifer,lateritic saprolite,MgNa_exch,ion_exchange,0.3061703920172323,True,EC02,0.03
NGW-102,Regolith/alluvial shallow aquifer,lateritic saprolite,NaMg_exch,ion_exchange,0.0,False,EC02,0.03
NGW-103,Regolith/alluvial shallow aquifer,lateritic saprolite,calcite,carbonate,0.13488237759065708,True,EC05,0.03
NGW-103,Regolith/alluvial shallow aquifer,lateritic saprolite,dolomite,carbonate,0.15105156690410723,True,EC08,0.03
NGW-103,Regolith/alluvial shallow aquifer,lateritic saprolite,albite,silicate,0.0,False,EC04,0.03
NGW-103,Regolith/alluvial shallow aquifer,lateritic saprolite,anorthite,silicate,0.13488237759065708,True,EC05,0.03
NGW-103,Regolith/alluvial shallow aquifer,lateritic saprolite,k_feldspar,silicate,0.03263895167468174,True,EC12,0.03
NGW-103,Regolith/alluvial shallow aquifer,lateritic saprolite,gypsum,evaporite,0.0,False,EC10,0.03
NGW-103,Regolith/alluvial shallow aquifer,lateritic saprolite,halite,evaporite,0.6699024672894168,True,EC11,0.03
NGW-103,Regolith/alluvial shallow aquifer,lateritic saprolite,fluorite,trace_mineral,0.0,False,EC09,0.03
NGW-103,Regolith/alluvial shallow aquifer,lateritic saprolite,apatite,trace_mineral,0.007901290074657464,False,EC06,0.03
NGW-103,Regolith/alluvial shallow aquifer,lateritic saprolite,pyrite_oxidation,redox,0.0,False,EC13,0.03
NGW-103,Regolith/alluvial shallow aquifer,lateritic saprolite,NO3src,anthropogenic,0.07482145722732081,True,EC03,0.03
NGW-103,Regolith/alluvial shallow aquifer,lateritic saprolite,denit,redox,0.0,False,EC07,0.03
NGW-103,Regolith/alluvial shallow aquifer,lateritic saprolite,CaNa_exch,ion_exchange,0.02859168198280328,False,EC01,0.03
NGW-103,Regolith/alluvial shallow aquifer,lateritic saprolite,NaCa_exch,ion_exchange,0.0,False,EC01,0.03
NGW-103,Regolith/alluvial shallow aquifer,lateritic saprolite,MgNa_exch,ion_exchange,0.1312329798931316,True,EC02,0.03
NGW-103,Regolith/alluvial shallow aquifer,lateritic saprolite,NaMg_exch,ion_exchange,0.0,False,EC02,0.03
NGW-104,Regolith/alluvial shallow aquifer,weathered regolith,calcite,carbonate,0.028356258245301653,False,EC05,0.03
NGW-104,Regolith/alluvial shallow aquifer,weathered regolith,dolomite,carbonate,0.18688758861568755,True,EC08,0.03
NGW-104,Regolith/alluvial shallow aquifer,weathered regolith,albite,silicate,0.12195476777429674,True,EC04,0.03
NGW-104,Regolith/alluvial shallow aquifer,weathered regolith,anorthite,silicate,0.028356258245301653,False,EC05,0.03
NGW-104,Regolith/alluvial shallow aquifer,weathered regolith,k_feldspar,silicate,0.07763197801256842,True,EC12,0.03
NGW-104,Regolith/alluvial shallow aquifer,weathered regolith,gypsum,evaporite,0.2050726142800697,True,EC10,0.03
NGW-104,Regolith/alluvial shallow aquifer,weathered regolith,halite,evaporite,1.2417031007734867,True,EC11,0.03
NGW-104,Regolith/alluvial shallow aquifer,weathered regolith,fluorite,trace_mineral,0.0070430670795393465,False,EC09,0.03
NGW-104,Regolith/alluvial shallow aquifer,weathered regolith,apatite,trace_mineral,0.0035848654944333116,False,EC06,0.03
NGW-104,Regolith/alluvial shallow aquifer,weathered regolith,pyrite_oxidation,redox,0.0,False,EC13,0.03
NGW-104,Regolith/alluvial shallow aquifer,weathered regolith,NO3src,anthropogenic,0.11124932772887283,True,EC03,0.03
NGW-104,Regolith/alluvial shallow aquifer,weathered regolith,denit,redox,0.0,False,EC07,0.03
NGW-104,Regolith/alluvial shallow aquifer,weathered regolith,CaNa_exch,ion_exchange,0.0,False,EC01,0.03
NGW-104,Regolith/alluvial shallow aquifer,weathered regolith,NaCa_exch,ion_exchange,0.0,False,EC01,0.03
NGW-104,Regolith/alluvial shallow aquifer,weathered regolith,MgNa_exch,ion_exchange,0.0,False,EC02,0.03
NGW-104,Regolith/alluvial shallow aquifer,weathered regolith,NaMg_exch,ion_exchange,0.0,False,EC02,0.03
NGW-105,Granitoid fractured basement aquifer,granite–gneiss weathered/fractured zone,calcite,carbonate,0.11828068749552793,True,EC05,0.03
NGW-105,Granitoid fractured basement aquifer,granite–gneiss weathered/fractured zone,dolomite,carbonate,0.21599192035856243,True,EC08,0.03
NGW-105,Granitoid fractured basement aquifer,granite–gneiss weathered/fractured zone,albite,silicate,0.0,False,EC04,0.03
NGW-105,Granitoid fractured basement aquifer,granite–gneiss weathered/fractured zone,anorthite,silicate,0.11828068749552793,True,EC05,0.03
NGW-105,Granitoid fractured basement aquifer,granite–gneiss weathered/fractured zone,k_feldspar,silicate,0.033400504867139164,True,EC12,0.03
NGW-105,Granitoid fractured basement aquifer,granite–gneiss weathered/fractured zone,gypsum,evaporite,0.010486319185052943,False,EC10,0.03
NGW-105,Granitoid fractured basement aquifer,granite–gneiss weathered/fractured zone,halite,evaporite,1.3331904664098218,True,EC11,0.03
NGW-105,Granitoid fractured basement aquifer,granite–gneiss weathered/fractured zone,fluorite,trace_mineral,0.019967381417675886,False,EC09,0.03
NGW-105,Granitoid fractured basement aquifer,granite–gneiss weathered/fractured zone,apatite,trace_mineral,0.0,False,EC06,0.03
NGW-105,Granitoid fractured basement aquifer,granite–gneiss weathered/fractured zone,pyrite_oxidation,redox,0.04344428772733309,True,EC13,0.03
NGW-105,Granitoid fractured basement aquifer,granite–gneiss weathered/fractured zone,NO3src,anthropogenic,0.16324329267381968,True,EC03,0.03
NGW-105,Granitoid fractured basement aquifer,granite–gneiss weathered/fractured zone,denit,redox,0.0,False,EC07,0.03
NGW-105,Granitoid fractured basement aquifer,granite–gneiss weathered/fractured zone,CaNa_exch,ion_exchange,0.0,False,EC01,0.03
NGW-105,Granitoid fractured basement aquifer,granite–gneiss weathered/fractured zone,NaCa_exch,ion_exchange,0.0,False,EC01,0.03
NGW-105,Granitoid fractured basement aquifer,granite–gneiss weathered/fractured zone,MgNa_exch,ion_exchange,0.17648228527657966,True,EC02,0.03
NGW-105,Granitoid fractured basement aquifer,granite–gneiss weathered/fractured zone,NaMg_exch,ion_exchange,0.0,False,EC02,0.03
NGW-106,Granitoid fractured basement aquifer,granitoid saprolite,calcite,carbonate,0.0,False,EC05,0.03
NGW-106,Granitoid fractured basement aquifer,granitoid saprolite,dolomite,carbonate,0.27209481641319705,True,EC08,0.03
NGW-106,Granitoid fractured basement aquifer,granitoid saprolite,albite,silicate,0.3257074156389788,True,EC04,0.03
NGW-106,Granitoid fractured basement aquifer,granitoid saprolite,anorthite,silicate,0.0,False,EC05,0.03
NGW-106,Granitoid fractured basement aquifer,granitoid saprolite,k_feldspar,silicate,0.04039020149749623,True,EC12,0.03
NGW-106,Granitoid fractured basement aquifer,granitoid saprolite,gypsum,evaporite,0.07124458285948881,True,EC10,0.03
NGW-106,Granitoid fractured basement aquifer,granitoid saprolite,halite,evaporite,0.880800134877308,True,EC11,0.03
NGW-106,Granitoid fractured basement aquifer,granitoid saprolite,fluorite,trace_mineral,0.006488907405052286,False,EC09,0.03
NGW-106,Granitoid fractured basement aquifer,granitoid saprolite,apatite,trace_mineral,0.01587374553167212,False,EC06,0.03
NGW-106,Granitoid fractured basement aquifer,granitoid saprolite,pyrite_oxidation,redox,0.0,False,EC13,0.03
NGW-106,Granitoid fractured basement aquifer,granitoid saprolite,NO3src,anthropogenic,0.2877720482209759,True,EC03,0.03
NGW-106,Granitoid fractured basement aquifer,granitoid saprolite,denit,redox,0.0,False,EC07,0.03
NGW-106,Granitoid fractured basement aquifer,granitoid saprolite,CaNa_exch,ion_exchange,0.0,False,EC01,0.03
NGW-106,Granitoid fractured basement aquifer,granitoid saprolite,NaCa_exch,ion_exchange,0.0,False,EC01,0.03
NGW-106,Granitoid fractured basement aquifer,granitoid saprolite,MgNa_exch,ion_exchange,0.0,False,EC02,0.03
NGW-106,Granitoid fractured basement aquifer,granitoid saprolite,NaMg_exch,ion_exchange,0.0,False,EC02,0.03
NGW-107,Regolith/alluvial shallow aquifer,valley alluvium,calcite,carbonate,0.004926536230859105,False,EC05,0.03
NGW-107,Regolith/alluvial shallow aquifer,valley alluvium,dolomite,carbonate,0.3501535111162494,True,EC08,0.03
NGW-107,Regolith/alluvial shallow aquifer,valley alluvium,albite,silicate,0.2755729535984057,True,EC04,0.03
NGW-107,Regolith/alluvial shallow aquifer,valley alluvium,anorthite,silicate,0.004926536230859105,False,EC05,0.03
NGW-107,Regolith/alluvial shallow aquifer,valley alluvium,k_feldspar,silicate,0.03440936906057806,True,EC12,0.03
NGW-107,Regolith/alluvial shallow aquifer,valley alluvium,gypsum,evaporite,0.23382423371446887,True,EC10,0.03
NGW-107,Regolith/alluvial shallow aquifer,valley alluvium,halite,evaporite,0.9781771306500839,True,EC11,0.03
NGW-107,Regolith/alluvial shallow aquifer,valley alluvium,fluorite,trace_mineral,0.007121420810459314,False,EC09,0.03
NGW-107,Regolith/alluvial shallow aquifer,valley alluvium,apatite,trace_mineral,0.012007618038981562,False,EC06,0.03
NGW-107,Regolith/alluvial shallow aquifer,valley alluvium,pyrite_oxidation,redox,0.0,False,EC13,0.03
NGW-107,Regolith/alluvial shallow aquifer,valley alluvium,NO3src,anthropogenic,0.39272282931355357,True,EC03,0.03
NGW-107,Regolith/alluvial shallow aquifer,valley alluvium,denit,redox,0.0,False,EC07,0.03
NGW-107,Regolith/alluvial shallow aquifer,valley alluvium,CaNa_exch,ion_exchange,0.0,False,EC01,0.03
NGW-107,Regolith/alluvial shallow aquifer,valley alluvium,NaCa_exch,ion_exchange,0.0,False,EC01,0.03
NGW-107,Regolith/alluvial shallow aquifer,valley alluvium,MgNa_exch,ion_exchange,0.0,False,EC02,0.03
NGW-107,Regolith/alluvial shallow aquifer,valley alluvium,NaMg_exch,ion_exchange,0.0,False,EC02,0.03
NGW-108,Birimian fractured basement aquifer,greenstone belt fracture network,calcite,carbonate,0.10191796719663483,True,EC05,0.03
NGW-108,Birimian fractured basement aquifer,greenstone belt fracture network,dolomite,carbonate,0.09289187315786292,True,EC08,0.03
NGW-108,Birimian fractured basement aquifer,greenstone belt fracture network,albite,silicate,0.0,False,EC04,0.03
NGW-108,Birimian fractured basement aquifer,greenstone belt fracture network,anorthite,silicate,0.10191796719663483,True,EC05,0.03
NGW-108,Birimian fractured basement aquifer,greenstone belt fracture network,k_feldspar,silicate,0.019476932500314067,False,EC12,0.03
NGW-108,Birimian fractured basement aquifer,greenstone belt fracture network,gypsum,evaporite,0.11810616337079331,True,EC10,0.03
NGW-108,Birimian fractured basement aquifer,greenstone belt fracture network,halite,evaporite,1.1308633971838975,True,EC11,0.03
NGW-108,Birimian fractured basement aquifer,greenstone belt fracture network,fluorite,trace_mineral,0.006745984698885146,False,EC09,0.03
NGW-108,Birimian fractured basement aquifer,greenstone belt fracture network,apatite,trace_mineral,0.0,False,EC06,0.03
NGW-108,Birimian fractured basement aquifer,greenstone belt fracture network,pyrite_oxidation,redox,0.0032724017327537985,False,EC13,0.03
NGW-108,Birimian fractured basement aquifer,greenstone belt fracture network,NO3src,anthropogenic,0.18025366392124037,True,EC03,0.03
NGW-108,Birimian fractured basement aquifer,greenstone belt fracture network,denit,redox,0.0,False,EC07,0.03
NGW-108,Birimian fractured basement aquifer,greenstone belt fracture network,CaNa_exch,ion_exchange,0.008999122250931217,False,EC01,0.03
NGW-108,Birimian fractured basement aquifer,greenstone belt fracture network,NaCa_exch,ion_exchange,0.0,False,EC01,0.03
NGW-108,Birimian fractured basement aquifer,greenstone belt fracture network,MgNa_exch,ion_exchange,0.0,False,EC02,0.03
NGW-108,Birimian fractured basement aquifer,greenstone belt fracture network,NaMg_exch,ion_exchange,0.0,False,EC02,0.03
NGW-109,Regolith/alluvial shallow aquifer,valley alluvium,calcite,carbonate,0.0,False,EC05,0.03
NGW-109,Regolith/alluvial shallow aquifer,valley alluvium,dolomite,carbonate,0.13383691351001933,True,EC08,0.03
NGW-109,Regolith/alluvial shallow aquifer,valley alluvium,albite,silicate,0.05181390771648364,True,EC04,0.03
NGW-109,Regolith/alluvial shallow aquifer,valley alluvium,anorthite,silicate,0.0,False,EC05,0.03
NGW-109,Regolith/alluvial shallow aquifer,valley alluvium,k_feldspar,silicate,0.027473726177391484,False,EC12,0.03
NGW-109,Regolith/alluvial shallow aquifer,valley alluvium,gypsum,evaporite,0.10021106249747101,True,EC10,0.03
NGW-109,Regolith/alluvial shallow aquifer,valley alluvium,halite,evaporite,1.5491235826105907,True,EC11,0.03
NGW-109,Regolith/alluvial shallow aquifer,valley alluvium,fluorite,trace_mineral,0.018655463183841117,False,EC09,0.03
NGW-109,Regolith/alluvial shallow aquifer,valley alluvium,apatite,trace_mineral,0.0,False,EC06,0.03
NGW-109,Regolith/alluvial shallow aquifer,valley alluvium,pyrite_oxidation,redox,0.0,False,EC13,0.03
NGW-109,Regolith/alluvial shallow aquifer,valley alluvium,NO3src,anthropogenic,0.20881824960087148,True,EC03,0.03
NGW-109,Regolith/alluvial shallow aquifer,valley alluvium,denit,redox,0.0,False,EC07,0.03
NGW-109,Regolith/alluvial shallow aquifer,valley alluvium,CaNa_exch,ion_exchange,0.0,False,EC01,0.03
NGW-109,Regolith/alluvial shallow aquifer,valley alluvium,NaCa_exch,ion_exchange,0.0,False,EC01,0.03
NGW-109,Regolith/alluvial shallow aquifer,valley alluvium,MgNa_exch,ion_exchange,0.0,False,EC02,0.03
NGW-109,Regolith/alluvial shallow aquifer,valley alluvium,NaMg_exch,ion_exchange,0.0,False,EC02,0.03
NGW-110,Granitoid fractured basement aquifer,granitoid saprolite,calcite,carbonate,0.0,False,EC05,0.03
NGW-110,Granitoid fractured basement aquifer,granitoid saprolite,dolomite,carbonate,0.09281371407679292,True,EC08,0.03
NGW-110,Granitoid fractured basement aquifer,granitoid saprolite,albite,silicate,0.028695104609734255,False,EC04,0.03
NGW-110,Granitoid fractured basement aquifer,granitoid saprolite,anorthite,silicate,0.3485336657766013,True,EC05,0.03
NGW-110,Granitoid fractured basement aquifer,granitoid saprolite,k_feldspar,silicate,0.10026892128252807,True,EC12,0.03
NGW-110,Granitoid fractured basement aquifer,granitoid saprolite,gypsum,evaporite,0.0,False,EC10,0.03
NGW-110,Granitoid fractured basement aquifer,granitoid saprolite,halite,evaporite,1.0725888635366307,True,EC11,0.03
NGW-110,Granitoid fractured basement aquifer,granitoid saprolite,fluorite,trace_mineral,0.0,False,EC09,0.03
NGW-110,Granitoid fractured basement aquifer,granitoid saprolite,apatite,trace_mineral,0.005832243245842135,False,EC06,0.03
NGW-110,Granitoid fractured basement aquifer,granitoid saprolite,pyrite_oxidation,redox,0.0,False,EC13,0.03
NGW-110,Granitoid fractured basement aquifer,granitoid saprolite,NO3src,anthropogenic,0.06760007320718904,True,EC03,0.03
NGW-110,Granitoid fractured basement aquifer,granitoid saprolite,denit,redox,0.0,False,EC07,0.03
NGW-110,Granitoid fractured basement aquifer,granitoid saprolite,CaNa_exch,ion_exchange,0.0,False,EC01,0.03
NGW-110,Granitoid fractured basement aquifer,granitoid saprolite,NaCa_exch,ion_exchange,0.0,False,EC01,0.03
NGW-110,Granitoid fractured basement aquifer,granitoid saprolite,MgNa_exch,ion_exchange,0.0,False,EC02,0.03
NGW-110,Granitoid fractured basement aquifer,granitoid saprolite,NaMg_exch,ion_exchange,0.0,False,EC02,0.03
NGW-111,Granitoid fractured basement aquifer,gneissic fractured basement,calcite,carbonate,0.036197846985105024,True,EC05,0.03
NGW-111,Granitoid fractured basement aquifer,gneissic fractured basement,dolomite,carbonate,0.1100705535417338,True,EC08,0.03
NGW-111,Granitoid fractured basement aquifer,gneissic fractured basement,albite,silicate,-0.0,False,EC04,0.03
NGW-111,Granitoid fractured basement aquifer,gneissic fractured basement,anorthite,silicate,0.036197846985105024,True,EC05,0.03
NGW-111,Granitoid fractured basement aquifer,gneissic fractured basement,k_feldspar,silicate,0.04317306884687217,True,EC12,0.03
NGW-111,Granitoid fractured basement aquifer,gneissic fractured basement,gypsum,evaporite,0.027463373915253657,False,EC10,0.03
NGW-111,Granitoid fractured basement aquifer,gneissic fractured basement,halite,evaporite,0.9739540222450045,True,EC11,0.03
NGW-111,Granitoid fractured basement aquifer,gneissic fractured basement,fluorite,trace_mineral,0.004532921349192345,False,EC09,0.03
NGW-111,Granitoid fractured basement aquifer,gneissic fractured basement,apatite,trace_mineral,0.018825968404628256,False,EC06,0.03
NGW-111,Granitoid fractured basement aquifer,gneissic fractured basement,pyrite_oxidation,redox,0.0,False,EC13,0.03
NGW-111,Granitoid fractured basement aquifer,gneissic fractured basement,NO3src,anthropogenic,0.27557593298697614,True,EC03,0.03
NGW-111,Granitoid fractured basement aquifer,gneissic fractured basement,denit,redox,0.0,False,EC07,0.03
NGW-111,Granitoid fractured basement aquifer,gneissic fractured basement,CaNa_exch,ion_exchange,0.061850554327505004,True,EC01,0.03
NGW-111,Granitoid fractured basement aquifer,gneissic fractured basement,NaCa_exch,ion_exchange,0.0,False,EC01,0.03
NGW-111,Granitoid fractured basement aquifer,gneissic fractured basement,MgNa_exch,ion_exchange,0.2137407796166612,True,EC02,0.03
NGW-111,Granitoid fractured basement aquifer,gneissic fractured basement,NaMg_exch,ion_exchange,0.0,False,EC02,0.03
NGW-113,Regolith/alluvial shallow aquifer,weathered regolith,calcite,carbonate,0.0,False,EC05,0.03
NGW-113,Regolith/alluvial shallow aquifer,weathered regolith,dolomite,carbonate,0.20467943036196,True,EC08,0.03
NGW-113,Regolith/alluvial shallow aquifer,weathered regolith,albite,silicate,0.0,False,EC04,0.03
NGW-113,Regolith/alluvial shallow aquifer,weathered regolith,anorthite,silicate,0.0,False,EC05,0.03
NGW-113,Regolith/alluvial shallow aquifer,weathered regolith,k_feldspar,silicate,0.10109784139355961,True,EC12,0.03
NGW-113,Regolith/alluvial shallow aquifer,weathered regolith,gypsum,evaporite,0.17101426886417995,True,EC10,0.03
NGW-113,Regolith/alluvial shallow aquifer,weathered regolith,halite,evaporite,1.7904801149425242,True,EC11,0.03
NGW-113,Regolith/alluvial shallow aquifer,weathered regolith,fluorite,trace_mineral,0.008092010323153216,False,EC09,0.03
NGW-113,Regolith/alluvial shallow aquifer,weathered regolith,apatite,trace_mineral,0.014755074301380651,False,EC06,0.03
NGW-113,Regolith/alluvial shallow aquifer,weathered regolith,pyrite_oxidation,redox,0.0,False,EC13,0.03
NGW-113,Regolith/alluvial shallow aquifer,weathered regolith,NO3src,anthropogenic,0.3712191524536065,True,EC03,0.03
NGW-113,Regolith/alluvial shallow aquifer,weathered regolith,denit,redox,0.0,False,EC07,0.03
NGW-113,Regolith/alluvial shallow aquifer,weathered regolith,CaNa_exch,ion_exchange,0.0,False,EC01,0.03
NGW-113,Regolith/alluvial shallow aquifer,weathered regolith,NaCa_exch,ion_exchange,0.18704199612906441,True,EC01,0.03
NGW-113,Regolith/alluvial shallow aquifer,weathered regolith,MgNa_exch,ion_exchange,0.2566665395439831,True,EC02,0.03
NGW-113,Regolith/alluvial shallow aquifer,weathered regolith,NaMg_exch,ion_exchange,0.0,False,EC02,0.03
NGW-114,Granitoid fractured basement aquifer,granitoid saprolite,calcite,carbonate,0.0,False,EC05,0.03
NGW-114,Granitoid fractured basement aquifer,granitoid saprolite,dolomite,carbonate,0.27712523423983765,True,EC08,0.03
NGW-114,Granitoid fractured basement aquifer,granitoid saprolite,albite,silicate,0.027042216211103514,False,EC04,0.03
NGW-114,Granitoid fractured basement aquifer,granitoid saprolite,anorthite,silicate,0.0,False,EC05,0.03
NGW-114,Granitoid fractured basement aquifer,granitoid saprolite,k_feldspar,silicate,0.06706926405582427,True,EC12,0.03
NGW-114,Granitoid fractured basement aquifer,granitoid saprolite,gypsum,evaporite,0.2466211927291266,True,EC10,0.03
NGW-114,Granitoid fractured basement aquifer,granitoid saprolite,halite,evaporite,1.610296141952875,True,EC11,0.03
NGW-114,Granitoid fractured basement aquifer,granitoid saprolite,fluorite,trace_mineral,0.03597569067764164,True,EC09,0.03
NGW-114,Granitoid fractured basement aquifer,granitoid saprolite,apatite,trace_mineral,0.0,False,EC06,0.03
NGW-114,Granitoid fractured basement aquifer,granitoid saprolite,pyrite_oxidation,redox,0.0,False,EC13,0.03
NGW-114,Granitoid fractured basement aquifer,granitoid saprolite,NO3src,anthropogenic,0.47761421035021034,True,EC03,0.03
NGW-114,Granitoid fractured basement aquifer,granitoid saprolite,denit,redox,0.0,False,EC07,0.03
NGW-114,Granitoid fractured basement aquifer,granitoid saprolite,CaNa_exch,ion_exchange,0.0,False,EC01,0.03
NGW-114,Granitoid fractured basement aquifer,granitoid saprolite,NaCa_exch,ion_exchange,0.17112785353822907,True,EC01,0.03
NGW-114,Granitoid fractured basement aquifer,granitoid saprolite,MgNa_exch,ion_exchange,0.025127013904394212,False,EC02,0.03
NGW-114,Granitoid fractured basement aquifer,granitoid saprolite,NaMg_exch,ion_exchange,0.0,False,EC02,0.03
NGW-117,Regolith/alluvial shallow aquifer,valley alluvium,calcite,carbonate,0.010965609073093196,False,EC05,0.03
NGW-117,Regolith/alluvial shallow aquifer,valley alluvium,dolomite,carbonate,0.16224471554162267,True,EC08,0.03
NGW-117,Regolith/alluvial shallow aquifer,valley alluvium,albite,silicate,0.0,False,EC04,0.03
NGW-117,Regolith/alluvial shallow aquifer,valley alluvium,anorthite,silicate,0.010965609073093196,False,EC05,0.03
NGW-117,Regolith/alluvial shallow aquifer,valley alluvium,k_feldspar,silicate,0.06048326288506693,True,EC12,0.03
NGW-117,Regolith/alluvial shallow aquifer,valley alluvium,gypsum,evaporite,0.028583098944673098,False,EC10,0.03
NGW-117,Regolith/alluvial shallow aquifer,valley alluvium,halite,evaporite,1.4725313592645057,True,EC11,0.03
NGW-117,Regolith/alluvial shallow aquifer,valley alluvium,fluorite,trace_mineral,0.0,False,EC09,0.03
NGW-117,Regolith/alluvial shallow aquifer,valley alluvium,apatite,trace_mineral,0.0,False,EC06,0.03
NGW-117,Regolith/alluvial shallow aquifer,valley alluvium,pyrite_oxidation,redox,0.0,False,EC13,0.03
NGW-117,Regolith/alluvial shallow aquifer,valley alluvium,NO3src,anthropogenic,0.10595364611410966,True,EC03,0.03
NGW-117,Regolith/alluvial shallow aquifer,valley alluvium,denit,redox,0.0,False,EC07,0.03
NGW-117,Regolith/alluvial shallow aquifer,valley alluvium,CaNa_exch,ion_exchange,0.0,False,EC01,0.03
NGW-117,Regolith/alluvial shallow aquifer,valley alluvium,NaCa_exch,ion_exchange,0.0,False,EC01,0.03
NGW-117,Regolith/alluvial shallow aquifer,valley alluvium,MgNa_exch,ion_exchange,0.06657863079058951,True,EC02,0.03
NGW-117,Regolith/alluvial shallow aquifer,valley alluvium,NaMg_exch,ion_exchange,0.0,False,EC02,0.03
NGW-118,Birimian fractured basement aquifer,greenstone belt fracture network,calcite,carbonate,0.0,False,EC05,0.03
NGW-118,Birimian fractured basement aquifer,greenstone belt fracture network,dolomite,carbonate,0.2934700301945248,True,EC08,0.03
NGW-118,Birimian fractured basement aquifer,greenstone belt fracture network,albite,silicate,0.044239258669524696,True,EC04,0.03
NGW-118,Birimian fractured basement aquifer,greenstone belt fracture network,anorthite,silicate,0.0,False,EC05,0.03
NGW-118,Birimian fractured basement aquifer,greenstone belt fracture network,k_feldspar,silicate,0.01106208647046838,False,EC12,0.03
NGW-118,Birimian fractured basement aquifer,greenstone belt fracture network,gypsum,evaporite,0.02665100909547475,False,EC10,0.03
NGW-118,Birimian fractured basement aquifer,greenstone belt fracture network,halite,evaporite,0.8736318967891634,True,EC11,0.03
NGW-118,Birimian fractured basement aquifer,greenstone belt fracture network,fluorite,trace_mineral,0.014256683704121713,False,EC09,0.03
NGW-118,Birimian fractured basement aquifer,greenstone belt fracture network,apatite,trace_mineral,0.0,False,EC06,0.03
NGW-118,Birimian fractured basement aquifer,greenstone belt fracture network,pyrite_oxidation,redox,0.05074692256766687,True,EC13,0.03
NGW-118,Birimian fractured basement aquifer,greenstone belt fracture network,NO3src,anthropogenic,0.12793874857539886,True,EC03,0.03
NGW-118,Birimian fractured basement aquifer,greenstone belt fracture network,denit,redox,0.0,False,EC07,0.03
NGW-118,Birimian fractured basement aquifer,greenstone belt fracture network,CaNa_exch,ion_exchange,0.0,False,EC01,0.03
NGW-118,Birimian fractured basement aquifer,greenstone belt fracture network,NaCa_exch,ion_exchange,0.10779659932065025,True,EC01,0.03
NGW-118,Birimian fractured basement aquifer,greenstone belt fracture network,MgNa_exch,ion_exchange,0.010667049767181816,False,EC02,0.03
NGW-118,Birimian fractured basement aquifer,greenstone belt fracture network,NaMg_exch,ion_exchange,0.0,False,EC02,0.03
NGW-119,Regolith/alluvial shallow aquifer,lateritic saprolite,calcite,carbonate,0.0,False,EC05,0.03
NGW-119,Regolith/alluvial shallow aquifer,lateritic saprolite,dolomite,carbonate,0.25910174878334136,True,EC08,0.03
NGW-119,Regolith/alluvial shallow aquifer,lateritic saprolite,albite,silicate,0.07513074805009756,True,EC04,0.03
NGW-119,Regolith/alluvial shallow aquifer,lateritic saprolite,anorthite,silicate,0.14123446347489121,True,EC05,0.03
NGW-119,Regolith/alluvial shallow aquifer,lateritic saprolite,k_feldspar,silicate,0.03775527080531926,True,EC12,0.03
NGW-119,Regolith/alluvial shallow aquifer,lateritic saprolite,gypsum,evaporite,0.16197635190474408,True,EC10,0.03
NGW-119,Regolith/alluvial shallow aquifer,lateritic saprolite,halite,evaporite,1.2634454012936738,True,EC11,0.03
NGW-119,Regolith/alluvial shallow aquifer,lateritic saprolite,fluorite,trace_mineral,0.0,False,EC09,0.03
NGW-119,Regolith/alluvial shallow aquifer,lateritic saprolite,apatite,trace_mineral,0.0,False,EC06,0.03
NGW-119,Regolith/alluvial shallow aquifer,lateritic saprolite,pyrite_oxidation,redox,0.010380139983927174,False,EC13,0.03
NGW-119,Regolith/alluvial shallow aquifer,lateritic saprolite,NO3src,anthropogenic,0.037109785122188876,True,EC03,0.03
NGW-119,Regolith/alluvial shallow aquifer,lateritic saprolite,denit,redox,0.0,False,EC07,0.03
NGW-119,Regolith/alluvial shallow aquifer,lateritic saprolite,CaNa_exch,ion_exchange,0.0,False,EC01,0.03
NGW-119,Regolith/alluvial shallow aquifer,lateritic saprolite,NaCa_exch,ion_exchange,0.0,False,EC01,0.03
NGW-119,Regolith/alluvial shallow aquifer,lateritic saprolite,MgNa_exch,ion_exchange,0.0,False,EC02,0.03
NGW-119,Regolith/alluvial shallow aquifer,lateritic saprolite,NaMg_exch,ion_exchange,0.0,False,EC02,0.03
NGW-120,Regolith/alluvial shallow aquifer,lateritic saprolite,calcite,carbonate,0.11658205255887594,True,EC05,0.03
NGW-120,Regolith/alluvial shallow aquifer,lateritic saprolite,dolomite,carbonate,0.07772763090359498,True,EC08,0.03
NGW-120,Regolith/alluvial shallow aquifer,lateritic saprolite,albite,silicate,0.16010446560491093,True,EC04,0.03
NGW-120,Regolith/alluvial shallow aquifer,lateritic saprolite,anorthite,silicate,0.11658205255887594,True,EC05,0.03
NGW-120,Regolith/alluvial shallow aquifer,lateritic saprolite,k_feldspar,silicate,0.040051863472154545,True,EC12,0.03
NGW-120,Regolith/alluvial shallow aquifer,lateritic saprolite,gypsum,evaporite,0.27819489608602843,True,EC10,0.03
NGW-120,Regolith/alluvial shallow aquifer,lateritic saprolite,halite,evaporite,1.1424135918975655,True,EC11,0.03
NGW-120,Regolith/alluvial shallow aquifer,lateritic saprolite,fluorite,trace_mineral,0.0,False,EC09,0.03
NGW-120,Regolith/alluvial shallow aquifer,lateritic saprolite,apatite,trace_mineral,0.0,False,EC06,0.03
NGW-120,Regolith/alluvial shallow aquifer,lateritic saprolite,pyrite_oxidation,redox,0.0037109102441466907,False,EC13,0.03
NGW-120,Regolith/alluvial shallow aquifer,lateritic saprolite,NO3src,anthropogenic,0.06583484600226812,True,EC03,0.03
NGW-120,Regolith/alluvial shallow aquifer,lateritic saprolite,denit,redox,0.0,False,EC07,0.03
NGW-120,Regolith/alluvial shallow aquifer,lateritic saprolite,CaNa_exch,ion_exchange,0.0,False,EC01,0.03
NGW-120,Regolith/alluvial shallow aquifer,lateritic saprolite,NaCa_exch,ion_exchange,0.0,False,EC01,0.03
NGW-120,Regolith/alluvial shallow aquifer,lateritic saprolite,MgNa_exch,ion_exchange,0.0,False,EC02,0.03
NGW-120,Regolith/alluvial shallow aquifer,lateritic saprolite,NaMg_exch,ion_exchange,0.0,False,EC02,0.03
NGW-121,Granitoid fractured basement aquifer,granite–gneiss weathered/fractured zone,calcite,carbonate,0.0,False,EC05,0.03
NGW-121,Granitoid fractured basement aquifer,granite–gneiss weathered/fractured zone,dolomite,carbonate,0.07156067279717501,True,EC08,0.03
NGW-121,Granitoid fractured basement aquifer,granite–gneiss weathered/fractured zone,albite,silicate,0.0,False,EC04,0.03
NGW-121,Granitoid fractured basement aquifer,granite–gneiss weathered/fractured zone,anorthite,silicate,0.0,False,EC05,0.03
NGW-121,Granitoid fractured basement aquifer,granite–gneiss weathered/fractured zone,k_feldspar,silicate,0.027390791265315913,False,EC12,0.03
NGW-121,Granitoid fractured basement aquifer,granite–gneiss weathered/fractured zone,gypsum,evaporite,0.06273321503664396,True,EC10,0.03
NGW-121,Granitoid fractured basement aquifer,granite–gneiss weathered/fractured zone,halite,evaporite,0.8731429656611129,True,EC11,0.03
NGW-121,Granitoid fractured basement aquifer,granite–gneiss weathered/fractured zone,fluorite,trace_mineral,0.0,False,EC09,0.03
NGW-121,Granitoid fractured basement aquifer,granite–gneiss weathered/fractured zone,apatite,trace_mineral,0.024378798136054543,False,EC06,0.03
NGW-121,Granitoid fractured basement aquifer,granite–gneiss weathered/fractured zone,pyrite_oxidation,redox,0.0,False,EC13,0.03
NGW-121,Granitoid fractured basement aquifer,granite–gneiss weathered/fractured zone,NO3src,anthropogenic,0.18651219674161174,True,EC03,0.03
NGW-121,Granitoid fractured basement aquifer,granite–gneiss weathered/fractured zone,denit,redox,0.0,False,EC07,0.03
NGW-121,Granitoid fractured basement aquifer,granite–gneiss weathered/fractured zone,CaNa_exch,ion_exchange,0.0,False,EC01,0.03
NGW-121,Granitoid fractured basement aquifer,granite–gneiss weathered/fractured zone,NaCa_exch,ion_exchange,0.0,False,EC01,0.03
NGW-121,Granitoid fractured basement aquifer,granite–gneiss weathered/fractured zone,MgNa_exch,ion_exchange,0.1332747907893954,True,EC02,0.03
NGW-121,Granitoid fractured basement aquifer,granite–gneiss weathered/fractured zone,NaMg_exch,ion_exchange,0.0,False,EC02,0.03
NGW-122,Middle Voltaian sedimentary aquifer,siltstone–shale unit,calcite,carbonate,0.0,False,EC05,0.03
NGW-122,Middle Voltaian sedimentary aquifer,siltstone–shale unit,dolomite,carbonate,0.02728832081991577,False,EC08,0.03
NGW-122,Middle Voltaian sedimentary aquifer,siltstone–shale unit,albite,silicate,0.0,False,EC04,0.03
NGW-122,Middle Voltaian sedimentary aquifer,siltstone–shale unit,anorthite,silicate,0.0,False,EC05,0.03
NGW-122,Middle Voltaian sedimentary aquifer,siltstone–shale unit,k_feldspar,silicate,-0.0,False,EC12,0.03
NGW-122,Middle Voltaian sedimentary aquifer,siltstone–shale unit,gypsum,evaporite,0.22914401810185,True,EC10,0.03
NGW-122,Middle Voltaian sedimentary aquifer,siltstone–shale unit,halite,evaporite,0.0,False,EC11,0.03
NGW-122,Middle Voltaian sedimentary aquifer,siltstone–shale unit,fluorite,trace_mineral,-0.0,False,EC09,0.03
NGW-122,Middle Voltaian sedimentary aquifer,siltstone–shale unit,apatite,trace_mineral,0.03255315575730912,True,EC06,0.03
NGW-122,Middle Voltaian sedimentary aquifer,siltstone–shale unit,pyrite_oxidation,redox,0.0,False,EC13,0.03
NGW-122,Middle Voltaian sedimentary aquifer,siltstone–shale unit,NO3src,anthropogenic,0.11991500101795896,True,EC03,0.03
NGW-122,Middle Voltaian sedimentary aquifer,siltstone–shale unit,denit,redox,0.0,False,EC07,0.03
NGW-122,Middle Voltaian sedimentary aquifer,siltstone–shale unit,CaNa_exch,ion_exchange,0.0,False,EC01,0.03
NGW-122,Middle Voltaian sedimentary aquifer,siltstone–shale unit,NaCa_exch,ion_exchange,0.0,False,EC01,0.03
NGW-122,Middle Voltaian sedimentary aquifer,siltstone–shale unit,MgNa_exch,ion_exchange,0.09266755458742493,True,EC02,0.03
NGW-122,Middle Voltaian sedimentary aquifer,siltstone–shale unit,NaMg_exch,ion_exchange,0.0,False,EC02,0.03
NGW-125,Birimian fractured basement aquifer,phyllite–schist fractured zone,calcite,carbonate,0.06545351247207284,True,EC05,0.03
NGW-125,Birimian fractured basement aquifer,phyllite–schist fractured zone,dolomite,carbonate,0.1037479848830771,True,EC08,0.03
NGW-125,Birimian fractured basement aquifer,phyllite–schist fractured zone,albite,silicate,0.0,False,EC04,0.03
NGW-125,Birimian fractured basement aquifer,phyllite–schist fractured zone,anorthite,silicate,0.06545351247207284,True,EC05,0.03
NGW-125,Birimian fractured basement aquifer,phyllite–schist fractured zone,k_feldspar,silicate,0.06512077886587289,True,EC12,0.03
NGW-125,Birimian fractured basement aquifer,phyllite–schist fractured zone,gypsum,evaporite,0.17091005721085317,True,EC10,0.03
NGW-125,Birimian fractured basement aquifer,phyllite–schist fractured zone,halite,evaporite,0.46176247431653894,True,EC11,0.03
NGW-125,Birimian fractured basement aquifer,phyllite–schist fractured zone,fluorite,trace_mineral,0.0,False,EC09,0.03
NGW-125,Birimian fractured basement aquifer,phyllite–schist fractured zone,apatite,trace_mineral,0.0010190223510591053,False,EC06,0.03
NGW-125,Birimian fractured basement aquifer,phyllite–schist fractured zone,pyrite_oxidation,redox,0.0,False,EC13,0.03
NGW-125,Birimian fractured basement aquifer,phyllite–schist fractured zone,NO3src,anthropogenic,0.07177242841882066,True,EC03,0.03
NGW-125,Birimian fractured basement aquifer,phyllite–schist fractured zone,denit,redox,0.0,False,EC07,0.03
NGW-125,Birimian fractured basement aquifer,phyllite–schist fractured zone,CaNa_exch,ion_exchange,0.0,False,EC01,0.03
NGW-125,Birimian fractured basement aquifer,phyllite–schist fractured zone,NaCa_exch,ion_exchange,0.0,False,EC01,0.03
NGW-125,Birimian fractured basement aquifer,phyllite–schist fractured zone,MgNa_exch,ion_exchange,0.0014039703935076488,False,EC02,0.03
NGW-125,Birimian fractured basement aquifer,phyllite–schist fractured zone,NaMg_exch,ion_exchange,0.0,False,EC02,0.03
NGW-126,Birimian fractured basement aquifer,phyllite–schist fractured zone,calcite,carbonate,0.033005706002399465,True,EC05,0.03
NGW-126,Birimian fractured basement aquifer,phyllite–schist fractured zone,dolomite,carbonate,0.054771126992289434,True,EC08,0.03
NGW-126,Birimian fractured basement aquifer,phyllite–schist fractured zone,albite,silicate,0.02591752045596282,False,EC04,0.03
NGW-126,Birimian fractured basement aquifer,phyllite–schist fractured zone,anorthite,silicate,0.033005706002399465,True,EC05,0.03
NGW-126,Birimian fractured basement aquifer,phyllite–schist fractured zone,k_feldspar,silicate,-0.0,False,EC12,0.03
NGW-126,Birimian fractured basement aquifer,phyllite–schist fractured zone,gypsum,evaporite,0.27327225092732255,True,EC10,0.03
NGW-126,Birimian fractured basement aquifer,phyllite–schist fractured zone,halite,evaporite,0.4159854761919327,True,EC11,0.03
NGW-126,Birimian fractured basement aquifer,phyllite–schist fractured zone,fluorite,trace_mineral,-0.0,False,EC09,0.03
NGW-126,Birimian fractured basement aquifer,phyllite–schist fractured zone,apatite,trace_mineral,0.00976751219821829,False,EC06,0.03
NGW-126,Birimian fractured basement aquifer,phyllite–schist fractured zone,pyrite_oxidation,redox,0.0,False,EC13,0.03
NGW-126,Birimian fractured basement aquifer,phyllite–schist fractured zone,NO3src,anthropogenic,0.0,False,EC03,0.03
NGW-126,Birimian fractured basement aquifer,phyllite–schist fractured zone,denit,redox,0.13708880056179207,True,EC07,0.03
NGW-126,Birimian fractured basement aquifer,phyllite–schist fractured zone,CaNa_exch,ion_exchange,0.0,False,EC01,0.03
NGW-126,Birimian fractured basement aquifer,phyllite–schist fractured zone,NaCa_exch,ion_exchange,0.0,False,EC01,0.03
NGW-126,Birimian fractured basement aquifer,phyllite–schist fractured zone,MgNa_exch,ion_exchange,0.0,False,EC02,0.03
NGW-126,Birimian fractured basement aquifer,phyllite–schist fractured zone,NaMg_exch,ion_exchange,0.0,False,EC02,0.03
NGW-127,Birimian fractured basement aquifer,greenstone belt fracture network,calcite,carbonate,0.011633626843372363,False,EC05,0.03
NGW-127,Birimian fractured basement aquifer,greenstone belt fracture network,dolomite,carbonate,0.16408255187237944,True,EC08,0.03
NGW-127,Birimian fractured basement aquifer,greenstone belt fracture network,albite,silicate,0.2506553810003525,True,EC04,0.03
NGW-127,Birimian fractured basement aquifer,greenstone belt fracture network,anorthite,silicate,0.011633626843372363,False,EC05,0.03
NGW-127,Birimian fractured basement aquifer,greenstone belt fracture network,k_feldspar,silicate,0.08445610704330012,True,EC12,0.03
NGW-127,Birimian fractured basement aquifer,greenstone belt fracture network,gypsum,evaporite,0.0,False,EC10,0.03
NGW-127,Birimian fractured basement aquifer,greenstone belt fracture network,halite,evaporite,0.9487945413474493,True,EC11,0.03
NGW-127,Birimian fractured basement aquifer,greenstone belt fracture network,fluorite,trace_mineral,0.005452896866987999,False,EC09,0.03
NGW-127,Birimian fractured basement aquifer,greenstone belt fracture network,apatite,trace_mineral,0.0,False,EC06,0.03
NGW-127,Birimian fractured basement aquifer,greenstone belt fracture network,pyrite_oxidation,redox,0.11926784511152275,True,EC13,0.03
NGW-127,Birimian fractured basement aquifer,greenstone belt fracture network,NO3src,anthropogenic,0.0,False,EC03,0.03
NGW-127,Birimian fractured basement aquifer,greenstone belt fracture network,denit,redox,0.07805519625408897,True,EC07,0.03
NGW-127,Birimian fractured basement aquifer,greenstone belt fracture network,CaNa_exch,ion_exchange,0.0,False,EC01,0.03
NGW-127,Birimian fractured basement aquifer,greenstone belt fracture network,NaCa_exch,ion_exchange,0.0,False,EC01,0.03
NGW-127,Birimian fractured basement aquifer,greenstone belt fracture network,MgNa_exch,ion_exchange,0.0,False,EC02,0.03
NGW-127,Birimian fractured basement aquifer,greenstone belt fracture network,NaMg_exch,ion_exchange,0.0,False,EC02,0.03
NGW-129,Granitoid fractured basement aquifer,granite–gneiss weathered/fractured zone,calcite,carbonate,0.08975840412310503,True,EC05,0.03
NGW-129,Granitoid fractured basement aquifer,granite–gneiss weathered/fractured zone,dolomite,carbonate,0.11482383673636216,True,EC08,0.03
NGW-129,Granitoid fractured basement aquifer,granite–gneiss weathered/fractured zone,albite,silicate,0.0,False,EC04,0.03
NGW-129,Granitoid fractured basement aquifer,granite–gneiss weathered/fractured zone,anorthite,silicate,0.08975840412310503,True,EC05,0.03
NGW-129,Granitoid fractured basement aquifer,granite–gneiss weathered/fractured zone,k_feldspar,silicate,0.03433241206722502,True,EC12,0.03
NGW-129,Granitoid fractured basement aquifer,granite–gneiss weathered/fractured zone,gypsum,evaporite,0.015152662552317897,False,EC10,0.03
NGW-129,Granitoid fractured basement aquifer,granite–gneiss weathered/fractured zone,halite,evaporite,0.8676369957328509,True,EC11,0.03
NGW-129,Granitoid fractured basement aquifer,granite–gneiss weathered/fractured zone,fluorite,trace_mineral,0.0,False,EC09,0.03
NGW-129,Granitoid fractured basement aquifer,granite–gneiss weathered/fractured zone,apatite,trace_mineral,0.003342602865933006,False,EC06,0.03
NGW-129,Granitoid fractured basement aquifer,granite–gneiss weathered/fractured zone,pyrite_oxidation,redox,0.0,False,EC13,0.03
NGW-129,Granitoid fractured basement aquifer,granite–gneiss weathered/fractured zone,NO3src,anthropogenic,0.1324320541879254,True,EC03,0.03
NGW-129,Granitoid fractured basement aquifer,granite–gneiss weathered/fractured zone,denit,redox,0.0,False,EC07,0.03
NGW-129,Granitoid fractured basement aquifer,granite–gneiss weathered/fractured zone,CaNa_exch,ion_exchange,0.04070386176104532,True,EC01,0.03
NGW-129,Granitoid fractured basement aquifer,granite–gneiss weathered/fractured zone,NaCa_exch,ion_exchange,0.0,False,EC01,0.03
NGW-129,Granitoid fractured basement aquifer,granite–gneiss weathered/fractured zone,MgNa_exch,ion_exchange,0.10267183670159626,True,EC02,0.03
NGW-129,Granitoid fractured basement aquifer,granite–gneiss weathered/fractured zone,NaMg_exch,ion_exchange,0.0,False,EC02,0.03
NGW-130,Granitoid fractured basement aquifer,granite–gneiss weathered/fractured zone,calcite,carbonate,0.0,False,EC05,0.03
NGW-130,Granitoid fractured basement aquifer,granite–gneiss weathered/fractured zone,dolomite,carbonate,-0.007684729478245546,False,EC08,0.03
NGW-130,Granitoid fractured basement aquifer,granite–gneiss weathered/fractured zone,albite,silicate,-0.0,False,EC04,0.03
NGW-130,Granitoid fractured basement aquifer,granite–gneiss weathered/fractured zone,anorthite,silicate,0.0,False,EC05,0.03
NGW-130,Granitoid fractured basement aquifer,granite–gneiss weathered/fractured zone,k_feldspar,silicate,0.01852325906263308,False,EC12,0.03
NGW-130,Granitoid fractured basement aquifer,granite–gneiss weathered/fractured zone,gypsum,evaporite,0.0,False,EC10,0.03
NGW-130,Granitoid fractured basement aquifer,granite–gneiss weathered/fractured zone,halite,evaporite,0.6349950669152505,True,EC11,0.03
NGW-130,Granitoid fractured basement aquifer,granite–gneiss weathered/fractured zone,fluorite,trace_mineral,-0.006307913373690652,False,EC09,0.03
NGW-130,Granitoid fractured basement aquifer,granite–gneiss weathered/fractured zone,apatite,trace_mineral,0.043879638377603565,True,EC06,0.03
NGW-130,Granitoid fractured basement aquifer,granite–gneiss weathered/fractured zone,pyrite_oxidation,redox,0.0,False,EC13,0.03
NGW-130,Granitoid fractured basement aquifer,granite–gneiss weathered/fractured zone,NO3src,anthropogenic,0.0,False,EC03,0.03
NGW-130,Granitoid fractured basement aquifer,granite–gneiss weathered/fractured zone,denit,redox,0.1361816872344524,True,EC07,0.03
NGW-130,Granitoid fractured basement aquifer,granite–gneiss weathered/fractured zone,CaNa_exch,ion_exchange,0.11827552060914719,True,EC01,0.03
NGW-130,Granitoid fractured basement aquifer,granite–gneiss weathered/fractured zone,NaCa_exch,ion_exchange,0.0,False,EC01,0.03
NGW-130,Granitoid fractured basement aquifer,granite–gneiss weathered/fractured zone,MgNa_exch,ion_exchange,0.0,False,EC02,0.03
NGW-130,Granitoid fractured basement aquifer,granite–gneiss weathered/fractured zone,NaMg_exch,ion_exchange,0.11861168299318019,True,EC02,0.03
NGW-131,Birimian fractured basement aquifer,metavolcanic–metasedimentary rocks,calcite,carbonate,0.1000889543708125,True,EC05,0.03
NGW-131,Birimian fractured basement aquifer,metavolcanic–metasedimentary rocks,dolomite,carbonate,0.10549007882284968,True,EC08,0.03
NGW-131,Birimian fractured basement aquifer,metavolcanic–metasedimentary rocks,albite,silicate,0.0,False,EC04,0.03
NGW-131,Birimian fractured basement aquifer,metavolcanic–metasedimentary rocks,anorthite,silicate,0.1000889543708125,True,EC05,0.03
NGW-131,Birimian fractured basement aquifer,metavolcanic–metasedimentary rocks,k_feldspar,silicate,0.062493612002224766,True,EC12,0.03
NGW-131,Birimian fractured basement aquifer,metavolcanic–metasedimentary rocks,gypsum,evaporite,0.16292634334890155,True,EC10,0.03
NGW-131,Birimian fractured basement aquifer,metavolcanic–metasedimentary rocks,halite,evaporite,0.7618385693152167,True,EC11,0.03
NGW-131,Birimian fractured basement aquifer,metavolcanic–metasedimentary rocks,fluorite,trace_mineral,-0.0,False,EC09,0.03
NGW-131,Birimian fractured basement aquifer,metavolcanic–metasedimentary rocks,apatite,trace_mineral,0.009969727500526371,False,EC06,0.03
NGW-131,Birimian fractured basement aquifer,metavolcanic–metasedimentary rocks,pyrite_oxidation,redox,0.0,False,EC13,0.03
NGW-131,Birimian fractured basement aquifer,metavolcanic–metasedimentary rocks,NO3src,anthropogenic,0.3824524164849222,True,EC03,0.03
NGW-131,Birimian fractured basement aquifer,metavolcanic–metasedimentary rocks,denit,redox,0.0,False,EC07,0.03
NGW-131,Birimian fractured basement aquifer,metavolcanic–metasedimentary rocks,CaNa_exch,ion_exchange,0.04883080955601487,True,EC01,0.03
NGW-131,Birimian fractured basement aquifer,metavolcanic–metasedimentary rocks,NaCa_exch,ion_exchange,0.0,False,EC01,0.03
NGW-131,Birimian fractured basement aquifer,metavolcanic–metasedimentary rocks,MgNa_exch,ion_exchange,0.05766185500369928,True,EC02,0.03
NGW-131,Birimian fractured basement aquifer,metavolcanic–metasedimentary rocks,NaMg_exch,ion_exchange,0.0,False,EC02,0.03
NGW-133,Regolith/alluvial shallow aquifer,weathered regolith,calcite,carbonate,0.0,False,EC05,0.03
NGW-133,Regolith/alluvial shallow aquifer,weathered regolith,dolomite,carbonate,0.14110399984410574,True,EC08,0.03
NGW-133,Regolith/alluvial shallow aquifer,weathered regolith,albite,silicate,0.0,False,EC04,0.03
NGW-133,Regolith/alluvial shallow aquifer,weathered regolith,anorthite,silicate,0.0,False,EC05,0.03
NGW-133,Regolith/alluvial shallow aquifer,weathered regolith,k_feldspar,silicate,0.02370247957127462,False,EC12,0.03
NGW-133,Regolith/alluvial shallow aquifer,weathered regolith,gypsum,evaporite,0.13464513134282824,True,EC10,0.03
NGW-133,Regolith/alluvial shallow aquifer,weathered regolith,halite,evaporite,0.9172470320465839,True,EC11,0.03
NGW-133,Regolith/alluvial shallow aquifer,weathered regolith,fluorite,trace_mineral,0.0,False,EC09,0.03
NGW-133,Regolith/alluvial shallow aquifer,weathered regolith,apatite,trace_mineral,0.0,False,EC06,0.03
NGW-133,Regolith/alluvial shallow aquifer,weathered regolith,pyrite_oxidation,redox,0.0,False,EC13,0.03
NGW-133,Regolith/alluvial shallow aquifer,weathered regolith,NO3src,anthropogenic,0.06936530041210479,True,EC03,0.03
NGW-133,Regolith/alluvial shallow aquifer,weathered regolith,denit,redox,0.0,False,EC07,0.03
NGW-133,Regolith/alluvial shallow aquifer,weathered regolith,CaNa_exch,ion_exchange,0.0,False,EC01,0.03
NGW-133,Regolith/alluvial shallow aquifer,weathered regolith,NaCa_exch,ion_exchange,0.0,False,EC01,0.03
NGW-133,Regolith/alluvial shallow aquifer,weathered regolith,MgNa_exch,ion_exchange,0.09965044611371893,True,EC02,0.03
NGW-133,Regolith/alluvial shallow aquifer,weathered regolith,NaMg_exch,ion_exchange,0.0,False,EC02,0.03
NGW-134,Middle Voltaian sedimentary aquifer,siltstone–shale unit,calcite,carbonate,0.09452632328116817,True,EC05,0.03
NGW-134,Middle Voltaian sedimentary aquifer,siltstone–shale unit,dolomite,carbonate,0.21454767576664924,True,EC08,0.03
NGW-134,Middle Voltaian sedimentary aquifer,siltstone–shale unit,albite,silicate,0.0,False,EC04,0.03
NGW-134,Middle Voltaian sedimentary aquifer,siltstone–shale unit,anorthite,silicate,0.09452632328116817,True,EC05,0.03
NGW-134,Middle Voltaian sedimentary aquifer,siltstone–shale unit,k_feldspar,silicate,0.059435470594194136,True,EC12,0.03
NGW-134,Middle Voltaian sedimentary aquifer,siltstone–shale unit,gypsum,evaporite,0.0,False,EC10,0.03
NGW-134,Middle Voltaian sedimentary aquifer,siltstone–shale unit,halite,evaporite,1.2220748866772102,True,EC11,0.03
NGW-134,Middle Voltaian sedimentary aquifer,siltstone–shale unit,fluorite,trace_mineral,0.0,False,EC09,0.03
NGW-134,Middle Voltaian sedimentary aquifer,siltstone–shale unit,apatite,trace_mineral,-0.010161020208030102,False,EC06,0.03
NGW-134,Middle Voltaian sedimentary aquifer,siltstone–shale unit,pyrite_oxidation,redox,0.09155920944333415,True,EC13,0.03
NGW-134,Middle Voltaian sedimentary aquifer,siltstone–shale unit,NO3src,anthropogenic,0.0,False,EC03,0.03
NGW-134,Middle Voltaian sedimentary aquifer,siltstone–shale unit,denit,redox,0.14031092282537402,True,EC07,0.03
NGW-134,Middle Voltaian sedimentary aquifer,siltstone–shale unit,CaNa_exch,ion_exchange,0.0,False,EC01,0.03
NGW-134,Middle Voltaian sedimentary aquifer,siltstone–shale unit,NaCa_exch,ion_exchange,0.0,False,EC01,0.03
NGW-134,Middle Voltaian sedimentary aquifer,siltstone–shale unit,MgNa_exch,ion_exchange,0.12485310353745102,True,EC02,0.03
NGW-134,Middle Voltaian sedimentary aquifer,siltstone–shale unit,NaMg_exch,ion_exchange,0.0,False,EC02,0.03
NGW-135,Granitoid fractured basement aquifer,granitoid saprolite,calcite,carbonate,0.0,False,EC05,0.03
NGW-135,Granitoid fractured basement aquifer,granitoid saprolite,dolomite,carbonate,0.11621611954457697,True,EC08,0.03
NGW-135,Granitoid fractured basement aquifer,granitoid saprolite,albite,silicate,0.0,False,EC04,0.03
NGW-135,Granitoid fractured basement aquifer,granitoid saprolite,anorthite,silicate,0.0,False,EC05,0.03
NGW-135,Granitoid fractured basement aquifer,granitoid saprolite,k_feldspar,silicate,0.025918740793574348,False,EC12,0.03
NGW-135,Granitoid fractured basement aquifer,granitoid saprolite,gypsum,evaporite,0.28144578984886104,True,EC10,0.03
NGW-135,Granitoid fractured basement aquifer,granitoid saprolite,halite,evaporite,0.6016685239008231,True,EC11,0.03
NGW-135,Granitoid fractured basement aquifer,granitoid saprolite,fluorite,trace_mineral,-0.0,False,EC09,0.03
NGW-135,Granitoid fractured basement aquifer,granitoid saprolite,apatite,trace_mineral,0.005218671766416099,False,EC06,0.03
NGW-135,Granitoid fractured basement aquifer,granitoid saprolite,pyrite_oxidation,redox,0.0,False,EC13,0.03
NGW-135,Granitoid fractured basement aquifer,granitoid saprolite,NO3src,anthropogenic,0.0,False,EC03,0.03
NGW-135,Granitoid fractured basement aquifer,granitoid saprolite,denit,redox,0.20203006140688948,True,EC07,0.03
NGW-135,Granitoid fractured basement aquifer,granitoid saprolite,CaNa_exch,ion_exchange,0.0,False,EC01,0.03
NGW-135,Granitoid fractured basement aquifer,granitoid saprolite,NaCa_exch,ion_exchange,0.0,False,EC01,0.03
NGW-135,Granitoid fractured basement aquifer,granitoid saprolite,MgNa_exch,ion_exchange,0.00776900640362425,False,EC02,0.03
NGW-135,Granitoid fractured basement aquifer,granitoid saprolite,NaMg_exch,ion_exchange,0.0,False,EC02,0.03
NGW-136,Birimian fractured basement aquifer,metavolcanic–metasedimentary rocks,calcite,carbonate,0.0,False,EC05,0.03
NGW-136,Birimian fractured basement aquifer,metavolcanic–metasedimentary rocks,dolomite,carbonate,0.1625088413045853,True,EC08,0.03
NGW-136,Birimian fractured basement aquifer,metavolcanic–metasedimentary rocks,albite,silicate,0.0,False,EC04,0.03
NGW-136,Birimian fractured basement aquifer,metavolcanic–metasedimentary rocks,anorthite,silicate,0.0,False,EC05,0.03
NGW-136,Birimian fractured basement aquifer,metavolcanic–metasedimentary rocks,k_feldspar,silicate,0.0855343580737504,True,EC12,0.03
NGW-136,Birimian fractured basement aquifer,metavolcanic–metasedimentary rocks,gypsum,evaporite,0.05212289901280888,True,EC10,0.03
NGW-136,Birimian fractured basement aquifer,metavolcanic–metasedimentary rocks,halite,evaporite,0.5750626759695451,True,EC11,0.03
NGW-136,Birimian fractured basement aquifer,metavolcanic–metasedimentary rocks,fluorite,trace_mineral,0.0,False,EC09,0.03
NGW-136,Birimian fractured basement aquifer,metavolcanic–metasedimentary rocks,apatite,trace_mineral,0.0,False,EC06,0.03
NGW-136,Birimian fractured basement aquifer,metavolcanic–metasedimentary rocks,pyrite_oxidation,redox,0.07713090523458781,True,EC13,0.03
NGW-136,Birimian fractured basement aquifer,metavolcanic–metasedimentary rocks,NO3src,anthropogenic,0.0,False,EC03,0.03
NGW-136,Birimian fractured basement aquifer,metavolcanic–metasedimentary rocks,denit,redox,0.0,False,EC07,0.03
NGW-136,Birimian fractured basement aquifer,metavolcanic–metasedimentary rocks,CaNa_exch,ion_exchange,0.0,False,EC01,0.03
NGW-136,Birimian fractured basement aquifer,metavolcanic–metasedimentary rocks,NaCa_exch,ion_exchange,0.016017844028033957,False,EC01,0.03
NGW-136,Birimian fractured basement aquifer,metavolcanic–metasedimentary rocks,MgNa_exch,ion_exchange,0.14381888755335284,True,EC02,0.03
NGW-136,Birimian fractured basement aquifer,metavolcanic–metasedimentary rocks,NaMg_exch,ion_exchange,0.0,False,EC02,0.03
NGW-137,Middle Voltaian sedimentary aquifer,siltstone–shale unit,calcite,carbonate,0.0,False,EC05,0.03
NGW-137,Middle Voltaian sedimentary aquifer,siltstone–shale unit,dolomite,carbonate,0.10673321312832908,True,EC08,0.03
NGW-137,Middle Voltaian sedimentary aquifer,siltstone–shale unit,albite,silicate,0.0,False,EC04,0.03
NGW-137,Middle Voltaian sedimentary aquifer,siltstone–shale unit,anorthite,silicate,0.0,False,EC05,0.03
NGW-137,Middle Voltaian sedimentary aquifer,siltstone–shale unit,k_feldspar,silicate,0.0,False,EC12,0.03
NGW-137,Middle Voltaian sedimentary aquifer,siltstone–shale unit,gypsum,evaporite,0.3664652685867309,True,EC10,0.03
NGW-137,Middle Voltaian sedimentary aquifer,siltstone–shale unit,halite,evaporite,1.4122564862616078,True,EC11,0.03
NGW-137,Middle Voltaian sedimentary aquifer,siltstone–shale unit,fluorite,trace_mineral,0.0,False,EC09,0.03
NGW-137,Middle Voltaian sedimentary aquifer,siltstone–shale unit,apatite,trace_mineral,0.02455740041206551,False,EC06,0.03
NGW-137,Middle Voltaian sedimentary aquifer,siltstone–shale unit,pyrite_oxidation,redox,0.0,False,EC13,0.03
NGW-137,Middle Voltaian sedimentary aquifer,siltstone–shale unit,NO3src,anthropogenic,0.11140980292665967,True,EC03,0.03
NGW-137,Middle Voltaian sedimentary aquifer,siltstone–shale unit,denit,redox,0.0,False,EC07,0.03
NGW-137,Middle Voltaian sedimentary aquifer,siltstone–shale unit,CaNa_exch,ion_exchange,0.0,False,EC01,0.03
NGW-137,Middle Voltaian sedimentary aquifer,siltstone–shale unit,NaCa_exch,ion_exchange,0.0,False,EC01,0.03
NGW-137,Middle Voltaian sedimentary aquifer,siltstone–shale unit,MgNa_exch,ion_exchange,0.16342428280551727,True,EC02,0.03
NGW-137,Middle Voltaian sedimentary aquifer,siltstone–shale unit,NaMg_exch,ion_exchange,0.0,False,EC02,0.03
NGW-138,Regolith/alluvial shallow aquifer,lateritic saprolite,calcite,carbonate,0.07201181779074488,True,EC05,0.03
NGW-138,Regolith/alluvial shallow aquifer,lateritic saprolite,dolomite,carbonate,0.11376655848150352,True,EC08,0.03
NGW-138,Regolith/alluvial shallow aquifer,lateritic saprolite,albite,silicate,-0.0,False,EC04,0.03
NGW-138,Regolith/alluvial shallow aquifer,lateritic saprolite,anorthite,silicate,0.07201181779074488,True,EC05,0.03
NGW-138,Regolith/alluvial shallow aquifer,lateritic saprolite,k_feldspar,silicate,0.049718013791904735,True,EC12,0.03
NGW-138,Regolith/alluvial shallow aquifer,lateritic saprolite,gypsum,evaporite,0.20199813965660104,True,EC10,0.03
NGW-138,Regolith/alluvial shallow aquifer,lateritic saprolite,halite,evaporite,0.9686910476493633,True,EC11,0.03
NGW-138,Regolith/alluvial shallow aquifer,lateritic saprolite,fluorite,trace_mineral,0.0,False,EC09,0.03
NGW-138,Regolith/alluvial shallow aquifer,lateritic saprolite,apatite,trace_mineral,0.02325135622622378,False,EC06,0.03
NGW-138,Regolith/alluvial shallow aquifer,lateritic saprolite,pyrite_oxidation,redox,0.0,False,EC13,0.03
NGW-138,Regolith/alluvial shallow aquifer,lateritic saprolite,NO3src,anthropogenic,0.08412901885326791,True,EC03,0.03
NGW-138,Regolith/alluvial shallow aquifer,lateritic saprolite,denit,redox,0.0,False,EC07,0.03
NGW-138,Regolith/alluvial shallow aquifer,lateritic saprolite,CaNa_exch,ion_exchange,0.09683256913020452,True,EC01,0.03
NGW-138,Regolith/alluvial shallow aquifer,lateritic saprolite,NaCa_exch,ion_exchange,0.0,False,EC01,0.03
NGW-138,Regolith/alluvial shallow aquifer,lateritic saprolite,MgNa_exch,ion_exchange,0.1915911920411811,True,EC02,0.03
NGW-138,Regolith/alluvial shallow aquifer,lateritic saprolite,NaMg_exch,ion_exchange,0.0,False,EC02,0.03
NGW-140,Birimian fractured basement aquifer,phyllite–schist fractured zone,calcite,carbonate,0.0,False,EC05,0.03
NGW-140,Birimian fractured basement aquifer,phyllite–schist fractured zone,dolomite,carbonate,0.205402806636291,True,EC08,0.03
NGW-140,Birimian fractured basement aquifer,phyllite–schist fractured zone,albite,silicate,0.3084300549887266,True,EC04,0.03
NGW-140,Birimian fractured basement aquifer,phyllite–schist fractured zone,anorthite,silicate,0.0,False,EC05,0.03
NGW-140,Birimian fractured basement aquifer,phyllite–schist fractured zone,k_feldspar,silicate,0.04591970906672542,True,EC12,0.03
NGW-140,Birimian fractured basement aquifer,phyllite–schist fractured zone,gypsum,evaporite,0.23519355171090034,True,EC10,0.03
NGW-140,Birimian fractured basement aquifer,phyllite–schist fractured zone,halite,evaporite,0.6881857686739082,True,EC11,0.03
NGW-140,Birimian fractured basement aquifer,phyllite–schist fractured zone,fluorite,trace_mineral,0.0,False,EC09,0.03
NGW-140,Birimian fractured basement aquifer,phyllite–schist fractured zone,apatite,trace_mineral,0.0,False,EC06,0.03
NGW-140,Birimian fractured basement aquifer,phyllite–schist fractured zone,pyrite_oxidation,redox,0.030331993378680335,True,EC13,0.03
NGW-140,Birimian fractured basement aquifer,phyllite–schist fractured zone,NO3src,anthropogenic,0.31794138590508086,True,EC03,0.03
NGW-140,Birimian fractured basement aquifer,phyllite–schist fractured zone,denit,redox,0.0,False,EC07,0.03
NGW-140,Birimian fractured basement aquifer,phyllite–schist fractured zone,CaNa_exch,ion_exchange,0.0,False,EC01,0.03
NGW-140,Birimian fractured basement aquifer,phyllite–schist fractured zone,NaCa_exch,ion_exchange,0.0,False,EC01,0.03
NGW-140,Birimian fractured basement aquifer,phyllite–schist fractured zone,MgNa_exch,ion_exchange,0.0,False,EC02,0.03
NGW-140,Birimian fractured basement aquifer,phyllite–schist fractured zone,NaMg_exch,ion_exchange,0.0,False,EC02,0.03
NGW-141,Birimian fractured basement aquifer,phyllite–schist fractured zone,calcite,carbonate,0.0,False,EC05,0.03
NGW-141,Birimian fractured basement aquifer,phyllite–schist fractured zone,dolomite,carbonate,0.092287020538912,True,EC08,0.03
NGW-141,Birimian fractured basement aquifer,phyllite–schist fractured zone,albite,silicate,-0.0,False,EC04,0.03
NGW-141,Birimian fractured basement aquifer,phyllite–schist fractured zone,anorthite,silicate,0.043837343003620174,True,EC05,0.03
NGW-141,Birimian fractured basement aquifer,phyllite–schist fractured zone,k_feldspar,silicate,0.04923769502469387,True,EC12,0.03
NGW-141,Birimian fractured basement aquifer,phyllite–schist fractured zone,gypsum,evaporite,0.0,False,EC10,0.03
NGW-141,Birimian fractured basement aquifer,phyllite–schist fractured zone,halite,evaporite,1.3782557581509487,True,EC11,0.03
NGW-141,Birimian fractured basement aquifer,phyllite–schist fractured zone,fluorite,trace_mineral,0.0,False,EC09,0.03
NGW-141,Birimian fractured basement aquifer,phyllite–schist fractured zone,apatite,trace_mineral,0.007463441088760335,False,EC06,0.03
NGW-141,Birimian fractured basement aquifer,phyllite–schist fractured zone,pyrite_oxidation,redox,0.0,False,EC13,0.03
NGW-141,Birimian fractured basement aquifer,phyllite–schist fractured zone,NO3src,anthropogenic,0.0,False,EC03,0.03
NGW-141,Birimian fractured basement aquifer,phyllite–schist fractured zone,denit,redox,0.15600067760783015,True,EC07,0.03
NGW-141,Birimian fractured basement aquifer,phyllite–schist fractured zone,CaNa_exch,ion_exchange,0.13586813658228744,True,EC01,0.03
NGW-141,Birimian fractured basement aquifer,phyllite–schist fractured zone,NaCa_exch,ion_exchange,0.0,False,EC01,0.03
NGW-141,Birimian fractured basement aquifer,phyllite–schist fractured zone,MgNa_exch,ion_exchange,0.20821874393459652,True,EC02,0.03
NGW-141,Birimian fractured basement aquifer,phyllite–schist fractured zone,NaMg_exch,ion_exchange,0.0,False,EC02,0.03
NGW-142,Middle Voltaian sedimentary aquifer,mudstone–sandstone sequence,calcite,carbonate,0.0,False,EC05,0.03
NGW-142,Middle Voltaian sedimentary aquifer,mudstone–sandstone sequence,dolomite,carbonate,0.1540927896624967,True,EC08,0.03
NGW-142,Middle Voltaian sedimentary aquifer,mudstone–sandstone sequence,albite,silicate,0.0,False,EC04,0.03
NGW-142,Middle Voltaian sedimentary aquifer,mudstone–sandstone sequence,anorthite,silicate,0.0,False,EC05,0.03
NGW-142,Middle Voltaian sedimentary aquifer,mudstone–sandstone sequence,k_feldspar,silicate,-0.0,False,EC12,0.03
NGW-142,Middle Voltaian sedimentary aquifer,mudstone–sandstone sequence,gypsum,evaporite,0.16209162458616136,True,EC10,0.03
NGW-142,Middle Voltaian sedimentary aquifer,mudstone–sandstone sequence,halite,evaporite,0.7241251534294901,True,EC11,0.03
NGW-142,Middle Voltaian sedimentary aquifer,mudstone–sandstone sequence,fluorite,trace_mineral,0.0002161182289127788,False,EC09,0.03
NGW-142,Middle Voltaian sedimentary aquifer,mudstone–sandstone sequence,apatite,trace_mineral,0.0,False,EC06,0.03
NGW-142,Middle Voltaian sedimentary aquifer,mudstone–sandstone sequence,pyrite_oxidation,redox,0.044732042793888725,True,EC13,0.03
NGW-142,Middle Voltaian sedimentary aquifer,mudstone–sandstone sequence,NO3src,anthropogenic,0.0,False,EC03,0.03
NGW-142,Middle Voltaian sedimentary aquifer,mudstone–sandstone sequence,denit,redox,0.19113617195397462,True,EC07,0.03
NGW-142,Middle Voltaian sedimentary aquifer,mudstone–sandstone sequence,CaNa_exch,ion_exchange,0.0,False,EC01,0.03
NGW-142,Middle Voltaian sedimentary aquifer,mudstone–sandstone sequence,NaCa_exch,ion_exchange,0.07224171014100271,True,EC01,0.03
NGW-142,Middle Voltaian sedimentary aquifer,mudstone–sandstone sequence,MgNa_exch,ion_exchange,0.005345845677005297,False,EC02,0.03
NGW-142,Middle Voltaian sedimentary aquifer,mudstone–sandstone sequence,NaMg_exch,ion_exchange,0.0,False,EC02,0.03
NGW-143,Birimian fractured basement aquifer,metavolcanic–metasedimentary rocks,calcite,carbonate,0.2187754972504066,True,EC05,0.03
NGW-143,Birimian fractured basement aquifer,metavolcanic–metasedimentary rocks,dolomite,carbonate,0.15976938173624844,True,EC08,0.03
NGW-143,Birimian fractured basement aquifer,metavolcanic–metasedimentary rocks,albite,silicate,0.0,False,EC04,0.03
NGW-143,Birimian fractured basement aquifer,metavolcanic–metasedimentary rocks,anorthite,silicate,0.2187754972504066,True,EC05,0.03
NGW-143,Birimian fractured basement aquifer,metavolcanic–metasedimentary rocks,k_feldspar,silicate,0.05804570519777884,True,EC12,0.03
NGW-143,Birimian fractured basement aquifer,metavolcanic–metasedimentary rocks,gypsum,evaporite,0.12850303670074378,True,EC10,0.03
NGW-143,Birimian fractured basement aquifer,metavolcanic–metasedimentary rocks,halite,evaporite,1.0626180954465365,True,EC11,0.03
NGW-143,Birimian fractured basement aquifer,metavolcanic–metasedimentary rocks,fluorite,trace_mineral,0.014105428522400867,False,EC09,0.03
NGW-143,Birimian fractured basement aquifer,metavolcanic–metasedimentary rocks,apatite,trace_mineral,0.0,False,EC06,0.03
NGW-143,Birimian fractured basement aquifer,metavolcanic–metasedimentary rocks,pyrite_oxidation,redox,0.0018850019797098118,False,EC13,0.03
NGW-143,Birimian fractured basement aquifer,metavolcanic–metasedimentary rocks,NO3src,anthropogenic,0.02523462028908352,False,EC03,0.03
NGW-143,Birimian fractured basement aquifer,metavolcanic–metasedimentary rocks,denit,redox,0.0,False,EC07,0.03
NGW-143,Birimian fractured basement aquifer,metavolcanic–metasedimentary rocks,CaNa_exch,ion_exchange,0.04456699875342175,True,EC01,0.03
NGW-143,Birimian fractured basement aquifer,metavolcanic–metasedimentary rocks,NaCa_exch,ion_exchange,0.0,False,EC01,0.03
NGW-143,Birimian fractured basement aquifer,metavolcanic–metasedimentary rocks,MgNa_exch,ion_exchange,0.011889841567688087,False,EC02,0.03
NGW-143,Birimian fractured basement aquifer,metavolcanic–metasedimentary rocks,NaMg_exch,ion_exchange,0.0,False,EC02,0.03
NGW-144,Granitoid fractured basement aquifer,gneissic fractured basement,calcite,carbonate,0.1565309808867747,True,EC05,0.03
NGW-144,Granitoid fractured basement aquifer,gneissic fractured basement,dolomite,carbonate,0.11846872245385998,True,EC08,0.03
NGW-144,Granitoid fractured basement aquifer,gneissic fractured basement,albite,silicate,0.0,False,EC04,0.03
NGW-144,Granitoid fractured basement aquifer,gneissic fractured basement,anorthite,silicate,0.1565309808867747,True,EC05,0.03
NGW-144,Granitoid fractured basement aquifer,gneissic fractured basement,k_feldspar,silicate,0.00796113767048615,False,EC12,0.03
NGW-144,Granitoid fractured basement aquifer,gneissic fractured basement,gypsum,evaporite,0.03505023802208843,True,EC10,0.03
NGW-144,Granitoid fractured basement aquifer,gneissic fractured basement,halite,evaporite,0.5995116459430821,True,EC11,0.03
NGW-144,Granitoid fractured basement aquifer,gneissic fractured basement,fluorite,trace_mineral,0.0,False,EC09,0.03
NGW-144,Granitoid fractured basement aquifer,gneissic fractured basement,apatite,trace_mineral,0.0,False,EC06,0.03
NGW-144,Granitoid fractured basement aquifer,gneissic fractured basement,pyrite_oxidation,redox,0.027925686788045953,False,EC13,0.03
NGW-144,Granitoid fractured basement aquifer,gneissic fractured basement,NO3src,anthropogenic,0.049145425155742245,True,EC03,0.03
NGW-144,Granitoid fractured basement aquifer,gneissic fractured basement,denit,redox,0.0,False,EC07,0.03
NGW-144,Granitoid fractured basement aquifer,gneissic fractured basement,CaNa_exch,ion_exchange,0.07281393629110706,True,EC01,0.03
NGW-144,Granitoid fractured basement aquifer,gneissic fractured basement,NaCa_exch,ion_exchange,0.0,False,EC01,0.03
NGW-144,Granitoid fractured basement aquifer,gneissic fractured basement,MgNa_exch,ion_exchange,0.015439808405736308,False,EC02,0.03
NGW-144,Granitoid fractured basement aquifer,gneissic fractured basement,NaMg_exch,ion_exchange,0.0,False,EC02,0.03
NGW-145,Middle Voltaian sedimentary aquifer,mudstone–sandstone sequence,calcite,carbonate,0.1366628177161163,True,EC05,0.03
NGW-145,Middle Voltaian sedimentary aquifer,mudstone–sandstone sequence,dolomite,carbonate,0.2250934446646821,True,EC08,0.03
NGW-145,Middle Voltaian sedimentary aquifer,mudstone–sandstone sequence,albite,silicate,0.0,False,EC04,0.03
NGW-145,Middle Voltaian sedimentary aquifer,mudstone–sandstone sequence,anorthite,silicate,0.1366628177161163,True,EC05,0.03
NGW-145,Middle Voltaian sedimentary aquifer,mudstone–sandstone sequence,k_feldspar,silicate,0.006209747910747319,False,EC12,0.03
NGW-145,Middle Voltaian sedimentary aquifer,mudstone–sandstone sequence,gypsum,evaporite,0.06041532068603693,True,EC10,0.03
NGW-145,Middle Voltaian sedimentary aquifer,mudstone–sandstone sequence,halite,evaporite,1.0327301293676916,True,EC11,0.03
NGW-145,Middle Voltaian sedimentary aquifer,mudstone–sandstone sequence,fluorite,trace_mineral,0.0,False,EC09,0.03
NGW-145,Middle Voltaian sedimentary aquifer,mudstone–sandstone sequence,apatite,trace_mineral,0.0005110510704969335,False,EC06,0.03
NGW-145,Middle Voltaian sedimentary aquifer,mudstone–sandstone sequence,pyrite_oxidation,redox,0.0,False,EC13,0.03
NGW-145,Middle Voltaian sedimentary aquifer,mudstone–sandstone sequence,NO3src,anthropogenic,0.02025988907521636,False,EC03,0.03
NGW-145,Middle Voltaian sedimentary aquifer,mudstone–sandstone sequence,denit,redox,0.0,False,EC07,0.03
NGW-145,Middle Voltaian sedimentary aquifer,mudstone–sandstone sequence,CaNa_exch,ion_exchange,0.0,False,EC01,0.03
NGW-145,Middle Voltaian sedimentary aquifer,mudstone–sandstone sequence,NaCa_exch,ion_exchange,0.0,False,EC01,0.03
NGW-145,Middle Voltaian sedimentary aquifer,mudstone–sandstone sequence,MgNa_exch,ion_exchange,0.0,False,EC02,0.03
NGW-145,Middle Voltaian sedimentary aquifer,mudstone–sandstone sequence,NaMg_exch,ion_exchange,0.0,False,EC02,0.03
NGW-146,Birimian fractured basement aquifer,greenstone belt fracture network,calcite,carbonate,0.0,False,EC05,0.03
NGW-146,Birimian fractured basement aquifer,greenstone belt fracture network,dolomite,carbonate,0.2817498032354848,True,EC08,0.03
NGW-146,Birimian fractured basement aquifer,greenstone belt fracture network,albite,silicate,0.0,False,EC04,0.03
NGW-146,Birimian fractured basement aquifer,greenstone belt fracture network,anorthite,silicate,0.0,False,EC05,0.03
NGW-146,Birimian fractured basement aquifer,greenstone belt fracture network,k_feldspar,silicate,0.10449389994925269,True,EC12,0.03
NGW-146,Birimian fractured basement aquifer,greenstone belt fracture network,gypsum,evaporite,0.05992923334821154,True,EC10,0.03
NGW-146,Birimian fractured basement aquifer,greenstone belt fracture network,halite,evaporite,0.9448566654513333,True,EC11,0.03
NGW-146,Birimian fractured basement aquifer,greenstone belt fracture network,fluorite,trace_mineral,0.0053167230841582305,False,EC09,0.03
NGW-146,Birimian fractured basement aquifer,greenstone belt fracture network,apatite,trace_mineral,0.015090682791747322,False,EC06,0.03
NGW-146,Birimian fractured basement aquifer,greenstone belt fracture network,pyrite_oxidation,redox,0.0,False,EC13,0.03
NGW-146,Birimian fractured basement aquifer,greenstone belt fracture network,NO3src,anthropogenic,0.0,False,EC03,0.03
NGW-146,Birimian fractured basement aquifer,greenstone belt fracture network,denit,redox,0.10709129899149868,True,EC07,0.03
NGW-146,Birimian fractured basement aquifer,greenstone belt fracture network,CaNa_exch,ion_exchange,0.0,False,EC01,0.03
NGW-146,Birimian fractured basement aquifer,greenstone belt fracture network,NaCa_exch,ion_exchange,0.0,False,EC01,0.03
NGW-146,Birimian fractured basement aquifer,greenstone belt fracture network,MgNa_exch,ion_exchange,0.09874041587806011,True,EC02,0.03
NGW-146,Birimian fractured basement aquifer,greenstone belt fracture network,NaMg_exch,ion_exchange,0.0,False,EC02,0.03
NGW-147,Middle Voltaian sedimentary aquifer,sandstone–shale interbeds,calcite,carbonate,0.16014276813155054,True,EC05,0.03
NGW-147,Middle Voltaian sedimentary aquifer,sandstone–shale interbeds,dolomite,carbonate,0.17915794322602496,True,EC08,0.03
NGW-147,Middle Voltaian sedimentary aquifer,sandstone–shale interbeds,albite,silicate,0.0,False,EC04,0.03
NGW-147,Middle Voltaian sedimentary aquifer,sandstone–shale interbeds,anorthite,silicate,0.16014276813155054,True,EC05,0.03
NGW-147,Middle Voltaian sedimentary aquifer,sandstone–shale interbeds,k_feldspar,silicate,0.06979185300444458,True,EC12,0.03
NGW-147,Middle Voltaian sedimentary aquifer,sandstone–shale interbeds,gypsum,evaporite,0.01740337607776209,False,EC10,0.03
NGW-147,Middle Voltaian sedimentary aquifer,sandstone–shale interbeds,halite,evaporite,1.0417045408056862,True,EC11,0.03
NGW-147,Middle Voltaian sedimentary aquifer,sandstone–shale interbeds,fluorite,trace_mineral,0.0,False,EC09,0.03
NGW-147,Middle Voltaian sedimentary aquifer,sandstone–shale interbeds,apatite,trace_mineral,0.012057602407389246,False,EC06,0.03
NGW-147,Middle Voltaian sedimentary aquifer,sandstone–shale interbeds,pyrite_oxidation,redox,0.0,False,EC13,0.03
NGW-147,Middle Voltaian sedimentary aquifer,sandstone–shale interbeds,NO3src,anthropogenic,0.3047824194683966,True,EC03,0.03
NGW-147,Middle Voltaian sedimentary aquifer,sandstone–shale interbeds,denit,redox,0.0,False,EC07,0.03
NGW-147,Middle Voltaian sedimentary aquifer,sandstone–shale interbeds,CaNa_exch,ion_exchange,0.08321842324204118,True,EC01,0.03
NGW-147,Middle Voltaian sedimentary aquifer,sandstone–shale interbeds,NaCa_exch,ion_exchange,0.0,False,EC01,0.03
NGW-147,Middle Voltaian sedimentary aquifer,sandstone–shale interbeds,MgNa_exch,ion_exchange,0.2368375162504401,True,EC02,0.03
NGW-147,Middle Voltaian sedimentary aquifer,sandstone–shale interbeds,NaMg_exch,ion_exchange,0.0,False,EC02,0.03
NGW-148,Granitoid fractured basement aquifer,granitoid saprolite,calcite,carbonate,0.0,False,EC05,0.03
NGW-148,Granitoid fractured basement aquifer,granitoid saprolite,dolomite,carbonate,0.2420278557595025,True,EC08,0.03
NGW-148,Granitoid fractured basement aquifer,granitoid saprolite,albite,silicate,0.0,False,EC04,0.03
NGW-148,Granitoid fractured basement aquifer,granitoid saprolite,anorthite,silicate,0.0,False,EC05,0.03
NGW-148,Granitoid fractured basement aquifer,granitoid saprolite,k_feldspar,silicate,0.0,False,EC12,0.03
NGW-148,Granitoid fractured basement aquifer,granitoid saprolite,gypsum,evaporite,0.0,False,EC10,0.03
NGW-148,Granitoid fractured basement aquifer,granitoid saprolite,halite,evaporite,0.8964960772555391,True,EC11,0.03
NGW-148,Granitoid fractured basement aquifer,granitoid saprolite,fluorite,trace_mineral,0.0,False,EC09,0.03
NGW-148,Granitoid fractured basement aquifer,granitoid saprolite,apatite,trace_mineral,0.0,False,EC06,0.03
NGW-148,Granitoid fractured basement aquifer,granitoid saprolite,pyrite_oxidation,redox,0.02552461042096214,False,EC13,0.03
NGW-148,Granitoid fractured basement aquifer,granitoid saprolite,NO3src,anthropogenic,0.0,False,EC03,0.03
NGW-148,Granitoid fractured basement aquifer,granitoid saprolite,denit,redox,0.06076699490673873,True,EC07,0.03
NGW-148,Granitoid fractured basement aquifer,granitoid saprolite,CaNa_exch,ion_exchange,0.0,False,EC01,0.03
NGW-148,Granitoid fractured basement aquifer,granitoid saprolite,NaCa_exch,ion_exchange,0.054693912358633134,True,EC01,0.03
NGW-148,Granitoid fractured basement aquifer,granitoid saprolite,MgNa_exch,ion_exchange,0.22302644182451745,True,EC02,0.03
NGW-148,Granitoid fractured basement aquifer,granitoid saprolite,NaMg_exch,ion_exchange,0.0,False,EC02,0.03
NGW-149,Birimian fractured basement aquifer,metavolcanic–metasedimentary rocks,calcite,carbonate,0.017031859591511895,False,EC05,0.03
NGW-149,Birimian fractured basement aquifer,metavolcanic–metasedimentary rocks,dolomite,carbonate,0.1579340884028018,True,EC08,0.03
NGW-149,Birimian fractured basement aquifer,metavolcanic–metasedimentary rocks,albite,silicate,0.0,False,EC04,0.03
NGW-149,Birimian fractured basement aquifer,metavolcanic–metasedimentary rocks,anorthite,silicate,0.017031859591511895,False,EC05,0.03
NGW-149,Birimian fractured basement aquifer,metavolcanic–metasedimentary rocks,k_feldspar,silicate,0.05130276149680438,True,EC12,0.03
NGW-149,Birimian fractured basement aquifer,metavolcanic–metasedimentary rocks,gypsum,evaporite,0.10145173938374163,True,EC10,0.03
NGW-149,Birimian fractured basement aquifer,metavolcanic–metasedimentary rocks,halite,evaporite,1.0565772944811436,True,EC11,0.03
NGW-149,Birimian fractured basement aquifer,metavolcanic–metasedimentary rocks,fluorite,trace_mineral,-0.0,False,EC09,0.03
NGW-149,Birimian fractured basement aquifer,metavolcanic–metasedimentary rocks,apatite,trace_mineral,0.009819694905120349,False,EC06,0.03
NGW-149,Birimian fractured basement aquifer,metavolcanic–metasedimentary rocks,pyrite_oxidation,redox,0.0,False,EC13,0.03
NGW-149,Birimian fractured basement aquifer,metavolcanic–metasedimentary rocks,NO3src,anthropogenic,0.0427264171378474,True,EC03,0.03
NGW-149,Birimian fractured basement aquifer,metavolcanic–metasedimentary rocks,denit,redox,0.0,False,EC07,0.03
NGW-149,Birimian fractured basement aquifer,metavolcanic–metasedimentary rocks,CaNa_exch,ion_exchange,0.0,False,EC01,0.03
NGW-149,Birimian fractured basement aquifer,metavolcanic–metasedimentary rocks,NaCa_exch,ion_exchange,0.0,False,EC01,0.03
NGW-149,Birimian fractured basement aquifer,metavolcanic–metasedimentary rocks,MgNa_exch,ion_exchange,0.1164206907251298,True,EC02,0.03
NGW-149,Birimian fractured basement aquifer,metavolcanic–metasedimentary rocks,NaMg_exch,ion_exchange,0.0,False,EC02,0.03
NGW-150,Regolith/alluvial shallow aquifer,weathered regolith,calcite,carbonate,0.0,False,EC05,0.03
NGW-150,Regolith/alluvial shallow aquifer,weathered regolith,dolomite,carbonate,0.37935420470033443,True,EC08,0.03
NGW-150,Regolith/alluvial shallow aquifer,weathered regolith,albite,silicate,0.32355072486407566,True,EC04,0.03
NGW-150,Regolith/alluvial shallow aquifer,weathered regolith,anorthite,silicate,0.0,False,EC05,0.03
NGW-150,Regolith/alluvial shallow aquifer,weathered regolith,k_feldspar,silicate,0.051046703801509045,True,EC12,0.03
NGW-150,Regolith/alluvial shallow aquifer,weathered regolith,gypsum,evaporite,0.1685533923633681,True,EC10,0.03
NGW-150,Regolith/alluvial shallow aquifer,weathered regolith,halite,evaporite,1.5591352380695096,True,EC11,0.03
NGW-150,Regolith/alluvial shallow aquifer,weathered regolith,fluorite,trace_mineral,-0.0,False,EC09,0.03
NGW-150,Regolith/alluvial shallow aquifer,weathered regolith,apatite,trace_mineral,0.0,False,EC06,0.03
NGW-150,Regolith/alluvial shallow aquifer,weathered regolith,pyrite_oxidation,redox,0.03903724855918848,True,EC13,0.03
NGW-150,Regolith/alluvial shallow aquifer,weathered regolith,NO3src,anthropogenic,0.0631067675946632,True,EC03,0.03
NGW-150,Regolith/alluvial shallow aquifer,weathered regolith,denit,redox,0.0,False,EC07,0.03
NGW-150,Regolith/alluvial shallow aquifer,weathered regolith,CaNa_exch,ion_exchange,0.0,False,EC01,0.03
NGW-150,Regolith/alluvial shallow aquifer,weathered regolith,NaCa_exch,ion_exchange,0.0,False,EC01,0.03
NGW-150,Regolith/alluvial shallow aquifer,weathered regolith,MgNa_exch,ion_exchange,0.0,False,EC02,0.03
NGW-150,Regolith/alluvial shallow aquifer,weathered regolith,NaMg_exch,ion_exchange,0.0,False,EC02,0.03
NGW-151,Regolith/alluvial shallow aquifer,weathered regolith,calcite,carbonate,0.0,False,EC05,0.03
NGW-151,Regolith/alluvial shallow aquifer,weathered regolith,dolomite,carbonate,0.09749375751627541,True,EC08,0.03
NGW-151,Regolith/alluvial shallow aquifer,weathered regolith,albite,silicate,0.77493602858431,True,EC04,0.03
NGW-151,Regolith/alluvial shallow aquifer,weathered regolith,anorthite,silicate,0.0,False,EC05,0.03
NGW-151,Regolith/alluvial shallow aquifer,weathered regolith,k_feldspar,silicate,0.06053357940159608,True,EC12,0.03
NGW-151,Regolith/alluvial shallow aquifer,weathered regolith,gypsum,evaporite,0.36195290237512817,True,EC10,0.03
NGW-151,Regolith/alluvial shallow aquifer,weathered regolith,halite,evaporite,0.9838285396336846,True,EC11,0.03
NGW-151,Regolith/alluvial shallow aquifer,weathered regolith,fluorite,trace_mineral,-0.0,False,EC09,0.03
NGW-151,Regolith/alluvial shallow aquifer,weathered regolith,apatite,trace_mineral,0.02259710607836186,False,EC06,0.03
NGW-151,Regolith/alluvial shallow aquifer,weathered regolith,pyrite_oxidation,redox,0.0,False,EC13,0.03
NGW-151,Regolith/alluvial shallow aquifer,weathered regolith,NO3src,anthropogenic,0.22903812485723976,True,EC03,0.03
NGW-151,Regolith/alluvial shallow aquifer,weathered regolith,denit,redox,0.0,False,EC07,0.03
NGW-151,Regolith/alluvial shallow aquifer,weathered regolith,CaNa_exch,ion_exchange,0.0,False,EC01,0.03
NGW-151,Regolith/alluvial shallow aquifer,weathered regolith,NaCa_exch,ion_exchange,0.12009900824077571,True,EC01,0.03
NGW-151,Regolith/alluvial shallow aquifer,weathered regolith,MgNa_exch,ion_exchange,0.0,False,EC02,0.03
NGW-151,Regolith/alluvial shallow aquifer,weathered regolith,NaMg_exch,ion_exchange,0.0,False,EC02,0.03
NGW-152,Middle Voltaian sedimentary aquifer,mudstone–sandstone sequence,calcite,carbonate,0.057246387867300505,True,EC05,0.03
NGW-152,Middle Voltaian sedimentary aquifer,mudstone–sandstone sequence,dolomite,carbonate,0.0,False,EC08,0.03
NGW-152,Middle Voltaian sedimentary aquifer,mudstone–sandstone sequence,albite,silicate,-0.0,False,EC04,0.03
NGW-152,Middle Voltaian sedimentary aquifer,mudstone–sandstone sequence,anorthite,silicate,0.057246387867300505,True,EC05,0.03
NGW-152,Middle Voltaian sedimentary aquifer,mudstone–sandstone sequence,k_feldspar,silicate,0.05562058530116387,True,EC12,0.03
NGW-152,Middle Voltaian sedimentary aquifer,mudstone–sandstone sequence,gypsum,evaporite,0.11477106018168394,True,EC10,0.03
NGW-152,Middle Voltaian sedimentary aquifer,mudstone–sandstone sequence,halite,evaporite,0.6046849264597839,True,EC11,0.03
NGW-152,Middle Voltaian sedimentary aquifer,mudstone–sandstone sequence,fluorite,trace_mineral,-0.0,False,EC09,0.03
NGW-152,Middle Voltaian sedimentary aquifer,mudstone–sandstone sequence,apatite,trace_mineral,0.0,False,EC06,0.03
NGW-152,Middle Voltaian sedimentary aquifer,mudstone–sandstone sequence,pyrite_oxidation,redox,0.0,False,EC13,0.03
NGW-152,Middle Voltaian sedimentary aquifer,mudstone–sandstone sequence,NO3src,anthropogenic,0.106595546915894,True,EC03,0.03
NGW-152,Middle Voltaian sedimentary aquifer,mudstone–sandstone sequence,denit,redox,0.0,False,EC07,0.03
NGW-152,Middle Voltaian sedimentary aquifer,mudstone–sandstone sequence,CaNa_exch,ion_exchange,0.14465956323365817,True,EC01,0.03
NGW-152,Middle Voltaian sedimentary aquifer,mudstone–sandstone sequence,NaCa_exch,ion_exchange,0.0,False,EC01,0.03
NGW-152,Middle Voltaian sedimentary aquifer,mudstone–sandstone sequence,MgNa_exch,ion_exchange,0.0,False,EC02,0.03
NGW-152,Middle Voltaian sedimentary aquifer,mudstone–sandstone sequence,NaMg_exch,ion_exchange,0.015171219154078288,False,EC02,0.03
NGW-153,Regolith/alluvial shallow aquifer,valley alluvium,calcite,carbonate,0.0,False,EC05,0.03
NGW-153,Regolith/alluvial shallow aquifer,valley alluvium,dolomite,carbonate,0.043448522152629426,True,EC08,0.03
NGW-153,Regolith/alluvial shallow aquifer,valley alluvium,albite,silicate,0.0,False,EC04,0.03
NGW-153,Regolith/alluvial shallow aquifer,valley alluvium,anorthite,silicate,-0.0,False,EC05,0.03
NGW-153,Regolith/alluvial shallow aquifer,valley alluvium,k_feldspar,silicate,0.024062164319015207,False,EC12,0.03
NGW-153,Regolith/alluvial shallow aquifer,valley alluvium,gypsum,evaporite,0.3153558004532573,True,EC10,0.03
NGW-153,Regolith/alluvial shallow aquifer,valley alluvium,halite,evaporite,1.1033508881615794,True,EC11,0.03
NGW-153,Regolith/alluvial shallow aquifer,valley alluvium,fluorite,trace_mineral,-0.0,False,EC09,0.03
NGW-153,Regolith/alluvial shallow aquifer,valley alluvium,apatite,trace_mineral,0.003323240385915125,False,EC06,0.03
NGW-153,Regolith/alluvial shallow aquifer,valley alluvium,pyrite_oxidation,redox,0.0,False,EC13,0.03
NGW-153,Regolith/alluvial shallow aquifer,valley alluvium,NO3src,anthropogenic,0.2770202097910022,True,EC03,0.03
NGW-153,Regolith/alluvial shallow aquifer,valley alluvium,denit,redox,0.0,False,EC07,0.03
NGW-153,Regolith/alluvial shallow aquifer,valley alluvium,CaNa_exch,ion_exchange,0.0,False,EC01,0.03
NGW-153,Regolith/alluvial shallow aquifer,valley alluvium,NaCa_exch,ion_exchange,0.0043359904048553425,False,EC01,0.03
NGW-153,Regolith/alluvial shallow aquifer,valley alluvium,MgNa_exch,ion_exchange,0.08178141964914333,True,EC02,0.03
NGW-153,Regolith/alluvial shallow aquifer,valley alluvium,NaMg_exch,ion_exchange,0.0,False,EC02,0.03
NGW-154,Granitoid fractured basement aquifer,granitoid saprolite,calcite,carbonate,0.040574965025071186,True,EC05,0.03
NGW-154,Granitoid fractured basement aquifer,granitoid saprolite,dolomite,carbonate,0.08906838477126994,True,EC08,0.03
NGW-154,Granitoid fractured basement aquifer,granitoid saprolite,albite,silicate,0.0,False,EC04,0.03
NGW-154,Granitoid fractured basement aquifer,granitoid saprolite,anorthite,silicate,0.040574965025071186,True,EC05,0.03
NGW-154,Granitoid fractured basement aquifer,granitoid saprolite,k_feldspar,silicate,0.0548360563652322,True,EC12,0.03
NGW-154,Granitoid fractured basement aquifer,granitoid saprolite,gypsum,evaporite,0.1814685178945717,True,EC10,0.03
NGW-154,Granitoid fractured basement aquifer,granitoid saprolite,halite,evaporite,0.48812176575098515,True,EC11,0.03
NGW-154,Granitoid fractured basement aquifer,granitoid saprolite,fluorite,trace_mineral,0.0,False,EC09,0.03
NGW-154,Granitoid fractured basement aquifer,granitoid saprolite,apatite,trace_mineral,0.03512256584997652,True,EC06,0.03
NGW-154,Granitoid fractured basement aquifer,granitoid saprolite,pyrite_oxidation,redox,0.0,False,EC13,0.03
NGW-154,Granitoid fractured basement aquifer,granitoid saprolite,NO3src,anthropogenic,0.12055688935482003,True,EC03,0.03
NGW-154,Granitoid fractured basement aquifer,granitoid saprolite,denit,redox,0.0,False,EC07,0.03
NGW-154,Granitoid fractured basement aquifer,granitoid saprolite,CaNa_exch,ion_exchange,0.017862185462468302,False,EC01,0.03
NGW-154,Granitoid fractured basement aquifer,granitoid saprolite,NaCa_exch,ion_exchange,0.0,False,EC01,0.03
NGW-154,Granitoid fractured basement aquifer,granitoid saprolite,MgNa_exch,ion_exchange,0.08377170037422042,True,EC02,0.03
NGW-154,Granitoid fractured basement aquifer,granitoid saprolite,NaMg_exch,ion_exchange,0.0,False,EC02,0.03
NGW-155,Granitoid fractured basement aquifer,granitoid saprolite,calcite,carbonate,0.0,False,EC05,0.03
NGW-155,Granitoid fractured basement aquifer,granitoid saprolite,dolomite,carbonate,0.2545442645464314,True,EC08,0.03
NGW-155,Granitoid fractured basement aquifer,granitoid saprolite,albite,silicate,0.21381652005825866,True,EC04,0.03
NGW-155,Granitoid fractured basement aquifer,granitoid saprolite,anorthite,silicate,0.0,False,EC05,0.03
NGW-155,Granitoid fractured basement aquifer,granitoid saprolite,k_feldspar,silicate,0.04602660389105028,True,EC12,0.03
NGW-155,Granitoid fractured basement aquifer,granitoid saprolite,gypsum,evaporite,0.1536348773074104,True,EC10,0.03
NGW-155,Granitoid fractured basement aquifer,granitoid saprolite,halite,evaporite,1.1938192647230612,True,EC11,0.03
NGW-155,Granitoid fractured basement aquifer,granitoid saprolite,fluorite,trace_mineral,0.001877876833381955,False,EC09,0.03
NGW-155,Granitoid fractured basement aquifer,granitoid saprolite,apatite,trace_mineral,0.017342460822113815,False,EC06,0.03
NGW-155,Granitoid fractured basement aquifer,granitoid saprolite,pyrite_oxidation,redox,0.0,False,EC13,0.03
NGW-155,Granitoid fractured basement aquifer,granitoid saprolite,NO3src,anthropogenic,0.5735783802177357,True,EC03,0.03
NGW-155,Granitoid fractured basement aquifer,granitoid saprolite,denit,redox,0.0,False,EC07,0.03
NGW-155,Granitoid fractured basement aquifer,granitoid saprolite,CaNa_exch,ion_exchange,0.0,False,EC01,0.03
NGW-155,Granitoid fractured basement aquifer,granitoid saprolite,NaCa_exch,ion_exchange,0.044497230514500136,True,EC01,0.03
NGW-155,Granitoid fractured basement aquifer,granitoid saprolite,MgNa_exch,ion_exchange,0.0,False,EC02,0.03
NGW-155,Granitoid fractured basement aquifer,granitoid saprolite,NaMg_exch,ion_exchange,0.0,False,EC02,0.03
NGW-156,Granitoid fractured basement aquifer,gneissic fractured basement,calcite,carbonate,0.0,False,EC05,0.03
NGW-156,Granitoid fractured basement aquifer,gneissic fractured basement,dolomite,carbonate,0.09531276870770662,True,EC08,0.03
NGW-156,Granitoid fractured basement aquifer,gneissic fractured basement,albite,silicate,0.305862932237495,True,EC04,0.03
NGW-156,Granitoid fractured basement aquifer,gneissic fractured basement,anorthite,silicate,0.17360337318860553,True,EC05,0.03
NGW-156,Granitoid fractured basement aquifer,gneissic fractured basement,k_feldspar,silicate,0.03557964344687449,True,EC12,0.03
NGW-156,Granitoid fractured basement aquifer,gneissic fractured basement,gypsum,evaporite,0.09454127963222578,True,EC10,0.03
NGW-156,Granitoid fractured basement aquifer,gneissic fractured basement,halite,evaporite,0.475729561113356,True,EC11,0.03
NGW-156,Granitoid fractured basement aquifer,gneissic fractured basement,fluorite,trace_mineral,0.008761445825363952,False,EC09,0.03
NGW-156,Granitoid fractured basement aquifer,gneissic fractured basement,apatite,trace_mineral,0.014989981269862182,False,EC06,0.03
NGW-156,Granitoid fractured basement aquifer,gneissic fractured basement,pyrite_oxidation,redox,0.0,False,EC13,0.03
NGW-156,Granitoid fractured basement aquifer,gneissic fractured basement,NO3src,anthropogenic,0.0,False,EC03,0.03
NGW-156,Granitoid fractured basement aquifer,gneissic fractured basement,denit,redox,0.026587110972748778,False,EC07,0.03
NGW-156,Granitoid fractured basement aquifer,gneissic fractured basement,CaNa_exch,ion_exchange,0.0,False,EC01,0.03
NGW-156,Granitoid fractured basement aquifer,gneissic fractured basement,NaCa_exch,ion_exchange,0.0,False,EC01,0.03
NGW-156,Granitoid fractured basement aquifer,gneissic fractured basement,MgNa_exch,ion_exchange,0.0,False,EC02,0.03
NGW-156,Granitoid fractured basement aquifer,gneissic fractured basement,NaMg_exch,ion_exchange,0.0,False,EC02,0.03
NGW-157,Regolith/alluvial shallow aquifer,lateritic saprolite,calcite,carbonate,0.013854313627529296,False,EC05,0.03
NGW-157,Regolith/alluvial shallow aquifer,lateritic saprolite,dolomite,carbonate,0.2301356046754997,True,EC08,0.03
NGW-157,Regolith/alluvial shallow aquifer,lateritic saprolite,albite,silicate,0.0,False,EC04,0.03
NGW-157,Regolith/alluvial shallow aquifer,lateritic saprolite,anorthite,silicate,0.013854313627529296,False,EC05,0.03
NGW-157,Regolith/alluvial shallow aquifer,lateritic saprolite,k_feldspar,silicate,0.10170132012187802,True,EC12,0.03
NGW-157,Regolith/alluvial shallow aquifer,lateritic saprolite,gypsum,evaporite,0.22641271664536697,True,EC10,0.03
NGW-157,Regolith/alluvial shallow aquifer,lateritic saprolite,halite,evaporite,1.3022854925217857,True,EC11,0.03
NGW-157,Regolith/alluvial shallow aquifer,lateritic saprolite,fluorite,trace_mineral,0.0010370171308144304,False,EC09,0.03
NGW-157,Regolith/alluvial shallow aquifer,lateritic saprolite,apatite,trace_mineral,0.0,False,EC06,0.03
NGW-157,Regolith/alluvial shallow aquifer,lateritic saprolite,pyrite_oxidation,redox,0.08429080254417018,True,EC13,0.03
NGW-157,Regolith/alluvial shallow aquifer,lateritic saprolite,NO3src,anthropogenic,0.0,False,EC03,0.03
NGW-157,Regolith/alluvial shallow aquifer,lateritic saprolite,denit,redox,0.038953894582062096,True,EC07,0.03
NGW-157,Regolith/alluvial shallow aquifer,lateritic saprolite,CaNa_exch,ion_exchange,0.0,False,EC01,0.03
NGW-157,Regolith/alluvial shallow aquifer,lateritic saprolite,NaCa_exch,ion_exchange,0.0,False,EC01,0.03
NGW-157,Regolith/alluvial shallow aquifer,lateritic saprolite,MgNa_exch,ion_exchange,0.16196993160218198,True,EC02,0.03
NGW-157,Regolith/alluvial shallow aquifer,lateritic saprolite,NaMg_exch,ion_exchange,0.0,False,EC02,0.03
NGW-158,Birimian fractured basement aquifer,phyllite–schist fractured zone,calcite,carbonate,0.0,False,EC05,0.03
NGW-158,Birimian fractured basement aquifer,phyllite–schist fractured zone,dolomite,carbonate,0.2719135910309454,True,EC08,0.03
NGW-158,Birimian fractured basement aquifer,phyllite–schist fractured zone,albite,silicate,0.0,False,EC04,0.03
NGW-158,Birimian fractured basement aquifer,phyllite–schist fractured zone,anorthite,silicate,0.0,False,EC05,0.03
NGW-158,Birimian fractured basement aquifer,phyllite–schist fractured zone,k_feldspar,silicate,0.05610385853166781,True,EC12,0.03
NGW-158,Birimian fractured basement aquifer,phyllite–schist fractured zone,gypsum,evaporite,0.16912083297550226,True,EC10,0.03
NGW-158,Birimian fractured basement aquifer,phyllite–schist fractured zone,halite,evaporite,0.31818483657014635,True,EC11,0.03
NGW-158,Birimian fractured basement aquifer,phyllite–schist fractured zone,fluorite,trace_mineral,0.0,False,EC09,0.03
NGW-158,Birimian fractured basement aquifer,phyllite–schist fractured zone,apatite,trace_mineral,0.01380112337794868,False,EC06,0.03
NGW-158,Birimian fractured basement aquifer,phyllite–schist fractured zone,pyrite_oxidation,redox,0.0,False,EC13,0.03
NGW-158,Birimian fractured basement aquifer,phyllite–schist fractured zone,NO3src,anthropogenic,0.10611412131455703,True,EC03,0.03
NGW-158,Birimian fractured basement aquifer,phyllite–schist fractured zone,denit,redox,0.0,False,EC07,0.03
NGW-158,Birimian fractured basement aquifer,phyllite–schist fractured zone,CaNa_exch,ion_exchange,0.0,False,EC01,0.03
NGW-158,Birimian fractured basement aquifer,phyllite–schist fractured zone,NaCa_exch,ion_exchange,0.12354743194304625,True,EC01,0.03
NGW-158,Birimian fractured basement aquifer,phyllite–schist fractured zone,MgNa_exch,ion_exchange,0.006978783394987061,False,EC02,0.03
NGW-158,Birimian fractured basement aquifer,phyllite–schist fractured zone,NaMg_exch,ion_exchange,0.0,False,EC02,0.03
NGW-159,Birimian fractured basement aquifer,greenstone belt fracture network,calcite,carbonate,0.09936329002858779,True,EC05,0.03
NGW-159,Birimian fractured basement aquifer,greenstone belt fracture network,dolomite,carbonate,0.15160494427096602,True,EC08,0.03
NGW-159,Birimian fractured basement aquifer,greenstone belt fracture network,albite,silicate,0.0,False,EC04,0.03
NGW-159,Birimian fractured basement aquifer,greenstone belt fracture network,anorthite,silicate,0.09936329002858779,True,EC05,0.03
NGW-159,Birimian fractured basement aquifer,greenstone belt fracture network,k_feldspar,silicate,0.04062691308255646,True,EC12,0.03
NGW-159,Birimian fractured basement aquifer,greenstone belt fracture network,gypsum,evaporite,0.09495280351505131,True,EC10,0.03
NGW-159,Birimian fractured basement aquifer,greenstone belt fracture network,halite,evaporite,1.017784820812729,True,EC11,0.03
NGW-159,Birimian fractured basement aquifer,greenstone belt fracture network,fluorite,trace_mineral,0.004369799565247402,False,EC09,0.03
NGW-159,Birimian fractured basement aquifer,greenstone belt fracture network,apatite,trace_mineral,0.0036702551737504406,False,EC06,0.03
NGW-159,Birimian fractured basement aquifer,greenstone belt fracture network,pyrite_oxidation,redox,0.0,False,EC13,0.03
NGW-159,Birimian fractured basement aquifer,greenstone belt fracture network,NO3src,anthropogenic,0.0939180060805572,True,EC03,0.03
NGW-159,Birimian fractured basement aquifer,greenstone belt fracture network,denit,redox,0.0,False,EC07,0.03
NGW-159,Birimian fractured basement aquifer,greenstone belt fracture network,CaNa_exch,ion_exchange,0.045348240988381645,True,EC01,0.03
NGW-159,Birimian fractured basement aquifer,greenstone belt fracture network,NaCa_exch,ion_exchange,0.0,False,EC01,0.03
NGW-159,Birimian fractured basement aquifer,greenstone belt fracture network,MgNa_exch,ion_exchange,0.22061546792513606,True,EC02,0.03
NGW-159,Birimian fractured basement aquifer,greenstone belt fracture network,NaMg_exch,ion_exchange,0.0,False,EC02,0.03
NGW-160,Birimian fractured basement aquifer,greenstone belt fracture network,calcite,carbonate,0.15129461202224412,True,EC05,0.03
NGW-160,Birimian fractured basement aquifer,greenstone belt fracture network,dolomite,carbonate,0.13034426838356075,True,EC08,0.03
NGW-160,Birimian fractured basement aquifer,greenstone belt fracture network,albite,silicate,0.0,False,EC04,0.03
NGW-160,Birimian fractured basement aquifer,greenstone belt fracture network,anorthite,silicate,0.15129461202224412,True,EC05,0.03
NGW-160,Birimian fractured basement aquifer,greenstone belt fracture network,k_feldspar,silicate,0.0624141308781883,True,EC12,0.03
NGW-160,Birimian fractured basement aquifer,greenstone belt fracture network,gypsum,evaporite,0.0,False,EC10,0.03
NGW-160,Birimian fractured basement aquifer,greenstone belt fracture network,halite,evaporite,0.9850508193312753,True,EC11,0.03
NGW-160,Birimian fractured basement aquifer,greenstone belt fracture network,fluorite,trace_mineral,-0.0,False,EC09,0.03
NGW-160,Birimian fractured basement aquifer,greenstone belt fracture network,apatite,trace_mineral,-0.0,False,EC06,0.03
NGW-160,Birimian fractured basement aquifer,greenstone belt fracture network,pyrite_oxidation,redox,0.0,False,EC13,0.03
NGW-160,Birimian fractured basement aquifer,greenstone belt fracture network,NO3src,anthropogenic,0.07546335802911008,True,EC03,0.03
NGW-160,Birimian fractured basement aquifer,greenstone belt fracture network,denit,redox,0.0,False,EC07,0.03
NGW-160,Birimian fractured basement aquifer,greenstone belt fracture network,CaNa_exch,ion_exchange,0.10240744279057955,True,EC01,0.03
NGW-160,Birimian fractured basement aquifer,greenstone belt fracture network,NaCa_exch,ion_exchange,0.0,False,EC01,0.03
NGW-160,Birimian fractured basement aquifer,greenstone belt fracture network,MgNa_exch,ion_exchange,0.09773363902092942,True,EC02,0.03
NGW-160,Birimian fractured basement aquifer,greenstone belt fracture network,NaMg_exch,ion_exchange,0.0,False,EC02,0.03
