well_id,aquifer,geology_group,lithology,region,district,selected,extent_mmolL,equivalence_class,reaction,family,panel_ions,hydrosheaf_core_evidence_score,penalty_scale,residual_alignment,gibbs_upstream,gibbs_downstream,exchange_upstream,exchange_downstream,redox_upstream,redox_downstream,cai1_upstream,cai1_downstream,cai2_upstream,cai2_downstream,tds_delta_mg_L,evidence_flags
NGW-001,Middle Voltaian sedimentary aquifer,Voltaian Supergroup,mudstone–sandstone sequence,Northern Region,Yendi,False,0.0,EC05,calcite,carbonate,Ca;Mg;Na;K;HCO3;Cl;SO4;NO3;F,0.8799999999999999,0.46766642700990935,0.5559156539933169,rock,rock,freshening,freshening,oxic,oxic,-0.6017744849736084,-0.5553386448449765,-0.15734959662889575,-0.19485813165052412,161.29999999999995,residual_strongly_aligned;gibbs_rock_support;carbonate_alkalinity_support
NGW-001,Middle Voltaian sedimentary aquifer,Voltaian Supergroup,mudstone–sandstone sequence,Northern Region,Yendi,True,0.20434036299663874,EC08,dolomite,carbonate,Ca;Mg;Na;K;HCO3;Cl;SO4;NO3;F,0.95,0.40656965974059917,0.5818300611771382,rock,rock,freshening,freshening,oxic,oxic,-0.6017744849736084,-0.5553386448449765,-0.15734959662889575,-0.19485813165052412,161.29999999999995,residual_strongly_aligned;gibbs_rock_support;carbonate_alkalinity_support;undersaturated_dissolution_support
NGW-001,Middle Voltaian sedimentary aquifer,Voltaian Supergroup,mudstone–sandstone sequence,Northern Region,Yendi,True,0.06014259416927828,EC04,albite,silicate,Ca;Mg;Na;K;HCO3;Cl;SO4;NO3;F,0.8799999999999999,0.46766642700990935,0.8305019191408749,rock,rock,freshening,freshening,oxic,oxic,-0.6017744849736084,-0.5553386448449765,-0.15734959662889575,-0.19485813165052412,161.29999999999995,residual_strongly_aligned;gibbs_rock_support;albite_na_alkalinity_support
NGW-001,Middle Voltaian sedimentary aquifer,Voltaian Supergroup,mudstone–sandstone sequence,Northern Region,Yendi,False,0.0,EC05,anorthite,silicate,Ca;Mg;Na;K;HCO3;Cl;SO4;NO3;F,0.8799999999999999,0.46766642700990935,0.5559156539933169,rock,rock,freshening,freshening,oxic,oxic,-0.6017744849736084,-0.5553386448449765,-0.15734959662889575,-0.19485813165052412,161.29999999999995,residual_strongly_aligned;gibbs_rock_support;carbonate_alkalinity_support
NGW-001,Middle Voltaian sedimentary aquifer,Voltaian Supergroup,mudstone–sandstone sequence,Northern Region,Yendi,False,0.02497083958224639,EC12,k_feldspar,silicate,Ca;Mg;Na;K;HCO3;Cl;SO4;NO3;F,0.7799999999999999,0.571209063848815,0.3938125687583051,rock,rock,freshening,freshening,oxic,oxic,-0.6017744849736084,-0.5553386448449765,-0.15734959662889575,-0.19485813165052412,161.29999999999995,residual_weakly_aligned;gibbs_rock_support;k_feldspar_k_alkalinity_support
NGW-001,Middle Voltaian sedimentary aquifer,Voltaian Supergroup,mudstone–sandstone sequence,Northern Region,Yendi,True,0.22153293243375397,EC10,gypsum,evaporite,Ca;Mg;Na;K;HCO3;Cl;SO4;NO3;F,0.78,0.5712090638488149,0.2351557408203551,rock,rock,freshening,freshening,oxic,oxic,-0.6017744849736084,-0.5553386448449765,-0.15734959662889575,-0.19485813165052412,161.29999999999995,gypsum_ca_so4_support;undersaturated_dissolution_support;salinity_increase_support
NGW-001,Middle Voltaian sedimentary aquifer,Voltaian Supergroup,mudstone–sandstone sequence,Northern Region,Yendi,True,0.7773284632436912,EC11,halite,evaporite,Ca;Mg;Na;K;HCO3;Cl;SO4;NO3;F,0.95,0.40656965974059917,0.7819652427520165,rock,rock,freshening,freshening,oxic,oxic,-0.6017744849736084,-0.5553386448449765,-0.15734959662889575,-0.19485813165052412,161.29999999999995,residual_strongly_aligned;halite_na_cl_support;undersaturated_dissolution_support;salinity_increase_support
NGW-001,Middle Voltaian sedimentary aquifer,Voltaian Supergroup,mudstone–sandstone sequence,Northern Region,Yendi,False,0.0,EC09,fluorite,trace_mineral,Ca;Mg;Na;K;HCO3;Cl;SO4;NO3;F,0.6799999999999999,0.6976763260710311,0.09104981423376482,rock,rock,freshening,freshening,oxic,oxic,-0.6017744849736084,-0.5553386448449765,-0.15734959662889575,-0.19485813165052412,161.29999999999995,gibbs_rock_support;fluorite_ca_f_support
NGW-001,Middle Voltaian sedimentary aquifer,Voltaian Supergroup,mudstone–sandstone sequence,Northern Region,Yendi,False,0.0033203983835182298,EC06,apatite,trace_mineral,Ca;Mg;Na;K;HCO3;Cl;SO4;NO3;F,0.58,0.8521437889662115,0.19422588268802962,rock,rock,freshening,freshening,oxic,oxic,-0.6017744849736084,-0.5553386448449765,-0.15734959662889575,-0.19485813165052412,161.29999999999995,gibbs_rock_support
NGW-001,Middle Voltaian sedimentary aquifer,Voltaian Supergroup,mudstone–sandstone sequence,Northern Region,Yendi,False,0.0,EC13,pyrite_oxidation,redox,Ca;Mg;Na;K;HCO3;Cl;SO4;NO3;F,0.5,1.0,0.13510159818507572,rock,rock,freshening,freshening,oxic,oxic,-0.6017744849736084,-0.5553386448449765,-0.15734959662889575,-0.19485813165052412,161.29999999999995,
NGW-001,Middle Voltaian sedimentary aquifer,Voltaian Supergroup,mudstone–sandstone sequence,Northern Region,Yendi,True,0.10033701409845185,EC03,NO3src,anthropogenic,Ca;Mg;Na;K;HCO3;Cl;SO4;NO3;F,0.6799999999999999,0.6976763260710311,0.07030050394724016,rock,rock,freshening,freshening,oxic,oxic,-0.6017744849736084,-0.5553386448449765,-0.15734959662889575,-0.19485813165052412,161.29999999999995,nitrate_increase_support
NGW-001,Middle Voltaian sedimentary aquifer,Voltaian Supergroup,mudstone–sandstone sequence,Northern Region,Yendi,False,0.0,EC07,denit,redox,Ca;Mg;Na;K;HCO3;Cl;SO4;NO3;F,0.43999999999999995,1.1274968515793757,0.31996770803104096,rock,rock,freshening,freshening,oxic,oxic,-0.6017744849736084,-0.5553386448449765,-0.15734959662889575,-0.19485813165052412,161.29999999999995,residual_weakly_aligned;denitrification_no3_conflict
NGW-001,Middle Voltaian sedimentary aquifer,Voltaian Supergroup,mudstone–sandstone sequence,Northern Region,Yendi,False,0.0,EC01,CaNa_exch,ion_exchange,Ca;Mg;Na;K;HCO3;Cl;SO4;NO3;F,0.54,0.9231163463866358,-0.494595412257145,rock,rock,freshening,freshening,oxic,oxic,-0.6017744849736084,-0.5553386448449765,-0.15734959662889575,-0.19485813165052412,161.29999999999995,residual_opposed;cai_freshening_support
NGW-001,Middle Voltaian sedimentary aquifer,Voltaian Supergroup,mudstone–sandstone sequence,Northern Region,Yendi,True,0.12354875106683913,EC01,NaCa_exch,ion_exchange,Ca;Mg;Na;K;HCO3;Cl;SO4;NO3;F,0.38,1.2712491503214047,0.494595412257145,rock,rock,freshening,freshening,oxic,oxic,-0.6017744849736084,-0.5553386448449765,-0.15734959662889575,-0.19485813165052412,161.29999999999995,residual_weakly_aligned;cai_freshening_conflict
NGW-001,Middle Voltaian sedimentary aquifer,Voltaian Supergroup,mudstone–sandstone sequence,Northern Region,Yendi,False,0.0,EC02,MgNa_exch,ion_exchange,Ca;Mg;Na;K;HCO3;Cl;SO4;NO3;F,0.54,0.9231163463866358,-0.5024817975588596,rock,rock,freshening,freshening,oxic,oxic,-0.6017744849736084,-0.5553386448449765,-0.15734959662889575,-0.19485813165052412,161.29999999999995,residual_opposed;cai_freshening_support
NGW-001,Middle Voltaian sedimentary aquifer,Voltaian Supergroup,mudstone–sandstone sequence,Northern Region,Yendi,False,0.0,EC02,NaMg_exch,ion_exchange,Ca;Mg;Na;K;HCO3;Cl;SO4;NO3;F,0.38,1.2712491503214047,0.5024817975588596,rock,rock,freshening,freshening,oxic,oxic,-0.6017744849736084,-0.5553386448449765,-0.15734959662889575,-0.19485813165052412,161.29999999999995,residual_weakly_aligned;cai_freshening_conflict
NGW-002,Middle Voltaian sedimentary aquifer,Voltaian Supergroup,sandstone–shale interbeds,Northern Region,Savelugu,False,0.0,EC05,calcite,carbonate,Ca;Mg;Na;K;HCO3;Cl;SO4;NO3;F,0.7599999999999999,0.5945205479701945,0.6036245494811557,rock,rock,freshening,freshening,oxic,oxic,-0.38388377524780315,-0.26219014863962375,-0.13441954635119427,-0.11129006653273887,145.05000000000007,residual_strongly_aligned;gibbs_rock_support;carbonate_alkalinity_support;saturated_dissolution_conflict
NGW-002,Middle Voltaian sedimentary aquifer,Voltaian Supergroup,sandstone–shale interbeds,Northern Region,Savelugu,True,0.20226309829836941,EC08,dolomite,carbonate,Ca;Mg;Na;K;HCO3;Cl;SO4;NO3;F,0.8799999999999999,0.46766642700990935,0.6370423837767261,rock,rock,freshening,freshening,oxic,oxic,-0.38388377524780315,-0.26219014863962375,-0.13441954635119427,-0.11129006653273887,145.05000000000007,residual_strongly_aligned;gibbs_rock_support;carbonate_alkalinity_support
NGW-002,Middle Voltaian sedimentary aquifer,Voltaian Supergroup,sandstone–shale interbeds,Northern Region,Savelugu,False,0.0,EC04,albite,silicate,Ca;Mg;Na;K;HCO3;Cl;SO4;NO3;F,0.8799999999999999,0.46766642700990935,0.7766426515052391,rock,rock,freshening,freshening,oxic,oxic,-0.38388377524780315,-0.26219014863962375,-0.13441954635119427,-0.11129006653273887,145.05000000000007,residual_strongly_aligned;gibbs_rock_support;albite_na_alkalinity_support
NGW-002,Middle Voltaian sedimentary aquifer,Voltaian Supergroup,sandstone–shale interbeds,Northern Region,Savelugu,False,0.0,EC05,anorthite,silicate,Ca;Mg;Na;K;HCO3;Cl;SO4;NO3;F,0.8799999999999999,0.46766642700990935,0.6036245494811557,rock,rock,freshening,freshening,oxic,oxic,-0.38388377524780315,-0.26219014863962375,-0.13441954635119427,-0.11129006653273887,145.05000000000007,residual_strongly_aligned;gibbs_rock_support;carbonate_alkalinity_support
NGW-002,Middle Voltaian sedimentary aquifer,Voltaian Supergroup,sandstone–shale interbeds,Northern Region,Savelugu,True,0.04189813471917539,EC12,k_feldspar,silicate,Ca;Mg;Na;K;HCO3;Cl;SO4;NO3;F,0.7799999999999999,0.571209063848815,0.4420856585039992,rock,rock,freshening,freshening,oxic,oxic,-0.38388377524780315,-0.26219014863962375,-0.13441954635119427,-0.11129006653273887,145.05000000000007,residual_weakly_aligned;gibbs_rock_support;k_feldspar_k_alkalinity_support
NGW-002,Middle Voltaian sedimentary aquifer,Voltaian Supergroup,sandstone–shale interbeds,Northern Region,Savelugu,True,0.07022599384557718,EC10,gypsum,evaporite,Ca;Mg;Na;K;HCO3;Cl;SO4;NO3;F,0.78,0.5712090638488149,0.17841112956080665,rock,rock,freshening,freshening,oxic,oxic,-0.38388377524780315,-0.26219014863962375,-0.13441954635119427,-0.11129006653273887,145.05000000000007,gypsum_ca_so4_support;undersaturated_dissolution_support;salinity_increase_support
NGW-002,Middle Voltaian sedimentary aquifer,Voltaian Supergroup,sandstone–shale interbeds,Northern Region,Savelugu,True,0.7487781903813399,EC11,halite,evaporite,Ca;Mg;Na;K;HCO3;Cl;SO4;NO3;F,0.95,0.40656965974059917,0.7341605071524074,rock,rock,freshening,freshening,oxic,oxic,-0.38388377524780315,-0.26219014863962375,-0.13441954635119427,-0.11129006653273887,145.05000000000007,residual_strongly_aligned;halite_na_cl_support;undersaturated_dissolution_support;salinity_increase_support
NGW-002,Middle Voltaian sedimentary aquifer,Voltaian Supergroup,sandstone–shale interbeds,Northern Region,Savelugu,False,0.0,EC09,fluorite,trace_mineral,Ca;Mg;Na;K;HCO3;Cl;SO4;NO3;F,0.6799999999999999,0.6976763260710311,0.09010366284407267,rock,rock,freshening,freshening,oxic,oxic,-0.38388377524780315,-0.26219014863962375,-0.13441954635119427,-0.11129006653273887,145.05000000000007,gibbs_rock_support;fluorite_ca_f_support
NGW-002,Middle Voltaian sedimentary aquifer,Voltaian Supergroup,sandstone–shale interbeds,Northern Region,Savelugu,False,7.872487211927212e-05,EC06,apatite,trace_mineral,Ca;Mg;Na;K;HCO3;Cl;SO4;NO3;F,0.58,0.8521437889662115,0.19504343553193265,rock,rock,freshening,freshening,oxic,oxic,-0.38388377524780315,-0.26219014863962375,-0.13441954635119427,-0.11129006653273887,145.05000000000007,gibbs_rock_support
NGW-002,Middle Voltaian sedimentary aquifer,Voltaian Supergroup,sandstone–shale interbeds,Northern Region,Savelugu,False,0.0,EC13,pyrite_oxidation,redox,Ca;Mg;Na;K;HCO3;Cl;SO4;NO3;F,0.5,1.0,0.05369114439098143,rock,rock,freshening,freshening,oxic,oxic,-0.38388377524780315,-0.26219014863962375,-0.13441954635119427,-0.11129006653273887,145.05000000000007,
NGW-002,Middle Voltaian sedimentary aquifer,Voltaian Supergroup,sandstone–shale interbeds,Northern Region,Savelugu,True,0.2884139490228125,EC03,NO3src,anthropogenic,Ca;Mg;Na;K;HCO3;Cl;SO4;NO3;F,0.6799999999999999,0.6976763260710311,0.21013910008427042,rock,rock,freshening,freshening,oxic,oxic,-0.38388377524780315,-0.26219014863962375,-0.13441954635119427,-0.11129006653273887,145.05000000000007,nitrate_increase_support
NGW-002,Middle Voltaian sedimentary aquifer,Voltaian Supergroup,sandstone–shale interbeds,Northern Region,Savelugu,False,0.0,EC07,denit,redox,Ca;Mg;Na;K;HCO3;Cl;SO4;NO3;F,0.43999999999999995,1.1274968515793757,0.25839344569020023,rock,rock,freshening,freshening,oxic,oxic,-0.38388377524780315,-0.26219014863962375,-0.13441954635119427,-0.11129006653273887,145.05000000000007,residual_weakly_aligned;denitrification_no3_conflict
NGW-002,Middle Voltaian sedimentary aquifer,Voltaian Supergroup,sandstone–shale interbeds,Northern Region,Savelugu,False,0.0,EC01,CaNa_exch,ion_exchange,Ca;Mg;Na;K;HCO3;Cl;SO4;NO3;F,0.54,0.9231163463866358,-0.37875933323442584,rock,rock,freshening,freshening,oxic,oxic,-0.38388377524780315,-0.26219014863962375,-0.13441954635119427,-0.11129006653273887,145.05000000000007,residual_opposed;cai_freshening_support
NGW-002,Middle Voltaian sedimentary aquifer,Voltaian Supergroup,sandstone–shale interbeds,Northern Region,Savelugu,False,0.0,EC01,NaCa_exch,ion_exchange,Ca;Mg;Na;K;HCO3;Cl;SO4;NO3;F,0.38,1.2712491503214047,0.37875933323442584,rock,rock,freshening,freshening,oxic,oxic,-0.38388377524780315,-0.26219014863962375,-0.13441954635119427,-0.11129006653273887,145.05000000000007,residual_weakly_aligned;cai_freshening_conflict
NGW-002,Middle Voltaian sedimentary aquifer,Voltaian Supergroup,sandstone–shale interbeds,Northern Region,Savelugu,False,0.0015527110669876485,EC02,MgNa_exch,ion_exchange,Ca;Mg;Na;K;HCO3;Cl;SO4;NO3;F,0.54,0.9231163463866358,-0.37730549291820603,rock,rock,freshening,freshening,oxic,oxic,-0.38388377524780315,-0.26219014863962375,-0.13441954635119427,-0.11129006653273887,145.05000000000007,residual_opposed;cai_freshening_support
NGW-002,Middle Voltaian sedimentary aquifer,Voltaian Supergroup,sandstone–shale interbeds,Northern Region,Savelugu,False,0.0,EC02,NaMg_exch,ion_exchange,Ca;Mg;Na;K;HCO3;Cl;SO4;NO3;F,0.38,1.2712491503214047,0.37730549291820603,rock,rock,freshening,freshening,oxic,oxic,-0.38388377524780315,-0.26219014863962375,-0.13441954635119427,-0.11129006653273887,145.05000000000007,residual_weakly_aligned;cai_freshening_conflict
NGW-003,Middle Voltaian sedimentary aquifer,Voltaian Supergroup,mudstone–sandstone sequence,Northern Region,Yendi,True,0.17102128075704343,EC05,calcite,carbonate,Ca;Mg;Na;K;HCO3;Cl;SO4;NO3;F,0.95,0.40656965974059917,0.7513600123854512,rock,rock,freshening,freshening,oxic,oxic,-1.7009194233679927,-0.36542545906361296,-0.34471763177852355,-0.12784450655681656,221.39,residual_strongly_aligned;gibbs_rock_support;carbonate_alkalinity_support;undersaturated_dissolution_support
NGW-003,Middle Voltaian sedimentary aquifer,Voltaian Supergroup,mudstone–sandstone sequence,Northern Region,Yendi,True,0.1749847270581452,EC08,dolomite,carbonate,Ca;Mg;Na;K;HCO3;Cl;SO4;NO3;F,0.95,0.40656965974059917,0.7501610659124145,rock,rock,freshening,freshening,oxic,oxic,-1.7009194233679927,-0.36542545906361296,-0.34471763177852355,-0.12784450655681656,221.39,residual_strongly_aligned;gibbs_rock_support;carbonate_alkalinity_support;undersaturated_dissolution_support
NGW-003,Middle Voltaian sedimentary aquifer,Voltaian Supergroup,mudstone–sandstone sequence,Northern Region,Yendi,False,0.0,EC04,albite,silicate,Ca;Mg;Na;K;HCO3;Cl;SO4;NO3;F,0.8799999999999999,0.46766642700990935,0.6891233781222587,rock,rock,freshening,freshening,oxic,oxic,-1.7009194233679927,-0.36542545906361296,-0.34471763177852355,-0.12784450655681656,221.39,residual_strongly_aligned;gibbs_rock_support;albite_na_alkalinity_support
NGW-003,Middle Voltaian sedimentary aquifer,Voltaian Supergroup,mudstone–sandstone sequence,Northern Region,Yendi,True,0.17102128075704343,EC05,anorthite,silicate,Ca;Mg;Na;K;HCO3;Cl;SO4;NO3;F,0.8799999999999999,0.46766642700990935,0.7513600123854512,rock,rock,freshening,freshening,oxic,oxic,-1.7009194233679927,-0.36542545906361296,-0.34471763177852355,-0.12784450655681656,221.39,residual_strongly_aligned;gibbs_rock_support;carbonate_alkalinity_support
NGW-003,Middle Voltaian sedimentary aquifer,Voltaian Supergroup,mudstone–sandstone sequence,Northern Region,Yendi,True,0.06929739018397524,EC12,k_feldspar,silicate,Ca;Mg;Na;K;HCO3;Cl;SO4;NO3;F,0.7799999999999999,0.571209063848815,0.4988033354019482,rock,rock,freshening,freshening,oxic,oxic,-1.7009194233679927,-0.36542545906361296,-0.34471763177852355,-0.12784450655681656,221.39,residual_weakly_aligned;gibbs_rock_support;k_feldspar_k_alkalinity_support
NGW-003,Middle Voltaian sedimentary aquifer,Voltaian Supergroup,mudstone–sandstone sequence,Northern Region,Yendi,True,0.16061804806109403,EC10,gypsum,evaporite,Ca;Mg;Na;K;HCO3;Cl;SO4;NO3;F,0.88,0.46766642700990924,0.2989772588804224,rock,rock,freshening,freshening,oxic,oxic,-1.7009194233679927,-0.36542545906361296,-0.34471763177852355,-0.12784450655681656,221.39,residual_weakly_aligned;gypsum_ca_so4_support;undersaturated_dissolution_support;salinity_increase_support
NGW-003,Middle Voltaian sedimentary aquifer,Voltaian Supergroup,mudstone–sandstone sequence,Northern Region,Yendi,True,1.1411036138338566,EC11,halite,evaporite,Ca;Mg;Na;K;HCO3;Cl;SO4;NO3;F,0.95,0.40656965974059917,0.6009486391195916,rock,rock,freshening,freshening,oxic,oxic,-1.7009194233679927,-0.36542545906361296,-0.34471763177852355,-0.12784450655681656,221.39,residual_strongly_aligned;halite_na_cl_support;undersaturated_dissolution_support;salinity_increase_support
NGW-003,Middle Voltaian sedimentary aquifer,Voltaian Supergroup,mudstone–sandstone sequence,Northern Region,Yendi,False,0.007043595218146136,EC09,fluorite,trace_mineral,Ca;Mg;Na;K;HCO3;Cl;SO4;NO3;F,0.6799999999999999,0.6976763260710311,0.16517411522035086,rock,rock,freshening,freshening,oxic,oxic,-1.7009194233679927,-0.36542545906361296,-0.34471763177852355,-0.12784450655681656,221.39,gibbs_rock_support;fluorite_ca_f_support
NGW-003,Middle Voltaian sedimentary aquifer,Voltaian Supergroup,mudstone–sandstone sequence,Northern Region,Yendi,False,0.0,EC06,apatite,trace_mineral,Ca;Mg;Na;K;HCO3;Cl;SO4;NO3;F,0.6799999999999999,0.6976763260710311,0.338510485146714,rock,rock,freshening,freshening,oxic,oxic,-1.7009194233679927,-0.36542545906361296,-0.34471763177852355,-0.12784450655681656,221.39,residual_weakly_aligned;gibbs_rock_support
NGW-003,Middle Voltaian sedimentary aquifer,Voltaian Supergroup,mudstone–sandstone sequence,Northern Region,Yendi,False,0.0,EC13,pyrite_oxidation,redox,Ca;Mg;Na;K;HCO3;Cl;SO4;NO3;F,0.5,1.0,0.08028407336297837,rock,rock,freshening,freshening,oxic,oxic,-1.7009194233679927,-0.36542545906361296,-0.34471763177852355,-0.12784450655681656,221.39,
NGW-003,Middle Voltaian sedimentary aquifer,Voltaian Supergroup,mudstone–sandstone sequence,Northern Region,Yendi,True,0.20641112159416108,EC03,NO3src,anthropogenic,Ca;Mg;Na;K;HCO3;Cl;SO4;NO3;F,0.6799999999999999,0.6976763260710311,0.10333111488164656,rock,rock,freshening,freshening,oxic,oxic,-1.7009194233679927,-0.36542545906361296,-0.34471763177852355,-0.12784450655681656,221.39,nitrate_increase_support
NGW-003,Middle Voltaian sedimentary aquifer,Voltaian Supergroup,mudstone–sandstone sequence,Northern Region,Yendi,False,0.0,EC07,denit,redox,Ca;Mg;Na;K;HCO3;Cl;SO4;NO3;F,0.43999999999999995,1.1274968515793757,0.3998321903451177,rock,rock,freshening,freshening,oxic,oxic,-1.7009194233679927,-0.36542545906361296,-0.34471763177852355,-0.12784450655681656,221.39,residual_weakly_aligned;denitrification_no3_conflict
NGW-003,Middle Voltaian sedimentary aquifer,Voltaian Supergroup,mudstone–sandstone sequence,Northern Region,Yendi,True,0.05492627266831428,EC01,CaNa_exch,ion_exchange,Ca;Mg;Na;K;HCO3;Cl;SO4;NO3;F,0.72,0.6440364210831414,-0.12031977310886297,rock,rock,freshening,freshening,oxic,oxic,-1.7009194233679927,-0.36542545906361296,-0.34471763177852355,-0.12784450655681656,221.39,cai_freshening_support
NGW-003,Middle Voltaian sedimentary aquifer,Voltaian Supergroup,mudstone–sandstone sequence,Northern Region,Yendi,False,0.0,EC01,NaCa_exch,ion_exchange,Ca;Mg;Na;K;HCO3;Cl;SO4;NO3;F,0.28,1.552707218511336,0.12031977310886297,rock,rock,freshening,freshening,oxic,oxic,-1.7009194233679927,-0.36542545906361296,-0.34471763177852355,-0.12784450655681656,221.39,cai_freshening_conflict
NGW-003,Middle Voltaian sedimentary aquifer,Voltaian Supergroup,mudstone–sandstone sequence,Northern Region,Yendi,True,0.17138779203563795,EC02,MgNa_exch,ion_exchange,Ca;Mg;Na;K;HCO3;Cl;SO4;NO3;F,0.72,0.6440364210831414,-0.19970924972200899,rock,rock,freshening,freshening,oxic,oxic,-1.7009194233679927,-0.36542545906361296,-0.34471763177852355,-0.12784450655681656,221.39,cai_freshening_support
NGW-003,Middle Voltaian sedimentary aquifer,Voltaian Supergroup,mudstone–sandstone sequence,Northern Region,Yendi,False,0.0,EC02,NaMg_exch,ion_exchange,Ca;Mg;Na;K;HCO3;Cl;SO4;NO3;F,0.28,1.552707218511336,0.19970924972200899,rock,rock,freshening,freshening,oxic,oxic,-1.7009194233679927,-0.36542545906361296,-0.34471763177852355,-0.12784450655681656,221.39,cai_freshening_conflict
NGW-004,Middle Voltaian sedimentary aquifer,Voltaian Supergroup,mudstone–sandstone sequence,Northern Region,Mion,False,0.0,EC05,calcite,carbonate,Ca;Mg;Na;K;HCO3;Cl;SO4;NO3;F,0.95,0.40656965974059917,0.5556396807584786,rock,rock,freshening,freshening,oxic,oxic,-0.2933215326773949,-0.30090513485143056,-0.11398434343822457,-0.13567922654321546,206.3300000000001,residual_strongly_aligned;gibbs_rock_support;carbonate_alkalinity_support;undersaturated_dissolution_support
NGW-004,Middle Voltaian sedimentary aquifer,Voltaian Supergroup,mudstone–sandstone sequence,Northern Region,Mion,True,0.2364207230452292,EC08,dolomite,carbonate,Ca;Mg;Na;K;HCO3;Cl;SO4;NO3;F,0.95,0.40656965974059917,0.5744579226209562,rock,rock,freshening,freshening,oxic,oxic,-0.2933215326773949,-0.30090513485143056,-0.11398434343822457,-0.13567922654321546,206.3300000000001,residual_strongly_aligned;gibbs_rock_support;carbonate_alkalinity_support;undersaturated_dissolution_support
NGW-004,Middle Voltaian sedimentary aquifer,Voltaian Supergroup,mudstone–sandstone sequence,Northern Region,Mion,False,0.0,EC04,albite,silicate,Ca;Mg;Na;K;HCO3;Cl;SO4;NO3;F,0.8799999999999999,0.46766642700990935,0.7761730864735924,rock,rock,freshening,freshening,oxic,oxic,-0.2933215326773949,-0.30090513485143056,-0.11398434343822457,-0.13567922654321546,206.3300000000001,residual_strongly_aligned;gibbs_rock_support;albite_na_alkalinity_support
NGW-004,Middle Voltaian sedimentary aquifer,Voltaian Supergroup,mudstone–sandstone sequence,Northern Region,Mion,False,0.0,EC05,anorthite,silicate,Ca;Mg;Na;K;HCO3;Cl;SO4;NO3;F,0.8799999999999999,0.46766642700990935,0.5556396807584786,rock,rock,freshening,freshening,oxic,oxic,-0.2933215326773949,-0.30090513485143056,-0.11398434343822457,-0.13567922654321546,206.3300000000001,residual_strongly_aligned;gibbs_rock_support;carbonate_alkalinity_support
NGW-004,Middle Voltaian sedimentary aquifer,Voltaian Supergroup,mudstone–sandstone sequence,Northern Region,Mion,True,0.08557064560519961,EC12,k_feldspar,silicate,Ca;Mg;Na;K;HCO3;Cl;SO4;NO3;F,0.7799999999999999,0.571209063848815,0.3970365679388291,rock,rock,freshening,freshening,oxic,oxic,-0.2933215326773949,-0.30090513485143056,-0.11398434343822457,-0.13567922654321546,206.3300000000001,residual_weakly_aligned;gibbs_rock_support;k_feldspar_k_alkalinity_support
NGW-004,Middle Voltaian sedimentary aquifer,Voltaian Supergroup,mudstone–sandstone sequence,Northern Region,Mion,True,0.24972523546867767,EC10,gypsum,evaporite,Ca;Mg;Na;K;HCO3;Cl;SO4;NO3;F,0.88,0.46766642700990924,0.2587368814983632,rock,rock,freshening,freshening,oxic,oxic,-0.2933215326773949,-0.30090513485143056,-0.11398434343822457,-0.13567922654321546,206.3300000000001,residual_weakly_aligned;gypsum_ca_so4_support;undersaturated_dissolution_support;salinity_increase_support
NGW-004,Middle Voltaian sedimentary aquifer,Voltaian Supergroup,mudstone–sandstone sequence,Northern Region,Mion,True,1.020806996845973,EC11,halite,evaporite,Ca;Mg;Na;K;HCO3;Cl;SO4;NO3;F,0.95,0.40656965974059917,0.7764986866429695,rock,rock,freshening,freshening,oxic,oxic,-0.2933215326773949,-0.30090513485143056,-0.11398434343822457,-0.13567922654321546,206.3300000000001,residual_strongly_aligned;halite_na_cl_support;undersaturated_dissolution_support;salinity_increase_support
NGW-004,Middle Voltaian sedimentary aquifer,Voltaian Supergroup,mudstone–sandstone sequence,Northern Region,Mion,False,-0.0,EC09,fluorite,trace_mineral,Ca;Mg;Na;K;HCO3;Cl;SO4;NO3;F,0.6799999999999999,0.6976763260710311,0.11035065444176699,rock,rock,freshening,freshening,oxic,oxic,-0.2933215326773949,-0.30090513485143056,-0.11398434343822457,-0.13567922654321546,206.3300000000001,gibbs_rock_support;fluorite_ca_f_support
NGW-004,Middle Voltaian sedimentary aquifer,Voltaian Supergroup,mudstone–sandstone sequence,Northern Region,Mion,False,0.020124998775632248,EC06,apatite,trace_mineral,Ca;Mg;Na;K;HCO3;Cl;SO4;NO3;F,0.58,0.8521437889662115,0.2360406631318794,rock,rock,freshening,freshening,oxic,oxic,-0.2933215326773949,-0.30090513485143056,-0.11398434343822457,-0.13567922654321546,206.3300000000001,gibbs_rock_support
NGW-004,Middle Voltaian sedimentary aquifer,Voltaian Supergroup,mudstone–sandstone sequence,Northern Region,Mion,False,0.0,EC13,pyrite_oxidation,redox,Ca;Mg;Na;K;HCO3;Cl;SO4;NO3;F,0.5,1.0,0.12586472579796246,rock,rock,freshening,freshening,oxic,oxic,-0.2933215326773949,-0.30090513485143056,-0.11398434343822457,-0.13567922654321546,206.3300000000001,
NGW-004,Middle Voltaian sedimentary aquifer,Voltaian Supergroup,mudstone–sandstone sequence,Northern Region,Mion,True,0.31537378269792304,EC03,NO3src,anthropogenic,Ca;Mg;Na;K;HCO3;Cl;SO4;NO3;F,0.6799999999999999,0.6976763260710311,0.1650372391041783,rock,rock,freshening,freshening,oxic,oxic,-0.2933215326773949,-0.30090513485143056,-0.11398434343822457,-0.13567922654321546,206.3300000000001,nitrate_increase_support
NGW-004,Middle Voltaian sedimentary aquifer,Voltaian Supergroup,mudstone–sandstone sequence,Northern Region,Mion,False,0.0,EC07,denit,redox,Ca;Mg;Na;K;HCO3;Cl;SO4;NO3;F,0.33999999999999997,1.3771277643359572,0.2377042462853174,rock,rock,freshening,freshening,oxic,oxic,-0.2933215326773949,-0.30090513485143056,-0.11398434343822457,-0.13567922654321546,206.3300000000001,denitrification_no3_conflict
NGW-004,Middle Voltaian sedimentary aquifer,Voltaian Supergroup,mudstone–sandstone sequence,Northern Region,Mion,False,0.0,EC01,CaNa_exch,ion_exchange,Ca;Mg;Na;K;HCO3;Cl;SO4;NO3;F,0.54,0.9231163463866358,-0.42615024395327356,rock,rock,freshening,freshening,oxic,oxic,-0.2933215326773949,-0.30090513485143056,-0.11398434343822457,-0.13567922654321546,206.3300000000001,residual_opposed;cai_freshening_support
NGW-004,Middle Voltaian sedimentary aquifer,Voltaian Supergroup,mudstone–sandstone sequence,Northern Region,Mion,True,0.120374408283508,EC01,NaCa_exch,ion_exchange,Ca;Mg;Na;K;HCO3;Cl;SO4;NO3;F,0.38,1.2712491503214047,0.42615024395327356,rock,rock,freshening,freshening,oxic,oxic,-0.2933215326773949,-0.30090513485143056,-0.11398434343822457,-0.13567922654321546,206.3300000000001,residual_weakly_aligned;cai_freshening_conflict
NGW-004,Middle Voltaian sedimentary aquifer,Voltaian Supergroup,mudstone–sandstone sequence,Northern Region,Mion,True,0.03994362964919619,EC02,MgNa_exch,ion_exchange,Ca;Mg;Na;K;HCO3;Cl;SO4;NO3;F,0.54,0.9231163463866358,-0.4474723322236398,rock,rock,freshening,freshening,oxic,oxic,-0.2933215326773949,-0.30090513485143056,-0.11398434343822457,-0.13567922654321546,206.3300000000001,residual_opposed;cai_freshening_support
NGW-004,Middle Voltaian sedimentary aquifer,Voltaian Supergroup,mudstone–sandstone sequence,Northern Region,Mion,False,0.0,EC02,NaMg_exch,ion_exchange,Ca;Mg;Na;K;HCO3;Cl;SO4;NO3;F,0.38,1.2712491503214047,0.4474723322236398,rock,rock,freshening,freshening,oxic,oxic,-0.2933215326773949,-0.30090513485143056,-0.11398434343822457,-0.13567922654321546,206.3300000000001,residual_weakly_aligned;cai_freshening_conflict
NGW-005,Middle Voltaian sedimentary aquifer,Voltaian Supergroup,siltstone–shale unit,Northern Region,Yendi,True,0.07032689701076023,EC05,calcite,carbonate,Ca;Mg;Na;K;HCO3;Cl;SO4;NO3;F,0.95,0.40656965974059917,0.7626923179041275,rock,rock,freshening,neutral,oxic,oxic,-0.4447400027512915,-0.06636625851271354,-0.17399082851379175,-0.029349346038285238,166.83000000000004,residual_strongly_aligned;gibbs_rock_support;carbonate_alkalinity_support;undersaturated_dissolution_support
NGW-005,Middle Voltaian sedimentary aquifer,Voltaian Supergroup,siltstone–shale unit,Northern Region,Yendi,True,0.19609057220441622,EC08,dolomite,carbonate,Ca;Mg;Na;K;HCO3;Cl;SO4;NO3;F,0.95,0.40656965974059917,0.7941728865566152,rock,rock,freshening,neutral,oxic,oxic,-0.4447400027512915,-0.06636625851271354,-0.17399082851379175,-0.029349346038285238,166.83000000000004,residual_strongly_aligned;gibbs_rock_support;carbonate_alkalinity_support;undersaturated_dissolution_support
NGW-005,Middle Voltaian sedimentary aquifer,Voltaian Supergroup,siltstone–shale unit,Northern Region,Yendi,False,0.0,EC04,albite,silicate,Ca;Mg;Na;K;HCO3;Cl;SO4;NO3;F,0.8799999999999999,0.46766642700990935,0.6755860699141469,rock,rock,freshening,neutral,oxic,oxic,-0.4447400027512915,-0.06636625851271354,-0.17399082851379175,-0.029349346038285238,166.83000000000004,residual_strongly_aligned;gibbs_rock_support;albite_na_alkalinity_support
NGW-005,Middle Voltaian sedimentary aquifer,Voltaian Supergroup,siltstone–shale unit,Northern Region,Yendi,True,0.07032689701076023,EC05,anorthite,silicate,Ca;Mg;Na;K;HCO3;Cl;SO4;NO3;F,0.8799999999999999,0.46766642700990935,0.7626923179041275,rock,rock,freshening,neutral,oxic,oxic,-0.4447400027512915,-0.06636625851271354,-0.17399082851379175,-0.029349346038285238,166.83000000000004,residual_strongly_aligned;gibbs_rock_support;carbonate_alkalinity_support
NGW-005,Middle Voltaian sedimentary aquifer,Voltaian Supergroup,siltstone–shale unit,Northern Region,Yendi,True,0.07548328261129116,EC12,k_feldspar,silicate,Ca;Mg;Na;K;HCO3;Cl;SO4;NO3;F,0.7799999999999999,0.571209063848815,0.5379410248246048,rock,rock,freshening,neutral,oxic,oxic,-0.4447400027512915,-0.06636625851271354,-0.17399082851379175,-0.029349346038285238,166.83000000000004,residual_weakly_aligned;gibbs_rock_support;k_feldspar_k_alkalinity_support
NGW-005,Middle Voltaian sedimentary aquifer,Voltaian Supergroup,siltstone–shale unit,Northern Region,Yendi,True,0.13503709326560023,EC10,gypsum,evaporite,Ca;Mg;Na;K;HCO3;Cl;SO4;NO3;F,0.88,0.46766642700990924,0.3049011296682214,rock,rock,freshening,neutral,oxic,oxic,-0.4447400027512915,-0.06636625851271354,-0.17399082851379175,-0.029349346038285238,166.83000000000004,residual_weakly_aligned;gypsum_ca_so4_support;undersaturated_dissolution_support;salinity_increase_support
NGW-005,Middle Voltaian sedimentary aquifer,Voltaian Supergroup,siltstone–shale unit,Northern Region,Yendi,True,0.82257544953756,EC11,halite,evaporite,Ca;Mg;Na;K;HCO3;Cl;SO4;NO3;F,0.9,0.44932896411722156,0.5411002259380036,rock,rock,freshening,neutral,oxic,oxic,-0.4447400027512915,-0.06636625851271354,-0.17399082851379175,-0.029349346038285238,166.83000000000004,residual_weakly_aligned;halite_na_cl_support;undersaturated_dissolution_support;salinity_increase_support
NGW-005,Middle Voltaian sedimentary aquifer,Voltaian Supergroup,siltstone–shale unit,Northern Region,Yendi,False,0.0,EC09,fluorite,trace_mineral,Ca;Mg;Na;K;HCO3;Cl;SO4;NO3;F,0.6799999999999999,0.6976763260710311,0.1303073178130074,rock,rock,freshening,neutral,oxic,oxic,-0.4447400027512915,-0.06636625851271354,-0.17399082851379175,-0.029349346038285238,166.83000000000004,gibbs_rock_support;fluorite_ca_f_support
NGW-005,Middle Voltaian sedimentary aquifer,Voltaian Supergroup,siltstone–shale unit,Northern Region,Yendi,False,0.0,EC06,apatite,trace_mineral,Ca;Mg;Na;K;HCO3;Cl;SO4;NO3;F,0.6799999999999999,0.6976763260710311,0.28074851467567424,rock,rock,freshening,neutral,oxic,oxic,-0.4447400027512915,-0.06636625851271354,-0.17399082851379175,-0.029349346038285238,166.83000000000004,residual_weakly_aligned;gibbs_rock_support
NGW-005,Middle Voltaian sedimentary aquifer,Voltaian Supergroup,siltstone–shale unit,Northern Region,Yendi,True,0.04471859903344433,EC13,pyrite_oxidation,redox,Ca;Mg;Na;K;HCO3;Cl;SO4;NO3;F,0.5,1.0,0.14544994732730387,rock,rock,freshening,neutral,oxic,oxic,-0.4447400027512915,-0.06636625851271354,-0.17399082851379175,-0.029349346038285238,166.83000000000004,
NGW-005,Middle Voltaian sedimentary aquifer,Voltaian Supergroup,siltstone–shale unit,Northern Region,Yendi,False,0.0,EC03,NO3src,anthropogenic,Ca;Mg;Na;K;HCO3;Cl;SO4;NO3;F,0.5,1.0,-0.026453710235969843,rock,rock,freshening,neutral,oxic,oxic,-0.4447400027512915,-0.06636625851271354,-0.17399082851379175,-0.029349346038285238,166.83000000000004,
NGW-005,Middle Voltaian sedimentary aquifer,Voltaian Supergroup,siltstone–shale unit,Northern Region,Yendi,True,0.034722031247285186,EC07,denit,redox,Ca;Mg;Na;K;HCO3;Cl;SO4;NO3;F,0.8,0.5488116360940264,0.5206405747230344,rock,rock,freshening,neutral,oxic,oxic,-0.4447400027512915,-0.06636625851271354,-0.17399082851379175,-0.029349346038285238,166.83000000000004,residual_weakly_aligned;denitrification_stoichiometry_support
NGW-005,Middle Voltaian sedimentary aquifer,Voltaian Supergroup,siltstone–shale unit,Northern Region,Yendi,False,0.0,EC01,CaNa_exch,ion_exchange,Ca;Mg;Na;K;HCO3;Cl;SO4;NO3;F,0.5,1.0,-0.09186397666005632,rock,rock,freshening,neutral,oxic,oxic,-0.4447400027512915,-0.06636625851271354,-0.17399082851379175,-0.029349346038285238,166.83000000000004,
NGW-005,Middle Voltaian sedimentary aquifer,Voltaian Supergroup,siltstone–shale unit,Northern Region,Yendi,False,0.0,EC01,NaCa_exch,ion_exchange,Ca;Mg;Na;K;HCO3;Cl;SO4;NO3;F,0.5,1.0,0.09186397666005632,rock,rock,freshening,neutral,oxic,oxic,-0.4447400027512915,-0.06636625851271354,-0.17399082851379175,-0.029349346038285238,166.83000000000004,
NGW-005,Middle Voltaian sedimentary aquifer,Voltaian Supergroup,siltstone–shale unit,Northern Region,Yendi,True,0.19688170552204914,EC02,MgNa_exch,ion_exchange,Ca;Mg;Na;K;HCO3;Cl;SO4;NO3;F,0.5,1.0,-0.11041150598665896,rock,rock,freshening,neutral,oxic,oxic,-0.4447400027512915,-0.06636625851271354,-0.17399082851379175,-0.029349346038285238,166.83000000000004,
NGW-005,Middle Voltaian sedimentary aquifer,Voltaian Supergroup,siltstone–shale unit,Northern Region,Yendi,False,0.0,EC02,NaMg_exch,ion_exchange,Ca;Mg;Na;K;HCO3;Cl;SO4;NO3;F,0.5,1.0,0.11041150598665896,rock,rock,freshening,neutral,oxic,oxic,-0.4447400027512915,-0.06636625851271354,-0.17399082851379175,-0.029349346038285238,166.83000000000004,
NGW-006,Middle Voltaian sedimentary aquifer,Voltaian Supergroup,mudstone–sandstone sequence,Northern Region,Mion,False,0.0,EC05,calcite,carbonate,Ca;Mg;Na;K;HCO3;Cl;SO4;NO3;F,0.95,0.40656965974059917,0.6559081458460123,rock,rock,freshening,freshening,oxic,oxic,-0.618730219779573,-0.5462335668630139,-0.20375749615411134,-0.21637380523941094,140.17000000000002,residual_strongly_aligned;gibbs_rock_support;carbonate_alkalinity_support;undersaturated_dissolution_support
NGW-006,Middle Voltaian sedimentary aquifer,Voltaian Supergroup,mudstone–sandstone sequence,Northern Region,Mion,True,0.216198401316556,EC08,dolomite,carbonate,Ca;Mg;Na;K;HCO3;Cl;SO4;NO3;F,0.95,0.40656965974059917,0.7026792981750177,rock,rock,freshening,freshening,oxic,oxic,-0.618730219779573,-0.5462335668630139,-0.20375749615411134,-0.21637380523941094,140.17000000000002,residual_strongly_aligned;gibbs_rock_support;carbonate_alkalinity_support;undersaturated_dissolution_support
NGW-006,Middle Voltaian sedimentary aquifer,Voltaian Supergroup,mudstone–sandstone sequence,Northern Region,Mion,True,0.17102944589297336,EC04,albite,silicate,Ca;Mg;Na;K;HCO3;Cl;SO4;NO3;F,0.8799999999999999,0.46766642700990935,0.8689666185119069,rock,rock,freshening,freshening,oxic,oxic,-0.618730219779573,-0.5462335668630139,-0.20375749615411134,-0.21637380523941094,140.17000000000002,residual_strongly_aligned;gibbs_rock_support;albite_na_alkalinity_support
NGW-006,Middle Voltaian sedimentary aquifer,Voltaian Supergroup,mudstone–sandstone sequence,Northern Region,Mion,False,0.0,EC05,anorthite,silicate,Ca;Mg;Na;K;HCO3;Cl;SO4;NO3;F,0.8799999999999999,0.46766642700990935,0.6559081458460123,rock,rock,freshening,freshening,oxic,oxic,-0.618730219779573,-0.5462335668630139,-0.20375749615411134,-0.21637380523941094,140.17000000000002,residual_strongly_aligned;gibbs_rock_support;carbonate_alkalinity_support
NGW-006,Middle Voltaian sedimentary aquifer,Voltaian Supergroup,mudstone–sandstone sequence,Northern Region,Mion,True,0.06343373968767196,EC12,k_feldspar,silicate,Ca;Mg;Na;K;HCO3;Cl;SO4;NO3;F,0.7799999999999999,0.571209063848815,0.5094940941936766,rock,rock,freshening,freshening,oxic,oxic,-0.618730219779573,-0.5462335668630139,-0.20375749615411134,-0.21637380523941094,140.17000000000002,residual_weakly_aligned;gibbs_rock_support;k_feldspar_k_alkalinity_support
NGW-006,Middle Voltaian sedimentary aquifer,Voltaian Supergroup,mudstone–sandstone sequence,Northern Region,Mion,False,0.01014086201318633,EC10,gypsum,evaporite,Ca;Mg;Na;K;HCO3;Cl;SO4;NO3;F,0.78,0.5712090638488149,0.12231720016447217,rock,rock,freshening,freshening,oxic,oxic,-0.618730219779573,-0.5462335668630139,-0.20375749615411134,-0.21637380523941094,140.17000000000002,gypsum_ca_so4_support;undersaturated_dissolution_support;salinity_increase_support
NGW-006,Middle Voltaian sedimentary aquifer,Voltaian Supergroup,mudstone–sandstone sequence,Northern Region,Mion,True,0.7011640886148417,EC11,halite,evaporite,Ca;Mg;Na;K;HCO3;Cl;SO4;NO3;F,0.95,0.40656965974059917,0.7010431722924874,rock,rock,freshening,freshening,oxic,oxic,-0.618730219779573,-0.5462335668630139,-0.20375749615411134,-0.21637380523941094,140.17000000000002,residual_strongly_aligned;halite_na_cl_support;undersaturated_dissolution_support;salinity_increase_support
NGW-006,Middle Voltaian sedimentary aquifer,Voltaian Supergroup,mudstone–sandstone sequence,Northern Region,Mion,False,0.0012321807796097741,EC09,fluorite,trace_mineral,Ca;Mg;Na;K;HCO3;Cl;SO4;NO3;F,0.6799999999999999,0.6976763260710311,0.0706976657509539,rock,rock,freshening,freshening,oxic,oxic,-0.618730219779573,-0.5462335668630139,-0.20375749615411134,-0.21637380523941094,140.17000000000002,gibbs_rock_support;fluorite_ca_f_support
NGW-006,Middle Voltaian sedimentary aquifer,Voltaian Supergroup,mudstone–sandstone sequence,Northern Region,Mion,False,0.0,EC06,apatite,trace_mineral,Ca;Mg;Na;K;HCO3;Cl;SO4;NO3;F,0.58,0.8521437889662115,0.13310061938188494,rock,rock,freshening,freshening,oxic,oxic,-0.618730219779573,-0.5462335668630139,-0.20375749615411134,-0.21637380523941094,140.17000000000002,gibbs_rock_support
NGW-006,Middle Voltaian sedimentary aquifer,Voltaian Supergroup,mudstone–sandstone sequence,Northern Region,Mion,False,0.017794261193963237,EC13,pyrite_oxidation,redox,Ca;Mg;Na;K;HCO3;Cl;SO4;NO3;F,0.5,1.0,0.039729251769729704,rock,rock,freshening,freshening,oxic,oxic,-0.618730219779573,-0.5462335668630139,-0.20375749615411134,-0.21637380523941094,140.17000000000002,
NGW-006,Middle Voltaian sedimentary aquifer,Voltaian Supergroup,mudstone–sandstone sequence,Northern Region,Mion,False,0.0,EC03,NO3src,anthropogenic,Ca;Mg;Na;K;HCO3;Cl;SO4;NO3;F,0.6799999999999999,0.6976763260710311,0.0008778900101446575,rock,rock,freshening,freshening,oxic,oxic,-0.618730219779573,-0.5462335668630139,-0.20375749615411134,-0.21637380523941094,140.17000000000002,nitrate_increase_support
NGW-006,Middle Voltaian sedimentary aquifer,Voltaian Supergroup,mudstone–sandstone sequence,Northern Region,Mion,False,0.0,EC07,denit,redox,Ca;Mg;Na;K;HCO3;Cl;SO4;NO3;F,0.43999999999999995,1.1274968515793757,0.47080796879020337,rock,rock,freshening,freshening,oxic,oxic,-0.618730219779573,-0.5462335668630139,-0.20375749615411134,-0.21637380523941094,140.17000000000002,residual_weakly_aligned;denitrification_no3_conflict
NGW-006,Middle Voltaian sedimentary aquifer,Voltaian Supergroup,mudstone–sandstone sequence,Northern Region,Mion,False,0.0,EC01,CaNa_exch,ion_exchange,Ca;Mg;Na;K;HCO3;Cl;SO4;NO3;F,0.54,0.9231163463866358,-0.4432573442148923,rock,rock,freshening,freshening,oxic,oxic,-0.618730219779573,-0.5462335668630139,-0.20375749615411134,-0.21637380523941094,140.17000000000002,residual_opposed;cai_freshening_support
NGW-006,Middle Voltaian sedimentary aquifer,Voltaian Supergroup,mudstone–sandstone sequence,Northern Region,Mion,False,0.015424270638665154,EC01,NaCa_exch,ion_exchange,Ca;Mg;Na;K;HCO3;Cl;SO4;NO3;F,0.38,1.2712491503214047,0.4432573442148923,rock,rock,freshening,freshening,oxic,oxic,-0.618730219779573,-0.5462335668630139,-0.20375749615411134,-0.21637380523941094,140.17000000000002,residual_weakly_aligned;cai_freshening_conflict
NGW-006,Middle Voltaian sedimentary aquifer,Voltaian Supergroup,mudstone–sandstone sequence,Northern Region,Mion,False,0.0,EC02,MgNa_exch,ion_exchange,Ca;Mg;Na;K;HCO3;Cl;SO4;NO3;F,0.54,0.9231163463866358,-0.4218334077779245,rock,rock,freshening,freshening,oxic,oxic,-0.618730219779573,-0.5462335668630139,-0.20375749615411134,-0.21637380523941094,140.17000000000002,residual_opposed;cai_freshening_support
NGW-006,Middle Voltaian sedimentary aquifer,Voltaian Supergroup,mudstone–sandstone sequence,Northern Region,Mion,False,0.0,EC02,NaMg_exch,ion_exchange,Ca;Mg;Na;K;HCO3;Cl;SO4;NO3;F,0.38,1.2712491503214047,0.4218334077779245,rock,rock,freshening,freshening,oxic,oxic,-0.618730219779573,-0.5462335668630139,-0.20375749615411134,-0.21637380523941094,140.17000000000002,residual_weakly_aligned;cai_freshening_conflict
NGW-008,Middle Voltaian sedimentary aquifer,Voltaian Supergroup,sandstone–shale interbeds,Northern Region,Tamale,False,0.015273378180561953,EC05,calcite,carbonate,Ca;Mg;Na;K;HCO3;Cl;SO4;NO3;F,0.8799999999999999,0.46766642700990935,0.5238142395176881,rock,rock,freshening,freshening,oxic,oxic,-1.139667700518144,-0.6092621882070692,-0.2978565068460162,-0.23534505634565317,128.13999999999993,residual_weakly_aligned;gibbs_rock_support;carbonate_alkalinity_support;undersaturated_dissolution_support
NGW-008,Middle Voltaian sedimentary aquifer,Voltaian Supergroup,sandstone–shale interbeds,Northern Region,Tamale,True,0.12625796959724722,EC08,dolomite,carbonate,Ca;Mg;Na;K;HCO3;Cl;SO4;NO3;F,0.8799999999999999,0.46766642700990935,0.5088126036427639,rock,rock,freshening,freshening,oxic,oxic,-1.139667700518144,-0.6092621882070692,-0.2978565068460162,-0.23534505634565317,128.13999999999993,residual_weakly_aligned;gibbs_rock_support;carbonate_alkalinity_support;undersaturated_dissolution_support
NGW-008,Middle Voltaian sedimentary aquifer,Voltaian Supergroup,sandstone–shale interbeds,Northern Region,Tamale,True,0.036054368239052455,EC04,albite,silicate,Ca;Mg;Na;K;HCO3;Cl;SO4;NO3;F,0.8799999999999999,0.46766642700990935,0.7280278717817326,rock,rock,freshening,freshening,oxic,oxic,-1.139667700518144,-0.6092621882070692,-0.2978565068460162,-0.23534505634565317,128.13999999999993,residual_strongly_aligned;gibbs_rock_support;albite_na_alkalinity_support
NGW-008,Middle Voltaian sedimentary aquifer,Voltaian Supergroup,sandstone–shale interbeds,Northern Region,Tamale,False,0.015273378180561953,EC05,anorthite,silicate,Ca;Mg;Na;K;HCO3;Cl;SO4;NO3;F,0.7799999999999999,0.571209063848815,0.5238142395176881,rock,rock,freshening,freshening,oxic,oxic,-1.139667700518144,-0.6092621882070692,-0.2978565068460162,-0.23534505634565317,128.13999999999993,residual_weakly_aligned;gibbs_rock_support;carbonate_alkalinity_support
NGW-008,Middle Voltaian sedimentary aquifer,Voltaian Supergroup,sandstone–shale interbeds,Northern Region,Tamale,False,0.0,EC12,k_feldspar,silicate,Ca;Mg;Na;K;HCO3;Cl;SO4;NO3;F,0.7799999999999999,0.571209063848815,0.3090738751804258,rock,rock,freshening,freshening,oxic,oxic,-1.139667700518144,-0.6092621882070692,-0.2978565068460162,-0.23534505634565317,128.13999999999993,residual_weakly_aligned;gibbs_rock_support;k_feldspar_k_alkalinity_support
NGW-008,Middle Voltaian sedimentary aquifer,Voltaian Supergroup,sandstone–shale interbeds,Northern Region,Tamale,True,0.07411580209328393,EC10,gypsum,evaporite,Ca;Mg;Na;K;HCO3;Cl;SO4;NO3;F,0.78,0.5712090638488149,0.24894016648422806,rock,rock,freshening,freshening,oxic,oxic,-1.139667700518144,-0.6092621882070692,-0.2978565068460162,-0.23534505634565317,128.13999999999993,gypsum_ca_so4_support;undersaturated_dissolution_support;salinity_increase_support
NGW-008,Middle Voltaian sedimentary aquifer,Voltaian Supergroup,sandstone–shale interbeds,Northern Region,Tamale,True,0.7738225368311351,EC11,halite,evaporite,Ca;Mg;Na;K;HCO3;Cl;SO4;NO3;F,0.95,0.40656965974059917,0.8185034876644167,rock,rock,freshening,freshening,oxic,oxic,-1.139667700518144,-0.6092621882070692,-0.2978565068460162,-0.23534505634565317,128.13999999999993,residual_strongly_aligned;halite_na_cl_support;undersaturated_dissolution_support;salinity_increase_support
NGW-008,Middle Voltaian sedimentary aquifer,Voltaian Supergroup,sandstone–shale interbeds,Northern Region,Tamale,False,-0.0,EC09,fluorite,trace_mineral,Ca;Mg;Na;K;HCO3;Cl;SO4;NO3;F,0.58,0.8521437889662115,0.13149826457983071,rock,rock,freshening,freshening,oxic,oxic,-1.139667700518144,-0.6092621882070692,-0.2978565068460162,-0.23534505634565317,128.13999999999993,gibbs_rock_support
NGW-008,Middle Voltaian sedimentary aquifer,Voltaian Supergroup,sandstone–shale interbeds,Northern Region,Tamale,True,0.03175212525948804,EC06,apatite,trace_mineral,Ca;Mg;Na;K;HCO3;Cl;SO4;NO3;F,0.6799999999999999,0.6976763260710311,0.2923134215997959,rock,rock,freshening,freshening,oxic,oxic,-1.139667700518144,-0.6092621882070692,-0.2978565068460162,-0.23534505634565317,128.13999999999993,residual_weakly_aligned;gibbs_rock_support
NGW-008,Middle Voltaian sedimentary aquifer,Voltaian Supergroup,sandstone–shale interbeds,Northern Region,Tamale,False,0.0,EC13,pyrite_oxidation,redox,Ca;Mg;Na;K;HCO3;Cl;SO4;NO3;F,0.5,1.0,0.05350071264795446,rock,rock,freshening,freshening,oxic,oxic,-1.139667700518144,-0.6092621882070692,-0.2978565068460162,-0.23534505634565317,128.13999999999993,
NGW-008,Middle Voltaian sedimentary aquifer,Voltaian Supergroup,sandstone–shale interbeds,Northern Region,Tamale,True,0.23722236008005548,EC03,NO3src,anthropogenic,Ca;Mg;Na;K;HCO3;Cl;SO4;NO3;F,0.6799999999999999,0.6976763260710311,0.18456042408288587,rock,rock,freshening,freshening,oxic,oxic,-1.139667700518144,-0.6092621882070692,-0.2978565068460162,-0.23534505634565317,128.13999999999993,nitrate_increase_support
NGW-008,Middle Voltaian sedimentary aquifer,Voltaian Supergroup,sandstone–shale interbeds,Northern Region,Tamale,False,0.0,EC07,denit,redox,Ca;Mg;Na;K;HCO3;Cl;SO4;NO3;F,0.33999999999999997,1.3771277643359572,0.17805286463227157,rock,rock,freshening,freshening,oxic,oxic,-1.139667700518144,-0.6092621882070692,-0.2978565068460162,-0.23534505634565317,128.13999999999993,denitrification_no3_conflict
NGW-008,Middle Voltaian sedimentary aquifer,Voltaian Supergroup,sandstone–shale interbeds,Northern Region,Tamale,False,0.0,EC01,CaNa_exch,ion_exchange,Ca;Mg;Na;K;HCO3;Cl;SO4;NO3;F,0.54,0.9231163463866358,-0.39707627044843274,rock,rock,freshening,freshening,oxic,oxic,-1.139667700518144,-0.6092621882070692,-0.2978565068460162,-0.23534505634565317,128.13999999999993,residual_opposed;cai_freshening_support
NGW-008,Middle Voltaian sedimentary aquifer,Voltaian Supergroup,sandstone–shale interbeds,Northern Region,Tamale,False,0.0,EC01,NaCa_exch,ion_exchange,Ca;Mg;Na;K;HCO3;Cl;SO4;NO3;F,0.38,1.2712491503214047,0.39707627044843274,rock,rock,freshening,freshening,oxic,oxic,-1.139667700518144,-0.6092621882070692,-0.2978565068460162,-0.23534505634565317,128.13999999999993,residual_weakly_aligned;cai_freshening_conflict
NGW-008,Middle Voltaian sedimentary aquifer,Voltaian Supergroup,sandstone–shale interbeds,Northern Region,Tamale,False,0.0,EC02,MgNa_exch,ion_exchange,Ca;Mg;Na;K;HCO3;Cl;SO4;NO3;F,0.54,0.9231163463866358,-0.47930071165683696,rock,rock,freshening,freshening,oxic,oxic,-1.139667700518144,-0.6092621882070692,-0.2978565068460162,-0.23534505634565317,128.13999999999993,residual_opposed;cai_freshening_support
NGW-008,Middle Voltaian sedimentary aquifer,Voltaian Supergroup,sandstone–shale interbeds,Northern Region,Tamale,False,0.0,EC02,NaMg_exch,ion_exchange,Ca;Mg;Na;K;HCO3;Cl;SO4;NO3;F,0.38,1.2712491503214047,0.47930071165683696,rock,rock,freshening,freshening,oxic,oxic,-1.139667700518144,-0.6092621882070692,-0.2978565068460162,-0.23534505634565317,128.13999999999993,residual_weakly_aligned;cai_freshening_conflict
NGW-009,Middle Voltaian sedimentary aquifer,Voltaian Supergroup,sandstone–shale interbeds,Northern Region,Mion,True,0.08464733918111438,EC05,calcite,carbonate,Ca;Mg;Na;K;HCO3;Cl;SO4;NO3;F,0.95,0.40656965974059917,0.745840793329158,rock,rock,freshening,freshening,oxic,oxic,-0.42725310317030274,-0.25308590771382866,-0.12548869471927995,-0.08215713611156455,145.20999999999992,residual_strongly_aligned;gibbs_rock_support;carbonate_alkalinity_support;undersaturated_dissolution_support
NGW-009,Middle Voltaian sedimentary aquifer,Voltaian Supergroup,sandstone–shale interbeds,Northern Region,Mion,True,0.10974074162371616,EC08,dolomite,carbonate,Ca;Mg;Na;K;HCO3;Cl;SO4;NO3;F,0.95,0.40656965974059917,0.7300712518233585,rock,rock,freshening,freshening,oxic,oxic,-0.42725310317030274,-0.25308590771382866,-0.12548869471927995,-0.08215713611156455,145.20999999999992,residual_strongly_aligned;gibbs_rock_support;carbonate_alkalinity_support;undersaturated_dissolution_support
NGW-009,Middle Voltaian sedimentary aquifer,Voltaian Supergroup,sandstone–shale interbeds,Northern Region,Mion,False,0.0,EC04,albite,silicate,Ca;Mg;Na;K;HCO3;Cl;SO4;NO3;F,0.8799999999999999,0.46766642700990935,0.7357747922808586,rock,rock,freshening,freshening,oxic,oxic,-0.42725310317030274,-0.25308590771382866,-0.12548869471927995,-0.08215713611156455,145.20999999999992,residual_strongly_aligned;gibbs_rock_support;albite_na_alkalinity_support
NGW-009,Middle Voltaian sedimentary aquifer,Voltaian Supergroup,sandstone–shale interbeds,Northern Region,Mion,True,0.08464733918111438,EC05,anorthite,silicate,Ca;Mg;Na;K;HCO3;Cl;SO4;NO3;F,0.8799999999999999,0.46766642700990935,0.745840793329158,rock,rock,freshening,freshening,oxic,oxic,-0.42725310317030274,-0.25308590771382866,-0.12548869471927995,-0.08215713611156455,145.20999999999992,residual_strongly_aligned;gibbs_rock_support;carbonate_alkalinity_support
NGW-009,Middle Voltaian sedimentary aquifer,Voltaian Supergroup,sandstone–shale interbeds,Northern Region,Mion,True,0.0645778717545227,EC12,k_feldspar,silicate,Ca;Mg;Na;K;HCO3;Cl;SO4;NO3;F,0.7799999999999999,0.571209063848815,0.5089573618383126,rock,rock,freshening,freshening,oxic,oxic,-0.42725310317030274,-0.25308590771382866,-0.12548869471927995,-0.08215713611156455,145.20999999999992,residual_weakly_aligned;gibbs_rock_support;k_feldspar_k_alkalinity_support
NGW-009,Middle Voltaian sedimentary aquifer,Voltaian Supergroup,sandstone–shale interbeds,Northern Region,Mion,True,0.1574903862127972,EC10,gypsum,evaporite,Ca;Mg;Na;K;HCO3;Cl;SO4;NO3;F,0.88,0.46766642700990924,0.33930581535663484,rock,rock,freshening,freshening,oxic,oxic,-0.42725310317030274,-0.25308590771382866,-0.12548869471927995,-0.08215713611156455,145.20999999999992,residual_weakly_aligned;gypsum_ca_so4_support;undersaturated_dissolution_support;salinity_increase_support
NGW-009,Middle Voltaian sedimentary aquifer,Voltaian Supergroup,sandstone–shale interbeds,Northern Region,Mion,True,0.5425028206721622,EC11,halite,evaporite,Ca;Mg;Na;K;HCO3;Cl;SO4;NO3;F,0.95,0.40656965974059917,0.5902881860630549,rock,rock,freshening,freshening,oxic,oxic,-0.42725310317030274,-0.25308590771382866,-0.12548869471927995,-0.08215713611156455,145.20999999999992,residual_strongly_aligned;halite_na_cl_support;undersaturated_dissolution_support;salinity_increase_support
NGW-009,Middle Voltaian sedimentary aquifer,Voltaian Supergroup,sandstone–shale interbeds,Northern Region,Mion,False,0.0,EC09,fluorite,trace_mineral,Ca;Mg;Na;K;HCO3;Cl;SO4;NO3;F,0.58,0.8521437889662115,0.1560886412536801,rock,rock,freshening,freshening,oxic,oxic,-0.42725310317030274,-0.25308590771382866,-0.12548869471927995,-0.08215713611156455,145.20999999999992,gibbs_rock_support
NGW-009,Middle Voltaian sedimentary aquifer,Voltaian Supergroup,sandstone–shale interbeds,Northern Region,Mion,False,0.0,EC06,apatite,trace_mineral,Ca;Mg;Na;K;HCO3;Cl;SO4;NO3;F,0.6799999999999999,0.6976763260710311,0.34296190978980945,rock,rock,freshening,freshening,oxic,oxic,-0.42725310317030274,-0.25308590771382866,-0.12548869471927995,-0.08215713611156455,145.20999999999992,residual_weakly_aligned;gibbs_rock_support
NGW-009,Middle Voltaian sedimentary aquifer,Voltaian Supergroup,sandstone–shale interbeds,Northern Region,Mion,False,0.0,EC13,pyrite_oxidation,redox,Ca;Mg;Na;K;HCO3;Cl;SO4;NO3;F,0.5,1.0,0.13001598270099568,rock,rock,freshening,freshening,oxic,oxic,-0.42725310317030274,-0.25308590771382866,-0.12548869471927995,-0.08215713611156455,145.20999999999992,
NGW-009,Middle Voltaian sedimentary aquifer,Voltaian Supergroup,sandstone–shale interbeds,Northern Region,Mion,True,0.2951539074415549,EC03,NO3src,anthropogenic,Ca;Mg;Na;K;HCO3;Cl;SO4;NO3;F,0.6799999999999999,0.6976763260710311,0.24349710209863906,rock,rock,freshening,freshening,oxic,oxic,-0.42725310317030274,-0.25308590771382866,-0.12548869471927995,-0.08215713611156455,145.20999999999992,nitrate_increase_support
NGW-009,Middle Voltaian sedimentary aquifer,Voltaian Supergroup,sandstone–shale interbeds,Northern Region,Mion,False,0.0,EC07,denit,redox,Ca;Mg;Na;K;HCO3;Cl;SO4;NO3;F,0.43999999999999995,1.1274968515793757,0.29377515144047966,rock,rock,freshening,freshening,oxic,oxic,-0.42725310317030274,-0.25308590771382866,-0.12548869471927995,-0.08215713611156455,145.20999999999992,residual_weakly_aligned;denitrification_no3_conflict
NGW-009,Middle Voltaian sedimentary aquifer,Voltaian Supergroup,sandstone–shale interbeds,Northern Region,Mion,False,0.0,EC01,CaNa_exch,ion_exchange,Ca;Mg;Na;K;HCO3;Cl;SO4;NO3;F,0.72,0.6440364210831414,-0.18484888208875758,rock,rock,freshening,freshening,oxic,oxic,-0.42725310317030274,-0.25308590771382866,-0.12548869471927995,-0.08215713611156455,145.20999999999992,cai_freshening_support
NGW-009,Middle Voltaian sedimentary aquifer,Voltaian Supergroup,sandstone–shale interbeds,Northern Region,Mion,False,0.0,EC01,NaCa_exch,ion_exchange,Ca;Mg;Na;K;HCO3;Cl;SO4;NO3;F,0.28,1.552707218511336,0.18484888208875758,rock,rock,freshening,freshening,oxic,oxic,-0.42725310317030274,-0.25308590771382866,-0.12548869471927995,-0.08215713611156455,145.20999999999992,cai_freshening_conflict
NGW-009,Middle Voltaian sedimentary aquifer,Voltaian Supergroup,sandstone–shale interbeds,Northern Region,Mion,False,0.016808337396252326,EC02,MgNa_exch,ion_exchange,Ca;Mg;Na;K;HCO3;Cl;SO4;NO3;F,0.54,0.9231163463866358,-0.29131766276377186,rock,rock,freshening,freshening,oxic,oxic,-0.42725310317030274,-0.25308590771382866,-0.12548869471927995,-0.08215713611156455,145.20999999999992,residual_opposed;cai_freshening_support
NGW-009,Middle Voltaian sedimentary aquifer,Voltaian Supergroup,sandstone–shale interbeds,Northern Region,Mion,False,0.0,EC02,NaMg_exch,ion_exchange,Ca;Mg;Na;K;HCO3;Cl;SO4;NO3;F,0.38,1.2712491503214047,0.29131766276377186,rock,rock,freshening,freshening,oxic,oxic,-0.42725310317030274,-0.25308590771382866,-0.12548869471927995,-0.08215713611156455,145.20999999999992,residual_weakly_aligned;cai_freshening_conflict
NGW-010,Middle Voltaian sedimentary aquifer,Voltaian Supergroup,mudstone–sandstone sequence,Northern Region,Mion,True,0.08681979422343777,EC05,calcite,carbonate,Ca;Mg;Na;K;HCO3;Cl;SO4;NO3;F,0.95,0.40656965974059917,0.661753635380772,rock,rock,freshening,freshening,oxic,oxic,-0.904535956746498,-0.43960643520412046,-0.23553624132891052,-0.15838515410368495,156.31,residual_strongly_aligned;gibbs_rock_support;carbonate_alkalinity_support;undersaturated_dissolution_support
NGW-010,Middle Voltaian sedimentary aquifer,Voltaian Supergroup,mudstone–sandstone sequence,Northern Region,Mion,True,0.11278236670682643,EC08,dolomite,carbonate,Ca;Mg;Na;K;HCO3;Cl;SO4;NO3;F,0.95,0.40656965974059917,0.6155051110063016,rock,rock,freshening,freshening,oxic,oxic,-0.904535956746498,-0.43960643520412046,-0.23553624132891052,-0.15838515410368495,156.31,residual_strongly_aligned;gibbs_rock_support;carbonate_alkalinity_support;undersaturated_dissolution_support
NGW-010,Middle Voltaian sedimentary aquifer,Voltaian Supergroup,mudstone–sandstone sequence,Northern Region,Mion,False,0.0,EC04,albite,silicate,Ca;Mg;Na;K;HCO3;Cl;SO4;NO3;F,0.8799999999999999,0.46766642700990935,0.6921218014626515,rock,rock,freshening,freshening,oxic,oxic,-0.904535956746498,-0.43960643520412046,-0.23553624132891052,-0.15838515410368495,156.31,residual_strongly_aligned;gibbs_rock_support;albite_na_alkalinity_support
NGW-010,Middle Voltaian sedimentary aquifer,Voltaian Supergroup,mudstone–sandstone sequence,Northern Region,Mion,True,0.08681979422343777,EC05,anorthite,silicate,Ca;Mg;Na;K;HCO3;Cl;SO4;NO3;F,0.8799999999999999,0.46766642700990935,0.661753635380772,rock,rock,freshening,freshening,oxic,oxic,-0.904535956746498,-0.43960643520412046,-0.23553624132891052,-0.15838515410368495,156.31,residual_strongly_aligned;gibbs_rock_support;carbonate_alkalinity_support
NGW-010,Middle Voltaian sedimentary aquifer,Voltaian Supergroup,mudstone–sandstone sequence,Northern Region,Mion,False,0.014286146726511899,EC12,k_feldspar,silicate,Ca;Mg;Na;K;HCO3;Cl;SO4;NO3;F,0.7799999999999999,0.571209063848815,0.3776505209682552,rock,rock,freshening,freshening,oxic,oxic,-0.904535956746498,-0.43960643520412046,-0.23553624132891052,-0.15838515410368495,156.31,residual_weakly_aligned;gibbs_rock_support;k_feldspar_k_alkalinity_support
NGW-010,Middle Voltaian sedimentary aquifer,Voltaian Supergroup,mudstone–sandstone sequence,Northern Region,Mion,True,0.2383512393590434,EC10,gypsum,evaporite,Ca;Mg;Na;K;HCO3;Cl;SO4;NO3;F,0.88,0.46766642700990924,0.4266820108568073,rock,rock,freshening,freshening,oxic,oxic,-0.904535956746498,-0.43960643520412046,-0.23553624132891052,-0.15838515410368495,156.31,residual_weakly_aligned;gypsum_ca_so4_support;undersaturated_dissolution_support;salinity_increase_support
NGW-010,Middle Voltaian sedimentary aquifer,Voltaian Supergroup,mudstone–sandstone sequence,Northern Region,Mion,True,0.8049419298128885,EC11,halite,evaporite,Ca;Mg;Na;K;HCO3;Cl;SO4;NO3;F,0.95,0.40656965974059917,0.7039835813687668,rock,rock,freshening,freshening,oxic,oxic,-0.904535956746498,-0.43960643520412046,-0.23553624132891052,-0.15838515410368495,156.31,residual_strongly_aligned;halite_na_cl_support;undersaturated_dissolution_support;salinity_increase_support
NGW-010,Middle Voltaian sedimentary aquifer,Voltaian Supergroup,mudstone–sandstone sequence,Northern Region,Mion,False,0.0,EC09,fluorite,trace_mineral,Ca;Mg;Na;K;HCO3;Cl;SO4;NO3;F,0.6799999999999999,0.6976763260710311,0.21664562147940059,rock,rock,freshening,freshening,oxic,oxic,-0.904535956746498,-0.43960643520412046,-0.23553624132891052,-0.15838515410368495,156.31,gibbs_rock_support;fluorite_ca_f_support
NGW-010,Middle Voltaian sedimentary aquifer,Voltaian Supergroup,mudstone–sandstone sequence,Northern Region,Mion,True,0.03453005728352416,EC06,apatite,trace_mineral,Ca;Mg;Na;K;HCO3;Cl;SO4;NO3;F,0.6799999999999999,0.6976763260710311,0.4442738371172818,rock,rock,freshening,freshening,oxic,oxic,-0.904535956746498,-0.43960643520412046,-0.23553624132891052,-0.15838515410368495,156.31,residual_weakly_aligned;gibbs_rock_support
NGW-010,Middle Voltaian sedimentary aquifer,Voltaian Supergroup,mudstone–sandstone sequence,Northern Region,Mion,False,0.0,EC13,pyrite_oxidation,redox,Ca;Mg;Na;K;HCO3;Cl;SO4;NO3;F,0.5,1.0,0.1538319762383326,rock,rock,freshening,freshening,oxic,oxic,-0.904535956746498,-0.43960643520412046,-0.23553624132891052,-0.15838515410368495,156.31,
NGW-010,Middle Voltaian sedimentary aquifer,Voltaian Supergroup,mudstone–sandstone sequence,Northern Region,Mion,False,0.0,EC03,NO3src,anthropogenic,Ca;Mg;Na;K;HCO3;Cl;SO4;NO3;F,0.6799999999999999,0.6976763260710311,0.00554001753620292,rock,rock,freshening,freshening,oxic,oxic,-0.904535956746498,-0.43960643520412046,-0.23553624132891052,-0.15838515410368495,156.31,nitrate_increase_support
NGW-010,Middle Voltaian sedimentary aquifer,Voltaian Supergroup,mudstone–sandstone sequence,Northern Region,Mion,False,0.0,EC07,denit,redox,Ca;Mg;Na;K;HCO3;Cl;SO4;NO3;F,0.43999999999999995,1.1274968515793757,0.3602916118095379,rock,rock,freshening,freshening,oxic,oxic,-0.904535956746498,-0.43960643520412046,-0.23553624132891052,-0.15838515410368495,156.31,residual_weakly_aligned;denitrification_no3_conflict
NGW-010,Middle Voltaian sedimentary aquifer,Voltaian Supergroup,mudstone–sandstone sequence,Northern Region,Mion,False,0.0,EC01,CaNa_exch,ion_exchange,Ca;Mg;Na;K;HCO3;Cl;SO4;NO3;F,0.72,0.6440364210831414,-0.21371888897156283,rock,rock,freshening,freshening,oxic,oxic,-0.904535956746498,-0.43960643520412046,-0.23553624132891052,-0.15838515410368495,156.31,cai_freshening_support
NGW-010,Middle Voltaian sedimentary aquifer,Voltaian Supergroup,mudstone–sandstone sequence,Northern Region,Mion,False,0.0,EC01,NaCa_exch,ion_exchange,Ca;Mg;Na;K;HCO3;Cl;SO4;NO3;F,0.28,1.552707218511336,0.21371888897156283,rock,rock,freshening,freshening,oxic,oxic,-0.904535956746498,-0.43960643520412046,-0.23553624132891052,-0.15838515410368495,156.31,cai_freshening_conflict
NGW-010,Middle Voltaian sedimentary aquifer,Voltaian Supergroup,mudstone–sandstone sequence,Northern Region,Mion,False,0.025938962949526606,EC02,MgNa_exch,ion_exchange,Ca;Mg;Na;K;HCO3;Cl;SO4;NO3;F,0.54,0.9231163463866358,-0.36938732238029526,rock,rock,freshening,freshening,oxic,oxic,-0.904535956746498,-0.43960643520412046,-0.23553624132891052,-0.15838515410368495,156.31,residual_opposed;cai_freshening_support
NGW-010,Middle Voltaian sedimentary aquifer,Voltaian Supergroup,mudstone–sandstone sequence,Northern Region,Mion,False,0.0,EC02,NaMg_exch,ion_exchange,Ca;Mg;Na;K;HCO3;Cl;SO4;NO3;F,0.38,1.2712491503214047,0.36938732238029526,rock,rock,freshening,freshening,oxic,oxic,-0.904535956746498,-0.43960643520412046,-0.23553624132891052,-0.15838515410368495,156.31,residual_weakly_aligned;cai_freshening_conflict
NGW-011,Middle Voltaian sedimentary aquifer,Voltaian Supergroup,sandstone–shale interbeds,Northern Region,Mion,True,0.05608576493201812,EC05,calcite,carbonate,Ca;Mg;Na;K;HCO3;Cl;SO4;NO3;F,0.8799999999999999,0.46766642700990935,0.8024002808863798,rock,rock,freshening,freshening,oxic,oxic,-0.43717435491500595,-0.6096647344860723,-0.17394199026845575,-0.2033531549260085,121.62999999999994,residual_strongly_aligned;gibbs_rock_support;carbonate_alkalinity_support
NGW-011,Middle Voltaian sedimentary aquifer,Voltaian Supergroup,sandstone–shale interbeds,Northern Region,Mion,True,0.08113198215798728,EC08,dolomite,carbonate,Ca;Mg;Na;K;HCO3;Cl;SO4;NO3;F,0.95,0.40656965974059917,0.8115202343770576,rock,rock,freshening,freshening,oxic,oxic,-0.43717435491500595,-0.6096647344860723,-0.17394199026845575,-0.2033531549260085,121.62999999999994,residual_strongly_aligned;gibbs_rock_support;carbonate_alkalinity_support;undersaturated_dissolution_support
NGW-011,Middle Voltaian sedimentary aquifer,Voltaian Supergroup,sandstone–shale interbeds,Northern Region,Mion,True,0.31672345601438706,EC04,albite,silicate,Ca;Mg;Na;K;HCO3;Cl;SO4;NO3;F,0.8799999999999999,0.46766642700990935,0.9010496767810167,rock,rock,freshening,freshening,oxic,oxic,-0.43717435491500595,-0.6096647344860723,-0.17394199026845575,-0.2033531549260085,121.62999999999994,residual_strongly_aligned;gibbs_rock_support;albite_na_alkalinity_support
NGW-011,Middle Voltaian sedimentary aquifer,Voltaian Supergroup,sandstone–shale interbeds,Northern Region,Mion,True,0.05608576493201812,EC05,anorthite,silicate,Ca;Mg;Na;K;HCO3;Cl;SO4;NO3;F,0.8799999999999999,0.46766642700990935,0.8024002808863798,rock,rock,freshening,freshening,oxic,oxic,-0.43717435491500595,-0.6096647344860723,-0.17394199026845575,-0.2033531549260085,121.62999999999994,residual_strongly_aligned;gibbs_rock_support;carbonate_alkalinity_support
NGW-011,Middle Voltaian sedimentary aquifer,Voltaian Supergroup,sandstone–shale interbeds,Northern Region,Mion,True,0.06160396350039669,EC12,k_feldspar,silicate,Ca;Mg;Na;K;HCO3;Cl;SO4;NO3;F,0.8799999999999999,0.46766642700990935,0.5986780512181131,rock,rock,freshening,freshening,oxic,oxic,-0.43717435491500595,-0.6096647344860723,-0.17394199026845575,-0.2033531549260085,121.62999999999994,residual_strongly_aligned;gibbs_rock_support;k_feldspar_k_alkalinity_support
NGW-011,Middle Voltaian sedimentary aquifer,Voltaian Supergroup,sandstone–shale interbeds,Northern Region,Mion,True,0.06276732039708824,EC10,gypsum,evaporite,Ca;Mg;Na;K;HCO3;Cl;SO4;NO3;F,0.88,0.46766642700990924,0.25792794021969856,rock,rock,freshening,freshening,oxic,oxic,-0.43717435491500595,-0.6096647344860723,-0.17394199026845575,-0.2033531549260085,121.62999999999994,residual_weakly_aligned;gypsum_ca_so4_support;undersaturated_dissolution_support;salinity_increase_support
NGW-011,Middle Voltaian sedimentary aquifer,Voltaian Supergroup,sandstone–shale interbeds,Northern Region,Mion,True,0.256184102562199,EC11,halite,evaporite,Ca;Mg;Na;K;HCO3;Cl;SO4;NO3;F,0.9,0.44932896411722156,0.5058383405838797,rock,rock,freshening,freshening,oxic,oxic,-0.43717435491500595,-0.6096647344860723,-0.17394199026845575,-0.2033531549260085,121.62999999999994,residual_weakly_aligned;halite_na_cl_support;undersaturated_dissolution_support;salinity_increase_support
NGW-011,Middle Voltaian sedimentary aquifer,Voltaian Supergroup,sandstone–shale interbeds,Northern Region,Mion,False,0.0,EC09,fluorite,trace_mineral,Ca;Mg;Na;K;HCO3;Cl;SO4;NO3;F,0.6799999999999999,0.6976763260710311,0.10234675541298141,rock,rock,freshening,freshening,oxic,oxic,-0.43717435491500595,-0.6096647344860723,-0.17394199026845575,-0.2033531549260085,121.62999999999994,gibbs_rock_support;fluorite_ca_f_support
NGW-011,Middle Voltaian sedimentary aquifer,Voltaian Supergroup,sandstone–shale interbeds,Northern Region,Mion,False,0.0,EC06,apatite,trace_mineral,Ca;Mg;Na;K;HCO3;Cl;SO4;NO3;F,0.58,0.8521437889662115,0.21667890420365435,rock,rock,freshening,freshening,oxic,oxic,-0.43717435491500595,-0.6096647344860723,-0.17394199026845575,-0.2033531549260085,121.62999999999994,gibbs_rock_support
NGW-011,Middle Voltaian sedimentary aquifer,Voltaian Supergroup,sandstone–shale interbeds,Northern Region,Mion,True,0.04542247543816293,EC13,pyrite_oxidation,redox,Ca;Mg;Na;K;HCO3;Cl;SO4;NO3;F,0.5,1.0,0.14467123350068803,rock,rock,freshening,freshening,oxic,oxic,-0.43717435491500595,-0.6096647344860723,-0.17394199026845575,-0.2033531549260085,121.62999999999994,
NGW-011,Middle Voltaian sedimentary aquifer,Voltaian Supergroup,sandstone–shale interbeds,Northern Region,Mion,True,0.11445883173782008,EC03,NO3src,anthropogenic,Ca;Mg;Na;K;HCO3;Cl;SO4;NO3;F,0.6799999999999999,0.6976763260710311,0.112198890297318,rock,rock,freshening,freshening,oxic,oxic,-0.43717435491500595,-0.6096647344860723,-0.17394199026845575,-0.2033531549260085,121.62999999999994,nitrate_increase_support
NGW-011,Middle Voltaian sedimentary aquifer,Voltaian Supergroup,sandstone–shale interbeds,Northern Region,Mion,False,0.0,EC07,denit,redox,Ca;Mg;Na;K;HCO3;Cl;SO4;NO3;F,0.43999999999999995,1.1274968515793757,0.47720155953474896,rock,rock,freshening,freshening,oxic,oxic,-0.43717435491500595,-0.6096647344860723,-0.17394199026845575,-0.2033531549260085,121.62999999999994,residual_weakly_aligned;denitrification_no3_conflict
NGW-011,Middle Voltaian sedimentary aquifer,Voltaian Supergroup,sandstone–shale interbeds,Northern Region,Mion,False,0.0,EC01,CaNa_exch,ion_exchange,Ca;Mg;Na;K;HCO3;Cl;SO4;NO3;F,0.54,0.9231163463866358,-0.3373474245482393,rock,rock,freshening,freshening,oxic,oxic,-0.43717435491500595,-0.6096647344860723,-0.17394199026845575,-0.2033531549260085,121.62999999999994,residual_opposed;cai_freshening_support
NGW-011,Middle Voltaian sedimentary aquifer,Voltaian Supergroup,sandstone–shale interbeds,Northern Region,Mion,False,0.0,EC01,NaCa_exch,ion_exchange,Ca;Mg;Na;K;HCO3;Cl;SO4;NO3;F,0.38,1.2712491503214047,0.3373474245482393,rock,rock,freshening,freshening,oxic,oxic,-0.43717435491500595,-0.6096647344860723,-0.17394199026845575,-0.2033531549260085,121.62999999999994,residual_weakly_aligned;cai_freshening_conflict
NGW-011,Middle Voltaian sedimentary aquifer,Voltaian Supergroup,sandstone–shale interbeds,Northern Region,Mion,False,0.0,EC02,MgNa_exch,ion_exchange,Ca;Mg;Na;K;HCO3;Cl;SO4;NO3;F,0.54,0.9231163463866358,-0.4023966015538932,rock,rock,freshening,freshening,oxic,oxic,-0.43717435491500595,-0.6096647344860723,-0.17394199026845575,-0.2033531549260085,121.62999999999994,residual_opposed;cai_freshening_support
NGW-011,Middle Voltaian sedimentary aquifer,Voltaian Supergroup,sandstone–shale interbeds,Northern Region,Mion,False,0.0,EC02,NaMg_exch,ion_exchange,Ca;Mg;Na;K;HCO3;Cl;SO4;NO3;F,0.38,1.2712491503214047,0.4023966015538932,rock,rock,freshening,freshening,oxic,oxic,-0.43717435491500595,-0.6096647344860723,-0.17394199026845575,-0.2033531549260085,121.62999999999994,residual_weakly_aligned;cai_freshening_conflict
NGW-012,Birimian fractured basement aquifer,Birimian Supergroup,phyllite–schist fractured zone,Northern Region,Savelugu,False,0.011263608706315062,EC05,calcite,carbonate,Ca;Mg;Na;K;HCO3;Cl;SO4;NO3;F,0.95,0.40656965974059917,0.6675271722536409,rock,rock,freshening,freshening,oxic,oxic,-0.26113686214684045,-0.4699435043022403,-0.10598061063343163,-0.18360781519427308,74.86000000000007,residual_strongly_aligned;gibbs_rock_support;carbonate_alkalinity_support;undersaturated_dissolution_support
NGW-012,Birimian fractured basement aquifer,Birimian Supergroup,phyllite–schist fractured zone,Northern Region,Savelugu,False,0.0,EC08,dolomite,carbonate,Ca;Mg;Na;K;HCO3;Cl;SO4;NO3;F,0.8799999999999999,0.46766642700990935,0.6339916556621107,rock,rock,freshening,freshening,oxic,oxic,-0.26113686214684045,-0.4699435043022403,-0.10598061063343163,-0.18360781519427308,74.86000000000007,residual_strongly_aligned;gibbs_rock_support;undersaturated_dissolution_support
NGW-012,Birimian fractured basement aquifer,Birimian Supergroup,phyllite–schist fractured zone,Northern Region,Savelugu,True,0.32969628163431797,EC04,albite,silicate,Ca;Mg;Na;K;HCO3;Cl;SO4;NO3;F,0.8799999999999999,0.46766642700990935,0.8845512301372793,rock,rock,freshening,freshening,oxic,oxic,-0.26113686214684045,-0.4699435043022403,-0.10598061063343163,-0.18360781519427308,74.86000000000007,residual_strongly_aligned;gibbs_rock_support;albite_na_alkalinity_support
NGW-012,Birimian fractured basement aquifer,Birimian Supergroup,phyllite–schist fractured zone,Northern Region,Savelugu,False,0.011263608706315062,EC05,anorthite,silicate,Ca;Mg;Na;K;HCO3;Cl;SO4;NO3;F,0.8799999999999999,0.46766642700990935,0.6675271722536409,rock,rock,freshening,freshening,oxic,oxic,-0.26113686214684045,-0.4699435043022403,-0.10598061063343163,-0.18360781519427308,74.86000000000007,residual_strongly_aligned;gibbs_rock_support;carbonate_alkalinity_support
NGW-012,Birimian fractured basement aquifer,Birimian Supergroup,phyllite–schist fractured zone,Northern Region,Savelugu,True,0.03661206213298524,EC12,k_feldspar,silicate,Ca;Mg;Na;K;HCO3;Cl;SO4;NO3;F,0.7799999999999999,0.571209063848815,0.466828320192594,rock,rock,freshening,freshening,oxic,oxic,-0.26113686214684045,-0.4699435043022403,-0.10598061063343163,-0.18360781519427308,74.86000000000007,residual_weakly_aligned;gibbs_rock_support;k_feldspar_k_alkalinity_support
NGW-012,Birimian fractured basement aquifer,Birimian Supergroup,phyllite–schist fractured zone,Northern Region,Savelugu,True,0.15651486001941492,EC10,gypsum,evaporite,Ca;Mg;Na;K;HCO3;Cl;SO4;NO3;F,0.88,0.46766642700990924,0.33848940120560245,rock,rock,freshening,freshening,oxic,oxic,-0.26113686214684045,-0.4699435043022403,-0.10598061063343163,-0.18360781519427308,74.86000000000007,residual_weakly_aligned;gypsum_ca_so4_support;undersaturated_dissolution_support;salinity_increase_support
NGW-012,Birimian fractured basement aquifer,Birimian Supergroup,phyllite–schist fractured zone,Northern Region,Savelugu,True,0.2273668290209637,EC11,halite,evaporite,Ca;Mg;Na;K;HCO3;Cl;SO4;NO3;F,0.95,0.40656965974059917,0.6501978276996033,rock,rock,freshening,freshening,oxic,oxic,-0.26113686214684045,-0.4699435043022403,-0.10598061063343163,-0.18360781519427308,74.86000000000007,residual_strongly_aligned;halite_na_cl_support;undersaturated_dissolution_support;salinity_increase_support
NGW-012,Birimian fractured basement aquifer,Birimian Supergroup,phyllite–schist fractured zone,Northern Region,Savelugu,False,0.0,EC09,fluorite,trace_mineral,Ca;Mg;Na;K;HCO3;Cl;SO4;NO3;F,0.6799999999999999,0.6976763260710311,0.1426998621697338,rock,rock,freshening,freshening,oxic,oxic,-0.26113686214684045,-0.4699435043022403,-0.10598061063343163,-0.18360781519427308,74.86000000000007,gibbs_rock_support;fluorite_ca_f_support
NGW-012,Birimian fractured basement aquifer,Birimian Supergroup,phyllite–schist fractured zone,Northern Region,Savelugu,False,0.011801133400237316,EC06,apatite,trace_mineral,Ca;Mg;Na;K;HCO3;Cl;SO4;NO3;F,0.6799999999999999,0.6976763260710311,0.28877242478864357,rock,rock,freshening,freshening,oxic,oxic,-0.26113686214684045,-0.4699435043022403,-0.10598061063343163,-0.18360781519427308,74.86000000000007,residual_weakly_aligned;gibbs_rock_support
NGW-012,Birimian fractured basement aquifer,Birimian Supergroup,phyllite–schist fractured zone,Northern Region,Savelugu,False,0.0,EC13,pyrite_oxidation,redox,Ca;Mg;Na;K;HCO3;Cl;SO4;NO3;F,0.5,1.0,0.18693787237359738,rock,rock,freshening,freshening,oxic,oxic,-0.26113686214684045,-0.4699435043022403,-0.10598061063343163,-0.18360781519427308,74.86000000000007,
NGW-012,Birimian fractured basement aquifer,Birimian Supergroup,phyllite–schist fractured zone,Northern Region,Savelugu,False,0.0,EC03,NO3src,anthropogenic,Ca;Mg;Na;K;HCO3;Cl;SO4;NO3;F,0.5,1.0,-0.14180160431271457,rock,rock,freshening,freshening,oxic,oxic,-0.26113686214684045,-0.4699435043022403,-0.10598061063343163,-0.18360781519427308,74.86000000000007,
NGW-012,Birimian fractured basement aquifer,Birimian Supergroup,phyllite–schist fractured zone,Northern Region,Savelugu,True,0.1085840962137597,EC07,denit,redox,Ca;Mg;Na;K;HCO3;Cl;SO4;NO3;F,0.8,0.5488116360940264,0.5248432600910935,rock,rock,freshening,freshening,oxic,oxic,-0.26113686214684045,-0.4699435043022403,-0.10598061063343163,-0.18360781519427308,74.86000000000007,residual_weakly_aligned;denitrification_stoichiometry_support
NGW-012,Birimian fractured basement aquifer,Birimian Supergroup,phyllite–schist fractured zone,Northern Region,Savelugu,False,0.0,EC01,CaNa_exch,ion_exchange,Ca;Mg;Na;K;HCO3;Cl;SO4;NO3;F,0.54,0.9231163463866358,-0.45135146548138994,rock,rock,freshening,freshening,oxic,oxic,-0.26113686214684045,-0.4699435043022403,-0.10598061063343163,-0.18360781519427308,74.86000000000007,residual_opposed;cai_freshening_support
NGW-012,Birimian fractured basement aquifer,Birimian Supergroup,phyllite–schist fractured zone,Northern Region,Savelugu,False,0.0,EC01,NaCa_exch,ion_exchange,Ca;Mg;Na;K;HCO3;Cl;SO4;NO3;F,0.38,1.2712491503214047,0.45135146548138994,rock,rock,freshening,freshening,oxic,oxic,-0.26113686214684045,-0.4699435043022403,-0.10598061063343163,-0.18360781519427308,74.86000000000007,residual_weakly_aligned;cai_freshening_conflict
NGW-012,Birimian fractured basement aquifer,Birimian Supergroup,phyllite–schist fractured zone,Northern Region,Savelugu,False,0.0,EC02,MgNa_exch,ion_exchange,Ca;Mg;Na;K;HCO3;Cl;SO4;NO3;F,0.54,0.9231163463866358,-0.5834912203285983,rock,rock,freshening,freshening,oxic,oxic,-0.26113686214684045,-0.4699435043022403,-0.10598061063343163,-0.18360781519427308,74.86000000000007,residual_opposed;cai_freshening_support
NGW-012,Birimian fractured basement aquifer,Birimian Supergroup,phyllite–schist fractured zone,Northern Region,Savelugu,False,0.0,EC02,NaMg_exch,ion_exchange,Ca;Mg;Na;K;HCO3;Cl;SO4;NO3;F,0.48,1.0408107741923882,0.5834912203285983,rock,rock,freshening,freshening,oxic,oxic,-0.26113686214684045,-0.4699435043022403,-0.10598061063343163,-0.18360781519427308,74.86000000000007,residual_strongly_aligned;cai_freshening_conflict
NGW-013,Middle Voltaian sedimentary aquifer,Voltaian Supergroup,mudstone–sandstone sequence,Northern Region,Yendi,False,0.0,EC05,calcite,carbonate,Ca;Mg;Na;K;HCO3;Cl;SO4;NO3;F,0.8799999999999999,0.46766642700990935,0.6176244111184162,rock,rock,neutral,freshening,oxic,oxic,0.014397070514815234,-0.44673167380707973,0.007264458466162925,-0.17749658637174967,73.87,residual_strongly_aligned;gibbs_rock_support;undersaturated_dissolution_support
NGW-013,Middle Voltaian sedimentary aquifer,Voltaian Supergroup,mudstone–sandstone sequence,Northern Region,Yendi,False,0.027854699078038385,EC08,dolomite,carbonate,Ca;Mg;Na;K;HCO3;Cl;SO4;NO3;F,0.7799999999999999,0.571209063848815,0.6725030205121575,rock,rock,neutral,freshening,oxic,oxic,0.014397070514815234,-0.44673167380707973,0.007264458466162925,-0.17749658637174967,73.87,residual_strongly_aligned;gibbs_rock_support
NGW-013,Middle Voltaian sedimentary aquifer,Voltaian Supergroup,mudstone–sandstone sequence,Northern Region,Yendi,True,0.5415599703088375,EC04,albite,silicate,Ca;Mg;Na;K;HCO3;Cl;SO4;NO3;F,0.8799999999999999,0.46766642700990935,0.9821867749483288,rock,rock,neutral,freshening,oxic,oxic,0.014397070514815234,-0.44673167380707973,0.007264458466162925,-0.17749658637174967,73.87,residual_strongly_aligned;gibbs_rock_support;albite_na_alkalinity_support
NGW-013,Middle Voltaian sedimentary aquifer,Voltaian Supergroup,mudstone–sandstone sequence,Northern Region,Yendi,False,0.0,EC05,anorthite,silicate,Ca;Mg;Na;K;HCO3;Cl;SO4;NO3;F,0.7799999999999999,0.571209063848815,0.6176244111184162,rock,rock,neutral,freshening,oxic,oxic,0.014397070514815234,-0.44673167380707973,0.007264458466162925,-0.17749658637174967,73.87,residual_strongly_aligned;gibbs_rock_support
NGW-013,Middle Voltaian sedimentary aquifer,Voltaian Supergroup,mudstone–sandstone sequence,Northern Region,Yendi,False,0.013256383112778632,EC12,k_feldspar,silicate,Ca;Mg;Na;K;HCO3;Cl;SO4;NO3;F,0.7799999999999999,0.571209063848815,0.5171627858607605,rock,rock,neutral,freshening,oxic,oxic,0.014397070514815234,-0.44673167380707973,0.007264458466162925,-0.17749658637174967,73.87,residual_weakly_aligned;gibbs_rock_support;k_feldspar_k_alkalinity_support
NGW-013,Middle Voltaian sedimentary aquifer,Voltaian Supergroup,mudstone–sandstone sequence,Northern Region,Yendi,False,0.024644994277302643,EC10,gypsum,evaporite,Ca;Mg;Na;K;HCO3;Cl;SO4;NO3;F,0.64,0.7557837414557255,0.07967194196841562,rock,rock,neutral,freshening,oxic,oxic,0.014397070514815234,-0.44673167380707973,0.007264458466162925,-0.17749658637174967,73.87,undersaturated_dissolution_support;salinity_increase_support
NGW-013,Middle Voltaian sedimentary aquifer,Voltaian Supergroup,mudstone–sandstone sequence,Northern Region,Yendi,False,0.024671996494251485,EC11,halite,evaporite,Ca;Mg;Na;K;HCO3;Cl;SO4;NO3;F,0.9,0.44932896411722156,0.5043267584087454,rock,rock,neutral,freshening,oxic,oxic,0.014397070514815234,-0.44673167380707973,0.007264458466162925,-0.17749658637174967,73.87,residual_weakly_aligned;halite_na_cl_support;undersaturated_dissolution_support;salinity_increase_support
NGW-013,Middle Voltaian sedimentary aquifer,Voltaian Supergroup,mudstone–sandstone sequence,Northern Region,Yendi,False,-0.0,EC09,fluorite,trace_mineral,Ca;Mg;Na;K;HCO3;Cl;SO4;NO3;F,0.58,0.8521437889662115,-0.01582301383614562,rock,rock,neutral,freshening,oxic,oxic,0.014397070514815234,-0.44673167380707973,0.007264458466162925,-0.17749658637174967,73.87,gibbs_rock_support
NGW-013,Middle Voltaian sedimentary aquifer,Voltaian Supergroup,mudstone–sandstone sequence,Northern Region,Yendi,False,0.0,EC06,apatite,trace_mineral,Ca;Mg;Na;K;HCO3;Cl;SO4;NO3;F,0.58,0.8521437889662115,-0.019389803061696846,rock,rock,neutral,freshening,oxic,oxic,0.014397070514815234,-0.44673167380707973,0.007264458466162925,-0.17749658637174967,73.87,gibbs_rock_support
NGW-013,Middle Voltaian sedimentary aquifer,Voltaian Supergroup,mudstone–sandstone sequence,Northern Region,Yendi,True,0.04893434360081905,EC13,pyrite_oxidation,redox,Ca;Mg;Na;K;HCO3;Cl;SO4;NO3;F,0.5,1.0,0.13071276685078947,rock,rock,neutral,freshening,oxic,oxic,0.014397070514815234,-0.44673167380707973,0.007264458466162925,-0.17749658637174967,73.87,
NGW-013,Middle Voltaian sedimentary aquifer,Voltaian Supergroup,mudstone–sandstone sequence,Northern Region,Yendi,False,0.0,EC03,NO3src,anthropogenic,Ca;Mg;Na;K;HCO3;Cl;SO4;NO3;F,0.5,1.0,-0.10420418667093904,rock,rock,neutral,freshening,oxic,oxic,0.014397070514815234,-0.44673167380707973,0.007264458466162925,-0.17749658637174967,73.87,
NGW-013,Middle Voltaian sedimentary aquifer,Voltaian Supergroup,mudstone–sandstone sequence,Northern Region,Yendi,True,0.09155128193551149,EC07,denit,redox,Ca;Mg;Na;K;HCO3;Cl;SO4;NO3;F,0.8999999999999999,0.4493289641172217,0.5683364273663714,rock,rock,neutral,freshening,oxic,oxic,0.014397070514815234,-0.44673167380707973,0.007264458466162925,-0.17749658637174967,73.87,residual_strongly_aligned;denitrification_stoichiometry_support
NGW-013,Middle Voltaian sedimentary aquifer,Voltaian Supergroup,mudstone–sandstone sequence,Northern Region,Yendi,False,0.0,EC01,CaNa_exch,ion_exchange,Ca;Mg;Na;K;HCO3;Cl;SO4;NO3;F,0.54,0.9231163463866358,-0.624754507494355,rock,rock,neutral,freshening,oxic,oxic,0.014397070514815234,-0.44673167380707973,0.007264458466162925,-0.17749658637174967,73.87,residual_opposed;cai_freshening_support
NGW-013,Middle Voltaian sedimentary aquifer,Voltaian Supergroup,mudstone–sandstone sequence,Northern Region,Yendi,True,0.08008758632316712,EC01,NaCa_exch,ion_exchange,Ca;Mg;Na;K;HCO3;Cl;SO4;NO3;F,0.48,1.0408107741923882,0.624754507494355,rock,rock,neutral,freshening,oxic,oxic,0.014397070514815234,-0.44673167380707973,0.007264458466162925,-0.17749658637174967,73.87,residual_strongly_aligned;cai_freshening_conflict
NGW-013,Middle Voltaian sedimentary aquifer,Voltaian Supergroup,mudstone–sandstone sequence,Northern Region,Yendi,False,0.0,EC02,MgNa_exch,ion_exchange,Ca;Mg;Na;K;HCO3;Cl;SO4;NO3;F,0.54,0.9231163463866358,-0.5840185628343758,rock,rock,neutral,freshening,oxic,oxic,0.014397070514815234,-0.44673167380707973,0.007264458466162925,-0.17749658637174967,73.87,residual_opposed;cai_freshening_support
NGW-013,Middle Voltaian sedimentary aquifer,Voltaian Supergroup,mudstone–sandstone sequence,Northern Region,Yendi,False,0.0,EC02,NaMg_exch,ion_exchange,Ca;Mg;Na;K;HCO3;Cl;SO4;NO3;F,0.48,1.0408107741923882,0.5840185628343758,rock,rock,neutral,freshening,oxic,oxic,0.014397070514815234,-0.44673167380707973,0.007264458466162925,-0.17749658637174967,73.87,residual_strongly_aligned;cai_freshening_conflict
NGW-016,Middle Voltaian sedimentary aquifer,Voltaian Supergroup,sandstone–shale interbeds,Northern Region,Tamale,False,0.027795068785903203,EC05,calcite,carbonate,Ca;Mg;Na;K;HCO3;Cl;SO4;NO3;F,0.95,0.40656965974059917,0.6056863477313091,rock,rock,freshening,freshening,oxic,oxic,-0.5997532918052066,-0.437060042670006,-0.14468627201222872,-0.16796909477945393,237.6400000000001,residual_strongly_aligned;gibbs_rock_support;carbonate_alkalinity_support;undersaturated_dissolution_support
NGW-016,Middle Voltaian sedimentary aquifer,Voltaian Supergroup,sandstone–shale interbeds,Northern Region,Tamale,True,0.21810945910976764,EC08,dolomite,carbonate,Ca;Mg;Na;K;HCO3;Cl;SO4;NO3;F,0.95,0.40656965974059917,0.6052731995783701,rock,rock,freshening,freshening,oxic,oxic,-0.5997532918052066,-0.437060042670006,-0.14468627201222872,-0.16796909477945393,237.6400000000001,residual_strongly_aligned;gibbs_rock_support;carbonate_alkalinity_support;undersaturated_dissolution_support
NGW-016,Middle Voltaian sedimentary aquifer,Voltaian Supergroup,sandstone–shale interbeds,Northern Region,Tamale,True,0.39458190347216077,EC04,albite,silicate,Ca;Mg;Na;K;HCO3;Cl;SO4;NO3;F,0.8799999999999999,0.46766642700990935,0.8327986693093684,rock,rock,freshening,freshening,oxic,oxic,-0.5997532918052066,-0.437060042670006,-0.14468627201222872,-0.16796909477945393,237.6400000000001,residual_strongly_aligned;gibbs_rock_support;albite_na_alkalinity_support
NGW-016,Middle Voltaian sedimentary aquifer,Voltaian Supergroup,sandstone–shale interbeds,Northern Region,Tamale,False,0.027795068785903203,EC05,anorthite,silicate,Ca;Mg;Na;K;HCO3;Cl;SO4;NO3;F,0.8799999999999999,0.46766642700990935,0.6056863477313091,rock,rock,freshening,freshening,oxic,oxic,-0.5997532918052066,-0.437060042670006,-0.14468627201222872,-0.16796909477945393,237.6400000000001,residual_strongly_aligned;gibbs_rock_support;carbonate_alkalinity_support
NGW-016,Middle Voltaian sedimentary aquifer,Voltaian Supergroup,sandstone–shale interbeds,Northern Region,Tamale,True,0.037822427261438224,EC12,k_feldspar,silicate,Ca;Mg;Na;K;HCO3;Cl;SO4;NO3;F,0.7799999999999999,0.571209063848815,0.41029254087152456,rock,rock,freshening,freshening,oxic,oxic,-0.5997532918052066,-0.437060042670006,-0.14468627201222872,-0.16796909477945393,237.6400000000001,residual_weakly_aligned;gibbs_rock_support;k_feldspar_k_alkalinity_support
NGW-016,Middle Voltaian sedimentary aquifer,Voltaian Supergroup,sandstone–shale interbeds,Northern Region,Tamale,True,0.3389000027961815,EC10,gypsum,evaporite,Ca;Mg;Na;K;HCO3;Cl;SO4;NO3;F,0.88,0.46766642700990924,0.256499677682007,rock,rock,freshening,freshening,oxic,oxic,-0.5997532918052066,-0.437060042670006,-0.14468627201222872,-0.16796909477945393,237.6400000000001,residual_weakly_aligned;gypsum_ca_so4_support;undersaturated_dissolution_support;salinity_increase_support
NGW-016,Middle Voltaian sedimentary aquifer,Voltaian Supergroup,sandstone–shale interbeds,Northern Region,Tamale,True,1.2586641859827246,EC11,halite,evaporite,Ca;Mg;Na;K;HCO3;Cl;SO4;NO3;F,0.95,0.40656965974059917,0.7705356461797268,rock,rock,freshening,freshening,oxic,oxic,-0.5997532918052066,-0.437060042670006,-0.14468627201222872,-0.16796909477945393,237.6400000000001,residual_strongly_aligned;halite_na_cl_support;undersaturated_dissolution_support;salinity_increase_support
NGW-016,Middle Voltaian sedimentary aquifer,Voltaian Supergroup,sandstone–shale interbeds,Northern Region,Tamale,False,0.0,EC09,fluorite,trace_mineral,Ca;Mg;Na;K;HCO3;Cl;SO4;NO3;F,0.58,0.8521437889662115,0.10134480954007678,rock,rock,freshening,freshening,oxic,oxic,-0.5997532918052066,-0.437060042670006,-0.14468627201222872,-0.16796909477945393,237.6400000000001,gibbs_rock_support
NGW-016,Middle Voltaian sedimentary aquifer,Voltaian Supergroup,sandstone–shale interbeds,Northern Region,Tamale,False,0.0,EC06,apatite,trace_mineral,Ca;Mg;Na;K;HCO3;Cl;SO4;NO3;F,0.58,0.8521437889662115,0.2256420833767325,rock,rock,freshening,freshening,oxic,oxic,-0.5997532918052066,-0.437060042670006,-0.14468627201222872,-0.16796909477945393,237.6400000000001,gibbs_rock_support
NGW-016,Middle Voltaian sedimentary aquifer,Voltaian Supergroup,sandstone–shale interbeds,Northern Region,Tamale,False,0.0,EC13,pyrite_oxidation,redox,Ca;Mg;Na;K;HCO3;Cl;SO4;NO3;F,0.5,1.0,0.13224611301633313,rock,rock,freshening,freshening,oxic,oxic,-0.5997532918052066,-0.437060042670006,-0.14468627201222872,-0.16796909477945393,237.6400000000001,
NGW-016,Middle Voltaian sedimentary aquifer,Voltaian Supergroup,sandstone–shale interbeds,Northern Region,Tamale,False,0.0,EC03,NO3src,anthropogenic,Ca;Mg;Na;K;HCO3;Cl;SO4;NO3;F,0.5,1.0,-0.03773791299447181,rock,rock,freshening,freshening,oxic,oxic,-0.5997532918052066,-0.437060042670006,-0.14468627201222872,-0.16796909477945393,237.6400000000001,
NGW-016,Middle Voltaian sedimentary aquifer,Voltaian Supergroup,sandstone–shale interbeds,Northern Region,Tamale,True,0.08993278150212382,EC07,denit,redox,Ca;Mg;Na;K;HCO3;Cl;SO4;NO3;F,0.8,0.5488116360940264,0.4240280586198452,rock,rock,freshening,freshening,oxic,oxic,-0.5997532918052066,-0.437060042670006,-0.14468627201222872,-0.16796909477945393,237.6400000000001,residual_weakly_aligned;denitrification_stoichiometry_support
NGW-016,Middle Voltaian sedimentary aquifer,Voltaian Supergroup,sandstone–shale interbeds,Northern Region,Tamale,False,0.0,EC01,CaNa_exch,ion_exchange,Ca;Mg;Na;K;HCO3;Cl;SO4;NO3;F,0.54,0.9231163463866358,-0.4477299032186785,rock,rock,freshening,freshening,oxic,oxic,-0.5997532918052066,-0.437060042670006,-0.14468627201222872,-0.16796909477945393,237.6400000000001,residual_opposed;cai_freshening_support
NGW-016,Middle Voltaian sedimentary aquifer,Voltaian Supergroup,sandstone–shale interbeds,Northern Region,Tamale,False,0.0,EC01,NaCa_exch,ion_exchange,Ca;Mg;Na;K;HCO3;Cl;SO4;NO3;F,0.38,1.2712491503214047,0.4477299032186785,rock,rock,freshening,freshening,oxic,oxic,-0.5997532918052066,-0.437060042670006,-0.14468627201222872,-0.16796909477945393,237.6400000000001,residual_weakly_aligned;cai_freshening_conflict
NGW-016,Middle Voltaian sedimentary aquifer,Voltaian Supergroup,sandstone–shale interbeds,Northern Region,Tamale,False,0.0,EC02,MgNa_exch,ion_exchange,Ca;Mg;Na;K;HCO3;Cl;SO4;NO3;F,0.54,0.9231163463866358,-0.5106774482861067,rock,rock,freshening,freshening,oxic,oxic,-0.5997532918052066,-0.437060042670006,-0.14468627201222872,-0.16796909477945393,237.6400000000001,residual_opposed;cai_freshening_support
NGW-016,Middle Voltaian sedimentary aquifer,Voltaian Supergroup,sandstone–shale interbeds,Northern Region,Tamale,False,0.0,EC02,NaMg_exch,ion_exchange,Ca;Mg;Na;K;HCO3;Cl;SO4;NO3;F,0.38,1.2712491503214047,0.5106774482861067,rock,rock,freshening,freshening,oxic,oxic,-0.5997532918052066,-0.437060042670006,-0.14468627201222872,-0.16796909477945393,237.6400000000001,residual_weakly_aligned;cai_freshening_conflict
NGW-018,Middle Voltaian sedimentary aquifer,Voltaian Supergroup,mudstone–sandstone sequence,Northern Region,Yendi,False,0.0,EC05,calcite,carbonate,Ca;Mg;Na;K;HCO3;Cl;SO4;NO3;F,0.95,0.40656965974059917,0.7503783303152174,rock,rock,neutral,neutral,oxic,oxic,-0.04202012671129267,0.05298105480574912,-0.019519235170136717,0.02496702848361763,162.79000000000002,residual_strongly_aligned;gibbs_rock_support;carbonate_alkalinity_support;undersaturated_dissolution_support
NGW-018,Middle Voltaian sedimentary aquifer,Voltaian Supergroup,mudstone–sandstone sequence,Northern Region,Yendi,True,0.23312650899054607,EC08,dolomite,carbonate,Ca;Mg;Na;K;HCO3;Cl;SO4;NO3;F,0.95,0.40656965974059917,0.7656985245627458,rock,rock,neutral,neutral,oxic,oxic,-0.04202012671129267,0.05298105480574912,-0.019519235170136717,0.02496702848361763,162.79000000000002,residual_strongly_aligned;gibbs_rock_support;carbonate_alkalinity_support;undersaturated_dissolution_support
NGW-018,Middle Voltaian sedimentary aquifer,Voltaian Supergroup,mudstone–sandstone sequence,Northern Region,Yendi,False,0.0,EC04,albite,silicate,Ca;Mg;Na;K;HCO3;Cl;SO4;NO3;F,0.8799999999999999,0.46766642700990935,0.6952412543204505,rock,rock,neutral,neutral,oxic,oxic,-0.04202012671129267,0.05298105480574912,-0.019519235170136717,0.02496702848361763,162.79000000000002,residual_strongly_aligned;gibbs_rock_support;albite_na_alkalinity_support
NGW-018,Middle Voltaian sedimentary aquifer,Voltaian Supergroup,mudstone–sandstone sequence,Northern Region,Yendi,False,0.0,EC05,anorthite,silicate,Ca;Mg;Na;K;HCO3;Cl;SO4;NO3;F,0.8799999999999999,0.46766642700990935,0.7503783303152174,rock,rock,neutral,neutral,oxic,oxic,-0.04202012671129267,0.05298105480574912,-0.019519235170136717,0.02496702848361763,162.79000000000002,residual_strongly_aligned;gibbs_rock_support;carbonate_alkalinity_support
NGW-018,Middle Voltaian sedimentary aquifer,Voltaian Supergroup,mudstone–sandstone sequence,Northern Region,Yendi,True,0.06990014194117242,EC12,k_feldspar,silicate,Ca;Mg;Na;K;HCO3;Cl;SO4;NO3;F,0.7799999999999999,0.571209063848815,0.5063485200705294,rock,rock,neutral,neutral,oxic,oxic,-0.04202012671129267,0.05298105480574912,-0.019519235170136717,0.02496702848361763,162.79000000000002,residual_weakly_aligned;gibbs_rock_support;k_feldspar_k_alkalinity_support
NGW-018,Middle Voltaian sedimentary aquifer,Voltaian Supergroup,mudstone–sandstone sequence,Northern Region,Yendi,True,0.20771681271829928,EC10,gypsum,evaporite,Ca;Mg;Na;K;HCO3;Cl;SO4;NO3;F,0.88,0.46766642700990924,0.35728157891731893,rock,rock,neutral,neutral,oxic,oxic,-0.04202012671129267,0.05298105480574912,-0.019519235170136717,0.02496702848361763,162.79000000000002,residual_weakly_aligned;gypsum_ca_so4_support;undersaturated_dissolution_support;salinity_increase_support
NGW-018,Middle Voltaian sedimentary aquifer,Voltaian Supergroup,mudstone–sandstone sequence,Northern Region,Yendi,True,0.7144059650053101,EC11,halite,evaporite,Ca;Mg;Na;K;HCO3;Cl;SO4;NO3;F,0.95,0.40656965974059917,0.5738873715548347,rock,rock,neutral,neutral,oxic,oxic,-0.04202012671129267,0.05298105480574912,-0.019519235170136717,0.02496702848361763,162.79000000000002,residual_strongly_aligned;halite_na_cl_support;undersaturated_dissolution_support;salinity_increase_support
NGW-018,Middle Voltaian sedimentary aquifer,Voltaian Supergroup,mudstone–sandstone sequence,Northern Region,Yendi,False,0.0,EC09,fluorite,trace_mineral,Ca;Mg;Na;K;HCO3;Cl;SO4;NO3;F,0.6799999999999999,0.6976763260710311,0.17526537419739593,rock,rock,neutral,neutral,oxic,oxic,-0.04202012671129267,0.05298105480574912,-0.019519235170136717,0.02496702848361763,162.79000000000002,gibbs_rock_support;fluorite_ca_f_support
NGW-018,Middle Voltaian sedimentary aquifer,Voltaian Supergroup,mudstone–sandstone sequence,Northern Region,Yendi,False,0.019649466057288432,EC06,apatite,trace_mineral,Ca;Mg;Na;K;HCO3;Cl;SO4;NO3;F,0.6799999999999999,0.6976763260710311,0.35952077782067304,rock,rock,neutral,neutral,oxic,oxic,-0.04202012671129267,0.05298105480574912,-0.019519235170136717,0.02496702848361763,162.79000000000002,residual_weakly_aligned;gibbs_rock_support
NGW-018,Middle Voltaian sedimentary aquifer,Voltaian Supergroup,mudstone–sandstone sequence,Northern Region,Yendi,False,0.0,EC13,pyrite_oxidation,redox,Ca;Mg;Na;K;HCO3;Cl;SO4;NO3;F,0.5,1.0,0.14143893976961008,rock,rock,neutral,neutral,oxic,oxic,-0.04202012671129267,0.05298105480574912,-0.019519235170136717,0.02496702848361763,162.79000000000002,
NGW-018,Middle Voltaian sedimentary aquifer,Voltaian Supergroup,mudstone–sandstone sequence,Northern Region,Yendi,True,0.08140094044566475,EC03,NO3src,anthropogenic,Ca;Mg;Na;K;HCO3;Cl;SO4;NO3;F,0.6799999999999999,0.6976763260710311,0.06608268379862009,rock,rock,neutral,neutral,oxic,oxic,-0.04202012671129267,0.05298105480574912,-0.019519235170136717,0.02496702848361763,162.79000000000002,nitrate_increase_support
NGW-018,Middle Voltaian sedimentary aquifer,Voltaian Supergroup,mudstone–sandstone sequence,Northern Region,Yendi,False,0.0,EC07,denit,redox,Ca;Mg;Na;K;HCO3;Cl;SO4;NO3;F,0.43999999999999995,1.1274968515793757,0.4178640710833586,rock,rock,neutral,neutral,oxic,oxic,-0.04202012671129267,0.05298105480574912,-0.019519235170136717,0.02496702848361763,162.79000000000002,residual_weakly_aligned;denitrification_no3_conflict
NGW-018,Middle Voltaian sedimentary aquifer,Voltaian Supergroup,mudstone–sandstone sequence,Northern Region,Yendi,False,0.0,EC01,CaNa_exch,ion_exchange,Ca;Mg;Na;K;HCO3;Cl;SO4;NO3;F,0.5,1.0,-0.12904002447078392,rock,rock,neutral,neutral,oxic,oxic,-0.04202012671129267,0.05298105480574912,-0.019519235170136717,0.02496702848361763,162.79000000000002,
NGW-018,Middle Voltaian sedimentary aquifer,Voltaian Supergroup,mudstone–sandstone sequence,Northern Region,Yendi,False,0.0,EC01,NaCa_exch,ion_exchange,Ca;Mg;Na;K;HCO3;Cl;SO4;NO3;F,0.5,1.0,0.12904002447078392,rock,rock,neutral,neutral,oxic,oxic,-0.04202012671129267,0.05298105480574912,-0.019519235170136717,0.02496702848361763,162.79000000000002,
NGW-018,Middle Voltaian sedimentary aquifer,Voltaian Supergroup,mudstone–sandstone sequence,Northern Region,Yendi,True,0.10804473367445636,EC02,MgNa_exch,ion_exchange,Ca;Mg;Na;K;HCO3;Cl;SO4;NO3;F,0.5,1.0,-0.17698588191202272,rock,rock,neutral,neutral,oxic,oxic,-0.04202012671129267,0.05298105480574912,-0.019519235170136717,0.02496702848361763,162.79000000000002,
NGW-018,Middle Voltaian sedimentary aquifer,Voltaian Supergroup,mudstone–sandstone sequence,Northern Region,Yendi,False,0.0,EC02,NaMg_exch,ion_exchange,Ca;Mg;Na;K;HCO3;Cl;SO4;NO3;F,0.5,1.0,0.17698588191202272,rock,rock,neutral,neutral,oxic,oxic,-0.04202012671129267,0.05298105480574912,-0.019519235170136717,0.02496702848361763,162.79000000000002,
NGW-019,Birimian fractured basement aquifer,Birimian Supergroup,phyllite–schist fractured zone,Northern Region,Savelugu,False,0.0,EC05,calcite,carbonate,Ca;Mg;Na;K;HCO3;Cl;SO4;NO3;F,0.95,0.40656965974059917,0.6719658750174388,rock,rock,freshening,freshening,oxic,oxic,-0.360166288254163,-0.21732350669869419,-0.13296735334928453,-0.09170815012325977,229.80999999999995,residual_strongly_aligned;gibbs_rock_support;carbonate_alkalinity_support;undersaturated_dissolution_support
NGW-019,Birimian fractured basement aquifer,Birimian Supergroup,phyllite–schist fractured zone,Northern Region,Savelugu,True,0.3229321766036514,EC08,dolomite,carbonate,Ca;Mg;Na;K;HCO3;Cl;SO4;NO3;F,0.95,0.40656965974059917,0.6750047973834855,rock,rock,freshening,freshening,oxic,oxic,-0.360166288254163,-0.21732350669869419,-0.13296735334928453,-0.09170815012325977,229.80999999999995,residual_strongly_aligned;gibbs_rock_support;carbonate_alkalinity_support;undersaturated_dissolution_support
NGW-019,Birimian fractured basement aquifer,Birimian Supergroup,phyllite–schist fractured zone,Northern Region,Savelugu,True,0.05098797507809481,EC04,albite,silicate,Ca;Mg;Na;K;HCO3;Cl;SO4;NO3;F,0.8799999999999999,0.46766642700990935,0.7761661507951877,rock,rock,freshening,freshening,oxic,oxic,-0.360166288254163,-0.21732350669869419,-0.13296735334928453,-0.09170815012325977,229.80999999999995,residual_strongly_aligned;gibbs_rock_support;albite_na_alkalinity_support
NGW-019,Birimian fractured basement aquifer,Birimian Supergroup,phyllite–schist fractured zone,Northern Region,Savelugu,False,0.0,EC05,anorthite,silicate,Ca;Mg;Na;K;HCO3;Cl;SO4;NO3;F,0.8799999999999999,0.46766642700990935,0.6719658750174388,rock,rock,freshening,freshening,oxic,oxic,-0.360166288254163,-0.21732350669869419,-0.13296735334928453,-0.09170815012325977,229.80999999999995,residual_strongly_aligned;gibbs_rock_support;carbonate_alkalinity_support
NGW-019,Birimian fractured basement aquifer,Birimian Supergroup,phyllite–schist fractured zone,Northern Region,Savelugu,False,0.0,EC12,k_feldspar,silicate,Ca;Mg;Na;K;HCO3;Cl;SO4;NO3;F,0.7799999999999999,0.571209063848815,0.42335858267825904,rock,rock,freshening,freshening,oxic,oxic,-0.360166288254163,-0.21732350669869419,-0.13296735334928453,-0.09170815012325977,229.80999999999995,residual_weakly_aligned;gibbs_rock_support;k_feldspar_k_alkalinity_support
NGW-019,Birimian fractured basement aquifer,Birimian Supergroup,phyllite–schist fractured zone,Northern Region,Savelugu,True,0.37583882873355257,EC10,gypsum,evaporite,Ca;Mg;Na;K;HCO3;Cl;SO4;NO3;F,0.88,0.46766642700990924,0.34719711562120525,rock,rock,freshening,freshening,oxic,oxic,-0.360166288254163,-0.21732350669869419,-0.13296735334928453,-0.09170815012325977,229.80999999999995,residual_weakly_aligned;gypsum_ca_so4_support;undersaturated_dissolution_support;salinity_increase_support
NGW-019,Birimian fractured basement aquifer,Birimian Supergroup,phyllite–schist fractured zone,Northern Region,Savelugu,True,1.0756227681321109,EC11,halite,evaporite,Ca;Mg;Na;K;HCO3;Cl;SO4;NO3;F,0.95,0.40656965974059917,0.6963782615593888,rock,rock,freshening,freshening,oxic,oxic,-0.360166288254163,-0.21732350669869419,-0.13296735334928453,-0.09170815012325977,229.80999999999995,residual_strongly_aligned;halite_na_cl_support;undersaturated_dissolution_support;salinity_increase_support
NGW-019,Birimian fractured basement aquifer,Birimian Supergroup,phyllite–schist fractured zone,Northern Region,Savelugu,False,0.0,EC09,fluorite,trace_mineral,Ca;Mg;Na;K;HCO3;Cl;SO4;NO3;F,0.6799999999999999,0.6976763260710311,0.14764161456525476,rock,rock,freshening,freshening,oxic,oxic,-0.360166288254163,-0.21732350669869419,-0.13296735334928453,-0.09170815012325977,229.80999999999995,gibbs_rock_support;fluorite_ca_f_support
NGW-019,Birimian fractured basement aquifer,Birimian Supergroup,phyllite–schist fractured zone,Northern Region,Savelugu,False,0.0021899936791156356,EC06,apatite,trace_mineral,Ca;Mg;Na;K;HCO3;Cl;SO4;NO3;F,0.6799999999999999,0.6976763260710311,0.31474358467990454,rock,rock,freshening,freshening,oxic,oxic,-0.360166288254163,-0.21732350669869419,-0.13296735334928453,-0.09170815012325977,229.80999999999995,residual_weakly_aligned;gibbs_rock_support
NGW-019,Birimian fractured basement aquifer,Birimian Supergroup,phyllite–schist fractured zone,Northern Region,Savelugu,False,0.0,EC13,pyrite_oxidation,redox,Ca;Mg;Na;K;HCO3;Cl;SO4;NO3;F,0.5,1.0,0.17105190598985923,rock,rock,freshening,freshening,oxic,oxic,-0.360166288254163,-0.21732350669869419,-0.13296735334928453,-0.09170815012325977,229.80999999999995,
NGW-019,Birimian fractured basement aquifer,Birimian Supergroup,phyllite–schist fractured zone,Northern Region,Savelugu,True,0.06519294520047865,EC03,NO3src,anthropogenic,Ca;Mg;Na;K;HCO3;Cl;SO4;NO3;F,0.6799999999999999,0.6976763260710311,0.037492525502662216,rock,rock,freshening,freshening,oxic,oxic,-0.360166288254163,-0.21732350669869419,-0.13296735334928453,-0.09170815012325977,229.80999999999995,nitrate_increase_support
NGW-019,Birimian fractured basement aquifer,Birimian Supergroup,phyllite–schist fractured zone,Northern Region,Savelugu,False,0.0,EC07,denit,redox,Ca;Mg;Na;K;HCO3;Cl;SO4;NO3;F,0.43999999999999995,1.1274968515793757,0.391601873233598,rock,rock,freshening,freshening,oxic,oxic,-0.360166288254163,-0.21732350669869419,-0.13296735334928453,-0.09170815012325977,229.80999999999995,residual_weakly_aligned;denitrification_no3_conflict
NGW-019,Birimian fractured basement aquifer,Birimian Supergroup,phyllite–schist fractured zone,Northern Region,Savelugu,False,0.0,EC01,CaNa_exch,ion_exchange,Ca;Mg;Na;K;HCO3;Cl;SO4;NO3;F,0.54,0.9231163463866358,-0.30981527667796266,rock,rock,freshening,freshening,oxic,oxic,-0.360166288254163,-0.21732350669869419,-0.13296735334928453,-0.09170815012325977,229.80999999999995,residual_opposed;cai_freshening_support
NGW-019,Birimian fractured basement aquifer,Birimian Supergroup,phyllite–schist fractured zone,Northern Region,Savelugu,False,0.0,EC01,NaCa_exch,ion_exchange,Ca;Mg;Na;K;HCO3;Cl;SO4;NO3;F,0.38,1.2712491503214047,0.30981527667796266,rock,rock,freshening,freshening,oxic,oxic,-0.360166288254163,-0.21732350669869419,-0.13296735334928453,-0.09170815012325977,229.80999999999995,residual_weakly_aligned;cai_freshening_conflict
NGW-019,Birimian fractured basement aquifer,Birimian Supergroup,phyllite–schist fractured zone,Northern Region,Savelugu,False,0.0,EC02,MgNa_exch,ion_exchange,Ca;Mg;Na;K;HCO3;Cl;SO4;NO3;F,0.54,0.9231163463866358,-0.37301547194947277,rock,rock,freshening,freshening,oxic,oxic,-0.360166288254163,-0.21732350669869419,-0.13296735334928453,-0.09170815012325977,229.80999999999995,residual_opposed;cai_freshening_support
NGW-019,Birimian fractured basement aquifer,Birimian Supergroup,phyllite–schist fractured zone,Northern Region,Savelugu,False,0.0,EC02,NaMg_exch,ion_exchange,Ca;Mg;Na;K;HCO3;Cl;SO4;NO3;F,0.38,1.2712491503214047,0.37301547194947277,rock,rock,freshening,freshening,oxic,oxic,-0.360166288254163,-0.21732350669869419,-0.13296735334928453,-0.09170815012325977,229.80999999999995,residual_weakly_aligned;cai_freshening_conflict
NGW-020,Middle Voltaian sedimentary aquifer,Voltaian Supergroup,siltstone–shale unit,Northern Region,Gushegu,False,0.0015091389336112642,EC05,calcite,carbonate,Ca;Mg;Na;K;HCO3;Cl;SO4;NO3;F,0.8799999999999999,0.46766642700990935,0.416831428619214,rock,rock,freshening,freshening,oxic,oxic,-0.7739077509619945,-0.5667539294810576,-0.22359934513228455,-0.2526702729831186,136.85999999999996,residual_weakly_aligned;gibbs_rock_support;carbonate_alkalinity_support;undersaturated_dissolution_support
NGW-020,Middle Voltaian sedimentary aquifer,Voltaian Supergroup,siltstone–shale unit,Northern Region,Gushegu,True,0.09974502857422125,EC08,dolomite,carbonate,Ca;Mg;Na;K;HCO3;Cl;SO4;NO3;F,0.8799999999999999,0.46766642700990935,0.428426887101843,rock,rock,freshening,freshening,oxic,oxic,-0.7739077509619945,-0.5667539294810576,-0.22359934513228455,-0.2526702729831186,136.85999999999996,residual_weakly_aligned;gibbs_rock_support;carbonate_alkalinity_support;undersaturated_dissolution_support
NGW-020,Middle Voltaian sedimentary aquifer,Voltaian Supergroup,siltstone–shale unit,Northern Region,Gushegu,True,0.32465731114527097,EC04,albite,silicate,Ca;Mg;Na;K;HCO3;Cl;SO4;NO3;F,0.8799999999999999,0.46766642700990935,0.7976021664149895,rock,rock,freshening,freshening,oxic,oxic,-0.7739077509619945,-0.5667539294810576,-0.22359934513228455,-0.2526702729831186,136.85999999999996,residual_strongly_aligned;gibbs_rock_support;albite_na_alkalinity_support
NGW-020,Middle Voltaian sedimentary aquifer,Voltaian Supergroup,siltstone–shale unit,Northern Region,Gushegu,False,0.0015091389336112642,EC05,anorthite,silicate,Ca;Mg;Na;K;HCO3;Cl;SO4;NO3;F,0.7799999999999999,0.571209063848815,0.416831428619214,rock,rock,freshening,freshening,oxic,oxic,-0.7739077509619945,-0.5667539294810576,-0.22359934513228455,-0.2526702729831186,136.85999999999996,residual_weakly_aligned;gibbs_rock_support;carbonate_alkalinity_support
NGW-020,Middle Voltaian sedimentary aquifer,Voltaian Supergroup,siltstone–shale unit,Northern Region,Gushegu,False,0.013838344556708761,EC12,k_feldspar,silicate,Ca;Mg;Na;K;HCO3;Cl;SO4;NO3;F,0.7799999999999999,0.571209063848815,0.30075890629289903,rock,rock,freshening,freshening,oxic,oxic,-0.7739077509619945,-0.5667539294810576,-0.22359934513228455,-0.2526702729831186,136.85999999999996,residual_weakly_aligned;gibbs_rock_support;k_feldspar_k_alkalinity_support
NGW-020,Middle Voltaian sedimentary aquifer,Voltaian Supergroup,siltstone–shale unit,Northern Region,Gushegu,True,0.05385463310861227,EC10,gypsum,evaporite,Ca;Mg;Na;K;HCO3;Cl;SO4;NO3;F,0.78,0.5712090638488149,0.10428008991063045,rock,rock,freshening,freshening,oxic,oxic,-0.7739077509619945,-0.5667539294810576,-0.22359934513228455,-0.2526702729831186,136.85999999999996,gypsum_ca_so4_support;undersaturated_dissolution_support;salinity_increase_support
NGW-020,Middle Voltaian sedimentary aquifer,Voltaian Supergroup,siltstone–shale unit,Northern Region,Gushegu,True,0.9836672898506775,EC11,halite,evaporite,Ca;Mg;Na;K;HCO3;Cl;SO4;NO3;F,0.95,0.40656965974059917,0.8920782593214349,rock,rock,freshening,freshening,oxic,oxic,-0.7739077509619945,-0.5667539294810576,-0.22359934513228455,-0.2526702729831186,136.85999999999996,residual_strongly_aligned;halite_na_cl_support;undersaturated_dissolution_support;salinity_increase_support
NGW-020,Middle Voltaian sedimentary aquifer,Voltaian Supergroup,siltstone–shale unit,Northern Region,Gushegu,False,0.008142733714099721,EC09,fluorite,trace_mineral,Ca;Mg;Na;K;HCO3;Cl;SO4;NO3;F,0.6799999999999999,0.6976763260710311,0.06709755082977333,rock,rock,freshening,freshening,oxic,oxic,-0.7739077509619945,-0.5667539294810576,-0.22359934513228455,-0.2526702729831186,136.85999999999996,gibbs_rock_support;fluorite_ca_f_support
NGW-020,Middle Voltaian sedimentary aquifer,Voltaian Supergroup,siltstone–shale unit,Northern Region,Gushegu,False,0.005039044598831957,EC06,apatite,trace_mineral,Ca;Mg;Na;K;HCO3;Cl;SO4;NO3;F,0.58,0.8521437889662115,0.1139181028646283,rock,rock,freshening,freshening,oxic,oxic,-0.7739077509619945,-0.5667539294810576,-0.22359934513228455,-0.2526702729831186,136.85999999999996,gibbs_rock_support
NGW-020,Middle Voltaian sedimentary aquifer,Voltaian Supergroup,siltstone–shale unit,Northern Region,Gushegu,False,0.0,EC13,pyrite_oxidation,redox,Ca;Mg;Na;K;HCO3;Cl;SO4;NO3;F,0.5,1.0,0.035062475866288335,rock,rock,freshening,freshening,oxic,oxic,-0.7739077509619945,-0.5667539294810576,-0.22359934513228455,-0.2526702729831186,136.85999999999996,
NGW-020,Middle Voltaian sedimentary aquifer,Voltaian Supergroup,siltstone–shale unit,Northern Region,Gushegu,True,0.0658348460022682,EC03,NO3src,anthropogenic,Ca;Mg;Na;K;HCO3;Cl;SO4;NO3;F,0.6799999999999999,0.6976763260710311,0.04654745865988859,rock,rock,freshening,freshening,oxic,oxic,-0.7739077509619945,-0.5667539294810576,-0.22359934513228455,-0.2526702729831186,136.85999999999996,nitrate_increase_support
NGW-020,Middle Voltaian sedimentary aquifer,Voltaian Supergroup,siltstone–shale unit,Northern Region,Gushegu,False,0.0,EC07,denit,redox,Ca;Mg;Na;K;HCO3;Cl;SO4;NO3;F,0.43999999999999995,1.1274968515793757,0.2568765672990509,rock,rock,freshening,freshening,oxic,oxic,-0.7739077509619945,-0.5667539294810576,-0.22359934513228455,-0.2526702729831186,136.85999999999996,residual_weakly_aligned;denitrification_no3_conflict
NGW-020,Middle Voltaian sedimentary aquifer,Voltaian Supergroup,siltstone–shale unit,Northern Region,Gushegu,False,0.0,EC01,CaNa_exch,ion_exchange,Ca;Mg;Na;K;HCO3;Cl;SO4;NO3;F,0.54,0.9231163463866358,-0.5920643764031952,rock,rock,freshening,freshening,oxic,oxic,-0.7739077509619945,-0.5667539294810576,-0.22359934513228455,-0.2526702729831186,136.85999999999996,residual_opposed;cai_freshening_support
NGW-020,Middle Voltaian sedimentary aquifer,Voltaian Supergroup,siltstone–shale unit,Northern Region,Gushegu,False,0.0,EC01,NaCa_exch,ion_exchange,Ca;Mg;Na;K;HCO3;Cl;SO4;NO3;F,0.48,1.0408107741923882,0.5920643764031952,rock,rock,freshening,freshening,oxic,oxic,-0.7739077509619945,-0.5667539294810576,-0.22359934513228455,-0.2526702729831186,136.85999999999996,residual_strongly_aligned;cai_freshening_conflict
NGW-020,Middle Voltaian sedimentary aquifer,Voltaian Supergroup,siltstone–shale unit,Northern Region,Gushegu,False,0.0,EC02,MgNa_exch,ion_exchange,Ca;Mg;Na;K;HCO3;Cl;SO4;NO3;F,0.54,0.9231163463866358,-0.6128443691830403,rock,rock,freshening,freshening,oxic,oxic,-0.7739077509619945,-0.5667539294810576,-0.22359934513228455,-0.2526702729831186,136.85999999999996,residual_opposed;cai_freshening_support
NGW-020,Middle Voltaian sedimentary aquifer,Voltaian Supergroup,siltstone–shale unit,Northern Region,Gushegu,False,0.0,EC02,NaMg_exch,ion_exchange,Ca;Mg;Na;K;HCO3;Cl;SO4;NO3;F,0.48,1.0408107741923882,0.6128443691830403,rock,rock,freshening,freshening,oxic,oxic,-0.7739077509619945,-0.5667539294810576,-0.22359934513228455,-0.2526702729831186,136.85999999999996,residual_strongly_aligned;cai_freshening_conflict
NGW-021,Middle Voltaian sedimentary aquifer,Voltaian Supergroup,mudstone–sandstone sequence,Northern Region,Savelugu,False,0.0,EC05,calcite,carbonate,Ca;Mg;Na;K;HCO3;Cl;SO4;NO3;F,0.6599999999999999,0.726149037073691,0.4076274060850299,rock,rock,freshening,freshening,oxic,oxic,-0.7059815426524392,-0.15205257368500583,-0.17748301608474287,-0.06229003755839076,100.31999999999994,residual_weakly_aligned;gibbs_rock_support;carbonate_alkalinity_support;saturated_dissolution_conflict
NGW-021,Middle Voltaian sedimentary aquifer,Voltaian Supergroup,mudstone–sandstone sequence,Northern Region,Savelugu,True,0.07422169133298967,EC08,dolomite,carbonate,Ca;Mg;Na;K;HCO3;Cl;SO4;NO3;F,0.7799999999999999,0.571209063848815,0.4209962642599347,rock,rock,freshening,freshening,oxic,oxic,-0.7059815426524392,-0.15205257368500583,-0.17748301608474287,-0.06229003755839076,100.31999999999994,residual_weakly_aligned;gibbs_rock_support;carbonate_alkalinity_support
NGW-021,Middle Voltaian sedimentary aquifer,Voltaian Supergroup,mudstone–sandstone sequence,Northern Region,Savelugu,False,-0.0,EC04,albite,silicate,Ca;Mg;Na;K;HCO3;Cl;SO4;NO3;F,0.7799999999999999,0.571209063848815,0.47044835974797666,rock,rock,freshening,freshening,oxic,oxic,-0.7059815426524392,-0.15205257368500583,-0.17748301608474287,-0.06229003755839076,100.31999999999994,residual_weakly_aligned;gibbs_rock_support;albite_na_alkalinity_support
NGW-021,Middle Voltaian sedimentary aquifer,Voltaian Supergroup,mudstone–sandstone sequence,Northern Region,Savelugu,False,0.0,EC05,anorthite,silicate,Ca;Mg;Na;K;HCO3;Cl;SO4;NO3;F,0.7799999999999999,0.571209063848815,0.4076274060850299,rock,rock,freshening,freshening,oxic,oxic,-0.7059815426524392,-0.15205257368500583,-0.17748301608474287,-0.06229003755839076,100.31999999999994,residual_weakly_aligned;gibbs_rock_support;carbonate_alkalinity_support
NGW-021,Middle Voltaian sedimentary aquifer,Voltaian Supergroup,mudstone–sandstone sequence,Northern Region,Savelugu,True,0.03878018573929147,EC12,k_feldspar,silicate,Ca;Mg;Na;K;HCO3;Cl;SO4;NO3;F,0.7799999999999999,0.571209063848815,0.25113343069550764,rock,rock,freshening,freshening,oxic,oxic,-0.7059815426524392,-0.15205257368500583,-0.17748301608474287,-0.06229003755839076,100.31999999999994,residual_weakly_aligned;gibbs_rock_support;k_feldspar_k_alkalinity_support
NGW-021,Middle Voltaian sedimentary aquifer,Voltaian Supergroup,mudstone–sandstone sequence,Northern Region,Savelugu,True,0.10879197433344033,EC10,gypsum,evaporite,Ca;Mg;Na;K;HCO3;Cl;SO4;NO3;F,0.88,0.46766642700990924,0.2851678880171388,rock,rock,freshening,freshening,oxic,oxic,-0.7059815426524392,-0.15205257368500583,-0.17748301608474287,-0.06229003755839076,100.31999999999994,residual_weakly_aligned;gypsum_ca_so4_support;undersaturated_dissolution_support;salinity_increase_support
NGW-021,Middle Voltaian sedimentary aquifer,Voltaian Supergroup,mudstone–sandstone sequence,Northern Region,Savelugu,True,0.8298626493318451,EC11,halite,evaporite,Ca;Mg;Na;K;HCO3;Cl;SO4;NO3;F,0.95,0.40656965974059917,0.8016355505794465,rock,rock,freshening,freshening,oxic,oxic,-0.7059815426524392,-0.15205257368500583,-0.17748301608474287,-0.06229003755839076,100.31999999999994,residual_strongly_aligned;halite_na_cl_support;undersaturated_dissolution_support;salinity_increase_support
NGW-021,Middle Voltaian sedimentary aquifer,Voltaian Supergroup,mudstone–sandstone sequence,Northern Region,Savelugu,False,-0.0,EC09,fluorite,trace_mineral,Ca;Mg;Na;K;HCO3;Cl;SO4;NO3;F,0.58,0.8521437889662115,0.1355245867720345,rock,rock,freshening,freshening,oxic,oxic,-0.7059815426524392,-0.15205257368500583,-0.17748301608474287,-0.06229003755839076,100.31999999999994,gibbs_rock_support
NGW-021,Middle Voltaian sedimentary aquifer,Voltaian Supergroup,mudstone–sandstone sequence,Northern Region,Savelugu,False,0.026045555487550907,EC06,apatite,trace_mineral,Ca;Mg;Na;K;HCO3;Cl;SO4;NO3;F,0.6799999999999999,0.6976763260710311,0.2987955135457357,rock,rock,freshening,freshening,oxic,oxic,-0.7059815426524392,-0.15205257368500583,-0.17748301608474287,-0.06229003755839076,100.31999999999994,residual_weakly_aligned;gibbs_rock_support
NGW-021,Middle Voltaian sedimentary aquifer,Voltaian Supergroup,mudstone–sandstone sequence,Northern Region,Savelugu,False,0.0,EC13,pyrite_oxidation,redox,Ca;Mg;Na;K;HCO3;Cl;SO4;NO3;F,0.5,1.0,0.09838983704907092,rock,rock,freshening,freshening,oxic,oxic,-0.7059815426524392,-0.15205257368500583,-0.17748301608474287,-0.06229003755839076,100.31999999999994,
NGW-021,Middle Voltaian sedimentary aquifer,Voltaian Supergroup,mudstone–sandstone sequence,Northern Region,Savelugu,True,0.054280631570057795,EC03,NO3src,anthropogenic,Ca;Mg;Na;K;HCO3;Cl;SO4;NO3;F,0.6799999999999999,0.6976763260710311,0.06555003866895373,rock,rock,freshening,freshening,oxic,oxic,-0.7059815426524392,-0.15205257368500583,-0.17748301608474287,-0.06229003755839076,100.31999999999994,nitrate_increase_support
NGW-021,Middle Voltaian sedimentary aquifer,Voltaian Supergroup,mudstone–sandstone sequence,Northern Region,Savelugu,False,0.0,EC07,denit,redox,Ca;Mg;Na;K;HCO3;Cl;SO4;NO3;F,0.33999999999999997,1.3771277643359572,0.16810899961396025,rock,rock,freshening,freshening,oxic,oxic,-0.7059815426524392,-0.15205257368500583,-0.17748301608474287,-0.06229003755839076,100.31999999999994,denitrification_no3_conflict
NGW-021,Middle Voltaian sedimentary aquifer,Voltaian Supergroup,mudstone–sandstone sequence,Northern Region,Savelugu,False,0.00630377231832876,EC01,CaNa_exch,ion_exchange,Ca;Mg;Na;K;HCO3;Cl;SO4;NO3;F,0.72,0.6440364210831414,-0.18744792923252349,rock,rock,freshening,freshening,oxic,oxic,-0.7059815426524392,-0.15205257368500583,-0.17748301608474287,-0.06229003755839076,100.31999999999994,cai_freshening_support
NGW-021,Middle Voltaian sedimentary aquifer,Voltaian Supergroup,mudstone–sandstone sequence,Northern Region,Savelugu,False,0.0,EC01,NaCa_exch,ion_exchange,Ca;Mg;Na;K;HCO3;Cl;SO4;NO3;F,0.28,1.552707218511336,0.18744792923252349,rock,rock,freshening,freshening,oxic,oxic,-0.7059815426524392,-0.15205257368500583,-0.17748301608474287,-0.06229003755839076,100.31999999999994,cai_freshening_conflict
NGW-021,Middle Voltaian sedimentary aquifer,Voltaian Supergroup,mudstone–sandstone sequence,Northern Region,Savelugu,True,0.19877733356721336,EC02,MgNa_exch,ion_exchange,Ca;Mg;Na;K;HCO3;Cl;SO4;NO3;F,0.72,0.6440364210831414,-0.20391849251246244,rock,rock,freshening,freshening,oxic,oxic,-0.7059815426524392,-0.15205257368500583,-0.17748301608474287,-0.06229003755839076,100.31999999999994,cai_freshening_support
NGW-021,Middle Voltaian sedimentary aquifer,Voltaian Supergroup,mudstone–sandstone sequence,Northern Region,Savelugu,False,0.0,EC02,NaMg_exch,ion_exchange,Ca;Mg;Na;K;HCO3;Cl;SO4;NO3;F,0.28,1.552707218511336,0.20391849251246244,rock,rock,freshening,freshening,oxic,oxic,-0.7059815426524392,-0.15205257368500583,-0.17748301608474287,-0.06229003755839076,100.31999999999994,cai_freshening_conflict
NGW-022,Middle Voltaian sedimentary aquifer,Voltaian Supergroup,mudstone–sandstone sequence,Northern Region,Mion,False,0.0,EC05,calcite,carbonate,Ca;Mg;Na;K;HCO3;Cl;SO4;NO3;F,0.8799999999999999,0.46766642700990935,0.5390762528965024,rock,rock,freshening,freshening,oxic,oxic,-0.6702273547622453,-0.3875382423216382,-0.18466470461480833,-0.1279639601908534,141.15000000000003,residual_weakly_aligned;gibbs_rock_support;carbonate_alkalinity_support;undersaturated_dissolution_support
NGW-022,Middle Voltaian sedimentary aquifer,Voltaian Supergroup,mudstone–sandstone sequence,Northern Region,Mion,True,0.1748174941002205,EC08,dolomite,carbonate,Ca;Mg;Na;K;HCO3;Cl;SO4;NO3;F,0.95,0.40656965974059917,0.5986574392515974,rock,rock,freshening,freshening,oxic,oxic,-0.6702273547622453,-0.3875382423216382,-0.18466470461480833,-0.1279639601908534,141.15000000000003,residual_strongly_aligned;gibbs_rock_support;carbonate_alkalinity_support;undersaturated_dissolution_support
NGW-022,Middle Voltaian sedimentary aquifer,Voltaian Supergroup,mudstone–sandstone sequence,Northern Region,Mion,False,0.0,EC04,albite,silicate,Ca;Mg;Na;K;HCO3;Cl;SO4;NO3;F,0.8799999999999999,0.46766642700990935,0.7222042365578417,rock,rock,freshening,freshening,oxic,oxic,-0.6702273547622453,-0.3875382423216382,-0.18466470461480833,-0.1279639601908534,141.15000000000003,residual_strongly_aligned;gibbs_rock_support;albite_na_alkalinity_support
NGW-022,Middle Voltaian sedimentary aquifer,Voltaian Supergroup,mudstone–sandstone sequence,Northern Region,Mion,False,0.0,EC05,anorthite,silicate,Ca;Mg;Na;K;HCO3;Cl;SO4;NO3;F,0.7799999999999999,0.571209063848815,0.5390762528965024,rock,rock,freshening,freshening,oxic,oxic,-0.6702273547622453,-0.3875382423216382,-0.18466470461480833,-0.1279639601908534,141.15000000000003,residual_weakly_aligned;gibbs_rock_support;carbonate_alkalinity_support
NGW-022,Middle Voltaian sedimentary aquifer,Voltaian Supergroup,mudstone–sandstone sequence,Northern Region,Mion,False,0.0,EC12,k_feldspar,silicate,Ca;Mg;Na;K;HCO3;Cl;SO4;NO3;F,0.7799999999999999,0.571209063848815,0.3757151043166046,rock,rock,freshening,freshening,oxic,oxic,-0.6702273547622453,-0.3875382423216382,-0.18466470461480833,-0.1279639601908534,141.15000000000003,residual_weakly_aligned;gibbs_rock_support;k_feldspar_k_alkalinity_support
NGW-022,Middle Voltaian sedimentary aquifer,Voltaian Supergroup,mudstone–sandstone sequence,Northern Region,Mion,True,0.0940985271378124,EC10,gypsum,evaporite,Ca;Mg;Na;K;HCO3;Cl;SO4;NO3;F,0.78,0.5712090638488149,0.19984818026851908,rock,rock,freshening,freshening,oxic,oxic,-0.6702273547622453,-0.3875382423216382,-0.18466470461480833,-0.1279639601908534,141.15000000000003,gypsum_ca_so4_support;undersaturated_dissolution_support;salinity_increase_support
NGW-022,Middle Voltaian sedimentary aquifer,Voltaian Supergroup,mudstone–sandstone sequence,Northern Region,Mion,True,0.6661828504867316,EC11,halite,evaporite,Ca;Mg;Na;K;HCO3;Cl;SO4;NO3;F,0.95,0.40656965974059917,0.7097803869292156,rock,rock,freshening,freshening,oxic,oxic,-0.6702273547622453,-0.3875382423216382,-0.18466470461480833,-0.1279639601908534,141.15000000000003,residual_strongly_aligned;halite_na_cl_support;undersaturated_dissolution_support;salinity_increase_support
NGW-022,Middle Voltaian sedimentary aquifer,Voltaian Supergroup,mudstone–sandstone sequence,Northern Region,Mion,False,0.0,EC09,fluorite,trace_mineral,Ca;Mg;Na;K;HCO3;Cl;SO4;NO3;F,0.58,0.8521437889662115,0.06566203257265665,rock,rock,freshening,freshening,oxic,oxic,-0.6702273547622453,-0.3875382423216382,-0.18466470461480833,-0.1279639601908534,141.15000000000003,gibbs_rock_support
NGW-022,Middle Voltaian sedimentary aquifer,Voltaian Supergroup,mudstone–sandstone sequence,Northern Region,Mion,False,0.0,EC06,apatite,trace_mineral,Ca;Mg;Na;K;HCO3;Cl;SO4;NO3;F,0.58,0.8521437889662115,0.1488894221493923,rock,rock,freshening,freshening,oxic,oxic,-0.6702273547622453,-0.3875382423216382,-0.18466470461480833,-0.1279639601908534,141.15000000000003,gibbs_rock_support
NGW-022,Middle Voltaian sedimentary aquifer,Voltaian Supergroup,mudstone–sandstone sequence,Northern Region,Mion,False,0.029057066553438312,EC13,pyrite_oxidation,redox,Ca;Mg;Na;K;HCO3;Cl;SO4;NO3;F,0.5,1.0,0.1302329659022846,rock,rock,freshening,freshening,oxic,oxic,-0.6702273547622453,-0.3875382423216382,-0.18466470461480833,-0.1279639601908534,141.15000000000003,
NGW-022,Middle Voltaian sedimentary aquifer,Voltaian Supergroup,mudstone–sandstone sequence,Northern Region,Mion,True,0.3954509077211592,EC03,NO3src,anthropogenic,Ca;Mg;Na;K;HCO3;Cl;SO4;NO3;F,0.78,0.5712090638488149,0.3153812954304283,rock,rock,freshening,freshening,oxic,oxic,-0.6702273547622453,-0.3875382423216382,-0.18466470461480833,-0.1279639601908534,141.15000000000003,residual_weakly_aligned;nitrate_increase_support
NGW-022,Middle Voltaian sedimentary aquifer,Voltaian Supergroup,mudstone–sandstone sequence,Northern Region,Mion,False,0.0,EC07,denit,redox,Ca;Mg;Na;K;HCO3;Cl;SO4;NO3;F,0.33999999999999997,1.3771277643359572,0.14928916178472995,rock,rock,freshening,freshening,oxic,oxic,-0.6702273547622453,-0.3875382423216382,-0.18466470461480833,-0.1279639601908534,141.15000000000003,denitrification_no3_conflict
NGW-022,Middle Voltaian sedimentary aquifer,Voltaian Supergroup,mudstone–sandstone sequence,Northern Region,Mion,False,0.0,EC01,CaNa_exch,ion_exchange,Ca;Mg;Na;K;HCO3;Cl;SO4;NO3;F,0.54,0.9231163463866358,-0.3744478764418266,rock,rock,freshening,freshening,oxic,oxic,-0.6702273547622453,-0.3875382423216382,-0.18466470461480833,-0.1279639601908534,141.15000000000003,residual_opposed;cai_freshening_support
NGW-022,Middle Voltaian sedimentary aquifer,Voltaian Supergroup,mudstone–sandstone sequence,Northern Region,Mion,True,0.07619428175309338,EC01,NaCa_exch,ion_exchange,Ca;Mg;Na;K;HCO3;Cl;SO4;NO3;F,0.38,1.2712491503214047,0.3744478764418266,rock,rock,freshening,freshening,oxic,oxic,-0.6702273547622453,-0.3875382423216382,-0.18466470461480833,-0.1279639601908534,141.15000000000003,residual_weakly_aligned;cai_freshening_conflict
NGW-022,Middle Voltaian sedimentary aquifer,Voltaian Supergroup,mudstone–sandstone sequence,Northern Region,Mion,True,0.09574138326575655,EC02,MgNa_exch,ion_exchange,Ca;Mg;Na;K;HCO3;Cl;SO4;NO3;F,0.54,0.9231163463866358,-0.3167277544914706,rock,rock,freshening,freshening,oxic,oxic,-0.6702273547622453,-0.3875382423216382,-0.18466470461480833,-0.1279639601908534,141.15000000000003,residual_opposed;cai_freshening_support
NGW-022,Middle Voltaian sedimentary aquifer,Voltaian Supergroup,mudstone–sandstone sequence,Northern Region,Mion,False,0.0,EC02,NaMg_exch,ion_exchange,Ca;Mg;Na;K;HCO3;Cl;SO4;NO3;F,0.38,1.2712491503214047,0.3167277544914706,rock,rock,freshening,freshening,oxic,oxic,-0.6702273547622453,-0.3875382423216382,-0.18466470461480833,-0.1279639601908534,141.15000000000003,residual_weakly_aligned;cai_freshening_conflict
NGW-023,Regolith/alluvial shallow aquifer,Quaternary regolith/alluvium,valley alluvium,Northern Region,Tolon,False,0.0,EC05,calcite,carbonate,Ca;Mg;Na;K;HCO3;Cl;SO4;NO3;F,0.7599999999999999,0.5945205479701945,0.5542798135744199,rock,rock,freshening,neutral,oxic,oxic,-0.24864234796640022,-0.11809260291731509,-0.07972695128926963,-0.055237408311373574,242.96000000000015,residual_strongly_aligned;gibbs_rock_support;carbonate_alkalinity_support;saturated_dissolution_conflict
NGW-023,Regolith/alluvial shallow aquifer,Quaternary regolith/alluvium,valley alluvium,Northern Region,Tolon,True,0.30375166603105264,EC08,dolomite,carbonate,Ca;Mg;Na;K;HCO3;Cl;SO4;NO3;F,0.95,0.40656965974059917,0.5704414305157596,rock,rock,freshening,neutral,oxic,oxic,-0.24864234796640022,-0.11809260291731509,-0.07972695128926963,-0.055237408311373574,242.96000000000015,residual_strongly_aligned;gibbs_rock_support;carbonate_alkalinity_support;undersaturated_dissolution_support
NGW-023,Regolith/alluvial shallow aquifer,Quaternary regolith/alluvium,valley alluvium,Northern Region,Tolon,False,0.02595073723555278,EC04,albite,silicate,Ca;Mg;Na;K;HCO3;Cl;SO4;NO3;F,0.8799999999999999,0.46766642700990935,0.7693501681119445,rock,rock,freshening,neutral,oxic,oxic,-0.24864234796640022,-0.11809260291731509,-0.07972695128926963,-0.055237408311373574,242.96000000000015,residual_strongly_aligned;gibbs_rock_support;albite_na_alkalinity_support
NGW-023,Regolith/alluvial shallow aquifer,Quaternary regolith/alluvium,valley alluvium,Northern Region,Tolon,False,0.027634555129381653,EC05,anorthite,silicate,Ca;Mg;Na;K;HCO3;Cl;SO4;NO3;F,0.8799999999999999,0.46766642700990935,0.5542798135744199,rock,rock,freshening,neutral,oxic,oxic,-0.24864234796640022,-0.11809260291731509,-0.07972695128926963,-0.055237408311373574,242.96000000000015,residual_strongly_aligned;gibbs_rock_support;carbonate_alkalinity_support
NGW-023,Regolith/alluvial shallow aquifer,Quaternary regolith/alluvium,valley alluvium,Northern Region,Tolon,True,0.036708923271242914,EC12,k_feldspar,silicate,Ca;Mg;Na;K;HCO3;Cl;SO4;NO3;F,0.7799999999999999,0.571209063848815,0.38462495365352134,rock,rock,freshening,neutral,oxic,oxic,-0.24864234796640022,-0.11809260291731509,-0.07972695128926963,-0.055237408311373574,242.96000000000015,residual_weakly_aligned;gibbs_rock_support;k_feldspar_k_alkalinity_support
NGW-023,Regolith/alluvial shallow aquifer,Quaternary regolith/alluvium,valley alluvium,Northern Region,Tolon,True,0.1427543581785267,EC10,gypsum,evaporite,Ca;Mg;Na;K;HCO3;Cl;SO4;NO3;F,0.78,0.5712090638488149,0.18132734417356455,rock,rock,freshening,neutral,oxic,oxic,-0.24864234796640022,-0.11809260291731509,-0.07972695128926963,-0.055237408311373574,242.96000000000015,gypsum_ca_so4_support;undersaturated_dissolution_support;salinity_increase_support
NGW-023,Regolith/alluvial shallow aquifer,Quaternary regolith/alluvium,valley alluvium,Northern Region,Tolon,True,1.4092245100335572,EC11,halite,evaporite,Ca;Mg;Na;K;HCO3;Cl;SO4;NO3;F,0.95,0.40656965974059917,0.7941453772370659,rock,rock,freshening,neutral,oxic,oxic,-0.24864234796640022,-0.11809260291731509,-0.07972695128926963,-0.055237408311373574,242.96000000000015,residual_strongly_aligned;halite_na_cl_support;undersaturated_dissolution_support;salinity_increase_support
NGW-023,Regolith/alluvial shallow aquifer,Quaternary regolith/alluvium,valley alluvium,Northern Region,Tolon,False,-0.0,EC09,fluorite,trace_mineral,Ca;Mg;Na;K;HCO3;Cl;SO4;NO3;F,0.58,0.8521437889662115,0.08157655885767025,rock,rock,freshening,neutral,oxic,oxic,-0.24864234796640022,-0.11809260291731509,-0.07972695128926963,-0.055237408311373574,242.96000000000015,gibbs_rock_support
NGW-023,Regolith/alluvial shallow aquifer,Quaternary regolith/alluvium,valley alluvium,Northern Region,Tolon,False,0.0,EC06,apatite,trace_mineral,Ca;Mg;Na;K;HCO3;Cl;SO4;NO3;F,0.58,0.8521437889662115,0.18392915388874503,rock,rock,freshening,neutral,oxic,oxic,-0.24864234796640022,-0.11809260291731509,-0.07972695128926963,-0.055237408311373574,242.96000000000015,gibbs_rock_support
NGW-023,Regolith/alluvial shallow aquifer,Quaternary regolith/alluvium,valley alluvium,Northern Region,Tolon,False,0.0064254296534131256,EC13,pyrite_oxidation,redox,Ca;Mg;Na;K;HCO3;Cl;SO4;NO3;F,0.5,1.0,0.06829048284619577,rock,rock,freshening,neutral,oxic,oxic,-0.24864234796640022,-0.11809260291731509,-0.07972695128926963,-0.055237408311373574,242.96000000000015,
NGW-023,Regolith/alluvial shallow aquifer,Quaternary regolith/alluvium,valley alluvium,Northern Region,Tolon,True,0.4646157191139735,EC03,NO3src,anthropogenic,Ca;Mg;Na;K;HCO3;Cl;SO4;NO3;F,0.6799999999999999,0.6976763260710311,0.18938187823104483,rock,rock,freshening,neutral,oxic,oxic,-0.24864234796640022,-0.11809260291731509,-0.07972695128926963,-0.055237408311373574,242.96000000000015,nitrate_increase_support
NGW-023,Regolith/alluvial shallow aquifer,Quaternary regolith/alluvium,valley alluvium,Northern Region,Tolon,False,0.0,EC07,denit,redox,Ca;Mg;Na;K;HCO3;Cl;SO4;NO3;F,0.33999999999999997,1.3771277643359572,0.23776411732489583,rock,rock,freshening,neutral,oxic,oxic,-0.24864234796640022,-0.11809260291731509,-0.07972695128926963,-0.055237408311373574,242.96000000000015,denitrification_no3_conflict
NGW-023,Regolith/alluvial shallow aquifer,Quaternary regolith/alluvium,valley alluvium,Northern Region,Tolon,False,0.0,EC01,CaNa_exch,ion_exchange,Ca;Mg;Na;K;HCO3;Cl;SO4;NO3;F,0.32,1.4333294145603401,-0.41887972621245567,rock,rock,freshening,neutral,oxic,oxic,-0.24864234796640022,-0.11809260291731509,-0.07972695128926963,-0.055237408311373574,242.96000000000015,residual_opposed
NGW-023,Regolith/alluvial shallow aquifer,Quaternary regolith/alluvium,valley alluvium,Northern Region,Tolon,False,0.0,EC01,NaCa_exch,ion_exchange,Ca;Mg;Na;K;HCO3;Cl;SO4;NO3;F,0.6,0.8187307530779819,0.41887972621245567,rock,rock,freshening,neutral,oxic,oxic,-0.24864234796640022,-0.11809260291731509,-0.07972695128926963,-0.055237408311373574,242.96000000000015,residual_weakly_aligned
NGW-023,Regolith/alluvial shallow aquifer,Quaternary regolith/alluvium,valley alluvium,Northern Region,Tolon,False,0.0,EC02,MgNa_exch,ion_exchange,Ca;Mg;Na;K;HCO3;Cl;SO4;NO3;F,0.32,1.4333294145603401,-0.4451028380686083,rock,rock,freshening,neutral,oxic,oxic,-0.24864234796640022,-0.11809260291731509,-0.07972695128926963,-0.055237408311373574,242.96000000000015,residual_opposed
NGW-023,Regolith/alluvial shallow aquifer,Quaternary regolith/alluvium,valley alluvium,Northern Region,Tolon,False,0.0,EC02,NaMg_exch,ion_exchange,Ca;Mg;Na;K;HCO3;Cl;SO4;NO3;F,0.6,0.8187307530779819,0.4451028380686083,rock,rock,freshening,neutral,oxic,oxic,-0.24864234796640022,-0.11809260291731509,-0.07972695128926963,-0.055237408311373574,242.96000000000015,residual_weakly_aligned
NGW-025,Middle Voltaian sedimentary aquifer,Voltaian Supergroup,sandstone–shale interbeds,Northern Region,Tolon,True,0.06659894594201342,EC05,calcite,carbonate,Ca;Mg;Na;K;HCO3;Cl;SO4;NO3;F,0.95,0.40656965974059917,0.7115974015360748,rock,rock,freshening,freshening,oxic,oxic,-0.8638265778800455,-0.14334997072143568,-0.25269485497769495,-0.05815649835181331,120.26999999999992,residual_strongly_aligned;gibbs_rock_support;carbonate_alkalinity_support;undersaturated_dissolution_support
NGW-025,Middle Voltaian sedimentary aquifer,Voltaian Supergroup,sandstone–shale interbeds,Northern Region,Tolon,True,0.07223572630759337,EC08,dolomite,carbonate,Ca;Mg;Na;K;HCO3;Cl;SO4;NO3;F,0.95,0.40656965974059917,0.6790206362323069,rock,rock,freshening,freshening,oxic,oxic,-0.8638265778800455,-0.14334997072143568,-0.25269485497769495,-0.05815649835181331,120.26999999999992,residual_strongly_aligned;gibbs_rock_support;carbonate_alkalinity_support;undersaturated_dissolution_support
NGW-025,Middle Voltaian sedimentary aquifer,Voltaian Supergroup,sandstone–shale interbeds,Northern Region,Tolon,False,-0.0,EC04,albite,silicate,Ca;Mg;Na;K;HCO3;Cl;SO4;NO3;F,0.7799999999999999,0.571209063848815,0.4856349414469134,rock,rock,freshening,freshening,oxic,oxic,-0.8638265778800455,-0.14334997072143568,-0.25269485497769495,-0.05815649835181331,120.26999999999992,residual_weakly_aligned;gibbs_rock_support;albite_na_alkalinity_support
NGW-025,Middle Voltaian sedimentary aquifer,Voltaian Supergroup,sandstone–shale interbeds,Northern Region,Tolon,True,0.06659894594201342,EC05,anorthite,silicate,Ca;Mg;Na;K;HCO3;Cl;SO4;NO3;F,0.8799999999999999,0.46766642700990935,0.7115974015360748,rock,rock,freshening,freshening,oxic,oxic,-0.8638265778800455,-0.14334997072143568,-0.25269485497769495,-0.05815649835181331,120.26999999999992,residual_strongly_aligned;gibbs_rock_support;carbonate_alkalinity_support
NGW-025,Middle Voltaian sedimentary aquifer,Voltaian Supergroup,sandstone–shale interbeds,Northern Region,Tolon,False,0.024256834116045484,EC12,k_feldspar,silicate,Ca;Mg;Na;K;HCO3;Cl;SO4;NO3;F,0.7799999999999999,0.571209063848815,0.4195726950871864,rock,rock,freshening,freshening,oxic,oxic,-0.8638265778800455,-0.14334997072143568,-0.25269485497769495,-0.05815649835181331,120.26999999999992,residual_weakly_aligned;gibbs_rock_support;k_feldspar_k_alkalinity_support
NGW-025,Middle Voltaian sedimentary aquifer,Voltaian Supergroup,sandstone–shale interbeds,Northern Region,Tolon,True,0.21658042662610708,EC10,gypsum,evaporite,Ca;Mg;Na;K;HCO3;Cl;SO4;NO3;F,0.88,0.46766642700990924,0.4509233748910477,rock,rock,freshening,freshening,oxic,oxic,-0.8638265778800455,-0.14334997072143568,-0.25269485497769495,-0.05815649835181331,120.26999999999992,residual_weakly_aligned;gypsum_ca_so4_support;undersaturated_dissolution_support;salinity_increase_support
NGW-025,Middle Voltaian sedimentary aquifer,Voltaian Supergroup,sandstone–shale interbeds,Northern Region,Tolon,True,0.7570669481970864,EC11,halite,evaporite,Ca;Mg;Na;K;HCO3;Cl;SO4;NO3;F,0.9,0.44932896411722156,0.5225259650889065,rock,rock,freshening,freshening,oxic,oxic,-0.8638265778800455,-0.14334997072143568,-0.25269485497769495,-0.05815649835181331,120.26999999999992,residual_weakly_aligned;halite_na_cl_support;undersaturated_dissolution_support;salinity_increase_support
NGW-025,Middle Voltaian sedimentary aquifer,Voltaian Supergroup,sandstone–shale interbeds,Northern Region,Tolon,False,0.0,EC09,fluorite,trace_mineral,Ca;Mg;Na;K;HCO3;Cl;SO4;NO3;F,0.58,0.8521437889662115,0.20344505862931528,rock,rock,freshening,freshening,oxic,oxic,-0.8638265778800455,-0.14334997072143568,-0.25269485497769495,-0.05815649835181331,120.26999999999992,gibbs_rock_support
NGW-025,Middle Voltaian sedimentary aquifer,Voltaian Supergroup,sandstone–shale interbeds,Northern Region,Tolon,False,0.0,EC06,apatite,trace_mineral,Ca;Mg;Na;K;HCO3;Cl;SO4;NO3;F,0.6799999999999999,0.6976763260710311,0.4538768742481771,rock,rock,freshening,freshening,oxic,oxic,-0.8638265778800455,-0.14334997072143568,-0.25269485497769495,-0.05815649835181331,120.26999999999992,residual_weakly_aligned;gibbs_rock_support
NGW-025,Middle Voltaian sedimentary aquifer,Voltaian Supergroup,sandstone–shale interbeds,Northern Region,Tolon,False,0.0,EC13,pyrite_oxidation,redox,Ca;Mg;Na;K;HCO3;Cl;SO4;NO3;F,0.5,1.0,0.1739533861021531,rock,rock,freshening,freshening,oxic,oxic,-0.8638265778800455,-0.14334997072143568,-0.25269485497769495,-0.05815649835181331,120.26999999999992,
NGW-025,Middle Voltaian sedimentary aquifer,Voltaian Supergroup,sandstone–shale interbeds,Northern Region,Tolon,False,0.0,EC03,NO3src,anthropogenic,Ca;Mg;Na;K;HCO3;Cl;SO4;NO3;F,0.5,1.0,-0.12336955928599551,rock,rock,freshening,freshening,oxic,oxic,-0.8638265778800455,-0.14334997072143568,-0.25269485497769495,-0.05815649835181331,120.26999999999992,
NGW-025,Middle Voltaian sedimentary aquifer,Voltaian Supergroup,sandstone–shale interbeds,Northern Region,Tolon,True,0.14592518898569776,EC07,denit,redox,Ca;Mg;Na;K;HCO3;Cl;SO4;NO3;F,0.8,0.5488116360940264,0.4858427154570458,rock,rock,freshening,freshening,oxic,oxic,-0.8638265778800455,-0.14334997072143568,-0.25269485497769495,-0.05815649835181331,120.26999999999992,residual_weakly_aligned;denitrification_stoichiometry_support
NGW-025,Middle Voltaian sedimentary aquifer,Voltaian Supergroup,sandstone–shale interbeds,Northern Region,Tolon,True,0.16739294250370704,EC01,CaNa_exch,ion_exchange,Ca;Mg;Na;K;HCO3;Cl;SO4;NO3;F,0.72,0.6440364210831414,0.09731239100217363,rock,rock,freshening,freshening,oxic,oxic,-0.8638265778800455,-0.14334997072143568,-0.25269485497769495,-0.05815649835181331,120.26999999999992,cai_freshening_support
NGW-025,Middle Voltaian sedimentary aquifer,Voltaian Supergroup,sandstone–shale interbeds,Northern Region,Tolon,False,0.0,EC01,NaCa_exch,ion_exchange,Ca;Mg;Na;K;HCO3;Cl;SO4;NO3;F,0.28,1.552707218511336,-0.09731239100217363,rock,rock,freshening,freshening,oxic,oxic,-0.8638265778800455,-0.14334997072143568,-0.25269485497769495,-0.05815649835181331,120.26999999999992,cai_freshening_conflict
NGW-025,Middle Voltaian sedimentary aquifer,Voltaian Supergroup,sandstone–shale interbeds,Northern Region,Tolon,True,0.12299566886359169,EC02,MgNa_exch,ion_exchange,Ca;Mg;Na;K;HCO3;Cl;SO4;NO3;F,0.72,0.6440364210831414,-0.037531338819530156,rock,rock,freshening,freshening,oxic,oxic,-0.8638265778800455,-0.14334997072143568,-0.25269485497769495,-0.05815649835181331,120.26999999999992,cai_freshening_support
NGW-025,Middle Voltaian sedimentary aquifer,Voltaian Supergroup,sandstone–shale interbeds,Northern Region,Tolon,False,0.0,EC02,NaMg_exch,ion_exchange,Ca;Mg;Na;K;HCO3;Cl;SO4;NO3;F,0.28,1.552707218511336,0.037531338819530156,rock,rock,freshening,freshening,oxic,oxic,-0.8638265778800455,-0.14334997072143568,-0.25269485497769495,-0.05815649835181331,120.26999999999992,cai_freshening_conflict
NGW-026,Regolith/alluvial shallow aquifer,Quaternary regolith/alluvium,weathered regolith,Northern Region,Gushegu,False,0.0,EC05,calcite,carbonate,Ca;Mg;Na;K;HCO3;Cl;SO4;NO3;F,0.95,0.40656965974059917,0.6956541603827465,rock,rock,freshening,freshening,oxic,oxic,-0.17113302624725846,-0.324772244340225,-0.06250973492816599,-0.13180334079271308,150.83999999999997,residual_strongly_aligned;gibbs_rock_support;carbonate_alkalinity_support;undersaturated_dissolution_support
NGW-026,Regolith/alluvial shallow aquifer,Quaternary regolith/alluvium,weathered regolith,Northern Region,Gushegu,True,0.21233310529865876,EC08,dolomite,carbonate,Ca;Mg;Na;K;HCO3;Cl;SO4;NO3;F,0.95,0.40656965974059917,0.7118201953526169,rock,rock,freshening,freshening,oxic,oxic,-0.17113302624725846,-0.324772244340225,-0.06250973492816599,-0.13180334079271308,150.83999999999997,residual_strongly_aligned;gibbs_rock_support;carbonate_alkalinity_support;undersaturated_dissolution_support
NGW-026,Regolith/alluvial shallow aquifer,Quaternary regolith/alluvium,weathered regolith,Northern Region,Gushegu,True,0.20082837138803333,EC04,albite,silicate,Ca;Mg;Na;K;HCO3;Cl;SO4;NO3;F,0.8799999999999999,0.46766642700990935,0.8548403167862947,rock,rock,freshening,freshening,oxic,oxic,-0.17113302624725846,-0.324772244340225,-0.06250973492816599,-0.13180334079271308,150.83999999999997,residual_strongly_aligned;gibbs_rock_support;albite_na_alkalinity_support
NGW-026,Regolith/alluvial shallow aquifer,Quaternary regolith/alluvium,weathered regolith,Northern Region,Gushegu,False,0.0,EC05,anorthite,silicate,Ca;Mg;Na;K;HCO3;Cl;SO4;NO3;F,0.8799999999999999,0.46766642700990935,0.6956541603827465,rock,rock,freshening,freshening,oxic,oxic,-0.17113302624725846,-0.324772244340225,-0.06250973492816599,-0.13180334079271308,150.83999999999997,residual_strongly_aligned;gibbs_rock_support;carbonate_alkalinity_support
NGW-026,Regolith/alluvial shallow aquifer,Quaternary regolith/alluvium,weathered regolith,Northern Region,Gushegu,False,0.0299218107395762,EC12,k_feldspar,silicate,Ca;Mg;Na;K;HCO3;Cl;SO4;NO3;F,0.7799999999999999,0.571209063848815,0.47887262908007927,rock,rock,freshening,freshening,oxic,oxic,-0.17113302624725846,-0.324772244340225,-0.06250973492816599,-0.13180334079271308,150.83999999999997,residual_weakly_aligned;gibbs_rock_support;k_feldspar_k_alkalinity_support
NGW-026,Regolith/alluvial shallow aquifer,Quaternary regolith/alluvium,weathered regolith,Northern Region,Gushegu,True,0.11605929679934214,EC10,gypsum,evaporite,Ca;Mg;Na;K;HCO3;Cl;SO4;NO3;F,0.78,0.5712090638488149,0.24621519029486075,rock,rock,freshening,freshening,oxic,oxic,-0.17113302624725846,-0.324772244340225,-0.06250973492816599,-0.13180334079271308,150.83999999999997,gypsum_ca_so4_support;undersaturated_dissolution_support;salinity_increase_support
NGW-026,Regolith/alluvial shallow aquifer,Quaternary regolith/alluvium,weathered regolith,Northern Region,Gushegu,True,0.6498564713508591,EC11,halite,evaporite,Ca;Mg;Na;K;HCO3;Cl;SO4;NO3;F,0.95,0.40656965974059917,0.675798031766883,rock,rock,freshening,freshening,oxic,oxic,-0.17113302624725846,-0.324772244340225,-0.06250973492816599,-0.13180334079271308,150.83999999999997,residual_strongly_aligned;halite_na_cl_support;undersaturated_dissolution_support;salinity_increase_support
NGW-026,Regolith/alluvial shallow aquifer,Quaternary regolith/alluvium,weathered regolith,Northern Region,Gushegu,False,-0.0,EC09,fluorite,trace_mineral,Ca;Mg;Na;K;HCO3;Cl;SO4;NO3;F,0.6799999999999999,0.6976763260710311,0.1280135160079182,rock,rock,freshening,freshening,oxic,oxic,-0.17113302624725846,-0.324772244340225,-0.06250973492816599,-0.13180334079271308,150.83999999999997,gibbs_rock_support;fluorite_ca_f_support
NGW-026,Regolith/alluvial shallow aquifer,Quaternary regolith/alluvium,weathered regolith,Northern Region,Gushegu,False,0.029469353338472042,EC06,apatite,trace_mineral,Ca;Mg;Na;K;HCO3;Cl;SO4;NO3;F,0.6799999999999999,0.6976763260710311,0.27239723213498596,rock,rock,freshening,freshening,oxic,oxic,-0.17113302624725846,-0.324772244340225,-0.06250973492816599,-0.13180334079271308,150.83999999999997,residual_weakly_aligned;gibbs_rock_support
NGW-026,Regolith/alluvial shallow aquifer,Quaternary regolith/alluvium,weathered regolith,Northern Region,Gushegu,False,0.0,EC13,pyrite_oxidation,redox,Ca;Mg;Na;K;HCO3;Cl;SO4;NO3;F,0.5,1.0,0.07134856355754776,rock,rock,freshening,freshening,oxic,oxic,-0.17113302624725846,-0.324772244340225,-0.06250973492816599,-0.13180334079271308,150.83999999999997,
NGW-026,Regolith/alluvial shallow aquifer,Quaternary regolith/alluvium,weathered regolith,Northern Region,Gushegu,False,0.0,EC03,NO3src,anthropogenic,Ca;Mg;Na;K;HCO3;Cl;SO4;NO3;F,0.5,1.0,-0.0014392644051068868,rock,rock,freshening,freshening,oxic,oxic,-0.17113302624725846,-0.324772244340225,-0.06250973492816599,-0.13180334079271308,150.83999999999997,
NGW-026,Regolith/alluvial shallow aquifer,Quaternary regolith/alluvium,weathered regolith,Northern Region,Gushegu,False,0.0,EC07,denit,redox,Ca;Mg;Na;K;HCO3;Cl;SO4;NO3;F,0.8,0.5488116360940264,0.4530985476784593,rock,rock,freshening,freshening,oxic,oxic,-0.17113302624725846,-0.324772244340225,-0.06250973492816599,-0.13180334079271308,150.83999999999997,residual_weakly_aligned;denitrification_stoichiometry_support
NGW-026,Regolith/alluvial shallow aquifer,Quaternary regolith/alluvium,weathered regolith,Northern Region,Gushegu,False,0.0,EC01,CaNa_exch,ion_exchange,Ca;Mg;Na;K;HCO3;Cl;SO4;NO3;F,0.54,0.9231163463866358,-0.3856428143310777,rock,rock,freshening,freshening,oxic,oxic,-0.17113302624725846,-0.324772244340225,-0.06250973492816599,-0.13180334079271308,150.83999999999997,residual_opposed;cai_freshening_support
NGW-026,Regolith/alluvial shallow aquifer,Quaternary regolith/alluvium,weathered regolith,Northern Region,Gushegu,True,0.03568854778398911,EC01,NaCa_exch,ion_exchange,Ca;Mg;Na;K;HCO3;Cl;SO4;NO3;F,0.38,1.2712491503214047,0.3856428143310777,rock,rock,freshening,freshening,oxic,oxic,-0.17113302624725846,-0.324772244340225,-0.06250973492816599,-0.13180334079271308,150.83999999999997,residual_weakly_aligned;cai_freshening_conflict
NGW-026,Regolith/alluvial shallow aquifer,Quaternary regolith/alluvium,weathered regolith,Northern Region,Gushegu,False,0.0,EC02,MgNa_exch,ion_exchange,Ca;Mg;Na;K;HCO3;Cl;SO4;NO3;F,0.54,0.9231163463866358,-0.4263672740044076,rock,rock,freshening,freshening,oxic,oxic,-0.17113302624725846,-0.324772244340225,-0.06250973492816599,-0.13180334079271308,150.83999999999997,residual_opposed;cai_freshening_support
NGW-026,Regolith/alluvial shallow aquifer,Quaternary regolith/alluvium,weathered regolith,Northern Region,Gushegu,False,0.0,EC02,NaMg_exch,ion_exchange,Ca;Mg;Na;K;HCO3;Cl;SO4;NO3;F,0.38,1.2712491503214047,0.4263672740044076,rock,rock,freshening,freshening,oxic,oxic,-0.17113302624725846,-0.324772244340225,-0.06250973492816599,-0.13180334079271308,150.83999999999997,residual_weakly_aligned;cai_freshening_conflict
NGW-027,Middle Voltaian sedimentary aquifer,Voltaian Supergroup,mudstone–sandstone sequence,Northern Region,Savelugu,False,0.025265132889190235,EC05,calcite,carbonate,Ca;Mg;Na;K;HCO3;Cl;SO4;NO3;F,0.8799999999999999,0.46766642700990935,0.49461162432049044,rock,rock,freshening,freshening,oxic,oxic,-0.2961457760932599,-0.6750270238818779,-0.11641928044547076,-0.2724564653138981,160.33000000000015,residual_weakly_aligned;gibbs_rock_support;carbonate_alkalinity_support;undersaturated_dissolution_support
NGW-027,Middle Voltaian sedimentary aquifer,Voltaian Supergroup,mudstone–sandstone sequence,Northern Region,Savelugu,False,0.0,EC08,dolomite,carbonate,Ca;Mg;Na;K;HCO3;Cl;SO4;NO3;F,0.7799999999999999,0.571209063848815,0.48787594199321493,rock,rock,freshening,freshening,oxic,oxic,-0.2961457760932599,-0.6750270238818779,-0.11641928044547076,-0.2724564653138981,160.33000000000015,residual_weakly_aligned;gibbs_rock_support;undersaturated_dissolution_support
NGW-027,Middle Voltaian sedimentary aquifer,Voltaian Supergroup,mudstone–sandstone sequence,Northern Region,Savelugu,True,0.9297942977334653,EC04,albite,silicate,Ca;Mg;Na;K;HCO3;Cl;SO4;NO3;F,0.8799999999999999,0.46766642700990935,0.9090321456592502,rock,rock,freshening,freshening,oxic,oxic,-0.2961457760932599,-0.6750270238818779,-0.11641928044547076,-0.2724564653138981,160.33000000000015,residual_strongly_aligned;gibbs_rock_support;albite_na_alkalinity_support
NGW-027,Middle Voltaian sedimentary aquifer,Voltaian Supergroup,mudstone–sandstone sequence,Northern Region,Savelugu,False,0.025265132889190235,EC05,anorthite,silicate,Ca;Mg;Na;K;HCO3;Cl;SO4;NO3;F,0.7799999999999999,0.571209063848815,0.49461162432049044,rock,rock,freshening,freshening,oxic,oxic,-0.2961457760932599,-0.6750270238818779,-0.11641928044547076,-0.2724564653138981,160.33000000000015,residual_weakly_aligned;gibbs_rock_support;carbonate_alkalinity_support
NGW-027,Middle Voltaian sedimentary aquifer,Voltaian Supergroup,mudstone–sandstone sequence,Northern Region,Savelugu,False,-0.0,EC12,k_feldspar,silicate,Ca;Mg;Na;K;HCO3;Cl;SO4;NO3;F,0.6799999999999999,0.6976763260710311,0.3420799850290499,rock,rock,freshening,freshening,oxic,oxic,-0.2961457760932599,-0.6750270238818779,-0.11641928044547076,-0.2724564653138981,160.33000000000015,residual_weakly_aligned;gibbs_rock_support
NGW-027,Middle Voltaian sedimentary aquifer,Voltaian Supergroup,mudstone–sandstone sequence,Northern Region,Savelugu,True,0.19457935718989275,EC10,gypsum,evaporite,Ca;Mg;Na;K;HCO3;Cl;SO4;NO3;F,0.78,0.5712090638488149,0.1724696310523677,rock,rock,freshening,freshening,oxic,oxic,-0.2961457760932599,-0.6750270238818779,-0.11641928044547076,-0.2724564653138981,160.33000000000015,gypsum_ca_so4_support;undersaturated_dissolution_support;salinity_increase_support
NGW-027,Middle Voltaian sedimentary aquifer,Voltaian Supergroup,mudstone–sandstone sequence,Northern Region,Savelugu,True,0.6598613817157416,EC11,halite,evaporite,Ca;Mg;Na;K;HCO3;Cl;SO4;NO3;F,0.95,0.40656965974059917,0.7820867797046447,rock,rock,freshening,freshening,oxic,oxic,-0.2961457760932599,-0.6750270238818779,-0.11641928044547076,-0.2724564653138981,160.33000000000015,residual_strongly_aligned;halite_na_cl_support;undersaturated_dissolution_support;salinity_increase_support
NGW-027,Middle Voltaian sedimentary aquifer,Voltaian Supergroup,mudstone–sandstone sequence,Northern Region,Savelugu,False,0.0,EC09,fluorite,trace_mineral,Ca;Mg;Na;K;HCO3;Cl;SO4;NO3;F,0.6799999999999999,0.6976763260710311,0.05514664271728284,rock,rock,freshening,freshening,oxic,oxic,-0.2961457760932599,-0.6750270238818779,-0.11641928044547076,-0.2724564653138981,160.33000000000015,gibbs_rock_support;fluorite_ca_f_support
NGW-027,Middle Voltaian sedimentary aquifer,Voltaian Supergroup,mudstone–sandstone sequence,Northern Region,Savelugu,False,0.0,EC06,apatite,trace_mineral,Ca;Mg;Na;K;HCO3;Cl;SO4;NO3;F,0.58,0.8521437889662115,0.11702219192985883,rock,rock,freshening,freshening,oxic,oxic,-0.2961457760932599,-0.6750270238818779,-0.11641928044547076,-0.2724564653138981,160.33000000000015,gibbs_rock_support
NGW-027,Middle Voltaian sedimentary aquifer,Voltaian Supergroup,mudstone–sandstone sequence,Northern Region,Savelugu,False,0.02690976809309688,EC13,pyrite_oxidation,redox,Ca;Mg;Na;K;HCO3;Cl;SO4;NO3;F,0.5,1.0,0.1250105314983243,rock,rock,freshening,freshening,oxic,oxic,-0.2961457760932599,-0.6750270238818779,-0.11641928044547076,-0.2724564653138981,160.33000000000015,
NGW-027,Middle Voltaian sedimentary aquifer,Voltaian Supergroup,mudstone–sandstone sequence,Northern Region,Savelugu,False,0.0,EC03,NO3src,anthropogenic,Ca;Mg;Na;K;HCO3;Cl;SO4;NO3;F,0.5,1.0,-0.01036714913154324,rock,rock,freshening,freshening,oxic,oxic,-0.2961457760932599,-0.6750270238818779,-0.11641928044547076,-0.2724564653138981,160.33000000000015,
NGW-027,Middle Voltaian sedimentary aquifer,Voltaian Supergroup,mudstone–sandstone sequence,Northern Region,Savelugu,False,0.011407481398342967,EC07,denit,redox,Ca;Mg;Na;K;HCO3;Cl;SO4;NO3;F,0.8,0.5488116360940264,0.35631858570947295,rock,rock,freshening,freshening,oxic,oxic,-0.2961457760932599,-0.6750270238818779,-0.11641928044547076,-0.2724564653138981,160.33000000000015,residual_weakly_aligned;denitrification_stoichiometry_support
NGW-027,Middle Voltaian sedimentary aquifer,Voltaian Supergroup,mudstone–sandstone sequence,Northern Region,Savelugu,False,0.0,EC01,CaNa_exch,ion_exchange,Ca;Mg;Na;K;HCO3;Cl;SO4;NO3;F,0.54,0.9231163463866358,-0.6552331943167796,rock,rock,freshening,freshening,oxic,oxic,-0.2961457760932599,-0.6750270238818779,-0.11641928044547076,-0.2724564653138981,160.33000000000015,residual_opposed;cai_freshening_support
NGW-027,Middle Voltaian sedimentary aquifer,Voltaian Supergroup,mudstone–sandstone sequence,Northern Region,Savelugu,False,0.0,EC01,NaCa_exch,ion_exchange,Ca;Mg;Na;K;HCO3;Cl;SO4;NO3;F,0.48,1.0408107741923882,0.6552331943167796,rock,rock,freshening,freshening,oxic,oxic,-0.2961457760932599,-0.6750270238818779,-0.11641928044547076,-0.2724564653138981,160.33000000000015,residual_strongly_aligned;cai_freshening_conflict
NGW-027,Middle Voltaian sedimentary aquifer,Voltaian Supergroup,mudstone–sandstone sequence,Northern Region,Savelugu,False,0.0,EC02,MgNa_exch,ion_exchange,Ca;Mg;Na;K;HCO3;Cl;SO4;NO3;F,0.54,0.9231163463866358,-0.7187769275785122,rock,rock,freshening,freshening,oxic,oxic,-0.2961457760932599,-0.6750270238818779,-0.11641928044547076,-0.2724564653138981,160.33000000000015,residual_opposed;cai_freshening_support
NGW-027,Middle Voltaian sedimentary aquifer,Voltaian Supergroup,mudstone–sandstone sequence,Northern Region,Savelugu,True,0.04519125187475121,EC02,NaMg_exch,ion_exchange,Ca;Mg;Na;K;HCO3;Cl;SO4;NO3;F,0.48,1.0408107741923882,0.7187769275785122,rock,rock,freshening,freshening,oxic,oxic,-0.2961457760932599,-0.6750270238818779,-0.11641928044547076,-0.2724564653138981,160.33000000000015,residual_strongly_aligned;cai_freshening_conflict
NGW-028,Middle Voltaian sedimentary aquifer,Voltaian Supergroup,sandstone–shale interbeds,Northern Region,Nanumba North,False,0.0,EC05,calcite,carbonate,Ca;Mg;Na;K;HCO3;Cl;SO4;NO3;F,0.8799999999999999,0.46766642700990935,0.7525117471407341,rock,rock,freshening,freshening,oxic,oxic,-0.7335277365899932,-0.4218618782483082,-0.27641989137483114,-0.16572289953553135,108.72000000000003,residual_strongly_aligned;gibbs_rock_support;carbonate_alkalinity_support
NGW-028,Middle Voltaian sedimentary aquifer,Voltaian Supergroup,sandstone–shale interbeds,Northern Region,Nanumba North,True,0.16494668795228312,EC08,dolomite,carbonate,Ca;Mg;Na;K;HCO3;Cl;SO4;NO3;F,0.8799999999999999,0.46766642700990935,0.7925033033863655,rock,rock,freshening,freshening,oxic,oxic,-0.7335277365899932,-0.4218618782483082,-0.27641989137483114,-0.16572289953553135,108.72000000000003,residual_strongly_aligned;gibbs_rock_support;carbonate_alkalinity_support
NGW-028,Middle Voltaian sedimentary aquifer,Voltaian Supergroup,sandstone–shale interbeds,Northern Region,Nanumba North,False,0.0,EC04,albite,silicate,Ca;Mg;Na;K;HCO3;Cl;SO4;NO3;F,0.8799999999999999,0.46766642700990935,0.606854192733128,rock,rock,freshening,freshening,oxic,oxic,-0.7335277365899932,-0.4218618782483082,-0.27641989137483114,-0.16572289953553135,108.72000000000003,residual_strongly_aligned;gibbs_rock_support;albite_na_alkalinity_support
NGW-028,Middle Voltaian sedimentary aquifer,Voltaian Supergroup,sandstone–shale interbeds,Northern Region,Nanumba North,False,0.0,EC05,anorthite,silicate,Ca;Mg;Na;K;HCO3;Cl;SO4;NO3;F,0.8799999999999999,0.46766642700990935,0.7525117471407341,rock,rock,freshening,freshening,oxic,oxic,-0.7335277365899932,-0.4218618782483082,-0.27641989137483114,-0.16572289953553135,108.72000000000003,residual_strongly_aligned;gibbs_rock_support;carbonate_alkalinity_support
NGW-028,Middle Voltaian sedimentary aquifer,Voltaian Supergroup,sandstone–shale interbeds,Northern Region,Nanumba North,False,0.0,EC12,k_feldspar,silicate,Ca;Mg;Na;K;HCO3;Cl;SO4;NO3;F,0.7799999999999999,0.571209063848815,0.47988619925169573,rock,rock,freshening,freshening,oxic,oxic,-0.7335277365899932,-0.4218618782483082,-0.27641989137483114,-0.16572289953553135,108.72000000000003,residual_weakly_aligned;gibbs_rock_support;k_feldspar_k_alkalinity_support
NGW-028,Middle Voltaian sedimentary aquifer,Voltaian Supergroup,sandstone–shale interbeds,Northern Region,Nanumba North,True,0.21142364696700794,EC10,gypsum,evaporite,Ca;Mg;Na;K;HCO3;Cl;SO4;NO3;F,0.88,0.46766642700990924,0.41770395879547745,rock,rock,freshening,freshening,oxic,oxic,-0.7335277365899932,-0.4218618782483082,-0.27641989137483114,-0.16572289953553135,108.72000000000003,residual_weakly_aligned;gypsum_ca_so4_support;undersaturated_dissolution_support;salinity_increase_support
NGW-028,Middle Voltaian sedimentary aquifer,Voltaian Supergroup,sandstone–shale interbeds,Northern Region,Nanumba North,True,0.47036848353262434,EC11,halite,evaporite,Ca;Mg;Na;K;HCO3;Cl;SO4;NO3;F,0.9,0.44932896411722156,0.4575702903981941,rock,rock,freshening,freshening,oxic,oxic,-0.7335277365899932,-0.4218618782483082,-0.27641989137483114,-0.16572289953553135,108.72000000000003,residual_weakly_aligned;halite_na_cl_support;undersaturated_dissolution_support;salinity_increase_support
NGW-028,Middle Voltaian sedimentary aquifer,Voltaian Supergroup,sandstone–shale interbeds,Northern Region,Nanumba North,False,0.0,EC09,fluorite,trace_mineral,Ca;Mg;Na;K;HCO3;Cl;SO4;NO3;F,0.6799999999999999,0.6976763260710311,0.17592104452656582,rock,rock,freshening,freshening,oxic,oxic,-0.7335277365899932,-0.4218618782483082,-0.27641989137483114,-0.16572289953553135,108.72000000000003,gibbs_rock_support;fluorite_ca_f_support
NGW-028,Middle Voltaian sedimentary aquifer,Voltaian Supergroup,sandstone–shale interbeds,Northern Region,Nanumba North,False,0.003870163694210811,EC06,apatite,trace_mineral,Ca;Mg;Na;K;HCO3;Cl;SO4;NO3;F,0.6799999999999999,0.6976763260710311,0.3788427694212223,rock,rock,freshening,freshening,oxic,oxic,-0.7335277365899932,-0.4218618782483082,-0.27641989137483114,-0.16572289953553135,108.72000000000003,residual_weakly_aligned;gibbs_rock_support
NGW-028,Middle Voltaian sedimentary aquifer,Voltaian Supergroup,sandstone–shale interbeds,Northern Region,Nanumba North,False,0.0,EC13,pyrite_oxidation,redox,Ca;Mg;Na;K;HCO3;Cl;SO4;NO3;F,0.5,1.0,0.20515794430877213,rock,rock,freshening,freshening,oxic,oxic,-0.7335277365899932,-0.4218618782483082,-0.27641989137483114,-0.16572289953553135,108.72000000000003,
NGW-028,Middle Voltaian sedimentary aquifer,Voltaian Supergroup,sandstone–shale interbeds,Northern Region,Nanumba North,False,0.0,EC03,NO3src,anthropogenic,Ca;Mg;Na;K;HCO3;Cl;SO4;NO3;F,0.5,1.0,-0.0778895819269556,rock,rock,freshening,freshening,oxic,oxic,-0.7335277365899932,-0.4218618782483082,-0.27641989137483114,-0.16572289953553135,108.72000000000003,
NGW-028,Middle Voltaian sedimentary aquifer,Voltaian Supergroup,sandstone–shale interbeds,Northern Region,Nanumba North,True,0.047707811667810254,EC07,denit,redox,Ca;Mg;Na;K;HCO3;Cl;SO4;NO3;F,0.8,0.5488116360940264,0.513671330733464,rock,rock,freshening,freshening,oxic,oxic,-0.7335277365899932,-0.4218618782483082,-0.27641989137483114,-0.16572289953553135,108.72000000000003,residual_weakly_aligned;denitrification_stoichiometry_support
NGW-028,Middle Voltaian sedimentary aquifer,Voltaian Supergroup,sandstone–shale interbeds,Northern Region,Nanumba North,False,0.0,EC01,CaNa_exch,ion_exchange,Ca;Mg;Na;K;HCO3;Cl;SO4;NO3;F,0.72,0.6440364210831414,-0.015104835523060548,rock,rock,freshening,freshening,oxic,oxic,-0.7335277365899932,-0.4218618782483082,-0.27641989137483114,-0.16572289953553135,108.72000000000003,cai_freshening_support
NGW-028,Middle Voltaian sedimentary aquifer,Voltaian Supergroup,sandstone–shale interbeds,Northern Region,Nanumba North,False,0.0,EC01,NaCa_exch,ion_exchange,Ca;Mg;Na;K;HCO3;Cl;SO4;NO3;F,0.28,1.552707218511336,0.015104835523060548,rock,rock,freshening,freshening,oxic,oxic,-0.7335277365899932,-0.4218618782483082,-0.27641989137483114,-0.16572289953553135,108.72000000000003,cai_freshening_conflict
NGW-028,Middle Voltaian sedimentary aquifer,Voltaian Supergroup,sandstone–shale interbeds,Northern Region,Nanumba North,True,0.13767703080185378,EC02,MgNa_exch,ion_exchange,Ca;Mg;Na;K;HCO3;Cl;SO4;NO3;F,0.72,0.6440364210831414,-0.01645903465952065,rock,rock,freshening,freshening,oxic,oxic,-0.7335277365899932,-0.4218618782483082,-0.27641989137483114,-0.16572289953553135,108.72000000000003,cai_freshening_support
NGW-028,Middle Voltaian sedimentary aquifer,Voltaian Supergroup,sandstone–shale interbeds,Northern Region,Nanumba North,False,0.0,EC02,NaMg_exch,ion_exchange,Ca;Mg;Na;K;HCO3;Cl;SO4;NO3;F,0.28,1.552707218511336,0.01645903465952065,rock,rock,freshening,freshening,oxic,oxic,-0.7335277365899932,-0.4218618782483082,-0.27641989137483114,-0.16572289953553135,108.72000000000003,cai_freshening_conflict
NGW-029,Regolith/alluvial shallow aquifer,Quaternary regolith/alluvium,weathered regolith,Northern Region,Savelugu,False,0.0007077711348436831,EC05,calcite,carbonate,Ca;Mg;Na;K;HCO3;Cl;SO4;NO3;F,0.95,0.40656965974059917,0.7614143662736859,rock,rock,freshening,freshening,oxic,oxic,-0.26630932610365954,-0.15345368250459512,-0.12017012882150012,-0.06713168898366818,198.11000000000007,residual_strongly_aligned;gibbs_rock_support;carbonate_alkalinity_support;undersaturated_dissolution_support
NGW-029,Regolith/alluvial shallow aquifer,Quaternary regolith/alluvium,weathered regolith,Northern Region,Savelugu,True,0.3374332882385481,EC08,dolomite,carbonate,Ca;Mg;Na;K;HCO3;Cl;SO4;NO3;F,0.95,0.40656965974059917,0.7793158001675733,rock,rock,freshening,freshening,oxic,oxic,-0.26630932610365954,-0.15345368250459512,-0.12017012882150012,-0.06713168898366818,198.11000000000007,residual_strongly_aligned;gibbs_rock_support;carbonate_alkalinity_support;undersaturated_dissolution_support
NGW-029,Regolith/alluvial shallow aquifer,Quaternary regolith/alluvium,weathered regolith,Northern Region,Savelugu,False,0.0,EC04,albite,silicate,Ca;Mg;Na;K;HCO3;Cl;SO4;NO3;F,0.8799999999999999,0.46766642700990935,0.7918696746930319,rock,rock,freshening,freshening,oxic,oxic,-0.26630932610365954,-0.15345368250459512,-0.12017012882150012,-0.06713168898366818,198.11000000000007,residual_strongly_aligned;gibbs_rock_support;albite_na_alkalinity_support
NGW-029,Regolith/alluvial shallow aquifer,Quaternary regolith/alluvium,weathered regolith,Northern Region,Savelugu,False,0.0007077711348436831,EC05,anorthite,silicate,Ca;Mg;Na;K;HCO3;Cl;SO4;NO3;F,0.8799999999999999,0.46766642700990935,0.7614143662736859,rock,rock,freshening,freshening,oxic,oxic,-0.26630932610365954,-0.15345368250459512,-0.12017012882150012,-0.06713168898366818,198.11000000000007,residual_strongly_aligned;gibbs_rock_support;carbonate_alkalinity_support
NGW-029,Regolith/alluvial shallow aquifer,Quaternary regolith/alluvium,weathered regolith,Northern Region,Savelugu,False,0.007638461920793897,EC12,k_feldspar,silicate,Ca;Mg;Na;K;HCO3;Cl;SO4;NO3;F,0.7799999999999999,0.571209063848815,0.5060685022540083,rock,rock,freshening,freshening,oxic,oxic,-0.26630932610365954,-0.15345368250459512,-0.12017012882150012,-0.06713168898366818,198.11000000000007,residual_weakly_aligned;gibbs_rock_support;k_feldspar_k_alkalinity_support
NGW-029,Regolith/alluvial shallow aquifer,Quaternary regolith/alluvium,weathered regolith,Northern Region,Savelugu,True,0.21727486608939314,EC10,gypsum,evaporite,Ca;Mg;Na;K;HCO3;Cl;SO4;NO3;F,0.88,0.46766642700990924,0.29132506499562394,rock,rock,freshening,freshening,oxic,oxic,-0.26630932610365954,-0.15345368250459512,-0.12017012882150012,-0.06713168898366818,198.11000000000007,residual_weakly_aligned;gypsum_ca_so4_support;undersaturated_dissolution_support;salinity_increase_support
NGW-029,Regolith/alluvial shallow aquifer,Quaternary regolith/alluvium,weathered regolith,Northern Region,Savelugu,True,0.8070507682062387,EC11,halite,evaporite,Ca;Mg;Na;K;HCO3;Cl;SO4;NO3;F,0.95,0.40656965974059917,0.5982458738978498,rock,rock,freshening,freshening,oxic,oxic,-0.26630932610365954,-0.15345368250459512,-0.12017012882150012,-0.06713168898366818,198.11000000000007,residual_strongly_aligned;halite_na_cl_support;undersaturated_dissolution_support;salinity_increase_support
NGW-029,Regolith/alluvial shallow aquifer,Quaternary regolith/alluvium,weathered regolith,Northern Region,Savelugu,False,0.0,EC09,fluorite,trace_mineral,Ca;Mg;Na;K;HCO3;Cl;SO4;NO3;F,0.6799999999999999,0.6976763260710311,0.13367955442576127,rock,rock,freshening,freshening,oxic,oxic,-0.26630932610365954,-0.15345368250459512,-0.12017012882150012,-0.06713168898366818,198.11000000000007,gibbs_rock_support;fluorite_ca_f_support
NGW-029,Regolith/alluvial shallow aquifer,Quaternary regolith/alluvium,weathered regolith,Northern Region,Savelugu,False,0.0,EC06,apatite,trace_mineral,Ca;Mg;Na;K;HCO3;Cl;SO4;NO3;F,0.6799999999999999,0.6976763260710311,0.28739589180615566,rock,rock,freshening,freshening,oxic,oxic,-0.26630932610365954,-0.15345368250459512,-0.12017012882150012,-0.06713168898366818,198.11000000000007,residual_weakly_aligned;gibbs_rock_support
NGW-029,Regolith/alluvial shallow aquifer,Quaternary regolith/alluvium,weathered regolith,Northern Region,Savelugu,False,0.0,EC13,pyrite_oxidation,redox,Ca;Mg;Na;K;HCO3;Cl;SO4;NO3;F,0.5,1.0,0.11955608575446908,rock,rock,freshening,freshening,oxic,oxic,-0.26630932610365954,-0.15345368250459512,-0.12017012882150012,-0.06713168898366818,198.11000000000007,
NGW-029,Regolith/alluvial shallow aquifer,Quaternary regolith/alluvium,weathered regolith,Northern Region,Savelugu,True,0.14735624782953022,EC03,NO3src,anthropogenic,Ca;Mg;Na;K;HCO3;Cl;SO4;NO3;F,0.6799999999999999,0.6976763260710311,0.08607776259758479,rock,rock,freshening,freshening,oxic,oxic,-0.26630932610365954,-0.15345368250459512,-0.12017012882150012,-0.06713168898366818,198.11000000000007,nitrate_increase_support
NGW-029,Regolith/alluvial shallow aquifer,Quaternary regolith/alluvium,weathered regolith,Northern Region,Savelugu,False,0.0,EC07,denit,redox,Ca;Mg;Na;K;HCO3;Cl;SO4;NO3;F,0.43999999999999995,1.1274968515793757,0.4376916674942579,rock,rock,freshening,freshening,oxic,oxic,-0.26630932610365954,-0.15345368250459512,-0.12017012882150012,-0.06713168898366818,198.11000000000007,residual_weakly_aligned;denitrification_no3_conflict
NGW-029,Regolith/alluvial shallow aquifer,Quaternary regolith/alluvium,weathered regolith,Northern Region,Savelugu,False,0.0,EC01,CaNa_exch,ion_exchange,Ca;Mg;Na;K;HCO3;Cl;SO4;NO3;F,0.72,0.6440364210831414,-0.24023034654494496,rock,rock,freshening,freshening,oxic,oxic,-0.26630932610365954,-0.15345368250459512,-0.12017012882150012,-0.06713168898366818,198.11000000000007,cai_freshening_support
NGW-029,Regolith/alluvial shallow aquifer,Quaternary regolith/alluvium,weathered regolith,Northern Region,Savelugu,False,0.0,EC01,NaCa_exch,ion_exchange,Ca;Mg;Na;K;HCO3;Cl;SO4;NO3;F,0.28,1.552707218511336,0.24023034654494496,rock,rock,freshening,freshening,oxic,oxic,-0.26630932610365954,-0.15345368250459512,-0.12017012882150012,-0.06713168898366818,198.11000000000007,cai_freshening_conflict
NGW-029,Regolith/alluvial shallow aquifer,Quaternary regolith/alluvium,weathered regolith,Northern Region,Savelugu,False,0.0,EC02,MgNa_exch,ion_exchange,Ca;Mg;Na;K;HCO3;Cl;SO4;NO3;F,0.54,0.9231163463866358,-0.2844113120406197,rock,rock,freshening,freshening,oxic,oxic,-0.26630932610365954,-0.15345368250459512,-0.12017012882150012,-0.06713168898366818,198.11000000000007,residual_opposed;cai_freshening_support
NGW-029,Regolith/alluvial shallow aquifer,Quaternary regolith/alluvium,weathered regolith,Northern Region,Savelugu,False,0.0,EC02,NaMg_exch,ion_exchange,Ca;Mg;Na;K;HCO3;Cl;SO4;NO3;F,0.38,1.2712491503214047,0.2844113120406197,rock,rock,freshening,freshening,oxic,oxic,-0.26630932610365954,-0.15345368250459512,-0.12017012882150012,-0.06713168898366818,198.11000000000007,residual_weakly_aligned;cai_freshening_conflict
NGW-030,Birimian fractured basement aquifer,Birimian Supergroup,phyllite–schist fractured zone,Northern Region,Tamale,False,0.005679972038320167,EC05,calcite,carbonate,Ca;Mg;Na;K;HCO3;Cl;SO4;NO3;F,0.95,0.40656965974059917,0.5543374933488413,rock,rock,neutral,freshening,oxic,oxic,-0.08897791628948348,-0.33015421018906355,-0.0367354915280379,-0.15556179079840068,71.89999999999998,residual_strongly_aligned;gibbs_rock_support;carbonate_alkalinity_support;undersaturated_dissolution_support
NGW-030,Birimian fractured basement aquifer,Birimian Supergroup,phyllite–schist fractured zone,Northern Region,Tamale,True,0.041661674664873034,EC08,dolomite,carbonate,Ca;Mg;Na;K;HCO3;Cl;SO4;NO3;F,0.95,0.40656965974059917,0.5687149173787034,rock,rock,neutral,freshening,oxic,oxic,-0.08897791628948348,-0.33015421018906355,-0.0367354915280379,-0.15556179079840068,71.89999999999998,residual_strongly_aligned;gibbs_rock_support;carbonate_alkalinity_support;undersaturated_dissolution_support
NGW-030,Birimian fractured basement aquifer,Birimian Supergroup,phyllite–schist fractured zone,Northern Region,Tamale,True,0.3789624770594313,EC04,albite,silicate,Ca;Mg;Na;K;HCO3;Cl;SO4;NO3;F,0.8799999999999999,0.46766642700990935,0.8932932120059307,rock,rock,neutral,freshening,oxic,oxic,-0.08897791628948348,-0.33015421018906355,-0.0367354915280379,-0.15556179079840068,71.89999999999998,residual_strongly_aligned;gibbs_rock_support;albite_na_alkalinity_support
NGW-030,Birimian fractured basement aquifer,Birimian Supergroup,phyllite–schist fractured zone,Northern Region,Tamale,False,0.005679972038320167,EC05,anorthite,silicate,Ca;Mg;Na;K;HCO3;Cl;SO4;NO3;F,0.8799999999999999,0.46766642700990935,0.5543374933488413,rock,rock,neutral,freshening,oxic,oxic,-0.08897791628948348,-0.33015421018906355,-0.0367354915280379,-0.15556179079840068,71.89999999999998,residual_strongly_aligned;gibbs_rock_support;carbonate_alkalinity_support
NGW-030,Birimian fractured basement aquifer,Birimian Supergroup,phyllite–schist fractured zone,Northern Region,Tamale,True,0.03457914396028085,EC12,k_feldspar,silicate,Ca;Mg;Na;K;HCO3;Cl;SO4;NO3;F,0.7799999999999999,0.571209063848815,0.4279053255633495,rock,rock,neutral,freshening,oxic,oxic,-0.08897791628948348,-0.33015421018906355,-0.0367354915280379,-0.15556179079840068,71.89999999999998,residual_weakly_aligned;gibbs_rock_support;k_feldspar_k_alkalinity_support
NGW-030,Birimian fractured basement aquifer,Birimian Supergroup,phyllite–schist fractured zone,Northern Region,Tamale,False,0.0,EC10,gypsum,evaporite,Ca;Mg;Na;K;HCO3;Cl;SO4;NO3;F,0.54,0.9231163463866358,-0.02330325412300963,rock,rock,neutral,freshening,oxic,oxic,-0.08897791628948348,-0.33015421018906355,-0.0367354915280379,-0.15556179079840068,71.89999999999998,salinity_increase_support
NGW-030,Birimian fractured basement aquifer,Birimian Supergroup,phyllite–schist fractured zone,Northern Region,Tamale,True,0.37633549644725234,EC11,halite,evaporite,Ca;Mg;Na;K;HCO3;Cl;SO4;NO3;F,0.95,0.40656965974059917,0.7476759781446307,rock,rock,neutral,freshening,oxic,oxic,-0.08897791628948348,-0.33015421018906355,-0.0367354915280379,-0.15556179079840068,71.89999999999998,residual_strongly_aligned;halite_na_cl_support;undersaturated_dissolution_support;salinity_increase_support
NGW-030,Birimian fractured basement aquifer,Birimian Supergroup,phyllite–schist fractured zone,Northern Region,Tamale,False,0.0,EC09,fluorite,trace_mineral,Ca;Mg;Na;K;HCO3;Cl;SO4;NO3;F,0.6799999999999999,0.6976763260710311,0.06128457765065949,rock,rock,neutral,freshening,oxic,oxic,-0.08897791628948348,-0.33015421018906355,-0.0367354915280379,-0.15556179079840068,71.89999999999998,gibbs_rock_support;fluorite_ca_f_support
NGW-030,Birimian fractured basement aquifer,Birimian Supergroup,phyllite–schist fractured zone,Northern Region,Tamale,False,0.012122232599380509,EC06,apatite,trace_mineral,Ca;Mg;Na;K;HCO3;Cl;SO4;NO3;F,0.58,0.8521437889662115,0.12170961866107488,rock,rock,neutral,freshening,oxic,oxic,-0.08897791628948348,-0.33015421018906355,-0.0367354915280379,-0.15556179079840068,71.89999999999998,gibbs_rock_support
NGW-030,Birimian fractured basement aquifer,Birimian Supergroup,phyllite–schist fractured zone,Northern Region,Tamale,False,0.0,EC13,pyrite_oxidation,redox,Ca;Mg;Na;K;HCO3;Cl;SO4;NO3;F,0.5,1.0,-0.15564055130488427,rock,rock,neutral,freshening,oxic,oxic,-0.08897791628948348,-0.33015421018906355,-0.0367354915280379,-0.15556179079840068,71.89999999999998,
NGW-030,Birimian fractured basement aquifer,Birimian Supergroup,phyllite–schist fractured zone,Northern Region,Tamale,True,0.14398626862013555,EC03,NO3src,anthropogenic,Ca;Mg;Na;K;HCO3;Cl;SO4;NO3;F,0.6799999999999999,0.6976763260710311,0.1495111564941387,rock,rock,neutral,freshening,oxic,oxic,-0.08897791628948348,-0.33015421018906355,-0.0367354915280379,-0.15556179079840068,71.89999999999998,nitrate_increase_support
NGW-030,Birimian fractured basement aquifer,Birimian Supergroup,phyllite–schist fractured zone,Northern Region,Tamale,False,0.0,EC07,denit,redox,Ca;Mg;Na;K;HCO3;Cl;SO4;NO3;F,0.43999999999999995,1.1274968515793757,0.28914629766650257,rock,rock,neutral,freshening,oxic,oxic,-0.08897791628948348,-0.33015421018906355,-0.0367354915280379,-0.15556179079840068,71.89999999999998,residual_weakly_aligned;denitrification_no3_conflict
NGW-030,Birimian fractured basement aquifer,Birimian Supergroup,phyllite–schist fractured zone,Northern Region,Tamale,False,0.0,EC01,CaNa_exch,ion_exchange,Ca;Mg;Na;K;HCO3;Cl;SO4;NO3;F,0.54,0.9231163463866358,-0.5755989739737228,rock,rock,neutral,freshening,oxic,oxic,-0.08897791628948348,-0.33015421018906355,-0.0367354915280379,-0.15556179079840068,71.89999999999998,residual_opposed;cai_freshening_support
NGW-030,Birimian fractured basement aquifer,Birimian Supergroup,phyllite–schist fractured zone,Northern Region,Tamale,False,0.0,EC01,NaCa_exch,ion_exchange,Ca;Mg;Na;K;HCO3;Cl;SO4;NO3;F,0.48,1.0408107741923882,0.5755989739737228,rock,rock,neutral,freshening,oxic,oxic,-0.08897791628948348,-0.33015421018906355,-0.0367354915280379,-0.15556179079840068,71.89999999999998,residual_strongly_aligned;cai_freshening_conflict
NGW-030,Birimian fractured basement aquifer,Birimian Supergroup,phyllite–schist fractured zone,Northern Region,Tamale,False,0.0,EC02,MgNa_exch,ion_exchange,Ca;Mg;Na;K;HCO3;Cl;SO4;NO3;F,0.54,0.9231163463866358,-0.6052132737326981,rock,rock,neutral,freshening,oxic,oxic,-0.08897791628948348,-0.33015421018906355,-0.0367354915280379,-0.15556179079840068,71.89999999999998,residual_opposed;cai_freshening_support
NGW-030,Birimian fractured basement aquifer,Birimian Supergroup,phyllite–schist fractured zone,Northern Region,Tamale,False,0.0,EC02,NaMg_exch,ion_exchange,Ca;Mg;Na;K;HCO3;Cl;SO4;NO3;F,0.48,1.0408107741923882,0.6052132737326981,rock,rock,neutral,freshening,oxic,oxic,-0.08897791628948348,-0.33015421018906355,-0.0367354915280379,-0.15556179079840068,71.89999999999998,residual_strongly_aligned;cai_freshening_conflict
NGW-032,Regolith/alluvial shallow aquifer,Quaternary regolith/alluvium,weathered regolith,Northern Region,Gushegu,True,0.08927947721559167,EC05,calcite,carbonate,Ca;Mg;Na;K;HCO3;Cl;SO4;NO3;F,0.8799999999999999,0.46766642700990935,0.7471921052539998,rock,rock,freshening,freshening,oxic,oxic,-0.97569279277843,-0.504778011448182,-0.25875145055745735,-0.17728943657840382,180.78000000000003,residual_strongly_aligned;gibbs_rock_support;carbonate_alkalinity_support
NGW-032,Regolith/alluvial shallow aquifer,Quaternary regolith/alluvium,weathered regolith,Northern Region,Gushegu,True,0.2492807636562361,EC08,dolomite,carbonate,Ca;Mg;Na;K;HCO3;Cl;SO4;NO3;F,0.95,0.40656965974059917,0.7621119070027521,rock,rock,freshening,freshening,oxic,oxic,-0.97569279277843,-0.504778011448182,-0.25875145055745735,-0.17728943657840382,180.78000000000003,residual_strongly_aligned;gibbs_rock_support;carbonate_alkalinity_support;undersaturated_dissolution_support
NGW-032,Regolith/alluvial shallow aquifer,Quaternary regolith/alluvium,weathered regolith,Northern Region,Gushegu,False,0.0,EC04,albite,silicate,Ca;Mg;Na;K;HCO3;Cl;SO4;NO3;F,0.8799999999999999,0.46766642700990935,0.8187419825977975,rock,rock,freshening,freshening,oxic,oxic,-0.97569279277843,-0.504778011448182,-0.25875145055745735,-0.17728943657840382,180.78000000000003,residual_strongly_aligned;gibbs_rock_support;albite_na_alkalinity_support
NGW-032,Regolith/alluvial shallow aquifer,Quaternary regolith/alluvium,weathered regolith,Northern Region,Gushegu,True,0.08927947721559167,EC05,anorthite,silicate,Ca;Mg;Na;K;HCO3;Cl;SO4;NO3;F,0.8799999999999999,0.46766642700990935,0.7471921052539998,rock,rock,freshening,freshening,oxic,oxic,-0.97569279277843,-0.504778011448182,-0.25875145055745735,-0.17728943657840382,180.78000000000003,residual_strongly_aligned;gibbs_rock_support;carbonate_alkalinity_support
NGW-032,Regolith/alluvial shallow aquifer,Quaternary regolith/alluvium,weathered regolith,Northern Region,Gushegu,True,0.03160830820829754,EC12,k_feldspar,silicate,Ca;Mg;Na;K;HCO3;Cl;SO4;NO3;F,0.7799999999999999,0.571209063848815,0.5183781254481503,rock,rock,freshening,freshening,oxic,oxic,-0.97569279277843,-0.504778011448182,-0.25875145055745735,-0.17728943657840382,180.78000000000003,residual_weakly_aligned;gibbs_rock_support;k_feldspar_k_alkalinity_support
NGW-032,Regolith/alluvial shallow aquifer,Quaternary regolith/alluvium,weathered regolith,Northern Region,Gushegu,True,0.04161865427152231,EC10,gypsum,evaporite,Ca;Mg;Na;K;HCO3;Cl;SO4;NO3;F,0.78,0.5712090638488149,0.22823676122829342,rock,rock,freshening,freshening,oxic,oxic,-0.97569279277843,-0.504778011448182,-0.25875145055745735,-0.17728943657840382,180.78000000000003,gypsum_ca_so4_support;undersaturated_dissolution_support;salinity_increase_support
NGW-032,Regolith/alluvial shallow aquifer,Quaternary regolith/alluvium,weathered regolith,Northern Region,Gushegu,True,0.8705837395879553,EC11,halite,evaporite,Ca;Mg;Na;K;HCO3;Cl;SO4;NO3;F,0.95,0.40656965974059917,0.6374470382572124,rock,rock,freshening,freshening,oxic,oxic,-0.97569279277843,-0.504778011448182,-0.25875145055745735,-0.17728943657840382,180.78000000000003,residual_strongly_aligned;halite_na_cl_support;undersaturated_dissolution_support;salinity_increase_support
NGW-032,Regolith/alluvial shallow aquifer,Quaternary regolith/alluvium,weathered regolith,Northern Region,Gushegu,False,0.0075433395760687175,EC09,fluorite,trace_mineral,Ca;Mg;Na;K;HCO3;Cl;SO4;NO3;F,0.6799999999999999,0.6976763260710311,0.12508866610114014,rock,rock,freshening,freshening,oxic,oxic,-0.97569279277843,-0.504778011448182,-0.25875145055745735,-0.17728943657840382,180.78000000000003,gibbs_rock_support;fluorite_ca_f_support
NGW-032,Regolith/alluvial shallow aquifer,Quaternary regolith/alluvium,weathered regolith,Northern Region,Gushegu,False,0.0,EC06,apatite,trace_mineral,Ca;Mg;Na;K;HCO3;Cl;SO4;NO3;F,0.58,0.8521437889662115,0.2445967939017262,rock,rock,freshening,freshening,oxic,oxic,-0.97569279277843,-0.504778011448182,-0.25875145055745735,-0.17728943657840382,180.78000000000003,gibbs_rock_support
NGW-032,Regolith/alluvial shallow aquifer,Quaternary regolith/alluvium,weathered regolith,Northern Region,Gushegu,True,0.04472106251301618,EC13,pyrite_oxidation,redox,Ca;Mg;Na;K;HCO3;Cl;SO4;NO3;F,0.5,1.0,0.07669764654812393,rock,rock,freshening,freshening,oxic,oxic,-0.97569279277843,-0.504778011448182,-0.25875145055745735,-0.17728943657840382,180.78000000000003,
NGW-032,Regolith/alluvial shallow aquifer,Quaternary regolith/alluvium,weathered regolith,Northern Region,Gushegu,False,0.0,EC03,NO3src,anthropogenic,Ca;Mg;Na;K;HCO3;Cl;SO4;NO3;F,0.6799999999999999,0.6976763260710311,0.0013084374836961395,rock,rock,freshening,freshening,oxic,oxic,-0.97569279277843,-0.504778011448182,-0.25875145055745735,-0.17728943657840382,180.78000000000003,nitrate_increase_support
NGW-032,Regolith/alluvial shallow aquifer,Quaternary regolith/alluvium,weathered regolith,Northern Region,Gushegu,False,0.0,EC07,denit,redox,Ca;Mg;Na;K;HCO3;Cl;SO4;NO3;F,0.43999999999999995,1.1274968515793757,0.5027803529307127,rock,rock,freshening,freshening,oxic,oxic,-0.97569279277843,-0.504778011448182,-0.25875145055745735,-0.17728943657840382,180.78000000000003,residual_weakly_aligned;denitrification_no3_conflict
NGW-032,Regolith/alluvial shallow aquifer,Quaternary regolith/alluvium,weathered regolith,Northern Region,Gushegu,False,0.0,EC01,CaNa_exch,ion_exchange,Ca;Mg;Na;K;HCO3;Cl;SO4;NO3;F,0.54,0.9231163463866358,-0.28844368715039365,rock,rock,freshening,freshening,oxic,oxic,-0.97569279277843,-0.504778011448182,-0.25875145055745735,-0.17728943657840382,180.78000000000003,residual_opposed;cai_freshening_support
NGW-032,Regolith/alluvial shallow aquifer,Quaternary regolith/alluvium,weathered regolith,Northern Region,Gushegu,False,0.0,EC01,NaCa_exch,ion_exchange,Ca;Mg;Na;K;HCO3;Cl;SO4;NO3;F,0.38,1.2712491503214047,0.28844368715039365,rock,rock,freshening,freshening,oxic,oxic,-0.97569279277843,-0.504778011448182,-0.25875145055745735,-0.17728943657840382,180.78000000000003,residual_weakly_aligned;cai_freshening_conflict
NGW-032,Regolith/alluvial shallow aquifer,Quaternary regolith/alluvium,weathered regolith,Northern Region,Gushegu,False,0.0,EC02,MgNa_exch,ion_exchange,Ca;Mg;Na;K;HCO3;Cl;SO4;NO3;F,0.54,0.9231163463866358,-0.3368222228205186,rock,rock,freshening,freshening,oxic,oxic,-0.97569279277843,-0.504778011448182,-0.25875145055745735,-0.17728943657840382,180.78000000000003,residual_opposed;cai_freshening_support
NGW-032,Regolith/alluvial shallow aquifer,Quaternary regolith/alluvium,weathered regolith,Northern Region,Gushegu,False,0.0,EC02,NaMg_exch,ion_exchange,Ca;Mg;Na;K;HCO3;Cl;SO4;NO3;F,0.38,1.2712491503214047,0.3368222228205186,rock,rock,freshening,freshening,oxic,oxic,-0.97569279277843,-0.504778011448182,-0.25875145055745735,-0.17728943657840382,180.78000000000003,residual_weakly_aligned;cai_freshening_conflict
NGW-033,Birimian fractured basement aquifer,Birimian Supergroup,phyllite–schist fractured zone,Northern Region,Nanumba North,False,0.0,EC05,calcite,carbonate,Ca;Mg;Na;K;HCO3;Cl;SO4;NO3;F,0.8799999999999999,0.46766642700990935,0.3909600559605066,rock,rock,freshening,neutral,oxic,oxic,-0.3263534684306092,-0.09660652905985616,-0.07150550331472379,-0.05376571378355286,181.28999999999996,residual_weakly_aligned;gibbs_rock_support;carbonate_alkalinity_support;undersaturated_dissolution_support
NGW-033,Birimian fractured basement aquifer,Birimian Supergroup,phyllite–schist fractured zone,Northern Region,Nanumba North,True,0.21529217352931812,EC08,dolomite,carbonate,Ca;Mg;Na;K;HCO3;Cl;SO4;NO3;F,0.8799999999999999,0.46766642700990935,0.4120754315751427,rock,rock,freshening,neutral,oxic,oxic,-0.3263534684306092,-0.09660652905985616,-0.07150550331472379,-0.05376571378355286,181.28999999999996,residual_weakly_aligned;gibbs_rock_support;carbonate_alkalinity_support;undersaturated_dissolution_support
NGW-033,Birimian fractured basement aquifer,Birimian Supergroup,phyllite–schist fractured zone,Northern Region,Nanumba North,False,0.0,EC04,albite,silicate,Ca;Mg;Na;K;HCO3;Cl;SO4;NO3;F,0.8799999999999999,0.46766642700990935,0.7205201216316057,rock,rock,freshening,neutral,oxic,oxic,-0.3263534684306092,-0.09660652905985616,-0.07150550331472379,-0.05376571378355286,181.28999999999996,residual_strongly_aligned;gibbs_rock_support;albite_na_alkalinity_support
NGW-033,Birimian fractured basement aquifer,Birimian Supergroup,phyllite–schist fractured zone,Northern Region,Nanumba North,False,0.0,EC05,anorthite,silicate,Ca;Mg;Na;K;HCO3;Cl;SO4;NO3;F,0.7799999999999999,0.571209063848815,0.3909600559605066,rock,rock,freshening,neutral,oxic,oxic,-0.3263534684306092,-0.09660652905985616,-0.07150550331472379,-0.05376571378355286,181.28999999999996,residual_weakly_aligned;gibbs_rock_support;carbonate_alkalinity_support
NGW-033,Birimian fractured basement aquifer,Birimian Supergroup,phyllite–schist fractured zone,Northern Region,Nanumba North,True,0.04058460041971972,EC12,k_feldspar,silicate,Ca;Mg;Na;K;HCO3;Cl;SO4;NO3;F,0.7799999999999999,0.571209063848815,0.28782705076288534,rock,rock,freshening,neutral,oxic,oxic,-0.3263534684306092,-0.09660652905985616,-0.07150550331472379,-0.05376571378355286,181.28999999999996,residual_weakly_aligned;gibbs_rock_support;k_feldspar_k_alkalinity_support
NGW-033,Birimian fractured basement aquifer,Birimian Supergroup,phyllite–schist fractured zone,Northern Region,Nanumba North,False,0.02956644024695451,EC10,gypsum,evaporite,Ca;Mg;Na;K;HCO3;Cl;SO4;NO3;F,0.78,0.5712090638488149,0.12333574057552887,rock,rock,freshening,neutral,oxic,oxic,-0.3263534684306092,-0.09660652905985616,-0.07150550331472379,-0.05376571378355286,181.28999999999996,gypsum_ca_so4_support;undersaturated_dissolution_support;salinity_increase_support
NGW-033,Birimian fractured basement aquifer,Birimian Supergroup,phyllite–schist fractured zone,Northern Region,Nanumba North,True,1.5350384259147531,EC11,halite,evaporite,Ca;Mg;Na;K;HCO3;Cl;SO4;NO3;F,0.95,0.40656965974059917,0.9079713365121576,rock,rock,freshening,neutral,oxic,oxic,-0.3263534684306092,-0.09660652905985616,-0.07150550331472379,-0.05376571378355286,181.28999999999996,residual_strongly_aligned;halite_na_cl_support;undersaturated_dissolution_support;salinity_increase_support
NGW-033,Birimian fractured basement aquifer,Birimian Supergroup,phyllite–schist fractured zone,Northern Region,Nanumba North,False,0.00351186026843837,EC09,fluorite,trace_mineral,Ca;Mg;Na;K;HCO3;Cl;SO4;NO3;F,0.6799999999999999,0.6976763260710311,0.05658379900901277,rock,rock,freshening,neutral,oxic,oxic,-0.3263534684306092,-0.09660652905985616,-0.07150550331472379,-0.05376571378355286,181.28999999999996,gibbs_rock_support;fluorite_ca_f_support
NGW-033,Birimian fractured basement aquifer,Birimian Supergroup,phyllite–schist fractured zone,Northern Region,Nanumba North,False,0.0,EC06,apatite,trace_mineral,Ca;Mg;Na;K;HCO3;Cl;SO4;NO3;F,0.58,0.8521437889662115,0.10567619341492743,rock,rock,freshening,neutral,oxic,oxic,-0.3263534684306092,-0.09660652905985616,-0.07150550331472379,-0.05376571378355286,181.28999999999996,gibbs_rock_support
NGW-033,Birimian fractured basement aquifer,Birimian Supergroup,phyllite–schist fractured zone,Northern Region,Nanumba North,True,0.05835383447441148,EC13,pyrite_oxidation,redox,Ca;Mg;Na;K;HCO3;Cl;SO4;NO3;F,0.5,1.0,0.06873810774940893,rock,rock,freshening,neutral,oxic,oxic,-0.3263534684306092,-0.09660652905985616,-0.07150550331472379,-0.05376571378355286,181.28999999999996,
NGW-033,Birimian fractured basement aquifer,Birimian Supergroup,phyllite–schist fractured zone,Northern Region,Nanumba North,False,0.0,EC03,NO3src,anthropogenic,Ca;Mg;Na;K;HCO3;Cl;SO4;NO3;F,0.5,1.0,-0.012637943587414244,rock,rock,freshening,neutral,oxic,oxic,-0.3263534684306092,-0.09660652905985616,-0.07150550331472379,-0.05376571378355286,181.28999999999996,
NGW-033,Birimian fractured basement aquifer,Birimian Supergroup,phyllite–schist fractured zone,Northern Region,Nanumba North,False,0.016225561524390118,EC07,denit,redox,Ca;Mg;Na;K;HCO3;Cl;SO4;NO3;F,0.8,0.5488116360940264,0.2806521591264409,rock,rock,freshening,neutral,oxic,oxic,-0.3263534684306092,-0.09660652905985616,-0.07150550331472379,-0.05376571378355286,181.28999999999996,residual_weakly_aligned;denitrification_stoichiometry_support
NGW-033,Birimian fractured basement aquifer,Birimian Supergroup,phyllite–schist fractured zone,Northern Region,Nanumba North,False,0.0,EC01,CaNa_exch,ion_exchange,Ca;Mg;Na;K;HCO3;Cl;SO4;NO3;F,0.32,1.4333294145603401,-0.5204338177744655,rock,rock,freshening,neutral,oxic,oxic,-0.3263534684306092,-0.09660652905985616,-0.07150550331472379,-0.05376571378355286,181.28999999999996,residual_opposed
NGW-033,Birimian fractured basement aquifer,Birimian Supergroup,phyllite–schist fractured zone,Northern Region,Nanumba North,False,0.0,EC01,NaCa_exch,ion_exchange,Ca;Mg;Na;K;HCO3;Cl;SO4;NO3;F,0.6,0.8187307530779819,0.5204338177744655,rock,rock,freshening,neutral,oxic,oxic,-0.3263534684306092,-0.09660652905985616,-0.07150550331472379,-0.05376571378355286,181.28999999999996,residual_weakly_aligned
NGW-033,Birimian fractured basement aquifer,Birimian Supergroup,phyllite–schist fractured zone,Northern Region,Nanumba North,False,0.0,EC02,MgNa_exch,ion_exchange,Ca;Mg;Na;K;HCO3;Cl;SO4;NO3;F,0.32,1.4333294145603401,-0.5204957707508885,rock,rock,freshening,neutral,oxic,oxic,-0.3263534684306092,-0.09660652905985616,-0.07150550331472379,-0.05376571378355286,181.28999999999996,residual_opposed
NGW-033,Birimian fractured basement aquifer,Birimian Supergroup,phyllite–schist fractured zone,Northern Region,Nanumba North,False,0.0,EC02,NaMg_exch,ion_exchange,Ca;Mg;Na;K;HCO3;Cl;SO4;NO3;F,0.6,0.8187307530779819,0.5204957707508885,rock,rock,freshening,neutral,oxic,oxic,-0.3263534684306092,-0.09660652905985616,-0.07150550331472379,-0.05376571378355286,181.28999999999996,residual_weakly_aligned
NGW-034,Middle Voltaian sedimentary aquifer,Voltaian Supergroup,sandstone–shale interbeds,Northern Region,Karaga,False,0.0,EC05,calcite,carbonate,Ca;Mg;Na;K;HCO3;Cl;SO4;NO3;F,0.95,0.40656965974059917,0.6502066596170779,rock,rock,freshening,freshening,oxic,oxic,-1.1965169366161303,-0.5891179059259295,-0.2865673668896059,-0.22582374734075344,176.86000000000007,residual_strongly_aligned;gibbs_rock_support;carbonate_alkalinity_support;undersaturated_dissolution_support
NGW-034,Middle Voltaian sedimentary aquifer,Voltaian Supergroup,sandstone–shale interbeds,Northern Region,Karaga,True,0.2988555680920152,EC08,dolomite,carbonate,Ca;Mg;Na;K;HCO3;Cl;SO4;NO3;F,0.95,0.40656965974059917,0.6723837353233771,rock,rock,freshening,freshening,oxic,oxic,-1.1965169366161303,-0.5891179059259295,-0.2865673668896059,-0.22582374734075344,176.86000000000007,residual_strongly_aligned;gibbs_rock_support;carbonate_alkalinity_support;undersaturated_dissolution_support
NGW-034,Middle Voltaian sedimentary aquifer,Voltaian Supergroup,sandstone–shale interbeds,Northern Region,Karaga,False,0.0030856639052755713,EC04,albite,silicate,Ca;Mg;Na;K;HCO3;Cl;SO4;NO3;F,0.8799999999999999,0.46766642700990935,0.7967479586017278,rock,rock,freshening,freshening,oxic,oxic,-1.1965169366161303,-0.5891179059259295,-0.2865673668896059,-0.22582374734075344,176.86000000000007,residual_strongly_aligned;gibbs_rock_support;albite_na_alkalinity_support
NGW-034,Middle Voltaian sedimentary aquifer,Voltaian Supergroup,sandstone–shale interbeds,Northern Region,Karaga,False,0.0,EC05,anorthite,silicate,Ca;Mg;Na;K;HCO3;Cl;SO4;NO3;F,0.8799999999999999,0.46766642700990935,0.6502066596170779,rock,rock,freshening,freshening,oxic,oxic,-1.1965169366161303,-0.5891179059259295,-0.2865673668896059,-0.22582374734075344,176.86000000000007,residual_strongly_aligned;gibbs_rock_support;carbonate_alkalinity_support
NGW-034,Middle Voltaian sedimentary aquifer,Voltaian Supergroup,sandstone–shale interbeds,Northern Region,Karaga,False,0.01584861364214889,EC12,k_feldspar,silicate,Ca;Mg;Na;K;HCO3;Cl;SO4;NO3;F,0.7799999999999999,0.571209063848815,0.4429633280271661,rock,rock,freshening,freshening,oxic,oxic,-1.1965169366161303,-0.5891179059259295,-0.2865673668896059,-0.22582374734075344,176.86000000000007,residual_weakly_aligned;gibbs_rock_support;k_feldspar_k_alkalinity_support
NGW-034,Middle Voltaian sedimentary aquifer,Voltaian Supergroup,sandstone–shale interbeds,Northern Region,Karaga,True,0.09130068374490871,EC10,gypsum,evaporite,Ca;Mg;Na;K;HCO3;Cl;SO4;NO3;F,0.78,0.5712090638488149,0.2071184282597812,rock,rock,freshening,freshening,oxic,oxic,-1.1965169366161303,-0.5891179059259295,-0.2865673668896059,-0.22582374734075344,176.86000000000007,gypsum_ca_so4_support;undersaturated_dissolution_support;salinity_increase_support
NGW-034,Middle Voltaian sedimentary aquifer,Voltaian Supergroup,sandstone–shale interbeds,Northern Region,Karaga,True,1.0652298954377795,EC11,halite,evaporite,Ca;Mg;Na;K;HCO3;Cl;SO4;NO3;F,0.95,0.40656965974059917,0.7302769782476037,rock,rock,freshening,freshening,oxic,oxic,-1.1965169366161303,-0.5891179059259295,-0.2865673668896059,-0.22582374734075344,176.86000000000007,residual_strongly_aligned;halite_na_cl_support;undersaturated_dissolution_support;salinity_increase_support
NGW-034,Middle Voltaian sedimentary aquifer,Voltaian Supergroup,sandstone–shale interbeds,Northern Region,Karaga,False,-0.0,EC09,fluorite,trace_mineral,Ca;Mg;Na;K;HCO3;Cl;SO4;NO3;F,0.6799999999999999,0.6976763260710311,0.11235350163379865,rock,rock,freshening,freshening,oxic,oxic,-1.1965169366161303,-0.5891179059259295,-0.2865673668896059,-0.22582374734075344,176.86000000000007,gibbs_rock_support;fluorite_ca_f_support
NGW-034,Middle Voltaian sedimentary aquifer,Voltaian Supergroup,sandstone–shale interbeds,Northern Region,Karaga,False,0.02114126521886995,EC06,apatite,trace_mineral,Ca;Mg;Na;K;HCO3;Cl;SO4;NO3;F,0.58,0.8521437889662115,0.24281763717495908,rock,rock,freshening,freshening,oxic,oxic,-1.1965169366161303,-0.5891179059259295,-0.2865673668896059,-0.22582374734075344,176.86000000000007,gibbs_rock_support
NGW-034,Middle Voltaian sedimentary aquifer,Voltaian Supergroup,sandstone–shale interbeds,Northern Region,Karaga,False,0.0,EC13,pyrite_oxidation,redox,Ca;Mg;Na;K;HCO3;Cl;SO4;NO3;F,0.5,1.0,0.04568372656950248,rock,rock,freshening,freshening,oxic,oxic,-1.1965169366161303,-0.5891179059259295,-0.2865673668896059,-0.22582374734075344,176.86000000000007,
NGW-034,Middle Voltaian sedimentary aquifer,Voltaian Supergroup,sandstone–shale interbeds,Northern Region,Karaga,False,0.0,EC03,NO3src,anthropogenic,Ca;Mg;Na;K;HCO3;Cl;SO4;NO3;F,0.5,1.0,-0.04393706223575434,rock,rock,freshening,freshening,oxic,oxic,-1.1965169366161303,-0.5891179059259295,-0.2865673668896059,-0.22582374734075344,176.86000000000007,
NGW-034,Middle Voltaian sedimentary aquifer,Voltaian Supergroup,sandstone–shale interbeds,Northern Region,Karaga,True,0.059231374054872686,EC07,denit,redox,Ca;Mg;Na;K;HCO3;Cl;SO4;NO3;F,0.8,0.5488116360940264,0.45769411549595806,rock,rock,freshening,freshening,oxic,oxic,-1.1965169366161303,-0.5891179059259295,-0.2865673668896059,-0.22582374734075344,176.86000000000007,residual_weakly_aligned;denitrification_stoichiometry_support
NGW-034,Middle Voltaian sedimentary aquifer,Voltaian Supergroup,sandstone–shale interbeds,Northern Region,Karaga,False,0.0,EC01,CaNa_exch,ion_exchange,Ca;Mg;Na;K;HCO3;Cl;SO4;NO3;F,0.54,0.9231163463866358,-0.35760864849132384,rock,rock,freshening,freshening,oxic,oxic,-1.1965169366161303,-0.5891179059259295,-0.2865673668896059,-0.22582374734075344,176.86000000000007,residual_opposed;cai_freshening_support
NGW-034,Middle Voltaian sedimentary aquifer,Voltaian Supergroup,sandstone–shale interbeds,Northern Region,Karaga,False,0.0,EC01,NaCa_exch,ion_exchange,Ca;Mg;Na;K;HCO3;Cl;SO4;NO3;F,0.38,1.2712491503214047,0.35760864849132384,rock,rock,freshening,freshening,oxic,oxic,-1.1965169366161303,-0.5891179059259295,-0.2865673668896059,-0.22582374734075344,176.86000000000007,residual_weakly_aligned;cai_freshening_conflict
NGW-034,Middle Voltaian sedimentary aquifer,Voltaian Supergroup,sandstone–shale interbeds,Northern Region,Karaga,False,0.0,EC02,MgNa_exch,ion_exchange,Ca;Mg;Na;K;HCO3;Cl;SO4;NO3;F,0.54,0.9231163463866358,-0.38226352856126944,rock,rock,freshening,freshening,oxic,oxic,-1.1965169366161303,-0.5891179059259295,-0.2865673668896059,-0.22582374734075344,176.86000000000007,residual_opposed;cai_freshening_support
NGW-034,Middle Voltaian sedimentary aquifer,Voltaian Supergroup,sandstone–shale interbeds,Northern Region,Karaga,False,0.0,EC02,NaMg_exch,ion_exchange,Ca;Mg;Na;K;HCO3;Cl;SO4;NO3;F,0.38,1.2712491503214047,0.38226352856126944,rock,rock,freshening,freshening,oxic,oxic,-1.1965169366161303,-0.5891179059259295,-0.2865673668896059,-0.22582374734075344,176.86000000000007,residual_weakly_aligned;cai_freshening_conflict
NGW-035,Middle Voltaian sedimentary aquifer,Voltaian Supergroup,siltstone–shale unit,Northern Region,Yendi,True,0.08543546977963667,EC05,calcite,carbonate,Ca;Mg;Na;K;HCO3;Cl;SO4;NO3;F,0.95,0.40656965974059917,0.7214217508373517,rock,rock,freshening,freshening,oxic,oxic,-0.990974280400232,-0.22743614398172318,-0.33032825429624957,-0.09441228577892762,169.44,residual_strongly_aligned;gibbs_rock_support;carbonate_alkalinity_support;undersaturated_dissolution_support
NGW-035,Middle Voltaian sedimentary aquifer,Voltaian Supergroup,siltstone–shale unit,Northern Region,Yendi,True,0.19036371058545073,EC08,dolomite,carbonate,Ca;Mg;Na;K;HCO3;Cl;SO4;NO3;F,0.95,0.40656965974059917,0.7720721072547748,rock,rock,freshening,freshening,oxic,oxic,-0.990974280400232,-0.22743614398172318,-0.33032825429624957,-0.09441228577892762,169.44,residual_strongly_aligned;gibbs_rock_support;carbonate_alkalinity_support;undersaturated_dissolution_support
NGW-035,Middle Voltaian sedimentary aquifer,Voltaian Supergroup,siltstone–shale unit,Northern Region,Yendi,False,0.0,EC04,albite,silicate,Ca;Mg;Na;K;HCO3;Cl;SO4;NO3;F,0.8799999999999999,0.46766642700990935,0.6564039586976321,rock,rock,freshening,freshening,oxic,oxic,-0.990974280400232,-0.22743614398172318,-0.33032825429624957,-0.09441228577892762,169.44,residual_strongly_aligned;gibbs_rock_support;albite_na_alkalinity_support
NGW-035,Middle Voltaian sedimentary aquifer,Voltaian Supergroup,siltstone–shale unit,Northern Region,Yendi,True,0.08543546977963667,EC05,anorthite,silicate,Ca;Mg;Na;K;HCO3;Cl;SO4;NO3;F,0.8799999999999999,0.46766642700990935,0.7214217508373517,rock,rock,freshening,freshening,oxic,oxic,-0.990974280400232,-0.22743614398172318,-0.33032825429624957,-0.09441228577892762,169.44,residual_strongly_aligned;gibbs_rock_support;carbonate_alkalinity_support
NGW-035,Middle Voltaian sedimentary aquifer,Voltaian Supergroup,siltstone–shale unit,Northern Region,Yendi,False,0.012963648850349651,EC12,k_feldspar,silicate,Ca;Mg;Na;K;HCO3;Cl;SO4;NO3;F,0.7799999999999999,0.571209063848815,0.5043122463197052,rock,rock,freshening,freshening,oxic,oxic,-0.990974280400232,-0.22743614398172318,-0.33032825429624957,-0.09441228577892762,169.44,residual_weakly_aligned;gibbs_rock_support;k_feldspar_k_alkalinity_support
NGW-035,Middle Voltaian sedimentary aquifer,Voltaian Supergroup,siltstone–shale unit,Northern Region,Yendi,False,0.0,EC10,gypsum,evaporite,Ca;Mg;Na;K;HCO3;Cl;SO4;NO3;F,0.88,0.46766642700990924,0.272494315358651,rock,rock,freshening,freshening,oxic,oxic,-0.990974280400232,-0.22743614398172318,-0.33032825429624957,-0.09441228577892762,169.44,residual_weakly_aligned;gypsum_ca_so4_support;undersaturated_dissolution_support;salinity_increase_support
NGW-035,Middle Voltaian sedimentary aquifer,Voltaian Supergroup,siltstone–shale unit,Northern Region,Yendi,True,0.9215983500057028,EC11,halite,evaporite,Ca;Mg;Na;K;HCO3;Cl;SO4;NO3;F,0.95,0.40656965974059917,0.5540503505119443,rock,rock,freshening,freshening,oxic,oxic,-0.990974280400232,-0.22743614398172318,-0.33032825429624957,-0.09441228577892762,169.44,residual_strongly_aligned;halite_na_cl_support;undersaturated_dissolution_support;salinity_increase_support
NGW-035,Middle Voltaian sedimentary aquifer,Voltaian Supergroup,siltstone–shale unit,Northern Region,Yendi,False,0.0023550203661242427,EC09,fluorite,trace_mineral,Ca;Mg;Na;K;HCO3;Cl;SO4;NO3;F,0.6799999999999999,0.6976763260710311,0.10628174120717641,rock,rock,freshening,freshening,oxic,oxic,-0.990974280400232,-0.22743614398172318,-0.33032825429624957,-0.09441228577892762,169.44,gibbs_rock_support;fluorite_ca_f_support
NGW-035,Middle Voltaian sedimentary aquifer,Voltaian Supergroup,siltstone–shale unit,Northern Region,Yendi,False,0.0,EC06,apatite,trace_mineral,Ca;Mg;Na;K;HCO3;Cl;SO4;NO3;F,0.58,0.8521437889662115,0.2076424856031994,rock,rock,freshening,freshening,oxic,oxic,-0.990974280400232,-0.22743614398172318,-0.33032825429624957,-0.09441228577892762,169.44,gibbs_rock_support
NGW-035,Middle Voltaian sedimentary aquifer,Voltaian Supergroup,siltstone–shale unit,Northern Region,Yendi,True,0.144335096818893,EC13,pyrite_oxidation,redox,Ca;Mg;Na;K;HCO3;Cl;SO4;NO3;F,0.5,1.0,0.17648815936344672,rock,rock,freshening,freshening,oxic,oxic,-0.990974280400232,-0.22743614398172318,-0.33032825429624957,-0.09441228577892762,169.44,
NGW-035,Middle Voltaian sedimentary aquifer,Voltaian Supergroup,siltstone–shale unit,Northern Region,Yendi,False,0.0,EC03,NO3src,anthropogenic,Ca;Mg;Na;K;HCO3;Cl;SO4;NO3;F,0.5,1.0,-0.05832127842319456,rock,rock,freshening,freshening,oxic,oxic,-0.990974280400232,-0.22743614398172318,-0.33032825429624957,-0.09441228577892762,169.44,
NGW-035,Middle Voltaian sedimentary aquifer,Voltaian Supergroup,siltstone–shale unit,Northern Region,Yendi,True,0.09511520997955993,EC07,denit,redox,Ca;Mg;Na;K;HCO3;Cl;SO4;NO3;F,0.8,0.5488116360940264,0.5377241724818256,rock,rock,freshening,freshening,oxic,oxic,-0.990974280400232,-0.22743614398172318,-0.33032825429624957,-0.09441228577892762,169.44,residual_weakly_aligned;denitrification_stoichiometry_support
NGW-035,Middle Voltaian sedimentary aquifer,Voltaian Supergroup,siltstone–shale unit,Northern Region,Yendi,False,0.0,EC01,CaNa_exch,ion_exchange,Ca;Mg;Na;K;HCO3;Cl;SO4;NO3;F,0.72,0.6440364210831414,-0.10887087901689216,rock,rock,freshening,freshening,oxic,oxic,-0.990974280400232,-0.22743614398172318,-0.33032825429624957,-0.09441228577892762,169.44,cai_freshening_support
NGW-035,Middle Voltaian sedimentary aquifer,Voltaian Supergroup,siltstone–shale unit,Northern Region,Yendi,False,0.0,EC01,NaCa_exch,ion_exchange,Ca;Mg;Na;K;HCO3;Cl;SO4;NO3;F,0.28,1.552707218511336,0.10887087901689216,rock,rock,freshening,freshening,oxic,oxic,-0.990974280400232,-0.22743614398172318,-0.33032825429624957,-0.09441228577892762,169.44,cai_freshening_conflict
NGW-035,Middle Voltaian sedimentary aquifer,Voltaian Supergroup,siltstone–shale unit,Northern Region,Yendi,True,0.25226898436387735,EC02,MgNa_exch,ion_exchange,Ca;Mg;Na;K;HCO3;Cl;SO4;NO3;F,0.72,0.6440364210831414,-0.08681055460505616,rock,rock,freshening,freshening,oxic,oxic,-0.990974280400232,-0.22743614398172318,-0.33032825429624957,-0.09441228577892762,169.44,cai_freshening_support
NGW-035,Middle Voltaian sedimentary aquifer,Voltaian Supergroup,siltstone–shale unit,Northern Region,Yendi,False,0.0,EC02,NaMg_exch,ion_exchange,Ca;Mg;Na;K;HCO3;Cl;SO4;NO3;F,0.28,1.552707218511336,0.08681055460505616,rock,rock,freshening,freshening,oxic,oxic,-0.990974280400232,-0.22743614398172318,-0.33032825429624957,-0.09441228577892762,169.44,cai_freshening_conflict
NGW-036,Middle Voltaian sedimentary aquifer,Voltaian Supergroup,mudstone–sandstone sequence,Northern Region,Savelugu,False,0.0,EC05,calcite,carbonate,Ca;Mg;Na;K;HCO3;Cl;SO4;NO3;F,0.95,0.40656965974059917,0.6505754555927222,rock,rock,freshening,freshening,oxic,oxic,-0.7195281065918027,-0.3380847576143821,-0.2295793375011031,-0.14083802935378462,84.91000000000003,residual_strongly_aligned;gibbs_rock_support;carbonate_alkalinity_support;undersaturated_dissolution_support
NGW-036,Middle Voltaian sedimentary aquifer,Voltaian Supergroup,mudstone–sandstone sequence,Northern Region,Savelugu,True,0.14073864350552298,EC08,dolomite,carbonate,Ca;Mg;Na;K;HCO3;Cl;SO4;NO3;F,0.95,0.40656965974059917,0.7030783907723305,rock,rock,freshening,freshening,oxic,oxic,-0.7195281065918027,-0.3380847576143821,-0.2295793375011031,-0.14083802935378462,84.91000000000003,residual_strongly_aligned;gibbs_rock_support;carbonate_alkalinity_support;undersaturated_dissolution_support
NGW-036,Middle Voltaian sedimentary aquifer,Voltaian Supergroup,mudstone–sandstone sequence,Northern Region,Savelugu,False,0.0,EC04,albite,silicate,Ca;Mg;Na;K;HCO3;Cl;SO4;NO3;F,0.8799999999999999,0.46766642700990935,0.6455223840173533,rock,rock,freshening,freshening,oxic,oxic,-0.7195281065918027,-0.3380847576143821,-0.2295793375011031,-0.14083802935378462,84.91000000000003,residual_strongly_aligned;gibbs_rock_support;albite_na_alkalinity_support
NGW-036,Middle Voltaian sedimentary aquifer,Voltaian Supergroup,mudstone–sandstone sequence,Northern Region,Savelugu,False,0.0,EC05,anorthite,silicate,Ca;Mg;Na;K;HCO3;Cl;SO4;NO3;F,0.8799999999999999,0.46766642700990935,0.6505754555927222,rock,rock,freshening,freshening,oxic,oxic,-0.7195281065918027,-0.3380847576143821,-0.2295793375011031,-0.14083802935378462,84.91000000000003,residual_strongly_aligned;gibbs_rock_support;carbonate_alkalinity_support
NGW-036,Middle Voltaian sedimentary aquifer,Voltaian Supergroup,mudstone–sandstone sequence,Northern Region,Savelugu,True,0.03209747628743733,EC12,k_feldspar,silicate,Ca;Mg;Na;K;HCO3;Cl;SO4;NO3;F,0.7799999999999999,0.571209063848815,0.46632625579082576,rock,rock,freshening,freshening,oxic,oxic,-0.7195281065918027,-0.3380847576143821,-0.2295793375011031,-0.14083802935378462,84.91000000000003,residual_weakly_aligned;gibbs_rock_support;k_feldspar_k_alkalinity_support
NGW-036,Middle Voltaian sedimentary aquifer,Voltaian Supergroup,mudstone–sandstone sequence,Northern Region,Savelugu,False,0.0,EC10,gypsum,evaporite,Ca;Mg;Na;K;HCO3;Cl;SO4;NO3;F,0.64,0.7557837414557255,0.12631997240669304,rock,rock,freshening,freshening,oxic,oxic,-0.7195281065918027,-0.3380847576143821,-0.2295793375011031,-0.14083802935378462,84.91000000000003,undersaturated_dissolution_support;salinity_increase_support
NGW-036,Middle Voltaian sedimentary aquifer,Voltaian Supergroup,mudstone–sandstone sequence,Northern Region,Savelugu,True,0.5637330705094618,EC11,halite,evaporite,Ca;Mg;Na;K;HCO3;Cl;SO4;NO3;F,0.95,0.40656965974059917,0.6429545160548532,rock,rock,freshening,freshening,oxic,oxic,-0.7195281065918027,-0.3380847576143821,-0.2295793375011031,-0.14083802935378462,84.91000000000003,residual_strongly_aligned;halite_na_cl_support;undersaturated_dissolution_support;salinity_increase_support
NGW-036,Middle Voltaian sedimentary aquifer,Voltaian Supergroup,mudstone–sandstone sequence,Northern Region,Savelugu,False,0.0,EC09,fluorite,trace_mineral,Ca;Mg;Na;K;HCO3;Cl;SO4;NO3;F,0.6799999999999999,0.6976763260710311,0.11998496603896411,rock,rock,freshening,freshening,oxic,oxic,-0.7195281065918027,-0.3380847576143821,-0.2295793375011031,-0.14083802935378462,84.91000000000003,gibbs_rock_support;fluorite_ca_f_support
NGW-036,Middle Voltaian sedimentary aquifer,Voltaian Supergroup,mudstone–sandstone sequence,Northern Region,Savelugu,False,0.015517905443680279,EC06,apatite,trace_mineral,Ca;Mg;Na;K;HCO3;Cl;SO4;NO3;F,0.58,0.8521437889662115,0.2387805608760583,rock,rock,freshening,freshening,oxic,oxic,-0.7195281065918027,-0.3380847576143821,-0.2295793375011031,-0.14083802935378462,84.91000000000003,gibbs_rock_support
NGW-036,Middle Voltaian sedimentary aquifer,Voltaian Supergroup,mudstone–sandstone sequence,Northern Region,Savelugu,False,0.0,EC13,pyrite_oxidation,redox,Ca;Mg;Na;K;HCO3;Cl;SO4;NO3;F,0.5,1.0,-0.06211201942454564,rock,rock,freshening,freshening,oxic,oxic,-0.7195281065918027,-0.3380847576143821,-0.2295793375011031,-0.14083802935378462,84.91000000000003,
NGW-036,Middle Voltaian sedimentary aquifer,Voltaian Supergroup,mudstone–sandstone sequence,Northern Region,Savelugu,True,0.08140094044589087,EC03,NO3src,anthropogenic,Ca;Mg;Na;K;HCO3;Cl;SO4;NO3;F,0.6799999999999999,0.6976763260710311,0.10222993307986229,rock,rock,freshening,freshening,oxic,oxic,-0.7195281065918027,-0.3380847576143821,-0.2295793375011031,-0.14083802935378462,84.91000000000003,nitrate_increase_support
NGW-036,Middle Voltaian sedimentary aquifer,Voltaian Supergroup,mudstone–sandstone sequence,Northern Region,Savelugu,False,0.0,EC07,denit,redox,Ca;Mg;Na;K;HCO3;Cl;SO4;NO3;F,0.43999999999999995,1.1274968515793757,0.3569176771801753,rock,rock,freshening,freshening,oxic,oxic,-0.7195281065918027,-0.3380847576143821,-0.2295793375011031,-0.14083802935378462,84.91000000000003,residual_weakly_aligned;denitrification_no3_conflict
NGW-036,Middle Voltaian sedimentary aquifer,Voltaian Supergroup,mudstone–sandstone sequence,Northern Region,Savelugu,False,0.0,EC01,CaNa_exch,ion_exchange,Ca;Mg;Na;K;HCO3;Cl;SO4;NO3;F,0.72,0.6440364210831414,-0.1659529500539617,rock,rock,freshening,freshening,oxic,oxic,-0.7195281065918027,-0.3380847576143821,-0.2295793375011031,-0.14083802935378462,84.91000000000003,cai_freshening_support
NGW-036,Middle Voltaian sedimentary aquifer,Voltaian Supergroup,mudstone–sandstone sequence,Northern Region,Savelugu,False,0.0,EC01,NaCa_exch,ion_exchange,Ca;Mg;Na;K;HCO3;Cl;SO4;NO3;F,0.28,1.552707218511336,0.1659529500539617,rock,rock,freshening,freshening,oxic,oxic,-0.7195281065918027,-0.3380847576143821,-0.2295793375011031,-0.14083802935378462,84.91000000000003,cai_freshening_conflict
NGW-036,Middle Voltaian sedimentary aquifer,Voltaian Supergroup,mudstone–sandstone sequence,Northern Region,Savelugu,True,0.12868851960347436,EC02,MgNa_exch,ion_exchange,Ca;Mg;Na;K;HCO3;Cl;SO4;NO3;F,0.72,0.6440364210831414,-0.13310640814752175,rock,rock,freshening,freshening,oxic,oxic,-0.7195281065918027,-0.3380847576143821,-0.2295793375011031,-0.14083802935378462,84.91000000000003,cai_freshening_support
NGW-036,Middle Voltaian sedimentary aquifer,Voltaian Supergroup,mudstone–sandstone sequence,Northern Region,Savelugu,False,0.0,EC02,NaMg_exch,ion_exchange,Ca;Mg;Na;K;HCO3;Cl;SO4;NO3;F,0.28,1.552707218511336,0.13310640814752175,rock,rock,freshening,freshening,oxic,oxic,-0.7195281065918027,-0.3380847576143821,-0.2295793375011031,-0.14083802935378462,84.91000000000003,cai_freshening_conflict
NGW-037,Birimian fractured basement aquifer,Birimian Supergroup,greenstone belt fracture network,Northern Region,Savelugu,False,0.0,EC05,calcite,carbonate,Ca;Mg;Na;K;HCO3;Cl;SO4;NO3;F,0.7799999999999999,0.571209063848815,0.15387103830860172,rock,rock,freshening,neutral,oxic,oxic,-0.491682818481208,-0.10123881320500527,-0.1473186159166755,-0.039257233826919355,51.690000000000055,gibbs_rock_support;carbonate_alkalinity_support;undersaturated_dissolution_support
NGW-037,Birimian fractured basement aquifer,Birimian Supergroup,greenstone belt fracture network,Northern Region,Savelugu,False,0.0,EC08,dolomite,carbonate,Ca;Mg;Na;K;HCO3;Cl;SO4;NO3;F,0.7799999999999999,0.571209063848815,0.15623231433215506,rock,rock,freshening,neutral,oxic,oxic,-0.491682818481208,-0.10123881320500527,-0.1473186159166755,-0.039257233826919355,51.690000000000055,gibbs_rock_support;carbonate_alkalinity_support;undersaturated_dissolution_support
NGW-037,Birimian fractured basement aquifer,Birimian Supergroup,greenstone belt fracture network,Northern Region,Savelugu,False,-0.0,EC04,albite,silicate,Ca;Mg;Na;K;HCO3;Cl;SO4;NO3;F,0.6799999999999999,0.6976763260710311,0.09681614157883296,rock,rock,freshening,neutral,oxic,oxic,-0.491682818481208,-0.10123881320500527,-0.1473186159166755,-0.039257233826919355,51.690000000000055,gibbs_rock_support;albite_na_alkalinity_support
NGW-037,Birimian fractured basement aquifer,Birimian Supergroup,greenstone belt fracture network,Northern Region,Savelugu,False,0.0,EC05,anorthite,silicate,Ca;Mg;Na;K;HCO3;Cl;SO4;NO3;F,0.6799999999999999,0.6976763260710311,0.15387103830860172,rock,rock,freshening,neutral,oxic,oxic,-0.491682818481208,-0.10123881320500527,-0.1473186159166755,-0.039257233826919355,51.690000000000055,gibbs_rock_support;carbonate_alkalinity_support
NGW-037,Birimian fractured basement aquifer,Birimian Supergroup,greenstone belt fracture network,Northern Region,Savelugu,False,0.0,EC12,k_feldspar,silicate,Ca;Mg;Na;K;HCO3;Cl;SO4;NO3;F,0.6799999999999999,0.6976763260710311,0.030674764795177983,rock,rock,freshening,neutral,oxic,oxic,-0.491682818481208,-0.10123881320500527,-0.1473186159166755,-0.039257233826919355,51.690000000000055,gibbs_rock_support;k_feldspar_k_alkalinity_support
NGW-037,Birimian fractured basement aquifer,Birimian Supergroup,greenstone belt fracture network,Northern Region,Savelugu,True,0.1608254968301648,EC10,gypsum,evaporite,Ca;Mg;Na;K;HCO3;Cl;SO4;NO3;F,0.88,0.46766642700990924,0.46142996600241554,rock,rock,freshening,neutral,oxic,oxic,-0.491682818481208,-0.10123881320500527,-0.1473186159166755,-0.039257233826919355,51.690000000000055,residual_weakly_aligned;gypsum_ca_so4_support;undersaturated_dissolution_support;salinity_increase_support
NGW-037,Birimian fractured basement aquifer,Birimian Supergroup,greenstone belt fracture network,Northern Region,Savelugu,True,0.4615216941108442,EC11,halite,evaporite,Ca;Mg;Na;K;HCO3;Cl;SO4;NO3;F,0.95,0.40656965974059917,0.6711280741184494,rock,rock,freshening,neutral,oxic,oxic,-0.491682818481208,-0.10123881320500527,-0.1473186159166755,-0.039257233826919355,51.690000000000055,residual_strongly_aligned;halite_na_cl_support;undersaturated_dissolution_support;salinity_increase_support
NGW-037,Birimian fractured basement aquifer,Birimian Supergroup,greenstone belt fracture network,Northern Region,Savelugu,False,0.0,EC09,fluorite,trace_mineral,Ca;Mg;Na;K;HCO3;Cl;SO4;NO3;F,0.6799999999999999,0.6976763260710311,0.1551637646001671,rock,rock,freshening,neutral,oxic,oxic,-0.491682818481208,-0.10123881320500527,-0.1473186159166755,-0.039257233826919355,51.690000000000055,gibbs_rock_support;fluorite_ca_f_support
NGW-037,Birimian fractured basement aquifer,Birimian Supergroup,greenstone belt fracture network,Northern Region,Savelugu,False,0.0,EC06,apatite,trace_mineral,Ca;Mg;Na;K;HCO3;Cl;SO4;NO3;F,0.6799999999999999,0.6976763260710311,0.30862190112677945,rock,rock,freshening,neutral,oxic,oxic,-0.491682818481208,-0.10123881320500527,-0.1473186159166755,-0.039257233826919355,51.690000000000055,residual_weakly_aligned;gibbs_rock_support
NGW-037,Birimian fractured basement aquifer,Birimian Supergroup,greenstone belt fracture network,Northern Region,Savelugu,False,0.0150224757907695,EC13,pyrite_oxidation,redox,Ca;Mg;Na;K;HCO3;Cl;SO4;NO3;F,0.6,0.8187307530779819,0.34140701966771075,rock,rock,freshening,neutral,oxic,oxic,-0.491682818481208,-0.10123881320500527,-0.1473186159166755,-0.039257233826919355,51.690000000000055,residual_weakly_aligned
NGW-037,Birimian fractured basement aquifer,Birimian Supergroup,greenstone belt fracture network,Northern Region,Savelugu,False,0.0,EC03,NO3src,anthropogenic,Ca;Mg;Na;K;HCO3;Cl;SO4;NO3;F,0.5,1.0,-0.049104561705544926,rock,rock,freshening,neutral,oxic,oxic,-0.491682818481208,-0.10123881320500527,-0.1473186159166755,-0.039257233826919355,51.690000000000055,
NGW-037,Birimian fractured basement aquifer,Birimian Supergroup,greenstone belt fracture network,Northern Region,Savelugu,False,0.006211062800658862,EC07,denit,redox,Ca;Mg;Na;K;HCO3;Cl;SO4;NO3;F,0.7,0.6703200460356393,0.04635853169139097,rock,rock,freshening,neutral,oxic,oxic,-0.491682818481208,-0.10123881320500527,-0.1473186159166755,-0.039257233826919355,51.690000000000055,denitrification_stoichiometry_support
NGW-037,Birimian fractured basement aquifer,Birimian Supergroup,greenstone belt fracture network,Northern Region,Savelugu,False,0.02160748893722742,EC01,CaNa_exch,ion_exchange,Ca;Mg;Na;K;HCO3;Cl;SO4;NO3;F,0.5,1.0,0.03140722964522476,rock,rock,freshening,neutral,oxic,oxic,-0.491682818481208,-0.10123881320500527,-0.1473186159166755,-0.039257233826919355,51.690000000000055,
NGW-037,Birimian fractured basement aquifer,Birimian Supergroup,greenstone belt fracture network,Northern Region,Savelugu,False,0.0,EC01,NaCa_exch,ion_exchange,Ca;Mg;Na;K;HCO3;Cl;SO4;NO3;F,0.5,1.0,-0.03140722964522476,rock,rock,freshening,neutral,oxic,oxic,-0.491682818481208,-0.10123881320500527,-0.1473186159166755,-0.039257233826919355,51.690000000000055,
NGW-037,Birimian fractured basement aquifer,Birimian Supergroup,greenstone belt fracture network,Northern Region,Savelugu,True,0.163195590995779,EC02,MgNa_exch,ion_exchange,Ca;Mg;Na;K;HCO3;Cl;SO4;NO3;F,0.5,1.0,0.02009512747340806,rock,rock,freshening,neutral,oxic,oxic,-0.491682818481208,-0.10123881320500527,-0.1473186159166755,-0.039257233826919355,51.690000000000055,
NGW-037,Birimian fractured basement aquifer,Birimian Supergroup,greenstone belt fracture network,Northern Region,Savelugu,False,0.0,EC02,NaMg_exch,ion_exchange,Ca;Mg;Na;K;HCO3;Cl;SO4;NO3;F,0.5,1.0,-0.02009512747340806,rock,rock,freshening,neutral,oxic,oxic,-0.491682818481208,-0.10123881320500527,-0.1473186159166755,-0.039257233826919355,51.690000000000055,
NGW-038,Birimian fractured basement aquifer,Birimian Supergroup,greenstone belt fracture network,Northern Region,Tolon,False,0.0,EC05,calcite,carbonate,Ca;Mg;Na;K;HCO3;Cl;SO4;NO3;F,0.95,0.40656965974059917,0.7682155938132037,rock,rock,neutral,freshening,oxic,oxic,-0.07190586492466218,-0.19239338284291926,-0.033081016911778345,-0.06710266093937993,121.85000000000008,residual_strongly_aligned;gibbs_rock_support;carbonate_alkalinity_support;undersaturated_dissolution_support
NGW-038,Birimian fractured basement aquifer,Birimian Supergroup,greenstone belt fracture network,Northern Region,Tolon,True,0.14431975785691697,EC08,dolomite,carbonate,Ca;Mg;Na;K;HCO3;Cl;SO4;NO3;F,0.95,0.40656965974059917,0.7972296304505584,rock,rock,neutral,freshening,oxic,oxic,-0.07190586492466218,-0.19239338284291926,-0.033081016911778345,-0.06710266093937993,121.85000000000008,residual_strongly_aligned;gibbs_rock_support;carbonate_alkalinity_support;undersaturated_dissolution_support
NGW-038,Birimian fractured basement aquifer,Birimian Supergroup,greenstone belt fracture network,Northern Region,Tolon,True,0.15285483220245774,EC04,albite,silicate,Ca;Mg;Na;K;HCO3;Cl;SO4;NO3;F,0.8799999999999999,0.46766642700990935,0.7996787834579756,rock,rock,neutral,freshening,oxic,oxic,-0.07190586492466218,-0.19239338284291926,-0.033081016911778345,-0.06710266093937993,121.85000000000008,residual_strongly_aligned;gibbs_rock_support;albite_na_alkalinity_support
NGW-038,Birimian fractured basement aquifer,Birimian Supergroup,greenstone belt fracture network,Northern Region,Tolon,False,0.0,EC05,anorthite,silicate,Ca;Mg;Na;K;HCO3;Cl;SO4;NO3;F,0.8799999999999999,0.46766642700990935,0.7682155938132037,rock,rock,neutral,freshening,oxic,oxic,-0.07190586492466218,-0.19239338284291926,-0.033081016911778345,-0.06710266093937993,121.85000000000008,residual_strongly_aligned;gibbs_rock_support;carbonate_alkalinity_support
NGW-038,Birimian fractured basement aquifer,Birimian Supergroup,greenstone belt fracture network,Northern Region,Tolon,False,0.0068235427818683254,EC12,k_feldspar,silicate,Ca;Mg;Na;K;HCO3;Cl;SO4;NO3;F,0.7799999999999999,0.571209063848815,0.5368972125967496,rock,rock,neutral,freshening,oxic,oxic,-0.07190586492466218,-0.19239338284291926,-0.033081016911778345,-0.06710266093937993,121.85000000000008,residual_weakly_aligned;gibbs_rock_support;k_feldspar_k_alkalinity_support
NGW-038,Birimian fractured basement aquifer,Birimian Supergroup,greenstone belt fracture network,Northern Region,Tolon,True,0.1048146747901409,EC10,gypsum,evaporite,Ca;Mg;Na;K;HCO3;Cl;SO4;NO3;F,0.88,0.46766642700990924,0.35351663228871555,rock,rock,neutral,freshening,oxic,oxic,-0.07190586492466218,-0.19239338284291926,-0.033081016911778345,-0.06710266093937993,121.85000000000008,residual_weakly_aligned;gypsum_ca_so4_support;undersaturated_dissolution_support;salinity_increase_support
NGW-038,Birimian fractured basement aquifer,Birimian Supergroup,greenstone belt fracture network,Northern Region,Tolon,True,0.23029060311977234,EC11,halite,evaporite,Ca;Mg;Na;K;HCO3;Cl;SO4;NO3;F,0.9,0.44932896411722156,0.4477886865484033,rock,rock,neutral,freshening,oxic,oxic,-0.07190586492466218,-0.19239338284291926,-0.033081016911778345,-0.06710266093937993,121.85000000000008,residual_weakly_aligned;halite_na_cl_support;undersaturated_dissolution_support;salinity_increase_support
NGW-038,Birimian fractured basement aquifer,Birimian Supergroup,greenstone belt fracture network,Northern Region,Tolon,False,0.0,EC09,fluorite,trace_mineral,Ca;Mg;Na;K;HCO3;Cl;SO4;NO3;F,0.58,0.8521437889662115,0.11200352041660808,rock,rock,neutral,freshening,oxic,oxic,-0.07190586492466218,-0.19239338284291926,-0.033081016911778345,-0.06710266093937993,121.85000000000008,gibbs_rock_support
NGW-038,Birimian fractured basement aquifer,Birimian Supergroup,greenstone belt fracture network,Northern Region,Tolon,False,0.0,EC06,apatite,trace_mineral,Ca;Mg;Na;K;HCO3;Cl;SO4;NO3;F,0.58,0.8521437889662115,0.2483257698979481,rock,rock,neutral,freshening,oxic,oxic,-0.07190586492466218,-0.19239338284291926,-0.033081016911778345,-0.06710266093937993,121.85000000000008,gibbs_rock_support
NGW-038,Birimian fractured basement aquifer,Birimian Supergroup,greenstone belt fracture network,Northern Region,Tolon,True,0.06261367354022812,EC13,pyrite_oxidation,redox,Ca;Mg;Na;K;HCO3;Cl;SO4;NO3;F,0.5,1.0,0.24639374840667985,rock,rock,neutral,freshening,oxic,oxic,-0.07190586492466218,-0.19239338284291926,-0.033081016911778345,-0.06710266093937993,121.85000000000008,
NGW-038,Birimian fractured basement aquifer,Birimian Supergroup,greenstone belt fracture network,Northern Region,Tolon,True,0.27365023058160776,EC03,NO3src,anthropogenic,Ca;Mg;Na;K;HCO3;Cl;SO4;NO3;F,0.78,0.5712090638488149,0.2900192491471642,rock,rock,neutral,freshening,oxic,oxic,-0.07190586492466218,-0.19239338284291926,-0.033081016911778345,-0.06710266093937993,121.85000000000008,residual_weakly_aligned;nitrate_increase_support
NGW-038,Birimian fractured basement aquifer,Birimian Supergroup,greenstone belt fracture network,Northern Region,Tolon,False,0.0,EC07,denit,redox,Ca;Mg;Na;K;HCO3;Cl;SO4;NO3;F,0.43999999999999995,1.1274968515793757,0.31260820390633937,rock,rock,neutral,freshening,oxic,oxic,-0.07190586492466218,-0.19239338284291926,-0.033081016911778345,-0.06710266093937993,121.85000000000008,residual_weakly_aligned;denitrification_no3_conflict
NGW-038,Birimian fractured basement aquifer,Birimian Supergroup,greenstone belt fracture network,Northern Region,Tolon,False,0.0,EC01,CaNa_exch,ion_exchange,Ca;Mg;Na;K;HCO3;Cl;SO4;NO3;F,0.72,0.6440364210831414,-0.24330694708270942,rock,rock,neutral,freshening,oxic,oxic,-0.07190586492466218,-0.19239338284291926,-0.033081016911778345,-0.06710266093937993,121.85000000000008,cai_freshening_support
NGW-038,Birimian fractured basement aquifer,Birimian Supergroup,greenstone belt fracture network,Northern Region,Tolon,False,0.0,EC01,NaCa_exch,ion_exchange,Ca;Mg;Na;K;HCO3;Cl;SO4;NO3;F,0.28,1.552707218511336,0.24330694708270942,rock,rock,neutral,freshening,oxic,oxic,-0.07190586492466218,-0.19239338284291926,-0.033081016911778345,-0.06710266093937993,121.85000000000008,cai_freshening_conflict
NGW-038,Birimian fractured basement aquifer,Birimian Supergroup,greenstone belt fracture network,Northern Region,Tolon,False,0.0,EC02,MgNa_exch,ion_exchange,Ca;Mg;Na;K;HCO3;Cl;SO4;NO3;F,0.54,0.9231163463866358,-0.26710126447026106,rock,rock,neutral,freshening,oxic,oxic,-0.07190586492466218,-0.19239338284291926,-0.033081016911778345,-0.06710266093937993,121.85000000000008,residual_opposed;cai_freshening_support
NGW-038,Birimian fractured basement aquifer,Birimian Supergroup,greenstone belt fracture network,Northern Region,Tolon,False,0.0,EC02,NaMg_exch,ion_exchange,Ca;Mg;Na;K;HCO3;Cl;SO4;NO3;F,0.38,1.2712491503214047,0.26710126447026106,rock,rock,neutral,freshening,oxic,oxic,-0.07190586492466218,-0.19239338284291926,-0.033081016911778345,-0.06710266093937993,121.85000000000008,residual_weakly_aligned;cai_freshening_conflict
NGW-039,Regolith/alluvial shallow aquifer,Quaternary regolith/alluvium,valley alluvium,Northern Region,Savelugu,True,0.10540615773697275,EC05,calcite,carbonate,Ca;Mg;Na;K;HCO3;Cl;SO4;NO3;F,0.95,0.40656965974059917,0.6536461317434151,rock,rock,neutral,neutral,oxic,oxic,0.03751975872329972,-0.06233949956171319,0.022190117204208624,-0.038291987780843986,165.83999999999997,residual_strongly_aligned;gibbs_rock_support;carbonate_alkalinity_support;undersaturated_dissolution_support
NGW-039,Regolith/alluvial shallow aquifer,Quaternary regolith/alluvium,valley alluvium,Northern Region,Savelugu,True,0.09271284359915562,EC08,dolomite,carbonate,Ca;Mg;Na;K;HCO3;Cl;SO4;NO3;F,0.8799999999999999,0.46766642700990935,0.6162501962930585,rock,rock,neutral,neutral,oxic,oxic,0.03751975872329972,-0.06233949956171319,0.022190117204208624,-0.038291987780843986,165.83999999999997,residual_strongly_aligned;gibbs_rock_support;carbonate_alkalinity_support
NGW-039,Regolith/alluvial shallow aquifer,Quaternary regolith/alluvium,valley alluvium,Northern Region,Savelugu,True,0.13532034268637996,EC04,albite,silicate,Ca;Mg;Na;K;HCO3;Cl;SO4;NO3;F,0.8799999999999999,0.46766642700990935,0.7815974908400649,rock,rock,neutral,neutral,oxic,oxic,0.03751975872329972,-0.06233949956171319,0.022190117204208624,-0.038291987780843986,165.83999999999997,residual_strongly_aligned;gibbs_rock_support;albite_na_alkalinity_support
NGW-039,Regolith/alluvial shallow aquifer,Quaternary regolith/alluvium,valley alluvium,Northern Region,Savelugu,True,0.10540615773697275,EC05,anorthite,silicate,Ca;Mg;Na;K;HCO3;Cl;SO4;NO3;F,0.8799999999999999,0.46766642700990935,0.6536461317434151,rock,rock,neutral,neutral,oxic,oxic,0.03751975872329972,-0.06233949956171319,0.022190117204208624,-0.038291987780843986,165.83999999999997,residual_strongly_aligned;gibbs_rock_support;carbonate_alkalinity_support
NGW-039,Regolith/alluvial shallow aquifer,Quaternary regolith/alluvium,valley alluvium,Northern Region,Savelugu,True,0.050087814781086495,EC12,k_feldspar,silicate,Ca;Mg;Na;K;HCO3;Cl;SO4;NO3;F,0.7799999999999999,0.571209063848815,0.41132284768728045,rock,rock,neutral,neutral,oxic,oxic,0.03751975872329972,-0.06233949956171319,0.022190117204208624,-0.038291987780843986,165.83999999999997,residual_weakly_aligned;gibbs_rock_support;k_feldspar_k_alkalinity_support
NGW-039,Regolith/alluvial shallow aquifer,Quaternary regolith/alluvium,valley alluvium,Northern Region,Savelugu,True,0.14344132930908285,EC10,gypsum,evaporite,Ca;Mg;Na;K;HCO3;Cl;SO4;NO3;F,0.88,0.46766642700990924,0.3210983896703776,rock,rock,neutral,neutral,oxic,oxic,0.03751975872329972,-0.06233949956171319,0.022190117204208624,-0.038291987780843986,165.83999999999997,residual_weakly_aligned;gypsum_ca_so4_support;undersaturated_dissolution_support;salinity_increase_support
NGW-039,Regolith/alluvial shallow aquifer,Quaternary regolith/alluvium,valley alluvium,Northern Region,Savelugu,True,0.8649554379987506,EC11,halite,evaporite,Ca;Mg;Na;K;HCO3;Cl;SO4;NO3;F,0.95,0.40656965974059917,0.7404719080418147,rock,rock,neutral,neutral,oxic,oxic,0.03751975872329972,-0.06233949956171319,0.022190117204208624,-0.038291987780843986,165.83999999999997,residual_strongly_aligned;halite_na_cl_support;undersaturated_dissolution_support;salinity_increase_support
NGW-039,Regolith/alluvial shallow aquifer,Quaternary regolith/alluvium,valley alluvium,Northern Region,Savelugu,False,-0.0,EC09,fluorite,trace_mineral,Ca;Mg;Na;K;HCO3;Cl;SO4;NO3;F,0.6799999999999999,0.6976763260710311,0.1735967200011651,rock,rock,neutral,neutral,oxic,oxic,0.03751975872329972,-0.06233949956171319,0.022190117204208624,-0.038291987780843986,165.83999999999997,gibbs_rock_support;fluorite_ca_f_support
NGW-039,Regolith/alluvial shallow aquifer,Quaternary regolith/alluvium,valley alluvium,Northern Region,Savelugu,True,0.04097832110204169,EC06,apatite,trace_mineral,Ca;Mg;Na;K;HCO3;Cl;SO4;NO3;F,0.6799999999999999,0.6976763260710311,0.36784749208881923,rock,rock,neutral,neutral,oxic,oxic,0.03751975872329972,-0.06233949956171319,0.022190117204208624,-0.038291987780843986,165.83999999999997,residual_weakly_aligned;gibbs_rock_support
NGW-039,Regolith/alluvial shallow aquifer,Quaternary regolith/alluvium,valley alluvium,Northern Region,Savelugu,False,0.0,EC13,pyrite_oxidation,redox,Ca;Mg;Na;K;HCO3;Cl;SO4;NO3;F,0.5,1.0,0.08041847377461882,rock,rock,neutral,neutral,oxic,oxic,0.03751975872329972,-0.06233949956171319,0.022190117204208624,-0.038291987780843986,165.83999999999997,
NGW-039,Regolith/alluvial shallow aquifer,Quaternary regolith/alluvium,valley alluvium,Northern Region,Savelugu,True,0.041442615534268486,EC03,NO3src,anthropogenic,Ca;Mg;Na;K;HCO3;Cl;SO4;NO3;F,0.6799999999999999,0.6976763260710311,0.0338329371599781,rock,rock,neutral,neutral,oxic,oxic,0.03751975872329972,-0.06233949956171319,0.022190117204208624,-0.038291987780843986,165.83999999999997,nitrate_increase_support
NGW-039,Regolith/alluvial shallow aquifer,Quaternary regolith/alluvium,valley alluvium,Northern Region,Savelugu,False,0.0,EC07,denit,redox,Ca;Mg;Na;K;HCO3;Cl;SO4;NO3;F,0.43999999999999995,1.1274968515793757,0.36071216995780486,rock,rock,neutral,neutral,oxic,oxic,0.03751975872329972,-0.06233949956171319,0.022190117204208624,-0.038291987780843986,165.83999999999997,residual_weakly_aligned;denitrification_no3_conflict
NGW-039,Regolith/alluvial shallow aquifer,Quaternary regolith/alluvium,valley alluvium,Northern Region,Savelugu,False,0.0,EC01,CaNa_exch,ion_exchange,Ca;Mg;Na;K;HCO3;Cl;SO4;NO3;F,0.32,1.4333294145603401,-0.3350051820674635,rock,rock,neutral,neutral,oxic,oxic,0.03751975872329972,-0.06233949956171319,0.022190117204208624,-0.038291987780843986,165.83999999999997,residual_opposed
NGW-039,Regolith/alluvial shallow aquifer,Quaternary regolith/alluvium,valley alluvium,Northern Region,Savelugu,False,0.0,EC01,NaCa_exch,ion_exchange,Ca;Mg;Na;K;HCO3;Cl;SO4;NO3;F,0.6,0.8187307530779819,0.3350051820674635,rock,rock,neutral,neutral,oxic,oxic,0.03751975872329972,-0.06233949956171319,0.022190117204208624,-0.038291987780843986,165.83999999999997,residual_weakly_aligned
NGW-039,Regolith/alluvial shallow aquifer,Quaternary regolith/alluvium,valley alluvium,Northern Region,Savelugu,False,0.0,EC02,MgNa_exch,ion_exchange,Ca;Mg;Na;K;HCO3;Cl;SO4;NO3;F,0.32,1.4333294145603401,-0.47304490826714335,rock,rock,neutral,neutral,oxic,oxic,0.03751975872329972,-0.06233949956171319,0.022190117204208624,-0.038291987780843986,165.83999999999997,residual_opposed
NGW-039,Regolith/alluvial shallow aquifer,Quaternary regolith/alluvium,valley alluvium,Northern Region,Savelugu,False,0.0,EC02,NaMg_exch,ion_exchange,Ca;Mg;Na;K;HCO3;Cl;SO4;NO3;F,0.6,0.8187307530779819,0.47304490826714335,rock,rock,neutral,neutral,oxic,oxic,0.03751975872329972,-0.06233949956171319,0.022190117204208624,-0.038291987780843986,165.83999999999997,residual_weakly_aligned
NGW-040,Birimian fractured basement aquifer,Birimian Supergroup,metavolcanic–metasedimentary rocks,Northern Region,Savelugu,False,0.0,EC05,calcite,carbonate,Ca;Mg;Na;K;HCO3;Cl;SO4;NO3;F,0.8799999999999999,0.46766642700990935,0.4457225151132832,rock,rock,neutral,neutral,oxic,oxic,-0.01003568470230146,-0.07090629850676614,-0.00400785673223561,-0.03990619296122714,164.91000000000003,residual_weakly_aligned;gibbs_rock_support;carbonate_alkalinity_support;undersaturated_dissolution_support
NGW-040,Birimian fractured basement aquifer,Birimian Supergroup,metavolcanic–metasedimentary rocks,Northern Region,Savelugu,True,0.21345160959025705,EC08,dolomite,carbonate,Ca;Mg;Na;K;HCO3;Cl;SO4;NO3;F,0.8799999999999999,0.46766642700990935,0.481232099712454,rock,rock,neutral,neutral,oxic,oxic,-0.01003568470230146,-0.07090629850676614,-0.00400785673223561,-0.03990619296122714,164.91000000000003,residual_weakly_aligned;gibbs_rock_support;carbonate_alkalinity_support;undersaturated_dissolution_support
NGW-040,Birimian fractured basement aquifer,Birimian Supergroup,metavolcanic–metasedimentary rocks,Northern Region,Savelugu,False,0.0,EC04,albite,silicate,Ca;Mg;Na;K;HCO3;Cl;SO4;NO3;F,0.8799999999999999,0.46766642700990935,0.7593432329813221,rock,rock,neutral,neutral,oxic,oxic,-0.01003568470230146,-0.07090629850676614,-0.00400785673223561,-0.03990619296122714,164.91000000000003,residual_strongly_aligned;gibbs_rock_support;albite_na_alkalinity_support
NGW-040,Birimian fractured basement aquifer,Birimian Supergroup,metavolcanic–metasedimentary rocks,Northern Region,Savelugu,False,0.0,EC05,anorthite,silicate,Ca;Mg;Na;K;HCO3;Cl;SO4;NO3;F,0.7799999999999999,0.571209063848815,0.4457225151132832,rock,rock,neutral,neutral,oxic,oxic,-0.01003568470230146,-0.07090629850676614,-0.00400785673223561,-0.03990619296122714,164.91000000000003,residual_weakly_aligned;gibbs_rock_support;carbonate_alkalinity_support
NGW-040,Birimian fractured basement aquifer,Birimian Supergroup,metavolcanic–metasedimentary rocks,Northern Region,Savelugu,False,0.0,EC12,k_feldspar,silicate,Ca;Mg;Na;K;HCO3;Cl;SO4;NO3;F,0.7799999999999999,0.571209063848815,0.313688253042054,rock,rock,neutral,neutral,oxic,oxic,-0.01003568470230146,-0.07090629850676614,-0.00400785673223561,-0.03990619296122714,164.91000000000003,residual_weakly_aligned;gibbs_rock_support;k_feldspar_k_alkalinity_support
NGW-040,Birimian fractured basement aquifer,Birimian Supergroup,metavolcanic–metasedimentary rocks,Northern Region,Savelugu,True,0.12234730042388382,EC10,gypsum,evaporite,Ca;Mg;Na;K;HCO3;Cl;SO4;NO3;F,0.78,0.5712090638488149,0.1437051984797707,rock,rock,neutral,neutral,oxic,oxic,-0.01003568470230146,-0.07090629850676614,-0.00400785673223561,-0.03990619296122714,164.91000000000003,gypsum_ca_so4_support;undersaturated_dissolution_support;salinity_increase_support
NGW-040,Birimian fractured basement aquifer,Birimian Supergroup,metavolcanic–metasedimentary rocks,Northern Region,Savelugu,True,1.1364976888500204,EC11,halite,evaporite,Ca;Mg;Na;K;HCO3;Cl;SO4;NO3;F,0.95,0.40656965974059917,0.8656547191817076,rock,rock,neutral,neutral,oxic,oxic,-0.01003568470230146,-0.07090629850676614,-0.00400785673223561,-0.03990619296122714,164.91000000000003,residual_strongly_aligned;halite_na_cl_support;undersaturated_dissolution_support;salinity_increase_support
NGW-040,Birimian fractured basement aquifer,Birimian Supergroup,metavolcanic–metasedimentary rocks,Northern Region,Savelugu,False,0.0,EC09,fluorite,trace_mineral,Ca;Mg;Na;K;HCO3;Cl;SO4;NO3;F,0.6799999999999999,0.6976763260710311,0.06595449273905248,rock,rock,neutral,neutral,oxic,oxic,-0.01003568470230146,-0.07090629850676614,-0.00400785673223561,-0.03990619296122714,164.91000000000003,gibbs_rock_support;fluorite_ca_f_support
NGW-040,Birimian fractured basement aquifer,Birimian Supergroup,metavolcanic–metasedimentary rocks,Northern Region,Savelugu,False,0.0,EC06,apatite,trace_mineral,Ca;Mg;Na;K;HCO3;Cl;SO4;NO3;F,0.58,0.8521437889662115,0.13281549128638953,rock,rock,neutral,neutral,oxic,oxic,-0.01003568470230146,-0.07090629850676614,-0.00400785673223561,-0.03990619296122714,164.91000000000003,gibbs_rock_support
NGW-040,Birimian fractured basement aquifer,Birimian Supergroup,metavolcanic–metasedimentary rocks,Northern Region,Savelugu,False,0.0,EC13,pyrite_oxidation,redox,Ca;Mg;Na;K;HCO3;Cl;SO4;NO3;F,0.5,1.0,0.06912108129945503,rock,rock,neutral,neutral,oxic,oxic,-0.01003568470230146,-0.07090629850676614,-0.00400785673223561,-0.03990619296122714,164.91000000000003,
NGW-040,Birimian fractured basement aquifer,Birimian Supergroup,metavolcanic–metasedimentary rocks,Northern Region,Savelugu,True,0.1385301118049251,EC03,NO3src,anthropogenic,Ca;Mg;Na;K;HCO3;Cl;SO4;NO3;F,0.6799999999999999,0.6976763260710311,0.08078457074838277,rock,rock,neutral,neutral,oxic,oxic,-0.01003568470230146,-0.07090629850676614,-0.00400785673223561,-0.03990619296122714,164.91000000000003,nitrate_increase_support
NGW-040,Birimian fractured basement aquifer,Birimian Supergroup,metavolcanic–metasedimentary rocks,Northern Region,Savelugu,False,0.0,EC07,denit,redox,Ca;Mg;Na;K;HCO3;Cl;SO4;NO3;F,0.33999999999999997,1.3771277643359572,0.24783666366778398,rock,rock,neutral,neutral,oxic,oxic,-0.01003568470230146,-0.07090629850676614,-0.00400785673223561,-0.03990619296122714,164.91000000000003,denitrification_no3_conflict
NGW-040,Birimian fractured basement aquifer,Birimian Supergroup,metavolcanic–metasedimentary rocks,Northern Region,Savelugu,False,0.0,EC01,CaNa_exch,ion_exchange,Ca;Mg;Na;K;HCO3;Cl;SO4;NO3;F,0.32,1.4333294145603401,-0.514779141709464,rock,rock,neutral,neutral,oxic,oxic,-0.01003568470230146,-0.07090629850676614,-0.00400785673223561,-0.03990619296122714,164.91000000000003,residual_opposed
NGW-040,Birimian fractured basement aquifer,Birimian Supergroup,metavolcanic–metasedimentary rocks,Northern Region,Savelugu,True,0.08731545499063065,EC01,NaCa_exch,ion_exchange,Ca;Mg;Na;K;HCO3;Cl;SO4;NO3;F,0.6,0.8187307530779819,0.514779141709464,rock,rock,neutral,neutral,oxic,oxic,-0.01003568470230146,-0.07090629850676614,-0.00400785673223561,-0.03990619296122714,164.91000000000003,residual_weakly_aligned
NGW-040,Birimian fractured basement aquifer,Birimian Supergroup,metavolcanic–metasedimentary rocks,Northern Region,Savelugu,True,0.038591479012126395,EC02,MgNa_exch,ion_exchange,Ca;Mg;Na;K;HCO3;Cl;SO4;NO3;F,0.32,1.4333294145603401,-0.4931504609700613,rock,rock,neutral,neutral,oxic,oxic,-0.01003568470230146,-0.07090629850676614,-0.00400785673223561,-0.03990619296122714,164.91000000000003,residual_opposed
NGW-040,Birimian fractured basement aquifer,Birimian Supergroup,metavolcanic–metasedimentary rocks,Northern Region,Savelugu,False,0.0,EC02,NaMg_exch,ion_exchange,Ca;Mg;Na;K;HCO3;Cl;SO4;NO3;F,0.6,0.8187307530779819,0.4931504609700613,rock,rock,neutral,neutral,oxic,oxic,-0.01003568470230146,-0.07090629850676614,-0.00400785673223561,-0.03990619296122714,164.91000000000003,residual_weakly_aligned
NGW-041,Regolith/alluvial shallow aquifer,Quaternary regolith/alluvium,lateritic saprolite,North East Region,Mamprugu Moagduri,True,0.043413821578958886,EC05,calcite,carbonate,Ca;Mg;Na;K;HCO3;Cl;SO4;NO3;F,0.95,0.40656965974059917,0.5957488483591503,rock,rock,freshening,neutral,oxic,oxic,-0.19848599757271163,-0.04115599695938933,-0.09307937292451675,-0.022672197173128163,216.5499999999999,residual_strongly_aligned;gibbs_rock_support;carbonate_alkalinity_support;undersaturated_dissolution_support
NGW-041,Regolith/alluvial shallow aquifer,Quaternary regolith/alluvium,lateritic saprolite,North East Region,Mamprugu Moagduri,True,0.24853000685666735,EC08,dolomite,carbonate,Ca;Mg;Na;K;HCO3;Cl;SO4;NO3;F,0.95,0.40656965974059917,0.6067888283200571,rock,rock,freshening,neutral,oxic,oxic,-0.19848599757271163,-0.04115599695938933,-0.09307937292451675,-0.022672197173128163,216.5499999999999,residual_strongly_aligned;gibbs_rock_support;carbonate_alkalinity_support;undersaturated_dissolution_support
NGW-041,Regolith/alluvial shallow aquifer,Quaternary regolith/alluvium,lateritic saprolite,North East Region,Mamprugu Moagduri,False,0.0,EC04,albite,silicate,Ca;Mg;Na;K;HCO3;Cl;SO4;NO3;F,0.8799999999999999,0.46766642700990935,0.7454264906137891,rock,rock,freshening,neutral,oxic,oxic,-0.19848599757271163,-0.04115599695938933,-0.09307937292451675,-0.022672197173128163,216.5499999999999,residual_strongly_aligned;gibbs_rock_support;albite_na_alkalinity_support
NGW-041,Regolith/alluvial shallow aquifer,Quaternary regolith/alluvium,lateritic saprolite,North East Region,Mamprugu Moagduri,True,0.043413821578958886,EC05,anorthite,silicate,Ca;Mg;Na;K;HCO3;Cl;SO4;NO3;F,0.8799999999999999,0.46766642700990935,0.5957488483591503,rock,rock,freshening,neutral,oxic,oxic,-0.19848599757271163,-0.04115599695938933,-0.09307937292451675,-0.022672197173128163,216.5499999999999,residual_strongly_aligned;gibbs_rock_support;carbonate_alkalinity_support
NGW-041,Regolith/alluvial shallow aquifer,Quaternary regolith/alluvium,lateritic saprolite,North East Region,Mamprugu Moagduri,True,0.031781883969019,EC12,k_feldspar,silicate,Ca;Mg;Na;K;HCO3;Cl;SO4;NO3;F,0.7799999999999999,0.571209063848815,0.4005362144470721,rock,rock,freshening,neutral,oxic,oxic,-0.19848599757271163,-0.04115599695938933,-0.09307937292451675,-0.022672197173128163,216.5499999999999,residual_weakly_aligned;gibbs_rock_support;k_feldspar_k_alkalinity_support
NGW-041,Regolith/alluvial shallow aquifer,Quaternary regolith/alluvium,lateritic saprolite,North East Region,Mamprugu Moagduri,True,0.18181262505184567,EC10,gypsum,evaporite,Ca;Mg;Na;K;HCO3;Cl;SO4;NO3;F,0.88,0.46766642700990924,0.26405634312288817,rock,rock,freshening,neutral,oxic,oxic,-0.19848599757271163,-0.04115599695938933,-0.09307937292451675,-0.022672197173128163,216.5499999999999,residual_weakly_aligned;gypsum_ca_so4_support;undersaturated_dissolution_support;salinity_increase_support
NGW-041,Regolith/alluvial shallow aquifer,Quaternary regolith/alluvium,lateritic saprolite,North East Region,Mamprugu Moagduri,True,1.2476076598831658,EC11,halite,evaporite,Ca;Mg;Na;K;HCO3;Cl;SO4;NO3;F,0.95,0.40656965974059917,0.7713375315745077,rock,rock,freshening,neutral,oxic,oxic,-0.19848599757271163,-0.04115599695938933,-0.09307937292451675,-0.022672197173128163,216.5499999999999,residual_strongly_aligned;halite_na_cl_support;undersaturated_dissolution_support;salinity_increase_support
NGW-041,Regolith/alluvial shallow aquifer,Quaternary regolith/alluvium,lateritic saprolite,North East Region,Mamprugu Moagduri,False,0.00047235556236418076,EC09,fluorite,trace_mineral,Ca;Mg;Na;K;HCO3;Cl;SO4;NO3;F,0.6799999999999999,0.6976763260710311,0.11338691714620164,rock,rock,freshening,neutral,oxic,oxic,-0.19848599757271163,-0.04115599695938933,-0.09307937292451675,-0.022672197173128163,216.5499999999999,gibbs_rock_support;fluorite_ca_f_support
NGW-041,Regolith/alluvial shallow aquifer,Quaternary regolith/alluvium,lateritic saprolite,North East Region,Mamprugu Moagduri,False,0.0,EC06,apatite,trace_mineral,Ca;Mg;Na;K;HCO3;Cl;SO4;NO3;F,0.58,0.8521437889662115,0.2339949485965982,rock,rock,freshening,neutral,oxic,oxic,-0.19848599757271163,-0.04115599695938933,-0.09307937292451675,-0.022672197173128163,216.5499999999999,gibbs_rock_support
NGW-041,Regolith/alluvial shallow aquifer,Quaternary regolith/alluvium,lateritic saprolite,North East Region,Mamprugu Moagduri,True,0.05063921231392365,EC13,pyrite_oxidation,redox,Ca;Mg;Na;K;HCO3;Cl;SO4;NO3;F,0.5,1.0,0.13645997684677136,rock,rock,freshening,neutral,oxic,oxic,-0.19848599757271163,-0.04115599695938933,-0.09307937292451675,-0.022672197173128163,216.5499999999999,
NGW-041,Regolith/alluvial shallow aquifer,Quaternary regolith/alluvium,lateritic saprolite,North East Region,Mamprugu Moagduri,True,0.1420605662147672,EC03,NO3src,anthropogenic,Ca;Mg;Na;K;HCO3;Cl;SO4;NO3;F,0.6799999999999999,0.6976763260710311,0.0731044538894535,rock,rock,freshening,neutral,oxic,oxic,-0.19848599757271163,-0.04115599695938933,-0.09307937292451675,-0.022672197173128163,216.5499999999999,nitrate_increase_support
NGW-041,Regolith/alluvial shallow aquifer,Quaternary regolith/alluvium,lateritic saprolite,North East Region,Mamprugu Moagduri,False,0.0,EC07,denit,redox,Ca;Mg;Na;K;HCO3;Cl;SO4;NO3;F,0.43999999999999995,1.1274968515793757,0.33550587941213483,rock,rock,freshening,neutral,oxic,oxic,-0.19848599757271163,-0.04115599695938933,-0.09307937292451675,-0.022672197173128163,216.5499999999999,residual_weakly_aligned;denitrification_no3_conflict
NGW-041,Regolith/alluvial shallow aquifer,Quaternary regolith/alluvium,lateritic saprolite,North East Region,Mamprugu Moagduri,False,0.0,EC01,CaNa_exch,ion_exchange,Ca;Mg;Na;K;HCO3;Cl;SO4;NO3;F,0.32,1.4333294145603401,-0.3471493670671295,rock,rock,freshening,neutral,oxic,oxic,-0.19848599757271163,-0.04115599695938933,-0.09307937292451675,-0.022672197173128163,216.5499999999999,residual_opposed
NGW-041,Regolith/alluvial shallow aquifer,Quaternary regolith/alluvium,lateritic saprolite,North East Region,Mamprugu Moagduri,False,0.0,EC01,NaCa_exch,ion_exchange,Ca;Mg;Na;K;HCO3;Cl;SO4;NO3;F,0.6,0.8187307530779819,0.3471493670671295,rock,rock,freshening,neutral,oxic,oxic,-0.19848599757271163,-0.04115599695938933,-0.09307937292451675,-0.022672197173128163,216.5499999999999,residual_weakly_aligned
NGW-041,Regolith/alluvial shallow aquifer,Quaternary regolith/alluvium,lateritic saprolite,North East Region,Mamprugu Moagduri,True,0.05497510933300149,EC02,MgNa_exch,ion_exchange,Ca;Mg;Na;K;HCO3;Cl;SO4;NO3;F,0.32,1.4333294145603401,-0.3873462100436729,rock,rock,freshening,neutral,oxic,oxic,-0.19848599757271163,-0.04115599695938933,-0.09307937292451675,-0.022672197173128163,216.5499999999999,residual_opposed
NGW-041,Regolith/alluvial shallow aquifer,Quaternary regolith/alluvium,lateritic saprolite,North East Region,Mamprugu Moagduri,False,0.0,EC02,NaMg_exch,ion_exchange,Ca;Mg;Na;K;HCO3;Cl;SO4;NO3;F,0.6,0.8187307530779819,0.3873462100436729,rock,rock,freshening,neutral,oxic,oxic,-0.19848599757271163,-0.04115599695938933,-0.09307937292451675,-0.022672197173128163,216.5499999999999,residual_weakly_aligned
NGW-042,Middle Voltaian sedimentary aquifer,Voltaian Supergroup,sandstone–shale interbeds,North East Region,Walewale,False,0.00659742262012596,EC05,calcite,carbonate,Ca;Mg;Na;K;HCO3;Cl;SO4;NO3;F,0.95,0.40656965974059917,0.5771047066780532,rock,rock,freshening,freshening,oxic,oxic,-0.8617894962046018,-0.3266509344611625,-0.2633659684187507,-0.1336737377999359,236.64000000000004,residual_strongly_aligned;gibbs_rock_support;carbonate_alkalinity_support;undersaturated_dissolution_support
NGW-042,Middle Voltaian sedimentary aquifer,Voltaian Supergroup,sandstone–shale interbeds,North East Region,Walewale,True,0.2450568718386808,EC08,dolomite,carbonate,Ca;Mg;Na;K;HCO3;Cl;SO4;NO3;F,0.95,0.40656965974059917,0.5731630278182974,rock,rock,freshening,freshening,oxic,oxic,-0.8617894962046018,-0.3266509344611625,-0.2633659684187507,-0.1336737377999359,236.64000000000004,residual_strongly_aligned;gibbs_rock_support;carbonate_alkalinity_support;undersaturated_dissolution_support
NGW-042,Middle Voltaian sedimentary aquifer,Voltaian Supergroup,sandstone–shale interbeds,North East Region,Walewale,False,0.0,EC04,albite,silicate,Ca;Mg;Na;K;HCO3;Cl;SO4;NO3;F,0.8799999999999999,0.46766642700990935,0.7007706453450404,rock,rock,freshening,freshening,oxic,oxic,-0.8617894962046018,-0.3266509344611625,-0.2633659684187507,-0.1336737377999359,236.64000000000004,residual_strongly_aligned;gibbs_rock_support;albite_na_alkalinity_support
NGW-042,Middle Voltaian sedimentary aquifer,Voltaian Supergroup,sandstone–shale interbeds,North East Region,Walewale,False,0.00659742262012596,EC05,anorthite,silicate,Ca;Mg;Na;K;HCO3;Cl;SO4;NO3;F,0.8799999999999999,0.46766642700990935,0.5771047066780532,rock,rock,freshening,freshening,oxic,oxic,-0.8617894962046018,-0.3266509344611625,-0.2633659684187507,-0.1336737377999359,236.64000000000004,residual_strongly_aligned;gibbs_rock_support;carbonate_alkalinity_support
NGW-042,Middle Voltaian sedimentary aquifer,Voltaian Supergroup,sandstone–shale interbeds,North East Region,Walewale,True,0.06620544120287951,EC12,k_feldspar,silicate,Ca;Mg;Na;K;HCO3;Cl;SO4;NO3;F,0.7799999999999999,0.571209063848815,0.37791053553973714,rock,rock,freshening,freshening,oxic,oxic,-0.8617894962046018,-0.3266509344611625,-0.2633659684187507,-0.1336737377999359,236.64000000000004,residual_weakly_aligned;gibbs_rock_support;k_feldspar_k_alkalinity_support
NGW-042,Middle Voltaian sedimentary aquifer,Voltaian Supergroup,sandstone–shale interbeds,North East Region,Walewale,True,0.2875096255751504,EC10,gypsum,evaporite,Ca;Mg;Na;K;HCO3;Cl;SO4;NO3;F,0.88,0.46766642700990924,0.30670673611691623,rock,rock,freshening,freshening,oxic,oxic,-0.8617894962046018,-0.3266509344611625,-0.2633659684187507,-0.1336737377999359,236.64000000000004,residual_weakly_aligned;gypsum_ca_so4_support;undersaturated_dissolution_support;salinity_increase_support
NGW-042,Middle Voltaian sedimentary aquifer,Voltaian Supergroup,sandstone–shale interbeds,North East Region,Walewale,True,1.167372147737106,EC11,halite,evaporite,Ca;Mg;Na;K;HCO3;Cl;SO4;NO3;F,0.95,0.40656965974059917,0.7416190010808377,rock,rock,freshening,freshening,oxic,oxic,-0.8617894962046018,-0.3266509344611625,-0.2633659684187507,-0.1336737377999359,236.64000000000004,residual_strongly_aligned;halite_na_cl_support;undersaturated_dissolution_support;salinity_increase_support
NGW-042,Middle Voltaian sedimentary aquifer,Voltaian Supergroup,sandstone–shale interbeds,North East Region,Walewale,False,0.0026862140986598075,EC09,fluorite,trace_mineral,Ca;Mg;Na;K;HCO3;Cl;SO4;NO3;F,0.6799999999999999,0.6976763260710311,0.146703943703986,rock,rock,freshening,freshening,oxic,oxic,-0.8617894962046018,-0.3266509344611625,-0.2633659684187507,-0.1336737377999359,236.64000000000004,gibbs_rock_support;fluorite_ca_f_support
NGW-042,Middle Voltaian sedimentary aquifer,Voltaian Supergroup,sandstone–shale interbeds,North East Region,Walewale,False,0.016168205038246848,EC06,apatite,trace_mineral,Ca;Mg;Na;K;HCO3;Cl;SO4;NO3;F,0.6799999999999999,0.6976763260710311,0.2936049041506791,rock,rock,freshening,freshening,oxic,oxic,-0.8617894962046018,-0.3266509344611625,-0.2633659684187507,-0.1336737377999359,236.64000000000004,residual_weakly_aligned;gibbs_rock_support
NGW-042,Middle Voltaian sedimentary aquifer,Voltaian Supergroup,sandstone–shale interbeds,North East Region,Walewale,False,0.0,EC13,pyrite_oxidation,redox,Ca;Mg;Na;K;HCO3;Cl;SO4;NO3;F,0.5,1.0,0.1375094613974746,rock,rock,freshening,freshening,oxic,oxic,-0.8617894962046018,-0.3266509344611625,-0.2633659684187507,-0.1336737377999359,236.64000000000004,
NGW-042,Middle Voltaian sedimentary aquifer,Voltaian Supergroup,sandstone–shale interbeds,North East Region,Walewale,True,0.5599379881797093,EC03,NO3src,anthropogenic,Ca;Mg;Na;K;HCO3;Cl;SO4;NO3;F,0.78,0.5712090638488149,0.2666248147945322,rock,rock,freshening,freshening,oxic,oxic,-0.8617894962046018,-0.3266509344611625,-0.2633659684187507,-0.1336737377999359,236.64000000000004,residual_weakly_aligned;nitrate_increase_support
NGW-042,Middle Voltaian sedimentary aquifer,Voltaian Supergroup,sandstone–shale interbeds,North East Region,Walewale,False,0.0,EC07,denit,redox,Ca;Mg;Na;K;HCO3;Cl;SO4;NO3;F,0.33999999999999997,1.3771277643359572,0.1629726840599612,rock,rock,freshening,freshening,oxic,oxic,-0.8617894962046018,-0.3266509344611625,-0.2633659684187507,-0.1336737377999359,236.64000000000004,denitrification_no3_conflict
NGW-042,Middle Voltaian sedimentary aquifer,Voltaian Supergroup,sandstone–shale interbeds,North East Region,Walewale,False,0.0,EC01,CaNa_exch,ion_exchange,Ca;Mg;Na;K;HCO3;Cl;SO4;NO3;F,0.54,0.9231163463866358,-0.3093078359925065,rock,rock,freshening,freshening,oxic,oxic,-0.8617894962046018,-0.3266509344611625,-0.2633659684187507,-0.1336737377999359,236.64000000000004,residual_opposed;cai_freshening_support
NGW-042,Middle Voltaian sedimentary aquifer,Voltaian Supergroup,sandstone–shale interbeds,North East Region,Walewale,False,0.0,EC01,NaCa_exch,ion_exchange,Ca;Mg;Na;K;HCO3;Cl;SO4;NO3;F,0.38,1.2712491503214047,0.3093078359925065,rock,rock,freshening,freshening,oxic,oxic,-0.8617894962046018,-0.3266509344611625,-0.2633659684187507,-0.1336737377999359,236.64000000000004,residual_weakly_aligned;cai_freshening_conflict
NGW-042,Middle Voltaian sedimentary aquifer,Voltaian Supergroup,sandstone–shale interbeds,North East Region,Walewale,True,0.041469084785204426,EC02,MgNa_exch,ion_exchange,Ca;Mg;Na;K;HCO3;Cl;SO4;NO3;F,0.54,0.9231163463866358,-0.37601686624605163,rock,rock,freshening,freshening,oxic,oxic,-0.8617894962046018,-0.3266509344611625,-0.2633659684187507,-0.1336737377999359,236.64000000000004,residual_opposed;cai_freshening_support
NGW-042,Middle Voltaian sedimentary aquifer,Voltaian Supergroup,sandstone–shale interbeds,North East Region,Walewale,False,0.0,EC02,NaMg_exch,ion_exchange,Ca;Mg;Na;K;HCO3;Cl;SO4;NO3;F,0.38,1.2712491503214047,0.37601686624605163,rock,rock,freshening,freshening,oxic,oxic,-0.8617894962046018,-0.3266509344611625,-0.2633659684187507,-0.1336737377999359,236.64000000000004,residual_weakly_aligned;cai_freshening_conflict
NGW-043,Regolith/alluvial shallow aquifer,Quaternary regolith/alluvium,valley alluvium,North East Region,Chereponi,False,0.01322487934320042,EC05,calcite,carbonate,Ca;Mg;Na;K;HCO3;Cl;SO4;NO3;F,0.8799999999999999,0.46766642700990935,0.4207372591668205,rock,rock,freshening,neutral,oxic,oxic,-0.4402257023249742,-0.07663417912707148,-0.15946747611008463,-0.0423151517944608,93.20999999999992,residual_weakly_aligned;gibbs_rock_support;carbonate_alkalinity_support;undersaturated_dissolution_support
NGW-043,Regolith/alluvial shallow aquifer,Quaternary regolith/alluvium,valley alluvium,North East Region,Chereponi,True,0.0693062350193245,EC08,dolomite,carbonate,Ca;Mg;Na;K;HCO3;Cl;SO4;NO3;F,0.8799999999999999,0.46766642700990935,0.41008846684840095,rock,rock,freshening,neutral,oxic,oxic,-0.4402257023249742,-0.07663417912707148,-0.15946747611008463,-0.0423151517944608,93.20999999999992,residual_weakly_aligned;gibbs_rock_support;carbonate_alkalinity_support;undersaturated_dissolution_support
NGW-043,Regolith/alluvial shallow aquifer,Quaternary regolith/alluvium,valley alluvium,North East Region,Chereponi,False,-0.0,EC04,albite,silicate,Ca;Mg;Na;K;HCO3;Cl;SO4;NO3;F,0.7799999999999999,0.571209063848815,0.530347788583533,rock,rock,freshening,neutral,oxic,oxic,-0.4402257023249742,-0.07663417912707148,-0.15946747611008463,-0.0423151517944608,93.20999999999992,residual_weakly_aligned;gibbs_rock_support;albite_na_alkalinity_support
NGW-043,Regolith/alluvial shallow aquifer,Quaternary regolith/alluvium,valley alluvium,North East Region,Chereponi,False,0.01322487934320042,EC05,anorthite,silicate,Ca;Mg;Na;K;HCO3;Cl;SO4;NO3;F,0.7799999999999999,0.571209063848815,0.4207372591668205,rock,rock,freshening,neutral,oxic,oxic,-0.4402257023249742,-0.07663417912707148,-0.15946747611008463,-0.0423151517944608,93.20999999999992,residual_weakly_aligned;gibbs_rock_support;carbonate_alkalinity_support
NGW-043,Regolith/alluvial shallow aquifer,Quaternary regolith/alluvium,valley alluvium,North East Region,Chereponi,False,0.018332305435751484,EC12,k_feldspar,silicate,Ca;Mg;Na;K;HCO3;Cl;SO4;NO3;F,0.6799999999999999,0.6976763260710311,0.24382595746616934,rock,rock,freshening,neutral,oxic,oxic,-0.4402257023249742,-0.07663417912707148,-0.15946747611008463,-0.0423151517944608,93.20999999999992,gibbs_rock_support;k_feldspar_k_alkalinity_support
NGW-043,Regolith/alluvial shallow aquifer,Quaternary regolith/alluvium,valley alluvium,North East Region,Chereponi,True,0.0888958314372768,EC10,gypsum,evaporite,Ca;Mg;Na;K;HCO3;Cl;SO4;NO3;F,0.88,0.46766642700990924,0.27977302100258344,rock,rock,freshening,neutral,oxic,oxic,-0.4402257023249742,-0.07663417912707148,-0.15946747611008463,-0.0423151517944608,93.20999999999992,residual_weakly_aligned;gypsum_ca_so4_support;undersaturated_dissolution_support;salinity_increase_support
NGW-043,Regolith/alluvial shallow aquifer,Quaternary regolith/alluvium,valley alluvium,North East Region,Chereponi,True,0.8252281677404517,EC11,halite,evaporite,Ca;Mg;Na;K;HCO3;Cl;SO4;NO3;F,0.95,0.40656965974059917,0.844937723948551,rock,rock,freshening,neutral,oxic,oxic,-0.4402257023249742,-0.07663417912707148,-0.15946747611008463,-0.0423151517944608,93.20999999999992,residual_strongly_aligned;halite_na_cl_support;undersaturated_dissolution_support;salinity_increase_support
NGW-043,Regolith/alluvial shallow aquifer,Quaternary regolith/alluvium,valley alluvium,North East Region,Chereponi,False,-0.0,EC09,fluorite,trace_mineral,Ca;Mg;Na;K;HCO3;Cl;SO4;NO3;F,0.6799999999999999,0.6976763260710311,0.14629683001824642,rock,rock,freshening,neutral,oxic,oxic,-0.4402257023249742,-0.07663417912707148,-0.15946747611008463,-0.0423151517944608,93.20999999999992,gibbs_rock_support;fluorite_ca_f_support
NGW-043,Regolith/alluvial shallow aquifer,Quaternary regolith/alluvium,valley alluvium,North East Region,Chereponi,False,0.02010644020836828,EC06,apatite,trace_mineral,Ca;Mg;Na;K;HCO3;Cl;SO4;NO3;F,0.6799999999999999,0.6976763260710311,0.3086634499910223,rock,rock,freshening,neutral,oxic,oxic,-0.4402257023249742,-0.07663417912707148,-0.15946747611008463,-0.0423151517944608,93.20999999999992,residual_weakly_aligned;gibbs_rock_support
NGW-043,Regolith/alluvial shallow aquifer,Quaternary regolith/alluvium,valley alluvium,North East Region,Chereponi,False,0.0,EC13,pyrite_oxidation,redox,Ca;Mg;Na;K;HCO3;Cl;SO4;NO3;F,0.5,1.0,0.08225521708120673,rock,rock,freshening,neutral,oxic,oxic,-0.4402257023249742,-0.07663417912707148,-0.15946747611008463,-0.0423151517944608,93.20999999999992,
NGW-043,Regolith/alluvial shallow aquifer,Quaternary regolith/alluvium,valley alluvium,North East Region,Chereponi,False,0.0,EC03,NO3src,anthropogenic,Ca;Mg;Na;K;HCO3;Cl;SO4;NO3;F,0.5,1.0,-0.016542385900702707,rock,rock,freshening,neutral,oxic,oxic,-0.4402257023249742,-0.07663417912707148,-0.15946747611008463,-0.0423151517944608,93.20999999999992,
NGW-043,Regolith/alluvial shallow aquifer,Quaternary regolith/alluvium,valley alluvium,North East Region,Chereponi,False,0.0017219792927114595,EC07,denit,redox,Ca;Mg;Na;K;HCO3;Cl;SO4;NO3;F,0.7,0.6703200460356393,0.23351434250507386,rock,rock,freshening,neutral,oxic,oxic,-0.4402257023249742,-0.07663417912707148,-0.15946747611008463,-0.0423151517944608,93.20999999999992,denitrification_stoichiometry_support
NGW-043,Regolith/alluvial shallow aquifer,Quaternary regolith/alluvium,valley alluvium,North East Region,Chereponi,True,0.052209349139149534,EC01,CaNa_exch,ion_exchange,Ca;Mg;Na;K;HCO3;Cl;SO4;NO3;F,0.32,1.4333294145603401,-0.25010552641614314,rock,rock,freshening,neutral,oxic,oxic,-0.4402257023249742,-0.07663417912707148,-0.15946747611008463,-0.0423151517944608,93.20999999999992,residual_opposed
NGW-043,Regolith/alluvial shallow aquifer,Quaternary regolith/alluvium,valley alluvium,North East Region,Chereponi,False,0.0,EC01,NaCa_exch,ion_exchange,Ca;Mg;Na;K;HCO3;Cl;SO4;NO3;F,0.6,0.8187307530779819,0.25010552641614314,rock,rock,freshening,neutral,oxic,oxic,-0.4402257023249742,-0.07663417912707148,-0.15946747611008463,-0.0423151517944608,93.20999999999992,residual_weakly_aligned
NGW-043,Regolith/alluvial shallow aquifer,Quaternary regolith/alluvium,valley alluvium,North East Region,Chereponi,True,0.10381003429166195,EC02,MgNa_exch,ion_exchange,Ca;Mg;Na;K;HCO3;Cl;SO4;NO3;F,0.32,1.4333294145603401,-0.3134918863053445,rock,rock,freshening,neutral,oxic,oxic,-0.4402257023249742,-0.07663417912707148,-0.15946747611008463,-0.0423151517944608,93.20999999999992,residual_opposed
NGW-043,Regolith/alluvial shallow aquifer,Quaternary regolith/alluvium,valley alluvium,North East Region,Chereponi,False,0.0,EC02,NaMg_exch,ion_exchange,Ca;Mg;Na;K;HCO3;Cl;SO4;NO3;F,0.6,0.8187307530779819,0.3134918863053445,rock,rock,freshening,neutral,oxic,oxic,-0.4402257023249742,-0.07663417912707148,-0.15946747611008463,-0.0423151517944608,93.20999999999992,residual_weakly_aligned
NGW-046,Birimian fractured basement aquifer,Birimian Supergroup,phyllite–schist fractured zone,North East Region,Nalerigu,False,0.0,EC05,calcite,carbonate,Ca;Mg;Na;K;HCO3;Cl;SO4;NO3;F,0.8799999999999999,0.46766642700990935,0.4950722940272011,rock,rock,freshening,neutral,oxic,oxic,-0.2653008047858524,-0.07047902901812775,-0.10880394287398491,-0.0358017720036468,100.61999999999995,residual_weakly_aligned;gibbs_rock_support;carbonate_alkalinity_support;undersaturated_dissolution_support
NGW-046,Birimian fractured basement aquifer,Birimian Supergroup,phyllite–schist fractured zone,North East Region,Nalerigu,True,0.11854133293973695,EC08,dolomite,carbonate,Ca;Mg;Na;K;HCO3;Cl;SO4;NO3;F,0.8799999999999999,0.46766642700990935,0.5432263950872279,rock,rock,freshening,neutral,oxic,oxic,-0.2653008047858524,-0.07047902901812775,-0.10880394287398491,-0.0358017720036468,100.61999999999995,residual_weakly_aligned;gibbs_rock_support;carbonate_alkalinity_support;undersaturated_dissolution_support
NGW-046,Birimian fractured basement aquifer,Birimian Supergroup,phyllite–schist fractured zone,North East Region,Nalerigu,False,0.0,EC04,albite,silicate,Ca;Mg;Na;K;HCO3;Cl;SO4;NO3;F,0.8799999999999999,0.46766642700990935,0.6224609472943302,rock,rock,freshening,neutral,oxic,oxic,-0.2653008047858524,-0.07047902901812775,-0.10880394287398491,-0.0358017720036468,100.61999999999995,residual_strongly_aligned;gibbs_rock_support;albite_na_alkalinity_support
NGW-046,Birimian fractured basement aquifer,Birimian Supergroup,phyllite–schist fractured zone,North East Region,Nalerigu,False,0.0,EC05,anorthite,silicate,Ca;Mg;Na;K;HCO3;Cl;SO4;NO3;F,0.7799999999999999,0.571209063848815,0.4950722940272011,rock,rock,freshening,neutral,oxic,oxic,-0.2653008047858524,-0.07047902901812775,-0.10880394287398491,-0.0358017720036468,100.61999999999995,residual_weakly_aligned;gibbs_rock_support;carbonate_alkalinity_support
NGW-046,Birimian fractured basement aquifer,Birimian Supergroup,phyllite–schist fractured zone,North East Region,Nalerigu,False,0.0,EC12,k_feldspar,silicate,Ca;Mg;Na;K;HCO3;Cl;SO4;NO3;F,0.7799999999999999,0.571209063848815,0.3312722220476354,rock,rock,freshening,neutral,oxic,oxic,-0.2653008047858524,-0.07047902901812775,-0.10880394287398491,-0.0358017720036468,100.61999999999995,residual_weakly_aligned;gibbs_rock_support;k_feldspar_k_alkalinity_support
NGW-046,Birimian fractured basement aquifer,Birimian Supergroup,phyllite–schist fractured zone,North East Region,Nalerigu,True,0.07406424781951416,EC10,gypsum,evaporite,Ca;Mg;Na;K;HCO3;Cl;SO4;NO3;F,0.78,0.5712090638488149,0.21701897996129238,rock,rock,freshening,neutral,oxic,oxic,-0.2653008047858524,-0.07047902901812775,-0.10880394287398491,-0.0358017720036468,100.61999999999995,gypsum_ca_so4_support;undersaturated_dissolution_support;salinity_increase_support
NGW-046,Birimian fractured basement aquifer,Birimian Supergroup,phyllite–schist fractured zone,North East Region,Nalerigu,True,0.6940446807009137,EC11,halite,evaporite,Ca;Mg;Na;K;HCO3;Cl;SO4;NO3;F,0.95,0.40656965974059917,0.7783596015389788,rock,rock,freshening,neutral,oxic,oxic,-0.2653008047858524,-0.07047902901812775,-0.10880394287398491,-0.0358017720036468,100.61999999999995,residual_strongly_aligned;halite_na_cl_support;undersaturated_dissolution_support;salinity_increase_support
NGW-046,Birimian fractured basement aquifer,Birimian Supergroup,phyllite–schist fractured zone,North East Region,Nalerigu,False,0.004224090976216507,EC09,fluorite,trace_mineral,Ca;Mg;Na;K;HCO3;Cl;SO4;NO3;F,0.6799999999999999,0.6976763260710311,0.12450590183494552,rock,rock,freshening,neutral,oxic,oxic,-0.2653008047858524,-0.07047902901812775,-0.10880394287398491,-0.0358017720036468,100.61999999999995,gibbs_rock_support;fluorite_ca_f_support
NGW-046,Birimian fractured basement aquifer,Birimian Supergroup,phyllite–schist fractured zone,North East Region,Nalerigu,False,0.005558868870586383,EC06,apatite,trace_mineral,Ca;Mg;Na;K;HCO3;Cl;SO4;NO3;F,0.58,0.8521437889662115,0.22771449957867715,rock,rock,freshening,neutral,oxic,oxic,-0.2653008047858524,-0.07047902901812775,-0.10880394287398491,-0.0358017720036468,100.61999999999995,gibbs_rock_support
NGW-046,Birimian fractured basement aquifer,Birimian Supergroup,phyllite–schist fractured zone,North East Region,Nalerigu,False,0.0,EC13,pyrite_oxidation,redox,Ca;Mg;Na;K;HCO3;Cl;SO4;NO3;F,0.5,1.0,0.0798181076806871,rock,rock,freshening,neutral,oxic,oxic,-0.2653008047858524,-0.07047902901812775,-0.10880394287398491,-0.0358017720036468,100.61999999999995,
NGW-046,Birimian fractured basement aquifer,Birimian Supergroup,phyllite–schist fractured zone,North East Region,Nalerigu,True,0.11445883173779273,EC03,NO3src,anthropogenic,Ca;Mg;Na;K;HCO3;Cl;SO4;NO3;F,0.6799999999999999,0.6976763260710311,0.12637785272090085,rock,rock,freshening,neutral,oxic,oxic,-0.2653008047858524,-0.07047902901812775,-0.10880394287398491,-0.0358017720036468,100.61999999999995,nitrate_increase_support
NGW-046,Birimian fractured basement aquifer,Birimian Supergroup,phyllite–schist fractured zone,North East Region,Nalerigu,False,0.0,EC07,denit,redox,Ca;Mg;Na;K;HCO3;Cl;SO4;NO3;F,0.33999999999999997,1.3771277643359572,0.2217368498624884,rock,rock,freshening,neutral,oxic,oxic,-0.2653008047858524,-0.07047902901812775,-0.10880394287398491,-0.0358017720036468,100.61999999999995,denitrification_no3_conflict
NGW-046,Birimian fractured basement aquifer,Birimian Supergroup,phyllite–schist fractured zone,North East Region,Nalerigu,False,0.0,EC01,CaNa_exch,ion_exchange,Ca;Mg;Na;K;HCO3;Cl;SO4;NO3;F,0.32,1.4333294145603401,-0.29228544515524174,rock,rock,freshening,neutral,oxic,oxic,-0.2653008047858524,-0.07047902901812775,-0.10880394287398491,-0.0358017720036468,100.61999999999995,residual_opposed
NGW-046,Birimian fractured basement aquifer,Birimian Supergroup,phyllite–schist fractured zone,North East Region,Nalerigu,False,0.0,EC01,NaCa_exch,ion_exchange,Ca;Mg;Na;K;HCO3;Cl;SO4;NO3;F,0.6,0.8187307530779819,0.29228544515524174,rock,rock,freshening,neutral,oxic,oxic,-0.2653008047858524,-0.07047902901812775,-0.10880394287398491,-0.0358017720036468,100.61999999999995,residual_weakly_aligned
NGW-046,Birimian fractured basement aquifer,Birimian Supergroup,phyllite–schist fractured zone,North East Region,Nalerigu,True,0.12432948275531669,EC02,MgNa_exch,ion_exchange,Ca;Mg;Na;K;HCO3;Cl;SO4;NO3;F,0.32,1.4333294145603401,-0.25173041705075844,rock,rock,freshening,neutral,oxic,oxic,-0.2653008047858524,-0.07047902901812775,-0.10880394287398491,-0.0358017720036468,100.61999999999995,residual_opposed
NGW-046,Birimian fractured basement aquifer,Birimian Supergroup,phyllite–schist fractured zone,North East Region,Nalerigu,False,0.0,EC02,NaMg_exch,ion_exchange,Ca;Mg;Na;K;HCO3;Cl;SO4;NO3;F,0.6,0.8187307530779819,0.25173041705075844,rock,rock,freshening,neutral,oxic,oxic,-0.2653008047858524,-0.07047902901812775,-0.10880394287398491,-0.0358017720036468,100.61999999999995,residual_weakly_aligned
NGW-047,Middle Voltaian sedimentary aquifer,Voltaian Supergroup,siltstone–shale unit,North East Region,Mamprugu Moagduri,True,0.12595511299226508,EC05,calcite,carbonate,Ca;Mg;Na;K;HCO3;Cl;SO4;NO3;F,0.8799999999999999,0.46766642700990935,0.541312771772739,rock,rock,freshening,freshening,oxic,oxic,-0.7047247184305622,-0.2937693247397225,-0.2225975870435325,-0.12034827455031129,231.87,residual_weakly_aligned;gibbs_rock_support;carbonate_alkalinity_support;undersaturated_dissolution_support
NGW-047,Middle Voltaian sedimentary aquifer,Voltaian Supergroup,siltstone–shale unit,North East Region,Mamprugu Moagduri,False,0.0,EC08,dolomite,carbonate,Ca;Mg;Na;K;HCO3;Cl;SO4;NO3;F,0.6599999999999999,0.726149037073691,0.5254878366800928,rock,rock,freshening,freshening,oxic,oxic,-0.7047247184305622,-0.2937693247397225,-0.2225975870435325,-0.12034827455031129,231.87,residual_weakly_aligned;gibbs_rock_support;carbonate_alkalinity_support;saturated_dissolution_conflict
NGW-047,Middle Voltaian sedimentary aquifer,Voltaian Supergroup,siltstone–shale unit,North East Region,Mamprugu Moagduri,True,0.3871009307145561,EC04,albite,silicate,Ca;Mg;Na;K;HCO3;Cl;SO4;NO3;F,0.8799999999999999,0.46766642700990935,0.6696528835391243,rock,rock,freshening,freshening,oxic,oxic,-0.7047247184305622,-0.2937693247397225,-0.2225975870435325,-0.12034827455031129,231.87,residual_strongly_aligned;gibbs_rock_support;albite_na_alkalinity_support
NGW-047,Middle Voltaian sedimentary aquifer,Voltaian Supergroup,siltstone–shale unit,North East Region,Mamprugu Moagduri,True,0.12595511299226508,EC05,anorthite,silicate,Ca;Mg;Na;K;HCO3;Cl;SO4;NO3;F,0.7799999999999999,0.571209063848815,0.541312771772739,rock,rock,freshening,freshening,oxic,oxic,-0.7047247184305622,-0.2937693247397225,-0.2225975870435325,-0.12034827455031129,231.87,residual_weakly_aligned;gibbs_rock_support;carbonate_alkalinity_support
NGW-047,Middle Voltaian sedimentary aquifer,Voltaian Supergroup,siltstone–shale unit,North East Region,Mamprugu Moagduri,False,0.023167477956675696,EC12,k_feldspar,silicate,Ca;Mg;Na;K;HCO3;Cl;SO4;NO3;F,0.7799999999999999,0.571209063848815,0.3194164386956483,rock,rock,freshening,freshening,oxic,oxic,-0.7047247184305622,-0.2937693247397225,-0.2225975870435325,-0.12034827455031129,231.87,residual_weakly_aligned;gibbs_rock_support;k_feldspar_k_alkalinity_support
NGW-047,Middle Voltaian sedimentary aquifer,Voltaian Supergroup,siltstone–shale unit,North East Region,Mamprugu Moagduri,True,0.3274505248800877,EC10,gypsum,evaporite,Ca;Mg;Na;K;HCO3;Cl;SO4;NO3;F,0.88,0.46766642700990924,0.35406400915005276,rock,rock,freshening,freshening,oxic,oxic,-0.7047247184305622,-0.2937693247397225,-0.2225975870435325,-0.12034827455031129,231.87,residual_weakly_aligned;gypsum_ca_so4_support;undersaturated_dissolution_support;salinity_increase_support
NGW-047,Middle Voltaian sedimentary aquifer,Voltaian Supergroup,siltstone–shale unit,North East Region,Mamprugu Moagduri,True,1.1627866003693537,EC11,halite,evaporite,Ca;Mg;Na;K;HCO3;Cl;SO4;NO3;F,0.95,0.40656965974059917,0.7544845404505938,rock,rock,freshening,freshening,oxic,oxic,-0.7047247184305622,-0.2937693247397225,-0.2225975870435325,-0.12034827455031129,231.87,residual_strongly_aligned;halite_na_cl_support;undersaturated_dissolution_support;salinity_increase_support
NGW-047,Middle Voltaian sedimentary aquifer,Voltaian Supergroup,siltstone–shale unit,North East Region,Mamprugu Moagduri,False,0.0,EC09,fluorite,trace_mineral,Ca;Mg;Na;K;HCO3;Cl;SO4;NO3;F,0.6799999999999999,0.6976763260710311,0.16346655318996117,rock,rock,freshening,freshening,oxic,oxic,-0.7047247184305622,-0.2937693247397225,-0.2225975870435325,-0.12034827455031129,231.87,gibbs_rock_support;fluorite_ca_f_support
NGW-047,Middle Voltaian sedimentary aquifer,Voltaian Supergroup,siltstone–shale unit,North East Region,Mamprugu Moagduri,False,0.026426372109162002,EC06,apatite,trace_mineral,Ca;Mg;Na;K;HCO3;Cl;SO4;NO3;F,0.6799999999999999,0.6976763260710311,0.33842907335572675,rock,rock,freshening,freshening,oxic,oxic,-0.7047247184305622,-0.2937693247397225,-0.2225975870435325,-0.12034827455031129,231.87,residual_weakly_aligned;gibbs_rock_support
NGW-047,Middle Voltaian sedimentary aquifer,Voltaian Supergroup,siltstone–shale unit,North East Region,Mamprugu Moagduri,False,0.0,EC13,pyrite_oxidation,redox,Ca;Mg;Na;K;HCO3;Cl;SO4;NO3;F,0.5,1.0,0.15785650446201727,rock,rock,freshening,freshening,oxic,oxic,-0.7047247184305622,-0.2937693247397225,-0.2225975870435325,-0.12034827455031129,231.87,
NGW-047,Middle Voltaian sedimentary aquifer,Voltaian Supergroup,siltstone–shale unit,North East Region,Mamprugu Moagduri,True,0.5661965209971567,EC03,NO3src,anthropogenic,Ca;Mg;Na;K;HCO3;Cl;SO4;NO3;F,0.78,0.5712090638488149,0.27549381584759064,rock,rock,freshening,freshening,oxic,oxic,-0.7047247184305622,-0.2937693247397225,-0.2225975870435325,-0.12034827455031129,231.87,residual_weakly_aligned;nitrate_increase_support
NGW-047,Middle Voltaian sedimentary aquifer,Voltaian Supergroup,siltstone–shale unit,North East Region,Mamprugu Moagduri,False,0.0,EC07,denit,redox,Ca;Mg;Na;K;HCO3;Cl;SO4;NO3;F,0.33999999999999997,1.3771277643359572,0.11192047377912198,rock,rock,freshening,freshening,oxic,oxic,-0.7047247184305622,-0.2937693247397225,-0.2225975870435325,-0.12034827455031129,231.87,denitrification_no3_conflict
NGW-047,Middle Voltaian sedimentary aquifer,Voltaian Supergroup,siltstone–shale unit,North East Region,Mamprugu Moagduri,False,0.0,EC01,CaNa_exch,ion_exchange,Ca;Mg;Na;K;HCO3;Cl;SO4;NO3;F,0.54,0.9231163463866358,-0.3057385697005052,rock,rock,freshening,freshening,oxic,oxic,-0.7047247184305622,-0.2937693247397225,-0.2225975870435325,-0.12034827455031129,231.87,residual_opposed;cai_freshening_support
NGW-047,Middle Voltaian sedimentary aquifer,Voltaian Supergroup,siltstone–shale unit,North East Region,Mamprugu Moagduri,False,0.0,EC01,NaCa_exch,ion_exchange,Ca;Mg;Na;K;HCO3;Cl;SO4;NO3;F,0.38,1.2712491503214047,0.3057385697005052,rock,rock,freshening,freshening,oxic,oxic,-0.7047247184305622,-0.2937693247397225,-0.2225975870435325,-0.12034827455031129,231.87,residual_weakly_aligned;cai_freshening_conflict
NGW-047,Middle Voltaian sedimentary aquifer,Voltaian Supergroup,siltstone–shale unit,North East Region,Mamprugu Moagduri,True,0.2358728309353674,EC02,MgNa_exch,ion_exchange,Ca;Mg;Na;K;HCO3;Cl;SO4;NO3;F,0.54,0.9231163463866358,-0.3913210452717828,rock,rock,freshening,freshening,oxic,oxic,-0.7047247184305622,-0.2937693247397225,-0.2225975870435325,-0.12034827455031129,231.87,residual_opposed;cai_freshening_support
NGW-047,Middle Voltaian sedimentary aquifer,Voltaian Supergroup,siltstone–shale unit,North East Region,Mamprugu Moagduri,False,0.0,EC02,NaMg_exch,ion_exchange,Ca;Mg;Na;K;HCO3;Cl;SO4;NO3;F,0.38,1.2712491503214047,0.3913210452717828,rock,rock,freshening,freshening,oxic,oxic,-0.7047247184305622,-0.2937693247397225,-0.2225975870435325,-0.12034827455031129,231.87,residual_weakly_aligned;cai_freshening_conflict
NGW-048,Birimian fractured basement aquifer,Birimian Supergroup,metavolcanic–metasedimentary rocks,North East Region,Gambaga,False,0.0,EC05,calcite,carbonate,Ca;Mg;Na;K;HCO3;Cl;SO4;NO3;F,0.95,0.40656965974059917,0.8561093081761058,rock,rock,freshening,freshening,oxic,oxic,-0.17895443585479218,-0.22643319550954363,-0.09696614961412257,-0.09416682417224308,122.93,residual_strongly_aligned;gibbs_rock_support;carbonate_alkalinity_support;undersaturated_dissolution_support
NGW-048,Birimian fractured basement aquifer,Birimian Supergroup,metavolcanic–metasedimentary rocks,North East Region,Gambaga,True,0.2575895720667313,EC08,dolomite,carbonate,Ca;Mg;Na;K;HCO3;Cl;SO4;NO3;F,0.8799999999999999,0.46766642700990935,0.9206255712598511,rock,rock,freshening,freshening,oxic,oxic,-0.17895443585479218,-0.22643319550954363,-0.09696614961412257,-0.09416682417224308,122.93,residual_strongly_aligned;gibbs_rock_support;carbonate_alkalinity_support
NGW-048,Birimian fractured basement aquifer,Birimian Supergroup,metavolcanic–metasedimentary rocks,North East Region,Gambaga,False,0.0,EC04,albite,silicate,Ca;Mg;Na;K;HCO3;Cl;SO4;NO3;F,0.8799999999999999,0.46766642700990935,0.7224604602422453,rock,rock,freshening,freshening,oxic,oxic,-0.17895443585479218,-0.22643319550954363,-0.09696614961412257,-0.09416682417224308,122.93,residual_strongly_aligned;gibbs_rock_support;albite_na_alkalinity_support
NGW-048,Birimian fractured basement aquifer,Birimian Supergroup,metavolcanic–metasedimentary rocks,North East Region,Gambaga,False,0.0,EC05,anorthite,silicate,Ca;Mg;Na;K;HCO3;Cl;SO4;NO3;F,0.8799999999999999,0.46766642700990935,0.8561093081761058,rock,rock,freshening,freshening,oxic,oxic,-0.17895443585479218,-0.22643319550954363,-0.09696614961412257,-0.09416682417224308,122.93,residual_strongly_aligned;gibbs_rock_support;carbonate_alkalinity_support
NGW-048,Birimian fractured basement aquifer,Birimian Supergroup,metavolcanic–metasedimentary rocks,North East Region,Gambaga,True,0.053189962775961254,EC12,k_feldspar,silicate,Ca;Mg;Na;K;HCO3;Cl;SO4;NO3;F,0.8799999999999999,0.46766642700990935,0.6386880468174704,rock,rock,freshening,freshening,oxic,oxic,-0.17895443585479218,-0.22643319550954363,-0.09696614961412257,-0.09416682417224308,122.93,residual_strongly_aligned;gibbs_rock_support;k_feldspar_k_alkalinity_support
NGW-048,Birimian fractured basement aquifer,Birimian Supergroup,metavolcanic–metasedimentary rocks,North East Region,Gambaga,False,0.0,EC10,gypsum,evaporite,Ca;Mg;Na;K;HCO3;Cl;SO4;NO3;F,0.64,0.7557837414557255,0.1532230533127555,rock,rock,freshening,freshening,oxic,oxic,-0.17895443585479218,-0.22643319550954363,-0.09696614961412257,-0.09416682417224308,122.93,undersaturated_dissolution_support;salinity_increase_support
NGW-048,Birimian fractured basement aquifer,Birimian Supergroup,metavolcanic–metasedimentary rocks,North East Region,Gambaga,True,0.215733555723102,EC11,halite,evaporite,Ca;Mg;Na;K;HCO3;Cl;SO4;NO3;F,0.8,0.5488116360940264,0.2486620084253477,rock,rock,freshening,freshening,oxic,oxic,-0.17895443585479218,-0.22643319550954363,-0.09696614961412257,-0.09416682417224308,122.93,halite_na_cl_support;undersaturated_dissolution_support;salinity_increase_support
NGW-048,Birimian fractured basement aquifer,Birimian Supergroup,metavolcanic–metasedimentary rocks,North East Region,Gambaga,False,0.0,EC09,fluorite,trace_mineral,Ca;Mg;Na;K;HCO3;Cl;SO4;NO3;F,0.6799999999999999,0.6976763260710311,0.11321851326786962,rock,rock,freshening,freshening,oxic,oxic,-0.17895443585479218,-0.22643319550954363,-0.09696614961412257,-0.09416682417224308,122.93,gibbs_rock_support;fluorite_ca_f_support
NGW-048,Birimian fractured basement aquifer,Birimian Supergroup,metavolcanic–metasedimentary rocks,North East Region,Gambaga,False,0.015689170207145744,EC06,apatite,trace_mineral,Ca;Mg;Na;K;HCO3;Cl;SO4;NO3;F,0.58,0.8521437889662115,0.24176675251998553,rock,rock,freshening,freshening,oxic,oxic,-0.17895443585479218,-0.22643319550954363,-0.09696614961412257,-0.09416682417224308,122.93,gibbs_rock_support
NGW-048,Birimian fractured basement aquifer,Birimian Supergroup,metavolcanic–metasedimentary rocks,North East Region,Gambaga,False,0.0,EC13,pyrite_oxidation,redox,Ca;Mg;Na;K;HCO3;Cl;SO4;NO3;F,0.5,1.0,-0.029130156125364105,rock,rock,freshening,freshening,oxic,oxic,-0.17895443585479218,-0.22643319550954363,-0.09696614961412257,-0.09416682417224308,122.93,
NGW-048,Birimian fractured basement aquifer,Birimian Supergroup,metavolcanic–metasedimentary rocks,North East Region,Gambaga,True,0.3235580179207386,EC03,NO3src,anthropogenic,Ca;Mg;Na;K;HCO3;Cl;SO4;NO3;F,0.78,0.5712090638488149,0.2674009622947767,rock,rock,freshening,freshening,oxic,oxic,-0.17895443585479218,-0.22643319550954363,-0.09696614961412257,-0.09416682417224308,122.93,residual_weakly_aligned;nitrate_increase_support
NGW-048,Birimian fractured basement aquifer,Birimian Supergroup,metavolcanic–metasedimentary rocks,North East Region,Gambaga,False,0.0,EC07,denit,redox,Ca;Mg;Na;K;HCO3;Cl;SO4;NO3;F,0.43999999999999995,1.1274968515793757,0.40082220911941985,rock,rock,freshening,freshening,oxic,oxic,-0.17895443585479218,-0.22643319550954363,-0.09696614961412257,-0.09416682417224308,122.93,residual_weakly_aligned;denitrification_no3_conflict
NGW-048,Birimian fractured basement aquifer,Birimian Supergroup,metavolcanic–metasedimentary rocks,North East Region,Gambaga,False,0.0,EC01,CaNa_exch,ion_exchange,Ca;Mg;Na;K;HCO3;Cl;SO4;NO3;F,0.72,0.6440364210831414,-0.05773892133550154,rock,rock,freshening,freshening,oxic,oxic,-0.17895443585479218,-0.22643319550954363,-0.09696614961412257,-0.09416682417224308,122.93,cai_freshening_support
NGW-048,Birimian fractured basement aquifer,Birimian Supergroup,metavolcanic–metasedimentary rocks,North East Region,Gambaga,True,0.04169404958823771,EC01,NaCa_exch,ion_exchange,Ca;Mg;Na;K;HCO3;Cl;SO4;NO3;F,0.28,1.552707218511336,0.05773892133550154,rock,rock,freshening,freshening,oxic,oxic,-0.17895443585479218,-0.22643319550954363,-0.09696614961412257,-0.09416682417224308,122.93,cai_freshening_conflict
NGW-048,Birimian fractured basement aquifer,Birimian Supergroup,metavolcanic–metasedimentary rocks,North East Region,Gambaga,True,0.04566571866119006,EC02,MgNa_exch,ion_exchange,Ca;Mg;Na;K;HCO3;Cl;SO4;NO3;F,0.72,0.6440364210831414,-0.023193331262845722,rock,rock,freshening,freshening,oxic,oxic,-0.17895443585479218,-0.22643319550954363,-0.09696614961412257,-0.09416682417224308,122.93,cai_freshening_support
NGW-048,Birimian fractured basement aquifer,Birimian Supergroup,metavolcanic–metasedimentary rocks,North East Region,Gambaga,False,0.0,EC02,NaMg_exch,ion_exchange,Ca;Mg;Na;K;HCO3;Cl;SO4;NO3;F,0.28,1.552707218511336,0.023193331262845722,rock,rock,freshening,freshening,oxic,oxic,-0.17895443585479218,-0.22643319550954363,-0.09696614961412257,-0.09416682417224308,122.93,cai_freshening_conflict
NGW-049,Regolith/alluvial shallow aquifer,Quaternary regolith/alluvium,valley alluvium,North East Region,Chereponi,False,0.0,EC05,calcite,carbonate,Ca;Mg;Na;K;HCO3;Cl;SO4;NO3;F,0.6799999999999999,0.6976763260710311,0.01843945921609636,rock,rock,freshening,neutral,oxic,oxic,-0.17594613013563276,0.11147529351094079,-0.057208727123027325,0.07836191161005261,81.23000000000002,gibbs_rock_support;undersaturated_dissolution_support
NGW-049,Regolith/alluvial shallow aquifer,Quaternary regolith/alluvium,valley alluvium,North East Region,Chereponi,False,0.0,EC08,dolomite,carbonate,Ca;Mg;Na;K;HCO3;Cl;SO4;NO3;F,0.6799999999999999,0.6976763260710311,0.00766487202439098,rock,rock,freshening,neutral,oxic,oxic,-0.17594613013563276,0.11147529351094079,-0.057208727123027325,0.07836191161005261,81.23000000000002,gibbs_rock_support;undersaturated_dissolution_support
NGW-049,Regolith/alluvial shallow aquifer,Quaternary regolith/alluvium,valley alluvium,North East Region,Chereponi,True,-0.08082720857022428,EC04,albite,silicate,Ca;Mg;Na;K;HCO3;Cl;SO4;NO3;F,0.6799999999999999,0.6976763260710311,0.3354714229216104,rock,rock,freshening,neutral,oxic,oxic,-0.17594613013563276,0.11147529351094079,-0.057208727123027325,0.07836191161005261,81.23000000000002,residual_weakly_aligned;gibbs_rock_support
NGW-049,Regolith/alluvial shallow aquifer,Quaternary regolith/alluvium,valley alluvium,North East Region,Chereponi,False,-0.0,EC05,anorthite,silicate,Ca;Mg;Na;K;HCO3;Cl;SO4;NO3;F,0.58,0.8521437889662115,0.01843945921609636,rock,rock,freshening,neutral,oxic,oxic,-0.17594613013563276,0.11147529351094079,-0.057208727123027325,0.07836191161005261,81.23000000000002,gibbs_rock_support
NGW-049,Regolith/alluvial shallow aquifer,Quaternary regolith/alluvium,valley alluvium,North East Region,Chereponi,True,0.042303863090540655,EC12,k_feldspar,silicate,Ca;Mg;Na;K;HCO3;Cl;SO4;NO3;F,0.58,0.8521437889662115,0.014338009616997738,rock,rock,freshening,neutral,oxic,oxic,-0.17594613013563276,0.11147529351094079,-0.057208727123027325,0.07836191161005261,81.23000000000002,gibbs_rock_support
NGW-049,Regolith/alluvial shallow aquifer,Quaternary regolith/alluvium,valley alluvium,North East Region,Chereponi,False,0.02958587903178966,EC10,gypsum,evaporite,Ca;Mg;Na;K;HCO3;Cl;SO4;NO3;F,0.78,0.5712090638488149,0.10366786943419282,rock,rock,freshening,neutral,oxic,oxic,-0.17594613013563276,0.11147529351094079,-0.057208727123027325,0.07836191161005261,81.23000000000002,gypsum_ca_so4_support;undersaturated_dissolution_support;salinity_increase_support
NGW-049,Regolith/alluvial shallow aquifer,Quaternary regolith/alluvium,valley alluvium,North East Region,Chereponi,True,1.293222525006245,EC11,halite,evaporite,Ca;Mg;Na;K;HCO3;Cl;SO4;NO3;F,0.95,0.40656965974059917,0.9595417916858713,rock,rock,freshening,neutral,oxic,oxic,-0.17594613013563276,0.11147529351094079,-0.057208727123027325,0.07836191161005261,81.23000000000002,residual_strongly_aligned;halite_na_cl_support;undersaturated_dissolution_support;salinity_increase_support
NGW-049,Regolith/alluvial shallow aquifer,Quaternary regolith/alluvium,valley alluvium,North East Region,Chereponi,False,0.002066894125478229,EC09,fluorite,trace_mineral,Ca;Mg;Na;K;HCO3;Cl;SO4;NO3;F,0.6799999999999999,0.6976763260710311,0.057846531606878616,rock,rock,freshening,neutral,oxic,oxic,-0.17594613013563276,0.11147529351094079,-0.057208727123027325,0.07836191161005261,81.23000000000002,gibbs_rock_support;fluorite_ca_f_support
NGW-049,Regolith/alluvial shallow aquifer,Quaternary regolith/alluvium,valley alluvium,North East Region,Chereponi,False,0.0,EC06,apatite,trace_mineral,Ca;Mg;Na;K;HCO3;Cl;SO4;NO3;F,0.58,0.8521437889662115,0.10226437032389565,rock,rock,freshening,neutral,oxic,oxic,-0.17594613013563276,0.11147529351094079,-0.057208727123027325,0.07836191161005261,81.23000000000002,gibbs_rock_support
NGW-049,Regolith/alluvial shallow aquifer,Quaternary regolith/alluvium,valley alluvium,North East Region,Chereponi,False,0.011062118178914757,EC13,pyrite_oxidation,redox,Ca;Mg;Na;K;HCO3;Cl;SO4;NO3;F,0.5,1.0,0.04510325552303931,rock,rock,freshening,neutral,oxic,oxic,-0.17594613013563276,0.11147529351094079,-0.057208727123027325,0.07836191161005261,81.23000000000002,
NGW-049,Regolith/alluvial shallow aquifer,Quaternary regolith/alluvium,valley alluvium,North East Region,Chereponi,False,0.0,EC03,NO3src,anthropogenic,Ca;Mg;Na;K;HCO3;Cl;SO4;NO3;F,0.5,1.0,-0.011578195383993807,rock,rock,freshening,neutral,oxic,oxic,-0.17594613013563276,0.11147529351094079,-0.057208727123027325,0.07836191161005261,81.23000000000002,
NGW-049,Regolith/alluvial shallow aquifer,Quaternary regolith/alluvium,valley alluvium,North East Region,Chereponi,False,0.0,EC07,denit,redox,Ca;Mg;Na;K;HCO3;Cl;SO4;NO3;F,0.5,1.0,-0.013122832844044393,rock,rock,freshening,neutral,oxic,oxic,-0.17594613013563276,0.11147529351094079,-0.057208727123027325,0.07836191161005261,81.23000000000002,
NGW-049,Regolith/alluvial shallow aquifer,Quaternary regolith/alluvium,valley alluvium,North East Region,Chereponi,True,0.12115982280938942,EC01,CaNa_exch,ion_exchange,Ca;Mg;Na;K;HCO3;Cl;SO4;NO3;F,0.32,1.4333294145603401,-0.4059020553158665,rock,rock,freshening,neutral,oxic,oxic,-0.17594613013563276,0.11147529351094079,-0.057208727123027325,0.07836191161005261,81.23000000000002,residual_opposed
NGW-049,Regolith/alluvial shallow aquifer,Quaternary regolith/alluvium,valley alluvium,North East Region,Chereponi,False,0.0,EC01,NaCa_exch,ion_exchange,Ca;Mg;Na;K;HCO3;Cl;SO4;NO3;F,0.6,0.8187307530779819,0.4059020553158665,rock,rock,freshening,neutral,oxic,oxic,-0.17594613013563276,0.11147529351094079,-0.057208727123027325,0.07836191161005261,81.23000000000002,residual_weakly_aligned
NGW-049,Regolith/alluvial shallow aquifer,Quaternary regolith/alluvium,valley alluvium,North East Region,Chereponi,True,0.07468996063956772,EC02,MgNa_exch,ion_exchange,Ca;Mg;Na;K;HCO3;Cl;SO4;NO3;F,0.32,1.4333294145603401,-0.4282379016055905,rock,rock,freshening,neutral,oxic,oxic,-0.17594613013563276,0.11147529351094079,-0.057208727123027325,0.07836191161005261,81.23000000000002,residual_opposed
NGW-049,Regolith/alluvial shallow aquifer,Quaternary regolith/alluvium,valley alluvium,North East Region,Chereponi,False,0.0,EC02,NaMg_exch,ion_exchange,Ca;Mg;Na;K;HCO3;Cl;SO4;NO3;F,0.6,0.8187307530779819,0.4282379016055905,rock,rock,freshening,neutral,oxic,oxic,-0.17594613013563276,0.11147529351094079,-0.057208727123027325,0.07836191161005261,81.23000000000002,residual_weakly_aligned
NGW-051,Birimian fractured basement aquifer,Birimian Supergroup,metavolcanic–metasedimentary rocks,North East Region,Chereponi,False,0.0,EC05,calcite,carbonate,Ca;Mg;Na;K;HCO3;Cl;SO4;NO3;F,0.8799999999999999,0.46766642700990935,0.3239386519506266,rock,rock,neutral,freshening,oxic,oxic,0.0024352937741443006,-0.19225896439519144,0.0011214123373965792,-0.12592830846227868,104.7600000000001,residual_weakly_aligned;gibbs_rock_support;carbonate_alkalinity_support;undersaturated_dissolution_support
NGW-051,Birimian fractured basement aquifer,Birimian Supergroup,metavolcanic–metasedimentary rocks,North East Region,Chereponi,True,0.05948577476568847,EC08,dolomite,carbonate,Ca;Mg;Na;K;HCO3;Cl;SO4;NO3;F,0.8799999999999999,0.46766642700990935,0.34942876164063663,rock,rock,neutral,freshening,oxic,oxic,0.0024352937741443006,-0.19225896439519144,0.0011214123373965792,-0.12592830846227868,104.7600000000001,residual_weakly_aligned;gibbs_rock_support;carbonate_alkalinity_support;undersaturated_dissolution_support
NGW-051,Birimian fractured basement aquifer,Birimian Supergroup,metavolcanic–metasedimentary rocks,North East Region,Chereponi,True,0.35429666908467367,EC04,albite,silicate,Ca;Mg;Na;K;HCO3;Cl;SO4;NO3;F,0.8799999999999999,0.46766642700990935,0.7846523977091802,rock,rock,neutral,freshening,oxic,oxic,0.0024352937741443006,-0.19225896439519144,0.0011214123373965792,-0.12592830846227868,104.7600000000001,residual_strongly_aligned;gibbs_rock_support;albite_na_alkalinity_support
NGW-051,Birimian fractured basement aquifer,Birimian Supergroup,metavolcanic–metasedimentary rocks,North East Region,Chereponi,False,0.0,EC05,anorthite,silicate,Ca;Mg;Na;K;HCO3;Cl;SO4;NO3;F,0.7799999999999999,0.571209063848815,0.3239386519506266,rock,rock,neutral,freshening,oxic,oxic,0.0024352937741443006,-0.19225896439519144,0.0011214123373965792,-0.12592830846227868,104.7600000000001,residual_weakly_aligned;gibbs_rock_support;carbonate_alkalinity_support
NGW-051,Birimian fractured basement aquifer,Birimian Supergroup,metavolcanic–metasedimentary rocks,North East Region,Chereponi,False,0.0010437038290784636,EC12,k_feldspar,silicate,Ca;Mg;Na;K;HCO3;Cl;SO4;NO3;F,0.7799999999999999,0.571209063848815,0.2534043393079646,rock,rock,neutral,freshening,oxic,oxic,0.0024352937741443006,-0.19225896439519144,0.0011214123373965792,-0.12592830846227868,104.7600000000001,residual_weakly_aligned;gibbs_rock_support;k_feldspar_k_alkalinity_support
NGW-051,Birimian fractured basement aquifer,Birimian Supergroup,metavolcanic–metasedimentary rocks,North East Region,Chereponi,False,0.0,EC10,gypsum,evaporite,Ca;Mg;Na;K;HCO3;Cl;SO4;NO3;F,0.64,0.7557837414557255,0.01126057825769062,rock,rock,neutral,freshening,oxic,oxic,0.0024352937741443006,-0.19225896439519144,0.0011214123373965792,-0.12592830846227868,104.7600000000001,undersaturated_dissolution_support;salinity_increase_support
NGW-051,Birimian fractured basement aquifer,Birimian Supergroup,metavolcanic–metasedimentary rocks,North East Region,Chereponi,True,0.920367989517049,EC11,halite,evaporite,Ca;Mg;Na;K;HCO3;Cl;SO4;NO3;F,0.95,0.40656965974059917,0.9201155206506019,rock,rock,neutral,freshening,oxic,oxic,0.0024352937741443006,-0.19225896439519144,0.0011214123373965792,-0.12592830846227868,104.7600000000001,residual_strongly_aligned;halite_na_cl_support;undersaturated_dissolution_support;salinity_increase_support
NGW-051,Birimian fractured basement aquifer,Birimian Supergroup,metavolcanic–metasedimentary rocks,North East Region,Chereponi,False,0.0,EC09,fluorite,trace_mineral,Ca;Mg;Na;K;HCO3;Cl;SO4;NO3;F,0.58,0.8521437889662115,0.015417189184943387,rock,rock,neutral,freshening,oxic,oxic,0.0024352937741443006,-0.19225896439519144,0.0011214123373965792,-0.12592830846227868,104.7600000000001,gibbs_rock_support
NGW-051,Birimian fractured basement aquifer,Birimian Supergroup,metavolcanic–metasedimentary rocks,North East Region,Chereponi,False,0.0013772380747038519,EC06,apatite,trace_mineral,Ca;Mg;Na;K;HCO3;Cl;SO4;NO3;F,0.58,0.8521437889662115,0.04129428082896256,rock,rock,neutral,freshening,oxic,oxic,0.0024352937741443006,-0.19225896439519144,0.0011214123373965792,-0.12592830846227868,104.7600000000001,gibbs_rock_support
NGW-051,Birimian fractured basement aquifer,Birimian Supergroup,metavolcanic–metasedimentary rocks,North East Region,Chereponi,False,0.0,EC13,pyrite_oxidation,redox,Ca;Mg;Na;K;HCO3;Cl;SO4;NO3;F,0.5,1.0,-0.02703589355823399,rock,rock,neutral,freshening,oxic,oxic,0.0024352937741443006,-0.19225896439519144,0.0011214123373965792,-0.12592830846227868,104.7600000000001,
NGW-051,Birimian fractured basement aquifer,Birimian Supergroup,metavolcanic–metasedimentary rocks,North East Region,Chereponi,False,0.01897608747163715,EC03,NO3src,anthropogenic,Ca;Mg;Na;K;HCO3;Cl;SO4;NO3;F,0.6799999999999999,0.6976763260710311,0.0223819437281564,rock,rock,neutral,freshening,oxic,oxic,0.0024352937741443006,-0.19225896439519144,0.0011214123373965792,-0.12592830846227868,104.7600000000001,nitrate_increase_support
NGW-051,Birimian fractured basement aquifer,Birimian Supergroup,metavolcanic–metasedimentary rocks,North East Region,Chereponi,False,0.0,EC07,denit,redox,Ca;Mg;Na;K;HCO3;Cl;SO4;NO3;F,0.33999999999999997,1.3771277643359572,0.22508064543173872,rock,rock,neutral,freshening,oxic,oxic,0.0024352937741443006,-0.19225896439519144,0.0011214123373965792,-0.12592830846227868,104.7600000000001,denitrification_no3_conflict
NGW-051,Birimian fractured basement aquifer,Birimian Supergroup,metavolcanic–metasedimentary rocks,North East Region,Chereponi,False,0.0,EC01,CaNa_exch,ion_exchange,Ca;Mg;Na;K;HCO3;Cl;SO4;NO3;F,0.54,0.9231163463866358,-0.6685768473586914,rock,rock,neutral,freshening,oxic,oxic,0.0024352937741443006,-0.19225896439519144,0.0011214123373965792,-0.12592830846227868,104.7600000000001,residual_opposed;cai_freshening_support
NGW-051,Birimian fractured basement aquifer,Birimian Supergroup,metavolcanic–metasedimentary rocks,North East Region,Chereponi,False,0.013732460918963962,EC01,NaCa_exch,ion_exchange,Ca;Mg;Na;K;HCO3;Cl;SO4;NO3;F,0.48,1.0408107741923882,0.6685768473586914,rock,rock,neutral,freshening,oxic,oxic,0.0024352937741443006,-0.19225896439519144,0.0011214123373965792,-0.12592830846227868,104.7600000000001,residual_strongly_aligned;cai_freshening_conflict
NGW-051,Birimian fractured basement aquifer,Birimian Supergroup,metavolcanic–metasedimentary rocks,North East Region,Chereponi,False,0.0,EC02,MgNa_exch,ion_exchange,Ca;Mg;Na;K;HCO3;Cl;SO4;NO3;F,0.54,0.9231163463866358,-0.6534596912060525,rock,rock,neutral,freshening,oxic,oxic,0.0024352937741443006,-0.19225896439519144,0.0011214123373965792,-0.12592830846227868,104.7600000000001,residual_opposed;cai_freshening_support
NGW-051,Birimian fractured basement aquifer,Birimian Supergroup,metavolcanic–metasedimentary rocks,North East Region,Chereponi,False,0.0,EC02,NaMg_exch,ion_exchange,Ca;Mg;Na;K;HCO3;Cl;SO4;NO3;F,0.48,1.0408107741923882,0.6534596912060525,rock,rock,neutral,freshening,oxic,oxic,0.0024352937741443006,-0.19225896439519144,0.0011214123373965792,-0.12592830846227868,104.7600000000001,residual_strongly_aligned;cai_freshening_conflict
NGW-052,Birimian fractured basement aquifer,Birimian Supergroup,phyllite–schist fractured zone,North East Region,Gambaga,False,0.0,EC05,calcite,carbonate,Ca;Mg;Na;K;HCO3;Cl;SO4;NO3;F,0.8799999999999999,0.46766642700990935,0.519032918073546,rock,rock,freshening,freshening,oxic,oxic,-0.16819099002393173,-0.2232681767370383,-0.07019566059095057,-0.1038574878520844,212.64999999999998,residual_weakly_aligned;gibbs_rock_support;carbonate_alkalinity_support;undersaturated_dissolution_support
NGW-052,Birimian fractured basement aquifer,Birimian Supergroup,phyllite–schist fractured zone,North East Region,Gambaga,True,0.21148916013183156,EC08,dolomite,carbonate,Ca;Mg;Na;K;HCO3;Cl;SO4;NO3;F,0.8799999999999999,0.46766642700990935,0.5329365100633,rock,rock,freshening,freshening,oxic,oxic,-0.16819099002393173,-0.2232681767370383,-0.07019566059095057,-0.1038574878520844,212.64999999999998,residual_weakly_aligned;gibbs_rock_support;carbonate_alkalinity_support;undersaturated_dissolution_support
NGW-052,Birimian fractured basement aquifer,Birimian Supergroup,phyllite–schist fractured zone,North East Region,Gambaga,False,0.0,EC04,albite,silicate,Ca;Mg;Na;K;HCO3;Cl;SO4;NO3;F,0.8799999999999999,0.46766642700990935,0.7279380867265748,rock,rock,freshening,freshening,oxic,oxic,-0.16819099002393173,-0.2232681767370383,-0.07019566059095057,-0.1038574878520844,212.64999999999998,residual_strongly_aligned;gibbs_rock_support;albite_na_alkalinity_support
NGW-052,Birimian fractured basement aquifer,Birimian Supergroup,phyllite–schist fractured zone,North East Region,Gambaga,False,0.0,EC05,anorthite,silicate,Ca;Mg;Na;K;HCO3;Cl;SO4;NO3;F,0.7799999999999999,0.571209063848815,0.519032918073546,rock,rock,freshening,freshening,oxic,oxic,-0.16819099002393173,-0.2232681767370383,-0.07019566059095057,-0.1038574878520844,212.64999999999998,residual_weakly_aligned;gibbs_rock_support;carbonate_alkalinity_support
NGW-052,Birimian fractured basement aquifer,Birimian Supergroup,phyllite–schist fractured zone,North East Region,Gambaga,True,0.052987390713214885,EC12,k_feldspar,silicate,Ca;Mg;Na;K;HCO3;Cl;SO4;NO3;F,0.7799999999999999,0.571209063848815,0.33918541836225924,rock,rock,freshening,freshening,oxic,oxic,-0.16819099002393173,-0.2232681767370383,-0.07019566059095057,-0.1038574878520844,212.64999999999998,residual_weakly_aligned;gibbs_rock_support;k_feldspar_k_alkalinity_support
NGW-052,Birimian fractured basement aquifer,Birimian Supergroup,phyllite–schist fractured zone,North East Region,Gambaga,True,0.29881323565828033,EC10,gypsum,evaporite,Ca;Mg;Na;K;HCO3;Cl;SO4;NO3;F,0.88,0.46766642700990924,0.31181185132882966,rock,rock,freshening,freshening,oxic,oxic,-0.16819099002393173,-0.2232681767370383,-0.07019566059095057,-0.1038574878520844,212.64999999999998,residual_weakly_aligned;gypsum_ca_so4_support;undersaturated_dissolution_support;salinity_increase_support
NGW-052,Birimian fractured basement aquifer,Birimian Supergroup,phyllite–schist fractured zone,North East Region,Gambaga,True,1.0222190155449895,EC11,halite,evaporite,Ca;Mg;Na;K;HCO3;Cl;SO4;NO3;F,0.95,0.40656965974059917,0.7747269123526083,rock,rock,freshening,freshening,oxic,oxic,-0.16819099002393173,-0.2232681767370383,-0.07019566059095057,-0.1038574878520844,212.64999999999998,residual_strongly_aligned;halite_na_cl_support;undersaturated_dissolution_support;salinity_increase_support
NGW-052,Birimian fractured basement aquifer,Birimian Supergroup,phyllite–schist fractured zone,North East Region,Gambaga,False,-0.011469536896822436,EC09,fluorite,trace_mineral,Ca;Mg;Na;K;HCO3;Cl;SO4;NO3;F,0.58,0.8521437889662115,0.1307133156547583,rock,rock,freshening,freshening,oxic,oxic,-0.16819099002393173,-0.2232681767370383,-0.07019566059095057,-0.1038574878520844,212.64999999999998,gibbs_rock_support
NGW-052,Birimian fractured basement aquifer,Birimian Supergroup,phyllite–schist fractured zone,North East Region,Gambaga,True,0.05815923414827642,EC06,apatite,trace_mineral,Ca;Mg;Na;K;HCO3;Cl;SO4;NO3;F,0.6799999999999999,0.6976763260710311,0.2879714966538956,rock,rock,freshening,freshening,oxic,oxic,-0.16819099002393173,-0.2232681767370383,-0.07019566059095057,-0.1038574878520844,212.64999999999998,residual_weakly_aligned;gibbs_rock_support
NGW-052,Birimian fractured basement aquifer,Birimian Supergroup,phyllite–schist fractured zone,North East Region,Gambaga,False,0.0,EC13,pyrite_oxidation,redox,Ca;Mg;Na;K;HCO3;Cl;SO4;NO3;F,0.5,1.0,0.14713958214400094,rock,rock,freshening,freshening,oxic,oxic,-0.16819099002393173,-0.2232681767370383,-0.07019566059095057,-0.1038574878520844,212.64999999999998,
NGW-052,Birimian fractured basement aquifer,Birimian Supergroup,phyllite–schist fractured zone,North East Region,Gambaga,True,0.399944213333685,EC03,NO3src,anthropogenic,Ca;Mg;Na;K;HCO3;Cl;SO4;NO3;F,0.6799999999999999,0.6976763260710311,0.2063337354195358,rock,rock,freshening,freshening,oxic,oxic,-0.16819099002393173,-0.2232681767370383,-0.07019566059095057,-0.1038574878520844,212.64999999999998,nitrate_increase_support
NGW-052,Birimian fractured basement aquifer,Birimian Supergroup,phyllite–schist fractured zone,North East Region,Gambaga,False,0.0,EC07,denit,redox,Ca;Mg;Na;K;HCO3;Cl;SO4;NO3;F,0.33999999999999997,1.3771277643359572,0.16054733941936425,rock,rock,freshening,freshening,oxic,oxic,-0.16819099002393173,-0.2232681767370383,-0.07019566059095057,-0.1038574878520844,212.64999999999998,denitrification_no3_conflict
NGW-052,Birimian fractured basement aquifer,Birimian Supergroup,phyllite–schist fractured zone,North East Region,Gambaga,False,0.0,EC01,CaNa_exch,ion_exchange,Ca;Mg;Na;K;HCO3;Cl;SO4;NO3;F,0.54,0.9231163463866358,-0.401744021782918,rock,rock,freshening,freshening,oxic,oxic,-0.16819099002393173,-0.2232681767370383,-0.07019566059095057,-0.1038574878520844,212.64999999999998,residual_opposed;cai_freshening_support
NGW-052,Birimian fractured basement aquifer,Birimian Supergroup,phyllite–schist fractured zone,North East Region,Gambaga,True,0.2181010374152349,EC01,NaCa_exch,ion_exchange,Ca;Mg;Na;K;HCO3;Cl;SO4;NO3;F,0.38,1.2712491503214047,0.401744021782918,rock,rock,freshening,freshening,oxic,oxic,-0.16819099002393173,-0.2232681767370383,-0.07019566059095057,-0.1038574878520844,212.64999999999998,residual_weakly_aligned;cai_freshening_conflict
NGW-052,Birimian fractured basement aquifer,Birimian Supergroup,phyllite–schist fractured zone,North East Region,Gambaga,True,0.13971187430726356,EC02,MgNa_exch,ion_exchange,Ca;Mg;Na;K;HCO3;Cl;SO4;NO3;F,0.54,0.9231163463866358,-0.4286339258932456,rock,rock,freshening,freshening,oxic,oxic,-0.16819099002393173,-0.2232681767370383,-0.07019566059095057,-0.1038574878520844,212.64999999999998,residual_opposed;cai_freshening_support
NGW-052,Birimian fractured basement aquifer,Birimian Supergroup,phyllite–schist fractured zone,North East Region,Gambaga,False,0.0,EC02,NaMg_exch,ion_exchange,Ca;Mg;Na;K;HCO3;Cl;SO4;NO3;F,0.38,1.2712491503214047,0.4286339258932456,rock,rock,freshening,freshening,oxic,oxic,-0.16819099002393173,-0.2232681767370383,-0.07019566059095057,-0.1038574878520844,212.64999999999998,residual_weakly_aligned;cai_freshening_conflict
NGW-053,Middle Voltaian sedimentary aquifer,Voltaian Supergroup,sandstone–shale interbeds,North East Region,Yunyoo-Nasuan,False,0.0,EC05,calcite,carbonate,Ca;Mg;Na;K;HCO3;Cl;SO4;NO3;F,0.95,0.40656965974059917,0.5566109199857588,rock,rock,freshening,freshening,oxic,oxic,-0.6031307340374854,-0.35503863807721664,-0.18387194445198685,-0.13501240454076302,112.50999999999999,residual_strongly_aligned;gibbs_rock_support;carbonate_alkalinity_support;undersaturated_dissolution_support
NGW-053,Middle Voltaian sedimentary aquifer,Voltaian Supergroup,sandstone–shale interbeds,North East Region,Yunyoo-Nasuan,True,0.12552430229554293,EC08,dolomite,carbonate,Ca;Mg;Na;K;HCO3;Cl;SO4;NO3;F,0.95,0.40656965974059917,0.5599384469290997,rock,rock,freshening,freshening,oxic,oxic,-0.6031307340374854,-0.35503863807721664,-0.18387194445198685,-0.13501240454076302,112.50999999999999,residual_strongly_aligned;gibbs_rock_support;carbonate_alkalinity_support;undersaturated_dissolution_support
NGW-053,Middle Voltaian sedimentary aquifer,Voltaian Supergroup,sandstone–shale interbeds,North East Region,Yunyoo-Nasuan,False,0.0,EC04,albite,silicate,Ca;Mg;Na;K;HCO3;Cl;SO4;NO3;F,0.8799999999999999,0.46766642700990935,0.7061108826136442,rock,rock,freshening,freshening,oxic,oxic,-0.6031307340374854,-0.35503863807721664,-0.18387194445198685,-0.13501240454076302,112.50999999999999,residual_strongly_aligned;gibbs_rock_support;albite_na_alkalinity_support
NGW-053,Middle Voltaian sedimentary aquifer,Voltaian Supergroup,sandstone–shale interbeds,North East Region,Yunyoo-Nasuan,False,0.0,EC05,anorthite,silicate,Ca;Mg;Na;K;HCO3;Cl;SO4;NO3;F,0.8799999999999999,0.46766642700990935,0.5566109199857588,rock,rock,freshening,freshening,oxic,oxic,-0.6031307340374854,-0.35503863807721664,-0.18387194445198685,-0.13501240454076302,112.50999999999999,residual_strongly_aligned;gibbs_rock_support;carbonate_alkalinity_support
NGW-053,Middle Voltaian sedimentary aquifer,Voltaian Supergroup,sandstone–shale interbeds,North East Region,Yunyoo-Nasuan,False,0.019771146333989312,EC12,k_feldspar,silicate,Ca;Mg;Na;K;HCO3;Cl;SO4;NO3;F,0.7799999999999999,0.571209063848815,0.3622320986143432,rock,rock,freshening,freshening,oxic,oxic,-0.6031307340374854,-0.35503863807721664,-0.18387194445198685,-0.13501240454076302,112.50999999999999,residual_weakly_aligned;gibbs_rock_support;k_feldspar_k_alkalinity_support
NGW-053,Middle Voltaian sedimentary aquifer,Voltaian Supergroup,sandstone–shale interbeds,North East Region,Yunyoo-Nasuan,True,0.18960251086030522,EC10,gypsum,evaporite,Ca;Mg;Na;K;HCO3;Cl;SO4;NO3;F,0.88,0.46766642700990924,0.3569467676875738,rock,rock,freshening,freshening,oxic,oxic,-0.6031307340374854,-0.35503863807721664,-0.18387194445198685,-0.13501240454076302,112.50999999999999,residual_weakly_aligned;gypsum_ca_so4_support;undersaturated_dissolution_support;salinity_increase_support
NGW-053,Middle Voltaian sedimentary aquifer,Voltaian Supergroup,sandstone–shale interbeds,North East Region,Yunyoo-Nasuan,True,0.6149750593013891,EC11,halite,evaporite,Ca;Mg;Na;K;HCO3;Cl;SO4;NO3;F,0.95,0.40656965974059917,0.7791014422284878,rock,rock,freshening,freshening,oxic,oxic,-0.6031307340374854,-0.35503863807721664,-0.18387194445198685,-0.13501240454076302,112.50999999999999,residual_strongly_aligned;halite_na_cl_support;undersaturated_dissolution_support;salinity_increase_support
NGW-053,Middle Voltaian sedimentary aquifer,Voltaian Supergroup,sandstone–shale interbeds,North East Region,Yunyoo-Nasuan,False,-0.0,EC09,fluorite,trace_mineral,Ca;Mg;Na;K;HCO3;Cl;SO4;NO3;F,0.58,0.8521437889662115,0.12605133526723472,rock,rock,freshening,freshening,oxic,oxic,-0.6031307340374854,-0.35503863807721664,-0.18387194445198685,-0.13501240454076302,112.50999999999999,gibbs_rock_support
NGW-053,Middle Voltaian sedimentary aquifer,Voltaian Supergroup,sandstone–shale interbeds,North East Region,Yunyoo-Nasuan,False,0.0,EC06,apatite,trace_mineral,Ca;Mg;Na;K;HCO3;Cl;SO4;NO3;F,0.6799999999999999,0.6976763260710311,0.28557289120547225,rock,rock,freshening,freshening,oxic,oxic,-0.6031307340374854,-0.35503863807721664,-0.18387194445198685,-0.13501240454076302,112.50999999999999,residual_weakly_aligned;gibbs_rock_support
NGW-053,Middle Voltaian sedimentary aquifer,Voltaian Supergroup,sandstone–shale interbeds,North East Region,Yunyoo-Nasuan,False,0.013445810303369067,EC13,pyrite_oxidation,redox,Ca;Mg;Na;K;HCO3;Cl;SO4;NO3;F,0.5,1.0,0.21252961154150848,rock,rock,freshening,freshening,oxic,oxic,-0.6031307340374854,-0.35503863807721664,-0.18387194445198685,-0.13501240454076302,112.50999999999999,
NGW-053,Middle Voltaian sedimentary aquifer,Voltaian Supergroup,sandstone–shale interbeds,North East Region,Yunyoo-Nasuan,False,0.011594228251068959,EC03,NO3src,anthropogenic,Ca;Mg;Na;K;HCO3;Cl;SO4;NO3;F,0.6799999999999999,0.6976763260710311,0.028271802380096626,rock,rock,freshening,freshening,oxic,oxic,-0.6031307340374854,-0.35503863807721664,-0.18387194445198685,-0.13501240454076302,112.50999999999999,nitrate_increase_support
NGW-053,Middle Voltaian sedimentary aquifer,Voltaian Supergroup,sandstone–shale interbeds,North East Region,Yunyoo-Nasuan,False,0.0,EC07,denit,redox,Ca;Mg;Na;K;HCO3;Cl;SO4;NO3;F,0.43999999999999995,1.1274968515793757,0.3167155671580361,rock,rock,freshening,freshening,oxic,oxic,-0.6031307340374854,-0.35503863807721664,-0.18387194445198685,-0.13501240454076302,112.50999999999999,residual_weakly_aligned;denitrification_no3_conflict
NGW-053,Middle Voltaian sedimentary aquifer,Voltaian Supergroup,sandstone–shale interbeds,North East Region,Yunyoo-Nasuan,False,0.0,EC01,CaNa_exch,ion_exchange,Ca;Mg;Na;K;HCO3;Cl;SO4;NO3;F,0.54,0.9231163463866358,-0.3365565478906027,rock,rock,freshening,freshening,oxic,oxic,-0.6031307340374854,-0.35503863807721664,-0.18387194445198685,-0.13501240454076302,112.50999999999999,residual_opposed;cai_freshening_support
NGW-053,Middle Voltaian sedimentary aquifer,Voltaian Supergroup,sandstone–shale interbeds,North East Region,Yunyoo-Nasuan,False,0.0,EC01,NaCa_exch,ion_exchange,Ca;Mg;Na;K;HCO3;Cl;SO4;NO3;F,0.38,1.2712491503214047,0.3365565478906027,rock,rock,freshening,freshening,oxic,oxic,-0.6031307340374854,-0.35503863807721664,-0.18387194445198685,-0.13501240454076302,112.50999999999999,residual_weakly_aligned;cai_freshening_conflict
NGW-053,Middle Voltaian sedimentary aquifer,Voltaian Supergroup,sandstone–shale interbeds,North East Region,Yunyoo-Nasuan,False,0.019228113495857044,EC02,MgNa_exch,ion_exchange,Ca;Mg;Na;K;HCO3;Cl;SO4;NO3;F,0.54,0.9231163463866358,-0.3873698827861585,rock,rock,freshening,freshening,oxic,oxic,-0.6031307340374854,-0.35503863807721664,-0.18387194445198685,-0.13501240454076302,112.50999999999999,residual_opposed;cai_freshening_support
NGW-053,Middle Voltaian sedimentary aquifer,Voltaian Supergroup,sandstone–shale interbeds,North East Region,Yunyoo-Nasuan,False,0.0,EC02,NaMg_exch,ion_exchange,Ca;Mg;Na;K;HCO3;Cl;SO4;NO3;F,0.38,1.2712491503214047,0.3873698827861585,rock,rock,freshening,freshening,oxic,oxic,-0.6031307340374854,-0.35503863807721664,-0.18387194445198685,-0.13501240454076302,112.50999999999999,residual_weakly_aligned;cai_freshening_conflict
NGW-054,Middle Voltaian sedimentary aquifer,Voltaian Supergroup,mudstone–sandstone sequence,North East Region,Bunkpurugu,False,0.0,EC05,calcite,carbonate,Ca;Mg;Na;K;HCO3;Cl;SO4;NO3;F,0.95,0.40656965974059917,0.8780530427012954,rock,rock,freshening,freshening,oxic,oxic,-0.4422544542714646,-0.3934395950863431,-0.19565263081921735,-0.14564410746927842,141.49,residual_strongly_aligned;gibbs_rock_support;carbonate_alkalinity_support;undersaturated_dissolution_support
NGW-054,Middle Voltaian sedimentary aquifer,Voltaian Supergroup,mudstone–sandstone sequence,North East Region,Bunkpurugu,True,0.27642445468491084,EC08,dolomite,carbonate,Ca;Mg;Na;K;HCO3;Cl;SO4;NO3;F,0.95,0.40656965974059917,0.9067225534803621,rock,rock,freshening,freshening,oxic,oxic,-0.4422544542714646,-0.3934395950863431,-0.19565263081921735,-0.14564410746927842,141.49,residual_strongly_aligned;gibbs_rock_support;carbonate_alkalinity_support;undersaturated_dissolution_support
NGW-054,Middle Voltaian sedimentary aquifer,Voltaian Supergroup,mudstone–sandstone sequence,North East Region,Bunkpurugu,False,0.0,EC04,albite,silicate,Ca;Mg;Na;K;HCO3;Cl;SO4;NO3;F,0.8799999999999999,0.46766642700990935,0.7664585622648971,rock,rock,freshening,freshening,oxic,oxic,-0.4422544542714646,-0.3934395950863431,-0.19565263081921735,-0.14564410746927842,141.49,residual_strongly_aligned;gibbs_rock_support;albite_na_alkalinity_support
NGW-054,Middle Voltaian sedimentary aquifer,Voltaian Supergroup,mudstone–sandstone sequence,North East Region,Bunkpurugu,False,0.0,EC05,anorthite,silicate,Ca;Mg;Na;K;HCO3;Cl;SO4;NO3;F,0.8799999999999999,0.46766642700990935,0.8780530427012954,rock,rock,freshening,freshening,oxic,oxic,-0.4422544542714646,-0.3934395950863431,-0.19565263081921735,-0.14564410746927842,141.49,residual_strongly_aligned;gibbs_rock_support;carbonate_alkalinity_support
NGW-054,Middle Voltaian sedimentary aquifer,Voltaian Supergroup,mudstone–sandstone sequence,North East Region,Bunkpurugu,True,0.03743588471383152,EC12,k_feldspar,silicate,Ca;Mg;Na;K;HCO3;Cl;SO4;NO3;F,0.8799999999999999,0.46766642700990935,0.6079925609711018,rock,rock,freshening,freshening,oxic,oxic,-0.4422544542714646,-0.3934395950863431,-0.19565263081921735,-0.14564410746927842,141.49,residual_strongly_aligned;gibbs_rock_support;k_feldspar_k_alkalinity_support
NGW-054,Middle Voltaian sedimentary aquifer,Voltaian Supergroup,mudstone–sandstone sequence,North East Region,Bunkpurugu,True,0.17473944763419788,EC10,gypsum,evaporite,Ca;Mg;Na;K;HCO3;Cl;SO4;NO3;F,0.88,0.46766642700990924,0.3297306784421648,rock,rock,freshening,freshening,oxic,oxic,-0.4422544542714646,-0.3934395950863431,-0.19565263081921735,-0.14564410746927842,141.49,residual_weakly_aligned;gypsum_ca_so4_support;undersaturated_dissolution_support;salinity_increase_support
NGW-054,Middle Voltaian sedimentary aquifer,Voltaian Supergroup,mudstone–sandstone sequence,North East Region,Bunkpurugu,True,0.3556626982850585,EC11,halite,evaporite,Ca;Mg;Na;K;HCO3;Cl;SO4;NO3;F,0.9,0.44932896411722156,0.37359675445463764,rock,rock,freshening,freshening,oxic,oxic,-0.4422544542714646,-0.3934395950863431,-0.19565263081921735,-0.14564410746927842,141.49,residual_weakly_aligned;halite_na_cl_support;undersaturated_dissolution_support;salinity_increase_support
NGW-054,Middle Voltaian sedimentary aquifer,Voltaian Supergroup,mudstone–sandstone sequence,North East Region,Bunkpurugu,False,-0.0,EC09,fluorite,trace_mineral,Ca;Mg;Na;K;HCO3;Cl;SO4;NO3;F,0.58,0.8521437889662115,0.14313752603335925,rock,rock,freshening,freshening,oxic,oxic,-0.4422544542714646,-0.3934395950863431,-0.19565263081921735,-0.14564410746927842,141.49,gibbs_rock_support
NGW-054,Middle Voltaian sedimentary aquifer,Voltaian Supergroup,mudstone–sandstone sequence,North East Region,Bunkpurugu,False,0.0,EC06,apatite,trace_mineral,Ca;Mg;Na;K;HCO3;Cl;SO4;NO3;F,0.6799999999999999,0.6976763260710311,0.3270648337965979,rock,rock,freshening,freshening,oxic,oxic,-0.4422544542714646,-0.3934395950863431,-0.19565263081921735,-0.14564410746927842,141.49,residual_weakly_aligned;gibbs_rock_support
NGW-054,Middle Voltaian sedimentary aquifer,Voltaian Supergroup,mudstone–sandstone sequence,North East Region,Bunkpurugu,False,0.0,EC13,pyrite_oxidation,redox,Ca;Mg;Na;K;HCO3;Cl;SO4;NO3;F,0.5,1.0,0.1312701861460659,rock,rock,freshening,freshening,oxic,oxic,-0.4422544542714646,-0.3934395950863431,-0.19565263081921735,-0.14564410746927842,141.49,
NGW-054,Middle Voltaian sedimentary aquifer,Voltaian Supergroup,mudstone–sandstone sequence,North East Region,Bunkpurugu,False,0.0186551370703033,EC03,NO3src,anthropogenic,Ca;Mg;Na;K;HCO3;Cl;SO4;NO3;F,0.6799999999999999,0.6976763260710311,0.027413963949475678,rock,rock,freshening,freshening,oxic,oxic,-0.4422544542714646,-0.3934395950863431,-0.19565263081921735,-0.14564410746927842,141.49,nitrate_increase_support
NGW-054,Middle Voltaian sedimentary aquifer,Voltaian Supergroup,mudstone–sandstone sequence,North East Region,Bunkpurugu,False,0.0,EC07,denit,redox,Ca;Mg;Na;K;HCO3;Cl;SO4;NO3;F,0.5399999999999999,0.923116346386636,0.5563229607110862,rock,rock,freshening,freshening,oxic,oxic,-0.4422544542714646,-0.3934395950863431,-0.19565263081921735,-0.14564410746927842,141.49,residual_strongly_aligned;denitrification_no3_conflict
NGW-054,Middle Voltaian sedimentary aquifer,Voltaian Supergroup,mudstone–sandstone sequence,North East Region,Bunkpurugu,False,0.0,EC01,CaNa_exch,ion_exchange,Ca;Mg;Na;K;HCO3;Cl;SO4;NO3;F,0.72,0.6440364210831414,-0.09144887285672815,rock,rock,freshening,freshening,oxic,oxic,-0.4422544542714646,-0.3934395950863431,-0.19565263081921735,-0.14564410746927842,141.49,cai_freshening_support
NGW-054,Middle Voltaian sedimentary aquifer,Voltaian Supergroup,mudstone–sandstone sequence,North East Region,Bunkpurugu,False,0.0,EC01,NaCa_exch,ion_exchange,Ca;Mg;Na;K;HCO3;Cl;SO4;NO3;F,0.28,1.552707218511336,0.09144887285672815,rock,rock,freshening,freshening,oxic,oxic,-0.4422544542714646,-0.3934395950863431,-0.19565263081921735,-0.14564410746927842,141.49,cai_freshening_conflict
NGW-054,Middle Voltaian sedimentary aquifer,Voltaian Supergroup,mudstone–sandstone sequence,North East Region,Bunkpurugu,False,0.0,EC02,MgNa_exch,ion_exchange,Ca;Mg;Na;K;HCO3;Cl;SO4;NO3;F,0.72,0.6440364210831414,-0.12716987335425245,rock,rock,freshening,freshening,oxic,oxic,-0.4422544542714646,-0.3934395950863431,-0.19565263081921735,-0.14564410746927842,141.49,cai_freshening_support
NGW-054,Middle Voltaian sedimentary aquifer,Voltaian Supergroup,mudstone–sandstone sequence,North East Region,Bunkpurugu,False,0.0,EC02,NaMg_exch,ion_exchange,Ca;Mg;Na;K;HCO3;Cl;SO4;NO3;F,0.28,1.552707218511336,0.12716987335425245,rock,rock,freshening,freshening,oxic,oxic,-0.4422544542714646,-0.3934395950863431,-0.19565263081921735,-0.14564410746927842,141.49,cai_freshening_conflict
NGW-055,Middle Voltaian sedimentary aquifer,Voltaian Supergroup,sandstone–shale interbeds,North East Region,Bunkpurugu,False,0.0,EC05,calcite,carbonate,Ca;Mg;Na;K;HCO3;Cl;SO4;NO3;F,0.95,0.40656965974059917,0.6097211612316056,rock,rock,freshening,freshening,oxic,oxic,-0.7875261993909198,-0.46013215449192446,-0.29701483930325984,-0.19513168610417655,188.06,residual_strongly_aligned;gibbs_rock_support;carbonate_alkalinity_support;undersaturated_dissolution_support
NGW-055,Middle Voltaian sedimentary aquifer,Voltaian Supergroup,sandstone–shale interbeds,North East Region,Bunkpurugu,True,0.2001740168349552,EC08,dolomite,carbonate,Ca;Mg;Na;K;HCO3;Cl;SO4;NO3;F,0.95,0.40656965974059917,0.6154807538333804,rock,rock,freshening,freshening,oxic,oxic,-0.7875261993909198,-0.46013215449192446,-0.29701483930325984,-0.19513168610417655,188.06,residual_strongly_aligned;gibbs_rock_support;carbonate_alkalinity_support;undersaturated_dissolution_support
NGW-055,Middle Voltaian sedimentary aquifer,Voltaian Supergroup,sandstone–shale interbeds,North East Region,Bunkpurugu,False,0.0,EC04,albite,silicate,Ca;Mg;Na;K;HCO3;Cl;SO4;NO3;F,0.8799999999999999,0.46766642700990935,0.6943140771252115,rock,rock,freshening,freshening,oxic,oxic,-0.7875261993909198,-0.46013215449192446,-0.29701483930325984,-0.19513168610417655,188.06,residual_strongly_aligned;gibbs_rock_support;albite_na_alkalinity_support
NGW-055,Middle Voltaian sedimentary aquifer,Voltaian Supergroup,sandstone–shale interbeds,North East Region,Bunkpurugu,False,0.0,EC05,anorthite,silicate,Ca;Mg;Na;K;HCO3;Cl;SO4;NO3;F,0.8799999999999999,0.46766642700990935,0.6097211612316056,rock,rock,freshening,freshening,oxic,oxic,-0.7875261993909198,-0.46013215449192446,-0.29701483930325984,-0.19513168610417655,188.06,residual_strongly_aligned;gibbs_rock_support;carbonate_alkalinity_support
NGW-055,Middle Voltaian sedimentary aquifer,Voltaian Supergroup,sandstone–shale interbeds,North East Region,Bunkpurugu,True,0.07969957922630093,EC12,k_feldspar,silicate,Ca;Mg;Na;K;HCO3;Cl;SO4;NO3;F,0.7799999999999999,0.571209063848815,0.40989217046856563,rock,rock,freshening,freshening,oxic,oxic,-0.7875261993909198,-0.46013215449192446,-0.29701483930325984,-0.19513168610417655,188.06,residual_weakly_aligned;gibbs_rock_support;k_feldspar_k_alkalinity_support
NGW-055,Middle Voltaian sedimentary aquifer,Voltaian Supergroup,sandstone–shale interbeds,North East Region,Bunkpurugu,True,0.33601158441791856,EC10,gypsum,evaporite,Ca;Mg;Na;K;HCO3;Cl;SO4;NO3;F,0.88,0.46766642700990924,0.3840680157115007,rock,rock,freshening,freshening,oxic,oxic,-0.7875261993909198,-0.46013215449192446,-0.29701483930325984,-0.19513168610417655,188.06,residual_weakly_aligned;gypsum_ca_so4_support;undersaturated_dissolution_support;salinity_increase_support
NGW-055,Middle Voltaian sedimentary aquifer,Voltaian Supergroup,sandstone–shale interbeds,North East Region,Bunkpurugu,True,0.9096085368417773,EC11,halite,evaporite,Ca;Mg;Na;K;HCO3;Cl;SO4;NO3;F,0.95,0.40656965974059917,0.7114080705588409,rock,rock,freshening,freshening,oxic,oxic,-0.7875261993909198,-0.46013215449192446,-0.29701483930325984,-0.19513168610417655,188.06,residual_strongly_aligned;halite_na_cl_support;undersaturated_dissolution_support;salinity_increase_support
NGW-055,Middle Voltaian sedimentary aquifer,Voltaian Supergroup,sandstone–shale interbeds,North East Region,Bunkpurugu,False,-0.0,EC09,fluorite,trace_mineral,Ca;Mg;Na;K;HCO3;Cl;SO4;NO3;F,0.58,0.8521437889662115,0.14547820015861904,rock,rock,freshening,freshening,oxic,oxic,-0.7875261993909198,-0.46013215449192446,-0.29701483930325984,-0.19513168610417655,188.06,gibbs_rock_support
NGW-055,Middle Voltaian sedimentary aquifer,Voltaian Supergroup,sandstone–shale interbeds,North East Region,Bunkpurugu,False,0.0049380918471010025,EC06,apatite,trace_mineral,Ca;Mg;Na;K;HCO3;Cl;SO4;NO3;F,0.6799999999999999,0.6976763260710311,0.33368621375767143,rock,rock,freshening,freshening,oxic,oxic,-0.7875261993909198,-0.46013215449192446,-0.29701483930325984,-0.19513168610417655,188.06,residual_weakly_aligned;gibbs_rock_support
NGW-055,Middle Voltaian sedimentary aquifer,Voltaian Supergroup,sandstone–shale interbeds,North East Region,Bunkpurugu,False,0.0,EC13,pyrite_oxidation,redox,Ca;Mg;Na;K;HCO3;Cl;SO4;NO3;F,0.5,1.0,0.2011935427000909,rock,rock,freshening,freshening,oxic,oxic,-0.7875261993909198,-0.46013215449192446,-0.29701483930325984,-0.19513168610417655,188.06,
NGW-055,Middle Voltaian sedimentary aquifer,Voltaian Supergroup,sandstone–shale interbeds,North East Region,Bunkpurugu,True,0.2049668447901348,EC03,NO3src,anthropogenic,Ca;Mg;Na;K;HCO3;Cl;SO4;NO3;F,0.6799999999999999,0.6976763260710311,0.13235480038046532,rock,rock,freshening,freshening,oxic,oxic,-0.7875261993909198,-0.46013215449192446,-0.29701483930325984,-0.19513168610417655,188.06,nitrate_increase_support
NGW-055,Middle Voltaian sedimentary aquifer,Voltaian Supergroup,sandstone–shale interbeds,North East Region,Bunkpurugu,False,0.0,EC07,denit,redox,Ca;Mg;Na;K;HCO3;Cl;SO4;NO3;F,0.43999999999999995,1.1274968515793757,0.2675365762333778,rock,rock,freshening,freshening,oxic,oxic,-0.7875261993909198,-0.46013215449192446,-0.29701483930325984,-0.19513168610417655,188.06,residual_weakly_aligned;denitrification_no3_conflict
NGW-055,Middle Voltaian sedimentary aquifer,Voltaian Supergroup,sandstone–shale interbeds,North East Region,Bunkpurugu,False,0.0,EC01,CaNa_exch,ion_exchange,Ca;Mg;Na;K;HCO3;Cl;SO4;NO3;F,0.54,0.9231163463866358,-0.26852439686178703,rock,rock,freshening,freshening,oxic,oxic,-0.7875261993909198,-0.46013215449192446,-0.29701483930325984,-0.19513168610417655,188.06,residual_opposed;cai_freshening_support
NGW-055,Middle Voltaian sedimentary aquifer,Voltaian Supergroup,sandstone–shale interbeds,North East Region,Bunkpurugu,False,0.0016597231358970166,EC01,NaCa_exch,ion_exchange,Ca;Mg;Na;K;HCO3;Cl;SO4;NO3;F,0.38,1.2712491503214047,0.26852439686178703,rock,rock,freshening,freshening,oxic,oxic,-0.7875261993909198,-0.46013215449192446,-0.29701483930325984,-0.19513168610417655,188.06,residual_weakly_aligned;cai_freshening_conflict
NGW-055,Middle Voltaian sedimentary aquifer,Voltaian Supergroup,sandstone–shale interbeds,North East Region,Bunkpurugu,True,0.07165900886496282,EC02,MgNa_exch,ion_exchange,Ca;Mg;Na;K;HCO3;Cl;SO4;NO3;F,0.54,0.9231163463866358,-0.3201740964584628,rock,rock,freshening,freshening,oxic,oxic,-0.7875261993909198,-0.46013215449192446,-0.29701483930325984,-0.19513168610417655,188.06,residual_opposed;cai_freshening_support
NGW-055,Middle Voltaian sedimentary aquifer,Voltaian Supergroup,sandstone–shale interbeds,North East Region,Bunkpurugu,False,0.0,EC02,NaMg_exch,ion_exchange,Ca;Mg;Na;K;HCO3;Cl;SO4;NO3;F,0.38,1.2712491503214047,0.3201740964584628,rock,rock,freshening,freshening,oxic,oxic,-0.7875261993909198,-0.46013215449192446,-0.29701483930325984,-0.19513168610417655,188.06,residual_weakly_aligned;cai_freshening_conflict
NGW-056,Middle Voltaian sedimentary aquifer,Voltaian Supergroup,sandstone–shale interbeds,North East Region,Gambaga,True,0.19665814431644854,EC05,calcite,carbonate,Ca;Mg;Na;K;HCO3;Cl;SO4;NO3;F,0.8799999999999999,0.46766642700990935,0.8102336299913883,rock,rock,freshening,neutral,oxic,oxic,-0.3888333872186853,0.05031327415234579,-0.13883544926379074,0.022230512044905445,119.77999999999997,residual_strongly_aligned;gibbs_rock_support;carbonate_alkalinity_support
NGW-056,Middle Voltaian sedimentary aquifer,Voltaian Supergroup,sandstone–shale interbeds,North East Region,Gambaga,False,0.0008215924963406813,EC08,dolomite,carbonate,Ca;Mg;Na;K;HCO3;Cl;SO4;NO3;F,0.8799999999999999,0.46766642700990935,0.7330836475543979,rock,rock,freshening,neutral,oxic,oxic,-0.3888333872186853,0.05031327415234579,-0.13883544926379074,0.022230512044905445,119.77999999999997,residual_strongly_aligned;gibbs_rock_support;undersaturated_dissolution_support
NGW-056,Middle Voltaian sedimentary aquifer,Voltaian Supergroup,sandstone–shale interbeds,North East Region,Gambaga,False,-0.0,EC04,albite,silicate,Ca;Mg;Na;K;HCO3;Cl;SO4;NO3;F,0.7799999999999999,0.571209063848815,0.5296080136920184,rock,rock,freshening,neutral,oxic,oxic,-0.3888333872186853,0.05031327415234579,-0.13883544926379074,0.022230512044905445,119.77999999999997,residual_weakly_aligned;gibbs_rock_support;albite_na_alkalinity_support
NGW-056,Middle Voltaian sedimentary aquifer,Voltaian Supergroup,sandstone–shale interbeds,North East Region,Gambaga,True,0.19665814431644854,EC05,anorthite,silicate,Ca;Mg;Na;K;HCO3;Cl;SO4;NO3;F,0.8799999999999999,0.46766642700990935,0.8102336299913883,rock,rock,freshening,neutral,oxic,oxic,-0.3888333872186853,0.05031327415234579,-0.13883544926379074,0.022230512044905445,119.77999999999997,residual_strongly_aligned;gibbs_rock_support;carbonate_alkalinity_support
NGW-056,Middle Voltaian sedimentary aquifer,Voltaian Supergroup,sandstone–shale interbeds,North East Region,Gambaga,True,0.05618272403616477,EC12,k_feldspar,silicate,Ca;Mg;Na;K;HCO3;Cl;SO4;NO3;F,0.7799999999999999,0.571209063848815,0.4946123340517209,rock,rock,freshening,neutral,oxic,oxic,-0.3888333872186853,0.05031327415234579,-0.13883544926379074,0.022230512044905445,119.77999999999997,residual_weakly_aligned;gibbs_rock_support;k_feldspar_k_alkalinity_support
NGW-056,Middle Voltaian sedimentary aquifer,Voltaian Supergroup,sandstone–shale interbeds,North East Region,Gambaga,False,0.014632379663910091,EC10,gypsum,evaporite,Ca;Mg;Na;K;HCO3;Cl;SO4;NO3;F,0.88,0.46766642700990924,0.40688746495184874,rock,rock,freshening,neutral,oxic,oxic,-0.3888333872186853,0.05031327415234579,-0.13883544926379074,0.022230512044905445,119.77999999999997,residual_weakly_aligned;gypsum_ca_so4_support;undersaturated_dissolution_support;salinity_increase_support
NGW-056,Middle Voltaian sedimentary aquifer,Voltaian Supergroup,sandstone–shale interbeds,North East Region,Gambaga,True,0.6730551907832071,EC11,halite,evaporite,Ca;Mg;Na;K;HCO3;Cl;SO4;NO3;F,0.9,0.44932896411722156,0.4565396391377195,rock,rock,freshening,neutral,oxic,oxic,-0.3888333872186853,0.05031327415234579,-0.13883544926379074,0.022230512044905445,119.77999999999997,residual_weakly_aligned;halite_na_cl_support;undersaturated_dissolution_support;salinity_increase_support
NGW-056,Middle Voltaian sedimentary aquifer,Voltaian Supergroup,sandstone–shale interbeds,North East Region,Gambaga,False,0.0,EC09,fluorite,trace_mineral,Ca;Mg;Na;K;HCO3;Cl;SO4;NO3;F,0.6799999999999999,0.6976763260710311,0.23481691131404042,rock,rock,freshening,neutral,oxic,oxic,-0.3888333872186853,0.05031327415234579,-0.13883544926379074,0.022230512044905445,119.77999999999997,gibbs_rock_support;fluorite_ca_f_support
NGW-056,Middle Voltaian sedimentary aquifer,Voltaian Supergroup,sandstone–shale interbeds,North East Region,Gambaga,False,0.0,EC06,apatite,trace_mineral,Ca;Mg;Na;K;HCO3;Cl;SO4;NO3;F,0.6799999999999999,0.6976763260710311,0.5009073577344348,rock,rock,freshening,neutral,oxic,oxic,-0.3888333872186853,0.05031327415234579,-0.13883544926379074,0.022230512044905445,119.77999999999997,residual_weakly_aligned;gibbs_rock_support
NGW-056,Middle Voltaian sedimentary aquifer,Voltaian Supergroup,sandstone–shale interbeds,North East Region,Gambaga,False,0.026687842734328542,EC13,pyrite_oxidation,redox,Ca;Mg;Na;K;HCO3;Cl;SO4;NO3;F,0.5,1.0,0.06618063715946336,rock,rock,freshening,neutral,oxic,oxic,-0.3888333872186853,0.05031327415234579,-0.13883544926379074,0.022230512044905445,119.77999999999997,
NGW-056,Middle Voltaian sedimentary aquifer,Voltaian Supergroup,sandstone–shale interbeds,North East Region,Gambaga,False,0.0,EC03,NO3src,anthropogenic,Ca;Mg;Na;K;HCO3;Cl;SO4;NO3;F,0.5,1.0,-0.0016967004990331236,rock,rock,freshening,neutral,oxic,oxic,-0.3888333872186853,0.05031327415234579,-0.13883544926379074,0.022230512044905445,119.77999999999997,
NGW-056,Middle Voltaian sedimentary aquifer,Voltaian Supergroup,sandstone–shale interbeds,North East Region,Gambaga,False,0.0,EC07,denit,redox,Ca;Mg;Na;K;HCO3;Cl;SO4;NO3;F,0.8,0.5488116360940264,0.46170033152166096,rock,rock,freshening,neutral,oxic,oxic,-0.3888333872186853,0.05031327415234579,-0.13883544926379074,0.022230512044905445,119.77999999999997,residual_weakly_aligned;denitrification_stoichiometry_support
NGW-056,Middle Voltaian sedimentary aquifer,Voltaian Supergroup,sandstone–shale interbeds,North East Region,Gambaga,True,0.2608229782211526,EC01,CaNa_exch,ion_exchange,Ca;Mg;Na;K;HCO3;Cl;SO4;NO3;F,0.5,1.0,0.14032659385362065,rock,rock,freshening,neutral,oxic,oxic,-0.3888333872186853,0.05031327415234579,-0.13883544926379074,0.022230512044905445,119.77999999999997,
NGW-056,Middle Voltaian sedimentary aquifer,Voltaian Supergroup,sandstone–shale interbeds,North East Region,Gambaga,False,0.0,EC01,NaCa_exch,ion_exchange,Ca;Mg;Na;K;HCO3;Cl;SO4;NO3;F,0.5,1.0,-0.14032659385362065,rock,rock,freshening,neutral,oxic,oxic,-0.3888333872186853,0.05031327415234579,-0.13883544926379074,0.022230512044905445,119.77999999999997,
NGW-056,Middle Voltaian sedimentary aquifer,Voltaian Supergroup,sandstone–shale interbeds,North East Region,Gambaga,False,0.0,EC02,MgNa_exch,ion_exchange,Ca;Mg;Na;K;HCO3;Cl;SO4;NO3;F,0.5,1.0,-0.08921224111154269,rock,rock,freshening,neutral,oxic,oxic,-0.3888333872186853,0.05031327415234579,-0.13883544926379074,0.022230512044905445,119.77999999999997,
NGW-056,Middle Voltaian sedimentary aquifer,Voltaian Supergroup,sandstone–shale interbeds,North East Region,Gambaga,False,0.0,EC02,NaMg_exch,ion_exchange,Ca;Mg;Na;K;HCO3;Cl;SO4;NO3;F,0.5,1.0,0.08921224111154269,rock,rock,freshening,neutral,oxic,oxic,-0.3888333872186853,0.05031327415234579,-0.13883544926379074,0.022230512044905445,119.77999999999997,
NGW-057,Middle Voltaian sedimentary aquifer,Voltaian Supergroup,siltstone–shale unit,North East Region,Mamprugu Moagduri,False,0.0,EC05,calcite,carbonate,Ca;Mg;Na;K;HCO3;Cl;SO4;NO3;F,0.7799999999999999,0.571209063848815,0.3521527689792241,rock,rock,neutral,freshening,oxic,oxic,-0.09428391105914755,-0.6065236534398101,-0.03479471371242258,-0.2463534821848518,104.36000000000001,residual_weakly_aligned;gibbs_rock_support;undersaturated_dissolution_support
NGW-057,Middle Voltaian sedimentary aquifer,Voltaian Supergroup,siltstone–shale unit,North East Region,Mamprugu Moagduri,False,0.0,EC08,dolomite,carbonate,Ca;Mg;Na;K;HCO3;Cl;SO4;NO3;F,0.7799999999999999,0.571209063848815,0.37372583096317324,rock,rock,neutral,freshening,oxic,oxic,-0.09428391105914755,-0.6065236534398101,-0.03479471371242258,-0.2463534821848518,104.36000000000001,residual_weakly_aligned;gibbs_rock_support;undersaturated_dissolution_support
NGW-057,Middle Voltaian sedimentary aquifer,Voltaian Supergroup,siltstone–shale unit,North East Region,Mamprugu Moagduri,True,0.6375579053328333,EC04,albite,silicate,Ca;Mg;Na;K;HCO3;Cl;SO4;NO3;F,0.8799999999999999,0.46766642700990935,0.8893567786748453,rock,rock,neutral,freshening,oxic,oxic,-0.09428391105914755,-0.6065236534398101,-0.03479471371242258,-0.2463534821848518,104.36000000000001,residual_strongly_aligned;gibbs_rock_support;albite_na_alkalinity_support
NGW-057,Middle Voltaian sedimentary aquifer,Voltaian Supergroup,siltstone–shale unit,North East Region,Mamprugu Moagduri,False,0.0,EC05,anorthite,silicate,Ca;Mg;Na;K;HCO3;Cl;SO4;NO3;F,0.6799999999999999,0.6976763260710311,0.3521527689792241,rock,rock,neutral,freshening,oxic,oxic,-0.09428391105914755,-0.6065236534398101,-0.03479471371242258,-0.2463534821848518,104.36000000000001,residual_weakly_aligned;gibbs_rock_support
NGW-057,Middle Voltaian sedimentary aquifer,Voltaian Supergroup,siltstone–shale unit,North East Region,Mamprugu Moagduri,False,0.0028798067548475564,EC12,k_feldspar,silicate,Ca;Mg;Na;K;HCO3;Cl;SO4;NO3;F,0.7799999999999999,0.571209063848815,0.2911628235677591,rock,rock,neutral,freshening,oxic,oxic,-0.09428391105914755,-0.6065236534398101,-0.03479471371242258,-0.2463534821848518,104.36000000000001,residual_weakly_aligned;gibbs_rock_support;k_feldspar_k_alkalinity_support
NGW-057,Middle Voltaian sedimentary aquifer,Voltaian Supergroup,siltstone–shale unit,North East Region,Mamprugu Moagduri,True,0.0989152152097791,EC10,gypsum,evaporite,Ca;Mg;Na;K;HCO3;Cl;SO4;NO3;F,0.64,0.7557837414557255,0.05256711255789961,rock,rock,neutral,freshening,oxic,oxic,-0.09428391105914755,-0.6065236534398101,-0.03479471371242258,-0.2463534821848518,104.36000000000001,undersaturated_dissolution_support;salinity_increase_support
NGW-057,Middle Voltaian sedimentary aquifer,Voltaian Supergroup,siltstone–shale unit,North East Region,Mamprugu Moagduri,True,0.4956848073397192,EC11,halite,evaporite,Ca;Mg;Na;K;HCO3;Cl;SO4;NO3;F,0.95,0.40656965974059917,0.8259667201042009,rock,rock,neutral,freshening,oxic,oxic,-0.09428391105914755,-0.6065236534398101,-0.03479471371242258,-0.2463534821848518,104.36000000000001,residual_strongly_aligned;halite_na_cl_support;undersaturated_dissolution_support;salinity_increase_support
NGW-057,Middle Voltaian sedimentary aquifer,Voltaian Supergroup,siltstone–shale unit,North East Region,Mamprugu Moagduri,False,0.0,EC09,fluorite,trace_mineral,Ca;Mg;Na;K;HCO3;Cl;SO4;NO3;F,0.58,0.8521437889662115,0.0026652986151831674,rock,rock,neutral,freshening,oxic,oxic,-0.09428391105914755,-0.6065236534398101,-0.03479471371242258,-0.2463534821848518,104.36000000000001,gibbs_rock_support
NGW-057,Middle Voltaian sedimentary aquifer,Voltaian Supergroup,siltstone–shale unit,North East Region,Mamprugu Moagduri,False,0.0,EC06,apatite,trace_mineral,Ca;Mg;Na;K;HCO3;Cl;SO4;NO3;F,0.58,0.8521437889662115,-0.004412738178431825,rock,rock,neutral,freshening,oxic,oxic,-0.09428391105914755,-0.6065236534398101,-0.03479471371242258,-0.2463534821848518,104.36000000000001,gibbs_rock_support
NGW-057,Middle Voltaian sedimentary aquifer,Voltaian Supergroup,siltstone–shale unit,North East Region,Mamprugu Moagduri,False,0.005846285281406259,EC13,pyrite_oxidation,redox,Ca;Mg;Na;K;HCO3;Cl;SO4;NO3;F,0.5,1.0,0.08000346407465078,rock,rock,neutral,freshening,oxic,oxic,-0.09428391105914755,-0.6065236534398101,-0.03479471371242258,-0.2463534821848518,104.36000000000001,
NGW-057,Middle Voltaian sedimentary aquifer,Voltaian Supergroup,siltstone–shale unit,North East Region,Mamprugu Moagduri,False,0.0024471418255584566,EC03,NO3src,anthropogenic,Ca;Mg;Na;K;HCO3;Cl;SO4;NO3;F,0.6799999999999999,0.6976763260710311,0.013650651466656838,rock,rock,neutral,freshening,oxic,oxic,-0.09428391105914755,-0.6065236534398101,-0.03479471371242258,-0.2463534821848518,104.36000000000001,nitrate_increase_support
NGW-057,Middle Voltaian sedimentary aquifer,Voltaian Supergroup,siltstone–shale unit,North East Region,Mamprugu Moagduri,False,0.0,EC07,denit,redox,Ca;Mg;Na;K;HCO3;Cl;SO4;NO3;F,0.43999999999999995,1.1274968515793757,0.27075068006152214,rock,rock,neutral,freshening,oxic,oxic,-0.09428391105914755,-0.6065236534398101,-0.03479471371242258,-0.2463534821848518,104.36000000000001,residual_weakly_aligned;denitrification_no3_conflict
NGW-057,Middle Voltaian sedimentary aquifer,Voltaian Supergroup,siltstone–shale unit,North East Region,Mamprugu Moagduri,False,0.0,EC01,CaNa_exch,ion_exchange,Ca;Mg;Na;K;HCO3;Cl;SO4;NO3;F,0.54,0.9231163463866358,-0.7728044602698868,rock,rock,neutral,freshening,oxic,oxic,-0.09428391105914755,-0.6065236534398101,-0.03479471371242258,-0.2463534821848518,104.36000000000001,residual_opposed;cai_freshening_support
NGW-057,Middle Voltaian sedimentary aquifer,Voltaian Supergroup,siltstone–shale unit,North East Region,Mamprugu Moagduri,True,0.11734741443170274,EC01,NaCa_exch,ion_exchange,Ca;Mg;Na;K;HCO3;Cl;SO4;NO3;F,0.48,1.0408107741923882,0.7728044602698868,rock,rock,neutral,freshening,oxic,oxic,-0.09428391105914755,-0.6065236534398101,-0.03479471371242258,-0.2463534821848518,104.36000000000001,residual_strongly_aligned;cai_freshening_conflict
NGW-057,Middle Voltaian sedimentary aquifer,Voltaian Supergroup,siltstone–shale unit,North East Region,Mamprugu Moagduri,False,0.0,EC02,MgNa_exch,ion_exchange,Ca;Mg;Na;K;HCO3;Cl;SO4;NO3;F,0.54,0.9231163463866358,-0.768015090458711,rock,rock,neutral,freshening,oxic,oxic,-0.09428391105914755,-0.6065236534398101,-0.03479471371242258,-0.2463534821848518,104.36000000000001,residual_opposed;cai_freshening_support
NGW-057,Middle Voltaian sedimentary aquifer,Voltaian Supergroup,siltstone–shale unit,North East Region,Mamprugu Moagduri,False,0.003958010412306373,EC02,NaMg_exch,ion_exchange,Ca;Mg;Na;K;HCO3;Cl;SO4;NO3;F,0.48,1.0408107741923882,0.768015090458711,rock,rock,neutral,freshening,oxic,oxic,-0.09428391105914755,-0.6065236534398101,-0.03479471371242258,-0.2463534821848518,104.36000000000001,residual_strongly_aligned;cai_freshening_conflict
NGW-058,Birimian fractured basement aquifer,Birimian Supergroup,metavolcanic–metasedimentary rocks,North East Region,Chereponi,True,0.10975436501280854,EC05,calcite,carbonate,Ca;Mg;Na;K;HCO3;Cl;SO4;NO3;F,0.8799999999999999,0.46766642700990935,0.6230455715950118,rock,rock,freshening,freshening,oxic,oxic,-0.30524711870180954,-0.3905672310837834,-0.12196002632553639,-0.18582420101483477,192.38,residual_strongly_aligned;gibbs_rock_support;carbonate_alkalinity_support
NGW-058,Birimian fractured basement aquifer,Birimian Supergroup,metavolcanic–metasedimentary rocks,North East Region,Chereponi,True,0.0820746157430349,EC08,dolomite,carbonate,Ca;Mg;Na;K;HCO3;Cl;SO4;NO3;F,0.8799999999999999,0.46766642700990935,0.6056059511370031,rock,rock,freshening,freshening,oxic,oxic,-0.30524711870180954,-0.3905672310837834,-0.12196002632553639,-0.18582420101483477,192.38,residual_strongly_aligned;gibbs_rock_support;carbonate_alkalinity_support
NGW-058,Birimian fractured basement aquifer,Birimian Supergroup,metavolcanic–metasedimentary rocks,North East Region,Chereponi,True,0.39314885689083184,EC04,albite,silicate,Ca;Mg;Na;K;HCO3;Cl;SO4;NO3;F,0.8799999999999999,0.46766642700990935,0.8453496759104902,rock,rock,freshening,freshening,oxic,oxic,-0.30524711870180954,-0.3905672310837834,-0.12196002632553639,-0.18582420101483477,192.38,residual_strongly_aligned;gibbs_rock_support;albite_na_alkalinity_support
NGW-058,Birimian fractured basement aquifer,Birimian Supergroup,metavolcanic–metasedimentary rocks,North East Region,Chereponi,True,0.10975436501280854,EC05,anorthite,silicate,Ca;Mg;Na;K;HCO3;Cl;SO4;NO3;F,0.8799999999999999,0.46766642700990935,0.6230455715950118,rock,rock,freshening,freshening,oxic,oxic,-0.30524711870180954,-0.3905672310837834,-0.12196002632553639,-0.18582420101483477,192.38,residual_strongly_aligned;gibbs_rock_support;carbonate_alkalinity_support
NGW-058,Birimian fractured basement aquifer,Birimian Supergroup,metavolcanic–metasedimentary rocks,North East Region,Chereponi,True,0.06808921099742589,EC12,k_feldspar,silicate,Ca;Mg;Na;K;HCO3;Cl;SO4;NO3;F,0.7799999999999999,0.571209063848815,0.42664348162538546,rock,rock,freshening,freshening,oxic,oxic,-0.30524711870180954,-0.3905672310837834,-0.12196002632553639,-0.18582420101483477,192.38,residual_weakly_aligned;gibbs_rock_support;k_feldspar_k_alkalinity_support
NGW-058,Birimian fractured basement aquifer,Birimian Supergroup,metavolcanic–metasedimentary rocks,North East Region,Chereponi,True,0.136862778953429,EC10,gypsum,evaporite,Ca;Mg;Na;K;HCO3;Cl;SO4;NO3;F,0.78,0.5712090638488149,0.23251449756329015,rock,rock,freshening,freshening,oxic,oxic,-0.30524711870180954,-0.3905672310837834,-0.12196002632553639,-0.18582420101483477,192.38,gypsum_ca_so4_support;undersaturated_dissolution_support;salinity_increase_support
NGW-058,Birimian fractured basement aquifer,Birimian Supergroup,metavolcanic–metasedimentary rocks,North East Region,Chereponi,True,0.9723603995732635,EC11,halite,evaporite,Ca;Mg;Na;K;HCO3;Cl;SO4;NO3;F,0.95,0.40656965974059917,0.7647450764523369,rock,rock,freshening,freshening,oxic,oxic,-0.30524711870180954,-0.3905672310837834,-0.12196002632553639,-0.18582420101483477,192.38,residual_strongly_aligned;halite_na_cl_support;undersaturated_dissolution_support;salinity_increase_support
NGW-058,Birimian fractured basement aquifer,Birimian Supergroup,metavolcanic–metasedimentary rocks,North East Region,Chereponi,False,-0.0,EC09,fluorite,trace_mineral,Ca;Mg;Na;K;HCO3;Cl;SO4;NO3;F,0.6799999999999999,0.6976763260710311,0.12148974777430874,rock,rock,freshening,freshening,oxic,oxic,-0.30524711870180954,-0.3905672310837834,-0.12196002632553639,-0.18582420101483477,192.38,gibbs_rock_support;fluorite_ca_f_support
NGW-058,Birimian fractured basement aquifer,Birimian Supergroup,metavolcanic–metasedimentary rocks,North East Region,Chereponi,False,0.0235209461305975,EC06,apatite,trace_mineral,Ca;Mg;Na;K;HCO3;Cl;SO4;NO3;F,0.6799999999999999,0.6976763260710311,0.2596165535315769,rock,rock,freshening,freshening,oxic,oxic,-0.30524711870180954,-0.3905672310837834,-0.12196002632553639,-0.18582420101483477,192.38,residual_weakly_aligned;gibbs_rock_support
NGW-058,Birimian fractured basement aquifer,Birimian Supergroup,metavolcanic–metasedimentary rocks,North East Region,Chereponi,False,0.0,EC13,pyrite_oxidation,redox,Ca;Mg;Na;K;HCO3;Cl;SO4;NO3;F,0.5,1.0,0.06483399918839593,rock,rock,freshening,freshening,oxic,oxic,-0.30524711870180954,-0.3905672310837834,-0.12196002632553639,-0.18582420101483477,192.38,
NGW-058,Birimian fractured basement aquifer,Birimian Supergroup,metavolcanic–metasedimentary rocks,North East Region,Chereponi,True,0.09006660126982043,EC03,NO3src,anthropogenic,Ca;Mg;Na;K;HCO3;Cl;SO4;NO3;F,0.6799999999999999,0.6976763260710311,0.05022146606185412,rock,rock,freshening,freshening,oxic,oxic,-0.30524711870180954,-0.3905672310837834,-0.12196002632553639,-0.18582420101483477,192.38,nitrate_increase_support
NGW-058,Birimian fractured basement aquifer,Birimian Supergroup,metavolcanic–metasedimentary rocks,North East Region,Chereponi,False,0.0,EC07,denit,redox,Ca;Mg;Na;K;HCO3;Cl;SO4;NO3;F,0.43999999999999995,1.1274968515793757,0.3637138653241029,rock,rock,freshening,freshening,oxic,oxic,-0.30524711870180954,-0.3905672310837834,-0.12196002632553639,-0.18582420101483477,192.38,residual_weakly_aligned;denitrification_no3_conflict
NGW-058,Birimian fractured basement aquifer,Birimian Supergroup,metavolcanic–metasedimentary rocks,North East Region,Chereponi,False,0.0,EC01,CaNa_exch,ion_exchange,Ca;Mg;Na;K;HCO3;Cl;SO4;NO3;F,0.54,0.9231163463866358,-0.4462465864699173,rock,rock,freshening,freshening,oxic,oxic,-0.30524711870180954,-0.3905672310837834,-0.12196002632553639,-0.18582420101483477,192.38,residual_opposed;cai_freshening_support
NGW-058,Birimian fractured basement aquifer,Birimian Supergroup,metavolcanic–metasedimentary rocks,North East Region,Chereponi,False,0.0,EC01,NaCa_exch,ion_exchange,Ca;Mg;Na;K;HCO3;Cl;SO4;NO3;F,0.38,1.2712491503214047,0.4462465864699173,rock,rock,freshening,freshening,oxic,oxic,-0.30524711870180954,-0.3905672310837834,-0.12196002632553639,-0.18582420101483477,192.38,residual_weakly_aligned;cai_freshening_conflict
NGW-058,Birimian fractured basement aquifer,Birimian Supergroup,metavolcanic–metasedimentary rocks,North East Region,Chereponi,False,0.0,EC02,MgNa_exch,ion_exchange,Ca;Mg;Na;K;HCO3;Cl;SO4;NO3;F,0.54,0.9231163463866358,-0.5432812275726004,rock,rock,freshening,freshening,oxic,oxic,-0.30524711870180954,-0.3905672310837834,-0.12196002632553639,-0.18582420101483477,192.38,residual_opposed;cai_freshening_support
NGW-058,Birimian fractured basement aquifer,Birimian Supergroup,metavolcanic–metasedimentary rocks,North East Region,Chereponi,False,0.0,EC02,NaMg_exch,ion_exchange,Ca;Mg;Na;K;HCO3;Cl;SO4;NO3;F,0.38,1.2712491503214047,0.5432812275726004,rock,rock,freshening,freshening,oxic,oxic,-0.30524711870180954,-0.3905672310837834,-0.12196002632553639,-0.18582420101483477,192.38,residual_weakly_aligned;cai_freshening_conflict
NGW-062,Regolith/alluvial shallow aquifer,Quaternary regolith/alluvium,lateritic saprolite,North East Region,Yunyoo-Nasuan,True,0.05202433813926444,EC05,calcite,carbonate,Ca;Mg;Na;K;HCO3;Cl;SO4;NO3;F,0.8799999999999999,0.46766642700990935,0.50070165292816,rock,rock,freshening,salinization,ambiguous,oxic,-0.17248416701420868,0.14767423273413882,-0.09863930702995281,0.11589801554815411,133.0,residual_weakly_aligned;gibbs_rock_support;carbonate_alkalinity_support;undersaturated_dissolution_support
NGW-062,Regolith/alluvial shallow aquifer,Quaternary regolith/alluvium,lateritic saprolite,North East Region,Yunyoo-Nasuan,True,0.11910923752212772,EC08,dolomite,carbonate,Ca;Mg;Na;K;HCO3;Cl;SO4;NO3;F,0.8799999999999999,0.46766642700990935,0.5354190444465124,rock,rock,freshening,salinization,ambiguous,oxic,-0.17248416701420868,0.14767423273413882,-0.09863930702995281,0.11589801554815411,133.0,residual_weakly_aligned;gibbs_rock_support;carbonate_alkalinity_support;undersaturated_dissolution_support
NGW-062,Regolith/alluvial shallow aquifer,Quaternary regolith/alluvium,lateritic saprolite,North East Region,Yunyoo-Nasuan,False,-0.0,EC04,albite,silicate,Ca;Mg;Na;K;HCO3;Cl;SO4;NO3;F,0.8799999999999999,0.46766642700990935,0.5627070020528465,rock,rock,freshening,salinization,ambiguous,oxic,-0.17248416701420868,0.14767423273413882,-0.09863930702995281,0.11589801554815411,133.0,residual_strongly_aligned;gibbs_rock_support;albite_na_alkalinity_support
NGW-062,Regolith/alluvial shallow aquifer,Quaternary regolith/alluvium,lateritic saprolite,North East Region,Yunyoo-Nasuan,True,0.05202433813926444,EC05,anorthite,silicate,Ca;Mg;Na;K;HCO3;Cl;SO4;NO3;F,0.7799999999999999,0.571209063848815,0.50070165292816,rock,rock,freshening,salinization,ambiguous,oxic,-0.17248416701420868,0.14767423273413882,-0.09863930702995281,0.11589801554815411,133.0,residual_weakly_aligned;gibbs_rock_support;carbonate_alkalinity_support
NGW-062,Regolith/alluvial shallow aquifer,Quaternary regolith/alluvium,lateritic saprolite,North East Region,Yunyoo-Nasuan,True,0.06119953722951269,EC12,k_feldspar,silicate,Ca;Mg;Na;K;HCO3;Cl;SO4;NO3;F,0.7799999999999999,0.571209063848815,0.35949594419680275,rock,rock,freshening,salinization,ambiguous,oxic,-0.17248416701420868,0.14767423273413882,-0.09863930702995281,0.11589801554815411,133.0,residual_weakly_aligned;gibbs_rock_support;k_feldspar_k_alkalinity_support
NGW-062,Regolith/alluvial shallow aquifer,Quaternary regolith/alluvium,lateritic saprolite,North East Region,Yunyoo-Nasuan,False,0.0,EC10,gypsum,evaporite,Ca;Mg;Na;K;HCO3;Cl;SO4;NO3;F,0.64,0.7557837414557255,0.11318631107212615,rock,rock,freshening,salinization,ambiguous,oxic,-0.17248416701420868,0.14767423273413882,-0.09863930702995281,0.11589801554815411,133.0,undersaturated_dissolution_support;salinity_increase_support
NGW-062,Regolith/alluvial shallow aquifer,Quaternary regolith/alluvium,lateritic saprolite,North East Region,Yunyoo-Nasuan,True,1.191540932885025,EC11,halite,evaporite,Ca;Mg;Na;K;HCO3;Cl;SO4;NO3;F,0.95,0.40656965974059917,0.7718607433298412,rock,rock,freshening,salinization,ambiguous,oxic,-0.17248416701420868,0.14767423273413882,-0.09863930702995281,0.11589801554815411,133.0,residual_strongly_aligned;halite_na_cl_support;undersaturated_dissolution_support;salinity_increase_support
NGW-062,Regolith/alluvial shallow aquifer,Quaternary regolith/alluvium,lateritic saprolite,North East Region,Yunyoo-Nasuan,False,0.0,EC09,fluorite,trace_mineral,Ca;Mg;Na;K;HCO3;Cl;SO4;NO3;F,0.6799999999999999,0.6976763260710311,0.08261823935620144,rock,rock,freshening,salinization,ambiguous,oxic,-0.17248416701420868,0.14767423273413882,-0.09863930702995281,0.11589801554815411,133.0,gibbs_rock_support;fluorite_ca_f_support
NGW-062,Regolith/alluvial shallow aquifer,Quaternary regolith/alluvium,lateritic saprolite,North East Region,Yunyoo-Nasuan,False,-0.0002529057872502326,EC06,apatite,trace_mineral,Ca;Mg;Na;K;HCO3;Cl;SO4;NO3;F,0.58,0.8521437889662115,0.1687158622739417,rock,rock,freshening,salinization,ambiguous,oxic,-0.17248416701420868,0.14767423273413882,-0.09863930702995281,0.11589801554815411,133.0,gibbs_rock_support
NGW-062,Regolith/alluvial shallow aquifer,Quaternary regolith/alluvium,lateritic saprolite,North East Region,Yunyoo-Nasuan,False,0.0,EC13,pyrite_oxidation,redox,Ca;Mg;Na;K;HCO3;Cl;SO4;NO3;F,0.5,1.0,-0.010578266983831157,rock,rock,freshening,salinization,ambiguous,oxic,-0.17248416701420868,0.14767423273413882,-0.09863930702995281,0.11589801554815411,133.0,
NGW-062,Regolith/alluvial shallow aquifer,Quaternary regolith/alluvium,lateritic saprolite,North East Region,Yunyoo-Nasuan,True,0.11381693093603067,EC03,NO3src,anthropogenic,Ca;Mg;Na;K;HCO3;Cl;SO4;NO3;F,0.6799999999999999,0.6976763260710311,0.0816465710094008,rock,rock,freshening,salinization,ambiguous,oxic,-0.17248416701420868,0.14767423273413882,-0.09863930702995281,0.11589801554815411,133.0,nitrate_increase_support
NGW-062,Regolith/alluvial shallow aquifer,Quaternary regolith/alluvium,lateritic saprolite,North East Region,Yunyoo-Nasuan,False,0.0,EC07,denit,redox,Ca;Mg;Na;K;HCO3;Cl;SO4;NO3;F,0.43999999999999995,1.1274968515793757,0.27777343114985176,rock,rock,freshening,salinization,ambiguous,oxic,-0.17248416701420868,0.14767423273413882,-0.09863930702995281,0.11589801554815411,133.0,residual_weakly_aligned;denitrification_no3_conflict
NGW-062,Regolith/alluvial shallow aquifer,Quaternary regolith/alluvium,lateritic saprolite,North East Region,Yunyoo-Nasuan,True,0.08112340205020285,EC01,CaNa_exch,ion_exchange,Ca;Mg;Na;K;HCO3;Cl;SO4;NO3;F,0.28,1.552707218511336,-0.2110726597966555,rock,rock,freshening,salinization,ambiguous,oxic,-0.17248416701420868,0.14767423273413882,-0.09863930702995281,0.11589801554815411,133.0,cai_salinization_conflict
NGW-062,Regolith/alluvial shallow aquifer,Quaternary regolith/alluvium,lateritic saprolite,North East Region,Yunyoo-Nasuan,False,0.0,EC01,NaCa_exch,ion_exchange,Ca;Mg;Na;K;HCO3;Cl;SO4;NO3;F,0.72,0.6440364210831414,0.2110726597966555,rock,rock,freshening,salinization,ambiguous,oxic,-0.17248416701420868,0.14767423273413882,-0.09863930702995281,0.11589801554815411,133.0,cai_salinization_support
NGW-062,Regolith/alluvial shallow aquifer,Quaternary regolith/alluvium,lateritic saprolite,North East Region,Yunyoo-Nasuan,True,0.23339297661353103,EC02,MgNa_exch,ion_exchange,Ca;Mg;Na;K;HCO3;Cl;SO4;NO3;F,0.28,1.552707218511336,-0.19658975580383148,rock,rock,freshening,salinization,ambiguous,oxic,-0.17248416701420868,0.14767423273413882,-0.09863930702995281,0.11589801554815411,133.0,cai_salinization_conflict
NGW-062,Regolith/alluvial shallow aquifer,Quaternary regolith/alluvium,lateritic saprolite,North East Region,Yunyoo-Nasuan,False,0.0,EC02,NaMg_exch,ion_exchange,Ca;Mg;Na;K;HCO3;Cl;SO4;NO3;F,0.72,0.6440364210831414,0.19658975580383148,rock,rock,freshening,salinization,ambiguous,oxic,-0.17248416701420868,0.14767423273413882,-0.09863930702995281,0.11589801554815411,133.0,cai_salinization_support
NGW-063,Middle Voltaian sedimentary aquifer,Voltaian Supergroup,siltstone–shale unit,North East Region,Mamprugu Moagduri,True,0.17254543441012632,EC05,calcite,carbonate,Ca;Mg;Na;K;HCO3;Cl;SO4;NO3;F,0.95,0.40656965974059917,0.6719722829165492,rock,rock,freshening,freshening,oxic,oxic,-0.7435852053854595,-0.21390276867514846,-0.2574935539904058,-0.09952326689722767,229.91000000000008,residual_strongly_aligned;gibbs_rock_support;carbonate_alkalinity_support;undersaturated_dissolution_support
NGW-063,Middle Voltaian sedimentary aquifer,Voltaian Supergroup,siltstone–shale unit,North East Region,Mamprugu Moagduri,True,0.1343143925534243,EC08,dolomite,carbonate,Ca;Mg;Na;K;HCO3;Cl;SO4;NO3;F,0.95,0.40656965974059917,0.6483611739611784,rock,rock,freshening,freshening,oxic,oxic,-0.7435852053854595,-0.21390276867514846,-0.2574935539904058,-0.09952326689722767,229.91000000000008,residual_strongly_aligned;gibbs_rock_support;carbonate_alkalinity_support;undersaturated_dissolution_support
NGW-063,Middle Voltaian sedimentary aquifer,Voltaian Supergroup,siltstone–shale unit,North East Region,Mamprugu Moagduri,False,0.0,EC04,albite,silicate,Ca;Mg;Na;K;HCO3;Cl;SO4;NO3;F,0.8799999999999999,0.46766642700990935,0.7066950713332707,rock,rock,freshening,freshening,oxic,oxic,-0.7435852053854595,-0.21390276867514846,-0.2574935539904058,-0.09952326689722767,229.91000000000008,residual_strongly_aligned;gibbs_rock_support;albite_na_alkalinity_support
NGW-063,Middle Voltaian sedimentary aquifer,Voltaian Supergroup,siltstone–shale unit,North East Region,Mamprugu Moagduri,True,0.17254543441012632,EC05,anorthite,silicate,Ca;Mg;Na;K;HCO3;Cl;SO4;NO3;F,0.8799999999999999,0.46766642700990935,0.6719722829165492,rock,rock,freshening,freshening,oxic,oxic,-0.7435852053854595,-0.21390276867514846,-0.2574935539904058,-0.09952326689722767,229.91000000000008,residual_strongly_aligned;gibbs_rock_support;carbonate_alkalinity_support
NGW-063,Middle Voltaian sedimentary aquifer,Voltaian Supergroup,siltstone–shale unit,North East Region,Mamprugu Moagduri,True,0.08247727127654722,EC12,k_feldspar,silicate,Ca;Mg;Na;K;HCO3;Cl;SO4;NO3;F,0.7799999999999999,0.571209063848815,0.4386709562319814,rock,rock,freshening,freshening,oxic,oxic,-0.7435852053854595,-0.21390276867514846,-0.2574935539904058,-0.09952326689722767,229.91000000000008,residual_weakly_aligned;gibbs_rock_support;k_feldspar_k_alkalinity_support
NGW-063,Middle Voltaian sedimentary aquifer,Voltaian Supergroup,siltstone–shale unit,North East Region,Mamprugu Moagduri,True,0.20246639350442305,EC10,gypsum,evaporite,Ca;Mg;Na;K;HCO3;Cl;SO4;NO3;F,0.88,0.46766642700990924,0.32060602799310817,rock,rock,freshening,freshening,oxic,oxic,-0.7435852053854595,-0.21390276867514846,-0.2574935539904058,-0.09952326689722767,229.91000000000008,residual_weakly_aligned;gypsum_ca_so4_support;undersaturated_dissolution_support;salinity_increase_support
NGW-063,Middle Voltaian sedimentary aquifer,Voltaian Supergroup,siltstone–shale unit,North East Region,Mamprugu Moagduri,True,1.272960795294823,EC11,halite,evaporite,Ca;Mg;Na;K;HCO3;Cl;SO4;NO3;F,0.95,0.40656965974059917,0.7075476087690938,rock,rock,freshening,freshening,oxic,oxic,-0.7435852053854595,-0.21390276867514846,-0.2574935539904058,-0.09952326689722767,229.91000000000008,residual_strongly_aligned;halite_na_cl_support;undersaturated_dissolution_support;salinity_increase_support
NGW-063,Middle Voltaian sedimentary aquifer,Voltaian Supergroup,siltstone–shale unit,North East Region,Mamprugu Moagduri,False,0.0024929832198934713,EC09,fluorite,trace_mineral,Ca;Mg;Na;K;HCO3;Cl;SO4;NO3;F,0.6799999999999999,0.6976763260710311,0.16167239621890583,rock,rock,freshening,freshening,oxic,oxic,-0.7435852053854595,-0.21390276867514846,-0.2574935539904058,-0.09952326689722767,229.91000000000008,gibbs_rock_support;fluorite_ca_f_support
NGW-063,Middle Voltaian sedimentary aquifer,Voltaian Supergroup,siltstone–shale unit,North East Region,Mamprugu Moagduri,False,0.0,EC06,apatite,trace_mineral,Ca;Mg;Na;K;HCO3;Cl;SO4;NO3;F,0.6799999999999999,0.6976763260710311,0.3374575657479323,rock,rock,freshening,freshening,oxic,oxic,-0.7435852053854595,-0.21390276867514846,-0.2574935539904058,-0.09952326689722767,229.91000000000008,residual_weakly_aligned;gibbs_rock_support
NGW-063,Middle Voltaian sedimentary aquifer,Voltaian Supergroup,siltstone–shale unit,North East Region,Mamprugu Moagduri,False,0.016159711975030317,EC13,pyrite_oxidation,redox,Ca;Mg;Na;K;HCO3;Cl;SO4;NO3;F,0.5,1.0,0.11119484213467726,rock,rock,freshening,freshening,oxic,oxic,-0.7435852053854595,-0.21390276867514846,-0.2574935539904058,-0.09952326689722767,229.91000000000008,
NGW-063,Middle Voltaian sedimentary aquifer,Voltaian Supergroup,siltstone–shale unit,North East Region,Mamprugu Moagduri,True,0.2163605840218979,EC03,NO3src,anthropogenic,Ca;Mg;Na;K;HCO3;Cl;SO4;NO3;F,0.6799999999999999,0.6976763260710311,0.10355710878927374,rock,rock,freshening,freshening,oxic,oxic,-0.7435852053854595,-0.21390276867514846,-0.2574935539904058,-0.09952326689722767,229.91000000000008,nitrate_increase_support
NGW-063,Middle Voltaian sedimentary aquifer,Voltaian Supergroup,siltstone–shale unit,North East Region,Mamprugu Moagduri,False,0.0,EC07,denit,redox,Ca;Mg;Na;K;HCO3;Cl;SO4;NO3;F,0.43999999999999995,1.1274968515793757,0.3370251002215138,rock,rock,freshening,freshening,oxic,oxic,-0.7435852053854595,-0.21390276867514846,-0.2574935539904058,-0.09952326689722767,229.91000000000008,residual_weakly_aligned;denitrification_no3_conflict
NGW-063,Middle Voltaian sedimentary aquifer,Voltaian Supergroup,siltstone–shale unit,North East Region,Mamprugu Moagduri,True,0.08952119275894281,EC01,CaNa_exch,ion_exchange,Ca;Mg;Na;K;HCO3;Cl;SO4;NO3;F,0.72,0.6440364210831414,-0.22193413173477144,rock,rock,freshening,freshening,oxic,oxic,-0.7435852053854595,-0.21390276867514846,-0.2574935539904058,-0.09952326689722767,229.91000000000008,cai_freshening_support
NGW-063,Middle Voltaian sedimentary aquifer,Voltaian Supergroup,siltstone–shale unit,North East Region,Mamprugu Moagduri,False,0.0,EC01,NaCa_exch,ion_exchange,Ca;Mg;Na;K;HCO3;Cl;SO4;NO3;F,0.28,1.552707218511336,0.22193413173477144,rock,rock,freshening,freshening,oxic,oxic,-0.7435852053854595,-0.21390276867514846,-0.2574935539904058,-0.09952326689722767,229.91000000000008,cai_freshening_conflict
NGW-063,Middle Voltaian sedimentary aquifer,Voltaian Supergroup,siltstone–shale unit,North East Region,Mamprugu Moagduri,True,0.057635797455697704,EC02,MgNa_exch,ion_exchange,Ca;Mg;Na;K;HCO3;Cl;SO4;NO3;F,0.54,0.9231163463866358,-0.33569986388508255,rock,rock,freshening,freshening,oxic,oxic,-0.7435852053854595,-0.21390276867514846,-0.2574935539904058,-0.09952326689722767,229.91000000000008,residual_opposed;cai_freshening_support
NGW-063,Middle Voltaian sedimentary aquifer,Voltaian Supergroup,siltstone–shale unit,North East Region,Mamprugu Moagduri,False,0.0,EC02,NaMg_exch,ion_exchange,Ca;Mg;Na;K;HCO3;Cl;SO4;NO3;F,0.38,1.2712491503214047,0.33569986388508255,rock,rock,freshening,freshening,oxic,oxic,-0.7435852053854595,-0.21390276867514846,-0.2574935539904058,-0.09952326689722767,229.91000000000008,residual_weakly_aligned;cai_freshening_conflict
NGW-064,Regolith/alluvial shallow aquifer,Quaternary regolith/alluvium,lateritic saprolite,North East Region,Yunyoo-Nasuan,False,0.015429445603742535,EC05,calcite,carbonate,Ca;Mg;Na;K;HCO3;Cl;SO4;NO3;F,0.8799999999999999,0.46766642700990935,0.5383637434998586,rock,rock,freshening,freshening,oxic,oxic,-0.4302119012813046,-0.3050326699099613,-0.18447882573761507,-0.15743366183263405,153.69,residual_weakly_aligned;gibbs_rock_support;carbonate_alkalinity_support;undersaturated_dissolution_support
NGW-064,Regolith/alluvial shallow aquifer,Quaternary regolith/alluvium,lateritic saprolite,North East Region,Yunyoo-Nasuan,True,0.15026535179222672,EC08,dolomite,carbonate,Ca;Mg;Na;K;HCO3;Cl;SO4;NO3;F,0.8799999999999999,0.46766642700990935,0.5323865890618165,rock,rock,freshening,freshening,oxic,oxic,-0.4302119012813046,-0.3050326699099613,-0.18447882573761507,-0.15743366183263405,153.69,residual_weakly_aligned;gibbs_rock_support;carbonate_alkalinity_support;undersaturated_dissolution_support
NGW-064,Regolith/alluvial shallow aquifer,Quaternary regolith/alluvium,lateritic saprolite,North East Region,Yunyoo-Nasuan,True,0.07312549488183052,EC04,albite,silicate,Ca;Mg;Na;K;HCO3;Cl;SO4;NO3;F,0.8799999999999999,0.46766642700990935,0.7609296843396256,rock,rock,freshening,freshening,oxic,oxic,-0.4302119012813046,-0.3050326699099613,-0.18447882573761507,-0.15743366183263405,153.69,residual_strongly_aligned;gibbs_rock_support;albite_na_alkalinity_support
NGW-064,Regolith/alluvial shallow aquifer,Quaternary regolith/alluvium,lateritic saprolite,North East Region,Yunyoo-Nasuan,False,0.015429445603742535,EC05,anorthite,silicate,Ca;Mg;Na;K;HCO3;Cl;SO4;NO3;F,0.7799999999999999,0.571209063848815,0.5383637434998586,rock,rock,freshening,freshening,oxic,oxic,-0.4302119012813046,-0.3050326699099613,-0.18447882573761507,-0.15743366183263405,153.69,residual_weakly_aligned;gibbs_rock_support;carbonate_alkalinity_support
NGW-064,Regolith/alluvial shallow aquifer,Quaternary regolith/alluvium,lateritic saprolite,North East Region,Yunyoo-Nasuan,True,0.04135756342587181,EC12,k_feldspar,silicate,Ca;Mg;Na;K;HCO3;Cl;SO4;NO3;F,0.7799999999999999,0.571209063848815,0.35939480127200074,rock,rock,freshening,freshening,oxic,oxic,-0.4302119012813046,-0.3050326699099613,-0.18447882573761507,-0.15743366183263405,153.69,residual_weakly_aligned;gibbs_rock_support;k_feldspar_k_alkalinity_support
NGW-064,Regolith/alluvial shallow aquifer,Quaternary regolith/alluvium,lateritic saprolite,North East Region,Yunyoo-Nasuan,True,0.21621298234080583,EC10,gypsum,evaporite,Ca;Mg;Na;K;HCO3;Cl;SO4;NO3;F,0.88,0.46766642700990924,0.277273211123092,rock,rock,freshening,freshening,oxic,oxic,-0.4302119012813046,-0.3050326699099613,-0.18447882573761507,-0.15743366183263405,153.69,residual_weakly_aligned;gypsum_ca_so4_support;undersaturated_dissolution_support;salinity_increase_support
NGW-064,Regolith/alluvial shallow aquifer,Quaternary regolith/alluvium,lateritic saprolite,North East Region,Yunyoo-Nasuan,True,0.914263360464857,EC11,halite,evaporite,Ca;Mg;Na;K;HCO3;Cl;SO4;NO3;F,0.95,0.40656965974059917,0.8226239435913018,rock,rock,freshening,freshening,oxic,oxic,-0.4302119012813046,-0.3050326699099613,-0.18447882573761507,-0.15743366183263405,153.69,residual_strongly_aligned;halite_na_cl_support;undersaturated_dissolution_support;salinity_increase_support
NGW-064,Regolith/alluvial shallow aquifer,Quaternary regolith/alluvium,lateritic saprolite,North East Region,Yunyoo-Nasuan,False,0.005204830687659676,EC09,fluorite,trace_mineral,Ca;Mg;Na;K;HCO3;Cl;SO4;NO3;F,0.6799999999999999,0.6976763260710311,0.12723785041878147,rock,rock,freshening,freshening,oxic,oxic,-0.4302119012813046,-0.3050326699099613,-0.18447882573761507,-0.15743366183263405,153.69,gibbs_rock_support;fluorite_ca_f_support
NGW-064,Regolith/alluvial shallow aquifer,Quaternary regolith/alluvium,lateritic saprolite,North East Region,Yunyoo-Nasuan,False,0.0009149387054916882,EC06,apatite,trace_mineral,Ca;Mg;Na;K;HCO3;Cl;SO4;NO3;F,0.6799999999999999,0.6976763260710311,0.2527861684160541,rock,rock,freshening,freshening,oxic,oxic,-0.4302119012813046,-0.3050326699099613,-0.18447882573761507,-0.15743366183263405,153.69,residual_weakly_aligned;gibbs_rock_support
NGW-064,Regolith/alluvial shallow aquifer,Quaternary regolith/alluvium,lateritic saprolite,North East Region,Yunyoo-Nasuan,False,0.0,EC13,pyrite_oxidation,redox,Ca;Mg;Na;K;HCO3;Cl;SO4;NO3;F,0.5,1.0,0.13730012140942868,rock,rock,freshening,freshening,oxic,oxic,-0.4302119012813046,-0.3050326699099613,-0.18447882573761507,-0.15743366183263405,153.69,
NGW-064,Regolith/alluvial shallow aquifer,Quaternary regolith/alluvium,lateritic saprolite,North East Region,Yunyoo-Nasuan,True,0.032295529108768574,EC03,NO3src,anthropogenic,Ca;Mg;Na;K;HCO3;Cl;SO4;NO3;F,0.6799999999999999,0.6976763260710311,0.03135485626673887,rock,rock,freshening,freshening,oxic,oxic,-0.4302119012813046,-0.3050326699099613,-0.18447882573761507,-0.15743366183263405,153.69,nitrate_increase_support
NGW-064,Regolith/alluvial shallow aquifer,Quaternary regolith/alluvium,lateritic saprolite,North East Region,Yunyoo-Nasuan,False,0.0,EC07,denit,redox,Ca;Mg;Na;K;HCO3;Cl;SO4;NO3;F,0.43999999999999995,1.1274968515793757,0.31334899618084067,rock,rock,freshening,freshening,oxic,oxic,-0.4302119012813046,-0.3050326699099613,-0.18447882573761507,-0.15743366183263405,153.69,residual_weakly_aligned;denitrification_no3_conflict
NGW-064,Regolith/alluvial shallow aquifer,Quaternary regolith/alluvium,lateritic saprolite,North East Region,Yunyoo-Nasuan,False,0.0,EC01,CaNa_exch,ion_exchange,Ca;Mg;Na;K;HCO3;Cl;SO4;NO3;F,0.54,0.9231163463866358,-0.4241446331986114,rock,rock,freshening,freshening,oxic,oxic,-0.4302119012813046,-0.3050326699099613,-0.18447882573761507,-0.15743366183263405,153.69,residual_opposed;cai_freshening_support
NGW-064,Regolith/alluvial shallow aquifer,Quaternary regolith/alluvium,lateritic saprolite,North East Region,Yunyoo-Nasuan,False,0.0,EC01,NaCa_exch,ion_exchange,Ca;Mg;Na;K;HCO3;Cl;SO4;NO3;F,0.38,1.2712491503214047,0.4241446331986114,rock,rock,freshening,freshening,oxic,oxic,-0.4302119012813046,-0.3050326699099613,-0.18447882573761507,-0.15743366183263405,153.69,residual_weakly_aligned;cai_freshening_conflict
NGW-064,Regolith/alluvial shallow aquifer,Quaternary regolith/alluvium,lateritic saprolite,North East Region,Yunyoo-Nasuan,False,0.0,EC02,MgNa_exch,ion_exchange,Ca;Mg;Na;K;HCO3;Cl;SO4;NO3;F,0.54,0.9231163463866358,-0.49073958990027355,rock,rock,freshening,freshening,oxic,oxic,-0.4302119012813046,-0.3050326699099613,-0.18447882573761507,-0.15743366183263405,153.69,residual_opposed;cai_freshening_support
NGW-064,Regolith/alluvial shallow aquifer,Quaternary regolith/alluvium,lateritic saprolite,North East Region,Yunyoo-Nasuan,False,0.0,EC02,NaMg_exch,ion_exchange,Ca;Mg;Na;K;HCO3;Cl;SO4;NO3;F,0.38,1.2712491503214047,0.49073958990027355,rock,rock,freshening,freshening,oxic,oxic,-0.4302119012813046,-0.3050326699099613,-0.18447882573761507,-0.15743366183263405,153.69,residual_weakly_aligned;cai_freshening_conflict
NGW-065,Middle Voltaian sedimentary aquifer,Voltaian Supergroup,siltstone–shale unit,North East Region,Gambaga,True,0.05423732651406279,EC05,calcite,carbonate,Ca;Mg;Na;K;HCO3;Cl;SO4;NO3;F,0.95,0.40656965974059917,0.708982271654131,rock,rock,freshening,neutral,oxic,oxic,-0.6966666898588537,-0.1302767786736735,-0.2587065640758378,-0.05969031138825281,129.09000000000003,residual_strongly_aligned;gibbs_rock_support;carbonate_alkalinity_support;undersaturated_dissolution_support
NGW-065,Middle Voltaian sedimentary aquifer,Voltaian Supergroup,siltstone–shale unit,North East Region,Gambaga,True,0.13269524548022835,EC08,dolomite,carbonate,Ca;Mg;Na;K;HCO3;Cl;SO4;NO3;F,0.95,0.40656965974059917,0.7208771142655029,rock,rock,freshening,neutral,oxic,oxic,-0.6966666898588537,-0.1302767786736735,-0.2587065640758378,-0.05969031138825281,129.09000000000003,residual_strongly_aligned;gibbs_rock_support;carbonate_alkalinity_support;undersaturated_dissolution_support
NGW-065,Middle Voltaian sedimentary aquifer,Voltaian Supergroup,siltstone–shale unit,North East Region,Gambaga,False,0.0,EC04,albite,silicate,Ca;Mg;Na;K;HCO3;Cl;SO4;NO3;F,0.7799999999999999,0.571209063848815,0.5248194309367421,rock,rock,freshening,neutral,oxic,oxic,-0.6966666898588537,-0.1302767786736735,-0.2587065640758378,-0.05969031138825281,129.09000000000003,residual_weakly_aligned;gibbs_rock_support;albite_na_alkalinity_support
NGW-065,Middle Voltaian sedimentary aquifer,Voltaian Supergroup,siltstone–shale unit,North East Region,Gambaga,True,0.05423732651406279,EC05,anorthite,silicate,Ca;Mg;Na;K;HCO3;Cl;SO4;NO3;F,0.8799999999999999,0.46766642700990935,0.708982271654131,rock,rock,freshening,neutral,oxic,oxic,-0.6966666898588537,-0.1302767786736735,-0.2587065640758378,-0.05969031138825281,129.09000000000003,residual_strongly_aligned;gibbs_rock_support;carbonate_alkalinity_support
NGW-065,Middle Voltaian sedimentary aquifer,Voltaian Supergroup,siltstone–shale unit,North East Region,Gambaga,False,0.008644671919000667,EC12,k_feldspar,silicate,Ca;Mg;Na;K;HCO3;Cl;SO4;NO3;F,0.7799999999999999,0.571209063848815,0.42902097418166923,rock,rock,freshening,neutral,oxic,oxic,-0.6966666898588537,-0.1302767786736735,-0.2587065640758378,-0.05969031138825281,129.09000000000003,residual_weakly_aligned;gibbs_rock_support;k_feldspar_k_alkalinity_support
NGW-065,Middle Voltaian sedimentary aquifer,Voltaian Supergroup,siltstone–shale unit,North East Region,Gambaga,True,0.13556133726474634,EC10,gypsum,evaporite,Ca;Mg;Na;K;HCO3;Cl;SO4;NO3;F,0.88,0.46766642700990924,0.3672378407992056,rock,rock,freshening,neutral,oxic,oxic,-0.6966666898588537,-0.1302767786736735,-0.2587065640758378,-0.05969031138825281,129.09000000000003,residual_weakly_aligned;gypsum_ca_so4_support;undersaturated_dissolution_support;salinity_increase_support
NGW-065,Middle Voltaian sedimentary aquifer,Voltaian Supergroup,siltstone–shale unit,North East Region,Gambaga,True,0.7368631020055985,EC11,halite,evaporite,Ca;Mg;Na;K;HCO3;Cl;SO4;NO3;F,0.9,0.44932896411722156,0.5332657530444126,rock,rock,freshening,neutral,oxic,oxic,-0.6966666898588537,-0.1302767786736735,-0.2587065640758378,-0.05969031138825281,129.09000000000003,residual_weakly_aligned;halite_na_cl_support;undersaturated_dissolution_support;salinity_increase_support
NGW-065,Middle Voltaian sedimentary aquifer,Voltaian Supergroup,siltstone–shale unit,North East Region,Gambaga,False,0.0,EC09,fluorite,trace_mineral,Ca;Mg;Na;K;HCO3;Cl;SO4;NO3;F,0.6799999999999999,0.6976763260710311,0.19734069518949485,rock,rock,freshening,neutral,oxic,oxic,-0.6966666898588537,-0.1302767786736735,-0.2587065640758378,-0.05969031138825281,129.09000000000003,gibbs_rock_support;fluorite_ca_f_support
NGW-065,Middle Voltaian sedimentary aquifer,Voltaian Supergroup,siltstone–shale unit,North East Region,Gambaga,False,0.021060107416062845,EC06,apatite,trace_mineral,Ca;Mg;Na;K;HCO3;Cl;SO4;NO3;F,0.6799999999999999,0.6976763260710311,0.40426900569330665,rock,rock,freshening,neutral,oxic,oxic,-0.6966666898588537,-0.1302767786736735,-0.2587065640758378,-0.05969031138825281,129.09000000000003,residual_weakly_aligned;gibbs_rock_support
NGW-065,Middle Voltaian sedimentary aquifer,Voltaian Supergroup,siltstone–shale unit,North East Region,Gambaga,False,0.0,EC13,pyrite_oxidation,redox,Ca;Mg;Na;K;HCO3;Cl;SO4;NO3;F,0.5,1.0,0.11029896970028465,rock,rock,freshening,neutral,oxic,oxic,-0.6966666898588537,-0.1302767786736735,-0.2587065640758378,-0.05969031138825281,129.09000000000003,
NGW-065,Middle Voltaian sedimentary aquifer,Voltaian Supergroup,siltstone–shale unit,North East Region,Gambaga,True,0.03935643792845267,EC03,NO3src,anthropogenic,Ca;Mg;Na;K;HCO3;Cl;SO4;NO3;F,0.6799999999999999,0.6976763260710311,0.04540315912755583,rock,rock,freshening,neutral,oxic,oxic,-0.6966666898588537,-0.1302767786736735,-0.2587065640758378,-0.05969031138825281,129.09000000000003,nitrate_increase_support
NGW-065,Middle Voltaian sedimentary aquifer,Voltaian Supergroup,siltstone–shale unit,North East Region,Gambaga,False,0.0,EC07,denit,redox,Ca;Mg;Na;K;HCO3;Cl;SO4;NO3;F,0.43999999999999995,1.1274968515793757,0.3837724723873129,rock,rock,freshening,neutral,oxic,oxic,-0.6966666898588537,-0.1302767786736735,-0.2587065640758378,-0.05969031138825281,129.09000000000003,residual_weakly_aligned;denitrification_no3_conflict
NGW-065,Middle Voltaian sedimentary aquifer,Voltaian Supergroup,siltstone–shale unit,North East Region,Gambaga,True,0.03194166146225437,EC01,CaNa_exch,ion_exchange,Ca;Mg;Na;K;HCO3;Cl;SO4;NO3;F,0.5,1.0,0.04513236682471444,rock,rock,freshening,neutral,oxic,oxic,-0.6966666898588537,-0.1302767786736735,-0.2587065640758378,-0.05969031138825281,129.09000000000003,
NGW-065,Middle Voltaian sedimentary aquifer,Voltaian Supergroup,siltstone–shale unit,North East Region,Gambaga,False,0.0,EC01,NaCa_exch,ion_exchange,Ca;Mg;Na;K;HCO3;Cl;SO4;NO3;F,0.5,1.0,-0.04513236682471444,rock,rock,freshening,neutral,oxic,oxic,-0.6966666898588537,-0.1302767786736735,-0.2587065640758378,-0.05969031138825281,129.09000000000003,
NGW-065,Middle Voltaian sedimentary aquifer,Voltaian Supergroup,siltstone–shale unit,North East Region,Gambaga,True,0.22969875102938878,EC02,MgNa_exch,ion_exchange,Ca;Mg;Na;K;HCO3;Cl;SO4;NO3;F,0.5,1.0,-0.005064019982478682,rock,rock,freshening,neutral,oxic,oxic,-0.6966666898588537,-0.1302767786736735,-0.2587065640758378,-0.05969031138825281,129.09000000000003,
NGW-065,Middle Voltaian sedimentary aquifer,Voltaian Supergroup,siltstone–shale unit,North East Region,Gambaga,False,0.0,EC02,NaMg_exch,ion_exchange,Ca;Mg;Na;K;HCO3;Cl;SO4;NO3;F,0.5,1.0,0.005064019982478682,rock,rock,freshening,neutral,oxic,oxic,-0.6966666898588537,-0.1302767786736735,-0.2587065640758378,-0.05969031138825281,129.09000000000003,
NGW-066,Birimian fractured basement aquifer,Birimian Supergroup,metavolcanic–metasedimentary rocks,North East Region,Nalerigu,False,0.0,EC05,calcite,carbonate,Ca;Mg;Na;K;HCO3;Cl;SO4;NO3;F,0.8799999999999999,0.46766642700990935,0.6259167720419702,rock,rock,neutral,neutral,oxic,oxic,0.1081494900682983,-0.03714866677286915,0.06978376258745846,-0.0227683024657467,195.47000000000003,residual_strongly_aligned;gibbs_rock_support;carbonate_alkalinity_support
NGW-066,Birimian fractured basement aquifer,Birimian Supergroup,metavolcanic–metasedimentary rocks,North East Region,Nalerigu,True,0.26854238758124654,EC08,dolomite,carbonate,Ca;Mg;Na;K;HCO3;Cl;SO4;NO3;F,0.95,0.40656965974059917,0.6555143765137178,rock,rock,neutral,neutral,oxic,oxic,0.1081494900682983,-0.03714866677286915,0.06978376258745846,-0.0227683024657467,195.47000000000003,residual_strongly_aligned;gibbs_rock_support;carbonate_alkalinity_support;undersaturated_dissolution_support
NGW-066,Birimian fractured basement aquifer,Birimian Supergroup,metavolcanic–metasedimentary rocks,North East Region,Nalerigu,True,0.263452969901221,EC04,albite,silicate,Ca;Mg;Na;K;HCO3;Cl;SO4;NO3;F,0.8799999999999999,0.46766642700990935,0.851186739748426,rock,rock,neutral,neutral,oxic,oxic,0.1081494900682983,-0.03714866677286915,0.06978376258745846,-0.0227683024657467,195.47000000000003,residual_strongly_aligned;gibbs_rock_support;albite_na_alkalinity_support
NGW-066,Birimian fractured basement aquifer,Birimian Supergroup,metavolcanic–metasedimentary rocks,North East Region,Nalerigu,False,0.0,EC05,anorthite,silicate,Ca;Mg;Na;K;HCO3;Cl;SO4;NO3;F,0.8799999999999999,0.46766642700990935,0.6259167720419702,rock,rock,neutral,neutral,oxic,oxic,0.1081494900682983,-0.03714866677286915,0.06978376258745846,-0.0227683024657467,195.47000000000003,residual_strongly_aligned;gibbs_rock_support;carbonate_alkalinity_support
NGW-066,Birimian fractured basement aquifer,Birimian Supergroup,metavolcanic–metasedimentary rocks,North East Region,Nalerigu,False,0.0034747889432282697,EC12,k_feldspar,silicate,Ca;Mg;Na;K;HCO3;Cl;SO4;NO3;F,0.7799999999999999,0.571209063848815,0.4435691903802383,rock,rock,neutral,neutral,oxic,oxic,0.1081494900682983,-0.03714866677286915,0.06978376258745846,-0.0227683024657467,195.47000000000003,residual_weakly_aligned;gibbs_rock_support;k_feldspar_k_alkalinity_support
NGW-066,Birimian fractured basement aquifer,Birimian Supergroup,metavolcanic–metasedimentary rocks,North East Region,Nalerigu,True,0.061996389598902045,EC10,gypsum,evaporite,Ca;Mg;Na;K;HCO3;Cl;SO4;NO3;F,0.78,0.5712090638488149,0.15587658070235916,rock,rock,neutral,neutral,oxic,oxic,0.1081494900682983,-0.03714866677286915,0.06978376258745846,-0.0227683024657467,195.47000000000003,gypsum_ca_so4_support;undersaturated_dissolution_support;salinity_increase_support
NGW-066,Birimian fractured basement aquifer,Birimian Supergroup,metavolcanic–metasedimentary rocks,North East Region,Nalerigu,True,0.9987542096204097,EC11,halite,evaporite,Ca;Mg;Na;K;HCO3;Cl;SO4;NO3;F,0.95,0.40656965974059917,0.7429133312054437,rock,rock,neutral,neutral,oxic,oxic,0.1081494900682983,-0.03714866677286915,0.06978376258745846,-0.0227683024657467,195.47000000000003,residual_strongly_aligned;halite_na_cl_support;undersaturated_dissolution_support;salinity_increase_support
NGW-066,Birimian fractured basement aquifer,Birimian Supergroup,metavolcanic–metasedimentary rocks,North East Region,Nalerigu,False,0.01390022620683565,EC09,fluorite,trace_mineral,Ca;Mg;Na;K;HCO3;Cl;SO4;NO3;F,0.6799999999999999,0.6976763260710311,0.0908782482059749,rock,rock,neutral,neutral,oxic,oxic,0.1081494900682983,-0.03714866677286915,0.06978376258745846,-0.0227683024657467,195.47000000000003,gibbs_rock_support;fluorite_ca_f_support
NGW-066,Birimian fractured basement aquifer,Birimian Supergroup,metavolcanic–metasedimentary rocks,North East Region,Nalerigu,False,0.0,EC06,apatite,trace_mineral,Ca;Mg;Na;K;HCO3;Cl;SO4;NO3;F,0.58,0.8521437889662115,0.16232463099262964,rock,rock,neutral,neutral,oxic,oxic,0.1081494900682983,-0.03714866677286915,0.06978376258745846,-0.0227683024657467,195.47000000000003,gibbs_rock_support
NGW-066,Birimian fractured basement aquifer,Birimian Supergroup,metavolcanic–metasedimentary rocks,North East Region,Nalerigu,False,0.023639249374098628,EC13,pyrite_oxidation,redox,Ca;Mg;Na;K;HCO3;Cl;SO4;NO3;F,0.5,1.0,0.059089109899878936,rock,rock,neutral,neutral,oxic,oxic,0.1081494900682983,-0.03714866677286915,0.06978376258745846,-0.0227683024657467,195.47000000000003,
NGW-066,Birimian fractured basement aquifer,Birimian Supergroup,metavolcanic–metasedimentary rocks,North East Region,Nalerigu,True,0.16468756947784582,EC03,NO3src,anthropogenic,Ca;Mg;Na;K;HCO3;Cl;SO4;NO3;F,0.6799999999999999,0.6976763260710311,0.08468811213339467,rock,rock,neutral,neutral,oxic,oxic,0.1081494900682983,-0.03714866677286915,0.06978376258745846,-0.0227683024657467,195.47000000000003,nitrate_increase_support
NGW-066,Birimian fractured basement aquifer,Birimian Supergroup,metavolcanic–metasedimentary rocks,North East Region,Nalerigu,False,0.0,EC07,denit,redox,Ca;Mg;Na;K;HCO3;Cl;SO4;NO3;F,0.43999999999999995,1.1274968515793757,0.3778999827639076,rock,rock,neutral,neutral,oxic,oxic,0.1081494900682983,-0.03714866677286915,0.06978376258745846,-0.0227683024657467,195.47000000000003,residual_weakly_aligned;denitrification_no3_conflict
NGW-066,Birimian fractured basement aquifer,Birimian Supergroup,metavolcanic–metasedimentary rocks,North East Region,Nalerigu,False,0.0,EC01,CaNa_exch,ion_exchange,Ca;Mg;Na;K;HCO3;Cl;SO4;NO3;F,0.32,1.4333294145603401,-0.4507587526532314,rock,rock,neutral,neutral,oxic,oxic,0.1081494900682983,-0.03714866677286915,0.06978376258745846,-0.0227683024657467,195.47000000000003,residual_opposed
NGW-066,Birimian fractured basement aquifer,Birimian Supergroup,metavolcanic–metasedimentary rocks,North East Region,Nalerigu,False,0.0,EC01,NaCa_exch,ion_exchange,Ca;Mg;Na;K;HCO3;Cl;SO4;NO3;F,0.6,0.8187307530779819,0.4507587526532314,rock,rock,neutral,neutral,oxic,oxic,0.1081494900682983,-0.03714866677286915,0.06978376258745846,-0.0227683024657467,195.47000000000003,residual_weakly_aligned
NGW-066,Birimian fractured basement aquifer,Birimian Supergroup,metavolcanic–metasedimentary rocks,North East Region,Nalerigu,False,0.0,EC02,MgNa_exch,ion_exchange,Ca;Mg;Na;K;HCO3;Cl;SO4;NO3;F,0.32,1.4333294145603401,-0.4588412154760516,rock,rock,neutral,neutral,oxic,oxic,0.1081494900682983,-0.03714866677286915,0.06978376258745846,-0.0227683024657467,195.47000000000003,residual_opposed
NGW-066,Birimian fractured basement aquifer,Birimian Supergroup,metavolcanic–metasedimentary rocks,North East Region,Nalerigu,False,0.0,EC02,NaMg_exch,ion_exchange,Ca;Mg;Na;K;HCO3;Cl;SO4;NO3;F,0.6,0.8187307530779819,0.4588412154760516,rock,rock,neutral,neutral,oxic,oxic,0.1081494900682983,-0.03714866677286915,0.06978376258745846,-0.0227683024657467,195.47000000000003,residual_weakly_aligned
NGW-067,Middle Voltaian sedimentary aquifer,Voltaian Supergroup,mudstone–sandstone sequence,North East Region,Nalerigu,True,0.032306796166824144,EC05,calcite,carbonate,Ca;Mg;Na;K;HCO3;Cl;SO4;NO3;F,0.95,0.40656965974059917,0.5728983943756457,rock,rock,freshening,freshening,oxic,oxic,-0.9003156706049711,-0.24229988749318998,-0.2792745398555703,-0.10108593019115189,131.18000000000012,residual_strongly_aligned;gibbs_rock_support;carbonate_alkalinity_support;undersaturated_dissolution_support
NGW-067,Middle Voltaian sedimentary aquifer,Voltaian Supergroup,mudstone–sandstone sequence,North East Region,Nalerigu,True,0.09048708190790042,EC08,dolomite,carbonate,Ca;Mg;Na;K;HCO3;Cl;SO4;NO3;F,0.95,0.40656965974059917,0.5666655244924172,rock,rock,freshening,freshening,oxic,oxic,-0.9003156706049711,-0.24229988749318998,-0.2792745398555703,-0.10108593019115189,131.18000000000012,residual_strongly_aligned;gibbs_rock_support;carbonate_alkalinity_support;undersaturated_dissolution_support
NGW-067,Middle Voltaian sedimentary aquifer,Voltaian Supergroup,mudstone–sandstone sequence,North East Region,Nalerigu,False,-0.0,EC04,albite,silicate,Ca;Mg;Na;K;HCO3;Cl;SO4;NO3;F,0.7799999999999999,0.571209063848815,0.4954767287268993,rock,rock,freshening,freshening,oxic,oxic,-0.9003156706049711,-0.24229988749318998,-0.2792745398555703,-0.10108593019115189,131.18000000000012,residual_weakly_aligned;gibbs_rock_support;albite_na_alkalinity_support
NGW-067,Middle Voltaian sedimentary aquifer,Voltaian Supergroup,mudstone–sandstone sequence,North East Region,Nalerigu,True,0.032306796166824144,EC05,anorthite,silicate,Ca;Mg;Na;K;HCO3;Cl;SO4;NO3;F,0.8799999999999999,0.46766642700990935,0.5728983943756457,rock,rock,freshening,freshening,oxic,oxic,-0.9003156706049711,-0.24229988749318998,-0.2792745398555703,-0.10108593019115189,131.18000000000012,residual_strongly_aligned;gibbs_rock_support;carbonate_alkalinity_support
NGW-067,Middle Voltaian sedimentary aquifer,Voltaian Supergroup,mudstone–sandstone sequence,North East Region,Nalerigu,True,0.0504944848219811,EC12,k_feldspar,silicate,Ca;Mg;Na;K;HCO3;Cl;SO4;NO3;F,0.7799999999999999,0.571209063848815,0.35523968841882525,rock,rock,freshening,freshening,oxic,oxic,-0.9003156706049711,-0.24229988749318998,-0.2792745398555703,-0.10108593019115189,131.18000000000012,residual_weakly_aligned;gibbs_rock_support;k_feldspar_k_alkalinity_support
NGW-067,Middle Voltaian sedimentary aquifer,Voltaian Supergroup,mudstone–sandstone sequence,North East Region,Nalerigu,True,0.22245661328361657,EC10,gypsum,evaporite,Ca;Mg;Na;K;HCO3;Cl;SO4;NO3;F,0.88,0.46766642700990924,0.414689871822359,rock,rock,freshening,freshening,oxic,oxic,-0.9003156706049711,-0.24229988749318998,-0.2792745398555703,-0.10108593019115189,131.18000000000012,residual_weakly_aligned;gypsum_ca_so4_support;undersaturated_dissolution_support;salinity_increase_support
NGW-067,Middle Voltaian sedimentary aquifer,Voltaian Supergroup,mudstone–sandstone sequence,North East Region,Nalerigu,True,0.8110333568813022,EC11,halite,evaporite,Ca;Mg;Na;K;HCO3;Cl;SO4;NO3;F,0.95,0.40656965974059917,0.670652448446548,rock,rock,freshening,freshening,oxic,oxic,-0.9003156706049711,-0.24229988749318998,-0.2792745398555703,-0.10108593019115189,131.18000000000012,residual_strongly_aligned;halite_na_cl_support;undersaturated_dissolution_support;salinity_increase_support
NGW-067,Middle Voltaian sedimentary aquifer,Voltaian Supergroup,mudstone–sandstone sequence,North East Region,Nalerigu,False,0.0,EC09,fluorite,trace_mineral,Ca;Mg;Na;K;HCO3;Cl;SO4;NO3;F,0.6799999999999999,0.6976763260710311,0.17427439340208564,rock,rock,freshening,freshening,oxic,oxic,-0.9003156706049711,-0.24229988749318998,-0.2792745398555703,-0.10108593019115189,131.18000000000012,gibbs_rock_support;fluorite_ca_f_support
NGW-067,Middle Voltaian sedimentary aquifer,Voltaian Supergroup,mudstone–sandstone sequence,North East Region,Nalerigu,False,0.0,EC06,apatite,trace_mineral,Ca;Mg;Na;K;HCO3;Cl;SO4;NO3;F,0.6799999999999999,0.6976763260710311,0.37008989932848835,rock,rock,freshening,freshening,oxic,oxic,-0.9003156706049711,-0.24229988749318998,-0.2792745398555703,-0.10108593019115189,131.18000000000012,residual_weakly_aligned;gibbs_rock_support
NGW-067,Middle Voltaian sedimentary aquifer,Voltaian Supergroup,mudstone–sandstone sequence,North East Region,Nalerigu,False,0.008798944771903917,EC13,pyrite_oxidation,redox,Ca;Mg;Na;K;HCO3;Cl;SO4;NO3;F,0.5,1.0,0.21040428018388513,rock,rock,freshening,freshening,oxic,oxic,-0.9003156706049711,-0.24229988749318998,-0.2792745398555703,-0.10108593019115189,131.18000000000012,
NGW-067,Middle Voltaian sedimentary aquifer,Voltaian Supergroup,mudstone–sandstone sequence,North East Region,Nalerigu,True,0.08685709726087314,EC03,NO3src,anthropogenic,Ca;Mg;Na;K;HCO3;Cl;SO4;NO3;F,0.6799999999999999,0.6976763260710311,0.08668035437637549,rock,rock,freshening,freshening,oxic,oxic,-0.9003156706049711,-0.24229988749318998,-0.2792745398555703,-0.10108593019115189,131.18000000000012,nitrate_increase_support
NGW-067,Middle Voltaian sedimentary aquifer,Voltaian Supergroup,mudstone–sandstone sequence,North East Region,Nalerigu,False,0.0,EC07,denit,redox,Ca;Mg;Na;K;HCO3;Cl;SO4;NO3;F,0.43999999999999995,1.1274968515793757,0.2586678928880916,rock,rock,freshening,freshening,oxic,oxic,-0.9003156706049711,-0.24229988749318998,-0.2792745398555703,-0.10108593019115189,131.18000000000012,residual_weakly_aligned;denitrification_no3_conflict
NGW-067,Middle Voltaian sedimentary aquifer,Voltaian Supergroup,mudstone–sandstone sequence,North East Region,Nalerigu,True,0.07670658113060919,EC01,CaNa_exch,ion_exchange,Ca;Mg;Na;K;HCO3;Cl;SO4;NO3;F,0.72,0.6440364210831414,-0.053835601778907165,rock,rock,freshening,freshening,oxic,oxic,-0.9003156706049711,-0.24229988749318998,-0.2792745398555703,-0.10108593019115189,131.18000000000012,cai_freshening_support
NGW-067,Middle Voltaian sedimentary aquifer,Voltaian Supergroup,mudstone–sandstone sequence,North East Region,Nalerigu,False,0.0,EC01,NaCa_exch,ion_exchange,Ca;Mg;Na;K;HCO3;Cl;SO4;NO3;F,0.28,1.552707218511336,0.053835601778907165,rock,rock,freshening,freshening,oxic,oxic,-0.9003156706049711,-0.24229988749318998,-0.2792745398555703,-0.10108593019115189,131.18000000000012,cai_freshening_conflict
NGW-067,Middle Voltaian sedimentary aquifer,Voltaian Supergroup,mudstone–sandstone sequence,North East Region,Nalerigu,True,0.1665073533876332,EC02,MgNa_exch,ion_exchange,Ca;Mg;Na;K;HCO3;Cl;SO4;NO3;F,0.72,0.6440364210831414,-0.12446015319621746,rock,rock,freshening,freshening,oxic,oxic,-0.9003156706049711,-0.24229988749318998,-0.2792745398555703,-0.10108593019115189,131.18000000000012,cai_freshening_support
NGW-067,Middle Voltaian sedimentary aquifer,Voltaian Supergroup,mudstone–sandstone sequence,North East Region,Nalerigu,False,0.0,EC02,NaMg_exch,ion_exchange,Ca;Mg;Na;K;HCO3;Cl;SO4;NO3;F,0.28,1.552707218511336,0.12446015319621746,rock,rock,freshening,freshening,oxic,oxic,-0.9003156706049711,-0.24229988749318998,-0.2792745398555703,-0.10108593019115189,131.18000000000012,cai_freshening_conflict
NGW-068,Birimian fractured basement aquifer,Birimian Supergroup,phyllite–schist fractured zone,North East Region,Yunyoo-Nasuan,True,0.07094616528652681,EC05,calcite,carbonate,Ca;Mg;Na;K;HCO3;Cl;SO4;NO3;F,0.95,0.40656965974059917,0.8556624893085268,rock,rock,freshening,freshening,oxic,oxic,-0.39084841293803557,-0.3258041274166628,-0.18307914414358645,-0.13346094787834545,190.04999999999995,residual_strongly_aligned;gibbs_rock_support;carbonate_alkalinity_support;undersaturated_dissolution_support
NGW-068,Birimian fractured basement aquifer,Birimian Supergroup,phyllite–schist fractured zone,North East Region,Yunyoo-Nasuan,True,0.29960500514914395,EC08,dolomite,carbonate,Ca;Mg;Na;K;HCO3;Cl;SO4;NO3;F,0.95,0.40656965974059917,0.8657420591142364,rock,rock,freshening,freshening,oxic,oxic,-0.39084841293803557,-0.3258041274166628,-0.18307914414358645,-0.13346094787834545,190.04999999999995,residual_strongly_aligned;gibbs_rock_support;carbonate_alkalinity_support;undersaturated_dissolution_support
NGW-068,Birimian fractured basement aquifer,Birimian Supergroup,phyllite–schist fractured zone,North East Region,Yunyoo-Nasuan,True,0.08011966366069918,EC04,albite,silicate,Ca;Mg;Na;K;HCO3;Cl;SO4;NO3;F,0.8799999999999999,0.46766642700990935,0.813548059293078,rock,rock,freshening,freshening,oxic,oxic,-0.39084841293803557,-0.3258041274166628,-0.18307914414358645,-0.13346094787834545,190.04999999999995,residual_strongly_aligned;gibbs_rock_support;albite_na_alkalinity_support
NGW-068,Birimian fractured basement aquifer,Birimian Supergroup,phyllite–schist fractured zone,North East Region,Yunyoo-Nasuan,True,0.07094616528652681,EC05,anorthite,silicate,Ca;Mg;Na;K;HCO3;Cl;SO4;NO3;F,0.8799999999999999,0.46766642700990935,0.8556624893085268,rock,rock,freshening,freshening,oxic,oxic,-0.39084841293803557,-0.3258041274166628,-0.18307914414358645,-0.13346094787834545,190.04999999999995,residual_strongly_aligned;gibbs_rock_support;carbonate_alkalinity_support
NGW-068,Birimian fractured basement aquifer,Birimian Supergroup,phyllite–schist fractured zone,North East Region,Yunyoo-Nasuan,False,0.01812231737691138,EC12,k_feldspar,silicate,Ca;Mg;Na;K;HCO3;Cl;SO4;NO3;F,0.8799999999999999,0.46766642700990935,0.5739452688994686,rock,rock,freshening,freshening,oxic,oxic,-0.39084841293803557,-0.3258041274166628,-0.18307914414358645,-0.13346094787834545,190.04999999999995,residual_strongly_aligned;gibbs_rock_support;k_feldspar_k_alkalinity_support
NGW-068,Birimian fractured basement aquifer,Birimian Supergroup,phyllite–schist fractured zone,North East Region,Yunyoo-Nasuan,True,0.15634260135747596,EC10,gypsum,evaporite,Ca;Mg;Na;K;HCO3;Cl;SO4;NO3;F,0.88,0.46766642700990924,0.2871566917982473,rock,rock,freshening,freshening,oxic,oxic,-0.39084841293803557,-0.3258041274166628,-0.18307914414358645,-0.13346094787834545,190.04999999999995,residual_weakly_aligned;gypsum_ca_so4_support;undersaturated_dissolution_support;salinity_increase_support
NGW-068,Birimian fractured basement aquifer,Birimian Supergroup,phyllite–schist fractured zone,North East Region,Yunyoo-Nasuan,True,0.6165199900963191,EC11,halite,evaporite,Ca;Mg;Na;K;HCO3;Cl;SO4;NO3;F,0.9,0.44932896411722156,0.4753618950139572,rock,rock,freshening,freshening,oxic,oxic,-0.39084841293803557,-0.3258041274166628,-0.18307914414358645,-0.13346094787834545,190.04999999999995,residual_weakly_aligned;halite_na_cl_support;undersaturated_dissolution_support;salinity_increase_support
NGW-068,Birimian fractured basement aquifer,Birimian Supergroup,phyllite–schist fractured zone,North East Region,Yunyoo-Nasuan,False,-0.0,EC09,fluorite,trace_mineral,Ca;Mg;Na;K;HCO3;Cl;SO4;NO3;F,0.58,0.8521437889662115,0.1396660922049495,rock,rock,freshening,freshening,oxic,oxic,-0.39084841293803557,-0.3258041274166628,-0.18307914414358645,-0.13346094787834545,190.04999999999995,gibbs_rock_support
NGW-068,Birimian fractured basement aquifer,Birimian Supergroup,phyllite–schist fractured zone,North East Region,Yunyoo-Nasuan,False,0.006029879478842155,EC06,apatite,trace_mineral,Ca;Mg;Na;K;HCO3;Cl;SO4;NO3;F,0.6799999999999999,0.6976763260710311,0.3178270793679544,rock,rock,freshening,freshening,oxic,oxic,-0.39084841293803557,-0.3258041274166628,-0.18307914414358645,-0.13346094787834545,190.04999999999995,residual_weakly_aligned;gibbs_rock_support
NGW-068,Birimian fractured basement aquifer,Birimian Supergroup,phyllite–schist fractured zone,North East Region,Yunyoo-Nasuan,False,0.0,EC13,pyrite_oxidation,redox,Ca;Mg;Na;K;HCO3;Cl;SO4;NO3;F,0.5,1.0,0.08066643440407412,rock,rock,freshening,freshening,oxic,oxic,-0.39084841293803557,-0.3258041274166628,-0.18307914414358645,-0.13346094787834545,190.04999999999995,
NGW-068,Birimian fractured basement aquifer,Birimian Supergroup,phyllite–schist fractured zone,North East Region,Yunyoo-Nasuan,False,0.027160322694453235,EC03,NO3src,anthropogenic,Ca;Mg;Na;K;HCO3;Cl;SO4;NO3;F,0.6799999999999999,0.6976763260710311,0.023497455046030576,rock,rock,freshening,freshening,oxic,oxic,-0.39084841293803557,-0.3258041274166628,-0.18307914414358645,-0.13346094787834545,190.04999999999995,nitrate_increase_support
NGW-068,Birimian fractured basement aquifer,Birimian Supergroup,phyllite–schist fractured zone,North East Region,Yunyoo-Nasuan,False,0.0,EC07,denit,redox,Ca;Mg;Na;K;HCO3;Cl;SO4;NO3;F,0.43999999999999995,1.1274968515793757,0.5447869293339372,rock,rock,freshening,freshening,oxic,oxic,-0.39084841293803557,-0.3258041274166628,-0.18307914414358645,-0.13346094787834545,190.04999999999995,residual_weakly_aligned;denitrification_no3_conflict
NGW-068,Birimian fractured basement aquifer,Birimian Supergroup,phyllite–schist fractured zone,North East Region,Yunyoo-Nasuan,False,0.0,EC01,CaNa_exch,ion_exchange,Ca;Mg;Na;K;HCO3;Cl;SO4;NO3;F,0.72,0.6440364210831414,-0.1734034520418093,rock,rock,freshening,freshening,oxic,oxic,-0.39084841293803557,-0.3258041274166628,-0.18307914414358645,-0.13346094787834545,190.04999999999995,cai_freshening_support
NGW-068,Birimian fractured basement aquifer,Birimian Supergroup,phyllite–schist fractured zone,North East Region,Yunyoo-Nasuan,False,0.0,EC01,NaCa_exch,ion_exchange,Ca;Mg;Na;K;HCO3;Cl;SO4;NO3;F,0.28,1.552707218511336,0.1734034520418093,rock,rock,freshening,freshening,oxic,oxic,-0.39084841293803557,-0.3258041274166628,-0.18307914414358645,-0.13346094787834545,190.04999999999995,cai_freshening_conflict
NGW-068,Birimian fractured basement aquifer,Birimian Supergroup,phyllite–schist fractured zone,North East Region,Yunyoo-Nasuan,False,0.0,EC02,MgNa_exch,ion_exchange,Ca;Mg;Na;K;HCO3;Cl;SO4;NO3;F,0.72,0.6440364210831414,-0.24209836685578998,rock,rock,freshening,freshening,oxic,oxic,-0.39084841293803557,-0.3258041274166628,-0.18307914414358645,-0.13346094787834545,190.04999999999995,cai_freshening_support
NGW-068,Birimian fractured basement aquifer,Birimian Supergroup,phyllite–schist fractured zone,North East Region,Yunyoo-Nasuan,False,0.0,EC02,NaMg_exch,ion_exchange,Ca;Mg;Na;K;HCO3;Cl;SO4;NO3;F,0.28,1.552707218511336,0.24209836685578998,rock,rock,freshening,freshening,oxic,oxic,-0.39084841293803557,-0.3258041274166628,-0.18307914414358645,-0.13346094787834545,190.04999999999995,cai_freshening_conflict
NGW-069,Middle Voltaian sedimentary aquifer,Voltaian Supergroup,mudstone–sandstone sequence,North East Region,Bunkpurugu,True,0.07762701364138333,EC05,calcite,carbonate,Ca;Mg;Na;K;HCO3;Cl;SO4;NO3;F,0.8799999999999999,0.46766642700990935,0.4967275602784329,rock,rock,freshening,freshening,oxic,oxic,-0.5166417703654183,-0.2474336145880867,-0.17542862330852485,-0.12801804414836618,207.9799999999999,residual_weakly_aligned;gibbs_rock_support;carbonate_alkalinity_support;undersaturated_dissolution_support
NGW-069,Middle Voltaian sedimentary aquifer,Voltaian Supergroup,mudstone–sandstone sequence,North East Region,Bunkpurugu,True,0.13736967291658805,EC08,dolomite,carbonate,Ca;Mg;Na;K;HCO3;Cl;SO4;NO3;F,0.8799999999999999,0.46766642700990935,0.47699317957357207,rock,rock,freshening,freshening,oxic,oxic,-0.5166417703654183,-0.2474336145880867,-0.17542862330852485,-0.12801804414836618,207.9799999999999,residual_weakly_aligned;gibbs_rock_support;carbonate_alkalinity_support;undersaturated_dissolution_support
NGW-069,Middle Voltaian sedimentary aquifer,Voltaian Supergroup,mudstone–sandstone sequence,North East Region,Bunkpurugu,False,0.0,EC04,albite,silicate,Ca;Mg;Na;K;HCO3;Cl;SO4;NO3;F,0.8799999999999999,0.46766642700990935,0.7159292143862932,rock,rock,freshening,freshening,oxic,oxic,-0.5166417703654183,-0.2474336145880867,-0.17542862330852485,-0.12801804414836618,207.9799999999999,residual_strongly_aligned;gibbs_rock_support;albite_na_alkalinity_support
NGW-069,Middle Voltaian sedimentary aquifer,Voltaian Supergroup,mudstone–sandstone sequence,North East Region,Bunkpurugu,True,0.07762701364138333,EC05,anorthite,silicate,Ca;Mg;Na;K;HCO3;Cl;SO4;NO3;F,0.7799999999999999,0.571209063848815,0.4967275602784329,rock,rock,freshening,freshening,oxic,oxic,-0.5166417703654183,-0.2474336145880867,-0.17542862330852485,-0.12801804414836618,207.9799999999999,residual_weakly_aligned;gibbs_rock_support;carbonate_alkalinity_support
NGW-069,Middle Voltaian sedimentary aquifer,Voltaian Supergroup,mudstone–sandstone sequence,North East Region,Bunkpurugu,True,0.09731002896196188,EC12,k_feldspar,silicate,Ca;Mg;Na;K;HCO3;Cl;SO4;NO3;F,0.7799999999999999,0.571209063848815,0.33271179900716197,rock,rock,freshening,freshening,oxic,oxic,-0.5166417703654183,-0.2474336145880867,-0.17542862330852485,-0.12801804414836618,207.9799999999999,residual_weakly_aligned;gibbs_rock_support;k_feldspar_k_alkalinity_support
NGW-069,Middle Voltaian sedimentary aquifer,Voltaian Supergroup,mudstone–sandstone sequence,North East Region,Bunkpurugu,True,0.25137669664566636,EC10,gypsum,evaporite,Ca;Mg;Na;K;HCO3;Cl;SO4;NO3;F,0.88,0.46766642700990924,0.2699177093826134,rock,rock,freshening,freshening,oxic,oxic,-0.5166417703654183,-0.2474336145880867,-0.17542862330852485,-0.12801804414836618,207.9799999999999,residual_weakly_aligned;gypsum_ca_so4_support;undersaturated_dissolution_support;salinity_increase_support
NGW-069,Middle Voltaian sedimentary aquifer,Voltaian Supergroup,mudstone–sandstone sequence,North East Region,Bunkpurugu,True,1.3670254303838538,EC11,halite,evaporite,Ca;Mg;Na;K;HCO3;Cl;SO4;NO3;F,0.95,0.40656965974059917,0.8522798744520145,rock,rock,freshening,freshening,oxic,oxic,-0.5166417703654183,-0.2474336145880867,-0.17542862330852485,-0.12801804414836618,207.9799999999999,residual_strongly_aligned;halite_na_cl_support;undersaturated_dissolution_support;salinity_increase_support
NGW-069,Middle Voltaian sedimentary aquifer,Voltaian Supergroup,mudstone–sandstone sequence,North East Region,Bunkpurugu,False,0.0,EC09,fluorite,trace_mineral,Ca;Mg;Na;K;HCO3;Cl;SO4;NO3;F,0.6799999999999999,0.6976763260710311,0.12735322865509663,rock,rock,freshening,freshening,oxic,oxic,-0.5166417703654183,-0.2474336145880867,-0.17542862330852485,-0.12801804414836618,207.9799999999999,gibbs_rock_support;fluorite_ca_f_support
NGW-069,Middle Voltaian sedimentary aquifer,Voltaian Supergroup,mudstone–sandstone sequence,North East Region,Bunkpurugu,False,0.010636893755294157,EC06,apatite,trace_mineral,Ca;Mg;Na;K;HCO3;Cl;SO4;NO3;F,0.6799999999999999,0.6976763260710311,0.26391035419758635,rock,rock,freshening,freshening,oxic,oxic,-0.5166417703654183,-0.2474336145880867,-0.17542862330852485,-0.12801804414836618,207.9799999999999,residual_weakly_aligned;gibbs_rock_support
NGW-069,Middle Voltaian sedimentary aquifer,Voltaian Supergroup,mudstone–sandstone sequence,North East Region,Bunkpurugu,False,0.0,EC13,pyrite_oxidation,redox,Ca;Mg;Na;K;HCO3;Cl;SO4;NO3;F,0.5,1.0,0.11432155029374012,rock,rock,freshening,freshening,oxic,oxic,-0.5166417703654183,-0.2474336145880867,-0.17542862330852485,-0.12801804414836618,207.9799999999999,
NGW-069,Middle Voltaian sedimentary aquifer,Voltaian Supergroup,mudstone–sandstone sequence,North East Region,Bunkpurugu,True,0.1187916621498991,EC03,NO3src,anthropogenic,Ca;Mg;Na;K;HCO3;Cl;SO4;NO3;F,0.6799999999999999,0.6976763260710311,0.06043752101943757,rock,rock,freshening,freshening,oxic,oxic,-0.5166417703654183,-0.2474336145880867,-0.17542862330852485,-0.12801804414836618,207.9799999999999,nitrate_increase_support
NGW-069,Middle Voltaian sedimentary aquifer,Voltaian Supergroup,mudstone–sandstone sequence,North East Region,Bunkpurugu,False,0.0,EC07,denit,redox,Ca;Mg;Na;K;HCO3;Cl;SO4;NO3;F,0.43999999999999995,1.1274968515793757,0.25542175284658336,rock,rock,freshening,freshening,oxic,oxic,-0.5166417703654183,-0.2474336145880867,-0.17542862330852485,-0.12801804414836618,207.9799999999999,residual_weakly_aligned;denitrification_no3_conflict
NGW-069,Middle Voltaian sedimentary aquifer,Voltaian Supergroup,mudstone–sandstone sequence,North East Region,Bunkpurugu,False,0.0,EC01,CaNa_exch,ion_exchange,Ca;Mg;Na;K;HCO3;Cl;SO4;NO3;F,0.54,0.9231163463866358,-0.4088592240878365,rock,rock,freshening,freshening,oxic,oxic,-0.5166417703654183,-0.2474336145880867,-0.17542862330852485,-0.12801804414836618,207.9799999999999,residual_opposed;cai_freshening_support
NGW-069,Middle Voltaian sedimentary aquifer,Voltaian Supergroup,mudstone–sandstone sequence,North East Region,Bunkpurugu,False,0.0,EC01,NaCa_exch,ion_exchange,Ca;Mg;Na;K;HCO3;Cl;SO4;NO3;F,0.38,1.2712491503214047,0.4088592240878365,rock,rock,freshening,freshening,oxic,oxic,-0.5166417703654183,-0.2474336145880867,-0.17542862330852485,-0.12801804414836618,207.9799999999999,residual_weakly_aligned;cai_freshening_conflict
NGW-069,Middle Voltaian sedimentary aquifer,Voltaian Supergroup,mudstone–sandstone sequence,North East Region,Bunkpurugu,False,0.0,EC02,MgNa_exch,ion_exchange,Ca;Mg;Na;K;HCO3;Cl;SO4;NO3;F,0.54,0.9231163463866358,-0.4972834191537877,rock,rock,freshening,freshening,oxic,oxic,-0.5166417703654183,-0.2474336145880867,-0.17542862330852485,-0.12801804414836618,207.9799999999999,residual_opposed;cai_freshening_support
NGW-069,Middle Voltaian sedimentary aquifer,Voltaian Supergroup,mudstone–sandstone sequence,North East Region,Bunkpurugu,False,0.0,EC02,NaMg_exch,ion_exchange,Ca;Mg;Na;K;HCO3;Cl;SO4;NO3;F,0.38,1.2712491503214047,0.4972834191537877,rock,rock,freshening,freshening,oxic,oxic,-0.5166417703654183,-0.2474336145880867,-0.17542862330852485,-0.12801804414836618,207.9799999999999,residual_weakly_aligned;cai_freshening_conflict
NGW-070,Birimian fractured basement aquifer,Birimian Supergroup,greenstone belt fracture network,North East Region,Nalerigu,False,0.0,EC05,calcite,carbonate,Ca;Mg;Na;K;HCO3;Cl;SO4;NO3;F,0.8799999999999999,0.46766642700990935,0.4833702712136565,rock,rock,neutral,neutral,oxic,oxic,-0.07871928432799809,-0.0294031290017612,-0.028724729977479907,-0.015101835334764332,107.25000000000009,residual_weakly_aligned;gibbs_rock_support;carbonate_alkalinity_support;undersaturated_dissolution_support
NGW-070,Birimian fractured basement aquifer,Birimian Supergroup,greenstone belt fracture network,North East Region,Nalerigu,True,0.15918347071232045,EC08,dolomite,carbonate,Ca;Mg;Na;K;HCO3;Cl;SO4;NO3;F,0.8799999999999999,0.46766642700990935,0.5459289415009088,rock,rock,neutral,neutral,oxic,oxic,-0.07871928432799809,-0.0294031290017612,-0.028724729977479907,-0.015101835334764332,107.25000000000009,residual_weakly_aligned;gibbs_rock_support;carbonate_alkalinity_support;undersaturated_dissolution_support
NGW-070,Birimian fractured basement aquifer,Birimian Supergroup,greenstone belt fracture network,North East Region,Nalerigu,False,0.0,EC04,albite,silicate,Ca;Mg;Na;K;HCO3;Cl;SO4;NO3;F,0.8799999999999999,0.46766642700990935,0.7556287274182703,rock,rock,neutral,neutral,oxic,oxic,-0.07871928432799809,-0.0294031290017612,-0.028724729977479907,-0.015101835334764332,107.25000000000009,residual_strongly_aligned;gibbs_rock_support;albite_na_alkalinity_support
NGW-070,Birimian fractured basement aquifer,Birimian Supergroup,greenstone belt fracture network,North East Region,Nalerigu,False,0.0,EC05,anorthite,silicate,Ca;Mg;Na;K;HCO3;Cl;SO4;NO3;F,0.7799999999999999,0.571209063848815,0.4833702712136565,rock,rock,neutral,neutral,oxic,oxic,-0.07871928432799809,-0.0294031290017612,-0.028724729977479907,-0.015101835334764332,107.25000000000009,residual_weakly_aligned;gibbs_rock_support;carbonate_alkalinity_support
NGW-070,Birimian fractured basement aquifer,Birimian Supergroup,greenstone belt fracture network,North East Region,Nalerigu,False,0.018691310768694697,EC12,k_feldspar,silicate,Ca;Mg;Na;K;HCO3;Cl;SO4;NO3;F,0.7799999999999999,0.571209063848815,0.37578382963304763,rock,rock,neutral,neutral,oxic,oxic,-0.07871928432799809,-0.0294031290017612,-0.028724729977479907,-0.015101835334764332,107.25000000000009,residual_weakly_aligned;gibbs_rock_support;k_feldspar_k_alkalinity_support
NGW-070,Birimian fractured basement aquifer,Birimian Supergroup,greenstone belt fracture network,North East Region,Nalerigu,False,0.0,EC10,gypsum,evaporite,Ca;Mg;Na;K;HCO3;Cl;SO4;NO3;F,0.78,0.5712090638488149,0.09181965420896483,rock,rock,neutral,neutral,oxic,oxic,-0.07871928432799809,-0.0294031290017612,-0.028724729977479907,-0.015101835334764332,107.25000000000009,gypsum_ca_so4_support;undersaturated_dissolution_support;salinity_increase_support
NGW-070,Birimian fractured basement aquifer,Birimian Supergroup,greenstone belt fracture network,North East Region,Nalerigu,True,0.7773434953144979,EC11,halite,evaporite,Ca;Mg;Na;K;HCO3;Cl;SO4;NO3;F,0.95,0.40656965974059917,0.826931038086421,rock,rock,neutral,neutral,oxic,oxic,-0.07871928432799809,-0.0294031290017612,-0.028724729977479907,-0.015101835334764332,107.25000000000009,residual_strongly_aligned;halite_na_cl_support;undersaturated_dissolution_support;salinity_increase_support
NGW-070,Birimian fractured basement aquifer,Birimian Supergroup,greenstone belt fracture network,North East Region,Nalerigu,False,0.0,EC09,fluorite,trace_mineral,Ca;Mg;Na;K;HCO3;Cl;SO4;NO3;F,0.6799999999999999,0.6976763260710311,0.04369218910654383,rock,rock,neutral,neutral,oxic,oxic,-0.07871928432799809,-0.0294031290017612,-0.028724729977479907,-0.015101835334764332,107.25000000000009,gibbs_rock_support;fluorite_ca_f_support
NGW-070,Birimian fractured basement aquifer,Birimian Supergroup,greenstone belt fracture network,North East Region,Nalerigu,False,-0.0,EC06,apatite,trace_mineral,Ca;Mg;Na;K;HCO3;Cl;SO4;NO3;F,0.58,0.8521437889662115,0.07189887769981165,rock,rock,neutral,neutral,oxic,oxic,-0.07871928432799809,-0.0294031290017612,-0.028724729977479907,-0.015101835334764332,107.25000000000009,gibbs_rock_support
NGW-070,Birimian fractured basement aquifer,Birimian Supergroup,greenstone belt fracture network,North East Region,Nalerigu,False,0.029098247544519562,EC13,pyrite_oxidation,redox,Ca;Mg;Na;K;HCO3;Cl;SO4;NO3;F,0.5,1.0,0.05923828295633553,rock,rock,neutral,neutral,oxic,oxic,-0.07871928432799809,-0.0294031290017612,-0.028724729977479907,-0.015101835334764332,107.25000000000009,
NGW-070,Birimian fractured basement aquifer,Birimian Supergroup,greenstone belt fracture network,North East Region,Nalerigu,False,0.0,EC03,NO3src,anthropogenic,Ca;Mg;Na;K;HCO3;Cl;SO4;NO3;F,0.6799999999999999,0.6976763260710311,0.010007256800029223,rock,rock,neutral,neutral,oxic,oxic,-0.07871928432799809,-0.0294031290017612,-0.028724729977479907,-0.015101835334764332,107.25000000000009,nitrate_increase_support
NGW-070,Birimian fractured basement aquifer,Birimian Supergroup,greenstone belt fracture network,North East Region,Nalerigu,False,0.0,EC07,denit,redox,Ca;Mg;Na;K;HCO3;Cl;SO4;NO3;F,0.43999999999999995,1.1274968515793757,0.350095622105397,rock,rock,neutral,neutral,oxic,oxic,-0.07871928432799809,-0.0294031290017612,-0.028724729977479907,-0.015101835334764332,107.25000000000009,residual_weakly_aligned;denitrification_no3_conflict
NGW-070,Birimian fractured basement aquifer,Birimian Supergroup,greenstone belt fracture network,North East Region,Nalerigu,False,0.0,EC01,CaNa_exch,ion_exchange,Ca;Mg;Na;K;HCO3;Cl;SO4;NO3;F,0.32,1.4333294145603401,-0.4724328664248468,rock,rock,neutral,neutral,oxic,oxic,-0.07871928432799809,-0.0294031290017612,-0.028724729977479907,-0.015101835334764332,107.25000000000009,residual_opposed
NGW-070,Birimian fractured basement aquifer,Birimian Supergroup,greenstone belt fracture network,North East Region,Nalerigu,True,0.045137111206568596,EC01,NaCa_exch,ion_exchange,Ca;Mg;Na;K;HCO3;Cl;SO4;NO3;F,0.6,0.8187307530779819,0.4724328664248468,rock,rock,neutral,neutral,oxic,oxic,-0.07871928432799809,-0.0294031290017612,-0.028724729977479907,-0.015101835334764332,107.25000000000009,residual_weakly_aligned
NGW-070,Birimian fractured basement aquifer,Birimian Supergroup,greenstone belt fracture network,North East Region,Nalerigu,True,0.06763837158820366,EC02,MgNa_exch,ion_exchange,Ca;Mg;Na;K;HCO3;Cl;SO4;NO3;F,0.32,1.4333294145603401,-0.4033460714035436,rock,rock,neutral,neutral,oxic,oxic,-0.07871928432799809,-0.0294031290017612,-0.028724729977479907,-0.015101835334764332,107.25000000000009,residual_opposed
NGW-070,Birimian fractured basement aquifer,Birimian Supergroup,greenstone belt fracture network,North East Region,Nalerigu,False,0.0,EC02,NaMg_exch,ion_exchange,Ca;Mg;Na;K;HCO3;Cl;SO4;NO3;F,0.6,0.8187307530779819,0.4033460714035436,rock,rock,neutral,neutral,oxic,oxic,-0.07871928432799809,-0.0294031290017612,-0.028724729977479907,-0.015101835334764332,107.25000000000009,residual_weakly_aligned
NGW-071,Regolith/alluvial shallow aquifer,Quaternary regolith/alluvium,valley alluvium,North East Region,Mamprugu Moagduri,True,0.03454133987866556,EC05,calcite,carbonate,Ca;Mg;Na;K;HCO3;Cl;SO4;NO3;F,0.8799999999999999,0.46766642700990935,0.4957549659289946,rock,rock,freshening,neutral,oxic,oxic,-0.40785074053875575,-0.07044564444331743,-0.16018872054276043,-0.03755004525691363,174.10000000000002,residual_weakly_aligned;gibbs_rock_support;carbonate_alkalinity_support;undersaturated_dissolution_support
NGW-071,Regolith/alluvial shallow aquifer,Quaternary regolith/alluvium,valley alluvium,North East Region,Mamprugu Moagduri,True,0.14264987715432106,EC08,dolomite,carbonate,Ca;Mg;Na;K;HCO3;Cl;SO4;NO3;F,0.8799999999999999,0.46766642700990935,0.4905438227118807,rock,rock,freshening,neutral,oxic,oxic,-0.40785074053875575,-0.07044564444331743,-0.16018872054276043,-0.03755004525691363,174.10000000000002,residual_weakly_aligned;gibbs_rock_support;carbonate_alkalinity_support;undersaturated_dissolution_support
NGW-071,Regolith/alluvial shallow aquifer,Quaternary regolith/alluvium,valley alluvium,North East Region,Mamprugu Moagduri,False,0.0,EC04,albite,silicate,Ca;Mg;Na;K;HCO3;Cl;SO4;NO3;F,0.8799999999999999,0.46766642700990935,0.629575625400662,rock,rock,freshening,neutral,oxic,oxic,-0.40785074053875575,-0.07044564444331743,-0.16018872054276043,-0.03755004525691363,174.10000000000002,residual_strongly_aligned;gibbs_rock_support;albite_na_alkalinity_support
NGW-071,Regolith/alluvial shallow aquifer,Quaternary regolith/alluvium,valley alluvium,North East Region,Mamprugu Moagduri,True,0.03454133987866556,EC05,anorthite,silicate,Ca;Mg;Na;K;HCO3;Cl;SO4;NO3;F,0.7799999999999999,0.571209063848815,0.4957549659289946,rock,rock,freshening,neutral,oxic,oxic,-0.40785074053875575,-0.07044564444331743,-0.16018872054276043,-0.03755004525691363,174.10000000000002,residual_weakly_aligned;gibbs_rock_support;carbonate_alkalinity_support
NGW-071,Regolith/alluvial shallow aquifer,Quaternary regolith/alluvium,valley alluvium,North East Region,Mamprugu Moagduri,False,0.0,EC12,k_feldspar,silicate,Ca;Mg;Na;K;HCO3;Cl;SO4;NO3;F,0.7799999999999999,0.571209063848815,0.28689473325356646,rock,rock,freshening,neutral,oxic,oxic,-0.40785074053875575,-0.07044564444331743,-0.16018872054276043,-0.03755004525691363,174.10000000000002,residual_weakly_aligned;gibbs_rock_support;k_feldspar_k_alkalinity_support
NGW-071,Regolith/alluvial shallow aquifer,Quaternary regolith/alluvium,valley alluvium,North East Region,Mamprugu Moagduri,True,0.2343127667183473,EC10,gypsum,evaporite,Ca;Mg;Na;K;HCO3;Cl;SO4;NO3;F,0.88,0.46766642700990924,0.31046861736914405,rock,rock,freshening,neutral,oxic,oxic,-0.40785074053875575,-0.07044564444331743,-0.16018872054276043,-0.03755004525691363,174.10000000000002,residual_weakly_aligned;gypsum_ca_so4_support;undersaturated_dissolution_support;salinity_increase_support
NGW-071,Regolith/alluvial shallow aquifer,Quaternary regolith/alluvium,valley alluvium,North East Region,Mamprugu Moagduri,True,1.1412674033251944,EC11,halite,evaporite,Ca;Mg;Na;K;HCO3;Cl;SO4;NO3;F,0.95,0.40656965974059917,0.8153037047281105,rock,rock,freshening,neutral,oxic,oxic,-0.40785074053875575,-0.07044564444331743,-0.16018872054276043,-0.03755004525691363,174.10000000000002,residual_strongly_aligned;halite_na_cl_support;undersaturated_dissolution_support;salinity_increase_support
NGW-071,Regolith/alluvial shallow aquifer,Quaternary regolith/alluvium,valley alluvium,North East Region,Mamprugu Moagduri,False,0.0,EC09,fluorite,trace_mineral,Ca;Mg;Na;K;HCO3;Cl;SO4;NO3;F,0.6799999999999999,0.6976763260710311,0.13776798467705662,rock,rock,freshening,neutral,oxic,oxic,-0.40785074053875575,-0.07044564444331743,-0.16018872054276043,-0.03755004525691363,174.10000000000002,gibbs_rock_support;fluorite_ca_f_support
NGW-071,Regolith/alluvial shallow aquifer,Quaternary regolith/alluvium,valley alluvium,North East Region,Mamprugu Moagduri,False,0.015013783024476058,EC06,apatite,trace_mineral,Ca;Mg;Na;K;HCO3;Cl;SO4;NO3;F,0.6799999999999999,0.6976763260710311,0.2984423681744499,rock,rock,freshening,neutral,oxic,oxic,-0.40785074053875575,-0.07044564444331743,-0.16018872054276043,-0.03755004525691363,174.10000000000002,residual_weakly_aligned;gibbs_rock_support
NGW-071,Regolith/alluvial shallow aquifer,Quaternary regolith/alluvium,valley alluvium,North East Region,Mamprugu Moagduri,False,0.0,EC13,pyrite_oxidation,redox,Ca;Mg;Na;K;HCO3;Cl;SO4;NO3;F,0.5,1.0,0.1351280028027025,rock,rock,freshening,neutral,oxic,oxic,-0.40785074053875575,-0.07044564444331743,-0.16018872054276043,-0.03755004525691363,174.10000000000002,
NGW-071,Regolith/alluvial shallow aquifer,Quaternary regolith/alluvium,valley alluvium,North East Region,Mamprugu Moagduri,True,0.22502624484605538,EC03,NO3src,anthropogenic,Ca;Mg;Na;K;HCO3;Cl;SO4;NO3;F,0.6799999999999999,0.6976763260710311,0.13743032157006901,rock,rock,freshening,neutral,oxic,oxic,-0.40785074053875575,-0.07044564444331743,-0.16018872054276043,-0.03755004525691363,174.10000000000002,nitrate_increase_support
NGW-071,Regolith/alluvial shallow aquifer,Quaternary regolith/alluvium,valley alluvium,North East Region,Mamprugu Moagduri,False,0.0,EC07,denit,redox,Ca;Mg;Na;K;HCO3;Cl;SO4;NO3;F,0.33999999999999997,1.3771277643359572,0.18729145596627605,rock,rock,freshening,neutral,oxic,oxic,-0.40785074053875575,-0.07044564444331743,-0.16018872054276043,-0.03755004525691363,174.10000000000002,denitrification_no3_conflict
NGW-071,Regolith/alluvial shallow aquifer,Quaternary regolith/alluvium,valley alluvium,North East Region,Mamprugu Moagduri,False,0.0,EC01,CaNa_exch,ion_exchange,Ca;Mg;Na;K;HCO3;Cl;SO4;NO3;F,0.32,1.4333294145603401,-0.3006022083074254,rock,rock,freshening,neutral,oxic,oxic,-0.40785074053875575,-0.07044564444331743,-0.16018872054276043,-0.03755004525691363,174.10000000000002,residual_opposed
NGW-071,Regolith/alluvial shallow aquifer,Quaternary regolith/alluvium,valley alluvium,North East Region,Mamprugu Moagduri,False,0.0,EC01,NaCa_exch,ion_exchange,Ca;Mg;Na;K;HCO3;Cl;SO4;NO3;F,0.6,0.8187307530779819,0.3006022083074254,rock,rock,freshening,neutral,oxic,oxic,-0.40785074053875575,-0.07044564444331743,-0.16018872054276043,-0.03755004525691363,174.10000000000002,residual_weakly_aligned
NGW-071,Regolith/alluvial shallow aquifer,Quaternary regolith/alluvium,valley alluvium,North East Region,Mamprugu Moagduri,True,0.1292500237008117,EC02,MgNa_exch,ion_exchange,Ca;Mg;Na;K;HCO3;Cl;SO4;NO3;F,0.32,1.4333294145603401,-0.3613706770281875,rock,rock,freshening,neutral,oxic,oxic,-0.40785074053875575,-0.07044564444331743,-0.16018872054276043,-0.03755004525691363,174.10000000000002,residual_opposed
NGW-071,Regolith/alluvial shallow aquifer,Quaternary regolith/alluvium,valley alluvium,North East Region,Mamprugu Moagduri,False,0.0,EC02,NaMg_exch,ion_exchange,Ca;Mg;Na;K;HCO3;Cl;SO4;NO3;F,0.6,0.8187307530779819,0.3613706770281875,rock,rock,freshening,neutral,oxic,oxic,-0.40785074053875575,-0.07044564444331743,-0.16018872054276043,-0.03755004525691363,174.10000000000002,residual_weakly_aligned
NGW-072,Middle Voltaian sedimentary aquifer,Voltaian Supergroup,siltstone–shale unit,North East Region,Yunyoo-Nasuan,True,0.17162495947716158,EC05,calcite,carbonate,Ca;Mg;Na;K;HCO3;Cl;SO4;NO3;F,0.95,0.40656965974059917,0.6593947863896616,rock,rock,freshening,freshening,oxic,oxic,-0.8199184474920369,-0.29666903912216946,-0.251377462107244,-0.13318771928710493,212.76,residual_strongly_aligned;gibbs_rock_support;carbonate_alkalinity_support;undersaturated_dissolution_support
NGW-072,Middle Voltaian sedimentary aquifer,Voltaian Supergroup,siltstone–shale unit,North East Region,Yunyoo-Nasuan,True,0.16283681259550958,EC08,dolomite,carbonate,Ca;Mg;Na;K;HCO3;Cl;SO4;NO3;F,0.95,0.40656965974059917,0.66012991191317,rock,rock,freshening,freshening,oxic,oxic,-0.8199184474920369,-0.29666903912216946,-0.251377462107244,-0.13318771928710493,212.76,residual_strongly_aligned;gibbs_rock_support;carbonate_alkalinity_support;undersaturated_dissolution_support
NGW-072,Middle Voltaian sedimentary aquifer,Voltaian Supergroup,siltstone–shale unit,North East Region,Yunyoo-Nasuan,False,0.0,EC04,albite,silicate,Ca;Mg;Na;K;HCO3;Cl;SO4;NO3;F,0.8799999999999999,0.46766642700990935,0.7539475738393899,rock,rock,freshening,freshening,oxic,oxic,-0.8199184474920369,-0.29666903912216946,-0.251377462107244,-0.13318771928710493,212.76,residual_strongly_aligned;gibbs_rock_support;albite_na_alkalinity_support
NGW-072,Middle Voltaian sedimentary aquifer,Voltaian Supergroup,siltstone–shale unit,North East Region,Yunyoo-Nasuan,True,0.17162495947716158,EC05,anorthite,silicate,Ca;Mg;Na;K;HCO3;Cl;SO4;NO3;F,0.8799999999999999,0.46766642700990935,0.6593947863896616,rock,rock,freshening,freshening,oxic,oxic,-0.8199184474920369,-0.29666903912216946,-0.251377462107244,-0.13318771928710493,212.76,residual_strongly_aligned;gibbs_rock_support;carbonate_alkalinity_support
NGW-072,Middle Voltaian sedimentary aquifer,Voltaian Supergroup,siltstone–shale unit,North East Region,Yunyoo-Nasuan,True,0.06631357948862203,EC12,k_feldspar,silicate,Ca;Mg;Na;K;HCO3;Cl;SO4;NO3;F,0.7799999999999999,0.571209063848815,0.4525212479095208,rock,rock,freshening,freshening,oxic,oxic,-0.8199184474920369,-0.29666903912216946,-0.251377462107244,-0.13318771928710493,212.76,residual_weakly_aligned;gibbs_rock_support;k_feldspar_k_alkalinity_support
NGW-072,Middle Voltaian sedimentary aquifer,Voltaian Supergroup,siltstone–shale unit,North East Region,Yunyoo-Nasuan,True,0.0689322556663305,EC10,gypsum,evaporite,Ca;Mg;Na;K;HCO3;Cl;SO4;NO3;F,0.78,0.5712090638488149,0.2383505442039431,rock,rock,freshening,freshening,oxic,oxic,-0.8199184474920369,-0.29666903912216946,-0.251377462107244,-0.13318771928710493,212.76,gypsum_ca_so4_support;undersaturated_dissolution_support;salinity_increase_support
NGW-072,Middle Voltaian sedimentary aquifer,Voltaian Supergroup,siltstone–shale unit,North East Region,Yunyoo-Nasuan,True,1.2945731756282917,EC11,halite,evaporite,Ca;Mg;Na;K;HCO3;Cl;SO4;NO3;F,0.95,0.40656965974059917,0.732644250652222,rock,rock,freshening,freshening,oxic,oxic,-0.8199184474920369,-0.29666903912216946,-0.251377462107244,-0.13318771928710493,212.76,residual_strongly_aligned;halite_na_cl_support;undersaturated_dissolution_support;salinity_increase_support
NGW-072,Middle Voltaian sedimentary aquifer,Voltaian Supergroup,siltstone–shale unit,North East Region,Yunyoo-Nasuan,False,0.006009263813661596,EC09,fluorite,trace_mineral,Ca;Mg;Na;K;HCO3;Cl;SO4;NO3;F,0.6799999999999999,0.6976763260710311,0.1270644455767299,rock,rock,freshening,freshening,oxic,oxic,-0.8199184474920369,-0.29666903912216946,-0.251377462107244,-0.13318771928710493,212.76,gibbs_rock_support;fluorite_ca_f_support
NGW-072,Middle Voltaian sedimentary aquifer,Voltaian Supergroup,siltstone–shale unit,North East Region,Yunyoo-Nasuan,False,0.0,EC06,apatite,trace_mineral,Ca;Mg;Na;K;HCO3;Cl;SO4;NO3;F,0.6799999999999999,0.6976763260710311,0.2560010997820612,rock,rock,freshening,freshening,oxic,oxic,-0.8199184474920369,-0.29666903912216946,-0.251377462107244,-0.13318771928710493,212.76,residual_weakly_aligned;gibbs_rock_support
NGW-072,Middle Voltaian sedimentary aquifer,Voltaian Supergroup,siltstone–shale unit,North East Region,Yunyoo-Nasuan,True,0.047429596794778824,EC13,pyrite_oxidation,redox,Ca;Mg;Na;K;HCO3;Cl;SO4;NO3;F,0.5,1.0,0.07856918679589128,rock,rock,freshening,freshening,oxic,oxic,-0.8199184474920369,-0.29666903912216946,-0.251377462107244,-0.13318771928710493,212.76,
NGW-072,Middle Voltaian sedimentary aquifer,Voltaian Supergroup,siltstone–shale unit,North East Region,Yunyoo-Nasuan,False,0.003730943429137378,EC03,NO3src,anthropogenic,Ca;Mg;Na;K;HCO3;Cl;SO4;NO3;F,0.6799999999999999,0.6976763260710311,0.010051697820929281,rock,rock,freshening,freshening,oxic,oxic,-0.8199184474920369,-0.29666903912216946,-0.251377462107244,-0.13318771928710493,212.76,nitrate_increase_support
NGW-072,Middle Voltaian sedimentary aquifer,Voltaian Supergroup,siltstone–shale unit,North East Region,Yunyoo-Nasuan,False,0.0,EC07,denit,redox,Ca;Mg;Na;K;HCO3;Cl;SO4;NO3;F,0.43999999999999995,1.1274968515793757,0.4227928571521369,rock,rock,freshening,freshening,oxic,oxic,-0.8199184474920369,-0.29666903912216946,-0.251377462107244,-0.13318771928710493,212.76,residual_weakly_aligned;denitrification_no3_conflict
NGW-072,Middle Voltaian sedimentary aquifer,Voltaian Supergroup,siltstone–shale unit,North East Region,Yunyoo-Nasuan,False,0.016093903857961278,EC01,CaNa_exch,ion_exchange,Ca;Mg;Na;K;HCO3;Cl;SO4;NO3;F,0.54,0.9231163463866358,-0.29428184148651926,rock,rock,freshening,freshening,oxic,oxic,-0.8199184474920369,-0.29666903912216946,-0.251377462107244,-0.13318771928710493,212.76,residual_opposed;cai_freshening_support
NGW-072,Middle Voltaian sedimentary aquifer,Voltaian Supergroup,siltstone–shale unit,North East Region,Yunyoo-Nasuan,False,0.0,EC01,NaCa_exch,ion_exchange,Ca;Mg;Na;K;HCO3;Cl;SO4;NO3;F,0.38,1.2712491503214047,0.29428184148651926,rock,rock,freshening,freshening,oxic,oxic,-0.8199184474920369,-0.29666903912216946,-0.251377462107244,-0.13318771928710493,212.76,residual_weakly_aligned;cai_freshening_conflict
NGW-072,Middle Voltaian sedimentary aquifer,Voltaian Supergroup,siltstone–shale unit,North East Region,Yunyoo-Nasuan,True,0.08537655767549585,EC02,MgNa_exch,ion_exchange,Ca;Mg;Na;K;HCO3;Cl;SO4;NO3;F,0.54,0.9231163463866358,-0.36056297031468026,rock,rock,freshening,freshening,oxic,oxic,-0.8199184474920369,-0.29666903912216946,-0.251377462107244,-0.13318771928710493,212.76,residual_opposed;cai_freshening_support
NGW-072,Middle Voltaian sedimentary aquifer,Voltaian Supergroup,siltstone–shale unit,North East Region,Yunyoo-Nasuan,False,0.0,EC02,NaMg_exch,ion_exchange,Ca;Mg;Na;K;HCO3;Cl;SO4;NO3;F,0.38,1.2712491503214047,0.36056297031468026,rock,rock,freshening,freshening,oxic,oxic,-0.8199184474920369,-0.29666903912216946,-0.251377462107244,-0.13318771928710493,212.76,residual_weakly_aligned;cai_freshening_conflict
NGW-073,Middle Voltaian sedimentary aquifer,Voltaian Supergroup,siltstone–shale unit,North East Region,Gambaga,True,0.12371751334755571,EC05,calcite,carbonate,Ca;Mg;Na;K;HCO3;Cl;SO4;NO3;F,0.8799999999999999,0.46766642700990935,0.7421877905836465,rock,rock,freshening,freshening,oxic,oxic,-0.6502062909690419,-0.4545010862987669,-0.2465650082565609,-0.19094475431747918,247.12000000000012,residual_strongly_aligned;gibbs_rock_support;carbonate_alkalinity_support
NGW-073,Middle Voltaian sedimentary aquifer,Voltaian Supergroup,siltstone–shale unit,North East Region,Gambaga,True,0.2725343984238795,EC08,dolomite,carbonate,Ca;Mg;Na;K;HCO3;Cl;SO4;NO3;F,0.95,0.40656965974059917,0.7450341319235833,rock,rock,freshening,freshening,oxic,oxic,-0.6502062909690419,-0.4545010862987669,-0.2465650082565609,-0.19094475431747918,247.12000000000012,residual_strongly_aligned;gibbs_rock_support;carbonate_alkalinity_support;undersaturated_dissolution_support
NGW-073,Middle Voltaian sedimentary aquifer,Voltaian Supergroup,siltstone–shale unit,North East Region,Gambaga,True,0.28660157757473625,EC04,albite,silicate,Ca;Mg;Na;K;HCO3;Cl;SO4;NO3;F,0.8799999999999999,0.46766642700990935,0.851770618019685,rock,rock,freshening,freshening,oxic,oxic,-0.6502062909690419,-0.4545010862987669,-0.2465650082565609,-0.19094475431747918,247.12000000000012,residual_strongly_aligned;gibbs_rock_support;albite_na_alkalinity_support
NGW-073,Middle Voltaian sedimentary aquifer,Voltaian Supergroup,siltstone–shale unit,North East Region,Gambaga,True,0.12371751334755571,EC05,anorthite,silicate,Ca;Mg;Na;K;HCO3;Cl;SO4;NO3;F,0.8799999999999999,0.46766642700990935,0.7421877905836465,rock,rock,freshening,freshening,oxic,oxic,-0.6502062909690419,-0.4545010862987669,-0.2465650082565609,-0.19094475431747918,247.12000000000012,residual_strongly_aligned;gibbs_rock_support;carbonate_alkalinity_support
NGW-073,Middle Voltaian sedimentary aquifer,Voltaian Supergroup,siltstone–shale unit,North East Region,Gambaga,False,0.0,EC12,k_feldspar,silicate,Ca;Mg;Na;K;HCO3;Cl;SO4;NO3;F,0.7799999999999999,0.571209063848815,0.49147011149440467,rock,rock,freshening,freshening,oxic,oxic,-0.6502062909690419,-0.4545010862987669,-0.2465650082565609,-0.19094475431747918,247.12000000000012,residual_weakly_aligned;gibbs_rock_support;k_feldspar_k_alkalinity_support
NGW-073,Middle Voltaian sedimentary aquifer,Voltaian Supergroup,siltstone–shale unit,North East Region,Gambaga,True,0.15722703874150387,EC10,gypsum,evaporite,Ca;Mg;Na;K;HCO3;Cl;SO4;NO3;F,0.78,0.5712090638488149,0.2352833897114573,rock,rock,freshening,freshening,oxic,oxic,-0.6502062909690419,-0.4545010862987669,-0.2465650082565609,-0.19094475431747918,247.12000000000012,gypsum_ca_so4_support;undersaturated_dissolution_support;salinity_increase_support
NGW-073,Middle Voltaian sedimentary aquifer,Voltaian Supergroup,siltstone–shale unit,North East Region,Gambaga,True,1.0825023989080758,EC11,halite,evaporite,Ca;Mg;Na;K;HCO3;Cl;SO4;NO3;F,0.95,0.40656965974059917,0.6483888386393598,rock,rock,freshening,freshening,oxic,oxic,-0.6502062909690419,-0.4545010862987669,-0.2465650082565609,-0.19094475431747918,247.12000000000012,residual_strongly_aligned;halite_na_cl_support;undersaturated_dissolution_support;salinity_increase_support
NGW-073,Middle Voltaian sedimentary aquifer,Voltaian Supergroup,siltstone–shale unit,North East Region,Gambaga,False,0.0,EC09,fluorite,trace_mineral,Ca;Mg;Na;K;HCO3;Cl;SO4;NO3;F,0.6799999999999999,0.6976763260710311,0.12370179350206358,rock,rock,freshening,freshening,oxic,oxic,-0.6502062909690419,-0.4545010862987669,-0.2465650082565609,-0.19094475431747918,247.12000000000012,gibbs_rock_support;fluorite_ca_f_support
NGW-073,Middle Voltaian sedimentary aquifer,Voltaian Supergroup,siltstone–shale unit,North East Region,Gambaga,False,0.00794311023110328,EC06,apatite,trace_mineral,Ca;Mg;Na;K;HCO3;Cl;SO4;NO3;F,0.6799999999999999,0.6976763260710311,0.2667871951907428,rock,rock,freshening,freshening,oxic,oxic,-0.6502062909690419,-0.4545010862987669,-0.2465650082565609,-0.19094475431747918,247.12000000000012,residual_weakly_aligned;gibbs_rock_support
NGW-073,Middle Voltaian sedimentary aquifer,Voltaian Supergroup,siltstone–shale unit,North East Region,Gambaga,False,0.0,EC13,pyrite_oxidation,redox,Ca;Mg;Na;K;HCO3;Cl;SO4;NO3;F,0.5,1.0,0.061174226364466885,rock,rock,freshening,freshening,oxic,oxic,-0.6502062909690419,-0.4545010862987669,-0.2465650082565609,-0.19094475431747918,247.12000000000012,
NGW-073,Middle Voltaian sedimentary aquifer,Voltaian Supergroup,siltstone–shale unit,North East Region,Gambaga,True,0.10643507171545212,EC03,NO3src,anthropogenic,Ca;Mg;Na;K;HCO3;Cl;SO4;NO3;F,0.6799999999999999,0.6976763260710311,0.04667396709495808,rock,rock,freshening,freshening,oxic,oxic,-0.6502062909690419,-0.4545010862987669,-0.2465650082565609,-0.19094475431747918,247.12000000000012,nitrate_increase_support
NGW-073,Middle Voltaian sedimentary aquifer,Voltaian Supergroup,siltstone–shale unit,North East Region,Gambaga,False,0.0,EC07,denit,redox,Ca;Mg;Na;K;HCO3;Cl;SO4;NO3;F,0.43999999999999995,1.1274968515793757,0.45773414910772453,rock,rock,freshening,freshening,oxic,oxic,-0.6502062909690419,-0.4545010862987669,-0.2465650082565609,-0.19094475431747918,247.12000000000012,residual_weakly_aligned;denitrification_no3_conflict
NGW-073,Middle Voltaian sedimentary aquifer,Voltaian Supergroup,siltstone–shale unit,North East Region,Gambaga,False,0.0,EC01,CaNa_exch,ion_exchange,Ca;Mg;Na;K;HCO3;Cl;SO4;NO3;F,0.54,0.9231163463866358,-0.3352262881969391,rock,rock,freshening,freshening,oxic,oxic,-0.6502062909690419,-0.4545010862987669,-0.2465650082565609,-0.19094475431747918,247.12000000000012,residual_opposed;cai_freshening_support
NGW-073,Middle Voltaian sedimentary aquifer,Voltaian Supergroup,siltstone–shale unit,North East Region,Gambaga,False,0.0,EC01,NaCa_exch,ion_exchange,Ca;Mg;Na;K;HCO3;Cl;SO4;NO3;F,0.38,1.2712491503214047,0.3352262881969391,rock,rock,freshening,freshening,oxic,oxic,-0.6502062909690419,-0.4545010862987669,-0.2465650082565609,-0.19094475431747918,247.12000000000012,residual_weakly_aligned;cai_freshening_conflict
NGW-073,Middle Voltaian sedimentary aquifer,Voltaian Supergroup,siltstone–shale unit,North East Region,Gambaga,False,0.0,EC02,MgNa_exch,ion_exchange,Ca;Mg;Na;K;HCO3;Cl;SO4;NO3;F,0.54,0.9231163463866358,-0.405998994497299,rock,rock,freshening,freshening,oxic,oxic,-0.6502062909690419,-0.4545010862987669,-0.2465650082565609,-0.19094475431747918,247.12000000000012,residual_opposed;cai_freshening_support
NGW-073,Middle Voltaian sedimentary aquifer,Voltaian Supergroup,siltstone–shale unit,North East Region,Gambaga,False,0.0,EC02,NaMg_exch,ion_exchange,Ca;Mg;Na;K;HCO3;Cl;SO4;NO3;F,0.38,1.2712491503214047,0.405998994497299,rock,rock,freshening,freshening,oxic,oxic,-0.6502062909690419,-0.4545010862987669,-0.2465650082565609,-0.19094475431747918,247.12000000000012,residual_weakly_aligned;cai_freshening_conflict
NGW-074,Middle Voltaian sedimentary aquifer,Voltaian Supergroup,mudstone–sandstone sequence,North East Region,Nalerigu,False,0.0,EC05,calcite,carbonate,Ca;Mg;Na;K;HCO3;Cl;SO4;NO3;F,0.8799999999999999,0.46766642700990935,0.5050452468082443,rock,rock,freshening,freshening,oxic,oxic,-0.6386677658063066,-0.2467961909258169,-0.20993514976304628,-0.12391696968396038,176.66999999999996,residual_weakly_aligned;gibbs_rock_support;carbonate_alkalinity_support;undersaturated_dissolution_support
NGW-074,Middle Voltaian sedimentary aquifer,Voltaian Supergroup,mudstone–sandstone sequence,North East Region,Nalerigu,True,0.22882526850670992,EC08,dolomite,carbonate,Ca;Mg;Na;K;HCO3;Cl;SO4;NO3;F,0.8799999999999999,0.46766642700990935,0.5470466093783678,rock,rock,freshening,freshening,oxic,oxic,-0.6386677658063066,-0.2467961909258169,-0.20993514976304628,-0.12391696968396038,176.66999999999996,residual_weakly_aligned;gibbs_rock_support;carbonate_alkalinity_support;undersaturated_dissolution_support
NGW-074,Middle Voltaian sedimentary aquifer,Voltaian Supergroup,mudstone–sandstone sequence,North East Region,Nalerigu,False,0.0,EC04,albite,silicate,Ca;Mg;Na;K;HCO3;Cl;SO4;NO3;F,0.8799999999999999,0.46766642700990935,0.7266853641737308,rock,rock,freshening,freshening,oxic,oxic,-0.6386677658063066,-0.2467961909258169,-0.20993514976304628,-0.12391696968396038,176.66999999999996,residual_strongly_aligned;gibbs_rock_support;albite_na_alkalinity_support
NGW-074,Middle Voltaian sedimentary aquifer,Voltaian Supergroup,mudstone–sandstone sequence,North East Region,Nalerigu,False,0.0,EC05,anorthite,silicate,Ca;Mg;Na;K;HCO3;Cl;SO4;NO3;F,0.7799999999999999,0.571209063848815,0.5050452468082443,rock,rock,freshening,freshening,oxic,oxic,-0.6386677658063066,-0.2467961909258169,-0.20993514976304628,-0.12391696968396038,176.66999999999996,residual_weakly_aligned;gibbs_rock_support;carbonate_alkalinity_support
NGW-074,Middle Voltaian sedimentary aquifer,Voltaian Supergroup,mudstone–sandstone sequence,North East Region,Nalerigu,True,0.06649337550486961,EC12,k_feldspar,silicate,Ca;Mg;Na;K;HCO3;Cl;SO4;NO3;F,0.7799999999999999,0.571209063848815,0.38114623994124347,rock,rock,freshening,freshening,oxic,oxic,-0.6386677658063066,-0.2467961909258169,-0.20993514976304628,-0.12391696968396038,176.66999999999996,residual_weakly_aligned;gibbs_rock_support;k_feldspar_k_alkalinity_support
NGW-074,Middle Voltaian sedimentary aquifer,Voltaian Supergroup,mudstone–sandstone sequence,North East Region,Nalerigu,True,0.05373042652282867,EC10,gypsum,evaporite,Ca;Mg;Na;K;HCO3;Cl;SO4;NO3;F,0.78,0.5712090638488149,0.17493854963532426,rock,rock,freshening,freshening,oxic,oxic,-0.6386677658063066,-0.2467961909258169,-0.20993514976304628,-0.12391696968396038,176.66999999999996,gypsum_ca_so4_support;undersaturated_dissolution_support;salinity_increase_support
NGW-074,Middle Voltaian sedimentary aquifer,Voltaian Supergroup,mudstone–sandstone sequence,North East Region,Nalerigu,True,1.2359160198649286,EC11,halite,evaporite,Ca;Mg;Na;K;HCO3;Cl;SO4;NO3;F,0.95,0.40656965974059917,0.8224691696239943,rock,rock,freshening,freshening,oxic,oxic,-0.6386677658063066,-0.2467961909258169,-0.20993514976304628,-0.12391696968396038,176.66999999999996,residual_strongly_aligned;halite_na_cl_support;undersaturated_dissolution_support;salinity_increase_support
NGW-074,Middle Voltaian sedimentary aquifer,Voltaian Supergroup,mudstone–sandstone sequence,North East Region,Nalerigu,False,0.0,EC09,fluorite,trace_mineral,Ca;Mg;Na;K;HCO3;Cl;SO4;NO3;F,0.6799999999999999,0.6976763260710311,0.07142586679863348,rock,rock,freshening,freshening,oxic,oxic,-0.6386677658063066,-0.2467961909258169,-0.20993514976304628,-0.12391696968396038,176.66999999999996,gibbs_rock_support;fluorite_ca_f_support
NGW-074,Middle Voltaian sedimentary aquifer,Voltaian Supergroup,mudstone–sandstone sequence,North East Region,Nalerigu,False,0.0,EC06,apatite,trace_mineral,Ca;Mg;Na;K;HCO3;Cl;SO4;NO3;F,0.58,0.8521437889662115,0.14405684753214645,rock,rock,freshening,freshening,oxic,oxic,-0.6386677658063066,-0.2467961909258169,-0.20993514976304628,-0.12391696968396038,176.66999999999996,gibbs_rock_support
NGW-074,Middle Voltaian sedimentary aquifer,Voltaian Supergroup,mudstone–sandstone sequence,North East Region,Nalerigu,True,0.06473132692864236,EC13,pyrite_oxidation,redox,Ca;Mg;Na;K;HCO3;Cl;SO4;NO3;F,0.5,1.0,0.10191332950364768,rock,rock,freshening,freshening,oxic,oxic,-0.6386677658063066,-0.2467961909258169,-0.20993514976304628,-0.12391696968396038,176.66999999999996,
NGW-074,Middle Voltaian sedimentary aquifer,Voltaian Supergroup,mudstone–sandstone sequence,North East Region,Nalerigu,False,0.018815612271182974,EC03,NO3src,anthropogenic,Ca;Mg;Na;K;HCO3;Cl;SO4;NO3;F,0.6799999999999999,0.6976763260710311,0.01937269104235824,rock,rock,freshening,freshening,oxic,oxic,-0.6386677658063066,-0.2467961909258169,-0.20993514976304628,-0.12391696968396038,176.66999999999996,nitrate_increase_support
NGW-074,Middle Voltaian sedimentary aquifer,Voltaian Supergroup,mudstone–sandstone sequence,North East Region,Nalerigu,False,0.0,EC07,denit,redox,Ca;Mg;Na;K;HCO3;Cl;SO4;NO3;F,0.43999999999999995,1.1274968515793757,0.33413729250810276,rock,rock,freshening,freshening,oxic,oxic,-0.6386677658063066,-0.2467961909258169,-0.20993514976304628,-0.12391696968396038,176.66999999999996,residual_weakly_aligned;denitrification_no3_conflict
NGW-074,Middle Voltaian sedimentary aquifer,Voltaian Supergroup,mudstone–sandstone sequence,North East Region,Nalerigu,False,0.0,EC01,CaNa_exch,ion_exchange,Ca;Mg;Na;K;HCO3;Cl;SO4;NO3;F,0.54,0.9231163463866358,-0.4141471104309204,rock,rock,freshening,freshening,oxic,oxic,-0.6386677658063066,-0.2467961909258169,-0.20993514976304628,-0.12391696968396038,176.66999999999996,residual_opposed;cai_freshening_support
NGW-074,Middle Voltaian sedimentary aquifer,Voltaian Supergroup,mudstone–sandstone sequence,North East Region,Nalerigu,False,0.0,EC01,NaCa_exch,ion_exchange,Ca;Mg;Na;K;HCO3;Cl;SO4;NO3;F,0.38,1.2712491503214047,0.4141471104309204,rock,rock,freshening,freshening,oxic,oxic,-0.6386677658063066,-0.2467961909258169,-0.20993514976304628,-0.12391696968396038,176.66999999999996,residual_weakly_aligned;cai_freshening_conflict
NGW-074,Middle Voltaian sedimentary aquifer,Voltaian Supergroup,mudstone–sandstone sequence,North East Region,Nalerigu,True,0.09411312343694292,EC02,MgNa_exch,ion_exchange,Ca;Mg;Na;K;HCO3;Cl;SO4;NO3;F,0.54,0.9231163463866358,-0.386289640902567,rock,rock,freshening,freshening,oxic,oxic,-0.6386677658063066,-0.2467961909258169,-0.20993514976304628,-0.12391696968396038,176.66999999999996,residual_opposed;cai_freshening_support
NGW-074,Middle Voltaian sedimentary aquifer,Voltaian Supergroup,mudstone–sandstone sequence,North East Region,Nalerigu,False,0.0,EC02,NaMg_exch,ion_exchange,Ca;Mg;Na;K;HCO3;Cl;SO4;NO3;F,0.38,1.2712491503214047,0.386289640902567,rock,rock,freshening,freshening,oxic,oxic,-0.6386677658063066,-0.2467961909258169,-0.20993514976304628,-0.12391696968396038,176.66999999999996,residual_weakly_aligned;cai_freshening_conflict
NGW-075,Birimian fractured basement aquifer,Birimian Supergroup,metavolcanic–metasedimentary rocks,North East Region,Nalerigu,False,0.016534414467480833,EC05,calcite,carbonate,Ca;Mg;Na;K;HCO3;Cl;SO4;NO3;F,0.7799999999999999,0.571209063848815,0.3414840442687462,rock,rock,freshening,neutral,oxic,oxic,-0.5250253034000572,0.012334996007716254,-0.19513920699354592,0.0070817893682408204,67.31000000000006,residual_weakly_aligned;gibbs_rock_support;carbonate_alkalinity_support
NGW-075,Birimian fractured basement aquifer,Birimian Supergroup,metavolcanic–metasedimentary rocks,North East Region,Nalerigu,False,0.0,EC08,dolomite,carbonate,Ca;Mg;Na;K;HCO3;Cl;SO4;NO3;F,0.6799999999999999,0.6976763260710311,0.2436591643444271,rock,rock,freshening,neutral,oxic,oxic,-0.5250253034000572,0.012334996007716254,-0.19513920699354592,0.0070817893682408204,67.31000000000006,gibbs_rock_support;undersaturated_dissolution_support
NGW-075,Birimian fractured basement aquifer,Birimian Supergroup,metavolcanic–metasedimentary rocks,North East Region,Nalerigu,False,-0.0,EC04,albite,silicate,Ca;Mg;Na;K;HCO3;Cl;SO4;NO3;F,0.6799999999999999,0.6976763260710311,0.15345718937170616,rock,rock,freshening,neutral,oxic,oxic,-0.5250253034000572,0.012334996007716254,-0.19513920699354592,0.0070817893682408204,67.31000000000006,gibbs_rock_support;albite_na_alkalinity_support
NGW-075,Birimian fractured basement aquifer,Birimian Supergroup,metavolcanic–metasedimentary rocks,North East Region,Nalerigu,False,0.016534414467480833,EC05,anorthite,silicate,Ca;Mg;Na;K;HCO3;Cl;SO4;NO3;F,0.7799999999999999,0.571209063848815,0.3414840442687462,rock,rock,freshening,neutral,oxic,oxic,-0.5250253034000572,0.012334996007716254,-0.19513920699354592,0.0070817893682408204,67.31000000000006,residual_weakly_aligned;gibbs_rock_support;carbonate_alkalinity_support
NGW-075,Birimian fractured basement aquifer,Birimian Supergroup,metavolcanic–metasedimentary rocks,North East Region,Nalerigu,True,0.05265627254192823,EC12,k_feldspar,silicate,Ca;Mg;Na;K;HCO3;Cl;SO4;NO3;F,0.6799999999999999,0.6976763260710311,0.14758246669459457,rock,rock,freshening,neutral,oxic,oxic,-0.5250253034000572,0.012334996007716254,-0.19513920699354592,0.0070817893682408204,67.31000000000006,gibbs_rock_support;k_feldspar_k_alkalinity_support
NGW-075,Birimian fractured basement aquifer,Birimian Supergroup,metavolcanic–metasedimentary rocks,North East Region,Nalerigu,True,0.030607185024733773,EC10,gypsum,evaporite,Ca;Mg;Na;K;HCO3;Cl;SO4;NO3;F,0.88,0.46766642700990924,0.37509209958907574,rock,rock,freshening,neutral,oxic,oxic,-0.5250253034000572,0.012334996007716254,-0.19513920699354592,0.0070817893682408204,67.31000000000006,residual_weakly_aligned;gypsum_ca_so4_support;undersaturated_dissolution_support;salinity_increase_support
NGW-075,Birimian fractured basement aquifer,Birimian Supergroup,metavolcanic–metasedimentary rocks,North East Region,Nalerigu,True,0.76329476259884,EC11,halite,evaporite,Ca;Mg;Na;K;HCO3;Cl;SO4;NO3;F,0.95,0.40656965974059917,0.6583463233967947,rock,rock,freshening,neutral,oxic,oxic,-0.5250253034000572,0.012334996007716254,-0.19513920699354592,0.0070817893682408204,67.31000000000006,residual_strongly_aligned;halite_na_cl_support;undersaturated_dissolution_support;salinity_increase_support
NGW-075,Birimian fractured basement aquifer,Birimian Supergroup,metavolcanic–metasedimentary rocks,North East Region,Nalerigu,False,-0.0,EC09,fluorite,trace_mineral,Ca;Mg;Na;K;HCO3;Cl;SO4;NO3;F,0.58,0.8521437889662115,0.21800843613799126,rock,rock,freshening,neutral,oxic,oxic,-0.5250253034000572,0.012334996007716254,-0.19513920699354592,0.0070817893682408204,67.31000000000006,gibbs_rock_support
NGW-075,Birimian fractured basement aquifer,Birimian Supergroup,metavolcanic–metasedimentary rocks,North East Region,Nalerigu,False,0.010113798344810973,EC06,apatite,trace_mineral,Ca;Mg;Na;K;HCO3;Cl;SO4;NO3;F,0.6799999999999999,0.6976763260710311,0.48286341690034845,rock,rock,freshening,neutral,oxic,oxic,-0.5250253034000572,0.012334996007716254,-0.19513920699354592,0.0070817893682408204,67.31000000000006,residual_weakly_aligned;gibbs_rock_support
NGW-075,Birimian fractured basement aquifer,Birimian Supergroup,metavolcanic–metasedimentary rocks,North East Region,Nalerigu,False,0.0,EC13,pyrite_oxidation,redox,Ca;Mg;Na;K;HCO3;Cl;SO4;NO3;F,0.5,1.0,0.0374849691026528,rock,rock,freshening,neutral,oxic,oxic,-0.5250253034000572,0.012334996007716254,-0.19513920699354592,0.0070817893682408204,67.31000000000006,
NGW-075,Birimian fractured basement aquifer,Birimian Supergroup,metavolcanic–metasedimentary rocks,North East Region,Nalerigu,True,0.03935643792845276,EC03,NO3src,anthropogenic,Ca;Mg;Na;K;HCO3;Cl;SO4;NO3;F,0.6799999999999999,0.6976763260710311,0.06194445719828945,rock,rock,freshening,neutral,oxic,oxic,-0.5250253034000572,0.012334996007716254,-0.19513920699354592,0.0070817893682408204,67.31000000000006,nitrate_increase_support
NGW-075,Birimian fractured basement aquifer,Birimian Supergroup,metavolcanic–metasedimentary rocks,North East Region,Nalerigu,False,0.0,EC07,denit,redox,Ca;Mg;Na;K;HCO3;Cl;SO4;NO3;F,0.33999999999999997,1.3771277643359572,0.051872383509910275,rock,rock,freshening,neutral,oxic,oxic,-0.5250253034000572,0.012334996007716254,-0.19513920699354592,0.0070817893682408204,67.31000000000006,denitrification_no3_conflict
NGW-075,Birimian fractured basement aquifer,Birimian Supergroup,metavolcanic–metasedimentary rocks,North East Region,Nalerigu,True,0.335086493158258,EC01,CaNa_exch,ion_exchange,Ca;Mg;Na;K;HCO3;Cl;SO4;NO3;F,0.5,1.0,0.1473743475717962,rock,rock,freshening,neutral,oxic,oxic,-0.5250253034000572,0.012334996007716254,-0.19513920699354592,0.0070817893682408204,67.31000000000006,
NGW-075,Birimian fractured basement aquifer,Birimian Supergroup,metavolcanic–metasedimentary rocks,North East Region,Nalerigu,False,0.0,EC01,NaCa_exch,ion_exchange,Ca;Mg;Na;K;HCO3;Cl;SO4;NO3;F,0.5,1.0,-0.1473743475717962,rock,rock,freshening,neutral,oxic,oxic,-0.5250253034000572,0.012334996007716254,-0.19513920699354592,0.0070817893682408204,67.31000000000006,
NGW-075,Birimian fractured basement aquifer,Birimian Supergroup,metavolcanic–metasedimentary rocks,North East Region,Nalerigu,False,0.0,EC02,MgNa_exch,ion_exchange,Ca;Mg;Na;K;HCO3;Cl;SO4;NO3;F,0.5,1.0,-0.07328298170468964,rock,rock,freshening,neutral,oxic,oxic,-0.5250253034000572,0.012334996007716254,-0.19513920699354592,0.0070817893682408204,67.31000000000006,
NGW-075,Birimian fractured basement aquifer,Birimian Supergroup,metavolcanic–metasedimentary rocks,North East Region,Nalerigu,False,0.0,EC02,NaMg_exch,ion_exchange,Ca;Mg;Na;K;HCO3;Cl;SO4;NO3;F,0.5,1.0,0.07328298170468964,rock,rock,freshening,neutral,oxic,oxic,-0.5250253034000572,0.012334996007716254,-0.19513920699354592,0.0070817893682408204,67.31000000000006,
NGW-076,Middle Voltaian sedimentary aquifer,Voltaian Supergroup,mudstone–sandstone sequence,North East Region,Walewale,False,0.0,EC05,calcite,carbonate,Ca;Mg;Na;K;HCO3;Cl;SO4;NO3;F,0.95,0.40656965974059917,0.5651453564051762,rock,rock,freshening,freshening,oxic,oxic,-0.6386349101342235,-0.27327280580854185,-0.24822781127366667,-0.12424865365998769,171.73000000000002,residual_strongly_aligned;gibbs_rock_support;carbonate_alkalinity_support;undersaturated_dissolution_support
NGW-076,Middle Voltaian sedimentary aquifer,Voltaian Supergroup,mudstone–sandstone sequence,North East Region,Walewale,True,0.13963254827068688,EC08,dolomite,carbonate,Ca;Mg;Na;K;HCO3;Cl;SO4;NO3;F,0.95,0.40656965974059917,0.5512933173309419,rock,rock,freshening,freshening,oxic,oxic,-0.6386349101342235,-0.27327280580854185,-0.24822781127366667,-0.12424865365998769,171.73000000000002,residual_strongly_aligned;gibbs_rock_support;carbonate_alkalinity_support;undersaturated_dissolution_support
NGW-076,Middle Voltaian sedimentary aquifer,Voltaian Supergroup,mudstone–sandstone sequence,North East Region,Walewale,False,0.0,EC04,albite,silicate,Ca;Mg;Na;K;HCO3;Cl;SO4;NO3;F,0.8799999999999999,0.46766642700990935,0.5804840746575093,rock,rock,freshening,freshening,oxic,oxic,-0.6386349101342235,-0.27327280580854185,-0.24822781127366667,-0.12424865365998769,171.73000000000002,residual_strongly_aligned;gibbs_rock_support;albite_na_alkalinity_support
NGW-076,Middle Voltaian sedimentary aquifer,Voltaian Supergroup,mudstone–sandstone sequence,North East Region,Walewale,False,0.0,EC05,anorthite,silicate,Ca;Mg;Na;K;HCO3;Cl;SO4;NO3;F,0.8799999999999999,0.46766642700990935,0.5651453564051762,rock,rock,freshening,freshening,oxic,oxic,-0.6386349101342235,-0.27327280580854185,-0.24822781127366667,-0.12424865365998769,171.73000000000002,residual_strongly_aligned;gibbs_rock_support;carbonate_alkalinity_support
NGW-076,Middle Voltaian sedimentary aquifer,Voltaian Supergroup,mudstone–sandstone sequence,North East Region,Walewale,True,0.09071451340890305,EC12,k_feldspar,silicate,Ca;Mg;Na;K;HCO3;Cl;SO4;NO3;F,0.7799999999999999,0.571209063848815,0.35576317560231496,rock,rock,freshening,freshening,oxic,oxic,-0.6386349101342235,-0.27327280580854185,-0.24822781127366667,-0.12424865365998769,171.73000000000002,residual_weakly_aligned;gibbs_rock_support;k_feldspar_k_alkalinity_support
NGW-076,Middle Voltaian sedimentary aquifer,Voltaian Supergroup,mudstone–sandstone sequence,North East Region,Walewale,True,0.3058851633288699,EC10,gypsum,evaporite,Ca;Mg;Na;K;HCO3;Cl;SO4;NO3;F,0.88,0.46766642700990924,0.43140976169436995,rock,rock,freshening,freshening,oxic,oxic,-0.6386349101342235,-0.27327280580854185,-0.24822781127366667,-0.12424865365998769,171.73000000000002,residual_weakly_aligned;gypsum_ca_so4_support;undersaturated_dissolution_support;salinity_increase_support
NGW-076,Middle Voltaian sedimentary aquifer,Voltaian Supergroup,mudstone–sandstone sequence,North East Region,Walewale,True,0.8910286103257535,EC11,halite,evaporite,Ca;Mg;Na;K;HCO3;Cl;SO4;NO3;F,0.95,0.40656965974059917,0.7068033090750715,rock,rock,freshening,freshening,oxic,oxic,-0.6386349101342235,-0.27327280580854185,-0.24822781127366667,-0.12424865365998769,171.73000000000002,residual_strongly_aligned;halite_na_cl_support;undersaturated_dissolution_support;salinity_increase_support
NGW-076,Middle Voltaian sedimentary aquifer,Voltaian Supergroup,mudstone–sandstone sequence,North East Region,Walewale,False,-0.0,EC09,fluorite,trace_mineral,Ca;Mg;Na;K;HCO3;Cl;SO4;NO3;F,0.6799999999999999,0.6976763260710311,0.188230296985971,rock,rock,freshening,freshening,oxic,oxic,-0.6386349101342235,-0.27327280580854185,-0.24822781127366667,-0.12424865365998769,171.73000000000002,gibbs_rock_support;fluorite_ca_f_support
NGW-076,Middle Voltaian sedimentary aquifer,Voltaian Supergroup,mudstone–sandstone sequence,North East Region,Walewale,False,0.029976126552054786,EC06,apatite,trace_mineral,Ca;Mg;Na;K;HCO3;Cl;SO4;NO3;F,0.6799999999999999,0.6976763260710311,0.39934736383674213,rock,rock,freshening,freshening,oxic,oxic,-0.6386349101342235,-0.27327280580854185,-0.24822781127366667,-0.12424865365998769,171.73000000000002,residual_weakly_aligned;gibbs_rock_support
NGW-076,Middle Voltaian sedimentary aquifer,Voltaian Supergroup,mudstone–sandstone sequence,North East Region,Walewale,False,0.0,EC13,pyrite_oxidation,redox,Ca;Mg;Na;K;HCO3;Cl;SO4;NO3;F,0.5,1.0,0.20436506233663776,rock,rock,freshening,freshening,oxic,oxic,-0.6386349101342235,-0.27327280580854185,-0.24822781127366667,-0.12424865365998769,171.73000000000002,
NGW-076,Middle Voltaian sedimentary aquifer,Voltaian Supergroup,mudstone–sandstone sequence,North East Region,Walewale,True,0.2606517393452762,EC03,NO3src,anthropogenic,Ca;Mg;Na;K;HCO3;Cl;SO4;NO3;F,0.6799999999999999,0.6976763260710311,0.1843719602829041,rock,rock,freshening,freshening,oxic,oxic,-0.6386349101342235,-0.27327280580854185,-0.24822781127366667,-0.12424865365998769,171.73000000000002,nitrate_increase_support
NGW-076,Middle Voltaian sedimentary aquifer,Voltaian Supergroup,mudstone–sandstone sequence,North East Region,Walewale,False,0.0,EC07,denit,redox,Ca;Mg;Na;K;HCO3;Cl;SO4;NO3;F,0.33999999999999997,1.3771277643359572,0.1729650503110371,rock,rock,freshening,freshening,oxic,oxic,-0.6386349101342235,-0.27327280580854185,-0.24822781127366667,-0.12424865365998769,171.73000000000002,denitrification_no3_conflict
NGW-076,Middle Voltaian sedimentary aquifer,Voltaian Supergroup,mudstone–sandstone sequence,North East Region,Walewale,False,0.0,EC01,CaNa_exch,ion_exchange,Ca;Mg;Na;K;HCO3;Cl;SO4;NO3;F,0.72,0.6440364210831414,-0.1691153721440059,rock,rock,freshening,freshening,oxic,oxic,-0.6386349101342235,-0.27327280580854185,-0.24822781127366667,-0.12424865365998769,171.73000000000002,cai_freshening_support
NGW-076,Middle Voltaian sedimentary aquifer,Voltaian Supergroup,mudstone–sandstone sequence,North East Region,Walewale,False,0.0,EC01,NaCa_exch,ion_exchange,Ca;Mg;Na;K;HCO3;Cl;SO4;NO3;F,0.28,1.552707218511336,0.1691153721440059,rock,rock,freshening,freshening,oxic,oxic,-0.6386349101342235,-0.27327280580854185,-0.24822781127366667,-0.12424865365998769,171.73000000000002,cai_freshening_conflict
NGW-076,Middle Voltaian sedimentary aquifer,Voltaian Supergroup,mudstone–sandstone sequence,North East Region,Walewale,True,0.14572433971692297,EC02,MgNa_exch,ion_exchange,Ca;Mg;Na;K;HCO3;Cl;SO4;NO3;F,0.54,0.9231163463866358,-0.2534005599969056,rock,rock,freshening,freshening,oxic,oxic,-0.6386349101342235,-0.27327280580854185,-0.24822781127366667,-0.12424865365998769,171.73000000000002,residual_opposed;cai_freshening_support
NGW-076,Middle Voltaian sedimentary aquifer,Voltaian Supergroup,mudstone–sandstone sequence,North East Region,Walewale,False,0.0,EC02,NaMg_exch,ion_exchange,Ca;Mg;Na;K;HCO3;Cl;SO4;NO3;F,0.38,1.2712491503214047,0.2534005599969056,rock,rock,freshening,freshening,oxic,oxic,-0.6386349101342235,-0.27327280580854185,-0.24822781127366667,-0.12424865365998769,171.73000000000002,residual_weakly_aligned;cai_freshening_conflict
NGW-077,Middle Voltaian sedimentary aquifer,Voltaian Supergroup,sandstone–shale interbeds,North East Region,Yunyoo-Nasuan,False,0.0,EC05,calcite,carbonate,Ca;Mg;Na;K;HCO3;Cl;SO4;NO3;F,0.8799999999999999,0.46766642700990935,0.5709501953122439,rock,rock,freshening,freshening,oxic,oxic,-0.4438673207661403,-0.3976719747745815,-0.16029870217452982,-0.165647313331544,155.0700000000001,residual_strongly_aligned;gibbs_rock_support;carbonate_alkalinity_support
NGW-077,Middle Voltaian sedimentary aquifer,Voltaian Supergroup,sandstone–shale interbeds,North East Region,Yunyoo-Nasuan,True,0.15494075209808417,EC08,dolomite,carbonate,Ca;Mg;Na;K;HCO3;Cl;SO4;NO3;F,0.95,0.40656965974059917,0.5809414124525093,rock,rock,freshening,freshening,oxic,oxic,-0.4438673207661403,-0.3976719747745815,-0.16029870217452982,-0.165647313331544,155.0700000000001,residual_strongly_aligned;gibbs_rock_support;carbonate_alkalinity_support;undersaturated_dissolution_support
NGW-077,Middle Voltaian sedimentary aquifer,Voltaian Supergroup,sandstone–shale interbeds,North East Region,Yunyoo-Nasuan,True,0.19087702634570003,EC04,albite,silicate,Ca;Mg;Na;K;HCO3;Cl;SO4;NO3;F,0.8799999999999999,0.46766642700990935,0.808040020935872,rock,rock,freshening,freshening,oxic,oxic,-0.4438673207661403,-0.3976719747745815,-0.16029870217452982,-0.165647313331544,155.0700000000001,residual_strongly_aligned;gibbs_rock_support;albite_na_alkalinity_support
NGW-077,Middle Voltaian sedimentary aquifer,Voltaian Supergroup,sandstone–shale interbeds,North East Region,Yunyoo-Nasuan,False,0.0,EC05,anorthite,silicate,Ca;Mg;Na;K;HCO3;Cl;SO4;NO3;F,0.8799999999999999,0.46766642700990935,0.5709501953122439,rock,rock,freshening,freshening,oxic,oxic,-0.4438673207661403,-0.3976719747745815,-0.16029870217452982,-0.165647313331544,155.0700000000001,residual_strongly_aligned;gibbs_rock_support;carbonate_alkalinity_support
NGW-077,Middle Voltaian sedimentary aquifer,Voltaian Supergroup,sandstone–shale interbeds,North East Region,Yunyoo-Nasuan,False,0.02275523520568194,EC12,k_feldspar,silicate,Ca;Mg;Na;K;HCO3;Cl;SO4;NO3;F,0.7799999999999999,0.571209063848815,0.3921896866985403,rock,rock,freshening,freshening,oxic,oxic,-0.4438673207661403,-0.3976719747745815,-0.16029870217452982,-0.165647313331544,155.0700000000001,residual_weakly_aligned;gibbs_rock_support;k_feldspar_k_alkalinity_support
NGW-077,Middle Voltaian sedimentary aquifer,Voltaian Supergroup,sandstone–shale interbeds,North East Region,Yunyoo-Nasuan,True,0.1688028380902364,EC10,gypsum,evaporite,Ca;Mg;Na;K;HCO3;Cl;SO4;NO3;F,0.78,0.5712090638488149,0.24034796214940862,rock,rock,freshening,freshening,oxic,oxic,-0.4438673207661403,-0.3976719747745815,-0.16029870217452982,-0.165647313331544,155.0700000000001,gypsum_ca_so4_support;undersaturated_dissolution_support;salinity_increase_support
NGW-077,Middle Voltaian sedimentary aquifer,Voltaian Supergroup,sandstone–shale interbeds,North East Region,Yunyoo-Nasuan,True,0.7679357654450462,EC11,halite,evaporite,Ca;Mg;Na;K;HCO3;Cl;SO4;NO3;F,0.95,0.40656965974059917,0.7815822778586273,rock,rock,freshening,freshening,oxic,oxic,-0.4438673207661403,-0.3976719747745815,-0.16029870217452982,-0.165647313331544,155.0700000000001,residual_strongly_aligned;halite_na_cl_support;undersaturated_dissolution_support;salinity_increase_support
NGW-077,Middle Voltaian sedimentary aquifer,Voltaian Supergroup,sandstone–shale interbeds,North East Region,Yunyoo-Nasuan,False,0.0064256900784559,EC09,fluorite,trace_mineral,Ca;Mg;Na;K;HCO3;Cl;SO4;NO3;F,0.6799999999999999,0.6976763260710311,0.11750305149652515,rock,rock,freshening,freshening,oxic,oxic,-0.4438673207661403,-0.3976719747745815,-0.16029870217452982,-0.165647313331544,155.0700000000001,gibbs_rock_support;fluorite_ca_f_support
NGW-077,Middle Voltaian sedimentary aquifer,Voltaian Supergroup,sandstone–shale interbeds,North East Region,Yunyoo-Nasuan,False,0.0026627051705692692,EC06,apatite,trace_mineral,Ca;Mg;Na;K;HCO3;Cl;SO4;NO3;F,0.58,0.8521437889662115,0.22559617764673828,rock,rock,freshening,freshening,oxic,oxic,-0.4438673207661403,-0.3976719747745815,-0.16029870217452982,-0.165647313331544,155.0700000000001,gibbs_rock_support
NGW-077,Middle Voltaian sedimentary aquifer,Voltaian Supergroup,sandstone–shale interbeds,North East Region,Yunyoo-Nasuan,False,0.0,EC13,pyrite_oxidation,redox,Ca;Mg;Na;K;HCO3;Cl;SO4;NO3;F,0.5,1.0,0.11347070183649156,rock,rock,freshening,freshening,oxic,oxic,-0.4438673207661403,-0.3976719747745815,-0.16029870217452982,-0.165647313331544,155.0700000000001,
NGW-077,Middle Voltaian sedimentary aquifer,Voltaian Supergroup,sandstone–shale interbeds,North East Region,Yunyoo-Nasuan,True,0.20801587359863474,EC03,NO3src,anthropogenic,Ca;Mg;Na;K;HCO3;Cl;SO4;NO3;F,0.6799999999999999,0.6976763260710311,0.14352677790362106,rock,rock,freshening,freshening,oxic,oxic,-0.4438673207661403,-0.3976719747745815,-0.16029870217452982,-0.165647313331544,155.0700000000001,nitrate_increase_support
NGW-077,Middle Voltaian sedimentary aquifer,Voltaian Supergroup,sandstone–shale interbeds,North East Region,Yunyoo-Nasuan,False,0.0,EC07,denit,redox,Ca;Mg;Na;K;HCO3;Cl;SO4;NO3;F,0.43999999999999995,1.1274968515793757,0.26983097428125014,rock,rock,freshening,freshening,oxic,oxic,-0.4438673207661403,-0.3976719747745815,-0.16029870217452982,-0.165647313331544,155.0700000000001,residual_weakly_aligned;denitrification_no3_conflict
NGW-077,Middle Voltaian sedimentary aquifer,Voltaian Supergroup,sandstone–shale interbeds,North East Region,Yunyoo-Nasuan,False,0.0,EC01,CaNa_exch,ion_exchange,Ca;Mg;Na;K;HCO3;Cl;SO4;NO3;F,0.54,0.9231163463866358,-0.4511485673787551,rock,rock,freshening,freshening,oxic,oxic,-0.4438673207661403,-0.3976719747745815,-0.16029870217452982,-0.165647313331544,155.0700000000001,residual_opposed;cai_freshening_support
NGW-077,Middle Voltaian sedimentary aquifer,Voltaian Supergroup,sandstone–shale interbeds,North East Region,Yunyoo-Nasuan,False,0.0,EC01,NaCa_exch,ion_exchange,Ca;Mg;Na;K;HCO3;Cl;SO4;NO3;F,0.38,1.2712491503214047,0.4511485673787551,rock,rock,freshening,freshening,oxic,oxic,-0.4438673207661403,-0.3976719747745815,-0.16029870217452982,-0.165647313331544,155.0700000000001,residual_weakly_aligned;cai_freshening_conflict
NGW-077,Middle Voltaian sedimentary aquifer,Voltaian Supergroup,sandstone–shale interbeds,North East Region,Yunyoo-Nasuan,False,0.0,EC02,MgNa_exch,ion_exchange,Ca;Mg;Na;K;HCO3;Cl;SO4;NO3;F,0.54,0.9231163463866358,-0.49079012772410235,rock,rock,freshening,freshening,oxic,oxic,-0.4438673207661403,-0.3976719747745815,-0.16029870217452982,-0.165647313331544,155.0700000000001,residual_opposed;cai_freshening_support
NGW-077,Middle Voltaian sedimentary aquifer,Voltaian Supergroup,sandstone–shale interbeds,North East Region,Yunyoo-Nasuan,False,0.0,EC02,NaMg_exch,ion_exchange,Ca;Mg;Na;K;HCO3;Cl;SO4;NO3;F,0.38,1.2712491503214047,0.49079012772410235,rock,rock,freshening,freshening,oxic,oxic,-0.4438673207661403,-0.3976719747745815,-0.16029870217452982,-0.165647313331544,155.0700000000001,residual_weakly_aligned;cai_freshening_conflict
NGW-078,Middle Voltaian sedimentary aquifer,Voltaian Supergroup,sandstone–shale interbeds,North East Region,Gambaga,False,0.0,EC05,calcite,carbonate,Ca;Mg;Na;K;HCO3;Cl;SO4;NO3;F,0.8799999999999999,0.46766642700990935,0.612764164871021,rock,rock,freshening,freshening,oxic,oxic,-0.7037572861345432,-0.3894733121243763,-0.24384958178647215,-0.156631754846181,98.27000000000004,residual_strongly_aligned;gibbs_rock_support;carbonate_alkalinity_support
NGW-078,Middle Voltaian sedimentary aquifer,Voltaian Supergroup,sandstone–shale interbeds,North East Region,Gambaga,True,0.1525628407715319,EC08,dolomite,carbonate,Ca;Mg;Na;K;HCO3;Cl;SO4;NO3;F,0.95,0.40656965974059917,0.7307854318894522,rock,rock,freshening,freshening,oxic,oxic,-0.7037572861345432,-0.3894733121243763,-0.24384958178647215,-0.156631754846181,98.27000000000004,residual_strongly_aligned;gibbs_rock_support;carbonate_alkalinity_support;undersaturated_dissolution_support
NGW-078,Middle Voltaian sedimentary aquifer,Voltaian Supergroup,sandstone–shale interbeds,North East Region,Gambaga,False,0.0,EC04,albite,silicate,Ca;Mg;Na;K;HCO3;Cl;SO4;NO3;F,0.8799999999999999,0.46766642700990935,0.6668727051127975,rock,rock,freshening,freshening,oxic,oxic,-0.7037572861345432,-0.3894733121243763,-0.24384958178647215,-0.156631754846181,98.27000000000004,residual_strongly_aligned;gibbs_rock_support;albite_na_alkalinity_support
NGW-078,Middle Voltaian sedimentary aquifer,Voltaian Supergroup,sandstone–shale interbeds,North East Region,Gambaga,False,0.0,EC05,anorthite,silicate,Ca;Mg;Na;K;HCO3;Cl;SO4;NO3;F,0.8799999999999999,0.46766642700990935,0.612764164871021,rock,rock,freshening,freshening,oxic,oxic,-0.7037572861345432,-0.3894733121243763,-0.24384958178647215,-0.156631754846181,98.27000000000004,residual_strongly_aligned;gibbs_rock_support;carbonate_alkalinity_support
NGW-078,Middle Voltaian sedimentary aquifer,Voltaian Supergroup,sandstone–shale interbeds,North East Region,Gambaga,True,0.060297136787745766,EC12,k_feldspar,silicate,Ca;Mg;Na;K;HCO3;Cl;SO4;NO3;F,0.7799999999999999,0.571209063848815,0.5178945958481144,rock,rock,freshening,freshening,oxic,oxic,-0.7037572861345432,-0.3894733121243763,-0.24384958178647215,-0.156631754846181,98.27000000000004,residual_weakly_aligned;gibbs_rock_support;k_feldspar_k_alkalinity_support
NGW-078,Middle Voltaian sedimentary aquifer,Voltaian Supergroup,sandstone–shale interbeds,North East Region,Gambaga,False,0.0,EC10,gypsum,evaporite,Ca;Mg;Na;K;HCO3;Cl;SO4;NO3;F,0.78,0.5712090638488149,0.11924638423198221,rock,rock,freshening,freshening,oxic,oxic,-0.7037572861345432,-0.3894733121243763,-0.24384958178647215,-0.156631754846181,98.27000000000004,gypsum_ca_so4_support;undersaturated_dissolution_support;salinity_increase_support
NGW-078,Middle Voltaian sedimentary aquifer,Voltaian Supergroup,sandstone–shale interbeds,North East Region,Gambaga,True,0.5753366083530428,EC11,halite,evaporite,Ca;Mg;Na;K;HCO3;Cl;SO4;NO3;F,0.95,0.40656965974059917,0.5801627456757855,rock,rock,freshening,freshening,oxic,oxic,-0.7037572861345432,-0.3894733121243763,-0.24384958178647215,-0.156631754846181,98.27000000000004,residual_strongly_aligned;halite_na_cl_support;undersaturated_dissolution_support;salinity_increase_support
NGW-078,Middle Voltaian sedimentary aquifer,Voltaian Supergroup,sandstone–shale interbeds,North East Region,Gambaga,False,0.003241922900316683,EC09,fluorite,trace_mineral,Ca;Mg;Na;K;HCO3;Cl;SO4;NO3;F,0.6799999999999999,0.6976763260710311,0.05243943446175064,rock,rock,freshening,freshening,oxic,oxic,-0.7037572861345432,-0.3894733121243763,-0.24384958178647215,-0.156631754846181,98.27000000000004,gibbs_rock_support;fluorite_ca_f_support
NGW-078,Middle Voltaian sedimentary aquifer,Voltaian Supergroup,sandstone–shale interbeds,North East Region,Gambaga,False,-0.0,EC06,apatite,trace_mineral,Ca;Mg;Na;K;HCO3;Cl;SO4;NO3;F,0.58,0.8521437889662115,0.05450197774245524,rock,rock,freshening,freshening,oxic,oxic,-0.7037572861345432,-0.3894733121243763,-0.24384958178647215,-0.156631754846181,98.27000000000004,gibbs_rock_support
NGW-078,Middle Voltaian sedimentary aquifer,Voltaian Supergroup,sandstone–shale interbeds,North East Region,Gambaga,True,0.05613358926191981,EC13,pyrite_oxidation,redox,Ca;Mg;Na;K;HCO3;Cl;SO4;NO3;F,0.5,1.0,0.1199115031872404,rock,rock,freshening,freshening,oxic,oxic,-0.7037572861345432,-0.3894733121243763,-0.24384958178647215,-0.156631754846181,98.27000000000004,
NGW-078,Middle Voltaian sedimentary aquifer,Voltaian Supergroup,sandstone–shale interbeds,North East Region,Gambaga,False,0.0,EC03,NO3src,anthropogenic,Ca;Mg;Na;K;HCO3;Cl;SO4;NO3;F,0.5,1.0,-0.06284710257286118,rock,rock,freshening,freshening,oxic,oxic,-0.7037572861345432,-0.3894733121243763,-0.24384958178647215,-0.156631754846181,98.27000000000004,
NGW-078,Middle Voltaian sedimentary aquifer,Voltaian Supergroup,sandstone–shale interbeds,North East Region,Gambaga,True,0.05061723683180096,EC07,denit,redox,Ca;Mg;Na;K;HCO3;Cl;SO4;NO3;F,0.8,0.5488116360940264,0.5116441461950315,rock,rock,freshening,freshening,oxic,oxic,-0.7037572861345432,-0.3894733121243763,-0.24384958178647215,-0.156631754846181,98.27000000000004,residual_weakly_aligned;denitrification_stoichiometry_support
NGW-078,Middle Voltaian sedimentary aquifer,Voltaian Supergroup,sandstone–shale interbeds,North East Region,Gambaga,False,0.0,EC01,CaNa_exch,ion_exchange,Ca;Mg;Na;K;HCO3;Cl;SO4;NO3;F,0.72,0.6440364210831414,-0.2307704981506808,rock,rock,freshening,freshening,oxic,oxic,-0.7037572861345432,-0.3894733121243763,-0.24384958178647215,-0.156631754846181,98.27000000000004,cai_freshening_support
NGW-078,Middle Voltaian sedimentary aquifer,Voltaian Supergroup,sandstone–shale interbeds,North East Region,Gambaga,True,0.08343228814732946,EC01,NaCa_exch,ion_exchange,Ca;Mg;Na;K;HCO3;Cl;SO4;NO3;F,0.28,1.552707218511336,0.2307704981506808,rock,rock,freshening,freshening,oxic,oxic,-0.7037572861345432,-0.3894733121243763,-0.24384958178647215,-0.156631754846181,98.27000000000004,cai_freshening_conflict
NGW-078,Middle Voltaian sedimentary aquifer,Voltaian Supergroup,sandstone–shale interbeds,North East Region,Gambaga,True,0.2219126344734379,EC02,MgNa_exch,ion_exchange,Ca;Mg;Na;K;HCO3;Cl;SO4;NO3;F,0.72,0.6440364210831414,-0.0697309605084141,rock,rock,freshening,freshening,oxic,oxic,-0.7037572861345432,-0.3894733121243763,-0.24384958178647215,-0.156631754846181,98.27000000000004,cai_freshening_support
NGW-078,Middle Voltaian sedimentary aquifer,Voltaian Supergroup,sandstone–shale interbeds,North East Region,Gambaga,False,0.0,EC02,NaMg_exch,ion_exchange,Ca;Mg;Na;K;HCO3;Cl;SO4;NO3;F,0.28,1.552707218511336,0.0697309605084141,rock,rock,freshening,freshening,oxic,oxic,-0.7037572861345432,-0.3894733121243763,-0.24384958178647215,-0.156631754846181,98.27000000000004,cai_freshening_conflict
NGW-079,Birimian fractured basement aquifer,Birimian Supergroup,phyllite–schist fractured zone,North East Region,Mamprugu Moagduri,False,0.0,EC05,calcite,carbonate,Ca;Mg;Na;K;HCO3;Cl;SO4;NO3;F,0.8799999999999999,0.46766642700990935,0.46896760203709,rock,rock,freshening,neutral,oxic,oxic,-0.34054239308100304,-0.04351281389839997,-0.15501521201099486,-0.024610580647479365,76.47000000000003,residual_weakly_aligned;gibbs_rock_support;carbonate_alkalinity_support;undersaturated_dissolution_support
NGW-079,Birimian fractured basement aquifer,Birimian Supergroup,phyllite–schist fractured zone,North East Region,Mamprugu Moagduri,True,0.09087805579457749,EC08,dolomite,carbonate,Ca;Mg;Na;K;HCO3;Cl;SO4;NO3;F,0.95,0.40656965974059917,0.5521865480830787,rock,rock,freshening,neutral,oxic,oxic,-0.34054239308100304,-0.04351281389839997,-0.15501521201099486,-0.024610580647479365,76.47000000000003,residual_strongly_aligned;gibbs_rock_support;carbonate_alkalinity_support;undersaturated_dissolution_support
NGW-079,Birimian fractured basement aquifer,Birimian Supergroup,phyllite–schist fractured zone,North East Region,Mamprugu Moagduri,False,0.0,EC04,albite,silicate,Ca;Mg;Na;K;HCO3;Cl;SO4;NO3;F,0.7799999999999999,0.571209063848815,0.5089533520376779,rock,rock,freshening,neutral,oxic,oxic,-0.34054239308100304,-0.04351281389839997,-0.15501521201099486,-0.024610580647479365,76.47000000000003,residual_weakly_aligned;gibbs_rock_support;albite_na_alkalinity_support
NGW-079,Birimian fractured basement aquifer,Birimian Supergroup,phyllite–schist fractured zone,North East Region,Mamprugu Moagduri,False,0.0,EC05,anorthite,silicate,Ca;Mg;Na;K;HCO3;Cl;SO4;NO3;F,0.7799999999999999,0.571209063848815,0.46896760203709,rock,rock,freshening,neutral,oxic,oxic,-0.34054239308100304,-0.04351281389839997,-0.15501521201099486,-0.024610580647479365,76.47000000000003,residual_weakly_aligned;gibbs_rock_support;carbonate_alkalinity_support
NGW-079,Birimian fractured basement aquifer,Birimian Supergroup,phyllite–schist fractured zone,North East Region,Mamprugu Moagduri,False,0.01758151567368588,EC12,k_feldspar,silicate,Ca;Mg;Na;K;HCO3;Cl;SO4;NO3;F,0.7799999999999999,0.571209063848815,0.34943370582059474,rock,rock,freshening,neutral,oxic,oxic,-0.34054239308100304,-0.04351281389839997,-0.15501521201099486,-0.024610580647479365,76.47000000000003,residual_weakly_aligned;gibbs_rock_support;k_feldspar_k_alkalinity_support
NGW-079,Birimian fractured basement aquifer,Birimian Supergroup,phyllite–schist fractured zone,North East Region,Mamprugu Moagduri,True,0.033779794619086576,EC10,gypsum,evaporite,Ca;Mg;Na;K;HCO3;Cl;SO4;NO3;F,0.78,0.5712090638488149,0.1716408670992824,rock,rock,freshening,neutral,oxic,oxic,-0.34054239308100304,-0.04351281389839997,-0.15501521201099486,-0.024610580647479365,76.47000000000003,gypsum_ca_so4_support;undersaturated_dissolution_support;salinity_increase_support
NGW-079,Birimian fractured basement aquifer,Birimian Supergroup,phyllite–schist fractured zone,North East Region,Mamprugu Moagduri,True,0.6029864474371374,EC11,halite,evaporite,Ca;Mg;Na;K;HCO3;Cl;SO4;NO3;F,0.95,0.40656965974059917,0.707142389860239,rock,rock,freshening,neutral,oxic,oxic,-0.34054239308100304,-0.04351281389839997,-0.15501521201099486,-0.024610580647479365,76.47000000000003,residual_strongly_aligned;halite_na_cl_support;undersaturated_dissolution_support;salinity_increase_support
NGW-079,Birimian fractured basement aquifer,Birimian Supergroup,phyllite–schist fractured zone,North East Region,Mamprugu Moagduri,False,0.00338994793313141,EC09,fluorite,trace_mineral,Ca;Mg;Na;K;HCO3;Cl;SO4;NO3;F,0.6799999999999999,0.6976763260710311,0.0962816520412657,rock,rock,freshening,neutral,oxic,oxic,-0.34054239308100304,-0.04351281389839997,-0.15501521201099486,-0.024610580647479365,76.47000000000003,gibbs_rock_support;fluorite_ca_f_support
NGW-079,Birimian fractured basement aquifer,Birimian Supergroup,phyllite–schist fractured zone,North East Region,Mamprugu Moagduri,False,0.0,EC06,apatite,trace_mineral,Ca;Mg;Na;K;HCO3;Cl;SO4;NO3;F,0.58,0.8521437889662115,0.160559105272519,rock,rock,freshening,neutral,oxic,oxic,-0.34054239308100304,-0.04351281389839997,-0.15501521201099486,-0.024610580647479365,76.47000000000003,gibbs_rock_support
NGW-079,Birimian fractured basement aquifer,Birimian Supergroup,phyllite–schist fractured zone,North East Region,Mamprugu Moagduri,False,0.00975370822568172,EC13,pyrite_oxidation,redox,Ca;Mg;Na;K;HCO3;Cl;SO4;NO3;F,0.5,1.0,0.08472620846607275,rock,rock,freshening,neutral,oxic,oxic,-0.34054239308100304,-0.04351281389839997,-0.15501521201099486,-0.024610580647479365,76.47000000000003,
NGW-079,Birimian fractured basement aquifer,Birimian Supergroup,phyllite–schist fractured zone,North East Region,Mamprugu Moagduri,False,0.01624800906391787,EC03,NO3src,anthropogenic,Ca;Mg;Na;K;HCO3;Cl;SO4;NO3;F,0.6799999999999999,0.6976763260710311,0.04182414159307272,rock,rock,freshening,neutral,oxic,oxic,-0.34054239308100304,-0.04351281389839997,-0.15501521201099486,-0.024610580647479365,76.47000000000003,nitrate_increase_support
NGW-079,Birimian fractured basement aquifer,Birimian Supergroup,phyllite–schist fractured zone,North East Region,Mamprugu Moagduri,False,0.0,EC07,denit,redox,Ca;Mg;Na;K;HCO3;Cl;SO4;NO3;F,0.43999999999999995,1.1274968515793757,0.28531211340403945,rock,rock,freshening,neutral,oxic,oxic,-0.34054239308100304,-0.04351281389839997,-0.15501521201099486,-0.024610580647479365,76.47000000000003,residual_weakly_aligned;denitrification_no3_conflict
NGW-079,Birimian fractured basement aquifer,Birimian Supergroup,phyllite–schist fractured zone,North East Region,Mamprugu Moagduri,False,0.0,EC01,CaNa_exch,ion_exchange,Ca;Mg;Na;K;HCO3;Cl;SO4;NO3;F,0.5,1.0,-0.17481312404953459,rock,rock,freshening,neutral,oxic,oxic,-0.34054239308100304,-0.04351281389839997,-0.15501521201099486,-0.024610580647479365,76.47000000000003,
NGW-079,Birimian fractured basement aquifer,Birimian Supergroup,phyllite–schist fractured zone,North East Region,Mamprugu Moagduri,False,0.0,EC01,NaCa_exch,ion_exchange,Ca;Mg;Na;K;HCO3;Cl;SO4;NO3;F,0.5,1.0,0.17481312404953459,rock,rock,freshening,neutral,oxic,oxic,-0.34054239308100304,-0.04351281389839997,-0.15501521201099486,-0.024610580647479365,76.47000000000003,
NGW-079,Birimian fractured basement aquifer,Birimian Supergroup,phyllite–schist fractured zone,North East Region,Mamprugu Moagduri,True,0.18809721714110827,EC02,MgNa_exch,ion_exchange,Ca;Mg;Na;K;HCO3;Cl;SO4;NO3;F,0.5,1.0,-0.06504801697454715,rock,rock,freshening,neutral,oxic,oxic,-0.34054239308100304,-0.04351281389839997,-0.15501521201099486,-0.024610580647479365,76.47000000000003,
NGW-079,Birimian fractured basement aquifer,Birimian Supergroup,phyllite–schist fractured zone,North East Region,Mamprugu Moagduri,False,0.0,EC02,NaMg_exch,ion_exchange,Ca;Mg;Na;K;HCO3;Cl;SO4;NO3;F,0.5,1.0,0.06504801697454715,rock,rock,freshening,neutral,oxic,oxic,-0.34054239308100304,-0.04351281389839997,-0.15501521201099486,-0.024610580647479365,76.47000000000003,
NGW-080,Middle Voltaian sedimentary aquifer,Voltaian Supergroup,siltstone–shale unit,North East Region,Walewale,False,0.0,EC05,calcite,carbonate,Ca;Mg;Na;K;HCO3;Cl;SO4;NO3;F,0.95,0.40656965974059917,0.6349723989693644,rock,rock,freshening,freshening,oxic,oxic,-0.2833055372035351,-0.48083223788990664,-0.11798525323042142,-0.18867253854168634,262.4399999999999,residual_strongly_aligned;gibbs_rock_support;carbonate_alkalinity_support;undersaturated_dissolution_support
NGW-080,Middle Voltaian sedimentary aquifer,Voltaian Supergroup,siltstone–shale unit,North East Region,Walewale,True,0.2627713422737406,EC08,dolomite,carbonate,Ca;Mg;Na;K;HCO3;Cl;SO4;NO3;F,0.8799999999999999,0.46766642700990935,0.645095222338289,rock,rock,freshening,freshening,oxic,oxic,-0.2833055372035351,-0.48083223788990664,-0.11798525323042142,-0.18867253854168634,262.4399999999999,residual_strongly_aligned;gibbs_rock_support;carbonate_alkalinity_support
NGW-080,Middle Voltaian sedimentary aquifer,Voltaian Supergroup,siltstone–shale unit,North East Region,Walewale,True,0.42494044681632054,EC04,albite,silicate,Ca;Mg;Na;K;HCO3;Cl;SO4;NO3;F,0.8799999999999999,0.46766642700990935,0.8633605167038226,rock,rock,freshening,freshening,oxic,oxic,-0.2833055372035351,-0.48083223788990664,-0.11798525323042142,-0.18867253854168634,262.4399999999999,residual_strongly_aligned;gibbs_rock_support;albite_na_alkalinity_support
NGW-080,Middle Voltaian sedimentary aquifer,Voltaian Supergroup,siltstone–shale unit,North East Region,Walewale,False,0.0,EC05,anorthite,silicate,Ca;Mg;Na;K;HCO3;Cl;SO4;NO3;F,0.8799999999999999,0.46766642700990935,0.6349723989693644,rock,rock,freshening,freshening,oxic,oxic,-0.2833055372035351,-0.48083223788990664,-0.11798525323042142,-0.18867253854168634,262.4399999999999,residual_strongly_aligned;gibbs_rock_support;carbonate_alkalinity_support
NGW-080,Middle Voltaian sedimentary aquifer,Voltaian Supergroup,siltstone–shale unit,North East Region,Walewale,True,0.06715410137395554,EC12,k_feldspar,silicate,Ca;Mg;Na;K;HCO3;Cl;SO4;NO3;F,0.7799999999999999,0.571209063848815,0.4438688291593475,rock,rock,freshening,freshening,oxic,oxic,-0.2833055372035351,-0.48083223788990664,-0.11798525323042142,-0.18867253854168634,262.4399999999999,residual_weakly_aligned;gibbs_rock_support;k_feldspar_k_alkalinity_support
NGW-080,Middle Voltaian sedimentary aquifer,Voltaian Supergroup,siltstone–shale unit,North East Region,Walewale,True,0.4510508870462796,EC10,gypsum,evaporite,Ca;Mg;Na;K;HCO3;Cl;SO4;NO3;F,0.88,0.46766642700990924,0.29429823634456453,rock,rock,freshening,freshening,oxic,oxic,-0.2833055372035351,-0.48083223788990664,-0.11798525323042142,-0.18867253854168634,262.4399999999999,residual_weakly_aligned;gypsum_ca_so4_support;undersaturated_dissolution_support;salinity_increase_support
NGW-080,Middle Voltaian sedimentary aquifer,Voltaian Supergroup,siltstone–shale unit,North East Region,Walewale,True,0.9662136681988547,EC11,halite,evaporite,Ca;Mg;Na;K;HCO3;Cl;SO4;NO3;F,0.95,0.40656965974059917,0.7085519063557799,rock,rock,freshening,freshening,oxic,oxic,-0.2833055372035351,-0.48083223788990664,-0.11798525323042142,-0.18867253854168634,262.4399999999999,residual_strongly_aligned;halite_na_cl_support;undersaturated_dissolution_support;salinity_increase_support
NGW-080,Middle Voltaian sedimentary aquifer,Voltaian Supergroup,siltstone–shale unit,North East Region,Walewale,False,0.0,EC09,fluorite,trace_mineral,Ca;Mg;Na;K;HCO3;Cl;SO4;NO3;F,0.6799999999999999,0.6976763260710311,0.10772820553061034,rock,rock,freshening,freshening,oxic,oxic,-0.2833055372035351,-0.48083223788990664,-0.11798525323042142,-0.18867253854168634,262.4399999999999,gibbs_rock_support;fluorite_ca_f_support
NGW-080,Middle Voltaian sedimentary aquifer,Voltaian Supergroup,siltstone–shale unit,North East Region,Walewale,False,0.0,EC06,apatite,trace_mineral,Ca;Mg;Na;K;HCO3;Cl;SO4;NO3;F,0.58,0.8521437889662115,0.2333631655485036,rock,rock,freshening,freshening,oxic,oxic,-0.2833055372035351,-0.48083223788990664,-0.11798525323042142,-0.18867253854168634,262.4399999999999,gibbs_rock_support
NGW-080,Middle Voltaian sedimentary aquifer,Voltaian Supergroup,siltstone–shale unit,North East Region,Walewale,False,0.0,EC13,pyrite_oxidation,redox,Ca;Mg;Na;K;HCO3;Cl;SO4;NO3;F,0.5,1.0,0.1785384373197776,rock,rock,freshening,freshening,oxic,oxic,-0.2833055372035351,-0.48083223788990664,-0.11798525323042142,-0.18867253854168634,262.4399999999999,
NGW-080,Middle Voltaian sedimentary aquifer,Voltaian Supergroup,siltstone–shale unit,North East Region,Walewale,True,0.20464589438924013,EC03,NO3src,anthropogenic,Ca;Mg;Na;K;HCO3;Cl;SO4;NO3;F,0.6799999999999999,0.6976763260710311,0.08635179750293161,rock,rock,freshening,freshening,oxic,oxic,-0.2833055372035351,-0.48083223788990664,-0.11798525323042142,-0.18867253854168634,262.4399999999999,nitrate_increase_support
NGW-080,Middle Voltaian sedimentary aquifer,Voltaian Supergroup,siltstone–shale unit,North East Region,Walewale,False,0.0,EC07,denit,redox,Ca;Mg;Na;K;HCO3;Cl;SO4;NO3;F,0.43999999999999995,1.1274968515793757,0.3569035681324654,rock,rock,freshening,freshening,oxic,oxic,-0.2833055372035351,-0.48083223788990664,-0.11798525323042142,-0.18867253854168634,262.4399999999999,residual_weakly_aligned;denitrification_no3_conflict
NGW-080,Middle Voltaian sedimentary aquifer,Voltaian Supergroup,siltstone–shale unit,North East Region,Walewale,False,0.0,EC01,CaNa_exch,ion_exchange,Ca;Mg;Na;K;HCO3;Cl;SO4;NO3;F,0.54,0.9231163463866358,-0.4571018708882065,rock,rock,freshening,freshening,oxic,oxic,-0.2833055372035351,-0.48083223788990664,-0.11798525323042142,-0.18867253854168634,262.4399999999999,residual_opposed;cai_freshening_support
NGW-080,Middle Voltaian sedimentary aquifer,Voltaian Supergroup,siltstone–shale unit,North East Region,Walewale,True,0.11066465293622424,EC01,NaCa_exch,ion_exchange,Ca;Mg;Na;K;HCO3;Cl;SO4;NO3;F,0.38,1.2712491503214047,0.4571018708882065,rock,rock,freshening,freshening,oxic,oxic,-0.2833055372035351,-0.48083223788990664,-0.11798525323042142,-0.18867253854168634,262.4399999999999,residual_weakly_aligned;cai_freshening_conflict
NGW-080,Middle Voltaian sedimentary aquifer,Voltaian Supergroup,siltstone–shale unit,North East Region,Walewale,False,0.0,EC02,MgNa_exch,ion_exchange,Ca;Mg;Na;K;HCO3;Cl;SO4;NO3;F,0.54,0.9231163463866358,-0.5030645426579006,rock,rock,freshening,freshening,oxic,oxic,-0.2833055372035351,-0.48083223788990664,-0.11798525323042142,-0.18867253854168634,262.4399999999999,residual_opposed;cai_freshening_support
NGW-080,Middle Voltaian sedimentary aquifer,Voltaian Supergroup,siltstone–shale unit,North East Region,Walewale,False,0.0,EC02,NaMg_exch,ion_exchange,Ca;Mg;Na;K;HCO3;Cl;SO4;NO3;F,0.38,1.2712491503214047,0.5030645426579006,rock,rock,freshening,freshening,oxic,oxic,-0.2833055372035351,-0.48083223788990664,-0.11798525323042142,-0.18867253854168634,262.4399999999999,residual_weakly_aligned;cai_freshening_conflict
NGW-081,Birimian fractured basement aquifer,Birimian Supergroup,greenstone belt fracture network,Upper East Region,Bawku,False,0.0,EC05,calcite,carbonate,Ca;Mg;Na;K;HCO3;Cl;SO4;NO3;F,0.8799999999999999,0.46766642700990935,0.5090796924401857,rock,rock,freshening,neutral,oxic,oxic,-0.17268911276359986,-0.08350089925645829,-0.06744105380044332,-0.04375708841961691,124.00999999999993,residual_weakly_aligned;gibbs_rock_support;carbonate_alkalinity_support;undersaturated_dissolution_support
NGW-081,Birimian fractured basement aquifer,Birimian Supergroup,greenstone belt fracture network,Upper East Region,Bawku,True,0.11281378642137364,EC08,dolomite,carbonate,Ca;Mg;Na;K;HCO3;Cl;SO4;NO3;F,0.8799999999999999,0.46766642700990935,0.4740322540723724,rock,rock,freshening,neutral,oxic,oxic,-0.17268911276359986,-0.08350089925645829,-0.06744105380044332,-0.04375708841961691,124.00999999999993,residual_weakly_aligned;gibbs_rock_support;carbonate_alkalinity_support;undersaturated_dissolution_support
NGW-081,Birimian fractured basement aquifer,Birimian Supergroup,greenstone belt fracture network,Upper East Region,Bawku,False,0.0,EC04,albite,silicate,Ca;Mg;Na;K;HCO3;Cl;SO4;NO3;F,0.8799999999999999,0.46766642700990935,0.6464300192167977,rock,rock,freshening,neutral,oxic,oxic,-0.17268911276359986,-0.08350089925645829,-0.06744105380044332,-0.04375708841961691,124.00999999999993,residual_strongly_aligned;gibbs_rock_support;albite_na_alkalinity_support
NGW-081,Birimian fractured basement aquifer,Birimian Supergroup,greenstone belt fracture network,Upper East Region,Bawku,False,0.0,EC05,anorthite,silicate,Ca;Mg;Na;K;HCO3;Cl;SO4;NO3;F,0.7799999999999999,0.571209063848815,0.5090796924401857,rock,rock,freshening,neutral,oxic,oxic,-0.17268911276359986,-0.08350089925645829,-0.06744105380044332,-0.04375708841961691,124.00999999999993,residual_weakly_aligned;gibbs_rock_support;carbonate_alkalinity_support
NGW-081,Birimian fractured basement aquifer,Birimian Supergroup,greenstone belt fracture network,Upper East Region,Bawku,False,0.0268746298683501,EC12,k_feldspar,silicate,Ca;Mg;Na;K;HCO3;Cl;SO4;NO3;F,0.7799999999999999,0.571209063848815,0.2864479254008152,rock,rock,freshening,neutral,oxic,oxic,-0.17268911276359986,-0.08350089925645829,-0.06744105380044332,-0.04375708841961691,124.00999999999993,residual_weakly_aligned;gibbs_rock_support;k_feldspar_k_alkalinity_support
NGW-081,Birimian fractured basement aquifer,Birimian Supergroup,greenstone belt fracture network,Upper East Region,Bawku,True,0.1626788716535364,EC10,gypsum,evaporite,Ca;Mg;Na;K;HCO3;Cl;SO4;NO3;F,0.88,0.46766642700990924,0.3600744248374448,rock,rock,freshening,neutral,oxic,oxic,-0.17268911276359986,-0.08350089925645829,-0.06744105380044332,-0.04375708841961691,124.00999999999993,residual_weakly_aligned;gypsum_ca_so4_support;undersaturated_dissolution_support;salinity_increase_support
NGW-081,Birimian fractured basement aquifer,Birimian Supergroup,greenstone belt fracture network,Upper East Region,Bawku,True,0.8589196744247477,EC11,halite,evaporite,Ca;Mg;Na;K;HCO3;Cl;SO4;NO3;F,0.95,0.40656965974059917,0.8174580593525739,rock,rock,freshening,neutral,oxic,oxic,-0.17268911276359986,-0.08350089925645829,-0.06744105380044332,-0.04375708841961691,124.00999999999993,residual_strongly_aligned;halite_na_cl_support;undersaturated_dissolution_support;salinity_increase_support
NGW-081,Birimian fractured basement aquifer,Birimian Supergroup,greenstone belt fracture network,Upper East Region,Bawku,False,-0.0,EC09,fluorite,trace_mineral,Ca;Mg;Na;K;HCO3;Cl;SO4;NO3;F,0.6799999999999999,0.6976763260710311,0.19162168181917075,rock,rock,freshening,neutral,oxic,oxic,-0.17268911276359986,-0.08350089925645829,-0.06744105380044332,-0.04375708841961691,124.00999999999993,gibbs_rock_support;fluorite_ca_f_support
NGW-081,Birimian fractured basement aquifer,Birimian Supergroup,greenstone belt fracture network,Upper East Region,Bawku,True,0.05521882579205035,EC06,apatite,trace_mineral,Ca;Mg;Na;K;HCO3;Cl;SO4;NO3;F,0.6799999999999999,0.6976763260710311,0.3921756869821414,rock,rock,freshening,neutral,oxic,oxic,-0.17268911276359986,-0.08350089925645829,-0.06744105380044332,-0.04375708841961691,124.00999999999993,residual_weakly_aligned;gibbs_rock_support
NGW-081,Birimian fractured basement aquifer,Birimian Supergroup,greenstone belt fracture network,Upper East Region,Bawku,False,0.0,EC13,pyrite_oxidation,redox,Ca;Mg;Na;K;HCO3;Cl;SO4;NO3;F,0.5,1.0,0.11245059564139628,rock,rock,freshening,neutral,oxic,oxic,-0.17268911276359986,-0.08350089925645829,-0.06744105380044332,-0.04375708841961691,124.00999999999993,
NGW-081,Birimian fractured basement aquifer,Birimian Supergroup,greenstone belt fracture network,Upper East Region,Bawku,False,0.0,EC03,NO3src,anthropogenic,Ca;Mg;Na;K;HCO3;Cl;SO4;NO3;F,0.5,1.0,-0.05619389227072102,rock,rock,freshening,neutral,oxic,oxic,-0.17268911276359986,-0.08350089925645829,-0.06744105380044332,-0.04375708841961691,124.00999999999993,
NGW-081,Birimian fractured basement aquifer,Birimian Supergroup,greenstone belt fracture network,Upper East Region,Bawku,True,0.05851842096943382,EC07,denit,redox,Ca;Mg;Na;K;HCO3;Cl;SO4;NO3;F,0.8,0.5488116360940264,0.30191799389266677,rock,rock,freshening,neutral,oxic,oxic,-0.17268911276359986,-0.08350089925645829,-0.06744105380044332,-0.04375708841961691,124.00999999999993,residual_weakly_aligned;denitrification_stoichiometry_support
NGW-081,Birimian fractured basement aquifer,Birimian Supergroup,greenstone belt fracture network,Upper East Region,Bawku,False,0.0,EC01,CaNa_exch,ion_exchange,Ca;Mg;Na;K;HCO3;Cl;SO4;NO3;F,0.32,1.4333294145603401,-0.30859679101241244,rock,rock,freshening,neutral,oxic,oxic,-0.17268911276359986,-0.08350089925645829,-0.06744105380044332,-0.04375708841961691,124.00999999999993,residual_opposed
NGW-081,Birimian fractured basement aquifer,Birimian Supergroup,greenstone belt fracture network,Upper East Region,Bawku,False,0.0,EC01,NaCa_exch,ion_exchange,Ca;Mg;Na;K;HCO3;Cl;SO4;NO3;F,0.6,0.8187307530779819,0.30859679101241244,rock,rock,freshening,neutral,oxic,oxic,-0.17268911276359986,-0.08350089925645829,-0.06744105380044332,-0.04375708841961691,124.00999999999993,residual_weakly_aligned
NGW-081,Birimian fractured basement aquifer,Birimian Supergroup,greenstone belt fracture network,Upper East Region,Bawku,True,0.03280207138480296,EC02,MgNa_exch,ion_exchange,Ca;Mg;Na;K;HCO3;Cl;SO4;NO3;F,0.32,1.4333294145603401,-0.4273432115413891,rock,rock,freshening,neutral,oxic,oxic,-0.17268911276359986,-0.08350089925645829,-0.06744105380044332,-0.04375708841961691,124.00999999999993,residual_opposed
NGW-081,Birimian fractured basement aquifer,Birimian Supergroup,greenstone belt fracture network,Upper East Region,Bawku,False,0.0,EC02,NaMg_exch,ion_exchange,Ca;Mg;Na;K;HCO3;Cl;SO4;NO3;F,0.6,0.8187307530779819,0.4273432115413891,rock,rock,freshening,neutral,oxic,oxic,-0.17268911276359986,-0.08350089925645829,-0.06744105380044332,-0.04375708841961691,124.00999999999993,residual_weakly_aligned
NGW-082,Granitoid fractured basement aquifer,Paleoproterozoic granitoid complex,gneissic fractured basement,Upper East Region,Bolgatanga,False,0.0,EC05,calcite,carbonate,Ca;Mg;Na;K;HCO3;Cl;SO4;NO3;F,0.8799999999999999,0.46766642700990935,0.7106608845079161,rock,rock,freshening,neutral,oxic,oxic,-0.17498613220244122,-0.06256661456828493,-0.0979286790122559,-0.033329673148078415,225.86999999999995,residual_strongly_aligned;gibbs_rock_support;carbonate_alkalinity_support
NGW-082,Granitoid fractured basement aquifer,Paleoproterozoic granitoid complex,gneissic fractured basement,Upper East Region,Bolgatanga,True,0.3648121223718848,EC08,dolomite,carbonate,Ca;Mg;Na;K;HCO3;Cl;SO4;NO3;F,0.95,0.40656965974059917,0.7609409282603147,rock,rock,freshening,neutral,oxic,oxic,-0.17498613220244122,-0.06256661456828493,-0.0979286790122559,-0.033329673148078415,225.86999999999995,residual_strongly_aligned;gibbs_rock_support;carbonate_alkalinity_support;undersaturated_dissolution_support
NGW-082,Granitoid fractured basement aquifer,Paleoproterozoic granitoid complex,gneissic fractured basement,Upper East Region,Bolgatanga,True,0.03153526610272412,EC04,albite,silicate,Ca;Mg;Na;K;HCO3;Cl;SO4;NO3;F,0.8799999999999999,0.46766642700990935,0.7719034179435237,rock,rock,freshening,neutral,oxic,oxic,-0.17498613220244122,-0.06256661456828493,-0.0979286790122559,-0.033329673148078415,225.86999999999995,residual_strongly_aligned;gibbs_rock_support;albite_na_alkalinity_support
NGW-082,Granitoid fractured basement aquifer,Paleoproterozoic granitoid complex,gneissic fractured basement,Upper East Region,Bolgatanga,False,0.0,EC05,anorthite,silicate,Ca;Mg;Na;K;HCO3;Cl;SO4;NO3;F,0.8799999999999999,0.46766642700990935,0.7106608845079161,rock,rock,freshening,neutral,oxic,oxic,-0.17498613220244122,-0.06256661456828493,-0.0979286790122559,-0.033329673148078415,225.86999999999995,residual_strongly_aligned;gibbs_rock_support;carbonate_alkalinity_support
NGW-082,Granitoid fractured basement aquifer,Paleoproterozoic granitoid complex,gneissic fractured basement,Upper East Region,Bolgatanga,True,0.07625691863806516,EC12,k_feldspar,silicate,Ca;Mg;Na;K;HCO3;Cl;SO4;NO3;F,0.7799999999999999,0.571209063848815,0.5208702750425094,rock,rock,freshening,neutral,oxic,oxic,-0.17498613220244122,-0.06256661456828493,-0.0979286790122559,-0.033329673148078415,225.86999999999995,residual_weakly_aligned;gibbs_rock_support;k_feldspar_k_alkalinity_support
NGW-082,Granitoid fractured basement aquifer,Paleoproterozoic granitoid complex,gneissic fractured basement,Upper East Region,Bolgatanga,True,0.08532821977284721,EC10,gypsum,evaporite,Ca;Mg;Na;K;HCO3;Cl;SO4;NO3;F,0.78,0.5712090638488149,0.21384566412276215,rock,rock,freshening,neutral,oxic,oxic,-0.17498613220244122,-0.06256661456828493,-0.0979286790122559,-0.033329673148078415,225.86999999999995,gypsum_ca_so4_support;undersaturated_dissolution_support;salinity_increase_support
NGW-082,Granitoid fractured basement aquifer,Paleoproterozoic granitoid complex,gneissic fractured basement,Upper East Region,Bolgatanga,True,1.087584817430682,EC11,halite,evaporite,Ca;Mg;Na;K;HCO3;Cl;SO4;NO3;F,0.95,0.40656965974059917,0.6258311602921709,rock,rock,freshening,neutral,oxic,oxic,-0.17498613220244122,-0.06256661456828493,-0.0979286790122559,-0.033329673148078415,225.86999999999995,residual_strongly_aligned;halite_na_cl_support;undersaturated_dissolution_support;salinity_increase_support
NGW-082,Granitoid fractured basement aquifer,Paleoproterozoic granitoid complex,gneissic fractured basement,Upper East Region,Bolgatanga,False,0.00994537154832064,EC09,fluorite,trace_mineral,Ca;Mg;Na;K;HCO3;Cl;SO4;NO3;F,0.6799999999999999,0.6976763260710311,0.10725366529376609,rock,rock,freshening,neutral,oxic,oxic,-0.17498613220244122,-0.06256661456828493,-0.0979286790122559,-0.033329673148078415,225.86999999999995,gibbs_rock_support;fluorite_ca_f_support
NGW-082,Granitoid fractured basement aquifer,Paleoproterozoic granitoid complex,gneissic fractured basement,Upper East Region,Bolgatanga,False,0.0,EC06,apatite,trace_mineral,Ca;Mg;Na;K;HCO3;Cl;SO4;NO3;F,0.58,0.8521437889662115,0.2057002761624941,rock,rock,freshening,neutral,oxic,oxic,-0.17498613220244122,-0.06256661456828493,-0.0979286790122559,-0.033329673148078415,225.86999999999995,gibbs_rock_support
NGW-082,Granitoid fractured basement aquifer,Paleoproterozoic granitoid complex,gneissic fractured basement,Upper East Region,Bolgatanga,True,0.05610067632406279,EC13,pyrite_oxidation,redox,Ca;Mg;Na;K;HCO3;Cl;SO4;NO3;F,0.5,1.0,0.09598866537097035,rock,rock,freshening,neutral,oxic,oxic,-0.17498613220244122,-0.06256661456828493,-0.0979286790122559,-0.033329673148078415,225.86999999999995,
NGW-082,Granitoid fractured basement aquifer,Paleoproterozoic granitoid complex,gneissic fractured basement,Upper East Region,Bolgatanga,True,0.16661327188321418,EC03,NO3src,anthropogenic,Ca;Mg;Na;K;HCO3;Cl;SO4;NO3;F,0.6799999999999999,0.6976763260710311,0.08248966037950353,rock,rock,freshening,neutral,oxic,oxic,-0.17498613220244122,-0.06256661456828493,-0.0979286790122559,-0.033329673148078415,225.86999999999995,nitrate_increase_support
NGW-082,Granitoid fractured basement aquifer,Paleoproterozoic granitoid complex,gneissic fractured basement,Upper East Region,Bolgatanga,False,0.0,EC07,denit,redox,Ca;Mg;Na;K;HCO3;Cl;SO4;NO3;F,0.43999999999999995,1.1274968515793757,0.4305120475656473,rock,rock,freshening,neutral,oxic,oxic,-0.17498613220244122,-0.06256661456828493,-0.0979286790122559,-0.033329673148078415,225.86999999999995,residual_weakly_aligned;denitrification_no3_conflict
NGW-082,Granitoid fractured basement aquifer,Paleoproterozoic granitoid complex,gneissic fractured basement,Upper East Region,Bolgatanga,False,0.0,EC01,CaNa_exch,ion_exchange,Ca;Mg;Na;K;HCO3;Cl;SO4;NO3;F,0.32,1.4333294145603401,-0.26572828924025227,rock,rock,freshening,neutral,oxic,oxic,-0.17498613220244122,-0.06256661456828493,-0.0979286790122559,-0.033329673148078415,225.86999999999995,residual_opposed
NGW-082,Granitoid fractured basement aquifer,Paleoproterozoic granitoid complex,gneissic fractured basement,Upper East Region,Bolgatanga,False,0.0,EC01,NaCa_exch,ion_exchange,Ca;Mg;Na;K;HCO3;Cl;SO4;NO3;F,0.6,0.8187307530779819,0.26572828924025227,rock,rock,freshening,neutral,oxic,oxic,-0.17498613220244122,-0.06256661456828493,-0.0979286790122559,-0.033329673148078415,225.86999999999995,residual_weakly_aligned
NGW-082,Granitoid fractured basement aquifer,Paleoproterozoic granitoid complex,gneissic fractured basement,Upper East Region,Bolgatanga,True,0.1182909382044459,EC02,MgNa_exch,ion_exchange,Ca;Mg;Na;K;HCO3;Cl;SO4;NO3;F,0.5,1.0,-0.2432661593688551,rock,rock,freshening,neutral,oxic,oxic,-0.17498613220244122,-0.06256661456828493,-0.0979286790122559,-0.033329673148078415,225.86999999999995,
NGW-082,Granitoid fractured basement aquifer,Paleoproterozoic granitoid complex,gneissic fractured basement,Upper East Region,Bolgatanga,False,0.0,EC02,NaMg_exch,ion_exchange,Ca;Mg;Na;K;HCO3;Cl;SO4;NO3;F,0.5,1.0,0.2432661593688551,rock,rock,freshening,neutral,oxic,oxic,-0.17498613220244122,-0.06256661456828493,-0.0979286790122559,-0.033329673148078415,225.86999999999995,
NGW-083,Granitoid fractured basement aquifer,Paleoproterozoic granitoid complex,granitoid saprolite,Upper East Region,Bolgatanga,True,0.17633994116681628,EC05,calcite,carbonate,Ca;Mg;Na;K;HCO3;Cl;SO4;NO3;F,0.95,0.40656965974059917,0.6603670644549092,rock,rock,freshening,neutral,oxic,oxic,-0.5486231822780642,-0.11609172467367303,-0.2716117340977343,-0.07692688915887373,195.14999999999992,residual_strongly_aligned;gibbs_rock_support;carbonate_alkalinity_support;undersaturated_dissolution_support
NGW-083,Granitoid fractured basement aquifer,Paleoproterozoic granitoid complex,granitoid saprolite,Upper East Region,Bolgatanga,True,0.13098831647020617,EC08,dolomite,carbonate,Ca;Mg;Na;K;HCO3;Cl;SO4;NO3;F,0.95,0.40656965974059917,0.6489995061272017,rock,rock,freshening,neutral,oxic,oxic,-0.5486231822780642,-0.11609172467367303,-0.2716117340977343,-0.07692688915887373,195.14999999999992,residual_strongly_aligned;gibbs_rock_support;carbonate_alkalinity_support;undersaturated_dissolution_support
NGW-083,Granitoid fractured basement aquifer,Paleoproterozoic granitoid complex,granitoid saprolite,Upper East Region,Bolgatanga,False,0.0,EC04,albite,silicate,Ca;Mg;Na;K;HCO3;Cl;SO4;NO3;F,0.8799999999999999,0.46766642700990935,0.7087800048447053,rock,rock,freshening,neutral,oxic,oxic,-0.5486231822780642,-0.11609172467367303,-0.2716117340977343,-0.07692688915887373,195.14999999999992,residual_strongly_aligned;gibbs_rock_support;albite_na_alkalinity_support
NGW-083,Granitoid fractured basement aquifer,Paleoproterozoic granitoid complex,granitoid saprolite,Upper East Region,Bolgatanga,True,0.17633994116681628,EC05,anorthite,silicate,Ca;Mg;Na;K;HCO3;Cl;SO4;NO3;F,0.8799999999999999,0.46766642700990935,0.6603670644549092,rock,rock,freshening,neutral,oxic,oxic,-0.5486231822780642,-0.11609172467367303,-0.2716117340977343,-0.07692688915887373,195.14999999999992,residual_strongly_aligned;gibbs_rock_support;carbonate_alkalinity_support
NGW-083,Granitoid fractured basement aquifer,Paleoproterozoic granitoid complex,granitoid saprolite,Upper East Region,Bolgatanga,True,0.07418598896585095,EC12,k_feldspar,silicate,Ca;Mg;Na;K;HCO3;Cl;SO4;NO3;F,0.7799999999999999,0.571209063848815,0.44453486047512614,rock,rock,freshening,neutral,oxic,oxic,-0.5486231822780642,-0.11609172467367303,-0.2716117340977343,-0.07692688915887373,195.14999999999992,residual_weakly_aligned;gibbs_rock_support;k_feldspar_k_alkalinity_support
NGW-083,Granitoid fractured basement aquifer,Paleoproterozoic granitoid complex,granitoid saprolite,Upper East Region,Bolgatanga,False,0.004244884195674091,EC10,gypsum,evaporite,Ca;Mg;Na;K;HCO3;Cl;SO4;NO3;F,0.78,0.5712090638488149,0.22951699933233854,rock,rock,freshening,neutral,oxic,oxic,-0.5486231822780642,-0.11609172467367303,-0.2716117340977343,-0.07692688915887373,195.14999999999992,gypsum_ca_so4_support;undersaturated_dissolution_support;salinity_increase_support
NGW-083,Granitoid fractured basement aquifer,Paleoproterozoic granitoid complex,granitoid saprolite,Upper East Region,Bolgatanga,True,1.339925162183944,EC11,halite,evaporite,Ca;Mg;Na;K;HCO3;Cl;SO4;NO3;F,0.95,0.40656965974059917,0.7273774277364158,rock,rock,freshening,neutral,oxic,oxic,-0.5486231822780642,-0.11609172467367303,-0.2716117340977343,-0.07692688915887373,195.14999999999992,residual_strongly_aligned;halite_na_cl_support;undersaturated_dissolution_support;salinity_increase_support
NGW-083,Granitoid fractured basement aquifer,Paleoproterozoic granitoid complex,granitoid saprolite,Upper East Region,Bolgatanga,True,0.0422548603405567,EC09,fluorite,trace_mineral,Ca;Mg;Na;K;HCO3;Cl;SO4;NO3;F,0.6799999999999999,0.6976763260710311,0.17142640591668568,rock,rock,freshening,neutral,oxic,oxic,-0.5486231822780642,-0.11609172467367303,-0.2716117340977343,-0.07692688915887373,195.14999999999992,gibbs_rock_support;fluorite_ca_f_support
NGW-083,Granitoid fractured basement aquifer,Paleoproterozoic granitoid complex,granitoid saprolite,Upper East Region,Bolgatanga,False,0.0,EC06,apatite,trace_mineral,Ca;Mg;Na;K;HCO3;Cl;SO4;NO3;F,0.6799999999999999,0.6976763260710311,0.29548919463236806,rock,rock,freshening,neutral,oxic,oxic,-0.5486231822780642,-0.11609172467367303,-0.2716117340977343,-0.07692688915887373,195.14999999999992,residual_weakly_aligned;gibbs_rock_support
NGW-083,Granitoid fractured basement aquifer,Paleoproterozoic granitoid complex,granitoid saprolite,Upper East Region,Bolgatanga,False,0.024502338212040467,EC13,pyrite_oxidation,redox,Ca;Mg;Na;K;HCO3;Cl;SO4;NO3;F,0.5,1.0,0.03235391522826527,rock,rock,freshening,neutral,oxic,oxic,-0.5486231822780642,-0.11609172467367303,-0.2716117340977343,-0.07692688915887373,195.14999999999992,
NGW-083,Granitoid fractured basement aquifer,Paleoproterozoic granitoid complex,granitoid saprolite,Upper East Region,Bolgatanga,False,0.0,EC03,NO3src,anthropogenic,Ca;Mg;Na;K;HCO3;Cl;SO4;NO3;F,0.5,1.0,-0.011249360692449747,rock,rock,freshening,neutral,oxic,oxic,-0.5486231822780642,-0.11609172467367303,-0.2716117340977343,-0.07692688915887373,195.14999999999992,
NGW-083,Granitoid fractured basement aquifer,Paleoproterozoic granitoid complex,granitoid saprolite,Upper East Region,Bolgatanga,False,0.017621205867146793,EC07,denit,redox,Ca;Mg;Na;K;HCO3;Cl;SO4;NO3;F,0.8,0.5488116360940264,0.4267008398505789,rock,rock,freshening,neutral,oxic,oxic,-0.5486231822780642,-0.11609172467367303,-0.2716117340977343,-0.07692688915887373,195.14999999999992,residual_weakly_aligned;denitrification_stoichiometry_support
NGW-083,Granitoid fractured basement aquifer,Paleoproterozoic granitoid complex,granitoid saprolite,Upper East Region,Bolgatanga,True,0.12378216003209531,EC01,CaNa_exch,ion_exchange,Ca;Mg;Na;K;HCO3;Cl;SO4;NO3;F,0.5,1.0,-0.23617660566286958,rock,rock,freshening,neutral,oxic,oxic,-0.5486231822780642,-0.11609172467367303,-0.2716117340977343,-0.07692688915887373,195.14999999999992,
NGW-083,Granitoid fractured basement aquifer,Paleoproterozoic granitoid complex,granitoid saprolite,Upper East Region,Bolgatanga,False,0.0,EC01,NaCa_exch,ion_exchange,Ca;Mg;Na;K;HCO3;Cl;SO4;NO3;F,0.5,1.0,0.23617660566286958,rock,rock,freshening,neutral,oxic,oxic,-0.5486231822780642,-0.11609172467367303,-0.2716117340977343,-0.07692688915887373,195.14999999999992,
NGW-083,Granitoid fractured basement aquifer,Paleoproterozoic granitoid complex,granitoid saprolite,Upper East Region,Bolgatanga,True,0.07178110242619756,EC02,MgNa_exch,ion_exchange,Ca;Mg;Na;K;HCO3;Cl;SO4;NO3;F,0.32,1.4333294145603401,-0.3255207507608715,rock,rock,freshening,neutral,oxic,oxic,-0.5486231822780642,-0.11609172467367303,-0.2716117340977343,-0.07692688915887373,195.14999999999992,residual_opposed
NGW-083,Granitoid fractured basement aquifer,Paleoproterozoic granitoid complex,granitoid saprolite,Upper East Region,Bolgatanga,False,0.0,EC02,NaMg_exch,ion_exchange,Ca;Mg;Na;K;HCO3;Cl;SO4;NO3;F,0.6,0.8187307530779819,0.3255207507608715,rock,rock,freshening,neutral,oxic,oxic,-0.5486231822780642,-0.11609172467367303,-0.2716117340977343,-0.07692688915887373,195.14999999999992,residual_weakly_aligned
NGW-084,Birimian fractured basement aquifer,Birimian Supergroup,phyllite–schist fractured zone,Upper East Region,Bawku,False,0.0,EC05,calcite,carbonate,Ca;Mg;Na;K;HCO3;Cl;SO4;NO3;F,0.7599999999999999,0.5945205479701945,0.656573051781367,rock,rock,freshening,freshening,oxic,oxic,-0.4792921348701651,-0.2192090626432087,-0.18726628428065126,-0.10365804056739693,199.54999999999995,residual_strongly_aligned;gibbs_rock_support;carbonate_alkalinity_support;saturated_dissolution_conflict
NGW-084,Birimian fractured basement aquifer,Birimian Supergroup,phyllite–schist fractured zone,Upper East Region,Bawku,True,0.3364083590459159,EC08,dolomite,carbonate,Ca;Mg;Na;K;HCO3;Cl;SO4;NO3;F,0.95,0.40656965974059917,0.6985274803712324,rock,rock,freshening,freshening,oxic,oxic,-0.4792921348701651,-0.2192090626432087,-0.18726628428065126,-0.10365804056739693,199.54999999999995,residual_strongly_aligned;gibbs_rock_support;carbonate_alkalinity_support;undersaturated_dissolution_support
NGW-084,Birimian fractured basement aquifer,Birimian Supergroup,phyllite–schist fractured zone,Upper East Region,Bawku,False,0.0,EC04,albite,silicate,Ca;Mg;Na;K;HCO3;Cl;SO4;NO3;F,0.8799999999999999,0.46766642700990935,0.7781640299708376,rock,rock,freshening,freshening,oxic,oxic,-0.4792921348701651,-0.2192090626432087,-0.18726628428065126,-0.10365804056739693,199.54999999999995,residual_strongly_aligned;gibbs_rock_support;albite_na_alkalinity_support
NGW-084,Birimian fractured basement aquifer,Birimian Supergroup,phyllite–schist fractured zone,Upper East Region,Bawku,False,0.0,EC05,anorthite,silicate,Ca;Mg;Na;K;HCO3;Cl;SO4;NO3;F,0.8799999999999999,0.46766642700990935,0.656573051781367,rock,rock,freshening,freshening,oxic,oxic,-0.4792921348701651,-0.2192090626432087,-0.18726628428065126,-0.10365804056739693,199.54999999999995,residual_strongly_aligned;gibbs_rock_support;carbonate_alkalinity_support
NGW-084,Birimian fractured basement aquifer,Birimian Supergroup,phyllite–schist fractured zone,Upper East Region,Bawku,False,0.029009270172085405,EC12,k_feldspar,silicate,Ca;Mg;Na;K;HCO3;Cl;SO4;NO3;F,0.7799999999999999,0.571209063848815,0.4697526137086252,rock,rock,freshening,freshening,oxic,oxic,-0.4792921348701651,-0.2192090626432087,-0.18726628428065126,-0.10365804056739693,199.54999999999995,residual_weakly_aligned;gibbs_rock_support;k_feldspar_k_alkalinity_support
NGW-084,Birimian fractured basement aquifer,Birimian Supergroup,phyllite–schist fractured zone,Upper East Region,Bawku,False,0.01978592318992571,EC10,gypsum,evaporite,Ca;Mg;Na;K;HCO3;Cl;SO4;NO3;F,0.78,0.5712090638488149,0.1468869958758725,rock,rock,freshening,freshening,oxic,oxic,-0.4792921348701651,-0.2192090626432087,-0.18726628428065126,-0.10365804056739693,199.54999999999995,gypsum_ca_so4_support;undersaturated_dissolution_support;salinity_increase_support
NGW-084,Birimian fractured basement aquifer,Birimian Supergroup,phyllite–schist fractured zone,Upper East Region,Bawku,True,1.1114871830823043,EC11,halite,evaporite,Ca;Mg;Na;K;HCO3;Cl;SO4;NO3;F,0.95,0.40656965974059917,0.7000971219145545,rock,rock,freshening,freshening,oxic,oxic,-0.4792921348701651,-0.2192090626432087,-0.18726628428065126,-0.10365804056739693,199.54999999999995,residual_strongly_aligned;halite_na_cl_support;undersaturated_dissolution_support;salinity_increase_support
NGW-084,Birimian fractured basement aquifer,Birimian Supergroup,phyllite–schist fractured zone,Upper East Region,Bawku,False,0.018523592160130976,EC09,fluorite,trace_mineral,Ca;Mg;Na;K;HCO3;Cl;SO4;NO3;F,0.6799999999999999,0.6976763260710311,0.10239878333719893,rock,rock,freshening,freshening,oxic,oxic,-0.4792921348701651,-0.2192090626432087,-0.18726628428065126,-0.10365804056739693,199.54999999999995,gibbs_rock_support;fluorite_ca_f_support
NGW-084,Birimian fractured basement aquifer,Birimian Supergroup,phyllite–schist fractured zone,Upper East Region,Bawku,False,0.0,EC06,apatite,trace_mineral,Ca;Mg;Na;K;HCO3;Cl;SO4;NO3;F,0.58,0.8521437889662115,0.1792670999717693,rock,rock,freshening,freshening,oxic,oxic,-0.4792921348701651,-0.2192090626432087,-0.18726628428065126,-0.10365804056739693,199.54999999999995,gibbs_rock_support
NGW-084,Birimian fractured basement aquifer,Birimian Supergroup,phyllite–schist fractured zone,Upper East Region,Bawku,False,0.01252393518506252,EC13,pyrite_oxidation,redox,Ca;Mg;Na;K;HCO3;Cl;SO4;NO3;F,0.5,1.0,0.03004044376531857,rock,rock,freshening,freshening,oxic,oxic,-0.4792921348701651,-0.2192090626432087,-0.18726628428065126,-0.10365804056739693,199.54999999999995,
NGW-084,Birimian fractured basement aquifer,Birimian Supergroup,phyllite–schist fractured zone,Upper East Region,Bawku,True,0.2417156656925819,EC03,NO3src,anthropogenic,Ca;Mg;Na;K;HCO3;Cl;SO4;NO3;F,0.6799999999999999,0.6976763260710311,0.12188594095006673,rock,rock,freshening,freshening,oxic,oxic,-0.4792921348701651,-0.2192090626432087,-0.18726628428065126,-0.10365804056739693,199.54999999999995,nitrate_increase_support
NGW-084,Birimian fractured basement aquifer,Birimian Supergroup,phyllite–schist fractured zone,Upper East Region,Bawku,False,0.0,EC07,denit,redox,Ca;Mg;Na;K;HCO3;Cl;SO4;NO3;F,0.43999999999999995,1.1274968515793757,0.3700576009123217,rock,rock,freshening,freshening,oxic,oxic,-0.4792921348701651,-0.2192090626432087,-0.18726628428065126,-0.10365804056739693,199.54999999999995,residual_weakly_aligned;denitrification_no3_conflict
NGW-084,Birimian fractured basement aquifer,Birimian Supergroup,phyllite–schist fractured zone,Upper East Region,Bawku,False,0.0,EC01,CaNa_exch,ion_exchange,Ca;Mg;Na;K;HCO3;Cl;SO4;NO3;F,0.54,0.9231163463866358,-0.32773523938798377,rock,rock,freshening,freshening,oxic,oxic,-0.4792921348701651,-0.2192090626432087,-0.18726628428065126,-0.10365804056739693,199.54999999999995,residual_opposed;cai_freshening_support
NGW-084,Birimian fractured basement aquifer,Birimian Supergroup,phyllite–schist fractured zone,Upper East Region,Bawku,False,0.0,EC01,NaCa_exch,ion_exchange,Ca;Mg;Na;K;HCO3;Cl;SO4;NO3;F,0.38,1.2712491503214047,0.32773523938798377,rock,rock,freshening,freshening,oxic,oxic,-0.4792921348701651,-0.2192090626432087,-0.18726628428065126,-0.10365804056739693,199.54999999999995,residual_weakly_aligned;cai_freshening_conflict
NGW-084,Birimian fractured basement aquifer,Birimian Supergroup,phyllite–schist fractured zone,Upper East Region,Bawku,True,0.06399376624276121,EC02,MgNa_exch,ion_exchange,Ca;Mg;Na;K;HCO3;Cl;SO4;NO3;F,0.54,0.9231163463866358,-0.3155186352357254,rock,rock,freshening,freshening,oxic,oxic,-0.4792921348701651,-0.2192090626432087,-0.18726628428065126,-0.10365804056739693,199.54999999999995,residual_opposed;cai_freshening_support
NGW-084,Birimian fractured basement aquifer,Birimian Supergroup,phyllite–schist fractured zone,Upper East Region,Bawku,False,0.0,EC02,NaMg_exch,ion_exchange,Ca;Mg;Na;K;HCO3;Cl;SO4;NO3;F,0.38,1.2712491503214047,0.3155186352357254,rock,rock,freshening,freshening,oxic,oxic,-0.4792921348701651,-0.2192090626432087,-0.18726628428065126,-0.10365804056739693,199.54999999999995,residual_weakly_aligned;cai_freshening_conflict
NGW-085,Regolith/alluvial shallow aquifer,Quaternary regolith/alluvium,weathered regolith,Upper East Region,Navrongo,False,0.018470790946004373,EC05,calcite,carbonate,Ca;Mg;Na;K;HCO3;Cl;SO4;NO3;F,0.7799999999999999,0.571209063848815,0.5081129384228514,rock,rock,freshening,freshening,oxic,oxic,-0.5444623488393804,-0.18308491760387138,-0.2335792174840634,-0.10530653837482665,215.74000000000007,residual_weakly_aligned;gibbs_rock_support;carbonate_alkalinity_support
NGW-085,Regolith/alluvial shallow aquifer,Quaternary regolith/alluvium,weathered regolith,Upper East Region,Navrongo,True,0.24745344836451955,EC08,dolomite,carbonate,Ca;Mg;Na;K;HCO3;Cl;SO4;NO3;F,0.8799999999999999,0.46766642700990935,0.5393233162959754,rock,rock,freshening,freshening,oxic,oxic,-0.5444623488393804,-0.18308491760387138,-0.2335792174840634,-0.10530653837482665,215.74000000000007,residual_weakly_aligned;gibbs_rock_support;carbonate_alkalinity_support;undersaturated_dissolution_support
NGW-085,Regolith/alluvial shallow aquifer,Quaternary regolith/alluvium,weathered regolith,Upper East Region,Navrongo,False,0.0,EC04,albite,silicate,Ca;Mg;Na;K;HCO3;Cl;SO4;NO3;F,0.8799999999999999,0.46766642700990935,0.7198381874799864,rock,rock,freshening,freshening,oxic,oxic,-0.5444623488393804,-0.18308491760387138,-0.2335792174840634,-0.10530653837482665,215.74000000000007,residual_strongly_aligned;gibbs_rock_support;albite_na_alkalinity_support
NGW-085,Regolith/alluvial shallow aquifer,Quaternary regolith/alluvium,weathered regolith,Upper East Region,Navrongo,False,0.018470790946004373,EC05,anorthite,silicate,Ca;Mg;Na;K;HCO3;Cl;SO4;NO3;F,0.7799999999999999,0.571209063848815,0.5081129384228514,rock,rock,freshening,freshening,oxic,oxic,-0.5444623488393804,-0.18308491760387138,-0.2335792174840634,-0.10530653837482665,215.74000000000007,residual_weakly_aligned;gibbs_rock_support;carbonate_alkalinity_support
NGW-085,Regolith/alluvial shallow aquifer,Quaternary regolith/alluvium,weathered regolith,Upper East Region,Navrongo,True,0.0800873705282702,EC12,k_feldspar,silicate,Ca;Mg;Na;K;HCO3;Cl;SO4;NO3;F,0.7799999999999999,0.571209063848815,0.3773332491690957,rock,rock,freshening,freshening,oxic,oxic,-0.5444623488393804,-0.18308491760387138,-0.2335792174840634,-0.10530653837482665,215.74000000000007,residual_weakly_aligned;gibbs_rock_support;k_feldspar_k_alkalinity_support
NGW-085,Regolith/alluvial shallow aquifer,Quaternary regolith/alluvium,weathered regolith,Upper East Region,Navrongo,True,0.03265662427165021,EC10,gypsum,evaporite,Ca;Mg;Na;K;HCO3;Cl;SO4;NO3;F,0.78,0.5712090638488149,0.1829006722134398,rock,rock,freshening,freshening,oxic,oxic,-0.5444623488393804,-0.18308491760387138,-0.2335792174840634,-0.10530653837482665,215.74000000000007,gypsum_ca_so4_support;undersaturated_dissolution_support;salinity_increase_support
NGW-085,Regolith/alluvial shallow aquifer,Quaternary regolith/alluvium,weathered regolith,Upper East Region,Navrongo,True,1.4567966805532564,EC11,halite,evaporite,Ca;Mg;Na;K;HCO3;Cl;SO4;NO3;F,0.95,0.40656965974059917,0.8249502730471967,rock,rock,freshening,freshening,oxic,oxic,-0.5444623488393804,-0.18308491760387138,-0.2335792174840634,-0.10530653837482665,215.74000000000007,residual_strongly_aligned;halite_na_cl_support;undersaturated_dissolution_support;salinity_increase_support
NGW-085,Regolith/alluvial shallow aquifer,Quaternary regolith/alluvium,weathered regolith,Upper East Region,Navrongo,False,0.01748993626248959,EC09,fluorite,trace_mineral,Ca;Mg;Na;K;HCO3;Cl;SO4;NO3;F,0.6799999999999999,0.6976763260710311,0.08557996039801855,rock,rock,freshening,freshening,oxic,oxic,-0.5444623488393804,-0.18308491760387138,-0.2335792174840634,-0.10530653837482665,215.74000000000007,gibbs_rock_support;fluorite_ca_f_support
NGW-085,Regolith/alluvial shallow aquifer,Quaternary regolith/alluvium,weathered regolith,Upper East Region,Navrongo,False,0.0,EC06,apatite,trace_mineral,Ca;Mg;Na;K;HCO3;Cl;SO4;NO3;F,0.58,0.8521437889662115,0.1472776859734564,rock,rock,freshening,freshening,oxic,oxic,-0.5444623488393804,-0.18308491760387138,-0.2335792174840634,-0.10530653837482665,215.74000000000007,gibbs_rock_support
NGW-085,Regolith/alluvial shallow aquifer,Quaternary regolith/alluvium,weathered regolith,Upper East Region,Navrongo,True,0.10589149550059758,EC13,pyrite_oxidation,redox,Ca;Mg;Na;K;HCO3;Cl;SO4;NO3;F,0.5,1.0,0.11304050227482695,rock,rock,freshening,freshening,oxic,oxic,-0.5444623488393804,-0.18308491760387138,-0.2335792174840634,-0.10530653837482665,215.74000000000007,
NGW-085,Regolith/alluvial shallow aquifer,Quaternary regolith/alluvium,weathered regolith,Upper East Region,Navrongo,True,0.14173961581387245,EC03,NO3src,anthropogenic,Ca;Mg;Na;K;HCO3;Cl;SO4;NO3;F,0.6799999999999999,0.6976763260710311,0.06911603162697816,rock,rock,freshening,freshening,oxic,oxic,-0.5444623488393804,-0.18308491760387138,-0.2335792174840634,-0.10530653837482665,215.74000000000007,nitrate_increase_support
NGW-085,Regolith/alluvial shallow aquifer,Quaternary regolith/alluvium,weathered regolith,Upper East Region,Navrongo,False,0.0,EC07,denit,redox,Ca;Mg;Na;K;HCO3;Cl;SO4;NO3;F,0.43999999999999995,1.1274968515793757,0.3013416505990453,rock,rock,freshening,freshening,oxic,oxic,-0.5444623488393804,-0.18308491760387138,-0.2335792174840634,-0.10530653837482665,215.74000000000007,residual_weakly_aligned;denitrification_no3_conflict
NGW-085,Regolith/alluvial shallow aquifer,Quaternary regolith/alluvium,weathered regolith,Upper East Region,Navrongo,False,0.0,EC01,CaNa_exch,ion_exchange,Ca;Mg;Na;K;HCO3;Cl;SO4;NO3;F,0.54,0.9231163463866358,-0.4024183492587721,rock,rock,freshening,freshening,oxic,oxic,-0.5444623488393804,-0.18308491760387138,-0.2335792174840634,-0.10530653837482665,215.74000000000007,residual_opposed;cai_freshening_support
NGW-085,Regolith/alluvial shallow aquifer,Quaternary regolith/alluvium,weathered regolith,Upper East Region,Navrongo,False,0.0,EC01,NaCa_exch,ion_exchange,Ca;Mg;Na;K;HCO3;Cl;SO4;NO3;F,0.38,1.2712491503214047,0.4024183492587721,rock,rock,freshening,freshening,oxic,oxic,-0.5444623488393804,-0.18308491760387138,-0.2335792174840634,-0.10530653837482665,215.74000000000007,residual_weakly_aligned;cai_freshening_conflict
NGW-085,Regolith/alluvial shallow aquifer,Quaternary regolith/alluvium,weathered regolith,Upper East Region,Navrongo,True,0.10877345910448373,EC02,MgNa_exch,ion_exchange,Ca;Mg;Na;K;HCO3;Cl;SO4;NO3;F,0.54,0.9231163463866358,-0.39535018126606225,rock,rock,freshening,freshening,oxic,oxic,-0.5444623488393804,-0.18308491760387138,-0.2335792174840634,-0.10530653837482665,215.74000000000007,residual_opposed;cai_freshening_support
NGW-085,Regolith/alluvial shallow aquifer,Quaternary regolith/alluvium,weathered regolith,Upper East Region,Navrongo,False,0.0,EC02,NaMg_exch,ion_exchange,Ca;Mg;Na;K;HCO3;Cl;SO4;NO3;F,0.38,1.2712491503214047,0.39535018126606225,rock,rock,freshening,freshening,oxic,oxic,-0.5444623488393804,-0.18308491760387138,-0.2335792174840634,-0.10530653837482665,215.74000000000007,residual_weakly_aligned;cai_freshening_conflict
NGW-086,Granitoid fractured basement aquifer,Paleoproterozoic granitoid complex,granitoid saprolite,Upper East Region,Bolgatanga,False,0.0,EC05,calcite,carbonate,Ca;Mg;Na;K;HCO3;Cl;SO4;NO3;F,0.7599999999999999,0.5945205479701945,0.6290029392877534,rock,rock,freshening,neutral,oxic,oxic,-0.5048416865995199,-0.04332232252575775,-0.21633612229670698,-0.025296668059874093,176.55000000000007,residual_strongly_aligned;gibbs_rock_support;carbonate_alkalinity_support;saturated_dissolution_conflict
NGW-086,Granitoid fractured basement aquifer,Paleoproterozoic granitoid complex,granitoid saprolite,Upper East Region,Bolgatanga,True,0.26480780036511264,EC08,dolomite,carbonate,Ca;Mg;Na;K;HCO3;Cl;SO4;NO3;F,0.95,0.40656965974059917,0.6808999059701697,rock,rock,freshening,neutral,oxic,oxic,-0.5048416865995199,-0.04332232252575775,-0.21633612229670698,-0.025296668059874093,176.55000000000007,residual_strongly_aligned;gibbs_rock_support;carbonate_alkalinity_support;undersaturated_dissolution_support
NGW-086,Granitoid fractured basement aquifer,Paleoproterozoic granitoid complex,granitoid saprolite,Upper East Region,Bolgatanga,False,0.0,EC04,albite,silicate,Ca;Mg;Na;K;HCO3;Cl;SO4;NO3;F,0.8799999999999999,0.46766642700990935,0.6836829053163443,rock,rock,freshening,neutral,oxic,oxic,-0.5048416865995199,-0.04332232252575775,-0.21633612229670698,-0.025296668059874093,176.55000000000007,residual_strongly_aligned;gibbs_rock_support;albite_na_alkalinity_support
NGW-086,Granitoid fractured basement aquifer,Paleoproterozoic granitoid complex,granitoid saprolite,Upper East Region,Bolgatanga,False,0.0,EC05,anorthite,silicate,Ca;Mg;Na;K;HCO3;Cl;SO4;NO3;F,0.8799999999999999,0.46766642700990935,0.6290029392877534,rock,rock,freshening,neutral,oxic,oxic,-0.5048416865995199,-0.04332232252575775,-0.21633612229670698,-0.025296668059874093,176.55000000000007,residual_strongly_aligned;gibbs_rock_support;carbonate_alkalinity_support
NGW-086,Granitoid fractured basement aquifer,Paleoproterozoic granitoid complex,granitoid saprolite,Upper East Region,Bolgatanga,True,0.03149130134617512,EC12,k_feldspar,silicate,Ca;Mg;Na;K;HCO3;Cl;SO4;NO3;F,0.7799999999999999,0.571209063848815,0.4466931403393655,rock,rock,freshening,neutral,oxic,oxic,-0.5048416865995199,-0.04332232252575775,-0.21633612229670698,-0.025296668059874093,176.55000000000007,residual_weakly_aligned;gibbs_rock_support;k_feldspar_k_alkalinity_support
NGW-086,Granitoid fractured basement aquifer,Paleoproterozoic granitoid complex,granitoid saprolite,Upper East Region,Bolgatanga,True,0.07064836369822505,EC10,gypsum,evaporite,Ca;Mg;Na;K;HCO3;Cl;SO4;NO3;F,0.78,0.5712090638488149,0.18865015549249767,rock,rock,freshening,neutral,oxic,oxic,-0.5048416865995199,-0.04332232252575775,-0.21633612229670698,-0.025296668059874093,176.55000000000007,gypsum_ca_so4_support;undersaturated_dissolution_support;salinity_increase_support
NGW-086,Granitoid fractured basement aquifer,Paleoproterozoic granitoid complex,granitoid saprolite,Upper East Region,Bolgatanga,True,1.223152658078102,EC11,halite,evaporite,Ca;Mg;Na;K;HCO3;Cl;SO4;NO3;F,0.95,0.40656965974059917,0.6892358894872167,rock,rock,freshening,neutral,oxic,oxic,-0.5048416865995199,-0.04332232252575775,-0.21633612229670698,-0.025296668059874093,176.55000000000007,residual_strongly_aligned;halite_na_cl_support;undersaturated_dissolution_support;salinity_increase_support
NGW-086,Granitoid fractured basement aquifer,Paleoproterozoic granitoid complex,granitoid saprolite,Upper East Region,Bolgatanga,True,0.03531169041448804,EC09,fluorite,trace_mineral,Ca;Mg;Na;K;HCO3;Cl;SO4;NO3;F,0.6799999999999999,0.6976763260710311,0.12110032884747195,rock,rock,freshening,neutral,oxic,oxic,-0.5048416865995199,-0.04332232252575775,-0.21633612229670698,-0.025296668059874093,176.55000000000007,gibbs_rock_support;fluorite_ca_f_support
NGW-086,Granitoid fractured basement aquifer,Paleoproterozoic granitoid complex,granitoid saprolite,Upper East Region,Bolgatanga,False,0.0,EC06,apatite,trace_mineral,Ca;Mg;Na;K;HCO3;Cl;SO4;NO3;F,0.58,0.8521437889662115,0.18922241065430814,rock,rock,freshening,neutral,oxic,oxic,-0.5048416865995199,-0.04332232252575775,-0.21633612229670698,-0.025296668059874093,176.55000000000007,gibbs_rock_support
NGW-086,Granitoid fractured basement aquifer,Paleoproterozoic granitoid complex,granitoid saprolite,Upper East Region,Bolgatanga,True,0.039419328767952545,EC13,pyrite_oxidation,redox,Ca;Mg;Na;K;HCO3;Cl;SO4;NO3;F,0.5,1.0,0.08246839052236762,rock,rock,freshening,neutral,oxic,oxic,-0.5048416865995199,-0.04332232252575775,-0.21633612229670698,-0.025296668059874093,176.55000000000007,
NGW-086,Granitoid fractured basement aquifer,Paleoproterozoic granitoid complex,granitoid saprolite,Upper East Region,Bolgatanga,False,0.0,EC03,NO3src,anthropogenic,Ca;Mg;Na;K;HCO3;Cl;SO4;NO3;F,0.5,1.0,-0.07846040811292912,rock,rock,freshening,neutral,oxic,oxic,-0.5048416865995199,-0.04332232252575775,-0.21633612229670698,-0.025296668059874093,176.55000000000007,
NGW-086,Granitoid fractured basement aquifer,Paleoproterozoic granitoid complex,granitoid saprolite,Upper East Region,Bolgatanga,True,0.1492950288071138,EC07,denit,redox,Ca;Mg;Na;K;HCO3;Cl;SO4;NO3;F,0.8,0.5488116360940264,0.48758227374349816,rock,rock,freshening,neutral,oxic,oxic,-0.5048416865995199,-0.04332232252575775,-0.21633612229670698,-0.025296668059874093,176.55000000000007,residual_weakly_aligned;denitrification_stoichiometry_support
NGW-086,Granitoid fractured basement aquifer,Paleoproterozoic granitoid complex,granitoid saprolite,Upper East Region,Bolgatanga,False,0.0,EC01,CaNa_exch,ion_exchange,Ca;Mg;Na;K;HCO3;Cl;SO4;NO3;F,0.5,1.0,-0.23579513196060214,rock,rock,freshening,neutral,oxic,oxic,-0.5048416865995199,-0.04332232252575775,-0.21633612229670698,-0.025296668059874093,176.55000000000007,
NGW-086,Granitoid fractured basement aquifer,Paleoproterozoic granitoid complex,granitoid saprolite,Upper East Region,Bolgatanga,False,0.0,EC01,NaCa_exch,ion_exchange,Ca;Mg;Na;K;HCO3;Cl;SO4;NO3;F,0.5,1.0,0.23579513196060214,rock,rock,freshening,neutral,oxic,oxic,-0.5048416865995199,-0.04332232252575775,-0.21633612229670698,-0.025296668059874093,176.55000000000007,
NGW-086,Granitoid fractured basement aquifer,Paleoproterozoic granitoid complex,granitoid saprolite,Upper East Region,Bolgatanga,True,0.2404748922341579,EC02,MgNa_exch,ion_exchange,Ca;Mg;Na;K;HCO3;Cl;SO4;NO3;F,0.5,1.0,-0.20188427365997855,rock,rock,freshening,neutral,oxic,oxic,-0.5048416865995199,-0.04332232252575775,-0.21633612229670698,-0.025296668059874093,176.55000000000007,
NGW-086,Granitoid fractured basement aquifer,Paleoproterozoic granitoid complex,granitoid saprolite,Upper East Region,Bolgatanga,False,0.0,EC02,NaMg_exch,ion_exchange,Ca;Mg;Na;K;HCO3;Cl;SO4;NO3;F,0.5,1.0,0.20188427365997855,rock,rock,freshening,neutral,oxic,oxic,-0.5048416865995199,-0.04332232252575775,-0.21633612229670698,-0.025296668059874093,176.55000000000007,
NGW-088,Granitoid fractured basement aquifer,Paleoproterozoic granitoid complex,gneissic fractured basement,Upper East Region,Paga,False,0.0,EC05,calcite,carbonate,Ca;Mg;Na;K;HCO3;Cl;SO4;NO3;F,0.8799999999999999,0.46766642700990935,0.5172695760800412,rock,rock,freshening,freshening,oxic,oxic,-0.2853368712775504,-0.24795515740757743,-0.13137725988042737,-0.1639151714788179,152.35999999999996,residual_weakly_aligned;gibbs_rock_support;carbonate_alkalinity_support;undersaturated_dissolution_support
NGW-088,Granitoid fractured basement aquifer,Paleoproterozoic granitoid complex,gneissic fractured basement,Upper East Region,Paga,True,0.20816767180105472,EC08,dolomite,carbonate,Ca;Mg;Na;K;HCO3;Cl;SO4;NO3;F,0.8799999999999999,0.46766642700990935,0.5453136949175972,rock,rock,freshening,freshening,oxic,oxic,-0.2853368712775504,-0.24795515740757743,-0.13137725988042737,-0.1639151714788179,152.35999999999996,residual_weakly_aligned;gibbs_rock_support;carbonate_alkalinity_support;undersaturated_dissolution_support
NGW-088,Granitoid fractured basement aquifer,Paleoproterozoic granitoid complex,gneissic fractured basement,Upper East Region,Paga,True,0.17972474049109238,EC04,albite,silicate,Ca;Mg;Na;K;HCO3;Cl;SO4;NO3;F,0.8799999999999999,0.46766642700990935,0.8144897032120509,rock,rock,freshening,freshening,oxic,oxic,-0.2853368712775504,-0.24795515740757743,-0.13137725988042737,-0.1639151714788179,152.35999999999996,residual_strongly_aligned;gibbs_rock_support;albite_na_alkalinity_support
NGW-088,Granitoid fractured basement aquifer,Paleoproterozoic granitoid complex,gneissic fractured basement,Upper East Region,Paga,False,0.0,EC05,anorthite,silicate,Ca;Mg;Na;K;HCO3;Cl;SO4;NO3;F,0.7799999999999999,0.571209063848815,0.5172695760800412,rock,rock,freshening,freshening,oxic,oxic,-0.2853368712775504,-0.24795515740757743,-0.13137725988042737,-0.1639151714788179,152.35999999999996,residual_weakly_aligned;gibbs_rock_support;carbonate_alkalinity_support
NGW-088,Granitoid fractured basement aquifer,Paleoproterozoic granitoid complex,gneissic fractured basement,Upper East Region,Paga,True,0.06911069659181437,EC12,k_feldspar,silicate,Ca;Mg;Na;K;HCO3;Cl;SO4;NO3;F,0.7799999999999999,0.571209063848815,0.3978366418022486,rock,rock,freshening,freshening,oxic,oxic,-0.2853368712775504,-0.24795515740757743,-0.13137725988042737,-0.1639151714788179,152.35999999999996,residual_weakly_aligned;gibbs_rock_support;k_feldspar_k_alkalinity_support
NGW-088,Granitoid fractured basement aquifer,Paleoproterozoic granitoid complex,gneissic fractured basement,Upper East Region,Paga,False,0.0,EC10,gypsum,evaporite,Ca;Mg;Na;K;HCO3;Cl;SO4;NO3;F,0.64,0.7557837414557255,0.04240404794587573,rock,rock,freshening,freshening,oxic,oxic,-0.2853368712775504,-0.24795515740757743,-0.13137725988042737,-0.1639151714788179,152.35999999999996,undersaturated_dissolution_support;salinity_increase_support
NGW-088,Granitoid fractured basement aquifer,Paleoproterozoic granitoid complex,gneissic fractured basement,Upper East Region,Paga,True,1.2216783973016643,EC11,halite,evaporite,Ca;Mg;Na;K;HCO3;Cl;SO4;NO3;F,0.95,0.40656965974059917,0.8321990408928364,rock,rock,freshening,freshening,oxic,oxic,-0.2853368712775504,-0.24795515740757743,-0.13137725988042737,-0.1639151714788179,152.35999999999996,residual_strongly_aligned;halite_na_cl_support;undersaturated_dissolution_support;salinity_increase_support
NGW-088,Granitoid fractured basement aquifer,Paleoproterozoic granitoid complex,gneissic fractured basement,Upper East Region,Paga,False,0.014902322659808292,EC09,fluorite,trace_mineral,Ca;Mg;Na;K;HCO3;Cl;SO4;NO3;F,0.6799999999999999,0.6976763260710311,0.06468669597419628,rock,rock,freshening,freshening,oxic,oxic,-0.2853368712775504,-0.24795515740757743,-0.13137725988042737,-0.1639151714788179,152.35999999999996,gibbs_rock_support;fluorite_ca_f_support
NGW-088,Granitoid fractured basement aquifer,Paleoproterozoic granitoid complex,gneissic fractured basement,Upper East Region,Paga,False,0.0,EC06,apatite,trace_mineral,Ca;Mg;Na;K;HCO3;Cl;SO4;NO3;F,0.58,0.8521437889662115,0.10652789056265348,rock,rock,freshening,freshening,oxic,oxic,-0.2853368712775504,-0.24795515740757743,-0.13137725988042737,-0.1639151714788179,152.35999999999996,gibbs_rock_support
NGW-088,Granitoid fractured basement aquifer,Paleoproterozoic granitoid complex,gneissic fractured basement,Upper East Region,Paga,False,0.0,EC13,pyrite_oxidation,redox,Ca;Mg;Na;K;HCO3;Cl;SO4;NO3;F,0.5,1.0,-0.04466847985137116,rock,rock,freshening,freshening,oxic,oxic,-0.2853368712775504,-0.24795515740757743,-0.13137725988042737,-0.1639151714788179,152.35999999999996,
NGW-088,Granitoid fractured basement aquifer,Paleoproterozoic granitoid complex,gneissic fractured basement,Upper East Region,Paga,False,0.0,EC03,NO3src,anthropogenic,Ca;Mg;Na;K;HCO3;Cl;SO4;NO3;F,0.5,1.0,-0.047678724828923186,rock,rock,freshening,freshening,oxic,oxic,-0.2853368712775504,-0.24795515740757743,-0.13137725988042737,-0.1639151714788179,152.35999999999996,
NGW-088,Granitoid fractured basement aquifer,Paleoproterozoic granitoid complex,gneissic fractured basement,Upper East Region,Paga,True,0.09388955345263472,EC07,denit,redox,Ca;Mg;Na;K;HCO3;Cl;SO4;NO3;F,0.8,0.5488116360940264,0.4056567393484921,rock,rock,freshening,freshening,oxic,oxic,-0.2853368712775504,-0.24795515740757743,-0.13137725988042737,-0.1639151714788179,152.35999999999996,residual_weakly_aligned;denitrification_stoichiometry_support
NGW-088,Granitoid fractured basement aquifer,Paleoproterozoic granitoid complex,gneissic fractured basement,Upper East Region,Paga,False,0.0,EC01,CaNa_exch,ion_exchange,Ca;Mg;Na;K;HCO3;Cl;SO4;NO3;F,0.54,0.9231163463866358,-0.5129874610818157,rock,rock,freshening,freshening,oxic,oxic,-0.2853368712775504,-0.24795515740757743,-0.13137725988042737,-0.1639151714788179,152.35999999999996,residual_opposed;cai_freshening_support
NGW-088,Granitoid fractured basement aquifer,Paleoproterozoic granitoid complex,gneissic fractured basement,Upper East Region,Paga,False,0.0,EC01,NaCa_exch,ion_exchange,Ca;Mg;Na;K;HCO3;Cl;SO4;NO3;F,0.38,1.2712491503214047,0.5129874610818157,rock,rock,freshening,freshening,oxic,oxic,-0.2853368712775504,-0.24795515740757743,-0.13137725988042737,-0.1639151714788179,152.35999999999996,residual_weakly_aligned;cai_freshening_conflict
NGW-088,Granitoid fractured basement aquifer,Paleoproterozoic granitoid complex,gneissic fractured basement,Upper East Region,Paga,False,0.0,EC02,MgNa_exch,ion_exchange,Ca;Mg;Na;K;HCO3;Cl;SO4;NO3;F,0.54,0.9231163463866358,-0.5128666241088227,rock,rock,freshening,freshening,oxic,oxic,-0.2853368712775504,-0.24795515740757743,-0.13137725988042737,-0.1639151714788179,152.35999999999996,residual_opposed;cai_freshening_support
NGW-088,Granitoid fractured basement aquifer,Paleoproterozoic granitoid complex,gneissic fractured basement,Upper East Region,Paga,False,0.0,EC02,NaMg_exch,ion_exchange,Ca;Mg;Na;K;HCO3;Cl;SO4;NO3;F,0.38,1.2712491503214047,0.5128666241088227,rock,rock,freshening,freshening,oxic,oxic,-0.2853368712775504,-0.24795515740757743,-0.13137725988042737,-0.1639151714788179,152.35999999999996,residual_weakly_aligned;cai_freshening_conflict
NGW-089,Birimian fractured basement aquifer,Birimian Supergroup,phyllite–schist fractured zone,Upper East Region,Bawku,False,0.0,EC05,calcite,carbonate,Ca;Mg;Na;K;HCO3;Cl;SO4;NO3;F,0.8799999999999999,0.46766642700990935,0.525949736634284,rock,rock,freshening,freshening,oxic,oxic,-0.186877620401224,-0.3519999008600333,-0.09876924323930267,-0.17646252049885547,132.98000000000002,residual_weakly_aligned;gibbs_rock_support;carbonate_alkalinity_support;undersaturated_dissolution_support
NGW-089,Birimian fractured basement aquifer,Birimian Supergroup,phyllite–schist fractured zone,Upper East Region,Bawku,True,0.12318991858673185,EC08,dolomite,carbonate,Ca;Mg;Na;K;HCO3;Cl;SO4;NO3;F,0.8799999999999999,0.46766642700990935,0.5416373323387035,rock,rock,freshening,freshening,oxic,oxic,-0.186877620401224,-0.3519999008600333,-0.09876924323930267,-0.17646252049885547,132.98000000000002,residual_weakly_aligned;gibbs_rock_support;carbonate_alkalinity_support;undersaturated_dissolution_support
NGW-089,Birimian fractured basement aquifer,Birimian Supergroup,phyllite–schist fractured zone,Upper East Region,Bawku,True,0.11361289157361638,EC04,albite,silicate,Ca;Mg;Na;K;HCO3;Cl;SO4;NO3;F,0.8799999999999999,0.46766642700990935,0.8317703793538568,rock,rock,freshening,freshening,oxic,oxic,-0.186877620401224,-0.3519999008600333,-0.09876924323930267,-0.17646252049885547,132.98000000000002,residual_strongly_aligned;gibbs_rock_support;albite_na_alkalinity_support
NGW-089,Birimian fractured basement aquifer,Birimian Supergroup,phyllite–schist fractured zone,Upper East Region,Bawku,False,0.0,EC05,anorthite,silicate,Ca;Mg;Na;K;HCO3;Cl;SO4;NO3;F,0.7799999999999999,0.571209063848815,0.525949736634284,rock,rock,freshening,freshening,oxic,oxic,-0.186877620401224,-0.3519999008600333,-0.09876924323930267,-0.17646252049885547,132.98000000000002,residual_weakly_aligned;gibbs_rock_support;carbonate_alkalinity_support
NGW-089,Birimian fractured basement aquifer,Birimian Supergroup,phyllite–schist fractured zone,Upper East Region,Bawku,True,0.044263679552082554,EC12,k_feldspar,silicate,Ca;Mg;Na;K;HCO3;Cl;SO4;NO3;F,0.7799999999999999,0.571209063848815,0.38019282215403843,rock,rock,freshening,freshening,oxic,oxic,-0.186877620401224,-0.3519999008600333,-0.09876924323930267,-0.17646252049885547,132.98000000000002,residual_weakly_aligned;gibbs_rock_support;k_feldspar_k_alkalinity_support
NGW-089,Birimian fractured basement aquifer,Birimian Supergroup,phyllite–schist fractured zone,Upper East Region,Bawku,True,0.1827428312152195,EC10,gypsum,evaporite,Ca;Mg;Na;K;HCO3;Cl;SO4;NO3;F,0.88,0.46766642700990924,0.2538684274585962,rock,rock,freshening,freshening,oxic,oxic,-0.186877620401224,-0.3519999008600333,-0.09876924323930267,-0.17646252049885547,132.98000000000002,residual_weakly_aligned;gypsum_ca_so4_support;undersaturated_dissolution_support;salinity_increase_support
NGW-089,Birimian fractured basement aquifer,Birimian Supergroup,phyllite–schist fractured zone,Upper East Region,Bawku,True,0.54092672510698,EC11,halite,evaporite,Ca;Mg;Na;K;HCO3;Cl;SO4;NO3;F,0.95,0.40656965974059917,0.776419594915692,rock,rock,freshening,freshening,oxic,oxic,-0.186877620401224,-0.3519999008600333,-0.09876924323930267,-0.17646252049885547,132.98000000000002,residual_strongly_aligned;halite_na_cl_support;undersaturated_dissolution_support;salinity_increase_support
NGW-089,Birimian fractured basement aquifer,Birimian Supergroup,phyllite–schist fractured zone,Upper East Region,Bawku,False,0.00562496452506036,EC09,fluorite,trace_mineral,Ca;Mg;Na;K;HCO3;Cl;SO4;NO3;F,0.6799999999999999,0.6976763260710311,0.12317850862078425,rock,rock,freshening,freshening,oxic,oxic,-0.186877620401224,-0.3519999008600333,-0.09876924323930267,-0.17646252049885547,132.98000000000002,gibbs_rock_support;fluorite_ca_f_support
NGW-089,Birimian fractured basement aquifer,Birimian Supergroup,phyllite–schist fractured zone,Upper East Region,Bawku,False,0.01660803368472985,EC06,apatite,trace_mineral,Ca;Mg;Na;K;HCO3;Cl;SO4;NO3;F,0.58,0.8521437889662115,0.21622172934372474,rock,rock,freshening,freshening,oxic,oxic,-0.186877620401224,-0.3519999008600333,-0.09876924323930267,-0.17646252049885547,132.98000000000002,gibbs_rock_support
NGW-089,Birimian fractured basement aquifer,Birimian Supergroup,phyllite–schist fractured zone,Upper East Region,Bawku,False,0.0,EC13,pyrite_oxidation,redox,Ca;Mg;Na;K;HCO3;Cl;SO4;NO3;F,0.5,1.0,0.14462393808919446,rock,rock,freshening,freshening,oxic,oxic,-0.186877620401224,-0.3519999008600333,-0.09876924323930267,-0.17646252049885547,132.98000000000002,
NGW-089,Birimian fractured basement aquifer,Birimian Supergroup,phyllite–schist fractured zone,Upper East Region,Bawku,True,0.1975849855695561,EC03,NO3src,anthropogenic,Ca;Mg;Na;K;HCO3;Cl;SO4;NO3;F,0.6799999999999999,0.6976763260710311,0.16231778849114972,rock,rock,freshening,freshening,oxic,oxic,-0.186877620401224,-0.3519999008600333,-0.09876924323930267,-0.17646252049885547,132.98000000000002,nitrate_increase_support
NGW-089,Birimian fractured basement aquifer,Birimian Supergroup,phyllite–schist fractured zone,Upper East Region,Bawku,False,0.0,EC07,denit,redox,Ca;Mg;Na;K;HCO3;Cl;SO4;NO3;F,0.33999999999999997,1.3771277643359572,0.22522183662630235,rock,rock,freshening,freshening,oxic,oxic,-0.186877620401224,-0.3519999008600333,-0.09876924323930267,-0.17646252049885547,132.98000000000002,denitrification_no3_conflict
NGW-089,Birimian fractured basement aquifer,Birimian Supergroup,phyllite–schist fractured zone,Upper East Region,Bawku,False,0.0,EC01,CaNa_exch,ion_exchange,Ca;Mg;Na;K;HCO3;Cl;SO4;NO3;F,0.54,0.9231163463866358,-0.5261658189739078,rock,rock,freshening,freshening,oxic,oxic,-0.186877620401224,-0.3519999008600333,-0.09876924323930267,-0.17646252049885547,132.98000000000002,residual_opposed;cai_freshening_support
NGW-089,Birimian fractured basement aquifer,Birimian Supergroup,phyllite–schist fractured zone,Upper East Region,Bawku,True,0.12416227299125634,EC01,NaCa_exch,ion_exchange,Ca;Mg;Na;K;HCO3;Cl;SO4;NO3;F,0.38,1.2712491503214047,0.5261658189739078,rock,rock,freshening,freshening,oxic,oxic,-0.186877620401224,-0.3519999008600333,-0.09876924323930267,-0.17646252049885547,132.98000000000002,residual_weakly_aligned;cai_freshening_conflict
NGW-089,Birimian fractured basement aquifer,Birimian Supergroup,phyllite–schist fractured zone,Upper East Region,Bawku,False,0.0,EC02,MgNa_exch,ion_exchange,Ca;Mg;Na;K;HCO3;Cl;SO4;NO3;F,0.54,0.9231163463866358,-0.5503807106617491,rock,rock,freshening,freshening,oxic,oxic,-0.186877620401224,-0.3519999008600333,-0.09876924323930267,-0.17646252049885547,132.98000000000002,residual_opposed;cai_freshening_support
NGW-089,Birimian fractured basement aquifer,Birimian Supergroup,phyllite–schist fractured zone,Upper East Region,Bawku,False,0.0,EC02,NaMg_exch,ion_exchange,Ca;Mg;Na;K;HCO3;Cl;SO4;NO3;F,0.48,1.0408107741923882,0.5503807106617491,rock,rock,freshening,freshening,oxic,oxic,-0.186877620401224,-0.3519999008600333,-0.09876924323930267,-0.17646252049885547,132.98000000000002,residual_strongly_aligned;cai_freshening_conflict
NGW-090,Regolith/alluvial shallow aquifer,Quaternary regolith/alluvium,lateritic saprolite,Upper East Region,Bolgatanga,False,0.0,EC05,calcite,carbonate,Ca;Mg;Na;K;HCO3;Cl;SO4;NO3;F,0.7599999999999999,0.5945205479701945,0.6884830990454546,rock,rock,freshening,freshening,oxic,oxic,-0.471400085855271,-0.15291891401931293,-0.17625338501636198,-0.07335229231410371,187.35000000000002,residual_strongly_aligned;gibbs_rock_support;carbonate_alkalinity_support;saturated_dissolution_conflict
NGW-090,Regolith/alluvial shallow aquifer,Quaternary regolith/alluvium,lateritic saprolite,Upper East Region,Bolgatanga,True,0.22015946796243732,EC08,dolomite,carbonate,Ca;Mg;Na;K;HCO3;Cl;SO4;NO3;F,0.8799999999999999,0.46766642700990935,0.7031314966185304,rock,rock,freshening,freshening,oxic,oxic,-0.471400085855271,-0.15291891401931293,-0.17625338501636198,-0.07335229231410371,187.35000000000002,residual_strongly_aligned;gibbs_rock_support;carbonate_alkalinity_support
NGW-090,Regolith/alluvial shallow aquifer,Quaternary regolith/alluvium,lateritic saprolite,Upper East Region,Bolgatanga,False,0.0,EC04,albite,silicate,Ca;Mg;Na;K;HCO3;Cl;SO4;NO3;F,0.8799999999999999,0.46766642700990935,0.719523003785553,rock,rock,freshening,freshening,oxic,oxic,-0.471400085855271,-0.15291891401931293,-0.17625338501636198,-0.07335229231410371,187.35000000000002,residual_strongly_aligned;gibbs_rock_support;albite_na_alkalinity_support
NGW-090,Regolith/alluvial shallow aquifer,Quaternary regolith/alluvium,lateritic saprolite,Upper East Region,Bolgatanga,True,0.03413219471055007,EC05,anorthite,silicate,Ca;Mg;Na;K;HCO3;Cl;SO4;NO3;F,0.8799999999999999,0.46766642700990935,0.6884830990454546,rock,rock,freshening,freshening,oxic,oxic,-0.471400085855271,-0.15291891401931293,-0.17625338501636198,-0.07335229231410371,187.35000000000002,residual_strongly_aligned;gibbs_rock_support;carbonate_alkalinity_support
NGW-090,Regolith/alluvial shallow aquifer,Quaternary regolith/alluvium,lateritic saprolite,Upper East Region,Bolgatanga,True,0.08586905097884158,EC12,k_feldspar,silicate,Ca;Mg;Na;K;HCO3;Cl;SO4;NO3;F,0.7799999999999999,0.571209063848815,0.47894071313991154,rock,rock,freshening,freshening,oxic,oxic,-0.471400085855271,-0.15291891401931293,-0.17625338501636198,-0.07335229231410371,187.35000000000002,residual_weakly_aligned;gibbs_rock_support;k_feldspar_k_alkalinity_support
NGW-090,Regolith/alluvial shallow aquifer,Quaternary regolith/alluvium,lateritic saprolite,Upper East Region,Bolgatanga,True,0.28589712538356554,EC10,gypsum,evaporite,Ca;Mg;Na;K;HCO3;Cl;SO4;NO3;F,0.88,0.46766642700990924,0.3010812825009783,rock,rock,freshening,freshening,oxic,oxic,-0.471400085855271,-0.15291891401931293,-0.17625338501636198,-0.07335229231410371,187.35000000000002,residual_weakly_aligned;gypsum_ca_so4_support;undersaturated_dissolution_support;salinity_increase_support
NGW-090,Regolith/alluvial shallow aquifer,Quaternary regolith/alluvium,lateritic saprolite,Upper East Region,Bolgatanga,True,1.0888228616133093,EC11,halite,evaporite,Ca;Mg;Na;K;HCO3;Cl;SO4;NO3;F,0.95,0.40656965974059917,0.6613675560504281,rock,rock,freshening,freshening,oxic,oxic,-0.471400085855271,-0.15291891401931293,-0.17625338501636198,-0.07335229231410371,187.35000000000002,residual_strongly_aligned;halite_na_cl_support;undersaturated_dissolution_support;salinity_increase_support
NGW-090,Regolith/alluvial shallow aquifer,Quaternary regolith/alluvium,lateritic saprolite,Upper East Region,Bolgatanga,False,0.0,EC09,fluorite,trace_mineral,Ca;Mg;Na;K;HCO3;Cl;SO4;NO3;F,0.6799999999999999,0.6976763260710311,0.13280755077220746,rock,rock,freshening,freshening,oxic,oxic,-0.471400085855271,-0.15291891401931293,-0.17625338501636198,-0.07335229231410371,187.35000000000002,gibbs_rock_support;fluorite_ca_f_support
NGW-090,Regolith/alluvial shallow aquifer,Quaternary regolith/alluvium,lateritic saprolite,Upper East Region,Bolgatanga,False,0.0056538880874437035,EC06,apatite,trace_mineral,Ca;Mg;Na;K;HCO3;Cl;SO4;NO3;F,0.6799999999999999,0.6976763260710311,0.2782403027605926,rock,rock,freshening,freshening,oxic,oxic,-0.471400085855271,-0.15291891401931293,-0.17625338501636198,-0.07335229231410371,187.35000000000002,residual_weakly_aligned;gibbs_rock_support
NGW-090,Regolith/alluvial shallow aquifer,Quaternary regolith/alluvium,lateritic saprolite,Upper East Region,Bolgatanga,False,0.0,EC13,pyrite_oxidation,redox,Ca;Mg;Na;K;HCO3;Cl;SO4;NO3;F,0.5,1.0,0.14351114919661967,rock,rock,freshening,freshening,oxic,oxic,-0.471400085855271,-0.15291891401931293,-0.17625338501636198,-0.07335229231410371,187.35000000000002,
NGW-090,Regolith/alluvial shallow aquifer,Quaternary regolith/alluvium,lateritic saprolite,Upper East Region,Bolgatanga,False,0.0,EC03,NO3src,anthropogenic,Ca;Mg;Na;K;HCO3;Cl;SO4;NO3;F,0.5,1.0,-0.13265454592876638,rock,rock,freshening,freshening,oxic,oxic,-0.471400085855271,-0.15291891401931293,-0.17625338501636198,-0.07335229231410371,187.35000000000002,
NGW-090,Regolith/alluvial shallow aquifer,Quaternary regolith/alluvium,lateritic saprolite,Upper East Region,Bolgatanga,True,0.2586427930412314,EC07,denit,redox,Ca;Mg;Na;K;HCO3;Cl;SO4;NO3;F,0.8,0.5488116360940264,0.5382928219960996,rock,rock,freshening,freshening,oxic,oxic,-0.471400085855271,-0.15291891401931293,-0.17625338501636198,-0.07335229231410371,187.35000000000002,residual_weakly_aligned;denitrification_stoichiometry_support
NGW-090,Regolith/alluvial shallow aquifer,Quaternary regolith/alluvium,lateritic saprolite,Upper East Region,Bolgatanga,False,0.0,EC01,CaNa_exch,ion_exchange,Ca;Mg;Na;K;HCO3;Cl;SO4;NO3;F,0.72,0.6440364210831414,-0.22164950929386634,rock,rock,freshening,freshening,oxic,oxic,-0.471400085855271,-0.15291891401931293,-0.17625338501636198,-0.07335229231410371,187.35000000000002,cai_freshening_support
NGW-090,Regolith/alluvial shallow aquifer,Quaternary regolith/alluvium,lateritic saprolite,Upper East Region,Bolgatanga,False,0.0,EC01,NaCa_exch,ion_exchange,Ca;Mg;Na;K;HCO3;Cl;SO4;NO3;F,0.28,1.552707218511336,0.22164950929386634,rock,rock,freshening,freshening,oxic,oxic,-0.471400085855271,-0.15291891401931293,-0.17625338501636198,-0.07335229231410371,187.35000000000002,cai_freshening_conflict
NGW-090,Regolith/alluvial shallow aquifer,Quaternary regolith/alluvium,lateritic saprolite,Upper East Region,Bolgatanga,True,0.13602532718159108,EC02,MgNa_exch,ion_exchange,Ca;Mg;Na;K;HCO3;Cl;SO4;NO3;F,0.54,0.9231163463866358,-0.2645174930342538,rock,rock,freshening,freshening,oxic,oxic,-0.471400085855271,-0.15291891401931293,-0.17625338501636198,-0.07335229231410371,187.35000000000002,residual_opposed;cai_freshening_support
NGW-090,Regolith/alluvial shallow aquifer,Quaternary regolith/alluvium,lateritic saprolite,Upper East Region,Bolgatanga,False,0.0,EC02,NaMg_exch,ion_exchange,Ca;Mg;Na;K;HCO3;Cl;SO4;NO3;F,0.38,1.2712491503214047,0.2645174930342538,rock,rock,freshening,freshening,oxic,oxic,-0.471400085855271,-0.15291891401931293,-0.17625338501636198,-0.07335229231410371,187.35000000000002,residual_weakly_aligned;cai_freshening_conflict
NGW-092,Regolith/alluvial shallow aquifer,Quaternary regolith/alluvium,lateritic saprolite,Upper East Region,Talensi,True,0.13621170409523922,EC05,calcite,carbonate,Ca;Mg;Na;K;HCO3;Cl;SO4;NO3;F,0.95,0.40656965974059917,0.9710147603807078,rock,rock,neutral,freshening,oxic,oxic,-0.0489077780184558,-0.15482447219297518,-0.02773906768110159,-0.06826167890205444,75.26999999999998,residual_strongly_aligned;gibbs_rock_support;carbonate_alkalinity_support;undersaturated_dissolution_support
NGW-092,Regolith/alluvial shallow aquifer,Quaternary regolith/alluvium,lateritic saprolite,Upper East Region,Talensi,False,0.0,EC08,dolomite,carbonate,Ca;Mg;Na;K;HCO3;Cl;SO4;NO3;F,0.8799999999999999,0.46766642700990935,0.88664980443636,rock,rock,neutral,freshening,oxic,oxic,-0.0489077780184558,-0.15482447219297518,-0.02773906768110159,-0.06826167890205444,75.26999999999998,residual_strongly_aligned;gibbs_rock_support;undersaturated_dissolution_support
NGW-092,Regolith/alluvial shallow aquifer,Quaternary regolith/alluvium,lateritic saprolite,Upper East Region,Talensi,True,0.07314737742020949,EC04,albite,silicate,Ca;Mg;Na;K;HCO3;Cl;SO4;NO3;F,0.8799999999999999,0.46766642700990935,0.6390264981412568,rock,rock,neutral,freshening,oxic,oxic,-0.0489077780184558,-0.15482447219297518,-0.02773906768110159,-0.06826167890205444,75.26999999999998,residual_strongly_aligned;gibbs_rock_support;albite_na_alkalinity_support
NGW-092,Regolith/alluvial shallow aquifer,Quaternary regolith/alluvium,lateritic saprolite,Upper East Region,Talensi,True,0.13621170409523922,EC05,anorthite,silicate,Ca;Mg;Na;K;HCO3;Cl;SO4;NO3;F,0.8799999999999999,0.46766642700990935,0.9710147603807078,rock,rock,neutral,freshening,oxic,oxic,-0.0489077780184558,-0.15482447219297518,-0.02773906768110159,-0.06826167890205444,75.26999999999998,residual_strongly_aligned;gibbs_rock_support;carbonate_alkalinity_support
NGW-092,Regolith/alluvial shallow aquifer,Quaternary regolith/alluvium,lateritic saprolite,Upper East Region,Talensi,True,0.06034779471234248,EC12,k_feldspar,silicate,Ca;Mg;Na;K;HCO3;Cl;SO4;NO3;F,0.8799999999999999,0.46766642700990935,0.6284383888334985,rock,rock,neutral,freshening,oxic,oxic,-0.0489077780184558,-0.15482447219297518,-0.02773906768110159,-0.06826167890205444,75.26999999999998,residual_strongly_aligned;gibbs_rock_support;k_feldspar_k_alkalinity_support
NGW-092,Regolith/alluvial shallow aquifer,Quaternary regolith/alluvium,lateritic saprolite,Upper East Region,Talensi,True,0.03425033124104089,EC10,gypsum,evaporite,Ca;Mg;Na;K;HCO3;Cl;SO4;NO3;F,0.88,0.46766642700990924,0.4363613649799944,rock,rock,neutral,freshening,oxic,oxic,-0.0489077780184558,-0.15482447219297518,-0.02773906768110159,-0.06826167890205444,75.26999999999998,residual_weakly_aligned;gypsum_ca_so4_support;undersaturated_dissolution_support;salinity_increase_support
NGW-092,Regolith/alluvial shallow aquifer,Quaternary regolith/alluvium,lateritic saprolite,Upper East Region,Talensi,False,0.0,EC11,halite,evaporite,Ca;Mg;Na;K;HCO3;Cl;SO4;NO3;F,0.64,0.7557837414557255,0.06928941892239569,rock,rock,neutral,freshening,oxic,oxic,-0.0489077780184558,-0.15482447219297518,-0.02773906768110159,-0.06826167890205444,75.26999999999998,undersaturated_dissolution_support;salinity_increase_support
NGW-092,Regolith/alluvial shallow aquifer,Quaternary regolith/alluvium,lateritic saprolite,Upper East Region,Talensi,False,-0.003240202740692944,EC09,fluorite,trace_mineral,Ca;Mg;Na;K;HCO3;Cl;SO4;NO3;F,0.58,0.8521437889662115,0.2484223421606875,rock,rock,neutral,freshening,oxic,oxic,-0.0489077780184558,-0.15482447219297518,-0.02773906768110159,-0.06826167890205444,75.26999999999998,gibbs_rock_support
NGW-092,Regolith/alluvial shallow aquifer,Quaternary regolith/alluvium,lateritic saprolite,Upper East Region,Talensi,True,0.033351880527496734,EC06,apatite,trace_mineral,Ca;Mg;Na;K;HCO3;Cl;SO4;NO3;F,0.7799999999999999,0.571209063848815,0.564071893641747,rock,rock,neutral,freshening,oxic,oxic,-0.0489077780184558,-0.15482447219297518,-0.02773906768110159,-0.06826167890205444,75.26999999999998,residual_strongly_aligned;gibbs_rock_support
NGW-092,Regolith/alluvial shallow aquifer,Quaternary regolith/alluvium,lateritic saprolite,Upper East Region,Talensi,False,0.0,EC13,pyrite_oxidation,redox,Ca;Mg;Na;K;HCO3;Cl;SO4;NO3;F,0.5,1.0,0.03967061141745583,rock,rock,neutral,freshening,oxic,oxic,-0.0489077780184558,-0.15482447219297518,-0.02773906768110159,-0.06826167890205444,75.26999999999998,
NGW-092,Regolith/alluvial shallow aquifer,Quaternary regolith/alluvium,lateritic saprolite,Upper East Region,Talensi,True,0.06567437080182169,EC03,NO3src,anthropogenic,Ca;Mg;Na;K;HCO3;Cl;SO4;NO3;F,0.6799999999999999,0.6976763260710311,0.0993805049964038,rock,rock,neutral,freshening,oxic,oxic,-0.0489077780184558,-0.15482447219297518,-0.02773906768110159,-0.06826167890205444,75.26999999999998,nitrate_increase_support
NGW-092,Regolith/alluvial shallow aquifer,Quaternary regolith/alluvium,lateritic saprolite,Upper East Region,Talensi,False,0.0,EC07,denit,redox,Ca;Mg;Na;K;HCO3;Cl;SO4;NO3;F,0.43999999999999995,1.1274968515793757,0.49322693879426793,rock,rock,neutral,freshening,oxic,oxic,-0.0489077780184558,-0.15482447219297518,-0.02773906768110159,-0.06826167890205444,75.26999999999998,residual_weakly_aligned;denitrification_no3_conflict
NGW-092,Regolith/alluvial shallow aquifer,Quaternary regolith/alluvium,lateritic saprolite,Upper East Region,Talensi,False,0.0,EC01,CaNa_exch,ion_exchange,Ca;Mg;Na;K;HCO3;Cl;SO4;NO3;F,0.72,0.6440364210831414,0.16270307264961714,rock,rock,neutral,freshening,oxic,oxic,-0.0489077780184558,-0.15482447219297518,-0.02773906768110159,-0.06826167890205444,75.26999999999998,cai_freshening_support
NGW-092,Regolith/alluvial shallow aquifer,Quaternary regolith/alluvium,lateritic saprolite,Upper East Region,Talensi,False,0.0,EC01,NaCa_exch,ion_exchange,Ca;Mg;Na;K;HCO3;Cl;SO4;NO3;F,0.28,1.552707218511336,-0.16270307264961714,rock,rock,neutral,freshening,oxic,oxic,-0.0489077780184558,-0.15482447219297518,-0.02773906768110159,-0.06826167890205444,75.26999999999998,cai_freshening_conflict
NGW-092,Regolith/alluvial shallow aquifer,Quaternary regolith/alluvium,lateritic saprolite,Upper East Region,Talensi,False,0.0,EC02,MgNa_exch,ion_exchange,Ca;Mg;Na;K;HCO3;Cl;SO4;NO3;F,0.72,0.6440364210831414,-0.09702672673474053,rock,rock,neutral,freshening,oxic,oxic,-0.0489077780184558,-0.15482447219297518,-0.02773906768110159,-0.06826167890205444,75.26999999999998,cai_freshening_support
NGW-092,Regolith/alluvial shallow aquifer,Quaternary regolith/alluvium,lateritic saprolite,Upper East Region,Talensi,False,0.0,EC02,NaMg_exch,ion_exchange,Ca;Mg;Na;K;HCO3;Cl;SO4;NO3;F,0.28,1.552707218511336,0.09702672673474053,rock,rock,neutral,freshening,oxic,oxic,-0.0489077780184558,-0.15482447219297518,-0.02773906768110159,-0.06826167890205444,75.26999999999998,cai_freshening_conflict
NGW-093,Granitoid fractured basement aquifer,Paleoproterozoic granitoid complex,granitoid saprolite,Upper East Region,Talensi,True,0.072195207091796,EC05,calcite,carbonate,Ca;Mg;Na;K;HCO3;Cl;SO4;NO3;F,0.95,0.40656965974059917,0.7024387279888011,rock,rock,freshening,neutral,oxic,oxic,-0.17045484198680713,-0.09785826639656356,-0.0815625274606768,-0.051721042244834065,151.85999999999996,residual_strongly_aligned;gibbs_rock_support;carbonate_alkalinity_support;undersaturated_dissolution_support
NGW-093,Granitoid fractured basement aquifer,Paleoproterozoic granitoid complex,granitoid saprolite,Upper East Region,Talensi,True,0.20339636429762245,EC08,dolomite,carbonate,Ca;Mg;Na;K;HCO3;Cl;SO4;NO3;F,0.95,0.40656965974059917,0.7161417394496247,rock,rock,freshening,neutral,oxic,oxic,-0.17045484198680713,-0.09785826639656356,-0.0815625274606768,-0.051721042244834065,151.85999999999996,residual_strongly_aligned;gibbs_rock_support;carbonate_alkalinity_support;undersaturated_dissolution_support
NGW-093,Granitoid fractured basement aquifer,Paleoproterozoic granitoid complex,granitoid saprolite,Upper East Region,Talensi,False,0.0,EC04,albite,silicate,Ca;Mg;Na;K;HCO3;Cl;SO4;NO3;F,0.8799999999999999,0.46766642700990935,0.8062434598902807,rock,rock,freshening,neutral,oxic,oxic,-0.17045484198680713,-0.09785826639656356,-0.0815625274606768,-0.051721042244834065,151.85999999999996,residual_strongly_aligned;gibbs_rock_support;albite_na_alkalinity_support
NGW-093,Granitoid fractured basement aquifer,Paleoproterozoic granitoid complex,granitoid saprolite,Upper East Region,Talensi,True,0.072195207091796,EC05,anorthite,silicate,Ca;Mg;Na;K;HCO3;Cl;SO4;NO3;F,0.8799999999999999,0.46766642700990935,0.7024387279888011,rock,rock,freshening,neutral,oxic,oxic,-0.17045484198680713,-0.09785826639656356,-0.0815625274606768,-0.051721042244834065,151.85999999999996,residual_strongly_aligned;gibbs_rock_support;carbonate_alkalinity_support
NGW-093,Granitoid fractured basement aquifer,Paleoproterozoic granitoid complex,granitoid saprolite,Upper East Region,Talensi,False,0.02165817316834745,EC12,k_feldspar,silicate,Ca;Mg;Na;K;HCO3;Cl;SO4;NO3;F,0.7799999999999999,0.571209063848815,0.48567186759112596,rock,rock,freshening,neutral,oxic,oxic,-0.17045484198680713,-0.09785826639656356,-0.0815625274606768,-0.051721042244834065,151.85999999999996,residual_weakly_aligned;gibbs_rock_support;k_feldspar_k_alkalinity_support
NGW-093,Granitoid fractured basement aquifer,Paleoproterozoic granitoid complex,granitoid saprolite,Upper East Region,Talensi,False,0.0,EC10,gypsum,evaporite,Ca;Mg;Na;K;HCO3;Cl;SO4;NO3;F,0.78,0.5712090638488149,0.18942201067845618,rock,rock,freshening,neutral,oxic,oxic,-0.17045484198680713,-0.09785826639656356,-0.0815625274606768,-0.051721042244834065,151.85999999999996,gypsum_ca_so4_support;undersaturated_dissolution_support;salinity_increase_support
NGW-093,Granitoid fractured basement aquifer,Paleoproterozoic granitoid complex,granitoid saprolite,Upper East Region,Talensi,True,0.8146861744240971,EC11,halite,evaporite,Ca;Mg;Na;K;HCO3;Cl;SO4;NO3;F,0.95,0.40656965974059917,0.6890751087839081,rock,rock,freshening,neutral,oxic,oxic,-0.17045484198680713,-0.09785826639656356,-0.0815625274606768,-0.051721042244834065,151.85999999999996,residual_strongly_aligned;halite_na_cl_support;undersaturated_dissolution_support;salinity_increase_support
NGW-093,Granitoid fractured basement aquifer,Paleoproterozoic granitoid complex,granitoid saprolite,Upper East Region,Talensi,True,0.04270780731342999,EC09,fluorite,trace_mineral,Ca;Mg;Na;K;HCO3;Cl;SO4;NO3;F,0.6799999999999999,0.6976763260710311,0.15874919843202814,rock,rock,freshening,neutral,oxic,oxic,-0.17045484198680713,-0.09785826639656356,-0.0815625274606768,-0.051721042244834065,151.85999999999996,gibbs_rock_support;fluorite_ca_f_support
NGW-093,Granitoid fractured basement aquifer,Paleoproterozoic granitoid complex,granitoid saprolite,Upper East Region,Talensi,False,0.0,EC06,apatite,trace_mineral,Ca;Mg;Na;K;HCO3;Cl;SO4;NO3;F,0.58,0.8521437889662115,0.23773188528226627,rock,rock,freshening,neutral,oxic,oxic,-0.17045484198680713,-0.09785826639656356,-0.0815625274606768,-0.051721042244834065,151.85999999999996,gibbs_rock_support
NGW-093,Granitoid fractured basement aquifer,Paleoproterozoic granitoid complex,granitoid saprolite,Upper East Region,Talensi,False,0.022417099878991213,EC13,pyrite_oxidation,redox,Ca;Mg;Na;K;HCO3;Cl;SO4;NO3;F,0.5,1.0,0.037947060397083274,rock,rock,freshening,neutral,oxic,oxic,-0.17045484198680713,-0.09785826639656356,-0.0815625274606768,-0.051721042244834065,151.85999999999996,
NGW-093,Granitoid fractured basement aquifer,Paleoproterozoic granitoid complex,granitoid saprolite,Upper East Region,Talensi,False,0.020901789877005746,EC03,NO3src,anthropogenic,Ca;Mg;Na;K;HCO3;Cl;SO4;NO3;F,0.6799999999999999,0.6976763260710311,0.02387410963616993,rock,rock,freshening,neutral,oxic,oxic,-0.17045484198680713,-0.09785826639656356,-0.0815625274606768,-0.051721042244834065,151.85999999999996,nitrate_increase_support
NGW-093,Granitoid fractured basement aquifer,Paleoproterozoic granitoid complex,granitoid saprolite,Upper East Region,Talensi,False,0.0,EC07,denit,redox,Ca;Mg;Na;K;HCO3;Cl;SO4;NO3;F,0.43999999999999995,1.1274968515793757,0.4571503359977013,rock,rock,freshening,neutral,oxic,oxic,-0.17045484198680713,-0.09785826639656356,-0.0815625274606768,-0.051721042244834065,151.85999999999996,residual_weakly_aligned;denitrification_no3_conflict
NGW-093,Granitoid fractured basement aquifer,Paleoproterozoic granitoid complex,granitoid saprolite,Upper East Region,Talensi,False,0.0,EC01,CaNa_exch,ion_exchange,Ca;Mg;Na;K;HCO3;Cl;SO4;NO3;F,0.32,1.4333294145603401,-0.31738754475835695,rock,rock,freshening,neutral,oxic,oxic,-0.17045484198680713,-0.09785826639656356,-0.0815625274606768,-0.051721042244834065,151.85999999999996,residual_opposed
NGW-093,Granitoid fractured basement aquifer,Paleoproterozoic granitoid complex,granitoid saprolite,Upper East Region,Talensi,False,0.0,EC01,NaCa_exch,ion_exchange,Ca;Mg;Na;K;HCO3;Cl;SO4;NO3;F,0.6,0.8187307530779819,0.31738754475835695,rock,rock,freshening,neutral,oxic,oxic,-0.17045484198680713,-0.09785826639656356,-0.0815625274606768,-0.051721042244834065,151.85999999999996,residual_weakly_aligned
NGW-093,Granitoid fractured basement aquifer,Paleoproterozoic granitoid complex,granitoid saprolite,Upper East Region,Talensi,False,0.0,EC02,MgNa_exch,ion_exchange,Ca;Mg;Na;K;HCO3;Cl;SO4;NO3;F,0.32,1.4333294145603401,-0.36348158623055593,rock,rock,freshening,neutral,oxic,oxic,-0.17045484198680713,-0.09785826639656356,-0.0815625274606768,-0.051721042244834065,151.85999999999996,residual_opposed
NGW-093,Granitoid fractured basement aquifer,Paleoproterozoic granitoid complex,granitoid saprolite,Upper East Region,Talensi,False,0.0,EC02,NaMg_exch,ion_exchange,Ca;Mg;Na;K;HCO3;Cl;SO4;NO3;F,0.6,0.8187307530779819,0.36348158623055593,rock,rock,freshening,neutral,oxic,oxic,-0.17045484198680713,-0.09785826639656356,-0.0815625274606768,-0.051721042244834065,151.85999999999996,residual_weakly_aligned
NGW-094,Regolith/alluvial shallow aquifer,Quaternary regolith/alluvium,valley alluvium,Upper East Region,Zebilla,True,0.13109449170112294,EC05,calcite,carbonate,Ca;Mg;Na;K;HCO3;Cl;SO4;NO3;F,0.95,0.40656965974059917,0.7436545409036807,rock,rock,freshening,salinization,oxic,oxic,-0.5370186277074404,0.13560959548543813,-0.24105210073318345,0.08132155205914407,131.76,residual_strongly_aligned;gibbs_rock_support;carbonate_alkalinity_support;undersaturated_dissolution_support
NGW-094,Regolith/alluvial shallow aquifer,Quaternary regolith/alluvium,valley alluvium,Upper East Region,Zebilla,True,0.10820584295885749,EC08,dolomite,carbonate,Ca;Mg;Na;K;HCO3;Cl;SO4;NO3;F,0.95,0.40656965974059917,0.7272567703937489,rock,rock,freshening,salinization,oxic,oxic,-0.5370186277074404,0.13560959548543813,-0.24105210073318345,0.08132155205914407,131.76,residual_strongly_aligned;gibbs_rock_support;carbonate_alkalinity_support;undersaturated_dissolution_support
NGW-094,Regolith/alluvial shallow aquifer,Quaternary regolith/alluvium,valley alluvium,Upper East Region,Zebilla,False,-0.0,EC04,albite,silicate,Ca;Mg;Na;K;HCO3;Cl;SO4;NO3;F,0.7799999999999999,0.571209063848815,0.43981528281493737,rock,rock,freshening,salinization,oxic,oxic,-0.5370186277074404,0.13560959548543813,-0.24105210073318345,0.08132155205914407,131.76,residual_weakly_aligned;gibbs_rock_support;albite_na_alkalinity_support
NGW-094,Regolith/alluvial shallow aquifer,Quaternary regolith/alluvium,valley alluvium,Upper East Region,Zebilla,True,0.13109449170112294,EC05,anorthite,silicate,Ca;Mg;Na;K;HCO3;Cl;SO4;NO3;F,0.8799999999999999,0.46766642700990935,0.7436545409036807,rock,rock,freshening,salinization,oxic,oxic,-0.5370186277074404,0.13560959548543813,-0.24105210073318345,0.08132155205914407,131.76,residual_strongly_aligned;gibbs_rock_support;carbonate_alkalinity_support
NGW-094,Regolith/alluvial shallow aquifer,Quaternary regolith/alluvium,valley alluvium,Upper East Region,Zebilla,False,0.0,EC12,k_feldspar,silicate,Ca;Mg;Na;K;HCO3;Cl;SO4;NO3;F,0.6799999999999999,0.6976763260710311,0.42903296352777376,rock,rock,freshening,salinization,oxic,oxic,-0.5370186277074404,0.13560959548543813,-0.24105210073318345,0.08132155205914407,131.76,residual_weakly_aligned;gibbs_rock_support
NGW-094,Regolith/alluvial shallow aquifer,Quaternary regolith/alluvium,valley alluvium,Upper East Region,Zebilla,False,0.0,EC10,gypsum,evaporite,Ca;Mg;Na;K;HCO3;Cl;SO4;NO3;F,0.74,0.6187833918061408,0.30890770803671425,rock,rock,freshening,salinization,oxic,oxic,-0.5370186277074404,0.13560959548543813,-0.24105210073318345,0.08132155205914407,131.76,residual_weakly_aligned;undersaturated_dissolution_support;salinity_increase_support
NGW-094,Regolith/alluvial shallow aquifer,Quaternary regolith/alluvium,valley alluvium,Upper East Region,Zebilla,True,0.9408057878582183,EC11,halite,evaporite,Ca;Mg;Na;K;HCO3;Cl;SO4;NO3;F,0.9,0.44932896411722156,0.4497723364586012,rock,rock,freshening,salinization,oxic,oxic,-0.5370186277074404,0.13560959548543813,-0.24105210073318345,0.08132155205914407,131.76,residual_weakly_aligned;halite_na_cl_support;undersaturated_dissolution_support;salinity_increase_support
NGW-094,Regolith/alluvial shallow aquifer,Quaternary regolith/alluvium,valley alluvium,Upper East Region,Zebilla,False,-0.0,EC09,fluorite,trace_mineral,Ca;Mg;Na;K;HCO3;Cl;SO4;NO3;F,0.6799999999999999,0.6976763260710311,0.20155542770541535,rock,rock,freshening,salinization,oxic,oxic,-0.5370186277074404,0.13560959548543813,-0.24105210073318345,0.08132155205914407,131.76,gibbs_rock_support;fluorite_ca_f_support
NGW-094,Regolith/alluvial shallow aquifer,Quaternary regolith/alluvium,valley alluvium,Upper East Region,Zebilla,False,0.015234066733017014,EC06,apatite,trace_mineral,Ca;Mg;Na;K;HCO3;Cl;SO4;NO3;F,0.6799999999999999,0.6976763260710311,0.44077634235994406,rock,rock,freshening,salinization,oxic,oxic,-0.5370186277074404,0.13560959548543813,-0.24105210073318345,0.08132155205914407,131.76,residual_weakly_aligned;gibbs_rock_support
NGW-094,Regolith/alluvial shallow aquifer,Quaternary regolith/alluvium,valley alluvium,Upper East Region,Zebilla,False,0.0,EC13,pyrite_oxidation,redox,Ca;Mg;Na;K;HCO3;Cl;SO4;NO3;F,0.5,1.0,-0.012512163557719712,rock,rock,freshening,salinization,oxic,oxic,-0.5370186277074404,0.13560959548543813,-0.24105210073318345,0.08132155205914407,131.76,
NGW-094,Regolith/alluvial shallow aquifer,Quaternary regolith/alluvium,valley alluvium,Upper East Region,Zebilla,False,0.010952327449268984,EC03,NO3src,anthropogenic,Ca;Mg;Na;K;HCO3;Cl;SO4;NO3;F,0.6799999999999999,0.6976763260710311,0.019283289538803917,rock,rock,freshening,salinization,oxic,oxic,-0.5370186277074404,0.13560959548543813,-0.24105210073318345,0.08132155205914407,131.76,nitrate_increase_support
NGW-094,Regolith/alluvial shallow aquifer,Quaternary regolith/alluvium,valley alluvium,Upper East Region,Zebilla,False,0.0,EC07,denit,redox,Ca;Mg;Na;K;HCO3;Cl;SO4;NO3;F,0.43999999999999995,1.1274968515793757,0.41539761873130193,rock,rock,freshening,salinization,oxic,oxic,-0.5370186277074404,0.13560959548543813,-0.24105210073318345,0.08132155205914407,131.76,residual_weakly_aligned;denitrification_no3_conflict
NGW-094,Regolith/alluvial shallow aquifer,Quaternary regolith/alluvium,valley alluvium,Upper East Region,Zebilla,True,0.24785874268432115,EC01,CaNa_exch,ion_exchange,Ca;Mg;Na;K;HCO3;Cl;SO4;NO3;F,0.28,1.552707218511336,0.18732732352515483,rock,rock,freshening,salinization,oxic,oxic,-0.5370186277074404,0.13560959548543813,-0.24105210073318345,0.08132155205914407,131.76,cai_salinization_conflict
NGW-094,Regolith/alluvial shallow aquifer,Quaternary regolith/alluvium,valley alluvium,Upper East Region,Zebilla,False,0.0,EC01,NaCa_exch,ion_exchange,Ca;Mg;Na;K;HCO3;Cl;SO4;NO3;F,0.72,0.6440364210831414,-0.18732732352515483,rock,rock,freshening,salinization,oxic,oxic,-0.5370186277074404,0.13560959548543813,-0.24105210073318345,0.08132155205914407,131.76,cai_salinization_support
NGW-094,Regolith/alluvial shallow aquifer,Quaternary regolith/alluvium,valley alluvium,Upper East Region,Zebilla,True,0.20360125107306445,EC02,MgNa_exch,ion_exchange,Ca;Mg;Na;K;HCO3;Cl;SO4;NO3;F,0.28,1.552707218511336,0.07989094465120751,rock,rock,freshening,salinization,oxic,oxic,-0.5370186277074404,0.13560959548543813,-0.24105210073318345,0.08132155205914407,131.76,cai_salinization_conflict
NGW-094,Regolith/alluvial shallow aquifer,Quaternary regolith/alluvium,valley alluvium,Upper East Region,Zebilla,False,0.0,EC02,NaMg_exch,ion_exchange,Ca;Mg;Na;K;HCO3;Cl;SO4;NO3;F,0.72,0.6440364210831414,-0.07989094465120751,rock,rock,freshening,salinization,oxic,oxic,-0.5370186277074404,0.13560959548543813,-0.24105210073318345,0.08132155205914407,131.76,cai_salinization_support
NGW-095,Regolith/alluvial shallow aquifer,Quaternary regolith/alluvium,lateritic saprolite,Upper East Region,Bawku,True,0.155931609471437,EC05,calcite,carbonate,Ca;Mg;Na;K;HCO3;Cl;SO4;NO3;F,0.8799999999999999,0.46766642700990935,0.5227612943695558,rock,rock,freshening,neutral,oxic,oxic,-0.3412731131840674,-0.09363178131638696,-0.1277972843738661,-0.06184032186802082,185.4199999999999,residual_weakly_aligned;gibbs_rock_support;carbonate_alkalinity_support;undersaturated_dissolution_support
NGW-095,Regolith/alluvial shallow aquifer,Quaternary regolith/alluvium,lateritic saprolite,Upper East Region,Bawku,True,0.11245474544610815,EC08,dolomite,carbonate,Ca;Mg;Na;K;HCO3;Cl;SO4;NO3;F,0.8799999999999999,0.46766642700990935,0.5147687784124204,rock,rock,freshening,neutral,oxic,oxic,-0.3412731131840674,-0.09363178131638696,-0.1277972843738661,-0.06184032186802082,185.4199999999999,residual_weakly_aligned;gibbs_rock_support;carbonate_alkalinity_support;undersaturated_dissolution_support
NGW-095,Regolith/alluvial shallow aquifer,Quaternary regolith/alluvium,lateritic saprolite,Upper East Region,Bawku,False,0.0,EC04,albite,silicate,Ca;Mg;Na;K;HCO3;Cl;SO4;NO3;F,0.8799999999999999,0.46766642700990935,0.7285631127585466,rock,rock,freshening,neutral,oxic,oxic,-0.3412731131840674,-0.09363178131638696,-0.1277972843738661,-0.06184032186802082,185.4199999999999,residual_strongly_aligned;gibbs_rock_support;albite_na_alkalinity_support
NGW-095,Regolith/alluvial shallow aquifer,Quaternary regolith/alluvium,lateritic saprolite,Upper East Region,Bawku,True,0.155931609471437,EC05,anorthite,silicate,Ca;Mg;Na;K;HCO3;Cl;SO4;NO3;F,0.7799999999999999,0.571209063848815,0.5227612943695558,rock,rock,freshening,neutral,oxic,oxic,-0.3412731131840674,-0.09363178131638696,-0.1277972843738661,-0.06184032186802082,185.4199999999999,residual_weakly_aligned;gibbs_rock_support;carbonate_alkalinity_support
NGW-095,Regolith/alluvial shallow aquifer,Quaternary regolith/alluvium,lateritic saprolite,Upper East Region,Bawku,True,0.09814781854760807,EC12,k_feldspar,silicate,Ca;Mg;Na;K;HCO3;Cl;SO4;NO3;F,0.7799999999999999,0.571209063848815,0.37138991118597975,rock,rock,freshening,neutral,oxic,oxic,-0.3412731131840674,-0.09363178131638696,-0.1277972843738661,-0.06184032186802082,185.4199999999999,residual_weakly_aligned;gibbs_rock_support;k_feldspar_k_alkalinity_support
NGW-095,Regolith/alluvial shallow aquifer,Quaternary regolith/alluvium,lateritic saprolite,Upper East Region,Bawku,False,0.0,EC10,gypsum,evaporite,Ca;Mg;Na;K;HCO3;Cl;SO4;NO3;F,0.64,0.7557837414557255,0.12632098010993717,rock,rock,freshening,neutral,oxic,oxic,-0.3412731131840674,-0.09363178131638696,-0.1277972843738661,-0.06184032186802082,185.4199999999999,undersaturated_dissolution_support;salinity_increase_support
NGW-095,Regolith/alluvial shallow aquifer,Quaternary regolith/alluvium,lateritic saprolite,Upper East Region,Bawku,True,1.591912602576556,EC11,halite,evaporite,Ca;Mg;Na;K;HCO3;Cl;SO4;NO3;F,0.95,0.40656965974059917,0.8456951263239182,rock,rock,freshening,neutral,oxic,oxic,-0.3412731131840674,-0.09363178131638696,-0.1277972843738661,-0.06184032186802082,185.4199999999999,residual_strongly_aligned;halite_na_cl_support;undersaturated_dissolution_support;salinity_increase_support
NGW-095,Regolith/alluvial shallow aquifer,Quaternary regolith/alluvium,lateritic saprolite,Upper East Region,Bawku,False,0.0007258484723928093,EC09,fluorite,trace_mineral,Ca;Mg;Na;K;HCO3;Cl;SO4;NO3;F,0.6799999999999999,0.6976763260710311,0.09740241399465585,rock,rock,freshening,neutral,oxic,oxic,-0.3412731131840674,-0.09363178131638696,-0.1277972843738661,-0.06184032186802082,185.4199999999999,gibbs_rock_support;fluorite_ca_f_support
NGW-095,Regolith/alluvial shallow aquifer,Quaternary regolith/alluvium,lateritic saprolite,Upper East Region,Bawku,False,0.0,EC06,apatite,trace_mineral,Ca;Mg;Na;K;HCO3;Cl;SO4;NO3;F,0.58,0.8521437889662115,0.19972706100633128,rock,rock,freshening,neutral,oxic,oxic,-0.3412731131840674,-0.09363178131638696,-0.1277972843738661,-0.06184032186802082,185.4199999999999,gibbs_rock_support
NGW-095,Regolith/alluvial shallow aquifer,Quaternary regolith/alluvium,lateritic saprolite,Upper East Region,Bawku,False,0.0,EC13,pyrite_oxidation,redox,Ca;Mg;Na;K;HCO3;Cl;SO4;NO3;F,0.5,1.0,-0.02346915050104398,rock,rock,freshening,neutral,oxic,oxic,-0.3412731131840674,-0.09363178131638696,-0.1277972843738661,-0.06184032186802082,185.4199999999999,
NGW-095,Regolith/alluvial shallow aquifer,Quaternary regolith/alluvium,lateritic saprolite,Upper East Region,Bawku,False,0.0,EC03,NO3src,anthropogenic,Ca;Mg;Na;K;HCO3;Cl;SO4;NO3;F,0.5,1.0,-0.01909646754659281,rock,rock,freshening,neutral,oxic,oxic,-0.3412731131840674,-0.09363178131638696,-0.1277972843738661,-0.06184032186802082,185.4199999999999,
NGW-095,Regolith/alluvial shallow aquifer,Quaternary regolith/alluvium,lateritic saprolite,Upper East Region,Bawku,True,0.04077313995465102,EC07,denit,redox,Ca;Mg;Na;K;HCO3;Cl;SO4;NO3;F,0.8,0.5488116360940264,0.3553242446063361,rock,rock,freshening,neutral,oxic,oxic,-0.3412731131840674,-0.09363178131638696,-0.1277972843738661,-0.06184032186802082,185.4199999999999,residual_weakly_aligned;denitrification_stoichiometry_support
NGW-095,Regolith/alluvial shallow aquifer,Quaternary regolith/alluvium,lateritic saprolite,Upper East Region,Bawku,True,0.08326628157747766,EC01,CaNa_exch,ion_exchange,Ca;Mg;Na;K;HCO3;Cl;SO4;NO3;F,0.32,1.4333294145603401,-0.39880624783007923,rock,rock,freshening,neutral,oxic,oxic,-0.3412731131840674,-0.09363178131638696,-0.1277972843738661,-0.06184032186802082,185.4199999999999,residual_opposed
NGW-095,Regolith/alluvial shallow aquifer,Quaternary regolith/alluvium,lateritic saprolite,Upper East Region,Bawku,False,0.0,EC01,NaCa_exch,ion_exchange,Ca;Mg;Na;K;HCO3;Cl;SO4;NO3;F,0.6,0.8187307530779819,0.39880624783007923,rock,rock,freshening,neutral,oxic,oxic,-0.3412731131840674,-0.09363178131638696,-0.1277972843738661,-0.06184032186802082,185.4199999999999,residual_weakly_aligned
NGW-095,Regolith/alluvial shallow aquifer,Quaternary regolith/alluvium,lateritic saprolite,Upper East Region,Bawku,False,0.005404931399435132,EC02,MgNa_exch,ion_exchange,Ca;Mg;Na;K;HCO3;Cl;SO4;NO3;F,0.32,1.4333294145603401,-0.4676237516937327,rock,rock,freshening,neutral,oxic,oxic,-0.3412731131840674,-0.09363178131638696,-0.1277972843738661,-0.06184032186802082,185.4199999999999,residual_opposed
NGW-095,Regolith/alluvial shallow aquifer,Quaternary regolith/alluvium,lateritic saprolite,Upper East Region,Bawku,False,0.0,EC02,NaMg_exch,ion_exchange,Ca;Mg;Na;K;HCO3;Cl;SO4;NO3;F,0.6,0.8187307530779819,0.4676237516937327,rock,rock,freshening,neutral,oxic,oxic,-0.3412731131840674,-0.09363178131638696,-0.1277972843738661,-0.06184032186802082,185.4199999999999,residual_weakly_aligned
NGW-096,Birimian fractured basement aquifer,Birimian Supergroup,metavolcanic–metasedimentary rocks,Upper East Region,Bolgatanga,False,0.0,EC05,calcite,carbonate,Ca;Mg;Na;K;HCO3;Cl;SO4;NO3;F,0.45999999999999996,1.0832870676749586,0.11981461250839726,rock,rock,freshening,salinization,oxic,oxic,-0.47463584372452394,0.1443309997706505,-0.17145136487873752,0.09624991002765987,94.12,gibbs_rock_support;saturated_dissolution_conflict
NGW-096,Birimian fractured basement aquifer,Birimian Supergroup,metavolcanic–metasedimentary rocks,Upper East Region,Bolgatanga,False,0.0,EC08,dolomite,carbonate,Ca;Mg;Na;K;HCO3;Cl;SO4;NO3;F,0.6799999999999999,0.6976763260710311,0.09685311674973017,rock,rock,freshening,salinization,oxic,oxic,-0.47463584372452394,0.1443309997706505,-0.17145136487873752,0.09624991002765987,94.12,gibbs_rock_support;undersaturated_dissolution_support
NGW-096,Birimian fractured basement aquifer,Birimian Supergroup,metavolcanic–metasedimentary rocks,Upper East Region,Bolgatanga,True,-0.07983095130145616,EC04,albite,silicate,Ca;Mg;Na;K;HCO3;Cl;SO4;NO3;F,0.58,0.8521437889662115,0.06771066492814418,rock,rock,freshening,salinization,oxic,oxic,-0.47463584372452394,0.1443309997706505,-0.17145136487873752,0.09624991002765987,94.12,gibbs_rock_support
NGW-096,Birimian fractured basement aquifer,Birimian Supergroup,metavolcanic–metasedimentary rocks,Upper East Region,Bolgatanga,False,-0.0,EC05,anorthite,silicate,Ca;Mg;Na;K;HCO3;Cl;SO4;NO3;F,0.58,0.8521437889662115,0.11981461250839726,rock,rock,freshening,salinization,oxic,oxic,-0.47463584372452394,0.1443309997706505,-0.17145136487873752,0.09624991002765987,94.12,gibbs_rock_support
NGW-096,Birimian fractured basement aquifer,Birimian Supergroup,metavolcanic–metasedimentary rocks,Upper East Region,Bolgatanga,True,0.03876586063148059,EC12,k_feldspar,silicate,Ca;Mg;Na;K;HCO3;Cl;SO4;NO3;F,0.58,0.8521437889662115,0.012578491045872485,rock,rock,freshening,salinization,oxic,oxic,-0.47463584372452394,0.1443309997706505,-0.17145136487873752,0.09624991002765987,94.12,gibbs_rock_support
NGW-096,Birimian fractured basement aquifer,Birimian Supergroup,metavolcanic–metasedimentary rocks,Upper East Region,Bolgatanga,True,0.13049872251007705,EC10,gypsum,evaporite,Ca;Mg;Na;K;HCO3;Cl;SO4;NO3;F,0.88,0.46766642700990924,0.31028427794534935,rock,rock,freshening,salinization,oxic,oxic,-0.47463584372452394,0.1443309997706505,-0.17145136487873752,0.09624991002765987,94.12,residual_weakly_aligned;gypsum_ca_so4_support;undersaturated_dissolution_support;salinity_increase_support
NGW-096,Birimian fractured basement aquifer,Birimian Supergroup,metavolcanic–metasedimentary rocks,Upper East Region,Bolgatanga,True,1.2581836732682528,EC11,halite,evaporite,Ca;Mg;Na;K;HCO3;Cl;SO4;NO3;F,0.95,0.40656965974059917,0.7275443445377366,rock,rock,freshening,salinization,oxic,oxic,-0.47463584372452394,0.1443309997706505,-0.17145136487873752,0.09624991002765987,94.12,residual_strongly_aligned;halite_na_cl_support;undersaturated_dissolution_support;salinity_increase_support
NGW-096,Birimian fractured basement aquifer,Birimian Supergroup,metavolcanic–metasedimentary rocks,Upper East Region,Bolgatanga,False,0.0,EC09,fluorite,trace_mineral,Ca;Mg;Na;K;HCO3;Cl;SO4;NO3;F,0.6799999999999999,0.6976763260710311,0.16839790145391587,rock,rock,freshening,salinization,oxic,oxic,-0.47463584372452394,0.1443309997706505,-0.17145136487873752,0.09624991002765987,94.12,gibbs_rock_support;fluorite_ca_f_support
NGW-096,Birimian fractured basement aquifer,Birimian Supergroup,metavolcanic–metasedimentary rocks,Upper East Region,Bolgatanga,True,0.033404197056146334,EC06,apatite,trace_mineral,Ca;Mg;Na;K;HCO3;Cl;SO4;NO3;F,0.6799999999999999,0.6976763260710311,0.3419990953904747,rock,rock,freshening,salinization,oxic,oxic,-0.47463584372452394,0.1443309997706505,-0.17145136487873752,0.09624991002765987,94.12,residual_weakly_aligned;gibbs_rock_support
NGW-096,Birimian fractured basement aquifer,Birimian Supergroup,metavolcanic–metasedimentary rocks,Upper East Region,Bolgatanga,False,0.0,EC13,pyrite_oxidation,redox,Ca;Mg;Na;K;HCO3;Cl;SO4;NO3;F,0.5,1.0,0.09312257104646111,rock,rock,freshening,salinization,oxic,oxic,-0.47463584372452394,0.1443309997706505,-0.17145136487873752,0.09624991002765987,94.12,
NGW-096,Birimian fractured basement aquifer,Birimian Supergroup,metavolcanic–metasedimentary rocks,Upper East Region,Bolgatanga,False,0.005496170634058416,EC03,NO3src,anthropogenic,Ca;Mg;Na;K;HCO3;Cl;SO4;NO3;F,0.6799999999999999,0.6976763260710311,0.0172638377713323,rock,rock,freshening,salinization,oxic,oxic,-0.47463584372452394,0.1443309997706505,-0.17145136487873752,0.09624991002765987,94.12,nitrate_increase_support
NGW-096,Birimian fractured basement aquifer,Birimian Supergroup,metavolcanic–metasedimentary rocks,Upper East Region,Bolgatanga,False,0.0,EC07,denit,redox,Ca;Mg;Na;K;HCO3;Cl;SO4;NO3;F,0.33999999999999997,1.3771277643359572,-0.03970394687158994,rock,rock,freshening,salinization,oxic,oxic,-0.47463584372452394,0.1443309997706505,-0.17145136487873752,0.09624991002765987,94.12,denitrification_no3_conflict
NGW-096,Birimian fractured basement aquifer,Birimian Supergroup,metavolcanic–metasedimentary rocks,Upper East Region,Bolgatanga,True,0.18627258135637995,EC01,CaNa_exch,ion_exchange,Ca;Mg;Na;K;HCO3;Cl;SO4;NO3;F,0.28,1.552707218511336,0.034166643285430495,rock,rock,freshening,salinization,oxic,oxic,-0.47463584372452394,0.1443309997706505,-0.17145136487873752,0.09624991002765987,94.12,cai_salinization_conflict
NGW-096,Birimian fractured basement aquifer,Birimian Supergroup,metavolcanic–metasedimentary rocks,Upper East Region,Bolgatanga,False,0.0,EC01,NaCa_exch,ion_exchange,Ca;Mg;Na;K;HCO3;Cl;SO4;NO3;F,0.72,0.6440364210831414,-0.034166643285430495,rock,rock,freshening,salinization,oxic,oxic,-0.47463584372452394,0.1443309997706505,-0.17145136487873752,0.09624991002765987,94.12,cai_salinization_support
NGW-096,Birimian fractured basement aquifer,Birimian Supergroup,metavolcanic–metasedimentary rocks,Upper East Region,Bolgatanga,True,0.2977463075386055,EC02,MgNa_exch,ion_exchange,Ca;Mg;Na;K;HCO3;Cl;SO4;NO3;F,0.28,1.552707218511336,-0.02169671328215311,rock,rock,freshening,salinization,oxic,oxic,-0.47463584372452394,0.1443309997706505,-0.17145136487873752,0.09624991002765987,94.12,cai_salinization_conflict
NGW-096,Birimian fractured basement aquifer,Birimian Supergroup,metavolcanic–metasedimentary rocks,Upper East Region,Bolgatanga,False,0.0,EC02,NaMg_exch,ion_exchange,Ca;Mg;Na;K;HCO3;Cl;SO4;NO3;F,0.72,0.6440364210831414,0.02169671328215311,rock,rock,freshening,salinization,oxic,oxic,-0.47463584372452394,0.1443309997706505,-0.17145136487873752,0.09624991002765987,94.12,cai_salinization_support
NGW-097,Birimian fractured basement aquifer,Birimian Supergroup,metavolcanic–metasedimentary rocks,Upper East Region,Bongo,True,0.12062619957171387,EC05,calcite,carbonate,Ca;Mg;Na;K;HCO3;Cl;SO4;NO3;F,0.8799999999999999,0.46766642700990935,0.4539691530752867,rock,rock,freshening,neutral,oxic,oxic,-0.4386896951300241,-0.0760042177590725,-0.17922698835644435,-0.043895329371689225,196.51999999999998,residual_weakly_aligned;gibbs_rock_support;carbonate_alkalinity_support;undersaturated_dissolution_support
NGW-097,Birimian fractured basement aquifer,Birimian Supergroup,metavolcanic–metasedimentary rocks,Upper East Region,Bongo,True,0.04405909549057843,EC08,dolomite,carbonate,Ca;Mg;Na;K;HCO3;Cl;SO4;NO3;F,0.8799999999999999,0.46766642700990935,0.4115917174782669,rock,rock,freshening,neutral,oxic,oxic,-0.4386896951300241,-0.0760042177590725,-0.17922698835644435,-0.043895329371689225,196.51999999999998,residual_weakly_aligned;gibbs_rock_support;carbonate_alkalinity_support;undersaturated_dissolution_support
NGW-097,Birimian fractured basement aquifer,Birimian Supergroup,metavolcanic–metasedimentary rocks,Upper East Region,Bongo,False,-0.0,EC04,albite,silicate,Ca;Mg;Na;K;HCO3;Cl;SO4;NO3;F,0.8799999999999999,0.46766642700990935,0.5761199982934233,rock,rock,freshening,neutral,oxic,oxic,-0.4386896951300241,-0.0760042177590725,-0.17922698835644435,-0.043895329371689225,196.51999999999998,residual_strongly_aligned;gibbs_rock_support;albite_na_alkalinity_support
NGW-097,Birimian fractured basement aquifer,Birimian Supergroup,metavolcanic–metasedimentary rocks,Upper East Region,Bongo,True,0.12062619957171387,EC05,anorthite,silicate,Ca;Mg;Na;K;HCO3;Cl;SO4;NO3;F,0.7799999999999999,0.571209063848815,0.4539691530752867,rock,rock,freshening,neutral,oxic,oxic,-0.4386896951300241,-0.0760042177590725,-0.17922698835644435,-0.043895329371689225,196.51999999999998,residual_weakly_aligned;gibbs_rock_support;carbonate_alkalinity_support
NGW-097,Birimian fractured basement aquifer,Birimian Supergroup,metavolcanic–metasedimentary rocks,Upper East Region,Bongo,True,0.07079996248650484,EC12,k_feldspar,silicate,Ca;Mg;Na;K;HCO3;Cl;SO4;NO3;F,0.7799999999999999,0.571209063848815,0.2776851342502142,rock,rock,freshening,neutral,oxic,oxic,-0.4386896951300241,-0.0760042177590725,-0.17922698835644435,-0.043895329371689225,196.51999999999998,residual_weakly_aligned;gibbs_rock_support;k_feldspar_k_alkalinity_support
NGW-097,Birimian fractured basement aquifer,Birimian Supergroup,metavolcanic–metasedimentary rocks,Upper East Region,Bongo,True,0.09377157273361614,EC10,gypsum,evaporite,Ca;Mg;Na;K;HCO3;Cl;SO4;NO3;F,0.88,0.46766642700990924,0.25431231351839106,rock,rock,freshening,neutral,oxic,oxic,-0.4386896951300241,-0.0760042177590725,-0.17922698835644435,-0.043895329371689225,196.51999999999998,residual_weakly_aligned;gypsum_ca_so4_support;undersaturated_dissolution_support;salinity_increase_support
NGW-097,Birimian fractured basement aquifer,Birimian Supergroup,metavolcanic–metasedimentary rocks,Upper East Region,Bongo,True,1.4215079806382673,EC11,halite,evaporite,Ca;Mg;Na;K;HCO3;Cl;SO4;NO3;F,0.95,0.40656965974059917,0.8224128892544162,rock,rock,freshening,neutral,oxic,oxic,-0.4386896951300241,-0.0760042177590725,-0.17922698835644435,-0.043895329371689225,196.51999999999998,residual_strongly_aligned;halite_na_cl_support;undersaturated_dissolution_support;salinity_increase_support
NGW-097,Birimian fractured basement aquifer,Birimian Supergroup,metavolcanic–metasedimentary rocks,Upper East Region,Bongo,False,0.008294351367224773,EC09,fluorite,trace_mineral,Ca;Mg;Na;K;HCO3;Cl;SO4;NO3;F,0.6799999999999999,0.6976763260710311,0.15420048644767492,rock,rock,freshening,neutral,oxic,oxic,-0.4386896951300241,-0.0760042177590725,-0.17922698835644435,-0.043895329371689225,196.51999999999998,gibbs_rock_support;fluorite_ca_f_support
NGW-097,Birimian fractured basement aquifer,Birimian Supergroup,metavolcanic–metasedimentary rocks,Upper East Region,Bongo,False,0.006848740751920303,EC06,apatite,trace_mineral,Ca;Mg;Na;K;HCO3;Cl;SO4;NO3;F,0.6799999999999999,0.6976763260710311,0.3073015186549181,rock,rock,freshening,neutral,oxic,oxic,-0.4386896951300241,-0.0760042177590725,-0.17922698835644435,-0.043895329371689225,196.51999999999998,residual_weakly_aligned;gibbs_rock_support
NGW-097,Birimian fractured basement aquifer,Birimian Supergroup,metavolcanic–metasedimentary rocks,Upper East Region,Bongo,False,0.0,EC13,pyrite_oxidation,redox,Ca;Mg;Na;K;HCO3;Cl;SO4;NO3;F,0.5,1.0,0.04975524391221922,rock,rock,freshening,neutral,oxic,oxic,-0.4386896951300241,-0.0760042177590725,-0.17922698835644435,-0.043895329371689225,196.51999999999998,
NGW-097,Birimian fractured basement aquifer,Birimian Supergroup,metavolcanic–metasedimentary rocks,Upper East Region,Bongo,True,0.5349038569099203,EC03,NO3src,anthropogenic,Ca;Mg;Na;K;HCO3;Cl;SO4;NO3;F,0.78,0.5712090638488149,0.2640207120879097,rock,rock,freshening,neutral,oxic,oxic,-0.4386896951300241,-0.0760042177590725,-0.17922698835644435,-0.043895329371689225,196.51999999999998,residual_weakly_aligned;nitrate_increase_support
NGW-097,Birimian fractured basement aquifer,Birimian Supergroup,metavolcanic–metasedimentary rocks,Upper East Region,Bongo,False,0.0,EC07,denit,redox,Ca;Mg;Na;K;HCO3;Cl;SO4;NO3;F,0.33999999999999997,1.3771277643359572,0.06263827032858749,rock,rock,freshening,neutral,oxic,oxic,-0.4386896951300241,-0.0760042177590725,-0.17922698835644435,-0.043895329371689225,196.51999999999998,denitrification_no3_conflict
NGW-097,Birimian fractured basement aquifer,Birimian Supergroup,metavolcanic–metasedimentary rocks,Upper East Region,Bongo,True,0.21493532198287302,EC01,CaNa_exch,ion_exchange,Ca;Mg;Na;K;HCO3;Cl;SO4;NO3;F,0.32,1.4333294145603401,-0.27477140699652836,rock,rock,freshening,neutral,oxic,oxic,-0.4386896951300241,-0.0760042177590725,-0.17922698835644435,-0.043895329371689225,196.51999999999998,residual_opposed
NGW-097,Birimian fractured basement aquifer,Birimian Supergroup,metavolcanic–metasedimentary rocks,Upper East Region,Bongo,False,0.0,EC01,NaCa_exch,ion_exchange,Ca;Mg;Na;K;HCO3;Cl;SO4;NO3;F,0.6,0.8187307530779819,0.27477140699652836,rock,rock,freshening,neutral,oxic,oxic,-0.4386896951300241,-0.0760042177590725,-0.17922698835644435,-0.043895329371689225,196.51999999999998,residual_weakly_aligned
NGW-097,Birimian fractured basement aquifer,Birimian Supergroup,metavolcanic–metasedimentary rocks,Upper East Region,Bongo,False,0.0,EC02,MgNa_exch,ion_exchange,Ca;Mg;Na;K;HCO3;Cl;SO4;NO3;F,0.32,1.4333294145603401,-0.40176933717198676,rock,rock,freshening,neutral,oxic,oxic,-0.4386896951300241,-0.0760042177590725,-0.17922698835644435,-0.043895329371689225,196.51999999999998,residual_opposed
NGW-097,Birimian fractured basement aquifer,Birimian Supergroup,metavolcanic–metasedimentary rocks,Upper East Region,Bongo,False,0.0,EC02,NaMg_exch,ion_exchange,Ca;Mg;Na;K;HCO3;Cl;SO4;NO3;F,0.6,0.8187307530779819,0.40176933717198676,rock,rock,freshening,neutral,oxic,oxic,-0.4386896951300241,-0.0760042177590725,-0.17922698835644435,-0.043895329371689225,196.51999999999998,residual_weakly_aligned
NGW-098,Granitoid fractured basement aquifer,Paleoproterozoic granitoid complex,granitoid saprolite,Upper East Region,Navrongo,False,0.0,EC05,calcite,carbonate,Ca;Mg;Na;K;HCO3;Cl;SO4;NO3;F,0.8799999999999999,0.46766642700990935,0.5350040207803637,rock,rock,neutral,neutral,oxic,oxic,-0.06843994145229497,-0.03505166248061767,-0.03854541272571455,-0.02331093658427678,185.95000000000005,residual_weakly_aligned;gibbs_rock_support;carbonate_alkalinity_support;undersaturated_dissolution_support
NGW-098,Granitoid fractured basement aquifer,Paleoproterozoic granitoid complex,granitoid saprolite,Upper East Region,Navrongo,True,0.28026687355714414,EC08,dolomite,carbonate,Ca;Mg;Na;K;HCO3;Cl;SO4;NO3;F,0.95,0.40656965974059917,0.5867233012323757,rock,rock,neutral,neutral,oxic,oxic,-0.06843994145229497,-0.03505166248061767,-0.03854541272571455,-0.02331093658427678,185.95000000000005,residual_strongly_aligned;gibbs_rock_support;carbonate_alkalinity_support;undersaturated_dissolution_support
NGW-098,Granitoid fractured basement aquifer,Paleoproterozoic granitoid complex,granitoid saprolite,Upper East Region,Navrongo,False,0.0,EC04,albite,silicate,Ca;Mg;Na;K;HCO3;Cl;SO4;NO3;F,0.8799999999999999,0.46766642700990935,0.7574772706545855,rock,rock,neutral,neutral,oxic,oxic,-0.06843994145229497,-0.03505166248061767,-0.03854541272571455,-0.02331093658427678,185.95000000000005,residual_strongly_aligned;gibbs_rock_support;albite_na_alkalinity_support
NGW-098,Granitoid fractured basement aquifer,Paleoproterozoic granitoid complex,granitoid saprolite,Upper East Region,Navrongo,False,0.0,EC05,anorthite,silicate,Ca;Mg;Na;K;HCO3;Cl;SO4;NO3;F,0.7799999999999999,0.571209063848815,0.5350040207803637,rock,rock,neutral,neutral,oxic,oxic,-0.06843994145229497,-0.03505166248061767,-0.03854541272571455,-0.02331093658427678,185.95000000000005,residual_weakly_aligned;gibbs_rock_support;carbonate_alkalinity_support
NGW-098,Granitoid fractured basement aquifer,Paleoproterozoic granitoid complex,granitoid saprolite,Upper East Region,Navrongo,False,0.014404006042434192,EC12,k_feldspar,silicate,Ca;Mg;Na;K;HCO3;Cl;SO4;NO3;F,0.7799999999999999,0.571209063848815,0.38478925449502926,rock,rock,neutral,neutral,oxic,oxic,-0.06843994145229497,-0.03505166248061767,-0.03854541272571455,-0.02331093658427678,185.95000000000005,residual_weakly_aligned;gibbs_rock_support;k_feldspar_k_alkalinity_support
NGW-098,Granitoid fractured basement aquifer,Paleoproterozoic granitoid complex,granitoid saprolite,Upper East Region,Navrongo,True,0.0492649746813026,EC10,gypsum,evaporite,Ca;Mg;Na;K;HCO3;Cl;SO4;NO3;F,0.78,0.5712090638488149,0.12713505480366372,rock,rock,neutral,neutral,oxic,oxic,-0.06843994145229497,-0.03505166248061767,-0.03854541272571455,-0.02331093658427678,185.95000000000005,gypsum_ca_so4_support;undersaturated_dissolution_support;salinity_increase_support
NGW-098,Granitoid fractured basement aquifer,Paleoproterozoic granitoid complex,granitoid saprolite,Upper East Region,Navrongo,True,1.2408968393082649,EC11,halite,evaporite,Ca;Mg;Na;K;HCO3;Cl;SO4;NO3;F,0.95,0.40656965974059917,0.7962815687500139,rock,rock,neutral,neutral,oxic,oxic,-0.06843994145229497,-0.03505166248061767,-0.03854541272571455,-0.02331093658427678,185.95000000000005,residual_strongly_aligned;halite_na_cl_support;undersaturated_dissolution_support;salinity_increase_support
NGW-098,Granitoid fractured basement aquifer,Paleoproterozoic granitoid complex,granitoid saprolite,Upper East Region,Navrongo,False,0.008552809936366982,EC09,fluorite,trace_mineral,Ca;Mg;Na;K;HCO3;Cl;SO4;NO3;F,0.6799999999999999,0.6976763260710311,0.08696192902557748,rock,rock,neutral,neutral,oxic,oxic,-0.06843994145229497,-0.03505166248061767,-0.03854541272571455,-0.02331093658427678,185.95000000000005,gibbs_rock_support;fluorite_ca_f_support
NGW-098,Granitoid fractured basement aquifer,Paleoproterozoic granitoid complex,granitoid saprolite,Upper East Region,Navrongo,False,0.015388801713460687,EC06,apatite,trace_mineral,Ca;Mg;Na;K;HCO3;Cl;SO4;NO3;F,0.58,0.8521437889662115,0.1533389548179484,rock,rock,neutral,neutral,oxic,oxic,-0.06843994145229497,-0.03505166248061767,-0.03854541272571455,-0.02331093658427678,185.95000000000005,gibbs_rock_support
NGW-098,Granitoid fractured basement aquifer,Paleoproterozoic granitoid complex,granitoid saprolite,Upper East Region,Navrongo,False,0.0,EC13,pyrite_oxidation,redox,Ca;Mg;Na;K;HCO3;Cl;SO4;NO3;F,0.5,1.0,0.027651245326879147,rock,rock,neutral,neutral,oxic,oxic,-0.06843994145229497,-0.03505166248061767,-0.03854541272571455,-0.02331093658427678,185.95000000000005,
NGW-098,Granitoid fractured basement aquifer,Paleoproterozoic granitoid complex,granitoid saprolite,Upper East Region,Navrongo,True,0.1504052766380303,EC03,NO3src,anthropogenic,Ca;Mg;Na;K;HCO3;Cl;SO4;NO3;F,0.6799999999999999,0.6976763260710311,0.07897129991664786,rock,rock,neutral,neutral,oxic,oxic,-0.06843994145229497,-0.03505166248061767,-0.03854541272571455,-0.02331093658427678,185.95000000000005,nitrate_increase_support
NGW-098,Granitoid fractured basement aquifer,Paleoproterozoic granitoid complex,granitoid saprolite,Upper East Region,Navrongo,False,0.0,EC07,denit,redox,Ca;Mg;Na;K;HCO3;Cl;SO4;NO3;F,0.43999999999999995,1.1274968515793757,0.3133253382009351,rock,rock,neutral,neutral,oxic,oxic,-0.06843994145229497,-0.03505166248061767,-0.03854541272571455,-0.02331093658427678,185.95000000000005,residual_weakly_aligned;denitrification_no3_conflict
NGW-098,Granitoid fractured basement aquifer,Paleoproterozoic granitoid complex,granitoid saprolite,Upper East Region,Navrongo,False,0.0,EC01,CaNa_exch,ion_exchange,Ca;Mg;Na;K;HCO3;Cl;SO4;NO3;F,0.32,1.4333294145603401,-0.4231373596501616,rock,rock,neutral,neutral,oxic,oxic,-0.06843994145229497,-0.03505166248061767,-0.03854541272571455,-0.02331093658427678,185.95000000000005,residual_opposed
NGW-098,Granitoid fractured basement aquifer,Paleoproterozoic granitoid complex,granitoid saprolite,Upper East Region,Navrongo,True,0.1035717162186981,EC01,NaCa_exch,ion_exchange,Ca;Mg;Na;K;HCO3;Cl;SO4;NO3;F,0.6,0.8187307530779819,0.4231373596501616,rock,rock,neutral,neutral,oxic,oxic,-0.06843994145229497,-0.03505166248061767,-0.03854541272571455,-0.02331093658427678,185.95000000000005,residual_weakly_aligned
NGW-098,Granitoid fractured basement aquifer,Paleoproterozoic granitoid complex,granitoid saprolite,Upper East Region,Navrongo,True,0.14579248532591854,EC02,MgNa_exch,ion_exchange,Ca;Mg;Na;K;HCO3;Cl;SO4;NO3;F,0.32,1.4333294145603401,-0.3799162082984584,rock,rock,neutral,neutral,oxic,oxic,-0.06843994145229497,-0.03505166248061767,-0.03854541272571455,-0.02331093658427678,185.95000000000005,residual_opposed
NGW-098,Granitoid fractured basement aquifer,Paleoproterozoic granitoid complex,granitoid saprolite,Upper East Region,Navrongo,False,0.0,EC02,NaMg_exch,ion_exchange,Ca;Mg;Na;K;HCO3;Cl;SO4;NO3;F,0.6,0.8187307530779819,0.3799162082984584,rock,rock,neutral,neutral,oxic,oxic,-0.06843994145229497,-0.03505166248061767,-0.03854541272571455,-0.02331093658427678,185.95000000000005,residual_weakly_aligned
NGW-099,Regolith/alluvial shallow aquifer,Quaternary regolith/alluvium,weathered regolith,Upper East Region,Bawku,False,0.0,EC05,calcite,carbonate,Ca;Mg;Na;K;HCO3;Cl;SO4;NO3;F,0.95,0.40656965974059917,0.6571856816984927,rock,rock,freshening,freshening,oxic,oxic,-0.38017329500937763,-0.1670718832027462,-0.16673201823112258,-0.0792934042832566,166.01000000000005,residual_strongly_aligned;gibbs_rock_support;carbonate_alkalinity_support;undersaturated_dissolution_support
NGW-099,Regolith/alluvial shallow aquifer,Quaternary regolith/alluvium,weathered regolith,Upper East Region,Bawku,True,0.21162721219778483,EC08,dolomite,carbonate,Ca;Mg;Na;K;HCO3;Cl;SO4;NO3;F,0.95,0.40656965974059917,0.6784805153120326,rock,rock,freshening,freshening,oxic,oxic,-0.38017329500937763,-0.1670718832027462,-0.16673201823112258,-0.0792934042832566,166.01000000000005,residual_strongly_aligned;gibbs_rock_support;carbonate_alkalinity_support;undersaturated_dissolution_support
NGW-099,Regolith/alluvial shallow aquifer,Quaternary regolith/alluvium,weathered regolith,Upper East Region,Bawku,False,0.0,EC04,albite,silicate,Ca;Mg;Na;K;HCO3;Cl;SO4;NO3;F,0.8799999999999999,0.46766642700990935,0.6771005821123504,rock,rock,freshening,freshening,oxic,oxic,-0.38017329500937763,-0.1670718832027462,-0.16673201823112258,-0.0792934042832566,166.01000000000005,residual_strongly_aligned;gibbs_rock_support;albite_na_alkalinity_support
NGW-099,Regolith/alluvial shallow aquifer,Quaternary regolith/alluvium,weathered regolith,Upper East Region,Bawku,False,0.0,EC05,anorthite,silicate,Ca;Mg;Na;K;HCO3;Cl;SO4;NO3;F,0.8799999999999999,0.46766642700990935,0.6571856816984927,rock,rock,freshening,freshening,oxic,oxic,-0.38017329500937763,-0.1670718832027462,-0.16673201823112258,-0.0792934042832566,166.01000000000005,residual_strongly_aligned;gibbs_rock_support;carbonate_alkalinity_support
NGW-099,Regolith/alluvial shallow aquifer,Quaternary regolith/alluvium,weathered regolith,Upper East Region,Bawku,True,0.03731501849883083,EC12,k_feldspar,silicate,Ca;Mg;Na;K;HCO3;Cl;SO4;NO3;F,0.7799999999999999,0.571209063848815,0.4314586922102417,rock,rock,freshening,freshening,oxic,oxic,-0.38017329500937763,-0.1670718832027462,-0.16673201823112258,-0.0792934042832566,166.01000000000005,residual_weakly_aligned;gibbs_rock_support;k_feldspar_k_alkalinity_support
NGW-099,Regolith/alluvial shallow aquifer,Quaternary regolith/alluvium,weathered regolith,Upper East Region,Bawku,True,0.22511638065957007,EC10,gypsum,evaporite,Ca;Mg;Na;K;HCO3;Cl;SO4;NO3;F,0.88,0.46766642700990924,0.3459022132252902,rock,rock,freshening,freshening,oxic,oxic,-0.38017329500937763,-0.1670718832027462,-0.16673201823112258,-0.0792934042832566,166.01000000000005,residual_weakly_aligned;gypsum_ca_so4_support;undersaturated_dissolution_support;salinity_increase_support
NGW-099,Regolith/alluvial shallow aquifer,Quaternary regolith/alluvium,weathered regolith,Upper East Region,Bawku,True,0.8319703028676642,EC11,halite,evaporite,Ca;Mg;Na;K;HCO3;Cl;SO4;NO3;F,0.95,0.40656965974059917,0.660380375251935,rock,rock,freshening,freshening,oxic,oxic,-0.38017329500937763,-0.1670718832027462,-0.16673201823112258,-0.0792934042832566,166.01000000000005,residual_strongly_aligned;halite_na_cl_support;undersaturated_dissolution_support;salinity_increase_support
NGW-099,Regolith/alluvial shallow aquifer,Quaternary regolith/alluvium,weathered regolith,Upper East Region,Bawku,False,-0.0,EC09,fluorite,trace_mineral,Ca;Mg;Na;K;HCO3;Cl;SO4;NO3;F,0.58,0.8521437889662115,0.14608272272752812,rock,rock,freshening,freshening,oxic,oxic,-0.38017329500937763,-0.1670718832027462,-0.16673201823112258,-0.0792934042832566,166.01000000000005,gibbs_rock_support
NGW-099,Regolith/alluvial shallow aquifer,Quaternary regolith/alluvium,weathered regolith,Upper East Region,Bawku,False,0.013819992509814165,EC06,apatite,trace_mineral,Ca;Mg;Na;K;HCO3;Cl;SO4;NO3;F,0.6799999999999999,0.6976763260710311,0.3334423118326622,rock,rock,freshening,freshening,oxic,oxic,-0.38017329500937763,-0.1670718832027462,-0.16673201823112258,-0.0792934042832566,166.01000000000005,residual_weakly_aligned;gibbs_rock_support
NGW-099,Regolith/alluvial shallow aquifer,Quaternary regolith/alluvium,weathered regolith,Upper East Region,Bawku,False,0.0,EC13,pyrite_oxidation,redox,Ca;Mg;Na;K;HCO3;Cl;SO4;NO3;F,0.5,1.0,0.14764551108391308,rock,rock,freshening,freshening,oxic,oxic,-0.38017329500937763,-0.1670718832027462,-0.16673201823112258,-0.0792934042832566,166.01000000000005,
NGW-099,Regolith/alluvial shallow aquifer,Quaternary regolith/alluvium,weathered regolith,Upper East Region,Bawku,True,0.17255085429976863,EC03,NO3src,anthropogenic,Ca;Mg;Na;K;HCO3;Cl;SO4;NO3;F,0.6799999999999999,0.6976763260710311,0.12416274438303936,rock,rock,freshening,freshening,oxic,oxic,-0.38017329500937763,-0.1670718832027462,-0.16673201823112258,-0.0792934042832566,166.01000000000005,nitrate_increase_support
NGW-099,Regolith/alluvial shallow aquifer,Quaternary regolith/alluvium,weathered regolith,Upper East Region,Bawku,False,0.0,EC07,denit,redox,Ca;Mg;Na;K;HCO3;Cl;SO4;NO3;F,0.43999999999999995,1.1274968515793757,0.3110040458673878,rock,rock,freshening,freshening,oxic,oxic,-0.38017329500937763,-0.1670718832027462,-0.16673201823112258,-0.0792934042832566,166.01000000000005,residual_weakly_aligned;denitrification_no3_conflict
NGW-099,Regolith/alluvial shallow aquifer,Quaternary regolith/alluvium,weathered regolith,Upper East Region,Bawku,False,0.0,EC01,CaNa_exch,ion_exchange,Ca;Mg;Na;K;HCO3;Cl;SO4;NO3;F,0.72,0.6440364210831414,-0.19928633610186364,rock,rock,freshening,freshening,oxic,oxic,-0.38017329500937763,-0.1670718832027462,-0.16673201823112258,-0.0792934042832566,166.01000000000005,cai_freshening_support
NGW-099,Regolith/alluvial shallow aquifer,Quaternary regolith/alluvium,weathered regolith,Upper East Region,Bawku,False,0.0,EC01,NaCa_exch,ion_exchange,Ca;Mg;Na;K;HCO3;Cl;SO4;NO3;F,0.28,1.552707218511336,0.19928633610186364,rock,rock,freshening,freshening,oxic,oxic,-0.38017329500937763,-0.1670718832027462,-0.16673201823112258,-0.0792934042832566,166.01000000000005,cai_freshening_conflict
NGW-099,Regolith/alluvial shallow aquifer,Quaternary regolith/alluvium,weathered regolith,Upper East Region,Bawku,True,0.12348701932098284,EC02,MgNa_exch,ion_exchange,Ca;Mg;Na;K;HCO3;Cl;SO4;NO3;F,0.72,0.6440364210831414,-0.22633143364038685,rock,rock,freshening,freshening,oxic,oxic,-0.38017329500937763,-0.1670718832027462,-0.16673201823112258,-0.0792934042832566,166.01000000000005,cai_freshening_support
NGW-099,Regolith/alluvial shallow aquifer,Quaternary regolith/alluvium,weathered regolith,Upper East Region,Bawku,False,0.0,EC02,NaMg_exch,ion_exchange,Ca;Mg;Na;K;HCO3;Cl;SO4;NO3;F,0.28,1.552707218511336,0.22633143364038685,rock,rock,freshening,freshening,oxic,oxic,-0.38017329500937763,-0.1670718832027462,-0.16673201823112258,-0.0792934042832566,166.01000000000005,cai_freshening_conflict
NGW-100,Regolith/alluvial shallow aquifer,Quaternary regolith/alluvium,weathered regolith,Upper East Region,Garu,False,0.0,EC05,calcite,carbonate,Ca;Mg;Na;K;HCO3;Cl;SO4;NO3;F,0.8799999999999999,0.46766642700990935,0.4726362159039729,rock,rock,neutral,neutral,oxic,oxic,-0.12480494098804246,-0.057069895224890865,-0.046020446859048825,-0.02787508603859043,136.46000000000004,residual_weakly_aligned;gibbs_rock_support;carbonate_alkalinity_support;undersaturated_dissolution_support
NGW-100,Regolith/alluvial shallow aquifer,Quaternary regolith/alluvium,weathered regolith,Upper East Region,Garu,True,0.1736844566600353,EC08,dolomite,carbonate,Ca;Mg;Na;K;HCO3;Cl;SO4;NO3;F,0.8799999999999999,0.46766642700990935,0.5052264084211752,rock,rock,neutral,neutral,oxic,oxic,-0.12480494098804246,-0.057069895224890865,-0.046020446859048825,-0.02787508603859043,136.46000000000004,residual_weakly_aligned;gibbs_rock_support;carbonate_alkalinity_support;undersaturated_dissolution_support
NGW-100,Regolith/alluvial shallow aquifer,Quaternary regolith/alluvium,weathered regolith,Upper East Region,Garu,False,0.0,EC04,albite,silicate,Ca;Mg;Na;K;HCO3;Cl;SO4;NO3;F,0.8799999999999999,0.46766642700990935,0.7356668911226047,rock,rock,neutral,neutral,oxic,oxic,-0.12480494098804246,-0.057069895224890865,-0.046020446859048825,-0.02787508603859043,136.46000000000004,residual_strongly_aligned;gibbs_rock_support;albite_na_alkalinity_support
NGW-100,Regolith/alluvial shallow aquifer,Quaternary regolith/alluvium,weathered regolith,Upper East Region,Garu,False,0.0,EC05,anorthite,silicate,Ca;Mg;Na;K;HCO3;Cl;SO4;NO3;F,0.7799999999999999,0.571209063848815,0.4726362159039729,rock,rock,neutral,neutral,oxic,oxic,-0.12480494098804246,-0.057069895224890865,-0.046020446859048825,-0.02787508603859043,136.46000000000004,residual_weakly_aligned;gibbs_rock_support;carbonate_alkalinity_support
NGW-100,Regolith/alluvial shallow aquifer,Quaternary regolith/alluvium,weathered regolith,Upper East Region,Garu,False,0.021905726257130668,EC12,k_feldspar,silicate,Ca;Mg;Na;K;HCO3;Cl;SO4;NO3;F,0.7799999999999999,0.571209063848815,0.349131793537183,rock,rock,neutral,neutral,oxic,oxic,-0.12480494098804246,-0.057069895224890865,-0.046020446859048825,-0.02787508603859043,136.46000000000004,residual_weakly_aligned;gibbs_rock_support;k_feldspar_k_alkalinity_support
NGW-100,Regolith/alluvial shallow aquifer,Quaternary regolith/alluvium,weathered regolith,Upper East Region,Garu,False,0.0011539674888086603,EC10,gypsum,evaporite,Ca;Mg;Na;K;HCO3;Cl;SO4;NO3;F,0.78,0.5712090638488149,0.10323591341777559,rock,rock,neutral,neutral,oxic,oxic,-0.12480494098804246,-0.057069895224890865,-0.046020446859048825,-0.02787508603859043,136.46000000000004,gypsum_ca_so4_support;undersaturated_dissolution_support;salinity_increase_support
NGW-100,Regolith/alluvial shallow aquifer,Quaternary regolith/alluvium,weathered regolith,Upper East Region,Garu,True,0.9156135473056032,EC11,halite,evaporite,Ca;Mg;Na;K;HCO3;Cl;SO4;NO3;F,0.95,0.40656965974059917,0.8381548999139086,rock,rock,neutral,neutral,oxic,oxic,-0.12480494098804246,-0.057069895224890865,-0.046020446859048825,-0.02787508603859043,136.46000000000004,residual_strongly_aligned;halite_na_cl_support;undersaturated_dissolution_support;salinity_increase_support
NGW-100,Regolith/alluvial shallow aquifer,Quaternary regolith/alluvium,weathered regolith,Upper East Region,Garu,False,0.0,EC09,fluorite,trace_mineral,Ca;Mg;Na;K;HCO3;Cl;SO4;NO3;F,0.6799999999999999,0.6976763260710311,0.05752133703933159,rock,rock,neutral,neutral,oxic,oxic,-0.12480494098804246,-0.057069895224890865,-0.046020446859048825,-0.02787508603859043,136.46000000000004,gibbs_rock_support;fluorite_ca_f_support
NGW-100,Regolith/alluvial shallow aquifer,Quaternary regolith/alluvium,weathered regolith,Upper East Region,Garu,False,0.0,EC06,apatite,trace_mineral,Ca;Mg;Na;K;HCO3;Cl;SO4;NO3;F,0.58,0.8521437889662115,0.11655161590792859,rock,rock,neutral,neutral,oxic,oxic,-0.12480494098804246,-0.057069895224890865,-0.046020446859048825,-0.02787508603859043,136.46000000000004,gibbs_rock_support
NGW-100,Regolith/alluvial shallow aquifer,Quaternary regolith/alluvium,weathered regolith,Upper East Region,Garu,False,0.01137282630352691,EC13,pyrite_oxidation,redox,Ca;Mg;Na;K;HCO3;Cl;SO4;NO3;F,0.5,1.0,0.028222483553395464,rock,rock,neutral,neutral,oxic,oxic,-0.12480494098804246,-0.057069895224890865,-0.046020446859048825,-0.02787508603859043,136.46000000000004,
NGW-100,Regolith/alluvial shallow aquifer,Quaternary regolith/alluvium,weathered regolith,Upper East Region,Garu,True,0.2855253954149889,EC03,NO3src,anthropogenic,Ca;Mg;Na;K;HCO3;Cl;SO4;NO3;F,0.6799999999999999,0.6976763260710311,0.19753325321648285,rock,rock,neutral,neutral,oxic,oxic,-0.12480494098804246,-0.057069895224890865,-0.046020446859048825,-0.02787508603859043,136.46000000000004,nitrate_increase_support
NGW-100,Regolith/alluvial shallow aquifer,Quaternary regolith/alluvium,weathered regolith,Upper East Region,Garu,False,0.0,EC07,denit,redox,Ca;Mg;Na;K;HCO3;Cl;SO4;NO3;F,0.33999999999999997,1.3771277643359572,0.1923348319180768,rock,rock,neutral,neutral,oxic,oxic,-0.12480494098804246,-0.057069895224890865,-0.046020446859048825,-0.02787508603859043,136.46000000000004,denitrification_no3_conflict
NGW-100,Regolith/alluvial shallow aquifer,Quaternary regolith/alluvium,weathered regolith,Upper East Region,Garu,False,0.0,EC01,CaNa_exch,ion_exchange,Ca;Mg;Na;K;HCO3;Cl;SO4;NO3;F,0.32,1.4333294145603401,-0.45791697414504157,rock,rock,neutral,neutral,oxic,oxic,-0.12480494098804246,-0.057069895224890865,-0.046020446859048825,-0.02787508603859043,136.46000000000004,residual_opposed
NGW-100,Regolith/alluvial shallow aquifer,Quaternary regolith/alluvium,weathered regolith,Upper East Region,Garu,False,0.0,EC01,NaCa_exch,ion_exchange,Ca;Mg;Na;K;HCO3;Cl;SO4;NO3;F,0.6,0.8187307530779819,0.45791697414504157,rock,rock,neutral,neutral,oxic,oxic,-0.12480494098804246,-0.057069895224890865,-0.046020446859048825,-0.02787508603859043,136.46000000000004,residual_weakly_aligned
NGW-100,Regolith/alluvial shallow aquifer,Quaternary regolith/alluvium,weathered regolith,Upper East Region,Garu,False,0.01383241081047705,EC02,MgNa_exch,ion_exchange,Ca;Mg;Na;K;HCO3;Cl;SO4;NO3;F,0.32,1.4333294145603401,-0.4445896951465547,rock,rock,neutral,neutral,oxic,oxic,-0.12480494098804246,-0.057069895224890865,-0.046020446859048825,-0.02787508603859043,136.46000000000004,residual_opposed
NGW-100,Regolith/alluvial shallow aquifer,Quaternary regolith/alluvium,weathered regolith,Upper East Region,Garu,False,0.0,EC02,NaMg_exch,ion_exchange,Ca;Mg;Na;K;HCO3;Cl;SO4;NO3;F,0.6,0.8187307530779819,0.4445896951465547,rock,rock,neutral,neutral,oxic,oxic,-0.12480494098804246,-0.057069895224890865,-0.046020446859048825,-0.02787508603859043,136.46000000000004,residual_weakly_aligned
NGW-101,Birimian fractured basement aquifer,Birimian Supergroup,greenstone belt fracture network,Upper East Region,Paga,True,0.16832923991209947,EC05,calcite,carbonate,Ca;Mg;Na;K;HCO3;Cl;SO4;NO3;F,0.95,0.40656965974059917,0.7590018655657979,rock,rock,freshening,salinization,oxic,oxic,-0.6060543129991652,0.15583368706334333,-0.2144407957797195,0.07250895273986525,166.84999999999997,residual_strongly_aligned;gibbs_rock_support;carbonate_alkalinity_support;undersaturated_dissolution_support
NGW-101,Birimian fractured basement aquifer,Birimian Supergroup,greenstone belt fracture network,Upper East Region,Paga,True,0.0784365692434228,EC08,dolomite,carbonate,Ca;Mg;Na;K;HCO3;Cl;SO4;NO3;F,0.8799999999999999,0.46766642700990935,0.709393680234736,rock,rock,freshening,salinization,oxic,oxic,-0.6060543129991652,0.15583368706334333,-0.2144407957797195,0.07250895273986525,166.84999999999997,residual_strongly_aligned;gibbs_rock_support;carbonate_alkalinity_support
NGW-101,Birimian fractured basement aquifer,Birimian Supergroup,greenstone belt fracture network,Upper East Region,Paga,False,-0.0,EC04,albite,silicate,Ca;Mg;Na;K;HCO3;Cl;SO4;NO3;F,0.6799999999999999,0.6976763260710311,0.40703402054100896,rock,rock,freshening,salinization,oxic,oxic,-0.6060543129991652,0.15583368706334333,-0.2144407957797195,0.07250895273986525,166.84999999999997,residual_weakly_aligned;gibbs_rock_support
NGW-101,Birimian fractured basement aquifer,Birimian Supergroup,greenstone belt fracture network,Upper East Region,Paga,True,0.16832923991209947,EC05,anorthite,silicate,Ca;Mg;Na;K;HCO3;Cl;SO4;NO3;F,0.8799999999999999,0.46766642700990935,0.7590018655657979,rock,rock,freshening,salinization,oxic,oxic,-0.6060543129991652,0.15583368706334333,-0.2144407957797195,0.07250895273986525,166.84999999999997,residual_strongly_aligned;gibbs_rock_support;carbonate_alkalinity_support
NGW-101,Birimian fractured basement aquifer,Birimian Supergroup,greenstone belt fracture network,Upper East Region,Paga,True,0.04094431460620083,EC12,k_feldspar,silicate,Ca;Mg;Na;K;HCO3;Cl;SO4;NO3;F,0.7799999999999999,0.571209063848815,0.4398221023876311,rock,rock,freshening,salinization,oxic,oxic,-0.6060543129991652,0.15583368706334333,-0.2144407957797195,0.07250895273986525,166.84999999999997,residual_weakly_aligned;gibbs_rock_support;k_feldspar_k_alkalinity_support
NGW-101,Birimian fractured basement aquifer,Birimian Supergroup,greenstone belt fracture network,Upper East Region,Paga,True,0.10297866268920335,EC10,gypsum,evaporite,Ca;Mg;Na;K;HCO3;Cl;SO4;NO3;F,0.88,0.46766642700990924,0.43540360312569576,rock,rock,freshening,salinization,oxic,oxic,-0.6060543129991652,0.15583368706334333,-0.2144407957797195,0.07250895273986525,166.84999999999997,residual_weakly_aligned;gypsum_ca_so4_support;undersaturated_dissolution_support;salinity_increase_support
NGW-101,Birimian fractured basement aquifer,Birimian Supergroup,greenstone belt fracture network,Upper East Region,Paga,True,0.9953302180813995,EC11,halite,evaporite,Ca;Mg;Na;K;HCO3;Cl;SO4;NO3;F,0.74,0.6187833918061408,0.41013527553436546,rock,rock,freshening,salinization,oxic,oxic,-0.6060543129991652,0.15583368706334333,-0.2144407957797195,0.07250895273986525,166.84999999999997,residual_weakly_aligned;undersaturated_dissolution_support;salinity_increase_support
NGW-101,Birimian fractured basement aquifer,Birimian Supergroup,greenstone belt fracture network,Upper East Region,Paga,False,0.007443401151404957,EC09,fluorite,trace_mineral,Ca;Mg;Na;K;HCO3;Cl;SO4;NO3;F,0.6799999999999999,0.6976763260710311,0.24436618653136283,rock,rock,freshening,salinization,oxic,oxic,-0.6060543129991652,0.15583368706334333,-0.2144407957797195,0.07250895273986525,166.84999999999997,gibbs_rock_support;fluorite_ca_f_support
NGW-101,Birimian fractured basement aquifer,Birimian Supergroup,greenstone belt fracture network,Upper East Region,Paga,False,0.0,EC06,apatite,trace_mineral,Ca;Mg;Na;K;HCO3;Cl;SO4;NO3;F,0.6799999999999999,0.6976763260710311,0.5031591300967967,rock,rock,freshening,salinization,oxic,oxic,-0.6060543129991652,0.15583368706334333,-0.2144407957797195,0.07250895273986525,166.84999999999997,residual_weakly_aligned;gibbs_rock_support
NGW-101,Birimian fractured basement aquifer,Birimian Supergroup,greenstone belt fracture network,Upper East Region,Paga,True,0.03225464169114977,EC13,pyrite_oxidation,redox,Ca;Mg;Na;K;HCO3;Cl;SO4;NO3;F,0.5,1.0,0.10632956496587671,rock,rock,freshening,salinization,oxic,oxic,-0.6060543129991652,0.15583368706334333,-0.2144407957797195,0.07250895273986525,166.84999999999997,
NGW-101,Birimian fractured basement aquifer,Birimian Supergroup,greenstone belt fracture network,Upper East Region,Paga,True,0.049145425155742335,EC03,NO3src,anthropogenic,Ca;Mg;Na;K;HCO3;Cl;SO4;NO3;F,0.6799999999999999,0.6976763260710311,0.03921688669659823,rock,rock,freshening,salinization,oxic,oxic,-0.6060543129991652,0.15583368706334333,-0.2144407957797195,0.07250895273986525,166.84999999999997,nitrate_increase_support
NGW-101,Birimian fractured basement aquifer,Birimian Supergroup,greenstone belt fracture network,Upper East Region,Paga,False,0.0,EC07,denit,redox,Ca;Mg;Na;K;HCO3;Cl;SO4;NO3;F,0.43999999999999995,1.1274968515793757,0.39220451100716813,rock,rock,freshening,salinization,oxic,oxic,-0.6060543129991652,0.15583368706334333,-0.2144407957797195,0.07250895273986525,166.84999999999997,residual_weakly_aligned;denitrification_no3_conflict
NGW-101,Birimian fractured basement aquifer,Birimian Supergroup,greenstone belt fracture network,Upper East Region,Paga,True,0.36427596732136974,EC01,CaNa_exch,ion_exchange,Ca;Mg;Na;K;HCO3;Cl;SO4;NO3;F,0.28,1.552707218511336,0.24414002953165803,rock,rock,freshening,salinization,oxic,oxic,-0.6060543129991652,0.15583368706334333,-0.2144407957797195,0.07250895273986525,166.84999999999997,cai_salinization_conflict
NGW-101,Birimian fractured basement aquifer,Birimian Supergroup,greenstone belt fracture network,Upper East Region,Paga,False,0.0,EC01,NaCa_exch,ion_exchange,Ca;Mg;Na;K;HCO3;Cl;SO4;NO3;F,0.72,0.6440364210831414,-0.24414002953165803,rock,rock,freshening,salinization,oxic,oxic,-0.6060543129991652,0.15583368706334333,-0.2144407957797195,0.07250895273986525,166.84999999999997,cai_salinization_support
NGW-101,Birimian fractured basement aquifer,Birimian Supergroup,greenstone belt fracture network,Upper East Region,Paga,True,0.13837959391259694,EC02,MgNa_exch,ion_exchange,Ca;Mg;Na;K;HCO3;Cl;SO4;NO3;F,0.28,1.552707218511336,0.07211617076262374,rock,rock,freshening,salinization,oxic,oxic,-0.6060543129991652,0.15583368706334333,-0.2144407957797195,0.07250895273986525,166.84999999999997,cai_salinization_conflict
NGW-101,Birimian fractured basement aquifer,Birimian Supergroup,greenstone belt fracture network,Upper East Region,Paga,False,0.0,EC02,NaMg_exch,ion_exchange,Ca;Mg;Na;K;HCO3;Cl;SO4;NO3;F,0.72,0.6440364210831414,-0.07211617076262374,rock,rock,freshening,salinization,oxic,oxic,-0.6060543129991652,0.15583368706334333,-0.2144407957797195,0.07250895273986525,166.84999999999997,cai_salinization_support
NGW-102,Regolith/alluvial shallow aquifer,Quaternary regolith/alluvium,lateritic saprolite,Upper East Region,Zebilla,False,-0.0,EC05,calcite,carbonate,Ca;Mg;Na;K;HCO3;Cl;SO4;NO3;F,0.7799999999999999,0.571209063848815,0.41629047828811905,rock,rock,freshening,neutral,oxic,oxic,-0.27795005929383054,-0.01007435594314755,-0.10685227174991431,-0.005925316376489974,140.32,residual_weakly_aligned;gibbs_rock_support;carbonate_alkalinity_support
NGW-102,Regolith/alluvial shallow aquifer,Quaternary regolith/alluvium,lateritic saprolite,Upper East Region,Zebilla,True,0.08941694564964103,EC08,dolomite,carbonate,Ca;Mg;Na;K;HCO3;Cl;SO4;NO3;F,0.8799999999999999,0.46766642700990935,0.44924576671405375,rock,rock,freshening,neutral,oxic,oxic,-0.27795005929383054,-0.01007435594314755,-0.10685227174991431,-0.005925316376489974,140.32,residual_weakly_aligned;gibbs_rock_support;carbonate_alkalinity_support;undersaturated_dissolution_support
NGW-102,Regolith/alluvial shallow aquifer,Quaternary regolith/alluvium,lateritic saprolite,Upper East Region,Zebilla,False,0.0,EC04,albite,silicate,Ca;Mg;Na;K;HCO3;Cl;SO4;NO3;F,0.8799999999999999,0.46766642700990935,0.5589052341263558,rock,rock,freshening,neutral,oxic,oxic,-0.27795005929383054,-0.01007435594314755,-0.10685227174991431,-0.005925316376489974,140.32,residual_strongly_aligned;gibbs_rock_support;albite_na_alkalinity_support
NGW-102,Regolith/alluvial shallow aquifer,Quaternary regolith/alluvium,lateritic saprolite,Upper East Region,Zebilla,False,-0.0,EC05,anorthite,silicate,Ca;Mg;Na;K;HCO3;Cl;SO4;NO3;F,0.7799999999999999,0.571209063848815,0.41629047828811905,rock,rock,freshening,neutral,oxic,oxic,-0.27795005929383054,-0.01007435594314755,-0.10685227174991431,-0.005925316376489974,140.32,residual_weakly_aligned;gibbs_rock_support;carbonate_alkalinity_support
NGW-102,Regolith/alluvial shallow aquifer,Quaternary regolith/alluvium,lateritic saprolite,Upper East Region,Zebilla,True,0.037186879238623266,EC12,k_feldspar,silicate,Ca;Mg;Na;K;HCO3;Cl;SO4;NO3;F,0.7799999999999999,0.571209063848815,0.2721406528351051,rock,rock,freshening,neutral,oxic,oxic,-0.27795005929383054,-0.01007435594314755,-0.10685227174991431,-0.005925316376489974,140.32,residual_weakly_aligned;gibbs_rock_support;k_feldspar_k_alkalinity_support
NGW-102,Regolith/alluvial shallow aquifer,Quaternary regolith/alluvium,lateritic saprolite,Upper East Region,Zebilla,True,0.2582856025743013,EC10,gypsum,evaporite,Ca;Mg;Na;K;HCO3;Cl;SO4;NO3;F,0.88,0.46766642700990924,0.28479821285304285,rock,rock,freshening,neutral,oxic,oxic,-0.27795005929383054,-0.01007435594314755,-0.10685227174991431,-0.005925316376489974,140.32,residual_weakly_aligned;gypsum_ca_so4_support;undersaturated_dissolution_support;salinity_increase_support
NGW-102,Regolith/alluvial shallow aquifer,Quaternary regolith/alluvium,lateritic saprolite,Upper East Region,Zebilla,True,1.2124974876041272,EC11,halite,evaporite,Ca;Mg;Na;K;HCO3;Cl;SO4;NO3;F,0.95,0.40656965974059917,0.8105530029067181,rock,rock,freshening,neutral,oxic,oxic,-0.27795005929383054,-0.01007435594314755,-0.10685227174991431,-0.005925316376489974,140.32,residual_strongly_aligned;halite_na_cl_support;undersaturated_dissolution_support;salinity_increase_support
NGW-102,Regolith/alluvial shallow aquifer,Quaternary regolith/alluvium,lateritic saprolite,Upper East Region,Zebilla,False,-0.0,EC09,fluorite,trace_mineral,Ca;Mg;Na;K;HCO3;Cl;SO4;NO3;F,0.6799999999999999,0.6976763260710311,0.11484654541733434,rock,rock,freshening,neutral,oxic,oxic,-0.27795005929383054,-0.01007435594314755,-0.10685227174991431,-0.005925316376489974,140.32,gibbs_rock_support;fluorite_ca_f_support
NGW-102,Regolith/alluvial shallow aquifer,Quaternary regolith/alluvium,lateritic saprolite,Upper East Region,Zebilla,False,0.029052949421766415,EC06,apatite,trace_mineral,Ca;Mg;Na;K;HCO3;Cl;SO4;NO3;F,0.58,0.8521437889662115,0.24810232788989275,rock,rock,freshening,neutral,oxic,oxic,-0.27795005929383054,-0.01007435594314755,-0.10685227174991431,-0.005925316376489974,140.32,gibbs_rock_support
NGW-102,Regolith/alluvial shallow aquifer,Quaternary regolith/alluvium,lateritic saprolite,Upper East Region,Zebilla,False,0.0,EC13,pyrite_oxidation,redox,Ca;Mg;Na;K;HCO3;Cl;SO4;NO3;F,0.5,1.0,0.15017076848722155,rock,rock,freshening,neutral,oxic,oxic,-0.27795005929383054,-0.01007435594314755,-0.10685227174991431,-0.005925316376489974,140.32,
NGW-102,Regolith/alluvial shallow aquifer,Quaternary regolith/alluvium,lateritic saprolite,Upper East Region,Zebilla,False,0.0,EC03,NO3src,anthropogenic,Ca;Mg;Na;K;HCO3;Cl;SO4;NO3;F,0.5,1.0,-0.14732927625628,rock,rock,freshening,neutral,oxic,oxic,-0.27795005929383054,-0.01007435594314755,-0.10685227174991431,-0.005925316376489974,140.32,
NGW-102,Regolith/alluvial shallow aquifer,Quaternary regolith/alluvium,lateritic saprolite,Upper East Region,Zebilla,True,0.2132544168187162,EC07,denit,redox,Ca;Mg;Na;K;HCO3;Cl;SO4;NO3;F,0.8,0.5488116360940264,0.34397832815608725,rock,rock,freshening,neutral,oxic,oxic,-0.27795005929383054,-0.01007435594314755,-0.10685227174991431,-0.005925316376489974,140.32,residual_weakly_aligned;denitrification_stoichiometry_support
NGW-102,Regolith/alluvial shallow aquifer,Quaternary regolith/alluvium,lateritic saprolite,Upper East Region,Zebilla,False,0.0,EC01,CaNa_exch,ion_exchange,Ca;Mg;Na;K;HCO3;Cl;SO4;NO3;F,0.32,1.4333294145603401,-0.290674936123462,rock,rock,freshening,neutral,oxic,oxic,-0.27795005929383054,-0.01007435594314755,-0.10685227174991431,-0.005925316376489974,140.32,residual_opposed
NGW-102,Regolith/alluvial shallow aquifer,Quaternary regolith/alluvium,lateritic saprolite,Upper East Region,Zebilla,True,0.07683888696750124,EC01,NaCa_exch,ion_exchange,Ca;Mg;Na;K;HCO3;Cl;SO4;NO3;F,0.6,0.8187307530779819,0.290674936123462,rock,rock,freshening,neutral,oxic,oxic,-0.27795005929383054,-0.01007435594314755,-0.10685227174991431,-0.005925316376489974,140.32,residual_weakly_aligned
NGW-102,Regolith/alluvial shallow aquifer,Quaternary regolith/alluvium,lateritic saprolite,Upper East Region,Zebilla,True,0.3061703920172323,EC02,MgNa_exch,ion_exchange,Ca;Mg;Na;K;HCO3;Cl;SO4;NO3;F,0.32,1.4333294145603401,-0.2708719814966597,rock,rock,freshening,neutral,oxic,oxic,-0.27795005929383054,-0.01007435594314755,-0.10685227174991431,-0.005925316376489974,140.32,residual_opposed
NGW-102,Regolith/alluvial shallow aquifer,Quaternary regolith/alluvium,lateritic saprolite,Upper East Region,Zebilla,False,0.0,EC02,NaMg_exch,ion_exchange,Ca;Mg;Na;K;HCO3;Cl;SO4;NO3;F,0.6,0.8187307530779819,0.2708719814966597,rock,rock,freshening,neutral,oxic,oxic,-0.27795005929383054,-0.01007435594314755,-0.10685227174991431,-0.005925316376489974,140.32,residual_weakly_aligned
NGW-103,Regolith/alluvial shallow aquifer,Quaternary regolith/alluvium,lateritic saprolite,Upper East Region,Garu,True,0.13488237759065708,EC05,calcite,carbonate,Ca;Mg;Na;K;HCO3;Cl;SO4;NO3;F,0.8799999999999999,0.46766642700990935,0.8318862651491656,rock,rock,freshening,neutral,oxic,oxic,-0.22046990590354706,-0.003676919223537369,-0.11801486976901553,-0.0020598647584561705,135.07000000000005,residual_strongly_aligned;gibbs_rock_support;carbonate_alkalinity_support
NGW-103,Regolith/alluvial shallow aquifer,Quaternary regolith/alluvium,lateritic saprolite,Upper East Region,Garu,True,0.15105156690410723,EC08,dolomite,carbonate,Ca;Mg;Na;K;HCO3;Cl;SO4;NO3;F,0.95,0.40656965974059917,0.8459064059148285,rock,rock,freshening,neutral,oxic,oxic,-0.22046990590354706,-0.003676919223537369,-0.11801486976901553,-0.0020598647584561705,135.07000000000005,residual_strongly_aligned;gibbs_rock_support;carbonate_alkalinity_support;undersaturated_dissolution_support
NGW-103,Regolith/alluvial shallow aquifer,Quaternary regolith/alluvium,lateritic saprolite,Upper East Region,Garu,False,0.0,EC04,albite,silicate,Ca;Mg;Na;K;HCO3;Cl;SO4;NO3;F,0.8799999999999999,0.46766642700990935,0.695578449208494,rock,rock,freshening,neutral,oxic,oxic,-0.22046990590354706,-0.003676919223537369,-0.11801486976901553,-0.0020598647584561705,135.07000000000005,residual_strongly_aligned;gibbs_rock_support;albite_na_alkalinity_support
NGW-103,Regolith/alluvial shallow aquifer,Quaternary regolith/alluvium,lateritic saprolite,Upper East Region,Garu,True,0.13488237759065708,EC05,anorthite,silicate,Ca;Mg;Na;K;HCO3;Cl;SO4;NO3;F,0.8799999999999999,0.46766642700990935,0.8318862651491656,rock,rock,freshening,neutral,oxic,oxic,-0.22046990590354706,-0.003676919223537369,-0.11801486976901553,-0.0020598647584561705,135.07000000000005,residual_strongly_aligned;gibbs_rock_support;carbonate_alkalinity_support
NGW-103,Regolith/alluvial shallow aquifer,Quaternary regolith/alluvium,lateritic saprolite,Upper East Region,Garu,True,0.03263895167468174,EC12,k_feldspar,silicate,Ca;Mg;Na;K;HCO3;Cl;SO4;NO3;F,0.8799999999999999,0.46766642700990935,0.5632917750450107,rock,rock,freshening,neutral,oxic,oxic,-0.22046990590354706,-0.003676919223537369,-0.11801486976901553,-0.0020598647584561705,135.07000000000005,residual_strongly_aligned;gibbs_rock_support;k_feldspar_k_alkalinity_support
NGW-103,Regolith/alluvial shallow aquifer,Quaternary regolith/alluvium,lateritic saprolite,Upper East Region,Garu,False,0.0,EC10,gypsum,evaporite,Ca;Mg;Na;K;HCO3;Cl;SO4;NO3;F,0.64,0.7557837414557255,0.20196049405972352,rock,rock,freshening,neutral,oxic,oxic,-0.22046990590354706,-0.003676919223537369,-0.11801486976901553,-0.0020598647584561705,135.07000000000005,undersaturated_dissolution_support;salinity_increase_support
NGW-103,Regolith/alluvial shallow aquifer,Quaternary regolith/alluvium,lateritic saprolite,Upper East Region,Garu,True,0.6699024672894168,EC11,halite,evaporite,Ca;Mg;Na;K;HCO3;Cl;SO4;NO3;F,0.9,0.44932896411722156,0.48021689683582547,rock,rock,freshening,neutral,oxic,oxic,-0.22046990590354706,-0.003676919223537369,-0.11801486976901553,-0.0020598647584561705,135.07000000000005,residual_weakly_aligned;halite_na_cl_support;undersaturated_dissolution_support;salinity_increase_support
NGW-103,Regolith/alluvial shallow aquifer,Quaternary regolith/alluvium,lateritic saprolite,Upper East Region,Garu,False,0.0,EC09,fluorite,trace_mineral,Ca;Mg;Na;K;HCO3;Cl;SO4;NO3;F,0.6799999999999999,0.6976763260710311,0.14873248320012333,rock,rock,freshening,neutral,oxic,oxic,-0.22046990590354706,-0.003676919223537369,-0.11801486976901553,-0.0020598647584561705,135.07000000000005,gibbs_rock_support;fluorite_ca_f_support
NGW-103,Regolith/alluvial shallow aquifer,Quaternary regolith/alluvium,lateritic saprolite,Upper East Region,Garu,False,0.007901290074657464,EC06,apatite,trace_mineral,Ca;Mg;Na;K;HCO3;Cl;SO4;NO3;F,0.6799999999999999,0.6976763260710311,0.32252873229673734,rock,rock,freshening,neutral,oxic,oxic,-0.22046990590354706,-0.003676919223537369,-0.11801486976901553,-0.0020598647584561705,135.07000000000005,residual_weakly_aligned;gibbs_rock_support
NGW-103,Regolith/alluvial shallow aquifer,Quaternary regolith/alluvium,lateritic saprolite,Upper East Region,Garu,False,0.0,EC13,pyrite_oxidation,redox,Ca;Mg;Na;K;HCO3;Cl;SO4;NO3;F,0.5,1.0,-0.04289413650972281,rock,rock,freshening,neutral,oxic,oxic,-0.22046990590354706,-0.003676919223537369,-0.11801486976901553,-0.0020598647584561705,135.07000000000005,
NGW-103,Regolith/alluvial shallow aquifer,Quaternary regolith/alluvium,lateritic saprolite,Upper East Region,Garu,True,0.07482145722732081,EC03,NO3src,anthropogenic,Ca;Mg;Na;K;HCO3;Cl;SO4;NO3;F,0.6799999999999999,0.6976763260710311,0.06115751370027866,rock,rock,freshening,neutral,oxic,oxic,-0.22046990590354706,-0.003676919223537369,-0.11801486976901553,-0.0020598647584561705,135.07000000000005,nitrate_increase_support
NGW-103,Regolith/alluvial shallow aquifer,Quaternary regolith/alluvium,lateritic saprolite,Upper East Region,Garu,False,0.0,EC07,denit,redox,Ca;Mg;Na;K;HCO3;Cl;SO4;NO3;F,0.43999999999999995,1.1274968515793757,0.4982733309331076,rock,rock,freshening,neutral,oxic,oxic,-0.22046990590354706,-0.003676919223537369,-0.11801486976901553,-0.0020598647584561705,135.07000000000005,residual_weakly_aligned;denitrification_no3_conflict
NGW-103,Regolith/alluvial shallow aquifer,Quaternary regolith/alluvium,lateritic saprolite,Upper East Region,Garu,False,0.02859168198280328,EC01,CaNa_exch,ion_exchange,Ca;Mg;Na;K;HCO3;Cl;SO4;NO3;F,0.5,1.0,-0.04795861118146893,rock,rock,freshening,neutral,oxic,oxic,-0.22046990590354706,-0.003676919223537369,-0.11801486976901553,-0.0020598647584561705,135.07000000000005,
NGW-103,Regolith/alluvial shallow aquifer,Quaternary regolith/alluvium,lateritic saprolite,Upper East Region,Garu,False,0.0,EC01,NaCa_exch,ion_exchange,Ca;Mg;Na;K;HCO3;Cl;SO4;NO3;F,0.5,1.0,0.04795861118146893,rock,rock,freshening,neutral,oxic,oxic,-0.22046990590354706,-0.003676919223537369,-0.11801486976901553,-0.0020598647584561705,135.07000000000005,
NGW-103,Regolith/alluvial shallow aquifer,Quaternary regolith/alluvium,lateritic saprolite,Upper East Region,Garu,True,0.1312329798931316,EC02,MgNa_exch,ion_exchange,Ca;Mg;Na;K;HCO3;Cl;SO4;NO3;F,0.5,1.0,-0.10673658346912798,rock,rock,freshening,neutral,oxic,oxic,-0.22046990590354706,-0.003676919223537369,-0.11801486976901553,-0.0020598647584561705,135.07000000000005,
NGW-103,Regolith/alluvial shallow aquifer,Quaternary regolith/alluvium,lateritic saprolite,Upper East Region,Garu,False,0.0,EC02,NaMg_exch,ion_exchange,Ca;Mg;Na;K;HCO3;Cl;SO4;NO3;F,0.5,1.0,0.10673658346912798,rock,rock,freshening,neutral,oxic,oxic,-0.22046990590354706,-0.003676919223537369,-0.11801486976901553,-0.0020598647584561705,135.07000000000005,
NGW-104,Regolith/alluvial shallow aquifer,Quaternary regolith/alluvium,weathered regolith,Upper East Region,Zebilla,False,0.028356258245301653,EC05,calcite,carbonate,Ca;Mg;Na;K;HCO3;Cl;SO4;NO3;F,0.8799999999999999,0.46766642700990935,0.526722320651365,rock,rock,neutral,neutral,oxic,oxic,-0.046323355246421054,-0.11122548855164684,-0.01964857464113908,-0.06306091953364447,200.37000000000006,residual_weakly_aligned;gibbs_rock_support;carbonate_alkalinity_support;undersaturated_dissolution_support
NGW-104,Regolith/alluvial shallow aquifer,Quaternary regolith/alluvium,weathered regolith,Upper East Region,Zebilla,True,0.18688758861568755,EC08,dolomite,carbonate,Ca;Mg;Na;K;HCO3;Cl;SO4;NO3;F,0.8799999999999999,0.46766642700990935,0.5263048595446971,rock,rock,neutral,neutral,oxic,oxic,-0.046323355246421054,-0.11122548855164684,-0.01964857464113908,-0.06306091953364447,200.37000000000006,residual_weakly_aligned;gibbs_rock_support;carbonate_alkalinity_support;undersaturated_dissolution_support
NGW-104,Regolith/alluvial shallow aquifer,Quaternary regolith/alluvium,weathered regolith,Upper East Region,Zebilla,True,0.12195476777429674,EC04,albite,silicate,Ca;Mg;Na;K;HCO3;Cl;SO4;NO3;F,0.8799999999999999,0.46766642700990935,0.7740994296657631,rock,rock,neutral,neutral,oxic,oxic,-0.046323355246421054,-0.11122548855164684,-0.01964857464113908,-0.06306091953364447,200.37000000000006,residual_strongly_aligned;gibbs_rock_support;albite_na_alkalinity_support
NGW-104,Regolith/alluvial shallow aquifer,Quaternary regolith/alluvium,weathered regolith,Upper East Region,Zebilla,False,0.028356258245301653,EC05,anorthite,silicate,Ca;Mg;Na;K;HCO3;Cl;SO4;NO3;F,0.7799999999999999,0.571209063848815,0.526722320651365,rock,rock,neutral,neutral,oxic,oxic,-0.046323355246421054,-0.11122548855164684,-0.01964857464113908,-0.06306091953364447,200.37000000000006,residual_weakly_aligned;gibbs_rock_support;carbonate_alkalinity_support
NGW-104,Regolith/alluvial shallow aquifer,Quaternary regolith/alluvium,weathered regolith,Upper East Region,Zebilla,True,0.07763197801256842,EC12,k_feldspar,silicate,Ca;Mg;Na;K;HCO3;Cl;SO4;NO3;F,0.7799999999999999,0.571209063848815,0.368198742013567,rock,rock,neutral,neutral,oxic,oxic,-0.046323355246421054,-0.11122548855164684,-0.01964857464113908,-0.06306091953364447,200.37000000000006,residual_weakly_aligned;gibbs_rock_support;k_feldspar_k_alkalinity_support
NGW-104,Regolith/alluvial shallow aquifer,Quaternary regolith/alluvium,weathered regolith,Upper East Region,Zebilla,True,0.2050726142800697,EC10,gypsum,evaporite,Ca;Mg;Na;K;HCO3;Cl;SO4;NO3;F,0.78,0.5712090638488149,0.22362518632222284,rock,rock,neutral,neutral,oxic,oxic,-0.046323355246421054,-0.11122548855164684,-0.01964857464113908,-0.06306091953364447,200.37000000000006,gypsum_ca_so4_support;undersaturated_dissolution_support;salinity_increase_support
NGW-104,Regolith/alluvial shallow aquifer,Quaternary regolith/alluvium,weathered regolith,Upper East Region,Zebilla,True,1.2417031007734867,EC11,halite,evaporite,Ca;Mg;Na;K;HCO3;Cl;SO4;NO3;F,0.95,0.40656965974059917,0.8347842160810015,rock,rock,neutral,neutral,oxic,oxic,-0.046323355246421054,-0.11122548855164684,-0.01964857464113908,-0.06306091953364447,200.37000000000006,residual_strongly_aligned;halite_na_cl_support;undersaturated_dissolution_support;salinity_increase_support
NGW-104,Regolith/alluvial shallow aquifer,Quaternary regolith/alluvium,weathered regolith,Upper East Region,Zebilla,False,0.0070430670795393465,EC09,fluorite,trace_mineral,Ca;Mg;Na;K;HCO3;Cl;SO4;NO3;F,0.6799999999999999,0.6976763260710311,0.11043136991038205,rock,rock,neutral,neutral,oxic,oxic,-0.046323355246421054,-0.11122548855164684,-0.01964857464113908,-0.06306091953364447,200.37000000000006,gibbs_rock_support;fluorite_ca_f_support
NGW-104,Regolith/alluvial shallow aquifer,Quaternary regolith/alluvium,weathered regolith,Upper East Region,Zebilla,False,0.0035848654944333116,EC06,apatite,trace_mineral,Ca;Mg;Na;K;HCO3;Cl;SO4;NO3;F,0.58,0.8521437889662115,0.21767844816091161,rock,rock,neutral,neutral,oxic,oxic,-0.046323355246421054,-0.11122548855164684,-0.01964857464113908,-0.06306091953364447,200.37000000000006,gibbs_rock_support
NGW-104,Regolith/alluvial shallow aquifer,Quaternary regolith/alluvium,weathered regolith,Upper East Region,Zebilla,False,0.0,EC13,pyrite_oxidation,redox,Ca;Mg;Na;K;HCO3;Cl;SO4;NO3;F,0.5,1.0,0.09703585363463918,rock,rock,neutral,neutral,oxic,oxic,-0.046323355246421054,-0.11122548855164684,-0.01964857464113908,-0.06306091953364447,200.37000000000006,
NGW-104,Regolith/alluvial shallow aquifer,Quaternary regolith/alluvium,weathered regolith,Upper East Region,Zebilla,True,0.11124932772887283,EC03,NO3src,anthropogenic,Ca;Mg;Na;K;HCO3;Cl;SO4;NO3;F,0.6799999999999999,0.6976763260710311,0.05872195696268766,rock,rock,neutral,neutral,oxic,oxic,-0.046323355246421054,-0.11122548855164684,-0.01964857464113908,-0.06306091953364447,200.37000000000006,nitrate_increase_support
NGW-104,Regolith/alluvial shallow aquifer,Quaternary regolith/alluvium,weathered regolith,Upper East Region,Zebilla,False,0.0,EC07,denit,redox,Ca;Mg;Na;K;HCO3;Cl;SO4;NO3;F,0.43999999999999995,1.1274968515793757,0.2973826248546313,rock,rock,neutral,neutral,oxic,oxic,-0.046323355246421054,-0.11122548855164684,-0.01964857464113908,-0.06306091953364447,200.37000000000006,residual_weakly_aligned;denitrification_no3_conflict
NGW-104,Regolith/alluvial shallow aquifer,Quaternary regolith/alluvium,weathered regolith,Upper East Region,Zebilla,False,0.0,EC01,CaNa_exch,ion_exchange,Ca;Mg;Na;K;HCO3;Cl;SO4;NO3;F,0.32,1.4333294145603401,-0.4524446126210853,rock,rock,neutral,neutral,oxic,oxic,-0.046323355246421054,-0.11122548855164684,-0.01964857464113908,-0.06306091953364447,200.37000000000006,residual_opposed
NGW-104,Regolith/alluvial shallow aquifer,Quaternary regolith/alluvium,weathered regolith,Upper East Region,Zebilla,False,0.0,EC01,NaCa_exch,ion_exchange,Ca;Mg;Na;K;HCO3;Cl;SO4;NO3;F,0.6,0.8187307530779819,0.4524446126210853,rock,rock,neutral,neutral,oxic,oxic,-0.046323355246421054,-0.11122548855164684,-0.01964857464113908,-0.06306091953364447,200.37000000000006,residual_weakly_aligned
NGW-104,Regolith/alluvial shallow aquifer,Quaternary regolith/alluvium,weathered regolith,Upper East Region,Zebilla,False,0.0,EC02,MgNa_exch,ion_exchange,Ca;Mg;Na;K;HCO3;Cl;SO4;NO3;F,0.32,1.4333294145603401,-0.5072959940580644,rock,rock,neutral,neutral,oxic,oxic,-0.046323355246421054,-0.11122548855164684,-0.01964857464113908,-0.06306091953364447,200.37000000000006,residual_opposed
NGW-104,Regolith/alluvial shallow aquifer,Quaternary regolith/alluvium,weathered regolith,Upper East Region,Zebilla,False,0.0,EC02,NaMg_exch,ion_exchange,Ca;Mg;Na;K;HCO3;Cl;SO4;NO3;F,0.6,0.8187307530779819,0.5072959940580644,rock,rock,neutral,neutral,oxic,oxic,-0.046323355246421054,-0.11122548855164684,-0.01964857464113908,-0.06306091953364447,200.37000000000006,residual_weakly_aligned
NGW-105,Granitoid fractured basement aquifer,Paleoproterozoic granitoid complex,granite–gneiss weathered/fractured zone,Upper East Region,Talensi,True,0.11828068749552793,EC05,calcite,carbonate,Ca;Mg;Na;K;HCO3;Cl;SO4;NO3;F,0.95,0.40656965974059917,0.6380706879421698,rock,rock,freshening,freshening,oxic,oxic,-0.7039172155535176,-0.1660497253975109,-0.25934691753152805,-0.08563221320920271,211.3499999999999,residual_strongly_aligned;gibbs_rock_support;carbonate_alkalinity_support;undersaturated_dissolution_support
NGW-105,Granitoid fractured basement aquifer,Paleoproterozoic granitoid complex,granite–gneiss weathered/fractured zone,Upper East Region,Talensi,True,0.21599192035856243,EC08,dolomite,carbonate,Ca;Mg;Na;K;HCO3;Cl;SO4;NO3;F,0.95,0.40656965974059917,0.6641318190983374,rock,rock,freshening,freshening,oxic,oxic,-0.7039172155535176,-0.1660497253975109,-0.25934691753152805,-0.08563221320920271,211.3499999999999,residual_strongly_aligned;gibbs_rock_support;carbonate_alkalinity_support;undersaturated_dissolution_support
NGW-105,Granitoid fractured basement aquifer,Paleoproterozoic granitoid complex,granite–gneiss weathered/fractured zone,Upper East Region,Talensi,False,0.0,EC04,albite,silicate,Ca;Mg;Na;K;HCO3;Cl;SO4;NO3;F,0.8799999999999999,0.46766642700990935,0.7260272776003958,rock,rock,freshening,freshening,oxic,oxic,-0.7039172155535176,-0.1660497253975109,-0.25934691753152805,-0.08563221320920271,211.3499999999999,residual_strongly_aligned;gibbs_rock_support;albite_na_alkalinity_support
NGW-105,Granitoid fractured basement aquifer,Paleoproterozoic granitoid complex,granite–gneiss weathered/fractured zone,Upper East Region,Talensi,True,0.11828068749552793,EC05,anorthite,silicate,Ca;Mg;Na;K;HCO3;Cl;SO4;NO3;F,0.8799999999999999,0.46766642700990935,0.6380706879421698,rock,rock,freshening,freshening,oxic,oxic,-0.7039172155535176,-0.1660497253975109,-0.25934691753152805,-0.08563221320920271,211.3499999999999,residual_strongly_aligned;gibbs_rock_support;carbonate_alkalinity_support
NGW-105,Granitoid fractured basement aquifer,Paleoproterozoic granitoid complex,granite–gneiss weathered/fractured zone,Upper East Region,Talensi,True,0.033400504867139164,EC12,k_feldspar,silicate,Ca;Mg;Na;K;HCO3;Cl;SO4;NO3;F,0.7799999999999999,0.571209063848815,0.44169506225352445,rock,rock,freshening,freshening,oxic,oxic,-0.7039172155535176,-0.1660497253975109,-0.25934691753152805,-0.08563221320920271,211.3499999999999,residual_weakly_aligned;gibbs_rock_support;k_feldspar_k_alkalinity_support
NGW-105,Granitoid fractured basement aquifer,Paleoproterozoic granitoid complex,granite–gneiss weathered/fractured zone,Upper East Region,Talensi,False,0.010486319185052943,EC10,gypsum,evaporite,Ca;Mg;Na;K;HCO3;Cl;SO4;NO3;F,0.78,0.5712090638488149,0.18763865871363827,rock,rock,freshening,freshening,oxic,oxic,-0.7039172155535176,-0.1660497253975109,-0.25934691753152805,-0.08563221320920271,211.3499999999999,gypsum_ca_so4_support;undersaturated_dissolution_support;salinity_increase_support
NGW-105,Granitoid fractured basement aquifer,Paleoproterozoic granitoid complex,granite–gneiss weathered/fractured zone,Upper East Region,Talensi,True,1.3331904664098218,EC11,halite,evaporite,Ca;Mg;Na;K;HCO3;Cl;SO4;NO3;F,0.95,0.40656965974059917,0.7262069682479221,rock,rock,freshening,freshening,oxic,oxic,-0.7039172155535176,-0.1660497253975109,-0.25934691753152805,-0.08563221320920271,211.3499999999999,residual_strongly_aligned;halite_na_cl_support;undersaturated_dissolution_support;salinity_increase_support
NGW-105,Granitoid fractured basement aquifer,Paleoproterozoic granitoid complex,granite–gneiss weathered/fractured zone,Upper East Region,Talensi,False,0.019967381417675886,EC09,fluorite,trace_mineral,Ca;Mg;Na;K;HCO3;Cl;SO4;NO3;F,0.6799999999999999,0.6976763260710311,0.11852040702201079,rock,rock,freshening,freshening,oxic,oxic,-0.7039172155535176,-0.1660497253975109,-0.25934691753152805,-0.08563221320920271,211.3499999999999,gibbs_rock_support;fluorite_ca_f_support
NGW-105,Granitoid fractured basement aquifer,Paleoproterozoic granitoid complex,granite–gneiss weathered/fractured zone,Upper East Region,Talensi,False,0.0,EC06,apatite,trace_mineral,Ca;Mg;Na;K;HCO3;Cl;SO4;NO3;F,0.58,0.8521437889662115,0.214896232546465,rock,rock,freshening,freshening,oxic,oxic,-0.7039172155535176,-0.1660497253975109,-0.25934691753152805,-0.08563221320920271,211.3499999999999,gibbs_rock_support
NGW-105,Granitoid fractured basement aquifer,Paleoproterozoic granitoid complex,granite–gneiss weathered/fractured zone,Upper East Region,Talensi,True,0.04344428772733309,EC13,pyrite_oxidation,redox,Ca;Mg;Na;K;HCO3;Cl;SO4;NO3;F,0.5,1.0,0.051305527147008666,rock,rock,freshening,freshening,oxic,oxic,-0.7039172155535176,-0.1660497253975109,-0.25934691753152805,-0.08563221320920271,211.3499999999999,
NGW-105,Granitoid fractured basement aquifer,Paleoproterozoic granitoid complex,granite–gneiss weathered/fractured zone,Upper East Region,Talensi,True,0.16324329267381968,EC03,NO3src,anthropogenic,Ca;Mg;Na;K;HCO3;Cl;SO4;NO3;F,0.6799999999999999,0.6976763260710311,0.0801875847897303,rock,rock,freshening,freshening,oxic,oxic,-0.7039172155535176,-0.1660497253975109,-0.25934691753152805,-0.08563221320920271,211.3499999999999,nitrate_increase_support
NGW-105,Granitoid fractured basement aquifer,Paleoproterozoic granitoid complex,granite–gneiss weathered/fractured zone,Upper East Region,Talensi,False,0.0,EC07,denit,redox,Ca;Mg;Na;K;HCO3;Cl;SO4;NO3;F,0.43999999999999995,1.1274968515793757,0.3720578992723397,rock,rock,freshening,freshening,oxic,oxic,-0.7039172155535176,-0.1660497253975109,-0.25934691753152805,-0.08563221320920271,211.3499999999999,residual_weakly_aligned;denitrification_no3_conflict
NGW-105,Granitoid fractured basement aquifer,Paleoproterozoic granitoid complex,granite–gneiss weathered/fractured zone,Upper East Region,Talensi,False,0.0,EC01,CaNa_exch,ion_exchange,Ca;Mg;Na;K;HCO3;Cl;SO4;NO3;F,0.54,0.9231163463866358,-0.28028924830926927,rock,rock,freshening,freshening,oxic,oxic,-0.7039172155535176,-0.1660497253975109,-0.25934691753152805,-0.08563221320920271,211.3499999999999,residual_opposed;cai_freshening_support
NGW-105,Granitoid fractured basement aquifer,Paleoproterozoic granitoid complex,granite–gneiss weathered/fractured zone,Upper East Region,Talensi,False,0.0,EC01,NaCa_exch,ion_exchange,Ca;Mg;Na;K;HCO3;Cl;SO4;NO3;F,0.38,1.2712491503214047,0.28028924830926927,rock,rock,freshening,freshening,oxic,oxic,-0.7039172155535176,-0.1660497253975109,-0.25934691753152805,-0.08563221320920271,211.3499999999999,residual_weakly_aligned;cai_freshening_conflict
NGW-105,Granitoid fractured basement aquifer,Paleoproterozoic granitoid complex,granite–gneiss weathered/fractured zone,Upper East Region,Talensi,True,0.17648228527657966,EC02,MgNa_exch,ion_exchange,Ca;Mg;Na;K;HCO3;Cl;SO4;NO3;F,0.54,0.9231163463866358,-0.29632909522861317,rock,rock,freshening,freshening,oxic,oxic,-0.7039172155535176,-0.1660497253975109,-0.25934691753152805,-0.08563221320920271,211.3499999999999,residual_opposed;cai_freshening_support
NGW-105,Granitoid fractured basement aquifer,Paleoproterozoic granitoid complex,granite–gneiss weathered/fractured zone,Upper East Region,Talensi,False,0.0,EC02,NaMg_exch,ion_exchange,Ca;Mg;Na;K;HCO3;Cl;SO4;NO3;F,0.38,1.2712491503214047,0.29632909522861317,rock,rock,freshening,freshening,oxic,oxic,-0.7039172155535176,-0.1660497253975109,-0.25934691753152805,-0.08563221320920271,211.3499999999999,residual_weakly_aligned;cai_freshening_conflict
NGW-106,Granitoid fractured basement aquifer,Paleoproterozoic granitoid complex,granitoid saprolite,Upper East Region,Bawku,False,0.0,EC05,calcite,carbonate,Ca;Mg;Na;K;HCO3;Cl;SO4;NO3;F,0.95,0.40656965974059917,0.6805750263220839,rock,rock,freshening,freshening,oxic,oxic,-0.1651144084135421,-0.26951721544181445,-0.09768999322672911,-0.14517802230392068,205.8,residual_strongly_aligned;gibbs_rock_support;carbonate_alkalinity_support;undersaturated_dissolution_support
NGW-106,Granitoid fractured basement aquifer,Paleoproterozoic granitoid complex,granitoid saprolite,Upper East Region,Bawku,True,0.27209481641319705,EC08,dolomite,carbonate,Ca;Mg;Na;K;HCO3;Cl;SO4;NO3;F,0.95,0.40656965974059917,0.7077347132421916,rock,rock,freshening,freshening,oxic,oxic,-0.1651144084135421,-0.26951721544181445,-0.09768999322672911,-0.14517802230392068,205.8,residual_strongly_aligned;gibbs_rock_support;carbonate_alkalinity_support;undersaturated_dissolution_support
NGW-106,Granitoid fractured basement aquifer,Paleoproterozoic granitoid complex,granitoid saprolite,Upper East Region,Bawku,True,0.3257074156389788,EC04,albite,silicate,Ca;Mg;Na;K;HCO3;Cl;SO4;NO3;F,0.8799999999999999,0.46766642700990935,0.8624379034885282,rock,rock,freshening,freshening,oxic,oxic,-0.1651144084135421,-0.26951721544181445,-0.09768999322672911,-0.14517802230392068,205.8,residual_strongly_aligned;gibbs_rock_support;albite_na_alkalinity_support
NGW-106,Granitoid fractured basement aquifer,Paleoproterozoic granitoid complex,granitoid saprolite,Upper East Region,Bawku,False,0.0,EC05,anorthite,silicate,Ca;Mg;Na;K;HCO3;Cl;SO4;NO3;F,0.8799999999999999,0.46766642700990935,0.6805750263220839,rock,rock,freshening,freshening,oxic,oxic,-0.1651144084135421,-0.26951721544181445,-0.09768999322672911,-0.14517802230392068,205.8,residual_strongly_aligned;gibbs_rock_support;carbonate_alkalinity_support
NGW-106,Granitoid fractured basement aquifer,Paleoproterozoic granitoid complex,granitoid saprolite,Upper East Region,Bawku,True,0.04039020149749623,EC12,k_feldspar,silicate,Ca;Mg;Na;K;HCO3;Cl;SO4;NO3;F,0.7799999999999999,0.571209063848815,0.4879722165273211,rock,rock,freshening,freshening,oxic,oxic,-0.1651144084135421,-0.26951721544181445,-0.09768999322672911,-0.14517802230392068,205.8,residual_weakly_aligned;gibbs_rock_support;k_feldspar_k_alkalinity_support
NGW-106,Granitoid fractured basement aquifer,Paleoproterozoic granitoid complex,granitoid saprolite,Upper East Region,Bawku,True,0.07124458285948881,EC10,gypsum,evaporite,Ca;Mg;Na;K;HCO3;Cl;SO4;NO3;F,0.78,0.5712090638488149,0.16951515916303175,rock,rock,freshening,freshening,oxic,oxic,-0.1651144084135421,-0.26951721544181445,-0.09768999322672911,-0.14517802230392068,205.8,gypsum_ca_so4_support;undersaturated_dissolution_support;salinity_increase_support
NGW-106,Granitoid fractured basement aquifer,Paleoproterozoic granitoid complex,granitoid saprolite,Upper East Region,Bawku,True,0.880800134877308,EC11,halite,evaporite,Ca;Mg;Na;K;HCO3;Cl;SO4;NO3;F,0.95,0.40656965974059917,0.6804624601978166,rock,rock,freshening,freshening,oxic,oxic,-0.1651144084135421,-0.26951721544181445,-0.09768999322672911,-0.14517802230392068,205.8,residual_strongly_aligned;halite_na_cl_support;undersaturated_dissolution_support;salinity_increase_support
NGW-106,Granitoid fractured basement aquifer,Paleoproterozoic granitoid complex,granitoid saprolite,Upper East Region,Bawku,False,0.006488907405052286,EC09,fluorite,trace_mineral,Ca;Mg;Na;K;HCO3;Cl;SO4;NO3;F,0.6799999999999999,0.6976763260710311,0.10765360311986114,rock,rock,freshening,freshening,oxic,oxic,-0.1651144084135421,-0.26951721544181445,-0.09768999322672911,-0.14517802230392068,205.8,gibbs_rock_support;fluorite_ca_f_support
NGW-106,Granitoid fractured basement aquifer,Paleoproterozoic granitoid complex,granitoid saprolite,Upper East Region,Bawku,False,0.01587374553167212,EC06,apatite,trace_mineral,Ca;Mg;Na;K;HCO3;Cl;SO4;NO3;F,0.58,0.8521437889662115,0.20237443354051632,rock,rock,freshening,freshening,oxic,oxic,-0.1651144084135421,-0.26951721544181445,-0.09768999322672911,-0.14517802230392068,205.8,gibbs_rock_support
NGW-106,Granitoid fractured basement aquifer,Paleoproterozoic granitoid complex,granitoid saprolite,Upper East Region,Bawku,False,0.0,EC13,pyrite_oxidation,redox,Ca;Mg;Na;K;HCO3;Cl;SO4;NO3;F,0.5,1.0,0.03716379303264176,rock,rock,freshening,freshening,oxic,oxic,-0.1651144084135421,-0.26951721544181445,-0.09768999322672911,-0.14517802230392068,205.8,
NGW-106,Granitoid fractured basement aquifer,Paleoproterozoic granitoid complex,granitoid saprolite,Upper East Region,Bawku,True,0.2877720482209759,EC03,NO3src,anthropogenic,Ca;Mg;Na;K;HCO3;Cl;SO4;NO3;F,0.6799999999999999,0.6976763260710311,0.13999286156177262,rock,rock,freshening,freshening,oxic,oxic,-0.1651144084135421,-0.26951721544181445,-0.09768999322672911,-0.14517802230392068,205.8,nitrate_increase_support
NGW-106,Granitoid fractured basement aquifer,Paleoproterozoic granitoid complex,granitoid saprolite,Upper East Region,Bawku,False,0.0,EC07,denit,redox,Ca;Mg;Na;K;HCO3;Cl;SO4;NO3;F,0.43999999999999995,1.1274968515793757,0.3674337041761504,rock,rock,freshening,freshening,oxic,oxic,-0.1651144084135421,-0.26951721544181445,-0.09768999322672911,-0.14517802230392068,205.8,residual_weakly_aligned;denitrification_no3_conflict
NGW-106,Granitoid fractured basement aquifer,Paleoproterozoic granitoid complex,granitoid saprolite,Upper East Region,Bawku,False,0.0,EC01,CaNa_exch,ion_exchange,Ca;Mg;Na;K;HCO3;Cl;SO4;NO3;F,0.54,0.9231163463866358,-0.4103322198716064,rock,rock,freshening,freshening,oxic,oxic,-0.1651144084135421,-0.26951721544181445,-0.09768999322672911,-0.14517802230392068,205.8,residual_opposed;cai_freshening_support
NGW-106,Granitoid fractured basement aquifer,Paleoproterozoic granitoid complex,granitoid saprolite,Upper East Region,Bawku,False,0.0,EC01,NaCa_exch,ion_exchange,Ca;Mg;Na;K;HCO3;Cl;SO4;NO3;F,0.38,1.2712491503214047,0.4103322198716064,rock,rock,freshening,freshening,oxic,oxic,-0.1651144084135421,-0.26951721544181445,-0.09768999322672911,-0.14517802230392068,205.8,residual_weakly_aligned;cai_freshening_conflict
NGW-106,Granitoid fractured basement aquifer,Paleoproterozoic granitoid complex,granitoid saprolite,Upper East Region,Bawku,False,0.0,EC02,MgNa_exch,ion_exchange,Ca;Mg;Na;K;HCO3;Cl;SO4;NO3;F,0.54,0.9231163463866358,-0.42865006870890027,rock,rock,freshening,freshening,oxic,oxic,-0.1651144084135421,-0.26951721544181445,-0.09768999322672911,-0.14517802230392068,205.8,residual_opposed;cai_freshening_support
NGW-106,Granitoid fractured basement aquifer,Paleoproterozoic granitoid complex,granitoid saprolite,Upper East Region,Bawku,False,0.0,EC02,NaMg_exch,ion_exchange,Ca;Mg;Na;K;HCO3;Cl;SO4;NO3;F,0.38,1.2712491503214047,0.42865006870890027,rock,rock,freshening,freshening,oxic,oxic,-0.1651144084135421,-0.26951721544181445,-0.09768999322672911,-0.14517802230392068,205.8,residual_weakly_aligned;cai_freshening_conflict
NGW-107,Regolith/alluvial shallow aquifer,Quaternary regolith/alluvium,valley alluvium,Upper East Region,Garu,False,0.004926536230859105,EC05,calcite,carbonate,Ca;Mg;Na;K;HCO3;Cl;SO4;NO3;F,0.95,0.40656965974059917,0.7303798375465299,rock,rock,neutral,neutral,oxic,oxic,0.05807879802363246,-0.07763414941701191,0.03581913530971628,-0.0390287506160425,259.8599999999999,residual_strongly_aligned;gibbs_rock_support;carbonate_alkalinity_support;undersaturated_dissolution_support
NGW-107,Regolith/alluvial shallow aquifer,Quaternary regolith/alluvium,valley alluvium,Upper East Region,Garu,True,0.3501535111162494,EC08,dolomite,carbonate,Ca;Mg;Na;K;HCO3;Cl;SO4;NO3;F,0.95,0.40656965974059917,0.7436879684271054,rock,rock,neutral,neutral,oxic,oxic,0.05807879802363246,-0.07763414941701191,0.03581913530971628,-0.0390287506160425,259.8599999999999,residual_strongly_aligned;gibbs_rock_support;carbonate_alkalinity_support;undersaturated_dissolution_support
NGW-107,Regolith/alluvial shallow aquifer,Quaternary regolith/alluvium,valley alluvium,Upper East Region,Garu,True,0.2755729535984057,EC04,albite,silicate,Ca;Mg;Na;K;HCO3;Cl;SO4;NO3;F,0.8799999999999999,0.46766642700990935,0.8357726201789442,rock,rock,neutral,neutral,oxic,oxic,0.05807879802363246,-0.07763414941701191,0.03581913530971628,-0.0390287506160425,259.8599999999999,residual_strongly_aligned;gibbs_rock_support;albite_na_alkalinity_support
NGW-107,Regolith/alluvial shallow aquifer,Quaternary regolith/alluvium,valley alluvium,Upper East Region,Garu,False,0.004926536230859105,EC05,anorthite,silicate,Ca;Mg;Na;K;HCO3;Cl;SO4;NO3;F,0.8799999999999999,0.46766642700990935,0.7303798375465299,rock,rock,neutral,neutral,oxic,oxic,0.05807879802363246,-0.07763414941701191,0.03581913530971628,-0.0390287506160425,259.8599999999999,residual_strongly_aligned;gibbs_rock_support;carbonate_alkalinity_support
NGW-107,Regolith/alluvial shallow aquifer,Quaternary regolith/alluvium,valley alluvium,Upper East Region,Garu,True,0.03440936906057806,EC12,k_feldspar,silicate,Ca;Mg;Na;K;HCO3;Cl;SO4;NO3;F,0.7799999999999999,0.571209063848815,0.4970667064663512,rock,rock,neutral,neutral,oxic,oxic,0.05807879802363246,-0.07763414941701191,0.03581913530971628,-0.0390287506160425,259.8599999999999,residual_weakly_aligned;gibbs_rock_support;k_feldspar_k_alkalinity_support
NGW-107,Regolith/alluvial shallow aquifer,Quaternary regolith/alluvium,valley alluvium,Upper East Region,Garu,True,0.23382423371446887,EC10,gypsum,evaporite,Ca;Mg;Na;K;HCO3;Cl;SO4;NO3;F,0.88,0.46766642700990924,0.25645892837677836,rock,rock,neutral,neutral,oxic,oxic,0.05807879802363246,-0.07763414941701191,0.03581913530971628,-0.0390287506160425,259.8599999999999,residual_weakly_aligned;gypsum_ca_so4_support;undersaturated_dissolution_support;salinity_increase_support
NGW-107,Regolith/alluvial shallow aquifer,Quaternary regolith/alluvium,valley alluvium,Upper East Region,Garu,True,0.9781771306500839,EC11,halite,evaporite,Ca;Mg;Na;K;HCO3;Cl;SO4;NO3;F,0.95,0.40656965974059917,0.6291833217864713,rock,rock,neutral,neutral,oxic,oxic,0.05807879802363246,-0.07763414941701191,0.03581913530971628,-0.0390287506160425,259.8599999999999,residual_strongly_aligned;halite_na_cl_support;undersaturated_dissolution_support;salinity_increase_support
NGW-107,Regolith/alluvial shallow aquifer,Quaternary regolith/alluvium,valley alluvium,Upper East Region,Garu,False,0.007121420810459314,EC09,fluorite,trace_mineral,Ca;Mg;Na;K;HCO3;Cl;SO4;NO3;F,0.6799999999999999,0.6976763260710311,0.13287621671651434,rock,rock,neutral,neutral,oxic,oxic,0.05807879802363246,-0.07763414941701191,0.03581913530971628,-0.0390287506160425,259.8599999999999,gibbs_rock_support;fluorite_ca_f_support
NGW-107,Regolith/alluvial shallow aquifer,Quaternary regolith/alluvium,valley alluvium,Upper East Region,Garu,False,0.012007618038981562,EC06,apatite,trace_mineral,Ca;Mg;Na;K;HCO3;Cl;SO4;NO3;F,0.6799999999999999,0.6976763260710311,0.2640334570057019,rock,rock,neutral,neutral,oxic,oxic,0.05807879802363246,-0.07763414941701191,0.03581913530971628,-0.0390287506160425,259.8599999999999,residual_weakly_aligned;gibbs_rock_support
NGW-107,Regolith/alluvial shallow aquifer,Quaternary regolith/alluvium,valley alluvium,Upper East Region,Garu,False,0.0,EC13,pyrite_oxidation,redox,Ca;Mg;Na;K;HCO3;Cl;SO4;NO3;F,0.5,1.0,0.09652066738480453,rock,rock,neutral,neutral,oxic,oxic,0.05807879802363246,-0.07763414941701191,0.03581913530971628,-0.0390287506160425,259.8599999999999,
NGW-107,Regolith/alluvial shallow aquifer,Quaternary regolith/alluvium,valley alluvium,Upper East Region,Garu,True,0.39272282931355357,EC03,NO3src,anthropogenic,Ca;Mg;Na;K;HCO3;Cl;SO4;NO3;F,0.6799999999999999,0.6976763260710311,0.16249457461441585,rock,rock,neutral,neutral,oxic,oxic,0.05807879802363246,-0.07763414941701191,0.03581913530971628,-0.0390287506160425,259.8599999999999,nitrate_increase_support
NGW-107,Regolith/alluvial shallow aquifer,Quaternary regolith/alluvium,valley alluvium,Upper East Region,Garu,False,0.0,EC07,denit,redox,Ca;Mg;Na;K;HCO3;Cl;SO4;NO3;F,0.43999999999999995,1.1274968515793757,0.36841069033965756,rock,rock,neutral,neutral,oxic,oxic,0.05807879802363246,-0.07763414941701191,0.03581913530971628,-0.0390287506160425,259.8599999999999,residual_weakly_aligned;denitrification_no3_conflict
NGW-107,Regolith/alluvial shallow aquifer,Quaternary regolith/alluvium,valley alluvium,Upper East Region,Garu,False,0.0,EC01,CaNa_exch,ion_exchange,Ca;Mg;Na;K;HCO3;Cl;SO4;NO3;F,0.32,1.4333294145603401,-0.3267981967623771,rock,rock,neutral,neutral,oxic,oxic,0.05807879802363246,-0.07763414941701191,0.03581913530971628,-0.0390287506160425,259.8599999999999,residual_opposed
NGW-107,Regolith/alluvial shallow aquifer,Quaternary regolith/alluvium,valley alluvium,Upper East Region,Garu,False,0.0,EC01,NaCa_exch,ion_exchange,Ca;Mg;Na;K;HCO3;Cl;SO4;NO3;F,0.6,0.8187307530779819,0.3267981967623771,rock,rock,neutral,neutral,oxic,oxic,0.05807879802363246,-0.07763414941701191,0.03581913530971628,-0.0390287506160425,259.8599999999999,residual_weakly_aligned
NGW-107,Regolith/alluvial shallow aquifer,Quaternary regolith/alluvium,valley alluvium,Upper East Region,Garu,False,0.0,EC02,MgNa_exch,ion_exchange,Ca;Mg;Na;K;HCO3;Cl;SO4;NO3;F,0.32,1.4333294145603401,-0.3765091626396118,rock,rock,neutral,neutral,oxic,oxic,0.05807879802363246,-0.07763414941701191,0.03581913530971628,-0.0390287506160425,259.8599999999999,residual_opposed
NGW-107,Regolith/alluvial shallow aquifer,Quaternary regolith/alluvium,valley alluvium,Upper East Region,Garu,False,0.0,EC02,NaMg_exch,ion_exchange,Ca;Mg;Na;K;HCO3;Cl;SO4;NO3;F,0.6,0.8187307530779819,0.3765091626396118,rock,rock,neutral,neutral,oxic,oxic,0.05807879802363246,-0.07763414941701191,0.03581913530971628,-0.0390287506160425,259.8599999999999,residual_weakly_aligned
NGW-108,Birimian fractured basement aquifer,Birimian Supergroup,greenstone belt fracture network,Upper East Region,Paga,True,0.10191796719663483,EC05,calcite,carbonate,Ca;Mg;Na;K;HCO3;Cl;SO4;NO3;F,0.8799999999999999,0.46766642700990935,0.4927977550052634,rock,rock,freshening,freshening,oxic,oxic,-0.38850574523469283,-0.19340323056613695,-0.16499618555946105,-0.10737377063479306,165.30999999999995,residual_weakly_aligned;gibbs_rock_support;carbonate_alkalinity_support;undersaturated_dissolution_support
NGW-108,Birimian fractured basement aquifer,Birimian Supergroup,greenstone belt fracture network,Upper East Region,Paga,True,0.09289187315786292,EC08,dolomite,carbonate,Ca;Mg;Na;K;HCO3;Cl;SO4;NO3;F,0.8799999999999999,0.46766642700990935,0.47700761422581045,rock,rock,freshening,freshening,oxic,oxic,-0.38850574523469283,-0.19340323056613695,-0.16499618555946105,-0.10737377063479306,165.30999999999995,residual_weakly_aligned;gibbs_rock_support;carbonate_alkalinity_support;undersaturated_dissolution_support
NGW-108,Birimian fractured basement aquifer,Birimian Supergroup,greenstone belt fracture network,Upper East Region,Paga,False,0.0,EC04,albite,silicate,Ca;Mg;Na;K;HCO3;Cl;SO4;NO3;F,0.8799999999999999,0.46766642700990935,0.7183064536876463,rock,rock,freshening,freshening,oxic,oxic,-0.38850574523469283,-0.19340323056613695,-0.16499618555946105,-0.10737377063479306,165.30999999999995,residual_strongly_aligned;gibbs_rock_support;albite_na_alkalinity_support
NGW-108,Birimian fractured basement aquifer,Birimian Supergroup,greenstone belt fracture network,Upper East Region,Paga,True,0.10191796719663483,EC05,anorthite,silicate,Ca;Mg;Na;K;HCO3;Cl;SO4;NO3;F,0.7799999999999999,0.571209063848815,0.4927977550052634,rock,rock,freshening,freshening,oxic,oxic,-0.38850574523469283,-0.19340323056613695,-0.16499618555946105,-0.10737377063479306,165.30999999999995,residual_weakly_aligned;gibbs_rock_support;carbonate_alkalinity_support
NGW-108,Birimian fractured basement aquifer,Birimian Supergroup,greenstone belt fracture network,Upper East Region,Paga,False,0.019476932500314067,EC12,k_feldspar,silicate,Ca;Mg;Na;K;HCO3;Cl;SO4;NO3;F,0.7799999999999999,0.571209063848815,0.31784669834893375,rock,rock,freshening,freshening,oxic,oxic,-0.38850574523469283,-0.19340323056613695,-0.16499618555946105,-0.10737377063479306,165.30999999999995,residual_weakly_aligned;gibbs_rock_support;k_feldspar_k_alkalinity_support
NGW-108,Birimian fractured basement aquifer,Birimian Supergroup,greenstone belt fracture network,Upper East Region,Paga,True,0.11810616337079331,EC10,gypsum,evaporite,Ca;Mg;Na;K;HCO3;Cl;SO4;NO3;F,0.78,0.5712090638488149,0.2194577316100571,rock,rock,freshening,freshening,oxic,oxic,-0.38850574523469283,-0.19340323056613695,-0.16499618555946105,-0.10737377063479306,165.30999999999995,gypsum_ca_so4_support;undersaturated_dissolution_support;salinity_increase_support
NGW-108,Birimian fractured basement aquifer,Birimian Supergroup,greenstone belt fracture network,Upper East Region,Paga,True,1.1308633971838975,EC11,halite,evaporite,Ca;Mg;Na;K;HCO3;Cl;SO4;NO3;F,0.95,0.40656965974059917,0.8573636832987813,rock,rock,freshening,freshening,oxic,oxic,-0.38850574523469283,-0.19340323056613695,-0.16499618555946105,-0.10737377063479306,165.30999999999995,residual_strongly_aligned;halite_na_cl_support;undersaturated_dissolution_support;salinity_increase_support
NGW-108,Birimian fractured basement aquifer,Birimian Supergroup,greenstone belt fracture network,Upper East Region,Paga,False,0.006745984698885146,EC09,fluorite,trace_mineral,Ca;Mg;Na;K;HCO3;Cl;SO4;NO3;F,0.6799999999999999,0.6976763260710311,0.11923059037408444,rock,rock,freshening,freshening,oxic,oxic,-0.38850574523469283,-0.19340323056613695,-0.16499618555946105,-0.10737377063479306,165.30999999999995,gibbs_rock_support;fluorite_ca_f_support
NGW-108,Birimian fractured basement aquifer,Birimian Supergroup,greenstone belt fracture network,Upper East Region,Paga,False,0.0,EC06,apatite,trace_mineral,Ca;Mg;Na;K;HCO3;Cl;SO4;NO3;F,0.58,0.8521437889662115,0.2323193450952754,rock,rock,freshening,freshening,oxic,oxic,-0.38850574523469283,-0.19340323056613695,-0.16499618555946105,-0.10737377063479306,165.30999999999995,gibbs_rock_support
NGW-108,Birimian fractured basement aquifer,Birimian Supergroup,greenstone belt fracture network,Upper East Region,Paga,False,0.0032724017327537985,EC13,pyrite_oxidation,redox,Ca;Mg;Na;K;HCO3;Cl;SO4;NO3;F,0.5,1.0,0.0767385400796968,rock,rock,freshening,freshening,oxic,oxic,-0.38850574523469283,-0.19340323056613695,-0.16499618555946105,-0.10737377063479306,165.30999999999995,
NGW-108,Birimian fractured basement aquifer,Birimian Supergroup,greenstone belt fracture network,Upper East Region,Paga,True,0.18025366392124037,EC03,NO3src,anthropogenic,Ca;Mg;Na;K;HCO3;Cl;SO4;NO3;F,0.6799999999999999,0.6976763260710311,0.10672316094016902,rock,rock,freshening,freshening,oxic,oxic,-0.38850574523469283,-0.19340323056613695,-0.16499618555946105,-0.10737377063479306,165.30999999999995,nitrate_increase_support
NGW-108,Birimian fractured basement aquifer,Birimian Supergroup,greenstone belt fracture network,Upper East Region,Paga,False,0.0,EC07,denit,redox,Ca;Mg;Na;K;HCO3;Cl;SO4;NO3;F,0.33999999999999997,1.3771277643359572,0.2315284673274379,rock,rock,freshening,freshening,oxic,oxic,-0.38850574523469283,-0.19340323056613695,-0.16499618555946105,-0.10737377063479306,165.30999999999995,denitrification_no3_conflict
NGW-108,Birimian fractured basement aquifer,Birimian Supergroup,greenstone belt fracture network,Upper East Region,Paga,False,0.008999122250931217,EC01,CaNa_exch,ion_exchange,Ca;Mg;Na;K;HCO3;Cl;SO4;NO3;F,0.54,0.9231163463866358,-0.4157960256552232,rock,rock,freshening,freshening,oxic,oxic,-0.38850574523469283,-0.19340323056613695,-0.16499618555946105,-0.10737377063479306,165.30999999999995,residual_opposed;cai_freshening_support
NGW-108,Birimian fractured basement aquifer,Birimian Supergroup,greenstone belt fracture network,Upper East Region,Paga,False,0.0,EC01,NaCa_exch,ion_exchange,Ca;Mg;Na;K;HCO3;Cl;SO4;NO3;F,0.38,1.2712491503214047,0.4157960256552232,rock,rock,freshening,freshening,oxic,oxic,-0.38850574523469283,-0.19340323056613695,-0.16499618555946105,-0.10737377063479306,165.30999999999995,residual_weakly_aligned;cai_freshening_conflict
NGW-108,Birimian fractured basement aquifer,Birimian Supergroup,greenstone belt fracture network,Upper East Region,Paga,False,0.0,EC02,MgNa_exch,ion_exchange,Ca;Mg;Na;K;HCO3;Cl;SO4;NO3;F,0.54,0.9231163463866358,-0.4963332223478521,rock,rock,freshening,freshening,oxic,oxic,-0.38850574523469283,-0.19340323056613695,-0.16499618555946105,-0.10737377063479306,165.30999999999995,residual_opposed;cai_freshening_support
NGW-108,Birimian fractured basement aquifer,Birimian Supergroup,greenstone belt fracture network,Upper East Region,Paga,False,0.0,EC02,NaMg_exch,ion_exchange,Ca;Mg;Na;K;HCO3;Cl;SO4;NO3;F,0.38,1.2712491503214047,0.4963332223478521,rock,rock,freshening,freshening,oxic,oxic,-0.38850574523469283,-0.19340323056613695,-0.16499618555946105,-0.10737377063479306,165.30999999999995,residual_weakly_aligned;cai_freshening_conflict
NGW-109,Regolith/alluvial shallow aquifer,Quaternary regolith/alluvium,valley alluvium,Upper East Region,Navrongo,False,0.0,EC05,calcite,carbonate,Ca;Mg;Na;K;HCO3;Cl;SO4;NO3;F,0.8799999999999999,0.46766642700990935,0.2853653189742091,rock,rock,freshening,freshening,oxic,oxic,-0.3107230739906894,-0.16934284069244945,-0.13292009814088493,-0.11849510741443349,174.19000000000005,residual_weakly_aligned;gibbs_rock_support;carbonate_alkalinity_support;undersaturated_dissolution_support
NGW-109,Regolith/alluvial shallow aquifer,Quaternary regolith/alluvium,valley alluvium,Upper East Region,Navrongo,True,0.13383691351001933,EC08,dolomite,carbonate,Ca;Mg;Na;K;HCO3;Cl;SO4;NO3;F,0.8799999999999999,0.46766642700990935,0.29131211355430503,rock,rock,freshening,freshening,oxic,oxic,-0.3107230739906894,-0.16934284069244945,-0.13292009814088493,-0.11849510741443349,174.19000000000005,residual_weakly_aligned;gibbs_rock_support;carbonate_alkalinity_support;undersaturated_dissolution_support
NGW-109,Regolith/alluvial shallow aquifer,Quaternary regolith/alluvium,valley alluvium,Upper East Region,Navrongo,True,0.05181390771648364,EC04,albite,silicate,Ca;Mg;Na;K;HCO3;Cl;SO4;NO3;F,0.8799999999999999,0.46766642700990935,0.666792349048537,rock,rock,freshening,freshening,oxic,oxic,-0.3107230739906894,-0.16934284069244945,-0.13292009814088493,-0.11849510741443349,174.19000000000005,residual_strongly_aligned;gibbs_rock_support;albite_na_alkalinity_support
NGW-109,Regolith/alluvial shallow aquifer,Quaternary regolith/alluvium,valley alluvium,Upper East Region,Navrongo,False,0.0,EC05,anorthite,silicate,Ca;Mg;Na;K;HCO3;Cl;SO4;NO3;F,0.7799999999999999,0.571209063848815,0.2853653189742091,rock,rock,freshening,freshening,oxic,oxic,-0.3107230739906894,-0.16934284069244945,-0.13292009814088493,-0.11849510741443349,174.19000000000005,residual_weakly_aligned;gibbs_rock_support;carbonate_alkalinity_support
NGW-109,Regolith/alluvial shallow aquifer,Quaternary regolith/alluvium,valley alluvium,Upper East Region,Navrongo,False,0.027473726177391484,EC12,k_feldspar,silicate,Ca;Mg;Na;K;HCO3;Cl;SO4;NO3;F,0.6799999999999999,0.6976763260710311,0.19919331887300584,rock,rock,freshening,freshening,oxic,oxic,-0.3107230739906894,-0.16934284069244945,-0.13292009814088493,-0.11849510741443349,174.19000000000005,gibbs_rock_support;k_feldspar_k_alkalinity_support
NGW-109,Regolith/alluvial shallow aquifer,Quaternary regolith/alluvium,valley alluvium,Upper East Region,Navrongo,True,0.10021106249747101,EC10,gypsum,evaporite,Ca;Mg;Na;K;HCO3;Cl;SO4;NO3;F,0.78,0.5712090638488149,0.11347915406995578,rock,rock,freshening,freshening,oxic,oxic,-0.3107230739906894,-0.16934284069244945,-0.13292009814088493,-0.11849510741443349,174.19000000000005,gypsum_ca_so4_support;undersaturated_dissolution_support;salinity_increase_support
NGW-109,Regolith/alluvial shallow aquifer,Quaternary regolith/alluvium,valley alluvium,Upper East Region,Navrongo,True,1.5491235826105907,EC11,halite,evaporite,Ca;Mg;Na;K;HCO3;Cl;SO4;NO3;F,0.95,0.40656965974059917,0.9489247145092936,rock,rock,freshening,freshening,oxic,oxic,-0.3107230739906894,-0.16934284069244945,-0.13292009814088493,-0.11849510741443349,174.19000000000005,residual_strongly_aligned;halite_na_cl_support;undersaturated_dissolution_support;salinity_increase_support
NGW-109,Regolith/alluvial shallow aquifer,Quaternary regolith/alluvium,valley alluvium,Upper East Region,Navrongo,False,0.018655463183841117,EC09,fluorite,trace_mineral,Ca;Mg;Na;K;HCO3;Cl;SO4;NO3;F,0.6799999999999999,0.6976763260710311,0.06991895117239427,rock,rock,freshening,freshening,oxic,oxic,-0.3107230739906894,-0.16934284069244945,-0.13292009814088493,-0.11849510741443349,174.19000000000005,gibbs_rock_support;fluorite_ca_f_support
NGW-109,Regolith/alluvial shallow aquifer,Quaternary regolith/alluvium,valley alluvium,Upper East Region,Navrongo,False,0.0,EC06,apatite,trace_mineral,Ca;Mg;Na;K;HCO3;Cl;SO4;NO3;F,0.58,0.8521437889662115,0.1138770526011929,rock,rock,freshening,freshening,oxic,oxic,-0.3107230739906894,-0.16934284069244945,-0.13292009814088493,-0.11849510741443349,174.19000000000005,gibbs_rock_support
NGW-109,Regolith/alluvial shallow aquifer,Quaternary regolith/alluvium,valley alluvium,Upper East Region,Navrongo,False,0.0,EC13,pyrite_oxidation,redox,Ca;Mg;Na;K;HCO3;Cl;SO4;NO3;F,0.5,1.0,0.04881941440003891,rock,rock,freshening,freshening,oxic,oxic,-0.3107230739906894,-0.16934284069244945,-0.13292009814088493,-0.11849510741443349,174.19000000000005,
NGW-109,Regolith/alluvial shallow aquifer,Quaternary regolith/alluvium,valley alluvium,Upper East Region,Navrongo,True,0.20881824960087148,EC03,NO3src,anthropogenic,Ca;Mg;Na;K;HCO3;Cl;SO4;NO3;F,0.6799999999999999,0.6976763260710311,0.09650613687637823,rock,rock,freshening,freshening,oxic,oxic,-0.3107230739906894,-0.16934284069244945,-0.13292009814088493,-0.11849510741443349,174.19000000000005,nitrate_increase_support
NGW-109,Regolith/alluvial shallow aquifer,Quaternary regolith/alluvium,valley alluvium,Upper East Region,Navrongo,False,0.0,EC07,denit,redox,Ca;Mg;Na;K;HCO3;Cl;SO4;NO3;F,0.33999999999999997,1.3771277643359572,0.11788164193627103,rock,rock,freshening,freshening,oxic,oxic,-0.3107230739906894,-0.16934284069244945,-0.13292009814088493,-0.11849510741443349,174.19000000000005,denitrification_no3_conflict
NGW-109,Regolith/alluvial shallow aquifer,Quaternary regolith/alluvium,valley alluvium,Upper East Region,Navrongo,False,0.0,EC01,CaNa_exch,ion_exchange,Ca;Mg;Na;K;HCO3;Cl;SO4;NO3;F,0.54,0.9231163463866358,-0.558067700772745,rock,rock,freshening,freshening,oxic,oxic,-0.3107230739906894,-0.16934284069244945,-0.13292009814088493,-0.11849510741443349,174.19000000000005,residual_opposed;cai_freshening_support
NGW-109,Regolith/alluvial shallow aquifer,Quaternary regolith/alluvium,valley alluvium,Upper East Region,Navrongo,False,0.0,EC01,NaCa_exch,ion_exchange,Ca;Mg;Na;K;HCO3;Cl;SO4;NO3;F,0.48,1.0408107741923882,0.558067700772745,rock,rock,freshening,freshening,oxic,oxic,-0.3107230739906894,-0.16934284069244945,-0.13292009814088493,-0.11849510741443349,174.19000000000005,residual_strongly_aligned;cai_freshening_conflict
NGW-109,Regolith/alluvial shallow aquifer,Quaternary regolith/alluvium,valley alluvium,Upper East Region,Navrongo,False,0.0,EC02,MgNa_exch,ion_exchange,Ca;Mg;Na;K;HCO3;Cl;SO4;NO3;F,0.54,0.9231163463866358,-0.5760724654236353,rock,rock,freshening,freshening,oxic,oxic,-0.3107230739906894,-0.16934284069244945,-0.13292009814088493,-0.11849510741443349,174.19000000000005,residual_opposed;cai_freshening_support
NGW-109,Regolith/alluvial shallow aquifer,Quaternary regolith/alluvium,valley alluvium,Upper East Region,Navrongo,False,0.0,EC02,NaMg_exch,ion_exchange,Ca;Mg;Na;K;HCO3;Cl;SO4;NO3;F,0.48,1.0408107741923882,0.5760724654236353,rock,rock,freshening,freshening,oxic,oxic,-0.3107230739906894,-0.16934284069244945,-0.13292009814088493,-0.11849510741443349,174.19000000000005,residual_strongly_aligned;cai_freshening_conflict
NGW-110,Granitoid fractured basement aquifer,Paleoproterozoic granitoid complex,granitoid saprolite,Upper East Region,Bawku,False,0.0,EC05,calcite,carbonate,Ca;Mg;Na;K;HCO3;Cl;SO4;NO3;F,0.7599999999999999,0.5945205479701945,0.6369373032006015,rock,rock,freshening,freshening,oxic,oxic,-0.29863705435685245,-0.20425122516889324,-0.1122546092585641,-0.11160798859379961,163.35000000000002,residual_strongly_aligned;gibbs_rock_support;carbonate_alkalinity_support;saturated_dissolution_conflict
NGW-110,Granitoid fractured basement aquifer,Paleoproterozoic granitoid complex,granitoid saprolite,Upper East Region,Bawku,True,0.09281371407679292,EC08,dolomite,carbonate,Ca;Mg;Na;K;HCO3;Cl;SO4;NO3;F,0.95,0.40656965974059917,0.6263656565987431,rock,rock,freshening,freshening,oxic,oxic,-0.29863705435685245,-0.20425122516889324,-0.1122546092585641,-0.11160798859379961,163.35000000000002,residual_strongly_aligned;gibbs_rock_support;carbonate_alkalinity_support;undersaturated_dissolution_support
NGW-110,Granitoid fractured basement aquifer,Paleoproterozoic granitoid complex,granitoid saprolite,Upper East Region,Bawku,False,0.028695104609734255,EC04,albite,silicate,Ca;Mg;Na;K;HCO3;Cl;SO4;NO3;F,0.8799999999999999,0.46766642700990935,0.8030497962793932,rock,rock,freshening,freshening,oxic,oxic,-0.29863705435685245,-0.20425122516889324,-0.1122546092585641,-0.11160798859379961,163.35000000000002,residual_strongly_aligned;gibbs_rock_support;albite_na_alkalinity_support
NGW-110,Granitoid fractured basement aquifer,Paleoproterozoic granitoid complex,granitoid saprolite,Upper East Region,Bawku,True,0.3485336657766013,EC05,anorthite,silicate,Ca;Mg;Na;K;HCO3;Cl;SO4;NO3;F,0.8799999999999999,0.46766642700990935,0.6369373032006015,rock,rock,freshening,freshening,oxic,oxic,-0.29863705435685245,-0.20425122516889324,-0.1122546092585641,-0.11160798859379961,163.35000000000002,residual_strongly_aligned;gibbs_rock_support;carbonate_alkalinity_support
NGW-110,Granitoid fractured basement aquifer,Paleoproterozoic granitoid complex,granitoid saprolite,Upper East Region,Bawku,True,0.10026892128252807,EC12,k_feldspar,silicate,Ca;Mg;Na;K;HCO3;Cl;SO4;NO3;F,0.7799999999999999,0.571209063848815,0.45782190180414334,rock,rock,freshening,freshening,oxic,oxic,-0.29863705435685245,-0.20425122516889324,-0.1122546092585641,-0.11160798859379961,163.35000000000002,residual_weakly_aligned;gibbs_rock_support;k_feldspar_k_alkalinity_support
NGW-110,Granitoid fractured basement aquifer,Paleoproterozoic granitoid complex,granitoid saprolite,Upper East Region,Bawku,False,0.0,EC10,gypsum,evaporite,Ca;Mg;Na;K;HCO3;Cl;SO4;NO3;F,0.64,0.7557837414557255,0.14292573725264823,rock,rock,freshening,freshening,oxic,oxic,-0.29863705435685245,-0.20425122516889324,-0.1122546092585641,-0.11160798859379961,163.35000000000002,undersaturated_dissolution_support;salinity_increase_support
NGW-110,Granitoid fractured basement aquifer,Paleoproterozoic granitoid complex,granitoid saprolite,Upper East Region,Bawku,True,1.0725888635366307,EC11,halite,evaporite,Ca;Mg;Na;K;HCO3;Cl;SO4;NO3;F,0.95,0.40656965974059917,0.7636093387461341,rock,rock,freshening,freshening,oxic,oxic,-0.29863705435685245,-0.20425122516889324,-0.1122546092585641,-0.11160798859379961,163.35000000000002,residual_strongly_aligned;halite_na_cl_support;undersaturated_dissolution_support;salinity_increase_support
NGW-110,Granitoid fractured basement aquifer,Paleoproterozoic granitoid complex,granitoid saprolite,Upper East Region,Bawku,False,0.0,EC09,fluorite,trace_mineral,Ca;Mg;Na;K;HCO3;Cl;SO4;NO3;F,0.6799999999999999,0.6976763260710311,0.11028949729713217,rock,rock,freshening,freshening,oxic,oxic,-0.29863705435685245,-0.20425122516889324,-0.1122546092585641,-0.11160798859379961,163.35000000000002,gibbs_rock_support;fluorite_ca_f_support
NGW-110,Granitoid fractured basement aquifer,Paleoproterozoic granitoid complex,granitoid saprolite,Upper East Region,Bawku,False,0.005832243245842135,EC06,apatite,trace_mineral,Ca;Mg;Na;K;HCO3;Cl;SO4;NO3;F,0.58,0.8521437889662115,0.23547749208644633,rock,rock,freshening,freshening,oxic,oxic,-0.29863705435685245,-0.20425122516889324,-0.1122546092585641,-0.11160798859379961,163.35000000000002,gibbs_rock_support
NGW-110,Granitoid fractured basement aquifer,Paleoproterozoic granitoid complex,granitoid saprolite,Upper East Region,Bawku,False,0.0,EC13,pyrite_oxidation,redox,Ca;Mg;Na;K;HCO3;Cl;SO4;NO3;F,0.5,1.0,-0.03729402187187514,rock,rock,freshening,freshening,oxic,oxic,-0.29863705435685245,-0.20425122516889324,-0.1122546092585641,-0.11160798859379961,163.35000000000002,
NGW-110,Granitoid fractured basement aquifer,Paleoproterozoic granitoid complex,granitoid saprolite,Upper East Region,Bawku,True,0.06760007320718904,EC03,NO3src,anthropogenic,Ca;Mg;Na;K;HCO3;Cl;SO4;NO3;F,0.6799999999999999,0.6976763260710311,0.042821180110185486,rock,rock,freshening,freshening,oxic,oxic,-0.29863705435685245,-0.20425122516889324,-0.1122546092585641,-0.11160798859379961,163.35000000000002,nitrate_increase_support
NGW-110,Granitoid fractured basement aquifer,Paleoproterozoic granitoid complex,granitoid saprolite,Upper East Region,Bawku,False,0.0,EC07,denit,redox,Ca;Mg;Na;K;HCO3;Cl;SO4;NO3;F,0.43999999999999995,1.1274968515793757,0.38861570786748106,rock,rock,freshening,freshening,oxic,oxic,-0.29863705435685245,-0.20425122516889324,-0.1122546092585641,-0.11160798859379961,163.35000000000002,residual_weakly_aligned;denitrification_no3_conflict
NGW-110,Granitoid fractured basement aquifer,Paleoproterozoic granitoid complex,granitoid saprolite,Upper East Region,Bawku,False,0.0,EC01,CaNa_exch,ion_exchange,Ca;Mg;Na;K;HCO3;Cl;SO4;NO3;F,0.54,0.9231163463866358,-0.37884926911023564,rock,rock,freshening,freshening,oxic,oxic,-0.29863705435685245,-0.20425122516889324,-0.1122546092585641,-0.11160798859379961,163.35000000000002,residual_opposed;cai_freshening_support
NGW-110,Granitoid fractured basement aquifer,Paleoproterozoic granitoid complex,granitoid saprolite,Upper East Region,Bawku,False,0.0,EC01,NaCa_exch,ion_exchange,Ca;Mg;Na;K;HCO3;Cl;SO4;NO3;F,0.38,1.2712491503214047,0.37884926911023564,rock,rock,freshening,freshening,oxic,oxic,-0.29863705435685245,-0.20425122516889324,-0.1122546092585641,-0.11160798859379961,163.35000000000002,residual_weakly_aligned;cai_freshening_conflict
NGW-110,Granitoid fractured basement aquifer,Paleoproterozoic granitoid complex,granitoid saprolite,Upper East Region,Bawku,False,0.0,EC02,MgNa_exch,ion_exchange,Ca;Mg;Na;K;HCO3;Cl;SO4;NO3;F,0.54,0.9231163463866358,-0.46427860173609653,rock,rock,freshening,freshening,oxic,oxic,-0.29863705435685245,-0.20425122516889324,-0.1122546092585641,-0.11160798859379961,163.35000000000002,residual_opposed;cai_freshening_support
NGW-110,Granitoid fractured basement aquifer,Paleoproterozoic granitoid complex,granitoid saprolite,Upper East Region,Bawku,False,0.0,EC02,NaMg_exch,ion_exchange,Ca;Mg;Na;K;HCO3;Cl;SO4;NO3;F,0.38,1.2712491503214047,0.46427860173609653,rock,rock,freshening,freshening,oxic,oxic,-0.29863705435685245,-0.20425122516889324,-0.1122546092585641,-0.11160798859379961,163.35000000000002,residual_weakly_aligned;cai_freshening_conflict
NGW-111,Granitoid fractured basement aquifer,Paleoproterozoic granitoid complex,gneissic fractured basement,Upper East Region,Zebilla,True,0.036197846985105024,EC05,calcite,carbonate,Ca;Mg;Na;K;HCO3;Cl;SO4;NO3;F,0.7799999999999999,0.571209063848815,0.5293113721797098,rock,rock,freshening,neutral,oxic,oxic,-0.2614882586089196,0.059017095257324514,-0.12615251068955274,0.03594702553318509,133.95999999999998,residual_weakly_aligned;gibbs_rock_support;carbonate_alkalinity_support
NGW-111,Granitoid fractured basement aquifer,Paleoproterozoic granitoid complex,gneissic fractured basement,Upper East Region,Zebilla,True,0.1100705535417338,EC08,dolomite,carbonate,Ca;Mg;Na;K;HCO3;Cl;SO4;NO3;F,0.95,0.40656965974059917,0.5507882455715665,rock,rock,freshening,neutral,oxic,oxic,-0.2614882586089196,0.059017095257324514,-0.12615251068955274,0.03594702553318509,133.95999999999998,residual_strongly_aligned;gibbs_rock_support;carbonate_alkalinity_support;undersaturated_dissolution_support
NGW-111,Granitoid fractured basement aquifer,Paleoproterozoic granitoid complex,gneissic fractured basement,Upper East Region,Zebilla,False,-0.0,EC04,albite,silicate,Ca;Mg;Na;K;HCO3;Cl;SO4;NO3;F,0.7799999999999999,0.571209063848815,0.5258857509563845,rock,rock,freshening,neutral,oxic,oxic,-0.2614882586089196,0.059017095257324514,-0.12615251068955274,0.03594702553318509,133.95999999999998,residual_weakly_aligned;gibbs_rock_support;albite_na_alkalinity_support
NGW-111,Granitoid fractured basement aquifer,Paleoproterozoic granitoid complex,gneissic fractured basement,Upper East Region,Zebilla,True,0.036197846985105024,EC05,anorthite,silicate,Ca;Mg;Na;K;HCO3;Cl;SO4;NO3;F,0.7799999999999999,0.571209063848815,0.5293113721797098,rock,rock,freshening,neutral,oxic,oxic,-0.2614882586089196,0.059017095257324514,-0.12615251068955274,0.03594702553318509,133.95999999999998,residual_weakly_aligned;gibbs_rock_support;carbonate_alkalinity_support
NGW-111,Granitoid fractured basement aquifer,Paleoproterozoic granitoid complex,gneissic fractured basement,Upper East Region,Zebilla,True,0.04317306884687217,EC12,k_feldspar,silicate,Ca;Mg;Na;K;HCO3;Cl;SO4;NO3;F,0.7799999999999999,0.571209063848815,0.3502921485110826,rock,rock,freshening,neutral,oxic,oxic,-0.2614882586089196,0.059017095257324514,-0.12615251068955274,0.03594702553318509,133.95999999999998,residual_weakly_aligned;gibbs_rock_support;k_feldspar_k_alkalinity_support
NGW-111,Granitoid fractured basement aquifer,Paleoproterozoic granitoid complex,gneissic fractured basement,Upper East Region,Zebilla,False,0.027463373915253657,EC10,gypsum,evaporite,Ca;Mg;Na;K;HCO3;Cl;SO4;NO3;F,0.78,0.5712090638488149,0.213312416209532,rock,rock,freshening,neutral,oxic,oxic,-0.2614882586089196,0.059017095257324514,-0.12615251068955274,0.03594702553318509,133.95999999999998,gypsum_ca_so4_support;undersaturated_dissolution_support;salinity_increase_support
NGW-111,Granitoid fractured basement aquifer,Paleoproterozoic granitoid complex,gneissic fractured basement,Upper East Region,Zebilla,True,0.9739540222450045,EC11,halite,evaporite,Ca;Mg;Na;K;HCO3;Cl;SO4;NO3;F,0.95,0.40656965974059917,0.7179836533433014,rock,rock,freshening,neutral,oxic,oxic,-0.2614882586089196,0.059017095257324514,-0.12615251068955274,0.03594702553318509,133.95999999999998,residual_strongly_aligned;halite_na_cl_support;undersaturated_dissolution_support;salinity_increase_support
NGW-111,Granitoid fractured basement aquifer,Paleoproterozoic granitoid complex,gneissic fractured basement,Upper East Region,Zebilla,False,0.004532921349192345,EC09,fluorite,trace_mineral,Ca;Mg;Na;K;HCO3;Cl;SO4;NO3;F,0.6799999999999999,0.6976763260710311,0.14897454604434107,rock,rock,freshening,neutral,oxic,oxic,-0.2614882586089196,0.059017095257324514,-0.12615251068955274,0.03594702553318509,133.95999999999998,gibbs_rock_support;fluorite_ca_f_support
NGW-111,Granitoid fractured basement aquifer,Paleoproterozoic granitoid complex,gneissic fractured basement,Upper East Region,Zebilla,False,0.018825968404628256,EC06,apatite,trace_mineral,Ca;Mg;Na;K;HCO3;Cl;SO4;NO3;F,0.6799999999999999,0.6976763260710311,0.2753533941486179,rock,rock,freshening,neutral,oxic,oxic,-0.2614882586089196,0.059017095257324514,-0.12615251068955274,0.03594702553318509,133.95999999999998,residual_weakly_aligned;gibbs_rock_support
NGW-111,Granitoid fractured basement aquifer,Paleoproterozoic granitoid complex,gneissic fractured basement,Upper East Region,Zebilla,False,0.0,EC13,pyrite_oxidation,redox,Ca;Mg;Na;K;HCO3;Cl;SO4;NO3;F,0.5,1.0,0.02667515114572828,rock,rock,freshening,neutral,oxic,oxic,-0.2614882586089196,0.059017095257324514,-0.12615251068955274,0.03594702553318509,133.95999999999998,
NGW-111,Granitoid fractured basement aquifer,Paleoproterozoic granitoid complex,gneissic fractured basement,Upper East Region,Zebilla,True,0.27557593298697614,EC03,NO3src,anthropogenic,Ca;Mg;Na;K;HCO3;Cl;SO4;NO3;F,0.6799999999999999,0.6976763260710311,0.21005484939298116,rock,rock,freshening,neutral,oxic,oxic,-0.2614882586089196,0.059017095257324514,-0.12615251068955274,0.03594702553318509,133.95999999999998,nitrate_increase_support
NGW-111,Granitoid fractured basement aquifer,Paleoproterozoic granitoid complex,gneissic fractured basement,Upper East Region,Zebilla,False,0.0,EC07,denit,redox,Ca;Mg;Na;K;HCO3;Cl;SO4;NO3;F,0.33999999999999997,1.3771277643359572,0.17270105547974007,rock,rock,freshening,neutral,oxic,oxic,-0.2614882586089196,0.059017095257324514,-0.12615251068955274,0.03594702553318509,133.95999999999998,denitrification_no3_conflict
NGW-111,Granitoid fractured basement aquifer,Paleoproterozoic granitoid complex,gneissic fractured basement,Upper East Region,Zebilla,True,0.061850554327505004,EC01,CaNa_exch,ion_exchange,Ca;Mg;Na;K;HCO3;Cl;SO4;NO3;F,0.5,1.0,-0.13588733264038885,rock,rock,freshening,neutral,oxic,oxic,-0.2614882586089196,0.059017095257324514,-0.12615251068955274,0.03594702553318509,133.95999999999998,
NGW-111,Granitoid fractured basement aquifer,Paleoproterozoic granitoid complex,gneissic fractured basement,Upper East Region,Zebilla,False,0.0,EC01,NaCa_exch,ion_exchange,Ca;Mg;Na;K;HCO3;Cl;SO4;NO3;F,0.5,1.0,0.13588733264038885,rock,rock,freshening,neutral,oxic,oxic,-0.2614882586089196,0.059017095257324514,-0.12615251068955274,0.03594702553318509,133.95999999999998,
NGW-111,Granitoid fractured basement aquifer,Paleoproterozoic granitoid complex,gneissic fractured basement,Upper East Region,Zebilla,True,0.2137407796166612,EC02,MgNa_exch,ion_exchange,Ca;Mg;Na;K;HCO3;Cl;SO4;NO3;F,0.5,1.0,-0.1494628583272285,rock,rock,freshening,neutral,oxic,oxic,-0.2614882586089196,0.059017095257324514,-0.12615251068955274,0.03594702553318509,133.95999999999998,
NGW-111,Granitoid fractured basement aquifer,Paleoproterozoic granitoid complex,gneissic fractured basement,Upper East Region,Zebilla,False,0.0,EC02,NaMg_exch,ion_exchange,Ca;Mg;Na;K;HCO3;Cl;SO4;NO3;F,0.5,1.0,0.1494628583272285,rock,rock,freshening,neutral,oxic,oxic,-0.2614882586089196,0.059017095257324514,-0.12615251068955274,0.03594702553318509,133.95999999999998,
NGW-113,Regolith/alluvial shallow aquifer,Quaternary regolith/alluvium,weathered regolith,Upper East Region,Bolgatanga,False,0.0,EC05,calcite,carbonate,Ca;Mg;Na;K;HCO3;Cl;SO4;NO3;F,0.8799999999999999,0.46766642700990935,0.3437419906992856,rock,rock,neutral,neutral,oxic,oxic,-0.07092265486559102,-0.0401938326183298,-0.03898184722299507,-0.029547115609326397,232.07000000000005,residual_weakly_aligned;gibbs_rock_support;carbonate_alkalinity_support;undersaturated_dissolution_support
NGW-113,Regolith/alluvial shallow aquifer,Quaternary regolith/alluvium,weathered regolith,Upper East Region,Bolgatanga,True,0.20467943036196,EC08,dolomite,carbonate,Ca;Mg;Na;K;HCO3;Cl;SO4;NO3;F,0.8799999999999999,0.46766642700990935,0.3872566447921268,rock,rock,neutral,neutral,oxic,oxic,-0.07092265486559102,-0.0401938326183298,-0.03898184722299507,-0.029547115609326397,232.07000000000005,residual_weakly_aligned;gibbs_rock_support;carbonate_alkalinity_support;undersaturated_dissolution_support
NGW-113,Regolith/alluvial shallow aquifer,Quaternary regolith/alluvium,weathered regolith,Upper East Region,Bolgatanga,False,0.0,EC04,albite,silicate,Ca;Mg;Na;K;HCO3;Cl;SO4;NO3;F,0.8799999999999999,0.46766642700990935,0.6682569189013658,rock,rock,neutral,neutral,oxic,oxic,-0.07092265486559102,-0.0401938326183298,-0.03898184722299507,-0.029547115609326397,232.07000000000005,residual_strongly_aligned;gibbs_rock_support;albite_na_alkalinity_support
NGW-113,Regolith/alluvial shallow aquifer,Quaternary regolith/alluvium,weathered regolith,Upper East Region,Bolgatanga,False,0.0,EC05,anorthite,silicate,Ca;Mg;Na;K;HCO3;Cl;SO4;NO3;F,0.7799999999999999,0.571209063848815,0.3437419906992856,rock,rock,neutral,neutral,oxic,oxic,-0.07092265486559102,-0.0401938326183298,-0.03898184722299507,-0.029547115609326397,232.07000000000005,residual_weakly_aligned;gibbs_rock_support;carbonate_alkalinity_support
NGW-113,Regolith/alluvial shallow aquifer,Quaternary regolith/alluvium,weathered regolith,Upper East Region,Bolgatanga,True,0.10109784139355961,EC12,k_feldspar,silicate,Ca;Mg;Na;K;HCO3;Cl;SO4;NO3;F,0.7799999999999999,0.571209063848815,0.2702462407563713,rock,rock,neutral,neutral,oxic,oxic,-0.07092265486559102,-0.0401938326183298,-0.03898184722299507,-0.029547115609326397,232.07000000000005,residual_weakly_aligned;gibbs_rock_support;k_feldspar_k_alkalinity_support
NGW-113,Regolith/alluvial shallow aquifer,Quaternary regolith/alluvium,weathered regolith,Upper East Region,Bolgatanga,True,0.17101426886417995,EC10,gypsum,evaporite,Ca;Mg;Na;K;HCO3;Cl;SO4;NO3;F,0.78,0.5712090638488149,0.12129558108915786,rock,rock,neutral,neutral,oxic,oxic,-0.07092265486559102,-0.0401938326183298,-0.03898184722299507,-0.029547115609326397,232.07000000000005,gypsum_ca_so4_support;undersaturated_dissolution_support;salinity_increase_support
NGW-113,Regolith/alluvial shallow aquifer,Quaternary regolith/alluvium,weathered regolith,Upper East Region,Bolgatanga,True,1.7904801149425242,EC11,halite,evaporite,Ca;Mg;Na;K;HCO3;Cl;SO4;NO3;F,0.95,0.40656965974059917,0.8976998060513679,rock,rock,neutral,neutral,oxic,oxic,-0.07092265486559102,-0.0401938326183298,-0.03898184722299507,-0.029547115609326397,232.07000000000005,residual_strongly_aligned;halite_na_cl_support;undersaturated_dissolution_support;salinity_increase_support
NGW-113,Regolith/alluvial shallow aquifer,Quaternary regolith/alluvium,weathered regolith,Upper East Region,Bolgatanga,False,0.008092010323153216,EC09,fluorite,trace_mineral,Ca;Mg;Na;K;HCO3;Cl;SO4;NO3;F,0.6799999999999999,0.6976763260710311,0.06135074741015412,rock,rock,neutral,neutral,oxic,oxic,-0.07092265486559102,-0.0401938326183298,-0.03898184722299507,-0.029547115609326397,232.07000000000005,gibbs_rock_support;fluorite_ca_f_support
NGW-113,Regolith/alluvial shallow aquifer,Quaternary regolith/alluvium,weathered regolith,Upper East Region,Bolgatanga,False,0.014755074301380651,EC06,apatite,trace_mineral,Ca;Mg;Na;K;HCO3;Cl;SO4;NO3;F,0.58,0.8521437889662115,0.10611272443824081,rock,rock,neutral,neutral,oxic,oxic,-0.07092265486559102,-0.0401938326183298,-0.03898184722299507,-0.029547115609326397,232.07000000000005,gibbs_rock_support
NGW-113,Regolith/alluvial shallow aquifer,Quaternary regolith/alluvium,weathered regolith,Upper East Region,Bolgatanga,False,0.0,EC13,pyrite_oxidation,redox,Ca;Mg;Na;K;HCO3;Cl;SO4;NO3;F,0.5,1.0,0.0665426043408077,rock,rock,neutral,neutral,oxic,oxic,-0.07092265486559102,-0.0401938326183298,-0.03898184722299507,-0.029547115609326397,232.07000000000005,
NGW-113,Regolith/alluvial shallow aquifer,Quaternary regolith/alluvium,weathered regolith,Upper East Region,Bolgatanga,True,0.3712191524536065,EC03,NO3src,anthropogenic,Ca;Mg;Na;K;HCO3;Cl;SO4;NO3;F,0.6799999999999999,0.6976763260710311,0.14301089926512547,rock,rock,neutral,neutral,oxic,oxic,-0.07092265486559102,-0.0401938326183298,-0.03898184722299507,-0.029547115609326397,232.07000000000005,nitrate_increase_support
NGW-113,Regolith/alluvial shallow aquifer,Quaternary regolith/alluvium,weathered regolith,Upper East Region,Bolgatanga,False,0.0,EC07,denit,redox,Ca;Mg;Na;K;HCO3;Cl;SO4;NO3;F,0.33999999999999997,1.3771277643359572,0.1335065006976033,rock,rock,neutral,neutral,oxic,oxic,-0.07092265486559102,-0.0401938326183298,-0.03898184722299507,-0.029547115609326397,232.07000000000005,denitrification_no3_conflict
NGW-113,Regolith/alluvial shallow aquifer,Quaternary regolith/alluvium,weathered regolith,Upper East Region,Bolgatanga,False,0.0,EC01,CaNa_exch,ion_exchange,Ca;Mg;Na;K;HCO3;Cl;SO4;NO3;F,0.32,1.4333294145603401,-0.501543579658611,rock,rock,neutral,neutral,oxic,oxic,-0.07092265486559102,-0.0401938326183298,-0.03898184722299507,-0.029547115609326397,232.07000000000005,residual_opposed
NGW-113,Regolith/alluvial shallow aquifer,Quaternary regolith/alluvium,weathered regolith,Upper East Region,Bolgatanga,True,0.18704199612906441,EC01,NaCa_exch,ion_exchange,Ca;Mg;Na;K;HCO3;Cl;SO4;NO3;F,0.6,0.8187307530779819,0.501543579658611,rock,rock,neutral,neutral,oxic,oxic,-0.07092265486559102,-0.0401938326183298,-0.03898184722299507,-0.029547115609326397,232.07000000000005,residual_weakly_aligned
NGW-113,Regolith/alluvial shallow aquifer,Quaternary regolith/alluvium,weathered regolith,Upper East Region,Bolgatanga,True,0.2566665395439831,EC02,MgNa_exch,ion_exchange,Ca;Mg;Na;K;HCO3;Cl;SO4;NO3;F,0.32,1.4333294145603401,-0.45425973911044004,rock,rock,neutral,neutral,oxic,oxic,-0.07092265486559102,-0.0401938326183298,-0.03898184722299507,-0.029547115609326397,232.07000000000005,residual_opposed
NGW-113,Regolith/alluvial shallow aquifer,Quaternary regolith/alluvium,weathered regolith,Upper East Region,Bolgatanga,False,0.0,EC02,NaMg_exch,ion_exchange,Ca;Mg;Na;K;HCO3;Cl;SO4;NO3;F,0.6,0.8187307530779819,0.45425973911044004,rock,rock,neutral,neutral,oxic,oxic,-0.07092265486559102,-0.0401938326183298,-0.03898184722299507,-0.029547115609326397,232.07000000000005,residual_weakly_aligned
NGW-114,Granitoid fractured basement aquifer,Paleoproterozoic granitoid complex,granitoid saprolite,Upper East Region,Bongo,False,0.0,EC05,calcite,carbonate,Ca;Mg;Na;K;HCO3;Cl;SO4;NO3;F,0.8799999999999999,0.46766642700990935,0.42764484637029654,rock,rock,neutral,freshening,oxic,oxic,-0.05939735499854602,-0.19130562262641418,-0.024681579407426133,-0.10884095089676096,263.60999999999996,residual_weakly_aligned;gibbs_rock_support;carbonate_alkalinity_support;undersaturated_dissolution_support
NGW-114,Granitoid fractured basement aquifer,Paleoproterozoic granitoid complex,granitoid saprolite,Upper East Region,Bongo,True,0.27712523423983765,EC08,dolomite,carbonate,Ca;Mg;Na;K;HCO3;Cl;SO4;NO3;F,0.8799999999999999,0.46766642700990935,0.4513455551716074,rock,rock,neutral,freshening,oxic,oxic,-0.05939735499854602,-0.19130562262641418,-0.024681579407426133,-0.10884095089676096,263.60999999999996,residual_weakly_aligned;gibbs_rock_support;carbonate_alkalinity_support;undersaturated_dissolution_support
NGW-114,Granitoid fractured basement aquifer,Paleoproterozoic granitoid complex,granitoid saprolite,Upper East Region,Bongo,False,0.027042216211103514,EC04,albite,silicate,Ca;Mg;Na;K;HCO3;Cl;SO4;NO3;F,0.8799999999999999,0.46766642700990935,0.7626866218693259,rock,rock,neutral,freshening,oxic,oxic,-0.05939735499854602,-0.19130562262641418,-0.024681579407426133,-0.10884095089676096,263.60999999999996,residual_strongly_aligned;gibbs_rock_support;albite_na_alkalinity_support
NGW-114,Granitoid fractured basement aquifer,Paleoproterozoic granitoid complex,granitoid saprolite,Upper East Region,Bongo,False,0.0,EC05,anorthite,silicate,Ca;Mg;Na;K;HCO3;Cl;SO4;NO3;F,0.7799999999999999,0.571209063848815,0.42764484637029654,rock,rock,neutral,freshening,oxic,oxic,-0.05939735499854602,-0.19130562262641418,-0.024681579407426133,-0.10884095089676096,263.60999999999996,residual_weakly_aligned;gibbs_rock_support;carbonate_alkalinity_support
NGW-114,Granitoid fractured basement aquifer,Paleoproterozoic granitoid complex,granitoid saprolite,Upper East Region,Bongo,True,0.06706926405582427,EC12,k_feldspar,silicate,Ca;Mg;Na;K;HCO3;Cl;SO4;NO3;F,0.7799999999999999,0.571209063848815,0.3133479430540724,rock,rock,neutral,freshening,oxic,oxic,-0.05939735499854602,-0.19130562262641418,-0.024681579407426133,-0.10884095089676096,263.60999999999996,residual_weakly_aligned;gibbs_rock_support;k_feldspar_k_alkalinity_support
NGW-114,Granitoid fractured basement aquifer,Paleoproterozoic granitoid complex,granitoid saprolite,Upper East Region,Bongo,True,0.2466211927291266,EC10,gypsum,evaporite,Ca;Mg;Na;K;HCO3;Cl;SO4;NO3;F,0.78,0.5712090638488149,0.16065669145858935,rock,rock,neutral,freshening,oxic,oxic,-0.05939735499854602,-0.19130562262641418,-0.024681579407426133,-0.10884095089676096,263.60999999999996,gypsum_ca_so4_support;undersaturated_dissolution_support;salinity_increase_support
NGW-114,Granitoid fractured basement aquifer,Paleoproterozoic granitoid complex,granitoid saprolite,Upper East Region,Bongo,True,1.610296141952875,EC11,halite,evaporite,Ca;Mg;Na;K;HCO3;Cl;SO4;NO3;F,0.95,0.40656965974059917,0.8649152175495147,rock,rock,neutral,freshening,oxic,oxic,-0.05939735499854602,-0.19130562262641418,-0.024681579407426133,-0.10884095089676096,263.60999999999996,residual_strongly_aligned;halite_na_cl_support;undersaturated_dissolution_support;salinity_increase_support
NGW-114,Granitoid fractured basement aquifer,Paleoproterozoic granitoid complex,granitoid saprolite,Upper East Region,Bongo,True,0.03597569067764164,EC09,fluorite,trace_mineral,Ca;Mg;Na;K;HCO3;Cl;SO4;NO3;F,0.6799999999999999,0.6976763260710311,0.0881739961621972,rock,rock,neutral,freshening,oxic,oxic,-0.05939735499854602,-0.19130562262641418,-0.024681579407426133,-0.10884095089676096,263.60999999999996,gibbs_rock_support;fluorite_ca_f_support
NGW-114,Granitoid fractured basement aquifer,Paleoproterozoic granitoid complex,granitoid saprolite,Upper East Region,Bongo,False,0.0,EC06,apatite,trace_mineral,Ca;Mg;Na;K;HCO3;Cl;SO4;NO3;F,0.58,0.8521437889662115,0.1410133889248675,rock,rock,neutral,freshening,oxic,oxic,-0.05939735499854602,-0.19130562262641418,-0.024681579407426133,-0.10884095089676096,263.60999999999996,gibbs_rock_support
NGW-114,Granitoid fractured basement aquifer,Paleoproterozoic granitoid complex,granitoid saprolite,Upper East Region,Bongo,False,0.0,EC13,pyrite_oxidation,redox,Ca;Mg;Na;K;HCO3;Cl;SO4;NO3;F,0.5,1.0,0.08932542813061377,rock,rock,neutral,freshening,oxic,oxic,-0.05939735499854602,-0.19130562262641418,-0.024681579407426133,-0.10884095089676096,263.60999999999996,
NGW-114,Granitoid fractured basement aquifer,Paleoproterozoic granitoid complex,granitoid saprolite,Upper East Region,Bongo,True,0.47761421035021034,EC03,NO3src,anthropogenic,Ca;Mg;Na;K;HCO3;Cl;SO4;NO3;F,0.6799999999999999,0.6976763260710311,0.17058780466642387,rock,rock,neutral,freshening,oxic,oxic,-0.05939735499854602,-0.19130562262641418,-0.024681579407426133,-0.10884095089676096,263.60999999999996,nitrate_increase_support
NGW-114,Granitoid fractured basement aquifer,Paleoproterozoic granitoid complex,granitoid saprolite,Upper East Region,Bongo,False,0.0,EC07,denit,redox,Ca;Mg;Na;K;HCO3;Cl;SO4;NO3;F,0.33999999999999997,1.3771277643359572,0.168712104825857,rock,rock,neutral,freshening,oxic,oxic,-0.05939735499854602,-0.19130562262641418,-0.024681579407426133,-0.10884095089676096,263.60999999999996,denitrification_no3_conflict
NGW-114,Granitoid fractured basement aquifer,Paleoproterozoic granitoid complex,granitoid saprolite,Upper East Region,Bongo,False,0.0,EC01,CaNa_exch,ion_exchange,Ca;Mg;Na;K;HCO3;Cl;SO4;NO3;F,0.54,0.9231163463866358,-0.5370859000483662,rock,rock,neutral,freshening,oxic,oxic,-0.05939735499854602,-0.19130562262641418,-0.024681579407426133,-0.10884095089676096,263.60999999999996,residual_opposed;cai_freshening_support
NGW-114,Granitoid fractured basement aquifer,Paleoproterozoic granitoid complex,granitoid saprolite,Upper East Region,Bongo,True,0.17112785353822907,EC01,NaCa_exch,ion_exchange,Ca;Mg;Na;K;HCO3;Cl;SO4;NO3;F,0.38,1.2712491503214047,0.5370859000483662,rock,rock,neutral,freshening,oxic,oxic,-0.05939735499854602,-0.19130562262641418,-0.024681579407426133,-0.10884095089676096,263.60999999999996,residual_weakly_aligned;cai_freshening_conflict
NGW-114,Granitoid fractured basement aquifer,Paleoproterozoic granitoid complex,granitoid saprolite,Upper East Region,Bongo,False,0.025127013904394212,EC02,MgNa_exch,ion_exchange,Ca;Mg;Na;K;HCO3;Cl;SO4;NO3;F,0.54,0.9231163463866358,-0.5360076131076781,rock,rock,neutral,freshening,oxic,oxic,-0.05939735499854602,-0.19130562262641418,-0.024681579407426133,-0.10884095089676096,263.60999999999996,residual_opposed;cai_freshening_support
NGW-114,Granitoid fractured basement aquifer,Paleoproterozoic granitoid complex,granitoid saprolite,Upper East Region,Bongo,False,0.0,EC02,NaMg_exch,ion_exchange,Ca;Mg;Na;K;HCO3;Cl;SO4;NO3;F,0.38,1.2712491503214047,0.5360076131076781,rock,rock,neutral,freshening,oxic,oxic,-0.05939735499854602,-0.19130562262641418,-0.024681579407426133,-0.10884095089676096,263.60999999999996,residual_weakly_aligned;cai_freshening_conflict
NGW-117,Regolith/alluvial shallow aquifer,Quaternary regolith/alluvium,valley alluvium,Upper East Region,Paga,False,0.010965609073093196,EC05,calcite,carbonate,Ca;Mg;Na;K;HCO3;Cl;SO4;NO3;F,0.8799999999999999,0.46766642700990935,0.3591759754687881,rock,rock,freshening,freshening,oxic,oxic,-0.5821655696024148,-0.20815825479359695,-0.20540723828768437,-0.12949851284127123,161.89999999999998,residual_weakly_aligned;gibbs_rock_support;carbonate_alkalinity_support;undersaturated_dissolution_support
NGW-117,Regolith/alluvial shallow aquifer,Quaternary regolith/alluvium,valley alluvium,Upper East Region,Paga,True,0.16224471554162267,EC08,dolomite,carbonate,Ca;Mg;Na;K;HCO3;Cl;SO4;NO3;F,0.8799999999999999,0.46766642700990935,0.38139690271516963,rock,rock,freshening,freshening,oxic,oxic,-0.5821655696024148,-0.20815825479359695,-0.20540723828768437,-0.12949851284127123,161.89999999999998,residual_weakly_aligned;gibbs_rock_support;carbonate_alkalinity_support;undersaturated_dissolution_support
NGW-117,Regolith/alluvial shallow aquifer,Quaternary regolith/alluvium,valley alluvium,Upper East Region,Paga,False,0.0,EC04,albite,silicate,Ca;Mg;Na;K;HCO3;Cl;SO4;NO3;F,0.8799999999999999,0.46766642700990935,0.6751483884404633,rock,rock,freshening,freshening,oxic,oxic,-0.5821655696024148,-0.20815825479359695,-0.20540723828768437,-0.12949851284127123,161.89999999999998,residual_strongly_aligned;gibbs_rock_support;albite_na_alkalinity_support
NGW-117,Regolith/alluvial shallow aquifer,Quaternary regolith/alluvium,valley alluvium,Upper East Region,Paga,False,0.010965609073093196,EC05,anorthite,silicate,Ca;Mg;Na;K;HCO3;Cl;SO4;NO3;F,0.7799999999999999,0.571209063848815,0.3591759754687881,rock,rock,freshening,freshening,oxic,oxic,-0.5821655696024148,-0.20815825479359695,-0.20540723828768437,-0.12949851284127123,161.89999999999998,residual_weakly_aligned;gibbs_rock_support;carbonate_alkalinity_support
NGW-117,Regolith/alluvial shallow aquifer,Quaternary regolith/alluvium,valley alluvium,Upper East Region,Paga,True,0.06048326288506693,EC12,k_feldspar,silicate,Ca;Mg;Na;K;HCO3;Cl;SO4;NO3;F,0.7799999999999999,0.571209063848815,0.2712257910349909,rock,rock,freshening,freshening,oxic,oxic,-0.5821655696024148,-0.20815825479359695,-0.20540723828768437,-0.12949851284127123,161.89999999999998,residual_weakly_aligned;gibbs_rock_support;k_feldspar_k_alkalinity_support
NGW-117,Regolith/alluvial shallow aquifer,Quaternary regolith/alluvium,valley alluvium,Upper East Region,Paga,False,0.028583098944673098,EC10,gypsum,evaporite,Ca;Mg;Na;K;HCO3;Cl;SO4;NO3;F,0.78,0.5712090638488149,0.08681478148640179,rock,rock,freshening,freshening,oxic,oxic,-0.5821655696024148,-0.20815825479359695,-0.20540723828768437,-0.12949851284127123,161.89999999999998,gypsum_ca_so4_support;undersaturated_dissolution_support;salinity_increase_support
NGW-117,Regolith/alluvial shallow aquifer,Quaternary regolith/alluvium,valley alluvium,Upper East Region,Paga,True,1.4725313592645057,EC11,halite,evaporite,Ca;Mg;Na;K;HCO3;Cl;SO4;NO3;F,0.95,0.40656965974059917,0.9190885999516264,rock,rock,freshening,freshening,oxic,oxic,-0.5821655696024148,-0.20815825479359695,-0.20540723828768437,-0.12949851284127123,161.89999999999998,residual_strongly_aligned;halite_na_cl_support;undersaturated_dissolution_support;salinity_increase_support
NGW-117,Regolith/alluvial shallow aquifer,Quaternary regolith/alluvium,valley alluvium,Upper East Region,Paga,False,0.0,EC09,fluorite,trace_mineral,Ca;Mg;Na;K;HCO3;Cl;SO4;NO3;F,0.6799999999999999,0.6976763260710311,0.04804570191860189,rock,rock,freshening,freshening,oxic,oxic,-0.5821655696024148,-0.20815825479359695,-0.20540723828768437,-0.12949851284127123,161.89999999999998,gibbs_rock_support;fluorite_ca_f_support
NGW-117,Regolith/alluvial shallow aquifer,Quaternary regolith/alluvium,valley alluvium,Upper East Region,Paga,False,0.0,EC06,apatite,trace_mineral,Ca;Mg;Na;K;HCO3;Cl;SO4;NO3;F,0.58,0.8521437889662115,0.1002709000460254,rock,rock,freshening,freshening,oxic,oxic,-0.5821655696024148,-0.20815825479359695,-0.20540723828768437,-0.12949851284127123,161.89999999999998,gibbs_rock_support
NGW-117,Regolith/alluvial shallow aquifer,Quaternary regolith/alluvium,valley alluvium,Upper East Region,Paga,False,0.0,EC13,pyrite_oxidation,redox,Ca;Mg;Na;K;HCO3;Cl;SO4;NO3;F,0.5,1.0,0.02109318623211449,rock,rock,freshening,freshening,oxic,oxic,-0.5821655696024148,-0.20815825479359695,-0.20540723828768437,-0.12949851284127123,161.89999999999998,
NGW-117,Regolith/alluvial shallow aquifer,Quaternary regolith/alluvium,valley alluvium,Upper East Region,Paga,True,0.10595364611410966,EC03,NO3src,anthropogenic,Ca;Mg;Na;K;HCO3;Cl;SO4;NO3;F,0.6799999999999999,0.6976763260710311,0.05749902877682205,rock,rock,freshening,freshening,oxic,oxic,-0.5821655696024148,-0.20815825479359695,-0.20540723828768437,-0.12949851284127123,161.89999999999998,nitrate_increase_support
NGW-117,Regolith/alluvial shallow aquifer,Quaternary regolith/alluvium,valley alluvium,Upper East Region,Paga,False,0.0,EC07,denit,redox,Ca;Mg;Na;K;HCO3;Cl;SO4;NO3;F,0.33999999999999997,1.3771277643359572,0.20734576443138086,rock,rock,freshening,freshening,oxic,oxic,-0.5821655696024148,-0.20815825479359695,-0.20540723828768437,-0.12949851284127123,161.89999999999998,denitrification_no3_conflict
NGW-117,Regolith/alluvial shallow aquifer,Quaternary regolith/alluvium,valley alluvium,Upper East Region,Paga,False,0.0,EC01,CaNa_exch,ion_exchange,Ca;Mg;Na;K;HCO3;Cl;SO4;NO3;F,0.54,0.9231163463866358,-0.49482669095679604,rock,rock,freshening,freshening,oxic,oxic,-0.5821655696024148,-0.20815825479359695,-0.20540723828768437,-0.12949851284127123,161.89999999999998,residual_opposed;cai_freshening_support
NGW-117,Regolith/alluvial shallow aquifer,Quaternary regolith/alluvium,valley alluvium,Upper East Region,Paga,False,0.0,EC01,NaCa_exch,ion_exchange,Ca;Mg;Na;K;HCO3;Cl;SO4;NO3;F,0.38,1.2712491503214047,0.49482669095679604,rock,rock,freshening,freshening,oxic,oxic,-0.5821655696024148,-0.20815825479359695,-0.20540723828768437,-0.12949851284127123,161.89999999999998,residual_weakly_aligned;cai_freshening_conflict
NGW-117,Regolith/alluvial shallow aquifer,Quaternary regolith/alluvium,valley alluvium,Upper East Region,Paga,True,0.06657863079058951,EC02,MgNa_exch,ion_exchange,Ca;Mg;Na;K;HCO3;Cl;SO4;NO3;F,0.54,0.9231163463866358,-0.4895288988262161,rock,rock,freshening,freshening,oxic,oxic,-0.5821655696024148,-0.20815825479359695,-0.20540723828768437,-0.12949851284127123,161.89999999999998,residual_opposed;cai_freshening_support
NGW-117,Regolith/alluvial shallow aquifer,Quaternary regolith/alluvium,valley alluvium,Upper East Region,Paga,False,0.0,EC02,NaMg_exch,ion_exchange,Ca;Mg;Na;K;HCO3;Cl;SO4;NO3;F,0.38,1.2712491503214047,0.4895288988262161,rock,rock,freshening,freshening,oxic,oxic,-0.5821655696024148,-0.20815825479359695,-0.20540723828768437,-0.12949851284127123,161.89999999999998,residual_weakly_aligned;cai_freshening_conflict
NGW-118,Birimian fractured basement aquifer,Birimian Supergroup,greenstone belt fracture network,Upper East Region,Paga,False,0.0,EC05,calcite,carbonate,Ca;Mg;Na;K;HCO3;Cl;SO4;NO3;F,0.8799999999999999,0.46766642700990935,0.6136026164384617,rock,rock,freshening,freshening,oxic,oxic,-0.5665370611900005,-0.4704130529815596,-0.22628143471959608,-0.2088131232859417,177.61000000000007,residual_strongly_aligned;gibbs_rock_support;carbonate_alkalinity_support
NGW-118,Birimian fractured basement aquifer,Birimian Supergroup,greenstone belt fracture network,Upper East Region,Paga,True,0.2934700301945248,EC08,dolomite,carbonate,Ca;Mg;Na;K;HCO3;Cl;SO4;NO3;F,0.95,0.40656965974059917,0.6670867280793862,rock,rock,freshening,freshening,oxic,oxic,-0.5665370611900005,-0.4704130529815596,-0.22628143471959608,-0.2088131232859417,177.61000000000007,residual_strongly_aligned;gibbs_rock_support;carbonate_alkalinity_support;undersaturated_dissolution_support
NGW-118,Birimian fractured basement aquifer,Birimian Supergroup,greenstone belt fracture network,Upper East Region,Paga,True,0.044239258669524696,EC04,albite,silicate,Ca;Mg;Na;K;HCO3;Cl;SO4;NO3;F,0.8799999999999999,0.46766642700990935,0.8532092417322281,rock,rock,freshening,freshening,oxic,oxic,-0.5665370611900005,-0.4704130529815596,-0.22628143471959608,-0.2088131232859417,177.61000000000007,residual_strongly_aligned;gibbs_rock_support;albite_na_alkalinity_support
NGW-118,Birimian fractured basement aquifer,Birimian Supergroup,greenstone belt fracture network,Upper East Region,Paga,False,0.0,EC05,anorthite,silicate,Ca;Mg;Na;K;HCO3;Cl;SO4;NO3;F,0.8799999999999999,0.46766642700990935,0.6136026164384617,rock,rock,freshening,freshening,oxic,oxic,-0.5665370611900005,-0.4704130529815596,-0.22628143471959608,-0.2088131232859417,177.61000000000007,residual_strongly_aligned;gibbs_rock_support;carbonate_alkalinity_support
NGW-118,Birimian fractured basement aquifer,Birimian Supergroup,greenstone belt fracture network,Upper East Region,Paga,False,0.01106208647046838,EC12,k_feldspar,silicate,Ca;Mg;Na;K;HCO3;Cl;SO4;NO3;F,0.7799999999999999,0.571209063848815,0.4566843429686584,rock,rock,freshening,freshening,oxic,oxic,-0.5665370611900005,-0.4704130529815596,-0.22628143471959608,-0.2088131232859417,177.61000000000007,residual_weakly_aligned;gibbs_rock_support;k_feldspar_k_alkalinity_support
NGW-118,Birimian fractured basement aquifer,Birimian Supergroup,greenstone belt fracture network,Upper East Region,Paga,False,0.02665100909547475,EC10,gypsum,evaporite,Ca;Mg;Na;K;HCO3;Cl;SO4;NO3;F,0.78,0.5712090638488149,0.1379001763068564,rock,rock,freshening,freshening,oxic,oxic,-0.5665370611900005,-0.4704130529815596,-0.22628143471959608,-0.2088131232859417,177.61000000000007,gypsum_ca_so4_support;undersaturated_dissolution_support;salinity_increase_support
NGW-118,Birimian fractured basement aquifer,Birimian Supergroup,greenstone belt fracture network,Upper East Region,Paga,True,0.8736318967891634,EC11,halite,evaporite,Ca;Mg;Na;K;HCO3;Cl;SO4;NO3;F,0.95,0.40656965974059917,0.7282213466001498,rock,rock,freshening,freshening,oxic,oxic,-0.5665370611900005,-0.4704130529815596,-0.22628143471959608,-0.2088131232859417,177.61000000000007,residual_strongly_aligned;halite_na_cl_support;undersaturated_dissolution_support;salinity_increase_support
NGW-118,Birimian fractured basement aquifer,Birimian Supergroup,greenstone belt fracture network,Upper East Region,Paga,False,0.014256683704121713,EC09,fluorite,trace_mineral,Ca;Mg;Na;K;HCO3;Cl;SO4;NO3;F,0.6799999999999999,0.6976763260710311,0.07474638228144807,rock,rock,freshening,freshening,oxic,oxic,-0.5665370611900005,-0.4704130529815596,-0.22628143471959608,-0.2088131232859417,177.61000000000007,gibbs_rock_support;fluorite_ca_f_support
NGW-118,Birimian fractured basement aquifer,Birimian Supergroup,greenstone belt fracture network,Upper East Region,Paga,False,0.0,EC06,apatite,trace_mineral,Ca;Mg;Na;K;HCO3;Cl;SO4;NO3;F,0.58,0.8521437889662115,0.12178866876750608,rock,rock,freshening,freshening,oxic,oxic,-0.5665370611900005,-0.4704130529815596,-0.22628143471959608,-0.2088131232859417,177.61000000000007,gibbs_rock_support
NGW-118,Birimian fractured basement aquifer,Birimian Supergroup,greenstone belt fracture network,Upper East Region,Paga,True,0.05074692256766687,EC13,pyrite_oxidation,redox,Ca;Mg;Na;K;HCO3;Cl;SO4;NO3;F,0.5,1.0,0.07559056566385289,rock,rock,freshening,freshening,oxic,oxic,-0.5665370611900005,-0.4704130529815596,-0.22628143471959608,-0.2088131232859417,177.61000000000007,
NGW-118,Birimian fractured basement aquifer,Birimian Supergroup,greenstone belt fracture network,Upper East Region,Paga,True,0.12793874857539886,EC03,NO3src,anthropogenic,Ca;Mg;Na;K;HCO3;Cl;SO4;NO3;F,0.6799999999999999,0.6976763260710311,0.07555313123452635,rock,rock,freshening,freshening,oxic,oxic,-0.5665370611900005,-0.4704130529815596,-0.22628143471959608,-0.2088131232859417,177.61000000000007,nitrate_increase_support
NGW-118,Birimian fractured basement aquifer,Birimian Supergroup,greenstone belt fracture network,Upper East Region,Paga,False,0.0,EC07,denit,redox,Ca;Mg;Na;K;HCO3;Cl;SO4;NO3;F,0.43999999999999995,1.1274968515793757,0.3894465427441334,rock,rock,freshening,freshening,oxic,oxic,-0.5665370611900005,-0.4704130529815596,-0.22628143471959608,-0.2088131232859417,177.61000000000007,residual_weakly_aligned;denitrification_no3_conflict
NGW-118,Birimian fractured basement aquifer,Birimian Supergroup,greenstone belt fracture network,Upper East Region,Paga,False,0.0,EC01,CaNa_exch,ion_exchange,Ca;Mg;Na;K;HCO3;Cl;SO4;NO3;F,0.54,0.9231163463866358,-0.46563119339314923,rock,rock,freshening,freshening,oxic,oxic,-0.5665370611900005,-0.4704130529815596,-0.22628143471959608,-0.2088131232859417,177.61000000000007,residual_opposed;cai_freshening_support
NGW-118,Birimian fractured basement aquifer,Birimian Supergroup,greenstone belt fracture network,Upper East Region,Paga,True,0.10779659932065025,EC01,NaCa_exch,ion_exchange,Ca;Mg;Na;K;HCO3;Cl;SO4;NO3;F,0.38,1.2712491503214047,0.46563119339314923,rock,rock,freshening,freshening,oxic,oxic,-0.5665370611900005,-0.4704130529815596,-0.22628143471959608,-0.2088131232859417,177.61000000000007,residual_weakly_aligned;cai_freshening_conflict
NGW-118,Birimian fractured basement aquifer,Birimian Supergroup,greenstone belt fracture network,Upper East Region,Paga,False,0.010667049767181816,EC02,MgNa_exch,ion_exchange,Ca;Mg;Na;K;HCO3;Cl;SO4;NO3;F,0.54,0.9231163463866358,-0.42712835170991603,rock,rock,freshening,freshening,oxic,oxic,-0.5665370611900005,-0.4704130529815596,-0.22628143471959608,-0.2088131232859417,177.61000000000007,residual_opposed;cai_freshening_support
NGW-118,Birimian fractured basement aquifer,Birimian Supergroup,greenstone belt fracture network,Upper East Region,Paga,False,0.0,EC02,NaMg_exch,ion_exchange,Ca;Mg;Na;K;HCO3;Cl;SO4;NO3;F,0.38,1.2712491503214047,0.42712835170991603,rock,rock,freshening,freshening,oxic,oxic,-0.5665370611900005,-0.4704130529815596,-0.22628143471959608,-0.2088131232859417,177.61000000000007,residual_weakly_aligned;cai_freshening_conflict
NGW-119,Regolith/alluvial shallow aquifer,Quaternary regolith/alluvium,lateritic saprolite,Upper East Region,Garu,False,0.0,EC05,calcite,carbonate,Ca;Mg;Na;K;HCO3;Cl;SO4;NO3;F,0.7599999999999999,0.5945205479701945,0.6316202670211174,rock,rock,freshening,freshening,oxic,oxic,-0.33662225933445644,-0.20921343742919338,-0.18121837085890552,-0.1251986600177871,220.20999999999992,residual_strongly_aligned;gibbs_rock_support;carbonate_alkalinity_support;saturated_dissolution_conflict
NGW-119,Regolith/alluvial shallow aquifer,Quaternary regolith/alluvium,lateritic saprolite,Upper East Region,Garu,True,0.25910174878334136,EC08,dolomite,carbonate,Ca;Mg;Na;K;HCO3;Cl;SO4;NO3;F,0.95,0.40656965974059917,0.6377167562793323,rock,rock,freshening,freshening,oxic,oxic,-0.33662225933445644,-0.20921343742919338,-0.18121837085890552,-0.1251986600177871,220.20999999999992,residual_strongly_aligned;gibbs_rock_support;carbonate_alkalinity_support;undersaturated_dissolution_support
NGW-119,Regolith/alluvial shallow aquifer,Quaternary regolith/alluvium,lateritic saprolite,Upper East Region,Garu,True,0.07513074805009756,EC04,albite,silicate,Ca;Mg;Na;K;HCO3;Cl;SO4;NO3;F,0.8799999999999999,0.46766642700990935,0.804646169377656,rock,rock,freshening,freshening,oxic,oxic,-0.33662225933445644,-0.20921343742919338,-0.18121837085890552,-0.1251986600177871,220.20999999999992,residual_strongly_aligned;gibbs_rock_support;albite_na_alkalinity_support
NGW-119,Regolith/alluvial shallow aquifer,Quaternary regolith/alluvium,lateritic saprolite,Upper East Region,Garu,True,0.14123446347489121,EC05,anorthite,silicate,Ca;Mg;Na;K;HCO3;Cl;SO4;NO3;F,0.8799999999999999,0.46766642700990935,0.6316202670211174,rock,rock,freshening,freshening,oxic,oxic,-0.33662225933445644,-0.20921343742919338,-0.18121837085890552,-0.1251986600177871,220.20999999999992,residual_strongly_aligned;gibbs_rock_support;carbonate_alkalinity_support
NGW-119,Regolith/alluvial shallow aquifer,Quaternary regolith/alluvium,lateritic saprolite,Upper East Region,Garu,True,0.03775527080531926,EC12,k_feldspar,silicate,Ca;Mg;Na;K;HCO3;Cl;SO4;NO3;F,0.7799999999999999,0.571209063848815,0.4305949940411571,rock,rock,freshening,freshening,oxic,oxic,-0.33662225933445644,-0.20921343742919338,-0.18121837085890552,-0.1251986600177871,220.20999999999992,residual_weakly_aligned;gibbs_rock_support;k_feldspar_k_alkalinity_support
NGW-119,Regolith/alluvial shallow aquifer,Quaternary regolith/alluvium,lateritic saprolite,Upper East Region,Garu,True,0.16197635190474408,EC10,gypsum,evaporite,Ca;Mg;Na;K;HCO3;Cl;SO4;NO3;F,0.78,0.5712090638488149,0.22266539923962203,rock,rock,freshening,freshening,oxic,oxic,-0.33662225933445644,-0.20921343742919338,-0.18121837085890552,-0.1251986600177871,220.20999999999992,gypsum_ca_so4_support;undersaturated_dissolution_support;salinity_increase_support
NGW-119,Regolith/alluvial shallow aquifer,Quaternary regolith/alluvium,lateritic saprolite,Upper East Region,Garu,True,1.2634454012936738,EC11,halite,evaporite,Ca;Mg;Na;K;HCO3;Cl;SO4;NO3;F,0.95,0.40656965974059917,0.7596848114807669,rock,rock,freshening,freshening,oxic,oxic,-0.33662225933445644,-0.20921343742919338,-0.18121837085890552,-0.1251986600177871,220.20999999999992,residual_strongly_aligned;halite_na_cl_support;undersaturated_dissolution_support;salinity_increase_support
NGW-119,Regolith/alluvial shallow aquifer,Quaternary regolith/alluvium,lateritic saprolite,Upper East Region,Garu,False,0.0,EC09,fluorite,trace_mineral,Ca;Mg;Na;K;HCO3;Cl;SO4;NO3;F,0.6799999999999999,0.6976763260710311,0.1085688432808821,rock,rock,freshening,freshening,oxic,oxic,-0.33662225933445644,-0.20921343742919338,-0.18121837085890552,-0.1251986600177871,220.20999999999992,gibbs_rock_support;fluorite_ca_f_support
NGW-119,Regolith/alluvial shallow aquifer,Quaternary regolith/alluvium,lateritic saprolite,Upper East Region,Garu,False,0.0,EC06,apatite,trace_mineral,Ca;Mg;Na;K;HCO3;Cl;SO4;NO3;F,0.58,0.8521437889662115,0.22898816888604212,rock,rock,freshening,freshening,oxic,oxic,-0.33662225933445644,-0.20921343742919338,-0.18121837085890552,-0.1251986600177871,220.20999999999992,gibbs_rock_support
NGW-119,Regolith/alluvial shallow aquifer,Quaternary regolith/alluvium,lateritic saprolite,Upper East Region,Garu,False,0.010380139983927174,EC13,pyrite_oxidation,redox,Ca;Mg;Na;K;HCO3;Cl;SO4;NO3;F,0.5,1.0,0.08240054200377736,rock,rock,freshening,freshening,oxic,oxic,-0.33662225933445644,-0.20921343742919338,-0.18121837085890552,-0.1251986600177871,220.20999999999992,
NGW-119,Regolith/alluvial shallow aquifer,Quaternary regolith/alluvium,lateritic saprolite,Upper East Region,Garu,True,0.037109785122188876,EC03,NO3src,anthropogenic,Ca;Mg;Na;K;HCO3;Cl;SO4;NO3;F,0.6799999999999999,0.6976763260710311,0.0232104707996915,rock,rock,freshening,freshening,oxic,oxic,-0.33662225933445644,-0.20921343742919338,-0.18121837085890552,-0.1251986600177871,220.20999999999992,nitrate_increase_support
NGW-119,Regolith/alluvial shallow aquifer,Quaternary regolith/alluvium,lateritic saprolite,Upper East Region,Garu,False,0.0,EC07,denit,redox,Ca;Mg;Na;K;HCO3;Cl;SO4;NO3;F,0.43999999999999995,1.1274968515793757,0.40072767512297025,rock,rock,freshening,freshening,oxic,oxic,-0.33662225933445644,-0.20921343742919338,-0.18121837085890552,-0.1251986600177871,220.20999999999992,residual_weakly_aligned;denitrification_no3_conflict
NGW-119,Regolith/alluvial shallow aquifer,Quaternary regolith/alluvium,lateritic saprolite,Upper East Region,Garu,False,0.0,EC01,CaNa_exch,ion_exchange,Ca;Mg;Na;K;HCO3;Cl;SO4;NO3;F,0.54,0.9231163463866358,-0.386185575284092,rock,rock,freshening,freshening,oxic,oxic,-0.33662225933445644,-0.20921343742919338,-0.18121837085890552,-0.1251986600177871,220.20999999999992,residual_opposed;cai_freshening_support
NGW-119,Regolith/alluvial shallow aquifer,Quaternary regolith/alluvium,lateritic saprolite,Upper East Region,Garu,False,0.0,EC01,NaCa_exch,ion_exchange,Ca;Mg;Na;K;HCO3;Cl;SO4;NO3;F,0.38,1.2712491503214047,0.386185575284092,rock,rock,freshening,freshening,oxic,oxic,-0.33662225933445644,-0.20921343742919338,-0.18121837085890552,-0.1251986600177871,220.20999999999992,residual_weakly_aligned;cai_freshening_conflict
NGW-119,Regolith/alluvial shallow aquifer,Quaternary regolith/alluvium,lateritic saprolite,Upper East Region,Garu,False,0.0,EC02,MgNa_exch,ion_exchange,Ca;Mg;Na;K;HCO3;Cl;SO4;NO3;F,0.54,0.9231163463866358,-0.4394436381880214,rock,rock,freshening,freshening,oxic,oxic,-0.33662225933445644,-0.20921343742919338,-0.18121837085890552,-0.1251986600177871,220.20999999999992,residual_opposed;cai_freshening_support
NGW-119,Regolith/alluvial shallow aquifer,Quaternary regolith/alluvium,lateritic saprolite,Upper East Region,Garu,False,0.0,EC02,NaMg_exch,ion_exchange,Ca;Mg;Na;K;HCO3;Cl;SO4;NO3;F,0.38,1.2712491503214047,0.4394436381880214,rock,rock,freshening,freshening,oxic,oxic,-0.33662225933445644,-0.20921343742919338,-0.18121837085890552,-0.1251986600177871,220.20999999999992,residual_weakly_aligned;cai_freshening_conflict
NGW-120,Regolith/alluvial shallow aquifer,Quaternary regolith/alluvium,lateritic saprolite,Upper East Region,Bongo,True,0.11658205255887594,EC05,calcite,carbonate,Ca;Mg;Na;K;HCO3;Cl;SO4;NO3;F,0.8799999999999999,0.46766642700990935,0.5427513384041431,rock,rock,freshening,freshening,oxic,oxic,-0.47861375540385087,-0.3119613720209428,-0.17888212321166913,-0.15441274921298404,195.21000000000004,residual_weakly_aligned;gibbs_rock_support;carbonate_alkalinity_support;undersaturated_dissolution_support
NGW-120,Regolith/alluvial shallow aquifer,Quaternary regolith/alluvium,lateritic saprolite,Upper East Region,Bongo,True,0.07772763090359498,EC08,dolomite,carbonate,Ca;Mg;Na;K;HCO3;Cl;SO4;NO3;F,0.8799999999999999,0.46766642700990935,0.5153076918302668,rock,rock,freshening,freshening,oxic,oxic,-0.47861375540385087,-0.3119613720209428,-0.17888212321166913,-0.15441274921298404,195.21000000000004,residual_weakly_aligned;gibbs_rock_support;carbonate_alkalinity_support;undersaturated_dissolution_support
NGW-120,Regolith/alluvial shallow aquifer,Quaternary regolith/alluvium,lateritic saprolite,Upper East Region,Bongo,True,0.16010446560491093,EC04,albite,silicate,Ca;Mg;Na;K;HCO3;Cl;SO4;NO3;F,0.8799999999999999,0.46766642700990935,0.7649362651345114,rock,rock,freshening,freshening,oxic,oxic,-0.47861375540385087,-0.3119613720209428,-0.17888212321166913,-0.15441274921298404,195.21000000000004,residual_strongly_aligned;gibbs_rock_support;albite_na_alkalinity_support
NGW-120,Regolith/alluvial shallow aquifer,Quaternary regolith/alluvium,lateritic saprolite,Upper East Region,Bongo,True,0.11658205255887594,EC05,anorthite,silicate,Ca;Mg;Na;K;HCO3;Cl;SO4;NO3;F,0.7799999999999999,0.571209063848815,0.5427513384041431,rock,rock,freshening,freshening,oxic,oxic,-0.47861375540385087,-0.3119613720209428,-0.17888212321166913,-0.15441274921298404,195.21000000000004,residual_weakly_aligned;gibbs_rock_support;carbonate_alkalinity_support
NGW-120,Regolith/alluvial shallow aquifer,Quaternary regolith/alluvium,lateritic saprolite,Upper East Region,Bongo,True,0.040051863472154545,EC12,k_feldspar,silicate,Ca;Mg;Na;K;HCO3;Cl;SO4;NO3;F,0.7799999999999999,0.571209063848815,0.3463948847647884,rock,rock,freshening,freshening,oxic,oxic,-0.47861375540385087,-0.3119613720209428,-0.17888212321166913,-0.15441274921298404,195.21000000000004,residual_weakly_aligned;gibbs_rock_support;k_feldspar_k_alkalinity_support
NGW-120,Regolith/alluvial shallow aquifer,Quaternary regolith/alluvium,lateritic saprolite,Upper East Region,Bongo,True,0.27819489608602843,EC10,gypsum,evaporite,Ca;Mg;Na;K;HCO3;Cl;SO4;NO3;F,0.88,0.46766642700990924,0.299914509300555,rock,rock,freshening,freshening,oxic,oxic,-0.47861375540385087,-0.3119613720209428,-0.17888212321166913,-0.15441274921298404,195.21000000000004,residual_weakly_aligned;gypsum_ca_so4_support;undersaturated_dissolution_support;salinity_increase_support
NGW-120,Regolith/alluvial shallow aquifer,Quaternary regolith/alluvium,lateritic saprolite,Upper East Region,Bongo,True,1.1424135918975655,EC11,halite,evaporite,Ca;Mg;Na;K;HCO3;Cl;SO4;NO3;F,0.95,0.40656965974059917,0.8228376656565282,rock,rock,freshening,freshening,oxic,oxic,-0.47861375540385087,-0.3119613720209428,-0.17888212321166913,-0.15441274921298404,195.21000000000004,residual_strongly_aligned;halite_na_cl_support;undersaturated_dissolution_support;salinity_increase_support
NGW-120,Regolith/alluvial shallow aquifer,Quaternary regolith/alluvium,lateritic saprolite,Upper East Region,Bongo,False,0.0,EC09,fluorite,trace_mineral,Ca;Mg;Na;K;HCO3;Cl;SO4;NO3;F,0.58,0.8521437889662115,0.12570176268818406,rock,rock,freshening,freshening,oxic,oxic,-0.47861375540385087,-0.3119613720209428,-0.17888212321166913,-0.15441274921298404,195.21000000000004,gibbs_rock_support
NGW-120,Regolith/alluvial shallow aquifer,Quaternary regolith/alluvium,lateritic saprolite,Upper East Region,Bongo,False,0.0,EC06,apatite,trace_mineral,Ca;Mg;Na;K;HCO3;Cl;SO4;NO3;F,0.6799999999999999,0.6976763260710311,0.2756193475167524,rock,rock,freshening,freshening,oxic,oxic,-0.47861375540385087,-0.3119613720209428,-0.17888212321166913,-0.15441274921298404,195.21000000000004,residual_weakly_aligned;gibbs_rock_support
NGW-120,Regolith/alluvial shallow aquifer,Quaternary regolith/alluvium,lateritic saprolite,Upper East Region,Bongo,False,0.0037109102441466907,EC13,pyrite_oxidation,redox,Ca;Mg;Na;K;HCO3;Cl;SO4;NO3;F,0.5,1.0,0.14306548034299038,rock,rock,freshening,freshening,oxic,oxic,-0.47861375540385087,-0.3119613720209428,-0.17888212321166913,-0.15441274921298404,195.21000000000004,
NGW-120,Regolith/alluvial shallow aquifer,Quaternary regolith/alluvium,lateritic saprolite,Upper East Region,Bongo,True,0.06583484600226812,EC03,NO3src,anthropogenic,Ca;Mg;Na;K;HCO3;Cl;SO4;NO3;F,0.6799999999999999,0.6976763260710311,0.04026414929900109,rock,rock,freshening,freshening,oxic,oxic,-0.47861375540385087,-0.3119613720209428,-0.17888212321166913,-0.15441274921298404,195.21000000000004,nitrate_increase_support
NGW-120,Regolith/alluvial shallow aquifer,Quaternary regolith/alluvium,lateritic saprolite,Upper East Region,Bongo,False,0.0,EC07,denit,redox,Ca;Mg;Na;K;HCO3;Cl;SO4;NO3;F,0.43999999999999995,1.1274968515793757,0.3012355861092884,rock,rock,freshening,freshening,oxic,oxic,-0.47861375540385087,-0.3119613720209428,-0.17888212321166913,-0.15441274921298404,195.21000000000004,residual_weakly_aligned;denitrification_no3_conflict
NGW-120,Regolith/alluvial shallow aquifer,Quaternary regolith/alluvium,lateritic saprolite,Upper East Region,Bongo,False,0.0,EC01,CaNa_exch,ion_exchange,Ca;Mg;Na;K;HCO3;Cl;SO4;NO3;F,0.54,0.9231163463866358,-0.4248250066708577,rock,rock,freshening,freshening,oxic,oxic,-0.47861375540385087,-0.3119613720209428,-0.17888212321166913,-0.15441274921298404,195.21000000000004,residual_opposed;cai_freshening_support
NGW-120,Regolith/alluvial shallow aquifer,Quaternary regolith/alluvium,lateritic saprolite,Upper East Region,Bongo,False,0.0,EC01,NaCa_exch,ion_exchange,Ca;Mg;Na;K;HCO3;Cl;SO4;NO3;F,0.38,1.2712491503214047,0.4248250066708577,rock,rock,freshening,freshening,oxic,oxic,-0.47861375540385087,-0.3119613720209428,-0.17888212321166913,-0.15441274921298404,195.21000000000004,residual_weakly_aligned;cai_freshening_conflict
NGW-120,Regolith/alluvial shallow aquifer,Quaternary regolith/alluvium,lateritic saprolite,Upper East Region,Bongo,False,0.0,EC02,MgNa_exch,ion_exchange,Ca;Mg;Na;K;HCO3;Cl;SO4;NO3;F,0.54,0.9231163463866358,-0.5326000822864735,rock,rock,freshening,freshening,oxic,oxic,-0.47861375540385087,-0.3119613720209428,-0.17888212321166913,-0.15441274921298404,195.21000000000004,residual_opposed;cai_freshening_support
NGW-120,Regolith/alluvial shallow aquifer,Quaternary regolith/alluvium,lateritic saprolite,Upper East Region,Bongo,False,0.0,EC02,NaMg_exch,ion_exchange,Ca;Mg;Na;K;HCO3;Cl;SO4;NO3;F,0.38,1.2712491503214047,0.5326000822864735,rock,rock,freshening,freshening,oxic,oxic,-0.47861375540385087,-0.3119613720209428,-0.17888212321166913,-0.15441274921298404,195.21000000000004,residual_weakly_aligned;cai_freshening_conflict
NGW-121,Granitoid fractured basement aquifer,Paleoproterozoic granitoid complex,granite–gneiss weathered/fractured zone,Upper West Region,Tumu,False,0.0,EC05,calcite,carbonate,Ca;Mg;Na;K;HCO3;Cl;SO4;NO3;F,0.8799999999999999,0.46766642700990935,0.33914713002644403,rock,rock,freshening,neutral,oxic,oxic,-0.22664565109339435,-0.006868843670672386,-0.09436440969659589,-0.004030830446195337,104.54000000000008,residual_weakly_aligned;gibbs_rock_support;carbonate_alkalinity_support;undersaturated_dissolution_support
NGW-121,Granitoid fractured basement aquifer,Paleoproterozoic granitoid complex,granite–gneiss weathered/fractured zone,Upper West Region,Tumu,True,0.07156067279717501,EC08,dolomite,carbonate,Ca;Mg;Na;K;HCO3;Cl;SO4;NO3;F,0.7799999999999999,0.571209063848815,0.34889350217076537,rock,rock,freshening,neutral,oxic,oxic,-0.22664565109339435,-0.006868843670672386,-0.09436440969659589,-0.004030830446195337,104.54000000000008,residual_weakly_aligned;gibbs_rock_support;carbonate_alkalinity_support
NGW-121,Granitoid fractured basement aquifer,Paleoproterozoic granitoid complex,granite–gneiss weathered/fractured zone,Upper West Region,Tumu,False,0.0,EC04,albite,silicate,Ca;Mg;Na;K;HCO3;Cl;SO4;NO3;F,0.7799999999999999,0.571209063848815,0.5336290450319146,rock,rock,freshening,neutral,oxic,oxic,-0.22664565109339435,-0.006868843670672386,-0.09436440969659589,-0.004030830446195337,104.54000000000008,residual_weakly_aligned;gibbs_rock_support;albite_na_alkalinity_support
NGW-121,Granitoid fractured basement aquifer,Paleoproterozoic granitoid complex,granite–gneiss weathered/fractured zone,Upper West Region,Tumu,False,0.0,EC05,anorthite,silicate,Ca;Mg;Na;K;HCO3;Cl;SO4;NO3;F,0.7799999999999999,0.571209063848815,0.33914713002644403,rock,rock,freshening,neutral,oxic,oxic,-0.22664565109339435,-0.006868843670672386,-0.09436440969659589,-0.004030830446195337,104.54000000000008,residual_weakly_aligned;gibbs_rock_support;carbonate_alkalinity_support
NGW-121,Granitoid fractured basement aquifer,Paleoproterozoic granitoid complex,granite–gneiss weathered/fractured zone,Upper West Region,Tumu,False,0.027390791265315913,EC12,k_feldspar,silicate,Ca;Mg;Na;K;HCO3;Cl;SO4;NO3;F,0.6799999999999999,0.6976763260710311,0.2140332952675334,rock,rock,freshening,neutral,oxic,oxic,-0.22664565109339435,-0.006868843670672386,-0.09436440969659589,-0.004030830446195337,104.54000000000008,gibbs_rock_support;k_feldspar_k_alkalinity_support
NGW-121,Granitoid fractured basement aquifer,Paleoproterozoic granitoid complex,granite–gneiss weathered/fractured zone,Upper West Region,Tumu,True,0.06273321503664396,EC10,gypsum,evaporite,Ca;Mg;Na;K;HCO3;Cl;SO4;NO3;F,0.78,0.5712090638488149,0.2014217524797973,rock,rock,freshening,neutral,oxic,oxic,-0.22664565109339435,-0.006868843670672386,-0.09436440969659589,-0.004030830446195337,104.54000000000008,gypsum_ca_so4_support;undersaturated_dissolution_support;salinity_increase_support
NGW-121,Granitoid fractured basement aquifer,Paleoproterozoic granitoid complex,granite–gneiss weathered/fractured zone,Upper West Region,Tumu,True,0.8731429656611129,EC11,halite,evaporite,Ca;Mg;Na;K;HCO3;Cl;SO4;NO3;F,0.95,0.40656965974059917,0.878892365576342,rock,rock,freshening,neutral,oxic,oxic,-0.22664565109339435,-0.006868843670672386,-0.09436440969659589,-0.004030830446195337,104.54000000000008,residual_strongly_aligned;halite_na_cl_support;undersaturated_dissolution_support;salinity_increase_support
NGW-121,Granitoid fractured basement aquifer,Paleoproterozoic granitoid complex,granite–gneiss weathered/fractured zone,Upper West Region,Tumu,False,0.0,EC09,fluorite,trace_mineral,Ca;Mg;Na;K;HCO3;Cl;SO4;NO3;F,0.6799999999999999,0.6976763260710311,0.11548240439077712,rock,rock,freshening,neutral,oxic,oxic,-0.22664565109339435,-0.006868843670672386,-0.09436440969659589,-0.004030830446195337,104.54000000000008,gibbs_rock_support;fluorite_ca_f_support
NGW-121,Granitoid fractured basement aquifer,Paleoproterozoic granitoid complex,granite–gneiss weathered/fractured zone,Upper West Region,Tumu,False,0.024378798136054543,EC06,apatite,trace_mineral,Ca;Mg;Na;K;HCO3;Cl;SO4;NO3;F,0.58,0.8521437889662115,0.22656025375175368,rock,rock,freshening,neutral,oxic,oxic,-0.22664565109339435,-0.006868843670672386,-0.09436440969659589,-0.004030830446195337,104.54000000000008,gibbs_rock_support
NGW-121,Granitoid fractured basement aquifer,Paleoproterozoic granitoid complex,granite–gneiss weathered/fractured zone,Upper West Region,Tumu,False,0.0,EC13,pyrite_oxidation,redox,Ca;Mg;Na;K;HCO3;Cl;SO4;NO3;F,0.5,1.0,0.05682628485315798,rock,rock,freshening,neutral,oxic,oxic,-0.22664565109339435,-0.006868843670672386,-0.09436440969659589,-0.004030830446195337,104.54000000000008,
NGW-121,Granitoid fractured basement aquifer,Paleoproterozoic granitoid complex,granite–gneiss weathered/fractured zone,Upper West Region,Tumu,True,0.18651219674161174,EC03,NO3src,anthropogenic,Ca;Mg;Na;K;HCO3;Cl;SO4;NO3;F,0.6799999999999999,0.6976763260710311,0.16986141335637414,rock,rock,freshening,neutral,oxic,oxic,-0.22664565109339435,-0.006868843670672386,-0.09436440969659589,-0.004030830446195337,104.54000000000008,nitrate_increase_support
NGW-121,Granitoid fractured basement aquifer,Paleoproterozoic granitoid complex,granite–gneiss weathered/fractured zone,Upper West Region,Tumu,False,0.0,EC07,denit,redox,Ca;Mg;Na;K;HCO3;Cl;SO4;NO3;F,0.33999999999999997,1.3771277643359572,0.06738944039674233,rock,rock,freshening,neutral,oxic,oxic,-0.22664565109339435,-0.006868843670672386,-0.09436440969659589,-0.004030830446195337,104.54000000000008,denitrification_no3_conflict
NGW-121,Granitoid fractured basement aquifer,Paleoproterozoic granitoid complex,granite–gneiss weathered/fractured zone,Upper West Region,Tumu,False,0.0,EC01,CaNa_exch,ion_exchange,Ca;Mg;Na;K;HCO3;Cl;SO4;NO3;F,0.32,1.4333294145603401,-0.3358461531421197,rock,rock,freshening,neutral,oxic,oxic,-0.22664565109339435,-0.006868843670672386,-0.09436440969659589,-0.004030830446195337,104.54000000000008,residual_opposed
NGW-121,Granitoid fractured basement aquifer,Paleoproterozoic granitoid complex,granite–gneiss weathered/fractured zone,Upper West Region,Tumu,False,0.0,EC01,NaCa_exch,ion_exchange,Ca;Mg;Na;K;HCO3;Cl;SO4;NO3;F,0.6,0.8187307530779819,0.3358461531421197,rock,rock,freshening,neutral,oxic,oxic,-0.22664565109339435,-0.006868843670672386,-0.09436440969659589,-0.004030830446195337,104.54000000000008,residual_weakly_aligned
NGW-121,Granitoid fractured basement aquifer,Paleoproterozoic granitoid complex,granite–gneiss weathered/fractured zone,Upper West Region,Tumu,True,0.1332747907893954,EC02,MgNa_exch,ion_exchange,Ca;Mg;Na;K;HCO3;Cl;SO4;NO3;F,0.32,1.4333294145603401,-0.3521615365794962,rock,rock,freshening,neutral,oxic,oxic,-0.22664565109339435,-0.006868843670672386,-0.09436440969659589,-0.004030830446195337,104.54000000000008,residual_opposed
NGW-121,Granitoid fractured basement aquifer,Paleoproterozoic granitoid complex,granite–gneiss weathered/fractured zone,Upper West Region,Tumu,False,0.0,EC02,NaMg_exch,ion_exchange,Ca;Mg;Na;K;HCO3;Cl;SO4;NO3;F,0.6,0.8187307530779819,0.3521615365794962,rock,rock,freshening,neutral,oxic,oxic,-0.22664565109339435,-0.006868843670672386,-0.09436440969659589,-0.004030830446195337,104.54000000000008,residual_weakly_aligned
NGW-122,Middle Voltaian sedimentary aquifer,Voltaian Supergroup,siltstone–shale unit,Upper West Region,Tumu,False,0.0,EC05,calcite,carbonate,Ca;Mg;Na;K;HCO3;Cl;SO4;NO3;F,0.7799999999999999,0.571209063848815,0.5009018537276804,rock,rock,freshening,neutral,oxic,oxic,-0.2645515272631944,-0.1137885240300963,-0.11457255030793317,-0.0407006436237068,56.589999999999975,residual_weakly_aligned;gibbs_rock_support;carbonate_alkalinity_support
NGW-122,Middle Voltaian sedimentary aquifer,Voltaian Supergroup,siltstone–shale unit,Upper West Region,Tumu,False,0.02728832081991577,EC08,dolomite,carbonate,Ca;Mg;Na;K;HCO3;Cl;SO4;NO3;F,0.8799999999999999,0.46766642700990935,0.4238162977681651,rock,rock,freshening,neutral,oxic,oxic,-0.2645515272631944,-0.1137885240300963,-0.11457255030793317,-0.0407006436237068,56.589999999999975,residual_weakly_aligned;gibbs_rock_support;carbonate_alkalinity_support;undersaturated_dissolution_support
NGW-122,Middle Voltaian sedimentary aquifer,Voltaian Supergroup,siltstone–shale unit,Upper West Region,Tumu,False,0.0,EC04,albite,silicate,Ca;Mg;Na;K;HCO3;Cl;SO4;NO3;F,0.58,0.8521437889662115,-0.08177460940232233,rock,rock,freshening,neutral,oxic,oxic,-0.2645515272631944,-0.1137885240300963,-0.11457255030793317,-0.0407006436237068,56.589999999999975,gibbs_rock_support
NGW-122,Middle Voltaian sedimentary aquifer,Voltaian Supergroup,siltstone–shale unit,Upper West Region,Tumu,False,0.0,EC05,anorthite,silicate,Ca;Mg;Na;K;HCO3;Cl;SO4;NO3;F,0.7799999999999999,0.571209063848815,0.5009018537276804,rock,rock,freshening,neutral,oxic,oxic,-0.2645515272631944,-0.1137885240300963,-0.11457255030793317,-0.0407006436237068,56.589999999999975,residual_weakly_aligned;gibbs_rock_support;carbonate_alkalinity_support
NGW-122,Middle Voltaian sedimentary aquifer,Voltaian Supergroup,siltstone–shale unit,Upper West Region,Tumu,False,-0.0,EC12,k_feldspar,silicate,Ca;Mg;Na;K;HCO3;Cl;SO4;NO3;F,0.58,0.8521437889662115,0.11748202592862017,rock,rock,freshening,neutral,oxic,oxic,-0.2645515272631944,-0.1137885240300963,-0.11457255030793317,-0.0407006436237068,56.589999999999975,gibbs_rock_support
NGW-122,Middle Voltaian sedimentary aquifer,Voltaian Supergroup,siltstone–shale unit,Upper West Region,Tumu,True,0.22914401810185,EC10,gypsum,evaporite,Ca;Mg;Na;K;HCO3;Cl;SO4;NO3;F,0.95,0.40656965974059917,0.812430879270475,rock,rock,freshening,neutral,oxic,oxic,-0.2645515272631944,-0.1137885240300963,-0.11457255030793317,-0.0407006436237068,56.589999999999975,residual_strongly_aligned;gypsum_ca_so4_support;undersaturated_dissolution_support;salinity_increase_support
NGW-122,Middle Voltaian sedimentary aquifer,Voltaian Supergroup,siltstone–shale unit,Upper West Region,Tumu,False,0.0,EC11,halite,evaporite,Ca;Mg;Na;K;HCO3;Cl;SO4;NO3;F,0.54,0.9231163463866358,-0.1914884987208919,rock,rock,freshening,neutral,oxic,oxic,-0.2645515272631944,-0.1137885240300963,-0.11457255030793317,-0.0407006436237068,56.589999999999975,salinity_increase_support
NGW-122,Middle Voltaian sedimentary aquifer,Voltaian Supergroup,siltstone–shale unit,Upper West Region,Tumu,False,-0.0,EC09,fluorite,trace_mineral,Ca;Mg;Na;K;HCO3;Cl;SO4;NO3;F,0.7799999999999999,0.571209063848815,0.360350959275085,rock,rock,freshening,neutral,oxic,oxic,-0.2645515272631944,-0.1137885240300963,-0.11457255030793317,-0.0407006436237068,56.589999999999975,residual_weakly_aligned;gibbs_rock_support;fluorite_ca_f_support
NGW-122,Middle Voltaian sedimentary aquifer,Voltaian Supergroup,siltstone–shale unit,Upper West Region,Tumu,True,0.03255315575730912,EC06,apatite,trace_mineral,Ca;Mg;Na;K;HCO3;Cl;SO4;NO3;F,0.7799999999999999,0.571209063848815,0.7413704496195417,rock,rock,freshening,neutral,oxic,oxic,-0.2645515272631944,-0.1137885240300963,-0.11457255030793317,-0.0407006436237068,56.589999999999975,residual_strongly_aligned;gibbs_rock_support
NGW-122,Middle Voltaian sedimentary aquifer,Voltaian Supergroup,siltstone–shale unit,Upper West Region,Tumu,False,0.0,EC13,pyrite_oxidation,redox,Ca;Mg;Na;K;HCO3;Cl;SO4;NO3;F,0.6,0.8187307530779819,0.3984223748299098,rock,rock,freshening,neutral,oxic,oxic,-0.2645515272631944,-0.1137885240300963,-0.11457255030793317,-0.0407006436237068,56.589999999999975,residual_weakly_aligned
NGW-122,Middle Voltaian sedimentary aquifer,Voltaian Supergroup,siltstone–shale unit,Upper West Region,Tumu,True,0.11991500101795896,EC03,NO3src,anthropogenic,Ca;Mg;Na;K;HCO3;Cl;SO4;NO3;F,0.6799999999999999,0.6976763260710311,0.23750840380295113,rock,rock,freshening,neutral,oxic,oxic,-0.2645515272631944,-0.1137885240300963,-0.11457255030793317,-0.0407006436237068,56.589999999999975,nitrate_increase_support
NGW-122,Middle Voltaian sedimentary aquifer,Voltaian Supergroup,siltstone–shale unit,Upper West Region,Tumu,False,0.0,EC07,denit,redox,Ca;Mg;Na;K;HCO3;Cl;SO4;NO3;F,0.33999999999999997,1.3771277643359572,-0.03729797554876494,rock,rock,freshening,neutral,oxic,oxic,-0.2645515272631944,-0.1137885240300963,-0.11457255030793317,-0.0407006436237068,56.589999999999975,denitrification_no3_conflict
NGW-122,Middle Voltaian sedimentary aquifer,Voltaian Supergroup,siltstone–shale unit,Upper West Region,Tumu,False,0.0,EC01,CaNa_exch,ion_exchange,Ca;Mg;Na;K;HCO3;Cl;SO4;NO3;F,0.7,0.6703200460356393,0.604339461920464,rock,rock,freshening,neutral,oxic,oxic,-0.2645515272631944,-0.1137885240300963,-0.11457255030793317,-0.0407006436237068,56.589999999999975,residual_strongly_aligned
NGW-122,Middle Voltaian sedimentary aquifer,Voltaian Supergroup,siltstone–shale unit,Upper West Region,Tumu,False,0.0,EC01,NaCa_exch,ion_exchange,Ca;Mg;Na;K;HCO3;Cl;SO4;NO3;F,0.32,1.4333294145603401,-0.604339461920464,rock,rock,freshening,neutral,oxic,oxic,-0.2645515272631944,-0.1137885240300963,-0.11457255030793317,-0.0407006436237068,56.589999999999975,residual_opposed
NGW-122,Middle Voltaian sedimentary aquifer,Voltaian Supergroup,siltstone–shale unit,Upper West Region,Tumu,True,0.09266755458742493,EC02,MgNa_exch,ion_exchange,Ca;Mg;Na;K;HCO3;Cl;SO4;NO3;F,0.6,0.8187307530779819,0.4066706407336259,rock,rock,freshening,neutral,oxic,oxic,-0.2645515272631944,-0.1137885240300963,-0.11457255030793317,-0.0407006436237068,56.589999999999975,residual_weakly_aligned
NGW-122,Middle Voltaian sedimentary aquifer,Voltaian Supergroup,siltstone–shale unit,Upper West Region,Tumu,False,0.0,EC02,NaMg_exch,ion_exchange,Ca;Mg;Na;K;HCO3;Cl;SO4;NO3;F,0.32,1.4333294145603401,-0.4066706407336259,rock,rock,freshening,neutral,oxic,oxic,-0.2645515272631944,-0.1137885240300963,-0.11457255030793317,-0.0407006436237068,56.589999999999975,residual_opposed
NGW-125,Birimian fractured basement aquifer,Birimian Supergroup,phyllite–schist fractured zone,Upper West Region,Wa,True,0.06545351247207284,EC05,calcite,carbonate,Ca;Mg;Na;K;HCO3;Cl;SO4;NO3;F,0.95,0.40656965974059917,0.7684916511017927,rock,rock,freshening,freshening,oxic,oxic,-0.23802552112874892,-0.18312860880284093,-0.11773727470810784,-0.08613985401551946,120.87000000000006,residual_strongly_aligned;gibbs_rock_support;carbonate_alkalinity_support;undersaturated_dissolution_support
NGW-125,Birimian fractured basement aquifer,Birimian Supergroup,phyllite–schist fractured zone,Upper West Region,Wa,True,0.1037479848830771,EC08,dolomite,carbonate,Ca;Mg;Na;K;HCO3;Cl;SO4;NO3;F,0.95,0.40656965974059917,0.7466190451945758,rock,rock,freshening,freshening,oxic,oxic,-0.23802552112874892,-0.18312860880284093,-0.11773727470810784,-0.08613985401551946,120.87000000000006,residual_strongly_aligned;gibbs_rock_support;carbonate_alkalinity_support;undersaturated_dissolution_support
NGW-125,Birimian fractured basement aquifer,Birimian Supergroup,phyllite–schist fractured zone,Upper West Region,Wa,False,0.0,EC04,albite,silicate,Ca;Mg;Na;K;HCO3;Cl;SO4;NO3;F,0.8799999999999999,0.46766642700990935,0.752988385087182,rock,rock,freshening,freshening,oxic,oxic,-0.23802552112874892,-0.18312860880284093,-0.11773727470810784,-0.08613985401551946,120.87000000000006,residual_strongly_aligned;gibbs_rock_support;albite_na_alkalinity_support
NGW-125,Birimian fractured basement aquifer,Birimian Supergroup,phyllite–schist fractured zone,Upper West Region,Wa,True,0.06545351247207284,EC05,anorthite,silicate,Ca;Mg;Na;K;HCO3;Cl;SO4;NO3;F,0.8799999999999999,0.46766642700990935,0.7684916511017927,rock,rock,freshening,freshening,oxic,oxic,-0.23802552112874892,-0.18312860880284093,-0.11773727470810784,-0.08613985401551946,120.87000000000006,residual_strongly_aligned;gibbs_rock_support;carbonate_alkalinity_support
NGW-125,Birimian fractured basement aquifer,Birimian Supergroup,phyllite–schist fractured zone,Upper West Region,Wa,True,0.06512077886587289,EC12,k_feldspar,silicate,Ca;Mg;Na;K;HCO3;Cl;SO4;NO3;F,0.7799999999999999,0.571209063848815,0.5233163998603177,rock,rock,freshening,freshening,oxic,oxic,-0.23802552112874892,-0.18312860880284093,-0.11773727470810784,-0.08613985401551946,120.87000000000006,residual_weakly_aligned;gibbs_rock_support;k_feldspar_k_alkalinity_support
NGW-125,Birimian fractured basement aquifer,Birimian Supergroup,phyllite–schist fractured zone,Upper West Region,Wa,True,0.17091005721085317,EC10,gypsum,evaporite,Ca;Mg;Na;K;HCO3;Cl;SO4;NO3;F,0.88,0.46766642700990924,0.3827839499184681,rock,rock,freshening,freshening,oxic,oxic,-0.23802552112874892,-0.18312860880284093,-0.11773727470810784,-0.08613985401551946,120.87000000000006,residual_weakly_aligned;gypsum_ca_so4_support;undersaturated_dissolution_support;salinity_increase_support
NGW-125,Birimian fractured basement aquifer,Birimian Supergroup,phyllite–schist fractured zone,Upper West Region,Wa,True,0.46176247431653894,EC11,halite,evaporite,Ca;Mg;Na;K;HCO3;Cl;SO4;NO3;F,0.95,0.40656965974059917,0.5969795646844804,rock,rock,freshening,freshening,oxic,oxic,-0.23802552112874892,-0.18312860880284093,-0.11773727470810784,-0.08613985401551946,120.87000000000006,residual_strongly_aligned;halite_na_cl_support;undersaturated_dissolution_support;salinity_increase_support
NGW-125,Birimian fractured basement aquifer,Birimian Supergroup,phyllite–schist fractured zone,Upper West Region,Wa,False,0.0,EC09,fluorite,trace_mineral,Ca;Mg;Na;K;HCO3;Cl;SO4;NO3;F,0.6799999999999999,0.6976763260710311,0.1722291107316726,rock,rock,freshening,freshening,oxic,oxic,-0.23802552112874892,-0.18312860880284093,-0.11773727470810784,-0.08613985401551946,120.87000000000006,gibbs_rock_support;fluorite_ca_f_support
NGW-125,Birimian fractured basement aquifer,Birimian Supergroup,phyllite–schist fractured zone,Upper West Region,Wa,False,0.0010190223510591053,EC06,apatite,trace_mineral,Ca;Mg;Na;K;HCO3;Cl;SO4;NO3;F,0.6799999999999999,0.6976763260710311,0.37434629264093205,rock,rock,freshening,freshening,oxic,oxic,-0.23802552112874892,-0.18312860880284093,-0.11773727470810784,-0.08613985401551946,120.87000000000006,residual_weakly_aligned;gibbs_rock_support
NGW-125,Birimian fractured basement aquifer,Birimian Supergroup,phyllite–schist fractured zone,Upper West Region,Wa,False,0.0,EC13,pyrite_oxidation,redox,Ca;Mg;Na;K;HCO3;Cl;SO4;NO3;F,0.5,1.0,0.15995135312965267,rock,rock,freshening,freshening,oxic,oxic,-0.23802552112874892,-0.18312860880284093,-0.11773727470810784,-0.08613985401551946,120.87000000000006,
NGW-125,Birimian fractured basement aquifer,Birimian Supergroup,phyllite–schist fractured zone,Upper West Region,Wa,True,0.07177242841882066,EC03,NO3src,anthropogenic,Ca;Mg;Na;K;HCO3;Cl;SO4;NO3;F,0.6799999999999999,0.6976763260710311,0.08141039573349727,rock,rock,freshening,freshening,oxic,oxic,-0.23802552112874892,-0.18312860880284093,-0.11773727470810784,-0.08613985401551946,120.87000000000006,nitrate_increase_support
NGW-125,Birimian fractured basement aquifer,Birimian Supergroup,phyllite–schist fractured zone,Upper West Region,Wa,False,0.0,EC07,denit,redox,Ca;Mg;Na;K;HCO3;Cl;SO4;NO3;F,0.43999999999999995,1.1274968515793757,0.41513952046377833,rock,rock,freshening,freshening,oxic,oxic,-0.23802552112874892,-0.18312860880284093,-0.11773727470810784,-0.08613985401551946,120.87000000000006,residual_weakly_aligned;denitrification_no3_conflict
NGW-125,Birimian fractured basement aquifer,Birimian Supergroup,phyllite–schist fractured zone,Upper West Region,Wa,False,0.0,EC01,CaNa_exch,ion_exchange,Ca;Mg;Na;K;HCO3;Cl;SO4;NO3;F,0.72,0.6440364210831414,-0.18397168830919144,rock,rock,freshening,freshening,oxic,oxic,-0.23802552112874892,-0.18312860880284093,-0.11773727470810784,-0.08613985401551946,120.87000000000006,cai_freshening_support
NGW-125,Birimian fractured basement aquifer,Birimian Supergroup,phyllite–schist fractured zone,Upper West Region,Wa,False,0.0,EC01,NaCa_exch,ion_exchange,Ca;Mg;Na;K;HCO3;Cl;SO4;NO3;F,0.28,1.552707218511336,0.18397168830919144,rock,rock,freshening,freshening,oxic,oxic,-0.23802552112874892,-0.18312860880284093,-0.11773727470810784,-0.08613985401551946,120.87000000000006,cai_freshening_conflict
NGW-125,Birimian fractured basement aquifer,Birimian Supergroup,phyllite–schist fractured zone,Upper West Region,Wa,False,0.0014039703935076488,EC02,MgNa_exch,ion_exchange,Ca;Mg;Na;K;HCO3;Cl;SO4;NO3;F,0.54,0.9231163463866358,-0.3043449541477456,rock,rock,freshening,freshening,oxic,oxic,-0.23802552112874892,-0.18312860880284093,-0.11773727470810784,-0.08613985401551946,120.87000000000006,residual_opposed;cai_freshening_support
NGW-125,Birimian fractured basement aquifer,Birimian Supergroup,phyllite–schist fractured zone,Upper West Region,Wa,False,0.0,EC02,NaMg_exch,ion_exchange,Ca;Mg;Na;K;HCO3;Cl;SO4;NO3;F,0.38,1.2712491503214047,0.3043449541477456,rock,rock,freshening,freshening,oxic,oxic,-0.23802552112874892,-0.18312860880284093,-0.11773727470810784,-0.08613985401551946,120.87000000000006,residual_weakly_aligned;cai_freshening_conflict
NGW-126,Birimian fractured basement aquifer,Birimian Supergroup,phyllite–schist fractured zone,Upper West Region,Lawra,True,0.033005706002399465,EC05,calcite,carbonate,Ca;Mg;Na;K;HCO3;Cl;SO4;NO3;F,0.95,0.40656965974059917,0.6785575917543362,rock,rock,neutral,neutral,oxic,oxic,0.06561859849105328,0.04376347716995637,0.03631345891257832,0.023254215470354066,95.13,residual_strongly_aligned;gibbs_rock_support;carbonate_alkalinity_support;undersaturated_dissolution_support
NGW-126,Birimian fractured basement aquifer,Birimian Supergroup,phyllite–schist fractured zone,Upper West Region,Lawra,True,0.054771126992289434,EC08,dolomite,carbonate,Ca;Mg;Na;K;HCO3;Cl;SO4;NO3;F,0.95,0.40656965974059917,0.6234139270410465,rock,rock,neutral,neutral,oxic,oxic,0.06561859849105328,0.04376347716995637,0.03631345891257832,0.023254215470354066,95.13,residual_strongly_aligned;gibbs_rock_support;carbonate_alkalinity_support;undersaturated_dissolution_support
NGW-126,Birimian fractured basement aquifer,Birimian Supergroup,phyllite–schist fractured zone,Upper West Region,Lawra,False,0.02591752045596282,EC04,albite,silicate,Ca;Mg;Na;K;HCO3;Cl;SO4;NO3;F,0.8799999999999999,0.46766642700990935,0.6964837787109673,rock,rock,neutral,neutral,oxic,oxic,0.06561859849105328,0.04376347716995637,0.03631345891257832,0.023254215470354066,95.13,residual_strongly_aligned;gibbs_rock_support;albite_na_alkalinity_support
NGW-126,Birimian fractured basement aquifer,Birimian Supergroup,phyllite–schist fractured zone,Upper West Region,Lawra,True,0.033005706002399465,EC05,anorthite,silicate,Ca;Mg;Na;K;HCO3;Cl;SO4;NO3;F,0.8799999999999999,0.46766642700990935,0.6785575917543362,rock,rock,neutral,neutral,oxic,oxic,0.06561859849105328,0.04376347716995637,0.03631345891257832,0.023254215470354066,95.13,residual_strongly_aligned;gibbs_rock_support;carbonate_alkalinity_support
NGW-126,Birimian fractured basement aquifer,Birimian Supergroup,phyllite–schist fractured zone,Upper West Region,Lawra,False,-0.0,EC12,k_feldspar,silicate,Ca;Mg;Na;K;HCO3;Cl;SO4;NO3;F,0.6799999999999999,0.6976763260710311,0.36258435837101927,rock,rock,neutral,neutral,oxic,oxic,0.06561859849105328,0.04376347716995637,0.03631345891257832,0.023254215470354066,95.13,residual_weakly_aligned;gibbs_rock_support
NGW-126,Birimian fractured basement aquifer,Birimian Supergroup,phyllite–schist fractured zone,Upper West Region,Lawra,True,0.27327225092732255,EC10,gypsum,evaporite,Ca;Mg;Na;K;HCO3;Cl;SO4;NO3;F,0.88,0.46766642700990924,0.5285122326642894,rock,rock,neutral,neutral,oxic,oxic,0.06561859849105328,0.04376347716995637,0.03631345891257832,0.023254215470354066,95.13,residual_weakly_aligned;gypsum_ca_so4_support;undersaturated_dissolution_support;salinity_increase_support
NGW-126,Birimian fractured basement aquifer,Birimian Supergroup,phyllite–schist fractured zone,Upper West Region,Lawra,True,0.4159854761919327,EC11,halite,evaporite,Ca;Mg;Na;K;HCO3;Cl;SO4;NO3;F,0.95,0.40656965974059917,0.6298080146607371,rock,rock,neutral,neutral,oxic,oxic,0.06561859849105328,0.04376347716995637,0.03631345891257832,0.023254215470354066,95.13,residual_strongly_aligned;halite_na_cl_support;undersaturated_dissolution_support;salinity_increase_support
NGW-126,Birimian fractured basement aquifer,Birimian Supergroup,phyllite–schist fractured zone,Upper West Region,Lawra,False,-0.0,EC09,fluorite,trace_mineral,Ca;Mg;Na;K;HCO3;Cl;SO4;NO3;F,0.58,0.8521437889662115,0.20399190106271595,rock,rock,neutral,neutral,oxic,oxic,0.06561859849105328,0.04376347716995637,0.03631345891257832,0.023254215470354066,95.13,gibbs_rock_support
NGW-126,Birimian fractured basement aquifer,Birimian Supergroup,phyllite–schist fractured zone,Upper West Region,Lawra,False,0.00976751219821829,EC06,apatite,trace_mineral,Ca;Mg;Na;K;HCO3;Cl;SO4;NO3;F,0.6799999999999999,0.6976763260710311,0.45657897548573756,rock,rock,neutral,neutral,oxic,oxic,0.06561859849105328,0.04376347716995637,0.03631345891257832,0.023254215470354066,95.13,residual_weakly_aligned;gibbs_rock_support
NGW-126,Birimian fractured basement aquifer,Birimian Supergroup,phyllite–schist fractured zone,Upper West Region,Lawra,False,0.0,EC13,pyrite_oxidation,redox,Ca;Mg;Na;K;HCO3;Cl;SO4;NO3;F,0.6,0.8187307530779819,0.2807546724961104,rock,rock,neutral,neutral,oxic,oxic,0.06561859849105328,0.04376347716995637,0.03631345891257832,0.023254215470354066,95.13,residual_weakly_aligned
NGW-126,Birimian fractured basement aquifer,Birimian Supergroup,phyllite–schist fractured zone,Upper West Region,Lawra,False,0.0,EC03,NO3src,anthropogenic,Ca;Mg;Na;K;HCO3;Cl;SO4;NO3;F,0.5,1.0,-0.15574428077369942,rock,rock,neutral,neutral,oxic,oxic,0.06561859849105328,0.04376347716995637,0.03631345891257832,0.023254215470354066,95.13,
NGW-126,Birimian fractured basement aquifer,Birimian Supergroup,phyllite–schist fractured zone,Upper West Region,Lawra,True,0.13708880056179207,EC07,denit,redox,Ca;Mg;Na;K;HCO3;Cl;SO4;NO3;F,0.8,0.5488116360940264,0.48158036550546196,rock,rock,neutral,neutral,oxic,oxic,0.06561859849105328,0.04376347716995637,0.03631345891257832,0.023254215470354066,95.13,residual_weakly_aligned;denitrification_stoichiometry_support
NGW-126,Birimian fractured basement aquifer,Birimian Supergroup,phyllite–schist fractured zone,Upper West Region,Lawra,False,0.0,EC01,CaNa_exch,ion_exchange,Ca;Mg;Na;K;HCO3;Cl;SO4;NO3;F,0.5,1.0,-0.20243244588060355,rock,rock,neutral,neutral,oxic,oxic,0.06561859849105328,0.04376347716995637,0.03631345891257832,0.023254215470354066,95.13,
NGW-126,Birimian fractured basement aquifer,Birimian Supergroup,phyllite–schist fractured zone,Upper West Region,Lawra,False,0.0,EC01,NaCa_exch,ion_exchange,Ca;Mg;Na;K;HCO3;Cl;SO4;NO3;F,0.5,1.0,0.20243244588060355,rock,rock,neutral,neutral,oxic,oxic,0.06561859849105328,0.04376347716995637,0.03631345891257832,0.023254215470354066,95.13,
NGW-126,Birimian fractured basement aquifer,Birimian Supergroup,phyllite–schist fractured zone,Upper West Region,Lawra,False,0.0,EC02,MgNa_exch,ion_exchange,Ca;Mg;Na;K;HCO3;Cl;SO4;NO3;F,0.32,1.4333294145603401,-0.37670286867743136,rock,rock,neutral,neutral,oxic,oxic,0.06561859849105328,0.04376347716995637,0.03631345891257832,0.023254215470354066,95.13,residual_opposed
NGW-126,Birimian fractured basement aquifer,Birimian Supergroup,phyllite–schist fractured zone,Upper West Region,Lawra,False,0.0,EC02,NaMg_exch,ion_exchange,Ca;Mg;Na;K;HCO3;Cl;SO4;NO3;F,0.6,0.8187307530779819,0.37670286867743136,rock,rock,neutral,neutral,oxic,oxic,0.06561859849105328,0.04376347716995637,0.03631345891257832,0.023254215470354066,95.13,residual_weakly_aligned
NGW-127,Birimian fractured basement aquifer,Birimian Supergroup,greenstone belt fracture network,Upper West Region,Wa,False,0.011633626843372363,EC05,calcite,carbonate,Ca;Mg;Na;K;HCO3;Cl;SO4;NO3;F,0.95,0.40656965974059917,0.561930694043124,rock,rock,neutral,freshening,oxic,oxic,-0.09371327966646838,-0.20094607930695652,-0.04031016178023348,-0.10029657540190888,167.74999999999994,residual_strongly_aligned;gibbs_rock_support;carbonate_alkalinity_support;undersaturated_dissolution_support
NGW-127,Birimian fractured basement aquifer,Birimian Supergroup,greenstone belt fracture network,Upper West Region,Wa,True,0.16408255187237944,EC08,dolomite,carbonate,Ca;Mg;Na;K;HCO3;Cl;SO4;NO3;F,0.95,0.40656965974059917,0.5901035466566743,rock,rock,neutral,freshening,oxic,oxic,-0.09371327966646838,-0.20094607930695652,-0.04031016178023348,-0.10029657540190888,167.74999999999994,residual_strongly_aligned;gibbs_rock_support;carbonate_alkalinity_support;undersaturated_dissolution_support
NGW-127,Birimian fractured basement aquifer,Birimian Supergroup,greenstone belt fracture network,Upper West Region,Wa,True,0.2506553810003525,EC04,albite,silicate,Ca;Mg;Na;K;HCO3;Cl;SO4;NO3;F,0.8799999999999999,0.46766642700990935,0.8441006021328363,rock,rock,neutral,freshening,oxic,oxic,-0.09371327966646838,-0.20094607930695652,-0.04031016178023348,-0.10029657540190888,167.74999999999994,residual_strongly_aligned;gibbs_rock_support;albite_na_alkalinity_support
NGW-127,Birimian fractured basement aquifer,Birimian Supergroup,greenstone belt fracture network,Upper West Region,Wa,False,0.011633626843372363,EC05,anorthite,silicate,Ca;Mg;Na;K;HCO3;Cl;SO4;NO3;F,0.8799999999999999,0.46766642700990935,0.561930694043124,rock,rock,neutral,freshening,oxic,oxic,-0.09371327966646838,-0.20094607930695652,-0.04031016178023348,-0.10029657540190888,167.74999999999994,residual_strongly_aligned;gibbs_rock_support;carbonate_alkalinity_support
NGW-127,Birimian fractured basement aquifer,Birimian Supergroup,greenstone belt fracture network,Upper West Region,Wa,True,0.08445610704330012,EC12,k_feldspar,silicate,Ca;Mg;Na;K;HCO3;Cl;SO4;NO3;F,0.7799999999999999,0.571209063848815,0.4423213643935683,rock,rock,neutral,freshening,oxic,oxic,-0.09371327966646838,-0.20094607930695652,-0.04031016178023348,-0.10029657540190888,167.74999999999994,residual_weakly_aligned;gibbs_rock_support;k_feldspar_k_alkalinity_support
NGW-127,Birimian fractured basement aquifer,Birimian Supergroup,greenstone belt fracture network,Upper West Region,Wa,False,0.0,EC10,gypsum,evaporite,Ca;Mg;Na;K;HCO3;Cl;SO4;NO3;F,0.78,0.5712090638488149,0.16385455037694427,rock,rock,neutral,freshening,oxic,oxic,-0.09371327966646838,-0.20094607930695652,-0.04031016178023348,-0.10029657540190888,167.74999999999994,gypsum_ca_so4_support;undersaturated_dissolution_support;salinity_increase_support
NGW-127,Birimian fractured basement aquifer,Birimian Supergroup,greenstone belt fracture network,Upper West Region,Wa,True,0.9487945413474493,EC11,halite,evaporite,Ca;Mg;Na;K;HCO3;Cl;SO4;NO3;F,0.95,0.40656965974059917,0.7864477106337922,rock,rock,neutral,freshening,oxic,oxic,-0.09371327966646838,-0.20094607930695652,-0.04031016178023348,-0.10029657540190888,167.74999999999994,residual_strongly_aligned;halite_na_cl_support;undersaturated_dissolution_support;salinity_increase_support
NGW-127,Birimian fractured basement aquifer,Birimian Supergroup,greenstone belt fracture network,Upper West Region,Wa,False,0.005452896866987999,EC09,fluorite,trace_mineral,Ca;Mg;Na;K;HCO3;Cl;SO4;NO3;F,0.6799999999999999,0.6976763260710311,0.05894595305716741,rock,rock,neutral,freshening,oxic,oxic,-0.09371327966646838,-0.20094607930695652,-0.04031016178023348,-0.10029657540190888,167.74999999999994,gibbs_rock_support;fluorite_ca_f_support
NGW-127,Birimian fractured basement aquifer,Birimian Supergroup,greenstone belt fracture network,Upper West Region,Wa,False,0.0,EC06,apatite,trace_mineral,Ca;Mg;Na;K;HCO3;Cl;SO4;NO3;F,0.58,0.8521437889662115,0.10088294276343139,rock,rock,neutral,freshening,oxic,oxic,-0.09371327966646838,-0.20094607930695652,-0.04031016178023348,-0.10029657540190888,167.74999999999994,gibbs_rock_support
NGW-127,Birimian fractured basement aquifer,Birimian Supergroup,greenstone belt fracture network,Upper West Region,Wa,True,0.11926784511152275,EC13,pyrite_oxidation,redox,Ca;Mg;Na;K;HCO3;Cl;SO4;NO3;F,0.5,1.0,0.1320585463502353,rock,rock,neutral,freshening,oxic,oxic,-0.09371327966646838,-0.20094607930695652,-0.04031016178023348,-0.10029657540190888,167.74999999999994,
NGW-127,Birimian fractured basement aquifer,Birimian Supergroup,greenstone belt fracture network,Upper West Region,Wa,False,0.0,EC03,NO3src,anthropogenic,Ca;Mg;Na;K;HCO3;Cl;SO4;NO3;F,0.5,1.0,-0.04382299566111192,rock,rock,neutral,freshening,oxic,oxic,-0.09371327966646838,-0.20094607930695652,-0.04031016178023348,-0.10029657540190888,167.74999999999994,
NGW-127,Birimian fractured basement aquifer,Birimian Supergroup,greenstone belt fracture network,Upper West Region,Wa,True,0.07805519625408897,EC07,denit,redox,Ca;Mg;Na;K;HCO3;Cl;SO4;NO3;F,0.8,0.5488116360940264,0.4399952291182243,rock,rock,neutral,freshening,oxic,oxic,-0.09371327966646838,-0.20094607930695652,-0.04031016178023348,-0.10029657540190888,167.74999999999994,residual_weakly_aligned;denitrification_stoichiometry_support
NGW-127,Birimian fractured basement aquifer,Birimian Supergroup,greenstone belt fracture network,Upper West Region,Wa,False,0.0,EC01,CaNa_exch,ion_exchange,Ca;Mg;Na;K;HCO3;Cl;SO4;NO3;F,0.54,0.9231163463866358,-0.5057814967806147,rock,rock,neutral,freshening,oxic,oxic,-0.09371327966646838,-0.20094607930695652,-0.04031016178023348,-0.10029657540190888,167.74999999999994,residual_opposed;cai_freshening_support
NGW-127,Birimian fractured basement aquifer,Birimian Supergroup,greenstone belt fracture network,Upper West Region,Wa,False,0.0,EC01,NaCa_exch,ion_exchange,Ca;Mg;Na;K;HCO3;Cl;SO4;NO3;F,0.38,1.2712491503214047,0.5057814967806147,rock,rock,neutral,freshening,oxic,oxic,-0.09371327966646838,-0.20094607930695652,-0.04031016178023348,-0.10029657540190888,167.74999999999994,residual_weakly_aligned;cai_freshening_conflict
NGW-127,Birimian fractured basement aquifer,Birimian Supergroup,greenstone belt fracture network,Upper West Region,Wa,False,0.0,EC02,MgNa_exch,ion_exchange,Ca;Mg;Na;K;HCO3;Cl;SO4;NO3;F,0.54,0.9231163463866358,-0.5100001271997447,rock,rock,neutral,freshening,oxic,oxic,-0.09371327966646838,-0.20094607930695652,-0.04031016178023348,-0.10029657540190888,167.74999999999994,residual_opposed;cai_freshening_support
NGW-127,Birimian fractured basement aquifer,Birimian Supergroup,greenstone belt fracture network,Upper West Region,Wa,False,0.0,EC02,NaMg_exch,ion_exchange,Ca;Mg;Na;K;HCO3;Cl;SO4;NO3;F,0.38,1.2712491503214047,0.5100001271997447,rock,rock,neutral,freshening,oxic,oxic,-0.09371327966646838,-0.20094607930695652,-0.04031016178023348,-0.10029657540190888,167.74999999999994,residual_weakly_aligned;cai_freshening_conflict
NGW-129,Granitoid fractured basement aquifer,Paleoproterozoic granitoid complex,granite–gneiss weathered/fractured zone,Upper West Region,Wa,True,0.08975840412310503,EC05,calcite,carbonate,Ca;Mg;Na;K;HCO3;Cl;SO4;NO3;F,0.8799999999999999,0.46766642700990935,0.646691641537115,rock,rock,freshening,neutral,oxic,oxic,-0.31341804451738925,-0.05311006798356421,-0.13823992749861327,-0.02918642296943818,133.63000000000005,residual_strongly_aligned;gibbs_rock_support;carbonate_alkalinity_support
NGW-129,Granitoid fractured basement aquifer,Paleoproterozoic granitoid complex,granite–gneiss weathered/fractured zone,Upper West Region,Wa,True,0.11482383673636216,EC08,dolomite,carbonate,Ca;Mg;Na;K;HCO3;Cl;SO4;NO3;F,0.95,0.40656965974059917,0.6578743432005635,rock,rock,freshening,neutral,oxic,oxic,-0.31341804451738925,-0.05311006798356421,-0.13823992749861327,-0.02918642296943818,133.63000000000005,residual_strongly_aligned;gibbs_rock_support;carbonate_alkalinity_support;undersaturated_dissolution_support
NGW-129,Granitoid fractured basement aquifer,Paleoproterozoic granitoid complex,granite–gneiss weathered/fractured zone,Upper West Region,Wa,False,0.0,EC04,albite,silicate,Ca;Mg;Na;K;HCO3;Cl;SO4;NO3;F,0.8799999999999999,0.46766642700990935,0.6921218297403989,rock,rock,freshening,neutral,oxic,oxic,-0.31341804451738925,-0.05311006798356421,-0.13823992749861327,-0.02918642296943818,133.63000000000005,residual_strongly_aligned;gibbs_rock_support;albite_na_alkalinity_support
NGW-129,Granitoid fractured basement aquifer,Paleoproterozoic granitoid complex,granite–gneiss weathered/fractured zone,Upper West Region,Wa,True,0.08975840412310503,EC05,anorthite,silicate,Ca;Mg;Na;K;HCO3;Cl;SO4;NO3;F,0.8799999999999999,0.46766642700990935,0.646691641537115,rock,rock,freshening,neutral,oxic,oxic,-0.31341804451738925,-0.05311006798356421,-0.13823992749861327,-0.02918642296943818,133.63000000000005,residual_strongly_aligned;gibbs_rock_support;carbonate_alkalinity_support
NGW-129,Granitoid fractured basement aquifer,Paleoproterozoic granitoid complex,granite–gneiss weathered/fractured zone,Upper West Region,Wa,True,0.03433241206722502,EC12,k_feldspar,silicate,Ca;Mg;Na;K;HCO3;Cl;SO4;NO3;F,0.7799999999999999,0.571209063848815,0.4417480493476476,rock,rock,freshening,neutral,oxic,oxic,-0.31341804451738925,-0.05311006798356421,-0.13823992749861327,-0.02918642296943818,133.63000000000005,residual_weakly_aligned;gibbs_rock_support;k_feldspar_k_alkalinity_support
NGW-129,Granitoid fractured basement aquifer,Paleoproterozoic granitoid complex,granite–gneiss weathered/fractured zone,Upper West Region,Wa,False,0.015152662552317897,EC10,gypsum,evaporite,Ca;Mg;Na;K;HCO3;Cl;SO4;NO3;F,0.78,0.5712090638488149,0.1979716952648763,rock,rock,freshening,neutral,oxic,oxic,-0.31341804451738925,-0.05311006798356421,-0.13823992749861327,-0.02918642296943818,133.63000000000005,gypsum_ca_so4_support;undersaturated_dissolution_support;salinity_increase_support
NGW-129,Granitoid fractured basement aquifer,Paleoproterozoic granitoid complex,granite–gneiss weathered/fractured zone,Upper West Region,Wa,True,0.8676369957328509,EC11,halite,evaporite,Ca;Mg;Na;K;HCO3;Cl;SO4;NO3;F,0.95,0.40656965974059917,0.7167687218666557,rock,rock,freshening,neutral,oxic,oxic,-0.31341804451738925,-0.05311006798356421,-0.13823992749861327,-0.02918642296943818,133.63000000000005,residual_strongly_aligned;halite_na_cl_support;undersaturated_dissolution_support;salinity_increase_support
NGW-129,Granitoid fractured basement aquifer,Paleoproterozoic granitoid complex,granite–gneiss weathered/fractured zone,Upper West Region,Wa,False,0.0,EC09,fluorite,trace_mineral,Ca;Mg;Na;K;HCO3;Cl;SO4;NO3;F,0.6799999999999999,0.6976763260710311,0.12416762475454352,rock,rock,freshening,neutral,oxic,oxic,-0.31341804451738925,-0.05311006798356421,-0.13823992749861327,-0.02918642296943818,133.63000000000005,gibbs_rock_support;fluorite_ca_f_support
NGW-129,Granitoid fractured basement aquifer,Paleoproterozoic granitoid complex,granite–gneiss weathered/fractured zone,Upper West Region,Wa,False,0.003342602865933006,EC06,apatite,trace_mineral,Ca;Mg;Na;K;HCO3;Cl;SO4;NO3;F,0.6799999999999999,0.6976763260710311,0.25957378814875753,rock,rock,freshening,neutral,oxic,oxic,-0.31341804451738925,-0.05311006798356421,-0.13823992749861327,-0.02918642296943818,133.63000000000005,residual_weakly_aligned;gibbs_rock_support
NGW-129,Granitoid fractured basement aquifer,Paleoproterozoic granitoid complex,granite–gneiss weathered/fractured zone,Upper West Region,Wa,False,0.0,EC13,pyrite_oxidation,redox,Ca;Mg;Na;K;HCO3;Cl;SO4;NO3;F,0.5,1.0,0.016696881696294484,rock,rock,freshening,neutral,oxic,oxic,-0.31341804451738925,-0.05311006798356421,-0.13823992749861327,-0.02918642296943818,133.63000000000005,
NGW-129,Granitoid fractured basement aquifer,Paleoproterozoic granitoid complex,granite–gneiss weathered/fractured zone,Upper West Region,Wa,True,0.1324320541879254,EC03,NO3src,anthropogenic,Ca;Mg;Na;K;HCO3;Cl;SO4;NO3;F,0.6799999999999999,0.6976763260710311,0.10434999101116042,rock,rock,freshening,neutral,oxic,oxic,-0.31341804451738925,-0.05311006798356421,-0.13823992749861327,-0.02918642296943818,133.63000000000005,nitrate_increase_support
NGW-129,Granitoid fractured basement aquifer,Paleoproterozoic granitoid complex,granite–gneiss weathered/fractured zone,Upper West Region,Wa,False,0.0,EC07,denit,redox,Ca;Mg;Na;K;HCO3;Cl;SO4;NO3;F,0.43999999999999995,1.1274968515793757,0.3443854380054839,rock,rock,freshening,neutral,oxic,oxic,-0.31341804451738925,-0.05311006798356421,-0.13823992749861327,-0.02918642296943818,133.63000000000005,residual_weakly_aligned;denitrification_no3_conflict
NGW-129,Granitoid fractured basement aquifer,Paleoproterozoic granitoid complex,granite–gneiss weathered/fractured zone,Upper West Region,Wa,True,0.04070386176104532,EC01,CaNa_exch,ion_exchange,Ca;Mg;Na;K;HCO3;Cl;SO4;NO3;F,0.5,1.0,-0.22878091858405533,rock,rock,freshening,neutral,oxic,oxic,-0.31341804451738925,-0.05311006798356421,-0.13823992749861327,-0.02918642296943818,133.63000000000005,
NGW-129,Granitoid fractured basement aquifer,Paleoproterozoic granitoid complex,granite–gneiss weathered/fractured zone,Upper West Region,Wa,False,0.0,EC01,NaCa_exch,ion_exchange,Ca;Mg;Na;K;HCO3;Cl;SO4;NO3;F,0.5,1.0,0.22878091858405533,rock,rock,freshening,neutral,oxic,oxic,-0.31341804451738925,-0.05311006798356421,-0.13823992749861327,-0.02918642296943818,133.63000000000005,
NGW-129,Granitoid fractured basement aquifer,Paleoproterozoic granitoid complex,granite–gneiss weathered/fractured zone,Upper West Region,Wa,True,0.10267183670159626,EC02,MgNa_exch,ion_exchange,Ca;Mg;Na;K;HCO3;Cl;SO4;NO3;F,0.32,1.4333294145603401,-0.27393539843763315,rock,rock,freshening,neutral,oxic,oxic,-0.31341804451738925,-0.05311006798356421,-0.13823992749861327,-0.02918642296943818,133.63000000000005,residual_opposed
NGW-129,Granitoid fractured basement aquifer,Paleoproterozoic granitoid complex,granite–gneiss weathered/fractured zone,Upper West Region,Wa,False,0.0,EC02,NaMg_exch,ion_exchange,Ca;Mg;Na;K;HCO3;Cl;SO4;NO3;F,0.6,0.8187307530779819,0.27393539843763315,rock,rock,freshening,neutral,oxic,oxic,-0.31341804451738925,-0.05311006798356421,-0.13823992749861327,-0.02918642296943818,133.63000000000005,residual_weakly_aligned
NGW-130,Granitoid fractured basement aquifer,Paleoproterozoic granitoid complex,granite–gneiss weathered/fractured zone,Upper West Region,Daffiama-Bussie-Issa,False,0.0,EC05,calcite,carbonate,Ca;Mg;Na;K;HCO3;Cl;SO4;NO3;F,0.6599999999999999,0.726149037073691,0.2502496811615877,rock,rock,freshening,freshening,oxic,oxic,-0.2655494515673504,-0.17576949699258562,-0.08769100142308824,-0.09113216794210488,45.47999999999996,residual_weakly_aligned;gibbs_rock_support;carbonate_alkalinity_support;saturated_dissolution_conflict
NGW-130,Granitoid fractured basement aquifer,Paleoproterozoic granitoid complex,granite–gneiss weathered/fractured zone,Upper West Region,Daffiama-Bussie-Issa,False,-0.007684729478245546,EC08,dolomite,carbonate,Ca;Mg;Na;K;HCO3;Cl;SO4;NO3;F,0.45999999999999996,1.0832870676749586,0.1392275345604089,rock,rock,freshening,freshening,oxic,oxic,-0.2655494515673504,-0.17576949699258562,-0.08769100142308824,-0.09113216794210488,45.47999999999996,gibbs_rock_support;saturated_dissolution_conflict
NGW-130,Granitoid fractured basement aquifer,Paleoproterozoic granitoid complex,granite–gneiss weathered/fractured zone,Upper West Region,Daffiama-Bussie-Issa,False,-0.0,EC04,albite,silicate,Ca;Mg;Na;K;HCO3;Cl;SO4;NO3;F,0.7799999999999999,0.571209063848815,0.5068324889036832,rock,rock,freshening,freshening,oxic,oxic,-0.2655494515673504,-0.17576949699258562,-0.08769100142308824,-0.09113216794210488,45.47999999999996,residual_weakly_aligned;gibbs_rock_support;albite_na_alkalinity_support
NGW-130,Granitoid fractured basement aquifer,Paleoproterozoic granitoid complex,granite–gneiss weathered/fractured zone,Upper West Region,Daffiama-Bussie-Issa,False,0.0,EC05,anorthite,silicate,Ca;Mg;Na;K;HCO3;Cl;SO4;NO3;F,0.7799999999999999,0.571209063848815,0.2502496811615877,rock,rock,freshening,freshening,oxic,oxic,-0.2655494515673504,-0.17576949699258562,-0.08769100142308824,-0.09113216794210488,45.47999999999996,residual_weakly_aligned;gibbs_rock_support;carbonate_alkalinity_support
NGW-130,Granitoid fractured basement aquifer,Paleoproterozoic granitoid complex,granite–gneiss weathered/fractured zone,Upper West Region,Daffiama-Bussie-Issa,False,0.01852325906263308,EC12,k_feldspar,silicate,Ca;Mg;Na;K;HCO3;Cl;SO4;NO3;F,0.6799999999999999,0.6976763260710311,0.11713663156416722,rock,rock,freshening,freshening,oxic,oxic,-0.2655494515673504,-0.17576949699258562,-0.08769100142308824,-0.09113216794210488,45.47999999999996,gibbs_rock_support;k_feldspar_k_alkalinity_support
NGW-130,Granitoid fractured basement aquifer,Paleoproterozoic granitoid complex,granite–gneiss weathered/fractured zone,Upper West Region,Daffiama-Bussie-Issa,False,0.0,EC10,gypsum,evaporite,Ca;Mg;Na;K;HCO3;Cl;SO4;NO3;F,0.64,0.7557837414557255,0.23851693747278607,rock,rock,freshening,freshening,oxic,oxic,-0.2655494515673504,-0.17576949699258562,-0.08769100142308824,-0.09113216794210488,45.47999999999996,undersaturated_dissolution_support;salinity_increase_support
NGW-130,Granitoid fractured basement aquifer,Paleoproterozoic granitoid complex,granite–gneiss weathered/fractured zone,Upper West Region,Daffiama-Bussie-Issa,True,0.6349950669152505,EC11,halite,evaporite,Ca;Mg;Na;K;HCO3;Cl;SO4;NO3;F,0.95,0.40656965974059917,0.8956700430460302,rock,rock,freshening,freshening,oxic,oxic,-0.2655494515673504,-0.17576949699258562,-0.08769100142308824,-0.09113216794210488,45.47999999999996,residual_strongly_aligned;halite_na_cl_support;undersaturated_dissolution_support;salinity_increase_support
NGW-130,Granitoid fractured basement aquifer,Paleoproterozoic granitoid complex,granite–gneiss weathered/fractured zone,Upper West Region,Daffiama-Bussie-Issa,False,-0.006307913373690652,EC09,fluorite,trace_mineral,Ca;Mg;Na;K;HCO3;Cl;SO4;NO3;F,0.58,0.8521437889662115,0.14836040983898907,rock,rock,freshening,freshening,oxic,oxic,-0.2655494515673504,-0.17576949699258562,-0.08769100142308824,-0.09113216794210488,45.47999999999996,gibbs_rock_support
NGW-130,Granitoid fractured basement aquifer,Paleoproterozoic granitoid complex,granite–gneiss weathered/fractured zone,Upper West Region,Daffiama-Bussie-Issa,True,0.043879638377603565,EC06,apatite,trace_mineral,Ca;Mg;Na;K;HCO3;Cl;SO4;NO3;F,0.6799999999999999,0.6976763260710311,0.33431925149987185,rock,rock,freshening,freshening,oxic,oxic,-0.2655494515673504,-0.17576949699258562,-0.08769100142308824,-0.09113216794210488,45.47999999999996,residual_weakly_aligned;gibbs_rock_support
NGW-130,Granitoid fractured basement aquifer,Paleoproterozoic granitoid complex,granite–gneiss weathered/fractured zone,Upper West Region,Daffiama-Bussie-Issa,False,0.0,EC13,pyrite_oxidation,redox,Ca;Mg;Na;K;HCO3;Cl;SO4;NO3;F,0.5,1.0,-0.004647980255340745,rock,rock,freshening,freshening,oxic,oxic,-0.2655494515673504,-0.17576949699258562,-0.08769100142308824,-0.09113216794210488,45.47999999999996,
NGW-130,Granitoid fractured basement aquifer,Paleoproterozoic granitoid complex,granite–gneiss weathered/fractured zone,Upper West Region,Daffiama-Bussie-Issa,False,0.0,EC03,NO3src,anthropogenic,Ca;Mg;Na;K;HCO3;Cl;SO4;NO3;F,0.5,1.0,-0.17219308181633738,rock,rock,freshening,freshening,oxic,oxic,-0.2655494515673504,-0.17576949699258562,-0.08769100142308824,-0.09113216794210488,45.47999999999996,
NGW-130,Granitoid fractured basement aquifer,Paleoproterozoic granitoid complex,granite–gneiss weathered/fractured zone,Upper West Region,Daffiama-Bussie-Issa,True,0.1361816872344524,EC07,denit,redox,Ca;Mg;Na;K;HCO3;Cl;SO4;NO3;F,0.7,0.6703200460356393,0.1986968619610499,rock,rock,freshening,freshening,oxic,oxic,-0.2655494515673504,-0.17576949699258562,-0.08769100142308824,-0.09113216794210488,45.47999999999996,denitrification_stoichiometry_support
NGW-130,Granitoid fractured basement aquifer,Paleoproterozoic granitoid complex,granite–gneiss weathered/fractured zone,Upper West Region,Daffiama-Bussie-Issa,True,0.11827552060914719,EC01,CaNa_exch,ion_exchange,Ca;Mg;Na;K;HCO3;Cl;SO4;NO3;F,0.54,0.9231163463866358,-0.3908483416814745,rock,rock,freshening,freshening,oxic,oxic,-0.2655494515673504,-0.17576949699258562,-0.08769100142308824,-0.09113216794210488,45.47999999999996,residual_opposed;cai_freshening_support
NGW-130,Granitoid fractured basement aquifer,Paleoproterozoic granitoid complex,granite–gneiss weathered/fractured zone,Upper West Region,Daffiama-Bussie-Issa,False,0.0,EC01,NaCa_exch,ion_exchange,Ca;Mg;Na;K;HCO3;Cl;SO4;NO3;F,0.38,1.2712491503214047,0.3908483416814745,rock,rock,freshening,freshening,oxic,oxic,-0.2655494515673504,-0.17576949699258562,-0.08769100142308824,-0.09113216794210488,45.47999999999996,residual_weakly_aligned;cai_freshening_conflict
NGW-130,Granitoid fractured basement aquifer,Paleoproterozoic granitoid complex,granite–gneiss weathered/fractured zone,Upper West Region,Daffiama-Bussie-Issa,False,0.0,EC02,MgNa_exch,ion_exchange,Ca;Mg;Na;K;HCO3;Cl;SO4;NO3;F,0.54,0.9231163463866358,-0.6271820306722288,rock,rock,freshening,freshening,oxic,oxic,-0.2655494515673504,-0.17576949699258562,-0.08769100142308824,-0.09113216794210488,45.47999999999996,residual_opposed;cai_freshening_support
NGW-130,Granitoid fractured basement aquifer,Paleoproterozoic granitoid complex,granite–gneiss weathered/fractured zone,Upper West Region,Daffiama-Bussie-Issa,True,0.11861168299318019,EC02,NaMg_exch,ion_exchange,Ca;Mg;Na;K;HCO3;Cl;SO4;NO3;F,0.48,1.0408107741923882,0.6271820306722288,rock,rock,freshening,freshening,oxic,oxic,-0.2655494515673504,-0.17576949699258562,-0.08769100142308824,-0.09113216794210488,45.47999999999996,residual_strongly_aligned;cai_freshening_conflict
NGW-131,Birimian fractured basement aquifer,Birimian Supergroup,metavolcanic–metasedimentary rocks,Upper West Region,Lawra,True,0.1000889543708125,EC05,calcite,carbonate,Ca;Mg;Na;K;HCO3;Cl;SO4;NO3;F,0.95,0.40656965974059917,0.6985660479165761,rock,rock,freshening,neutral,oxic,oxic,-0.3202307591068035,-0.08537729916876603,-0.12341236953933085,-0.03624064569255596,168.30999999999995,residual_strongly_aligned;gibbs_rock_support;carbonate_alkalinity_support;undersaturated_dissolution_support
NGW-131,Birimian fractured basement aquifer,Birimian Supergroup,metavolcanic–metasedimentary rocks,Upper West Region,Lawra,True,0.10549007882284968,EC08,dolomite,carbonate,Ca;Mg;Na;K;HCO3;Cl;SO4;NO3;F,0.95,0.40656965974059917,0.6739561482026091,rock,rock,freshening,neutral,oxic,oxic,-0.3202307591068035,-0.08537729916876603,-0.12341236953933085,-0.03624064569255596,168.30999999999995,residual_strongly_aligned;gibbs_rock_support;carbonate_alkalinity_support;undersaturated_dissolution_support
NGW-131,Birimian fractured basement aquifer,Birimian Supergroup,metavolcanic–metasedimentary rocks,Upper West Region,Lawra,False,0.0,EC04,albite,silicate,Ca;Mg;Na;K;HCO3;Cl;SO4;NO3;F,0.8799999999999999,0.46766642700990935,0.6646147996376992,rock,rock,freshening,neutral,oxic,oxic,-0.3202307591068035,-0.08537729916876603,-0.12341236953933085,-0.03624064569255596,168.30999999999995,residual_strongly_aligned;gibbs_rock_support;albite_na_alkalinity_support
NGW-131,Birimian fractured basement aquifer,Birimian Supergroup,metavolcanic–metasedimentary rocks,Upper West Region,Lawra,True,0.1000889543708125,EC05,anorthite,silicate,Ca;Mg;Na;K;HCO3;Cl;SO4;NO3;F,0.8799999999999999,0.46766642700990935,0.6985660479165761,rock,rock,freshening,neutral,oxic,oxic,-0.3202307591068035,-0.08537729916876603,-0.12341236953933085,-0.03624064569255596,168.30999999999995,residual_strongly_aligned;gibbs_rock_support;carbonate_alkalinity_support
NGW-131,Birimian fractured basement aquifer,Birimian Supergroup,metavolcanic–metasedimentary rocks,Upper West Region,Lawra,True,0.062493612002224766,EC12,k_feldspar,silicate,Ca;Mg;Na;K;HCO3;Cl;SO4;NO3;F,0.7799999999999999,0.571209063848815,0.4522266959498686,rock,rock,freshening,neutral,oxic,oxic,-0.3202307591068035,-0.08537729916876603,-0.12341236953933085,-0.03624064569255596,168.30999999999995,residual_weakly_aligned;gibbs_rock_support;k_feldspar_k_alkalinity_support
NGW-131,Birimian fractured basement aquifer,Birimian Supergroup,metavolcanic–metasedimentary rocks,Upper West Region,Lawra,True,0.16292634334890155,EC10,gypsum,evaporite,Ca;Mg;Na;K;HCO3;Cl;SO4;NO3;F,0.88,0.46766642700990924,0.352090048796577,rock,rock,freshening,neutral,oxic,oxic,-0.3202307591068035,-0.08537729916876603,-0.12341236953933085,-0.03624064569255596,168.30999999999995,residual_weakly_aligned;gypsum_ca_so4_support;undersaturated_dissolution_support;salinity_increase_support
NGW-131,Birimian fractured basement aquifer,Birimian Supergroup,metavolcanic–metasedimentary rocks,Upper West Region,Lawra,True,0.7618385693152167,EC11,halite,evaporite,Ca;Mg;Na;K;HCO3;Cl;SO4;NO3;F,0.95,0.40656965974059917,0.6238547504871792,rock,rock,freshening,neutral,oxic,oxic,-0.3202307591068035,-0.08537729916876603,-0.12341236953933085,-0.03624064569255596,168.30999999999995,residual_strongly_aligned;halite_na_cl_support;undersaturated_dissolution_support;salinity_increase_support
NGW-131,Birimian fractured basement aquifer,Birimian Supergroup,metavolcanic–metasedimentary rocks,Upper West Region,Lawra,False,-0.0,EC09,fluorite,trace_mineral,Ca;Mg;Na;K;HCO3;Cl;SO4;NO3;F,0.58,0.8521437889662115,0.17116165593717686,rock,rock,freshening,neutral,oxic,oxic,-0.3202307591068035,-0.08537729916876603,-0.12341236953933085,-0.03624064569255596,168.30999999999995,gibbs_rock_support
NGW-131,Birimian fractured basement aquifer,Birimian Supergroup,metavolcanic–metasedimentary rocks,Upper West Region,Lawra,False,0.009969727500526371,EC06,apatite,trace_mineral,Ca;Mg;Na;K;HCO3;Cl;SO4;NO3;F,0.6799999999999999,0.6976763260710311,0.37894971347627493,rock,rock,freshening,neutral,oxic,oxic,-0.3202307591068035,-0.08537729916876603,-0.12341236953933085,-0.03624064569255596,168.30999999999995,residual_weakly_aligned;gibbs_rock_support
NGW-131,Birimian fractured basement aquifer,Birimian Supergroup,metavolcanic–metasedimentary rocks,Upper West Region,Lawra,False,0.0,EC13,pyrite_oxidation,redox,Ca;Mg;Na;K;HCO3;Cl;SO4;NO3;F,0.5,1.0,0.11106220334529263,rock,rock,freshening,neutral,oxic,oxic,-0.3202307591068035,-0.08537729916876603,-0.12341236953933085,-0.03624064569255596,168.30999999999995,
NGW-131,Birimian fractured basement aquifer,Birimian Supergroup,metavolcanic–metasedimentary rocks,Upper West Region,Lawra,True,0.3824524164849222,EC03,NO3src,anthropogenic,Ca;Mg;Na;K;HCO3;Cl;SO4;NO3;F,0.78,0.5712090638488149,0.26485582088687626,rock,rock,freshening,neutral,oxic,oxic,-0.3202307591068035,-0.08537729916876603,-0.12341236953933085,-0.03624064569255596,168.30999999999995,residual_weakly_aligned;nitrate_increase_support
NGW-131,Birimian fractured basement aquifer,Birimian Supergroup,metavolcanic–metasedimentary rocks,Upper West Region,Lawra,False,0.0,EC07,denit,redox,Ca;Mg;Na;K;HCO3;Cl;SO4;NO3;F,0.33999999999999997,1.3771277643359572,0.22820499904503497,rock,rock,freshening,neutral,oxic,oxic,-0.3202307591068035,-0.08537729916876603,-0.12341236953933085,-0.03624064569255596,168.30999999999995,denitrification_no3_conflict
NGW-131,Birimian fractured basement aquifer,Birimian Supergroup,metavolcanic–metasedimentary rocks,Upper West Region,Lawra,True,0.04883080955601487,EC01,CaNa_exch,ion_exchange,Ca;Mg;Na;K;HCO3;Cl;SO4;NO3;F,0.5,1.0,-0.1421125654880559,rock,rock,freshening,neutral,oxic,oxic,-0.3202307591068035,-0.08537729916876603,-0.12341236953933085,-0.03624064569255596,168.30999999999995,
NGW-131,Birimian fractured basement aquifer,Birimian Supergroup,metavolcanic–metasedimentary rocks,Upper West Region,Lawra,False,0.0,EC01,NaCa_exch,ion_exchange,Ca;Mg;Na;K;HCO3;Cl;SO4;NO3;F,0.5,1.0,0.1421125654880559,rock,rock,freshening,neutral,oxic,oxic,-0.3202307591068035,-0.08537729916876603,-0.12341236953933085,-0.03624064569255596,168.30999999999995,
NGW-131,Birimian fractured basement aquifer,Birimian Supergroup,metavolcanic–metasedimentary rocks,Upper West Region,Lawra,True,0.05766185500369928,EC02,MgNa_exch,ion_exchange,Ca;Mg;Na;K;HCO3;Cl;SO4;NO3;F,0.32,1.4333294145603401,-0.26050277848466397,rock,rock,freshening,neutral,oxic,oxic,-0.3202307591068035,-0.08537729916876603,-0.12341236953933085,-0.03624064569255596,168.30999999999995,residual_opposed
NGW-131,Birimian fractured basement aquifer,Birimian Supergroup,metavolcanic–metasedimentary rocks,Upper West Region,Lawra,False,0.0,EC02,NaMg_exch,ion_exchange,Ca;Mg;Na;K;HCO3;Cl;SO4;NO3;F,0.6,0.8187307530779819,0.26050277848466397,rock,rock,freshening,neutral,oxic,oxic,-0.3202307591068035,-0.08537729916876603,-0.12341236953933085,-0.03624064569255596,168.30999999999995,residual_weakly_aligned
NGW-133,Regolith/alluvial shallow aquifer,Quaternary regolith/alluvium,weathered regolith,Upper West Region,Nandom,False,0.0,EC05,calcite,carbonate,Ca;Mg;Na;K;HCO3;Cl;SO4;NO3;F,0.8799999999999999,0.46766642700990935,0.46996896939995453,rock,rock,freshening,freshening,oxic,oxic,-0.6952688636983986,-0.26880831680094924,-0.22176019452145068,-0.12661888043474367,127.06,residual_weakly_aligned;gibbs_rock_support;carbonate_alkalinity_support;undersaturated_dissolution_support
NGW-133,Regolith/alluvial shallow aquifer,Quaternary regolith/alluvium,weathered regolith,Upper West Region,Nandom,True,0.14110399984410574,EC08,dolomite,carbonate,Ca;Mg;Na;K;HCO3;Cl;SO4;NO3;F,0.8799999999999999,0.46766642700990935,0.4964432797251123,rock,rock,freshening,freshening,oxic,oxic,-0.6952688636983986,-0.26880831680094924,-0.22176019452145068,-0.12661888043474367,127.06,residual_weakly_aligned;gibbs_rock_support;carbonate_alkalinity_support;undersaturated_dissolution_support
NGW-133,Regolith/alluvial shallow aquifer,Quaternary regolith/alluvium,weathered regolith,Upper West Region,Nandom,False,0.0,EC04,albite,silicate,Ca;Mg;Na;K;HCO3;Cl;SO4;NO3;F,0.8799999999999999,0.46766642700990935,0.661473919774808,rock,rock,freshening,freshening,oxic,oxic,-0.6952688636983986,-0.26880831680094924,-0.22176019452145068,-0.12661888043474367,127.06,residual_strongly_aligned;gibbs_rock_support;albite_na_alkalinity_support
NGW-133,Regolith/alluvial shallow aquifer,Quaternary regolith/alluvium,weathered regolith,Upper West Region,Nandom,False,0.0,EC05,anorthite,silicate,Ca;Mg;Na;K;HCO3;Cl;SO4;NO3;F,0.7799999999999999,0.571209063848815,0.46996896939995453,rock,rock,freshening,freshening,oxic,oxic,-0.6952688636983986,-0.26880831680094924,-0.22176019452145068,-0.12661888043474367,127.06,residual_weakly_aligned;gibbs_rock_support;carbonate_alkalinity_support
NGW-133,Regolith/alluvial shallow aquifer,Quaternary regolith/alluvium,weathered regolith,Upper West Region,Nandom,False,0.02370247957127462,EC12,k_feldspar,silicate,Ca;Mg;Na;K;HCO3;Cl;SO4;NO3;F,0.7799999999999999,0.571209063848815,0.3214205254396247,rock,rock,freshening,freshening,oxic,oxic,-0.6952688636983986,-0.26880831680094924,-0.22176019452145068,-0.12661888043474367,127.06,residual_weakly_aligned;gibbs_rock_support;k_feldspar_k_alkalinity_support
NGW-133,Regolith/alluvial shallow aquifer,Quaternary regolith/alluvium,weathered regolith,Upper West Region,Nandom,True,0.13464513134282824,EC10,gypsum,evaporite,Ca;Mg;Na;K;HCO3;Cl;SO4;NO3;F,0.78,0.5712090638488149,0.22082822383697653,rock,rock,freshening,freshening,oxic,oxic,-0.6952688636983986,-0.26880831680094924,-0.22176019452145068,-0.12661888043474367,127.06,gypsum_ca_so4_support;undersaturated_dissolution_support;salinity_increase_support
NGW-133,Regolith/alluvial shallow aquifer,Quaternary regolith/alluvium,weathered regolith,Upper West Region,Nandom,True,0.9172470320465839,EC11,halite,evaporite,Ca;Mg;Na;K;HCO3;Cl;SO4;NO3;F,0.95,0.40656965974059917,0.8398315178654949,rock,rock,freshening,freshening,oxic,oxic,-0.6952688636983986,-0.26880831680094924,-0.22176019452145068,-0.12661888043474367,127.06,residual_strongly_aligned;halite_na_cl_support;undersaturated_dissolution_support;salinity_increase_support
NGW-133,Regolith/alluvial shallow aquifer,Quaternary regolith/alluvium,weathered regolith,Upper West Region,Nandom,False,0.0,EC09,fluorite,trace_mineral,Ca;Mg;Na;K;HCO3;Cl;SO4;NO3;F,0.6799999999999999,0.6976763260710311,0.09281655882913953,rock,rock,freshening,freshening,oxic,oxic,-0.6952688636983986,-0.26880831680094924,-0.22176019452145068,-0.12661888043474367,127.06,gibbs_rock_support;fluorite_ca_f_support
NGW-133,Regolith/alluvial shallow aquifer,Quaternary regolith/alluvium,weathered regolith,Upper West Region,Nandom,False,0.0,EC06,apatite,trace_mineral,Ca;Mg;Na;K;HCO3;Cl;SO4;NO3;F,0.58,0.8521437889662115,0.20285396083450422,rock,rock,freshening,freshening,oxic,oxic,-0.6952688636983986,-0.26880831680094924,-0.22176019452145068,-0.12661888043474367,127.06,gibbs_rock_support
NGW-133,Regolith/alluvial shallow aquifer,Quaternary regolith/alluvium,weathered regolith,Upper West Region,Nandom,False,0.0,EC13,pyrite_oxidation,redox,Ca;Mg;Na;K;HCO3;Cl;SO4;NO3;F,0.5,1.0,0.10550177194613802,rock,rock,freshening,freshening,oxic,oxic,-0.6952688636983986,-0.26880831680094924,-0.22176019452145068,-0.12661888043474367,127.06,
NGW-133,Regolith/alluvial shallow aquifer,Quaternary regolith/alluvium,weathered regolith,Upper West Region,Nandom,True,0.06936530041210479,EC03,NO3src,anthropogenic,Ca;Mg;Na;K;HCO3;Cl;SO4;NO3;F,0.6799999999999999,0.6976763260710311,0.06356899343110145,rock,rock,freshening,freshening,oxic,oxic,-0.6952688636983986,-0.26880831680094924,-0.22176019452145068,-0.12661888043474367,127.06,nitrate_increase_support
NGW-133,Regolith/alluvial shallow aquifer,Quaternary regolith/alluvium,weathered regolith,Upper West Region,Nandom,False,0.0,EC07,denit,redox,Ca;Mg;Na;K;HCO3;Cl;SO4;NO3;F,0.43999999999999995,1.1274968515793757,0.2534794241647904,rock,rock,freshening,freshening,oxic,oxic,-0.6952688636983986,-0.26880831680094924,-0.22176019452145068,-0.12661888043474367,127.06,residual_weakly_aligned;denitrification_no3_conflict
NGW-133,Regolith/alluvial shallow aquifer,Quaternary regolith/alluvium,weathered regolith,Upper West Region,Nandom,False,0.0,EC01,CaNa_exch,ion_exchange,Ca;Mg;Na;K;HCO3;Cl;SO4;NO3;F,0.54,0.9231163463866358,-0.3667367103151999,rock,rock,freshening,freshening,oxic,oxic,-0.6952688636983986,-0.26880831680094924,-0.22176019452145068,-0.12661888043474367,127.06,residual_opposed;cai_freshening_support
NGW-133,Regolith/alluvial shallow aquifer,Quaternary regolith/alluvium,weathered regolith,Upper West Region,Nandom,False,0.0,EC01,NaCa_exch,ion_exchange,Ca;Mg;Na;K;HCO3;Cl;SO4;NO3;F,0.38,1.2712491503214047,0.3667367103151999,rock,rock,freshening,freshening,oxic,oxic,-0.6952688636983986,-0.26880831680094924,-0.22176019452145068,-0.12661888043474367,127.06,residual_weakly_aligned;cai_freshening_conflict
NGW-133,Regolith/alluvial shallow aquifer,Quaternary regolith/alluvium,weathered regolith,Upper West Region,Nandom,True,0.09965044611371893,EC02,MgNa_exch,ion_exchange,Ca;Mg;Na;K;HCO3;Cl;SO4;NO3;F,0.54,0.9231163463866358,-0.3647397533058423,rock,rock,freshening,freshening,oxic,oxic,-0.6952688636983986,-0.26880831680094924,-0.22176019452145068,-0.12661888043474367,127.06,residual_opposed;cai_freshening_support
NGW-133,Regolith/alluvial shallow aquifer,Quaternary regolith/alluvium,weathered regolith,Upper West Region,Nandom,False,0.0,EC02,NaMg_exch,ion_exchange,Ca;Mg;Na;K;HCO3;Cl;SO4;NO3;F,0.38,1.2712491503214047,0.3647397533058423,rock,rock,freshening,freshening,oxic,oxic,-0.6952688636983986,-0.26880831680094924,-0.22176019452145068,-0.12661888043474367,127.06,residual_weakly_aligned;cai_freshening_conflict
NGW-134,Middle Voltaian sedimentary aquifer,Voltaian Supergroup,siltstone–shale unit,Upper West Region,Lambussie,True,0.09452632328116817,EC05,calcite,carbonate,Ca;Mg;Na;K;HCO3;Cl;SO4;NO3;F,0.95,0.40656965974059917,0.6543068367267251,rock,rock,freshening,neutral,oxic,oxic,-0.5781630961551737,-0.13527997256636098,-0.18460429066386977,-0.06268815564154523,191.86999999999995,residual_strongly_aligned;gibbs_rock_support;carbonate_alkalinity_support;undersaturated_dissolution_support
NGW-134,Middle Voltaian sedimentary aquifer,Voltaian Supergroup,siltstone–shale unit,Upper West Region,Lambussie,True,0.21454767576664924,EC08,dolomite,carbonate,Ca;Mg;Na;K;HCO3;Cl;SO4;NO3;F,0.95,0.40656965974059917,0.6892721235109033,rock,rock,freshening,neutral,oxic,oxic,-0.5781630961551737,-0.13527997256636098,-0.18460429066386977,-0.06268815564154523,191.86999999999995,residual_strongly_aligned;gibbs_rock_support;carbonate_alkalinity_support;undersaturated_dissolution_support
NGW-134,Middle Voltaian sedimentary aquifer,Voltaian Supergroup,siltstone–shale unit,Upper West Region,Lambussie,False,0.0,EC04,albite,silicate,Ca;Mg;Na;K;HCO3;Cl;SO4;NO3;F,0.8799999999999999,0.46766642700990935,0.7629516330290643,rock,rock,freshening,neutral,oxic,oxic,-0.5781630961551737,-0.13527997256636098,-0.18460429066386977,-0.06268815564154523,191.86999999999995,residual_strongly_aligned;gibbs_rock_support;albite_na_alkalinity_support
NGW-134,Middle Voltaian sedimentary aquifer,Voltaian Supergroup,siltstone–shale unit,Upper West Region,Lambussie,True,0.09452632328116817,EC05,anorthite,silicate,Ca;Mg;Na;K;HCO3;Cl;SO4;NO3;F,0.8799999999999999,0.46766642700990935,0.6543068367267251,rock,rock,freshening,neutral,oxic,oxic,-0.5781630961551737,-0.13527997256636098,-0.18460429066386977,-0.06268815564154523,191.86999999999995,residual_strongly_aligned;gibbs_rock_support;carbonate_alkalinity_support
NGW-134,Middle Voltaian sedimentary aquifer,Voltaian Supergroup,siltstone–shale unit,Upper West Region,Lambussie,True,0.059435470594194136,EC12,k_feldspar,silicate,Ca;Mg;Na;K;HCO3;Cl;SO4;NO3;F,0.7799999999999999,0.571209063848815,0.4819363506033059,rock,rock,freshening,neutral,oxic,oxic,-0.5781630961551737,-0.13527997256636098,-0.18460429066386977,-0.06268815564154523,191.86999999999995,residual_weakly_aligned;gibbs_rock_support;k_feldspar_k_alkalinity_support
NGW-134,Middle Voltaian sedimentary aquifer,Voltaian Supergroup,siltstone–shale unit,Upper West Region,Lambussie,False,0.0,EC10,gypsum,evaporite,Ca;Mg;Na;K;HCO3;Cl;SO4;NO3;F,0.78,0.5712090638488149,0.16813020754217647,rock,rock,freshening,neutral,oxic,oxic,-0.5781630961551737,-0.13527997256636098,-0.18460429066386977,-0.06268815564154523,191.86999999999995,gypsum_ca_so4_support;undersaturated_dissolution_support;salinity_increase_support
NGW-134,Middle Voltaian sedimentary aquifer,Voltaian Supergroup,siltstone–shale unit,Upper West Region,Lambussie,True,1.2220748866772102,EC11,halite,evaporite,Ca;Mg;Na;K;HCO3;Cl;SO4;NO3;F,0.95,0.40656965974059917,0.7066446493312813,rock,rock,freshening,neutral,oxic,oxic,-0.5781630961551737,-0.13527997256636098,-0.18460429066386977,-0.06268815564154523,191.86999999999995,residual_strongly_aligned;halite_na_cl_support;undersaturated_dissolution_support;salinity_increase_support
NGW-134,Middle Voltaian sedimentary aquifer,Voltaian Supergroup,siltstone–shale unit,Upper West Region,Lambussie,False,0.0,EC09,fluorite,trace_mineral,Ca;Mg;Na;K;HCO3;Cl;SO4;NO3;F,0.6799999999999999,0.6976763260710311,0.07041236723623782,rock,rock,freshening,neutral,oxic,oxic,-0.5781630961551737,-0.13527997256636098,-0.18460429066386977,-0.06268815564154523,191.86999999999995,gibbs_rock_support;fluorite_ca_f_support
NGW-134,Middle Voltaian sedimentary aquifer,Voltaian Supergroup,siltstone–shale unit,Upper West Region,Lambussie,False,-0.010161020208030102,EC06,apatite,trace_mineral,Ca;Mg;Na;K;HCO3;Cl;SO4;NO3;F,0.58,0.8521437889662115,0.14483351816565185,rock,rock,freshening,neutral,oxic,oxic,-0.5781630961551737,-0.13527997256636098,-0.18460429066386977,-0.06268815564154523,191.86999999999995,gibbs_rock_support
NGW-134,Middle Voltaian sedimentary aquifer,Voltaian Supergroup,siltstone–shale unit,Upper West Region,Lambussie,True,0.09155920944333415,EC13,pyrite_oxidation,redox,Ca;Mg;Na;K;HCO3;Cl;SO4;NO3;F,0.5,1.0,0.09115301629508245,rock,rock,freshening,neutral,oxic,oxic,-0.5781630961551737,-0.13527997256636098,-0.18460429066386977,-0.06268815564154523,191.86999999999995,
NGW-134,Middle Voltaian sedimentary aquifer,Voltaian Supergroup,siltstone–shale unit,Upper West Region,Lambussie,False,0.0,EC03,NO3src,anthropogenic,Ca;Mg;Na;K;HCO3;Cl;SO4;NO3;F,0.5,1.0,-0.05986224775302542,rock,rock,freshening,neutral,oxic,oxic,-0.5781630961551737,-0.13527997256636098,-0.18460429066386977,-0.06268815564154523,191.86999999999995,
NGW-134,Middle Voltaian sedimentary aquifer,Voltaian Supergroup,siltstone–shale unit,Upper West Region,Lambussie,True,0.14031092282537402,EC07,denit,redox,Ca;Mg;Na;K;HCO3;Cl;SO4;NO3;F,0.8,0.5488116360940264,0.507766328695166,rock,rock,freshening,neutral,oxic,oxic,-0.5781630961551737,-0.13527997256636098,-0.18460429066386977,-0.06268815564154523,191.86999999999995,residual_weakly_aligned;denitrification_stoichiometry_support
NGW-134,Middle Voltaian sedimentary aquifer,Voltaian Supergroup,siltstone–shale unit,Upper West Region,Lambussie,False,0.0,EC01,CaNa_exch,ion_exchange,Ca;Mg;Na;K;HCO3;Cl;SO4;NO3;F,0.32,1.4333294145603401,-0.31075912523999233,rock,rock,freshening,neutral,oxic,oxic,-0.5781630961551737,-0.13527997256636098,-0.18460429066386977,-0.06268815564154523,191.86999999999995,residual_opposed
NGW-134,Middle Voltaian sedimentary aquifer,Voltaian Supergroup,siltstone–shale unit,Upper West Region,Lambussie,False,0.0,EC01,NaCa_exch,ion_exchange,Ca;Mg;Na;K;HCO3;Cl;SO4;NO3;F,0.6,0.8187307530779819,0.31075912523999233,rock,rock,freshening,neutral,oxic,oxic,-0.5781630961551737,-0.13527997256636098,-0.18460429066386977,-0.06268815564154523,191.86999999999995,residual_weakly_aligned
NGW-134,Middle Voltaian sedimentary aquifer,Voltaian Supergroup,siltstone–shale unit,Upper West Region,Lambussie,True,0.12485310353745102,EC02,MgNa_exch,ion_exchange,Ca;Mg;Na;K;HCO3;Cl;SO4;NO3;F,0.32,1.4333294145603401,-0.3115708959202329,rock,rock,freshening,neutral,oxic,oxic,-0.5781630961551737,-0.13527997256636098,-0.18460429066386977,-0.06268815564154523,191.86999999999995,residual_opposed
NGW-134,Middle Voltaian sedimentary aquifer,Voltaian Supergroup,siltstone–shale unit,Upper West Region,Lambussie,False,0.0,EC02,NaMg_exch,ion_exchange,Ca;Mg;Na;K;HCO3;Cl;SO4;NO3;F,0.6,0.8187307530779819,0.3115708959202329,rock,rock,freshening,neutral,oxic,oxic,-0.5781630961551737,-0.13527997256636098,-0.18460429066386977,-0.06268815564154523,191.86999999999995,residual_weakly_aligned
NGW-135,Granitoid fractured basement aquifer,Paleoproterozoic granitoid complex,granitoid saprolite,Upper West Region,Lawra,False,0.0,EC05,calcite,carbonate,Ca;Mg;Na;K;HCO3;Cl;SO4;NO3;F,0.95,0.40656965974059917,0.6484230759079761,rock,rock,freshening,freshening,oxic,oxic,-0.40517816236067167,-0.2629782801269774,-0.11804954276172937,-0.09556813701957144,116.08999999999997,residual_strongly_aligned;gibbs_rock_support;carbonate_alkalinity_support;undersaturated_dissolution_support
NGW-135,Granitoid fractured basement aquifer,Paleoproterozoic granitoid complex,granitoid saprolite,Upper West Region,Lawra,True,0.11621611954457697,EC08,dolomite,carbonate,Ca;Mg;Na;K;HCO3;Cl;SO4;NO3;F,0.95,0.40656965974059917,0.635276124274839,rock,rock,freshening,freshening,oxic,oxic,-0.40517816236067167,-0.2629782801269774,-0.11804954276172937,-0.09556813701957144,116.08999999999997,residual_strongly_aligned;gibbs_rock_support;carbonate_alkalinity_support;undersaturated_dissolution_support
NGW-135,Granitoid fractured basement aquifer,Paleoproterozoic granitoid complex,granitoid saprolite,Upper West Region,Lawra,False,0.0,EC04,albite,silicate,Ca;Mg;Na;K;HCO3;Cl;SO4;NO3;F,0.8799999999999999,0.46766642700990935,0.72052172047459,rock,rock,freshening,freshening,oxic,oxic,-0.40517816236067167,-0.2629782801269774,-0.11804954276172937,-0.09556813701957144,116.08999999999997,residual_strongly_aligned;gibbs_rock_support;albite_na_alkalinity_support
NGW-135,Granitoid fractured basement aquifer,Paleoproterozoic granitoid complex,granitoid saprolite,Upper West Region,Lawra,False,0.0,EC05,anorthite,silicate,Ca;Mg;Na;K;HCO3;Cl;SO4;NO3;F,0.8799999999999999,0.46766642700990935,0.6484230759079761,rock,rock,freshening,freshening,oxic,oxic,-0.40517816236067167,-0.2629782801269774,-0.11804954276172937,-0.09556813701957144,116.08999999999997,residual_strongly_aligned;gibbs_rock_support;carbonate_alkalinity_support
NGW-135,Granitoid fractured basement aquifer,Paleoproterozoic granitoid complex,granitoid saprolite,Upper West Region,Lawra,False,0.025918740793574348,EC12,k_feldspar,silicate,Ca;Mg;Na;K;HCO3;Cl;SO4;NO3;F,0.7799999999999999,0.571209063848815,0.4170742055917397,rock,rock,freshening,freshening,oxic,oxic,-0.40517816236067167,-0.2629782801269774,-0.11804954276172937,-0.09556813701957144,116.08999999999997,residual_weakly_aligned;gibbs_rock_support;k_feldspar_k_alkalinity_support
NGW-135,Granitoid fractured basement aquifer,Paleoproterozoic granitoid complex,granitoid saprolite,Upper West Region,Lawra,True,0.28144578984886104,EC10,gypsum,evaporite,Ca;Mg;Na;K;HCO3;Cl;SO4;NO3;F,0.88,0.46766642700990924,0.41094104608062715,rock,rock,freshening,freshening,oxic,oxic,-0.40517816236067167,-0.2629782801269774,-0.11804954276172937,-0.09556813701957144,116.08999999999997,residual_weakly_aligned;gypsum_ca_so4_support;undersaturated_dissolution_support;salinity_increase_support
NGW-135,Granitoid fractured basement aquifer,Paleoproterozoic granitoid complex,granitoid saprolite,Upper West Region,Lawra,True,0.6016685239008231,EC11,halite,evaporite,Ca;Mg;Na;K;HCO3;Cl;SO4;NO3;F,0.95,0.40656965974059917,0.6821842744050323,rock,rock,freshening,freshening,oxic,oxic,-0.40517816236067167,-0.2629782801269774,-0.11804954276172937,-0.09556813701957144,116.08999999999997,residual_strongly_aligned;halite_na_cl_support;undersaturated_dissolution_support;salinity_increase_support
NGW-135,Granitoid fractured basement aquifer,Paleoproterozoic granitoid complex,granitoid saprolite,Upper West Region,Lawra,False,-0.0,EC09,fluorite,trace_mineral,Ca;Mg;Na;K;HCO3;Cl;SO4;NO3;F,0.58,0.8521437889662115,0.15082808202995432,rock,rock,freshening,freshening,oxic,oxic,-0.40517816236067167,-0.2629782801269774,-0.11804954276172937,-0.09556813701957144,116.08999999999997,gibbs_rock_support
NGW-135,Granitoid fractured basement aquifer,Paleoproterozoic granitoid complex,granitoid saprolite,Upper West Region,Lawra,False,0.005218671766416099,EC06,apatite,trace_mineral,Ca;Mg;Na;K;HCO3;Cl;SO4;NO3;F,0.6799999999999999,0.6976763260710311,0.3446505324562717,rock,rock,freshening,freshening,oxic,oxic,-0.40517816236067167,-0.2629782801269774,-0.11804954276172937,-0.09556813701957144,116.08999999999997,residual_weakly_aligned;gibbs_rock_support
NGW-135,Granitoid fractured basement aquifer,Paleoproterozoic granitoid complex,granitoid saprolite,Upper West Region,Lawra,False,0.0,EC13,pyrite_oxidation,redox,Ca;Mg;Na;K;HCO3;Cl;SO4;NO3;F,0.5,1.0,0.228103096659182,rock,rock,freshening,freshening,oxic,oxic,-0.40517816236067167,-0.2629782801269774,-0.11804954276172937,-0.09556813701957144,116.08999999999997,
NGW-135,Granitoid fractured basement aquifer,Paleoproterozoic granitoid complex,granitoid saprolite,Upper West Region,Lawra,False,0.0,EC03,NO3src,anthropogenic,Ca;Mg;Na;K;HCO3;Cl;SO4;NO3;F,0.5,1.0,-0.18184986041649923,rock,rock,freshening,freshening,oxic,oxic,-0.40517816236067167,-0.2629782801269774,-0.11804954276172937,-0.09556813701957144,116.08999999999997,
NGW-135,Granitoid fractured basement aquifer,Paleoproterozoic granitoid complex,granitoid saprolite,Upper West Region,Lawra,True,0.20203006140688948,EC07,denit,redox,Ca;Mg;Na;K;HCO3;Cl;SO4;NO3;F,0.8,0.5488116360940264,0.5163868214670637,rock,rock,freshening,freshening,oxic,oxic,-0.40517816236067167,-0.2629782801269774,-0.11804954276172937,-0.09556813701957144,116.08999999999997,residual_weakly_aligned;denitrification_stoichiometry_support
NGW-135,Granitoid fractured basement aquifer,Paleoproterozoic granitoid complex,granitoid saprolite,Upper West Region,Lawra,False,0.0,EC01,CaNa_exch,ion_exchange,Ca;Mg;Na;K;HCO3;Cl;SO4;NO3;F,0.54,0.9231163463866358,-0.26297282022117635,rock,rock,freshening,freshening,oxic,oxic,-0.40517816236067167,-0.2629782801269774,-0.11804954276172937,-0.09556813701957144,116.08999999999997,residual_opposed;cai_freshening_support
NGW-135,Granitoid fractured basement aquifer,Paleoproterozoic granitoid complex,granitoid saprolite,Upper West Region,Lawra,False,0.0,EC01,NaCa_exch,ion_exchange,Ca;Mg;Na;K;HCO3;Cl;SO4;NO3;F,0.38,1.2712491503214047,0.26297282022117635,rock,rock,freshening,freshening,oxic,oxic,-0.40517816236067167,-0.2629782801269774,-0.11804954276172937,-0.09556813701957144,116.08999999999997,residual_weakly_aligned;cai_freshening_conflict
NGW-135,Granitoid fractured basement aquifer,Paleoproterozoic granitoid complex,granitoid saprolite,Upper West Region,Lawra,False,0.00776900640362425,EC02,MgNa_exch,ion_exchange,Ca;Mg;Na;K;HCO3;Cl;SO4;NO3;F,0.54,0.9231163463866358,-0.3544672745375241,rock,rock,freshening,freshening,oxic,oxic,-0.40517816236067167,-0.2629782801269774,-0.11804954276172937,-0.09556813701957144,116.08999999999997,residual_opposed;cai_freshening_support
NGW-135,Granitoid fractured basement aquifer,Paleoproterozoic granitoid complex,granitoid saprolite,Upper West Region,Lawra,False,0.0,EC02,NaMg_exch,ion_exchange,Ca;Mg;Na;K;HCO3;Cl;SO4;NO3;F,0.38,1.2712491503214047,0.3544672745375241,rock,rock,freshening,freshening,oxic,oxic,-0.40517816236067167,-0.2629782801269774,-0.11804954276172937,-0.09556813701957144,116.08999999999997,residual_weakly_aligned;cai_freshening_conflict
NGW-136,Birimian fractured basement aquifer,Birimian Supergroup,metavolcanic–metasedimentary rocks,Upper West Region,Daffiama-Bussie-Issa,False,0.0,EC05,calcite,carbonate,Ca;Mg;Na;K;HCO3;Cl;SO4;NO3;F,0.95,0.40656965974059917,0.6637854070044056,rock,rock,freshening,neutral,oxic,oxic,-0.14353685231795485,-0.04583690087541702,-0.08377311713170207,-0.025315713676151725,119.0,residual_strongly_aligned;gibbs_rock_support;carbonate_alkalinity_support;undersaturated_dissolution_support
NGW-136,Birimian fractured basement aquifer,Birimian Supergroup,metavolcanic–metasedimentary rocks,Upper West Region,Daffiama-Bussie-Issa,True,0.1625088413045853,EC08,dolomite,carbonate,Ca;Mg;Na;K;HCO3;Cl;SO4;NO3;F,0.95,0.40656965974059917,0.7415859217515639,rock,rock,freshening,neutral,oxic,oxic,-0.14353685231795485,-0.04583690087541702,-0.08377311713170207,-0.025315713676151725,119.0,residual_strongly_aligned;gibbs_rock_support;carbonate_alkalinity_support;undersaturated_dissolution_support
NGW-136,Birimian fractured basement aquifer,Birimian Supergroup,metavolcanic–metasedimentary rocks,Upper West Region,Daffiama-Bussie-Issa,False,0.0,EC04,albite,silicate,Ca;Mg;Na;K;HCO3;Cl;SO4;NO3;F,0.8799999999999999,0.46766642700990935,0.6769252976389967,rock,rock,freshening,neutral,oxic,oxic,-0.14353685231795485,-0.04583690087541702,-0.08377311713170207,-0.025315713676151725,119.0,residual_strongly_aligned;gibbs_rock_support;albite_na_alkalinity_support
NGW-136,Birimian fractured basement aquifer,Birimian Supergroup,metavolcanic–metasedimentary rocks,Upper West Region,Daffiama-Bussie-Issa,False,0.0,EC05,anorthite,silicate,Ca;Mg;Na;K;HCO3;Cl;SO4;NO3;F,0.8799999999999999,0.46766642700990935,0.6637854070044056,rock,rock,freshening,neutral,oxic,oxic,-0.14353685231795485,-0.04583690087541702,-0.08377311713170207,-0.025315713676151725,119.0,residual_strongly_aligned;gibbs_rock_support;carbonate_alkalinity_support
NGW-136,Birimian fractured basement aquifer,Birimian Supergroup,metavolcanic–metasedimentary rocks,Upper West Region,Daffiama-Bussie-Issa,True,0.0855343580737504,EC12,k_feldspar,silicate,Ca;Mg;Na;K;HCO3;Cl;SO4;NO3;F,0.7799999999999999,0.571209063848815,0.5332929226701562,rock,rock,freshening,neutral,oxic,oxic,-0.14353685231795485,-0.04583690087541702,-0.08377311713170207,-0.025315713676151725,119.0,residual_weakly_aligned;gibbs_rock_support;k_feldspar_k_alkalinity_support
NGW-136,Birimian fractured basement aquifer,Birimian Supergroup,metavolcanic–metasedimentary rocks,Upper West Region,Daffiama-Bussie-Issa,True,0.05212289901280888,EC10,gypsum,evaporite,Ca;Mg;Na;K;HCO3;Cl;SO4;NO3;F,0.88,0.46766642700990924,0.2720158939972113,rock,rock,freshening,neutral,oxic,oxic,-0.14353685231795485,-0.04583690087541702,-0.08377311713170207,-0.025315713676151725,119.0,residual_weakly_aligned;gypsum_ca_so4_support;undersaturated_dissolution_support;salinity_increase_support
NGW-136,Birimian fractured basement aquifer,Birimian Supergroup,metavolcanic–metasedimentary rocks,Upper West Region,Daffiama-Bussie-Issa,True,0.5750626759695451,EC11,halite,evaporite,Ca;Mg;Na;K;HCO3;Cl;SO4;NO3;F,0.95,0.40656965974059917,0.582424350286977,rock,rock,freshening,neutral,oxic,oxic,-0.14353685231795485,-0.04583690087541702,-0.08377311713170207,-0.025315713676151725,119.0,residual_strongly_aligned;halite_na_cl_support;undersaturated_dissolution_support;salinity_increase_support
NGW-136,Birimian fractured basement aquifer,Birimian Supergroup,metavolcanic–metasedimentary rocks,Upper West Region,Daffiama-Bussie-Issa,False,0.0,EC09,fluorite,trace_mineral,Ca;Mg;Na;K;HCO3;Cl;SO4;NO3;F,0.6799999999999999,0.6976763260710311,0.09451472257475668,rock,rock,freshening,neutral,oxic,oxic,-0.14353685231795485,-0.04583690087541702,-0.08377311713170207,-0.025315713676151725,119.0,gibbs_rock_support;fluorite_ca_f_support
NGW-136,Birimian fractured basement aquifer,Birimian Supergroup,metavolcanic–metasedimentary rocks,Upper West Region,Daffiama-Bussie-Issa,False,0.0,EC06,apatite,trace_mineral,Ca;Mg;Na;K;HCO3;Cl;SO4;NO3;F,0.58,0.8521437889662115,0.18250625016488692,rock,rock,freshening,neutral,oxic,oxic,-0.14353685231795485,-0.04583690087541702,-0.08377311713170207,-0.025315713676151725,119.0,gibbs_rock_support
NGW-136,Birimian fractured basement aquifer,Birimian Supergroup,metavolcanic–metasedimentary rocks,Upper West Region,Daffiama-Bussie-Issa,True,0.07713090523458781,EC13,pyrite_oxidation,redox,Ca;Mg;Na;K;HCO3;Cl;SO4;NO3;F,0.5,1.0,0.2013702867679963,rock,rock,freshening,neutral,oxic,oxic,-0.14353685231795485,-0.04583690087541702,-0.08377311713170207,-0.025315713676151725,119.0,
NGW-136,Birimian fractured basement aquifer,Birimian Supergroup,metavolcanic–metasedimentary rocks,Upper West Region,Daffiama-Bussie-Issa,False,0.0,EC03,NO3src,anthropogenic,Ca;Mg;Na;K;HCO3;Cl;SO4;NO3;F,0.6799999999999999,0.6976763260710311,0.011877732990912144,rock,rock,freshening,neutral,oxic,oxic,-0.14353685231795485,-0.04583690087541702,-0.08377311713170207,-0.025315713676151725,119.0,nitrate_increase_support
NGW-136,Birimian fractured basement aquifer,Birimian Supergroup,metavolcanic–metasedimentary rocks,Upper West Region,Daffiama-Bussie-Issa,False,0.0,EC07,denit,redox,Ca;Mg;Na;K;HCO3;Cl;SO4;NO3;F,0.43999999999999995,1.1274968515793757,0.4515568160389139,rock,rock,freshening,neutral,oxic,oxic,-0.14353685231795485,-0.04583690087541702,-0.08377311713170207,-0.025315713676151725,119.0,residual_weakly_aligned;denitrification_no3_conflict
NGW-136,Birimian fractured basement aquifer,Birimian Supergroup,metavolcanic–metasedimentary rocks,Upper West Region,Daffiama-Bussie-Issa,False,0.0,EC01,CaNa_exch,ion_exchange,Ca;Mg;Na;K;HCO3;Cl;SO4;NO3;F,0.5,1.0,-0.19246489152624635,rock,rock,freshening,neutral,oxic,oxic,-0.14353685231795485,-0.04583690087541702,-0.08377311713170207,-0.025315713676151725,119.0,
NGW-136,Birimian fractured basement aquifer,Birimian Supergroup,metavolcanic–metasedimentary rocks,Upper West Region,Daffiama-Bussie-Issa,False,0.016017844028033957,EC01,NaCa_exch,ion_exchange,Ca;Mg;Na;K;HCO3;Cl;SO4;NO3;F,0.5,1.0,0.19246489152624635,rock,rock,freshening,neutral,oxic,oxic,-0.14353685231795485,-0.04583690087541702,-0.08377311713170207,-0.025315713676151725,119.0,
NGW-136,Birimian fractured basement aquifer,Birimian Supergroup,metavolcanic–metasedimentary rocks,Upper West Region,Daffiama-Bussie-Issa,True,0.14381888755335284,EC02,MgNa_exch,ion_exchange,Ca;Mg;Na;K;HCO3;Cl;SO4;NO3;F,0.5,1.0,-0.11297534946485022,rock,rock,freshening,neutral,oxic,oxic,-0.14353685231795485,-0.04583690087541702,-0.08377311713170207,-0.025315713676151725,119.0,
NGW-136,Birimian fractured basement aquifer,Birimian Supergroup,metavolcanic–metasedimentary rocks,Upper West Region,Daffiama-Bussie-Issa,False,0.0,EC02,NaMg_exch,ion_exchange,Ca;Mg;Na;K;HCO3;Cl;SO4;NO3;F,0.5,1.0,0.11297534946485022,rock,rock,freshening,neutral,oxic,oxic,-0.14353685231795485,-0.04583690087541702,-0.08377311713170207,-0.025315713676151725,119.0,
NGW-137,Middle Voltaian sedimentary aquifer,Voltaian Supergroup,siltstone–shale unit,Upper West Region,Daffiama-Bussie-Issa,False,0.0,EC05,calcite,carbonate,Ca;Mg;Na;K;HCO3;Cl;SO4;NO3;F,0.8799999999999999,0.46766642700990935,0.3228412903142811,rock,rock,freshening,freshening,oxic,oxic,-0.750380140577188,-0.15962577953571008,-0.23195502579878852,-0.0871579800913132,180.32999999999993,residual_weakly_aligned;gibbs_rock_support;carbonate_alkalinity_support;undersaturated_dissolution_support
NGW-137,Middle Voltaian sedimentary aquifer,Voltaian Supergroup,siltstone–shale unit,Upper West Region,Daffiama-Bussie-Issa,True,0.10673321312832908,EC08,dolomite,carbonate,Ca;Mg;Na;K;HCO3;Cl;SO4;NO3;F,0.8799999999999999,0.46766642700990935,0.3094963263120468,rock,rock,freshening,freshening,oxic,oxic,-0.750380140577188,-0.15962577953571008,-0.23195502579878852,-0.0871579800913132,180.32999999999993,residual_weakly_aligned;gibbs_rock_support;carbonate_alkalinity_support;undersaturated_dissolution_support
NGW-137,Middle Voltaian sedimentary aquifer,Voltaian Supergroup,siltstone–shale unit,Upper West Region,Daffiama-Bussie-Issa,False,0.0,EC04,albite,silicate,Ca;Mg;Na;K;HCO3;Cl;SO4;NO3;F,0.7799999999999999,0.571209063848815,0.5313898751608265,rock,rock,freshening,freshening,oxic,oxic,-0.750380140577188,-0.15962577953571008,-0.23195502579878852,-0.0871579800913132,180.32999999999993,residual_weakly_aligned;gibbs_rock_support;albite_na_alkalinity_support
NGW-137,Middle Voltaian sedimentary aquifer,Voltaian Supergroup,siltstone–shale unit,Upper West Region,Daffiama-Bussie-Issa,False,0.0,EC05,anorthite,silicate,Ca;Mg;Na;K;HCO3;Cl;SO4;NO3;F,0.7799999999999999,0.571209063848815,0.3228412903142811,rock,rock,freshening,freshening,oxic,oxic,-0.750380140577188,-0.15962577953571008,-0.23195502579878852,-0.0871579800913132,180.32999999999993,residual_weakly_aligned;gibbs_rock_support;carbonate_alkalinity_support
NGW-137,Middle Voltaian sedimentary aquifer,Voltaian Supergroup,siltstone–shale unit,Upper West Region,Daffiama-Bussie-Issa,False,0.0,EC12,k_feldspar,silicate,Ca;Mg;Na;K;HCO3;Cl;SO4;NO3;F,0.6799999999999999,0.6976763260710311,0.14971473107699934,rock,rock,freshening,freshening,oxic,oxic,-0.750380140577188,-0.15962577953571008,-0.23195502579878852,-0.0871579800913132,180.32999999999993,gibbs_rock_support;k_feldspar_k_alkalinity_support
NGW-137,Middle Voltaian sedimentary aquifer,Voltaian Supergroup,siltstone–shale unit,Upper West Region,Daffiama-Bussie-Issa,True,0.3664652685867309,EC10,gypsum,evaporite,Ca;Mg;Na;K;HCO3;Cl;SO4;NO3;F,0.88,0.46766642700990924,0.3460377971199865,rock,rock,freshening,freshening,oxic,oxic,-0.750380140577188,-0.15962577953571008,-0.23195502579878852,-0.0871579800913132,180.32999999999993,residual_weakly_aligned;gypsum_ca_so4_support;undersaturated_dissolution_support;salinity_increase_support
NGW-137,Middle Voltaian sedimentary aquifer,Voltaian Supergroup,siltstone–shale unit,Upper West Region,Daffiama-Bussie-Issa,True,1.4122564862616078,EC11,halite,evaporite,Ca;Mg;Na;K;HCO3;Cl;SO4;NO3;F,0.95,0.40656965974059917,0.8840376170888158,rock,rock,freshening,freshening,oxic,oxic,-0.750380140577188,-0.15962577953571008,-0.23195502579878852,-0.0871579800913132,180.32999999999993,residual_strongly_aligned;halite_na_cl_support;undersaturated_dissolution_support;salinity_increase_support
NGW-137,Middle Voltaian sedimentary aquifer,Voltaian Supergroup,siltstone–shale unit,Upper West Region,Daffiama-Bussie-Issa,False,0.0,EC09,fluorite,trace_mineral,Ca;Mg;Na;K;HCO3;Cl;SO4;NO3;F,0.6799999999999999,0.6976763260710311,0.14312058040964226,rock,rock,freshening,freshening,oxic,oxic,-0.750380140577188,-0.15962577953571008,-0.23195502579878852,-0.0871579800913132,180.32999999999993,gibbs_rock_support;fluorite_ca_f_support
NGW-137,Middle Voltaian sedimentary aquifer,Voltaian Supergroup,siltstone–shale unit,Upper West Region,Daffiama-Bussie-Issa,False,0.02455740041206551,EC06,apatite,trace_mineral,Ca;Mg;Na;K;HCO3;Cl;SO4;NO3;F,0.6799999999999999,0.6976763260710311,0.30009276423539316,rock,rock,freshening,freshening,oxic,oxic,-0.750380140577188,-0.15962577953571008,-0.23195502579878852,-0.0871579800913132,180.32999999999993,residual_weakly_aligned;gibbs_rock_support
NGW-137,Middle Voltaian sedimentary aquifer,Voltaian Supergroup,siltstone–shale unit,Upper West Region,Daffiama-Bussie-Issa,False,0.0,EC13,pyrite_oxidation,redox,Ca;Mg;Na;K;HCO3;Cl;SO4;NO3;F,0.5,1.0,0.18489019303931092,rock,rock,freshening,freshening,oxic,oxic,-0.750380140577188,-0.15962577953571008,-0.23195502579878852,-0.0871579800913132,180.32999999999993,
NGW-137,Middle Voltaian sedimentary aquifer,Voltaian Supergroup,siltstone–shale unit,Upper West Region,Daffiama-Bussie-Issa,True,0.11140980292665967,EC03,NO3src,anthropogenic,Ca;Mg;Na;K;HCO3;Cl;SO4;NO3;F,0.6799999999999999,0.6976763260710311,0.06486134862030385,rock,rock,freshening,freshening,oxic,oxic,-0.750380140577188,-0.15962577953571008,-0.23195502579878852,-0.0871579800913132,180.32999999999993,nitrate_increase_support
NGW-137,Middle Voltaian sedimentary aquifer,Voltaian Supergroup,siltstone–shale unit,Upper West Region,Daffiama-Bussie-Issa,False,0.0,EC07,denit,redox,Ca;Mg;Na;K;HCO3;Cl;SO4;NO3;F,0.33999999999999997,1.3771277643359572,0.10171420666537477,rock,rock,freshening,freshening,oxic,oxic,-0.750380140577188,-0.15962577953571008,-0.23195502579878852,-0.0871579800913132,180.32999999999993,denitrification_no3_conflict
NGW-137,Middle Voltaian sedimentary aquifer,Voltaian Supergroup,siltstone–shale unit,Upper West Region,Daffiama-Bussie-Issa,False,0.0,EC01,CaNa_exch,ion_exchange,Ca;Mg;Na;K;HCO3;Cl;SO4;NO3;F,0.54,0.9231163463866358,-0.3493196421100171,rock,rock,freshening,freshening,oxic,oxic,-0.750380140577188,-0.15962577953571008,-0.23195502579878852,-0.0871579800913132,180.32999999999993,residual_opposed;cai_freshening_support
NGW-137,Middle Voltaian sedimentary aquifer,Voltaian Supergroup,siltstone–shale unit,Upper West Region,Daffiama-Bussie-Issa,False,0.0,EC01,NaCa_exch,ion_exchange,Ca;Mg;Na;K;HCO3;Cl;SO4;NO3;F,0.38,1.2712491503214047,0.3493196421100171,rock,rock,freshening,freshening,oxic,oxic,-0.750380140577188,-0.15962577953571008,-0.23195502579878852,-0.0871579800913132,180.32999999999993,residual_weakly_aligned;cai_freshening_conflict
NGW-137,Middle Voltaian sedimentary aquifer,Voltaian Supergroup,siltstone–shale unit,Upper West Region,Daffiama-Bussie-Issa,True,0.16342428280551727,EC02,MgNa_exch,ion_exchange,Ca;Mg;Na;K;HCO3;Cl;SO4;NO3;F,0.54,0.9231163463866358,-0.40777423157811815,rock,rock,freshening,freshening,oxic,oxic,-0.750380140577188,-0.15962577953571008,-0.23195502579878852,-0.0871579800913132,180.32999999999993,residual_opposed;cai_freshening_support
NGW-137,Middle Voltaian sedimentary aquifer,Voltaian Supergroup,siltstone–shale unit,Upper West Region,Daffiama-Bussie-Issa,False,0.0,EC02,NaMg_exch,ion_exchange,Ca;Mg;Na;K;HCO3;Cl;SO4;NO3;F,0.38,1.2712491503214047,0.40777423157811815,rock,rock,freshening,freshening,oxic,oxic,-0.750380140577188,-0.15962577953571008,-0.23195502579878852,-0.0871579800913132,180.32999999999993,residual_weakly_aligned;cai_freshening_conflict
NGW-138,Regolith/alluvial shallow aquifer,Quaternary regolith/alluvium,lateritic saprolite,Upper West Region,Nadowli-Kaleo,True,0.07201181779074488,EC05,calcite,carbonate,Ca;Mg;Na;K;HCO3;Cl;SO4;NO3;F,0.8799999999999999,0.46766642700990935,0.6543444496823174,rock,rock,freshening,neutral,ambiguous,oxic,-0.18476737076886893,0.10125568369224942,-0.09929531222763205,0.06132858726227731,159.8,residual_strongly_aligned;gibbs_rock_support;carbonate_alkalinity_support
NGW-138,Regolith/alluvial shallow aquifer,Quaternary regolith/alluvium,lateritic saprolite,Upper West Region,Nadowli-Kaleo,True,0.11376655848150352,EC08,dolomite,carbonate,Ca;Mg;Na;K;HCO3;Cl;SO4;NO3;F,0.95,0.40656965974059917,0.635086056849594,rock,rock,freshening,neutral,ambiguous,oxic,-0.18476737076886893,0.10125568369224942,-0.09929531222763205,0.06132858726227731,159.8,residual_strongly_aligned;gibbs_rock_support;carbonate_alkalinity_support;undersaturated_dissolution_support
NGW-138,Regolith/alluvial shallow aquifer,Quaternary regolith/alluvium,lateritic saprolite,Upper West Region,Nadowli-Kaleo,False,-0.0,EC04,albite,silicate,Ca;Mg;Na;K;HCO3;Cl;SO4;NO3;F,0.7799999999999999,0.571209063848815,0.5316903990430054,rock,rock,freshening,neutral,ambiguous,oxic,-0.18476737076886893,0.10125568369224942,-0.09929531222763205,0.06132858726227731,159.8,residual_weakly_aligned;gibbs_rock_support;albite_na_alkalinity_support
NGW-138,Regolith/alluvial shallow aquifer,Quaternary regolith/alluvium,lateritic saprolite,Upper West Region,Nadowli-Kaleo,True,0.07201181779074488,EC05,anorthite,silicate,Ca;Mg;Na;K;HCO3;Cl;SO4;NO3;F,0.8799999999999999,0.46766642700990935,0.6543444496823174,rock,rock,freshening,neutral,ambiguous,oxic,-0.18476737076886893,0.10125568369224942,-0.09929531222763205,0.06132858726227731,159.8,residual_strongly_aligned;gibbs_rock_support;carbonate_alkalinity_support
NGW-138,Regolith/alluvial shallow aquifer,Quaternary regolith/alluvium,lateritic saprolite,Upper West Region,Nadowli-Kaleo,True,0.049718013791904735,EC12,k_feldspar,silicate,Ca;Mg;Na;K;HCO3;Cl;SO4;NO3;F,0.7799999999999999,0.571209063848815,0.3910446536282527,rock,rock,freshening,neutral,ambiguous,oxic,-0.18476737076886893,0.10125568369224942,-0.09929531222763205,0.06132858726227731,159.8,residual_weakly_aligned;gibbs_rock_support;k_feldspar_k_alkalinity_support
NGW-138,Regolith/alluvial shallow aquifer,Quaternary regolith/alluvium,lateritic saprolite,Upper West Region,Nadowli-Kaleo,True,0.20199813965660104,EC10,gypsum,evaporite,Ca;Mg;Na;K;HCO3;Cl;SO4;NO3;F,0.88,0.46766642700990924,0.40624060556020464,rock,rock,freshening,neutral,ambiguous,oxic,-0.18476737076886893,0.10125568369224942,-0.09929531222763205,0.06132858726227731,159.8,residual_weakly_aligned;gypsum_ca_so4_support;undersaturated_dissolution_support;salinity_increase_support
NGW-138,Regolith/alluvial shallow aquifer,Quaternary regolith/alluvium,lateritic saprolite,Upper West Region,Nadowli-Kaleo,True,0.9686910476493633,EC11,halite,evaporite,Ca;Mg;Na;K;HCO3;Cl;SO4;NO3;F,0.95,0.40656965974059917,0.6277131196462707,rock,rock,freshening,neutral,ambiguous,oxic,-0.18476737076886893,0.10125568369224942,-0.09929531222763205,0.06132858726227731,159.8,residual_strongly_aligned;halite_na_cl_support;undersaturated_dissolution_support;salinity_increase_support
NGW-138,Regolith/alluvial shallow aquifer,Quaternary regolith/alluvium,lateritic saprolite,Upper West Region,Nadowli-Kaleo,False,0.0,EC09,fluorite,trace_mineral,Ca;Mg;Na;K;HCO3;Cl;SO4;NO3;F,0.6799999999999999,0.6976763260710311,0.21468667744253264,rock,rock,freshening,neutral,ambiguous,oxic,-0.18476737076886893,0.10125568369224942,-0.09929531222763205,0.06132858726227731,159.8,gibbs_rock_support;fluorite_ca_f_support
NGW-138,Regolith/alluvial shallow aquifer,Quaternary regolith/alluvium,lateritic saprolite,Upper West Region,Nadowli-Kaleo,False,0.02325135622622378,EC06,apatite,trace_mineral,Ca;Mg;Na;K;HCO3;Cl;SO4;NO3;F,0.6799999999999999,0.6976763260710311,0.4347509617326845,rock,rock,freshening,neutral,ambiguous,oxic,-0.18476737076886893,0.10125568369224942,-0.09929531222763205,0.06132858726227731,159.8,residual_weakly_aligned;gibbs_rock_support
NGW-138,Regolith/alluvial shallow aquifer,Quaternary regolith/alluvium,lateritic saprolite,Upper West Region,Nadowli-Kaleo,False,0.0,EC13,pyrite_oxidation,redox,Ca;Mg;Na;K;HCO3;Cl;SO4;NO3;F,0.5,1.0,0.13522727727753345,rock,rock,freshening,neutral,ambiguous,oxic,-0.18476737076886893,0.10125568369224942,-0.09929531222763205,0.06132858726227731,159.8,
NGW-138,Regolith/alluvial shallow aquifer,Quaternary regolith/alluvium,lateritic saprolite,Upper West Region,Nadowli-Kaleo,True,0.08412901885326791,EC03,NO3src,anthropogenic,Ca;Mg;Na;K;HCO3;Cl;SO4;NO3;F,0.6799999999999999,0.6976763260710311,0.06624903033564583,rock,rock,freshening,neutral,ambiguous,oxic,-0.18476737076886893,0.10125568369224942,-0.09929531222763205,0.06132858726227731,159.8,nitrate_increase_support
NGW-138,Regolith/alluvial shallow aquifer,Quaternary regolith/alluvium,lateritic saprolite,Upper West Region,Nadowli-Kaleo,False,0.0,EC07,denit,redox,Ca;Mg;Na;K;HCO3;Cl;SO4;NO3;F,0.43999999999999995,1.1274968515793757,0.31514932982608906,rock,rock,freshening,neutral,ambiguous,oxic,-0.18476737076886893,0.10125568369224942,-0.09929531222763205,0.06132858726227731,159.8,residual_weakly_aligned;denitrification_no3_conflict
NGW-138,Regolith/alluvial shallow aquifer,Quaternary regolith/alluvium,lateritic saprolite,Upper West Region,Nadowli-Kaleo,True,0.09683256913020452,EC01,CaNa_exch,ion_exchange,Ca;Mg;Na;K;HCO3;Cl;SO4;NO3;F,0.5,1.0,-0.018196618725565415,rock,rock,freshening,neutral,ambiguous,oxic,-0.18476737076886893,0.10125568369224942,-0.09929531222763205,0.06132858726227731,159.8,
NGW-138,Regolith/alluvial shallow aquifer,Quaternary regolith/alluvium,lateritic saprolite,Upper West Region,Nadowli-Kaleo,False,0.0,EC01,NaCa_exch,ion_exchange,Ca;Mg;Na;K;HCO3;Cl;SO4;NO3;F,0.5,1.0,0.018196618725565415,rock,rock,freshening,neutral,ambiguous,oxic,-0.18476737076886893,0.10125568369224942,-0.09929531222763205,0.06132858726227731,159.8,
NGW-138,Regolith/alluvial shallow aquifer,Quaternary regolith/alluvium,lateritic saprolite,Upper West Region,Nadowli-Kaleo,True,0.1915911920411811,EC02,MgNa_exch,ion_exchange,Ca;Mg;Na;K;HCO3;Cl;SO4;NO3;F,0.5,1.0,-0.12189444817426252,rock,rock,freshening,neutral,ambiguous,oxic,-0.18476737076886893,0.10125568369224942,-0.09929531222763205,0.06132858726227731,159.8,
NGW-138,Regolith/alluvial shallow aquifer,Quaternary regolith/alluvium,lateritic saprolite,Upper West Region,Nadowli-Kaleo,False,0.0,EC02,NaMg_exch,ion_exchange,Ca;Mg;Na;K;HCO3;Cl;SO4;NO3;F,0.5,1.0,0.12189444817426252,rock,rock,freshening,neutral,ambiguous,oxic,-0.18476737076886893,0.10125568369224942,-0.09929531222763205,0.06132858726227731,159.8,
NGW-140,Birimian fractured basement aquifer,Birimian Supergroup,phyllite–schist fractured zone,Upper West Region,Lawra,False,0.0,EC05,calcite,carbonate,Ca;Mg;Na;K;HCO3;Cl;SO4;NO3;F,0.95,0.40656965974059917,0.6812485887574252,rock,rock,neutral,freshening,oxic,oxic,-0.02908851997126122,-0.2136163952235157,-0.015875127799216106,-0.09398028823916968,199.24,residual_strongly_aligned;gibbs_rock_support;carbonate_alkalinity_support;undersaturated_dissolution_support
NGW-140,Birimian fractured basement aquifer,Birimian Supergroup,phyllite–schist fractured zone,Upper West Region,Lawra,True,0.205402806636291,EC08,dolomite,carbonate,Ca;Mg;Na;K;HCO3;Cl;SO4;NO3;F,0.95,0.40656965974059917,0.6944214021311745,rock,rock,neutral,freshening,oxic,oxic,-0.02908851997126122,-0.2136163952235157,-0.015875127799216106,-0.09398028823916968,199.24,residual_strongly_aligned;gibbs_rock_support;carbonate_alkalinity_support;undersaturated_dissolution_support
NGW-140,Birimian fractured basement aquifer,Birimian Supergroup,phyllite–schist fractured zone,Upper West Region,Lawra,True,0.3084300549887266,EC04,albite,silicate,Ca;Mg;Na;K;HCO3;Cl;SO4;NO3;F,0.8799999999999999,0.46766642700990935,0.8420132710941575,rock,rock,neutral,freshening,oxic,oxic,-0.02908851997126122,-0.2136163952235157,-0.015875127799216106,-0.09398028823916968,199.24,residual_strongly_aligned;gibbs_rock_support;albite_na_alkalinity_support
NGW-140,Birimian fractured basement aquifer,Birimian Supergroup,phyllite–schist fractured zone,Upper West Region,Lawra,False,0.0,EC05,anorthite,silicate,Ca;Mg;Na;K;HCO3;Cl;SO4;NO3;F,0.8799999999999999,0.46766642700990935,0.6812485887574252,rock,rock,neutral,freshening,oxic,oxic,-0.02908851997126122,-0.2136163952235157,-0.015875127799216106,-0.09398028823916968,199.24,residual_strongly_aligned;gibbs_rock_support;carbonate_alkalinity_support
NGW-140,Birimian fractured basement aquifer,Birimian Supergroup,phyllite–schist fractured zone,Upper West Region,Lawra,True,0.04591970906672542,EC12,k_feldspar,silicate,Ca;Mg;Na;K;HCO3;Cl;SO4;NO3;F,0.7799999999999999,0.571209063848815,0.47774803410145283,rock,rock,neutral,freshening,oxic,oxic,-0.02908851997126122,-0.2136163952235157,-0.015875127799216106,-0.09398028823916968,199.24,residual_weakly_aligned;gibbs_rock_support;k_feldspar_k_alkalinity_support
NGW-140,Birimian fractured basement aquifer,Birimian Supergroup,phyllite–schist fractured zone,Upper West Region,Lawra,True,0.23519355171090034,EC10,gypsum,evaporite,Ca;Mg;Na;K;HCO3;Cl;SO4;NO3;F,0.88,0.46766642700990924,0.29299658640541654,rock,rock,neutral,freshening,oxic,oxic,-0.02908851997126122,-0.2136163952235157,-0.015875127799216106,-0.09398028823916968,199.24,residual_weakly_aligned;gypsum_ca_so4_support;undersaturated_dissolution_support;salinity_increase_support
NGW-140,Birimian fractured basement aquifer,Birimian Supergroup,phyllite–schist fractured zone,Upper West Region,Lawra,True,0.6881857686739082,EC11,halite,evaporite,Ca;Mg;Na;K;HCO3;Cl;SO4;NO3;F,0.95,0.40656965974059917,0.6570730387572066,rock,rock,neutral,freshening,oxic,oxic,-0.02908851997126122,-0.2136163952235157,-0.015875127799216106,-0.09398028823916968,199.24,residual_strongly_aligned;halite_na_cl_support;undersaturated_dissolution_support;salinity_increase_support
NGW-140,Birimian fractured basement aquifer,Birimian Supergroup,phyllite–schist fractured zone,Upper West Region,Lawra,False,0.0,EC09,fluorite,trace_mineral,Ca;Mg;Na;K;HCO3;Cl;SO4;NO3;F,0.6799999999999999,0.6976763260710311,0.11506167487076543,rock,rock,neutral,freshening,oxic,oxic,-0.02908851997126122,-0.2136163952235157,-0.015875127799216106,-0.09398028823916968,199.24,gibbs_rock_support;fluorite_ca_f_support
NGW-140,Birimian fractured basement aquifer,Birimian Supergroup,phyllite–schist fractured zone,Upper West Region,Lawra,False,0.0,EC06,apatite,trace_mineral,Ca;Mg;Na;K;HCO3;Cl;SO4;NO3;F,0.58,0.8521437889662115,0.24024086732559116,rock,rock,neutral,freshening,oxic,oxic,-0.02908851997126122,-0.2136163952235157,-0.015875127799216106,-0.09398028823916968,199.24,gibbs_rock_support
NGW-140,Birimian fractured basement aquifer,Birimian Supergroup,phyllite–schist fractured zone,Upper West Region,Lawra,True,0.030331993378680335,EC13,pyrite_oxidation,redox,Ca;Mg;Na;K;HCO3;Cl;SO4;NO3;F,0.5,1.0,0.17072641130186295,rock,rock,neutral,freshening,oxic,oxic,-0.02908851997126122,-0.2136163952235157,-0.015875127799216106,-0.09398028823916968,199.24,
NGW-140,Birimian fractured basement aquifer,Birimian Supergroup,phyllite–schist fractured zone,Upper West Region,Lawra,True,0.31794138590508086,EC03,NO3src,anthropogenic,Ca;Mg;Na;K;HCO3;Cl;SO4;NO3;F,0.6799999999999999,0.6976763260710311,0.18335988269151715,rock,rock,neutral,freshening,oxic,oxic,-0.02908851997126122,-0.2136163952235157,-0.015875127799216106,-0.09398028823916968,199.24,nitrate_increase_support
NGW-140,Birimian fractured basement aquifer,Birimian Supergroup,phyllite–schist fractured zone,Upper West Region,Lawra,False,0.0,EC07,denit,redox,Ca;Mg;Na;K;HCO3;Cl;SO4;NO3;F,0.43999999999999995,1.1274968515793757,0.32278189024035575,rock,rock,neutral,freshening,oxic,oxic,-0.02908851997126122,-0.2136163952235157,-0.015875127799216106,-0.09398028823916968,199.24,residual_weakly_aligned;denitrification_no3_conflict
NGW-140,Birimian fractured basement aquifer,Birimian Supergroup,phyllite–schist fractured zone,Upper West Region,Lawra,False,0.0,EC01,CaNa_exch,ion_exchange,Ca;Mg;Na;K;HCO3;Cl;SO4;NO3;F,0.54,0.9231163463866358,-0.38382331394111696,rock,rock,neutral,freshening,oxic,oxic,-0.02908851997126122,-0.2136163952235157,-0.015875127799216106,-0.09398028823916968,199.24,residual_opposed;cai_freshening_support
NGW-140,Birimian fractured basement aquifer,Birimian Supergroup,phyllite–schist fractured zone,Upper West Region,Lawra,False,0.0,EC01,NaCa_exch,ion_exchange,Ca;Mg;Na;K;HCO3;Cl;SO4;NO3;F,0.38,1.2712491503214047,0.38382331394111696,rock,rock,neutral,freshening,oxic,oxic,-0.02908851997126122,-0.2136163952235157,-0.015875127799216106,-0.09398028823916968,199.24,residual_weakly_aligned;cai_freshening_conflict
NGW-140,Birimian fractured basement aquifer,Birimian Supergroup,phyllite–schist fractured zone,Upper West Region,Lawra,False,0.0,EC02,MgNa_exch,ion_exchange,Ca;Mg;Na;K;HCO3;Cl;SO4;NO3;F,0.54,0.9231163463866358,-0.428748519434638,rock,rock,neutral,freshening,oxic,oxic,-0.02908851997126122,-0.2136163952235157,-0.015875127799216106,-0.09398028823916968,199.24,residual_opposed;cai_freshening_support
NGW-140,Birimian fractured basement aquifer,Birimian Supergroup,phyllite–schist fractured zone,Upper West Region,Lawra,False,0.0,EC02,NaMg_exch,ion_exchange,Ca;Mg;Na;K;HCO3;Cl;SO4;NO3;F,0.38,1.2712491503214047,0.428748519434638,rock,rock,neutral,freshening,oxic,oxic,-0.02908851997126122,-0.2136163952235157,-0.015875127799216106,-0.09398028823916968,199.24,residual_weakly_aligned;cai_freshening_conflict
NGW-141,Birimian fractured basement aquifer,Birimian Supergroup,phyllite–schist fractured zone,Upper West Region,Tumu,False,0.0,EC05,calcite,carbonate,Ca;Mg;Na;K;HCO3;Cl;SO4;NO3;F,0.6599999999999999,0.726149037073691,0.41835551695605583,rock,rock,freshening,neutral,oxic,oxic,-0.316175170897137,0.08645177180375063,-0.13277595883763144,0.06618328850101352,113.56,residual_weakly_aligned;gibbs_rock_support;carbonate_alkalinity_support;saturated_dissolution_conflict
NGW-141,Birimian fractured basement aquifer,Birimian Supergroup,phyllite–schist fractured zone,Upper West Region,Tumu,True,0.092287020538912,EC08,dolomite,carbonate,Ca;Mg;Na;K;HCO3;Cl;SO4;NO3;F,0.7799999999999999,0.571209063848815,0.44006078833078693,rock,rock,freshening,neutral,oxic,oxic,-0.316175170897137,0.08645177180375063,-0.13277595883763144,0.06618328850101352,113.56,residual_weakly_aligned;gibbs_rock_support;carbonate_alkalinity_support
NGW-141,Birimian fractured basement aquifer,Birimian Supergroup,phyllite–schist fractured zone,Upper West Region,Tumu,False,-0.0,EC04,albite,silicate,Ca;Mg;Na;K;HCO3;Cl;SO4;NO3;F,0.7799999999999999,0.571209063848815,0.5323194193221468,rock,rock,freshening,neutral,oxic,oxic,-0.316175170897137,0.08645177180375063,-0.13277595883763144,0.06618328850101352,113.56,residual_weakly_aligned;gibbs_rock_support;albite_na_alkalinity_support
NGW-141,Birimian fractured basement aquifer,Birimian Supergroup,phyllite–schist fractured zone,Upper West Region,Tumu,True,0.043837343003620174,EC05,anorthite,silicate,Ca;Mg;Na;K;HCO3;Cl;SO4;NO3;F,0.7799999999999999,0.571209063848815,0.41835551695605583,rock,rock,freshening,neutral,oxic,oxic,-0.316175170897137,0.08645177180375063,-0.13277595883763144,0.06618328850101352,113.56,residual_weakly_aligned;gibbs_rock_support;carbonate_alkalinity_support
NGW-141,Birimian fractured basement aquifer,Birimian Supergroup,phyllite–schist fractured zone,Upper West Region,Tumu,True,0.04923769502469387,EC12,k_feldspar,silicate,Ca;Mg;Na;K;HCO3;Cl;SO4;NO3;F,0.7799999999999999,0.571209063848815,0.29150006701237374,rock,rock,freshening,neutral,oxic,oxic,-0.316175170897137,0.08645177180375063,-0.13277595883763144,0.06618328850101352,113.56,residual_weakly_aligned;gibbs_rock_support;k_feldspar_k_alkalinity_support
NGW-141,Birimian fractured basement aquifer,Birimian Supergroup,phyllite–schist fractured zone,Upper West Region,Tumu,False,0.0,EC10,gypsum,evaporite,Ca;Mg;Na;K;HCO3;Cl;SO4;NO3;F,0.64,0.7557837414557255,0.10116215480694617,rock,rock,freshening,neutral,oxic,oxic,-0.316175170897137,0.08645177180375063,-0.13277595883763144,0.06618328850101352,113.56,undersaturated_dissolution_support;salinity_increase_support
NGW-141,Birimian fractured basement aquifer,Birimian Supergroup,phyllite–schist fractured zone,Upper West Region,Tumu,True,1.3782557581509487,EC11,halite,evaporite,Ca;Mg;Na;K;HCO3;Cl;SO4;NO3;F,0.95,0.40656965974059917,0.8314527865213618,rock,rock,freshening,neutral,oxic,oxic,-0.316175170897137,0.08645177180375063,-0.13277595883763144,0.06618328850101352,113.56,residual_strongly_aligned;halite_na_cl_support;undersaturated_dissolution_support;salinity_increase_support
NGW-141,Birimian fractured basement aquifer,Birimian Supergroup,phyllite–schist fractured zone,Upper West Region,Tumu,False,0.0,EC09,fluorite,trace_mineral,Ca;Mg;Na;K;HCO3;Cl;SO4;NO3;F,0.6799999999999999,0.6976763260710311,0.0860757778684908,rock,rock,freshening,neutral,oxic,oxic,-0.316175170897137,0.08645177180375063,-0.13277595883763144,0.06618328850101352,113.56,gibbs_rock_support;fluorite_ca_f_support
NGW-141,Birimian fractured basement aquifer,Birimian Supergroup,phyllite–schist fractured zone,Upper West Region,Tumu,False,0.007463441088760335,EC06,apatite,trace_mineral,Ca;Mg;Na;K;HCO3;Cl;SO4;NO3;F,0.58,0.8521437889662115,0.18096800956031045,rock,rock,freshening,neutral,oxic,oxic,-0.316175170897137,0.08645177180375063,-0.13277595883763144,0.06618328850101352,113.56,gibbs_rock_support
NGW-141,Birimian fractured basement aquifer,Birimian Supergroup,phyllite–schist fractured zone,Upper West Region,Tumu,False,0.0,EC13,pyrite_oxidation,redox,Ca;Mg;Na;K;HCO3;Cl;SO4;NO3;F,0.5,1.0,-0.04060705685513236,rock,rock,freshening,neutral,oxic,oxic,-0.316175170897137,0.08645177180375063,-0.13277595883763144,0.06618328850101352,113.56,
NGW-141,Birimian fractured basement aquifer,Birimian Supergroup,phyllite–schist fractured zone,Upper West Region,Tumu,False,0.0,EC03,NO3src,anthropogenic,Ca;Mg;Na;K;HCO3;Cl;SO4;NO3;F,0.5,1.0,-0.09643168742317847,rock,rock,freshening,neutral,oxic,oxic,-0.316175170897137,0.08645177180375063,-0.13277595883763144,0.06618328850101352,113.56,
NGW-141,Birimian fractured basement aquifer,Birimian Supergroup,phyllite–schist fractured zone,Upper West Region,Tumu,True,0.15600067760783015,EC07,denit,redox,Ca;Mg;Na;K;HCO3;Cl;SO4;NO3;F,0.8,0.5488116360940264,0.3339887363811543,rock,rock,freshening,neutral,oxic,oxic,-0.316175170897137,0.08645177180375063,-0.13277595883763144,0.06618328850101352,113.56,residual_weakly_aligned;denitrification_stoichiometry_support
NGW-141,Birimian fractured basement aquifer,Birimian Supergroup,phyllite–schist fractured zone,Upper West Region,Tumu,True,0.13586813658228744,EC01,CaNa_exch,ion_exchange,Ca;Mg;Na;K;HCO3;Cl;SO4;NO3;F,0.32,1.4333294145603401,-0.2549812061624356,rock,rock,freshening,neutral,oxic,oxic,-0.316175170897137,0.08645177180375063,-0.13277595883763144,0.06618328850101352,113.56,residual_opposed
NGW-141,Birimian fractured basement aquifer,Birimian Supergroup,phyllite–schist fractured zone,Upper West Region,Tumu,False,0.0,EC01,NaCa_exch,ion_exchange,Ca;Mg;Na;K;HCO3;Cl;SO4;NO3;F,0.6,0.8187307530779819,0.2549812061624356,rock,rock,freshening,neutral,oxic,oxic,-0.316175170897137,0.08645177180375063,-0.13277595883763144,0.06618328850101352,113.56,residual_weakly_aligned
NGW-141,Birimian fractured basement aquifer,Birimian Supergroup,phyllite–schist fractured zone,Upper West Region,Tumu,True,0.20821874393459652,EC02,MgNa_exch,ion_exchange,Ca;Mg;Na;K;HCO3;Cl;SO4;NO3;F,0.32,1.4333294145603401,-0.2567356000418274,rock,rock,freshening,neutral,oxic,oxic,-0.316175170897137,0.08645177180375063,-0.13277595883763144,0.06618328850101352,113.56,residual_opposed
NGW-141,Birimian fractured basement aquifer,Birimian Supergroup,phyllite–schist fractured zone,Upper West Region,Tumu,False,0.0,EC02,NaMg_exch,ion_exchange,Ca;Mg;Na;K;HCO3;Cl;SO4;NO3;F,0.6,0.8187307530779819,0.2567356000418274,rock,rock,freshening,neutral,oxic,oxic,-0.316175170897137,0.08645177180375063,-0.13277595883763144,0.06618328850101352,113.56,residual_weakly_aligned
NGW-142,Middle Voltaian sedimentary aquifer,Voltaian Supergroup,mudstone–sandstone sequence,Upper West Region,Nandom,False,0.0,EC05,calcite,carbonate,Ca;Mg;Na;K;HCO3;Cl;SO4;NO3;F,0.95,0.40656965974059917,0.5587777147822744,rock,rock,freshening,freshening,oxic,oxic,-0.4527225084418298,-0.3685832602418104,-0.15112008573350638,-0.1480717114633044,124.43,residual_strongly_aligned;gibbs_rock_support;carbonate_alkalinity_support;undersaturated_dissolution_support
NGW-142,Middle Voltaian sedimentary aquifer,Voltaian Supergroup,mudstone–sandstone sequence,Upper West Region,Nandom,True,0.1540927896624967,EC08,dolomite,carbonate,Ca;Mg;Na;K;HCO3;Cl;SO4;NO3;F,0.95,0.40656965974059917,0.5899045704170025,rock,rock,freshening,freshening,oxic,oxic,-0.4527225084418298,-0.3685832602418104,-0.15112008573350638,-0.1480717114633044,124.43,residual_strongly_aligned;gibbs_rock_support;carbonate_alkalinity_support;undersaturated_dissolution_support
NGW-142,Middle Voltaian sedimentary aquifer,Voltaian Supergroup,mudstone–sandstone sequence,Upper West Region,Nandom,False,0.0,EC04,albite,silicate,Ca;Mg;Na;K;HCO3;Cl;SO4;NO3;F,0.8799999999999999,0.46766642700990935,0.8016516175514091,rock,rock,freshening,freshening,oxic,oxic,-0.4527225084418298,-0.3685832602418104,-0.15112008573350638,-0.1480717114633044,124.43,residual_strongly_aligned;gibbs_rock_support;albite_na_alkalinity_support
NGW-142,Middle Voltaian sedimentary aquifer,Voltaian Supergroup,mudstone–sandstone sequence,Upper West Region,Nandom,False,0.0,EC05,anorthite,silicate,Ca;Mg;Na;K;HCO3;Cl;SO4;NO3;F,0.8799999999999999,0.46766642700990935,0.5587777147822744,rock,rock,freshening,freshening,oxic,oxic,-0.4527225084418298,-0.3685832602418104,-0.15112008573350638,-0.1480717114633044,124.43,residual_strongly_aligned;gibbs_rock_support;carbonate_alkalinity_support
NGW-142,Middle Voltaian sedimentary aquifer,Voltaian Supergroup,mudstone–sandstone sequence,Upper West Region,Nandom,False,-0.0,EC12,k_feldspar,silicate,Ca;Mg;Na;K;HCO3;Cl;SO4;NO3;F,0.6799999999999999,0.6976763260710311,0.3816383031435207,rock,rock,freshening,freshening,oxic,oxic,-0.4527225084418298,-0.3685832602418104,-0.15112008573350638,-0.1480717114633044,124.43,residual_weakly_aligned;gibbs_rock_support
NGW-142,Middle Voltaian sedimentary aquifer,Voltaian Supergroup,mudstone–sandstone sequence,Upper West Region,Nandom,True,0.16209162458616136,EC10,gypsum,evaporite,Ca;Mg;Na;K;HCO3;Cl;SO4;NO3;F,0.78,0.5712090638488149,0.24913781545989833,rock,rock,freshening,freshening,oxic,oxic,-0.4527225084418298,-0.3685832602418104,-0.15112008573350638,-0.1480717114633044,124.43,gypsum_ca_so4_support;undersaturated_dissolution_support;salinity_increase_support
NGW-142,Middle Voltaian sedimentary aquifer,Voltaian Supergroup,mudstone–sandstone sequence,Upper West Region,Nandom,True,0.7241251534294901,EC11,halite,evaporite,Ca;Mg;Na;K;HCO3;Cl;SO4;NO3;F,0.95,0.40656965974059917,0.7670192253434254,rock,rock,freshening,freshening,oxic,oxic,-0.4527225084418298,-0.3685832602418104,-0.15112008573350638,-0.1480717114633044,124.43,residual_strongly_aligned;halite_na_cl_support;undersaturated_dissolution_support;salinity_increase_support
NGW-142,Middle Voltaian sedimentary aquifer,Voltaian Supergroup,mudstone–sandstone sequence,Upper West Region,Nandom,False,0.0002161182289127788,EC09,fluorite,trace_mineral,Ca;Mg;Na;K;HCO3;Cl;SO4;NO3;F,0.6799999999999999,0.6976763260710311,0.0867751829202393,rock,rock,freshening,freshening,oxic,oxic,-0.4527225084418298,-0.3685832602418104,-0.15112008573350638,-0.1480717114633044,124.43,gibbs_rock_support;fluorite_ca_f_support
NGW-142,Middle Voltaian sedimentary aquifer,Voltaian Supergroup,mudstone–sandstone sequence,Upper West Region,Nandom,False,0.0,EC06,apatite,trace_mineral,Ca;Mg;Na;K;HCO3;Cl;SO4;NO3;F,0.58,0.8521437889662115,0.1690810005904346,rock,rock,freshening,freshening,oxic,oxic,-0.4527225084418298,-0.3685832602418104,-0.15112008573350638,-0.1480717114633044,124.43,gibbs_rock_support
NGW-142,Middle Voltaian sedimentary aquifer,Voltaian Supergroup,mudstone–sandstone sequence,Upper West Region,Nandom,True,0.044732042793888725,EC13,pyrite_oxidation,redox,Ca;Mg;Na;K;HCO3;Cl;SO4;NO3;F,0.5,1.0,0.1823052514114819,rock,rock,freshening,freshening,oxic,oxic,-0.4527225084418298,-0.3685832602418104,-0.15112008573350638,-0.1480717114633044,124.43,
NGW-142,Middle Voltaian sedimentary aquifer,Voltaian Supergroup,mudstone–sandstone sequence,Upper West Region,Nandom,False,0.0,EC03,NO3src,anthropogenic,Ca;Mg;Na;K;HCO3;Cl;SO4;NO3;F,0.5,1.0,-0.1501406681207349,rock,rock,freshening,freshening,oxic,oxic,-0.4527225084418298,-0.3685832602418104,-0.15112008573350638,-0.1480717114633044,124.43,
NGW-142,Middle Voltaian sedimentary aquifer,Voltaian Supergroup,mudstone–sandstone sequence,Upper West Region,Nandom,True,0.19113617195397462,EC07,denit,redox,Ca;Mg;Na;K;HCO3;Cl;SO4;NO3;F,0.8,0.5488116360940264,0.48780378770357125,rock,rock,freshening,freshening,oxic,oxic,-0.4527225084418298,-0.3685832602418104,-0.15112008573350638,-0.1480717114633044,124.43,residual_weakly_aligned;denitrification_stoichiometry_support
NGW-142,Middle Voltaian sedimentary aquifer,Voltaian Supergroup,mudstone–sandstone sequence,Upper West Region,Nandom,False,0.0,EC01,CaNa_exch,ion_exchange,Ca;Mg;Na;K;HCO3;Cl;SO4;NO3;F,0.54,0.9231163463866358,-0.4552402857859921,rock,rock,freshening,freshening,oxic,oxic,-0.4527225084418298,-0.3685832602418104,-0.15112008573350638,-0.1480717114633044,124.43,residual_opposed;cai_freshening_support
NGW-142,Middle Voltaian sedimentary aquifer,Voltaian Supergroup,mudstone–sandstone sequence,Upper West Region,Nandom,True,0.07224171014100271,EC01,NaCa_exch,ion_exchange,Ca;Mg;Na;K;HCO3;Cl;SO4;NO3;F,0.38,1.2712491503214047,0.4552402857859921,rock,rock,freshening,freshening,oxic,oxic,-0.4527225084418298,-0.3685832602418104,-0.15112008573350638,-0.1480717114633044,124.43,residual_weakly_aligned;cai_freshening_conflict
NGW-142,Middle Voltaian sedimentary aquifer,Voltaian Supergroup,mudstone–sandstone sequence,Upper West Region,Nandom,False,0.005345845677005297,EC02,MgNa_exch,ion_exchange,Ca;Mg;Na;K;HCO3;Cl;SO4;NO3;F,0.54,0.9231163463866358,-0.4535304885539941,rock,rock,freshening,freshening,oxic,oxic,-0.4527225084418298,-0.3685832602418104,-0.15112008573350638,-0.1480717114633044,124.43,residual_opposed;cai_freshening_support
NGW-142,Middle Voltaian sedimentary aquifer,Voltaian Supergroup,mudstone–sandstone sequence,Upper West Region,Nandom,False,0.0,EC02,NaMg_exch,ion_exchange,Ca;Mg;Na;K;HCO3;Cl;SO4;NO3;F,0.38,1.2712491503214047,0.4535304885539941,rock,rock,freshening,freshening,oxic,oxic,-0.4527225084418298,-0.3685832602418104,-0.15112008573350638,-0.1480717114633044,124.43,residual_weakly_aligned;cai_freshening_conflict
NGW-143,Birimian fractured basement aquifer,Birimian Supergroup,metavolcanic–metasedimentary rocks,Upper West Region,Lawra,True,0.2187754972504066,EC05,calcite,carbonate,Ca;Mg;Na;K;HCO3;Cl;SO4;NO3;F,0.95,0.40656965974059917,0.7691983474572397,rock,rock,neutral,neutral,oxic,oxic,-0.13128435346612954,-0.03149921154456135,-0.06850134102064938,-0.01711170349971384,215.33999999999992,residual_strongly_aligned;gibbs_rock_support;carbonate_alkalinity_support;undersaturated_dissolution_support
NGW-143,Birimian fractured basement aquifer,Birimian Supergroup,metavolcanic–metasedimentary rocks,Upper West Region,Lawra,True,0.15976938173624844,EC08,dolomite,carbonate,Ca;Mg;Na;K;HCO3;Cl;SO4;NO3;F,0.95,0.40656965974059917,0.748269207506362,rock,rock,neutral,neutral,oxic,oxic,-0.13128435346612954,-0.03149921154456135,-0.06850134102064938,-0.01711170349971384,215.33999999999992,residual_strongly_aligned;gibbs_rock_support;carbonate_alkalinity_support;undersaturated_dissolution_support
NGW-143,Birimian fractured basement aquifer,Birimian Supergroup,metavolcanic–metasedimentary rocks,Upper West Region,Lawra,False,0.0,EC04,albite,silicate,Ca;Mg;Na;K;HCO3;Cl;SO4;NO3;F,0.8799999999999999,0.46766642700990935,0.7715670638383659,rock,rock,neutral,neutral,oxic,oxic,-0.13128435346612954,-0.03149921154456135,-0.06850134102064938,-0.01711170349971384,215.33999999999992,residual_strongly_aligned;gibbs_rock_support;albite_na_alkalinity_support
NGW-143,Birimian fractured basement aquifer,Birimian Supergroup,metavolcanic–metasedimentary rocks,Upper West Region,Lawra,True,0.2187754972504066,EC05,anorthite,silicate,Ca;Mg;Na;K;HCO3;Cl;SO4;NO3;F,0.8799999999999999,0.46766642700990935,0.7691983474572397,rock,rock,neutral,neutral,oxic,oxic,-0.13128435346612954,-0.03149921154456135,-0.06850134102064938,-0.01711170349971384,215.33999999999992,residual_strongly_aligned;gibbs_rock_support;carbonate_alkalinity_support
NGW-143,Birimian fractured basement aquifer,Birimian Supergroup,metavolcanic–metasedimentary rocks,Upper West Region,Lawra,True,0.05804570519777884,EC12,k_feldspar,silicate,Ca;Mg;Na;K;HCO3;Cl;SO4;NO3;F,0.7799999999999999,0.571209063848815,0.5070831882506796,rock,rock,neutral,neutral,oxic,oxic,-0.13128435346612954,-0.03149921154456135,-0.06850134102064938,-0.01711170349971384,215.33999999999992,residual_weakly_aligned;gibbs_rock_support;k_feldspar_k_alkalinity_support
NGW-143,Birimian fractured basement aquifer,Birimian Supergroup,metavolcanic–metasedimentary rocks,Upper West Region,Lawra,True,0.12850303670074378,EC10,gypsum,evaporite,Ca;Mg;Na;K;HCO3;Cl;SO4;NO3;F,0.88,0.46766642700990924,0.28919063314887267,rock,rock,neutral,neutral,oxic,oxic,-0.13128435346612954,-0.03149921154456135,-0.06850134102064938,-0.01711170349971384,215.33999999999992,residual_weakly_aligned;gypsum_ca_so4_support;undersaturated_dissolution_support;salinity_increase_support
NGW-143,Birimian fractured basement aquifer,Birimian Supergroup,metavolcanic–metasedimentary rocks,Upper West Region,Lawra,True,1.0626180954465365,EC11,halite,evaporite,Ca;Mg;Na;K;HCO3;Cl;SO4;NO3;F,0.95,0.40656965974059917,0.6269418071357261,rock,rock,neutral,neutral,oxic,oxic,-0.13128435346612954,-0.03149921154456135,-0.06850134102064938,-0.01711170349971384,215.33999999999992,residual_strongly_aligned;halite_na_cl_support;undersaturated_dissolution_support;salinity_increase_support
NGW-143,Birimian fractured basement aquifer,Birimian Supergroup,metavolcanic–metasedimentary rocks,Upper West Region,Lawra,False,0.014105428522400867,EC09,fluorite,trace_mineral,Ca;Mg;Na;K;HCO3;Cl;SO4;NO3;F,0.6799999999999999,0.6976763260710311,0.1712025351770125,rock,rock,neutral,neutral,oxic,oxic,-0.13128435346612954,-0.03149921154456135,-0.06850134102064938,-0.01711170349971384,215.33999999999992,gibbs_rock_support;fluorite_ca_f_support
NGW-143,Birimian fractured basement aquifer,Birimian Supergroup,metavolcanic–metasedimentary rocks,Upper West Region,Lawra,False,0.0,EC06,apatite,trace_mineral,Ca;Mg;Na;K;HCO3;Cl;SO4;NO3;F,0.6799999999999999,0.6976763260710311,0.34044455122143114,rock,rock,neutral,neutral,oxic,oxic,-0.13128435346612954,-0.03149921154456135,-0.06850134102064938,-0.01711170349971384,215.33999999999992,residual_weakly_aligned;gibbs_rock_support
NGW-143,Birimian fractured basement aquifer,Birimian Supergroup,metavolcanic–metasedimentary rocks,Upper West Region,Lawra,False,0.0018850019797098118,EC13,pyrite_oxidation,redox,Ca;Mg;Na;K;HCO3;Cl;SO4;NO3;F,0.5,1.0,0.0657499473578723,rock,rock,neutral,neutral,oxic,oxic,-0.13128435346612954,-0.03149921154456135,-0.06850134102064938,-0.01711170349971384,215.33999999999992,
NGW-143,Birimian fractured basement aquifer,Birimian Supergroup,metavolcanic–metasedimentary rocks,Upper West Region,Lawra,False,0.02523462028908352,EC03,NO3src,anthropogenic,Ca;Mg;Na;K;HCO3;Cl;SO4;NO3;F,0.6799999999999999,0.6976763260710311,0.019521797150665682,rock,rock,neutral,neutral,oxic,oxic,-0.13128435346612954,-0.03149921154456135,-0.06850134102064938,-0.01711170349971384,215.33999999999992,nitrate_increase_support
NGW-143,Birimian fractured basement aquifer,Birimian Supergroup,metavolcanic–metasedimentary rocks,Upper West Region,Lawra,False,0.0,EC07,denit,redox,Ca;Mg;Na;K;HCO3;Cl;SO4;NO3;F,0.43999999999999995,1.1274968515793757,0.4729514926997008,rock,rock,neutral,neutral,oxic,oxic,-0.13128435346612954,-0.03149921154456135,-0.06850134102064938,-0.01711170349971384,215.33999999999992,residual_weakly_aligned;denitrification_no3_conflict
NGW-143,Birimian fractured basement aquifer,Birimian Supergroup,metavolcanic–metasedimentary rocks,Upper West Region,Lawra,True,0.04456699875342175,EC01,CaNa_exch,ion_exchange,Ca;Mg;Na;K;HCO3;Cl;SO4;NO3;F,0.5,1.0,-0.20676536826187,rock,rock,neutral,neutral,oxic,oxic,-0.13128435346612954,-0.03149921154456135,-0.06850134102064938,-0.01711170349971384,215.33999999999992,
NGW-143,Birimian fractured basement aquifer,Birimian Supergroup,metavolcanic–metasedimentary rocks,Upper West Region,Lawra,False,0.0,EC01,NaCa_exch,ion_exchange,Ca;Mg;Na;K;HCO3;Cl;SO4;NO3;F,0.5,1.0,0.20676536826187,rock,rock,neutral,neutral,oxic,oxic,-0.13128435346612954,-0.03149921154456135,-0.06850134102064938,-0.01711170349971384,215.33999999999992,
NGW-143,Birimian fractured basement aquifer,Birimian Supergroup,metavolcanic–metasedimentary rocks,Upper West Region,Lawra,False,0.011889841567688087,EC02,MgNa_exch,ion_exchange,Ca;Mg;Na;K;HCO3;Cl;SO4;NO3;F,0.32,1.4333294145603401,-0.32542106396279014,rock,rock,neutral,neutral,oxic,oxic,-0.13128435346612954,-0.03149921154456135,-0.06850134102064938,-0.01711170349971384,215.33999999999992,residual_opposed
NGW-143,Birimian fractured basement aquifer,Birimian Supergroup,metavolcanic–metasedimentary rocks,Upper West Region,Lawra,False,0.0,EC02,NaMg_exch,ion_exchange,Ca;Mg;Na;K;HCO3;Cl;SO4;NO3;F,0.6,0.8187307530779819,0.32542106396279014,rock,rock,neutral,neutral,oxic,oxic,-0.13128435346612954,-0.03149921154456135,-0.06850134102064938,-0.01711170349971384,215.33999999999992,residual_weakly_aligned
NGW-144,Granitoid fractured basement aquifer,Paleoproterozoic granitoid complex,gneissic fractured basement,Upper West Region,Lawra,True,0.1565309808867747,EC05,calcite,carbonate,Ca;Mg;Na;K;HCO3;Cl;SO4;NO3;F,0.8799999999999999,0.46766642700990935,0.8455875197016697,rock,rock,freshening,neutral,oxic,oxic,-0.18874383437690462,0.008842122531948953,-0.09364825325920458,0.0042646675848051286,142.45,residual_strongly_aligned;gibbs_rock_support;carbonate_alkalinity_support
NGW-144,Granitoid fractured basement aquifer,Paleoproterozoic granitoid complex,gneissic fractured basement,Upper West Region,Lawra,True,0.11846872245385998,EC08,dolomite,carbonate,Ca;Mg;Na;K;HCO3;Cl;SO4;NO3;F,0.95,0.40656965974059917,0.8266316474078167,rock,rock,freshening,neutral,oxic,oxic,-0.18874383437690462,0.008842122531948953,-0.09364825325920458,0.0042646675848051286,142.45,residual_strongly_aligned;gibbs_rock_support;carbonate_alkalinity_support;undersaturated_dissolution_support
NGW-144,Granitoid fractured basement aquifer,Paleoproterozoic granitoid complex,gneissic fractured basement,Upper West Region,Lawra,False,0.0,EC04,albite,silicate,Ca;Mg;Na;K;HCO3;Cl;SO4;NO3;F,0.8799999999999999,0.46766642700990935,0.7306138197249685,rock,rock,freshening,neutral,oxic,oxic,-0.18874383437690462,0.008842122531948953,-0.09364825325920458,0.0042646675848051286,142.45,residual_strongly_aligned;gibbs_rock_support;albite_na_alkalinity_support
NGW-144,Granitoid fractured basement aquifer,Paleoproterozoic granitoid complex,gneissic fractured basement,Upper West Region,Lawra,True,0.1565309808867747,EC05,anorthite,silicate,Ca;Mg;Na;K;HCO3;Cl;SO4;NO3;F,0.8799999999999999,0.46766642700990935,0.8455875197016697,rock,rock,freshening,neutral,oxic,oxic,-0.18874383437690462,0.008842122531948953,-0.09364825325920458,0.0042646675848051286,142.45,residual_strongly_aligned;gibbs_rock_support;carbonate_alkalinity_support
NGW-144,Granitoid fractured basement aquifer,Paleoproterozoic granitoid complex,gneissic fractured basement,Upper West Region,Lawra,False,0.00796113767048615,EC12,k_feldspar,silicate,Ca;Mg;Na;K;HCO3;Cl;SO4;NO3;F,0.7799999999999999,0.571209063848815,0.5455830516584264,rock,rock,freshening,neutral,oxic,oxic,-0.18874383437690462,0.008842122531948953,-0.09364825325920458,0.0042646675848051286,142.45,residual_weakly_aligned;gibbs_rock_support;k_feldspar_k_alkalinity_support
NGW-144,Granitoid fractured basement aquifer,Paleoproterozoic granitoid complex,gneissic fractured basement,Upper West Region,Lawra,True,0.03505023802208843,EC10,gypsum,evaporite,Ca;Mg;Na;K;HCO3;Cl;SO4;NO3;F,0.88,0.46766642700990924,0.3141178771866573,rock,rock,freshening,neutral,oxic,oxic,-0.18874383437690462,0.008842122531948953,-0.09364825325920458,0.0042646675848051286,142.45,residual_weakly_aligned;gypsum_ca_so4_support;undersaturated_dissolution_support;salinity_increase_support
NGW-144,Granitoid fractured basement aquifer,Paleoproterozoic granitoid complex,gneissic fractured basement,Upper West Region,Lawra,True,0.5995116459430821,EC11,halite,evaporite,Ca;Mg;Na;K;HCO3;Cl;SO4;NO3;F,0.9,0.44932896411722156,0.5038566660911592,rock,rock,freshening,neutral,oxic,oxic,-0.18874383437690462,0.008842122531948953,-0.09364825325920458,0.0042646675848051286,142.45,residual_weakly_aligned;halite_na_cl_support;undersaturated_dissolution_support;salinity_increase_support
NGW-144,Granitoid fractured basement aquifer,Paleoproterozoic granitoid complex,gneissic fractured basement,Upper West Region,Lawra,False,0.0,EC09,fluorite,trace_mineral,Ca;Mg;Na;K;HCO3;Cl;SO4;NO3;F,0.6799999999999999,0.6976763260710311,0.17344939018516098,rock,rock,freshening,neutral,oxic,oxic,-0.18874383437690462,0.008842122531948953,-0.09364825325920458,0.0042646675848051286,142.45,gibbs_rock_support;fluorite_ca_f_support
NGW-144,Granitoid fractured basement aquifer,Paleoproterozoic granitoid complex,gneissic fractured basement,Upper West Region,Lawra,False,0.0,EC06,apatite,trace_mineral,Ca;Mg;Na;K;HCO3;Cl;SO4;NO3;F,0.6799999999999999,0.6976763260710311,0.3640214046536905,rock,rock,freshening,neutral,oxic,oxic,-0.18874383437690462,0.008842122531948953,-0.09364825325920458,0.0042646675848051286,142.45,residual_weakly_aligned;gibbs_rock_support
NGW-144,Granitoid fractured basement aquifer,Paleoproterozoic granitoid complex,gneissic fractured basement,Upper West Region,Lawra,False,0.027925686788045953,EC13,pyrite_oxidation,redox,Ca;Mg;Na;K;HCO3;Cl;SO4;NO3;F,0.5,1.0,0.07484533273684577,rock,rock,freshening,neutral,oxic,oxic,-0.18874383437690462,0.008842122531948953,-0.09364825325920458,0.0042646675848051286,142.45,
NGW-144,Granitoid fractured basement aquifer,Paleoproterozoic granitoid complex,gneissic fractured basement,Upper West Region,Lawra,True,0.049145425155742245,EC03,NO3src,anthropogenic,Ca;Mg;Na;K;HCO3;Cl;SO4;NO3;F,0.6799999999999999,0.6976763260710311,0.0466639375096489,rock,rock,freshening,neutral,oxic,oxic,-0.18874383437690462,0.008842122531948953,-0.09364825325920458,0.0042646675848051286,142.45,nitrate_increase_support
NGW-144,Granitoid fractured basement aquifer,Paleoproterozoic granitoid complex,gneissic fractured basement,Upper West Region,Lawra,False,0.0,EC07,denit,redox,Ca;Mg;Na;K;HCO3;Cl;SO4;NO3;F,0.43999999999999995,1.1274968515793757,0.5049021267333715,rock,rock,freshening,neutral,oxic,oxic,-0.18874383437690462,0.008842122531948953,-0.09364825325920458,0.0042646675848051286,142.45,residual_weakly_aligned;denitrification_no3_conflict
NGW-144,Granitoid fractured basement aquifer,Paleoproterozoic granitoid complex,gneissic fractured basement,Upper West Region,Lawra,True,0.07281393629110706,EC01,CaNa_exch,ion_exchange,Ca;Mg;Na;K;HCO3;Cl;SO4;NO3;F,0.5,1.0,-0.07857398442895276,rock,rock,freshening,neutral,oxic,oxic,-0.18874383437690462,0.008842122531948953,-0.09364825325920458,0.0042646675848051286,142.45,
NGW-144,Granitoid fractured basement aquifer,Paleoproterozoic granitoid complex,gneissic fractured basement,Upper West Region,Lawra,False,0.0,EC01,NaCa_exch,ion_exchange,Ca;Mg;Na;K;HCO3;Cl;SO4;NO3;F,0.5,1.0,0.07857398442895276,rock,rock,freshening,neutral,oxic,oxic,-0.18874383437690462,0.008842122531948953,-0.09364825325920458,0.0042646675848051286,142.45,
NGW-144,Granitoid fractured basement aquifer,Paleoproterozoic granitoid complex,gneissic fractured basement,Upper West Region,Lawra,False,0.015439808405736308,EC02,MgNa_exch,ion_exchange,Ca;Mg;Na;K;HCO3;Cl;SO4;NO3;F,0.5,1.0,-0.2013257487607382,rock,rock,freshening,neutral,oxic,oxic,-0.18874383437690462,0.008842122531948953,-0.09364825325920458,0.0042646675848051286,142.45,
NGW-144,Granitoid fractured basement aquifer,Paleoproterozoic granitoid complex,gneissic fractured basement,Upper West Region,Lawra,False,0.0,EC02,NaMg_exch,ion_exchange,Ca;Mg;Na;K;HCO3;Cl;SO4;NO3;F,0.5,1.0,0.2013257487607382,rock,rock,freshening,neutral,oxic,oxic,-0.18874383437690462,0.008842122531948953,-0.09364825325920458,0.0042646675848051286,142.45,
NGW-145,Middle Voltaian sedimentary aquifer,Voltaian Supergroup,mudstone–sandstone sequence,Upper West Region,Nadowli-Kaleo,True,0.1366628177161163,EC05,calcite,carbonate,Ca;Mg;Na;K;HCO3;Cl;SO4;NO3;F,0.95,0.40656965974059917,0.7194838236599306,rock,rock,freshening,freshening,oxic,oxic,-0.5603575313062833,-0.3201967783523576,-0.22154952781332463,-0.15186792563217932,190.59999999999997,residual_strongly_aligned;gibbs_rock_support;carbonate_alkalinity_support;undersaturated_dissolution_support
NGW-145,Middle Voltaian sedimentary aquifer,Voltaian Supergroup,mudstone–sandstone sequence,Upper West Region,Nadowli-Kaleo,True,0.2250934446646821,EC08,dolomite,carbonate,Ca;Mg;Na;K;HCO3;Cl;SO4;NO3;F,0.95,0.40656965974059917,0.7231291137038727,rock,rock,freshening,freshening,oxic,oxic,-0.5603575313062833,-0.3201967783523576,-0.22154952781332463,-0.15186792563217932,190.59999999999997,residual_strongly_aligned;gibbs_rock_support;carbonate_alkalinity_support;undersaturated_dissolution_support
NGW-145,Middle Voltaian sedimentary aquifer,Voltaian Supergroup,mudstone–sandstone sequence,Upper West Region,Nadowli-Kaleo,False,0.0,EC04,albite,silicate,Ca;Mg;Na;K;HCO3;Cl;SO4;NO3;F,0.8799999999999999,0.46766642700990935,0.8124962388949435,rock,rock,freshening,freshening,oxic,oxic,-0.5603575313062833,-0.3201967783523576,-0.22154952781332463,-0.15186792563217932,190.59999999999997,residual_strongly_aligned;gibbs_rock_support;albite_na_alkalinity_support
NGW-145,Middle Voltaian sedimentary aquifer,Voltaian Supergroup,mudstone–sandstone sequence,Upper West Region,Nadowli-Kaleo,True,0.1366628177161163,EC05,anorthite,silicate,Ca;Mg;Na;K;HCO3;Cl;SO4;NO3;F,0.8799999999999999,0.46766642700990935,0.7194838236599306,rock,rock,freshening,freshening,oxic,oxic,-0.5603575313062833,-0.3201967783523576,-0.22154952781332463,-0.15186792563217932,190.59999999999997,residual_strongly_aligned;gibbs_rock_support;carbonate_alkalinity_support
NGW-145,Middle Voltaian sedimentary aquifer,Voltaian Supergroup,mudstone–sandstone sequence,Upper West Region,Nadowli-Kaleo,False,0.006209747910747319,EC12,k_feldspar,silicate,Ca;Mg;Na;K;HCO3;Cl;SO4;NO3;F,0.7799999999999999,0.571209063848815,0.4813562176706468,rock,rock,freshening,freshening,oxic,oxic,-0.5603575313062833,-0.3201967783523576,-0.22154952781332463,-0.15186792563217932,190.59999999999997,residual_weakly_aligned;gibbs_rock_support;k_feldspar_k_alkalinity_support
NGW-145,Middle Voltaian sedimentary aquifer,Voltaian Supergroup,mudstone–sandstone sequence,Upper West Region,Nadowli-Kaleo,True,0.06041532068603693,EC10,gypsum,evaporite,Ca;Mg;Na;K;HCO3;Cl;SO4;NO3;F,0.78,0.5712090638488149,0.21047140562315567,rock,rock,freshening,freshening,oxic,oxic,-0.5603575313062833,-0.3201967783523576,-0.22154952781332463,-0.15186792563217932,190.59999999999997,gypsum_ca_so4_support;undersaturated_dissolution_support;salinity_increase_support
NGW-145,Middle Voltaian sedimentary aquifer,Voltaian Supergroup,mudstone–sandstone sequence,Upper West Region,Nadowli-Kaleo,True,1.0327301293676916,EC11,halite,evaporite,Ca;Mg;Na;K;HCO3;Cl;SO4;NO3;F,0.95,0.40656965974059917,0.6807835537837065,rock,rock,freshening,freshening,oxic,oxic,-0.5603575313062833,-0.3201967783523576,-0.22154952781332463,-0.15186792563217932,190.59999999999997,residual_strongly_aligned;halite_na_cl_support;undersaturated_dissolution_support;salinity_increase_support
NGW-145,Middle Voltaian sedimentary aquifer,Voltaian Supergroup,mudstone–sandstone sequence,Upper West Region,Nadowli-Kaleo,False,0.0,EC09,fluorite,trace_mineral,Ca;Mg;Na;K;HCO3;Cl;SO4;NO3;F,0.6799999999999999,0.6976763260710311,0.12060523407553495,rock,rock,freshening,freshening,oxic,oxic,-0.5603575313062833,-0.3201967783523576,-0.22154952781332463,-0.15186792563217932,190.59999999999997,gibbs_rock_support;fluorite_ca_f_support
NGW-145,Middle Voltaian sedimentary aquifer,Voltaian Supergroup,mudstone–sandstone sequence,Upper West Region,Nadowli-Kaleo,False,0.0005110510704969335,EC06,apatite,trace_mineral,Ca;Mg;Na;K;HCO3;Cl;SO4;NO3;F,0.6799999999999999,0.6976763260710311,0.26104311791247464,rock,rock,freshening,freshening,oxic,oxic,-0.5603575313062833,-0.3201967783523576,-0.22154952781332463,-0.15186792563217932,190.59999999999997,residual_weakly_aligned;gibbs_rock_support
NGW-145,Middle Voltaian sedimentary aquifer,Voltaian Supergroup,mudstone–sandstone sequence,Upper West Region,Nadowli-Kaleo,False,0.0,EC13,pyrite_oxidation,redox,Ca;Mg;Na;K;HCO3;Cl;SO4;NO3;F,0.5,1.0,0.03182413827794563,rock,rock,freshening,freshening,oxic,oxic,-0.5603575313062833,-0.3201967783523576,-0.22154952781332463,-0.15186792563217932,190.59999999999997,
NGW-145,Middle Voltaian sedimentary aquifer,Voltaian Supergroup,mudstone–sandstone sequence,Upper West Region,Nadowli-Kaleo,False,0.02025988907521636,EC03,NO3src,anthropogenic,Ca;Mg;Na;K;HCO3;Cl;SO4;NO3;F,0.6799999999999999,0.6976763260710311,0.01837790949025837,rock,rock,freshening,freshening,oxic,oxic,-0.5603575313062833,-0.3201967783523576,-0.22154952781332463,-0.15186792563217932,190.59999999999997,nitrate_increase_support
NGW-145,Middle Voltaian sedimentary aquifer,Voltaian Supergroup,mudstone–sandstone sequence,Upper West Region,Nadowli-Kaleo,False,0.0,EC07,denit,redox,Ca;Mg;Na;K;HCO3;Cl;SO4;NO3;F,0.43999999999999995,1.1274968515793757,0.4618225903577857,rock,rock,freshening,freshening,oxic,oxic,-0.5603575313062833,-0.3201967783523576,-0.22154952781332463,-0.15186792563217932,190.59999999999997,residual_weakly_aligned;denitrification_no3_conflict
NGW-145,Middle Voltaian sedimentary aquifer,Voltaian Supergroup,mudstone–sandstone sequence,Upper West Region,Nadowli-Kaleo,False,0.0,EC01,CaNa_exch,ion_exchange,Ca;Mg;Na;K;HCO3;Cl;SO4;NO3;F,0.54,0.9231163463866358,-0.30825165843139357,rock,rock,freshening,freshening,oxic,oxic,-0.5603575313062833,-0.3201967783523576,-0.22154952781332463,-0.15186792563217932,190.59999999999997,residual_opposed;cai_freshening_support
NGW-145,Middle Voltaian sedimentary aquifer,Voltaian Supergroup,mudstone–sandstone sequence,Upper West Region,Nadowli-Kaleo,False,0.0,EC01,NaCa_exch,ion_exchange,Ca;Mg;Na;K;HCO3;Cl;SO4;NO3;F,0.38,1.2712491503214047,0.30825165843139357,rock,rock,freshening,freshening,oxic,oxic,-0.5603575313062833,-0.3201967783523576,-0.22154952781332463,-0.15186792563217932,190.59999999999997,residual_weakly_aligned;cai_freshening_conflict
NGW-145,Middle Voltaian sedimentary aquifer,Voltaian Supergroup,mudstone–sandstone sequence,Upper West Region,Nadowli-Kaleo,False,0.0,EC02,MgNa_exch,ion_exchange,Ca;Mg;Na;K;HCO3;Cl;SO4;NO3;F,0.54,0.9231163463866358,-0.3751782807413852,rock,rock,freshening,freshening,oxic,oxic,-0.5603575313062833,-0.3201967783523576,-0.22154952781332463,-0.15186792563217932,190.59999999999997,residual_opposed;cai_freshening_support
NGW-145,Middle Voltaian sedimentary aquifer,Voltaian Supergroup,mudstone–sandstone sequence,Upper West Region,Nadowli-Kaleo,False,0.0,EC02,NaMg_exch,ion_exchange,Ca;Mg;Na;K;HCO3;Cl;SO4;NO3;F,0.38,1.2712491503214047,0.3751782807413852,rock,rock,freshening,freshening,oxic,oxic,-0.5603575313062833,-0.3201967783523576,-0.22154952781332463,-0.15186792563217932,190.59999999999997,residual_weakly_aligned;cai_freshening_conflict
NGW-146,Birimian fractured basement aquifer,Birimian Supergroup,greenstone belt fracture network,Upper West Region,Nadowli-Kaleo,False,0.0,EC05,calcite,carbonate,Ca;Mg;Na;K;HCO3;Cl;SO4;NO3;F,0.8799999999999999,0.46766642700990935,0.7233228383653744,rock,rock,freshening,freshening,oxic,oxic,-0.6747964237098086,-0.31177816752389215,-0.24243754917447016,-0.14597316095758392,166.93000000000006,residual_strongly_aligned;gibbs_rock_support;carbonate_alkalinity_support
NGW-146,Birimian fractured basement aquifer,Birimian Supergroup,greenstone belt fracture network,Upper West Region,Nadowli-Kaleo,True,0.2817498032354848,EC08,dolomite,carbonate,Ca;Mg;Na;K;HCO3;Cl;SO4;NO3;F,0.8799999999999999,0.46766642700990935,0.7617804671610532,rock,rock,freshening,freshening,oxic,oxic,-0.6747964237098086,-0.31177816752389215,-0.24243754917447016,-0.14597316095758392,166.93000000000006,residual_strongly_aligned;gibbs_rock_support;carbonate_alkalinity_support
NGW-146,Birimian fractured basement aquifer,Birimian Supergroup,greenstone belt fracture network,Upper West Region,Nadowli-Kaleo,False,0.0,EC04,albite,silicate,Ca;Mg;Na;K;HCO3;Cl;SO4;NO3;F,0.8799999999999999,0.46766642700990935,0.7654886611988758,rock,rock,freshening,freshening,oxic,oxic,-0.6747964237098086,-0.31177816752389215,-0.24243754917447016,-0.14597316095758392,166.93000000000006,residual_strongly_aligned;gibbs_rock_support;albite_na_alkalinity_support
NGW-146,Birimian fractured basement aquifer,Birimian Supergroup,greenstone belt fracture network,Upper West Region,Nadowli-Kaleo,False,0.0,EC05,anorthite,silicate,Ca;Mg;Na;K;HCO3;Cl;SO4;NO3;F,0.8799999999999999,0.46766642700990935,0.7233228383653744,rock,rock,freshening,freshening,oxic,oxic,-0.6747964237098086,-0.31177816752389215,-0.24243754917447016,-0.14597316095758392,166.93000000000006,residual_strongly_aligned;gibbs_rock_support;carbonate_alkalinity_support
NGW-146,Birimian fractured basement aquifer,Birimian Supergroup,greenstone belt fracture network,Upper West Region,Nadowli-Kaleo,True,0.10449389994925269,EC12,k_feldspar,silicate,Ca;Mg;Na;K;HCO3;Cl;SO4;NO3;F,0.7799999999999999,0.571209063848815,0.5368657868361759,rock,rock,freshening,freshening,oxic,oxic,-0.6747964237098086,-0.31177816752389215,-0.24243754917447016,-0.14597316095758392,166.93000000000006,residual_weakly_aligned;gibbs_rock_support;k_feldspar_k_alkalinity_support
NGW-146,Birimian fractured basement aquifer,Birimian Supergroup,greenstone belt fracture network,Upper West Region,Nadowli-Kaleo,True,0.05992923334821154,EC10,gypsum,evaporite,Ca;Mg;Na;K;HCO3;Cl;SO4;NO3;F,0.78,0.5712090638488149,0.1863448875395345,rock,rock,freshening,freshening,oxic,oxic,-0.6747964237098086,-0.31177816752389215,-0.24243754917447016,-0.14597316095758392,166.93000000000006,gypsum_ca_so4_support;undersaturated_dissolution_support;salinity_increase_support
NGW-146,Birimian fractured basement aquifer,Birimian Supergroup,greenstone belt fracture network,Upper West Region,Nadowli-Kaleo,True,0.9448566654513333,EC11,halite,evaporite,Ca;Mg;Na;K;HCO3;Cl;SO4;NO3;F,0.95,0.40656965974059917,0.6307926260369481,rock,rock,freshening,freshening,oxic,oxic,-0.6747964237098086,-0.31177816752389215,-0.24243754917447016,-0.14597316095758392,166.93000000000006,residual_strongly_aligned;halite_na_cl_support;undersaturated_dissolution_support;salinity_increase_support
NGW-146,Birimian fractured basement aquifer,Birimian Supergroup,greenstone belt fracture network,Upper West Region,Nadowli-Kaleo,False,0.0053167230841582305,EC09,fluorite,trace_mineral,Ca;Mg;Na;K;HCO3;Cl;SO4;NO3;F,0.6799999999999999,0.6976763260710311,0.1195432923227656,rock,rock,freshening,freshening,oxic,oxic,-0.6747964237098086,-0.31177816752389215,-0.24243754917447016,-0.14597316095758392,166.93000000000006,gibbs_rock_support;fluorite_ca_f_support
NGW-146,Birimian fractured basement aquifer,Birimian Supergroup,greenstone belt fracture network,Upper West Region,Nadowli-Kaleo,False,0.015090682791747322,EC06,apatite,trace_mineral,Ca;Mg;Na;K;HCO3;Cl;SO4;NO3;F,0.58,0.8521437889662115,0.22665870228871013,rock,rock,freshening,freshening,oxic,oxic,-0.6747964237098086,-0.31177816752389215,-0.24243754917447016,-0.14597316095758392,166.93000000000006,gibbs_rock_support
NGW-146,Birimian fractured basement aquifer,Birimian Supergroup,greenstone belt fracture network,Upper West Region,Nadowli-Kaleo,False,0.0,EC13,pyrite_oxidation,redox,Ca;Mg;Na;K;HCO3;Cl;SO4;NO3;F,0.5,1.0,0.03640176013689129,rock,rock,freshening,freshening,oxic,oxic,-0.6747964237098086,-0.31177816752389215,-0.24243754917447016,-0.14597316095758392,166.93000000000006,
NGW-146,Birimian fractured basement aquifer,Birimian Supergroup,greenstone belt fracture network,Upper West Region,Nadowli-Kaleo,False,0.0,EC03,NO3src,anthropogenic,Ca;Mg;Na;K;HCO3;Cl;SO4;NO3;F,0.5,1.0,-0.06546120462846264,rock,rock,freshening,freshening,oxic,oxic,-0.6747964237098086,-0.31177816752389215,-0.24243754917447016,-0.14597316095758392,166.93000000000006,
NGW-146,Birimian fractured basement aquifer,Birimian Supergroup,greenstone belt fracture network,Upper West Region,Nadowli-Kaleo,True,0.10709129899149868,EC07,denit,redox,Ca;Mg;Na;K;HCO3;Cl;SO4;NO3;F,0.8,0.5488116360940264,0.5378224968607216,rock,rock,freshening,freshening,oxic,oxic,-0.6747964237098086,-0.31177816752389215,-0.24243754917447016,-0.14597316095758392,166.93000000000006,residual_weakly_aligned;denitrification_stoichiometry_support
NGW-146,Birimian fractured basement aquifer,Birimian Supergroup,greenstone belt fracture network,Upper West Region,Nadowli-Kaleo,False,0.0,EC01,CaNa_exch,ion_exchange,Ca;Mg;Na;K;HCO3;Cl;SO4;NO3;F,0.72,0.6440364210831414,-0.24495223860318818,rock,rock,freshening,freshening,oxic,oxic,-0.6747964237098086,-0.31177816752389215,-0.24243754917447016,-0.14597316095758392,166.93000000000006,cai_freshening_support
NGW-146,Birimian fractured basement aquifer,Birimian Supergroup,greenstone belt fracture network,Upper West Region,Nadowli-Kaleo,False,0.0,EC01,NaCa_exch,ion_exchange,Ca;Mg;Na;K;HCO3;Cl;SO4;NO3;F,0.28,1.552707218511336,0.24495223860318818,rock,rock,freshening,freshening,oxic,oxic,-0.6747964237098086,-0.31177816752389215,-0.24243754917447016,-0.14597316095758392,166.93000000000006,cai_freshening_conflict
NGW-146,Birimian fractured basement aquifer,Birimian Supergroup,greenstone belt fracture network,Upper West Region,Nadowli-Kaleo,True,0.09874041587806011,EC02,MgNa_exch,ion_exchange,Ca;Mg;Na;K;HCO3;Cl;SO4;NO3;F,0.72,0.6440364210831414,-0.24622110338031927,rock,rock,freshening,freshening,oxic,oxic,-0.6747964237098086,-0.31177816752389215,-0.24243754917447016,-0.14597316095758392,166.93000000000006,cai_freshening_support
NGW-146,Birimian fractured basement aquifer,Birimian Supergroup,greenstone belt fracture network,Upper West Region,Nadowli-Kaleo,False,0.0,EC02,NaMg_exch,ion_exchange,Ca;Mg;Na;K;HCO3;Cl;SO4;NO3;F,0.28,1.552707218511336,0.24622110338031927,rock,rock,freshening,freshening,oxic,oxic,-0.6747964237098086,-0.31177816752389215,-0.24243754917447016,-0.14597316095758392,166.93000000000006,cai_freshening_conflict
NGW-147,Middle Voltaian sedimentary aquifer,Voltaian Supergroup,sandstone–shale interbeds,Upper West Region,Tumu,True,0.16014276813155054,EC05,calcite,carbonate,Ca;Mg;Na;K;HCO3;Cl;SO4;NO3;F,0.95,0.40656965974059917,0.7780127564879654,rock,rock,freshening,neutral,oxic,oxic,-0.648458892025286,-0.08930832549914232,-0.24985749982179406,-0.04121997204700408,199.82000000000005,residual_strongly_aligned;gibbs_rock_support;carbonate_alkalinity_support;undersaturated_dissolution_support
NGW-147,Middle Voltaian sedimentary aquifer,Voltaian Supergroup,sandstone–shale interbeds,Upper West Region,Tumu,True,0.17915794322602496,EC08,dolomite,carbonate,Ca;Mg;Na;K;HCO3;Cl;SO4;NO3;F,0.95,0.40656965974059917,0.7924051433806026,rock,rock,freshening,neutral,oxic,oxic,-0.648458892025286,-0.08930832549914232,-0.24985749982179406,-0.04121997204700408,199.82000000000005,residual_strongly_aligned;gibbs_rock_support;carbonate_alkalinity_support;undersaturated_dissolution_support
NGW-147,Middle Voltaian sedimentary aquifer,Voltaian Supergroup,sandstone–shale interbeds,Upper West Region,Tumu,False,0.0,EC04,albite,silicate,Ca;Mg;Na;K;HCO3;Cl;SO4;NO3;F,0.8799999999999999,0.46766642700990935,0.6317239968719188,rock,rock,freshening,neutral,oxic,oxic,-0.648458892025286,-0.08930832549914232,-0.24985749982179406,-0.04121997204700408,199.82000000000005,residual_strongly_aligned;gibbs_rock_support;albite_na_alkalinity_support
NGW-147,Middle Voltaian sedimentary aquifer,Voltaian Supergroup,sandstone–shale interbeds,Upper West Region,Tumu,True,0.16014276813155054,EC05,anorthite,silicate,Ca;Mg;Na;K;HCO3;Cl;SO4;NO3;F,0.8799999999999999,0.46766642700990935,0.7780127564879654,rock,rock,freshening,neutral,oxic,oxic,-0.648458892025286,-0.08930832549914232,-0.24985749982179406,-0.04121997204700408,199.82000000000005,residual_strongly_aligned;gibbs_rock_support;carbonate_alkalinity_support
NGW-147,Middle Voltaian sedimentary aquifer,Voltaian Supergroup,sandstone–shale interbeds,Upper West Region,Tumu,True,0.06979185300444458,EC12,k_feldspar,silicate,Ca;Mg;Na;K;HCO3;Cl;SO4;NO3;F,0.7799999999999999,0.571209063848815,0.5267431795253769,rock,rock,freshening,neutral,oxic,oxic,-0.648458892025286,-0.08930832549914232,-0.24985749982179406,-0.04121997204700408,199.82000000000005,residual_weakly_aligned;gibbs_rock_support;k_feldspar_k_alkalinity_support
NGW-147,Middle Voltaian sedimentary aquifer,Voltaian Supergroup,sandstone–shale interbeds,Upper West Region,Tumu,False,0.01740337607776209,EC10,gypsum,evaporite,Ca;Mg;Na;K;HCO3;Cl;SO4;NO3;F,0.78,0.5712090638488149,0.24375443127008634,rock,rock,freshening,neutral,oxic,oxic,-0.648458892025286,-0.08930832549914232,-0.24985749982179406,-0.04121997204700408,199.82000000000005,gypsum_ca_so4_support;undersaturated_dissolution_support;salinity_increase_support
NGW-147,Middle Voltaian sedimentary aquifer,Voltaian Supergroup,sandstone–shale interbeds,Upper West Region,Tumu,True,1.0417045408056862,EC11,halite,evaporite,Ca;Mg;Na;K;HCO3;Cl;SO4;NO3;F,0.9,0.44932896411722156,0.5116298698660127,rock,rock,freshening,neutral,oxic,oxic,-0.648458892025286,-0.08930832549914232,-0.24985749982179406,-0.04121997204700408,199.82000000000005,residual_weakly_aligned;halite_na_cl_support;undersaturated_dissolution_support;salinity_increase_support
NGW-147,Middle Voltaian sedimentary aquifer,Voltaian Supergroup,sandstone–shale interbeds,Upper West Region,Tumu,False,0.0,EC09,fluorite,trace_mineral,Ca;Mg;Na;K;HCO3;Cl;SO4;NO3;F,0.6799999999999999,0.6976763260710311,0.15480120473529915,rock,rock,freshening,neutral,oxic,oxic,-0.648458892025286,-0.08930832549914232,-0.24985749982179406,-0.04121997204700408,199.82000000000005,gibbs_rock_support;fluorite_ca_f_support
NGW-147,Middle Voltaian sedimentary aquifer,Voltaian Supergroup,sandstone–shale interbeds,Upper West Region,Tumu,False,0.012057602407389246,EC06,apatite,trace_mineral,Ca;Mg;Na;K;HCO3;Cl;SO4;NO3;F,0.6799999999999999,0.6976763260710311,0.3271748429680295,rock,rock,freshening,neutral,oxic,oxic,-0.648458892025286,-0.08930832549914232,-0.24985749982179406,-0.04121997204700408,199.82000000000005,residual_weakly_aligned;gibbs_rock_support
NGW-147,Middle Voltaian sedimentary aquifer,Voltaian Supergroup,sandstone–shale interbeds,Upper West Region,Tumu,False,0.0,EC13,pyrite_oxidation,redox,Ca;Mg;Na;K;HCO3;Cl;SO4;NO3;F,0.5,1.0,0.012454622533553922,rock,rock,freshening,neutral,oxic,oxic,-0.648458892025286,-0.08930832549914232,-0.24985749982179406,-0.04121997204700408,199.82000000000005,
NGW-147,Middle Voltaian sedimentary aquifer,Voltaian Supergroup,sandstone–shale interbeds,Upper West Region,Tumu,True,0.3047824194683966,EC03,NO3src,anthropogenic,Ca;Mg;Na;K;HCO3;Cl;SO4;NO3;F,0.6799999999999999,0.6976763260710311,0.1592436808426688,rock,rock,freshening,neutral,oxic,oxic,-0.648458892025286,-0.08930832549914232,-0.24985749982179406,-0.04121997204700408,199.82000000000005,nitrate_increase_support
NGW-147,Middle Voltaian sedimentary aquifer,Voltaian Supergroup,sandstone–shale interbeds,Upper West Region,Tumu,False,0.0,EC07,denit,redox,Ca;Mg;Na;K;HCO3;Cl;SO4;NO3;F,0.43999999999999995,1.1274968515793757,0.38499696159727537,rock,rock,freshening,neutral,oxic,oxic,-0.648458892025286,-0.08930832549914232,-0.24985749982179406,-0.04121997204700408,199.82000000000005,residual_weakly_aligned;denitrification_no3_conflict
NGW-147,Middle Voltaian sedimentary aquifer,Voltaian Supergroup,sandstone–shale interbeds,Upper West Region,Tumu,True,0.08321842324204118,EC01,CaNa_exch,ion_exchange,Ca;Mg;Na;K;HCO3;Cl;SO4;NO3;F,0.5,1.0,-0.021061916592173862,rock,rock,freshening,neutral,oxic,oxic,-0.648458892025286,-0.08930832549914232,-0.24985749982179406,-0.04121997204700408,199.82000000000005,
NGW-147,Middle Voltaian sedimentary aquifer,Voltaian Supergroup,sandstone–shale interbeds,Upper West Region,Tumu,False,0.0,EC01,NaCa_exch,ion_exchange,Ca;Mg;Na;K;HCO3;Cl;SO4;NO3;F,0.5,1.0,0.021061916592173862,rock,rock,freshening,neutral,oxic,oxic,-0.648458892025286,-0.08930832549914232,-0.24985749982179406,-0.04121997204700408,199.82000000000005,
NGW-147,Middle Voltaian sedimentary aquifer,Voltaian Supergroup,sandstone–shale interbeds,Upper West Region,Tumu,True,0.2368375162504401,EC02,MgNa_exch,ion_exchange,Ca;Mg;Na;K;HCO3;Cl;SO4;NO3;F,0.5,1.0,-0.07360437993910433,rock,rock,freshening,neutral,oxic,oxic,-0.648458892025286,-0.08930832549914232,-0.24985749982179406,-0.04121997204700408,199.82000000000005,
NGW-147,Middle Voltaian sedimentary aquifer,Voltaian Supergroup,sandstone–shale interbeds,Upper West Region,Tumu,False,0.0,EC02,NaMg_exch,ion_exchange,Ca;Mg;Na;K;HCO3;Cl;SO4;NO3;F,0.5,1.0,0.07360437993910433,rock,rock,freshening,neutral,oxic,oxic,-0.648458892025286,-0.08930832549914232,-0.24985749982179406,-0.04121997204700408,199.82000000000005,
NGW-148,Granitoid fractured basement aquifer,Paleoproterozoic granitoid complex,granitoid saprolite,Upper West Region,Nandom,False,0.0,EC05,calcite,carbonate,Ca;Mg;Na;K;HCO3;Cl;SO4;NO3;F,0.95,0.40656965974059917,0.6246043716250446,rock,rock,freshening,neutral,oxic,oxic,-0.4627503956031001,-0.09234490050477416,-0.15149370086280556,-0.04199668241287077,131.78000000000003,residual_strongly_aligned;gibbs_rock_support;carbonate_alkalinity_support;undersaturated_dissolution_support
NGW-148,Granitoid fractured basement aquifer,Paleoproterozoic granitoid complex,granitoid saprolite,Upper West Region,Nandom,True,0.2420278557595025,EC08,dolomite,carbonate,Ca;Mg;Na;K;HCO3;Cl;SO4;NO3;F,0.95,0.40656965974059917,0.7129859662161475,rock,rock,freshening,neutral,oxic,oxic,-0.4627503956031001,-0.09234490050477416,-0.15149370086280556,-0.04199668241287077,131.78000000000003,residual_strongly_aligned;gibbs_rock_support;carbonate_alkalinity_support;undersaturated_dissolution_support
NGW-148,Granitoid fractured basement aquifer,Paleoproterozoic granitoid complex,granitoid saprolite,Upper West Region,Nandom,False,0.0,EC04,albite,silicate,Ca;Mg;Na;K;HCO3;Cl;SO4;NO3;F,0.8799999999999999,0.46766642700990935,0.7083962527987184,rock,rock,freshening,neutral,oxic,oxic,-0.4627503956031001,-0.09234490050477416,-0.15149370086280556,-0.04199668241287077,131.78000000000003,residual_strongly_aligned;gibbs_rock_support;albite_na_alkalinity_support
NGW-148,Granitoid fractured basement aquifer,Paleoproterozoic granitoid complex,granitoid saprolite,Upper West Region,Nandom,False,0.0,EC05,anorthite,silicate,Ca;Mg;Na;K;HCO3;Cl;SO4;NO3;F,0.8799999999999999,0.46766642700990935,0.6246043716250446,rock,rock,freshening,neutral,oxic,oxic,-0.4627503956031001,-0.09234490050477416,-0.15149370086280556,-0.04199668241287077,131.78000000000003,residual_strongly_aligned;gibbs_rock_support;carbonate_alkalinity_support
NGW-148,Granitoid fractured basement aquifer,Paleoproterozoic granitoid complex,granitoid saprolite,Upper West Region,Nandom,False,0.0,EC12,k_feldspar,silicate,Ca;Mg;Na;K;HCO3;Cl;SO4;NO3;F,0.7799999999999999,0.571209063848815,0.45645997530312166,rock,rock,freshening,neutral,oxic,oxic,-0.4627503956031001,-0.09234490050477416,-0.15149370086280556,-0.04199668241287077,131.78000000000003,residual_weakly_aligned;gibbs_rock_support;k_feldspar_k_alkalinity_support
NGW-148,Granitoid fractured basement aquifer,Paleoproterozoic granitoid complex,granitoid saprolite,Upper West Region,Nandom,False,0.0,EC10,gypsum,evaporite,Ca;Mg;Na;K;HCO3;Cl;SO4;NO3;F,0.78,0.5712090638488149,0.11552469876793559,rock,rock,freshening,neutral,oxic,oxic,-0.4627503956031001,-0.09234490050477416,-0.15149370086280556,-0.04199668241287077,131.78000000000003,gypsum_ca_so4_support;undersaturated_dissolution_support;salinity_increase_support
NGW-148,Granitoid fractured basement aquifer,Paleoproterozoic granitoid complex,granitoid saprolite,Upper West Region,Nandom,True,0.8964960772555391,EC11,halite,evaporite,Ca;Mg;Na;K;HCO3;Cl;SO4;NO3;F,0.95,0.40656965974059917,0.6553725876516533,rock,rock,freshening,neutral,oxic,oxic,-0.4627503956031001,-0.09234490050477416,-0.15149370086280556,-0.04199668241287077,131.78000000000003,residual_strongly_aligned;halite_na_cl_support;undersaturated_dissolution_support;salinity_increase_support
NGW-148,Granitoid fractured basement aquifer,Paleoproterozoic granitoid complex,granitoid saprolite,Upper West Region,Nandom,False,0.0,EC09,fluorite,trace_mineral,Ca;Mg;Na;K;HCO3;Cl;SO4;NO3;F,0.6799999999999999,0.6976763260710311,0.05829600229974025,rock,rock,freshening,neutral,oxic,oxic,-0.4627503956031001,-0.09234490050477416,-0.15149370086280556,-0.04199668241287077,131.78000000000003,gibbs_rock_support;fluorite_ca_f_support
NGW-148,Granitoid fractured basement aquifer,Paleoproterozoic granitoid complex,granitoid saprolite,Upper West Region,Nandom,False,0.0,EC06,apatite,trace_mineral,Ca;Mg;Na;K;HCO3;Cl;SO4;NO3;F,0.58,0.8521437889662115,0.11801970084030909,rock,rock,freshening,neutral,oxic,oxic,-0.4627503956031001,-0.09234490050477416,-0.15149370086280556,-0.04199668241287077,131.78000000000003,gibbs_rock_support
NGW-148,Granitoid fractured basement aquifer,Paleoproterozoic granitoid complex,granitoid saprolite,Upper West Region,Nandom,False,0.02552461042096214,EC13,pyrite_oxidation,redox,Ca;Mg;Na;K;HCO3;Cl;SO4;NO3;F,0.5,1.0,0.044130407876954866,rock,rock,freshening,neutral,oxic,oxic,-0.4627503956031001,-0.09234490050477416,-0.15149370086280556,-0.04199668241287077,131.78000000000003,
NGW-148,Granitoid fractured basement aquifer,Paleoproterozoic granitoid complex,granitoid saprolite,Upper West Region,Nandom,False,0.0,EC03,NO3src,anthropogenic,Ca;Mg;Na;K;HCO3;Cl;SO4;NO3;F,0.5,1.0,-0.055355265735542926,rock,rock,freshening,neutral,oxic,oxic,-0.4627503956031001,-0.09234490050477416,-0.15149370086280556,-0.04199668241287077,131.78000000000003,
NGW-148,Granitoid fractured basement aquifer,Paleoproterozoic granitoid complex,granitoid saprolite,Upper West Region,Nandom,True,0.06076699490673873,EC07,denit,redox,Ca;Mg;Na;K;HCO3;Cl;SO4;NO3;F,0.8,0.5488116360940264,0.4907753024335261,rock,rock,freshening,neutral,oxic,oxic,-0.4627503956031001,-0.09234490050477416,-0.15149370086280556,-0.04199668241287077,131.78000000000003,residual_weakly_aligned;denitrification_stoichiometry_support
NGW-148,Granitoid fractured basement aquifer,Paleoproterozoic granitoid complex,granitoid saprolite,Upper West Region,Nandom,False,0.0,EC01,CaNa_exch,ion_exchange,Ca;Mg;Na;K;HCO3;Cl;SO4;NO3;F,0.32,1.4333294145603401,-0.27145388628390715,rock,rock,freshening,neutral,oxic,oxic,-0.4627503956031001,-0.09234490050477416,-0.15149370086280556,-0.04199668241287077,131.78000000000003,residual_opposed
NGW-148,Granitoid fractured basement aquifer,Paleoproterozoic granitoid complex,granitoid saprolite,Upper West Region,Nandom,True,0.054693912358633134,EC01,NaCa_exch,ion_exchange,Ca;Mg;Na;K;HCO3;Cl;SO4;NO3;F,0.6,0.8187307530779819,0.27145388628390715,rock,rock,freshening,neutral,oxic,oxic,-0.4627503956031001,-0.09234490050477416,-0.15149370086280556,-0.04199668241287077,131.78000000000003,residual_weakly_aligned
NGW-148,Granitoid fractured basement aquifer,Paleoproterozoic granitoid complex,granitoid saprolite,Upper West Region,Nandom,True,0.22302644182451745,EC02,MgNa_exch,ion_exchange,Ca;Mg;Na;K;HCO3;Cl;SO4;NO3;F,0.5,1.0,-0.16786687374666245,rock,rock,freshening,neutral,oxic,oxic,-0.4627503956031001,-0.09234490050477416,-0.15149370086280556,-0.04199668241287077,131.78000000000003,
NGW-148,Granitoid fractured basement aquifer,Paleoproterozoic granitoid complex,granitoid saprolite,Upper West Region,Nandom,False,0.0,EC02,NaMg_exch,ion_exchange,Ca;Mg;Na;K;HCO3;Cl;SO4;NO3;F,0.5,1.0,0.16786687374666245,rock,rock,freshening,neutral,oxic,oxic,-0.4627503956031001,-0.09234490050477416,-0.15149370086280556,-0.04199668241287077,131.78000000000003,
NGW-149,Birimian fractured basement aquifer,Birimian Supergroup,metavolcanic–metasedimentary rocks,Upper West Region,Nadowli-Kaleo,False,0.017031859591511895,EC05,calcite,carbonate,Ca;Mg;Na;K;HCO3;Cl;SO4;NO3;F,0.8799999999999999,0.46766642700990935,0.5132999028235072,rock,rock,neutral,neutral,oxic,oxic,-0.11986360144789932,0.020500808302793962,-0.0526767276659544,0.012161305238010569,143.26,residual_weakly_aligned;gibbs_rock_support;carbonate_alkalinity_support;undersaturated_dissolution_support
NGW-149,Birimian fractured basement aquifer,Birimian Supergroup,metavolcanic–metasedimentary rocks,Upper West Region,Nadowli-Kaleo,True,0.1579340884028018,EC08,dolomite,carbonate,Ca;Mg;Na;K;HCO3;Cl;SO4;NO3;F,0.8799999999999999,0.46766642700990935,0.5325218403340619,rock,rock,neutral,neutral,oxic,oxic,-0.11986360144789932,0.020500808302793962,-0.0526767276659544,0.012161305238010569,143.26,residual_weakly_aligned;gibbs_rock_support;carbonate_alkalinity_support;undersaturated_dissolution_support
NGW-149,Birimian fractured basement aquifer,Birimian Supergroup,metavolcanic–metasedimentary rocks,Upper West Region,Nadowli-Kaleo,False,0.0,EC04,albite,silicate,Ca;Mg;Na;K;HCO3;Cl;SO4;NO3;F,0.8799999999999999,0.46766642700990935,0.6777258920761038,rock,rock,neutral,neutral,oxic,oxic,-0.11986360144789932,0.020500808302793962,-0.0526767276659544,0.012161305238010569,143.26,residual_strongly_aligned;gibbs_rock_support;albite_na_alkalinity_support
NGW-149,Birimian fractured basement aquifer,Birimian Supergroup,metavolcanic–metasedimentary rocks,Upper West Region,Nadowli-Kaleo,False,0.017031859591511895,EC05,anorthite,silicate,Ca;Mg;Na;K;HCO3;Cl;SO4;NO3;F,0.7799999999999999,0.571209063848815,0.5132999028235072,rock,rock,neutral,neutral,oxic,oxic,-0.11986360144789932,0.020500808302793962,-0.0526767276659544,0.012161305238010569,143.26,residual_weakly_aligned;gibbs_rock_support;carbonate_alkalinity_support
NGW-149,Birimian fractured basement aquifer,Birimian Supergroup,metavolcanic–metasedimentary rocks,Upper West Region,Nadowli-Kaleo,True,0.05130276149680438,EC12,k_feldspar,silicate,Ca;Mg;Na;K;HCO3;Cl;SO4;NO3;F,0.7799999999999999,0.571209063848815,0.3569062067333926,rock,rock,neutral,neutral,oxic,oxic,-0.11986360144789932,0.020500808302793962,-0.0526767276659544,0.012161305238010569,143.26,residual_weakly_aligned;gibbs_rock_support;k_feldspar_k_alkalinity_support
NGW-149,Birimian fractured basement aquifer,Birimian Supergroup,metavolcanic–metasedimentary rocks,Upper West Region,Nadowli-Kaleo,True,0.10145173938374163,EC10,gypsum,evaporite,Ca;Mg;Na;K;HCO3;Cl;SO4;NO3;F,0.78,0.5712090638488149,0.20315903570848662,rock,rock,neutral,neutral,oxic,oxic,-0.11986360144789932,0.020500808302793962,-0.0526767276659544,0.012161305238010569,143.26,gypsum_ca_so4_support;undersaturated_dissolution_support;salinity_increase_support
NGW-149,Birimian fractured basement aquifer,Birimian Supergroup,metavolcanic–metasedimentary rocks,Upper West Region,Nadowli-Kaleo,True,1.0565772944811436,EC11,halite,evaporite,Ca;Mg;Na;K;HCO3;Cl;SO4;NO3;F,0.95,0.40656965974059917,0.8241632197425506,rock,rock,neutral,neutral,oxic,oxic,-0.11986360144789932,0.020500808302793962,-0.0526767276659544,0.012161305238010569,143.26,residual_strongly_aligned;halite_na_cl_support;undersaturated_dissolution_support;salinity_increase_support
NGW-149,Birimian fractured basement aquifer,Birimian Supergroup,metavolcanic–metasedimentary rocks,Upper West Region,Nadowli-Kaleo,False,-0.0,EC09,fluorite,trace_mineral,Ca;Mg;Na;K;HCO3;Cl;SO4;NO3;F,0.58,0.8521437889662115,0.0970748040331787,rock,rock,neutral,neutral,oxic,oxic,-0.11986360144789932,0.020500808302793962,-0.0526767276659544,0.012161305238010569,143.26,gibbs_rock_support
NGW-149,Birimian fractured basement aquifer,Birimian Supergroup,metavolcanic–metasedimentary rocks,Upper West Region,Nadowli-Kaleo,False,0.009819694905120349,EC06,apatite,trace_mineral,Ca;Mg;Na;K;HCO3;Cl;SO4;NO3;F,0.58,0.8521437889662115,0.21736507415744014,rock,rock,neutral,neutral,oxic,oxic,-0.11986360144789932,0.020500808302793962,-0.0526767276659544,0.012161305238010569,143.26,gibbs_rock_support
NGW-149,Birimian fractured basement aquifer,Birimian Supergroup,metavolcanic–metasedimentary rocks,Upper West Region,Nadowli-Kaleo,False,0.0,EC13,pyrite_oxidation,redox,Ca;Mg;Na;K;HCO3;Cl;SO4;NO3;F,0.5,1.0,0.0651289693193593,rock,rock,neutral,neutral,oxic,oxic,-0.11986360144789932,0.020500808302793962,-0.0526767276659544,0.012161305238010569,143.26,
NGW-149,Birimian fractured basement aquifer,Birimian Supergroup,metavolcanic–metasedimentary rocks,Upper West Region,Nadowli-Kaleo,True,0.0427264171378474,EC03,NO3src,anthropogenic,Ca;Mg;Na;K;HCO3;Cl;SO4;NO3;F,0.6799999999999999,0.6976763260710311,0.038106858989801866,rock,rock,neutral,neutral,oxic,oxic,-0.11986360144789932,0.020500808302793962,-0.0526767276659544,0.012161305238010569,143.26,nitrate_increase_support
NGW-149,Birimian fractured basement aquifer,Birimian Supergroup,metavolcanic–metasedimentary rocks,Upper West Region,Nadowli-Kaleo,False,0.0,EC07,denit,redox,Ca;Mg;Na;K;HCO3;Cl;SO4;NO3;F,0.43999999999999995,1.1274968515793757,0.3003006355893973,rock,rock,neutral,neutral,oxic,oxic,-0.11986360144789932,0.020500808302793962,-0.0526767276659544,0.012161305238010569,143.26,residual_weakly_aligned;denitrification_no3_conflict
NGW-149,Birimian fractured basement aquifer,Birimian Supergroup,metavolcanic–metasedimentary rocks,Upper West Region,Nadowli-Kaleo,False,0.0,EC01,CaNa_exch,ion_exchange,Ca;Mg;Na;K;HCO3;Cl;SO4;NO3;F,0.32,1.4333294145603401,-0.3439630764684724,rock,rock,neutral,neutral,oxic,oxic,-0.11986360144789932,0.020500808302793962,-0.0526767276659544,0.012161305238010569,143.26,residual_opposed
NGW-149,Birimian fractured basement aquifer,Birimian Supergroup,metavolcanic–metasedimentary rocks,Upper West Region,Nadowli-Kaleo,False,0.0,EC01,NaCa_exch,ion_exchange,Ca;Mg;Na;K;HCO3;Cl;SO4;NO3;F,0.6,0.8187307530779819,0.3439630764684724,rock,rock,neutral,neutral,oxic,oxic,-0.11986360144789932,0.020500808302793962,-0.0526767276659544,0.012161305238010569,143.26,residual_weakly_aligned
NGW-149,Birimian fractured basement aquifer,Birimian Supergroup,metavolcanic–metasedimentary rocks,Upper West Region,Nadowli-Kaleo,True,0.1164206907251298,EC02,MgNa_exch,ion_exchange,Ca;Mg;Na;K;HCO3;Cl;SO4;NO3;F,0.32,1.4333294145603401,-0.3601737305713933,rock,rock,neutral,neutral,oxic,oxic,-0.11986360144789932,0.020500808302793962,-0.0526767276659544,0.012161305238010569,143.26,residual_opposed
NGW-149,Birimian fractured basement aquifer,Birimian Supergroup,metavolcanic–metasedimentary rocks,Upper West Region,Nadowli-Kaleo,False,0.0,EC02,NaMg_exch,ion_exchange,Ca;Mg;Na;K;HCO3;Cl;SO4;NO3;F,0.6,0.8187307530779819,0.3601737305713933,rock,rock,neutral,neutral,oxic,oxic,-0.11986360144789932,0.020500808302793962,-0.0526767276659544,0.012161305238010569,143.26,residual_weakly_aligned
NGW-150,Regolith/alluvial shallow aquifer,Quaternary regolith/alluvium,weathered regolith,Upper West Region,Daffiama-Bussie-Issa,False,0.0,EC05,calcite,carbonate,Ca;Mg;Na;K;HCO3;Cl;SO4;NO3;F,0.95,0.40656965974059917,0.6054921210906642,rock,rock,neutral,freshening,oxic,oxic,-0.12094841261258389,-0.20126765348193112,-0.05195810513852083,-0.10643209536692633,282.69999999999993,residual_strongly_aligned;gibbs_rock_support;carbonate_alkalinity_support;undersaturated_dissolution_support
NGW-150,Regolith/alluvial shallow aquifer,Quaternary regolith/alluvium,weathered regolith,Upper West Region,Daffiama-Bussie-Issa,True,0.37935420470033443,EC08,dolomite,carbonate,Ca;Mg;Na;K;HCO3;Cl;SO4;NO3;F,0.95,0.40656965974059917,0.6313448759572117,rock,rock,neutral,freshening,oxic,oxic,-0.12094841261258389,-0.20126765348193112,-0.05195810513852083,-0.10643209536692633,282.69999999999993,residual_strongly_aligned;gibbs_rock_support;carbonate_alkalinity_support;undersaturated_dissolution_support
NGW-150,Regolith/alluvial shallow aquifer,Quaternary regolith/alluvium,weathered regolith,Upper West Region,Daffiama-Bussie-Issa,True,0.32355072486407566,EC04,albite,silicate,Ca;Mg;Na;K;HCO3;Cl;SO4;NO3;F,0.8799999999999999,0.46766642700990935,0.8369143648485146,rock,rock,neutral,freshening,oxic,oxic,-0.12094841261258389,-0.20126765348193112,-0.05195810513852083,-0.10643209536692633,282.69999999999993,residual_strongly_aligned;gibbs_rock_support;albite_na_alkalinity_support
NGW-150,Regolith/alluvial shallow aquifer,Quaternary regolith/alluvium,weathered regolith,Upper West Region,Daffiama-Bussie-Issa,False,0.0,EC05,anorthite,silicate,Ca;Mg;Na;K;HCO3;Cl;SO4;NO3;F,0.8799999999999999,0.46766642700990935,0.6054921210906642,rock,rock,neutral,freshening,oxic,oxic,-0.12094841261258389,-0.20126765348193112,-0.05195810513852083,-0.10643209536692633,282.69999999999993,residual_strongly_aligned;gibbs_rock_support;carbonate_alkalinity_support
NGW-150,Regolith/alluvial shallow aquifer,Quaternary regolith/alluvium,weathered regolith,Upper West Region,Daffiama-Bussie-Issa,True,0.051046703801509045,EC12,k_feldspar,silicate,Ca;Mg;Na;K;HCO3;Cl;SO4;NO3;F,0.7799999999999999,0.571209063848815,0.4335386924257989,rock,rock,neutral,freshening,oxic,oxic,-0.12094841261258389,-0.20126765348193112,-0.05195810513852083,-0.10643209536692633,282.69999999999993,residual_weakly_aligned;gibbs_rock_support;k_feldspar_k_alkalinity_support
NGW-150,Regolith/alluvial shallow aquifer,Quaternary regolith/alluvium,weathered regolith,Upper West Region,Daffiama-Bussie-Issa,True,0.1685533923633681,EC10,gypsum,evaporite,Ca;Mg;Na;K;HCO3;Cl;SO4;NO3;F,0.78,0.5712090638488149,0.18124314069022113,rock,rock,neutral,freshening,oxic,oxic,-0.12094841261258389,-0.20126765348193112,-0.05195810513852083,-0.10643209536692633,282.69999999999993,gypsum_ca_so4_support;undersaturated_dissolution_support;salinity_increase_support
NGW-150,Regolith/alluvial shallow aquifer,Quaternary regolith/alluvium,weathered regolith,Upper West Region,Daffiama-Bussie-Issa,True,1.5591352380695096,EC11,halite,evaporite,Ca;Mg;Na;K;HCO3;Cl;SO4;NO3;F,0.95,0.40656965974059917,0.7664194771609173,rock,rock,neutral,freshening,oxic,oxic,-0.12094841261258389,-0.20126765348193112,-0.05195810513852083,-0.10643209536692633,282.69999999999993,residual_strongly_aligned;halite_na_cl_support;undersaturated_dissolution_support;salinity_increase_support
NGW-150,Regolith/alluvial shallow aquifer,Quaternary regolith/alluvium,weathered regolith,Upper West Region,Daffiama-Bussie-Issa,False,-0.0,EC09,fluorite,trace_mineral,Ca;Mg;Na;K;HCO3;Cl;SO4;NO3;F,0.58,0.8521437889662115,0.07503269202122691,rock,rock,neutral,freshening,oxic,oxic,-0.12094841261258389,-0.20126765348193112,-0.05195810513852083,-0.10643209536692633,282.69999999999993,gibbs_rock_support
NGW-150,Regolith/alluvial shallow aquifer,Quaternary regolith/alluvium,weathered regolith,Upper West Region,Daffiama-Bussie-Issa,False,0.0,EC06,apatite,trace_mineral,Ca;Mg;Na;K;HCO3;Cl;SO4;NO3;F,0.58,0.8521437889662115,0.16943160661985807,rock,rock,neutral,freshening,oxic,oxic,-0.12094841261258389,-0.20126765348193112,-0.05195810513852083,-0.10643209536692633,282.69999999999993,gibbs_rock_support
NGW-150,Regolith/alluvial shallow aquifer,Quaternary regolith/alluvium,weathered regolith,Upper West Region,Daffiama-Bussie-Issa,True,0.03903724855918848,EC13,pyrite_oxidation,redox,Ca;Mg;Na;K;HCO3;Cl;SO4;NO3;F,0.5,1.0,0.08297295911189502,rock,rock,neutral,freshening,oxic,oxic,-0.12094841261258389,-0.20126765348193112,-0.05195810513852083,-0.10643209536692633,282.69999999999993,
NGW-150,Regolith/alluvial shallow aquifer,Quaternary regolith/alluvium,weathered regolith,Upper West Region,Daffiama-Bussie-Issa,True,0.0631067675946632,EC03,NO3src,anthropogenic,Ca;Mg;Na;K;HCO3;Cl;SO4;NO3;F,0.6799999999999999,0.6976763260710311,0.025879402500401202,rock,rock,neutral,freshening,oxic,oxic,-0.12094841261258389,-0.20126765348193112,-0.05195810513852083,-0.10643209536692633,282.69999999999993,nitrate_increase_support
NGW-150,Regolith/alluvial shallow aquifer,Quaternary regolith/alluvium,weathered regolith,Upper West Region,Daffiama-Bussie-Issa,False,0.0,EC07,denit,redox,Ca;Mg;Na;K;HCO3;Cl;SO4;NO3;F,0.43999999999999995,1.1274968515793757,0.39909785165861084,rock,rock,neutral,freshening,oxic,oxic,-0.12094841261258389,-0.20126765348193112,-0.05195810513852083,-0.10643209536692633,282.69999999999993,residual_weakly_aligned;denitrification_no3_conflict
NGW-150,Regolith/alluvial shallow aquifer,Quaternary regolith/alluvium,weathered regolith,Upper West Region,Daffiama-Bussie-Issa,False,0.0,EC01,CaNa_exch,ion_exchange,Ca;Mg;Na;K;HCO3;Cl;SO4;NO3;F,0.54,0.9231163463866358,-0.4531301186831221,rock,rock,neutral,freshening,oxic,oxic,-0.12094841261258389,-0.20126765348193112,-0.05195810513852083,-0.10643209536692633,282.69999999999993,residual_opposed;cai_freshening_support
NGW-150,Regolith/alluvial shallow aquifer,Quaternary regolith/alluvium,weathered regolith,Upper West Region,Daffiama-Bussie-Issa,False,0.0,EC01,NaCa_exch,ion_exchange,Ca;Mg;Na;K;HCO3;Cl;SO4;NO3;F,0.38,1.2712491503214047,0.4531301186831221,rock,rock,neutral,freshening,oxic,oxic,-0.12094841261258389,-0.20126765348193112,-0.05195810513852083,-0.10643209536692633,282.69999999999993,residual_weakly_aligned;cai_freshening_conflict
NGW-150,Regolith/alluvial shallow aquifer,Quaternary regolith/alluvium,weathered regolith,Upper West Region,Daffiama-Bussie-Issa,False,0.0,EC02,MgNa_exch,ion_exchange,Ca;Mg;Na;K;HCO3;Cl;SO4;NO3;F,0.54,0.9231163463866358,-0.46622168260369057,rock,rock,neutral,freshening,oxic,oxic,-0.12094841261258389,-0.20126765348193112,-0.05195810513852083,-0.10643209536692633,282.69999999999993,residual_opposed;cai_freshening_support
NGW-150,Regolith/alluvial shallow aquifer,Quaternary regolith/alluvium,weathered regolith,Upper West Region,Daffiama-Bussie-Issa,False,0.0,EC02,NaMg_exch,ion_exchange,Ca;Mg;Na;K;HCO3;Cl;SO4;NO3;F,0.38,1.2712491503214047,0.46622168260369057,rock,rock,neutral,freshening,oxic,oxic,-0.12094841261258389,-0.20126765348193112,-0.05195810513852083,-0.10643209536692633,282.69999999999993,residual_weakly_aligned;cai_freshening_conflict
NGW-151,Regolith/alluvial shallow aquifer,Quaternary regolith/alluvium,weathered regolith,Upper West Region,Tumu,False,0.0,EC05,calcite,carbonate,Ca;Mg;Na;K;HCO3;Cl;SO4;NO3;F,0.8799999999999999,0.46766642700990935,0.4923095324092242,rock,rock,neutral,freshening,oxic,oxic,0.07493698045403002,-0.36609157018666894,0.04601478398438819,-0.19791714452379938,234.09000000000003,residual_weakly_aligned;gibbs_rock_support;carbonate_alkalinity_support;undersaturated_dissolution_support
NGW-151,Regolith/alluvial shallow aquifer,Quaternary regolith/alluvium,weathered regolith,Upper West Region,Tumu,True,0.09749375751627541,EC08,dolomite,carbonate,Ca;Mg;Na;K;HCO3;Cl;SO4;NO3;F,0.8799999999999999,0.46766642700990935,0.49124942818895434,rock,rock,neutral,freshening,oxic,oxic,0.07493698045403002,-0.36609157018666894,0.04601478398438819,-0.19791714452379938,234.09000000000003,residual_weakly_aligned;gibbs_rock_support;carbonate_alkalinity_support;undersaturated_dissolution_support
NGW-151,Regolith/alluvial shallow aquifer,Quaternary regolith/alluvium,weathered regolith,Upper West Region,Tumu,True,0.77493602858431,EC04,albite,silicate,Ca;Mg;Na;K;HCO3;Cl;SO4;NO3;F,0.8799999999999999,0.46766642700990935,0.8667150658019213,rock,rock,neutral,freshening,oxic,oxic,0.07493698045403002,-0.36609157018666894,0.04601478398438819,-0.19791714452379938,234.09000000000003,residual_strongly_aligned;gibbs_rock_support;albite_na_alkalinity_support
NGW-151,Regolith/alluvial shallow aquifer,Quaternary regolith/alluvium,weathered regolith,Upper West Region,Tumu,False,0.0,EC05,anorthite,silicate,Ca;Mg;Na;K;HCO3;Cl;SO4;NO3;F,0.7799999999999999,0.571209063848815,0.4923095324092242,rock,rock,neutral,freshening,oxic,oxic,0.07493698045403002,-0.36609157018666894,0.04601478398438819,-0.19791714452379938,234.09000000000003,residual_weakly_aligned;gibbs_rock_support;carbonate_alkalinity_support
NGW-151,Regolith/alluvial shallow aquifer,Quaternary regolith/alluvium,weathered regolith,Upper West Region,Tumu,True,0.06053357940159608,EC12,k_feldspar,silicate,Ca;Mg;Na;K;HCO3;Cl;SO4;NO3;F,0.7799999999999999,0.571209063848815,0.3494553661497411,rock,rock,neutral,freshening,oxic,oxic,0.07493698045403002,-0.36609157018666894,0.04601478398438819,-0.19791714452379938,234.09000000000003,residual_weakly_aligned;gibbs_rock_support;k_feldspar_k_alkalinity_support
NGW-151,Regolith/alluvial shallow aquifer,Quaternary regolith/alluvium,weathered regolith,Upper West Region,Tumu,True,0.36195290237512817,EC10,gypsum,evaporite,Ca;Mg;Na;K;HCO3;Cl;SO4;NO3;F,0.78,0.5712090638488149,0.22486802990756008,rock,rock,neutral,freshening,oxic,oxic,0.07493698045403002,-0.36609157018666894,0.04601478398438819,-0.19791714452379938,234.09000000000003,gypsum_ca_so4_support;undersaturated_dissolution_support;salinity_increase_support
NGW-151,Regolith/alluvial shallow aquifer,Quaternary regolith/alluvium,weathered regolith,Upper West Region,Tumu,True,0.9838285396336846,EC11,halite,evaporite,Ca;Mg;Na;K;HCO3;Cl;SO4;NO3;F,0.95,0.40656965974059917,0.802981255015964,rock,rock,neutral,freshening,oxic,oxic,0.07493698045403002,-0.36609157018666894,0.04601478398438819,-0.19791714452379938,234.09000000000003,residual_strongly_aligned;halite_na_cl_support;undersaturated_dissolution_support;salinity_increase_support
NGW-151,Regolith/alluvial shallow aquifer,Quaternary regolith/alluvium,weathered regolith,Upper West Region,Tumu,False,-0.0,EC09,fluorite,trace_mineral,Ca;Mg;Na;K;HCO3;Cl;SO4;NO3;F,0.6799999999999999,0.6976763260710311,0.08109331893145155,rock,rock,neutral,freshening,oxic,oxic,0.07493698045403002,-0.36609157018666894,0.04601478398438819,-0.19791714452379938,234.09000000000003,gibbs_rock_support;fluorite_ca_f_support
NGW-151,Regolith/alluvial shallow aquifer,Quaternary regolith/alluvium,weathered regolith,Upper West Region,Tumu,False,0.02259710607836186,EC06,apatite,trace_mineral,Ca;Mg;Na;K;HCO3;Cl;SO4;NO3;F,0.58,0.8521437889662115,0.17606251310259835,rock,rock,neutral,freshening,oxic,oxic,0.07493698045403002,-0.36609157018666894,0.04601478398438819,-0.19791714452379938,234.09000000000003,gibbs_rock_support
NGW-151,Regolith/alluvial shallow aquifer,Quaternary regolith/alluvium,weathered regolith,Upper West Region,Tumu,False,0.0,EC13,pyrite_oxidation,redox,Ca;Mg;Na;K;HCO3;Cl;SO4;NO3;F,0.5,1.0,0.13866006139573778,rock,rock,neutral,freshening,oxic,oxic,0.07493698045403002,-0.36609157018666894,0.04601478398438819,-0.19791714452379938,234.09000000000003,
NGW-151,Regolith/alluvial shallow aquifer,Quaternary regolith/alluvium,weathered regolith,Upper West Region,Tumu,True,0.22903812485723976,EC03,NO3src,anthropogenic,Ca;Mg;Na;K;HCO3;Cl;SO4;NO3;F,0.6799999999999999,0.6976763260710311,0.0939784991253349,rock,rock,neutral,freshening,oxic,oxic,0.07493698045403002,-0.36609157018666894,0.04601478398438819,-0.19791714452379938,234.09000000000003,nitrate_increase_support
NGW-151,Regolith/alluvial shallow aquifer,Quaternary regolith/alluvium,weathered regolith,Upper West Region,Tumu,False,0.0,EC07,denit,redox,Ca;Mg;Na;K;HCO3;Cl;SO4;NO3;F,0.43999999999999995,1.1274968515793757,0.25934174493170387,rock,rock,neutral,freshening,oxic,oxic,0.07493698045403002,-0.36609157018666894,0.04601478398438819,-0.19791714452379938,234.09000000000003,residual_weakly_aligned;denitrification_no3_conflict
NGW-151,Regolith/alluvial shallow aquifer,Quaternary regolith/alluvium,weathered regolith,Upper West Region,Tumu,False,0.0,EC01,CaNa_exch,ion_exchange,Ca;Mg;Na;K;HCO3;Cl;SO4;NO3;F,0.54,0.9231163463866358,-0.6040079437174887,rock,rock,neutral,freshening,oxic,oxic,0.07493698045403002,-0.36609157018666894,0.04601478398438819,-0.19791714452379938,234.09000000000003,residual_opposed;cai_freshening_support
NGW-151,Regolith/alluvial shallow aquifer,Quaternary regolith/alluvium,weathered regolith,Upper West Region,Tumu,True,0.12009900824077571,EC01,NaCa_exch,ion_exchange,Ca;Mg;Na;K;HCO3;Cl;SO4;NO3;F,0.48,1.0408107741923882,0.6040079437174887,rock,rock,neutral,freshening,oxic,oxic,0.07493698045403002,-0.36609157018666894,0.04601478398438819,-0.19791714452379938,234.09000000000003,residual_strongly_aligned;cai_freshening_conflict
NGW-151,Regolith/alluvial shallow aquifer,Quaternary regolith/alluvium,weathered regolith,Upper West Region,Tumu,False,0.0,EC02,MgNa_exch,ion_exchange,Ca;Mg;Na;K;HCO3;Cl;SO4;NO3;F,0.54,0.9231163463866358,-0.656546753136485,rock,rock,neutral,freshening,oxic,oxic,0.07493698045403002,-0.36609157018666894,0.04601478398438819,-0.19791714452379938,234.09000000000003,residual_opposed;cai_freshening_support
NGW-151,Regolith/alluvial shallow aquifer,Quaternary regolith/alluvium,weathered regolith,Upper West Region,Tumu,False,0.0,EC02,NaMg_exch,ion_exchange,Ca;Mg;Na;K;HCO3;Cl;SO4;NO3;F,0.48,1.0408107741923882,0.656546753136485,rock,rock,neutral,freshening,oxic,oxic,0.07493698045403002,-0.36609157018666894,0.04601478398438819,-0.19791714452379938,234.09000000000003,residual_strongly_aligned;cai_freshening_conflict
NGW-152,Middle Voltaian sedimentary aquifer,Voltaian Supergroup,mudstone–sandstone sequence,Upper West Region,Daffiama-Bussie-Issa,True,0.057246387867300505,EC05,calcite,carbonate,Ca;Mg;Na;K;HCO3;Cl;SO4;NO3;F,0.8799999999999999,0.46766642700990935,0.4864512782156542,rock,rock,freshening,freshening,oxic,oxic,-0.5919776932663151,-0.24479808578355086,-0.2258794097797839,-0.11790729123156411,85.38,residual_weakly_aligned;gibbs_rock_support;carbonate_alkalinity_support;undersaturated_dissolution_support
NGW-152,Middle Voltaian sedimentary aquifer,Voltaian Supergroup,mudstone–sandstone sequence,Upper West Region,Daffiama-Bussie-Issa,False,0.0,EC08,dolomite,carbonate,Ca;Mg;Na;K;HCO3;Cl;SO4;NO3;F,0.7799999999999999,0.571209063848815,0.3878771084887938,rock,rock,freshening,freshening,oxic,oxic,-0.5919776932663151,-0.24479808578355086,-0.2258794097797839,-0.11790729123156411,85.38,residual_weakly_aligned;gibbs_rock_support;undersaturated_dissolution_support
NGW-152,Middle Voltaian sedimentary aquifer,Voltaian Supergroup,mudstone–sandstone sequence,Upper West Region,Daffiama-Bussie-Issa,False,-0.0,EC04,albite,silicate,Ca;Mg;Na;K;HCO3;Cl;SO4;NO3;F,0.7799999999999999,0.571209063848815,0.489418778725662,rock,rock,freshening,freshening,oxic,oxic,-0.5919776932663151,-0.24479808578355086,-0.2258794097797839,-0.11790729123156411,85.38,residual_weakly_aligned;gibbs_rock_support;albite_na_alkalinity_support
NGW-152,Middle Voltaian sedimentary aquifer,Voltaian Supergroup,mudstone–sandstone sequence,Upper West Region,Daffiama-Bussie-Issa,True,0.057246387867300505,EC05,anorthite,silicate,Ca;Mg;Na;K;HCO3;Cl;SO4;NO3;F,0.7799999999999999,0.571209063848815,0.4864512782156542,rock,rock,freshening,freshening,oxic,oxic,-0.5919776932663151,-0.24479808578355086,-0.2258794097797839,-0.11790729123156411,85.38,residual_weakly_aligned;gibbs_rock_support;carbonate_alkalinity_support
NGW-152,Middle Voltaian sedimentary aquifer,Voltaian Supergroup,mudstone–sandstone sequence,Upper West Region,Daffiama-Bussie-Issa,True,0.05562058530116387,EC12,k_feldspar,silicate,Ca;Mg;Na;K;HCO3;Cl;SO4;NO3;F,0.7799999999999999,0.571209063848815,0.2868521451925195,rock,rock,freshening,freshening,oxic,oxic,-0.5919776932663151,-0.24479808578355086,-0.2258794097797839,-0.11790729123156411,85.38,residual_weakly_aligned;gibbs_rock_support;k_feldspar_k_alkalinity_support
NGW-152,Middle Voltaian sedimentary aquifer,Voltaian Supergroup,mudstone–sandstone sequence,Upper West Region,Daffiama-Bussie-Issa,True,0.11477106018168394,EC10,gypsum,evaporite,Ca;Mg;Na;K;HCO3;Cl;SO4;NO3;F,0.88,0.46766642700990924,0.4027896740875434,rock,rock,freshening,freshening,oxic,oxic,-0.5919776932663151,-0.24479808578355086,-0.2258794097797839,-0.11790729123156411,85.38,residual_weakly_aligned;gypsum_ca_so4_support;undersaturated_dissolution_support;salinity_increase_support
NGW-152,Middle Voltaian sedimentary aquifer,Voltaian Supergroup,mudstone–sandstone sequence,Upper West Region,Daffiama-Bussie-Issa,True,0.6046849264597839,EC11,halite,evaporite,Ca;Mg;Na;K;HCO3;Cl;SO4;NO3;F,0.95,0.40656965974059917,0.7657310427461284,rock,rock,freshening,freshening,oxic,oxic,-0.5919776932663151,-0.24479808578355086,-0.2258794097797839,-0.11790729123156411,85.38,residual_strongly_aligned;halite_na_cl_support;undersaturated_dissolution_support;salinity_increase_support
NGW-152,Middle Voltaian sedimentary aquifer,Voltaian Supergroup,mudstone–sandstone sequence,Upper West Region,Daffiama-Bussie-Issa,False,-0.0,EC09,fluorite,trace_mineral,Ca;Mg;Na;K;HCO3;Cl;SO4;NO3;F,0.58,0.8521437889662115,0.17583801697250684,rock,rock,freshening,freshening,oxic,oxic,-0.5919776932663151,-0.24479808578355086,-0.2258794097797839,-0.11790729123156411,85.38,gibbs_rock_support
NGW-152,Middle Voltaian sedimentary aquifer,Voltaian Supergroup,mudstone–sandstone sequence,Upper West Region,Daffiama-Bussie-Issa,False,0.0,EC06,apatite,trace_mineral,Ca;Mg;Na;K;HCO3;Cl;SO4;NO3;F,0.6799999999999999,0.6976763260710311,0.41109977759265853,rock,rock,freshening,freshening,oxic,oxic,-0.5919776932663151,-0.24479808578355086,-0.2258794097797839,-0.11790729123156411,85.38,residual_weakly_aligned;gibbs_rock_support
NGW-152,Middle Voltaian sedimentary aquifer,Voltaian Supergroup,mudstone–sandstone sequence,Upper West Region,Daffiama-Bussie-Issa,False,0.0,EC13,pyrite_oxidation,redox,Ca;Mg;Na;K;HCO3;Cl;SO4;NO3;F,0.5,1.0,0.1474944179920036,rock,rock,freshening,freshening,oxic,oxic,-0.5919776932663151,-0.24479808578355086,-0.2258794097797839,-0.11790729123156411,85.38,
NGW-152,Middle Voltaian sedimentary aquifer,Voltaian Supergroup,mudstone–sandstone sequence,Upper West Region,Daffiama-Bussie-Issa,True,0.106595546915894,EC03,NO3src,anthropogenic,Ca;Mg;Na;K;HCO3;Cl;SO4;NO3;F,0.6799999999999999,0.6976763260710311,0.13962109018639876,rock,rock,freshening,freshening,oxic,oxic,-0.5919776932663151,-0.24479808578355086,-0.2258794097797839,-0.11790729123156411,85.38,nitrate_increase_support
NGW-152,Middle Voltaian sedimentary aquifer,Voltaian Supergroup,mudstone–sandstone sequence,Upper West Region,Daffiama-Bussie-Issa,False,0.0,EC07,denit,redox,Ca;Mg;Na;K;HCO3;Cl;SO4;NO3;F,0.33999999999999997,1.3771277643359572,0.13659879732885075,rock,rock,freshening,freshening,oxic,oxic,-0.5919776932663151,-0.24479808578355086,-0.2258794097797839,-0.11790729123156411,85.38,denitrification_no3_conflict
NGW-152,Middle Voltaian sedimentary aquifer,Voltaian Supergroup,mudstone–sandstone sequence,Upper West Region,Daffiama-Bussie-Issa,True,0.14465956323365817,EC01,CaNa_exch,ion_exchange,Ca;Mg;Na;K;HCO3;Cl;SO4;NO3;F,0.72,0.6440364210831414,-0.13261994995676654,rock,rock,freshening,freshening,oxic,oxic,-0.5919776932663151,-0.24479808578355086,-0.2258794097797839,-0.11790729123156411,85.38,cai_freshening_support
NGW-152,Middle Voltaian sedimentary aquifer,Voltaian Supergroup,mudstone–sandstone sequence,Upper West Region,Daffiama-Bussie-Issa,False,0.0,EC01,NaCa_exch,ion_exchange,Ca;Mg;Na;K;HCO3;Cl;SO4;NO3;F,0.28,1.552707218511336,0.13261994995676654,rock,rock,freshening,freshening,oxic,oxic,-0.5919776932663151,-0.24479808578355086,-0.2258794097797839,-0.11790729123156411,85.38,cai_freshening_conflict
NGW-152,Middle Voltaian sedimentary aquifer,Voltaian Supergroup,mudstone–sandstone sequence,Upper West Region,Daffiama-Bussie-Issa,False,0.0,EC02,MgNa_exch,ion_exchange,Ca;Mg;Na;K;HCO3;Cl;SO4;NO3;F,0.54,0.9231163463866358,-0.36957743734918347,rock,rock,freshening,freshening,oxic,oxic,-0.5919776932663151,-0.24479808578355086,-0.2258794097797839,-0.11790729123156411,85.38,residual_opposed;cai_freshening_support
NGW-152,Middle Voltaian sedimentary aquifer,Voltaian Supergroup,mudstone–sandstone sequence,Upper West Region,Daffiama-Bussie-Issa,False,0.015171219154078288,EC02,NaMg_exch,ion_exchange,Ca;Mg;Na;K;HCO3;Cl;SO4;NO3;F,0.38,1.2712491503214047,0.36957743734918347,rock,rock,freshening,freshening,oxic,oxic,-0.5919776932663151,-0.24479808578355086,-0.2258794097797839,-0.11790729123156411,85.38,residual_weakly_aligned;cai_freshening_conflict
NGW-153,Regolith/alluvial shallow aquifer,Quaternary regolith/alluvium,valley alluvium,Upper West Region,Daffiama-Bussie-Issa,False,0.0,EC05,calcite,carbonate,Ca;Mg;Na;K;HCO3;Cl;SO4;NO3;F,0.7799999999999999,0.571209063848815,0.21070190505794517,rock,rock,freshening,neutral,oxic,oxic,-0.19241230807300364,-0.07168389070899359,-0.07157765770872805,-0.038282777903744104,146.58000000000004,gibbs_rock_support;carbonate_alkalinity_support;undersaturated_dissolution_support
NGW-153,Regolith/alluvial shallow aquifer,Quaternary regolith/alluvium,valley alluvium,Upper West Region,Daffiama-Bussie-Issa,True,0.043448522152629426,EC08,dolomite,carbonate,Ca;Mg;Na;K;HCO3;Cl;SO4;NO3;F,0.6799999999999999,0.6976763260710311,0.19959374675062935,rock,rock,freshening,neutral,oxic,oxic,-0.19241230807300364,-0.07168389070899359,-0.07157765770872805,-0.038282777903744104,146.58000000000004,gibbs_rock_support;carbonate_alkalinity_support
NGW-153,Regolith/alluvial shallow aquifer,Quaternary regolith/alluvium,valley alluvium,Upper West Region,Daffiama-Bussie-Issa,False,0.0,EC04,albite,silicate,Ca;Mg;Na;K;HCO3;Cl;SO4;NO3;F,0.7799999999999999,0.571209063848815,0.5083208609618525,rock,rock,freshening,neutral,oxic,oxic,-0.19241230807300364,-0.07168389070899359,-0.07157765770872805,-0.038282777903744104,146.58000000000004,residual_weakly_aligned;gibbs_rock_support;albite_na_alkalinity_support
NGW-153,Regolith/alluvial shallow aquifer,Quaternary regolith/alluvium,valley alluvium,Upper West Region,Daffiama-Bussie-Issa,False,-0.0,EC05,anorthite,silicate,Ca;Mg;Na;K;HCO3;Cl;SO4;NO3;F,0.6799999999999999,0.6976763260710311,0.21070190505794517,rock,rock,freshening,neutral,oxic,oxic,-0.19241230807300364,-0.07168389070899359,-0.07157765770872805,-0.038282777903744104,146.58000000000004,gibbs_rock_support;carbonate_alkalinity_support
NGW-153,Regolith/alluvial shallow aquifer,Quaternary regolith/alluvium,valley alluvium,Upper West Region,Daffiama-Bussie-Issa,False,0.024062164319015207,EC12,k_feldspar,silicate,Ca;Mg;Na;K;HCO3;Cl;SO4;NO3;F,0.6799999999999999,0.6976763260710311,0.10888900318725277,rock,rock,freshening,neutral,oxic,oxic,-0.19241230807300364,-0.07168389070899359,-0.07157765770872805,-0.038282777903744104,146.58000000000004,gibbs_rock_support;k_feldspar_k_alkalinity_support
NGW-153,Regolith/alluvial shallow aquifer,Quaternary regolith/alluvium,valley alluvium,Upper West Region,Daffiama-Bussie-Issa,True,0.3153558004532573,EC10,gypsum,evaporite,Ca;Mg;Na;K;HCO3;Cl;SO4;NO3;F,0.88,0.46766642700990924,0.31235182192988714,rock,rock,freshening,neutral,oxic,oxic,-0.19241230807300364,-0.07168389070899359,-0.07157765770872805,-0.038282777903744104,146.58000000000004,residual_weakly_aligned;gypsum_ca_so4_support;undersaturated_dissolution_support;salinity_increase_support
NGW-153,Regolith/alluvial shallow aquifer,Quaternary regolith/alluvium,valley alluvium,Upper West Region,Daffiama-Bussie-Issa,True,1.1033508881615794,EC11,halite,evaporite,Ca;Mg;Na;K;HCO3;Cl;SO4;NO3;F,0.95,0.40656965974059917,0.9100972834165446,rock,rock,freshening,neutral,oxic,oxic,-0.19241230807300364,-0.07168389070899359,-0.07157765770872805,-0.038282777903744104,146.58000000000004,residual_strongly_aligned;halite_na_cl_support;undersaturated_dissolution_support;salinity_increase_support
NGW-153,Regolith/alluvial shallow aquifer,Quaternary regolith/alluvium,valley alluvium,Upper West Region,Daffiama-Bussie-Issa,False,-0.0,EC09,fluorite,trace_mineral,Ca;Mg;Na;K;HCO3;Cl;SO4;NO3;F,0.58,0.8521437889662115,0.10062107548056928,rock,rock,freshening,neutral,oxic,oxic,-0.19241230807300364,-0.07168389070899359,-0.07157765770872805,-0.038282777903744104,146.58000000000004,gibbs_rock_support
NGW-153,Regolith/alluvial shallow aquifer,Quaternary regolith/alluvium,valley alluvium,Upper West Region,Daffiama-Bussie-Issa,False,0.003323240385915125,EC06,apatite,trace_mineral,Ca;Mg;Na;K;HCO3;Cl;SO4;NO3;F,0.58,0.8521437889662115,0.23663953640064733,rock,rock,freshening,neutral,oxic,oxic,-0.19241230807300364,-0.07168389070899359,-0.07157765770872805,-0.038282777903744104,146.58000000000004,gibbs_rock_support
NGW-153,Regolith/alluvial shallow aquifer,Quaternary regolith/alluvium,valley alluvium,Upper West Region,Daffiama-Bussie-Issa,False,0.0,EC13,pyrite_oxidation,redox,Ca;Mg;Na;K;HCO3;Cl;SO4;NO3;F,0.5,1.0,0.1985917758223911,rock,rock,freshening,neutral,oxic,oxic,-0.19241230807300364,-0.07168389070899359,-0.07157765770872805,-0.038282777903744104,146.58000000000004,
NGW-153,Regolith/alluvial shallow aquifer,Quaternary regolith/alluvium,valley alluvium,Upper West Region,Daffiama-Bussie-Issa,True,0.2770202097910022,EC03,NO3src,anthropogenic,Ca;Mg;Na;K;HCO3;Cl;SO4;NO3;F,0.6799999999999999,0.6976763260710311,0.18356638912246404,rock,rock,freshening,neutral,oxic,oxic,-0.19241230807300364,-0.07168389070899359,-0.07157765770872805,-0.038282777903744104,146.58000000000004,nitrate_increase_support
NGW-153,Regolith/alluvial shallow aquifer,Quaternary regolith/alluvium,valley alluvium,Upper West Region,Daffiama-Bussie-Issa,False,0.0,EC07,denit,redox,Ca;Mg;Na;K;HCO3;Cl;SO4;NO3;F,0.33999999999999997,1.3771277643359572,-0.049189671995505974,rock,rock,freshening,neutral,oxic,oxic,-0.19241230807300364,-0.07168389070899359,-0.07157765770872805,-0.038282777903744104,146.58000000000004,denitrification_no3_conflict
NGW-153,Regolith/alluvial shallow aquifer,Quaternary regolith/alluvium,valley alluvium,Upper West Region,Daffiama-Bussie-Issa,False,0.0,EC01,CaNa_exch,ion_exchange,Ca;Mg;Na;K;HCO3;Cl;SO4;NO3;F,0.32,1.4333294145603401,-0.4322787760689441,rock,rock,freshening,neutral,oxic,oxic,-0.19241230807300364,-0.07168389070899359,-0.07157765770872805,-0.038282777903744104,146.58000000000004,residual_opposed
NGW-153,Regolith/alluvial shallow aquifer,Quaternary regolith/alluvium,valley alluvium,Upper West Region,Daffiama-Bussie-Issa,False,0.0043359904048553425,EC01,NaCa_exch,ion_exchange,Ca;Mg;Na;K;HCO3;Cl;SO4;NO3;F,0.6,0.8187307530779819,0.4322787760689441,rock,rock,freshening,neutral,oxic,oxic,-0.19241230807300364,-0.07168389070899359,-0.07157765770872805,-0.038282777903744104,146.58000000000004,residual_weakly_aligned
NGW-153,Regolith/alluvial shallow aquifer,Quaternary regolith/alluvium,valley alluvium,Upper West Region,Daffiama-Bussie-Issa,True,0.08178141964914333,EC02,MgNa_exch,ion_exchange,Ca;Mg;Na;K;HCO3;Cl;SO4;NO3;F,0.32,1.4333294145603401,-0.4749800783095423,rock,rock,freshening,neutral,oxic,oxic,-0.19241230807300364,-0.07168389070899359,-0.07157765770872805,-0.038282777903744104,146.58000000000004,residual_opposed
NGW-153,Regolith/alluvial shallow aquifer,Quaternary regolith/alluvium,valley alluvium,Upper West Region,Daffiama-Bussie-Issa,False,0.0,EC02,NaMg_exch,ion_exchange,Ca;Mg;Na;K;HCO3;Cl;SO4;NO3;F,0.6,0.8187307530779819,0.4749800783095423,rock,rock,freshening,neutral,oxic,oxic,-0.19241230807300364,-0.07168389070899359,-0.07157765770872805,-0.038282777903744104,146.58000000000004,residual_weakly_aligned
NGW-154,Granitoid fractured basement aquifer,Paleoproterozoic granitoid complex,granitoid saprolite,Upper West Region,Nadowli-Kaleo,True,0.040574965025071186,EC05,calcite,carbonate,Ca;Mg;Na;K;HCO3;Cl;SO4;NO3;F,0.95,0.40656965974059917,0.7332850745484895,rock,rock,neutral,neutral,oxic,oxic,-0.11815004269821076,-0.0025041068371637904,-0.0591278632545496,-0.0012415412765440297,118.63999999999999,residual_strongly_aligned;gibbs_rock_support;carbonate_alkalinity_support;undersaturated_dissolution_support
NGW-154,Granitoid fractured basement aquifer,Paleoproterozoic granitoid complex,granitoid saprolite,Upper West Region,Nadowli-Kaleo,True,0.08906838477126994,EC08,dolomite,carbonate,Ca;Mg;Na;K;HCO3;Cl;SO4;NO3;F,0.95,0.40656965974059917,0.6904764888544417,rock,rock,neutral,neutral,oxic,oxic,-0.11815004269821076,-0.0025041068371637904,-0.0591278632545496,-0.0012415412765440297,118.63999999999999,residual_strongly_aligned;gibbs_rock_support;carbonate_alkalinity_support;undersaturated_dissolution_support
NGW-154,Granitoid fractured basement aquifer,Paleoproterozoic granitoid complex,granitoid saprolite,Upper West Region,Nadowli-Kaleo,False,0.0,EC04,albite,silicate,Ca;Mg;Na;K;HCO3;Cl;SO4;NO3;F,0.8799999999999999,0.46766642700990935,0.5729741619056291,rock,rock,neutral,neutral,oxic,oxic,-0.11815004269821076,-0.0025041068371637904,-0.0591278632545496,-0.0012415412765440297,118.63999999999999,residual_strongly_aligned;gibbs_rock_support;albite_na_alkalinity_support
NGW-154,Granitoid fractured basement aquifer,Paleoproterozoic granitoid complex,granitoid saprolite,Upper West Region,Nadowli-Kaleo,True,0.040574965025071186,EC05,anorthite,silicate,Ca;Mg;Na;K;HCO3;Cl;SO4;NO3;F,0.8799999999999999,0.46766642700990935,0.7332850745484895,rock,rock,neutral,neutral,oxic,oxic,-0.11815004269821076,-0.0025041068371637904,-0.0591278632545496,-0.0012415412765440297,118.63999999999999,residual_strongly_aligned;gibbs_rock_support;carbonate_alkalinity_support
NGW-154,Granitoid fractured basement aquifer,Paleoproterozoic granitoid complex,granitoid saprolite,Upper West Region,Nadowli-Kaleo,True,0.0548360563652322,EC12,k_feldspar,silicate,Ca;Mg;Na;K;HCO3;Cl;SO4;NO3;F,0.7799999999999999,0.571209063848815,0.43834029332039404,rock,rock,neutral,neutral,oxic,oxic,-0.11815004269821076,-0.0025041068371637904,-0.0591278632545496,-0.0012415412765440297,118.63999999999999,residual_weakly_aligned;gibbs_rock_support;k_feldspar_k_alkalinity_support
NGW-154,Granitoid fractured basement aquifer,Paleoproterozoic granitoid complex,granitoid saprolite,Upper West Region,Nadowli-Kaleo,True,0.1814685178945717,EC10,gypsum,evaporite,Ca;Mg;Na;K;HCO3;Cl;SO4;NO3;F,0.88,0.46766642700990924,0.504847121709115,rock,rock,neutral,neutral,oxic,oxic,-0.11815004269821076,-0.0025041068371637904,-0.0591278632545496,-0.0012415412765440297,118.63999999999999,residual_weakly_aligned;gypsum_ca_so4_support;undersaturated_dissolution_support;salinity_increase_support
NGW-154,Granitoid fractured basement aquifer,Paleoproterozoic granitoid complex,granitoid saprolite,Upper West Region,Nadowli-Kaleo,True,0.48812176575098515,EC11,halite,evaporite,Ca;Mg;Na;K;HCO3;Cl;SO4;NO3;F,0.9,0.44932896411722156,0.5378244323842334,rock,rock,neutral,neutral,oxic,oxic,-0.11815004269821076,-0.0025041068371637904,-0.0591278632545496,-0.0012415412765440297,118.63999999999999,residual_weakly_aligned;halite_na_cl_support;undersaturated_dissolution_support;salinity_increase_support
NGW-154,Granitoid fractured basement aquifer,Paleoproterozoic granitoid complex,granitoid saprolite,Upper West Region,Nadowli-Kaleo,False,0.0,EC09,fluorite,trace_mineral,Ca;Mg;Na;K;HCO3;Cl;SO4;NO3;F,0.7799999999999999,0.571209063848815,0.26437990075297313,rock,rock,neutral,neutral,oxic,oxic,-0.11815004269821076,-0.0025041068371637904,-0.0591278632545496,-0.0012415412765440297,118.63999999999999,residual_weakly_aligned;gibbs_rock_support;fluorite_ca_f_support
NGW-154,Granitoid fractured basement aquifer,Paleoproterozoic granitoid complex,granitoid saprolite,Upper West Region,Nadowli-Kaleo,True,0.03512256584997652,EC06,apatite,trace_mineral,Ca;Mg;Na;K;HCO3;Cl;SO4;NO3;F,0.6799999999999999,0.6976763260710311,0.5305862524847053,rock,rock,neutral,neutral,oxic,oxic,-0.11815004269821076,-0.0025041068371637904,-0.0591278632545496,-0.0012415412765440297,118.63999999999999,residual_weakly_aligned;gibbs_rock_support
NGW-154,Granitoid fractured basement aquifer,Paleoproterozoic granitoid complex,granitoid saprolite,Upper West Region,Nadowli-Kaleo,False,0.0,EC13,pyrite_oxidation,redox,Ca;Mg;Na;K;HCO3;Cl;SO4;NO3;F,0.5,1.0,0.17843188198395493,rock,rock,neutral,neutral,oxic,oxic,-0.11815004269821076,-0.0025041068371637904,-0.0591278632545496,-0.0012415412765440297,118.63999999999999,
NGW-154,Granitoid fractured basement aquifer,Paleoproterozoic granitoid complex,granitoid saprolite,Upper West Region,Nadowli-Kaleo,True,0.12055688935482003,EC03,NO3src,anthropogenic,Ca;Mg;Na;K;HCO3;Cl;SO4;NO3;F,0.6799999999999999,0.6976763260710311,0.1330407288639625,rock,rock,neutral,neutral,oxic,oxic,-0.11815004269821076,-0.0025041068371637904,-0.0591278632545496,-0.0012415412765440297,118.63999999999999,nitrate_increase_support
NGW-154,Granitoid fractured basement aquifer,Paleoproterozoic granitoid complex,granitoid saprolite,Upper West Region,Nadowli-Kaleo,False,0.0,EC07,denit,redox,Ca;Mg;Na;K;HCO3;Cl;SO4;NO3;F,0.43999999999999995,1.1274968515793757,0.2963003869019981,rock,rock,neutral,neutral,oxic,oxic,-0.11815004269821076,-0.0025041068371637904,-0.0591278632545496,-0.0012415412765440297,118.63999999999999,residual_weakly_aligned;denitrification_no3_conflict
NGW-154,Granitoid fractured basement aquifer,Paleoproterozoic granitoid complex,granitoid saprolite,Upper West Region,Nadowli-Kaleo,False,0.017862185462468302,EC01,CaNa_exch,ion_exchange,Ca;Mg;Na;K;HCO3;Cl;SO4;NO3;F,0.5,1.0,0.008523717729341086,rock,rock,neutral,neutral,oxic,oxic,-0.11815004269821076,-0.0025041068371637904,-0.0591278632545496,-0.0012415412765440297,118.63999999999999,
NGW-154,Granitoid fractured basement aquifer,Paleoproterozoic granitoid complex,granitoid saprolite,Upper West Region,Nadowli-Kaleo,False,0.0,EC01,NaCa_exch,ion_exchange,Ca;Mg;Na;K;HCO3;Cl;SO4;NO3;F,0.5,1.0,-0.008523717729341086,rock,rock,neutral,neutral,oxic,oxic,-0.11815004269821076,-0.0025041068371637904,-0.0591278632545496,-0.0012415412765440297,118.63999999999999,
NGW-154,Granitoid fractured basement aquifer,Paleoproterozoic granitoid complex,granitoid saprolite,Upper West Region,Nadowli-Kaleo,True,0.08377170037422042,EC02,MgNa_exch,ion_exchange,Ca;Mg;Na;K;HCO3;Cl;SO4;NO3;F,0.5,1.0,-0.14795940602209692,rock,rock,neutral,neutral,oxic,oxic,-0.11815004269821076,-0.0025041068371637904,-0.0591278632545496,-0.0012415412765440297,118.63999999999999,
NGW-154,Granitoid fractured basement aquifer,Paleoproterozoic granitoid complex,granitoid saprolite,Upper West Region,Nadowli-Kaleo,False,0.0,EC02,NaMg_exch,ion_exchange,Ca;Mg;Na;K;HCO3;Cl;SO4;NO3;F,0.5,1.0,0.14795940602209692,rock,rock,neutral,neutral,oxic,oxic,-0.11815004269821076,-0.0025041068371637904,-0.0591278632545496,-0.0012415412765440297,118.63999999999999,
NGW-155,Granitoid fractured basement aquifer,Paleoproterozoic granitoid complex,granitoid saprolite,Upper West Region,Wa,False,0.0,EC05,calcite,carbonate,Ca;Mg;Na;K;HCO3;Cl;SO4;NO3;F,0.8799999999999999,0.46766642700990935,0.5453166495582251,rock,rock,neutral,freshening,oxic,oxic,-0.11568754529210162,-0.23178261945865547,-0.042809645542985816,-0.10334700190954856,239.47999999999996,residual_weakly_aligned;gibbs_rock_support;carbonate_alkalinity_support;undersaturated_dissolution_support
NGW-155,Granitoid fractured basement aquifer,Paleoproterozoic granitoid complex,granitoid saprolite,Upper West Region,Wa,True,0.2545442645464314,EC08,dolomite,carbonate,Ca;Mg;Na;K;HCO3;Cl;SO4;NO3;F,0.95,0.40656965974059917,0.5635407631346014,rock,rock,neutral,freshening,oxic,oxic,-0.11568754529210162,-0.23178261945865547,-0.042809645542985816,-0.10334700190954856,239.47999999999996,residual_strongly_aligned;gibbs_rock_support;carbonate_alkalinity_support;undersaturated_dissolution_support
NGW-155,Granitoid fractured basement aquifer,Paleoproterozoic granitoid complex,granitoid saprolite,Upper West Region,Wa,True,0.21381652005825866,EC04,albite,silicate,Ca;Mg;Na;K;HCO3;Cl;SO4;NO3;F,0.8799999999999999,0.46766642700990935,0.8000686944853624,rock,rock,neutral,freshening,oxic,oxic,-0.11568754529210162,-0.23178261945865547,-0.042809645542985816,-0.10334700190954856,239.47999999999996,residual_strongly_aligned;gibbs_rock_support;albite_na_alkalinity_support
NGW-155,Granitoid fractured basement aquifer,Paleoproterozoic granitoid complex,granitoid saprolite,Upper West Region,Wa,False,0.0,EC05,anorthite,silicate,Ca;Mg;Na;K;HCO3;Cl;SO4;NO3;F,0.7799999999999999,0.571209063848815,0.5453166495582251,rock,rock,neutral,freshening,oxic,oxic,-0.11568754529210162,-0.23178261945865547,-0.042809645542985816,-0.10334700190954856,239.47999999999996,residual_weakly_aligned;gibbs_rock_support;carbonate_alkalinity_support
NGW-155,Granitoid fractured basement aquifer,Paleoproterozoic granitoid complex,granitoid saprolite,Upper West Region,Wa,True,0.04602660389105028,EC12,k_feldspar,silicate,Ca;Mg;Na;K;HCO3;Cl;SO4;NO3;F,0.7799999999999999,0.571209063848815,0.38583958693513765,rock,rock,neutral,freshening,oxic,oxic,-0.11568754529210162,-0.23178261945865547,-0.042809645542985816,-0.10334700190954856,239.47999999999996,residual_weakly_aligned;gibbs_rock_support;k_feldspar_k_alkalinity_support
NGW-155,Granitoid fractured basement aquifer,Paleoproterozoic granitoid complex,granitoid saprolite,Upper West Region,Wa,True,0.1536348773074104,EC10,gypsum,evaporite,Ca;Mg;Na;K;HCO3;Cl;SO4;NO3;F,0.78,0.5712090638488149,0.18127485902277085,rock,rock,neutral,freshening,oxic,oxic,-0.11568754529210162,-0.23178261945865547,-0.042809645542985816,-0.10334700190954856,239.47999999999996,gypsum_ca_so4_support;undersaturated_dissolution_support;salinity_increase_support
NGW-155,Granitoid fractured basement aquifer,Paleoproterozoic granitoid complex,granitoid saprolite,Upper West Region,Wa,True,1.1938192647230612,EC11,halite,evaporite,Ca;Mg;Na;K;HCO3;Cl;SO4;NO3;F,0.95,0.40656965974059917,0.778910069471917,rock,rock,neutral,freshening,oxic,oxic,-0.11568754529210162,-0.23178261945865547,-0.042809645542985816,-0.10334700190954856,239.47999999999996,residual_strongly_aligned;halite_na_cl_support;undersaturated_dissolution_support;salinity_increase_support
NGW-155,Granitoid fractured basement aquifer,Paleoproterozoic granitoid complex,granitoid saprolite,Upper West Region,Wa,False,0.001877876833381955,EC09,fluorite,trace_mineral,Ca;Mg;Na;K;HCO3;Cl;SO4;NO3;F,0.6799999999999999,0.6976763260710311,0.09720519137815234,rock,rock,neutral,freshening,oxic,oxic,-0.11568754529210162,-0.23178261945865547,-0.042809645542985816,-0.10334700190954856,239.47999999999996,gibbs_rock_support;fluorite_ca_f_support
NGW-155,Granitoid fractured basement aquifer,Paleoproterozoic granitoid complex,granitoid saprolite,Upper West Region,Wa,False,0.017342460822113815,EC06,apatite,trace_mineral,Ca;Mg;Na;K;HCO3;Cl;SO4;NO3;F,0.58,0.8521437889662115,0.18877344077397662,rock,rock,neutral,freshening,oxic,oxic,-0.11568754529210162,-0.23178261945865547,-0.042809645542985816,-0.10334700190954856,239.47999999999996,gibbs_rock_support
NGW-155,Granitoid fractured basement aquifer,Paleoproterozoic granitoid complex,granitoid saprolite,Upper West Region,Wa,False,0.0,EC13,pyrite_oxidation,redox,Ca;Mg;Na;K;HCO3;Cl;SO4;NO3;F,0.5,1.0,0.0666100863004187,rock,rock,neutral,freshening,oxic,oxic,-0.11568754529210162,-0.23178261945865547,-0.042809645542985816,-0.10334700190954856,239.47999999999996,
NGW-155,Granitoid fractured basement aquifer,Paleoproterozoic granitoid complex,granitoid saprolite,Upper West Region,Wa,True,0.5735783802177357,EC03,NO3src,anthropogenic,Ca;Mg;Na;K;HCO3;Cl;SO4;NO3;F,0.6799999999999999,0.6976763260710311,0.2405486006488456,rock,rock,neutral,freshening,oxic,oxic,-0.11568754529210162,-0.23178261945865547,-0.042809645542985816,-0.10334700190954856,239.47999999999996,nitrate_increase_support
NGW-155,Granitoid fractured basement aquifer,Paleoproterozoic granitoid complex,granitoid saprolite,Upper West Region,Wa,False,0.0,EC07,denit,redox,Ca;Mg;Na;K;HCO3;Cl;SO4;NO3;F,0.33999999999999997,1.3771277643359572,0.19392991027806575,rock,rock,neutral,freshening,oxic,oxic,-0.11568754529210162,-0.23178261945865547,-0.042809645542985816,-0.10334700190954856,239.47999999999996,denitrification_no3_conflict
NGW-155,Granitoid fractured basement aquifer,Paleoproterozoic granitoid complex,granitoid saprolite,Upper West Region,Wa,False,0.0,EC01,CaNa_exch,ion_exchange,Ca;Mg;Na;K;HCO3;Cl;SO4;NO3;F,0.54,0.9231163463866358,-0.4666990941102317,rock,rock,neutral,freshening,oxic,oxic,-0.11568754529210162,-0.23178261945865547,-0.042809645542985816,-0.10334700190954856,239.47999999999996,residual_opposed;cai_freshening_support
NGW-155,Granitoid fractured basement aquifer,Paleoproterozoic granitoid complex,granitoid saprolite,Upper West Region,Wa,True,0.044497230514500136,EC01,NaCa_exch,ion_exchange,Ca;Mg;Na;K;HCO3;Cl;SO4;NO3;F,0.38,1.2712491503214047,0.4666990941102317,rock,rock,neutral,freshening,oxic,oxic,-0.11568754529210162,-0.23178261945865547,-0.042809645542985816,-0.10334700190954856,239.47999999999996,residual_weakly_aligned;cai_freshening_conflict
NGW-155,Granitoid fractured basement aquifer,Paleoproterozoic granitoid complex,granitoid saprolite,Upper West Region,Wa,False,0.0,EC02,MgNa_exch,ion_exchange,Ca;Mg;Na;K;HCO3;Cl;SO4;NO3;F,0.54,0.9231163463866358,-0.4880889737138078,rock,rock,neutral,freshening,oxic,oxic,-0.11568754529210162,-0.23178261945865547,-0.042809645542985816,-0.10334700190954856,239.47999999999996,residual_opposed;cai_freshening_support
NGW-155,Granitoid fractured basement aquifer,Paleoproterozoic granitoid complex,granitoid saprolite,Upper West Region,Wa,False,0.0,EC02,NaMg_exch,ion_exchange,Ca;Mg;Na;K;HCO3;Cl;SO4;NO3;F,0.38,1.2712491503214047,0.4880889737138078,rock,rock,neutral,freshening,oxic,oxic,-0.11568754529210162,-0.23178261945865547,-0.042809645542985816,-0.10334700190954856,239.47999999999996,residual_weakly_aligned;cai_freshening_conflict
NGW-156,Granitoid fractured basement aquifer,Paleoproterozoic granitoid complex,gneissic fractured basement,Upper West Region,Jirapa,False,0.0,EC05,calcite,carbonate,Ca;Mg;Na;K;HCO3;Cl;SO4;NO3;F,0.7599999999999999,0.5945205479701945,0.782731698872061,rock,rock,freshening,freshening,oxic,oxic,-0.18864110189188818,-0.31856178364889715,-0.09014407201477154,-0.1435858860184324,135.38000000000005,residual_strongly_aligned;gibbs_rock_support;carbonate_alkalinity_support;saturated_dissolution_conflict
NGW-156,Granitoid fractured basement aquifer,Paleoproterozoic granitoid complex,gneissic fractured basement,Upper West Region,Jirapa,True,0.09531276870770662,EC08,dolomite,carbonate,Ca;Mg;Na;K;HCO3;Cl;SO4;NO3;F,0.95,0.40656965974059917,0.7703776699799804,rock,rock,freshening,freshening,oxic,oxic,-0.18864110189188818,-0.31856178364889715,-0.09014407201477154,-0.1435858860184324,135.38000000000005,residual_strongly_aligned;gibbs_rock_support;carbonate_alkalinity_support;undersaturated_dissolution_support
NGW-156,Granitoid fractured basement aquifer,Paleoproterozoic granitoid complex,gneissic fractured basement,Upper West Region,Jirapa,True,0.305862932237495,EC04,albite,silicate,Ca;Mg;Na;K;HCO3;Cl;SO4;NO3;F,0.8799999999999999,0.46766642700990935,0.8787605214798665,rock,rock,freshening,freshening,oxic,oxic,-0.18864110189188818,-0.31856178364889715,-0.09014407201477154,-0.1435858860184324,135.38000000000005,residual_strongly_aligned;gibbs_rock_support;albite_na_alkalinity_support
NGW-156,Granitoid fractured basement aquifer,Paleoproterozoic granitoid complex,gneissic fractured basement,Upper West Region,Jirapa,True,0.17360337318860553,EC05,anorthite,silicate,Ca;Mg;Na;K;HCO3;Cl;SO4;NO3;F,0.8799999999999999,0.46766642700990935,0.782731698872061,rock,rock,freshening,freshening,oxic,oxic,-0.18864110189188818,-0.31856178364889715,-0.09014407201477154,-0.1435858860184324,135.38000000000005,residual_strongly_aligned;gibbs_rock_support;carbonate_alkalinity_support
NGW-156,Granitoid fractured basement aquifer,Paleoproterozoic granitoid complex,gneissic fractured basement,Upper West Region,Jirapa,True,0.03557964344687449,EC12,k_feldspar,silicate,Ca;Mg;Na;K;HCO3;Cl;SO4;NO3;F,0.7799999999999999,0.571209063848815,0.5341324929638643,rock,rock,freshening,freshening,oxic,oxic,-0.18864110189188818,-0.31856178364889715,-0.09014407201477154,-0.1435858860184324,135.38000000000005,residual_weakly_aligned;gibbs_rock_support;k_feldspar_k_alkalinity_support
NGW-156,Granitoid fractured basement aquifer,Paleoproterozoic granitoid complex,gneissic fractured basement,Upper West Region,Jirapa,True,0.09454127963222578,EC10,gypsum,evaporite,Ca;Mg;Na;K;HCO3;Cl;SO4;NO3;F,0.88,0.46766642700990924,0.2626667238851775,rock,rock,freshening,freshening,oxic,oxic,-0.18864110189188818,-0.31856178364889715,-0.09014407201477154,-0.1435858860184324,135.38000000000005,residual_weakly_aligned;gypsum_ca_so4_support;undersaturated_dissolution_support;salinity_increase_support
NGW-156,Granitoid fractured basement aquifer,Paleoproterozoic granitoid complex,gneissic fractured basement,Upper West Region,Jirapa,True,0.475729561113356,EC11,halite,evaporite,Ca;Mg;Na;K;HCO3;Cl;SO4;NO3;F,0.95,0.40656965974059917,0.5938120742247425,rock,rock,freshening,freshening,oxic,oxic,-0.18864110189188818,-0.31856178364889715,-0.09014407201477154,-0.1435858860184324,135.38000000000005,residual_strongly_aligned;halite_na_cl_support;undersaturated_dissolution_support;salinity_increase_support
NGW-156,Granitoid fractured basement aquifer,Paleoproterozoic granitoid complex,gneissic fractured basement,Upper West Region,Jirapa,False,0.008761445825363952,EC09,fluorite,trace_mineral,Ca;Mg;Na;K;HCO3;Cl;SO4;NO3;F,0.6799999999999999,0.6976763260710311,0.16205746201543794,rock,rock,freshening,freshening,oxic,oxic,-0.18864110189188818,-0.31856178364889715,-0.09014407201477154,-0.1435858860184324,135.38000000000005,gibbs_rock_support;fluorite_ca_f_support
NGW-156,Granitoid fractured basement aquifer,Paleoproterozoic granitoid complex,gneissic fractured basement,Upper West Region,Jirapa,False,0.014989981269862182,EC06,apatite,trace_mineral,Ca;Mg;Na;K;HCO3;Cl;SO4;NO3;F,0.6799999999999999,0.6976763260710311,0.3027198481213418,rock,rock,freshening,freshening,oxic,oxic,-0.18864110189188818,-0.31856178364889715,-0.09014407201477154,-0.1435858860184324,135.38000000000005,residual_weakly_aligned;gibbs_rock_support
NGW-156,Granitoid fractured basement aquifer,Paleoproterozoic granitoid complex,gneissic fractured basement,Upper West Region,Jirapa,False,0.0,EC13,pyrite_oxidation,redox,Ca;Mg;Na;K;HCO3;Cl;SO4;NO3;F,0.5,1.0,0.06871380728946892,rock,rock,freshening,freshening,oxic,oxic,-0.18864110189188818,-0.31856178364889715,-0.09014407201477154,-0.1435858860184324,135.38000000000005,
NGW-156,Granitoid fractured basement aquifer,Paleoproterozoic granitoid complex,gneissic fractured basement,Upper West Region,Jirapa,False,0.0,EC03,NO3src,anthropogenic,Ca;Mg;Na;K;HCO3;Cl;SO4;NO3;F,0.5,1.0,-0.025721051135725485,rock,rock,freshening,freshening,oxic,oxic,-0.18864110189188818,-0.31856178364889715,-0.09014407201477154,-0.1435858860184324,135.38000000000005,
NGW-156,Granitoid fractured basement aquifer,Paleoproterozoic granitoid complex,gneissic fractured basement,Upper West Region,Jirapa,False,0.026587110972748778,EC07,denit,redox,Ca;Mg;Na;K;HCO3;Cl;SO4;NO3;F,0.8,0.5488116360940264,0.5299519085946837,rock,rock,freshening,freshening,oxic,oxic,-0.18864110189188818,-0.31856178364889715,-0.09014407201477154,-0.1435858860184324,135.38000000000005,residual_weakly_aligned;denitrification_stoichiometry_support
NGW-156,Granitoid fractured basement aquifer,Paleoproterozoic granitoid complex,gneissic fractured basement,Upper West Region,Jirapa,False,0.0,EC01,CaNa_exch,ion_exchange,Ca;Mg;Na;K;HCO3;Cl;SO4;NO3;F,0.54,0.9231163463866358,-0.32882220741341783,rock,rock,freshening,freshening,oxic,oxic,-0.18864110189188818,-0.31856178364889715,-0.09014407201477154,-0.1435858860184324,135.38000000000005,residual_opposed;cai_freshening_support
NGW-156,Granitoid fractured basement aquifer,Paleoproterozoic granitoid complex,gneissic fractured basement,Upper West Region,Jirapa,False,0.0,EC01,NaCa_exch,ion_exchange,Ca;Mg;Na;K;HCO3;Cl;SO4;NO3;F,0.38,1.2712491503214047,0.32882220741341783,rock,rock,freshening,freshening,oxic,oxic,-0.18864110189188818,-0.31856178364889715,-0.09014407201477154,-0.1435858860184324,135.38000000000005,residual_weakly_aligned;cai_freshening_conflict
NGW-156,Granitoid fractured basement aquifer,Paleoproterozoic granitoid complex,gneissic fractured basement,Upper West Region,Jirapa,False,0.0,EC02,MgNa_exch,ion_exchange,Ca;Mg;Na;K;HCO3;Cl;SO4;NO3;F,0.54,0.9231163463866358,-0.4325967477553837,rock,rock,freshening,freshening,oxic,oxic,-0.18864110189188818,-0.31856178364889715,-0.09014407201477154,-0.1435858860184324,135.38000000000005,residual_opposed;cai_freshening_support
NGW-156,Granitoid fractured basement aquifer,Paleoproterozoic granitoid complex,gneissic fractured basement,Upper West Region,Jirapa,False,0.0,EC02,NaMg_exch,ion_exchange,Ca;Mg;Na;K;HCO3;Cl;SO4;NO3;F,0.38,1.2712491503214047,0.4325967477553837,rock,rock,freshening,freshening,oxic,oxic,-0.18864110189188818,-0.31856178364889715,-0.09014407201477154,-0.1435858860184324,135.38000000000005,residual_weakly_aligned;cai_freshening_conflict
NGW-157,Regolith/alluvial shallow aquifer,Quaternary regolith/alluvium,lateritic saprolite,Upper West Region,Wa,False,0.013854313627529296,EC05,calcite,carbonate,Ca;Mg;Na;K;HCO3;Cl;SO4;NO3;F,0.8799999999999999,0.46766642700990935,0.572241790948688,rock,rock,freshening,freshening,oxic,oxic,-0.6451429137854944,-0.15461326230712827,-0.21091357289685522,-0.07333853838595956,211.06000000000006,residual_strongly_aligned;gibbs_rock_support;carbonate_alkalinity_support
NGW-157,Regolith/alluvial shallow aquifer,Quaternary regolith/alluvium,lateritic saprolite,Upper West Region,Wa,True,0.2301356046754997,EC08,dolomite,carbonate,Ca;Mg;Na;K;HCO3;Cl;SO4;NO3;F,0.8799999999999999,0.46766642700990935,0.5945930488517104,rock,rock,freshening,freshening,oxic,oxic,-0.6451429137854944,-0.15461326230712827,-0.21091357289685522,-0.07333853838595956,211.06000000000006,residual_strongly_aligned;gibbs_rock_support;carbonate_alkalinity_support
NGW-157,Regolith/alluvial shallow aquifer,Quaternary regolith/alluvium,lateritic saprolite,Upper West Region,Wa,False,0.0,EC04,albite,silicate,Ca;Mg;Na;K;HCO3;Cl;SO4;NO3;F,0.8799999999999999,0.46766642700990935,0.6877155011151881,rock,rock,freshening,freshening,oxic,oxic,-0.6451429137854944,-0.15461326230712827,-0.21091357289685522,-0.07333853838595956,211.06000000000006,residual_strongly_aligned;gibbs_rock_support;albite_na_alkalinity_support
NGW-157,Regolith/alluvial shallow aquifer,Quaternary regolith/alluvium,lateritic saprolite,Upper West Region,Wa,False,0.013854313627529296,EC05,anorthite,silicate,Ca;Mg;Na;K;HCO3;Cl;SO4;NO3;F,0.8799999999999999,0.46766642700990935,0.572241790948688,rock,rock,freshening,freshening,oxic,oxic,-0.6451429137854944,-0.15461326230712827,-0.21091357289685522,-0.07333853838595956,211.06000000000006,residual_strongly_aligned;gibbs_rock_support;carbonate_alkalinity_support
NGW-157,Regolith/alluvial shallow aquifer,Quaternary regolith/alluvium,lateritic saprolite,Upper West Region,Wa,True,0.10170132012187802,EC12,k_feldspar,silicate,Ca;Mg;Na;K;HCO3;Cl;SO4;NO3;F,0.7799999999999999,0.571209063848815,0.4084088765744564,rock,rock,freshening,freshening,oxic,oxic,-0.6451429137854944,-0.15461326230712827,-0.21091357289685522,-0.07333853838595956,211.06000000000006,residual_weakly_aligned;gibbs_rock_support;k_feldspar_k_alkalinity_support
NGW-157,Regolith/alluvial shallow aquifer,Quaternary regolith/alluvium,lateritic saprolite,Upper West Region,Wa,True,0.22641271664536697,EC10,gypsum,evaporite,Ca;Mg;Na;K;HCO3;Cl;SO4;NO3;F,0.88,0.46766642700990924,0.2981105729640281,rock,rock,freshening,freshening,oxic,oxic,-0.6451429137854944,-0.15461326230712827,-0.21091357289685522,-0.07333853838595956,211.06000000000006,residual_weakly_aligned;gypsum_ca_so4_support;undersaturated_dissolution_support;salinity_increase_support
NGW-157,Regolith/alluvial shallow aquifer,Quaternary regolith/alluvium,lateritic saprolite,Upper West Region,Wa,True,1.3022854925217857,EC11,halite,evaporite,Ca;Mg;Na;K;HCO3;Cl;SO4;NO3;F,0.95,0.40656965974059917,0.7601816809856582,rock,rock,freshening,freshening,oxic,oxic,-0.6451429137854944,-0.15461326230712827,-0.21091357289685522,-0.07333853838595956,211.06000000000006,residual_strongly_aligned;halite_na_cl_support;undersaturated_dissolution_support;salinity_increase_support
NGW-157,Regolith/alluvial shallow aquifer,Quaternary regolith/alluvium,lateritic saprolite,Upper West Region,Wa,False,0.0010370171308144304,EC09,fluorite,trace_mineral,Ca;Mg;Na;K;HCO3;Cl;SO4;NO3;F,0.6799999999999999,0.6976763260710311,0.11052778795697442,rock,rock,freshening,freshening,oxic,oxic,-0.6451429137854944,-0.15461326230712827,-0.21091357289685522,-0.07333853838595956,211.06000000000006,gibbs_rock_support;fluorite_ca_f_support
NGW-157,Regolith/alluvial shallow aquifer,Quaternary regolith/alluvium,lateritic saprolite,Upper West Region,Wa,False,0.0,EC06,apatite,trace_mineral,Ca;Mg;Na;K;HCO3;Cl;SO4;NO3;F,0.58,0.8521437889662115,0.2264308629936452,rock,rock,freshening,freshening,oxic,oxic,-0.6451429137854944,-0.15461326230712827,-0.21091357289685522,-0.07333853838595956,211.06000000000006,gibbs_rock_support
NGW-157,Regolith/alluvial shallow aquifer,Quaternary regolith/alluvium,lateritic saprolite,Upper West Region,Wa,True,0.08429080254417018,EC13,pyrite_oxidation,redox,Ca;Mg;Na;K;HCO3;Cl;SO4;NO3;F,0.5,1.0,0.1924805564287622,rock,rock,freshening,freshening,oxic,oxic,-0.6451429137854944,-0.15461326230712827,-0.21091357289685522,-0.07333853838595956,211.06000000000006,
NGW-157,Regolith/alluvial shallow aquifer,Quaternary regolith/alluvium,lateritic saprolite,Upper West Region,Wa,False,0.0,EC03,NO3src,anthropogenic,Ca;Mg;Na;K;HCO3;Cl;SO4;NO3;F,0.5,1.0,-0.02300143030175221,rock,rock,freshening,freshening,oxic,oxic,-0.6451429137854944,-0.15461326230712827,-0.21091357289685522,-0.07333853838595956,211.06000000000006,
NGW-157,Regolith/alluvial shallow aquifer,Quaternary regolith/alluvium,lateritic saprolite,Upper West Region,Wa,True,0.038953894582062096,EC07,denit,redox,Ca;Mg;Na;K;HCO3;Cl;SO4;NO3;F,0.8,0.5488116360940264,0.38765819214295844,rock,rock,freshening,freshening,oxic,oxic,-0.6451429137854944,-0.15461326230712827,-0.21091357289685522,-0.07333853838595956,211.06000000000006,residual_weakly_aligned;denitrification_stoichiometry_support
NGW-157,Regolith/alluvial shallow aquifer,Quaternary regolith/alluvium,lateritic saprolite,Upper West Region,Wa,False,0.0,EC01,CaNa_exch,ion_exchange,Ca;Mg;Na;K;HCO3;Cl;SO4;NO3;F,0.54,0.9231163463866358,-0.2976571553425367,rock,rock,freshening,freshening,oxic,oxic,-0.6451429137854944,-0.15461326230712827,-0.21091357289685522,-0.07333853838595956,211.06000000000006,residual_opposed;cai_freshening_support
NGW-157,Regolith/alluvial shallow aquifer,Quaternary regolith/alluvium,lateritic saprolite,Upper West Region,Wa,False,0.0,EC01,NaCa_exch,ion_exchange,Ca;Mg;Na;K;HCO3;Cl;SO4;NO3;F,0.38,1.2712491503214047,0.2976571553425367,rock,rock,freshening,freshening,oxic,oxic,-0.6451429137854944,-0.15461326230712827,-0.21091357289685522,-0.07333853838595956,211.06000000000006,residual_weakly_aligned;cai_freshening_conflict
NGW-157,Regolith/alluvial shallow aquifer,Quaternary regolith/alluvium,lateritic saprolite,Upper West Region,Wa,True,0.16196993160218198,EC02,MgNa_exch,ion_exchange,Ca;Mg;Na;K;HCO3;Cl;SO4;NO3;F,0.54,0.9231163463866358,-0.3139797480748111,rock,rock,freshening,freshening,oxic,oxic,-0.6451429137854944,-0.15461326230712827,-0.21091357289685522,-0.07333853838595956,211.06000000000006,residual_opposed;cai_freshening_support
NGW-157,Regolith/alluvial shallow aquifer,Quaternary regolith/alluvium,lateritic saprolite,Upper West Region,Wa,False,0.0,EC02,NaMg_exch,ion_exchange,Ca;Mg;Na;K;HCO3;Cl;SO4;NO3;F,0.38,1.2712491503214047,0.3139797480748111,rock,rock,freshening,freshening,oxic,oxic,-0.6451429137854944,-0.15461326230712827,-0.21091357289685522,-0.07333853838595956,211.06000000000006,residual_weakly_aligned;cai_freshening_conflict
NGW-158,Birimian fractured basement aquifer,Birimian Supergroup,phyllite–schist fractured zone,Upper West Region,Lambussie,False,0.0,EC05,calcite,carbonate,Ca;Mg;Na;K;HCO3;Cl;SO4;NO3;F,0.8799999999999999,0.46766642700990935,0.8255705392538633,rock,rock,neutral,freshening,oxic,oxic,-0.02061519083065191,-0.19374023957359138,-0.01415066334681541,-0.09562220908280188,148.73999999999995,residual_strongly_aligned;gibbs_rock_support;carbonate_alkalinity_support
NGW-158,Birimian fractured basement aquifer,Birimian Supergroup,phyllite–schist fractured zone,Upper West Region,Lambussie,True,0.2719135910309454,EC08,dolomite,carbonate,Ca;Mg;Na;K;HCO3;Cl;SO4;NO3;F,0.95,0.40656965974059917,0.8676985117150152,rock,rock,neutral,freshening,oxic,oxic,-0.02061519083065191,-0.19374023957359138,-0.01415066334681541,-0.09562220908280188,148.73999999999995,residual_strongly_aligned;gibbs_rock_support;carbonate_alkalinity_support;undersaturated_dissolution_support
NGW-158,Birimian fractured basement aquifer,Birimian Supergroup,phyllite–schist fractured zone,Upper West Region,Lambussie,False,0.0,EC04,albite,silicate,Ca;Mg;Na;K;HCO3;Cl;SO4;NO3;F,0.8799999999999999,0.46766642700990935,0.8384859807263944,rock,rock,neutral,freshening,oxic,oxic,-0.02061519083065191,-0.19374023957359138,-0.01415066334681541,-0.09562220908280188,148.73999999999995,residual_strongly_aligned;gibbs_rock_support;albite_na_alkalinity_support
NGW-158,Birimian fractured basement aquifer,Birimian Supergroup,phyllite–schist fractured zone,Upper West Region,Lambussie,False,0.0,EC05,anorthite,silicate,Ca;Mg;Na;K;HCO3;Cl;SO4;NO3;F,0.8799999999999999,0.46766642700990935,0.8255705392538633,rock,rock,neutral,freshening,oxic,oxic,-0.02061519083065191,-0.19374023957359138,-0.01415066334681541,-0.09562220908280188,148.73999999999995,residual_strongly_aligned;gibbs_rock_support;carbonate_alkalinity_support
NGW-158,Birimian fractured basement aquifer,Birimian Supergroup,phyllite–schist fractured zone,Upper West Region,Lambussie,True,0.05610385853166781,EC12,k_feldspar,silicate,Ca;Mg;Na;K;HCO3;Cl;SO4;NO3;F,0.8799999999999999,0.46766642700990935,0.5978297908009556,rock,rock,neutral,freshening,oxic,oxic,-0.02061519083065191,-0.19374023957359138,-0.01415066334681541,-0.09562220908280188,148.73999999999995,residual_strongly_aligned;gibbs_rock_support;k_feldspar_k_alkalinity_support
NGW-158,Birimian fractured basement aquifer,Birimian Supergroup,phyllite–schist fractured zone,Upper West Region,Lambussie,True,0.16912083297550226,EC10,gypsum,evaporite,Ca;Mg;Na;K;HCO3;Cl;SO4;NO3;F,0.88,0.46766642700990924,0.2848463098675858,rock,rock,neutral,freshening,oxic,oxic,-0.02061519083065191,-0.19374023957359138,-0.01415066334681541,-0.09562220908280188,148.73999999999995,residual_weakly_aligned;gypsum_ca_so4_support;undersaturated_dissolution_support;salinity_increase_support
NGW-158,Birimian fractured basement aquifer,Birimian Supergroup,phyllite–schist fractured zone,Upper West Region,Lambussie,True,0.31818483657014635,EC11,halite,evaporite,Ca;Mg;Na;K;HCO3;Cl;SO4;NO3;F,0.9,0.44932896411722156,0.43832454651131164,rock,rock,neutral,freshening,oxic,oxic,-0.02061519083065191,-0.19374023957359138,-0.01415066334681541,-0.09562220908280188,148.73999999999995,residual_weakly_aligned;halite_na_cl_support;undersaturated_dissolution_support;salinity_increase_support
NGW-158,Birimian fractured basement aquifer,Birimian Supergroup,phyllite–schist fractured zone,Upper West Region,Lambussie,False,0.0,EC09,fluorite,trace_mineral,Ca;Mg;Na;K;HCO3;Cl;SO4;NO3;F,0.6799999999999999,0.6976763260710311,0.135473502533958,rock,rock,neutral,freshening,oxic,oxic,-0.02061519083065191,-0.19374023957359138,-0.01415066334681541,-0.09562220908280188,148.73999999999995,gibbs_rock_support;fluorite_ca_f_support
NGW-158,Birimian fractured basement aquifer,Birimian Supergroup,phyllite–schist fractured zone,Upper West Region,Lambussie,False,0.01380112337794868,EC06,apatite,trace_mineral,Ca;Mg;Na;K;HCO3;Cl;SO4;NO3;F,0.6799999999999999,0.6976763260710311,0.27658402210905364,rock,rock,neutral,freshening,oxic,oxic,-0.02061519083065191,-0.19374023957359138,-0.01415066334681541,-0.09562220908280188,148.73999999999995,residual_weakly_aligned;gibbs_rock_support
NGW-158,Birimian fractured basement aquifer,Birimian Supergroup,phyllite–schist fractured zone,Upper West Region,Lambussie,False,0.0,EC13,pyrite_oxidation,redox,Ca;Mg;Na;K;HCO3;Cl;SO4;NO3;F,0.5,1.0,0.12309054894576177,rock,rock,neutral,freshening,oxic,oxic,-0.02061519083065191,-0.19374023957359138,-0.01415066334681541,-0.09562220908280188,148.73999999999995,
NGW-158,Birimian fractured basement aquifer,Birimian Supergroup,phyllite–schist fractured zone,Upper West Region,Lambussie,True,0.10611412131455703,EC03,NO3src,anthropogenic,Ca;Mg;Na;K;HCO3;Cl;SO4;NO3;F,0.6799999999999999,0.6976763260710311,0.08702302638134686,rock,rock,neutral,freshening,oxic,oxic,-0.02061519083065191,-0.19374023957359138,-0.01415066334681541,-0.09562220908280188,148.73999999999995,nitrate_increase_support
NGW-158,Birimian fractured basement aquifer,Birimian Supergroup,phyllite–schist fractured zone,Upper West Region,Lambussie,False,0.0,EC07,denit,redox,Ca;Mg;Na;K;HCO3;Cl;SO4;NO3;F,0.43999999999999995,1.1274968515793757,0.4922321722162558,rock,rock,neutral,freshening,oxic,oxic,-0.02061519083065191,-0.19374023957359138,-0.01415066334681541,-0.09562220908280188,148.73999999999995,residual_weakly_aligned;denitrification_no3_conflict
NGW-158,Birimian fractured basement aquifer,Birimian Supergroup,phyllite–schist fractured zone,Upper West Region,Lambussie,False,0.0,EC01,CaNa_exch,ion_exchange,Ca;Mg;Na;K;HCO3;Cl;SO4;NO3;F,0.72,0.6440364210831414,-0.23503965483231729,rock,rock,neutral,freshening,oxic,oxic,-0.02061519083065191,-0.19374023957359138,-0.01415066334681541,-0.09562220908280188,148.73999999999995,cai_freshening_support
NGW-158,Birimian fractured basement aquifer,Birimian Supergroup,phyllite–schist fractured zone,Upper West Region,Lambussie,True,0.12354743194304625,EC01,NaCa_exch,ion_exchange,Ca;Mg;Na;K;HCO3;Cl;SO4;NO3;F,0.28,1.552707218511336,0.23503965483231729,rock,rock,neutral,freshening,oxic,oxic,-0.02061519083065191,-0.19374023957359138,-0.01415066334681541,-0.09562220908280188,148.73999999999995,cai_freshening_conflict
NGW-158,Birimian fractured basement aquifer,Birimian Supergroup,phyllite–schist fractured zone,Upper West Region,Lambussie,False,0.006978783394987061,EC02,MgNa_exch,ion_exchange,Ca;Mg;Na;K;HCO3;Cl;SO4;NO3;F,0.72,0.6440364210831414,-0.23983856172539825,rock,rock,neutral,freshening,oxic,oxic,-0.02061519083065191,-0.19374023957359138,-0.01415066334681541,-0.09562220908280188,148.73999999999995,cai_freshening_support
NGW-158,Birimian fractured basement aquifer,Birimian Supergroup,phyllite–schist fractured zone,Upper West Region,Lambussie,False,0.0,EC02,NaMg_exch,ion_exchange,Ca;Mg;Na;K;HCO3;Cl;SO4;NO3;F,0.28,1.552707218511336,0.23983856172539825,rock,rock,neutral,freshening,oxic,oxic,-0.02061519083065191,-0.19374023957359138,-0.01415066334681541,-0.09562220908280188,148.73999999999995,cai_freshening_conflict
NGW-159,Birimian fractured basement aquifer,Birimian Supergroup,greenstone belt fracture network,Upper West Region,Lambussie,True,0.09936329002858779,EC05,calcite,carbonate,Ca;Mg;Na;K;HCO3;Cl;SO4;NO3;F,0.95,0.40656965974059917,0.6892690105195659,rock,rock,freshening,neutral,oxic,oxic,-0.441123409153272,0.015535091403294635,-0.18424927816089595,0.008327844146978498,164.17000000000002,residual_strongly_aligned;gibbs_rock_support;carbonate_alkalinity_support;undersaturated_dissolution_support
NGW-159,Birimian fractured basement aquifer,Birimian Supergroup,greenstone belt fracture network,Upper West Region,Lambussie,True,0.15160494427096602,EC08,dolomite,carbonate,Ca;Mg;Na;K;HCO3;Cl;SO4;NO3;F,0.95,0.40656965974059917,0.7077924799129413,rock,rock,freshening,neutral,oxic,oxic,-0.441123409153272,0.015535091403294635,-0.18424927816089595,0.008327844146978498,164.17000000000002,residual_strongly_aligned;gibbs_rock_support;carbonate_alkalinity_support;undersaturated_dissolution_support
NGW-159,Birimian fractured basement aquifer,Birimian Supergroup,greenstone belt fracture network,Upper West Region,Lambussie,False,0.0,EC04,albite,silicate,Ca;Mg;Na;K;HCO3;Cl;SO4;NO3;F,0.8799999999999999,0.46766642700990935,0.6298556310309248,rock,rock,freshening,neutral,oxic,oxic,-0.441123409153272,0.015535091403294635,-0.18424927816089595,0.008327844146978498,164.17000000000002,residual_strongly_aligned;gibbs_rock_support;albite_na_alkalinity_support
NGW-159,Birimian fractured basement aquifer,Birimian Supergroup,greenstone belt fracture network,Upper West Region,Lambussie,True,0.09936329002858779,EC05,anorthite,silicate,Ca;Mg;Na;K;HCO3;Cl;SO4;NO3;F,0.8799999999999999,0.46766642700990935,0.6892690105195659,rock,rock,freshening,neutral,oxic,oxic,-0.441123409153272,0.015535091403294635,-0.18424927816089595,0.008327844146978498,164.17000000000002,residual_strongly_aligned;gibbs_rock_support;carbonate_alkalinity_support
NGW-159,Birimian fractured basement aquifer,Birimian Supergroup,greenstone belt fracture network,Upper West Region,Lambussie,True,0.04062691308255646,EC12,k_feldspar,silicate,Ca;Mg;Na;K;HCO3;Cl;SO4;NO3;F,0.7799999999999999,0.571209063848815,0.45810764144663657,rock,rock,freshening,neutral,oxic,oxic,-0.441123409153272,0.015535091403294635,-0.18424927816089595,0.008327844146978498,164.17000000000002,residual_weakly_aligned;gibbs_rock_support;k_feldspar_k_alkalinity_support
NGW-159,Birimian fractured basement aquifer,Birimian Supergroup,greenstone belt fracture network,Upper West Region,Lambussie,True,0.09495280351505131,EC10,gypsum,evaporite,Ca;Mg;Na;K;HCO3;Cl;SO4;NO3;F,0.88,0.46766642700990924,0.26216626450234454,rock,rock,freshening,neutral,oxic,oxic,-0.441123409153272,0.015535091403294635,-0.18424927816089595,0.008327844146978498,164.17000000000002,residual_weakly_aligned;gypsum_ca_so4_support;undersaturated_dissolution_support;salinity_increase_support
NGW-159,Birimian fractured basement aquifer,Birimian Supergroup,greenstone belt fracture network,Upper West Region,Lambussie,True,1.017784820812729,EC11,halite,evaporite,Ca;Mg;Na;K;HCO3;Cl;SO4;NO3;F,0.95,0.40656965974059917,0.6343047516618794,rock,rock,freshening,neutral,oxic,oxic,-0.441123409153272,0.015535091403294635,-0.18424927816089595,0.008327844146978498,164.17000000000002,residual_strongly_aligned;halite_na_cl_support;undersaturated_dissolution_support;salinity_increase_support
NGW-159,Birimian fractured basement aquifer,Birimian Supergroup,greenstone belt fracture network,Upper West Region,Lambussie,False,0.004369799565247402,EC09,fluorite,trace_mineral,Ca;Mg;Na;K;HCO3;Cl;SO4;NO3;F,0.6799999999999999,0.6976763260710311,0.15157479676803437,rock,rock,freshening,neutral,oxic,oxic,-0.441123409153272,0.015535091403294635,-0.18424927816089595,0.008327844146978498,164.17000000000002,gibbs_rock_support;fluorite_ca_f_support
NGW-159,Birimian fractured basement aquifer,Birimian Supergroup,greenstone belt fracture network,Upper West Region,Lambussie,False,0.0036702551737504406,EC06,apatite,trace_mineral,Ca;Mg;Na;K;HCO3;Cl;SO4;NO3;F,0.6799999999999999,0.6976763260710311,0.30586380081139813,rock,rock,freshening,neutral,oxic,oxic,-0.441123409153272,0.015535091403294635,-0.18424927816089595,0.008327844146978498,164.17000000000002,residual_weakly_aligned;gibbs_rock_support
NGW-159,Birimian fractured basement aquifer,Birimian Supergroup,greenstone belt fracture network,Upper West Region,Lambussie,False,0.0,EC13,pyrite_oxidation,redox,Ca;Mg;Na;K;HCO3;Cl;SO4;NO3;F,0.5,1.0,0.06183915036380657,rock,rock,freshening,neutral,oxic,oxic,-0.441123409153272,0.015535091403294635,-0.18424927816089595,0.008327844146978498,164.17000000000002,
NGW-159,Birimian fractured basement aquifer,Birimian Supergroup,greenstone belt fracture network,Upper West Region,Lambussie,True,0.0939180060805572,EC03,NO3src,anthropogenic,Ca;Mg;Na;K;HCO3;Cl;SO4;NO3;F,0.6799999999999999,0.6976763260710311,0.06643357142776161,rock,rock,freshening,neutral,oxic,oxic,-0.441123409153272,0.015535091403294635,-0.18424927816089595,0.008327844146978498,164.17000000000002,nitrate_increase_support
NGW-159,Birimian fractured basement aquifer,Birimian Supergroup,greenstone belt fracture network,Upper West Region,Lambussie,False,0.0,EC07,denit,redox,Ca;Mg;Na;K;HCO3;Cl;SO4;NO3;F,0.43999999999999995,1.1274968515793757,0.3887196786294443,rock,rock,freshening,neutral,oxic,oxic,-0.441123409153272,0.015535091403294635,-0.18424927816089595,0.008327844146978498,164.17000000000002,residual_weakly_aligned;denitrification_no3_conflict
NGW-159,Birimian fractured basement aquifer,Birimian Supergroup,greenstone belt fracture network,Upper West Region,Lambussie,True,0.045348240988381645,EC01,CaNa_exch,ion_exchange,Ca;Mg;Na;K;HCO3;Cl;SO4;NO3;F,0.5,1.0,-0.10744234593657469,rock,rock,freshening,neutral,oxic,oxic,-0.441123409153272,0.015535091403294635,-0.18424927816089595,0.008327844146978498,164.17000000000002,
NGW-159,Birimian fractured basement aquifer,Birimian Supergroup,greenstone belt fracture network,Upper West Region,Lambussie,False,0.0,EC01,NaCa_exch,ion_exchange,Ca;Mg;Na;K;HCO3;Cl;SO4;NO3;F,0.5,1.0,0.10744234593657469,rock,rock,freshening,neutral,oxic,oxic,-0.441123409153272,0.015535091403294635,-0.18424927816089595,0.008327844146978498,164.17000000000002,
NGW-159,Birimian fractured basement aquifer,Birimian Supergroup,greenstone belt fracture network,Upper West Region,Lambussie,True,0.22061546792513606,EC02,MgNa_exch,ion_exchange,Ca;Mg;Na;K;HCO3;Cl;SO4;NO3;F,0.5,1.0,-0.1430385586173841,rock,rock,freshening,neutral,oxic,oxic,-0.441123409153272,0.015535091403294635,-0.18424927816089595,0.008327844146978498,164.17000000000002,
NGW-159,Birimian fractured basement aquifer,Birimian Supergroup,greenstone belt fracture network,Upper West Region,Lambussie,False,0.0,EC02,NaMg_exch,ion_exchange,Ca;Mg;Na;K;HCO3;Cl;SO4;NO3;F,0.5,1.0,0.1430385586173841,rock,rock,freshening,neutral,oxic,oxic,-0.441123409153272,0.015535091403294635,-0.18424927816089595,0.008327844146978498,164.17000000000002,
NGW-160,Birimian fractured basement aquifer,Birimian Supergroup,greenstone belt fracture network,Upper West Region,Tumu,True,0.15129461202224412,EC05,calcite,carbonate,Ca;Mg;Na;K;HCO3;Cl;SO4;NO3;F,0.95,0.40656965974059917,0.7352488284322435,rock,rock,freshening,neutral,oxic,oxic,-0.41244583302798726,-0.0007758249338573731,-0.1507751059313851,-0.00040631720786383287,149.92000000000002,residual_strongly_aligned;gibbs_rock_support;carbonate_alkalinity_support;undersaturated_dissolution_support
NGW-160,Birimian fractured basement aquifer,Birimian Supergroup,greenstone belt fracture network,Upper West Region,Tumu,True,0.13034426838356075,EC08,dolomite,carbonate,Ca;Mg;Na;K;HCO3;Cl;SO4;NO3;F,0.95,0.40656965974059917,0.7347882170929635,rock,rock,freshening,neutral,oxic,oxic,-0.41244583302798726,-0.0007758249338573731,-0.1507751059313851,-0.00040631720786383287,149.92000000000002,residual_strongly_aligned;gibbs_rock_support;carbonate_alkalinity_support;undersaturated_dissolution_support
NGW-160,Birimian fractured basement aquifer,Birimian Supergroup,greenstone belt fracture network,Upper West Region,Tumu,False,0.0,EC04,albite,silicate,Ca;Mg;Na;K;HCO3;Cl;SO4;NO3;F,0.8799999999999999,0.46766642700990935,0.6965517432689745,rock,rock,freshening,neutral,oxic,oxic,-0.41244583302798726,-0.0007758249338573731,-0.1507751059313851,-0.00040631720786383287,149.92000000000002,residual_strongly_aligned;gibbs_rock_support;albite_na_alkalinity_support
NGW-160,Birimian fractured basement aquifer,Birimian Supergroup,greenstone belt fracture network,Upper West Region,Tumu,True,0.15129461202224412,EC05,anorthite,silicate,Ca;Mg;Na;K;HCO3;Cl;SO4;NO3;F,0.8799999999999999,0.46766642700990935,0.7352488284322435,rock,rock,freshening,neutral,oxic,oxic,-0.41244583302798726,-0.0007758249338573731,-0.1507751059313851,-0.00040631720786383287,149.92000000000002,residual_strongly_aligned;gibbs_rock_support;carbonate_alkalinity_support
NGW-160,Birimian fractured basement aquifer,Birimian Supergroup,greenstone belt fracture network,Upper West Region,Tumu,True,0.0624141308781883,EC12,k_feldspar,silicate,Ca;Mg;Na;K;HCO3;Cl;SO4;NO3;F,0.7799999999999999,0.571209063848815,0.502497863302057,rock,rock,freshening,neutral,oxic,oxic,-0.41244583302798726,-0.0007758249338573731,-0.1507751059313851,-0.00040631720786383287,149.92000000000002,residual_weakly_aligned;gibbs_rock_support;k_feldspar_k_alkalinity_support
NGW-160,Birimian fractured basement aquifer,Birimian Supergroup,greenstone belt fracture network,Upper West Region,Tumu,False,0.0,EC10,gypsum,evaporite,Ca;Mg;Na;K;HCO3;Cl;SO4;NO3;F,0.64,0.7557837414557255,0.1676626506525419,rock,rock,freshening,neutral,oxic,oxic,-0.41244583302798726,-0.0007758249338573731,-0.1507751059313851,-0.00040631720786383287,149.92000000000002,undersaturated_dissolution_support;salinity_increase_support
NGW-160,Birimian fractured basement aquifer,Birimian Supergroup,greenstone belt fracture network,Upper West Region,Tumu,True,0.9850508193312753,EC11,halite,evaporite,Ca;Mg;Na;K;HCO3;Cl;SO4;NO3;F,0.95,0.40656965974059917,0.6311297953305415,rock,rock,freshening,neutral,oxic,oxic,-0.41244583302798726,-0.0007758249338573731,-0.1507751059313851,-0.00040631720786383287,149.92000000000002,residual_strongly_aligned;halite_na_cl_support;undersaturated_dissolution_support;salinity_increase_support
NGW-160,Birimian fractured basement aquifer,Birimian Supergroup,greenstone belt fracture network,Upper West Region,Tumu,False,-0.0,EC09,fluorite,trace_mineral,Ca;Mg;Na;K;HCO3;Cl;SO4;NO3;F,0.6799999999999999,0.6976763260710311,0.1309214122828741,rock,rock,freshening,neutral,oxic,oxic,-0.41244583302798726,-0.0007758249338573731,-0.1507751059313851,-0.00040631720786383287,149.92000000000002,gibbs_rock_support;fluorite_ca_f_support
NGW-160,Birimian fractured basement aquifer,Birimian Supergroup,greenstone belt fracture network,Upper West Region,Tumu,False,-0.0,EC06,apatite,trace_mineral,Ca;Mg;Na;K;HCO3;Cl;SO4;NO3;F,0.6799999999999999,0.6976763260710311,0.28396942210142484,rock,rock,freshening,neutral,oxic,oxic,-0.41244583302798726,-0.0007758249338573731,-0.1507751059313851,-0.00040631720786383287,149.92000000000002,residual_weakly_aligned;gibbs_rock_support
NGW-160,Birimian fractured basement aquifer,Birimian Supergroup,greenstone belt fracture network,Upper West Region,Tumu,False,0.0,EC13,pyrite_oxidation,redox,Ca;Mg;Na;K;HCO3;Cl;SO4;NO3;F,0.5,1.0,-0.052131657937406324,rock,rock,freshening,neutral,oxic,oxic,-0.41244583302798726,-0.0007758249338573731,-0.1507751059313851,-0.00040631720786383287,149.92000000000002,
NGW-160,Birimian fractured basement aquifer,Birimian Supergroup,greenstone belt fracture network,Upper West Region,Tumu,True,0.07546335802911008,EC03,NO3src,anthropogenic,Ca;Mg;Na;K;HCO3;Cl;SO4;NO3;F,0.6799999999999999,0.6976763260710311,0.05309654515663749,rock,rock,freshening,neutral,oxic,oxic,-0.41244583302798726,-0.0007758249338573731,-0.1507751059313851,-0.00040631720786383287,149.92000000000002,nitrate_increase_support
NGW-160,Birimian fractured basement aquifer,Birimian Supergroup,greenstone belt fracture network,Upper West Region,Tumu,False,0.0,EC07,denit,redox,Ca;Mg;Na;K;HCO3;Cl;SO4;NO3;F,0.43999999999999995,1.1274968515793757,0.44145765931893854,rock,rock,freshening,neutral,oxic,oxic,-0.41244583302798726,-0.0007758249338573731,-0.1507751059313851,-0.00040631720786383287,149.92000000000002,residual_weakly_aligned;denitrification_no3_conflict
NGW-160,Birimian fractured basement aquifer,Birimian Supergroup,greenstone belt fracture network,Upper West Region,Tumu,True,0.10240744279057955,EC01,CaNa_exch,ion_exchange,Ca;Mg;Na;K;HCO3;Cl;SO4;NO3;F,0.5,1.0,-0.14582717832408384,rock,rock,freshening,neutral,oxic,oxic,-0.41244583302798726,-0.0007758249338573731,-0.1507751059313851,-0.00040631720786383287,149.92000000000002,
NGW-160,Birimian fractured basement aquifer,Birimian Supergroup,greenstone belt fracture network,Upper West Region,Tumu,False,0.0,EC01,NaCa_exch,ion_exchange,Ca;Mg;Na;K;HCO3;Cl;SO4;NO3;F,0.5,1.0,0.14582717832408384,rock,rock,freshening,neutral,oxic,oxic,-0.41244583302798726,-0.0007758249338573731,-0.1507751059313851,-0.00040631720786383287,149.92000000000002,
NGW-160,Birimian fractured basement aquifer,Birimian Supergroup,greenstone belt fracture network,Upper West Region,Tumu,True,0.09773363902092942,EC02,MgNa_exch,ion_exchange,Ca;Mg;Na;K;HCO3;Cl;SO4;NO3;F,0.5,1.0,-0.22216221686775214,rock,rock,freshening,neutral,oxic,oxic,-0.41244583302798726,-0.0007758249338573731,-0.1507751059313851,-0.00040631720786383287,149.92000000000002,
NGW-160,Birimian fractured basement aquifer,Birimian Supergroup,greenstone belt fracture network,Upper West Region,Tumu,False,0.0,EC02,NaMg_exch,ion_exchange,Ca;Mg;Na;K;HCO3;Cl;SO4;NO3;F,0.5,1.0,0.22216221686775214,rock,rock,freshening,neutral,oxic,oxic,-0.41244583302798726,-0.0007758249338573731,-0.1507751059313851,-0.00040631720786383287,149.92000000000002,
