well_id,aquifer,geology_group,lithology,region,district,evidence_source,class_id,members,n_members,top_member,top_probability,top_margin,entropy,normalized_entropy,evidence_lifted_resolution_index,resolution_status,member_probabilities,member_evidence_scores
NGW-001,Middle Voltaian sedimentary aquifer,Voltaian Supergroup,mudstone–sandstone sequence,Northern Region,Yendi,ghana_field_hydrosheaf_core,EC01,CaNa_exch;NaCa_exch,2,CaNa_exch,0.6569858712715856,0.3139717425431712,0.6430145180344135,0.9276738563878553,0.07232614361214473,conditionally_preferred,CaNa_exch:0.656986;NaCa_exch:0.343014,CaNa_exch:0.54;NaCa_exch:0.38
NGW-001,Middle Voltaian sedimentary aquifer,Voltaian Supergroup,mudstone–sandstone sequence,Northern Region,Yendi,ghana_field_hydrosheaf_core,EC02,MgNa_exch;NaMg_exch,2,MgNa_exch,0.6569858712715856,0.3139717425431712,0.6430145180344135,0.9276738563878553,0.07232614361214473,conditionally_preferred,MgNa_exch:0.656986;NaMg_exch:0.343014,MgNa_exch:0.54;NaMg_exch:0.38
NGW-001,Middle Voltaian sedimentary aquifer,Voltaian Supergroup,mudstone–sandstone sequence,Northern Region,Yendi,ghana_field_hydrosheaf_core,EC05,anorthite;calcite,2,anorthite,0.5,0.0,0.6931471805599453,1.0,0.0,unresolved_equivalence_class,anorthite:0.5;calcite:0.5,anorthite:0.88;calcite:0.88
NGW-002,Middle Voltaian sedimentary aquifer,Voltaian Supergroup,sandstone–shale interbeds,Northern Region,Savelugu,ghana_field_hydrosheaf_core,EC01,CaNa_exch;NaCa_exch,2,CaNa_exch,0.6569858712715856,0.3139717425431712,0.6430145180344135,0.9276738563878553,0.07232614361214473,conditionally_preferred,CaNa_exch:0.656986;NaCa_exch:0.343014,CaNa_exch:0.54;NaCa_exch:0.38
NGW-002,Middle Voltaian sedimentary aquifer,Voltaian Supergroup,sandstone–shale interbeds,Northern Region,Savelugu,ghana_field_hydrosheaf_core,EC02,MgNa_exch;NaMg_exch,2,MgNa_exch,0.6569858712715856,0.3139717425431712,0.6430145180344135,0.9276738563878553,0.07232614361214473,conditionally_preferred,MgNa_exch:0.656986;NaMg_exch:0.343014,MgNa_exch:0.54;NaMg_exch:0.38
NGW-002,Middle Voltaian sedimentary aquifer,Voltaian Supergroup,sandstone–shale interbeds,Northern Region,Savelugu,ghana_field_hydrosheaf_core,EC05,anorthite;calcite,2,anorthite,0.6984126984126983,0.3968253968253966,0.612203226446043,0.8832225588099293,0.11677744119007072,conditionally_preferred,anorthite:0.698413;calcite:0.301587,anorthite:0.88;calcite:0.76
NGW-003,Middle Voltaian sedimentary aquifer,Voltaian Supergroup,mudstone–sandstone sequence,Northern Region,Yendi,ghana_field_hydrosheaf_core,EC01,CaNa_exch;NaCa_exch,2,CaNa_exch,0.868632707774799,0.7372654155495979,0.38897763217964554,0.5611761009623059,0.43882389903769414,evidence_lifted_resolved,CaNa_exch:0.868633;NaCa_exch:0.131367,CaNa_exch:0.72;NaCa_exch:0.28
NGW-003,Middle Voltaian sedimentary aquifer,Voltaian Supergroup,mudstone–sandstone sequence,Northern Region,Yendi,ghana_field_hydrosheaf_core,EC02,MgNa_exch;NaMg_exch,2,MgNa_exch,0.868632707774799,0.7372654155495979,0.38897763217964554,0.5611761009623059,0.43882389903769414,evidence_lifted_resolved,MgNa_exch:0.868633;NaMg_exch:0.131367,MgNa_exch:0.72;NaMg_exch:0.28
NGW-003,Middle Voltaian sedimentary aquifer,Voltaian Supergroup,mudstone–sandstone sequence,Northern Region,Yendi,ghana_field_hydrosheaf_core,EC05,anorthite;calcite,2,calcite,0.7215189873417722,0.4430379746835444,0.5915129633473719,0.8533728188427887,0.1466271811572113,conditionally_preferred,anorthite:0.278481;calcite:0.721519,anorthite:0.88;calcite:0.95
NGW-004,Middle Voltaian sedimentary aquifer,Voltaian Supergroup,mudstone–sandstone sequence,Northern Region,Mion,ghana_field_hydrosheaf_core,EC01,CaNa_exch;NaCa_exch,2,CaNa_exch,0.6569858712715856,0.3139717425431712,0.6430145180344135,0.9276738563878553,0.07232614361214473,conditionally_preferred,CaNa_exch:0.656986;NaCa_exch:0.343014,CaNa_exch:0.54;NaCa_exch:0.38
NGW-004,Middle Voltaian sedimentary aquifer,Voltaian Supergroup,mudstone–sandstone sequence,Northern Region,Mion,ghana_field_hydrosheaf_core,EC02,MgNa_exch;NaMg_exch,2,MgNa_exch,0.6569858712715856,0.3139717425431712,0.6430145180344135,0.9276738563878553,0.07232614361214473,conditionally_preferred,MgNa_exch:0.656986;NaMg_exch:0.343014,MgNa_exch:0.54;NaMg_exch:0.38
NGW-004,Middle Voltaian sedimentary aquifer,Voltaian Supergroup,mudstone–sandstone sequence,Northern Region,Mion,ghana_field_hydrosheaf_core,EC05,anorthite;calcite,2,calcite,0.7215189873417722,0.4430379746835444,0.5915129633473719,0.8533728188427887,0.1466271811572113,conditionally_preferred,anorthite:0.278481;calcite:0.721519,anorthite:0.88;calcite:0.95
NGW-005,Middle Voltaian sedimentary aquifer,Voltaian Supergroup,siltstone–shale unit,Northern Region,Yendi,ghana_field_hydrosheaf_core,EC01,CaNa_exch;NaCa_exch,2,CaNa_exch,0.5,0.0,0.6931471805599453,1.0,0.0,unresolved_equivalence_class,CaNa_exch:0.5;NaCa_exch:0.5,CaNa_exch:0.5;NaCa_exch:0.5
NGW-005,Middle Voltaian sedimentary aquifer,Voltaian Supergroup,siltstone–shale unit,Northern Region,Yendi,ghana_field_hydrosheaf_core,EC02,MgNa_exch;NaMg_exch,2,MgNa_exch,0.5,0.0,0.6931471805599453,1.0,0.0,unresolved_equivalence_class,MgNa_exch:0.5;NaMg_exch:0.5,MgNa_exch:0.5;NaMg_exch:0.5
NGW-005,Middle Voltaian sedimentary aquifer,Voltaian Supergroup,siltstone–shale unit,Northern Region,Yendi,ghana_field_hydrosheaf_core,EC05,anorthite;calcite,2,calcite,0.7215189873417722,0.4430379746835444,0.5915129633473719,0.8533728188427887,0.1466271811572113,conditionally_preferred,anorthite:0.278481;calcite:0.721519,anorthite:0.88;calcite:0.95
NGW-006,Middle Voltaian sedimentary aquifer,Voltaian Supergroup,mudstone–sandstone sequence,Northern Region,Mion,ghana_field_hydrosheaf_core,EC01,CaNa_exch;NaCa_exch,2,CaNa_exch,0.6569858712715856,0.3139717425431712,0.6430145180344135,0.9276738563878553,0.07232614361214473,conditionally_preferred,CaNa_exch:0.656986;NaCa_exch:0.343014,CaNa_exch:0.54;NaCa_exch:0.38
NGW-006,Middle Voltaian sedimentary aquifer,Voltaian Supergroup,mudstone–sandstone sequence,Northern Region,Mion,ghana_field_hydrosheaf_core,EC02,MgNa_exch;NaMg_exch,2,MgNa_exch,0.6569858712715856,0.3139717425431712,0.6430145180344135,0.9276738563878553,0.07232614361214473,conditionally_preferred,MgNa_exch:0.656986;NaMg_exch:0.343014,MgNa_exch:0.54;NaMg_exch:0.38
NGW-006,Middle Voltaian sedimentary aquifer,Voltaian Supergroup,mudstone–sandstone sequence,Northern Region,Mion,ghana_field_hydrosheaf_core,EC05,anorthite;calcite,2,calcite,0.7215189873417722,0.4430379746835444,0.5915129633473719,0.8533728188427887,0.1466271811572113,conditionally_preferred,anorthite:0.278481;calcite:0.721519,anorthite:0.88;calcite:0.95
NGW-008,Middle Voltaian sedimentary aquifer,Voltaian Supergroup,sandstone–shale interbeds,Northern Region,Tamale,ghana_field_hydrosheaf_core,EC01,CaNa_exch;NaCa_exch,2,CaNa_exch,0.6569858712715856,0.3139717425431712,0.6430145180344135,0.9276738563878553,0.07232614361214473,conditionally_preferred,CaNa_exch:0.656986;NaCa_exch:0.343014,CaNa_exch:0.54;NaCa_exch:0.38
NGW-008,Middle Voltaian sedimentary aquifer,Voltaian Supergroup,sandstone–shale interbeds,Northern Region,Tamale,ghana_field_hydrosheaf_core,EC02,MgNa_exch;NaMg_exch,2,MgNa_exch,0.6569858712715856,0.3139717425431712,0.6430145180344135,0.9276738563878553,0.07232614361214473,conditionally_preferred,MgNa_exch:0.656986;NaMg_exch:0.343014,MgNa_exch:0.54;NaMg_exch:0.38
NGW-008,Middle Voltaian sedimentary aquifer,Voltaian Supergroup,sandstone–shale interbeds,Northern Region,Tamale,ghana_field_hydrosheaf_core,EC05,anorthite;calcite,2,calcite,0.6740947075208912,0.34818941504178247,0.6312408283176507,0.9106880126205162,0.08931198737948376,conditionally_preferred,anorthite:0.325905;calcite:0.674095,anorthite:0.78;calcite:0.88
NGW-009,Middle Voltaian sedimentary aquifer,Voltaian Supergroup,sandstone–shale interbeds,Northern Region,Mion,ghana_field_hydrosheaf_core,EC01,CaNa_exch;NaCa_exch,2,CaNa_exch,0.868632707774799,0.7372654155495979,0.38897763217964554,0.5611761009623059,0.43882389903769414,evidence_lifted_resolved,CaNa_exch:0.868633;NaCa_exch:0.131367,CaNa_exch:0.72;NaCa_exch:0.28
NGW-009,Middle Voltaian sedimentary aquifer,Voltaian Supergroup,sandstone–shale interbeds,Northern Region,Mion,ghana_field_hydrosheaf_core,EC02,MgNa_exch;NaMg_exch,2,MgNa_exch,0.6569858712715856,0.3139717425431712,0.6430145180344135,0.9276738563878553,0.07232614361214473,conditionally_preferred,MgNa_exch:0.656986;NaMg_exch:0.343014,MgNa_exch:0.54;NaMg_exch:0.38
NGW-009,Middle Voltaian sedimentary aquifer,Voltaian Supergroup,sandstone–shale interbeds,Northern Region,Mion,ghana_field_hydrosheaf_core,EC05,anorthite;calcite,2,calcite,0.7215189873417722,0.4430379746835444,0.5915129633473719,0.8533728188427887,0.1466271811572113,conditionally_preferred,anorthite:0.278481;calcite:0.721519,anorthite:0.88;calcite:0.95
NGW-010,Middle Voltaian sedimentary aquifer,Voltaian Supergroup,mudstone–sandstone sequence,Northern Region,Mion,ghana_field_hydrosheaf_core,EC01,CaNa_exch;NaCa_exch,2,CaNa_exch,0.868632707774799,0.7372654155495979,0.38897763217964554,0.5611761009623059,0.43882389903769414,evidence_lifted_resolved,CaNa_exch:0.868633;NaCa_exch:0.131367,CaNa_exch:0.72;NaCa_exch:0.28
NGW-010,Middle Voltaian sedimentary aquifer,Voltaian Supergroup,mudstone–sandstone sequence,Northern Region,Mion,ghana_field_hydrosheaf_core,EC02,MgNa_exch;NaMg_exch,2,MgNa_exch,0.6569858712715856,0.3139717425431712,0.6430145180344135,0.9276738563878553,0.07232614361214473,conditionally_preferred,MgNa_exch:0.656986;NaMg_exch:0.343014,MgNa_exch:0.54;NaMg_exch:0.38
NGW-010,Middle Voltaian sedimentary aquifer,Voltaian Supergroup,mudstone–sandstone sequence,Northern Region,Mion,ghana_field_hydrosheaf_core,EC05,anorthite;calcite,2,calcite,0.7215189873417722,0.4430379746835444,0.5915129633473719,0.8533728188427887,0.1466271811572113,conditionally_preferred,anorthite:0.278481;calcite:0.721519,anorthite:0.88;calcite:0.95
NGW-011,Middle Voltaian sedimentary aquifer,Voltaian Supergroup,sandstone–shale interbeds,Northern Region,Mion,ghana_field_hydrosheaf_core,EC01,CaNa_exch;NaCa_exch,2,CaNa_exch,0.6569858712715856,0.3139717425431712,0.6430145180344135,0.9276738563878553,0.07232614361214473,conditionally_preferred,CaNa_exch:0.656986;NaCa_exch:0.343014,CaNa_exch:0.54;NaCa_exch:0.38
NGW-011,Middle Voltaian sedimentary aquifer,Voltaian Supergroup,sandstone–shale interbeds,Northern Region,Mion,ghana_field_hydrosheaf_core,EC02,MgNa_exch;NaMg_exch,2,MgNa_exch,0.6569858712715856,0.3139717425431712,0.6430145180344135,0.9276738563878553,0.07232614361214473,conditionally_preferred,MgNa_exch:0.656986;NaMg_exch:0.343014,MgNa_exch:0.54;NaMg_exch:0.38
NGW-011,Middle Voltaian sedimentary aquifer,Voltaian Supergroup,sandstone–shale interbeds,Northern Region,Mion,ghana_field_hydrosheaf_core,EC05,anorthite;calcite,2,anorthite,0.5,0.0,0.6931471805599453,1.0,0.0,unresolved_equivalence_class,anorthite:0.5;calcite:0.5,anorthite:0.88;calcite:0.88
NGW-012,Birimian fractured basement aquifer,Birimian Supergroup,phyllite–schist fractured zone,Northern Region,Savelugu,ghana_field_hydrosheaf_core,EC01,CaNa_exch;NaCa_exch,2,CaNa_exch,0.6569858712715856,0.3139717425431712,0.6430145180344135,0.9276738563878553,0.07232614361214473,conditionally_preferred,CaNa_exch:0.656986;NaCa_exch:0.343014,CaNa_exch:0.54;NaCa_exch:0.38
NGW-012,Birimian fractured basement aquifer,Birimian Supergroup,phyllite–schist fractured zone,Northern Region,Savelugu,ghana_field_hydrosheaf_core,EC02,MgNa_exch;NaMg_exch,2,MgNa_exch,0.5598086124401914,0.11961722488038284,0.685975881343523,0.9896540021837368,0.01034599781626322,unresolved_equivalence_class,MgNa_exch:0.559809;NaMg_exch:0.440191,MgNa_exch:0.54;NaMg_exch:0.48
NGW-012,Birimian fractured basement aquifer,Birimian Supergroup,phyllite–schist fractured zone,Northern Region,Savelugu,ghana_field_hydrosheaf_core,EC05,anorthite;calcite,2,calcite,0.7215189873417722,0.4430379746835444,0.5915129633473719,0.8533728188427887,0.1466271811572113,conditionally_preferred,anorthite:0.278481;calcite:0.721519,anorthite:0.88;calcite:0.95
NGW-013,Middle Voltaian sedimentary aquifer,Voltaian Supergroup,mudstone–sandstone sequence,Northern Region,Yendi,ghana_field_hydrosheaf_core,EC01,CaNa_exch;NaCa_exch,2,CaNa_exch,0.5598086124401914,0.11961722488038284,0.685975881343523,0.9896540021837368,0.01034599781626322,unresolved_equivalence_class,CaNa_exch:0.559809;NaCa_exch:0.440191,CaNa_exch:0.54;NaCa_exch:0.48
NGW-013,Middle Voltaian sedimentary aquifer,Voltaian Supergroup,mudstone–sandstone sequence,Northern Region,Yendi,ghana_field_hydrosheaf_core,EC02,MgNa_exch;NaMg_exch,2,MgNa_exch,0.5598086124401914,0.11961722488038284,0.685975881343523,0.9896540021837368,0.01034599781626322,unresolved_equivalence_class,MgNa_exch:0.559809;NaMg_exch:0.440191,MgNa_exch:0.54;NaMg_exch:0.48
NGW-013,Middle Voltaian sedimentary aquifer,Voltaian Supergroup,mudstone–sandstone sequence,Northern Region,Yendi,ghana_field_hydrosheaf_core,EC05,anorthite;calcite,2,calcite,0.6740947075208912,0.34818941504178247,0.6312408283176507,0.9106880126205162,0.08931198737948376,conditionally_preferred,anorthite:0.325905;calcite:0.674095,anorthite:0.78;calcite:0.88
NGW-016,Middle Voltaian sedimentary aquifer,Voltaian Supergroup,sandstone–shale interbeds,Northern Region,Tamale,ghana_field_hydrosheaf_core,EC01,CaNa_exch;NaCa_exch,2,CaNa_exch,0.6569858712715856,0.3139717425431712,0.6430145180344135,0.9276738563878553,0.07232614361214473,conditionally_preferred,CaNa_exch:0.656986;NaCa_exch:0.343014,CaNa_exch:0.54;NaCa_exch:0.38
NGW-016,Middle Voltaian sedimentary aquifer,Voltaian Supergroup,sandstone–shale interbeds,Northern Region,Tamale,ghana_field_hydrosheaf_core,EC02,MgNa_exch;NaMg_exch,2,MgNa_exch,0.6569858712715856,0.3139717425431712,0.6430145180344135,0.9276738563878553,0.07232614361214473,conditionally_preferred,MgNa_exch:0.656986;NaMg_exch:0.343014,MgNa_exch:0.54;NaMg_exch:0.38
NGW-016,Middle Voltaian sedimentary aquifer,Voltaian Supergroup,sandstone–shale interbeds,Northern Region,Tamale,ghana_field_hydrosheaf_core,EC05,anorthite;calcite,2,calcite,0.7215189873417722,0.4430379746835444,0.5915129633473719,0.8533728188427887,0.1466271811572113,conditionally_preferred,anorthite:0.278481;calcite:0.721519,anorthite:0.88;calcite:0.95
NGW-018,Middle Voltaian sedimentary aquifer,Voltaian Supergroup,mudstone–sandstone sequence,Northern Region,Yendi,ghana_field_hydrosheaf_core,EC01,CaNa_exch;NaCa_exch,2,CaNa_exch,0.5,0.0,0.6931471805599453,1.0,0.0,unresolved_equivalence_class,CaNa_exch:0.5;NaCa_exch:0.5,CaNa_exch:0.5;NaCa_exch:0.5
NGW-018,Middle Voltaian sedimentary aquifer,Voltaian Supergroup,mudstone–sandstone sequence,Northern Region,Yendi,ghana_field_hydrosheaf_core,EC02,MgNa_exch;NaMg_exch,2,MgNa_exch,0.5,0.0,0.6931471805599453,1.0,0.0,unresolved_equivalence_class,MgNa_exch:0.5;NaMg_exch:0.5,MgNa_exch:0.5;NaMg_exch:0.5
NGW-018,Middle Voltaian sedimentary aquifer,Voltaian Supergroup,mudstone–sandstone sequence,Northern Region,Yendi,ghana_field_hydrosheaf_core,EC05,anorthite;calcite,2,calcite,0.7215189873417722,0.4430379746835444,0.5915129633473719,0.8533728188427887,0.1466271811572113,conditionally_preferred,anorthite:0.278481;calcite:0.721519,anorthite:0.88;calcite:0.95
NGW-019,Birimian fractured basement aquifer,Birimian Supergroup,phyllite–schist fractured zone,Northern Region,Savelugu,ghana_field_hydrosheaf_core,EC01,CaNa_exch;NaCa_exch,2,CaNa_exch,0.6569858712715856,0.3139717425431712,0.6430145180344135,0.9276738563878553,0.07232614361214473,conditionally_preferred,CaNa_exch:0.656986;NaCa_exch:0.343014,CaNa_exch:0.54;NaCa_exch:0.38
NGW-019,Birimian fractured basement aquifer,Birimian Supergroup,phyllite–schist fractured zone,Northern Region,Savelugu,ghana_field_hydrosheaf_core,EC02,MgNa_exch;NaMg_exch,2,MgNa_exch,0.6569858712715856,0.3139717425431712,0.6430145180344135,0.9276738563878553,0.07232614361214473,conditionally_preferred,MgNa_exch:0.656986;NaMg_exch:0.343014,MgNa_exch:0.54;NaMg_exch:0.38
NGW-019,Birimian fractured basement aquifer,Birimian Supergroup,phyllite–schist fractured zone,Northern Region,Savelugu,ghana_field_hydrosheaf_core,EC05,anorthite;calcite,2,calcite,0.7215189873417722,0.4430379746835444,0.5915129633473719,0.8533728188427887,0.1466271811572113,conditionally_preferred,anorthite:0.278481;calcite:0.721519,anorthite:0.88;calcite:0.95
NGW-020,Middle Voltaian sedimentary aquifer,Voltaian Supergroup,siltstone–shale unit,Northern Region,Gushegu,ghana_field_hydrosheaf_core,EC01,CaNa_exch;NaCa_exch,2,CaNa_exch,0.5598086124401914,0.11961722488038284,0.685975881343523,0.9896540021837368,0.01034599781626322,unresolved_equivalence_class,CaNa_exch:0.559809;NaCa_exch:0.440191,CaNa_exch:0.54;NaCa_exch:0.48
NGW-020,Middle Voltaian sedimentary aquifer,Voltaian Supergroup,siltstone–shale unit,Northern Region,Gushegu,ghana_field_hydrosheaf_core,EC02,MgNa_exch;NaMg_exch,2,MgNa_exch,0.5598086124401914,0.11961722488038284,0.685975881343523,0.9896540021837368,0.01034599781626322,unresolved_equivalence_class,MgNa_exch:0.559809;NaMg_exch:0.440191,MgNa_exch:0.54;NaMg_exch:0.48
NGW-020,Middle Voltaian sedimentary aquifer,Voltaian Supergroup,siltstone–shale unit,Northern Region,Gushegu,ghana_field_hydrosheaf_core,EC05,anorthite;calcite,2,calcite,0.6740947075208912,0.34818941504178247,0.6312408283176507,0.9106880126205162,0.08931198737948376,conditionally_preferred,anorthite:0.325905;calcite:0.674095,anorthite:0.78;calcite:0.88
NGW-021,Middle Voltaian sedimentary aquifer,Voltaian Supergroup,mudstone–sandstone sequence,Northern Region,Savelugu,ghana_field_hydrosheaf_core,EC01,CaNa_exch;NaCa_exch,2,CaNa_exch,0.868632707774799,0.7372654155495979,0.38897763217964554,0.5611761009623059,0.43882389903769414,evidence_lifted_resolved,CaNa_exch:0.868633;NaCa_exch:0.131367,CaNa_exch:0.72;NaCa_exch:0.28
NGW-021,Middle Voltaian sedimentary aquifer,Voltaian Supergroup,mudstone–sandstone sequence,Northern Region,Savelugu,ghana_field_hydrosheaf_core,EC02,MgNa_exch;NaMg_exch,2,MgNa_exch,0.868632707774799,0.7372654155495979,0.38897763217964554,0.5611761009623059,0.43882389903769414,evidence_lifted_resolved,MgNa_exch:0.868633;NaMg_exch:0.131367,MgNa_exch:0.72;NaMg_exch:0.28
NGW-021,Middle Voltaian sedimentary aquifer,Voltaian Supergroup,mudstone–sandstone sequence,Northern Region,Savelugu,ghana_field_hydrosheaf_core,EC05,anorthite;calcite,2,anorthite,0.6461988304093567,0.2923976608187134,0.6497680088385437,0.9374170840796632,0.06258291592033682,conditionally_preferred,anorthite:0.646199;calcite:0.353801,anorthite:0.78;calcite:0.66
NGW-022,Middle Voltaian sedimentary aquifer,Voltaian Supergroup,mudstone–sandstone sequence,Northern Region,Mion,ghana_field_hydrosheaf_core,EC01,CaNa_exch;NaCa_exch,2,CaNa_exch,0.6569858712715856,0.3139717425431712,0.6430145180344135,0.9276738563878553,0.07232614361214473,conditionally_preferred,CaNa_exch:0.656986;NaCa_exch:0.343014,CaNa_exch:0.54;NaCa_exch:0.38
NGW-022,Middle Voltaian sedimentary aquifer,Voltaian Supergroup,mudstone–sandstone sequence,Northern Region,Mion,ghana_field_hydrosheaf_core,EC02,MgNa_exch;NaMg_exch,2,MgNa_exch,0.6569858712715856,0.3139717425431712,0.6430145180344135,0.9276738563878553,0.07232614361214473,conditionally_preferred,MgNa_exch:0.656986;NaMg_exch:0.343014,MgNa_exch:0.54;NaMg_exch:0.38
NGW-022,Middle Voltaian sedimentary aquifer,Voltaian Supergroup,mudstone–sandstone sequence,Northern Region,Mion,ghana_field_hydrosheaf_core,EC05,anorthite;calcite,2,calcite,0.6740947075208912,0.34818941504178247,0.6312408283176507,0.9106880126205162,0.08931198737948376,conditionally_preferred,anorthite:0.325905;calcite:0.674095,anorthite:0.78;calcite:0.88
NGW-023,Regolith/alluvial shallow aquifer,Quaternary regolith/alluvium,valley alluvium,Northern Region,Tolon,ghana_field_hydrosheaf_core,EC01,CaNa_exch;NaCa_exch,2,NaCa_exch,0.7611940298507462,0.5223880597014925,0.5496996817077255,0.7930490047779772,0.20695099522202276,conditionally_preferred,CaNa_exch:0.238806;NaCa_exch:0.761194,CaNa_exch:0.32;NaCa_exch:0.6
NGW-023,Regolith/alluvial shallow aquifer,Quaternary regolith/alluvium,valley alluvium,Northern Region,Tolon,ghana_field_hydrosheaf_core,EC02,MgNa_exch;NaMg_exch,2,NaMg_exch,0.7611940298507462,0.5223880597014925,0.5496996817077255,0.7930490047779772,0.20695099522202276,conditionally_preferred,MgNa_exch:0.238806;NaMg_exch:0.761194,MgNa_exch:0.32;NaMg_exch:0.6
NGW-023,Regolith/alluvial shallow aquifer,Quaternary regolith/alluvium,valley alluvium,Northern Region,Tolon,ghana_field_hydrosheaf_core,EC05,anorthite;calcite,2,anorthite,0.6984126984126983,0.3968253968253966,0.612203226446043,0.8832225588099293,0.11677744119007072,conditionally_preferred,anorthite:0.698413;calcite:0.301587,anorthite:0.88;calcite:0.76
NGW-025,Middle Voltaian sedimentary aquifer,Voltaian Supergroup,sandstone–shale interbeds,Northern Region,Tolon,ghana_field_hydrosheaf_core,EC01,CaNa_exch;NaCa_exch,2,CaNa_exch,0.868632707774799,0.7372654155495979,0.38897763217964554,0.5611761009623059,0.43882389903769414,evidence_lifted_resolved,CaNa_exch:0.868633;NaCa_exch:0.131367,CaNa_exch:0.72;NaCa_exch:0.28
NGW-025,Middle Voltaian sedimentary aquifer,Voltaian Supergroup,sandstone–shale interbeds,Northern Region,Tolon,ghana_field_hydrosheaf_core,EC02,MgNa_exch;NaMg_exch,2,MgNa_exch,0.868632707774799,0.7372654155495979,0.38897763217964554,0.5611761009623059,0.43882389903769414,evidence_lifted_resolved,MgNa_exch:0.868633;NaMg_exch:0.131367,MgNa_exch:0.72;NaMg_exch:0.28
NGW-025,Middle Voltaian sedimentary aquifer,Voltaian Supergroup,sandstone–shale interbeds,Northern Region,Tolon,ghana_field_hydrosheaf_core,EC05,anorthite;calcite,2,calcite,0.7215189873417722,0.4430379746835444,0.5915129633473719,0.8533728188427887,0.1466271811572113,conditionally_preferred,anorthite:0.278481;calcite:0.721519,anorthite:0.88;calcite:0.95
NGW-026,Regolith/alluvial shallow aquifer,Quaternary regolith/alluvium,weathered regolith,Northern Region,Gushegu,ghana_field_hydrosheaf_core,EC01,CaNa_exch;NaCa_exch,2,CaNa_exch,0.6569858712715856,0.3139717425431712,0.6430145180344135,0.9276738563878553,0.07232614361214473,conditionally_preferred,CaNa_exch:0.656986;NaCa_exch:0.343014,CaNa_exch:0.54;NaCa_exch:0.38
NGW-026,Regolith/alluvial shallow aquifer,Quaternary regolith/alluvium,weathered regolith,Northern Region,Gushegu,ghana_field_hydrosheaf_core,EC02,MgNa_exch;NaMg_exch,2,MgNa_exch,0.6569858712715856,0.3139717425431712,0.6430145180344135,0.9276738563878553,0.07232614361214473,conditionally_preferred,MgNa_exch:0.656986;NaMg_exch:0.343014,MgNa_exch:0.54;NaMg_exch:0.38
NGW-026,Regolith/alluvial shallow aquifer,Quaternary regolith/alluvium,weathered regolith,Northern Region,Gushegu,ghana_field_hydrosheaf_core,EC05,anorthite;calcite,2,calcite,0.7215189873417722,0.4430379746835444,0.5915129633473719,0.8533728188427887,0.1466271811572113,conditionally_preferred,anorthite:0.278481;calcite:0.721519,anorthite:0.88;calcite:0.95
NGW-027,Middle Voltaian sedimentary aquifer,Voltaian Supergroup,mudstone–sandstone sequence,Northern Region,Savelugu,ghana_field_hydrosheaf_core,EC01,CaNa_exch;NaCa_exch,2,CaNa_exch,0.5598086124401914,0.11961722488038284,0.685975881343523,0.9896540021837368,0.01034599781626322,unresolved_equivalence_class,CaNa_exch:0.559809;NaCa_exch:0.440191,CaNa_exch:0.54;NaCa_exch:0.48
NGW-027,Middle Voltaian sedimentary aquifer,Voltaian Supergroup,mudstone–sandstone sequence,Northern Region,Savelugu,ghana_field_hydrosheaf_core,EC02,MgNa_exch;NaMg_exch,2,MgNa_exch,0.5598086124401914,0.11961722488038284,0.685975881343523,0.9896540021837368,0.01034599781626322,unresolved_equivalence_class,MgNa_exch:0.559809;NaMg_exch:0.440191,MgNa_exch:0.54;NaMg_exch:0.48
NGW-027,Middle Voltaian sedimentary aquifer,Voltaian Supergroup,mudstone–sandstone sequence,Northern Region,Savelugu,ghana_field_hydrosheaf_core,EC05,anorthite;calcite,2,calcite,0.6740947075208912,0.34818941504178247,0.6312408283176507,0.9106880126205162,0.08931198737948376,conditionally_preferred,anorthite:0.325905;calcite:0.674095,anorthite:0.78;calcite:0.88
NGW-028,Middle Voltaian sedimentary aquifer,Voltaian Supergroup,sandstone–shale interbeds,Northern Region,Nanumba North,ghana_field_hydrosheaf_core,EC01,CaNa_exch;NaCa_exch,2,CaNa_exch,0.868632707774799,0.7372654155495979,0.38897763217964554,0.5611761009623059,0.43882389903769414,evidence_lifted_resolved,CaNa_exch:0.868633;NaCa_exch:0.131367,CaNa_exch:0.72;NaCa_exch:0.28
NGW-028,Middle Voltaian sedimentary aquifer,Voltaian Supergroup,sandstone–shale interbeds,Northern Region,Nanumba North,ghana_field_hydrosheaf_core,EC02,MgNa_exch;NaMg_exch,2,MgNa_exch,0.868632707774799,0.7372654155495979,0.38897763217964554,0.5611761009623059,0.43882389903769414,evidence_lifted_resolved,MgNa_exch:0.868633;NaMg_exch:0.131367,MgNa_exch:0.72;NaMg_exch:0.28
NGW-028,Middle Voltaian sedimentary aquifer,Voltaian Supergroup,sandstone–shale interbeds,Northern Region,Nanumba North,ghana_field_hydrosheaf_core,EC05,anorthite;calcite,2,anorthite,0.5,0.0,0.6931471805599453,1.0,0.0,unresolved_equivalence_class,anorthite:0.5;calcite:0.5,anorthite:0.88;calcite:0.88
NGW-029,Regolith/alluvial shallow aquifer,Quaternary regolith/alluvium,weathered regolith,Northern Region,Savelugu,ghana_field_hydrosheaf_core,EC01,CaNa_exch;NaCa_exch,2,CaNa_exch,0.868632707774799,0.7372654155495979,0.38897763217964554,0.5611761009623059,0.43882389903769414,evidence_lifted_resolved,CaNa_exch:0.868633;NaCa_exch:0.131367,CaNa_exch:0.72;NaCa_exch:0.28
NGW-029,Regolith/alluvial shallow aquifer,Quaternary regolith/alluvium,weathered regolith,Northern Region,Savelugu,ghana_field_hydrosheaf_core,EC02,MgNa_exch;NaMg_exch,2,MgNa_exch,0.6569858712715856,0.3139717425431712,0.6430145180344135,0.9276738563878553,0.07232614361214473,conditionally_preferred,MgNa_exch:0.656986;NaMg_exch:0.343014,MgNa_exch:0.54;NaMg_exch:0.38
NGW-029,Regolith/alluvial shallow aquifer,Quaternary regolith/alluvium,weathered regolith,Northern Region,Savelugu,ghana_field_hydrosheaf_core,EC05,anorthite;calcite,2,calcite,0.7215189873417722,0.4430379746835444,0.5915129633473719,0.8533728188427887,0.1466271811572113,conditionally_preferred,anorthite:0.278481;calcite:0.721519,anorthite:0.88;calcite:0.95
NGW-030,Birimian fractured basement aquifer,Birimian Supergroup,phyllite–schist fractured zone,Northern Region,Tamale,ghana_field_hydrosheaf_core,EC01,CaNa_exch;NaCa_exch,2,CaNa_exch,0.5598086124401914,0.11961722488038284,0.685975881343523,0.9896540021837368,0.01034599781626322,unresolved_equivalence_class,CaNa_exch:0.559809;NaCa_exch:0.440191,CaNa_exch:0.54;NaCa_exch:0.48
NGW-030,Birimian fractured basement aquifer,Birimian Supergroup,phyllite–schist fractured zone,Northern Region,Tamale,ghana_field_hydrosheaf_core,EC02,MgNa_exch;NaMg_exch,2,MgNa_exch,0.5598086124401914,0.11961722488038284,0.685975881343523,0.9896540021837368,0.01034599781626322,unresolved_equivalence_class,MgNa_exch:0.559809;NaMg_exch:0.440191,MgNa_exch:0.54;NaMg_exch:0.48
NGW-030,Birimian fractured basement aquifer,Birimian Supergroup,phyllite–schist fractured zone,Northern Region,Tamale,ghana_field_hydrosheaf_core,EC05,anorthite;calcite,2,calcite,0.7215189873417722,0.4430379746835444,0.5915129633473719,0.8533728188427887,0.1466271811572113,conditionally_preferred,anorthite:0.278481;calcite:0.721519,anorthite:0.88;calcite:0.95
NGW-032,Regolith/alluvial shallow aquifer,Quaternary regolith/alluvium,weathered regolith,Northern Region,Gushegu,ghana_field_hydrosheaf_core,EC01,CaNa_exch;NaCa_exch,2,CaNa_exch,0.6569858712715856,0.3139717425431712,0.6430145180344135,0.9276738563878553,0.07232614361214473,conditionally_preferred,CaNa_exch:0.656986;NaCa_exch:0.343014,CaNa_exch:0.54;NaCa_exch:0.38
NGW-032,Regolith/alluvial shallow aquifer,Quaternary regolith/alluvium,weathered regolith,Northern Region,Gushegu,ghana_field_hydrosheaf_core,EC02,MgNa_exch;NaMg_exch,2,MgNa_exch,0.6569858712715856,0.3139717425431712,0.6430145180344135,0.9276738563878553,0.07232614361214473,conditionally_preferred,MgNa_exch:0.656986;NaMg_exch:0.343014,MgNa_exch:0.54;NaMg_exch:0.38
NGW-032,Regolith/alluvial shallow aquifer,Quaternary regolith/alluvium,weathered regolith,Northern Region,Gushegu,ghana_field_hydrosheaf_core,EC05,anorthite;calcite,2,anorthite,0.5,0.0,0.6931471805599453,1.0,0.0,unresolved_equivalence_class,anorthite:0.5;calcite:0.5,anorthite:0.88;calcite:0.88
NGW-033,Birimian fractured basement aquifer,Birimian Supergroup,phyllite–schist fractured zone,Northern Region,Nanumba North,ghana_field_hydrosheaf_core,EC01,CaNa_exch;NaCa_exch,2,NaCa_exch,0.7611940298507462,0.5223880597014925,0.5496996817077255,0.7930490047779772,0.20695099522202276,conditionally_preferred,CaNa_exch:0.238806;NaCa_exch:0.761194,CaNa_exch:0.32;NaCa_exch:0.6
NGW-033,Birimian fractured basement aquifer,Birimian Supergroup,phyllite–schist fractured zone,Northern Region,Nanumba North,ghana_field_hydrosheaf_core,EC02,MgNa_exch;NaMg_exch,2,NaMg_exch,0.7611940298507462,0.5223880597014925,0.5496996817077255,0.7930490047779772,0.20695099522202276,conditionally_preferred,MgNa_exch:0.238806;NaMg_exch:0.761194,MgNa_exch:0.32;NaMg_exch:0.6
NGW-033,Birimian fractured basement aquifer,Birimian Supergroup,phyllite–schist fractured zone,Northern Region,Nanumba North,ghana_field_hydrosheaf_core,EC05,anorthite;calcite,2,calcite,0.6740947075208912,0.34818941504178247,0.6312408283176507,0.9106880126205162,0.08931198737948376,conditionally_preferred,anorthite:0.325905;calcite:0.674095,anorthite:0.78;calcite:0.88
NGW-034,Middle Voltaian sedimentary aquifer,Voltaian Supergroup,sandstone–shale interbeds,Northern Region,Karaga,ghana_field_hydrosheaf_core,EC01,CaNa_exch;NaCa_exch,2,CaNa_exch,0.6569858712715856,0.3139717425431712,0.6430145180344135,0.9276738563878553,0.07232614361214473,conditionally_preferred,CaNa_exch:0.656986;NaCa_exch:0.343014,CaNa_exch:0.54;NaCa_exch:0.38
NGW-034,Middle Voltaian sedimentary aquifer,Voltaian Supergroup,sandstone–shale interbeds,Northern Region,Karaga,ghana_field_hydrosheaf_core,EC02,MgNa_exch;NaMg_exch,2,MgNa_exch,0.6569858712715856,0.3139717425431712,0.6430145180344135,0.9276738563878553,0.07232614361214473,conditionally_preferred,MgNa_exch:0.656986;NaMg_exch:0.343014,MgNa_exch:0.54;NaMg_exch:0.38
NGW-034,Middle Voltaian sedimentary aquifer,Voltaian Supergroup,sandstone–shale interbeds,Northern Region,Karaga,ghana_field_hydrosheaf_core,EC05,anorthite;calcite,2,calcite,0.7215189873417722,0.4430379746835444,0.5915129633473719,0.8533728188427887,0.1466271811572113,conditionally_preferred,anorthite:0.278481;calcite:0.721519,anorthite:0.88;calcite:0.95
NGW-035,Middle Voltaian sedimentary aquifer,Voltaian Supergroup,siltstone–shale unit,Northern Region,Yendi,ghana_field_hydrosheaf_core,EC01,CaNa_exch;NaCa_exch,2,CaNa_exch,0.868632707774799,0.7372654155495979,0.38897763217964554,0.5611761009623059,0.43882389903769414,evidence_lifted_resolved,CaNa_exch:0.868633;NaCa_exch:0.131367,CaNa_exch:0.72;NaCa_exch:0.28
NGW-035,Middle Voltaian sedimentary aquifer,Voltaian Supergroup,siltstone–shale unit,Northern Region,Yendi,ghana_field_hydrosheaf_core,EC02,MgNa_exch;NaMg_exch,2,MgNa_exch,0.868632707774799,0.7372654155495979,0.38897763217964554,0.5611761009623059,0.43882389903769414,evidence_lifted_resolved,MgNa_exch:0.868633;NaMg_exch:0.131367,MgNa_exch:0.72;NaMg_exch:0.28
NGW-035,Middle Voltaian sedimentary aquifer,Voltaian Supergroup,siltstone–shale unit,Northern Region,Yendi,ghana_field_hydrosheaf_core,EC05,anorthite;calcite,2,calcite,0.7215189873417722,0.4430379746835444,0.5915129633473719,0.8533728188427887,0.1466271811572113,conditionally_preferred,anorthite:0.278481;calcite:0.721519,anorthite:0.88;calcite:0.95
NGW-036,Middle Voltaian sedimentary aquifer,Voltaian Supergroup,mudstone–sandstone sequence,Northern Region,Savelugu,ghana_field_hydrosheaf_core,EC01,CaNa_exch;NaCa_exch,2,CaNa_exch,0.868632707774799,0.7372654155495979,0.38897763217964554,0.5611761009623059,0.43882389903769414,evidence_lifted_resolved,CaNa_exch:0.868633;NaCa_exch:0.131367,CaNa_exch:0.72;NaCa_exch:0.28
NGW-036,Middle Voltaian sedimentary aquifer,Voltaian Supergroup,mudstone–sandstone sequence,Northern Region,Savelugu,ghana_field_hydrosheaf_core,EC02,MgNa_exch;NaMg_exch,2,MgNa_exch,0.868632707774799,0.7372654155495979,0.38897763217964554,0.5611761009623059,0.43882389903769414,evidence_lifted_resolved,MgNa_exch:0.868633;NaMg_exch:0.131367,MgNa_exch:0.72;NaMg_exch:0.28
NGW-036,Middle Voltaian sedimentary aquifer,Voltaian Supergroup,mudstone–sandstone sequence,Northern Region,Savelugu,ghana_field_hydrosheaf_core,EC05,anorthite;calcite,2,calcite,0.7215189873417722,0.4430379746835444,0.5915129633473719,0.8533728188427887,0.1466271811572113,conditionally_preferred,anorthite:0.278481;calcite:0.721519,anorthite:0.88;calcite:0.95
NGW-037,Birimian fractured basement aquifer,Birimian Supergroup,greenstone belt fracture network,Northern Region,Savelugu,ghana_field_hydrosheaf_core,EC01,CaNa_exch;NaCa_exch,2,CaNa_exch,0.5,0.0,0.6931471805599453,1.0,0.0,unresolved_equivalence_class,CaNa_exch:0.5;NaCa_exch:0.5,CaNa_exch:0.5;NaCa_exch:0.5
NGW-037,Birimian fractured basement aquifer,Birimian Supergroup,greenstone belt fracture network,Northern Region,Savelugu,ghana_field_hydrosheaf_core,EC02,MgNa_exch;NaMg_exch,2,MgNa_exch,0.5,0.0,0.6931471805599453,1.0,0.0,unresolved_equivalence_class,MgNa_exch:0.5;NaMg_exch:0.5,MgNa_exch:0.5;NaMg_exch:0.5
NGW-037,Birimian fractured basement aquifer,Birimian Supergroup,greenstone belt fracture network,Northern Region,Savelugu,ghana_field_hydrosheaf_core,EC05,anorthite;calcite,2,calcite,0.625250501002004,0.2505010020040079,0.6614351419471776,0.9542491991568807,0.04575080084311933,conditionally_preferred,anorthite:0.374749;calcite:0.625251,anorthite:0.68;calcite:0.78
NGW-038,Birimian fractured basement aquifer,Birimian Supergroup,greenstone belt fracture network,Northern Region,Tolon,ghana_field_hydrosheaf_core,EC01,CaNa_exch;NaCa_exch,2,CaNa_exch,0.868632707774799,0.7372654155495979,0.38897763217964554,0.5611761009623059,0.43882389903769414,evidence_lifted_resolved,CaNa_exch:0.868633;NaCa_exch:0.131367,CaNa_exch:0.72;NaCa_exch:0.28
NGW-038,Birimian fractured basement aquifer,Birimian Supergroup,greenstone belt fracture network,Northern Region,Tolon,ghana_field_hydrosheaf_core,EC02,MgNa_exch;NaMg_exch,2,MgNa_exch,0.6569858712715856,0.3139717425431712,0.6430145180344135,0.9276738563878553,0.07232614361214473,conditionally_preferred,MgNa_exch:0.656986;NaMg_exch:0.343014,MgNa_exch:0.54;NaMg_exch:0.38
NGW-038,Birimian fractured basement aquifer,Birimian Supergroup,greenstone belt fracture network,Northern Region,Tolon,ghana_field_hydrosheaf_core,EC05,anorthite;calcite,2,calcite,0.7215189873417722,0.4430379746835444,0.5915129633473719,0.8533728188427887,0.1466271811572113,conditionally_preferred,anorthite:0.278481;calcite:0.721519,anorthite:0.88;calcite:0.95
NGW-039,Regolith/alluvial shallow aquifer,Quaternary regolith/alluvium,valley alluvium,Northern Region,Savelugu,ghana_field_hydrosheaf_core,EC01,CaNa_exch;NaCa_exch,2,NaCa_exch,0.7611940298507462,0.5223880597014925,0.5496996817077255,0.7930490047779772,0.20695099522202276,conditionally_preferred,CaNa_exch:0.238806;NaCa_exch:0.761194,CaNa_exch:0.32;NaCa_exch:0.6
NGW-039,Regolith/alluvial shallow aquifer,Quaternary regolith/alluvium,valley alluvium,Northern Region,Savelugu,ghana_field_hydrosheaf_core,EC02,MgNa_exch;NaMg_exch,2,NaMg_exch,0.7611940298507462,0.5223880597014925,0.5496996817077255,0.7930490047779772,0.20695099522202276,conditionally_preferred,MgNa_exch:0.238806;NaMg_exch:0.761194,MgNa_exch:0.32;NaMg_exch:0.6
NGW-039,Regolith/alluvial shallow aquifer,Quaternary regolith/alluvium,valley alluvium,Northern Region,Savelugu,ghana_field_hydrosheaf_core,EC05,anorthite;calcite,2,calcite,0.7215189873417722,0.4430379746835444,0.5915129633473719,0.8533728188427887,0.1466271811572113,conditionally_preferred,anorthite:0.278481;calcite:0.721519,anorthite:0.88;calcite:0.95
NGW-040,Birimian fractured basement aquifer,Birimian Supergroup,metavolcanic–metasedimentary rocks,Northern Region,Savelugu,ghana_field_hydrosheaf_core,EC01,CaNa_exch;NaCa_exch,2,NaCa_exch,0.7611940298507462,0.5223880597014925,0.5496996817077255,0.7930490047779772,0.20695099522202276,conditionally_preferred,CaNa_exch:0.238806;NaCa_exch:0.761194,CaNa_exch:0.32;NaCa_exch:0.6
NGW-040,Birimian fractured basement aquifer,Birimian Supergroup,metavolcanic–metasedimentary rocks,Northern Region,Savelugu,ghana_field_hydrosheaf_core,EC02,MgNa_exch;NaMg_exch,2,NaMg_exch,0.7611940298507462,0.5223880597014925,0.5496996817077255,0.7930490047779772,0.20695099522202276,conditionally_preferred,MgNa_exch:0.238806;NaMg_exch:0.761194,MgNa_exch:0.32;NaMg_exch:0.6
NGW-040,Birimian fractured basement aquifer,Birimian Supergroup,metavolcanic–metasedimentary rocks,Northern Region,Savelugu,ghana_field_hydrosheaf_core,EC05,anorthite;calcite,2,calcite,0.6740947075208912,0.34818941504178247,0.6312408283176507,0.9106880126205162,0.08931198737948376,conditionally_preferred,anorthite:0.325905;calcite:0.674095,anorthite:0.78;calcite:0.88
NGW-041,Regolith/alluvial shallow aquifer,Quaternary regolith/alluvium,lateritic saprolite,North East Region,Mamprugu Moagduri,ghana_field_hydrosheaf_core,EC01,CaNa_exch;NaCa_exch,2,NaCa_exch,0.7611940298507462,0.5223880597014925,0.5496996817077255,0.7930490047779772,0.20695099522202276,conditionally_preferred,CaNa_exch:0.238806;NaCa_exch:0.761194,CaNa_exch:0.32;NaCa_exch:0.6
NGW-041,Regolith/alluvial shallow aquifer,Quaternary regolith/alluvium,lateritic saprolite,North East Region,Mamprugu Moagduri,ghana_field_hydrosheaf_core,EC02,MgNa_exch;NaMg_exch,2,NaMg_exch,0.7611940298507462,0.5223880597014925,0.5496996817077255,0.7930490047779772,0.20695099522202276,conditionally_preferred,MgNa_exch:0.238806;NaMg_exch:0.761194,MgNa_exch:0.32;NaMg_exch:0.6
NGW-041,Regolith/alluvial shallow aquifer,Quaternary regolith/alluvium,lateritic saprolite,North East Region,Mamprugu Moagduri,ghana_field_hydrosheaf_core,EC05,anorthite;calcite,2,calcite,0.7215189873417722,0.4430379746835444,0.5915129633473719,0.8533728188427887,0.1466271811572113,conditionally_preferred,anorthite:0.278481;calcite:0.721519,anorthite:0.88;calcite:0.95
NGW-042,Middle Voltaian sedimentary aquifer,Voltaian Supergroup,sandstone–shale interbeds,North East Region,Walewale,ghana_field_hydrosheaf_core,EC01,CaNa_exch;NaCa_exch,2,CaNa_exch,0.6569858712715856,0.3139717425431712,0.6430145180344135,0.9276738563878553,0.07232614361214473,conditionally_preferred,CaNa_exch:0.656986;NaCa_exch:0.343014,CaNa_exch:0.54;NaCa_exch:0.38
NGW-042,Middle Voltaian sedimentary aquifer,Voltaian Supergroup,sandstone–shale interbeds,North East Region,Walewale,ghana_field_hydrosheaf_core,EC02,MgNa_exch;NaMg_exch,2,MgNa_exch,0.6569858712715856,0.3139717425431712,0.6430145180344135,0.9276738563878553,0.07232614361214473,conditionally_preferred,MgNa_exch:0.656986;NaMg_exch:0.343014,MgNa_exch:0.54;NaMg_exch:0.38
NGW-042,Middle Voltaian sedimentary aquifer,Voltaian Supergroup,sandstone–shale interbeds,North East Region,Walewale,ghana_field_hydrosheaf_core,EC05,anorthite;calcite,2,calcite,0.7215189873417722,0.4430379746835444,0.5915129633473719,0.8533728188427887,0.1466271811572113,conditionally_preferred,anorthite:0.278481;calcite:0.721519,anorthite:0.88;calcite:0.95
NGW-043,Regolith/alluvial shallow aquifer,Quaternary regolith/alluvium,valley alluvium,North East Region,Chereponi,ghana_field_hydrosheaf_core,EC01,CaNa_exch;NaCa_exch,2,NaCa_exch,0.7611940298507462,0.5223880597014925,0.5496996817077255,0.7930490047779772,0.20695099522202276,conditionally_preferred,CaNa_exch:0.238806;NaCa_exch:0.761194,CaNa_exch:0.32;NaCa_exch:0.6
NGW-043,Regolith/alluvial shallow aquifer,Quaternary regolith/alluvium,valley alluvium,North East Region,Chereponi,ghana_field_hydrosheaf_core,EC02,MgNa_exch;NaMg_exch,2,NaMg_exch,0.7611940298507462,0.5223880597014925,0.5496996817077255,0.7930490047779772,0.20695099522202276,conditionally_preferred,MgNa_exch:0.238806;NaMg_exch:0.761194,MgNa_exch:0.32;NaMg_exch:0.6
NGW-043,Regolith/alluvial shallow aquifer,Quaternary regolith/alluvium,valley alluvium,North East Region,Chereponi,ghana_field_hydrosheaf_core,EC05,anorthite;calcite,2,calcite,0.6740947075208912,0.34818941504178247,0.6312408283176507,0.9106880126205162,0.08931198737948376,conditionally_preferred,anorthite:0.325905;calcite:0.674095,anorthite:0.78;calcite:0.88
NGW-046,Birimian fractured basement aquifer,Birimian Supergroup,phyllite–schist fractured zone,North East Region,Nalerigu,ghana_field_hydrosheaf_core,EC01,CaNa_exch;NaCa_exch,2,NaCa_exch,0.7611940298507462,0.5223880597014925,0.5496996817077255,0.7930490047779772,0.20695099522202276,conditionally_preferred,CaNa_exch:0.238806;NaCa_exch:0.761194,CaNa_exch:0.32;NaCa_exch:0.6
NGW-046,Birimian fractured basement aquifer,Birimian Supergroup,phyllite–schist fractured zone,North East Region,Nalerigu,ghana_field_hydrosheaf_core,EC02,MgNa_exch;NaMg_exch,2,NaMg_exch,0.7611940298507462,0.5223880597014925,0.5496996817077255,0.7930490047779772,0.20695099522202276,conditionally_preferred,MgNa_exch:0.238806;NaMg_exch:0.761194,MgNa_exch:0.32;NaMg_exch:0.6
NGW-046,Birimian fractured basement aquifer,Birimian Supergroup,phyllite–schist fractured zone,North East Region,Nalerigu,ghana_field_hydrosheaf_core,EC05,anorthite;calcite,2,calcite,0.6740947075208912,0.34818941504178247,0.6312408283176507,0.9106880126205162,0.08931198737948376,conditionally_preferred,anorthite:0.325905;calcite:0.674095,anorthite:0.78;calcite:0.88
NGW-047,Middle Voltaian sedimentary aquifer,Voltaian Supergroup,siltstone–shale unit,North East Region,Mamprugu Moagduri,ghana_field_hydrosheaf_core,EC01,CaNa_exch;NaCa_exch,2,CaNa_exch,0.6569858712715856,0.3139717425431712,0.6430145180344135,0.9276738563878553,0.07232614361214473,conditionally_preferred,CaNa_exch:0.656986;NaCa_exch:0.343014,CaNa_exch:0.54;NaCa_exch:0.38
NGW-047,Middle Voltaian sedimentary aquifer,Voltaian Supergroup,siltstone–shale unit,North East Region,Mamprugu Moagduri,ghana_field_hydrosheaf_core,EC02,MgNa_exch;NaMg_exch,2,MgNa_exch,0.6569858712715856,0.3139717425431712,0.6430145180344135,0.9276738563878553,0.07232614361214473,conditionally_preferred,MgNa_exch:0.656986;NaMg_exch:0.343014,MgNa_exch:0.54;NaMg_exch:0.38
NGW-047,Middle Voltaian sedimentary aquifer,Voltaian Supergroup,siltstone–shale unit,North East Region,Mamprugu Moagduri,ghana_field_hydrosheaf_core,EC05,anorthite;calcite,2,calcite,0.6740947075208912,0.34818941504178247,0.6312408283176507,0.9106880126205162,0.08931198737948376,conditionally_preferred,anorthite:0.325905;calcite:0.674095,anorthite:0.78;calcite:0.88
NGW-048,Birimian fractured basement aquifer,Birimian Supergroup,metavolcanic–metasedimentary rocks,North East Region,Gambaga,ghana_field_hydrosheaf_core,EC01,CaNa_exch;NaCa_exch,2,CaNa_exch,0.868632707774799,0.7372654155495979,0.38897763217964554,0.5611761009623059,0.43882389903769414,evidence_lifted_resolved,CaNa_exch:0.868633;NaCa_exch:0.131367,CaNa_exch:0.72;NaCa_exch:0.28
NGW-048,Birimian fractured basement aquifer,Birimian Supergroup,metavolcanic–metasedimentary rocks,North East Region,Gambaga,ghana_field_hydrosheaf_core,EC02,MgNa_exch;NaMg_exch,2,MgNa_exch,0.868632707774799,0.7372654155495979,0.38897763217964554,0.5611761009623059,0.43882389903769414,evidence_lifted_resolved,MgNa_exch:0.868633;NaMg_exch:0.131367,MgNa_exch:0.72;NaMg_exch:0.28
NGW-048,Birimian fractured basement aquifer,Birimian Supergroup,metavolcanic–metasedimentary rocks,North East Region,Gambaga,ghana_field_hydrosheaf_core,EC05,anorthite;calcite,2,calcite,0.7215189873417722,0.4430379746835444,0.5915129633473719,0.8533728188427887,0.1466271811572113,conditionally_preferred,anorthite:0.278481;calcite:0.721519,anorthite:0.88;calcite:0.95
NGW-049,Regolith/alluvial shallow aquifer,Quaternary regolith/alluvium,valley alluvium,North East Region,Chereponi,ghana_field_hydrosheaf_core,EC01,CaNa_exch;NaCa_exch,2,NaCa_exch,0.7611940298507462,0.5223880597014925,0.5496996817077255,0.7930490047779772,0.20695099522202276,conditionally_preferred,CaNa_exch:0.238806;NaCa_exch:0.761194,CaNa_exch:0.32;NaCa_exch:0.6
NGW-049,Regolith/alluvial shallow aquifer,Quaternary regolith/alluvium,valley alluvium,North East Region,Chereponi,ghana_field_hydrosheaf_core,EC02,MgNa_exch;NaMg_exch,2,NaMg_exch,0.7611940298507462,0.5223880597014925,0.5496996817077255,0.7930490047779772,0.20695099522202276,conditionally_preferred,MgNa_exch:0.238806;NaMg_exch:0.761194,MgNa_exch:0.32;NaMg_exch:0.6
NGW-049,Regolith/alluvial shallow aquifer,Quaternary regolith/alluvium,valley alluvium,North East Region,Chereponi,ghana_field_hydrosheaf_core,EC05,anorthite;calcite,2,calcite,0.6061120543293718,0.21222410865874358,0.6704554802187938,0.9672627964484822,0.03273720355151777,conditionally_preferred,anorthite:0.393888;calcite:0.606112,anorthite:0.58;calcite:0.68
NGW-051,Birimian fractured basement aquifer,Birimian Supergroup,metavolcanic–metasedimentary rocks,North East Region,Chereponi,ghana_field_hydrosheaf_core,EC01,CaNa_exch;NaCa_exch,2,CaNa_exch,0.5598086124401914,0.11961722488038284,0.685975881343523,0.9896540021837368,0.01034599781626322,unresolved_equivalence_class,CaNa_exch:0.559809;NaCa_exch:0.440191,CaNa_exch:0.54;NaCa_exch:0.48
NGW-051,Birimian fractured basement aquifer,Birimian Supergroup,metavolcanic–metasedimentary rocks,North East Region,Chereponi,ghana_field_hydrosheaf_core,EC02,MgNa_exch;NaMg_exch,2,MgNa_exch,0.5598086124401914,0.11961722488038284,0.685975881343523,0.9896540021837368,0.01034599781626322,unresolved_equivalence_class,MgNa_exch:0.559809;NaMg_exch:0.440191,MgNa_exch:0.54;NaMg_exch:0.48
NGW-051,Birimian fractured basement aquifer,Birimian Supergroup,metavolcanic–metasedimentary rocks,North East Region,Chereponi,ghana_field_hydrosheaf_core,EC05,anorthite;calcite,2,calcite,0.6740947075208912,0.34818941504178247,0.6312408283176507,0.9106880126205162,0.08931198737948376,conditionally_preferred,anorthite:0.325905;calcite:0.674095,anorthite:0.78;calcite:0.88
NGW-052,Birimian fractured basement aquifer,Birimian Supergroup,phyllite–schist fractured zone,North East Region,Gambaga,ghana_field_hydrosheaf_core,EC01,CaNa_exch;NaCa_exch,2,CaNa_exch,0.6569858712715856,0.3139717425431712,0.6430145180344135,0.9276738563878553,0.07232614361214473,conditionally_preferred,CaNa_exch:0.656986;NaCa_exch:0.343014,CaNa_exch:0.54;NaCa_exch:0.38
NGW-052,Birimian fractured basement aquifer,Birimian Supergroup,phyllite–schist fractured zone,North East Region,Gambaga,ghana_field_hydrosheaf_core,EC02,MgNa_exch;NaMg_exch,2,MgNa_exch,0.6569858712715856,0.3139717425431712,0.6430145180344135,0.9276738563878553,0.07232614361214473,conditionally_preferred,MgNa_exch:0.656986;NaMg_exch:0.343014,MgNa_exch:0.54;NaMg_exch:0.38
NGW-052,Birimian fractured basement aquifer,Birimian Supergroup,phyllite–schist fractured zone,North East Region,Gambaga,ghana_field_hydrosheaf_core,EC05,anorthite;calcite,2,calcite,0.6740947075208912,0.34818941504178247,0.6312408283176507,0.9106880126205162,0.08931198737948376,conditionally_preferred,anorthite:0.325905;calcite:0.674095,anorthite:0.78;calcite:0.88
NGW-053,Middle Voltaian sedimentary aquifer,Voltaian Supergroup,sandstone–shale interbeds,North East Region,Yunyoo-Nasuan,ghana_field_hydrosheaf_core,EC01,CaNa_exch;NaCa_exch,2,CaNa_exch,0.6569858712715856,0.3139717425431712,0.6430145180344135,0.9276738563878553,0.07232614361214473,conditionally_preferred,CaNa_exch:0.656986;NaCa_exch:0.343014,CaNa_exch:0.54;NaCa_exch:0.38
NGW-053,Middle Voltaian sedimentary aquifer,Voltaian Supergroup,sandstone–shale interbeds,North East Region,Yunyoo-Nasuan,ghana_field_hydrosheaf_core,EC02,MgNa_exch;NaMg_exch,2,MgNa_exch,0.6569858712715856,0.3139717425431712,0.6430145180344135,0.9276738563878553,0.07232614361214473,conditionally_preferred,MgNa_exch:0.656986;NaMg_exch:0.343014,MgNa_exch:0.54;NaMg_exch:0.38
NGW-053,Middle Voltaian sedimentary aquifer,Voltaian Supergroup,sandstone–shale interbeds,North East Region,Yunyoo-Nasuan,ghana_field_hydrosheaf_core,EC05,anorthite;calcite,2,calcite,0.7215189873417722,0.4430379746835444,0.5915129633473719,0.8533728188427887,0.1466271811572113,conditionally_preferred,anorthite:0.278481;calcite:0.721519,anorthite:0.88;calcite:0.95
NGW-054,Middle Voltaian sedimentary aquifer,Voltaian Supergroup,mudstone–sandstone sequence,North East Region,Bunkpurugu,ghana_field_hydrosheaf_core,EC01,CaNa_exch;NaCa_exch,2,CaNa_exch,0.868632707774799,0.7372654155495979,0.38897763217964554,0.5611761009623059,0.43882389903769414,evidence_lifted_resolved,CaNa_exch:0.868633;NaCa_exch:0.131367,CaNa_exch:0.72;NaCa_exch:0.28
NGW-054,Middle Voltaian sedimentary aquifer,Voltaian Supergroup,mudstone–sandstone sequence,North East Region,Bunkpurugu,ghana_field_hydrosheaf_core,EC02,MgNa_exch;NaMg_exch,2,MgNa_exch,0.868632707774799,0.7372654155495979,0.38897763217964554,0.5611761009623059,0.43882389903769414,evidence_lifted_resolved,MgNa_exch:0.868633;NaMg_exch:0.131367,MgNa_exch:0.72;NaMg_exch:0.28
NGW-054,Middle Voltaian sedimentary aquifer,Voltaian Supergroup,mudstone–sandstone sequence,North East Region,Bunkpurugu,ghana_field_hydrosheaf_core,EC05,anorthite;calcite,2,calcite,0.7215189873417722,0.4430379746835444,0.5915129633473719,0.8533728188427887,0.1466271811572113,conditionally_preferred,anorthite:0.278481;calcite:0.721519,anorthite:0.88;calcite:0.95
NGW-055,Middle Voltaian sedimentary aquifer,Voltaian Supergroup,sandstone–shale interbeds,North East Region,Bunkpurugu,ghana_field_hydrosheaf_core,EC01,CaNa_exch;NaCa_exch,2,CaNa_exch,0.6569858712715856,0.3139717425431712,0.6430145180344135,0.9276738563878553,0.07232614361214473,conditionally_preferred,CaNa_exch:0.656986;NaCa_exch:0.343014,CaNa_exch:0.54;NaCa_exch:0.38
NGW-055,Middle Voltaian sedimentary aquifer,Voltaian Supergroup,sandstone–shale interbeds,North East Region,Bunkpurugu,ghana_field_hydrosheaf_core,EC02,MgNa_exch;NaMg_exch,2,MgNa_exch,0.6569858712715856,0.3139717425431712,0.6430145180344135,0.9276738563878553,0.07232614361214473,conditionally_preferred,MgNa_exch:0.656986;NaMg_exch:0.343014,MgNa_exch:0.54;NaMg_exch:0.38
NGW-055,Middle Voltaian sedimentary aquifer,Voltaian Supergroup,sandstone–shale interbeds,North East Region,Bunkpurugu,ghana_field_hydrosheaf_core,EC05,anorthite;calcite,2,calcite,0.7215189873417722,0.4430379746835444,0.5915129633473719,0.8533728188427887,0.1466271811572113,conditionally_preferred,anorthite:0.278481;calcite:0.721519,anorthite:0.88;calcite:0.95
NGW-056,Middle Voltaian sedimentary aquifer,Voltaian Supergroup,sandstone–shale interbeds,North East Region,Gambaga,ghana_field_hydrosheaf_core,EC01,CaNa_exch;NaCa_exch,2,CaNa_exch,0.5,0.0,0.6931471805599453,1.0,0.0,unresolved_equivalence_class,CaNa_exch:0.5;NaCa_exch:0.5,CaNa_exch:0.5;NaCa_exch:0.5
NGW-056,Middle Voltaian sedimentary aquifer,Voltaian Supergroup,sandstone–shale interbeds,North East Region,Gambaga,ghana_field_hydrosheaf_core,EC02,MgNa_exch;NaMg_exch,2,MgNa_exch,0.5,0.0,0.6931471805599453,1.0,0.0,unresolved_equivalence_class,MgNa_exch:0.5;NaMg_exch:0.5,MgNa_exch:0.5;NaMg_exch:0.5
NGW-056,Middle Voltaian sedimentary aquifer,Voltaian Supergroup,sandstone–shale interbeds,North East Region,Gambaga,ghana_field_hydrosheaf_core,EC05,anorthite;calcite,2,anorthite,0.5,0.0,0.6931471805599453,1.0,0.0,unresolved_equivalence_class,anorthite:0.5;calcite:0.5,anorthite:0.88;calcite:0.88
NGW-057,Middle Voltaian sedimentary aquifer,Voltaian Supergroup,siltstone–shale unit,North East Region,Mamprugu Moagduri,ghana_field_hydrosheaf_core,EC01,CaNa_exch;NaCa_exch,2,CaNa_exch,0.5598086124401914,0.11961722488038284,0.685975881343523,0.9896540021837368,0.01034599781626322,unresolved_equivalence_class,CaNa_exch:0.559809;NaCa_exch:0.440191,CaNa_exch:0.54;NaCa_exch:0.48
NGW-057,Middle Voltaian sedimentary aquifer,Voltaian Supergroup,siltstone–shale unit,North East Region,Mamprugu Moagduri,ghana_field_hydrosheaf_core,EC02,MgNa_exch;NaMg_exch,2,MgNa_exch,0.5598086124401914,0.11961722488038284,0.685975881343523,0.9896540021837368,0.01034599781626322,unresolved_equivalence_class,MgNa_exch:0.559809;NaMg_exch:0.440191,MgNa_exch:0.54;NaMg_exch:0.48
NGW-057,Middle Voltaian sedimentary aquifer,Voltaian Supergroup,siltstone–shale unit,North East Region,Mamprugu Moagduri,ghana_field_hydrosheaf_core,EC05,anorthite;calcite,2,calcite,0.625250501002004,0.2505010020040079,0.6614351419471776,0.9542491991568807,0.04575080084311933,conditionally_preferred,anorthite:0.374749;calcite:0.625251,anorthite:0.68;calcite:0.78
NGW-058,Birimian fractured basement aquifer,Birimian Supergroup,metavolcanic–metasedimentary rocks,North East Region,Chereponi,ghana_field_hydrosheaf_core,EC01,CaNa_exch;NaCa_exch,2,CaNa_exch,0.6569858712715856,0.3139717425431712,0.6430145180344135,0.9276738563878553,0.07232614361214473,conditionally_preferred,CaNa_exch:0.656986;NaCa_exch:0.343014,CaNa_exch:0.54;NaCa_exch:0.38
NGW-058,Birimian fractured basement aquifer,Birimian Supergroup,metavolcanic–metasedimentary rocks,North East Region,Chereponi,ghana_field_hydrosheaf_core,EC02,MgNa_exch;NaMg_exch,2,MgNa_exch,0.6569858712715856,0.3139717425431712,0.6430145180344135,0.9276738563878553,0.07232614361214473,conditionally_preferred,MgNa_exch:0.656986;NaMg_exch:0.343014,MgNa_exch:0.54;NaMg_exch:0.38
NGW-058,Birimian fractured basement aquifer,Birimian Supergroup,metavolcanic–metasedimentary rocks,North East Region,Chereponi,ghana_field_hydrosheaf_core,EC05,anorthite;calcite,2,anorthite,0.5,0.0,0.6931471805599453,1.0,0.0,unresolved_equivalence_class,anorthite:0.5;calcite:0.5,anorthite:0.88;calcite:0.88
NGW-062,Regolith/alluvial shallow aquifer,Quaternary regolith/alluvium,lateritic saprolite,North East Region,Yunyoo-Nasuan,ghana_field_hydrosheaf_core,EC01,CaNa_exch;NaCa_exch,2,NaCa_exch,0.868632707774799,0.7372654155495979,0.38897763217964554,0.5611761009623059,0.43882389903769414,evidence_lifted_resolved,CaNa_exch:0.131367;NaCa_exch:0.868633,CaNa_exch:0.28;NaCa_exch:0.72
NGW-062,Regolith/alluvial shallow aquifer,Quaternary regolith/alluvium,lateritic saprolite,North East Region,Yunyoo-Nasuan,ghana_field_hydrosheaf_core,EC02,MgNa_exch;NaMg_exch,2,NaMg_exch,0.868632707774799,0.7372654155495979,0.38897763217964554,0.5611761009623059,0.43882389903769414,evidence_lifted_resolved,MgNa_exch:0.131367;NaMg_exch:0.868633,MgNa_exch:0.28;NaMg_exch:0.72
NGW-062,Regolith/alluvial shallow aquifer,Quaternary regolith/alluvium,lateritic saprolite,North East Region,Yunyoo-Nasuan,ghana_field_hydrosheaf_core,EC05,anorthite;calcite,2,calcite,0.6740947075208912,0.34818941504178247,0.6312408283176507,0.9106880126205162,0.08931198737948376,conditionally_preferred,anorthite:0.325905;calcite:0.674095,anorthite:0.78;calcite:0.88
NGW-063,Middle Voltaian sedimentary aquifer,Voltaian Supergroup,siltstone–shale unit,North East Region,Mamprugu Moagduri,ghana_field_hydrosheaf_core,EC01,CaNa_exch;NaCa_exch,2,CaNa_exch,0.868632707774799,0.7372654155495979,0.38897763217964554,0.5611761009623059,0.43882389903769414,evidence_lifted_resolved,CaNa_exch:0.868633;NaCa_exch:0.131367,CaNa_exch:0.72;NaCa_exch:0.28
NGW-063,Middle Voltaian sedimentary aquifer,Voltaian Supergroup,siltstone–shale unit,North East Region,Mamprugu Moagduri,ghana_field_hydrosheaf_core,EC02,MgNa_exch;NaMg_exch,2,MgNa_exch,0.6569858712715856,0.3139717425431712,0.6430145180344135,0.9276738563878553,0.07232614361214473,conditionally_preferred,MgNa_exch:0.656986;NaMg_exch:0.343014,MgNa_exch:0.54;NaMg_exch:0.38
NGW-063,Middle Voltaian sedimentary aquifer,Voltaian Supergroup,siltstone–shale unit,North East Region,Mamprugu Moagduri,ghana_field_hydrosheaf_core,EC05,anorthite;calcite,2,calcite,0.7215189873417722,0.4430379746835444,0.5915129633473719,0.8533728188427887,0.1466271811572113,conditionally_preferred,anorthite:0.278481;calcite:0.721519,anorthite:0.88;calcite:0.95
NGW-064,Regolith/alluvial shallow aquifer,Quaternary regolith/alluvium,lateritic saprolite,North East Region,Yunyoo-Nasuan,ghana_field_hydrosheaf_core,EC01,CaNa_exch;NaCa_exch,2,CaNa_exch,0.6569858712715856,0.3139717425431712,0.6430145180344135,0.9276738563878553,0.07232614361214473,conditionally_preferred,CaNa_exch:0.656986;NaCa_exch:0.343014,CaNa_exch:0.54;NaCa_exch:0.38
NGW-064,Regolith/alluvial shallow aquifer,Quaternary regolith/alluvium,lateritic saprolite,North East Region,Yunyoo-Nasuan,ghana_field_hydrosheaf_core,EC02,MgNa_exch;NaMg_exch,2,MgNa_exch,0.6569858712715856,0.3139717425431712,0.6430145180344135,0.9276738563878553,0.07232614361214473,conditionally_preferred,MgNa_exch:0.656986;NaMg_exch:0.343014,MgNa_exch:0.54;NaMg_exch:0.38
NGW-064,Regolith/alluvial shallow aquifer,Quaternary regolith/alluvium,lateritic saprolite,North East Region,Yunyoo-Nasuan,ghana_field_hydrosheaf_core,EC05,anorthite;calcite,2,calcite,0.6740947075208912,0.34818941504178247,0.6312408283176507,0.9106880126205162,0.08931198737948376,conditionally_preferred,anorthite:0.325905;calcite:0.674095,anorthite:0.78;calcite:0.88
NGW-065,Middle Voltaian sedimentary aquifer,Voltaian Supergroup,siltstone–shale unit,North East Region,Gambaga,ghana_field_hydrosheaf_core,EC01,CaNa_exch;NaCa_exch,2,CaNa_exch,0.5,0.0,0.6931471805599453,1.0,0.0,unresolved_equivalence_class,CaNa_exch:0.5;NaCa_exch:0.5,CaNa_exch:0.5;NaCa_exch:0.5
NGW-065,Middle Voltaian sedimentary aquifer,Voltaian Supergroup,siltstone–shale unit,North East Region,Gambaga,ghana_field_hydrosheaf_core,EC02,MgNa_exch;NaMg_exch,2,MgNa_exch,0.5,0.0,0.6931471805599453,1.0,0.0,unresolved_equivalence_class,MgNa_exch:0.5;NaMg_exch:0.5,MgNa_exch:0.5;NaMg_exch:0.5
NGW-065,Middle Voltaian sedimentary aquifer,Voltaian Supergroup,siltstone–shale unit,North East Region,Gambaga,ghana_field_hydrosheaf_core,EC05,anorthite;calcite,2,calcite,0.7215189873417722,0.4430379746835444,0.5915129633473719,0.8533728188427887,0.1466271811572113,conditionally_preferred,anorthite:0.278481;calcite:0.721519,anorthite:0.88;calcite:0.95
NGW-066,Birimian fractured basement aquifer,Birimian Supergroup,metavolcanic–metasedimentary rocks,North East Region,Nalerigu,ghana_field_hydrosheaf_core,EC01,CaNa_exch;NaCa_exch,2,NaCa_exch,0.7611940298507462,0.5223880597014925,0.5496996817077255,0.7930490047779772,0.20695099522202276,conditionally_preferred,CaNa_exch:0.238806;NaCa_exch:0.761194,CaNa_exch:0.32;NaCa_exch:0.6
NGW-066,Birimian fractured basement aquifer,Birimian Supergroup,metavolcanic–metasedimentary rocks,North East Region,Nalerigu,ghana_field_hydrosheaf_core,EC02,MgNa_exch;NaMg_exch,2,NaMg_exch,0.7611940298507462,0.5223880597014925,0.5496996817077255,0.7930490047779772,0.20695099522202276,conditionally_preferred,MgNa_exch:0.238806;NaMg_exch:0.761194,MgNa_exch:0.32;NaMg_exch:0.6
NGW-066,Birimian fractured basement aquifer,Birimian Supergroup,metavolcanic–metasedimentary rocks,North East Region,Nalerigu,ghana_field_hydrosheaf_core,EC05,anorthite;calcite,2,anorthite,0.5,0.0,0.6931471805599453,1.0,0.0,unresolved_equivalence_class,anorthite:0.5;calcite:0.5,anorthite:0.88;calcite:0.88
NGW-067,Middle Voltaian sedimentary aquifer,Voltaian Supergroup,mudstone–sandstone sequence,North East Region,Nalerigu,ghana_field_hydrosheaf_core,EC01,CaNa_exch;NaCa_exch,2,CaNa_exch,0.868632707774799,0.7372654155495979,0.38897763217964554,0.5611761009623059,0.43882389903769414,evidence_lifted_resolved,CaNa_exch:0.868633;NaCa_exch:0.131367,CaNa_exch:0.72;NaCa_exch:0.28
NGW-067,Middle Voltaian sedimentary aquifer,Voltaian Supergroup,mudstone–sandstone sequence,North East Region,Nalerigu,ghana_field_hydrosheaf_core,EC02,MgNa_exch;NaMg_exch,2,MgNa_exch,0.868632707774799,0.7372654155495979,0.38897763217964554,0.5611761009623059,0.43882389903769414,evidence_lifted_resolved,MgNa_exch:0.868633;NaMg_exch:0.131367,MgNa_exch:0.72;NaMg_exch:0.28
NGW-067,Middle Voltaian sedimentary aquifer,Voltaian Supergroup,mudstone–sandstone sequence,North East Region,Nalerigu,ghana_field_hydrosheaf_core,EC05,anorthite;calcite,2,calcite,0.7215189873417722,0.4430379746835444,0.5915129633473719,0.8533728188427887,0.1466271811572113,conditionally_preferred,anorthite:0.278481;calcite:0.721519,anorthite:0.88;calcite:0.95
NGW-068,Birimian fractured basement aquifer,Birimian Supergroup,phyllite–schist fractured zone,North East Region,Yunyoo-Nasuan,ghana_field_hydrosheaf_core,EC01,CaNa_exch;NaCa_exch,2,CaNa_exch,0.868632707774799,0.7372654155495979,0.38897763217964554,0.5611761009623059,0.43882389903769414,evidence_lifted_resolved,CaNa_exch:0.868633;NaCa_exch:0.131367,CaNa_exch:0.72;NaCa_exch:0.28
NGW-068,Birimian fractured basement aquifer,Birimian Supergroup,phyllite–schist fractured zone,North East Region,Yunyoo-Nasuan,ghana_field_hydrosheaf_core,EC02,MgNa_exch;NaMg_exch,2,MgNa_exch,0.868632707774799,0.7372654155495979,0.38897763217964554,0.5611761009623059,0.43882389903769414,evidence_lifted_resolved,MgNa_exch:0.868633;NaMg_exch:0.131367,MgNa_exch:0.72;NaMg_exch:0.28
NGW-068,Birimian fractured basement aquifer,Birimian Supergroup,phyllite–schist fractured zone,North East Region,Yunyoo-Nasuan,ghana_field_hydrosheaf_core,EC05,anorthite;calcite,2,calcite,0.7215189873417722,0.4430379746835444,0.5915129633473719,0.8533728188427887,0.1466271811572113,conditionally_preferred,anorthite:0.278481;calcite:0.721519,anorthite:0.88;calcite:0.95
NGW-069,Middle Voltaian sedimentary aquifer,Voltaian Supergroup,mudstone–sandstone sequence,North East Region,Bunkpurugu,ghana_field_hydrosheaf_core,EC01,CaNa_exch;NaCa_exch,2,CaNa_exch,0.6569858712715856,0.3139717425431712,0.6430145180344135,0.9276738563878553,0.07232614361214473,conditionally_preferred,CaNa_exch:0.656986;NaCa_exch:0.343014,CaNa_exch:0.54;NaCa_exch:0.38
NGW-069,Middle Voltaian sedimentary aquifer,Voltaian Supergroup,mudstone–sandstone sequence,North East Region,Bunkpurugu,ghana_field_hydrosheaf_core,EC02,MgNa_exch;NaMg_exch,2,MgNa_exch,0.6569858712715856,0.3139717425431712,0.6430145180344135,0.9276738563878553,0.07232614361214473,conditionally_preferred,MgNa_exch:0.656986;NaMg_exch:0.343014,MgNa_exch:0.54;NaMg_exch:0.38
NGW-069,Middle Voltaian sedimentary aquifer,Voltaian Supergroup,mudstone–sandstone sequence,North East Region,Bunkpurugu,ghana_field_hydrosheaf_core,EC05,anorthite;calcite,2,calcite,0.6740947075208912,0.34818941504178247,0.6312408283176507,0.9106880126205162,0.08931198737948376,conditionally_preferred,anorthite:0.325905;calcite:0.674095,anorthite:0.78;calcite:0.88
NGW-070,Birimian fractured basement aquifer,Birimian Supergroup,greenstone belt fracture network,North East Region,Nalerigu,ghana_field_hydrosheaf_core,EC01,CaNa_exch;NaCa_exch,2,NaCa_exch,0.7611940298507462,0.5223880597014925,0.5496996817077255,0.7930490047779772,0.20695099522202276,conditionally_preferred,CaNa_exch:0.238806;NaCa_exch:0.761194,CaNa_exch:0.32;NaCa_exch:0.6
NGW-070,Birimian fractured basement aquifer,Birimian Supergroup,greenstone belt fracture network,North East Region,Nalerigu,ghana_field_hydrosheaf_core,EC02,MgNa_exch;NaMg_exch,2,NaMg_exch,0.7611940298507462,0.5223880597014925,0.5496996817077255,0.7930490047779772,0.20695099522202276,conditionally_preferred,MgNa_exch:0.238806;NaMg_exch:0.761194,MgNa_exch:0.32;NaMg_exch:0.6
NGW-070,Birimian fractured basement aquifer,Birimian Supergroup,greenstone belt fracture network,North East Region,Nalerigu,ghana_field_hydrosheaf_core,EC05,anorthite;calcite,2,calcite,0.6740947075208912,0.34818941504178247,0.6312408283176507,0.9106880126205162,0.08931198737948376,conditionally_preferred,anorthite:0.325905;calcite:0.674095,anorthite:0.78;calcite:0.88
NGW-071,Regolith/alluvial shallow aquifer,Quaternary regolith/alluvium,valley alluvium,North East Region,Mamprugu Moagduri,ghana_field_hydrosheaf_core,EC01,CaNa_exch;NaCa_exch,2,NaCa_exch,0.7611940298507462,0.5223880597014925,0.5496996817077255,0.7930490047779772,0.20695099522202276,conditionally_preferred,CaNa_exch:0.238806;NaCa_exch:0.761194,CaNa_exch:0.32;NaCa_exch:0.6
NGW-071,Regolith/alluvial shallow aquifer,Quaternary regolith/alluvium,valley alluvium,North East Region,Mamprugu Moagduri,ghana_field_hydrosheaf_core,EC02,MgNa_exch;NaMg_exch,2,NaMg_exch,0.7611940298507462,0.5223880597014925,0.5496996817077255,0.7930490047779772,0.20695099522202276,conditionally_preferred,MgNa_exch:0.238806;NaMg_exch:0.761194,MgNa_exch:0.32;NaMg_exch:0.6
NGW-071,Regolith/alluvial shallow aquifer,Quaternary regolith/alluvium,valley alluvium,North East Region,Mamprugu Moagduri,ghana_field_hydrosheaf_core,EC05,anorthite;calcite,2,calcite,0.6740947075208912,0.34818941504178247,0.6312408283176507,0.9106880126205162,0.08931198737948376,conditionally_preferred,anorthite:0.325905;calcite:0.674095,anorthite:0.78;calcite:0.88
NGW-072,Middle Voltaian sedimentary aquifer,Voltaian Supergroup,siltstone–shale unit,North East Region,Yunyoo-Nasuan,ghana_field_hydrosheaf_core,EC01,CaNa_exch;NaCa_exch,2,CaNa_exch,0.6569858712715856,0.3139717425431712,0.6430145180344135,0.9276738563878553,0.07232614361214473,conditionally_preferred,CaNa_exch:0.656986;NaCa_exch:0.343014,CaNa_exch:0.54;NaCa_exch:0.38
NGW-072,Middle Voltaian sedimentary aquifer,Voltaian Supergroup,siltstone–shale unit,North East Region,Yunyoo-Nasuan,ghana_field_hydrosheaf_core,EC02,MgNa_exch;NaMg_exch,2,MgNa_exch,0.6569858712715856,0.3139717425431712,0.6430145180344135,0.9276738563878553,0.07232614361214473,conditionally_preferred,MgNa_exch:0.656986;NaMg_exch:0.343014,MgNa_exch:0.54;NaMg_exch:0.38
NGW-072,Middle Voltaian sedimentary aquifer,Voltaian Supergroup,siltstone–shale unit,North East Region,Yunyoo-Nasuan,ghana_field_hydrosheaf_core,EC05,anorthite;calcite,2,calcite,0.7215189873417722,0.4430379746835444,0.5915129633473719,0.8533728188427887,0.1466271811572113,conditionally_preferred,anorthite:0.278481;calcite:0.721519,anorthite:0.88;calcite:0.95
NGW-073,Middle Voltaian sedimentary aquifer,Voltaian Supergroup,siltstone–shale unit,North East Region,Gambaga,ghana_field_hydrosheaf_core,EC01,CaNa_exch;NaCa_exch,2,CaNa_exch,0.6569858712715856,0.3139717425431712,0.6430145180344135,0.9276738563878553,0.07232614361214473,conditionally_preferred,CaNa_exch:0.656986;NaCa_exch:0.343014,CaNa_exch:0.54;NaCa_exch:0.38
NGW-073,Middle Voltaian sedimentary aquifer,Voltaian Supergroup,siltstone–shale unit,North East Region,Gambaga,ghana_field_hydrosheaf_core,EC02,MgNa_exch;NaMg_exch,2,MgNa_exch,0.6569858712715856,0.3139717425431712,0.6430145180344135,0.9276738563878553,0.07232614361214473,conditionally_preferred,MgNa_exch:0.656986;NaMg_exch:0.343014,MgNa_exch:0.54;NaMg_exch:0.38
NGW-073,Middle Voltaian sedimentary aquifer,Voltaian Supergroup,siltstone–shale unit,North East Region,Gambaga,ghana_field_hydrosheaf_core,EC05,anorthite;calcite,2,anorthite,0.5,0.0,0.6931471805599453,1.0,0.0,unresolved_equivalence_class,anorthite:0.5;calcite:0.5,anorthite:0.88;calcite:0.88
NGW-074,Middle Voltaian sedimentary aquifer,Voltaian Supergroup,mudstone–sandstone sequence,North East Region,Nalerigu,ghana_field_hydrosheaf_core,EC01,CaNa_exch;NaCa_exch,2,CaNa_exch,0.6569858712715856,0.3139717425431712,0.6430145180344135,0.9276738563878553,0.07232614361214473,conditionally_preferred,CaNa_exch:0.656986;NaCa_exch:0.343014,CaNa_exch:0.54;NaCa_exch:0.38
NGW-074,Middle Voltaian sedimentary aquifer,Voltaian Supergroup,mudstone–sandstone sequence,North East Region,Nalerigu,ghana_field_hydrosheaf_core,EC02,MgNa_exch;NaMg_exch,2,MgNa_exch,0.6569858712715856,0.3139717425431712,0.6430145180344135,0.9276738563878553,0.07232614361214473,conditionally_preferred,MgNa_exch:0.656986;NaMg_exch:0.343014,MgNa_exch:0.54;NaMg_exch:0.38
NGW-074,Middle Voltaian sedimentary aquifer,Voltaian Supergroup,mudstone–sandstone sequence,North East Region,Nalerigu,ghana_field_hydrosheaf_core,EC05,anorthite;calcite,2,calcite,0.6740947075208912,0.34818941504178247,0.6312408283176507,0.9106880126205162,0.08931198737948376,conditionally_preferred,anorthite:0.325905;calcite:0.674095,anorthite:0.78;calcite:0.88
NGW-075,Birimian fractured basement aquifer,Birimian Supergroup,metavolcanic–metasedimentary rocks,North East Region,Nalerigu,ghana_field_hydrosheaf_core,EC01,CaNa_exch;NaCa_exch,2,CaNa_exch,0.5,0.0,0.6931471805599453,1.0,0.0,unresolved_equivalence_class,CaNa_exch:0.5;NaCa_exch:0.5,CaNa_exch:0.5;NaCa_exch:0.5
NGW-075,Birimian fractured basement aquifer,Birimian Supergroup,metavolcanic–metasedimentary rocks,North East Region,Nalerigu,ghana_field_hydrosheaf_core,EC02,MgNa_exch;NaMg_exch,2,MgNa_exch,0.5,0.0,0.6931471805599453,1.0,0.0,unresolved_equivalence_class,MgNa_exch:0.5;NaMg_exch:0.5,MgNa_exch:0.5;NaMg_exch:0.5
NGW-075,Birimian fractured basement aquifer,Birimian Supergroup,metavolcanic–metasedimentary rocks,North East Region,Nalerigu,ghana_field_hydrosheaf_core,EC05,anorthite;calcite,2,anorthite,0.5,0.0,0.6931471805599453,1.0,0.0,unresolved_equivalence_class,anorthite:0.5;calcite:0.5,anorthite:0.78;calcite:0.78
NGW-076,Middle Voltaian sedimentary aquifer,Voltaian Supergroup,mudstone–sandstone sequence,North East Region,Walewale,ghana_field_hydrosheaf_core,EC01,CaNa_exch;NaCa_exch,2,CaNa_exch,0.868632707774799,0.7372654155495979,0.38897763217964554,0.5611761009623059,0.43882389903769414,evidence_lifted_resolved,CaNa_exch:0.868633;NaCa_exch:0.131367,CaNa_exch:0.72;NaCa_exch:0.28
NGW-076,Middle Voltaian sedimentary aquifer,Voltaian Supergroup,mudstone–sandstone sequence,North East Region,Walewale,ghana_field_hydrosheaf_core,EC02,MgNa_exch;NaMg_exch,2,MgNa_exch,0.6569858712715856,0.3139717425431712,0.6430145180344135,0.9276738563878553,0.07232614361214473,conditionally_preferred,MgNa_exch:0.656986;NaMg_exch:0.343014,MgNa_exch:0.54;NaMg_exch:0.38
NGW-076,Middle Voltaian sedimentary aquifer,Voltaian Supergroup,mudstone–sandstone sequence,North East Region,Walewale,ghana_field_hydrosheaf_core,EC05,anorthite;calcite,2,calcite,0.7215189873417722,0.4430379746835444,0.5915129633473719,0.8533728188427887,0.1466271811572113,conditionally_preferred,anorthite:0.278481;calcite:0.721519,anorthite:0.88;calcite:0.95
NGW-077,Middle Voltaian sedimentary aquifer,Voltaian Supergroup,sandstone–shale interbeds,North East Region,Yunyoo-Nasuan,ghana_field_hydrosheaf_core,EC01,CaNa_exch;NaCa_exch,2,CaNa_exch,0.6569858712715856,0.3139717425431712,0.6430145180344135,0.9276738563878553,0.07232614361214473,conditionally_preferred,CaNa_exch:0.656986;NaCa_exch:0.343014,CaNa_exch:0.54;NaCa_exch:0.38
NGW-077,Middle Voltaian sedimentary aquifer,Voltaian Supergroup,sandstone–shale interbeds,North East Region,Yunyoo-Nasuan,ghana_field_hydrosheaf_core,EC02,MgNa_exch;NaMg_exch,2,MgNa_exch,0.6569858712715856,0.3139717425431712,0.6430145180344135,0.9276738563878553,0.07232614361214473,conditionally_preferred,MgNa_exch:0.656986;NaMg_exch:0.343014,MgNa_exch:0.54;NaMg_exch:0.38
NGW-077,Middle Voltaian sedimentary aquifer,Voltaian Supergroup,sandstone–shale interbeds,North East Region,Yunyoo-Nasuan,ghana_field_hydrosheaf_core,EC05,anorthite;calcite,2,anorthite,0.5,0.0,0.6931471805599453,1.0,0.0,unresolved_equivalence_class,anorthite:0.5;calcite:0.5,anorthite:0.88;calcite:0.88
NGW-078,Middle Voltaian sedimentary aquifer,Voltaian Supergroup,sandstone–shale interbeds,North East Region,Gambaga,ghana_field_hydrosheaf_core,EC01,CaNa_exch;NaCa_exch,2,CaNa_exch,0.868632707774799,0.7372654155495979,0.38897763217964554,0.5611761009623059,0.43882389903769414,evidence_lifted_resolved,CaNa_exch:0.868633;NaCa_exch:0.131367,CaNa_exch:0.72;NaCa_exch:0.28
NGW-078,Middle Voltaian sedimentary aquifer,Voltaian Supergroup,sandstone–shale interbeds,North East Region,Gambaga,ghana_field_hydrosheaf_core,EC02,MgNa_exch;NaMg_exch,2,MgNa_exch,0.868632707774799,0.7372654155495979,0.38897763217964554,0.5611761009623059,0.43882389903769414,evidence_lifted_resolved,MgNa_exch:0.868633;NaMg_exch:0.131367,MgNa_exch:0.72;NaMg_exch:0.28
NGW-078,Middle Voltaian sedimentary aquifer,Voltaian Supergroup,sandstone–shale interbeds,North East Region,Gambaga,ghana_field_hydrosheaf_core,EC05,anorthite;calcite,2,anorthite,0.5,0.0,0.6931471805599453,1.0,0.0,unresolved_equivalence_class,anorthite:0.5;calcite:0.5,anorthite:0.88;calcite:0.88
NGW-079,Birimian fractured basement aquifer,Birimian Supergroup,phyllite–schist fractured zone,North East Region,Mamprugu Moagduri,ghana_field_hydrosheaf_core,EC01,CaNa_exch;NaCa_exch,2,CaNa_exch,0.5,0.0,0.6931471805599453,1.0,0.0,unresolved_equivalence_class,CaNa_exch:0.5;NaCa_exch:0.5,CaNa_exch:0.5;NaCa_exch:0.5
NGW-079,Birimian fractured basement aquifer,Birimian Supergroup,phyllite–schist fractured zone,North East Region,Mamprugu Moagduri,ghana_field_hydrosheaf_core,EC02,MgNa_exch;NaMg_exch,2,MgNa_exch,0.5,0.0,0.6931471805599453,1.0,0.0,unresolved_equivalence_class,MgNa_exch:0.5;NaMg_exch:0.5,MgNa_exch:0.5;NaMg_exch:0.5
NGW-079,Birimian fractured basement aquifer,Birimian Supergroup,phyllite–schist fractured zone,North East Region,Mamprugu Moagduri,ghana_field_hydrosheaf_core,EC05,anorthite;calcite,2,calcite,0.6740947075208912,0.34818941504178247,0.6312408283176507,0.9106880126205162,0.08931198737948376,conditionally_preferred,anorthite:0.325905;calcite:0.674095,anorthite:0.78;calcite:0.88
NGW-080,Middle Voltaian sedimentary aquifer,Voltaian Supergroup,siltstone–shale unit,North East Region,Walewale,ghana_field_hydrosheaf_core,EC01,CaNa_exch;NaCa_exch,2,CaNa_exch,0.6569858712715856,0.3139717425431712,0.6430145180344135,0.9276738563878553,0.07232614361214473,conditionally_preferred,CaNa_exch:0.656986;NaCa_exch:0.343014,CaNa_exch:0.54;NaCa_exch:0.38
NGW-080,Middle Voltaian sedimentary aquifer,Voltaian Supergroup,siltstone–shale unit,North East Region,Walewale,ghana_field_hydrosheaf_core,EC02,MgNa_exch;NaMg_exch,2,MgNa_exch,0.6569858712715856,0.3139717425431712,0.6430145180344135,0.9276738563878553,0.07232614361214473,conditionally_preferred,MgNa_exch:0.656986;NaMg_exch:0.343014,MgNa_exch:0.54;NaMg_exch:0.38
NGW-080,Middle Voltaian sedimentary aquifer,Voltaian Supergroup,siltstone–shale unit,North East Region,Walewale,ghana_field_hydrosheaf_core,EC05,anorthite;calcite,2,calcite,0.7215189873417722,0.4430379746835444,0.5915129633473719,0.8533728188427887,0.1466271811572113,conditionally_preferred,anorthite:0.278481;calcite:0.721519,anorthite:0.88;calcite:0.95
NGW-081,Birimian fractured basement aquifer,Birimian Supergroup,greenstone belt fracture network,Upper East Region,Bawku,ghana_field_hydrosheaf_core,EC01,CaNa_exch;NaCa_exch,2,NaCa_exch,0.7611940298507462,0.5223880597014925,0.5496996817077255,0.7930490047779772,0.20695099522202276,conditionally_preferred,CaNa_exch:0.238806;NaCa_exch:0.761194,CaNa_exch:0.32;NaCa_exch:0.6
NGW-081,Birimian fractured basement aquifer,Birimian Supergroup,greenstone belt fracture network,Upper East Region,Bawku,ghana_field_hydrosheaf_core,EC02,MgNa_exch;NaMg_exch,2,NaMg_exch,0.7611940298507462,0.5223880597014925,0.5496996817077255,0.7930490047779772,0.20695099522202276,conditionally_preferred,MgNa_exch:0.238806;NaMg_exch:0.761194,MgNa_exch:0.32;NaMg_exch:0.6
NGW-081,Birimian fractured basement aquifer,Birimian Supergroup,greenstone belt fracture network,Upper East Region,Bawku,ghana_field_hydrosheaf_core,EC05,anorthite;calcite,2,calcite,0.6740947075208912,0.34818941504178247,0.6312408283176507,0.9106880126205162,0.08931198737948376,conditionally_preferred,anorthite:0.325905;calcite:0.674095,anorthite:0.78;calcite:0.88
NGW-082,Granitoid fractured basement aquifer,Paleoproterozoic granitoid complex,gneissic fractured basement,Upper East Region,Bolgatanga,ghana_field_hydrosheaf_core,EC01,CaNa_exch;NaCa_exch,2,NaCa_exch,0.7611940298507462,0.5223880597014925,0.5496996817077255,0.7930490047779772,0.20695099522202276,conditionally_preferred,CaNa_exch:0.238806;NaCa_exch:0.761194,CaNa_exch:0.32;NaCa_exch:0.6
NGW-082,Granitoid fractured basement aquifer,Paleoproterozoic granitoid complex,gneissic fractured basement,Upper East Region,Bolgatanga,ghana_field_hydrosheaf_core,EC02,MgNa_exch;NaMg_exch,2,MgNa_exch,0.5,0.0,0.6931471805599453,1.0,0.0,unresolved_equivalence_class,MgNa_exch:0.5;NaMg_exch:0.5,MgNa_exch:0.5;NaMg_exch:0.5
NGW-082,Granitoid fractured basement aquifer,Paleoproterozoic granitoid complex,gneissic fractured basement,Upper East Region,Bolgatanga,ghana_field_hydrosheaf_core,EC05,anorthite;calcite,2,anorthite,0.5,0.0,0.6931471805599453,1.0,0.0,unresolved_equivalence_class,anorthite:0.5;calcite:0.5,anorthite:0.88;calcite:0.88
NGW-083,Granitoid fractured basement aquifer,Paleoproterozoic granitoid complex,granitoid saprolite,Upper East Region,Bolgatanga,ghana_field_hydrosheaf_core,EC01,CaNa_exch;NaCa_exch,2,CaNa_exch,0.5,0.0,0.6931471805599453,1.0,0.0,unresolved_equivalence_class,CaNa_exch:0.5;NaCa_exch:0.5,CaNa_exch:0.5;NaCa_exch:0.5
NGW-083,Granitoid fractured basement aquifer,Paleoproterozoic granitoid complex,granitoid saprolite,Upper East Region,Bolgatanga,ghana_field_hydrosheaf_core,EC02,MgNa_exch;NaMg_exch,2,NaMg_exch,0.7611940298507462,0.5223880597014925,0.5496996817077255,0.7930490047779772,0.20695099522202276,conditionally_preferred,MgNa_exch:0.238806;NaMg_exch:0.761194,MgNa_exch:0.32;NaMg_exch:0.6
NGW-083,Granitoid fractured basement aquifer,Paleoproterozoic granitoid complex,granitoid saprolite,Upper East Region,Bolgatanga,ghana_field_hydrosheaf_core,EC05,anorthite;calcite,2,calcite,0.7215189873417722,0.4430379746835444,0.5915129633473719,0.8533728188427887,0.1466271811572113,conditionally_preferred,anorthite:0.278481;calcite:0.721519,anorthite:0.88;calcite:0.95
NGW-084,Birimian fractured basement aquifer,Birimian Supergroup,phyllite–schist fractured zone,Upper East Region,Bawku,ghana_field_hydrosheaf_core,EC01,CaNa_exch;NaCa_exch,2,CaNa_exch,0.6569858712715856,0.3139717425431712,0.6430145180344135,0.9276738563878553,0.07232614361214473,conditionally_preferred,CaNa_exch:0.656986;NaCa_exch:0.343014,CaNa_exch:0.54;NaCa_exch:0.38
NGW-084,Birimian fractured basement aquifer,Birimian Supergroup,phyllite–schist fractured zone,Upper East Region,Bawku,ghana_field_hydrosheaf_core,EC02,MgNa_exch;NaMg_exch,2,MgNa_exch,0.6569858712715856,0.3139717425431712,0.6430145180344135,0.9276738563878553,0.07232614361214473,conditionally_preferred,MgNa_exch:0.656986;NaMg_exch:0.343014,MgNa_exch:0.54;NaMg_exch:0.38
NGW-084,Birimian fractured basement aquifer,Birimian Supergroup,phyllite–schist fractured zone,Upper East Region,Bawku,ghana_field_hydrosheaf_core,EC05,anorthite;calcite,2,anorthite,0.6984126984126983,0.3968253968253966,0.612203226446043,0.8832225588099293,0.11677744119007072,conditionally_preferred,anorthite:0.698413;calcite:0.301587,anorthite:0.88;calcite:0.76
NGW-085,Regolith/alluvial shallow aquifer,Quaternary regolith/alluvium,weathered regolith,Upper East Region,Navrongo,ghana_field_hydrosheaf_core,EC01,CaNa_exch;NaCa_exch,2,CaNa_exch,0.6569858712715856,0.3139717425431712,0.6430145180344135,0.9276738563878553,0.07232614361214473,conditionally_preferred,CaNa_exch:0.656986;NaCa_exch:0.343014,CaNa_exch:0.54;NaCa_exch:0.38
NGW-085,Regolith/alluvial shallow aquifer,Quaternary regolith/alluvium,weathered regolith,Upper East Region,Navrongo,ghana_field_hydrosheaf_core,EC02,MgNa_exch;NaMg_exch,2,MgNa_exch,0.6569858712715856,0.3139717425431712,0.6430145180344135,0.9276738563878553,0.07232614361214473,conditionally_preferred,MgNa_exch:0.656986;NaMg_exch:0.343014,MgNa_exch:0.54;NaMg_exch:0.38
NGW-085,Regolith/alluvial shallow aquifer,Quaternary regolith/alluvium,weathered regolith,Upper East Region,Navrongo,ghana_field_hydrosheaf_core,EC05,anorthite;calcite,2,anorthite,0.5,0.0,0.6931471805599453,1.0,0.0,unresolved_equivalence_class,anorthite:0.5;calcite:0.5,anorthite:0.78;calcite:0.78
NGW-086,Granitoid fractured basement aquifer,Paleoproterozoic granitoid complex,granitoid saprolite,Upper East Region,Bolgatanga,ghana_field_hydrosheaf_core,EC01,CaNa_exch;NaCa_exch,2,CaNa_exch,0.5,0.0,0.6931471805599453,1.0,0.0,unresolved_equivalence_class,CaNa_exch:0.5;NaCa_exch:0.5,CaNa_exch:0.5;NaCa_exch:0.5
NGW-086,Granitoid fractured basement aquifer,Paleoproterozoic granitoid complex,granitoid saprolite,Upper East Region,Bolgatanga,ghana_field_hydrosheaf_core,EC02,MgNa_exch;NaMg_exch,2,MgNa_exch,0.5,0.0,0.6931471805599453,1.0,0.0,unresolved_equivalence_class,MgNa_exch:0.5;NaMg_exch:0.5,MgNa_exch:0.5;NaMg_exch:0.5
NGW-086,Granitoid fractured basement aquifer,Paleoproterozoic granitoid complex,granitoid saprolite,Upper East Region,Bolgatanga,ghana_field_hydrosheaf_core,EC05,anorthite;calcite,2,anorthite,0.6984126984126983,0.3968253968253966,0.612203226446043,0.8832225588099293,0.11677744119007072,conditionally_preferred,anorthite:0.698413;calcite:0.301587,anorthite:0.88;calcite:0.76
NGW-088,Granitoid fractured basement aquifer,Paleoproterozoic granitoid complex,gneissic fractured basement,Upper East Region,Paga,ghana_field_hydrosheaf_core,EC01,CaNa_exch;NaCa_exch,2,CaNa_exch,0.6569858712715856,0.3139717425431712,0.6430145180344135,0.9276738563878553,0.07232614361214473,conditionally_preferred,CaNa_exch:0.656986;NaCa_exch:0.343014,CaNa_exch:0.54;NaCa_exch:0.38
NGW-088,Granitoid fractured basement aquifer,Paleoproterozoic granitoid complex,gneissic fractured basement,Upper East Region,Paga,ghana_field_hydrosheaf_core,EC02,MgNa_exch;NaMg_exch,2,MgNa_exch,0.6569858712715856,0.3139717425431712,0.6430145180344135,0.9276738563878553,0.07232614361214473,conditionally_preferred,MgNa_exch:0.656986;NaMg_exch:0.343014,MgNa_exch:0.54;NaMg_exch:0.38
NGW-088,Granitoid fractured basement aquifer,Paleoproterozoic granitoid complex,gneissic fractured basement,Upper East Region,Paga,ghana_field_hydrosheaf_core,EC05,anorthite;calcite,2,calcite,0.6740947075208912,0.34818941504178247,0.6312408283176507,0.9106880126205162,0.08931198737948376,conditionally_preferred,anorthite:0.325905;calcite:0.674095,anorthite:0.78;calcite:0.88
NGW-089,Birimian fractured basement aquifer,Birimian Supergroup,phyllite–schist fractured zone,Upper East Region,Bawku,ghana_field_hydrosheaf_core,EC01,CaNa_exch;NaCa_exch,2,CaNa_exch,0.6569858712715856,0.3139717425431712,0.6430145180344135,0.9276738563878553,0.07232614361214473,conditionally_preferred,CaNa_exch:0.656986;NaCa_exch:0.343014,CaNa_exch:0.54;NaCa_exch:0.38
NGW-089,Birimian fractured basement aquifer,Birimian Supergroup,phyllite–schist fractured zone,Upper East Region,Bawku,ghana_field_hydrosheaf_core,EC02,MgNa_exch;NaMg_exch,2,MgNa_exch,0.5598086124401914,0.11961722488038284,0.685975881343523,0.9896540021837368,0.01034599781626322,unresolved_equivalence_class,MgNa_exch:0.559809;NaMg_exch:0.440191,MgNa_exch:0.54;NaMg_exch:0.48
NGW-089,Birimian fractured basement aquifer,Birimian Supergroup,phyllite–schist fractured zone,Upper East Region,Bawku,ghana_field_hydrosheaf_core,EC05,anorthite;calcite,2,calcite,0.6740947075208912,0.34818941504178247,0.6312408283176507,0.9106880126205162,0.08931198737948376,conditionally_preferred,anorthite:0.325905;calcite:0.674095,anorthite:0.78;calcite:0.88
NGW-090,Regolith/alluvial shallow aquifer,Quaternary regolith/alluvium,lateritic saprolite,Upper East Region,Bolgatanga,ghana_field_hydrosheaf_core,EC01,CaNa_exch;NaCa_exch,2,CaNa_exch,0.868632707774799,0.7372654155495979,0.38897763217964554,0.5611761009623059,0.43882389903769414,evidence_lifted_resolved,CaNa_exch:0.868633;NaCa_exch:0.131367,CaNa_exch:0.72;NaCa_exch:0.28
NGW-090,Regolith/alluvial shallow aquifer,Quaternary regolith/alluvium,lateritic saprolite,Upper East Region,Bolgatanga,ghana_field_hydrosheaf_core,EC02,MgNa_exch;NaMg_exch,2,MgNa_exch,0.6569858712715856,0.3139717425431712,0.6430145180344135,0.9276738563878553,0.07232614361214473,conditionally_preferred,MgNa_exch:0.656986;NaMg_exch:0.343014,MgNa_exch:0.54;NaMg_exch:0.38
NGW-090,Regolith/alluvial shallow aquifer,Quaternary regolith/alluvium,lateritic saprolite,Upper East Region,Bolgatanga,ghana_field_hydrosheaf_core,EC05,anorthite;calcite,2,anorthite,0.6984126984126983,0.3968253968253966,0.612203226446043,0.8832225588099293,0.11677744119007072,conditionally_preferred,anorthite:0.698413;calcite:0.301587,anorthite:0.88;calcite:0.76
NGW-092,Regolith/alluvial shallow aquifer,Quaternary regolith/alluvium,lateritic saprolite,Upper East Region,Talensi,ghana_field_hydrosheaf_core,EC01,CaNa_exch;NaCa_exch,2,CaNa_exch,0.868632707774799,0.7372654155495979,0.38897763217964554,0.5611761009623059,0.43882389903769414,evidence_lifted_resolved,CaNa_exch:0.868633;NaCa_exch:0.131367,CaNa_exch:0.72;NaCa_exch:0.28
NGW-092,Regolith/alluvial shallow aquifer,Quaternary regolith/alluvium,lateritic saprolite,Upper East Region,Talensi,ghana_field_hydrosheaf_core,EC02,MgNa_exch;NaMg_exch,2,MgNa_exch,0.868632707774799,0.7372654155495979,0.38897763217964554,0.5611761009623059,0.43882389903769414,evidence_lifted_resolved,MgNa_exch:0.868633;NaMg_exch:0.131367,MgNa_exch:0.72;NaMg_exch:0.28
NGW-092,Regolith/alluvial shallow aquifer,Quaternary regolith/alluvium,lateritic saprolite,Upper East Region,Talensi,ghana_field_hydrosheaf_core,EC05,anorthite;calcite,2,calcite,0.7215189873417722,0.4430379746835444,0.5915129633473719,0.8533728188427887,0.1466271811572113,conditionally_preferred,anorthite:0.278481;calcite:0.721519,anorthite:0.88;calcite:0.95
NGW-093,Granitoid fractured basement aquifer,Paleoproterozoic granitoid complex,granitoid saprolite,Upper East Region,Talensi,ghana_field_hydrosheaf_core,EC01,CaNa_exch;NaCa_exch,2,NaCa_exch,0.7611940298507462,0.5223880597014925,0.5496996817077255,0.7930490047779772,0.20695099522202276,conditionally_preferred,CaNa_exch:0.238806;NaCa_exch:0.761194,CaNa_exch:0.32;NaCa_exch:0.6
NGW-093,Granitoid fractured basement aquifer,Paleoproterozoic granitoid complex,granitoid saprolite,Upper East Region,Talensi,ghana_field_hydrosheaf_core,EC02,MgNa_exch;NaMg_exch,2,NaMg_exch,0.7611940298507462,0.5223880597014925,0.5496996817077255,0.7930490047779772,0.20695099522202276,conditionally_preferred,MgNa_exch:0.238806;NaMg_exch:0.761194,MgNa_exch:0.32;NaMg_exch:0.6
NGW-093,Granitoid fractured basement aquifer,Paleoproterozoic granitoid complex,granitoid saprolite,Upper East Region,Talensi,ghana_field_hydrosheaf_core,EC05,anorthite;calcite,2,calcite,0.7215189873417722,0.4430379746835444,0.5915129633473719,0.8533728188427887,0.1466271811572113,conditionally_preferred,anorthite:0.278481;calcite:0.721519,anorthite:0.88;calcite:0.95
NGW-094,Regolith/alluvial shallow aquifer,Quaternary regolith/alluvium,valley alluvium,Upper East Region,Zebilla,ghana_field_hydrosheaf_core,EC01,CaNa_exch;NaCa_exch,2,NaCa_exch,0.868632707774799,0.7372654155495979,0.38897763217964554,0.5611761009623059,0.43882389903769414,evidence_lifted_resolved,CaNa_exch:0.131367;NaCa_exch:0.868633,CaNa_exch:0.28;NaCa_exch:0.72
NGW-094,Regolith/alluvial shallow aquifer,Quaternary regolith/alluvium,valley alluvium,Upper East Region,Zebilla,ghana_field_hydrosheaf_core,EC02,MgNa_exch;NaMg_exch,2,NaMg_exch,0.868632707774799,0.7372654155495979,0.38897763217964554,0.5611761009623059,0.43882389903769414,evidence_lifted_resolved,MgNa_exch:0.131367;NaMg_exch:0.868633,MgNa_exch:0.28;NaMg_exch:0.72
NGW-094,Regolith/alluvial shallow aquifer,Quaternary regolith/alluvium,valley alluvium,Upper East Region,Zebilla,ghana_field_hydrosheaf_core,EC05,anorthite;calcite,2,calcite,0.7215189873417722,0.4430379746835444,0.5915129633473719,0.8533728188427887,0.1466271811572113,conditionally_preferred,anorthite:0.278481;calcite:0.721519,anorthite:0.88;calcite:0.95
NGW-095,Regolith/alluvial shallow aquifer,Quaternary regolith/alluvium,lateritic saprolite,Upper East Region,Bawku,ghana_field_hydrosheaf_core,EC01,CaNa_exch;NaCa_exch,2,NaCa_exch,0.7611940298507462,0.5223880597014925,0.5496996817077255,0.7930490047779772,0.20695099522202276,conditionally_preferred,CaNa_exch:0.238806;NaCa_exch:0.761194,CaNa_exch:0.32;NaCa_exch:0.6
NGW-095,Regolith/alluvial shallow aquifer,Quaternary regolith/alluvium,lateritic saprolite,Upper East Region,Bawku,ghana_field_hydrosheaf_core,EC02,MgNa_exch;NaMg_exch,2,NaMg_exch,0.7611940298507462,0.5223880597014925,0.5496996817077255,0.7930490047779772,0.20695099522202276,conditionally_preferred,MgNa_exch:0.238806;NaMg_exch:0.761194,MgNa_exch:0.32;NaMg_exch:0.6
NGW-095,Regolith/alluvial shallow aquifer,Quaternary regolith/alluvium,lateritic saprolite,Upper East Region,Bawku,ghana_field_hydrosheaf_core,EC05,anorthite;calcite,2,calcite,0.6740947075208912,0.34818941504178247,0.6312408283176507,0.9106880126205162,0.08931198737948376,conditionally_preferred,anorthite:0.325905;calcite:0.674095,anorthite:0.78;calcite:0.88
NGW-096,Birimian fractured basement aquifer,Birimian Supergroup,metavolcanic–metasedimentary rocks,Upper East Region,Bolgatanga,ghana_field_hydrosheaf_core,EC01,CaNa_exch;NaCa_exch,2,NaCa_exch,0.868632707774799,0.7372654155495979,0.38897763217964554,0.5611761009623059,0.43882389903769414,evidence_lifted_resolved,CaNa_exch:0.131367;NaCa_exch:0.868633,CaNa_exch:0.28;NaCa_exch:0.72
NGW-096,Birimian fractured basement aquifer,Birimian Supergroup,metavolcanic–metasedimentary rocks,Upper East Region,Bolgatanga,ghana_field_hydrosheaf_core,EC02,MgNa_exch;NaMg_exch,2,NaMg_exch,0.868632707774799,0.7372654155495979,0.38897763217964554,0.5611761009623059,0.43882389903769414,evidence_lifted_resolved,MgNa_exch:0.131367;NaMg_exch:0.868633,MgNa_exch:0.28;NaMg_exch:0.72
NGW-096,Birimian fractured basement aquifer,Birimian Supergroup,metavolcanic–metasedimentary rocks,Upper East Region,Bolgatanga,ghana_field_hydrosheaf_core,EC05,anorthite;calcite,2,anorthite,0.6184834123222749,0.23696682464454977,0.6648016906385674,0.9591061022588601,0.04089389774113994,conditionally_preferred,anorthite:0.618483;calcite:0.381517,anorthite:0.58;calcite:0.46
NGW-097,Birimian fractured basement aquifer,Birimian Supergroup,metavolcanic–metasedimentary rocks,Upper East Region,Bongo,ghana_field_hydrosheaf_core,EC01,CaNa_exch;NaCa_exch,2,NaCa_exch,0.7611940298507462,0.5223880597014925,0.5496996817077255,0.7930490047779772,0.20695099522202276,conditionally_preferred,CaNa_exch:0.238806;NaCa_exch:0.761194,CaNa_exch:0.32;NaCa_exch:0.6
NGW-097,Birimian fractured basement aquifer,Birimian Supergroup,metavolcanic–metasedimentary rocks,Upper East Region,Bongo,ghana_field_hydrosheaf_core,EC02,MgNa_exch;NaMg_exch,2,NaMg_exch,0.7611940298507462,0.5223880597014925,0.5496996817077255,0.7930490047779772,0.20695099522202276,conditionally_preferred,MgNa_exch:0.238806;NaMg_exch:0.761194,MgNa_exch:0.32;NaMg_exch:0.6
NGW-097,Birimian fractured basement aquifer,Birimian Supergroup,metavolcanic–metasedimentary rocks,Upper East Region,Bongo,ghana_field_hydrosheaf_core,EC05,anorthite;calcite,2,calcite,0.6740947075208912,0.34818941504178247,0.6312408283176507,0.9106880126205162,0.08931198737948376,conditionally_preferred,anorthite:0.325905;calcite:0.674095,anorthite:0.78;calcite:0.88
NGW-098,Granitoid fractured basement aquifer,Paleoproterozoic granitoid complex,granitoid saprolite,Upper East Region,Navrongo,ghana_field_hydrosheaf_core,EC01,CaNa_exch;NaCa_exch,2,NaCa_exch,0.7611940298507462,0.5223880597014925,0.5496996817077255,0.7930490047779772,0.20695099522202276,conditionally_preferred,CaNa_exch:0.238806;NaCa_exch:0.761194,CaNa_exch:0.32;NaCa_exch:0.6
NGW-098,Granitoid fractured basement aquifer,Paleoproterozoic granitoid complex,granitoid saprolite,Upper East Region,Navrongo,ghana_field_hydrosheaf_core,EC02,MgNa_exch;NaMg_exch,2,NaMg_exch,0.7611940298507462,0.5223880597014925,0.5496996817077255,0.7930490047779772,0.20695099522202276,conditionally_preferred,MgNa_exch:0.238806;NaMg_exch:0.761194,MgNa_exch:0.32;NaMg_exch:0.6
NGW-098,Granitoid fractured basement aquifer,Paleoproterozoic granitoid complex,granitoid saprolite,Upper East Region,Navrongo,ghana_field_hydrosheaf_core,EC05,anorthite;calcite,2,calcite,0.6740947075208912,0.34818941504178247,0.6312408283176507,0.9106880126205162,0.08931198737948376,conditionally_preferred,anorthite:0.325905;calcite:0.674095,anorthite:0.78;calcite:0.88
NGW-099,Regolith/alluvial shallow aquifer,Quaternary regolith/alluvium,weathered regolith,Upper East Region,Bawku,ghana_field_hydrosheaf_core,EC01,CaNa_exch;NaCa_exch,2,CaNa_exch,0.868632707774799,0.7372654155495979,0.38897763217964554,0.5611761009623059,0.43882389903769414,evidence_lifted_resolved,CaNa_exch:0.868633;NaCa_exch:0.131367,CaNa_exch:0.72;NaCa_exch:0.28
NGW-099,Regolith/alluvial shallow aquifer,Quaternary regolith/alluvium,weathered regolith,Upper East Region,Bawku,ghana_field_hydrosheaf_core,EC02,MgNa_exch;NaMg_exch,2,MgNa_exch,0.868632707774799,0.7372654155495979,0.38897763217964554,0.5611761009623059,0.43882389903769414,evidence_lifted_resolved,MgNa_exch:0.868633;NaMg_exch:0.131367,MgNa_exch:0.72;NaMg_exch:0.28
NGW-099,Regolith/alluvial shallow aquifer,Quaternary regolith/alluvium,weathered regolith,Upper East Region,Bawku,ghana_field_hydrosheaf_core,EC05,anorthite;calcite,2,calcite,0.7215189873417722,0.4430379746835444,0.5915129633473719,0.8533728188427887,0.1466271811572113,conditionally_preferred,anorthite:0.278481;calcite:0.721519,anorthite:0.88;calcite:0.95
NGW-100,Regolith/alluvial shallow aquifer,Quaternary regolith/alluvium,weathered regolith,Upper East Region,Garu,ghana_field_hydrosheaf_core,EC01,CaNa_exch;NaCa_exch,2,NaCa_exch,0.7611940298507462,0.5223880597014925,0.5496996817077255,0.7930490047779772,0.20695099522202276,conditionally_preferred,CaNa_exch:0.238806;NaCa_exch:0.761194,CaNa_exch:0.32;NaCa_exch:0.6
NGW-100,Regolith/alluvial shallow aquifer,Quaternary regolith/alluvium,weathered regolith,Upper East Region,Garu,ghana_field_hydrosheaf_core,EC02,MgNa_exch;NaMg_exch,2,NaMg_exch,0.7611940298507462,0.5223880597014925,0.5496996817077255,0.7930490047779772,0.20695099522202276,conditionally_preferred,MgNa_exch:0.238806;NaMg_exch:0.761194,MgNa_exch:0.32;NaMg_exch:0.6
NGW-100,Regolith/alluvial shallow aquifer,Quaternary regolith/alluvium,weathered regolith,Upper East Region,Garu,ghana_field_hydrosheaf_core,EC05,anorthite;calcite,2,calcite,0.6740947075208912,0.34818941504178247,0.6312408283176507,0.9106880126205162,0.08931198737948376,conditionally_preferred,anorthite:0.325905;calcite:0.674095,anorthite:0.78;calcite:0.88
NGW-101,Birimian fractured basement aquifer,Birimian Supergroup,greenstone belt fracture network,Upper East Region,Paga,ghana_field_hydrosheaf_core,EC01,CaNa_exch;NaCa_exch,2,NaCa_exch,0.868632707774799,0.7372654155495979,0.38897763217964554,0.5611761009623059,0.43882389903769414,evidence_lifted_resolved,CaNa_exch:0.131367;NaCa_exch:0.868633,CaNa_exch:0.28;NaCa_exch:0.72
NGW-101,Birimian fractured basement aquifer,Birimian Supergroup,greenstone belt fracture network,Upper East Region,Paga,ghana_field_hydrosheaf_core,EC02,MgNa_exch;NaMg_exch,2,NaMg_exch,0.868632707774799,0.7372654155495979,0.38897763217964554,0.5611761009623059,0.43882389903769414,evidence_lifted_resolved,MgNa_exch:0.131367;NaMg_exch:0.868633,MgNa_exch:0.28;NaMg_exch:0.72
NGW-101,Birimian fractured basement aquifer,Birimian Supergroup,greenstone belt fracture network,Upper East Region,Paga,ghana_field_hydrosheaf_core,EC05,anorthite;calcite,2,calcite,0.7215189873417722,0.4430379746835444,0.5915129633473719,0.8533728188427887,0.1466271811572113,conditionally_preferred,anorthite:0.278481;calcite:0.721519,anorthite:0.88;calcite:0.95
NGW-102,Regolith/alluvial shallow aquifer,Quaternary regolith/alluvium,lateritic saprolite,Upper East Region,Zebilla,ghana_field_hydrosheaf_core,EC01,CaNa_exch;NaCa_exch,2,NaCa_exch,0.7611940298507462,0.5223880597014925,0.5496996817077255,0.7930490047779772,0.20695099522202276,conditionally_preferred,CaNa_exch:0.238806;NaCa_exch:0.761194,CaNa_exch:0.32;NaCa_exch:0.6
NGW-102,Regolith/alluvial shallow aquifer,Quaternary regolith/alluvium,lateritic saprolite,Upper East Region,Zebilla,ghana_field_hydrosheaf_core,EC02,MgNa_exch;NaMg_exch,2,NaMg_exch,0.7611940298507462,0.5223880597014925,0.5496996817077255,0.7930490047779772,0.20695099522202276,conditionally_preferred,MgNa_exch:0.238806;NaMg_exch:0.761194,MgNa_exch:0.32;NaMg_exch:0.6
NGW-102,Regolith/alluvial shallow aquifer,Quaternary regolith/alluvium,lateritic saprolite,Upper East Region,Zebilla,ghana_field_hydrosheaf_core,EC05,anorthite;calcite,2,anorthite,0.5,0.0,0.6931471805599453,1.0,0.0,unresolved_equivalence_class,anorthite:0.5;calcite:0.5,anorthite:0.78;calcite:0.78
NGW-103,Regolith/alluvial shallow aquifer,Quaternary regolith/alluvium,lateritic saprolite,Upper East Region,Garu,ghana_field_hydrosheaf_core,EC01,CaNa_exch;NaCa_exch,2,CaNa_exch,0.5,0.0,0.6931471805599453,1.0,0.0,unresolved_equivalence_class,CaNa_exch:0.5;NaCa_exch:0.5,CaNa_exch:0.5;NaCa_exch:0.5
NGW-103,Regolith/alluvial shallow aquifer,Quaternary regolith/alluvium,lateritic saprolite,Upper East Region,Garu,ghana_field_hydrosheaf_core,EC02,MgNa_exch;NaMg_exch,2,MgNa_exch,0.5,0.0,0.6931471805599453,1.0,0.0,unresolved_equivalence_class,MgNa_exch:0.5;NaMg_exch:0.5,MgNa_exch:0.5;NaMg_exch:0.5
NGW-103,Regolith/alluvial shallow aquifer,Quaternary regolith/alluvium,lateritic saprolite,Upper East Region,Garu,ghana_field_hydrosheaf_core,EC05,anorthite;calcite,2,anorthite,0.5,0.0,0.6931471805599453,1.0,0.0,unresolved_equivalence_class,anorthite:0.5;calcite:0.5,anorthite:0.88;calcite:0.88
NGW-104,Regolith/alluvial shallow aquifer,Quaternary regolith/alluvium,weathered regolith,Upper East Region,Zebilla,ghana_field_hydrosheaf_core,EC01,CaNa_exch;NaCa_exch,2,NaCa_exch,0.7611940298507462,0.5223880597014925,0.5496996817077255,0.7930490047779772,0.20695099522202276,conditionally_preferred,CaNa_exch:0.238806;NaCa_exch:0.761194,CaNa_exch:0.32;NaCa_exch:0.6
NGW-104,Regolith/alluvial shallow aquifer,Quaternary regolith/alluvium,weathered regolith,Upper East Region,Zebilla,ghana_field_hydrosheaf_core,EC02,MgNa_exch;NaMg_exch,2,NaMg_exch,0.7611940298507462,0.5223880597014925,0.5496996817077255,0.7930490047779772,0.20695099522202276,conditionally_preferred,MgNa_exch:0.238806;NaMg_exch:0.761194,MgNa_exch:0.32;NaMg_exch:0.6
NGW-104,Regolith/alluvial shallow aquifer,Quaternary regolith/alluvium,weathered regolith,Upper East Region,Zebilla,ghana_field_hydrosheaf_core,EC05,anorthite;calcite,2,calcite,0.6740947075208912,0.34818941504178247,0.6312408283176507,0.9106880126205162,0.08931198737948376,conditionally_preferred,anorthite:0.325905;calcite:0.674095,anorthite:0.78;calcite:0.88
NGW-105,Granitoid fractured basement aquifer,Paleoproterozoic granitoid complex,granite–gneiss weathered/fractured zone,Upper East Region,Talensi,ghana_field_hydrosheaf_core,EC01,CaNa_exch;NaCa_exch,2,CaNa_exch,0.6569858712715856,0.3139717425431712,0.6430145180344135,0.9276738563878553,0.07232614361214473,conditionally_preferred,CaNa_exch:0.656986;NaCa_exch:0.343014,CaNa_exch:0.54;NaCa_exch:0.38
NGW-105,Granitoid fractured basement aquifer,Paleoproterozoic granitoid complex,granite–gneiss weathered/fractured zone,Upper East Region,Talensi,ghana_field_hydrosheaf_core,EC02,MgNa_exch;NaMg_exch,2,MgNa_exch,0.6569858712715856,0.3139717425431712,0.6430145180344135,0.9276738563878553,0.07232614361214473,conditionally_preferred,MgNa_exch:0.656986;NaMg_exch:0.343014,MgNa_exch:0.54;NaMg_exch:0.38
NGW-105,Granitoid fractured basement aquifer,Paleoproterozoic granitoid complex,granite–gneiss weathered/fractured zone,Upper East Region,Talensi,ghana_field_hydrosheaf_core,EC05,anorthite;calcite,2,calcite,0.7215189873417722,0.4430379746835444,0.5915129633473719,0.8533728188427887,0.1466271811572113,conditionally_preferred,anorthite:0.278481;calcite:0.721519,anorthite:0.88;calcite:0.95
NGW-106,Granitoid fractured basement aquifer,Paleoproterozoic granitoid complex,granitoid saprolite,Upper East Region,Bawku,ghana_field_hydrosheaf_core,EC01,CaNa_exch;NaCa_exch,2,CaNa_exch,0.6569858712715856,0.3139717425431712,0.6430145180344135,0.9276738563878553,0.07232614361214473,conditionally_preferred,CaNa_exch:0.656986;NaCa_exch:0.343014,CaNa_exch:0.54;NaCa_exch:0.38
NGW-106,Granitoid fractured basement aquifer,Paleoproterozoic granitoid complex,granitoid saprolite,Upper East Region,Bawku,ghana_field_hydrosheaf_core,EC02,MgNa_exch;NaMg_exch,2,MgNa_exch,0.6569858712715856,0.3139717425431712,0.6430145180344135,0.9276738563878553,0.07232614361214473,conditionally_preferred,MgNa_exch:0.656986;NaMg_exch:0.343014,MgNa_exch:0.54;NaMg_exch:0.38
NGW-106,Granitoid fractured basement aquifer,Paleoproterozoic granitoid complex,granitoid saprolite,Upper East Region,Bawku,ghana_field_hydrosheaf_core,EC05,anorthite;calcite,2,calcite,0.7215189873417722,0.4430379746835444,0.5915129633473719,0.8533728188427887,0.1466271811572113,conditionally_preferred,anorthite:0.278481;calcite:0.721519,anorthite:0.88;calcite:0.95
NGW-107,Regolith/alluvial shallow aquifer,Quaternary regolith/alluvium,valley alluvium,Upper East Region,Garu,ghana_field_hydrosheaf_core,EC01,CaNa_exch;NaCa_exch,2,NaCa_exch,0.7611940298507462,0.5223880597014925,0.5496996817077255,0.7930490047779772,0.20695099522202276,conditionally_preferred,CaNa_exch:0.238806;NaCa_exch:0.761194,CaNa_exch:0.32;NaCa_exch:0.6
NGW-107,Regolith/alluvial shallow aquifer,Quaternary regolith/alluvium,valley alluvium,Upper East Region,Garu,ghana_field_hydrosheaf_core,EC02,MgNa_exch;NaMg_exch,2,NaMg_exch,0.7611940298507462,0.5223880597014925,0.5496996817077255,0.7930490047779772,0.20695099522202276,conditionally_preferred,MgNa_exch:0.238806;NaMg_exch:0.761194,MgNa_exch:0.32;NaMg_exch:0.6
NGW-107,Regolith/alluvial shallow aquifer,Quaternary regolith/alluvium,valley alluvium,Upper East Region,Garu,ghana_field_hydrosheaf_core,EC05,anorthite;calcite,2,calcite,0.7215189873417722,0.4430379746835444,0.5915129633473719,0.8533728188427887,0.1466271811572113,conditionally_preferred,anorthite:0.278481;calcite:0.721519,anorthite:0.88;calcite:0.95
NGW-108,Birimian fractured basement aquifer,Birimian Supergroup,greenstone belt fracture network,Upper East Region,Paga,ghana_field_hydrosheaf_core,EC01,CaNa_exch;NaCa_exch,2,CaNa_exch,0.6569858712715856,0.3139717425431712,0.6430145180344135,0.9276738563878553,0.07232614361214473,conditionally_preferred,CaNa_exch:0.656986;NaCa_exch:0.343014,CaNa_exch:0.54;NaCa_exch:0.38
NGW-108,Birimian fractured basement aquifer,Birimian Supergroup,greenstone belt fracture network,Upper East Region,Paga,ghana_field_hydrosheaf_core,EC02,MgNa_exch;NaMg_exch,2,MgNa_exch,0.6569858712715856,0.3139717425431712,0.6430145180344135,0.9276738563878553,0.07232614361214473,conditionally_preferred,MgNa_exch:0.656986;NaMg_exch:0.343014,MgNa_exch:0.54;NaMg_exch:0.38
NGW-108,Birimian fractured basement aquifer,Birimian Supergroup,greenstone belt fracture network,Upper East Region,Paga,ghana_field_hydrosheaf_core,EC05,anorthite;calcite,2,calcite,0.6740947075208912,0.34818941504178247,0.6312408283176507,0.9106880126205162,0.08931198737948376,conditionally_preferred,anorthite:0.325905;calcite:0.674095,anorthite:0.78;calcite:0.88
NGW-109,Regolith/alluvial shallow aquifer,Quaternary regolith/alluvium,valley alluvium,Upper East Region,Navrongo,ghana_field_hydrosheaf_core,EC01,CaNa_exch;NaCa_exch,2,CaNa_exch,0.5598086124401914,0.11961722488038284,0.685975881343523,0.9896540021837368,0.01034599781626322,unresolved_equivalence_class,CaNa_exch:0.559809;NaCa_exch:0.440191,CaNa_exch:0.54;NaCa_exch:0.48
NGW-109,Regolith/alluvial shallow aquifer,Quaternary regolith/alluvium,valley alluvium,Upper East Region,Navrongo,ghana_field_hydrosheaf_core,EC02,MgNa_exch;NaMg_exch,2,MgNa_exch,0.5598086124401914,0.11961722488038284,0.685975881343523,0.9896540021837368,0.01034599781626322,unresolved_equivalence_class,MgNa_exch:0.559809;NaMg_exch:0.440191,MgNa_exch:0.54;NaMg_exch:0.48
NGW-109,Regolith/alluvial shallow aquifer,Quaternary regolith/alluvium,valley alluvium,Upper East Region,Navrongo,ghana_field_hydrosheaf_core,EC05,anorthite;calcite,2,calcite,0.6740947075208912,0.34818941504178247,0.6312408283176507,0.9106880126205162,0.08931198737948376,conditionally_preferred,anorthite:0.325905;calcite:0.674095,anorthite:0.78;calcite:0.88
NGW-110,Granitoid fractured basement aquifer,Paleoproterozoic granitoid complex,granitoid saprolite,Upper East Region,Bawku,ghana_field_hydrosheaf_core,EC01,CaNa_exch;NaCa_exch,2,CaNa_exch,0.6569858712715856,0.3139717425431712,0.6430145180344135,0.9276738563878553,0.07232614361214473,conditionally_preferred,CaNa_exch:0.656986;NaCa_exch:0.343014,CaNa_exch:0.54;NaCa_exch:0.38
NGW-110,Granitoid fractured basement aquifer,Paleoproterozoic granitoid complex,granitoid saprolite,Upper East Region,Bawku,ghana_field_hydrosheaf_core,EC02,MgNa_exch;NaMg_exch,2,MgNa_exch,0.6569858712715856,0.3139717425431712,0.6430145180344135,0.9276738563878553,0.07232614361214473,conditionally_preferred,MgNa_exch:0.656986;NaMg_exch:0.343014,MgNa_exch:0.54;NaMg_exch:0.38
NGW-110,Granitoid fractured basement aquifer,Paleoproterozoic granitoid complex,granitoid saprolite,Upper East Region,Bawku,ghana_field_hydrosheaf_core,EC05,anorthite;calcite,2,anorthite,0.6984126984126983,0.3968253968253966,0.612203226446043,0.8832225588099293,0.11677744119007072,conditionally_preferred,anorthite:0.698413;calcite:0.301587,anorthite:0.88;calcite:0.76
NGW-111,Granitoid fractured basement aquifer,Paleoproterozoic granitoid complex,gneissic fractured basement,Upper East Region,Zebilla,ghana_field_hydrosheaf_core,EC01,CaNa_exch;NaCa_exch,2,CaNa_exch,0.5,0.0,0.6931471805599453,1.0,0.0,unresolved_equivalence_class,CaNa_exch:0.5;NaCa_exch:0.5,CaNa_exch:0.5;NaCa_exch:0.5
NGW-111,Granitoid fractured basement aquifer,Paleoproterozoic granitoid complex,gneissic fractured basement,Upper East Region,Zebilla,ghana_field_hydrosheaf_core,EC02,MgNa_exch;NaMg_exch,2,MgNa_exch,0.5,0.0,0.6931471805599453,1.0,0.0,unresolved_equivalence_class,MgNa_exch:0.5;NaMg_exch:0.5,MgNa_exch:0.5;NaMg_exch:0.5
NGW-111,Granitoid fractured basement aquifer,Paleoproterozoic granitoid complex,gneissic fractured basement,Upper East Region,Zebilla,ghana_field_hydrosheaf_core,EC05,anorthite;calcite,2,anorthite,0.5,0.0,0.6931471805599453,1.0,0.0,unresolved_equivalence_class,anorthite:0.5;calcite:0.5,anorthite:0.78;calcite:0.78
NGW-113,Regolith/alluvial shallow aquifer,Quaternary regolith/alluvium,weathered regolith,Upper East Region,Bolgatanga,ghana_field_hydrosheaf_core,EC01,CaNa_exch;NaCa_exch,2,NaCa_exch,0.7611940298507462,0.5223880597014925,0.5496996817077255,0.7930490047779772,0.20695099522202276,conditionally_preferred,CaNa_exch:0.238806;NaCa_exch:0.761194,CaNa_exch:0.32;NaCa_exch:0.6
NGW-113,Regolith/alluvial shallow aquifer,Quaternary regolith/alluvium,weathered regolith,Upper East Region,Bolgatanga,ghana_field_hydrosheaf_core,EC02,MgNa_exch;NaMg_exch,2,NaMg_exch,0.7611940298507462,0.5223880597014925,0.5496996817077255,0.7930490047779772,0.20695099522202276,conditionally_preferred,MgNa_exch:0.238806;NaMg_exch:0.761194,MgNa_exch:0.32;NaMg_exch:0.6
NGW-113,Regolith/alluvial shallow aquifer,Quaternary regolith/alluvium,weathered regolith,Upper East Region,Bolgatanga,ghana_field_hydrosheaf_core,EC05,anorthite;calcite,2,calcite,0.6740947075208912,0.34818941504178247,0.6312408283176507,0.9106880126205162,0.08931198737948376,conditionally_preferred,anorthite:0.325905;calcite:0.674095,anorthite:0.78;calcite:0.88
NGW-114,Granitoid fractured basement aquifer,Paleoproterozoic granitoid complex,granitoid saprolite,Upper East Region,Bongo,ghana_field_hydrosheaf_core,EC01,CaNa_exch;NaCa_exch,2,CaNa_exch,0.6569858712715856,0.3139717425431712,0.6430145180344135,0.9276738563878553,0.07232614361214473,conditionally_preferred,CaNa_exch:0.656986;NaCa_exch:0.343014,CaNa_exch:0.54;NaCa_exch:0.38
NGW-114,Granitoid fractured basement aquifer,Paleoproterozoic granitoid complex,granitoid saprolite,Upper East Region,Bongo,ghana_field_hydrosheaf_core,EC02,MgNa_exch;NaMg_exch,2,MgNa_exch,0.6569858712715856,0.3139717425431712,0.6430145180344135,0.9276738563878553,0.07232614361214473,conditionally_preferred,MgNa_exch:0.656986;NaMg_exch:0.343014,MgNa_exch:0.54;NaMg_exch:0.38
NGW-114,Granitoid fractured basement aquifer,Paleoproterozoic granitoid complex,granitoid saprolite,Upper East Region,Bongo,ghana_field_hydrosheaf_core,EC05,anorthite;calcite,2,calcite,0.6740947075208912,0.34818941504178247,0.6312408283176507,0.9106880126205162,0.08931198737948376,conditionally_preferred,anorthite:0.325905;calcite:0.674095,anorthite:0.78;calcite:0.88
NGW-117,Regolith/alluvial shallow aquifer,Quaternary regolith/alluvium,valley alluvium,Upper East Region,Paga,ghana_field_hydrosheaf_core,EC01,CaNa_exch;NaCa_exch,2,CaNa_exch,0.6569858712715856,0.3139717425431712,0.6430145180344135,0.9276738563878553,0.07232614361214473,conditionally_preferred,CaNa_exch:0.656986;NaCa_exch:0.343014,CaNa_exch:0.54;NaCa_exch:0.38
NGW-117,Regolith/alluvial shallow aquifer,Quaternary regolith/alluvium,valley alluvium,Upper East Region,Paga,ghana_field_hydrosheaf_core,EC02,MgNa_exch;NaMg_exch,2,MgNa_exch,0.6569858712715856,0.3139717425431712,0.6430145180344135,0.9276738563878553,0.07232614361214473,conditionally_preferred,MgNa_exch:0.656986;NaMg_exch:0.343014,MgNa_exch:0.54;NaMg_exch:0.38
NGW-117,Regolith/alluvial shallow aquifer,Quaternary regolith/alluvium,valley alluvium,Upper East Region,Paga,ghana_field_hydrosheaf_core,EC05,anorthite;calcite,2,calcite,0.6740947075208912,0.34818941504178247,0.6312408283176507,0.9106880126205162,0.08931198737948376,conditionally_preferred,anorthite:0.325905;calcite:0.674095,anorthite:0.78;calcite:0.88
NGW-118,Birimian fractured basement aquifer,Birimian Supergroup,greenstone belt fracture network,Upper East Region,Paga,ghana_field_hydrosheaf_core,EC01,CaNa_exch;NaCa_exch,2,CaNa_exch,0.6569858712715856,0.3139717425431712,0.6430145180344135,0.9276738563878553,0.07232614361214473,conditionally_preferred,CaNa_exch:0.656986;NaCa_exch:0.343014,CaNa_exch:0.54;NaCa_exch:0.38
NGW-118,Birimian fractured basement aquifer,Birimian Supergroup,greenstone belt fracture network,Upper East Region,Paga,ghana_field_hydrosheaf_core,EC02,MgNa_exch;NaMg_exch,2,MgNa_exch,0.6569858712715856,0.3139717425431712,0.6430145180344135,0.9276738563878553,0.07232614361214473,conditionally_preferred,MgNa_exch:0.656986;NaMg_exch:0.343014,MgNa_exch:0.54;NaMg_exch:0.38
NGW-118,Birimian fractured basement aquifer,Birimian Supergroup,greenstone belt fracture network,Upper East Region,Paga,ghana_field_hydrosheaf_core,EC05,anorthite;calcite,2,anorthite,0.5,0.0,0.6931471805599453,1.0,0.0,unresolved_equivalence_class,anorthite:0.5;calcite:0.5,anorthite:0.88;calcite:0.88
NGW-119,Regolith/alluvial shallow aquifer,Quaternary regolith/alluvium,lateritic saprolite,Upper East Region,Garu,ghana_field_hydrosheaf_core,EC01,CaNa_exch;NaCa_exch,2,CaNa_exch,0.6569858712715856,0.3139717425431712,0.6430145180344135,0.9276738563878553,0.07232614361214473,conditionally_preferred,CaNa_exch:0.656986;NaCa_exch:0.343014,CaNa_exch:0.54;NaCa_exch:0.38
NGW-119,Regolith/alluvial shallow aquifer,Quaternary regolith/alluvium,lateritic saprolite,Upper East Region,Garu,ghana_field_hydrosheaf_core,EC02,MgNa_exch;NaMg_exch,2,MgNa_exch,0.6569858712715856,0.3139717425431712,0.6430145180344135,0.9276738563878553,0.07232614361214473,conditionally_preferred,MgNa_exch:0.656986;NaMg_exch:0.343014,MgNa_exch:0.54;NaMg_exch:0.38
NGW-119,Regolith/alluvial shallow aquifer,Quaternary regolith/alluvium,lateritic saprolite,Upper East Region,Garu,ghana_field_hydrosheaf_core,EC05,anorthite;calcite,2,anorthite,0.6984126984126983,0.3968253968253966,0.612203226446043,0.8832225588099293,0.11677744119007072,conditionally_preferred,anorthite:0.698413;calcite:0.301587,anorthite:0.88;calcite:0.76
NGW-120,Regolith/alluvial shallow aquifer,Quaternary regolith/alluvium,lateritic saprolite,Upper East Region,Bongo,ghana_field_hydrosheaf_core,EC01,CaNa_exch;NaCa_exch,2,CaNa_exch,0.6569858712715856,0.3139717425431712,0.6430145180344135,0.9276738563878553,0.07232614361214473,conditionally_preferred,CaNa_exch:0.656986;NaCa_exch:0.343014,CaNa_exch:0.54;NaCa_exch:0.38
NGW-120,Regolith/alluvial shallow aquifer,Quaternary regolith/alluvium,lateritic saprolite,Upper East Region,Bongo,ghana_field_hydrosheaf_core,EC02,MgNa_exch;NaMg_exch,2,MgNa_exch,0.6569858712715856,0.3139717425431712,0.6430145180344135,0.9276738563878553,0.07232614361214473,conditionally_preferred,MgNa_exch:0.656986;NaMg_exch:0.343014,MgNa_exch:0.54;NaMg_exch:0.38
NGW-120,Regolith/alluvial shallow aquifer,Quaternary regolith/alluvium,lateritic saprolite,Upper East Region,Bongo,ghana_field_hydrosheaf_core,EC05,anorthite;calcite,2,calcite,0.6740947075208912,0.34818941504178247,0.6312408283176507,0.9106880126205162,0.08931198737948376,conditionally_preferred,anorthite:0.325905;calcite:0.674095,anorthite:0.78;calcite:0.88
NGW-121,Granitoid fractured basement aquifer,Paleoproterozoic granitoid complex,granite–gneiss weathered/fractured zone,Upper West Region,Tumu,ghana_field_hydrosheaf_core,EC01,CaNa_exch;NaCa_exch,2,NaCa_exch,0.7611940298507462,0.5223880597014925,0.5496996817077255,0.7930490047779772,0.20695099522202276,conditionally_preferred,CaNa_exch:0.238806;NaCa_exch:0.761194,CaNa_exch:0.32;NaCa_exch:0.6
NGW-121,Granitoid fractured basement aquifer,Paleoproterozoic granitoid complex,granite–gneiss weathered/fractured zone,Upper West Region,Tumu,ghana_field_hydrosheaf_core,EC02,MgNa_exch;NaMg_exch,2,NaMg_exch,0.7611940298507462,0.5223880597014925,0.5496996817077255,0.7930490047779772,0.20695099522202276,conditionally_preferred,MgNa_exch:0.238806;NaMg_exch:0.761194,MgNa_exch:0.32;NaMg_exch:0.6
NGW-121,Granitoid fractured basement aquifer,Paleoproterozoic granitoid complex,granite–gneiss weathered/fractured zone,Upper West Region,Tumu,ghana_field_hydrosheaf_core,EC05,anorthite;calcite,2,calcite,0.6740947075208912,0.34818941504178247,0.6312408283176507,0.9106880126205162,0.08931198737948376,conditionally_preferred,anorthite:0.325905;calcite:0.674095,anorthite:0.78;calcite:0.88
NGW-122,Middle Voltaian sedimentary aquifer,Voltaian Supergroup,siltstone–shale unit,Upper West Region,Tumu,ghana_field_hydrosheaf_core,EC01,CaNa_exch;NaCa_exch,2,CaNa_exch,0.8321678321678321,0.6643356643356642,0.4524321295003082,0.6527215895689279,0.3472784104310721,evidence_lifted_resolved,CaNa_exch:0.832168;NaCa_exch:0.167832,CaNa_exch:0.7;NaCa_exch:0.32
NGW-122,Middle Voltaian sedimentary aquifer,Voltaian Supergroup,siltstone–shale unit,Upper West Region,Tumu,ghana_field_hydrosheaf_core,EC02,MgNa_exch;NaMg_exch,2,MgNa_exch,0.7611940298507462,0.5223880597014925,0.5496996817077255,0.7930490047779772,0.20695099522202276,conditionally_preferred,MgNa_exch:0.761194;NaMg_exch:0.238806,MgNa_exch:0.6;NaMg_exch:0.32
NGW-122,Middle Voltaian sedimentary aquifer,Voltaian Supergroup,siltstone–shale unit,Upper West Region,Tumu,ghana_field_hydrosheaf_core,EC05,anorthite;calcite,2,anorthite,0.5,0.0,0.6931471805599453,1.0,0.0,unresolved_equivalence_class,anorthite:0.5;calcite:0.5,anorthite:0.78;calcite:0.78
NGW-125,Birimian fractured basement aquifer,Birimian Supergroup,phyllite–schist fractured zone,Upper West Region,Wa,ghana_field_hydrosheaf_core,EC01,CaNa_exch;NaCa_exch,2,CaNa_exch,0.868632707774799,0.7372654155495979,0.38897763217964554,0.5611761009623059,0.43882389903769414,evidence_lifted_resolved,CaNa_exch:0.868633;NaCa_exch:0.131367,CaNa_exch:0.72;NaCa_exch:0.28
NGW-125,Birimian fractured basement aquifer,Birimian Supergroup,phyllite–schist fractured zone,Upper West Region,Wa,ghana_field_hydrosheaf_core,EC02,MgNa_exch;NaMg_exch,2,MgNa_exch,0.6569858712715856,0.3139717425431712,0.6430145180344135,0.9276738563878553,0.07232614361214473,conditionally_preferred,MgNa_exch:0.656986;NaMg_exch:0.343014,MgNa_exch:0.54;NaMg_exch:0.38
NGW-125,Birimian fractured basement aquifer,Birimian Supergroup,phyllite–schist fractured zone,Upper West Region,Wa,ghana_field_hydrosheaf_core,EC05,anorthite;calcite,2,calcite,0.7215189873417722,0.4430379746835444,0.5915129633473719,0.8533728188427887,0.1466271811572113,conditionally_preferred,anorthite:0.278481;calcite:0.721519,anorthite:0.88;calcite:0.95
NGW-126,Birimian fractured basement aquifer,Birimian Supergroup,phyllite–schist fractured zone,Upper West Region,Lawra,ghana_field_hydrosheaf_core,EC01,CaNa_exch;NaCa_exch,2,CaNa_exch,0.5,0.0,0.6931471805599453,1.0,0.0,unresolved_equivalence_class,CaNa_exch:0.5;NaCa_exch:0.5,CaNa_exch:0.5;NaCa_exch:0.5
NGW-126,Birimian fractured basement aquifer,Birimian Supergroup,phyllite–schist fractured zone,Upper West Region,Lawra,ghana_field_hydrosheaf_core,EC02,MgNa_exch;NaMg_exch,2,NaMg_exch,0.7611940298507462,0.5223880597014925,0.5496996817077255,0.7930490047779772,0.20695099522202276,conditionally_preferred,MgNa_exch:0.238806;NaMg_exch:0.761194,MgNa_exch:0.32;NaMg_exch:0.6
NGW-126,Birimian fractured basement aquifer,Birimian Supergroup,phyllite–schist fractured zone,Upper West Region,Lawra,ghana_field_hydrosheaf_core,EC05,anorthite;calcite,2,calcite,0.7215189873417722,0.4430379746835444,0.5915129633473719,0.8533728188427887,0.1466271811572113,conditionally_preferred,anorthite:0.278481;calcite:0.721519,anorthite:0.88;calcite:0.95
NGW-127,Birimian fractured basement aquifer,Birimian Supergroup,greenstone belt fracture network,Upper West Region,Wa,ghana_field_hydrosheaf_core,EC01,CaNa_exch;NaCa_exch,2,CaNa_exch,0.6569858712715856,0.3139717425431712,0.6430145180344135,0.9276738563878553,0.07232614361214473,conditionally_preferred,CaNa_exch:0.656986;NaCa_exch:0.343014,CaNa_exch:0.54;NaCa_exch:0.38
NGW-127,Birimian fractured basement aquifer,Birimian Supergroup,greenstone belt fracture network,Upper West Region,Wa,ghana_field_hydrosheaf_core,EC02,MgNa_exch;NaMg_exch,2,MgNa_exch,0.6569858712715856,0.3139717425431712,0.6430145180344135,0.9276738563878553,0.07232614361214473,conditionally_preferred,MgNa_exch:0.656986;NaMg_exch:0.343014,MgNa_exch:0.54;NaMg_exch:0.38
NGW-127,Birimian fractured basement aquifer,Birimian Supergroup,greenstone belt fracture network,Upper West Region,Wa,ghana_field_hydrosheaf_core,EC05,anorthite;calcite,2,calcite,0.7215189873417722,0.4430379746835444,0.5915129633473719,0.8533728188427887,0.1466271811572113,conditionally_preferred,anorthite:0.278481;calcite:0.721519,anorthite:0.88;calcite:0.95
NGW-129,Granitoid fractured basement aquifer,Paleoproterozoic granitoid complex,granite–gneiss weathered/fractured zone,Upper West Region,Wa,ghana_field_hydrosheaf_core,EC01,CaNa_exch;NaCa_exch,2,CaNa_exch,0.5,0.0,0.6931471805599453,1.0,0.0,unresolved_equivalence_class,CaNa_exch:0.5;NaCa_exch:0.5,CaNa_exch:0.5;NaCa_exch:0.5
NGW-129,Granitoid fractured basement aquifer,Paleoproterozoic granitoid complex,granite–gneiss weathered/fractured zone,Upper West Region,Wa,ghana_field_hydrosheaf_core,EC02,MgNa_exch;NaMg_exch,2,NaMg_exch,0.7611940298507462,0.5223880597014925,0.5496996817077255,0.7930490047779772,0.20695099522202276,conditionally_preferred,MgNa_exch:0.238806;NaMg_exch:0.761194,MgNa_exch:0.32;NaMg_exch:0.6
NGW-129,Granitoid fractured basement aquifer,Paleoproterozoic granitoid complex,granite–gneiss weathered/fractured zone,Upper West Region,Wa,ghana_field_hydrosheaf_core,EC05,anorthite;calcite,2,anorthite,0.5,0.0,0.6931471805599453,1.0,0.0,unresolved_equivalence_class,anorthite:0.5;calcite:0.5,anorthite:0.88;calcite:0.88
NGW-130,Granitoid fractured basement aquifer,Paleoproterozoic granitoid complex,granite–gneiss weathered/fractured zone,Upper West Region,Daffiama-Bussie-Issa,ghana_field_hydrosheaf_core,EC01,CaNa_exch;NaCa_exch,2,CaNa_exch,0.6569858712715856,0.3139717425431712,0.6430145180344135,0.9276738563878553,0.07232614361214473,conditionally_preferred,CaNa_exch:0.656986;NaCa_exch:0.343014,CaNa_exch:0.54;NaCa_exch:0.38
NGW-130,Granitoid fractured basement aquifer,Paleoproterozoic granitoid complex,granite–gneiss weathered/fractured zone,Upper West Region,Daffiama-Bussie-Issa,ghana_field_hydrosheaf_core,EC02,MgNa_exch;NaMg_exch,2,MgNa_exch,0.5598086124401914,0.11961722488038284,0.685975881343523,0.9896540021837368,0.01034599781626322,unresolved_equivalence_class,MgNa_exch:0.559809;NaMg_exch:0.440191,MgNa_exch:0.54;NaMg_exch:0.48
NGW-130,Granitoid fractured basement aquifer,Paleoproterozoic granitoid complex,granite–gneiss weathered/fractured zone,Upper West Region,Daffiama-Bussie-Issa,ghana_field_hydrosheaf_core,EC05,anorthite;calcite,2,anorthite,0.6461988304093567,0.2923976608187134,0.6497680088385437,0.9374170840796632,0.06258291592033682,conditionally_preferred,anorthite:0.646199;calcite:0.353801,anorthite:0.78;calcite:0.66
NGW-131,Birimian fractured basement aquifer,Birimian Supergroup,metavolcanic–metasedimentary rocks,Upper West Region,Lawra,ghana_field_hydrosheaf_core,EC01,CaNa_exch;NaCa_exch,2,CaNa_exch,0.5,0.0,0.6931471805599453,1.0,0.0,unresolved_equivalence_class,CaNa_exch:0.5;NaCa_exch:0.5,CaNa_exch:0.5;NaCa_exch:0.5
NGW-131,Birimian fractured basement aquifer,Birimian Supergroup,metavolcanic–metasedimentary rocks,Upper West Region,Lawra,ghana_field_hydrosheaf_core,EC02,MgNa_exch;NaMg_exch,2,NaMg_exch,0.7611940298507462,0.5223880597014925,0.5496996817077255,0.7930490047779772,0.20695099522202276,conditionally_preferred,MgNa_exch:0.238806;NaMg_exch:0.761194,MgNa_exch:0.32;NaMg_exch:0.6
NGW-131,Birimian fractured basement aquifer,Birimian Supergroup,metavolcanic–metasedimentary rocks,Upper West Region,Lawra,ghana_field_hydrosheaf_core,EC05,anorthite;calcite,2,calcite,0.7215189873417722,0.4430379746835444,0.5915129633473719,0.8533728188427887,0.1466271811572113,conditionally_preferred,anorthite:0.278481;calcite:0.721519,anorthite:0.88;calcite:0.95
NGW-133,Regolith/alluvial shallow aquifer,Quaternary regolith/alluvium,weathered regolith,Upper West Region,Nandom,ghana_field_hydrosheaf_core,EC01,CaNa_exch;NaCa_exch,2,CaNa_exch,0.6569858712715856,0.3139717425431712,0.6430145180344135,0.9276738563878553,0.07232614361214473,conditionally_preferred,CaNa_exch:0.656986;NaCa_exch:0.343014,CaNa_exch:0.54;NaCa_exch:0.38
NGW-133,Regolith/alluvial shallow aquifer,Quaternary regolith/alluvium,weathered regolith,Upper West Region,Nandom,ghana_field_hydrosheaf_core,EC02,MgNa_exch;NaMg_exch,2,MgNa_exch,0.6569858712715856,0.3139717425431712,0.6430145180344135,0.9276738563878553,0.07232614361214473,conditionally_preferred,MgNa_exch:0.656986;NaMg_exch:0.343014,MgNa_exch:0.54;NaMg_exch:0.38
NGW-133,Regolith/alluvial shallow aquifer,Quaternary regolith/alluvium,weathered regolith,Upper West Region,Nandom,ghana_field_hydrosheaf_core,EC05,anorthite;calcite,2,calcite,0.6740947075208912,0.34818941504178247,0.6312408283176507,0.9106880126205162,0.08931198737948376,conditionally_preferred,anorthite:0.325905;calcite:0.674095,anorthite:0.78;calcite:0.88
NGW-134,Middle Voltaian sedimentary aquifer,Voltaian Supergroup,siltstone–shale unit,Upper West Region,Lambussie,ghana_field_hydrosheaf_core,EC01,CaNa_exch;NaCa_exch,2,NaCa_exch,0.7611940298507462,0.5223880597014925,0.5496996817077255,0.7930490047779772,0.20695099522202276,conditionally_preferred,CaNa_exch:0.238806;NaCa_exch:0.761194,CaNa_exch:0.32;NaCa_exch:0.6
NGW-134,Middle Voltaian sedimentary aquifer,Voltaian Supergroup,siltstone–shale unit,Upper West Region,Lambussie,ghana_field_hydrosheaf_core,EC02,MgNa_exch;NaMg_exch,2,NaMg_exch,0.7611940298507462,0.5223880597014925,0.5496996817077255,0.7930490047779772,0.20695099522202276,conditionally_preferred,MgNa_exch:0.238806;NaMg_exch:0.761194,MgNa_exch:0.32;NaMg_exch:0.6
NGW-134,Middle Voltaian sedimentary aquifer,Voltaian Supergroup,siltstone–shale unit,Upper West Region,Lambussie,ghana_field_hydrosheaf_core,EC05,anorthite;calcite,2,calcite,0.7215189873417722,0.4430379746835444,0.5915129633473719,0.8533728188427887,0.1466271811572113,conditionally_preferred,anorthite:0.278481;calcite:0.721519,anorthite:0.88;calcite:0.95
NGW-135,Granitoid fractured basement aquifer,Paleoproterozoic granitoid complex,granitoid saprolite,Upper West Region,Lawra,ghana_field_hydrosheaf_core,EC01,CaNa_exch;NaCa_exch,2,CaNa_exch,0.6569858712715856,0.3139717425431712,0.6430145180344135,0.9276738563878553,0.07232614361214473,conditionally_preferred,CaNa_exch:0.656986;NaCa_exch:0.343014,CaNa_exch:0.54;NaCa_exch:0.38
NGW-135,Granitoid fractured basement aquifer,Paleoproterozoic granitoid complex,granitoid saprolite,Upper West Region,Lawra,ghana_field_hydrosheaf_core,EC02,MgNa_exch;NaMg_exch,2,MgNa_exch,0.6569858712715856,0.3139717425431712,0.6430145180344135,0.9276738563878553,0.07232614361214473,conditionally_preferred,MgNa_exch:0.656986;NaMg_exch:0.343014,MgNa_exch:0.54;NaMg_exch:0.38
NGW-135,Granitoid fractured basement aquifer,Paleoproterozoic granitoid complex,granitoid saprolite,Upper West Region,Lawra,ghana_field_hydrosheaf_core,EC05,anorthite;calcite,2,calcite,0.7215189873417722,0.4430379746835444,0.5915129633473719,0.8533728188427887,0.1466271811572113,conditionally_preferred,anorthite:0.278481;calcite:0.721519,anorthite:0.88;calcite:0.95
NGW-136,Birimian fractured basement aquifer,Birimian Supergroup,metavolcanic–metasedimentary rocks,Upper West Region,Daffiama-Bussie-Issa,ghana_field_hydrosheaf_core,EC01,CaNa_exch;NaCa_exch,2,CaNa_exch,0.5,0.0,0.6931471805599453,1.0,0.0,unresolved_equivalence_class,CaNa_exch:0.5;NaCa_exch:0.5,CaNa_exch:0.5;NaCa_exch:0.5
NGW-136,Birimian fractured basement aquifer,Birimian Supergroup,metavolcanic–metasedimentary rocks,Upper West Region,Daffiama-Bussie-Issa,ghana_field_hydrosheaf_core,EC02,MgNa_exch;NaMg_exch,2,MgNa_exch,0.5,0.0,0.6931471805599453,1.0,0.0,unresolved_equivalence_class,MgNa_exch:0.5;NaMg_exch:0.5,MgNa_exch:0.5;NaMg_exch:0.5
NGW-136,Birimian fractured basement aquifer,Birimian Supergroup,metavolcanic–metasedimentary rocks,Upper West Region,Daffiama-Bussie-Issa,ghana_field_hydrosheaf_core,EC05,anorthite;calcite,2,calcite,0.7215189873417722,0.4430379746835444,0.5915129633473719,0.8533728188427887,0.1466271811572113,conditionally_preferred,anorthite:0.278481;calcite:0.721519,anorthite:0.88;calcite:0.95
NGW-137,Middle Voltaian sedimentary aquifer,Voltaian Supergroup,siltstone–shale unit,Upper West Region,Daffiama-Bussie-Issa,ghana_field_hydrosheaf_core,EC01,CaNa_exch;NaCa_exch,2,CaNa_exch,0.6569858712715856,0.3139717425431712,0.6430145180344135,0.9276738563878553,0.07232614361214473,conditionally_preferred,CaNa_exch:0.656986;NaCa_exch:0.343014,CaNa_exch:0.54;NaCa_exch:0.38
NGW-137,Middle Voltaian sedimentary aquifer,Voltaian Supergroup,siltstone–shale unit,Upper West Region,Daffiama-Bussie-Issa,ghana_field_hydrosheaf_core,EC02,MgNa_exch;NaMg_exch,2,MgNa_exch,0.6569858712715856,0.3139717425431712,0.6430145180344135,0.9276738563878553,0.07232614361214473,conditionally_preferred,MgNa_exch:0.656986;NaMg_exch:0.343014,MgNa_exch:0.54;NaMg_exch:0.38
NGW-137,Middle Voltaian sedimentary aquifer,Voltaian Supergroup,siltstone–shale unit,Upper West Region,Daffiama-Bussie-Issa,ghana_field_hydrosheaf_core,EC05,anorthite;calcite,2,calcite,0.6740947075208912,0.34818941504178247,0.6312408283176507,0.9106880126205162,0.08931198737948376,conditionally_preferred,anorthite:0.325905;calcite:0.674095,anorthite:0.78;calcite:0.88
NGW-138,Regolith/alluvial shallow aquifer,Quaternary regolith/alluvium,lateritic saprolite,Upper West Region,Nadowli-Kaleo,ghana_field_hydrosheaf_core,EC01,CaNa_exch;NaCa_exch,2,CaNa_exch,0.5,0.0,0.6931471805599453,1.0,0.0,unresolved_equivalence_class,CaNa_exch:0.5;NaCa_exch:0.5,CaNa_exch:0.5;NaCa_exch:0.5
NGW-138,Regolith/alluvial shallow aquifer,Quaternary regolith/alluvium,lateritic saprolite,Upper West Region,Nadowli-Kaleo,ghana_field_hydrosheaf_core,EC02,MgNa_exch;NaMg_exch,2,MgNa_exch,0.5,0.0,0.6931471805599453,1.0,0.0,unresolved_equivalence_class,MgNa_exch:0.5;NaMg_exch:0.5,MgNa_exch:0.5;NaMg_exch:0.5
NGW-138,Regolith/alluvial shallow aquifer,Quaternary regolith/alluvium,lateritic saprolite,Upper West Region,Nadowli-Kaleo,ghana_field_hydrosheaf_core,EC05,anorthite;calcite,2,anorthite,0.5,0.0,0.6931471805599453,1.0,0.0,unresolved_equivalence_class,anorthite:0.5;calcite:0.5,anorthite:0.88;calcite:0.88
NGW-140,Birimian fractured basement aquifer,Birimian Supergroup,phyllite–schist fractured zone,Upper West Region,Lawra,ghana_field_hydrosheaf_core,EC01,CaNa_exch;NaCa_exch,2,CaNa_exch,0.6569858712715856,0.3139717425431712,0.6430145180344135,0.9276738563878553,0.07232614361214473,conditionally_preferred,CaNa_exch:0.656986;NaCa_exch:0.343014,CaNa_exch:0.54;NaCa_exch:0.38
NGW-140,Birimian fractured basement aquifer,Birimian Supergroup,phyllite–schist fractured zone,Upper West Region,Lawra,ghana_field_hydrosheaf_core,EC02,MgNa_exch;NaMg_exch,2,MgNa_exch,0.6569858712715856,0.3139717425431712,0.6430145180344135,0.9276738563878553,0.07232614361214473,conditionally_preferred,MgNa_exch:0.656986;NaMg_exch:0.343014,MgNa_exch:0.54;NaMg_exch:0.38
NGW-140,Birimian fractured basement aquifer,Birimian Supergroup,phyllite–schist fractured zone,Upper West Region,Lawra,ghana_field_hydrosheaf_core,EC05,anorthite;calcite,2,calcite,0.7215189873417722,0.4430379746835444,0.5915129633473719,0.8533728188427887,0.1466271811572113,conditionally_preferred,anorthite:0.278481;calcite:0.721519,anorthite:0.88;calcite:0.95
NGW-141,Birimian fractured basement aquifer,Birimian Supergroup,phyllite–schist fractured zone,Upper West Region,Tumu,ghana_field_hydrosheaf_core,EC01,CaNa_exch;NaCa_exch,2,NaCa_exch,0.7611940298507462,0.5223880597014925,0.5496996817077255,0.7930490047779772,0.20695099522202276,conditionally_preferred,CaNa_exch:0.238806;NaCa_exch:0.761194,CaNa_exch:0.32;NaCa_exch:0.6
NGW-141,Birimian fractured basement aquifer,Birimian Supergroup,phyllite–schist fractured zone,Upper West Region,Tumu,ghana_field_hydrosheaf_core,EC02,MgNa_exch;NaMg_exch,2,NaMg_exch,0.7611940298507462,0.5223880597014925,0.5496996817077255,0.7930490047779772,0.20695099522202276,conditionally_preferred,MgNa_exch:0.238806;NaMg_exch:0.761194,MgNa_exch:0.32;NaMg_exch:0.6
NGW-141,Birimian fractured basement aquifer,Birimian Supergroup,phyllite–schist fractured zone,Upper West Region,Tumu,ghana_field_hydrosheaf_core,EC05,anorthite;calcite,2,anorthite,0.6461988304093567,0.2923976608187134,0.6497680088385437,0.9374170840796632,0.06258291592033682,conditionally_preferred,anorthite:0.646199;calcite:0.353801,anorthite:0.78;calcite:0.66
NGW-142,Middle Voltaian sedimentary aquifer,Voltaian Supergroup,mudstone–sandstone sequence,Upper West Region,Nandom,ghana_field_hydrosheaf_core,EC01,CaNa_exch;NaCa_exch,2,CaNa_exch,0.6569858712715856,0.3139717425431712,0.6430145180344135,0.9276738563878553,0.07232614361214473,conditionally_preferred,CaNa_exch:0.656986;NaCa_exch:0.343014,CaNa_exch:0.54;NaCa_exch:0.38
NGW-142,Middle Voltaian sedimentary aquifer,Voltaian Supergroup,mudstone–sandstone sequence,Upper West Region,Nandom,ghana_field_hydrosheaf_core,EC02,MgNa_exch;NaMg_exch,2,MgNa_exch,0.6569858712715856,0.3139717425431712,0.6430145180344135,0.9276738563878553,0.07232614361214473,conditionally_preferred,MgNa_exch:0.656986;NaMg_exch:0.343014,MgNa_exch:0.54;NaMg_exch:0.38
NGW-142,Middle Voltaian sedimentary aquifer,Voltaian Supergroup,mudstone–sandstone sequence,Upper West Region,Nandom,ghana_field_hydrosheaf_core,EC05,anorthite;calcite,2,calcite,0.7215189873417722,0.4430379746835444,0.5915129633473719,0.8533728188427887,0.1466271811572113,conditionally_preferred,anorthite:0.278481;calcite:0.721519,anorthite:0.88;calcite:0.95
NGW-143,Birimian fractured basement aquifer,Birimian Supergroup,metavolcanic–metasedimentary rocks,Upper West Region,Lawra,ghana_field_hydrosheaf_core,EC01,CaNa_exch;NaCa_exch,2,CaNa_exch,0.5,0.0,0.6931471805599453,1.0,0.0,unresolved_equivalence_class,CaNa_exch:0.5;NaCa_exch:0.5,CaNa_exch:0.5;NaCa_exch:0.5
NGW-143,Birimian fractured basement aquifer,Birimian Supergroup,metavolcanic–metasedimentary rocks,Upper West Region,Lawra,ghana_field_hydrosheaf_core,EC02,MgNa_exch;NaMg_exch,2,NaMg_exch,0.7611940298507462,0.5223880597014925,0.5496996817077255,0.7930490047779772,0.20695099522202276,conditionally_preferred,MgNa_exch:0.238806;NaMg_exch:0.761194,MgNa_exch:0.32;NaMg_exch:0.6
NGW-143,Birimian fractured basement aquifer,Birimian Supergroup,metavolcanic–metasedimentary rocks,Upper West Region,Lawra,ghana_field_hydrosheaf_core,EC05,anorthite;calcite,2,calcite,0.7215189873417722,0.4430379746835444,0.5915129633473719,0.8533728188427887,0.1466271811572113,conditionally_preferred,anorthite:0.278481;calcite:0.721519,anorthite:0.88;calcite:0.95
NGW-144,Granitoid fractured basement aquifer,Paleoproterozoic granitoid complex,gneissic fractured basement,Upper West Region,Lawra,ghana_field_hydrosheaf_core,EC01,CaNa_exch;NaCa_exch,2,CaNa_exch,0.5,0.0,0.6931471805599453,1.0,0.0,unresolved_equivalence_class,CaNa_exch:0.5;NaCa_exch:0.5,CaNa_exch:0.5;NaCa_exch:0.5
NGW-144,Granitoid fractured basement aquifer,Paleoproterozoic granitoid complex,gneissic fractured basement,Upper West Region,Lawra,ghana_field_hydrosheaf_core,EC02,MgNa_exch;NaMg_exch,2,MgNa_exch,0.5,0.0,0.6931471805599453,1.0,0.0,unresolved_equivalence_class,MgNa_exch:0.5;NaMg_exch:0.5,MgNa_exch:0.5;NaMg_exch:0.5
NGW-144,Granitoid fractured basement aquifer,Paleoproterozoic granitoid complex,gneissic fractured basement,Upper West Region,Lawra,ghana_field_hydrosheaf_core,EC05,anorthite;calcite,2,anorthite,0.5,0.0,0.6931471805599453,1.0,0.0,unresolved_equivalence_class,anorthite:0.5;calcite:0.5,anorthite:0.88;calcite:0.88
NGW-145,Middle Voltaian sedimentary aquifer,Voltaian Supergroup,mudstone–sandstone sequence,Upper West Region,Nadowli-Kaleo,ghana_field_hydrosheaf_core,EC01,CaNa_exch;NaCa_exch,2,CaNa_exch,0.6569858712715856,0.3139717425431712,0.6430145180344135,0.9276738563878553,0.07232614361214473,conditionally_preferred,CaNa_exch:0.656986;NaCa_exch:0.343014,CaNa_exch:0.54;NaCa_exch:0.38
NGW-145,Middle Voltaian sedimentary aquifer,Voltaian Supergroup,mudstone–sandstone sequence,Upper West Region,Nadowli-Kaleo,ghana_field_hydrosheaf_core,EC02,MgNa_exch;NaMg_exch,2,MgNa_exch,0.6569858712715856,0.3139717425431712,0.6430145180344135,0.9276738563878553,0.07232614361214473,conditionally_preferred,MgNa_exch:0.656986;NaMg_exch:0.343014,MgNa_exch:0.54;NaMg_exch:0.38
NGW-145,Middle Voltaian sedimentary aquifer,Voltaian Supergroup,mudstone–sandstone sequence,Upper West Region,Nadowli-Kaleo,ghana_field_hydrosheaf_core,EC05,anorthite;calcite,2,calcite,0.7215189873417722,0.4430379746835444,0.5915129633473719,0.8533728188427887,0.1466271811572113,conditionally_preferred,anorthite:0.278481;calcite:0.721519,anorthite:0.88;calcite:0.95
NGW-146,Birimian fractured basement aquifer,Birimian Supergroup,greenstone belt fracture network,Upper West Region,Nadowli-Kaleo,ghana_field_hydrosheaf_core,EC01,CaNa_exch;NaCa_exch,2,CaNa_exch,0.868632707774799,0.7372654155495979,0.38897763217964554,0.5611761009623059,0.43882389903769414,evidence_lifted_resolved,CaNa_exch:0.868633;NaCa_exch:0.131367,CaNa_exch:0.72;NaCa_exch:0.28
NGW-146,Birimian fractured basement aquifer,Birimian Supergroup,greenstone belt fracture network,Upper West Region,Nadowli-Kaleo,ghana_field_hydrosheaf_core,EC02,MgNa_exch;NaMg_exch,2,MgNa_exch,0.868632707774799,0.7372654155495979,0.38897763217964554,0.5611761009623059,0.43882389903769414,evidence_lifted_resolved,MgNa_exch:0.868633;NaMg_exch:0.131367,MgNa_exch:0.72;NaMg_exch:0.28
NGW-146,Birimian fractured basement aquifer,Birimian Supergroup,greenstone belt fracture network,Upper West Region,Nadowli-Kaleo,ghana_field_hydrosheaf_core,EC05,anorthite;calcite,2,anorthite,0.5,0.0,0.6931471805599453,1.0,0.0,unresolved_equivalence_class,anorthite:0.5;calcite:0.5,anorthite:0.88;calcite:0.88
NGW-147,Middle Voltaian sedimentary aquifer,Voltaian Supergroup,sandstone–shale interbeds,Upper West Region,Tumu,ghana_field_hydrosheaf_core,EC01,CaNa_exch;NaCa_exch,2,CaNa_exch,0.5,0.0,0.6931471805599453,1.0,0.0,unresolved_equivalence_class,CaNa_exch:0.5;NaCa_exch:0.5,CaNa_exch:0.5;NaCa_exch:0.5
NGW-147,Middle Voltaian sedimentary aquifer,Voltaian Supergroup,sandstone–shale interbeds,Upper West Region,Tumu,ghana_field_hydrosheaf_core,EC02,MgNa_exch;NaMg_exch,2,MgNa_exch,0.5,0.0,0.6931471805599453,1.0,0.0,unresolved_equivalence_class,MgNa_exch:0.5;NaMg_exch:0.5,MgNa_exch:0.5;NaMg_exch:0.5
NGW-147,Middle Voltaian sedimentary aquifer,Voltaian Supergroup,sandstone–shale interbeds,Upper West Region,Tumu,ghana_field_hydrosheaf_core,EC05,anorthite;calcite,2,calcite,0.7215189873417722,0.4430379746835444,0.5915129633473719,0.8533728188427887,0.1466271811572113,conditionally_preferred,anorthite:0.278481;calcite:0.721519,anorthite:0.88;calcite:0.95
NGW-148,Granitoid fractured basement aquifer,Paleoproterozoic granitoid complex,granitoid saprolite,Upper West Region,Nandom,ghana_field_hydrosheaf_core,EC01,CaNa_exch;NaCa_exch,2,NaCa_exch,0.7611940298507462,0.5223880597014925,0.5496996817077255,0.7930490047779772,0.20695099522202276,conditionally_preferred,CaNa_exch:0.238806;NaCa_exch:0.761194,CaNa_exch:0.32;NaCa_exch:0.6
NGW-148,Granitoid fractured basement aquifer,Paleoproterozoic granitoid complex,granitoid saprolite,Upper West Region,Nandom,ghana_field_hydrosheaf_core,EC02,MgNa_exch;NaMg_exch,2,MgNa_exch,0.5,0.0,0.6931471805599453,1.0,0.0,unresolved_equivalence_class,MgNa_exch:0.5;NaMg_exch:0.5,MgNa_exch:0.5;NaMg_exch:0.5
NGW-148,Granitoid fractured basement aquifer,Paleoproterozoic granitoid complex,granitoid saprolite,Upper West Region,Nandom,ghana_field_hydrosheaf_core,EC05,anorthite;calcite,2,calcite,0.7215189873417722,0.4430379746835444,0.5915129633473719,0.8533728188427887,0.1466271811572113,conditionally_preferred,anorthite:0.278481;calcite:0.721519,anorthite:0.88;calcite:0.95
NGW-149,Birimian fractured basement aquifer,Birimian Supergroup,metavolcanic–metasedimentary rocks,Upper West Region,Nadowli-Kaleo,ghana_field_hydrosheaf_core,EC01,CaNa_exch;NaCa_exch,2,NaCa_exch,0.7611940298507462,0.5223880597014925,0.5496996817077255,0.7930490047779772,0.20695099522202276,conditionally_preferred,CaNa_exch:0.238806;NaCa_exch:0.761194,CaNa_exch:0.32;NaCa_exch:0.6
NGW-149,Birimian fractured basement aquifer,Birimian Supergroup,metavolcanic–metasedimentary rocks,Upper West Region,Nadowli-Kaleo,ghana_field_hydrosheaf_core,EC02,MgNa_exch;NaMg_exch,2,NaMg_exch,0.7611940298507462,0.5223880597014925,0.5496996817077255,0.7930490047779772,0.20695099522202276,conditionally_preferred,MgNa_exch:0.238806;NaMg_exch:0.761194,MgNa_exch:0.32;NaMg_exch:0.6
NGW-149,Birimian fractured basement aquifer,Birimian Supergroup,metavolcanic–metasedimentary rocks,Upper West Region,Nadowli-Kaleo,ghana_field_hydrosheaf_core,EC05,anorthite;calcite,2,calcite,0.6740947075208912,0.34818941504178247,0.6312408283176507,0.9106880126205162,0.08931198737948376,conditionally_preferred,anorthite:0.325905;calcite:0.674095,anorthite:0.78;calcite:0.88
NGW-150,Regolith/alluvial shallow aquifer,Quaternary regolith/alluvium,weathered regolith,Upper West Region,Daffiama-Bussie-Issa,ghana_field_hydrosheaf_core,EC01,CaNa_exch;NaCa_exch,2,CaNa_exch,0.6569858712715856,0.3139717425431712,0.6430145180344135,0.9276738563878553,0.07232614361214473,conditionally_preferred,CaNa_exch:0.656986;NaCa_exch:0.343014,CaNa_exch:0.54;NaCa_exch:0.38
NGW-150,Regolith/alluvial shallow aquifer,Quaternary regolith/alluvium,weathered regolith,Upper West Region,Daffiama-Bussie-Issa,ghana_field_hydrosheaf_core,EC02,MgNa_exch;NaMg_exch,2,MgNa_exch,0.6569858712715856,0.3139717425431712,0.6430145180344135,0.9276738563878553,0.07232614361214473,conditionally_preferred,MgNa_exch:0.656986;NaMg_exch:0.343014,MgNa_exch:0.54;NaMg_exch:0.38
NGW-150,Regolith/alluvial shallow aquifer,Quaternary regolith/alluvium,weathered regolith,Upper West Region,Daffiama-Bussie-Issa,ghana_field_hydrosheaf_core,EC05,anorthite;calcite,2,calcite,0.7215189873417722,0.4430379746835444,0.5915129633473719,0.8533728188427887,0.1466271811572113,conditionally_preferred,anorthite:0.278481;calcite:0.721519,anorthite:0.88;calcite:0.95
NGW-151,Regolith/alluvial shallow aquifer,Quaternary regolith/alluvium,weathered regolith,Upper West Region,Tumu,ghana_field_hydrosheaf_core,EC01,CaNa_exch;NaCa_exch,2,CaNa_exch,0.5598086124401914,0.11961722488038284,0.685975881343523,0.9896540021837368,0.01034599781626322,unresolved_equivalence_class,CaNa_exch:0.559809;NaCa_exch:0.440191,CaNa_exch:0.54;NaCa_exch:0.48
NGW-151,Regolith/alluvial shallow aquifer,Quaternary regolith/alluvium,weathered regolith,Upper West Region,Tumu,ghana_field_hydrosheaf_core,EC02,MgNa_exch;NaMg_exch,2,MgNa_exch,0.5598086124401914,0.11961722488038284,0.685975881343523,0.9896540021837368,0.01034599781626322,unresolved_equivalence_class,MgNa_exch:0.559809;NaMg_exch:0.440191,MgNa_exch:0.54;NaMg_exch:0.48
NGW-151,Regolith/alluvial shallow aquifer,Quaternary regolith/alluvium,weathered regolith,Upper West Region,Tumu,ghana_field_hydrosheaf_core,EC05,anorthite;calcite,2,calcite,0.6740947075208912,0.34818941504178247,0.6312408283176507,0.9106880126205162,0.08931198737948376,conditionally_preferred,anorthite:0.325905;calcite:0.674095,anorthite:0.78;calcite:0.88
NGW-152,Middle Voltaian sedimentary aquifer,Voltaian Supergroup,mudstone–sandstone sequence,Upper West Region,Daffiama-Bussie-Issa,ghana_field_hydrosheaf_core,EC01,CaNa_exch;NaCa_exch,2,CaNa_exch,0.868632707774799,0.7372654155495979,0.38897763217964554,0.5611761009623059,0.43882389903769414,evidence_lifted_resolved,CaNa_exch:0.868633;NaCa_exch:0.131367,CaNa_exch:0.72;NaCa_exch:0.28
NGW-152,Middle Voltaian sedimentary aquifer,Voltaian Supergroup,mudstone–sandstone sequence,Upper West Region,Daffiama-Bussie-Issa,ghana_field_hydrosheaf_core,EC02,MgNa_exch;NaMg_exch,2,MgNa_exch,0.6569858712715856,0.3139717425431712,0.6430145180344135,0.9276738563878553,0.07232614361214473,conditionally_preferred,MgNa_exch:0.656986;NaMg_exch:0.343014,MgNa_exch:0.54;NaMg_exch:0.38
NGW-152,Middle Voltaian sedimentary aquifer,Voltaian Supergroup,mudstone–sandstone sequence,Upper West Region,Daffiama-Bussie-Issa,ghana_field_hydrosheaf_core,EC05,anorthite;calcite,2,calcite,0.6740947075208912,0.34818941504178247,0.6312408283176507,0.9106880126205162,0.08931198737948376,conditionally_preferred,anorthite:0.325905;calcite:0.674095,anorthite:0.78;calcite:0.88
NGW-153,Regolith/alluvial shallow aquifer,Quaternary regolith/alluvium,valley alluvium,Upper West Region,Daffiama-Bussie-Issa,ghana_field_hydrosheaf_core,EC01,CaNa_exch;NaCa_exch,2,NaCa_exch,0.7611940298507462,0.5223880597014925,0.5496996817077255,0.7930490047779772,0.20695099522202276,conditionally_preferred,CaNa_exch:0.238806;NaCa_exch:0.761194,CaNa_exch:0.32;NaCa_exch:0.6
NGW-153,Regolith/alluvial shallow aquifer,Quaternary regolith/alluvium,valley alluvium,Upper West Region,Daffiama-Bussie-Issa,ghana_field_hydrosheaf_core,EC02,MgNa_exch;NaMg_exch,2,NaMg_exch,0.7611940298507462,0.5223880597014925,0.5496996817077255,0.7930490047779772,0.20695099522202276,conditionally_preferred,MgNa_exch:0.238806;NaMg_exch:0.761194,MgNa_exch:0.32;NaMg_exch:0.6
NGW-153,Regolith/alluvial shallow aquifer,Quaternary regolith/alluvium,valley alluvium,Upper West Region,Daffiama-Bussie-Issa,ghana_field_hydrosheaf_core,EC05,anorthite;calcite,2,calcite,0.625250501002004,0.2505010020040079,0.6614351419471776,0.9542491991568807,0.04575080084311933,conditionally_preferred,anorthite:0.374749;calcite:0.625251,anorthite:0.68;calcite:0.78
NGW-154,Granitoid fractured basement aquifer,Paleoproterozoic granitoid complex,granitoid saprolite,Upper West Region,Nadowli-Kaleo,ghana_field_hydrosheaf_core,EC01,CaNa_exch;NaCa_exch,2,CaNa_exch,0.5,0.0,0.6931471805599453,1.0,0.0,unresolved_equivalence_class,CaNa_exch:0.5;NaCa_exch:0.5,CaNa_exch:0.5;NaCa_exch:0.5
NGW-154,Granitoid fractured basement aquifer,Paleoproterozoic granitoid complex,granitoid saprolite,Upper West Region,Nadowli-Kaleo,ghana_field_hydrosheaf_core,EC02,MgNa_exch;NaMg_exch,2,MgNa_exch,0.5,0.0,0.6931471805599453,1.0,0.0,unresolved_equivalence_class,MgNa_exch:0.5;NaMg_exch:0.5,MgNa_exch:0.5;NaMg_exch:0.5
NGW-154,Granitoid fractured basement aquifer,Paleoproterozoic granitoid complex,granitoid saprolite,Upper West Region,Nadowli-Kaleo,ghana_field_hydrosheaf_core,EC05,anorthite;calcite,2,calcite,0.7215189873417722,0.4430379746835444,0.5915129633473719,0.8533728188427887,0.1466271811572113,conditionally_preferred,anorthite:0.278481;calcite:0.721519,anorthite:0.88;calcite:0.95
NGW-155,Granitoid fractured basement aquifer,Paleoproterozoic granitoid complex,granitoid saprolite,Upper West Region,Wa,ghana_field_hydrosheaf_core,EC01,CaNa_exch;NaCa_exch,2,CaNa_exch,0.6569858712715856,0.3139717425431712,0.6430145180344135,0.9276738563878553,0.07232614361214473,conditionally_preferred,CaNa_exch:0.656986;NaCa_exch:0.343014,CaNa_exch:0.54;NaCa_exch:0.38
NGW-155,Granitoid fractured basement aquifer,Paleoproterozoic granitoid complex,granitoid saprolite,Upper West Region,Wa,ghana_field_hydrosheaf_core,EC02,MgNa_exch;NaMg_exch,2,MgNa_exch,0.6569858712715856,0.3139717425431712,0.6430145180344135,0.9276738563878553,0.07232614361214473,conditionally_preferred,MgNa_exch:0.656986;NaMg_exch:0.343014,MgNa_exch:0.54;NaMg_exch:0.38
NGW-155,Granitoid fractured basement aquifer,Paleoproterozoic granitoid complex,granitoid saprolite,Upper West Region,Wa,ghana_field_hydrosheaf_core,EC05,anorthite;calcite,2,calcite,0.6740947075208912,0.34818941504178247,0.6312408283176507,0.9106880126205162,0.08931198737948376,conditionally_preferred,anorthite:0.325905;calcite:0.674095,anorthite:0.78;calcite:0.88
NGW-156,Granitoid fractured basement aquifer,Paleoproterozoic granitoid complex,gneissic fractured basement,Upper West Region,Jirapa,ghana_field_hydrosheaf_core,EC01,CaNa_exch;NaCa_exch,2,CaNa_exch,0.6569858712715856,0.3139717425431712,0.6430145180344135,0.9276738563878553,0.07232614361214473,conditionally_preferred,CaNa_exch:0.656986;NaCa_exch:0.343014,CaNa_exch:0.54;NaCa_exch:0.38
NGW-156,Granitoid fractured basement aquifer,Paleoproterozoic granitoid complex,gneissic fractured basement,Upper West Region,Jirapa,ghana_field_hydrosheaf_core,EC02,MgNa_exch;NaMg_exch,2,MgNa_exch,0.6569858712715856,0.3139717425431712,0.6430145180344135,0.9276738563878553,0.07232614361214473,conditionally_preferred,MgNa_exch:0.656986;NaMg_exch:0.343014,MgNa_exch:0.54;NaMg_exch:0.38
NGW-156,Granitoid fractured basement aquifer,Paleoproterozoic granitoid complex,gneissic fractured basement,Upper West Region,Jirapa,ghana_field_hydrosheaf_core,EC05,anorthite;calcite,2,anorthite,0.6984126984126983,0.3968253968253966,0.612203226446043,0.8832225588099293,0.11677744119007072,conditionally_preferred,anorthite:0.698413;calcite:0.301587,anorthite:0.88;calcite:0.76
NGW-157,Regolith/alluvial shallow aquifer,Quaternary regolith/alluvium,lateritic saprolite,Upper West Region,Wa,ghana_field_hydrosheaf_core,EC01,CaNa_exch;NaCa_exch,2,CaNa_exch,0.6569858712715856,0.3139717425431712,0.6430145180344135,0.9276738563878553,0.07232614361214473,conditionally_preferred,CaNa_exch:0.656986;NaCa_exch:0.343014,CaNa_exch:0.54;NaCa_exch:0.38
NGW-157,Regolith/alluvial shallow aquifer,Quaternary regolith/alluvium,lateritic saprolite,Upper West Region,Wa,ghana_field_hydrosheaf_core,EC02,MgNa_exch;NaMg_exch,2,MgNa_exch,0.6569858712715856,0.3139717425431712,0.6430145180344135,0.9276738563878553,0.07232614361214473,conditionally_preferred,MgNa_exch:0.656986;NaMg_exch:0.343014,MgNa_exch:0.54;NaMg_exch:0.38
NGW-157,Regolith/alluvial shallow aquifer,Quaternary regolith/alluvium,lateritic saprolite,Upper West Region,Wa,ghana_field_hydrosheaf_core,EC05,anorthite;calcite,2,anorthite,0.5,0.0,0.6931471805599453,1.0,0.0,unresolved_equivalence_class,anorthite:0.5;calcite:0.5,anorthite:0.88;calcite:0.88
NGW-158,Birimian fractured basement aquifer,Birimian Supergroup,phyllite–schist fractured zone,Upper West Region,Lambussie,ghana_field_hydrosheaf_core,EC01,CaNa_exch;NaCa_exch,2,CaNa_exch,0.868632707774799,0.7372654155495979,0.38897763217964554,0.5611761009623059,0.43882389903769414,evidence_lifted_resolved,CaNa_exch:0.868633;NaCa_exch:0.131367,CaNa_exch:0.72;NaCa_exch:0.28
NGW-158,Birimian fractured basement aquifer,Birimian Supergroup,phyllite–schist fractured zone,Upper West Region,Lambussie,ghana_field_hydrosheaf_core,EC02,MgNa_exch;NaMg_exch,2,MgNa_exch,0.868632707774799,0.7372654155495979,0.38897763217964554,0.5611761009623059,0.43882389903769414,evidence_lifted_resolved,MgNa_exch:0.868633;NaMg_exch:0.131367,MgNa_exch:0.72;NaMg_exch:0.28
NGW-158,Birimian fractured basement aquifer,Birimian Supergroup,phyllite–schist fractured zone,Upper West Region,Lambussie,ghana_field_hydrosheaf_core,EC05,anorthite;calcite,2,anorthite,0.5,0.0,0.6931471805599453,1.0,0.0,unresolved_equivalence_class,anorthite:0.5;calcite:0.5,anorthite:0.88;calcite:0.88
NGW-159,Birimian fractured basement aquifer,Birimian Supergroup,greenstone belt fracture network,Upper West Region,Lambussie,ghana_field_hydrosheaf_core,EC01,CaNa_exch;NaCa_exch,2,CaNa_exch,0.5,0.0,0.6931471805599453,1.0,0.0,unresolved_equivalence_class,CaNa_exch:0.5;NaCa_exch:0.5,CaNa_exch:0.5;NaCa_exch:0.5
NGW-159,Birimian fractured basement aquifer,Birimian Supergroup,greenstone belt fracture network,Upper West Region,Lambussie,ghana_field_hydrosheaf_core,EC02,MgNa_exch;NaMg_exch,2,MgNa_exch,0.5,0.0,0.6931471805599453,1.0,0.0,unresolved_equivalence_class,MgNa_exch:0.5;NaMg_exch:0.5,MgNa_exch:0.5;NaMg_exch:0.5
NGW-159,Birimian fractured basement aquifer,Birimian Supergroup,greenstone belt fracture network,Upper West Region,Lambussie,ghana_field_hydrosheaf_core,EC05,anorthite;calcite,2,calcite,0.7215189873417722,0.4430379746835444,0.5915129633473719,0.8533728188427887,0.1466271811572113,conditionally_preferred,anorthite:0.278481;calcite:0.721519,anorthite:0.88;calcite:0.95
NGW-160,Birimian fractured basement aquifer,Birimian Supergroup,greenstone belt fracture network,Upper West Region,Tumu,ghana_field_hydrosheaf_core,EC01,CaNa_exch;NaCa_exch,2,CaNa_exch,0.5,0.0,0.6931471805599453,1.0,0.0,unresolved_equivalence_class,CaNa_exch:0.5;NaCa_exch:0.5,CaNa_exch:0.5;NaCa_exch:0.5
NGW-160,Birimian fractured basement aquifer,Birimian Supergroup,greenstone belt fracture network,Upper West Region,Tumu,ghana_field_hydrosheaf_core,EC02,MgNa_exch;NaMg_exch,2,MgNa_exch,0.5,0.0,0.6931471805599453,1.0,0.0,unresolved_equivalence_class,MgNa_exch:0.5;NaMg_exch:0.5,MgNa_exch:0.5;NaMg_exch:0.5
NGW-160,Birimian fractured basement aquifer,Birimian Supergroup,greenstone belt fracture network,Upper West Region,Tumu,ghana_field_hydrosheaf_core,EC05,anorthite;calcite,2,calcite,0.7215189873417722,0.4430379746835444,0.5915129633473719,0.8533728188427887,0.1466271811572113,conditionally_preferred,anorthite:0.278481;calcite:0.721519,anorthite:0.88;calcite:0.95
