realisation,edge_id,reaction_label,true_extent_mmolL,recovered_extent_mmolL,absolute_error_mmolL,relative_bias_percent,false_positive
0,RCH->SH15,calcite,0.2,0.3725366635825174,0.1725366635825174,86.2683317912587,False
0,RCH->SH15,dolomite,0.0,0.019682884812953435,0.019682884812953435,,False
0,RCH->SH15,halite,0.0,0.0,0.0,,False
0,RCH->SH15,gypsum,0.0,0.009504639974624677,0.009504639974624677,,False
0,RCH->SH15,CaNa_exch,0.0,-0.021068958532531375,0.021068958532531375,,False
0,RCH->SH15,albite,0.0,0.0,0.0,,False
0,RCH->SH15,pyrite_oxidation_aerobic,0.0,0.004316273202616969,0.004316273202616969,,False
0,RCH->SH30,calcite,0.25,0.0018313401028864707,0.24816865989711354,-99.26746395884541,False
0,RCH->SH30,dolomite,0.0,0.0,0.0,,False
0,RCH->SH30,halite,0.0,0.0,0.0,,False
0,RCH->SH30,gypsum,0.05,0.0,0.05,-100.0,False
0,RCH->SH30,CaNa_exch,0.0,0.10539249580528462,0.10539249580528462,,True
0,RCH->SH30,albite,0.0,0.0,0.0,,False
0,RCH->SH30,pyrite_oxidation_aerobic,0.0,0.007414959081625022,0.007414959081625022,,False
0,SH15->INT1,calcite,2.5,2.8202295985808985,0.3202295985808985,12.80918394323594,False
0,SH15->INT1,dolomite,0.2,0.049209446963839186,0.15079055303616082,-75.39527651808041,False
0,SH15->INT1,halite,0.0,0.023235619482087192,0.023235619482087192,,False
0,SH15->INT1,gypsum,0.0,0.01972368034827808,0.01972368034827808,,False
0,SH15->INT1,CaNa_exch,0.0,-0.07570945717999021,0.07570945717999021,,True
0,SH15->INT1,albite,0.0,0.009709568898056084,0.009709568898056084,,False
0,SH15->INT1,pyrite_oxidation_aerobic,0.0,0.0,0.0,,False
0,INT1->INT2,calcite,0.0,1.2975064483468317,1.2975064483468317,,True
0,INT1->INT2,dolomite,0.8,0.2159759736237201,0.5840240263762799,-73.003003297035,False
0,INT1->INT2,halite,1.2,0.6498628348531792,0.5501371651468208,-45.84476376223506,False
0,INT1->INT2,gypsum,0.3,0.25242484952352223,0.04757515047647776,-15.858383492159252,False
0,INT1->INT2,CaNa_exch,0.0,-0.5213934270129079,0.5213934270129079,,True
0,INT1->INT2,albite,0.0,0.26587729330750315,0.26587729330750315,,True
0,INT1->INT2,pyrite_oxidation_aerobic,0.0,0.01678027108014797,0.01678027108014797,,False
0,INT2->MIX20,calcite,0.3,0.04329255188360694,0.25670744811639307,-85.56914937213102,False
0,INT2->MIX20,dolomite,0.0,0.0,0.0,,False
0,INT2->MIX20,halite,0.0,0.0,0.0,,False
0,INT2->MIX20,gypsum,0.0,0.03828308154425313,0.03828308154425313,,False
0,INT2->MIX20,CaNa_exch,-0.15,0.015838760620696953,0.16583876062069694,-110.55917374713131,False
0,INT2->MIX20,albite,0.0,0.0,0.0,,False
0,INT2->MIX20,pyrite_oxidation_aerobic,0.0,0.0,0.0,,False
0,MIX20->MIX40,calcite,0.0,0.11855601862263417,0.11855601862263417,,True
0,MIX20->MIX40,dolomite,0.0,0.011658845589814502,0.011658845589814502,,False
0,MIX20->MIX40,halite,0.35,0.027435340399798776,0.3225646596002012,-92.16133131434322,False
0,MIX20->MIX40,gypsum,0.0,0.044477453505521396,0.044477453505521396,,False
0,MIX20->MIX40,CaNa_exch,-0.25,-0.18785064410987518,0.062149355890124824,-24.859742356049928,False
0,MIX20->MIX40,albite,0.0,0.3949230387392452,0.3949230387392452,,True
0,MIX20->MIX40,pyrite_oxidation_aerobic,0.0,0.0,0.0,,False
0,MIX40->MIX60,calcite,0.0,0.03889753880121313,0.03889753880121313,,False
0,MIX40->MIX60,dolomite,0.3,0.09378020329146054,0.20621979670853946,-68.73993223617983,False
0,MIX40->MIX60,halite,0.0,0.0,0.0,,False
0,MIX40->MIX60,gypsum,0.1,0.0322216554907279,0.06777834450927211,-67.77834450927212,False
0,MIX40->MIX60,CaNa_exch,-0.2,-0.22132370102939455,0.021323701029394543,10.66185051469727,False
0,MIX40->MIX60,albite,0.0,0.11518751247186984,0.11518751247186984,,True
0,MIX40->MIX60,pyrite_oxidation_aerobic,0.0,0.018827576751777382,0.018827576751777382,,False
0,MIX60->DILUTE,calcite,0.1,0.052474062117820956,0.04752593788217905,-47.52593788217905,False
0,MIX60->DILUTE,dolomite,0.0,0.0,0.0,,False
0,MIX60->DILUTE,halite,0.0,0.0,0.0,,False
0,MIX60->DILUTE,gypsum,0.0,0.0,0.0,,False
0,MIX60->DILUTE,CaNa_exch,0.0,0.056220170863580436,0.056220170863580436,,True
0,MIX60->DILUTE,albite,0.0,0.0,0.0,,False
0,MIX60->DILUTE,pyrite_oxidation_aerobic,0.0,0.0,0.0,,False
0,DILUTE->DEEP,calcite,0.0,0.0,0.0,,False
0,DILUTE->DEEP,dolomite,0.0,0.0,0.0,,False
0,DILUTE->DEEP,halite,0.45,0.5216817350146689,0.07168173501466885,15.929274447704188,False
0,DILUTE->DEEP,gypsum,0.05,0.0,0.05,-100.0,False
0,DILUTE->DEEP,CaNa_exch,-0.6,-0.6158483751702816,0.015848375170281592,2.641395861713599,False
0,DILUTE->DEEP,albite,0.0,0.0,0.0,,False
0,DILUTE->DEEP,pyrite_oxidation_aerobic,0.0,0.025375627759864794,0.025375627759864794,,False
0,DEEP->DISCH,calcite,0.1,0.07643472999214254,0.023565270007857464,-23.565270007857464,False
0,DEEP->DISCH,dolomite,0.05,0.0,0.05,-100.0,False
0,DEEP->DISCH,halite,0.0,0.0,0.0,,False
0,DEEP->DISCH,gypsum,0.0,0.03848777014342091,0.03848777014342091,,False
0,DEEP->DISCH,CaNa_exch,0.0,0.025796705929746182,0.025796705929746182,,False
0,DEEP->DISCH,albite,0.0,0.0,0.0,,False
0,DEEP->DISCH,pyrite_oxidation_aerobic,0.0,0.0,0.0,,False
1,RCH->SH15,calcite,0.2,0.05279335754983741,0.1472066424501626,-73.6033212250813,False
1,RCH->SH15,dolomite,0.0,0.0,0.0,,False
1,RCH->SH15,halite,0.0,0.0,0.0,,False
1,RCH->SH15,gypsum,0.0,0.006262947930992834,0.006262947930992834,,False
1,RCH->SH15,CaNa_exch,0.0,0.059315830886109,0.059315830886109,,True
1,RCH->SH15,albite,0.0,0.0,0.0,,False
1,RCH->SH15,pyrite_oxidation_aerobic,0.0,0.0,0.0,,False
1,RCH->SH30,calcite,0.25,0.04318607900329794,0.20681392099670207,-82.72556839868082,False
1,RCH->SH30,dolomite,0.0,0.0,0.0,,False
1,RCH->SH30,halite,0.0,0.0,0.0,,False
1,RCH->SH30,gypsum,0.05,0.08351579416447087,0.03351579416447087,67.03158832894172,False
1,RCH->SH30,CaNa_exch,0.0,0.006966454021233108,0.006966454021233108,,False
1,RCH->SH30,albite,0.0,0.0,0.0,,False
1,RCH->SH30,pyrite_oxidation_aerobic,0.0,0.0,0.0,,False
1,SH15->INT1,calcite,2.5,2.722648059810977,0.22264805981097702,8.90592239243908,False
1,SH15->INT1,dolomite,0.2,0.04943275252703374,0.15056724747296626,-75.28362373648314,False
1,SH15->INT1,halite,0.0,0.03591949765953814,0.03591949765953814,,False
1,SH15->INT1,gypsum,0.0,0.0036268601978962016,0.0036268601978962016,,False
1,SH15->INT1,CaNa_exch,0.0,-0.09296468220128298,0.09296468220128298,,True
1,SH15->INT1,albite,0.0,0.01603304596187293,0.01603304596187293,,False
1,SH15->INT1,pyrite_oxidation_aerobic,0.0,0.0,0.0,,False
1,INT1->INT2,calcite,0.0,1.102596908283886,1.102596908283886,,True
1,INT1->INT2,dolomite,0.8,0.2022017373166115,0.5977982626833885,-74.72478283542355,False
1,INT1->INT2,halite,1.2,0.7089990442368266,0.4910009557631734,-40.916746313597784,False
1,INT1->INT2,gypsum,0.3,0.13603364524218436,0.16396635475781562,-54.65545158593854,False
1,INT1->INT2,CaNa_exch,0.0,-0.4505768843000644,0.4505768843000644,,True
1,INT1->INT2,albite,0.0,0.163291659011351,0.163291659011351,,True
1,INT1->INT2,pyrite_oxidation_aerobic,0.0,0.04143774745326729,0.04143774745326729,,False
1,INT2->MIX20,calcite,0.3,0.23602111486813745,0.06397888513186253,-21.32629504395418,False
1,INT2->MIX20,dolomite,0.0,0.0031908661636017677,0.0031908661636017677,,False
1,INT2->MIX20,halite,0.0,0.05221158089652238,0.05221158089652238,,True
1,INT2->MIX20,gypsum,0.0,0.20456576193580792,0.20456576193580792,,True
1,INT2->MIX20,CaNa_exch,-0.15,-0.04591208920381477,0.10408791079618523,-69.39194053079017,False
1,INT2->MIX20,albite,0.0,0.0,0.0,,False
1,INT2->MIX20,pyrite_oxidation_aerobic,0.0,0.0,0.0,,False
1,MIX20->MIX40,calcite,0.0,0.0,0.0,,False
1,MIX20->MIX40,dolomite,0.0,0.0,0.0,,False
1,MIX20->MIX40,halite,0.35,0.22939575321963246,0.12060424678036752,-34.45835622296215,False
1,MIX20->MIX40,gypsum,0.0,0.00471772000505011,0.00471772000505011,,False
1,MIX20->MIX40,CaNa_exch,-0.25,-0.1217594268527612,0.1282405731472388,-51.29622925889552,False
1,MIX20->MIX40,albite,0.0,0.11552747999023597,0.11552747999023597,,True
1,MIX20->MIX40,pyrite_oxidation_aerobic,0.0,0.017018189229123872,0.017018189229123872,,False
1,MIX40->MIX60,calcite,0.0,0.2590028024046643,0.2590028024046643,,True
1,MIX40->MIX60,dolomite,0.3,0.08772026317574178,0.21227973682425821,-70.75991227475275,False
1,MIX40->MIX60,halite,0.0,0.0,0.0,,False
1,MIX40->MIX60,gypsum,0.1,0.04063502097132218,0.05936497902867782,-59.36497902867782,False
1,MIX40->MIX60,CaNa_exch,-0.2,-0.24235750058047578,0.04235750058047577,21.178750290237883,False
1,MIX40->MIX60,albite,0.0,0.19083506457373847,0.19083506457373847,,True
1,MIX40->MIX60,pyrite_oxidation_aerobic,0.0,0.011383184269925193,0.011383184269925193,,False
1,MIX60->DILUTE,calcite,0.1,0.04196055883450863,0.058039441165491375,-58.039441165491375,False
1,MIX60->DILUTE,dolomite,0.0,0.0,0.0,,False
1,MIX60->DILUTE,halite,0.0,0.0,0.0,,False
1,MIX60->DILUTE,gypsum,0.0,0.0,0.0,,False
1,MIX60->DILUTE,CaNa_exch,0.0,0.14313065910629644,0.14313065910629644,,True
1,MIX60->DILUTE,albite,0.0,0.0,0.0,,False
1,MIX60->DILUTE,pyrite_oxidation_aerobic,0.0,0.0,0.0,,False
1,DILUTE->DEEP,calcite,0.0,0.0,0.0,,False
1,DILUTE->DEEP,dolomite,0.0,0.008022177609310269,0.008022177609310269,,False
1,DILUTE->DEEP,halite,0.45,0.0,0.45,-100.0,False
1,DILUTE->DEEP,gypsum,0.05,0.05272620481339963,0.0027262048133996283,5.452409626799257,False
1,DILUTE->DEEP,CaNa_exch,-0.6,-0.49293925364577545,0.10706074635422452,-17.843457725704088,False
1,DILUTE->DEEP,albite,0.0,0.13178424041053963,0.13178424041053963,,True
1,DILUTE->DEEP,pyrite_oxidation_aerobic,0.0,0.0,0.0,,False
1,DEEP->DISCH,calcite,0.1,0.08442065018168356,0.015579349818316449,-15.579349818316448,False
1,DEEP->DISCH,dolomite,0.05,0.03678172224635447,0.013218277753645535,-26.436555507291068,False
1,DEEP->DISCH,halite,0.0,0.004226032059677373,0.004226032059677373,,False
1,DEEP->DISCH,gypsum,0.0,0.0,0.0,,False
1,DEEP->DISCH,CaNa_exch,0.0,-0.07983023887929264,0.07983023887929264,,True
1,DEEP->DISCH,albite,0.0,0.03405785356747445,0.03405785356747445,,False
1,DEEP->DISCH,pyrite_oxidation_aerobic,0.0,0.0007996453885792164,0.0007996453885792164,,False
2,RCH->SH15,calcite,0.2,0.0,0.2,-100.0,False
2,RCH->SH15,dolomite,0.0,0.0,0.0,,False
2,RCH->SH15,halite,0.0,0.0,0.0,,False
2,RCH->SH15,gypsum,0.0,0.0,0.0,,False
2,RCH->SH15,CaNa_exch,0.0,0.0506505417664208,0.0506505417664208,,True
2,RCH->SH15,albite,0.0,0.0,0.0,,False
2,RCH->SH15,pyrite_oxidation_aerobic,0.0,0.0,0.0,,False
2,RCH->SH30,calcite,0.25,0.0,0.25,-100.0,False
2,RCH->SH30,dolomite,0.0,0.0,0.0,,False
2,RCH->SH30,halite,0.0,0.0,0.0,,False
2,RCH->SH30,gypsum,0.05,0.0,0.05,-100.0,False
2,RCH->SH30,CaNa_exch,0.0,0.13847246166705685,0.13847246166705685,,True
2,RCH->SH30,albite,0.0,0.0,0.0,,False
2,RCH->SH30,pyrite_oxidation_aerobic,0.0,0.0,0.0,,False
2,SH15->INT1,calcite,2.5,2.709534019389685,0.20953401938968508,8.381360775587403,False
2,SH15->INT1,dolomite,0.2,0.053793452198752104,0.14620654780124792,-73.10327390062395,False
2,SH15->INT1,halite,0.0,0.0,0.0,,False
2,SH15->INT1,gypsum,0.0,0.031737878087632176,0.031737878087632176,,False
2,SH15->INT1,CaNa_exch,0.0,-0.09434901032698462,0.09434901032698462,,True
2,SH15->INT1,albite,0.0,0.027792660371035543,0.027792660371035543,,False
2,SH15->INT1,pyrite_oxidation_aerobic,0.0,0.0,0.0,,False
2,INT1->INT2,calcite,0.0,1.5566705631014546,1.5566705631014546,,True
2,INT1->INT2,dolomite,0.8,0.17391411184854058,0.6260858881514595,-78.26073601893243,False
2,INT1->INT2,halite,1.2,0.6772185367224557,0.5227814632775443,-43.56512193979536,False
2,INT1->INT2,gypsum,0.3,0.22064193591333703,0.07935806408666296,-26.452688028887653,False
2,INT1->INT2,CaNa_exch,0.0,-0.4183234071549476,0.4183234071549476,,True
2,INT1->INT2,albite,0.0,0.19666127839029443,0.19666127839029443,,True
2,INT1->INT2,pyrite_oxidation_aerobic,0.0,0.02158304901620691,0.02158304901620691,,False
2,INT2->MIX20,calcite,0.3,0.1697320793623005,0.13026792063769949,-43.42264021256649,False
2,INT2->MIX20,dolomite,0.0,0.0,0.0,,False
2,INT2->MIX20,halite,0.0,0.13373543125901804,0.13373543125901804,,True
2,INT2->MIX20,gypsum,0.0,0.00861587144916588,0.00861587144916588,,False
2,INT2->MIX20,CaNa_exch,-0.15,0.03833568563685704,0.18833568563685704,-125.5571237579047,False
2,INT2->MIX20,albite,0.0,0.0,0.0,,False
2,INT2->MIX20,pyrite_oxidation_aerobic,0.0,0.0,0.0,,False
2,MIX20->MIX40,calcite,0.0,0.17961227620582454,0.17961227620582454,,True
2,MIX20->MIX40,dolomite,0.0,0.018459660689003173,0.018459660689003173,,False
2,MIX20->MIX40,halite,0.35,0.17870919821397452,0.17129080178602546,-48.94022908172156,False
2,MIX20->MIX40,gypsum,0.0,0.0,0.0,,False
2,MIX20->MIX40,CaNa_exch,-0.25,-0.12817443981114324,0.12182556018885676,-48.73022407554271,False
2,MIX20->MIX40,albite,0.0,0.23736761172283036,0.23736761172283036,,True
2,MIX20->MIX40,pyrite_oxidation_aerobic,0.0,0.0,0.0,,False
2,MIX40->MIX60,calcite,0.0,0.33771368841414834,0.33771368841414834,,True
2,MIX40->MIX60,dolomite,0.3,0.10000114716638596,0.19999885283361402,-66.66628427787134,False
2,MIX40->MIX60,halite,0.0,0.0,0.0,,False
2,MIX40->MIX60,gypsum,0.1,0.10611789579715049,0.006117895797150483,6.117895797150483,False
2,MIX40->MIX60,CaNa_exch,-0.2,-0.28117520031681237,0.08117520031681236,40.587600158406175,False
2,MIX40->MIX60,albite,0.0,0.19987390612618858,0.19987390612618858,,True
2,MIX40->MIX60,pyrite_oxidation_aerobic,0.0,0.0,0.0,,False
2,MIX60->DILUTE,calcite,0.1,0.0,0.1,-100.0,False
2,MIX60->DILUTE,dolomite,0.0,0.0,0.0,,False
2,MIX60->DILUTE,halite,0.0,0.0,0.0,,False
2,MIX60->DILUTE,gypsum,0.0,0.0,0.0,,False
2,MIX60->DILUTE,CaNa_exch,0.0,-0.004322182738549332,0.004322182738549332,,False
2,MIX60->DILUTE,albite,0.0,0.0,0.0,,False
2,MIX60->DILUTE,pyrite_oxidation_aerobic,0.0,0.00466242049776083,0.00466242049776083,,False
2,DILUTE->DEEP,calcite,0.0,0.0,0.0,,False
2,DILUTE->DEEP,dolomite,0.0,0.0,0.0,,False
2,DILUTE->DEEP,halite,0.45,0.3467389776264662,0.1032610223735338,-22.946893860785288,False
2,DILUTE->DEEP,gypsum,0.05,0.0456450749666457,0.004354925033354301,-8.7098500667086,False
2,DILUTE->DEEP,CaNa_exch,-0.6,-0.49308058146954076,0.10691941853045922,-17.81990308840987,False
2,DILUTE->DEEP,albite,0.0,0.3011220862966289,0.3011220862966289,,True
2,DILUTE->DEEP,pyrite_oxidation_aerobic,0.0,0.014843810767495172,0.014843810767495172,,False
2,DEEP->DISCH,calcite,0.1,0.029455234032599326,0.07054476596740068,-70.54476596740068,False
2,DEEP->DISCH,dolomite,0.05,0.016820325074293006,0.033179674925706996,-66.359349851414,False
2,DEEP->DISCH,halite,0.0,0.0980859233775927,0.0980859233775927,,True
2,DEEP->DISCH,gypsum,0.0,0.0,0.0,,False
2,DEEP->DISCH,CaNa_exch,0.0,0.01193107557171715,0.01193107557171715,,False
2,DEEP->DISCH,albite,0.0,0.0,0.0,,False
2,DEEP->DISCH,pyrite_oxidation_aerobic,0.0,0.0,0.0,,False
3,RCH->SH15,calcite,0.2,0.0159084798535973,0.1840915201464027,-92.04576007320135,False
3,RCH->SH15,dolomite,0.0,0.0,0.0,,False
3,RCH->SH15,halite,0.0,0.0,0.0,,False
3,RCH->SH15,gypsum,0.0,0.0,0.0,,False
3,RCH->SH15,CaNa_exch,0.0,0.0979762521638523,0.0979762521638523,,True
3,RCH->SH15,albite,0.0,0.0,0.0,,False
3,RCH->SH15,pyrite_oxidation_aerobic,0.0,0.0,0.0,,False
3,RCH->SH30,calcite,0.25,0.018509802727971498,0.2314901972720285,-92.59607890881139,False
3,RCH->SH30,dolomite,0.0,0.0,0.0,,False
3,RCH->SH30,halite,0.0,0.0,0.0,,False
3,RCH->SH30,gypsum,0.05,0.0,0.05,-100.0,False
3,RCH->SH30,CaNa_exch,0.0,0.12929237663154028,0.12929237663154028,,True
3,RCH->SH30,albite,0.0,0.0,0.0,,False
3,RCH->SH30,pyrite_oxidation_aerobic,0.0,0.0021308555744267745,0.0021308555744267745,,False
3,SH15->INT1,calcite,2.5,2.784597621724278,0.28459762172427805,11.383904868971122,False
3,SH15->INT1,dolomite,0.2,0.055466693448174426,0.14453330655182559,-72.26665327591279,False
3,SH15->INT1,halite,0.0,0.06925762793635758,0.06925762793635758,,True
3,SH15->INT1,gypsum,0.0,0.03513552484136762,0.03513552484136762,,False
3,SH15->INT1,CaNa_exch,0.0,-0.08868042995083197,0.08868042995083197,,True
3,SH15->INT1,albite,0.0,0.0122587911957812,0.0122587911957812,,False
3,SH15->INT1,pyrite_oxidation_aerobic,0.0,0.0,0.0,,False
3,INT1->INT2,calcite,0.0,0.7999691380079049,0.7999691380079049,,True
3,INT1->INT2,dolomite,0.8,0.19222079527387714,0.6077792047261229,-75.97240059076536,False
3,INT1->INT2,halite,1.2,1.201133195283021,0.0011331952830211378,0.0944329402517615,False
3,INT1->INT2,gypsum,0.3,0.1746416445923208,0.1253583554076792,-41.7861184692264,False
3,INT1->INT2,CaNa_exch,0.0,-0.44884868367406566,0.44884868367406566,,True
3,INT1->INT2,albite,0.0,0.16980738680570764,0.16980738680570764,,True
3,INT1->INT2,pyrite_oxidation_aerobic,0.0,0.04722430337194253,0.04722430337194253,,False
3,INT2->MIX20,calcite,0.3,0.10154151465363365,0.19845848534636634,-66.15282844878878,False
3,INT2->MIX20,dolomite,0.0,0.003236406986265972,0.003236406986265972,,False
3,INT2->MIX20,halite,0.0,0.0,0.0,,False
3,INT2->MIX20,gypsum,0.0,0.16130557366156253,0.16130557366156253,,True
3,INT2->MIX20,CaNa_exch,-0.15,-0.08903004479883789,0.06096995520116211,-40.64663680077474,False
3,INT2->MIX20,albite,0.0,0.12735848745024858,0.12735848745024858,,True
3,INT2->MIX20,pyrite_oxidation_aerobic,0.0,0.0,0.0,,False
3,MIX20->MIX40,calcite,0.0,0.17103874307372668,0.17103874307372668,,True
3,MIX20->MIX40,dolomite,0.0,0.003372324780271938,0.003372324780271938,,False
3,MIX20->MIX40,halite,0.35,0.09619645938692427,0.2538035406130757,-72.51529731802164,False
3,MIX20->MIX40,gypsum,0.0,0.0,0.0,,False
3,MIX20->MIX40,CaNa_exch,-0.25,-0.10726417017633605,0.14273582982366395,-57.09433192946558,False
3,MIX20->MIX40,albite,0.0,0.25298494457436904,0.25298494457436904,,True
3,MIX20->MIX40,pyrite_oxidation_aerobic,0.0,0.0,0.0,,False
3,MIX40->MIX60,calcite,0.0,0.007935243309381272,0.007935243309381272,,False
3,MIX40->MIX60,dolomite,0.3,0.08989382022869433,0.21010617977130566,-70.03539325710189,False
3,MIX40->MIX60,halite,0.0,0.0,0.0,,False
3,MIX40->MIX60,gypsum,0.1,0.06469696972275141,0.0353030302772486,-35.303030277248595,False
3,MIX40->MIX60,CaNa_exch,-0.2,-0.22123481650561985,0.02123481650561984,10.61740825280992,False
3,MIX40->MIX60,albite,0.0,0.11621636368137749,0.11621636368137749,,True
3,MIX40->MIX60,pyrite_oxidation_aerobic,0.0,0.013188867939511165,0.013188867939511165,,False
3,MIX60->DILUTE,calcite,0.1,0.0,0.1,-100.0,False
3,MIX60->DILUTE,dolomite,0.0,0.0,0.0,,False
3,MIX60->DILUTE,halite,0.0,0.0,0.0,,False
3,MIX60->DILUTE,gypsum,0.0,0.0,0.0,,False
3,MIX60->DILUTE,CaNa_exch,0.0,-0.008700582103699207,0.008700582103699207,,False
3,MIX60->DILUTE,albite,0.0,0.0,0.0,,False
3,MIX60->DILUTE,pyrite_oxidation_aerobic,0.0,0.0,0.0,,False
3,DILUTE->DEEP,calcite,0.0,0.010118842164157673,0.010118842164157673,,False
3,DILUTE->DEEP,dolomite,0.0,0.0031860491833101147,0.0031860491833101147,,False
3,DILUTE->DEEP,halite,0.45,0.541239361683252,0.09123936168325203,20.27541370738934,False
3,DILUTE->DEEP,gypsum,0.05,0.05247033241322042,0.002470332413220415,4.9406648264408295,False
3,DILUTE->DEEP,CaNa_exch,-0.6,-0.45648790854078947,0.1435120914592105,-23.91868190986842,False
3,DILUTE->DEEP,albite,0.0,0.025566307226599777,0.025566307226599777,,False
3,DILUTE->DEEP,pyrite_oxidation_aerobic,0.0,0.0,0.0,,False
3,DEEP->DISCH,calcite,0.1,0.0,0.1,-100.0,False
3,DEEP->DISCH,dolomite,0.05,0.02046449969884245,0.029535500301157553,-59.0710006023151,False
3,DEEP->DISCH,halite,0.0,0.0,0.0,,False
3,DEEP->DISCH,gypsum,0.0,0.11272002404922303,0.11272002404922303,,True
3,DEEP->DISCH,CaNa_exch,0.0,-0.06936468375276987,0.06936468375276987,,True
3,DEEP->DISCH,albite,0.0,0.007324346480242475,0.007324346480242475,,False
3,DEEP->DISCH,pyrite_oxidation_aerobic,0.0,0.0,0.0,,False
4,RCH->SH15,calcite,0.2,0.0,0.2,-100.0,False
4,RCH->SH15,dolomite,0.0,0.0,0.0,,False
4,RCH->SH15,halite,0.0,0.0,0.0,,False
4,RCH->SH15,gypsum,0.0,0.0,0.0,,False
4,RCH->SH15,CaNa_exch,0.0,0.06790009850090749,0.06790009850090749,,True
4,RCH->SH15,albite,0.0,0.0,0.0,,False
4,RCH->SH15,pyrite_oxidation_aerobic,0.0,0.0,0.0,,False
4,RCH->SH30,calcite,0.25,0.0,0.25,-100.0,False
4,RCH->SH30,dolomite,0.0,0.0,0.0,,False
4,RCH->SH30,halite,0.0,0.0,0.0,,False
4,RCH->SH30,gypsum,0.05,0.0,0.05,-100.0,False
4,RCH->SH30,CaNa_exch,0.0,0.088282435468023,0.088282435468023,,True
4,RCH->SH30,albite,0.0,0.0,0.0,,False
4,RCH->SH30,pyrite_oxidation_aerobic,0.0,0.01388837805918928,0.01388837805918928,,False
4,SH15->INT1,calcite,2.5,2.594624870854308,0.09462487085430782,3.7849948341723127,False
4,SH15->INT1,dolomite,0.2,0.046698625590491094,0.15330137440950892,-76.65068720475446,False
4,SH15->INT1,halite,0.0,0.031531155748544815,0.031531155748544815,,False
4,SH15->INT1,gypsum,0.0,0.0452741103789007,0.0452741103789007,,False
4,SH15->INT1,CaNa_exch,0.0,-0.07500937354019574,0.07500937354019574,,True
4,SH15->INT1,albite,0.0,0.0038249202018397614,0.0038249202018397614,,False
4,SH15->INT1,pyrite_oxidation_aerobic,0.0,0.0,0.0,,False
4,INT1->INT2,calcite,0.0,1.1973363356557767,1.1973363356557767,,True
4,INT1->INT2,dolomite,0.8,0.2020251385971136,0.5979748614028865,-74.7468576753608,False
4,INT1->INT2,halite,1.2,1.1926775939766456,0.007322406023354322,-0.6102005019461936,False
4,INT1->INT2,gypsum,0.3,0.24594209091279393,0.05405790908720606,-18.019303029068688,False
4,INT1->INT2,CaNa_exch,0.0,-0.5202846961579438,0.5202846961579438,,True
4,INT1->INT2,albite,0.0,0.2686276690306238,0.2686276690306238,,True
4,INT1->INT2,pyrite_oxidation_aerobic,0.0,0.026189460473744236,0.026189460473744236,,False
4,INT2->MIX20,calcite,0.3,0.0,0.3,-100.0,False
4,INT2->MIX20,dolomite,0.0,0.0,0.0,,False
4,INT2->MIX20,halite,0.0,0.0,0.0,,False
4,INT2->MIX20,gypsum,0.0,0.0,0.0,,False
4,INT2->MIX20,CaNa_exch,-0.15,-0.2080279225948387,0.058027922594838716,38.68528172989248,False
4,INT2->MIX20,albite,0.0,0.0,0.0,,False
4,INT2->MIX20,pyrite_oxidation_aerobic,0.0,0.0,0.0,,False
4,MIX20->MIX40,calcite,0.0,0.340476175908169,0.340476175908169,,True
4,MIX20->MIX40,dolomite,0.0,0.022349646695321794,0.022349646695321794,,False
4,MIX20->MIX40,halite,0.35,0.2837537395941966,0.06624626040580339,-18.927502973086686,False
4,MIX20->MIX40,gypsum,0.0,0.04229528134864334,0.04229528134864334,,False
4,MIX20->MIX40,CaNa_exch,-0.25,-0.08876290622874836,0.16123709377125164,-64.49483750850065,False
4,MIX20->MIX40,albite,0.0,0.10018623054277519,0.10018623054277519,,True
4,MIX20->MIX40,pyrite_oxidation_aerobic,0.0,0.0,0.0,,False
4,MIX40->MIX60,calcite,0.0,0.42391979095689414,0.42391979095689414,,True
4,MIX40->MIX60,dolomite,0.3,0.10109064101861379,0.1989093589813862,-66.30311966046207,False
4,MIX40->MIX60,halite,0.0,0.0,0.0,,False
4,MIX40->MIX60,gypsum,0.1,0.038979111160071564,0.06102088883992844,-61.02088883992844,False
4,MIX40->MIX60,CaNa_exch,-0.2,-0.28732343112016817,0.08732343112016816,43.661715560084076,False
4,MIX40->MIX60,albite,0.0,0.24391115486788179,0.24391115486788179,,True
4,MIX40->MIX60,pyrite_oxidation_aerobic,0.0,0.01572186690078644,0.01572186690078644,,False
4,MIX60->DILUTE,calcite,0.1,0.0,0.1,-100.0,False
4,MIX60->DILUTE,dolomite,0.0,0.0,0.0,,False
4,MIX60->DILUTE,halite,0.0,0.0690133161100096,0.0690133161100096,,True
4,MIX60->DILUTE,gypsum,0.0,0.039470091616001235,0.039470091616001235,,False
4,MIX60->DILUTE,CaNa_exch,0.0,0.0832313966559827,0.0832313966559827,,True
4,MIX60->DILUTE,albite,0.0,0.0,0.0,,False
4,MIX60->DILUTE,pyrite_oxidation_aerobic,0.0,0.0,0.0,,False
4,DILUTE->DEEP,calcite,0.0,0.0,0.0,,False
4,DILUTE->DEEP,dolomite,0.0,0.0,0.0,,False
4,DILUTE->DEEP,halite,0.45,0.0,0.45,-100.0,False
4,DILUTE->DEEP,gypsum,0.05,0.0,0.05,-100.0,False
4,DILUTE->DEEP,CaNa_exch,-0.6,-0.44369505755630023,0.15630494244369975,-26.050823740616625,False
4,DILUTE->DEEP,albite,0.0,0.2182718761218313,0.2182718761218313,,True
4,DILUTE->DEEP,pyrite_oxidation_aerobic,0.0,0.0,0.0,,False
4,DEEP->DISCH,calcite,0.1,0.29111973584730216,0.19111973584730216,191.11973584730214,False
4,DEEP->DISCH,dolomite,0.05,0.0002826146650498936,0.04971738533495011,-99.43477066990022,False
4,DEEP->DISCH,halite,0.0,0.0,0.0,,False
4,DEEP->DISCH,gypsum,0.0,0.04236686320983869,0.04236686320983869,,False
4,DEEP->DISCH,CaNa_exch,0.0,0.0,0.0,,False
4,DEEP->DISCH,albite,0.0,0.0,0.0,,False
4,DEEP->DISCH,pyrite_oxidation_aerobic,0.0,0.0,0.0,,False
5,RCH->SH15,calcite,0.2,0.06113338205996497,0.13886661794003505,-69.43330897001752,False
5,RCH->SH15,dolomite,0.0,0.0,0.0,,False
5,RCH->SH15,halite,0.0,0.0,0.0,,False
5,RCH->SH15,gypsum,0.0,0.0,0.0,,False
5,RCH->SH15,CaNa_exch,0.0,0.07129768970348672,0.07129768970348672,,True
5,RCH->SH15,albite,0.0,0.0,0.0,,False
5,RCH->SH15,pyrite_oxidation_aerobic,0.0,0.0,0.0,,False
5,RCH->SH30,calcite,0.25,0.07736407334027164,0.17263592665972838,-69.05437066389135,False
5,RCH->SH30,dolomite,0.0,0.0,0.0,,False
5,RCH->SH30,halite,0.0,0.0,0.0,,False
5,RCH->SH30,gypsum,0.05,0.03325137607454555,0.016748623925454453,-33.497247850908906,False
5,RCH->SH30,CaNa_exch,0.0,0.11474347448623638,0.11474347448623638,,True
5,RCH->SH30,albite,0.0,0.0,0.0,,False
5,RCH->SH30,pyrite_oxidation_aerobic,0.0,0.0,0.0,,False
5,SH15->INT1,calcite,2.5,2.6232990930881903,0.12329909308819031,4.931963723527613,False
5,SH15->INT1,dolomite,0.2,0.05824736914961095,0.14175263085038906,-70.87631542519452,False
5,SH15->INT1,halite,0.0,0.0,0.0,,False
5,SH15->INT1,gypsum,0.0,0.0,0.0,,False
5,SH15->INT1,CaNa_exch,0.0,-0.10323688175552075,0.10323688175552075,,True
5,SH15->INT1,albite,0.0,0.014716418017306849,0.014716418017306849,,False
5,SH15->INT1,pyrite_oxidation_aerobic,0.0,0.002733448485700955,0.002733448485700955,,False
5,INT1->INT2,calcite,0.0,1.4925983756102645,1.4925983756102645,,True
5,INT1->INT2,dolomite,0.8,0.18313878727832344,0.6168612127216766,-77.10765159020957,False
5,INT1->INT2,halite,1.2,0.6844899096890668,0.5155100903109332,-42.95917419257777,False
5,INT1->INT2,gypsum,0.3,0.1829457184490307,0.11705428155096928,-39.0180938503231,False
5,INT1->INT2,CaNa_exch,0.0,-0.4388767482271386,0.4388767482271386,,True
5,INT1->INT2,albite,0.0,0.2063722746451023,0.2063722746451023,,True
5,INT1->INT2,pyrite_oxidation_aerobic,0.0,0.02386700295285425,0.02386700295285425,,False
5,INT2->MIX20,calcite,0.3,0.021768366577934958,0.27823163342206503,-92.743877807355,False
5,INT2->MIX20,dolomite,0.0,0.007025110425790127,0.007025110425790127,,False
5,INT2->MIX20,halite,0.0,0.0,0.0,,False
5,INT2->MIX20,gypsum,0.0,0.03806463687255201,0.03806463687255201,,False
5,INT2->MIX20,CaNa_exch,-0.15,-0.0905826773669478,0.05941732263305219,-39.611548422034794,False
5,INT2->MIX20,albite,0.0,0.17581135787649416,0.17581135787649416,,True
5,INT2->MIX20,pyrite_oxidation_aerobic,0.0,0.0,0.0,,False
5,MIX20->MIX40,calcite,0.0,0.08308388865350907,0.08308388865350907,,True
5,MIX20->MIX40,dolomite,0.0,0.008806139192592034,0.008806139192592034,,False
5,MIX20->MIX40,halite,0.35,0.05119949379608838,0.2988005062039116,-85.3715732011176,False
5,MIX20->MIX40,gypsum,0.0,0.025728255039227026,0.025728255039227026,,False
5,MIX20->MIX40,CaNa_exch,-0.25,-0.07934931931153179,0.17065068068846823,-68.2602722753873,False
5,MIX20->MIX40,albite,0.0,0.14588153308391832,0.14588153308391832,,True
5,MIX20->MIX40,pyrite_oxidation_aerobic,0.0,0.0,0.0,,False
5,MIX40->MIX60,calcite,0.0,0.3638551033100913,0.3638551033100913,,True
5,MIX40->MIX60,dolomite,0.3,0.055232745511581874,0.24476725448841813,-81.58908482947271,False
5,MIX40->MIX60,halite,0.0,0.0,0.0,,False
5,MIX40->MIX60,gypsum,0.1,0.18191432143741396,0.08191432143741395,81.91432143741395,False
5,MIX40->MIX60,CaNa_exch,-0.2,-0.18017629483940203,0.019823705160597976,-9.911852580298987,False
5,MIX40->MIX60,albite,0.0,0.11093624510294786,0.11093624510294786,,True
5,MIX40->MIX60,pyrite_oxidation_aerobic,0.0,0.0,0.0,,False
5,MIX60->DILUTE,calcite,0.1,0.0,0.1,-100.0,False
5,MIX60->DILUTE,dolomite,0.0,0.0,0.0,,False
5,MIX60->DILUTE,halite,0.0,0.0,0.0,,False
5,MIX60->DILUTE,gypsum,0.0,0.0,0.0,,False
5,MIX60->DILUTE,CaNa_exch,0.0,-0.10960221932442354,0.10960221932442354,,True
5,MIX60->DILUTE,albite,0.0,0.0,0.0,,False
5,MIX60->DILUTE,pyrite_oxidation_aerobic,0.0,0.0,0.0,,False
5,DILUTE->DEEP,calcite,0.0,0.0,0.0,,False
5,DILUTE->DEEP,dolomite,0.0,5.875607009579514e-05,5.875607009579514e-05,,False
5,DILUTE->DEEP,halite,0.45,0.0,0.45,-100.0,False
5,DILUTE->DEEP,gypsum,0.05,0.0,0.05,-100.0,False
5,DILUTE->DEEP,CaNa_exch,-0.6,-0.35617621128173804,0.24382378871826194,-40.63729811971032,False
5,DILUTE->DEEP,albite,0.0,0.36501345390027984,0.36501345390027984,,True
5,DILUTE->DEEP,pyrite_oxidation_aerobic,0.0,0.008170631101552153,0.008170631101552153,,False
5,DEEP->DISCH,calcite,0.1,0.13220389642622488,0.03220389642622487,32.20389642622487,False
5,DEEP->DISCH,dolomite,0.05,0.008658282173297269,0.041341717826702734,-82.68343565340547,False
5,DEEP->DISCH,halite,0.0,0.0,0.0,,False
5,DEEP->DISCH,gypsum,0.0,0.0002599624032913055,0.0002599624032913055,,False
5,DEEP->DISCH,CaNa_exch,0.0,0.035512860444633795,0.035512860444633795,,False
5,DEEP->DISCH,albite,0.0,0.0,0.0,,False
5,DEEP->DISCH,pyrite_oxidation_aerobic,0.0,0.0,0.0,,False
6,RCH->SH15,calcite,0.2,0.050111416171567086,0.14988858382843293,-74.94429191421645,False
6,RCH->SH15,dolomite,0.0,0.0,0.0,,False
6,RCH->SH15,halite,0.0,0.0,0.0,,False
6,RCH->SH15,gypsum,0.0,0.0,0.0,,False
6,RCH->SH15,CaNa_exch,0.0,0.08957259393575297,0.08957259393575297,,True
6,RCH->SH15,albite,0.0,0.0,0.0,,False
6,RCH->SH15,pyrite_oxidation_aerobic,0.0,0.0,0.0,,False
6,RCH->SH30,calcite,0.25,0.10663600343871417,0.14336399656128584,-57.34559862451434,False
6,RCH->SH30,dolomite,0.0,0.0,0.0,,False
6,RCH->SH30,halite,0.0,0.0,0.0,,False
6,RCH->SH30,gypsum,0.05,0.07599403342052886,0.02599403342052886,51.98806684105772,False
6,RCH->SH30,CaNa_exch,0.0,0.16502441397650183,0.16502441397650183,,True
6,RCH->SH30,albite,0.0,0.0,0.0,,False
6,RCH->SH30,pyrite_oxidation_aerobic,0.0,0.0,0.0,,False
6,SH15->INT1,calcite,2.5,0.43015503295417024,2.06984496704583,-82.7937986818332,False
6,SH15->INT1,dolomite,0.2,0.0,0.2,-100.0,False
6,SH15->INT1,halite,0.0,0.0,0.0,,False
6,SH15->INT1,gypsum,0.0,0.0,0.0,,False
6,SH15->INT1,CaNa_exch,0.0,1.1775482661720793,1.1775482661720793,,True
6,SH15->INT1,albite,0.0,0.0,0.0,,False
6,SH15->INT1,pyrite_oxidation_aerobic,0.0,0.0,0.0,,False
6,INT1->INT2,calcite,0.0,1.104135009878436,1.104135009878436,,True
6,INT1->INT2,dolomite,0.8,0.24279070685753618,0.5572092931424639,-69.65116164280798,False
6,INT1->INT2,halite,1.2,1.0839948481363635,0.11600515186363647,-9.667095988636374,False
6,INT1->INT2,gypsum,0.3,0.2121117147187722,0.0878882852812278,-29.2960950937426,False
6,INT1->INT2,CaNa_exch,0.0,-0.6352909998421596,0.6352909998421596,,True
6,INT1->INT2,albite,0.0,0.3896135418984169,0.3896135418984169,,True
6,INT1->INT2,pyrite_oxidation_aerobic,0.0,0.027729360489309796,0.027729360489309796,,False
6,INT2->MIX20,calcite,0.3,0.0,0.3,-100.0,False
6,INT2->MIX20,dolomite,0.0,0.0,0.0,,False
6,INT2->MIX20,halite,0.0,0.0,0.0,,False
6,INT2->MIX20,gypsum,0.0,0.06742084146866847,0.06742084146866847,,True
6,INT2->MIX20,CaNa_exch,-0.15,-0.03426127853488075,0.11573872146511924,-77.15914764341284,False
6,INT2->MIX20,albite,0.0,0.0,0.0,,False
6,INT2->MIX20,pyrite_oxidation_aerobic,0.0,0.0,0.0,,False
6,MIX20->MIX40,calcite,0.0,0.035051015391595504,0.035051015391595504,,False
6,MIX20->MIX40,dolomite,0.0,0.00031722247343108354,0.00031722247343108354,,False
6,MIX20->MIX40,halite,0.35,0.10175468435415992,0.24824531564584007,-70.9272330416686,False
6,MIX20->MIX40,gypsum,0.0,5.988499390301687e-05,5.988499390301687e-05,,False
6,MIX20->MIX40,CaNa_exch,-0.25,-0.09535878535665747,0.15464121464334252,-61.856485857337006,False
6,MIX20->MIX40,albite,0.0,0.23693949083990698,0.23693949083990698,,True
6,MIX20->MIX40,pyrite_oxidation_aerobic,0.0,0.0095799108865166,0.0095799108865166,,False
6,MIX40->MIX60,calcite,0.0,0.13325336566166945,0.13325336566166945,,True
6,MIX40->MIX60,dolomite,0.3,0.08783863978412317,0.21216136021587684,-70.72045340529228,False
6,MIX40->MIX60,halite,0.0,0.0,0.0,,False
6,MIX40->MIX60,gypsum,0.1,0.022969927712590883,0.07703007228740913,-77.03007228740913,False
6,MIX40->MIX60,CaNa_exch,-0.2,-0.20478873309700749,0.004788733097007475,2.3943665485037373,False
6,MIX40->MIX60,albite,0.0,0.1052130001558486,0.1052130001558486,,True
6,MIX40->MIX60,pyrite_oxidation_aerobic,0.0,0.01749436016719838,0.01749436016719838,,False
6,MIX60->DILUTE,calcite,0.1,0.09404152987514061,0.005958470124859394,-5.958470124859394,False
6,MIX60->DILUTE,dolomite,0.0,0.003664395850208374,0.003664395850208374,,False
6,MIX60->DILUTE,halite,0.0,0.0,0.0,,False
6,MIX60->DILUTE,gypsum,0.0,0.0463218568530035,0.0463218568530035,,False
6,MIX60->DILUTE,CaNa_exch,0.0,0.04368747405596936,0.04368747405596936,,False
6,MIX60->DILUTE,albite,0.0,0.0,0.0,,False
6,MIX60->DILUTE,pyrite_oxidation_aerobic,0.0,0.0,0.0,,False
6,DILUTE->DEEP,calcite,0.0,0.0,0.0,,False
6,DILUTE->DEEP,dolomite,0.0,0.0,0.0,,False
6,DILUTE->DEEP,halite,0.45,0.45919320782551165,0.00919320782551164,2.04293507233592,False
6,DILUTE->DEEP,gypsum,0.05,0.0071794622957091865,0.04282053770429082,-85.64107540858163,False
6,DILUTE->DEEP,CaNa_exch,-0.6,-0.6483329273753261,0.04833292737532613,8.055487895887689,False
6,DILUTE->DEEP,albite,0.0,0.0,0.0,,False
6,DILUTE->DEEP,pyrite_oxidation_aerobic,0.0,0.022622699988265813,0.022622699988265813,,False
6,DEEP->DISCH,calcite,0.1,0.1789558793350311,0.07895587933503109,78.95587933503109,False
6,DEEP->DISCH,dolomite,0.05,0.0,0.05,-100.0,False
6,DEEP->DISCH,halite,0.0,0.1777742615004194,0.1777742615004194,,True
6,DEEP->DISCH,gypsum,0.0,0.0,0.0,,False
6,DEEP->DISCH,CaNa_exch,0.0,0.0860839186583959,0.0860839186583959,,True
6,DEEP->DISCH,albite,0.0,0.0,0.0,,False
6,DEEP->DISCH,pyrite_oxidation_aerobic,0.0,0.0,0.0,,False
7,RCH->SH15,calcite,0.2,0.05502271031388687,0.14497728968611315,-72.48864484305656,False
7,RCH->SH15,dolomite,0.0,0.0,0.0,,False
7,RCH->SH15,halite,0.0,0.0,0.0,,False
7,RCH->SH15,gypsum,0.0,0.0,0.0,,False
7,RCH->SH15,CaNa_exch,0.0,0.08749917066127223,0.08749917066127223,,True
7,RCH->SH15,albite,0.0,0.0,0.0,,False
7,RCH->SH15,pyrite_oxidation_aerobic,0.0,0.0,0.0,,False
7,RCH->SH30,calcite,0.25,0.1036592669334415,0.14634073306655848,-58.53629322662339,False
7,RCH->SH30,dolomite,0.0,0.0,0.0,,False
7,RCH->SH30,halite,0.0,0.0,0.0,,False
7,RCH->SH30,gypsum,0.05,0.0,0.05,-100.0,False
7,RCH->SH30,CaNa_exch,0.0,0.14799420417199888,0.14799420417199888,,True
7,RCH->SH30,albite,0.0,0.0,0.0,,False
7,RCH->SH30,pyrite_oxidation_aerobic,0.0,0.0011900576210338997,0.0011900576210338997,,False
7,SH15->INT1,calcite,2.5,2.7754316037395044,0.27543160373950437,11.017264149580175,False
7,SH15->INT1,dolomite,0.2,0.05248197813517132,0.1475180218648287,-73.75901093241436,False
7,SH15->INT1,halite,0.0,0.0,0.0,,False
7,SH15->INT1,gypsum,0.0,0.0,0.0,,False
7,SH15->INT1,CaNa_exch,0.0,-0.08013366226784562,0.08013366226784562,,True
7,SH15->INT1,albite,0.0,0.01262054271834693,0.01262054271834693,,False
7,SH15->INT1,pyrite_oxidation_aerobic,0.0,0.0,0.0,,False
7,INT1->INT2,calcite,0.0,1.4816079503619395,1.4816079503619395,,True
7,INT1->INT2,dolomite,0.8,0.17981540368914622,0.6201845963108539,-77.52307453885673,False
7,INT1->INT2,halite,1.2,0.6540463154234257,0.5459536845765742,-45.49614038138119,False
7,INT1->INT2,gypsum,0.3,0.2926628954345177,0.007337104565482311,-2.445701521827437,False
7,INT1->INT2,CaNa_exch,0.0,-0.4406593366693999,0.4406593366693999,,True
7,INT1->INT2,albite,0.0,0.22496441093607134,0.22496441093607134,,True
7,INT1->INT2,pyrite_oxidation_aerobic,0.0,0.0,0.0,,False
7,INT2->MIX20,calcite,0.3,0.12624563659655894,0.17375436340344105,-57.91812113448035,False
7,INT2->MIX20,dolomite,0.0,0.0032469522297887336,0.0032469522297887336,,False
7,INT2->MIX20,halite,0.0,0.00817222257263806,0.00817222257263806,,False
7,INT2->MIX20,gypsum,0.0,0.07446311218033613,0.07446311218033613,,True
7,INT2->MIX20,CaNa_exch,-0.15,-0.05165609628791537,0.09834390371208462,-65.56260247472308,False
7,INT2->MIX20,albite,0.0,0.07729740009704773,0.07729740009704773,,True
7,INT2->MIX20,pyrite_oxidation_aerobic,0.0,0.0,0.0,,False
7,MIX20->MIX40,calcite,0.0,0.03841044235631781,0.03841044235631781,,False
7,MIX20->MIX40,dolomite,0.0,0.03333776525891808,0.03333776525891808,,False
7,MIX20->MIX40,halite,0.35,0.2059599367319887,0.14404006326801128,-41.15430379086037,False
7,MIX20->MIX40,gypsum,0.0,0.0,0.0,,False
7,MIX20->MIX40,CaNa_exch,-0.25,-0.16142963462623508,0.08857036537376492,-35.42814614950597,False
7,MIX20->MIX40,albite,0.0,0.25355411646351167,0.25355411646351167,,True
7,MIX20->MIX40,pyrite_oxidation_aerobic,0.0,0.0,0.0,,False
7,MIX40->MIX60,calcite,0.0,0.2855778658215797,0.2855778658215797,,True
7,MIX40->MIX60,dolomite,0.3,0.09570354987554977,0.20429645012445022,-68.09881670815008,False
7,MIX40->MIX60,halite,0.0,0.0,0.0,,False
7,MIX40->MIX60,gypsum,0.1,0.04260644791133474,0.05739355208866526,-57.39355208866526,False
7,MIX40->MIX60,CaNa_exch,-0.2,-0.22849928723669485,0.028499287236694842,14.24964361834742,False
7,MIX40->MIX60,albite,0.0,0.11927904104472035,0.11927904104472035,,True
7,MIX40->MIX60,pyrite_oxidation_aerobic,0.0,0.015550285885293162,0.015550285885293162,,False
7,MIX60->DILUTE,calcite,0.1,0.0026245460328679767,0.09737545396713203,-97.37545396713203,False
7,MIX60->DILUTE,dolomite,0.0,0.0,0.0,,False
7,MIX60->DILUTE,halite,0.0,0.0,0.0,,False
7,MIX60->DILUTE,gypsum,0.0,0.0,0.0,,False
7,MIX60->DILUTE,CaNa_exch,0.0,0.052958076789881764,0.052958076789881764,,True
7,MIX60->DILUTE,albite,0.0,0.0,0.0,,False
7,MIX60->DILUTE,pyrite_oxidation_aerobic,0.0,0.0010679086662856937,0.0010679086662856937,,False
7,DILUTE->DEEP,calcite,0.0,0.000536324054489259,0.000536324054489259,,False
7,DILUTE->DEEP,dolomite,0.0,0.005813119328315906,0.005813119328315906,,False
7,DILUTE->DEEP,halite,0.45,0.484680175173904,0.03468017517390398,7.706705594200884,False
7,DILUTE->DEEP,gypsum,0.05,0.12154814505572169,0.07154814505572168,143.09629011144335,False
7,DILUTE->DEEP,CaNa_exch,-0.6,-0.6352153390447721,0.03521533904477214,5.869223174128691,False
7,DILUTE->DEEP,albite,0.0,0.15173109421507774,0.15173109421507774,,True
7,DILUTE->DEEP,pyrite_oxidation_aerobic,0.0,0.0,0.0,,False
7,DEEP->DISCH,calcite,0.1,0.0,0.1,-100.0,False
7,DEEP->DISCH,dolomite,0.05,0.0,0.05,-100.0,False
7,DEEP->DISCH,halite,0.0,0.02964157064949351,0.02964157064949351,,False
7,DEEP->DISCH,gypsum,0.0,0.0,0.0,,False
7,DEEP->DISCH,CaNa_exch,0.0,0.07503770848960496,0.07503770848960496,,True
7,DEEP->DISCH,albite,0.0,0.0,0.0,,False
7,DEEP->DISCH,pyrite_oxidation_aerobic,0.0,0.0,0.0,,False
8,RCH->SH15,calcite,0.2,0.03872154897553026,0.16127845102446975,-80.63922551223487,False
8,RCH->SH15,dolomite,0.0,0.005661526239597924,0.005661526239597924,,False
8,RCH->SH15,halite,0.0,0.0,0.0,,False
8,RCH->SH15,gypsum,0.0,0.0,0.0,,False
8,RCH->SH15,CaNa_exch,0.0,0.016069487132613205,0.016069487132613205,,False
8,RCH->SH15,albite,0.0,0.0,0.0,,False
8,RCH->SH15,pyrite_oxidation_aerobic,0.0,0.0,0.0,,False
8,RCH->SH30,calcite,0.25,0.06825664569029344,0.18174335430970656,-72.69734172388263,False
8,RCH->SH30,dolomite,0.0,0.0,0.0,,False
8,RCH->SH30,halite,0.0,0.0,0.0,,False
8,RCH->SH30,gypsum,0.05,0.01375613130715691,0.036243868692843094,-72.48773738568619,False
8,RCH->SH30,CaNa_exch,0.0,0.03958321764352335,0.03958321764352335,,False
8,RCH->SH30,albite,0.0,0.0,0.0,,False
8,RCH->SH30,pyrite_oxidation_aerobic,0.0,0.005865115097375095,0.005865115097375095,,False
8,SH15->INT1,calcite,2.5,2.686935733539543,0.18693573353954296,7.477429341581718,False
8,SH15->INT1,dolomite,0.2,0.04876839632053189,0.1512316036794681,-75.61580183973405,False
8,SH15->INT1,halite,0.0,0.0,0.0,,False
8,SH15->INT1,gypsum,0.0,0.04800544228617846,0.04800544228617846,,False
8,SH15->INT1,CaNa_exch,0.0,-0.10923765367021326,0.10923765367021326,,True
8,SH15->INT1,albite,0.0,0.029633848582499768,0.029633848582499768,,False
8,SH15->INT1,pyrite_oxidation_aerobic,0.0,0.0,0.0,,False
8,INT1->INT2,calcite,0.0,1.0625577152623529,1.0625577152623529,,True
8,INT1->INT2,dolomite,0.8,0.19677768121101152,0.6032223187889885,-75.40278984862356,False
8,INT1->INT2,halite,1.2,1.246362562257192,0.04636256225719215,3.863546854766013,False
8,INT1->INT2,gypsum,0.3,0.19786187950463283,0.10213812049536716,-34.04604016512239,False
8,INT1->INT2,CaNa_exch,0.0,-0.4836593132455972,0.4836593132455972,,True
8,INT1->INT2,albite,0.0,0.22471787068593702,0.22471787068593702,,True
8,INT1->INT2,pyrite_oxidation_aerobic,0.0,0.039191932508529106,0.039191932508529106,,False
8,INT2->MIX20,calcite,0.3,0.0,0.3,-100.0,False
8,INT2->MIX20,dolomite,0.0,0.002864944449261841,0.002864944449261841,,False
8,INT2->MIX20,halite,0.0,0.0,0.0,,False
8,INT2->MIX20,gypsum,0.0,0.0,0.0,,False
8,INT2->MIX20,CaNa_exch,-0.15,-0.10324912843483613,0.04675087156516386,-31.16724771010924,False
8,INT2->MIX20,albite,0.0,0.21267028012883502,0.21267028012883502,,True
8,INT2->MIX20,pyrite_oxidation_aerobic,0.0,0.0,0.0,,False
8,MIX20->MIX40,calcite,0.0,0.31492291263275224,0.31492291263275224,,True
8,MIX20->MIX40,dolomite,0.0,0.020268796672387776,0.020268796672387776,,False
8,MIX20->MIX40,halite,0.35,0.24720201206676673,0.10279798793323325,-29.3708536952095,False
8,MIX20->MIX40,gypsum,0.0,0.03642300817979237,0.03642300817979237,,False
8,MIX20->MIX40,CaNa_exch,-0.25,-0.12780792460123608,0.12219207539876392,-48.876830159505566,False
8,MIX20->MIX40,albite,0.0,0.21009872154385606,0.21009872154385606,,True
8,MIX20->MIX40,pyrite_oxidation_aerobic,0.0,0.0,0.0,,False
8,MIX40->MIX60,calcite,0.0,0.02020109369918307,0.02020109369918307,,False
8,MIX40->MIX60,dolomite,0.3,0.10033972788336182,0.19966027211663817,-66.5534240388794,False
8,MIX40->MIX60,halite,0.0,0.0,0.0,,False
8,MIX40->MIX60,gypsum,0.1,0.08609449921858837,0.013905500781411631,-13.90550078141163,False
8,MIX40->MIX60,CaNa_exch,-0.2,-0.26593279812331566,0.06593279812331565,32.96639906165782,False
8,MIX40->MIX60,albite,0.0,0.1702559635333569,0.1702559635333569,,True
8,MIX40->MIX60,pyrite_oxidation_aerobic,0.0,0.0,0.0,,False
8,MIX60->DILUTE,calcite,0.1,0.0,0.1,-100.0,False
8,MIX60->DILUTE,dolomite,0.0,0.0,0.0,,False
8,MIX60->DILUTE,halite,0.0,0.0,0.0,,False
8,MIX60->DILUTE,gypsum,0.0,0.0,0.0,,False
8,MIX60->DILUTE,CaNa_exch,0.0,0.11266005542599795,0.11266005542599795,,True
8,MIX60->DILUTE,albite,0.0,0.0,0.0,,False
8,MIX60->DILUTE,pyrite_oxidation_aerobic,0.0,0.002305046513028998,0.002305046513028998,,False
8,DILUTE->DEEP,calcite,0.0,0.0,0.0,,False
8,DILUTE->DEEP,dolomite,0.0,0.008162489933884883,0.008162489933884883,,False
8,DILUTE->DEEP,halite,0.45,0.3501362819667762,0.0998637180332238,-22.191937340716404,False
8,DILUTE->DEEP,gypsum,0.05,0.050680560608012744,0.000680560608012741,1.361121216025482,False
8,DILUTE->DEEP,CaNa_exch,-0.6,-0.5235138733044923,0.0764861266955077,-12.747687782584617,False
8,DILUTE->DEEP,albite,0.0,0.3096445118608084,0.3096445118608084,,True
8,DILUTE->DEEP,pyrite_oxidation_aerobic,0.0,0.005656731274136773,0.005656731274136773,,False
8,DEEP->DISCH,calcite,0.1,0.0,0.1,-100.0,False
8,DEEP->DISCH,dolomite,0.05,0.0,0.05,-100.0,False
8,DEEP->DISCH,halite,0.0,0.05480921553029534,0.05480921553029534,,True
8,DEEP->DISCH,gypsum,0.0,0.008862388739129909,0.008862388739129909,,False
8,DEEP->DISCH,CaNa_exch,0.0,0.033699254380640135,0.033699254380640135,,False
8,DEEP->DISCH,albite,0.0,0.0,0.0,,False
8,DEEP->DISCH,pyrite_oxidation_aerobic,0.0,0.0,0.0,,False
9,RCH->SH15,calcite,0.2,0.0,0.2,-100.0,False
9,RCH->SH15,dolomite,0.0,0.0,0.0,,False
9,RCH->SH15,halite,0.0,0.0,0.0,,False
9,RCH->SH15,gypsum,0.0,0.0,0.0,,False
9,RCH->SH15,CaNa_exch,0.0,0.07369594981493767,0.07369594981493767,,True
9,RCH->SH15,albite,0.0,0.0,0.0,,False
9,RCH->SH15,pyrite_oxidation_aerobic,0.0,0.0,0.0,,False
9,RCH->SH30,calcite,0.25,0.07059873393325206,0.17940126606674794,-71.76050642669918,False
9,RCH->SH30,dolomite,0.0,0.0,0.0,,False
9,RCH->SH30,halite,0.0,0.0,0.0,,False
9,RCH->SH30,gypsum,0.05,0.03508232566469747,0.014917674335302535,-29.835348670605068,False
9,RCH->SH30,CaNa_exch,0.0,0.14733141754706308,0.14733141754706308,,True
9,RCH->SH30,albite,0.0,0.0,0.0,,False
9,RCH->SH30,pyrite_oxidation_aerobic,0.0,0.0,0.0,,False
9,SH15->INT1,calcite,2.5,2.709348744449157,0.20934874444915685,8.373949777966274,False
9,SH15->INT1,dolomite,0.2,0.055004755127560936,0.1449952448724391,-72.49762243621954,False
9,SH15->INT1,halite,0.0,0.0,0.0,,False
9,SH15->INT1,gypsum,0.0,0.003417618569138875,0.003417618569138875,,False
9,SH15->INT1,CaNa_exch,0.0,-0.08718942004386313,0.08718942004386313,,True
9,SH15->INT1,albite,0.0,0.02813029394240239,0.02813029394240239,,False
9,SH15->INT1,pyrite_oxidation_aerobic,0.0,0.0,0.0,,False
9,INT1->INT2,calcite,0.0,1.5058271475784895,1.5058271475784895,,True
9,INT1->INT2,dolomite,0.8,0.14127161897376841,0.6587283810262317,-82.34104762827894,False
9,INT1->INT2,halite,1.2,0.7039297406989418,0.4960702593010582,-41.33918827508818,False
9,INT1->INT2,gypsum,0.3,0.43176626672339513,0.13176626672339514,43.92208890779838,False
9,INT1->INT2,CaNa_exch,0.0,-0.2916890608553051,0.2916890608553051,,True
9,INT1->INT2,albite,0.0,0.133555659807198,0.133555659807198,,True
9,INT1->INT2,pyrite_oxidation_aerobic,0.0,0.0,0.0,,False
9,INT2->MIX20,calcite,0.3,0.0,0.3,-100.0,False
9,INT2->MIX20,dolomite,0.0,0.0,0.0,,False
9,INT2->MIX20,halite,0.0,0.23065315464346714,0.23065315464346714,,True
9,INT2->MIX20,gypsum,0.0,0.0,0.0,,False
9,INT2->MIX20,CaNa_exch,-0.15,-0.3879778004219352,0.2379778004219352,158.6518669479568,False
9,INT2->MIX20,albite,0.0,0.0,0.0,,False
9,INT2->MIX20,pyrite_oxidation_aerobic,0.0,0.01637214816671907,0.01637214816671907,,False
9,MIX20->MIX40,calcite,0.0,0.15414045224146586,0.15414045224146586,,True
9,MIX20->MIX40,dolomite,0.0,0.025869975788630928,0.025869975788630928,,False
9,MIX20->MIX40,halite,0.35,0.21730790794347163,0.13269209205652835,-37.91202630186525,False
9,MIX20->MIX40,gypsum,0.0,0.0,0.0,,False
9,MIX20->MIX40,CaNa_exch,-0.25,-0.0700501337404513,0.1799498662595487,-71.97994650381948,False
9,MIX20->MIX40,albite,0.0,0.058710449335970465,0.058710449335970465,,True
9,MIX20->MIX40,pyrite_oxidation_aerobic,0.0,0.0,0.0,,False
9,MIX40->MIX60,calcite,0.0,0.15972077050941574,0.15972077050941574,,True
9,MIX40->MIX60,dolomite,0.3,0.07483135970172276,0.2251686402982772,-75.05621343275908,False
9,MIX40->MIX60,halite,0.0,0.0,0.0,,False
9,MIX40->MIX60,gypsum,0.1,0.1498681682147264,0.049868168214726394,49.86816821472639,False
9,MIX40->MIX60,CaNa_exch,-0.2,-0.27161753132039396,0.07161753132039395,35.80876566019697,False
9,MIX40->MIX60,albite,0.0,0.2673686147901796,0.2673686147901796,,True
9,MIX40->MIX60,pyrite_oxidation_aerobic,0.0,0.0,0.0,,False
9,MIX60->DILUTE,calcite,0.1,0.0,0.1,-100.0,False
9,MIX60->DILUTE,dolomite,0.0,0.0,0.0,,False
9,MIX60->DILUTE,halite,0.0,0.0,0.0,,False
9,MIX60->DILUTE,gypsum,0.0,0.0,0.0,,False
9,MIX60->DILUTE,CaNa_exch,0.0,0.00425395716228349,0.00425395716228349,,False
9,MIX60->DILUTE,albite,0.0,0.0,0.0,,False
9,MIX60->DILUTE,pyrite_oxidation_aerobic,0.0,0.007931847960662094,0.007931847960662094,,False
9,DILUTE->DEEP,calcite,0.0,0.0,0.0,,False
9,DILUTE->DEEP,dolomite,0.0,0.0,0.0,,False
9,DILUTE->DEEP,halite,0.45,0.4522476827541561,0.0022476827541560995,0.4994850564791332,False
9,DILUTE->DEEP,gypsum,0.05,0.12603158261267045,0.07603158261267044,152.06316522534087,False
9,DILUTE->DEEP,CaNa_exch,-0.6,-0.5665960347075171,0.03340396529248291,-5.567327548747151,False
9,DILUTE->DEEP,albite,0.0,0.0,0.0,,False
9,DILUTE->DEEP,pyrite_oxidation_aerobic,0.0,0.0,0.0,,False
9,DEEP->DISCH,calcite,0.1,0.0,0.1,-100.0,False
9,DEEP->DISCH,dolomite,0.05,0.0,0.05,-100.0,False
9,DEEP->DISCH,halite,0.0,0.049888288417437095,0.049888288417437095,,False
9,DEEP->DISCH,gypsum,0.0,0.0,0.0,,False
9,DEEP->DISCH,CaNa_exch,0.0,0.07749004355863709,0.07749004355863709,,True
9,DEEP->DISCH,albite,0.0,0.0,0.0,,False
9,DEEP->DISCH,pyrite_oxidation_aerobic,0.0,0.0,0.0,,False
10,RCH->SH15,calcite,0.2,0.0,0.2,-100.0,False
10,RCH->SH15,dolomite,0.0,0.0,0.0,,False
10,RCH->SH15,halite,0.0,0.0,0.0,,False
10,RCH->SH15,gypsum,0.0,0.0,0.0,,False
10,RCH->SH15,CaNa_exch,0.0,0.08466475443293273,0.08466475443293273,,True
10,RCH->SH15,albite,0.0,0.0,0.0,,False
10,RCH->SH15,pyrite_oxidation_aerobic,0.0,0.0,0.0,,False
10,RCH->SH30,calcite,0.25,0.632334314238928,0.38233431423892805,152.9337256955712,False
10,RCH->SH30,dolomite,0.0,0.03554057088681489,0.03554057088681489,,False
10,RCH->SH30,halite,0.0,0.0,0.0,,False
10,RCH->SH30,gypsum,0.05,0.04367209600176292,0.006327903998237086,-12.65580799647417,False
10,RCH->SH30,CaNa_exch,0.0,-0.08380334542241194,0.08380334542241194,,True
10,RCH->SH30,albite,0.0,0.027739798632787235,0.027739798632787235,,False
10,RCH->SH30,pyrite_oxidation_aerobic,0.0,0.015213458933602148,0.015213458933602148,,False
10,SH15->INT1,calcite,2.5,2.7023221077198523,0.20232210771985226,8.09288430879409,False
10,SH15->INT1,dolomite,0.2,0.03799972775969481,0.1620002722403052,-81.0001361201526,False
10,SH15->INT1,halite,0.0,0.007283183531086703,0.007283183531086703,,False
10,SH15->INT1,gypsum,0.0,0.06344178927649201,0.06344178927649201,,True
10,SH15->INT1,CaNa_exch,0.0,-0.031795008970900616,0.031795008970900616,,False
10,SH15->INT1,albite,0.0,0.005441920498811057,0.005441920498811057,,False
10,SH15->INT1,pyrite_oxidation_aerobic,0.0,0.0,0.0,,False
10,INT1->INT2,calcite,0.0,1.07604343010999,1.07604343010999,,True
10,INT1->INT2,dolomite,0.8,0.20630098777516556,0.5936990122248345,-74.2123765281043,False
10,INT1->INT2,halite,1.2,1.1570732718360677,0.04292672816393228,-3.577227346994357,False
10,INT1->INT2,gypsum,0.3,0.24035698642238834,0.05964301357761165,-19.881004525870548,False
10,INT1->INT2,CaNa_exch,0.0,-0.5263556222674428,0.5263556222674428,,True
10,INT1->INT2,albite,0.0,0.2673562090862966,0.2673562090862966,,True
10,INT1->INT2,pyrite_oxidation_aerobic,0.0,0.04543626781824418,0.04543626781824418,,False
10,INT2->MIX20,calcite,0.3,0.06489936263921536,0.23510063736078463,-78.36687912026154,False
10,INT2->MIX20,dolomite,0.0,0.0,0.0,,False
10,INT2->MIX20,halite,0.0,0.014453243241250547,0.014453243241250547,,False
10,INT2->MIX20,gypsum,0.0,0.1145383435304477,0.1145383435304477,,True
10,INT2->MIX20,CaNa_exch,-0.15,0.060993136485596317,0.2109931364855963,-140.66209099039753,False
10,INT2->MIX20,albite,0.0,0.0,0.0,,False
10,INT2->MIX20,pyrite_oxidation_aerobic,0.0,0.0,0.0,,False
10,MIX20->MIX40,calcite,0.0,0.1077446227053222,0.1077446227053222,,True
10,MIX20->MIX40,dolomite,0.0,0.015796432514289763,0.015796432514289763,,False
10,MIX20->MIX40,halite,0.35,0.18564770872403297,0.164352291275967,-46.95779750741915,False
10,MIX20->MIX40,gypsum,0.0,0.0,0.0,,False
10,MIX20->MIX40,CaNa_exch,-0.25,-0.11477766263300632,0.13522233736699368,-54.08893494679747,False
10,MIX20->MIX40,albite,0.0,0.2158601927246319,0.2158601927246319,,True
10,MIX20->MIX40,pyrite_oxidation_aerobic,0.0,0.0,0.0,,False
10,MIX40->MIX60,calcite,0.0,0.38590462107500156,0.38590462107500156,,True
10,MIX40->MIX60,dolomite,0.3,0.09965746778780779,0.2003425322121922,-66.78084407073074,False
10,MIX40->MIX60,halite,0.0,0.0,0.0,,False
10,MIX40->MIX60,gypsum,0.1,0.08267171644487228,0.01732828355512772,-17.32828355512772,False
10,MIX40->MIX60,CaNa_exch,-0.2,-0.2886499699344387,0.08864996993443869,44.32498496721934,False
10,MIX40->MIX60,albite,0.0,0.23183047639124027,0.23183047639124027,,True
10,MIX40->MIX60,pyrite_oxidation_aerobic,0.0,0.0,0.0,,False
10,MIX60->DILUTE,calcite,0.1,0.0340808369781349,0.0659191630218651,-65.91916302186509,False
10,MIX60->DILUTE,dolomite,0.0,0.0032254289871965105,0.0032254289871965105,,False
10,MIX60->DILUTE,halite,0.0,0.0,0.0,,False
10,MIX60->DILUTE,gypsum,0.0,0.0,0.0,,False
10,MIX60->DILUTE,CaNa_exch,0.0,0.05431092915234392,0.05431092915234392,,True
10,MIX60->DILUTE,albite,0.0,0.0,0.0,,False
10,MIX60->DILUTE,pyrite_oxidation_aerobic,0.0,0.00578371112836296,0.00578371112836296,,False
10,DILUTE->DEEP,calcite,0.0,0.0,0.0,,False
10,DILUTE->DEEP,dolomite,0.0,0.008939572329076656,0.008939572329076656,,False
10,DILUTE->DEEP,halite,0.45,0.0,0.45,-100.0,False
10,DILUTE->DEEP,gypsum,0.05,0.0,0.05,-100.0,False
10,DILUTE->DEEP,CaNa_exch,-0.6,-0.42586328427176195,0.17413671572823802,-29.022785954706336,False
10,DILUTE->DEEP,albite,0.0,0.24951169974296078,0.24951169974296078,,True
10,DILUTE->DEEP,pyrite_oxidation_aerobic,0.0,0.0,0.0,,False
10,DEEP->DISCH,calcite,0.1,0.0,0.1,-100.0,False
10,DEEP->DISCH,dolomite,0.05,0.0,0.05,-100.0,False
10,DEEP->DISCH,halite,0.0,0.0,0.0,,False
10,DEEP->DISCH,gypsum,0.0,0.0,0.0,,False
10,DEEP->DISCH,CaNa_exch,0.0,0.04633542423198318,0.04633542423198318,,False
10,DEEP->DISCH,albite,0.0,0.0,0.0,,False
10,DEEP->DISCH,pyrite_oxidation_aerobic,0.0,0.0,0.0,,False
11,RCH->SH15,calcite,0.2,0.0,0.2,-100.0,False
11,RCH->SH15,dolomite,0.0,0.0,0.0,,False
11,RCH->SH15,halite,0.0,0.0,0.0,,False
11,RCH->SH15,gypsum,0.0,0.0,0.0,,False
11,RCH->SH15,CaNa_exch,0.0,0.06764903903634134,0.06764903903634134,,True
11,RCH->SH15,albite,0.0,0.0,0.0,,False
11,RCH->SH15,pyrite_oxidation_aerobic,0.0,0.0,0.0,,False
11,RCH->SH30,calcite,0.25,0.00674918524174683,0.24325081475825316,-97.30032590330127,False
11,RCH->SH30,dolomite,0.0,0.0,0.0,,False
11,RCH->SH30,halite,0.0,0.0,0.0,,False
11,RCH->SH30,gypsum,0.05,0.0,0.05,-100.0,False
11,RCH->SH30,CaNa_exch,0.0,0.10088452300368594,0.10088452300368594,,True
11,RCH->SH30,albite,0.0,0.0,0.0,,False
11,RCH->SH30,pyrite_oxidation_aerobic,0.0,0.0,0.0,,False
11,SH15->INT1,calcite,2.5,2.7477623569279572,0.24776235692795723,9.91049427711829,False
11,SH15->INT1,dolomite,0.2,0.054392833706771754,0.14560716629322826,-72.80358314661413,False
11,SH15->INT1,halite,0.0,0.0,0.0,,False
11,SH15->INT1,gypsum,0.0,0.02872101367005033,0.02872101367005033,,False
11,SH15->INT1,CaNa_exch,0.0,-0.12807150084050598,0.12807150084050598,,True
11,SH15->INT1,albite,0.0,0.06105071399634311,0.06105071399634311,,True
11,SH15->INT1,pyrite_oxidation_aerobic,0.0,0.0,0.0,,False
11,INT1->INT2,calcite,0.0,1.1507533527249831,1.1507533527249831,,True
11,INT1->INT2,dolomite,0.8,0.2027127607545737,0.5972872392454264,-74.6609049056783,False
11,INT1->INT2,halite,1.2,1.3094988203157711,0.10949882031577118,9.124901692980933,False
11,INT1->INT2,gypsum,0.3,0.2358102424551179,0.0641897575448821,-21.396585848294034,False
11,INT1->INT2,CaNa_exch,0.0,-0.47217402234506767,0.47217402234506767,,True
11,INT1->INT2,albite,0.0,0.22779684579764836,0.22779684579764836,,True
11,INT1->INT2,pyrite_oxidation_aerobic,0.0,0.022741930695635147,0.022741930695635147,,False
11,INT2->MIX20,calcite,0.3,0.07889648425934098,0.221103515740659,-73.70117191355301,False
11,INT2->MIX20,dolomite,0.0,0.00329919564236514,0.00329919564236514,,False
11,INT2->MIX20,halite,0.0,0.009705690778905542,0.009705690778905542,,False
11,INT2->MIX20,gypsum,0.0,0.06935996825981412,0.06935996825981412,,True
11,INT2->MIX20,CaNa_exch,-0.15,-0.027973896882770567,0.12202610311722943,-81.35073541148628,False
11,INT2->MIX20,albite,0.0,0.020408381749603646,0.020408381749603646,,False
11,INT2->MIX20,pyrite_oxidation_aerobic,0.0,0.0,0.0,,False
11,MIX20->MIX40,calcite,0.0,0.17114555283944197,0.17114555283944197,,True
11,MIX20->MIX40,dolomite,0.0,0.022760385699790157,0.022760385699790157,,False
11,MIX20->MIX40,halite,0.35,0.13053277708438346,0.21946722291561652,-62.7049208330333,False
11,MIX20->MIX40,gypsum,0.0,0.022408465465196935,0.022408465465196935,,False
11,MIX20->MIX40,CaNa_exch,-0.25,-0.11349420778619304,0.13650579221380696,-54.60231688552278,False
11,MIX20->MIX40,albite,0.0,0.17010954388492627,0.17010954388492627,,True
11,MIX20->MIX40,pyrite_oxidation_aerobic,0.0,0.002614101357023067,0.002614101357023067,,False
11,MIX40->MIX60,calcite,0.0,0.2802439705833742,0.2802439705833742,,True
11,MIX40->MIX60,dolomite,0.3,0.07629906762403534,0.22370093237596467,-74.56697745865489,False
11,MIX40->MIX60,halite,0.0,0.0,0.0,,False
11,MIX40->MIX60,gypsum,0.1,0.0793770304749418,0.02062296952505821,-20.622969525058206,False
11,MIX40->MIX60,CaNa_exch,-0.2,-0.24939035836560067,0.049390358365600656,24.695179182800324,False
11,MIX40->MIX60,albite,0.0,0.240441577875783,0.240441577875783,,True
11,MIX40->MIX60,pyrite_oxidation_aerobic,0.0,0.0,0.0,,False
11,MIX60->DILUTE,calcite,0.1,0.05300817009280195,0.04699182990719806,-46.99182990719806,False
11,MIX60->DILUTE,dolomite,0.0,0.005922447331211103,0.005922447331211103,,False
11,MIX60->DILUTE,halite,0.0,0.01840272478479104,0.01840272478479104,,False
11,MIX60->DILUTE,gypsum,0.0,0.03908219732989759,0.03908219732989759,,False
11,MIX60->DILUTE,CaNa_exch,0.0,0.06173789023458714,0.06173789023458714,,True
11,MIX60->DILUTE,albite,0.0,0.0,0.0,,False
11,MIX60->DILUTE,pyrite_oxidation_aerobic,0.0,0.0,0.0,,False
11,DILUTE->DEEP,calcite,0.0,0.0,0.0,,False
11,DILUTE->DEEP,dolomite,0.0,0.0,0.0,,False
11,DILUTE->DEEP,halite,0.45,0.0,0.45,-100.0,False
11,DILUTE->DEEP,gypsum,0.05,0.0,0.05,-100.0,False
11,DILUTE->DEEP,CaNa_exch,-0.6,-0.5603119860264935,0.03968801397350652,-6.61466899558442,False
11,DILUTE->DEEP,albite,0.0,0.0,0.0,,False
11,DILUTE->DEEP,pyrite_oxidation_aerobic,0.0,0.006794136987188888,0.006794136987188888,,False
11,DEEP->DISCH,calcite,0.1,0.016254782982319433,0.08374521701768058,-83.74521701768057,False
11,DEEP->DISCH,dolomite,0.05,0.008455860044913268,0.04154413995508673,-83.08827991017347,False
11,DEEP->DISCH,halite,0.0,0.2484970313861653,0.2484970313861653,,True
11,DEEP->DISCH,gypsum,0.0,0.10154117879864064,0.10154117879864064,,True
11,DEEP->DISCH,CaNa_exch,0.0,0.10405974092949559,0.10405974092949559,,True
11,DEEP->DISCH,albite,0.0,0.0,0.0,,False
11,DEEP->DISCH,pyrite_oxidation_aerobic,0.0,0.0,0.0,,False
12,RCH->SH15,calcite,0.2,0.0329681443055926,0.16703185569440743,-83.5159278472037,False
12,RCH->SH15,dolomite,0.0,0.0,0.0,,False
12,RCH->SH15,halite,0.0,0.0,0.0,,False
12,RCH->SH15,gypsum,0.0,0.007307844380544373,0.007307844380544373,,False
12,RCH->SH15,CaNa_exch,0.0,0.0713649933528008,0.0713649933528008,,True
12,RCH->SH15,albite,0.0,0.0,0.0,,False
12,RCH->SH15,pyrite_oxidation_aerobic,0.0,0.0,0.0,,False
12,RCH->SH30,calcite,0.25,0.05344603472787292,0.1965539652721271,-78.62158610885083,False
12,RCH->SH30,dolomite,0.0,0.0,0.0,,False
12,RCH->SH30,halite,0.0,0.0,0.0,,False
12,RCH->SH30,gypsum,0.05,0.06010818861362468,0.010108188613624676,20.21637722724935,False
12,RCH->SH30,CaNa_exch,0.0,0.10592807648948267,0.10592807648948267,,True
12,RCH->SH30,albite,0.0,0.0,0.0,,False
12,RCH->SH30,pyrite_oxidation_aerobic,0.0,0.0,0.0,,False
12,SH15->INT1,calcite,2.5,2.8173455287497307,0.31734552874973065,12.693821149989226,False
12,SH15->INT1,dolomite,0.2,0.05090108399070283,0.14909891600929717,-74.54945800464859,False
12,SH15->INT1,halite,0.0,0.04163035558938124,0.04163035558938124,,False
12,SH15->INT1,gypsum,0.0,0.07530246935007051,0.07530246935007051,,True
12,SH15->INT1,CaNa_exch,0.0,-0.0766968906032737,0.0766968906032737,,True
12,SH15->INT1,albite,0.0,0.010348704891866449,0.010348704891866449,,False
12,SH15->INT1,pyrite_oxidation_aerobic,0.0,0.0,0.0,,False
12,INT1->INT2,calcite,0.0,0.594047073536598,0.594047073536598,,True
12,INT1->INT2,dolomite,0.8,0.17887841950125433,0.6211215804987458,-77.64019756234322,False
12,INT1->INT2,halite,1.2,1.2854077190450781,0.08540771904507816,7.11730992042318,False
12,INT1->INT2,gypsum,0.3,0.2227546010327341,0.0772453989672659,-25.74846632242197,False
12,INT1->INT2,CaNa_exch,0.0,-0.42565227316077214,0.42565227316077214,,True
12,INT1->INT2,albite,0.0,0.18936991039953543,0.18936991039953543,,True
12,INT1->INT2,pyrite_oxidation_aerobic,0.0,0.02953469813079375,0.02953469813079375,,False
12,INT2->MIX20,calcite,0.3,0.18071437343153424,0.11928562656846575,-39.76187552282192,False
12,INT2->MIX20,dolomite,0.0,0.003305763620923859,0.003305763620923859,,False
12,INT2->MIX20,halite,0.0,0.048711660235533014,0.048711660235533014,,False
12,INT2->MIX20,gypsum,0.0,0.05282006675093325,0.05282006675093325,,True
12,INT2->MIX20,CaNa_exch,-0.15,-0.10429684372419702,0.04570315627580297,-30.468770850535314,False
12,INT2->MIX20,albite,0.0,0.21945612630545017,0.21945612630545017,,True
12,INT2->MIX20,pyrite_oxidation_aerobic,0.0,0.0,0.0,,False
12,MIX20->MIX40,calcite,0.0,0.0,0.0,,False
12,MIX20->MIX40,dolomite,0.0,0.0,0.0,,False
12,MIX20->MIX40,halite,0.35,0.19368219819112759,0.1563178018088724,-44.662229088249255,False
12,MIX20->MIX40,gypsum,0.0,0.0,0.0,,False
12,MIX20->MIX40,CaNa_exch,-0.25,-0.18467489898025746,0.06532510101974254,-26.130040407897013,False
12,MIX20->MIX40,albite,0.0,0.0,0.0,,False
12,MIX20->MIX40,pyrite_oxidation_aerobic,0.0,0.0020037380057643436,0.0020037380057643436,,False
12,MIX40->MIX60,calcite,0.0,0.05637593360702167,0.05637593360702167,,True
12,MIX40->MIX60,dolomite,0.3,0.08304265182693393,0.21695734817306606,-72.31911605768869,False
12,MIX40->MIX60,halite,0.0,0.0,0.0,,False
12,MIX40->MIX60,gypsum,0.1,0.13115423962662995,0.031154239626629943,31.154239626629945,False
12,MIX40->MIX60,CaNa_exch,-0.2,-0.24895153411218052,0.048951534112180506,24.475767056090252,False
12,MIX40->MIX60,albite,0.0,0.18310977495847874,0.18310977495847874,,True
12,MIX40->MIX60,pyrite_oxidation_aerobic,0.0,0.0,0.0,,False
12,MIX60->DILUTE,calcite,0.1,0.0,0.1,-100.0,False
12,MIX60->DILUTE,dolomite,0.0,0.0,0.0,,False
12,MIX60->DILUTE,halite,0.0,0.0,0.0,,False
12,MIX60->DILUTE,gypsum,0.0,0.0,0.0,,False
12,MIX60->DILUTE,CaNa_exch,0.0,0.11391255112953641,0.11391255112953641,,True
12,MIX60->DILUTE,albite,0.0,0.0,0.0,,False
12,MIX60->DILUTE,pyrite_oxidation_aerobic,0.0,0.0,0.0,,False
12,DILUTE->DEEP,calcite,0.0,0.0,0.0,,False
12,DILUTE->DEEP,dolomite,0.0,0.0,0.0,,False
12,DILUTE->DEEP,halite,0.45,0.4988363130341953,0.04883631303419528,10.85251400759895,False
12,DILUTE->DEEP,gypsum,0.05,0.01116963757232909,0.03883036242767091,-77.66072485534183,False
12,DILUTE->DEEP,CaNa_exch,-0.6,-0.648286454327097,0.048286454327096995,8.0477423878495,False
12,DILUTE->DEEP,albite,0.0,0.0,0.0,,False
12,DILUTE->DEEP,pyrite_oxidation_aerobic,0.0,0.021693666411192872,0.021693666411192872,,False
12,DEEP->DISCH,calcite,0.1,0.0,0.1,-100.0,False
12,DEEP->DISCH,dolomite,0.05,0.0,0.05,-100.0,False
12,DEEP->DISCH,halite,0.0,0.0763428142914635,0.0763428142914635,,True
12,DEEP->DISCH,gypsum,0.0,0.0012037441950941419,0.0012037441950941419,,False
12,DEEP->DISCH,CaNa_exch,0.0,0.07981407789657631,0.07981407789657631,,True
12,DEEP->DISCH,albite,0.0,0.0,0.0,,False
12,DEEP->DISCH,pyrite_oxidation_aerobic,0.0,0.0,0.0,,False
13,RCH->SH15,calcite,0.2,0.3702250556915748,0.1702250556915748,85.1125278457874,False
13,RCH->SH15,dolomite,0.0,0.023514005748439953,0.023514005748439953,,False
13,RCH->SH15,halite,0.0,0.0,0.0,,False
13,RCH->SH15,gypsum,0.0,0.0428893618034058,0.0428893618034058,,False
13,RCH->SH15,CaNa_exch,0.0,-0.05061573987524006,0.05061573987524006,,True
13,RCH->SH15,albite,0.0,0.0,0.0,,False
13,RCH->SH15,pyrite_oxidation_aerobic,0.0,0.0,0.0,,False
13,RCH->SH30,calcite,0.25,0.5723563903384343,0.32235639033843433,128.94255613537374,False
13,RCH->SH30,dolomite,0.0,0.0377759502400413,0.0377759502400413,,False
13,RCH->SH30,halite,0.0,0.0,0.0,,False
13,RCH->SH30,gypsum,0.05,0.1690032483886899,0.1190032483886899,238.0064967773798,False
13,RCH->SH30,CaNa_exch,0.0,-0.11341436495738491,0.11341436495738491,,True
13,RCH->SH30,albite,0.0,0.02904256023135727,0.02904256023135727,,False
13,RCH->SH30,pyrite_oxidation_aerobic,0.0,0.0,0.0,,False
13,SH15->INT1,calcite,2.5,2.8094666432611874,0.30946664326118745,12.378665730447498,False
13,SH15->INT1,dolomite,0.2,0.06140772152201651,0.1385922784779835,-69.29613923899174,False
13,SH15->INT1,halite,0.0,0.013451834870970781,0.013451834870970781,,False
13,SH15->INT1,gypsum,0.0,0.0,0.0,,False
13,SH15->INT1,CaNa_exch,0.0,-0.12472433749885195,0.12472433749885195,,True
13,SH15->INT1,albite,0.0,0.03547632623982071,0.03547632623982071,,False
13,SH15->INT1,pyrite_oxidation_aerobic,0.0,0.002396236088014309,0.002396236088014309,,False
13,INT1->INT2,calcite,0.0,0.7743716306535974,0.7743716306535974,,True
13,INT1->INT2,dolomite,0.8,0.1627292245367724,0.6372707754632276,-79.65884693290344,False
13,INT1->INT2,halite,1.2,1.3787961716101074,0.1787961716101074,14.899680967508953,False
13,INT1->INT2,gypsum,0.3,0.4041880561972891,0.1041880561972891,34.72935206576304,False
13,INT1->INT2,CaNa_exch,0.0,-0.3565260135618024,0.3565260135618024,,True
13,INT1->INT2,albite,0.0,0.16975614511588363,0.16975614511588363,,True
13,INT1->INT2,pyrite_oxidation_aerobic,0.0,0.0,0.0,,False
13,INT2->MIX20,calcite,0.3,0.0,0.3,-100.0,False
13,INT2->MIX20,dolomite,0.0,0.0,0.0,,False
13,INT2->MIX20,halite,0.0,0.08687858018178737,0.08687858018178737,,True
13,INT2->MIX20,gypsum,0.0,0.0,0.0,,False
13,INT2->MIX20,CaNa_exch,-0.15,-0.17576402994894388,0.02576402994894389,17.176019965962595,False
13,INT2->MIX20,albite,0.0,0.008378293721113098,0.008378293721113098,,False
13,INT2->MIX20,pyrite_oxidation_aerobic,0.0,0.0,0.0,,False
13,MIX20->MIX40,calcite,0.0,0.049279102602713176,0.049279102602713176,,False
13,MIX20->MIX40,dolomite,0.0,0.0004720134348435759,0.0004720134348435759,,False
13,MIX20->MIX40,halite,0.35,0.05848422548310831,0.29151577451689165,-83.29022129054047,False
13,MIX20->MIX40,gypsum,0.0,0.0,0.0,,False
13,MIX20->MIX40,CaNa_exch,-0.25,-0.12552231833100647,0.12447768166899353,-49.79107266759741,False
13,MIX20->MIX40,albite,0.0,0.311681697743171,0.311681697743171,,True
13,MIX20->MIX40,pyrite_oxidation_aerobic,0.0,0.006670122786670582,0.006670122786670582,,False
13,MIX40->MIX60,calcite,0.0,0.39099878316739783,0.39099878316739783,,True
13,MIX40->MIX60,dolomite,0.3,0.12222745524406149,0.1777725447559385,-59.257514918646166,False
13,MIX40->MIX60,halite,0.0,0.0,0.0,,False
13,MIX40->MIX60,gypsum,0.1,0.07144275458560473,0.028557245414395277,-28.557245414395275,False
13,MIX40->MIX60,CaNa_exch,-0.2,-0.3203507333715019,0.12035073337150187,60.17536668575094,False
13,MIX40->MIX60,albite,0.0,0.21513192847755155,0.21513192847755155,,True
13,MIX40->MIX60,pyrite_oxidation_aerobic,0.0,0.009546754403514103,0.009546754403514103,,False
13,MIX60->DILUTE,calcite,0.1,0.0,0.1,-100.0,False
13,MIX60->DILUTE,dolomite,0.0,0.0,0.0,,False
13,MIX60->DILUTE,halite,0.0,0.0,0.0,,False
13,MIX60->DILUTE,gypsum,0.0,0.017701693688109962,0.017701693688109962,,False
13,MIX60->DILUTE,CaNa_exch,0.0,0.0006083302919359584,0.0006083302919359584,,False
13,MIX60->DILUTE,albite,0.0,0.0,0.0,,False
13,MIX60->DILUTE,pyrite_oxidation_aerobic,0.0,0.0,0.0,,False
13,DILUTE->DEEP,calcite,0.0,0.007530747680426137,0.007530747680426137,,False
13,DILUTE->DEEP,dolomite,0.0,0.003190551596798493,0.003190551596798493,,False
13,DILUTE->DEEP,halite,0.45,0.5212082675025473,0.07120826750254733,15.824059445010517,False
13,DILUTE->DEEP,gypsum,0.05,0.08858507394449196,0.038585073944491954,77.1701478889839,False
13,DILUTE->DEEP,CaNa_exch,-0.6,-0.5868068248423082,0.013193175157691805,-2.198862526281968,False
13,DILUTE->DEEP,albite,0.0,0.005158451648547959,0.005158451648547959,,False
13,DILUTE->DEEP,pyrite_oxidation_aerobic,0.0,0.0,0.0,,False
13,DEEP->DISCH,calcite,0.1,0.0,0.1,-100.0,False
13,DEEP->DISCH,dolomite,0.05,0.0,0.05,-100.0,False
13,DEEP->DISCH,halite,0.0,0.020914371908251968,0.020914371908251968,,False
13,DEEP->DISCH,gypsum,0.0,0.0,0.0,,False
13,DEEP->DISCH,CaNa_exch,0.0,0.11872290969151554,0.11872290969151554,,True
13,DEEP->DISCH,albite,0.0,0.0,0.0,,False
13,DEEP->DISCH,pyrite_oxidation_aerobic,0.0,0.0007197628700877522,0.0007197628700877522,,False
14,RCH->SH15,calcite,0.2,0.38800479043766034,0.18800479043766033,94.00239521883016,False
14,RCH->SH15,dolomite,0.0,0.017210430341692815,0.017210430341692815,,False
14,RCH->SH15,halite,0.0,0.0,0.0,,False
14,RCH->SH15,gypsum,0.0,0.045493404337739726,0.045493404337739726,,False
14,RCH->SH15,CaNa_exch,0.0,-0.0055290871252885706,0.0055290871252885706,,False
14,RCH->SH15,albite,0.0,0.0,0.0,,False
14,RCH->SH15,pyrite_oxidation_aerobic,0.0,0.0,0.0,,False
14,RCH->SH30,calcite,0.25,0.05465728379717582,0.19534271620282417,-78.13708648112967,False
14,RCH->SH30,dolomite,0.0,0.0,0.0,,False
14,RCH->SH30,halite,0.0,0.0,0.0,,False
14,RCH->SH30,gypsum,0.05,0.005430924957461385,0.04456907504253862,-89.13815008507723,False
14,RCH->SH30,CaNa_exch,0.0,0.12524008177041748,0.12524008177041748,,True
14,RCH->SH30,albite,0.0,0.0,0.0,,False
14,RCH->SH30,pyrite_oxidation_aerobic,0.0,0.009397999140499125,0.009397999140499125,,False
14,SH15->INT1,calcite,2.5,2.63142533133883,0.13142533133882983,5.257013253553193,False
14,SH15->INT1,dolomite,0.2,0.05405040226019083,0.14594959773980917,-72.97479886990459,False
14,SH15->INT1,halite,0.0,0.0,0.0,,False
14,SH15->INT1,gypsum,0.0,0.0,0.0,,False
14,SH15->INT1,CaNa_exch,0.0,-0.10613665430614526,0.10613665430614526,,True
14,SH15->INT1,albite,0.0,0.022115042911264465,0.022115042911264465,,False
14,SH15->INT1,pyrite_oxidation_aerobic,0.0,0.0,0.0,,False
14,INT1->INT2,calcite,0.0,1.5087767539012777,1.5087767539012777,,True
14,INT1->INT2,dolomite,0.8,0.19116737625275515,0.6088326237472449,-76.1040779684056,False
14,INT1->INT2,halite,1.2,0.6516809845494119,0.548319015450588,-45.693251287549,False
14,INT1->INT2,gypsum,0.3,0.2696822505677516,0.03031774943224841,-10.105916477416137,False
14,INT1->INT2,CaNa_exch,0.0,-0.5095253830564621,0.5095253830564621,,True
14,INT1->INT2,albite,0.0,0.27871925687018323,0.27871925687018323,,True
14,INT1->INT2,pyrite_oxidation_aerobic,0.0,0.0,0.0,,False
14,INT2->MIX20,calcite,0.3,0.023862328444558868,0.2761376715554411,-92.04589051848038,False
14,INT2->MIX20,dolomite,0.0,0.0,0.0,,False
14,INT2->MIX20,halite,0.0,0.0,0.0,,False
14,INT2->MIX20,gypsum,0.0,0.157800789511477,0.157800789511477,,True
14,INT2->MIX20,CaNa_exch,-0.15,0.020296226451744614,0.1702962264517446,-113.5308176344964,False
14,INT2->MIX20,albite,0.0,0.0,0.0,,False
14,INT2->MIX20,pyrite_oxidation_aerobic,0.0,0.0,0.0,,False
14,MIX20->MIX40,calcite,0.0,0.0,0.0,,False
14,MIX20->MIX40,dolomite,0.0,0.0,0.0,,False
14,MIX20->MIX40,halite,0.35,0.18080697209957627,0.1691930279004237,-48.340865114406775,False
14,MIX20->MIX40,gypsum,0.0,0.0,0.0,,False
14,MIX20->MIX40,CaNa_exch,-0.25,-0.20839146187030297,0.04160853812969703,-16.643415251878814,False
14,MIX20->MIX40,albite,0.0,0.040283173669355826,0.040283173669355826,,False
14,MIX20->MIX40,pyrite_oxidation_aerobic,0.0,0.0,0.0,,False
14,MIX40->MIX60,calcite,0.0,0.09563267815573145,0.09563267815573145,,True
14,MIX40->MIX60,dolomite,0.3,0.08093930638074061,0.2190606936192594,-73.02023120641981,False
14,MIX40->MIX60,halite,0.0,0.0,0.0,,False
14,MIX40->MIX60,gypsum,0.1,0.166266542690116,0.066266542690116,66.266542690116,False
14,MIX40->MIX60,CaNa_exch,-0.2,-0.23912791852476512,0.039127918524765104,19.56395926238255,False
14,MIX40->MIX60,albite,0.0,0.15045964664107458,0.15045964664107458,,True
14,MIX40->MIX60,pyrite_oxidation_aerobic,0.0,0.0,0.0,,False
14,MIX60->DILUTE,calcite,0.1,0.0,0.1,-100.0,False
14,MIX60->DILUTE,dolomite,0.0,0.0,0.0,,False
14,MIX60->DILUTE,halite,0.0,0.0,0.0,,False
14,MIX60->DILUTE,gypsum,0.0,0.0,0.0,,False
14,MIX60->DILUTE,CaNa_exch,0.0,0.13516482590076312,0.13516482590076312,,True
14,MIX60->DILUTE,albite,0.0,0.0,0.0,,False
14,MIX60->DILUTE,pyrite_oxidation_aerobic,0.0,0.0,0.0,,False
14,DILUTE->DEEP,calcite,0.0,0.0,0.0,,False
14,DILUTE->DEEP,dolomite,0.0,0.0,0.0,,False
14,DILUTE->DEEP,halite,0.45,0.0,0.45,-100.0,False
14,DILUTE->DEEP,gypsum,0.05,0.0,0.05,-100.0,False
14,DILUTE->DEEP,CaNa_exch,-0.6,-0.5538849337560259,0.0461150662439741,-7.6858443739956845,False
14,DILUTE->DEEP,albite,0.0,0.0,0.0,,False
14,DILUTE->DEEP,pyrite_oxidation_aerobic,0.0,0.005711204648871486,0.005711204648871486,,False
14,DEEP->DISCH,calcite,0.1,0.05522883907970865,0.044771160920291354,-44.77116092029135,False
14,DEEP->DISCH,dolomite,0.05,0.0,0.05,-100.0,False
14,DEEP->DISCH,halite,0.0,0.06781317176593148,0.06781317176593148,,True
14,DEEP->DISCH,gypsum,0.0,0.11634027407579542,0.11634027407579542,,True
14,DEEP->DISCH,CaNa_exch,0.0,0.08348266420106638,0.08348266420106638,,True
14,DEEP->DISCH,albite,0.0,0.0,0.0,,False
14,DEEP->DISCH,pyrite_oxidation_aerobic,0.0,0.0,0.0,,False
15,RCH->SH15,calcite,0.2,0.38539617932339243,0.18539617932339242,92.6980896616962,False
15,RCH->SH15,dolomite,0.0,0.024474510450491285,0.024474510450491285,,False
15,RCH->SH15,halite,0.0,0.0,0.0,,False
15,RCH->SH15,gypsum,0.0,0.006614338177636486,0.006614338177636486,,False
15,RCH->SH15,CaNa_exch,0.0,-0.029778696773350193,0.029778696773350193,,False
15,RCH->SH15,albite,0.0,0.0,0.0,,False
15,RCH->SH15,pyrite_oxidation_aerobic,0.0,0.010997909857490256,0.010997909857490256,,False
15,RCH->SH30,calcite,0.25,0.6109590521184687,0.3609590521184687,144.38362084738748,False
15,RCH->SH30,dolomite,0.0,0.03607233521966166,0.03607233521966166,,False
15,RCH->SH30,halite,0.0,0.0,0.0,,False
15,RCH->SH30,gypsum,0.05,0.0895731147429537,0.03957311474295369,79.14622948590737,False
15,RCH->SH30,CaNa_exch,0.0,-0.0987150532775648,0.0987150532775648,,True
15,RCH->SH30,albite,0.0,0.039675615748229635,0.039675615748229635,,False
15,RCH->SH30,pyrite_oxidation_aerobic,0.0,0.008403272289181486,0.008403272289181486,,False
15,SH15->INT1,calcite,2.5,2.7819135941786945,0.28191359417869455,11.276543767147782,False
15,SH15->INT1,dolomite,0.2,0.05211378793528406,0.14788621206471594,-73.94310603235797,False
15,SH15->INT1,halite,0.0,0.009131220979342332,0.009131220979342332,,False
15,SH15->INT1,gypsum,0.0,0.0,0.0,,False
15,SH15->INT1,CaNa_exch,0.0,-0.10821999762621824,0.10821999762621824,,True
15,SH15->INT1,albite,0.0,0.03603817402367046,0.03603817402367046,,False
15,SH15->INT1,pyrite_oxidation_aerobic,0.0,0.0,0.0,,False
15,INT1->INT2,calcite,0.0,1.0936123641452098,1.0936123641452098,,True
15,INT1->INT2,dolomite,0.8,0.20737613399269433,0.5926238660073058,-74.07798325091322,False
15,INT1->INT2,halite,1.2,1.1969184046537353,0.0030815953462646206,-0.2567996121887184,False
15,INT1->INT2,gypsum,0.3,0.27403343493888643,0.025966565061113556,-8.655521687037853,False
15,INT1->INT2,CaNa_exch,0.0,-0.5043800128016175,0.5043800128016175,,True
15,INT1->INT2,albite,0.0,0.26450830099606426,0.26450830099606426,,True
15,INT1->INT2,pyrite_oxidation_aerobic,0.0,0.005826698616711611,0.005826698616711611,,False
15,INT2->MIX20,calcite,0.3,0.010863887549039802,0.28913611245096016,-96.37870415032005,False
15,INT2->MIX20,dolomite,0.0,0.0006915577165627987,0.0006915577165627987,,False
15,INT2->MIX20,halite,0.0,0.03374300818759221,0.03374300818759221,,False
15,INT2->MIX20,gypsum,0.0,0.007443223805789136,0.007443223805789136,,False
15,INT2->MIX20,CaNa_exch,-0.15,-0.04392664749079596,0.10607335250920404,-70.71556833946936,False
15,INT2->MIX20,albite,0.0,0.10298298360394859,0.10298298360394859,,True
15,INT2->MIX20,pyrite_oxidation_aerobic,0.0,0.011736307084702219,0.011736307084702219,,False
15,MIX20->MIX40,calcite,0.0,0.08851646970243097,0.08851646970243097,,True
15,MIX20->MIX40,dolomite,0.0,0.0032686249514159555,0.0032686249514159555,,False
15,MIX20->MIX40,halite,0.35,0.01958472416034277,0.3304152758396572,-94.40436452561634,False
15,MIX20->MIX40,gypsum,0.0,0.08212201060138961,0.08212201060138961,,True
15,MIX20->MIX40,CaNa_exch,-0.25,-0.12176910488721461,0.1282308951127854,-51.29235804511416,False
15,MIX20->MIX40,albite,0.0,0.24865292044226,0.24865292044226,,True
15,MIX20->MIX40,pyrite_oxidation_aerobic,0.0,0.0,0.0,,False
15,MIX40->MIX60,calcite,0.0,0.16014190713661072,0.16014190713661072,,True
15,MIX40->MIX60,dolomite,0.3,0.09094102941493667,0.20905897058506331,-69.68632352835444,False
15,MIX40->MIX60,halite,0.0,0.0,0.0,,False
15,MIX40->MIX60,gypsum,0.1,0.04883494269290789,0.051165057307092116,-51.16505730709211,False
15,MIX40->MIX60,CaNa_exch,-0.2,-0.2474515761258914,0.047451576125891376,23.725788062945686,False
15,MIX40->MIX60,albite,0.0,0.18497683822961153,0.18497683822961153,,True
15,MIX40->MIX60,pyrite_oxidation_aerobic,0.0,0.013306056727974096,0.013306056727974096,,False
15,MIX60->DILUTE,calcite,0.1,0.0,0.1,-100.0,False
15,MIX60->DILUTE,dolomite,0.0,0.0,0.0,,False
15,MIX60->DILUTE,halite,0.0,0.021710256923709884,0.021710256923709884,,False
15,MIX60->DILUTE,gypsum,0.0,0.0,0.0,,False
15,MIX60->DILUTE,CaNa_exch,0.0,-0.02976318906522267,0.02976318906522267,,False
15,MIX60->DILUTE,albite,0.0,0.0,0.0,,False
15,MIX60->DILUTE,pyrite_oxidation_aerobic,0.0,0.0029250818917939897,0.0029250818917939897,,False
15,DILUTE->DEEP,calcite,0.0,0.0,0.0,,False
15,DILUTE->DEEP,dolomite,0.0,0.0013558718198618184,0.0013558718198618184,,False
15,DILUTE->DEEP,halite,0.45,0.0,0.45,-100.0,False
15,DILUTE->DEEP,gypsum,0.05,0.0,0.05,-100.0,False
15,DILUTE->DEEP,CaNa_exch,-0.6,-0.27928326094575057,0.3207167390542494,-53.45278984237491,False
15,DILUTE->DEEP,albite,0.0,0.27272696159501064,0.27272696159501064,,True
15,DILUTE->DEEP,pyrite_oxidation_aerobic,0.0,0.0,0.0,,False
15,DEEP->DISCH,calcite,0.1,0.25936050505062075,0.15936050505062074,159.36050505062073,False
15,DEEP->DISCH,dolomite,0.05,0.045150152987587296,0.004849847012412707,-9.699694024825414,False
15,DEEP->DISCH,halite,0.0,0.05653943872842785,0.05653943872842785,,True
15,DEEP->DISCH,gypsum,0.0,0.016074551427843763,0.016074551427843763,,False
15,DEEP->DISCH,CaNa_exch,0.0,-0.10431167605174099,0.10431167605174099,,True
15,DEEP->DISCH,albite,0.0,0.049566244718917934,0.049566244718917934,,False
15,DEEP->DISCH,pyrite_oxidation_aerobic,0.0,0.0,0.0,,False
16,RCH->SH15,calcite,0.2,0.3166431164650195,0.11664311646501951,58.32155823250976,False
16,RCH->SH15,dolomite,0.0,0.017243724973059503,0.017243724973059503,,False
16,RCH->SH15,halite,0.0,0.0,0.0,,False
16,RCH->SH15,gypsum,0.0,0.03619948097444391,0.03619948097444391,,False
16,RCH->SH15,CaNa_exch,0.0,-0.009693522438794417,0.009693522438794417,,False
16,RCH->SH15,albite,0.0,0.0,0.0,,False
16,RCH->SH15,pyrite_oxidation_aerobic,0.0,0.0,0.0,,False
16,RCH->SH30,calcite,0.25,0.0,0.25,-100.0,False
16,RCH->SH30,dolomite,0.0,0.0,0.0,,False
16,RCH->SH30,halite,0.0,0.0,0.0,,False
16,RCH->SH30,gypsum,0.05,0.0,0.05,-100.0,False
16,RCH->SH30,CaNa_exch,0.0,0.11742359152298994,0.11742359152298994,,True
16,RCH->SH30,albite,0.0,0.0,0.0,,False
16,RCH->SH30,pyrite_oxidation_aerobic,0.0,0.009707683701382447,0.009707683701382447,,False
16,SH15->INT1,calcite,2.5,2.7258629165618427,0.22586291656184265,9.034516662473706,False
16,SH15->INT1,dolomite,0.2,0.03459289862126717,0.16540710137873285,-82.70355068936642,False
16,SH15->INT1,halite,0.0,0.022660023629016656,0.022660023629016656,,False
16,SH15->INT1,gypsum,0.0,0.07596123573914029,0.07596123573914029,,True
16,SH15->INT1,CaNa_exch,0.0,-0.066707806672194,0.066707806672194,,True
16,SH15->INT1,albite,0.0,0.0,0.0,,False
16,SH15->INT1,pyrite_oxidation_aerobic,0.0,0.0,0.0,,False
16,INT1->INT2,calcite,0.0,1.1213037278236877,1.1213037278236877,,True
16,INT1->INT2,dolomite,0.8,0.17341619798152638,0.6265838020184736,-78.3229752523092,False
16,INT1->INT2,halite,1.2,1.2229559027754884,0.022955902775488424,1.9129918979573688,False
16,INT1->INT2,gypsum,0.3,0.37413883949266136,0.07413883949266137,24.71294649755379,False
16,INT1->INT2,CaNa_exch,0.0,-0.39675608832589554,0.39675608832589554,,True
16,INT1->INT2,albite,0.0,0.19551725989624677,0.19551725989624677,,True
16,INT1->INT2,pyrite_oxidation_aerobic,0.0,0.0,0.0,,False
16,INT2->MIX20,calcite,0.3,0.0,0.3,-100.0,False
16,INT2->MIX20,dolomite,0.0,0.0,0.0,,False
16,INT2->MIX20,halite,0.0,0.04518379784965911,0.04518379784965911,,False
16,INT2->MIX20,gypsum,0.0,0.0,0.0,,False
16,INT2->MIX20,CaNa_exch,-0.15,-0.2844829499924737,0.1344829499924737,89.65529999498247,False
16,INT2->MIX20,albite,0.0,0.0,0.0,,False
16,INT2->MIX20,pyrite_oxidation_aerobic,0.0,0.00892621292368092,0.00892621292368092,,False
16,MIX20->MIX40,calcite,0.0,0.0,0.0,,False
16,MIX20->MIX40,dolomite,0.0,0.0,0.0,,False
16,MIX20->MIX40,halite,0.35,0.3366493759211219,0.013350624078878104,-3.8144640225366016,False
16,MIX20->MIX40,gypsum,0.0,0.0,0.0,,False
16,MIX20->MIX40,CaNa_exch,-0.25,-0.06880008616294662,0.18119991383705336,-72.47996553482135,False
16,MIX20->MIX40,albite,0.0,0.0,0.0,,False
16,MIX20->MIX40,pyrite_oxidation_aerobic,0.0,0.0,0.0,,False
16,MIX40->MIX60,calcite,0.0,0.2579097680315501,0.2579097680315501,,True
16,MIX40->MIX60,dolomite,0.3,0.07112430097501947,0.2288756990249805,-76.2918996749935,False
16,MIX40->MIX60,halite,0.0,0.0,0.0,,False
16,MIX40->MIX60,gypsum,0.1,0.1282879964764198,0.028287996476419802,28.2879964764198,False
16,MIX40->MIX60,CaNa_exch,-0.2,-0.2331009275767273,0.03310092757672728,16.55046378836364,False
16,MIX40->MIX60,albite,0.0,0.1985489714769588,0.1985489714769588,,True
16,MIX40->MIX60,pyrite_oxidation_aerobic,0.0,0.0,0.0,,False
16,MIX60->DILUTE,calcite,0.1,0.041893084342542714,0.05810691565745729,-58.10691565745729,False
16,MIX60->DILUTE,dolomite,0.0,0.02892114992242347,0.02892114992242347,,False
16,MIX60->DILUTE,halite,0.0,0.0,0.0,,False
16,MIX60->DILUTE,gypsum,0.0,0.0,0.0,,False
16,MIX60->DILUTE,CaNa_exch,0.0,-0.032818875379059254,0.032818875379059254,,False
16,MIX60->DILUTE,albite,0.0,0.0,0.0,,False
16,MIX60->DILUTE,pyrite_oxidation_aerobic,0.0,0.0,0.0,,False
16,DILUTE->DEEP,calcite,0.0,0.0,0.0,,False
16,DILUTE->DEEP,dolomite,0.0,0.0,0.0,,False
16,DILUTE->DEEP,halite,0.45,0.0,0.45,-100.0,False
16,DILUTE->DEEP,gypsum,0.05,0.0,0.05,-100.0,False
16,DILUTE->DEEP,CaNa_exch,-0.6,-0.40723809824993656,0.1927619017500634,-32.126983625010574,False
16,DILUTE->DEEP,albite,0.0,0.1792166054011962,0.1792166054011962,,True
16,DILUTE->DEEP,pyrite_oxidation_aerobic,0.0,0.005162477328985297,0.005162477328985297,,False
16,DEEP->DISCH,calcite,0.1,0.1323283397463433,0.032328339746343304,32.3283397463433,False
16,DEEP->DISCH,dolomite,0.05,0.019700596209082908,0.030299403790917095,-60.59880758183419,False
16,DEEP->DISCH,halite,0.0,0.0,0.0,,False
16,DEEP->DISCH,gypsum,0.0,0.0,0.0,,False
16,DEEP->DISCH,CaNa_exch,0.0,-0.023999294598571804,0.023999294598571804,,False
16,DEEP->DISCH,albite,0.0,0.0,0.0,,False
16,DEEP->DISCH,pyrite_oxidation_aerobic,0.0,0.0,0.0,,False
17,RCH->SH15,calcite,0.2,0.049846271965320106,0.1501537280346799,-75.07686401733996,False
17,RCH->SH15,dolomite,0.0,0.0,0.0,,False
17,RCH->SH15,halite,0.0,0.0,0.0,,False
17,RCH->SH15,gypsum,0.0,0.0,0.0,,False
17,RCH->SH15,CaNa_exch,0.0,0.06489659879180035,0.06489659879180035,,True
17,RCH->SH15,albite,0.0,0.0,0.0,,False
17,RCH->SH15,pyrite_oxidation_aerobic,0.0,0.0,0.0,,False
17,RCH->SH30,calcite,0.25,0.08370349420028748,0.1662965057997125,-66.518602319885,False
17,RCH->SH30,dolomite,0.0,0.0,0.0,,False
17,RCH->SH30,halite,0.0,0.0,0.0,,False
17,RCH->SH30,gypsum,0.05,0.032398712829878745,0.017601287170121258,-35.20257434024251,False
17,RCH->SH30,CaNa_exch,0.0,0.08547020787060157,0.08547020787060157,,True
17,RCH->SH30,albite,0.0,0.0,0.0,,False
17,RCH->SH30,pyrite_oxidation_aerobic,0.0,0.0,0.0,,False
17,SH15->INT1,calcite,2.5,2.8104850213286756,0.3104850213286756,12.419400853147025,False
17,SH15->INT1,dolomite,0.2,0.06541890233856872,0.13458109766143128,-67.29054883071564,False
17,SH15->INT1,halite,0.0,0.0,0.0,,False
17,SH15->INT1,gypsum,0.0,0.0,0.0,,False
17,SH15->INT1,CaNa_exch,0.0,-0.14371843918643087,0.14371843918643087,,True
17,SH15->INT1,albite,0.0,0.06491126416712274,0.06491126416712274,,True
17,SH15->INT1,pyrite_oxidation_aerobic,0.0,0.0,0.0,,False
17,INT1->INT2,calcite,0.0,1.5820281896895703,1.5820281896895703,,True
17,INT1->INT2,dolomite,0.8,0.1776689581821534,0.6223310418178467,-77.79138022723083,False
17,INT1->INT2,halite,1.2,0.6918121274405308,0.5081878725594692,-42.34898937995577,False
17,INT1->INT2,gypsum,0.3,0.21787858195134793,0.08212141804865206,-27.373806016217355,False
17,INT1->INT2,CaNa_exch,0.0,-0.45840501329431416,0.45840501329431416,,True
17,INT1->INT2,albite,0.0,0.2375630582899594,0.2375630582899594,,True
17,INT1->INT2,pyrite_oxidation_aerobic,0.0,0.020782087921438326,0.020782087921438326,,False
17,INT2->MIX20,calcite,0.3,0.0,0.3,-100.0,False
17,INT2->MIX20,dolomite,0.0,0.014113527231635219,0.014113527231635219,,False
17,INT2->MIX20,halite,0.0,0.0,0.0,,False
17,INT2->MIX20,gypsum,0.0,0.0,0.0,,False
17,INT2->MIX20,CaNa_exch,-0.15,-0.12152488353300914,0.028475116466990857,-18.983410977993906,False
17,INT2->MIX20,albite,0.0,0.15116045150795707,0.15116045150795707,,True
17,INT2->MIX20,pyrite_oxidation_aerobic,0.0,0.0,0.0,,False
17,MIX20->MIX40,calcite,0.0,0.0826866478237874,0.0826866478237874,,True
17,MIX20->MIX40,dolomite,0.0,0.022817810631638513,0.022817810631638513,,False
17,MIX20->MIX40,halite,0.35,0.06009303516814718,0.2899069648318528,-82.83056138052937,False
17,MIX20->MIX40,gypsum,0.0,0.013997962895997999,0.013997962895997999,,False
17,MIX20->MIX40,CaNa_exch,-0.25,-0.13357683345146013,0.11642316654853987,-46.56926661941595,False
17,MIX20->MIX40,albite,0.0,0.2242629328601033,0.2242629328601033,,True
17,MIX20->MIX40,pyrite_oxidation_aerobic,0.0,0.0010136629580047268,0.0010136629580047268,,False
17,MIX40->MIX60,calcite,0.0,0.28400244939750574,0.28400244939750574,,True
17,MIX40->MIX60,dolomite,0.3,0.10363741690684801,0.19636258309315197,-65.454194364384,False
17,MIX40->MIX60,halite,0.0,0.0,0.0,,False
17,MIX40->MIX60,gypsum,0.1,0.07988650238706164,0.02011349761293836,-20.11349761293836,False
17,MIX40->MIX60,CaNa_exch,-0.2,-0.2511324694950228,0.051132469495022814,25.566234747511405,False
17,MIX40->MIX60,albite,0.0,0.12151956789148133,0.12151956789148133,,True
17,MIX40->MIX60,pyrite_oxidation_aerobic,0.0,0.0,0.0,,False
17,MIX60->DILUTE,calcite,0.1,0.0,0.1,-100.0,False
17,MIX60->DILUTE,dolomite,0.0,0.0,0.0,,False
17,MIX60->DILUTE,halite,0.0,0.0,0.0,,False
17,MIX60->DILUTE,gypsum,0.0,0.0,0.0,,False
17,MIX60->DILUTE,CaNa_exch,0.0,0.04409702697901671,0.04409702697901671,,False
17,MIX60->DILUTE,albite,0.0,0.0,0.0,,False
17,MIX60->DILUTE,pyrite_oxidation_aerobic,0.0,0.0,0.0,,False
17,DILUTE->DEEP,calcite,0.0,0.0,0.0,,False
17,DILUTE->DEEP,dolomite,0.0,0.0,0.0,,False
17,DILUTE->DEEP,halite,0.45,0.40683396720719067,0.04316603279280934,-9.592451731735409,False
17,DILUTE->DEEP,gypsum,0.05,0.13354701459915064,0.08354701459915063,167.09402919830126,False
17,DILUTE->DEEP,CaNa_exch,-0.6,-0.6822686549175341,0.0822686549175341,13.711442486255683,False
17,DILUTE->DEEP,albite,0.0,0.0,0.0,,False
17,DILUTE->DEEP,pyrite_oxidation_aerobic,0.0,0.0,0.0,,False
17,DEEP->DISCH,calcite,0.1,0.0,0.1,-100.0,False
17,DEEP->DISCH,dolomite,0.05,0.0,0.05,-100.0,False
17,DEEP->DISCH,halite,0.0,0.0,0.0,,False
17,DEEP->DISCH,gypsum,0.0,0.0,0.0,,False
17,DEEP->DISCH,CaNa_exch,0.0,0.04809781276805158,0.04809781276805158,,False
17,DEEP->DISCH,albite,0.0,0.0,0.0,,False
17,DEEP->DISCH,pyrite_oxidation_aerobic,0.0,0.0,0.0,,False
18,RCH->SH15,calcite,0.2,0.28838813456592477,0.08838813456592476,44.19406728296238,False
18,RCH->SH15,dolomite,0.0,0.0133868779251421,0.0133868779251421,,False
18,RCH->SH15,halite,0.0,0.0,0.0,,False
18,RCH->SH15,gypsum,0.0,0.048650936933135006,0.048650936933135006,,False
18,RCH->SH15,CaNa_exch,0.0,-0.014651763511869233,0.014651763511869233,,False
18,RCH->SH15,albite,0.0,0.0,0.0,,False
18,RCH->SH15,pyrite_oxidation_aerobic,0.0,0.0,0.0,,False
18,RCH->SH30,calcite,0.25,0.0523141190762282,0.19768588092377182,-79.07435236950873,False
18,RCH->SH30,dolomite,0.0,0.0,0.0,,False
18,RCH->SH30,halite,0.0,0.0,0.0,,False
18,RCH->SH30,gypsum,0.05,0.03660983713028854,0.01339016286971146,-26.780325739422917,False
18,RCH->SH30,CaNa_exch,0.0,0.05808415126547439,0.05808415126547439,,True
18,RCH->SH30,albite,0.0,0.0,0.0,,False
18,RCH->SH30,pyrite_oxidation_aerobic,0.0,0.0,0.0,,False
18,SH15->INT1,calcite,2.5,2.66359586559708,0.16359586559708017,6.543834623883207,False
18,SH15->INT1,dolomite,0.2,0.0628385658989706,0.1371614341010294,-68.58071705051469,False
18,SH15->INT1,halite,0.0,0.0,0.0,,False
18,SH15->INT1,gypsum,0.0,0.0,0.0,,False
18,SH15->INT1,CaNa_exch,0.0,-0.12153593895231682,0.12153593895231682,,True
18,SH15->INT1,albite,0.0,0.02106652151987089,0.02106652151987089,,False
18,SH15->INT1,pyrite_oxidation_aerobic,0.0,0.0009472623100533441,0.0009472623100533441,,False
18,INT1->INT2,calcite,0.0,1.5438019673250438,1.5438019673250438,,True
18,INT1->INT2,dolomite,0.8,0.19179052458319357,0.6082094754168065,-76.0261844271008,False
18,INT1->INT2,halite,1.2,0.666143340118627,0.533856659881373,-44.488054990114414,False
18,INT1->INT2,gypsum,0.3,0.24880400266314337,0.05119599733685662,-17.06533244561887,False
18,INT1->INT2,CaNa_exch,0.0,-0.4769805936397375,0.4769805936397375,,True
18,INT1->INT2,albite,0.0,0.2484242540034293,0.2484242540034293,,True
18,INT1->INT2,pyrite_oxidation_aerobic,0.0,0.0,0.0,,False
18,INT2->MIX20,calcite,0.3,0.08408858923994048,0.2159114107600595,-71.97047025335317,False
18,INT2->MIX20,dolomite,0.0,0.001525034805682333,0.001525034805682333,,False
18,INT2->MIX20,halite,0.0,0.06343719445648693,0.06343719445648693,,True
18,INT2->MIX20,gypsum,0.0,0.0,0.0,,False
18,INT2->MIX20,CaNa_exch,-0.15,-0.01411303838397083,0.13588696161602917,-90.59130774401945,False
18,INT2->MIX20,albite,0.0,0.028419941617252982,0.028419941617252982,,False
18,INT2->MIX20,pyrite_oxidation_aerobic,0.0,0.0,0.0,,False
18,MIX20->MIX40,calcite,0.0,0.1014581579504299,0.1014581579504299,,True
18,MIX20->MIX40,dolomite,0.0,0.032569931017182925,0.032569931017182925,,False
18,MIX20->MIX40,halite,0.35,0.07219775540035216,0.2778022445996478,-79.37206988561367,False
18,MIX20->MIX40,gypsum,0.0,0.009726676337279272,0.009726676337279272,,False
18,MIX20->MIX40,CaNa_exch,-0.25,-0.17847258147529718,0.07152741852470282,-28.610967409881127,False
18,MIX20->MIX40,albite,0.0,0.29475339834303355,0.29475339834303355,,True
18,MIX20->MIX40,pyrite_oxidation_aerobic,0.0,0.0,0.0,,False
18,MIX40->MIX60,calcite,0.0,0.1115703655241722,0.1115703655241722,,True
18,MIX40->MIX60,dolomite,0.3,0.050312575872252394,0.24968742412774758,-83.22914137591587,False
18,MIX40->MIX60,halite,0.0,0.0,0.0,,False
18,MIX40->MIX60,gypsum,0.1,0.19560931801141504,0.09560931801141503,95.60931801141503,False
18,MIX40->MIX60,CaNa_exch,-0.2,-0.16049905155408892,0.039500948445911094,-19.750474222955546,False
18,MIX40->MIX60,albite,0.0,0.0770363854053115,0.0770363854053115,,True
18,MIX40->MIX60,pyrite_oxidation_aerobic,0.0,0.0,0.0,,False
18,MIX60->DILUTE,calcite,0.1,0.0,0.1,-100.0,False
18,MIX60->DILUTE,dolomite,0.0,0.0,0.0,,False
18,MIX60->DILUTE,halite,0.0,0.0,0.0,,False
18,MIX60->DILUTE,gypsum,0.0,0.0,0.0,,False
18,MIX60->DILUTE,CaNa_exch,0.0,0.0015737155124819528,0.0015737155124819528,,False
18,MIX60->DILUTE,albite,0.0,0.0,0.0,,False
18,MIX60->DILUTE,pyrite_oxidation_aerobic,0.0,0.0,0.0,,False
18,DILUTE->DEEP,calcite,0.0,0.02171881452567515,0.02171881452567515,,False
18,DILUTE->DEEP,dolomite,0.0,0.003130468561615047,0.003130468561615047,,False
18,DILUTE->DEEP,halite,0.45,0.41219194129089765,0.037808058709102366,-8.40179082424497,False
18,DILUTE->DEEP,gypsum,0.05,0.03751472210593794,0.012485277894062063,-24.970555788124127,False
18,DILUTE->DEEP,CaNa_exch,-0.6,-0.5715474699105154,0.028452530089484562,-4.742088348247427,False
18,DILUTE->DEEP,albite,0.0,0.015864097369543473,0.015864097369543473,,False
18,DILUTE->DEEP,pyrite_oxidation_aerobic,0.0,0.0,0.0,,False
18,DEEP->DISCH,calcite,0.1,0.11911701803257636,0.019117018032576358,19.117018032576357,False
18,DEEP->DISCH,dolomite,0.05,0.042522795697709524,0.0074772043022904786,-14.954408604580957,False
18,DEEP->DISCH,halite,0.0,0.0,0.0,,False
18,DEEP->DISCH,gypsum,0.0,0.0,0.0,,False
18,DEEP->DISCH,CaNa_exch,0.0,0.001451590976242843,0.001451590976242843,,False
18,DEEP->DISCH,albite,0.0,0.007580180069324224,0.007580180069324224,,False
18,DEEP->DISCH,pyrite_oxidation_aerobic,0.0,0.0,0.0,,False
19,RCH->SH15,calcite,0.2,0.0,0.2,-100.0,False
19,RCH->SH15,dolomite,0.0,0.0,0.0,,False
19,RCH->SH15,halite,0.0,0.0,0.0,,False
19,RCH->SH15,gypsum,0.0,0.0,0.0,,False
19,RCH->SH15,CaNa_exch,0.0,0.054196905903743015,0.054196905903743015,,True
19,RCH->SH15,albite,0.0,0.0,0.0,,False
19,RCH->SH15,pyrite_oxidation_aerobic,0.0,0.0,0.0,,False
19,RCH->SH30,calcite,0.25,0.02565884530430494,0.22434115469569507,-89.73646187827804,False
19,RCH->SH30,dolomite,0.0,0.0,0.0,,False
19,RCH->SH30,halite,0.0,0.0,0.0,,False
19,RCH->SH30,gypsum,0.05,0.0822614435678423,0.0322614435678423,64.5228871356846,False
19,RCH->SH30,CaNa_exch,0.0,0.11094291366636014,0.11094291366636014,,True
19,RCH->SH30,albite,0.0,0.0,0.0,,False
19,RCH->SH30,pyrite_oxidation_aerobic,0.0,0.0,0.0,,False
19,SH15->INT1,calcite,2.5,2.636055427807206,0.13605542780720592,5.442217112288237,False
19,SH15->INT1,dolomite,0.2,0.06339485504722102,0.13660514495277898,-68.30257247638949,False
19,SH15->INT1,halite,0.0,0.0,0.0,,False
19,SH15->INT1,gypsum,0.0,0.0,0.0,,False
19,SH15->INT1,CaNa_exch,0.0,-0.12300742406862214,0.12300742406862214,,True
19,SH15->INT1,albite,0.0,0.022241931956557628,0.022241931956557628,,False
19,SH15->INT1,pyrite_oxidation_aerobic,0.0,0.002707023365011706,0.002707023365011706,,False
19,INT1->INT2,calcite,0.0,1.4612087052408627,1.4612087052408627,,True
19,INT1->INT2,dolomite,0.8,0.14666365135992454,0.6533363486400755,-81.66704358000943,False
19,INT1->INT2,halite,1.2,0.6717675054377441,0.5282324945622558,-44.01937454685466,False
19,INT1->INT2,gypsum,0.3,0.38576948294018576,0.08576948294018577,28.58982764672859,False
19,INT1->INT2,CaNa_exch,0.0,-0.37098787080297113,0.37098787080297113,,True
19,INT1->INT2,albite,0.0,0.18040992972819536,0.18040992972819536,,True
19,INT1->INT2,pyrite_oxidation_aerobic,0.0,0.0,0.0,,False
19,INT2->MIX20,calcite,0.3,0.0,0.3,-100.0,False
19,INT2->MIX20,dolomite,0.0,0.009765825390286241,0.009765825390286241,,False
19,INT2->MIX20,halite,0.0,0.12435478419744304,0.12435478419744304,,True
19,INT2->MIX20,gypsum,0.0,0.0036889241350838283,0.0036889241350838283,,False
19,INT2->MIX20,CaNa_exch,-0.15,-0.0500700928789663,0.0999299071210337,-66.61993808068912,False
19,INT2->MIX20,albite,0.0,0.0,0.0,,False
19,INT2->MIX20,pyrite_oxidation_aerobic,0.0,0.013764429513918186,0.013764429513918186,,False
19,MIX20->MIX40,calcite,0.0,0.1683997720038884,0.1683997720038884,,True
19,MIX20->MIX40,dolomite,0.0,0.032136428046261316,0.032136428046261316,,False
19,MIX20->MIX40,halite,0.35,0.23071160791030848,0.1192883920896915,-34.082397739911855,False
19,MIX20->MIX40,gypsum,0.0,0.0,0.0,,False
19,MIX20->MIX40,CaNa_exch,-0.25,-0.1370507511867932,0.11294924881320681,-45.17969952528272,False
19,MIX20->MIX40,albite,0.0,0.1980129423443961,0.1980129423443961,,True
19,MIX20->MIX40,pyrite_oxidation_aerobic,0.0,0.0026284074820704254,0.0026284074820704254,,False
19,MIX40->MIX60,calcite,0.0,0.448856919907486,0.448856919907486,,True
19,MIX40->MIX60,dolomite,0.3,0.09355024839768465,0.20644975160231532,-68.81658386743844,False
19,MIX40->MIX60,halite,0.0,0.0,0.0,,False
19,MIX40->MIX60,gypsum,0.1,0.11412399065314192,0.014123990653141918,14.123990653141917,False
19,MIX40->MIX60,CaNa_exch,-0.2,-0.2734222080100839,0.07342220801008387,36.71110400504193,False
19,MIX40->MIX60,albite,0.0,0.2055174298321844,0.2055174298321844,,True
19,MIX40->MIX60,pyrite_oxidation_aerobic,0.0,0.0,0.0,,False
19,MIX60->DILUTE,calcite,0.1,0.0,0.1,-100.0,False
19,MIX60->DILUTE,dolomite,0.0,0.0,0.0,,False
19,MIX60->DILUTE,halite,0.0,0.0,0.0,,False
19,MIX60->DILUTE,gypsum,0.0,0.0,0.0,,False
19,MIX60->DILUTE,CaNa_exch,0.0,0.0777047984540263,0.0777047984540263,,True
19,MIX60->DILUTE,albite,0.0,0.0,0.0,,False
19,MIX60->DILUTE,pyrite_oxidation_aerobic,0.0,0.0005868809532111639,0.0005868809532111639,,False
19,DILUTE->DEEP,calcite,0.0,0.0,0.0,,False
19,DILUTE->DEEP,dolomite,0.0,0.0,0.0,,False
19,DILUTE->DEEP,halite,0.45,0.3852930590944912,0.06470694090550883,-14.379320201224182,False
19,DILUTE->DEEP,gypsum,0.05,0.08382100832683871,0.03382100832683871,67.6420166536774,False
19,DILUTE->DEEP,CaNa_exch,-0.6,-0.7429410774356364,0.14294107743563644,23.82351290593941,False
19,DILUTE->DEEP,albite,0.0,0.0,0.0,,False
19,DILUTE->DEEP,pyrite_oxidation_aerobic,0.0,0.0,0.0,,False
19,DEEP->DISCH,calcite,0.1,0.11699019460583328,0.016990194605833273,16.99019460583327,False
19,DEEP->DISCH,dolomite,0.05,0.032441194185451314,0.01755880581454869,-35.117611629097375,False
19,DEEP->DISCH,halite,0.0,0.13807104541864726,0.13807104541864726,,True
19,DEEP->DISCH,gypsum,0.0,0.0038077198866237946,0.0038077198866237946,,False
19,DEEP->DISCH,CaNa_exch,0.0,-0.014132192606022893,0.014132192606022893,,False
19,DEEP->DISCH,albite,0.0,0.0,0.0,,False
19,DEEP->DISCH,pyrite_oxidation_aerobic,0.0,0.0,0.0,,False
20,RCH->SH15,calcite,0.2,0.3872533956140963,0.18725339561409626,93.62669780704813,False
20,RCH->SH15,dolomite,0.0,0.023908327408147387,0.023908327408147387,,False
20,RCH->SH15,halite,0.0,0.0,0.0,,False
20,RCH->SH15,gypsum,0.0,0.0333901758542007,0.0333901758542007,,False
20,RCH->SH15,CaNa_exch,0.0,-0.052208045747676624,0.052208045747676624,,True
20,RCH->SH15,albite,0.0,0.0062375847777630545,0.0062375847777630545,,False
20,RCH->SH15,pyrite_oxidation_aerobic,0.0,0.0,0.0,,False
20,RCH->SH30,calcite,0.25,0.1054223810846938,0.14457761891530618,-57.83104756612247,False
20,RCH->SH30,dolomite,0.0,0.0,0.0,,False
20,RCH->SH30,halite,0.0,0.0,0.0,,False
20,RCH->SH30,gypsum,0.05,0.015699739556137668,0.034300260443862335,-68.60052088772467,False
20,RCH->SH30,CaNa_exch,0.0,0.059390399142212086,0.059390399142212086,,True
20,RCH->SH30,albite,0.0,0.0,0.0,,False
20,RCH->SH30,pyrite_oxidation_aerobic,0.0,0.0,0.0,,False
20,SH15->INT1,calcite,2.5,2.6180788512360826,0.11807885123608264,4.7231540494433055,False
20,SH15->INT1,dolomite,0.2,0.06536991098167284,0.13463008901832718,-67.31504450916358,False
20,SH15->INT1,halite,0.0,0.0,0.0,,False
20,SH15->INT1,gypsum,0.0,0.0,0.0,,False
20,SH15->INT1,CaNa_exch,0.0,-0.13642389418719478,0.13642389418719478,,True
20,SH15->INT1,albite,0.0,0.04689535108403323,0.04689535108403323,,False
20,SH15->INT1,pyrite_oxidation_aerobic,0.0,0.0,0.0,,False
20,INT1->INT2,calcite,0.0,0.0,0.0,,False
20,INT1->INT2,dolomite,0.8,0.0,0.8,-100.0,False
20,INT1->INT2,halite,1.2,1.0126702690077536,0.18732973099224637,-15.610810916020531,False
20,INT1->INT2,gypsum,0.3,0.2318932643816376,0.06810673561836239,-22.7022452061208,False
20,INT1->INT2,CaNa_exch,0.0,-0.42280406427613015,0.42280406427613015,,True
20,INT1->INT2,albite,0.0,0.0,0.0,,False
20,INT1->INT2,pyrite_oxidation_aerobic,0.0,0.0,0.0,,False
20,INT2->MIX20,calcite,0.3,0.0,0.3,-100.0,False
20,INT2->MIX20,dolomite,0.0,0.0,0.0,,False
20,INT2->MIX20,halite,0.0,0.015269914230709447,0.015269914230709447,,False
20,INT2->MIX20,gypsum,0.0,0.00047499020548916253,0.00047499020548916253,,False
20,INT2->MIX20,CaNa_exch,-0.15,-0.06680881261634,0.08319118738365999,-55.46079158910666,False
20,INT2->MIX20,albite,0.0,0.04267690636194177,0.04267690636194177,,False
20,INT2->MIX20,pyrite_oxidation_aerobic,0.0,0.011650085315350386,0.011650085315350386,,False
20,MIX20->MIX40,calcite,0.0,0.17300041551814166,0.17300041551814166,,True
20,MIX20->MIX40,dolomite,0.0,0.014845532393099164,0.014845532393099164,,False
20,MIX20->MIX40,halite,0.35,0.19152174118794157,0.1584782588120584,-45.279502517730975,False
20,MIX20->MIX40,gypsum,0.0,0.0,0.0,,False
20,MIX20->MIX40,CaNa_exch,-0.25,-0.10672829795410416,0.14327170204589584,-57.30868081835834,False
20,MIX20->MIX40,albite,0.0,0.2000158385459967,0.2000158385459967,,True
20,MIX20->MIX40,pyrite_oxidation_aerobic,0.0,0.0,0.0,,False
20,MIX40->MIX60,calcite,0.0,0.23968455357382532,0.23968455357382532,,True
20,MIX40->MIX60,dolomite,0.3,0.10451802929079285,0.19548197070920714,-65.16065690306905,False
20,MIX40->MIX60,halite,0.0,0.0,0.0,,False
20,MIX40->MIX60,gypsum,0.1,0.1652034807201094,0.0652034807201094,65.2034807201094,False
20,MIX40->MIX60,CaNa_exch,-0.2,-0.3116120490588253,0.11161204905882527,55.80602452941264,False
20,MIX40->MIX60,albite,0.0,0.22609725635162375,0.22609725635162375,,True
20,MIX40->MIX60,pyrite_oxidation_aerobic,0.0,0.0,0.0,,False
20,MIX60->DILUTE,calcite,0.1,0.0,0.1,-100.0,False
20,MIX60->DILUTE,dolomite,0.0,0.0,0.0,,False
20,MIX60->DILUTE,halite,0.0,0.0,0.0,,False
20,MIX60->DILUTE,gypsum,0.0,0.0,0.0,,False
20,MIX60->DILUTE,CaNa_exch,0.0,0.024715598248992356,0.024715598248992356,,False
20,MIX60->DILUTE,albite,0.0,0.0,0.0,,False
20,MIX60->DILUTE,pyrite_oxidation_aerobic,0.0,0.0,0.0,,False
20,DILUTE->DEEP,calcite,0.0,0.0,0.0,,False
20,DILUTE->DEEP,dolomite,0.0,0.0,0.0,,False
20,DILUTE->DEEP,halite,0.45,0.4005082476498583,0.04949175235014169,-10.998167188920377,False
20,DILUTE->DEEP,gypsum,0.05,0.060143547392836234,0.010143547392836232,20.287094785672462,False
20,DILUTE->DEEP,CaNa_exch,-0.6,-0.6299665640092564,0.029966564009256458,4.994427334876076,False
20,DILUTE->DEEP,albite,0.0,0.0,0.0,,False
20,DILUTE->DEEP,pyrite_oxidation_aerobic,0.0,0.0,0.0,,False
20,DEEP->DISCH,calcite,0.1,0.09549844349083912,0.004501556509160884,-4.501556509160884,False
20,DEEP->DISCH,dolomite,0.05,0.0,0.05,-100.0,False
20,DEEP->DISCH,halite,0.0,0.03410282604632056,0.03410282604632056,,False
20,DEEP->DISCH,gypsum,0.0,0.0,0.0,,False
20,DEEP->DISCH,CaNa_exch,0.0,0.10669414719608024,0.10669414719608024,,True
20,DEEP->DISCH,albite,0.0,0.0,0.0,,False
20,DEEP->DISCH,pyrite_oxidation_aerobic,0.0,0.0,0.0,,False
21,RCH->SH15,calcite,0.2,0.0,0.2,-100.0,False
21,RCH->SH15,dolomite,0.0,0.0,0.0,,False
21,RCH->SH15,halite,0.0,0.0,0.0,,False
21,RCH->SH15,gypsum,0.0,0.0,0.0,,False
21,RCH->SH15,CaNa_exch,0.0,0.07007209930297469,0.07007209930297469,,True
21,RCH->SH15,albite,0.0,0.0,0.0,,False
21,RCH->SH15,pyrite_oxidation_aerobic,0.0,0.0,0.0,,False
21,RCH->SH30,calcite,0.25,0.0,0.25,-100.0,False
21,RCH->SH30,dolomite,0.0,0.0,0.0,,False
21,RCH->SH30,halite,0.0,0.0,0.0,,False
21,RCH->SH30,gypsum,0.05,0.0,0.05,-100.0,False
21,RCH->SH30,CaNa_exch,0.0,0.10586860000379981,0.10586860000379981,,True
21,RCH->SH30,albite,0.0,0.0,0.0,,False
21,RCH->SH30,pyrite_oxidation_aerobic,0.0,0.0054611883730971604,0.0054611883730971604,,False
21,SH15->INT1,calcite,2.5,2.788352515685237,0.2883525156852369,11.534100627409476,False
21,SH15->INT1,dolomite,0.2,0.058865341319352275,0.14113465868064773,-70.56732934032387,False
21,SH15->INT1,halite,0.0,0.0,0.0,,False
21,SH15->INT1,gypsum,0.0,0.0,0.0,,False
21,SH15->INT1,CaNa_exch,0.0,-0.11416710537907299,0.11416710537907299,,True
21,SH15->INT1,albite,0.0,0.02623804784202158,0.02623804784202158,,False
21,SH15->INT1,pyrite_oxidation_aerobic,0.0,0.0,0.0,,False
21,INT1->INT2,calcite,0.0,1.3380035989943493,1.3380035989943493,,True
21,INT1->INT2,dolomite,0.8,0.13061913432592645,0.6693808656740736,-83.67260820925921,False
21,INT1->INT2,halite,1.2,0.6236674966507583,0.5763325033492417,-48.02770861243681,False
21,INT1->INT2,gypsum,0.3,0.41278496426137984,0.11278496426137985,37.594988087126616,False
21,INT1->INT2,CaNa_exch,0.0,-0.2917880696852038,0.2917880696852038,,True
21,INT1->INT2,albite,0.0,0.13004974475814787,0.13004974475814787,,True
21,INT1->INT2,pyrite_oxidation_aerobic,0.0,0.0,0.0,,False
21,INT2->MIX20,calcite,0.3,0.0,0.3,-100.0,False
21,INT2->MIX20,dolomite,0.0,0.0,0.0,,False
21,INT2->MIX20,halite,0.0,0.11996494858811751,0.11996494858811751,,True
21,INT2->MIX20,gypsum,0.0,0.0,0.0,,False
21,INT2->MIX20,CaNa_exch,-0.15,-0.053263845828499454,0.09673615417150054,-64.49076944766703,False
21,INT2->MIX20,albite,0.0,0.0,0.0,,False
21,INT2->MIX20,pyrite_oxidation_aerobic,0.0,0.0009938069842404917,0.0009938069842404917,,False
21,MIX20->MIX40,calcite,0.0,0.20008141796326723,0.20008141796326723,,True
21,MIX20->MIX40,dolomite,0.0,0.037587628534847095,0.037587628534847095,,False
21,MIX20->MIX40,halite,0.35,0.1352350280165086,0.21476497198349137,-61.36142056671182,False
21,MIX20->MIX40,gypsum,0.0,0.0171523758097159,0.0171523758097159,,False
21,MIX20->MIX40,CaNa_exch,-0.25,-0.2404378426978327,0.009562157302167307,-3.8248629208669227,False
21,MIX20->MIX40,albite,0.0,0.4233740551934382,0.4233740551934382,,True
21,MIX20->MIX40,pyrite_oxidation_aerobic,0.0,0.0,0.0,,False
21,MIX40->MIX60,calcite,0.0,0.04176106389649111,0.04176106389649111,,False
21,MIX40->MIX60,dolomite,0.3,0.08180388484215786,0.21819611515784212,-72.73203838594738,False
21,MIX40->MIX60,halite,0.0,0.0,0.0,,False
21,MIX40->MIX60,gypsum,0.1,0.04091134763834786,0.059088652361652144,-59.08865236165214,False
21,MIX40->MIX60,CaNa_exch,-0.2,-0.19499150281625952,0.005008497183740496,-2.5042485918702475,False
21,MIX40->MIX60,albite,0.0,0.09890560533805295,0.09890560533805295,,True
21,MIX40->MIX60,pyrite_oxidation_aerobic,0.0,0.022128296287976124,0.022128296287976124,,False
21,MIX60->DILUTE,calcite,0.1,0.04020688329454409,0.059793116705455916,-59.793116705455915,False
21,MIX60->DILUTE,dolomite,0.0,0.0,0.0,,False
21,MIX60->DILUTE,halite,0.0,0.0,0.0,,False
21,MIX60->DILUTE,gypsum,0.0,0.0,0.0,,False
21,MIX60->DILUTE,CaNa_exch,0.0,0.007973569704389616,0.007973569704389616,,False
21,MIX60->DILUTE,albite,0.0,0.0,0.0,,False
21,MIX60->DILUTE,pyrite_oxidation_aerobic,0.0,0.0,0.0,,False
21,DILUTE->DEEP,calcite,0.0,0.0,0.0,,False
21,DILUTE->DEEP,dolomite,0.0,0.006936810136507023,0.006936810136507023,,False
21,DILUTE->DEEP,halite,0.45,0.5990313531562498,0.14903135315624977,33.11807847916661,False
21,DILUTE->DEEP,gypsum,0.05,0.10270156421467579,0.05270156421467578,105.40312842935155,False
21,DILUTE->DEEP,CaNa_exch,-0.6,-0.5505766697155559,0.04942333028444412,-8.237221714074021,False
21,DILUTE->DEEP,albite,0.0,0.005085177774381512,0.005085177774381512,,False
21,DILUTE->DEEP,pyrite_oxidation_aerobic,0.0,0.0,0.0,,False
21,DEEP->DISCH,calcite,0.1,0.0,0.1,-100.0,False
21,DEEP->DISCH,dolomite,0.05,0.0,0.05,-100.0,False
21,DEEP->DISCH,halite,0.0,0.012106955714679736,0.012106955714679736,,False
21,DEEP->DISCH,gypsum,0.0,0.01800604720822677,0.01800604720822677,,False
21,DEEP->DISCH,CaNa_exch,0.0,0.11970558176275532,0.11970558176275532,,True
21,DEEP->DISCH,albite,0.0,0.0,0.0,,False
21,DEEP->DISCH,pyrite_oxidation_aerobic,0.0,0.0,0.0,,False
22,RCH->SH15,calcite,0.2,0.035276419204128544,0.16472358079587146,-82.36179039793572,False
22,RCH->SH15,dolomite,0.0,0.0,0.0,,False
22,RCH->SH15,halite,0.0,0.0,0.0,,False
22,RCH->SH15,gypsum,0.0,0.0027585739433955902,0.0027585739433955902,,False
22,RCH->SH15,CaNa_exch,0.0,0.048981207288418205,0.048981207288418205,,False
22,RCH->SH15,albite,0.0,0.0,0.0,,False
22,RCH->SH15,pyrite_oxidation_aerobic,0.0,0.0,0.0,,False
22,RCH->SH30,calcite,0.25,0.04659704410613187,0.20340295589386814,-81.36118235754725,False
22,RCH->SH30,dolomite,0.0,0.0,0.0,,False
22,RCH->SH30,halite,0.0,0.0,0.0,,False
22,RCH->SH30,gypsum,0.05,0.01982666761639719,0.030173332383602813,-60.34666476720563,False
22,RCH->SH30,CaNa_exch,0.0,0.04099924810601851,0.04099924810601851,,False
22,RCH->SH30,albite,0.0,0.0,0.0,,False
22,RCH->SH30,pyrite_oxidation_aerobic,0.0,0.0036243829529006475,0.0036243829529006475,,False
22,SH15->INT1,calcite,2.5,2.671460807233058,0.1714608072330579,6.858432289322316,False
22,SH15->INT1,dolomite,0.2,0.0410560681893419,0.1589439318106581,-79.47196590532904,False
22,SH15->INT1,halite,0.0,0.0,0.0,,False
22,SH15->INT1,gypsum,0.0,0.06093358626443875,0.06093358626443875,,True
22,SH15->INT1,CaNa_exch,0.0,-0.052272770230641426,0.052272770230641426,,True
22,SH15->INT1,albite,0.0,0.01219689082630145,0.01219689082630145,,False
22,SH15->INT1,pyrite_oxidation_aerobic,0.0,0.0,0.0,,False
22,INT1->INT2,calcite,0.0,1.0576407332288615,1.0576407332288615,,True
22,INT1->INT2,dolomite,0.8,0.20002804730869136,0.5999719526913087,-74.99649408641358,False
22,INT1->INT2,halite,1.2,1.2107214106357003,0.010721410635700312,0.8934508863083594,False
22,INT1->INT2,gypsum,0.3,0.24276440543445585,0.05723559456554414,-19.078531521848046,False
22,INT1->INT2,CaNa_exch,0.0,-0.5106517385542213,0.5106517385542213,,True
22,INT1->INT2,albite,0.0,0.25512101773602414,0.25512101773602414,,True
22,INT1->INT2,pyrite_oxidation_aerobic,0.0,0.020225550759954924,0.020225550759954924,,False
22,INT2->MIX20,calcite,0.3,0.0,0.3,-100.0,False
22,INT2->MIX20,dolomite,0.0,0.0,0.0,,False
22,INT2->MIX20,halite,0.0,0.08816898171180863,0.08816898171180863,,True
22,INT2->MIX20,gypsum,0.0,0.0,0.0,,False
22,INT2->MIX20,CaNa_exch,-0.15,-0.11865155079843862,0.03134844920156138,-20.898966134374255,False
22,INT2->MIX20,albite,0.0,0.0,0.0,,False
22,INT2->MIX20,pyrite_oxidation_aerobic,0.0,0.010370153876534286,0.010370153876534286,,False
22,MIX20->MIX40,calcite,0.0,0.20112752893221678,0.20112752893221678,,True
22,MIX20->MIX40,dolomite,0.0,0.003306645062583482,0.003306645062583482,,False
22,MIX20->MIX40,halite,0.35,0.11777187573926347,0.23222812426073652,-66.35089264592473,False
22,MIX20->MIX40,gypsum,0.0,0.08607051006268697,0.08607051006268697,,True
22,MIX20->MIX40,CaNa_exch,-0.25,-0.12135899987458164,0.12864100012541835,-51.45640005016734,False
22,MIX20->MIX40,albite,0.0,0.24548232742110215,0.24548232742110215,,True
22,MIX20->MIX40,pyrite_oxidation_aerobic,0.0,0.0,0.0,,False
22,MIX40->MIX60,calcite,0.0,0.14376605138444434,0.14376605138444434,,True
22,MIX40->MIX60,dolomite,0.3,0.07201565677396395,0.22798434322603606,-75.99478107534536,False
22,MIX40->MIX60,halite,0.0,0.0,0.0,,False
22,MIX40->MIX60,gypsum,0.1,0.047374532831008585,0.05262546716899142,-52.62546716899142,False
22,MIX40->MIX60,CaNa_exch,-0.2,-0.2074382420160387,0.007438242016038682,3.7191210080193406,False
22,MIX40->MIX60,albite,0.0,0.17083788401155736,0.17083788401155736,,True
22,MIX40->MIX60,pyrite_oxidation_aerobic,0.0,0.020781279329632637,0.020781279329632637,,False
22,MIX60->DILUTE,calcite,0.1,0.003931471656660967,0.09606852834333904,-96.06852834333903,False
22,MIX60->DILUTE,dolomite,0.0,0.008982725626395056,0.008982725626395056,,False
22,MIX60->DILUTE,halite,0.0,0.011636564759964536,0.011636564759964536,,False
22,MIX60->DILUTE,gypsum,0.0,0.01149077751214955,0.01149077751214955,,False
22,MIX60->DILUTE,CaNa_exch,0.0,0.010670205106733614,0.010670205106733614,,False
22,MIX60->DILUTE,albite,0.0,0.0,0.0,,False
22,MIX60->DILUTE,pyrite_oxidation_aerobic,0.0,0.0,0.0,,False
22,DILUTE->DEEP,calcite,0.0,0.00595459975418587,0.00595459975418587,,False
22,DILUTE->DEEP,dolomite,0.0,0.003206639511169256,0.003206639511169256,,False
22,DILUTE->DEEP,halite,0.45,0.4776422242854345,0.027642224285434502,6.142716507874334,False
22,DILUTE->DEEP,gypsum,0.05,0.07600196173097486,0.026001961730974854,52.003923461949704,False
22,DILUTE->DEEP,CaNa_exch,-0.6,-0.546635742637634,0.05336425736236594,-8.894042893727656,False
22,DILUTE->DEEP,albite,0.0,0.061667475139100245,0.061667475139100245,,True
22,DILUTE->DEEP,pyrite_oxidation_aerobic,0.0,0.0,0.0,,False
22,DEEP->DISCH,calcite,0.1,0.0,0.1,-100.0,False
22,DEEP->DISCH,dolomite,0.05,0.0,0.05,-100.0,False
22,DEEP->DISCH,halite,0.0,0.0989997547899091,0.0989997547899091,,True
22,DEEP->DISCH,gypsum,0.0,0.0,0.0,,False
22,DEEP->DISCH,CaNa_exch,0.0,0.02198707343070827,0.02198707343070827,,False
22,DEEP->DISCH,albite,0.0,0.0,0.0,,False
22,DEEP->DISCH,pyrite_oxidation_aerobic,0.0,0.0023677530262840633,0.0023677530262840633,,False
23,RCH->SH15,calcite,0.2,0.4280548379881835,0.2280548379881835,114.02741899409175,False
23,RCH->SH15,dolomite,0.0,0.029993697585624365,0.029993697585624365,,False
23,RCH->SH15,halite,0.0,0.0,0.0,,False
23,RCH->SH15,gypsum,0.0,0.0,0.0,,False
23,RCH->SH15,CaNa_exch,0.0,-0.04082783526938849,0.04082783526938849,,False
23,RCH->SH15,albite,0.0,0.0,0.0,,False
23,RCH->SH15,pyrite_oxidation_aerobic,0.0,0.005335002592196344,0.005335002592196344,,False
23,RCH->SH30,calcite,0.25,0.07546832781918307,0.17453167218081694,-69.81266887232678,False
23,RCH->SH30,dolomite,0.0,0.0,0.0,,False
23,RCH->SH30,halite,0.0,0.0,0.0,,False
23,RCH->SH30,gypsum,0.05,0.0,0.05,-100.0,False
23,RCH->SH30,CaNa_exch,0.0,0.15038745968448633,0.15038745968448633,,True
23,RCH->SH30,albite,0.0,0.0,0.0,,False
23,RCH->SH30,pyrite_oxidation_aerobic,0.0,0.00027869334136963243,0.00027869334136963243,,False
23,SH15->INT1,calcite,2.5,2.6155474422534315,0.1155474422534315,4.62189769013726,False
23,SH15->INT1,dolomite,0.2,0.06058539580801309,0.13941460419198692,-69.70730209599346,False
23,SH15->INT1,halite,0.0,0.0,0.0,,False
23,SH15->INT1,gypsum,0.0,0.0,0.0,,False
23,SH15->INT1,CaNa_exch,0.0,-0.12692232568975773,0.12692232568975773,,True
23,SH15->INT1,albite,0.0,0.04467174625034108,0.04467174625034108,,False
23,SH15->INT1,pyrite_oxidation_aerobic,0.0,0.003881766732159934,0.003881766732159934,,False
23,INT1->INT2,calcite,0.0,1.5488062914634684,1.5488062914634684,,True
23,INT1->INT2,dolomite,0.8,0.18741575037260969,0.6125842496273903,-76.5730312034238,False
23,INT1->INT2,halite,1.2,0.7424572611659866,0.4575427388340133,-38.12856156950111,False
23,INT1->INT2,gypsum,0.3,0.20788555257217906,0.09211444742782093,-30.704815809273647,False
23,INT1->INT2,CaNa_exch,0.0,-0.38302263235333883,0.38302263235333883,,True
23,INT1->INT2,albite,0.0,0.17797940682835456,0.17797940682835456,,True
23,INT1->INT2,pyrite_oxidation_aerobic,0.0,0.018085012696163614,0.018085012696163614,,False
23,INT2->MIX20,calcite,0.3,0.004424915594545848,0.29557508440545416,-98.52502813515139,False
23,INT2->MIX20,dolomite,0.0,0.003278061374750362,0.003278061374750362,,False
23,INT2->MIX20,halite,0.0,0.0,0.0,,False
23,INT2->MIX20,gypsum,0.0,0.1331291410564319,0.1331291410564319,,True
23,INT2->MIX20,CaNa_exch,-0.15,-0.1355287813961513,0.014471218603848701,-9.647479069232467,False
23,INT2->MIX20,albite,0.0,0.04877926369723902,0.04877926369723902,,False
23,INT2->MIX20,pyrite_oxidation_aerobic,0.0,0.0,0.0,,False
23,MIX20->MIX40,calcite,0.0,0.08890996108543477,0.08890996108543477,,True
23,MIX20->MIX40,dolomite,0.0,0.01776631686172956,0.01776631686172956,,False
23,MIX20->MIX40,halite,0.35,0.2873303039239992,0.06266969607600076,-17.90562745028593,False
23,MIX20->MIX40,gypsum,0.0,0.0,0.0,,False
23,MIX20->MIX40,CaNa_exch,-0.25,-0.09110933542558704,0.15889066457441298,-63.55626582976519,False
23,MIX20->MIX40,albite,0.0,0.14782490259796732,0.14782490259796732,,True
23,MIX20->MIX40,pyrite_oxidation_aerobic,0.0,0.0,0.0,,False
23,MIX40->MIX60,calcite,0.0,0.061207508051366946,0.061207508051366946,,True
23,MIX40->MIX60,dolomite,0.3,0.08303862280101196,0.21696137719898803,-72.32045906632935,False
23,MIX40->MIX60,halite,0.0,0.0,0.0,,False
23,MIX40->MIX60,gypsum,0.1,0.10261121657711413,0.00261121657711412,2.61121657711412,False
23,MIX40->MIX60,CaNa_exch,-0.2,-0.2419399705542717,0.04193997055427168,20.96998527713584,False
23,MIX40->MIX60,albite,0.0,0.1798705085961145,0.1798705085961145,,True
23,MIX40->MIX60,pyrite_oxidation_aerobic,0.0,0.006800953961170945,0.006800953961170945,,False
23,MIX60->DILUTE,calcite,0.1,0.0,0.1,-100.0,False
23,MIX60->DILUTE,dolomite,0.0,0.0,0.0,,False
23,MIX60->DILUTE,halite,0.0,0.0,0.0,,False
23,MIX60->DILUTE,gypsum,0.0,0.0,0.0,,False
23,MIX60->DILUTE,CaNa_exch,0.0,0.10597108727133757,0.10597108727133757,,True
23,MIX60->DILUTE,albite,0.0,0.0,0.0,,False
23,MIX60->DILUTE,pyrite_oxidation_aerobic,0.0,0.0,0.0,,False
23,DILUTE->DEEP,calcite,0.0,0.0,0.0,,False
23,DILUTE->DEEP,dolomite,0.0,0.0,0.0,,False
23,DILUTE->DEEP,halite,0.45,0.42630406956335876,0.023695930436641255,-5.2657623192536125,False
23,DILUTE->DEEP,gypsum,0.05,0.04618343233877003,0.0038165676612299734,-7.633135322459947,False
23,DILUTE->DEEP,CaNa_exch,-0.6,-0.5700321816590739,0.0299678183409261,-4.9946363901543505,False
23,DILUTE->DEEP,albite,0.0,0.0,0.0,,False
23,DILUTE->DEEP,pyrite_oxidation_aerobic,0.0,0.0,0.0,,False
23,DEEP->DISCH,calcite,0.1,0.1375857295617558,0.03758572956175579,37.58572956175579,False
23,DEEP->DISCH,dolomite,0.05,0.0,0.05,-100.0,False
23,DEEP->DISCH,halite,0.0,0.0634798050196084,0.0634798050196084,,True
23,DEEP->DISCH,gypsum,0.0,0.0,0.0,,False
23,DEEP->DISCH,CaNa_exch,0.0,0.050027958931745935,0.050027958931745935,,True
23,DEEP->DISCH,albite,0.0,0.0,0.0,,False
23,DEEP->DISCH,pyrite_oxidation_aerobic,0.0,0.005829437336358447,0.005829437336358447,,False
24,RCH->SH15,calcite,0.2,0.0018303767880802496,0.19816962321191975,-99.08481160595987,False
24,RCH->SH15,dolomite,0.0,0.0,0.0,,False
24,RCH->SH15,halite,0.0,0.0,0.0,,False
24,RCH->SH15,gypsum,0.0,0.0,0.0,,False
24,RCH->SH15,CaNa_exch,0.0,0.09520343396436556,0.09520343396436556,,True
24,RCH->SH15,albite,0.0,0.0,0.0,,False
24,RCH->SH15,pyrite_oxidation_aerobic,0.0,0.0,0.0,,False
24,RCH->SH30,calcite,0.25,0.0,0.25,-100.0,False
24,RCH->SH30,dolomite,0.0,0.0,0.0,,False
24,RCH->SH30,halite,0.0,0.0,0.0,,False
24,RCH->SH30,gypsum,0.05,0.0,0.05,-100.0,False
24,RCH->SH30,CaNa_exch,0.0,0.08290004826309376,0.08290004826309376,,True
24,RCH->SH30,albite,0.0,0.0,0.0,,False
24,RCH->SH30,pyrite_oxidation_aerobic,0.0,0.008373505121425609,0.008373505121425609,,False
24,SH15->INT1,calcite,2.5,2.8338702216558165,0.3338702216558165,13.35480886623266,False
24,SH15->INT1,dolomite,0.2,0.06548487107420169,0.1345151289257983,-67.25756446289915,False
24,SH15->INT1,halite,0.0,0.008405169374534439,0.008405169374534439,,False
24,SH15->INT1,gypsum,0.0,0.0,0.0,,False
24,SH15->INT1,CaNa_exch,0.0,-0.14793418028434663,0.14793418028434663,,True
24,SH15->INT1,albite,0.0,0.0751537593192354,0.0751537593192354,,True
24,SH15->INT1,pyrite_oxidation_aerobic,0.0,0.0,0.0,,False
24,INT1->INT2,calcite,0.0,1.2480991262806087,1.2480991262806087,,True
24,INT1->INT2,dolomite,0.8,0.19836999644620792,0.6016300035537921,-75.20375044422401,False
24,INT1->INT2,halite,1.2,0.7233960447543551,0.4766039552456448,-39.7169962704704,False
24,INT1->INT2,gypsum,0.3,0.18670529300612446,0.11329470699387553,-37.76490233129184,False
24,INT1->INT2,CaNa_exch,0.0,-0.3970293392143333,0.3970293392143333,,True
24,INT1->INT2,albite,0.0,0.19186786726843424,0.19186786726843424,,True
24,INT1->INT2,pyrite_oxidation_aerobic,0.0,0.013779884930040804,0.013779884930040804,,False
24,INT2->MIX20,calcite,0.3,0.10070041130094175,0.19929958869905823,-66.4331962330194,False
24,INT2->MIX20,dolomite,0.0,0.003182983488873892,0.003182983488873892,,False
24,INT2->MIX20,halite,0.0,0.0,0.0,,False
24,INT2->MIX20,gypsum,0.0,0.10019863785553887,0.10019863785553887,,True
24,INT2->MIX20,CaNa_exch,-0.15,-0.04004664513098191,0.10995335486901808,-73.30223657934539,False
24,INT2->MIX20,albite,0.0,0.03569387235119451,0.03569387235119451,,False
24,INT2->MIX20,pyrite_oxidation_aerobic,0.0,0.0,0.0,,False
24,MIX20->MIX40,calcite,0.0,0.21119965523652673,0.21119965523652673,,True
24,MIX20->MIX40,dolomite,0.0,0.02523032309126502,0.02523032309126502,,False
24,MIX20->MIX40,halite,0.35,0.21115408155511883,0.13884591844488114,-39.670262412823185,False
24,MIX20->MIX40,gypsum,0.0,0.0,0.0,,False
24,MIX20->MIX40,CaNa_exch,-0.25,-0.11738868902863794,0.13261131097136206,-53.04452438854482,False
24,MIX20->MIX40,albite,0.0,0.1799352637486058,0.1799352637486058,,True
24,MIX20->MIX40,pyrite_oxidation_aerobic,0.0,0.0,0.0,,False
24,MIX40->MIX60,calcite,0.0,0.051865131324760796,0.051865131324760796,,True
24,MIX40->MIX60,dolomite,0.3,0.057863703331996454,0.24213629666800354,-80.71209888933451,False
24,MIX40->MIX60,halite,0.0,0.0,0.0,,False
24,MIX40->MIX60,gypsum,0.1,0.17697775868093965,0.07697775868093965,76.97775868093964,False
24,MIX40->MIX60,CaNa_exch,-0.2,-0.18030957965701286,0.019690420342987153,-9.845210171493576,False
24,MIX40->MIX60,albite,0.0,0.10189840457107806,0.10189840457107806,,True
24,MIX40->MIX60,pyrite_oxidation_aerobic,0.0,0.0,0.0,,False
24,MIX60->DILUTE,calcite,0.1,0.0,0.1,-100.0,False
24,MIX60->DILUTE,dolomite,0.0,0.0,0.0,,False
24,MIX60->DILUTE,halite,0.0,0.0,0.0,,False
24,MIX60->DILUTE,gypsum,0.0,0.0,0.0,,False
24,MIX60->DILUTE,CaNa_exch,0.0,-0.044686777881521145,0.044686777881521145,,False
24,MIX60->DILUTE,albite,0.0,0.0,0.0,,False
24,MIX60->DILUTE,pyrite_oxidation_aerobic,0.0,0.0,0.0,,False
24,DILUTE->DEEP,calcite,0.0,0.0,0.0,,False
24,DILUTE->DEEP,dolomite,0.0,0.0,0.0,,False
24,DILUTE->DEEP,halite,0.45,0.5299018497220589,0.07990184972205888,17.755966604901975,False
24,DILUTE->DEEP,gypsum,0.05,0.032771584469421,0.017228415530579,-34.456831061158,False
24,DILUTE->DEEP,CaNa_exch,-0.6,-0.5252866552611968,0.0747133447388032,-12.452224123133869,False
24,DILUTE->DEEP,albite,0.0,0.0,0.0,,False
24,DILUTE->DEEP,pyrite_oxidation_aerobic,0.0,0.0,0.0,,False
24,DEEP->DISCH,calcite,0.1,0.0,0.1,-100.0,False
24,DEEP->DISCH,dolomite,0.05,0.025049147171994853,0.02495085282800515,-49.9017056560103,False
24,DEEP->DISCH,halite,0.0,0.0,0.0,,False
24,DEEP->DISCH,gypsum,0.0,0.0,0.0,,False
24,DEEP->DISCH,CaNa_exch,0.0,-0.015540032109889614,0.015540032109889614,,False
24,DEEP->DISCH,albite,0.0,0.0,0.0,,False
24,DEEP->DISCH,pyrite_oxidation_aerobic,0.0,0.005613625068177337,0.005613625068177337,,False
25,RCH->SH15,calcite,0.2,0.0,0.2,-100.0,False
25,RCH->SH15,dolomite,0.0,0.0,0.0,,False
25,RCH->SH15,halite,0.0,0.0,0.0,,False
25,RCH->SH15,gypsum,0.0,0.0,0.0,,False
25,RCH->SH15,CaNa_exch,0.0,0.07621349196685384,0.07621349196685384,,True
25,RCH->SH15,albite,0.0,0.0,0.0,,False
25,RCH->SH15,pyrite_oxidation_aerobic,0.0,0.0,0.0,,False
25,RCH->SH30,calcite,0.25,0.03613735635846532,0.21386264364153468,-85.54505745661388,False
25,RCH->SH30,dolomite,0.0,0.0,0.0,,False
25,RCH->SH30,halite,0.0,0.0,0.0,,False
25,RCH->SH30,gypsum,0.05,0.01992916292537271,0.030070837074627293,-60.141674149254584,False
25,RCH->SH30,CaNa_exch,0.0,0.08610977530282057,0.08610977530282057,,True
25,RCH->SH30,albite,0.0,0.0,0.0,,False
25,RCH->SH30,pyrite_oxidation_aerobic,0.0,0.008792892815395153,0.008792892815395153,,False
25,SH15->INT1,calcite,2.5,2.650624013779827,0.15062401377982715,6.024960551193086,False
25,SH15->INT1,dolomite,0.2,0.04085546784356367,0.15914453215643634,-79.57226607821816,False
25,SH15->INT1,halite,0.0,0.001021334199420772,0.001021334199420772,,False
25,SH15->INT1,gypsum,0.0,0.06810973305260606,0.06810973305260606,,True
25,SH15->INT1,CaNa_exch,0.0,-0.06857614738407174,0.06857614738407174,,True
25,SH15->INT1,albite,0.0,0.01071258835301593,0.01071258835301593,,False
25,SH15->INT1,pyrite_oxidation_aerobic,0.0,0.0,0.0,,False
25,INT1->INT2,calcite,0.0,0.97090808210509,0.97090808210509,,True
25,INT1->INT2,dolomite,0.8,0.18292381870874438,0.6170761812912556,-77.13452266140695,False
25,INT1->INT2,halite,1.2,1.1434664218928434,0.056533578107156535,-4.711131508929712,False
25,INT1->INT2,gypsum,0.3,0.2197329407345817,0.0802670592654183,-26.7556864218061,False
25,INT1->INT2,CaNa_exch,0.0,-0.43437937041366964,0.43437937041366964,,True
25,INT1->INT2,albite,0.0,0.21854901814807473,0.21854901814807473,,True
25,INT1->INT2,pyrite_oxidation_aerobic,0.0,0.011372164488660564,0.011372164488660564,,False
25,INT2->MIX20,calcite,0.3,0.23786550035089957,0.06213449964910042,-20.711499883033476,False
25,INT2->MIX20,dolomite,0.0,0.0032730929464303404,0.0032730929464303404,,False
25,INT2->MIX20,halite,0.0,0.09408063116249832,0.09408063116249832,,True
25,INT2->MIX20,gypsum,0.0,0.11346078777047298,0.11346078777047298,,True
25,INT2->MIX20,CaNa_exch,-0.15,-0.03130384976583645,0.11869615023416355,-79.1307668227757,False
25,INT2->MIX20,albite,0.0,0.006800331589529557,0.006800331589529557,,False
25,INT2->MIX20,pyrite_oxidation_aerobic,0.0,0.0,0.0,,False
25,MIX20->MIX40,calcite,0.0,0.0,0.0,,False
25,MIX20->MIX40,dolomite,0.0,0.0,0.0,,False
25,MIX20->MIX40,halite,0.35,0.14806159002638553,0.20193840997361445,-57.69668856388984,False
25,MIX20->MIX40,gypsum,0.0,0.0,0.0,,False
25,MIX20->MIX40,CaNa_exch,-0.25,-0.2549241176255425,0.004924117625542512,1.969647050217005,False
25,MIX20->MIX40,albite,0.0,0.07555135331322971,0.07555135331322971,,True
25,MIX20->MIX40,pyrite_oxidation_aerobic,0.0,0.0028083302468069546,0.0028083302468069546,,False
25,MIX40->MIX60,calcite,0.0,0.3617546485503836,0.3617546485503836,,True
25,MIX40->MIX60,dolomite,0.3,0.07419830855575886,0.22580169144424111,-75.2672304814137,False
25,MIX40->MIX60,halite,0.0,0.0,0.0,,False
25,MIX40->MIX60,gypsum,0.1,0.10111189432847764,0.0011118943284776361,1.1118943284776361,False
25,MIX40->MIX60,CaNa_exch,-0.2,-0.199041159413467,0.0009588405865330052,-0.4794202932665026,False
25,MIX40->MIX60,albite,0.0,0.11315458748438635,0.11315458748438635,,True
25,MIX40->MIX60,pyrite_oxidation_aerobic,0.0,0.0,0.0,,False
25,MIX60->DILUTE,calcite,0.1,0.0,0.1,-100.0,False
25,MIX60->DILUTE,dolomite,0.0,0.0,0.0,,False
25,MIX60->DILUTE,halite,0.0,0.0,0.0,,False
25,MIX60->DILUTE,gypsum,0.0,0.0,0.0,,False
25,MIX60->DILUTE,CaNa_exch,0.0,-0.05989536139247665,0.05989536139247665,,True
25,MIX60->DILUTE,albite,0.0,0.0,0.0,,False
25,MIX60->DILUTE,pyrite_oxidation_aerobic,0.0,0.002128780368279921,0.002128780368279921,,False
25,DILUTE->DEEP,calcite,0.0,0.0,0.0,,False
25,DILUTE->DEEP,dolomite,0.0,0.0,0.0,,False
25,DILUTE->DEEP,halite,0.45,0.48777619572094816,0.03777619572094815,8.3947101602107,False
25,DILUTE->DEEP,gypsum,0.05,0.08609028378781698,0.03609028378781698,72.18056757563396,False
25,DILUTE->DEEP,CaNa_exch,-0.6,-0.5761037825216274,0.02389621747837256,-3.9827029130620937,False
25,DILUTE->DEEP,albite,0.0,0.0,0.0,,False
25,DILUTE->DEEP,pyrite_oxidation_aerobic,0.0,0.0,0.0,,False
25,DEEP->DISCH,calcite,0.1,0.0,0.1,-100.0,False
25,DEEP->DISCH,dolomite,0.05,0.0,0.05,-100.0,False
25,DEEP->DISCH,halite,0.0,0.0,0.0,,False
25,DEEP->DISCH,gypsum,0.0,0.0,0.0,,False
25,DEEP->DISCH,CaNa_exch,0.0,0.054829162276742616,0.054829162276742616,,True
25,DEEP->DISCH,albite,0.0,0.0,0.0,,False
25,DEEP->DISCH,pyrite_oxidation_aerobic,0.0,0.0,0.0,,False
26,RCH->SH15,calcite,0.2,0.2941727694121299,0.09417276941212988,47.08638470606493,False
26,RCH->SH15,dolomite,0.0,0.014466043540456969,0.014466043540456969,,False
26,RCH->SH15,halite,0.0,0.0747193333674923,0.0747193333674923,,True
26,RCH->SH15,gypsum,0.0,0.030679405091665616,0.030679405091665616,,False
26,RCH->SH15,CaNa_exch,0.0,-0.008842635596920738,0.008842635596920738,,False
26,RCH->SH15,albite,0.0,0.0,0.0,,False
26,RCH->SH15,pyrite_oxidation_aerobic,0.0,0.0,0.0,,False
26,RCH->SH30,calcite,0.25,0.060364376843245755,0.18963562315675425,-75.8542492627017,False
26,RCH->SH30,dolomite,0.0,0.0,0.0,,False
26,RCH->SH30,halite,0.0,0.0,0.0,,False
26,RCH->SH30,gypsum,0.05,0.0,0.05,-100.0,False
26,RCH->SH30,CaNa_exch,0.0,0.10145830785001259,0.10145830785001259,,True
26,RCH->SH30,albite,0.0,0.0,0.0,,False
26,RCH->SH30,pyrite_oxidation_aerobic,0.0,0.003952827052183266,0.003952827052183266,,False
26,SH15->INT1,calcite,2.5,2.8291626472884346,0.3291626472884346,13.166505891537383,False
26,SH15->INT1,dolomite,0.2,0.06410941915222956,0.13589058084777045,-67.94529042388523,False
26,SH15->INT1,halite,0.0,0.0,0.0,,False
26,SH15->INT1,gypsum,0.0,0.0,0.0,,False
26,SH15->INT1,CaNa_exch,0.0,-0.1346616727454101,0.1346616727454101,,True
26,SH15->INT1,albite,0.0,0.04816202672739023,0.04816202672739023,,False
26,SH15->INT1,pyrite_oxidation_aerobic,0.0,0.005269387159164695,0.005269387159164695,,False
26,INT1->INT2,calcite,0.0,0.8323634199291637,0.8323634199291637,,True
26,INT1->INT2,dolomite,0.8,0.19771494631706563,0.6022850536829344,-75.2856317103668,False
26,INT1->INT2,halite,1.2,1.138682059622905,0.061317940377094926,-5.10982836475791,False
26,INT1->INT2,gypsum,0.3,0.2566966472503491,0.043303352749650914,-14.434450916550306,False
26,INT1->INT2,CaNa_exch,0.0,-0.49951519598464705,0.49951519598464705,,True
26,INT1->INT2,albite,0.0,0.24875934197885394,0.24875934197885394,,True
26,INT1->INT2,pyrite_oxidation_aerobic,0.0,0.01990308657278128,0.01990308657278128,,False
26,INT2->MIX20,calcite,0.3,0.26767775866986715,0.03232224133013284,-10.774080443377613,False
26,INT2->MIX20,dolomite,0.0,0.003029586711901976,0.003029586711901976,,False
26,INT2->MIX20,halite,0.0,0.14207857421104741,0.14207857421104741,,True
26,INT2->MIX20,gypsum,0.0,0.08582113939249124,0.08582113939249124,,True
26,INT2->MIX20,CaNa_exch,-0.15,-0.011235267837482622,0.13876473216251736,-92.50982144167824,False
26,INT2->MIX20,albite,0.0,0.0,0.0,,False
26,INT2->MIX20,pyrite_oxidation_aerobic,0.0,0.0,0.0,,False
26,MIX20->MIX40,calcite,0.0,0.09882285202931325,0.09882285202931325,,True
26,MIX20->MIX40,dolomite,0.0,0.030353458693568387,0.030353458693568387,,False
26,MIX20->MIX40,halite,0.35,0.13006114097777954,0.21993885902222043,-62.8396740063487,False
26,MIX20->MIX40,gypsum,0.0,0.0,0.0,,False
26,MIX20->MIX40,CaNa_exch,-0.25,-0.2222631877387366,0.0277368122612634,-11.094724904505359,False
26,MIX20->MIX40,albite,0.0,0.41906736130346783,0.41906736130346783,,True
26,MIX20->MIX40,pyrite_oxidation_aerobic,0.0,0.0,0.0,,False
26,MIX40->MIX60,calcite,0.0,0.1524109178800001,0.1524109178800001,,True
26,MIX40->MIX60,dolomite,0.3,0.0902795426542761,0.2097204573457239,-69.9068191152413,False
26,MIX40->MIX60,halite,0.0,0.0,0.0,,False
26,MIX40->MIX60,gypsum,0.1,0.059515923339367255,0.04048407666063275,-40.484076660632745,False
26,MIX40->MIX60,CaNa_exch,-0.2,-0.2070246085286982,0.007024608528698184,3.512304264349092,False
26,MIX40->MIX60,albite,0.0,0.08154563416068078,0.08154563416068078,,True
26,MIX40->MIX60,pyrite_oxidation_aerobic,0.0,0.022812424934137016,0.022812424934137016,,False
26,MIX60->DILUTE,calcite,0.1,0.01707879637265375,0.08292120362734626,-82.92120362734624,False
26,MIX60->DILUTE,dolomite,0.0,0.0,0.0,,False
26,MIX60->DILUTE,halite,0.0,0.009611340656537263,0.009611340656537263,,False
26,MIX60->DILUTE,gypsum,0.0,0.0,0.0,,False
26,MIX60->DILUTE,CaNa_exch,0.0,0.0812055507329847,0.0812055507329847,,True
26,MIX60->DILUTE,albite,0.0,0.0,0.0,,False
26,MIX60->DILUTE,pyrite_oxidation_aerobic,0.0,0.0,0.0,,False
26,DILUTE->DEEP,calcite,0.0,0.0,0.0,,False
26,DILUTE->DEEP,dolomite,0.0,0.008084270134846982,0.008084270134846982,,False
26,DILUTE->DEEP,halite,0.45,0.3883776254663741,0.0616223745336259,-13.693861007472423,False
26,DILUTE->DEEP,gypsum,0.05,0.0798056121753256,0.029805612175325596,59.61122435065119,False
26,DILUTE->DEEP,CaNa_exch,-0.6,-0.6644876697041961,0.06448766970419617,10.747944950699363,False
26,DILUTE->DEEP,albite,0.0,0.08067397848406438,0.08067397848406438,,True
26,DILUTE->DEEP,pyrite_oxidation_aerobic,0.0,0.0,0.0,,False
26,DEEP->DISCH,calcite,0.1,0.007476436843872377,0.09252356315612763,-92.52356315612762,False
26,DEEP->DISCH,dolomite,0.05,0.0,0.05,-100.0,False
26,DEEP->DISCH,halite,0.0,0.04084086680275711,0.04084086680275711,,False
26,DEEP->DISCH,gypsum,0.0,0.0,0.0,,False
26,DEEP->DISCH,CaNa_exch,0.0,0.13630699014149658,0.13630699014149658,,True
26,DEEP->DISCH,albite,0.0,0.0,0.0,,False
26,DEEP->DISCH,pyrite_oxidation_aerobic,0.0,0.0,0.0,,False
27,RCH->SH15,calcite,0.2,0.2888221732342196,0.08882217323421959,44.41108661710979,False
27,RCH->SH15,dolomite,0.0,0.012814473388958447,0.012814473388958447,,False
27,RCH->SH15,halite,0.0,0.0,0.0,,False
27,RCH->SH15,gypsum,0.0,0.07301881974949744,0.07301881974949744,,True
27,RCH->SH15,CaNa_exch,0.0,-0.007179953337854821,0.007179953337854821,,False
27,RCH->SH15,albite,0.0,0.0,0.0,,False
27,RCH->SH15,pyrite_oxidation_aerobic,0.0,0.0,0.0,,False
27,RCH->SH30,calcite,0.25,0.07205506103672159,0.1779449389632784,-71.17797558531136,False
27,RCH->SH30,dolomite,0.0,0.0,0.0,,False
27,RCH->SH30,halite,0.0,0.0,0.0,,False
27,RCH->SH30,gypsum,0.05,0.12175182871156198,0.07175182871156198,143.50365742312397,False
27,RCH->SH30,CaNa_exch,0.0,0.132214863188684,0.132214863188684,,True
27,RCH->SH30,albite,0.0,0.0,0.0,,False
27,RCH->SH30,pyrite_oxidation_aerobic,0.0,0.0,0.0,,False
27,SH15->INT1,calcite,2.5,2.79426599802403,0.29426599802402986,11.770639920961194,False
27,SH15->INT1,dolomite,0.2,0.06116565072990089,0.13883434927009913,-69.41717463504956,False
27,SH15->INT1,halite,0.0,0.03635977300796079,0.03635977300796079,,False
27,SH15->INT1,gypsum,0.0,0.0,0.0,,False
27,SH15->INT1,CaNa_exch,0.0,-0.11441107402262382,0.11441107402262382,,True
27,SH15->INT1,albite,0.0,0.027631096065627254,0.027631096065627254,,False
27,SH15->INT1,pyrite_oxidation_aerobic,0.0,0.0,0.0,,False
27,INT1->INT2,calcite,0.0,1.5861473481895618,1.5861473481895618,,True
27,INT1->INT2,dolomite,0.8,0.19513632554172067,0.6048636744582794,-75.60795930728491,False
27,INT1->INT2,halite,1.2,0.7052495322264422,0.4947504677735578,-41.22920564779648,False
27,INT1->INT2,gypsum,0.3,0.24547161317777597,0.05452838682222402,-18.17612894074134,False
27,INT1->INT2,CaNa_exch,0.0,-0.45896231033442525,0.45896231033442525,,True
27,INT1->INT2,albite,0.0,0.23657691488162186,0.23657691488162186,,True
27,INT1->INT2,pyrite_oxidation_aerobic,0.0,0.0079823835305037,0.0079823835305037,,False
27,INT2->MIX20,calcite,0.3,0.0,0.3,-100.0,False
27,INT2->MIX20,dolomite,0.0,0.0009880842675935415,0.0009880842675935415,,False
27,INT2->MIX20,halite,0.0,0.0,0.0,,False
27,INT2->MIX20,gypsum,0.0,0.0,0.0,,False
27,INT2->MIX20,CaNa_exch,-0.15,-0.1118714486057605,0.0381285513942395,-25.419034262826333,False
27,INT2->MIX20,albite,0.0,0.13669881794238095,0.13669881794238095,,True
27,INT2->MIX20,pyrite_oxidation_aerobic,0.0,0.0,0.0,,False
27,MIX20->MIX40,calcite,0.0,0.1886206994105486,0.1886206994105486,,True
27,MIX20->MIX40,dolomite,0.0,0.03610741898005794,0.03610741898005794,,False
27,MIX20->MIX40,halite,0.35,0.2769925147232971,0.07300748527670287,-20.85928150762939,False
27,MIX20->MIX40,gypsum,0.0,0.0,0.0,,False
27,MIX20->MIX40,CaNa_exch,-0.25,-0.10741066499330812,0.14258933500669188,-57.035734002676755,False
27,MIX20->MIX40,albite,0.0,0.10604328173952157,0.10604328173952157,,True
27,MIX20->MIX40,pyrite_oxidation_aerobic,0.0,0.0,0.0,,False
27,MIX40->MIX60,calcite,0.0,0.3238590654838042,0.3238590654838042,,True
27,MIX40->MIX60,dolomite,0.3,0.09597028375767326,0.20402971624232674,-68.00990541410891,False
27,MIX40->MIX60,halite,0.0,0.0,0.0,,False
27,MIX40->MIX60,gypsum,0.1,0.08998310737801105,0.01001689262198896,-10.016892621988958,False
27,MIX40->MIX60,CaNa_exch,-0.2,-0.29083130247729266,0.09083130247729265,45.415651238646326,False
27,MIX40->MIX60,albite,0.0,0.25022043298498603,0.25022043298498603,,True
27,MIX40->MIX60,pyrite_oxidation_aerobic,0.0,0.010098581356199935,0.010098581356199935,,False
27,MIX60->DILUTE,calcite,0.1,0.0,0.1,-100.0,False
27,MIX60->DILUTE,dolomite,0.0,0.0,0.0,,False
27,MIX60->DILUTE,halite,0.0,0.0,0.0,,False
27,MIX60->DILUTE,gypsum,0.0,0.0,0.0,,False
27,MIX60->DILUTE,CaNa_exch,0.0,0.029363099593102137,0.029363099593102137,,False
27,MIX60->DILUTE,albite,0.0,0.0,0.0,,False
27,MIX60->DILUTE,pyrite_oxidation_aerobic,0.0,0.0,0.0,,False
27,DILUTE->DEEP,calcite,0.0,0.0,0.0,,False
27,DILUTE->DEEP,dolomite,0.0,0.0,0.0,,False
27,DILUTE->DEEP,halite,0.45,0.5579509498564078,0.1079509498564078,23.989099968090624,False
27,DILUTE->DEEP,gypsum,0.05,0.018279314937027457,0.03172068506297254,-63.441370125945085,False
27,DILUTE->DEEP,CaNa_exch,-0.6,-0.5507949450360861,0.04920505496391392,-8.200842493985654,False
27,DILUTE->DEEP,albite,0.0,0.07920321883492756,0.07920321883492756,,True
27,DILUTE->DEEP,pyrite_oxidation_aerobic,0.0,0.018838607729121628,0.018838607729121628,,False
27,DEEP->DISCH,calcite,0.1,0.17278291201494644,0.07278291201494644,72.78291201494643,False
27,DEEP->DISCH,dolomite,0.05,0.035062855740329475,0.014937144259670528,-29.874288519341054,False
27,DEEP->DISCH,halite,0.0,0.0,0.0,,False
27,DEEP->DISCH,gypsum,0.0,0.0,0.0,,False
27,DEEP->DISCH,CaNa_exch,0.0,-0.06689013177516014,0.06689013177516014,,True
27,DEEP->DISCH,albite,0.0,0.009442493634138195,0.009442493634138195,,False
27,DEEP->DISCH,pyrite_oxidation_aerobic,0.0,0.0037479124400905156,0.0037479124400905156,,False
28,RCH->SH15,calcite,0.2,0.0,0.2,-100.0,False
28,RCH->SH15,dolomite,0.0,0.0,0.0,,False
28,RCH->SH15,halite,0.0,0.037274350716108906,0.037274350716108906,,False
28,RCH->SH15,gypsum,0.0,0.0,0.0,,False
28,RCH->SH15,CaNa_exch,0.0,0.16336301256044397,0.16336301256044397,,True
28,RCH->SH15,albite,0.0,0.0,0.0,,False
28,RCH->SH15,pyrite_oxidation_aerobic,0.0,0.0022796924391024686,0.0022796924391024686,,False
28,RCH->SH30,calcite,0.25,0.03820429649717713,0.21179570350282287,-84.71828140112915,False
28,RCH->SH30,dolomite,0.0,0.0,0.0,,False
28,RCH->SH30,halite,0.0,0.0,0.0,,False
28,RCH->SH30,gypsum,0.05,0.0009498748589893815,0.04905012514101062,-98.10025028202124,False
28,RCH->SH30,CaNa_exch,0.0,0.1191641760679931,0.1191641760679931,,True
28,RCH->SH30,albite,0.0,0.0,0.0,,False
28,RCH->SH30,pyrite_oxidation_aerobic,0.0,0.008790145175522181,0.008790145175522181,,False
28,SH15->INT1,calcite,2.5,2.6022060529060287,0.10220605290602869,4.0882421162411475,False
28,SH15->INT1,dolomite,0.2,0.05517931510002692,0.1448206848999731,-72.41034244998654,False
28,SH15->INT1,halite,0.0,0.0,0.0,,False
28,SH15->INT1,gypsum,0.0,0.0031125425506574864,0.0031125425506574864,,False
28,SH15->INT1,CaNa_exch,0.0,-0.10337832287158216,0.10337832287158216,,True
28,SH15->INT1,albite,0.0,0.027117543215636718,0.027117543215636718,,False
28,SH15->INT1,pyrite_oxidation_aerobic,0.0,0.0,0.0,,False
28,INT1->INT2,calcite,0.0,1.3402197528899047,1.3402197528899047,,True
28,INT1->INT2,dolomite,0.8,0.20317958684573442,0.5968204131542656,-74.6025516442832,False
28,INT1->INT2,halite,1.2,1.1698245163594845,0.030175483640515477,-2.514623636709623,False
28,INT1->INT2,gypsum,0.3,0.32132302683327263,0.02132302683327264,7.107675611090881,False
28,INT1->INT2,CaNa_exch,0.0,-0.5052712002826434,0.5052712002826434,,True
28,INT1->INT2,albite,0.0,0.2643619609953772,0.2643619609953772,,True
28,INT1->INT2,pyrite_oxidation_aerobic,0.0,0.0,0.0,,False
28,INT2->MIX20,calcite,0.3,0.12852915197830447,0.17147084802169552,-57.15694934056518,False
28,INT2->MIX20,dolomite,0.0,0.0032592560751913894,0.0032592560751913894,,False
28,INT2->MIX20,halite,0.0,0.02158365515723157,0.02158365515723157,,False
28,INT2->MIX20,gypsum,0.0,0.010335771060100866,0.010335771060100866,,False
28,INT2->MIX20,CaNa_exch,-0.15,-0.043735614056051746,0.10626438594394824,-70.84292396263216,False
28,INT2->MIX20,albite,0.0,0.08950449538645151,0.08950449538645151,,True
28,INT2->MIX20,pyrite_oxidation_aerobic,0.0,0.0,0.0,,False
28,MIX20->MIX40,calcite,0.0,0.03298110700366999,0.03298110700366999,,False
28,MIX20->MIX40,dolomite,0.0,0.021317358219057236,0.021317358219057236,,False
28,MIX20->MIX40,halite,0.35,0.03259268345711056,0.3174073165428894,-90.68780472653984,False
28,MIX20->MIX40,gypsum,0.0,0.0,0.0,,False
28,MIX20->MIX40,CaNa_exch,-0.25,-0.10407632260975352,0.14592367739024648,-58.36947095609859,False
28,MIX20->MIX40,albite,0.0,0.1642626763417262,0.1642626763417262,,True
28,MIX20->MIX40,pyrite_oxidation_aerobic,0.0,0.004135769429247733,0.004135769429247733,,False
28,MIX40->MIX60,calcite,0.0,0.26056818842495094,0.26056818842495094,,True
28,MIX40->MIX60,dolomite,0.3,0.09609644233976176,0.2039035576602382,-67.96785255341274,False
28,MIX40->MIX60,halite,0.0,0.0,0.0,,False
28,MIX40->MIX60,gypsum,0.1,0.1508545364721203,0.05085453647212029,50.85453647212029,False
28,MIX40->MIX60,CaNa_exch,-0.2,-0.30375854771059996,0.10375854771059995,51.87927385529997,False
28,MIX40->MIX60,albite,0.0,0.251535113240245,0.251535113240245,,True
28,MIX40->MIX60,pyrite_oxidation_aerobic,0.0,0.0,0.0,,False
28,MIX60->DILUTE,calcite,0.1,0.0,0.1,-100.0,False
28,MIX60->DILUTE,dolomite,0.0,0.0,0.0,,False
28,MIX60->DILUTE,halite,0.0,0.0,0.0,,False
28,MIX60->DILUTE,gypsum,0.0,0.0,0.0,,False
28,MIX60->DILUTE,CaNa_exch,0.0,0.07217708046841856,0.07217708046841856,,True
28,MIX60->DILUTE,albite,0.0,0.0,0.0,,False
28,MIX60->DILUTE,pyrite_oxidation_aerobic,0.0,0.0,0.0,,False
28,DILUTE->DEEP,calcite,0.0,0.0,0.0,,False
28,DILUTE->DEEP,dolomite,0.0,0.008455511577445196,0.008455511577445196,,False
28,DILUTE->DEEP,halite,0.45,0.40849231317762374,0.041507686822376266,-9.223930404972503,False
28,DILUTE->DEEP,gypsum,0.05,0.09018298569487114,0.04018298569487114,80.36597138974227,False
28,DILUTE->DEEP,CaNa_exch,-0.6,-0.53314376328774,0.06685623671225993,-11.14270611870999,False
28,DILUTE->DEEP,albite,0.0,0.16328359948640472,0.16328359948640472,,True
28,DILUTE->DEEP,pyrite_oxidation_aerobic,0.0,0.0,0.0,,False
28,DEEP->DISCH,calcite,0.1,0.02230463769891935,0.07769536230108065,-77.69536230108064,False
28,DEEP->DISCH,dolomite,0.05,0.015071591485580682,0.03492840851441932,-69.85681702883863,False
28,DEEP->DISCH,halite,0.0,0.07844723069474598,0.07844723069474598,,True
28,DEEP->DISCH,gypsum,0.0,0.04881719095152707,0.04881719095152707,,False
28,DEEP->DISCH,CaNa_exch,0.0,2.7921938337162465e-06,2.7921938337162465e-06,,False
28,DEEP->DISCH,albite,0.0,0.0,0.0,,False
28,DEEP->DISCH,pyrite_oxidation_aerobic,0.0,0.0,0.0,,False
29,RCH->SH15,calcite,0.2,0.0,0.2,-100.0,False
29,RCH->SH15,dolomite,0.0,0.0,0.0,,False
29,RCH->SH15,halite,0.0,0.0,0.0,,False
29,RCH->SH15,gypsum,0.0,0.0,0.0,,False
29,RCH->SH15,CaNa_exch,0.0,0.06846281325428981,0.06846281325428981,,True
29,RCH->SH15,albite,0.0,0.0,0.0,,False
29,RCH->SH15,pyrite_oxidation_aerobic,0.0,0.0,0.0,,False
29,RCH->SH30,calcite,0.25,0.0,0.25,-100.0,False
29,RCH->SH30,dolomite,0.0,0.0,0.0,,False
29,RCH->SH30,halite,0.0,0.0,0.0,,False
29,RCH->SH30,gypsum,0.05,0.0,0.05,-100.0,False
29,RCH->SH30,CaNa_exch,0.0,0.12083902161839623,0.12083902161839623,,True
29,RCH->SH30,albite,0.0,0.0,0.0,,False
29,RCH->SH30,pyrite_oxidation_aerobic,0.0,0.006753433072954498,0.006753433072954498,,False
29,SH15->INT1,calcite,2.5,2.527088806097432,0.027088806097431917,1.0835522438972767,False
29,SH15->INT1,dolomite,0.2,0.060525884163020224,0.13947411583697977,-69.73705791848988,False
29,SH15->INT1,halite,0.0,0.022547850815438593,0.022547850815438593,,False
29,SH15->INT1,gypsum,0.0,0.0270535612177281,0.0270535612177281,,False
29,SH15->INT1,CaNa_exch,0.0,-0.14021170106635425,0.14021170106635425,,True
29,SH15->INT1,albite,0.0,0.0646361963763426,0.0646361963763426,,True
29,SH15->INT1,pyrite_oxidation_aerobic,0.0,0.0,0.0,,False
29,INT1->INT2,calcite,0.0,1.2771840426807728,1.2771840426807728,,True
29,INT1->INT2,dolomite,0.8,0.17642279064594507,0.623577209354055,-77.94715116925687,False
29,INT1->INT2,halite,1.2,1.1670828157639623,0.03291718423603762,-2.743098686336469,False
29,INT1->INT2,gypsum,0.3,0.343499327393029,0.04349932739302903,14.499775797676344,False
29,INT1->INT2,CaNa_exch,0.0,-0.419306495665809,0.419306495665809,,True
29,INT1->INT2,albite,0.0,0.21042792881069158,0.21042792881069158,,True
29,INT1->INT2,pyrite_oxidation_aerobic,0.0,0.0,0.0,,False
29,INT2->MIX20,calcite,0.3,0.0,0.3,-100.0,False
29,INT2->MIX20,dolomite,0.0,0.0,0.0,,False
29,INT2->MIX20,halite,0.0,0.1255425405436845,0.1255425405436845,,True
29,INT2->MIX20,gypsum,0.0,0.0,0.0,,False
29,INT2->MIX20,CaNa_exch,-0.15,-0.21516708703805418,0.06516708703805418,43.444724692036125,False
29,INT2->MIX20,albite,0.0,0.0,0.0,,False
29,INT2->MIX20,pyrite_oxidation_aerobic,0.0,0.0,0.0,,False
29,MIX20->MIX40,calcite,0.0,0.004407307594046006,0.004407307594046006,,False
29,MIX20->MIX40,dolomite,0.0,0.003291411948265201,0.003291411948265201,,False
29,MIX20->MIX40,halite,0.35,0.0,0.35,-100.0,False
29,MIX20->MIX40,gypsum,0.0,0.05391843850809461,0.05391843850809461,,True
29,MIX20->MIX40,CaNa_exch,-0.25,-0.10992340940631617,0.14007659059368383,-56.03063623747353,False
29,MIX20->MIX40,albite,0.0,0.1682562407502367,0.1682562407502367,,True
29,MIX20->MIX40,pyrite_oxidation_aerobic,0.0,0.0,0.0,,False
29,MIX40->MIX60,calcite,0.0,0.3733400811136303,0.3733400811136303,,True
29,MIX40->MIX60,dolomite,0.3,0.10791580757008627,0.1920841924299137,-64.02806414330456,False
29,MIX40->MIX60,halite,0.0,0.0,0.0,,False
29,MIX40->MIX60,gypsum,0.1,0.0842854231430152,0.01571457685698481,-15.71457685698481,False
29,MIX40->MIX60,CaNa_exch,-0.2,-0.2974484953056033,0.09744849530560329,48.72424765280164,False
29,MIX40->MIX60,albite,0.0,0.21585740976719955,0.21585740976719955,,True
29,MIX40->MIX60,pyrite_oxidation_aerobic,0.0,0.0,0.0,,False
29,MIX60->DILUTE,calcite,0.1,0.0040802251014387635,0.09591977489856124,-95.91977489856123,False
29,MIX60->DILUTE,dolomite,0.0,0.0,0.0,,False
29,MIX60->DILUTE,halite,0.0,0.011872620962017815,0.011872620962017815,,False
29,MIX60->DILUTE,gypsum,0.0,0.02912203827621414,0.02912203827621414,,False
29,MIX60->DILUTE,CaNa_exch,0.0,0.03505600471910868,0.03505600471910868,,False
29,MIX60->DILUTE,albite,0.0,0.0,0.0,,False
29,MIX60->DILUTE,pyrite_oxidation_aerobic,0.0,0.0,0.0,,False
29,DILUTE->DEEP,calcite,0.0,0.0,0.0,,False
29,DILUTE->DEEP,dolomite,0.0,0.0,0.0,,False
29,DILUTE->DEEP,halite,0.45,0.38261993743541733,0.06738006256458268,-14.973347236573927,False
29,DILUTE->DEEP,gypsum,0.05,0.0,0.05,-100.0,False
29,DILUTE->DEEP,CaNa_exch,-0.6,-0.5074535027123896,0.09254649728761033,-15.424416214601722,False
29,DILUTE->DEEP,albite,0.0,0.0,0.0,,False
29,DILUTE->DEEP,pyrite_oxidation_aerobic,0.0,0.01121081273413638,0.01121081273413638,,False
29,DEEP->DISCH,calcite,0.1,0.0,0.1,-100.0,False
29,DEEP->DISCH,dolomite,0.05,0.0,0.05,-100.0,False
29,DEEP->DISCH,halite,0.0,0.0,0.0,,False
29,DEEP->DISCH,gypsum,0.0,0.0,0.0,,False
29,DEEP->DISCH,CaNa_exch,0.0,-0.02345971495590725,0.02345971495590725,,False
29,DEEP->DISCH,albite,0.0,0.0,0.0,,False
29,DEEP->DISCH,pyrite_oxidation_aerobic,0.0,0.0,0.0,,False
30,RCH->SH15,calcite,0.2,0.05026590864212742,0.14973409135787258,-74.86704567893628,False
30,RCH->SH15,dolomite,0.0,0.0,0.0,,False
30,RCH->SH15,halite,0.0,0.0,0.0,,False
30,RCH->SH15,gypsum,0.0,0.0,0.0,,False
30,RCH->SH15,CaNa_exch,0.0,0.06834789541315096,0.06834789541315096,,True
30,RCH->SH15,albite,0.0,0.0,0.0,,False
30,RCH->SH15,pyrite_oxidation_aerobic,0.0,0.0,0.0,,False
30,RCH->SH30,calcite,0.25,0.01604250814158323,0.23395749185841677,-93.5829967433667,False
30,RCH->SH30,dolomite,0.0,0.0,0.0,,False
30,RCH->SH30,halite,0.0,0.0,0.0,,False
30,RCH->SH30,gypsum,0.05,0.0,0.05,-100.0,False
30,RCH->SH30,CaNa_exch,0.0,0.11730331455940315,0.11730331455940315,,True
30,RCH->SH30,albite,0.0,0.0,0.0,,False
30,RCH->SH30,pyrite_oxidation_aerobic,0.0,0.008318866741670589,0.008318866741670589,,False
30,SH15->INT1,calcite,2.5,2.672862825765249,0.17286282576524892,6.914513030609956,False
30,SH15->INT1,dolomite,0.2,0.05128170053935285,0.14871829946064716,-74.35914973032358,False
30,SH15->INT1,halite,0.0,0.0,0.0,,False
30,SH15->INT1,gypsum,0.0,0.0,0.0,,False
30,SH15->INT1,CaNa_exch,0.0,-0.09677310381087088,0.09677310381087088,,True
30,SH15->INT1,albite,0.0,0.011165328113998505,0.011165328113998505,,False
30,SH15->INT1,pyrite_oxidation_aerobic,0.0,0.0,0.0,,False
30,INT1->INT2,calcite,0.0,1.240924008076009,1.240924008076009,,True
30,INT1->INT2,dolomite,0.8,0.21197487352507538,0.5880251264749247,-73.50314080936558,False
30,INT1->INT2,halite,1.2,0.5721757175235438,0.6278242824764562,-52.31869020637135,False
30,INT1->INT2,gypsum,0.3,0.324604521809339,0.02460452180933903,8.201507269779677,False
30,INT1->INT2,CaNa_exch,0.0,-0.5666569580014995,0.5666569580014995,,True
30,INT1->INT2,albite,0.0,0.3031197058007859,0.3031197058007859,,True
30,INT1->INT2,pyrite_oxidation_aerobic,0.0,0.0,0.0,,False
30,INT2->MIX20,calcite,0.3,0.0,0.3,-100.0,False
30,INT2->MIX20,dolomite,0.0,0.0,0.0,,False
30,INT2->MIX20,halite,0.0,0.18820494759721515,0.18820494759721515,,True
30,INT2->MIX20,gypsum,0.0,0.0,0.0,,False
30,INT2->MIX20,CaNa_exch,-0.15,0.06265179196790431,0.2126517919679043,-141.7678613119362,False
30,INT2->MIX20,albite,0.0,0.0,0.0,,False
30,INT2->MIX20,pyrite_oxidation_aerobic,0.0,0.0033442166097019353,0.0033442166097019353,,False
30,MIX20->MIX40,calcite,0.0,0.25296009379680773,0.25296009379680773,,True
30,MIX20->MIX40,dolomite,0.0,0.011110656284457511,0.011110656284457511,,False
30,MIX20->MIX40,halite,0.35,0.283257941761603,0.06674205823839696,-19.069159496684847,False
30,MIX20->MIX40,gypsum,0.0,0.00682840574052732,0.00682840574052732,,False
30,MIX20->MIX40,CaNa_exch,-0.25,-0.0702045175891213,0.1797954824108787,-71.91819296435148,False
30,MIX20->MIX40,albite,0.0,0.1220991437728666,0.1220991437728666,,True
30,MIX20->MIX40,pyrite_oxidation_aerobic,0.0,0.011113895441578862,0.011113895441578862,,False
30,MIX40->MIX60,calcite,0.0,0.3297729286542764,0.3297729286542764,,True
30,MIX40->MIX60,dolomite,0.3,0.09217130882288255,0.20782869117711744,-69.27623039237248,False
30,MIX40->MIX60,halite,0.0,0.0,0.0,,False
30,MIX40->MIX60,gypsum,0.1,0.06651546425189886,0.033484535748101146,-33.484535748101145,False
30,MIX40->MIX60,CaNa_exch,-0.2,-0.2742693328135167,0.07426933281351666,37.13466640675833,False
30,MIX40->MIX60,albite,0.0,0.23764471830565806,0.23764471830565806,,True
30,MIX40->MIX60,pyrite_oxidation_aerobic,0.0,0.0,0.0,,False
30,MIX60->DILUTE,calcite,0.1,0.0,0.1,-100.0,False
30,MIX60->DILUTE,dolomite,0.0,0.0,0.0,,False
30,MIX60->DILUTE,halite,0.0,0.0,0.0,,False
30,MIX60->DILUTE,gypsum,0.0,0.0,0.0,,False
30,MIX60->DILUTE,CaNa_exch,0.0,-0.04424411735609576,0.04424411735609576,,False
30,MIX60->DILUTE,albite,0.0,0.0,0.0,,False
30,MIX60->DILUTE,pyrite_oxidation_aerobic,0.0,0.0,0.0,,False
30,DILUTE->DEEP,calcite,0.0,0.0,0.0,,False
30,DILUTE->DEEP,dolomite,0.0,0.00822680432413375,0.00822680432413375,,False
30,DILUTE->DEEP,halite,0.45,0.0,0.45,-100.0,False
30,DILUTE->DEEP,gypsum,0.05,0.09627664166509582,0.04627664166509582,92.55328333019165,False
30,DILUTE->DEEP,CaNa_exch,-0.6,-0.4019357617092903,0.19806423829070968,-33.01070638178495,False
30,DILUTE->DEEP,albite,0.0,0.17949211005596158,0.17949211005596158,,True
30,DILUTE->DEEP,pyrite_oxidation_aerobic,0.0,0.0,0.0,,False
30,DEEP->DISCH,calcite,0.1,0.0781230609573719,0.021876939042628107,-21.876939042628106,False
30,DEEP->DISCH,dolomite,0.05,0.0029430488989422234,0.04705695110105778,-94.11390220211555,False
30,DEEP->DISCH,halite,0.0,0.0,0.0,,False
30,DEEP->DISCH,gypsum,0.0,0.0,0.0,,False
30,DEEP->DISCH,CaNa_exch,0.0,0.03152572071793905,0.03152572071793905,,False
30,DEEP->DISCH,albite,0.0,0.0,0.0,,False
30,DEEP->DISCH,pyrite_oxidation_aerobic,0.0,0.0,0.0,,False
31,RCH->SH15,calcite,0.2,0.058027841351979394,0.14197215864802062,-70.9860793240103,False
31,RCH->SH15,dolomite,0.0,0.0,0.0,,False
31,RCH->SH15,halite,0.0,0.0,0.0,,False
31,RCH->SH15,gypsum,0.0,0.00342716457488402,0.00342716457488402,,False
31,RCH->SH15,CaNa_exch,0.0,0.05650458980551417,0.05650458980551417,,True
31,RCH->SH15,albite,0.0,0.0,0.0,,False
31,RCH->SH15,pyrite_oxidation_aerobic,0.0,0.0,0.0,,False
31,RCH->SH30,calcite,0.25,0.08096945100238137,0.16903054899761863,-67.61221959904745,False
31,RCH->SH30,dolomite,0.0,0.0,0.0,,False
31,RCH->SH30,halite,0.0,0.0,0.0,,False
31,RCH->SH30,gypsum,0.05,0.049191531312770244,0.0008084686872297589,-1.6169373744595177,False
31,RCH->SH30,CaNa_exch,0.0,0.12052280096252253,0.12052280096252253,,True
31,RCH->SH30,albite,0.0,0.0,0.0,,False
31,RCH->SH30,pyrite_oxidation_aerobic,0.0,0.0,0.0,,False
31,SH15->INT1,calcite,2.5,2.7144545758291603,0.21445457582916028,8.578183033166411,False
31,SH15->INT1,dolomite,0.2,0.05754915152310834,0.14245084847689166,-71.22542423844583,False
31,SH15->INT1,halite,0.0,0.0,0.0,,False
31,SH15->INT1,gypsum,0.0,0.0,0.0,,False
31,SH15->INT1,CaNa_exch,0.0,-0.10342063650256934,0.10342063650256934,,True
31,SH15->INT1,albite,0.0,0.002218452533972311,0.002218452533972311,,False
31,SH15->INT1,pyrite_oxidation_aerobic,0.0,0.0,0.0,,False
31,INT1->INT2,calcite,0.0,1.0331544949706055,1.0331544949706055,,True
31,INT1->INT2,dolomite,0.8,0.2039262512593721,0.5960737487406279,-74.50921859257849,False
31,INT1->INT2,halite,1.2,1.2404743283538604,0.040474328353860445,3.3728606961550374,False
31,INT1->INT2,gypsum,0.3,0.23655526415422778,0.0634447358457722,-21.14824528192407,False
31,INT1->INT2,CaNa_exch,0.0,-0.46088730413081314,0.46088730413081314,,True
31,INT1->INT2,albite,0.0,0.2247926476696283,0.2247926476696283,,True
31,INT1->INT2,pyrite_oxidation_aerobic,0.0,0.018941198654479498,0.018941198654479498,,False
31,INT2->MIX20,calcite,0.3,0.04012330413597961,0.2598766958640204,-86.62556528800681,False
31,INT2->MIX20,dolomite,0.0,0.019680010025178198,0.019680010025178198,,False
31,INT2->MIX20,halite,0.0,0.007456283352388048,0.007456283352388048,,False
31,INT2->MIX20,gypsum,0.0,0.024476045307658033,0.024476045307658033,,False
31,INT2->MIX20,CaNa_exch,-0.15,-0.0979626372082579,0.05203736279174209,-34.69157519449473,False
31,INT2->MIX20,albite,0.0,0.14410851033612568,0.14410851033612568,,True
31,INT2->MIX20,pyrite_oxidation_aerobic,0.0,0.0,0.0,,False
31,MIX20->MIX40,calcite,0.0,0.21418861735011885,0.21418861735011885,,True
31,MIX20->MIX40,dolomite,0.0,0.0032746848394568876,0.0032746848394568876,,False
31,MIX20->MIX40,halite,0.35,0.11329594347099539,0.2367040565290046,-67.62973043685847,False
31,MIX20->MIX40,gypsum,0.0,0.03302313258846194,0.03302313258846194,,False
31,MIX20->MIX40,CaNa_exch,-0.25,-0.14381508646633417,0.10618491353366583,-42.47396541346633,False
31,MIX20->MIX40,albite,0.0,0.3282900431653621,0.3282900431653621,,True
31,MIX20->MIX40,pyrite_oxidation_aerobic,0.0,0.0,0.0,,False
31,MIX40->MIX60,calcite,0.0,0.22975211347377616,0.22975211347377616,,True
31,MIX40->MIX60,dolomite,0.3,0.1038418861992526,0.19615811380074738,-65.38603793358247,False
31,MIX40->MIX60,halite,0.0,0.0,0.0,,False
31,MIX40->MIX60,gypsum,0.1,0.06411282221267608,0.03588717778732392,-35.88717778732392,False
31,MIX40->MIX60,CaNa_exch,-0.2,-0.2517674262125277,0.05176742621252767,25.88371310626383,False
31,MIX40->MIX60,albite,0.0,0.1300736860979181,0.1300736860979181,,True
31,MIX40->MIX60,pyrite_oxidation_aerobic,0.0,0.026711623021787922,0.026711623021787922,,False
31,MIX60->DILUTE,calcite,0.1,0.005234281192282177,0.09476571880771784,-94.76571880771783,False
31,MIX60->DILUTE,dolomite,0.0,0.0,0.0,,False
31,MIX60->DILUTE,halite,0.0,0.010903372230223519,0.010903372230223519,,False
31,MIX60->DILUTE,gypsum,0.0,0.0511023700206689,0.0511023700206689,,True
31,MIX60->DILUTE,CaNa_exch,0.0,0.09028435623683581,0.09028435623683581,,True
31,MIX60->DILUTE,albite,0.0,0.0,0.0,,False
31,MIX60->DILUTE,pyrite_oxidation_aerobic,0.0,0.0,0.0,,False
31,DILUTE->DEEP,calcite,0.0,0.0,0.0,,False
31,DILUTE->DEEP,dolomite,0.0,0.0,0.0,,False
31,DILUTE->DEEP,halite,0.45,0.5516749834059952,0.10167498340599518,22.594440756887817,False
31,DILUTE->DEEP,gypsum,0.05,0.0,0.05,-100.0,False
31,DILUTE->DEEP,CaNa_exch,-0.6,-0.5718532336775619,0.028146766322438066,-4.691127720406344,False
31,DILUTE->DEEP,albite,0.0,0.0,0.0,,False
31,DILUTE->DEEP,pyrite_oxidation_aerobic,0.0,0.008706225212511631,0.008706225212511631,,False
31,DEEP->DISCH,calcite,0.1,0.0,0.1,-100.0,False
31,DEEP->DISCH,dolomite,0.05,0.00077164988571769,0.04922835011428231,-98.45670022856461,False
31,DEEP->DISCH,halite,0.0,0.0,0.0,,False
31,DEEP->DISCH,gypsum,0.0,0.0,0.0,,False
31,DEEP->DISCH,CaNa_exch,0.0,0.02964433846441408,0.02964433846441408,,False
31,DEEP->DISCH,albite,0.0,0.0,0.0,,False
31,DEEP->DISCH,pyrite_oxidation_aerobic,0.0,0.0,0.0,,False
32,RCH->SH15,calcite,0.2,0.26919129287989185,0.06919129287989184,34.59564643994592,False
32,RCH->SH15,dolomite,0.0,0.016899472474652885,0.016899472474652885,,False
32,RCH->SH15,halite,0.0,0.0,0.0,,False
32,RCH->SH15,gypsum,0.0,0.0367593425259692,0.0367593425259692,,False
32,RCH->SH15,CaNa_exch,0.0,-0.015225350575069463,0.015225350575069463,,False
32,RCH->SH15,albite,0.0,0.0,0.0,,False
32,RCH->SH15,pyrite_oxidation_aerobic,0.0,0.0,0.0,,False
32,RCH->SH30,calcite,0.25,0.0,0.25,-100.0,False
32,RCH->SH30,dolomite,0.0,0.0,0.0,,False
32,RCH->SH30,halite,0.0,0.0,0.0,,False
32,RCH->SH30,gypsum,0.05,0.0,0.05,-100.0,False
32,RCH->SH30,CaNa_exch,0.0,0.05611803980899664,0.05611803980899664,,True
32,RCH->SH30,albite,0.0,0.0,0.0,,False
32,RCH->SH30,pyrite_oxidation_aerobic,0.0,0.009641477850601307,0.009641477850601307,,False
32,SH15->INT1,calcite,2.5,0.0,2.5,-100.0,False
32,SH15->INT1,dolomite,0.2,0.0,0.2,-100.0,False
32,SH15->INT1,halite,0.0,0.0,0.0,,False
32,SH15->INT1,gypsum,0.0,0.0,0.0,,False
32,SH15->INT1,CaNa_exch,0.0,0.6771056599385399,0.6771056599385399,,True
32,SH15->INT1,albite,0.0,0.0,0.0,,False
32,SH15->INT1,pyrite_oxidation_aerobic,0.0,0.0,0.0,,False
32,INT1->INT2,calcite,0.0,0.9830996308843196,0.9830996308843196,,True
32,INT1->INT2,dolomite,0.8,0.11878618653057609,0.681213813469424,-85.15172668367799,False
32,INT1->INT2,halite,1.2,1.2563228461343088,0.056322846134308824,4.693570511192402,False
32,INT1->INT2,gypsum,0.3,0.49706214021495987,0.19706214021495988,65.6873800716533,False
32,INT1->INT2,CaNa_exch,0.0,-0.2802513824483068,0.2802513824483068,,True
32,INT1->INT2,albite,0.0,0.12164114572005547,0.12164114572005547,,True
32,INT1->INT2,pyrite_oxidation_aerobic,0.0,0.0,0.0,,False
32,INT2->MIX20,calcite,0.3,0.0,0.3,-100.0,False
32,INT2->MIX20,dolomite,0.0,0.0,0.0,,False
32,INT2->MIX20,halite,0.0,0.2760366922104476,0.2760366922104476,,True
32,INT2->MIX20,gypsum,0.0,0.0,0.0,,False
32,INT2->MIX20,CaNa_exch,-0.15,-0.18642123845438455,0.03642123845438455,24.280825636256367,False
32,INT2->MIX20,albite,0.0,0.010224323382867299,0.010224323382867299,,False
32,INT2->MIX20,pyrite_oxidation_aerobic,0.0,0.0,0.0,,False
32,MIX20->MIX40,calcite,0.0,0.13670459987117048,0.13670459987117048,,True
32,MIX20->MIX40,dolomite,0.0,0.028357014926801982,0.028357014926801982,,False
32,MIX20->MIX40,halite,0.35,0.20448118483938457,0.1455188151606154,-41.5768043316044,False
32,MIX20->MIX40,gypsum,0.0,0.001162943944623698,0.001162943944623698,,False
32,MIX20->MIX40,CaNa_exch,-0.25,-0.1215499626636768,0.1284500373363232,-51.380014934529285,False
32,MIX20->MIX40,albite,0.0,0.17568685772012932,0.17568685772012932,,True
32,MIX20->MIX40,pyrite_oxidation_aerobic,0.0,0.009394317458003306,0.009394317458003306,,False
32,MIX40->MIX60,calcite,0.0,0.18519319495556966,0.18519319495556966,,True
32,MIX40->MIX60,dolomite,0.3,0.09521164910816797,0.204788350891832,-68.26278363061067,False
32,MIX40->MIX60,halite,0.0,0.0,0.0,,False
32,MIX40->MIX60,gypsum,0.1,0.12849202456811487,0.028492024568114865,28.492024568114864,False
32,MIX40->MIX60,CaNa_exch,-0.2,-0.2767996746252321,0.07679967462523207,38.39983731261603,False
32,MIX40->MIX60,albite,0.0,0.19930075615165616,0.19930075615165616,,True
32,MIX40->MIX60,pyrite_oxidation_aerobic,0.0,0.0,0.0,,False
32,MIX60->DILUTE,calcite,0.1,0.0,0.1,-100.0,False
32,MIX60->DILUTE,dolomite,0.0,0.0,0.0,,False
32,MIX60->DILUTE,halite,0.0,0.0,0.0,,False
32,MIX60->DILUTE,gypsum,0.0,0.0,0.0,,False
32,MIX60->DILUTE,CaNa_exch,0.0,0.07350198347775684,0.07350198347775684,,True
32,MIX60->DILUTE,albite,0.0,0.0,0.0,,False
32,MIX60->DILUTE,pyrite_oxidation_aerobic,0.0,0.0,0.0,,False
32,DILUTE->DEEP,calcite,0.0,0.0,0.0,,False
32,DILUTE->DEEP,dolomite,0.0,0.0,0.0,,False
32,DILUTE->DEEP,halite,0.45,0.32574140266975954,0.12425859733024047,-27.613021628942327,False
32,DILUTE->DEEP,gypsum,0.05,0.06691770461925056,0.01691770461925056,33.835409238501114,False
32,DILUTE->DEEP,CaNa_exch,-0.6,-0.6061185562316784,0.006118556231678451,1.0197593719464086,False
32,DILUTE->DEEP,albite,0.0,0.0,0.0,,False
32,DILUTE->DEEP,pyrite_oxidation_aerobic,0.0,0.0,0.0,,False
32,DEEP->DISCH,calcite,0.1,0.06986159349116305,0.03013840650883695,-30.138406508836947,False
32,DEEP->DISCH,dolomite,0.05,0.013208994810286343,0.03679100518971366,-73.58201037942732,False
32,DEEP->DISCH,halite,0.0,0.05427574394155742,0.05427574394155742,,True
32,DEEP->DISCH,gypsum,0.0,0.0,0.0,,False
32,DEEP->DISCH,CaNa_exch,0.0,0.006990984003746977,0.006990984003746977,,False
32,DEEP->DISCH,albite,0.0,0.0,0.0,,False
32,DEEP->DISCH,pyrite_oxidation_aerobic,0.0,0.00151719259929685,0.00151719259929685,,False
33,RCH->SH15,calcite,0.2,0.029916086499285913,0.1700839135007141,-85.04195675035704,False
33,RCH->SH15,dolomite,0.0,0.0,0.0,,False
33,RCH->SH15,halite,0.0,0.00024973093194018164,0.00024973093194018164,,False
33,RCH->SH15,gypsum,0.0,0.0124027097763219,0.0124027097763219,,False
33,RCH->SH15,CaNa_exch,0.0,0.0892809740814744,0.0892809740814744,,True
33,RCH->SH15,albite,0.0,0.0,0.0,,False
33,RCH->SH15,pyrite_oxidation_aerobic,0.0,0.0,0.0,,False
33,RCH->SH30,calcite,0.25,0.02541542879670116,0.22458457120329883,-89.83382848131953,False
33,RCH->SH30,dolomite,0.0,0.0,0.0,,False
33,RCH->SH30,halite,0.0,0.012631249573527101,0.012631249573527101,,False
33,RCH->SH30,gypsum,0.05,0.03822928777802822,0.011770712221971784,-23.541424443943566,False
33,RCH->SH30,CaNa_exch,0.0,0.17628239595347125,0.17628239595347125,,True
33,RCH->SH30,albite,0.0,0.0,0.0,,False
33,RCH->SH30,pyrite_oxidation_aerobic,0.0,0.0,0.0,,False
33,SH15->INT1,calcite,2.5,2.753129110627699,0.25312911062769894,10.125164425107958,False
33,SH15->INT1,dolomite,0.2,0.06354022714005193,0.1364597728599481,-68.22988642997404,False
33,SH15->INT1,halite,0.0,0.0,0.0,,False
33,SH15->INT1,gypsum,0.0,0.0,0.0,,False
33,SH15->INT1,CaNa_exch,0.0,-0.13905693968544985,0.13905693968544985,,True
33,SH15->INT1,albite,0.0,0.06171155026334519,0.06171155026334519,,True
33,SH15->INT1,pyrite_oxidation_aerobic,0.0,0.0,0.0,,False
33,INT1->INT2,calcite,0.0,1.5418216523329158,1.5418216523329158,,True
33,INT1->INT2,dolomite,0.8,0.16834678900257852,0.6316532109974216,-78.95665137467769,False
33,INT1->INT2,halite,1.2,0.6935582423273202,0.5064417576726797,-42.20347980605665,False
33,INT1->INT2,gypsum,0.3,0.296378272332697,0.0036217276673030097,-1.20724255576767,False
33,INT1->INT2,CaNa_exch,0.0,-0.42998006293323693,0.42998006293323693,,True
33,INT1->INT2,albite,0.0,0.21874992189329642,0.21874992189329642,,True
33,INT1->INT2,pyrite_oxidation_aerobic,0.0,0.0,0.0,,False
33,INT2->MIX20,calcite,0.3,0.0,0.3,-100.0,False
33,INT2->MIX20,dolomite,0.0,0.0061127486963449785,0.0061127486963449785,,False
33,INT2->MIX20,halite,0.0,0.0,0.0,,False
33,INT2->MIX20,gypsum,0.0,0.021043621581577653,0.021043621581577653,,False
33,INT2->MIX20,CaNa_exch,-0.15,-0.15485278302111644,0.004852783021116441,3.235188680744294,False
33,INT2->MIX20,albite,0.0,0.02880121886242709,0.02880121886242709,,False
33,INT2->MIX20,pyrite_oxidation_aerobic,0.0,0.008302141243366328,0.008302141243366328,,False
33,MIX20->MIX40,calcite,0.0,0.0,0.0,,False
33,MIX20->MIX40,dolomite,0.0,0.010208184804428212,0.010208184804428212,,False
33,MIX20->MIX40,halite,0.35,0.12661473452595093,0.22338526547404905,-63.82436156401401,False
33,MIX20->MIX40,gypsum,0.0,0.0,0.0,,False
33,MIX20->MIX40,CaNa_exch,-0.25,-0.17383275317126914,0.07616724682873086,-30.466898731492343,False
33,MIX20->MIX40,albite,0.0,0.3880487029005056,0.3880487029005056,,True
33,MIX20->MIX40,pyrite_oxidation_aerobic,0.0,0.0,0.0,,False
33,MIX40->MIX60,calcite,0.0,0.1846058658856432,0.1846058658856432,,True
33,MIX40->MIX60,dolomite,0.3,0.11350476730782086,0.18649523269217913,-62.16507756405971,False
33,MIX40->MIX60,halite,0.0,0.0,0.0,,False
33,MIX40->MIX60,gypsum,0.1,0.07162445559383696,0.02837554440616305,-28.37554440616305,False
33,MIX40->MIX60,CaNa_exch,-0.2,-0.30271460438831965,0.10271460438831964,51.357302194159814,False
33,MIX40->MIX60,albite,0.0,0.21020283354829528,0.21020283354829528,,True
33,MIX40->MIX60,pyrite_oxidation_aerobic,0.0,0.007232300661023811,0.007232300661023811,,False
33,MIX60->DILUTE,calcite,0.1,0.03705814790842234,0.06294185209157767,-62.94185209157767,False
33,MIX60->DILUTE,dolomite,0.0,0.0,0.0,,False
33,MIX60->DILUTE,halite,0.0,0.003593656568019726,0.003593656568019726,,False
33,MIX60->DILUTE,gypsum,0.0,0.06939820335560863,0.06939820335560863,,True
33,MIX60->DILUTE,CaNa_exch,0.0,0.11471119210900153,0.11471119210900153,,True
33,MIX60->DILUTE,albite,0.0,0.0,0.0,,False
33,MIX60->DILUTE,pyrite_oxidation_aerobic,0.0,0.0,0.0,,False
33,DILUTE->DEEP,calcite,0.0,0.004694504414320356,0.004694504414320356,,False
33,DILUTE->DEEP,dolomite,0.0,0.00973179859751225,0.00973179859751225,,False
33,DILUTE->DEEP,halite,0.45,0.4554618934605986,0.00546189346059861,1.2137541023552467,False
33,DILUTE->DEEP,gypsum,0.05,0.008997946557673534,0.04100205344232647,-82.00410688465293,False
33,DILUTE->DEEP,CaNa_exch,-0.6,-0.5697731065959607,0.03022689340403928,-5.03781556733988,False
33,DILUTE->DEEP,albite,0.0,0.21907580890533682,0.21907580890533682,,True
33,DILUTE->DEEP,pyrite_oxidation_aerobic,0.0,0.006502376155866882,0.006502376155866882,,False
33,DEEP->DISCH,calcite,0.1,0.005899446445685535,0.09410055355431447,-94.10055355431447,False
33,DEEP->DISCH,dolomite,0.05,0.013388050038568335,0.03661194996143167,-73.22389992286332,False
33,DEEP->DISCH,halite,0.0,0.09134361343757305,0.09134361343757305,,True
33,DEEP->DISCH,gypsum,0.0,0.0,0.0,,False
33,DEEP->DISCH,CaNa_exch,0.0,0.06927928221052147,0.06927928221052147,,True
33,DEEP->DISCH,albite,0.0,0.0,0.0,,False
33,DEEP->DISCH,pyrite_oxidation_aerobic,0.0,0.005209800203753473,0.005209800203753473,,False
34,RCH->SH15,calcite,0.2,0.05458783393350422,0.1454121660664958,-72.7060830332479,False
34,RCH->SH15,dolomite,0.0,0.0,0.0,,False
34,RCH->SH15,halite,0.0,0.0,0.0,,False
34,RCH->SH15,gypsum,0.0,0.020642762969331246,0.020642762969331246,,False
34,RCH->SH15,CaNa_exch,0.0,0.0874097811328607,0.0874097811328607,,True
34,RCH->SH15,albite,0.0,0.0,0.0,,False
34,RCH->SH15,pyrite_oxidation_aerobic,0.0,0.0,0.0,,False
34,RCH->SH30,calcite,0.25,0.0,0.25,-100.0,False
34,RCH->SH30,dolomite,0.0,0.0,0.0,,False
34,RCH->SH30,halite,0.0,0.0,0.0,,False
34,RCH->SH30,gypsum,0.05,0.0,0.05,-100.0,False
34,RCH->SH30,CaNa_exch,0.0,0.11189810312619987,0.11189810312619987,,True
34,RCH->SH30,albite,0.0,0.0,0.0,,False
34,RCH->SH30,pyrite_oxidation_aerobic,0.0,0.00906169829083457,0.00906169829083457,,False
34,SH15->INT1,calcite,2.5,2.7580195819423987,0.2580195819423987,10.320783277695948,False
34,SH15->INT1,dolomite,0.2,0.0709892227049663,0.1290107772950337,-64.50538864751685,False
34,SH15->INT1,halite,0.0,0.0,0.0,,False
34,SH15->INT1,gypsum,0.0,0.0,0.0,,False
34,SH15->INT1,CaNa_exch,0.0,-0.1442738166793157,0.1442738166793157,,True
34,SH15->INT1,albite,0.0,0.041233266676022326,0.041233266676022326,,False
34,SH15->INT1,pyrite_oxidation_aerobic,0.0,0.0,0.0,,False
34,INT1->INT2,calcite,0.0,0.9520394378746632,0.9520394378746632,,True
34,INT1->INT2,dolomite,0.8,0.15650218847082764,0.6434978115291724,-80.43722644114655,False
34,INT1->INT2,halite,1.2,1.173554540907584,0.026445459092415913,-2.2037882577013264,False
34,INT1->INT2,gypsum,0.3,0.44236882690108514,0.14236882690108515,47.45627563369506,False
34,INT1->INT2,CaNa_exch,0.0,-0.38490194723397475,0.38490194723397475,,True
34,INT1->INT2,albite,0.0,0.18755244005098265,0.18755244005098265,,True
34,INT1->INT2,pyrite_oxidation_aerobic,0.0,0.0,0.0,,False
34,INT2->MIX20,calcite,0.3,0.011943314861097244,0.28805668513890276,-96.01889504630093,False
34,INT2->MIX20,dolomite,0.0,0.005218864100264223,0.005218864100264223,,False
34,INT2->MIX20,halite,0.0,0.1696151236434669,0.1696151236434669,,True
34,INT2->MIX20,gypsum,0.0,0.006903199087396579,0.006903199087396579,,False
34,INT2->MIX20,CaNa_exch,-0.15,0.006236595298005462,0.15623659529800546,-104.15773019867031,False
34,INT2->MIX20,albite,0.0,0.0,0.0,,False
34,INT2->MIX20,pyrite_oxidation_aerobic,0.0,0.012241796266846145,0.012241796266846145,,False
34,MIX20->MIX40,calcite,0.0,0.14529546675268676,0.14529546675268676,,True
34,MIX20->MIX40,dolomite,0.0,0.02497485826173131,0.02497485826173131,,False
34,MIX20->MIX40,halite,0.35,0.2538681579669422,0.0961318420330578,-27.46624058087366,False
34,MIX20->MIX40,gypsum,0.0,0.0,0.0,,False
34,MIX20->MIX40,CaNa_exch,-0.25,-0.1372804003386779,0.11271959966132211,-45.087839864528846,False
34,MIX20->MIX40,albite,0.0,0.2308141224891221,0.2308141224891221,,True
34,MIX20->MIX40,pyrite_oxidation_aerobic,0.0,0.0,0.0,,False
34,MIX40->MIX60,calcite,0.0,0.3449114257906509,0.3449114257906509,,True
34,MIX40->MIX60,dolomite,0.3,0.1029095276530913,0.19709047234690868,-65.69682411563623,False
34,MIX40->MIX60,halite,0.0,0.0,0.0,,False
34,MIX40->MIX60,gypsum,0.1,0.10756232296375802,0.007562322963758014,7.562322963758015,False
34,MIX40->MIX60,CaNa_exch,-0.2,-0.2719108505321476,0.07191085053214757,35.95542526607378,False
34,MIX40->MIX60,albite,0.0,0.1629031117535142,0.1629031117535142,,True
34,MIX40->MIX60,pyrite_oxidation_aerobic,0.0,0.0,0.0,,False
34,MIX60->DILUTE,calcite,0.1,0.0,0.1,-100.0,False
34,MIX60->DILUTE,dolomite,0.0,0.0,0.0,,False
34,MIX60->DILUTE,halite,0.0,0.0,0.0,,False
34,MIX60->DILUTE,gypsum,0.0,0.0,0.0,,False
34,MIX60->DILUTE,CaNa_exch,0.0,-0.02757978455773041,0.02757978455773041,,False
34,MIX60->DILUTE,albite,0.0,0.0,0.0,,False
34,MIX60->DILUTE,pyrite_oxidation_aerobic,0.0,0.0,0.0,,False
34,DILUTE->DEEP,calcite,0.0,0.0,0.0,,False
34,DILUTE->DEEP,dolomite,0.0,0.0011338636598375105,0.0011338636598375105,,False
34,DILUTE->DEEP,halite,0.45,0.0,0.45,-100.0,False
34,DILUTE->DEEP,gypsum,0.05,0.0,0.05,-100.0,False
34,DILUTE->DEEP,CaNa_exch,-0.6,-0.3946132521015144,0.2053867478984856,-34.2311246497476,False
34,DILUTE->DEEP,albite,0.0,0.26250610220679155,0.26250610220679155,,True
34,DILUTE->DEEP,pyrite_oxidation_aerobic,0.0,0.0,0.0,,False
34,DEEP->DISCH,calcite,0.1,0.06865990787854254,0.03134009212145747,-31.34009212145747,False
34,DEEP->DISCH,dolomite,0.05,0.0,0.05,-100.0,False
34,DEEP->DISCH,halite,0.0,0.0,0.0,,False
34,DEEP->DISCH,gypsum,0.0,0.0,0.0,,False
34,DEEP->DISCH,CaNa_exch,0.0,0.09837614810279871,0.09837614810279871,,True
34,DEEP->DISCH,albite,0.0,0.0,0.0,,False
34,DEEP->DISCH,pyrite_oxidation_aerobic,0.0,0.0,0.0,,False
35,RCH->SH15,calcite,0.2,0.0,0.2,-100.0,False
35,RCH->SH15,dolomite,0.0,0.0,0.0,,False
35,RCH->SH15,halite,0.0,0.0,0.0,,False
35,RCH->SH15,gypsum,0.0,0.0018988561574190157,0.0018988561574190157,,False
35,RCH->SH15,CaNa_exch,0.0,0.06482103754415736,0.06482103754415736,,True
35,RCH->SH15,albite,0.0,0.0,0.0,,False
35,RCH->SH15,pyrite_oxidation_aerobic,0.0,0.003049567093209431,0.003049567093209431,,False
35,RCH->SH30,calcite,0.25,0.044012579305565624,0.20598742069443438,-82.39496827777376,False
35,RCH->SH30,dolomite,0.0,0.0,0.0,,False
35,RCH->SH30,halite,0.0,0.0,0.0,,False
35,RCH->SH30,gypsum,0.05,0.09474119838111493,0.04474119838111493,89.48239676222985,False
35,RCH->SH30,CaNa_exch,0.0,0.04655480671126173,0.04655480671126173,,False
35,RCH->SH30,albite,0.0,0.0,0.0,,False
35,RCH->SH30,pyrite_oxidation_aerobic,0.0,0.0,0.0,,False
35,SH15->INT1,calcite,2.5,0.32436142463381795,2.175638575366182,-87.02554301464728,False
35,SH15->INT1,dolomite,0.2,0.0,0.2,-100.0,False
35,SH15->INT1,halite,0.0,0.0,0.0,,False
35,SH15->INT1,gypsum,0.0,0.0,0.0,,False
35,SH15->INT1,CaNa_exch,0.0,1.1271263688710906,1.1271263688710906,,True
35,SH15->INT1,albite,0.0,0.0,0.0,,False
35,SH15->INT1,pyrite_oxidation_aerobic,0.0,0.0,0.0,,False
35,INT1->INT2,calcite,0.0,1.1746055787189438,1.1746055787189438,,True
35,INT1->INT2,dolomite,0.8,0.20814858699713734,0.5918514130028627,-73.98142662535783,False
35,INT1->INT2,halite,1.2,1.132962255300966,0.06703774469903401,-5.586478724919501,False
35,INT1->INT2,gypsum,0.3,0.22877792091473434,0.07122207908526565,-23.740693028421884,False
35,INT1->INT2,CaNa_exch,0.0,-0.4890271898198908,0.4890271898198908,,True
35,INT1->INT2,albite,0.0,0.2507989863875922,0.2507989863875922,,True
35,INT1->INT2,pyrite_oxidation_aerobic,0.0,0.012634618422954855,0.012634618422954855,,False
35,INT2->MIX20,calcite,0.3,0.0,0.3,-100.0,False
35,INT2->MIX20,dolomite,0.0,0.0,0.0,,False
35,INT2->MIX20,halite,0.0,0.0,0.0,,False
35,INT2->MIX20,gypsum,0.0,0.0,0.0,,False
35,INT2->MIX20,CaNa_exch,-0.15,-0.06378802976926808,0.08621197023073192,-57.47464682048795,False
35,INT2->MIX20,albite,0.0,0.0,0.0,,False
35,INT2->MIX20,pyrite_oxidation_aerobic,0.0,0.011838541300379693,0.011838541300379693,,False
35,MIX20->MIX40,calcite,0.0,0.07289845740233664,0.07289845740233664,,True
35,MIX20->MIX40,dolomite,0.0,0.025115328397694536,0.025115328397694536,,False
35,MIX20->MIX40,halite,0.35,0.00662191732058643,0.34337808267941355,-98.10802362268959,False
35,MIX20->MIX40,gypsum,0.0,0.041417617551406445,0.041417617551406445,,False
35,MIX20->MIX40,CaNa_exch,-0.25,-0.19900241283457257,0.05099758716542743,-20.39903486617097,False
35,MIX20->MIX40,albite,0.0,0.36377820615428397,0.36377820615428397,,True
35,MIX20->MIX40,pyrite_oxidation_aerobic,0.0,0.0,0.0,,False
35,MIX40->MIX60,calcite,0.0,0.19278417056102926,0.19278417056102926,,True
35,MIX40->MIX60,dolomite,0.3,0.10562191758216428,0.19437808241783572,-64.79269413927858,False
35,MIX40->MIX60,halite,0.0,0.0,0.0,,False
35,MIX40->MIX60,gypsum,0.1,0.03774351379539167,0.06225648620460834,-62.25648620460833,False
35,MIX40->MIX60,CaNa_exch,-0.2,-0.27357527696154654,0.07357527696154653,36.78763848077326,False
35,MIX40->MIX60,albite,0.0,0.18976781262538295,0.18976781262538295,,True
35,MIX40->MIX60,pyrite_oxidation_aerobic,0.0,0.015958360101486997,0.015958360101486997,,False
35,MIX60->DILUTE,calcite,0.1,0.0,0.1,-100.0,False
35,MIX60->DILUTE,dolomite,0.0,0.0,0.0,,False
35,MIX60->DILUTE,halite,0.0,0.0,0.0,,False
35,MIX60->DILUTE,gypsum,0.0,0.0,0.0,,False
35,MIX60->DILUTE,CaNa_exch,0.0,0.11724393610702023,0.11724393610702023,,True
35,MIX60->DILUTE,albite,0.0,0.0,0.0,,False
35,MIX60->DILUTE,pyrite_oxidation_aerobic,0.0,0.0,0.0,,False
35,DILUTE->DEEP,calcite,0.0,0.0,0.0,,False
35,DILUTE->DEEP,dolomite,0.0,0.0,0.0,,False
35,DILUTE->DEEP,halite,0.45,0.4342847459094039,0.015715254090596098,-3.492278686799133,False
35,DILUTE->DEEP,gypsum,0.05,0.11658640512665171,0.0665864051266517,133.1728102533034,False
35,DILUTE->DEEP,CaNa_exch,-0.6,-0.5560404185869267,0.04395958141307332,-7.3265969021788875,False
35,DILUTE->DEEP,albite,0.0,0.0,0.0,,False
35,DILUTE->DEEP,pyrite_oxidation_aerobic,0.0,0.0,0.0,,False
35,DEEP->DISCH,calcite,0.1,0.0,0.1,-100.0,False
35,DEEP->DISCH,dolomite,0.05,0.0,0.05,-100.0,False
35,DEEP->DISCH,halite,0.0,0.0,0.0,,False
35,DEEP->DISCH,gypsum,0.0,0.0,0.0,,False
35,DEEP->DISCH,CaNa_exch,0.0,-0.030291018303271054,0.030291018303271054,,False
35,DEEP->DISCH,albite,0.0,0.0,0.0,,False
35,DEEP->DISCH,pyrite_oxidation_aerobic,0.0,0.0,0.0,,False
36,RCH->SH15,calcite,0.2,0.011796917815512566,0.18820308218448745,-94.10154109224372,False
36,RCH->SH15,dolomite,0.0,0.0,0.0,,False
36,RCH->SH15,halite,0.0,0.0,0.0,,False
36,RCH->SH15,gypsum,0.0,0.0,0.0,,False
36,RCH->SH15,CaNa_exch,0.0,0.06116283993209014,0.06116283993209014,,True
36,RCH->SH15,albite,0.0,0.0,0.0,,False
36,RCH->SH15,pyrite_oxidation_aerobic,0.0,0.0,0.0,,False
36,RCH->SH30,calcite,0.25,0.0,0.25,-100.0,False
36,RCH->SH30,dolomite,0.0,0.0010723878549339814,0.0010723878549339814,,False
36,RCH->SH30,halite,0.0,0.04786672598876922,0.04786672598876922,,False
36,RCH->SH30,gypsum,0.05,0.0588123060820735,0.0088123060820735,17.624612164147,False
36,RCH->SH30,CaNa_exch,0.0,0.05355306068255891,0.05355306068255891,,True
36,RCH->SH30,albite,0.0,0.0,0.0,,False
36,RCH->SH30,pyrite_oxidation_aerobic,0.0,0.0,0.0,,False
36,SH15->INT1,calcite,2.5,2.7195885061818865,0.21958850618188652,8.783540247275461,False
36,SH15->INT1,dolomite,0.2,0.05305768519128336,0.14694231480871667,-73.47115740435832,False
36,SH15->INT1,halite,0.0,0.010370558741739056,0.010370558741739056,,False
36,SH15->INT1,gypsum,0.0,0.01953717533032726,0.01953717533032726,,False
36,SH15->INT1,CaNa_exch,0.0,-0.08975590956254895,0.08975590956254895,,True
36,SH15->INT1,albite,0.0,0.02105986636590941,0.02105986636590941,,False
36,SH15->INT1,pyrite_oxidation_aerobic,0.0,0.0,0.0,,False
36,INT1->INT2,calcite,0.0,1.4885688280250904,1.4885688280250904,,True
36,INT1->INT2,dolomite,0.8,0.19207640832124015,0.6079235916787599,-75.99044895984498,False
36,INT1->INT2,halite,1.2,0.6279562380046236,0.5720437619953763,-47.6703134996147,False
36,INT1->INT2,gypsum,0.3,0.27216462463878727,0.027835375361212722,-9.278458453737574,False
36,INT1->INT2,CaNa_exch,0.0,-0.4874992714626987,0.4874992714626987,,True
36,INT1->INT2,albite,0.0,0.2546696481051417,0.2546696481051417,,True
36,INT1->INT2,pyrite_oxidation_aerobic,0.0,0.0,0.0,,False
36,INT2->MIX20,calcite,0.3,0.0,0.3,-100.0,False
36,INT2->MIX20,dolomite,0.0,0.0,0.0,,False
36,INT2->MIX20,halite,0.0,0.037699520363443144,0.037699520363443144,,False
36,INT2->MIX20,gypsum,0.0,0.0,0.0,,False
36,INT2->MIX20,CaNa_exch,-0.15,-0.08856233566328822,0.06143766433671177,-40.95844289114118,False
36,INT2->MIX20,albite,0.0,0.0,0.0,,False
36,INT2->MIX20,pyrite_oxidation_aerobic,0.0,0.0,0.0,,False
36,MIX20->MIX40,calcite,0.0,0.26566360983523446,0.26566360983523446,,True
36,MIX20->MIX40,dolomite,0.0,0.0033490553513484704,0.0033490553513484704,,False
36,MIX20->MIX40,halite,0.35,0.16505789572539498,0.184942104274605,-52.84060122131572,False
36,MIX20->MIX40,gypsum,0.0,0.04675441460602027,0.04675441460602027,,False
36,MIX20->MIX40,CaNa_exch,-0.25,-0.07525267263309807,0.17474732736690193,-69.89893094676077,False
36,MIX20->MIX40,albite,0.0,0.14968372765463442,0.14968372765463442,,True
36,MIX20->MIX40,pyrite_oxidation_aerobic,0.0,0.0,0.0,,False
36,MIX40->MIX60,calcite,0.0,0.0,0.0,,False
36,MIX40->MIX60,dolomite,0.3,0.11172235807041324,0.18827764192958674,-62.75921397652892,False
36,MIX40->MIX60,halite,0.0,0.0,0.0,,False
36,MIX40->MIX60,gypsum,0.1,0.022879572197052788,0.07712042780294721,-77.1204278029472,False
36,MIX40->MIX60,CaNa_exch,-0.2,-0.32326805624611665,0.12326805624611664,61.634028123058314,False
36,MIX40->MIX60,albite,0.0,0.27804971158632874,0.27804971158632874,,True
36,MIX40->MIX60,pyrite_oxidation_aerobic,0.0,0.01880585163917703,0.01880585163917703,,False
36,MIX60->DILUTE,calcite,0.1,0.0,0.1,-100.0,False
36,MIX60->DILUTE,dolomite,0.0,0.0,0.0,,False
36,MIX60->DILUTE,halite,0.0,0.0,0.0,,False
36,MIX60->DILUTE,gypsum,0.0,0.0,0.0,,False
36,MIX60->DILUTE,CaNa_exch,0.0,0.12317822366683016,0.12317822366683016,,True
36,MIX60->DILUTE,albite,0.0,0.0,0.0,,False
36,MIX60->DILUTE,pyrite_oxidation_aerobic,0.0,0.0,0.0,,False
36,DILUTE->DEEP,calcite,0.0,0.0,0.0,,False
36,DILUTE->DEEP,dolomite,0.0,0.0,0.0,,False
36,DILUTE->DEEP,halite,0.45,0.3876058328792647,0.06239416712073531,-13.865370471274513,False
36,DILUTE->DEEP,gypsum,0.05,0.04363466557172121,0.006365334428278795,-12.730668856557589,False
36,DILUTE->DEEP,CaNa_exch,-0.6,-0.4350298307563185,0.16497016924368146,-27.495028207280246,False
36,DILUTE->DEEP,albite,0.0,0.0,0.0,,False
36,DILUTE->DEEP,pyrite_oxidation_aerobic,0.0,0.0070320293133215445,0.0070320293133215445,,False
36,DEEP->DISCH,calcite,0.1,0.025875593464823377,0.07412440653517663,-74.12440653517663,False
36,DEEP->DISCH,dolomite,0.05,0.017276969214835607,0.03272303078516439,-65.44606157032878,False
36,DEEP->DISCH,halite,0.0,0.08217179215018605,0.08217179215018605,,True
36,DEEP->DISCH,gypsum,0.0,0.05446077579268774,0.05446077579268774,,True
36,DEEP->DISCH,CaNa_exch,0.0,-0.05645277338619011,0.05645277338619011,,True
36,DEEP->DISCH,albite,0.0,0.03615518204256235,0.03615518204256235,,False
36,DEEP->DISCH,pyrite_oxidation_aerobic,0.0,0.0,0.0,,False
37,RCH->SH15,calcite,0.2,0.04358582520219341,0.15641417479780662,-78.20708739890331,False
37,RCH->SH15,dolomite,0.0,0.0,0.0,,False
37,RCH->SH15,halite,0.0,0.0,0.0,,False
37,RCH->SH15,gypsum,0.0,0.0,0.0,,False
37,RCH->SH15,CaNa_exch,0.0,0.07014495450179996,0.07014495450179996,,True
37,RCH->SH15,albite,0.0,0.0,0.0,,False
37,RCH->SH15,pyrite_oxidation_aerobic,0.0,0.0,0.0,,False
37,RCH->SH30,calcite,0.25,0.08836664064350346,0.16163335935649653,-64.65334374259861,False
37,RCH->SH30,dolomite,0.0,0.0,0.0,,False
37,RCH->SH30,halite,0.0,0.0,0.0,,False
37,RCH->SH30,gypsum,0.05,0.018774180598605302,0.0312258194013947,-62.4516388027894,False
37,RCH->SH30,CaNa_exch,0.0,0.11418147739334128,0.11418147739334128,,True
37,RCH->SH30,albite,0.0,0.0,0.0,,False
37,RCH->SH30,pyrite_oxidation_aerobic,0.0,0.0,0.0,,False
37,SH15->INT1,calcite,2.5,0.0,2.5,-100.0,False
37,SH15->INT1,dolomite,0.2,0.0,0.2,-100.0,False
37,SH15->INT1,halite,0.0,0.0,0.0,,False
37,SH15->INT1,gypsum,0.0,0.0,0.0,,False
37,SH15->INT1,CaNa_exch,0.0,1.1630441117346615,1.1630441117346615,,True
37,SH15->INT1,albite,0.0,0.0,0.0,,False
37,SH15->INT1,pyrite_oxidation_aerobic,0.0,0.0,0.0,,False
37,INT1->INT2,calcite,0.0,0.0,0.0,,False
37,INT1->INT2,dolomite,0.8,0.0,0.8,-100.0,False
37,INT1->INT2,halite,1.2,1.0931042997050529,0.1068957002949471,-8.907975024578926,False
37,INT1->INT2,gypsum,0.3,0.2658883705207654,0.03411162947923457,-11.370543159744857,False
37,INT1->INT2,CaNa_exch,0.0,-0.5318279227177789,0.5318279227177789,,True
37,INT1->INT2,albite,0.0,0.0,0.0,,False
37,INT1->INT2,pyrite_oxidation_aerobic,0.0,0.0,0.0,,False
37,INT2->MIX20,calcite,0.3,0.025080746356453652,0.27491925364354636,-91.63975121451546,False
37,INT2->MIX20,dolomite,0.0,0.0,0.0,,False
37,INT2->MIX20,halite,0.0,0.21705970265628047,0.21705970265628047,,True
37,INT2->MIX20,gypsum,0.0,0.0,0.0,,False
37,INT2->MIX20,CaNa_exch,-0.15,0.011793159454956492,0.16179315945495648,-107.86210630330433,False
37,INT2->MIX20,albite,0.0,0.0,0.0,,False
37,INT2->MIX20,pyrite_oxidation_aerobic,0.0,0.0014585761780952756,0.0014585761780952756,,False
37,MIX20->MIX40,calcite,0.0,0.02201917051307374,0.02201917051307374,,False
37,MIX20->MIX40,dolomite,0.0,0.04359095563259905,0.04359095563259905,,False
37,MIX20->MIX40,halite,0.35,0.07437773786224326,0.2756222621377567,-78.74921775364477,False
37,MIX20->MIX40,gypsum,0.0,0.0,0.0,,False
37,MIX20->MIX40,CaNa_exch,-0.25,-0.2197766951030962,0.030223304896903808,-12.089321958761523,False
37,MIX20->MIX40,albite,0.0,0.3532823975268888,0.3532823975268888,,True
37,MIX20->MIX40,pyrite_oxidation_aerobic,0.0,0.0,0.0,,False
37,MIX40->MIX60,calcite,0.0,0.12659613724864324,0.12659613724864324,,True
37,MIX40->MIX60,dolomite,0.3,0.10127296278669198,0.198727037213308,-66.24234573776934,False
37,MIX40->MIX60,halite,0.0,0.0,0.0,,False
37,MIX40->MIX60,gypsum,0.1,0.1293672985633747,0.029367298563374694,29.367298563374693,False
37,MIX40->MIX60,CaNa_exch,-0.2,-0.2399647235317809,0.03996472353178088,19.982361765890435,False
37,MIX40->MIX60,albite,0.0,0.10272036763982188,0.10272036763982188,,True
37,MIX40->MIX60,pyrite_oxidation_aerobic,0.0,0.0,0.0,,False
37,MIX60->DILUTE,calcite,0.1,0.0,0.1,-100.0,False
37,MIX60->DILUTE,dolomite,0.0,0.0,0.0,,False
37,MIX60->DILUTE,halite,0.0,0.0,0.0,,False
37,MIX60->DILUTE,gypsum,0.0,0.0,0.0,,False
37,MIX60->DILUTE,CaNa_exch,0.0,0.01210571198212561,0.01210571198212561,,False
37,MIX60->DILUTE,albite,0.0,0.0,0.0,,False
37,MIX60->DILUTE,pyrite_oxidation_aerobic,0.0,0.0,0.0,,False
37,DILUTE->DEEP,calcite,0.0,0.0,0.0,,False
37,DILUTE->DEEP,dolomite,0.0,0.0,0.0,,False
37,DILUTE->DEEP,halite,0.45,0.3976269299647068,0.052373070035293234,-11.638460007842943,False
37,DILUTE->DEEP,gypsum,0.05,0.04386594369623269,0.006134056303767316,-12.268112607534631,False
37,DILUTE->DEEP,CaNa_exch,-0.6,-0.541185107516439,0.05881489248356098,-9.802482080593496,False
37,DILUTE->DEEP,albite,0.0,0.0,0.0,,False
37,DILUTE->DEEP,pyrite_oxidation_aerobic,0.0,0.01455410864300666,0.01455410864300666,,False
37,DEEP->DISCH,calcite,0.1,0.11221392958432685,0.01221392958432685,12.21392958432685,False
37,DEEP->DISCH,dolomite,0.05,0.01380800114220102,0.03619199885779898,-72.38399771559796,False
37,DEEP->DISCH,halite,0.0,0.0,0.0,,False
37,DEEP->DISCH,gypsum,0.0,0.0,0.0,,False
37,DEEP->DISCH,CaNa_exch,0.0,0.027861148675093046,0.027861148675093046,,False
37,DEEP->DISCH,albite,0.0,0.0,0.0,,False
37,DEEP->DISCH,pyrite_oxidation_aerobic,0.0,0.0,0.0,,False
38,RCH->SH15,calcite,0.2,0.0,0.2,-100.0,False
38,RCH->SH15,dolomite,0.0,0.0,0.0,,False
38,RCH->SH15,halite,0.0,0.0,0.0,,False
38,RCH->SH15,gypsum,0.0,0.0,0.0,,False
38,RCH->SH15,CaNa_exch,0.0,0.036947533522044024,0.036947533522044024,,False
38,RCH->SH15,albite,0.0,0.0,0.0,,False
38,RCH->SH15,pyrite_oxidation_aerobic,0.0,0.0,0.0,,False
38,RCH->SH30,calcite,0.25,0.06342539800939197,0.18657460199060805,-74.62984079624322,False
38,RCH->SH30,dolomite,0.0,0.0,0.0,,False
38,RCH->SH30,halite,0.0,0.0,0.0,,False
38,RCH->SH30,gypsum,0.05,0.0007984713834922288,0.04920152861650778,-98.40305723301555,False
38,RCH->SH30,CaNa_exch,0.0,0.12028614105148626,0.12028614105148626,,True
38,RCH->SH30,albite,0.0,0.0,0.0,,False
38,RCH->SH30,pyrite_oxidation_aerobic,0.0,0.008920313766687851,0.008920313766687851,,False
38,SH15->INT1,calcite,2.5,2.492857249359551,0.007142750640448892,-0.28571002561795567,False
38,SH15->INT1,dolomite,0.2,0.057661694725126285,0.14233830527487373,-71.16915263743687,False
38,SH15->INT1,halite,0.0,0.00040503983947560583,0.00040503983947560583,,False
38,SH15->INT1,gypsum,0.0,0.0,0.0,,False
38,SH15->INT1,CaNa_exch,0.0,-0.09930666379383953,0.09930666379383953,,True
38,SH15->INT1,albite,0.0,0.012631055083498056,0.012631055083498056,,False
38,SH15->INT1,pyrite_oxidation_aerobic,0.0,0.0013943947089894984,0.0013943947089894984,,False
38,INT1->INT2,calcite,0.0,1.7162558414048201,1.7162558414048201,,True
38,INT1->INT2,dolomite,0.8,0.1829140915967579,0.6170859084032422,-77.13573855040526,False
38,INT1->INT2,halite,1.2,0.7348198866070464,0.4651801133929535,-38.765009449412794,False
38,INT1->INT2,gypsum,0.3,0.30356405642890755,0.0035640564289075582,1.1880188096358528,False
38,INT1->INT2,CaNa_exch,0.0,-0.4085554536635026,0.4085554536635026,,True
38,INT1->INT2,albite,0.0,0.20395577214290506,0.20395577214290506,,True
38,INT1->INT2,pyrite_oxidation_aerobic,0.0,0.0,0.0,,False
38,INT2->MIX20,calcite,0.3,0.06739398444620506,0.23260601555379493,-77.53533851793163,False
38,INT2->MIX20,dolomite,0.0,0.0008565233383051301,0.0008565233383051301,,False
38,INT2->MIX20,halite,0.0,0.05240284676575967,0.05240284676575967,,True
38,INT2->MIX20,gypsum,0.0,0.0,0.0,,False
38,INT2->MIX20,CaNa_exch,-0.15,-0.06023968336489375,0.08976031663510625,-59.84021109007084,False
38,INT2->MIX20,albite,0.0,0.14674483881079886,0.14674483881079886,,True
38,INT2->MIX20,pyrite_oxidation_aerobic,0.0,0.0,0.0,,False
38,MIX20->MIX40,calcite,0.0,0.0,0.0,,False
38,MIX20->MIX40,dolomite,0.0,0.011626094043671415,0.011626094043671415,,False
38,MIX20->MIX40,halite,0.35,0.14816059368328222,0.20183940631671776,-57.668401804776515,False
38,MIX20->MIX40,gypsum,0.0,0.0,0.0,,False
38,MIX20->MIX40,CaNa_exch,-0.25,-0.19485783716582802,0.055142162834171976,-22.05686513366879,False
38,MIX20->MIX40,albite,0.0,0.24278282504987692,0.24278282504987692,,True
38,MIX20->MIX40,pyrite_oxidation_aerobic,0.0,0.0,0.0,,False
38,MIX40->MIX60,calcite,0.0,0.10441333564086057,0.10441333564086057,,True
38,MIX40->MIX60,dolomite,0.3,0.08310611298949744,0.21689388701050255,-72.29796233683419,False
38,MIX40->MIX60,halite,0.0,0.0,0.0,,False
38,MIX40->MIX60,gypsum,0.1,0.07407478123225479,0.025925218767745214,-25.925218767745214,False
38,MIX40->MIX60,CaNa_exch,-0.2,-0.2658513196488229,0.0658513196488229,32.92565982441145,False
38,MIX40->MIX60,albite,0.0,0.2536133872078742,0.2536133872078742,,True
38,MIX40->MIX60,pyrite_oxidation_aerobic,0.0,0.011392882148671422,0.011392882148671422,,False
38,MIX60->DILUTE,calcite,0.1,0.015325809683063107,0.0846741903169369,-84.6741903169369,False
38,MIX60->DILUTE,dolomite,0.0,0.0,0.0,,False
38,MIX60->DILUTE,halite,0.0,0.049036896634896215,0.049036896634896215,,False
38,MIX60->DILUTE,gypsum,0.0,0.0,0.0,,False
38,MIX60->DILUTE,CaNa_exch,0.0,0.1502259890520446,0.1502259890520446,,True
38,MIX60->DILUTE,albite,0.0,0.0,0.0,,False
38,MIX60->DILUTE,pyrite_oxidation_aerobic,0.0,0.0,0.0,,False
38,DILUTE->DEEP,calcite,0.0,0.0,0.0,,False
38,DILUTE->DEEP,dolomite,0.0,0.0,0.0,,False
38,DILUTE->DEEP,halite,0.45,0.4158077085148068,0.034192291485193205,-7.598286996709601,False
38,DILUTE->DEEP,gypsum,0.05,0.012535083305933014,0.037464916694066985,-74.92983338813397,False
38,DILUTE->DEEP,CaNa_exch,-0.6,-0.6269780136803927,0.026978013680392765,4.496335613398794,False
38,DILUTE->DEEP,albite,0.0,0.0,0.0,,False
38,DILUTE->DEEP,pyrite_oxidation_aerobic,0.0,0.015063030630763651,0.015063030630763651,,False
38,DEEP->DISCH,calcite,0.1,0.013656703962684959,0.08634329603731505,-86.34329603731504,False
38,DEEP->DISCH,dolomite,0.05,0.0,0.05,-100.0,False
38,DEEP->DISCH,halite,0.0,0.025510800739789324,0.025510800739789324,,False
38,DEEP->DISCH,gypsum,0.0,0.05017324340781014,0.05017324340781014,,True
38,DEEP->DISCH,CaNa_exch,0.0,0.06838113377626936,0.06838113377626936,,True
38,DEEP->DISCH,albite,0.0,0.0,0.0,,False
38,DEEP->DISCH,pyrite_oxidation_aerobic,0.0,0.0,0.0,,False
39,RCH->SH15,calcite,0.2,0.07169834057471697,0.12830165942528304,-64.15082971264151,False
39,RCH->SH15,dolomite,0.0,0.0,0.0,,False
39,RCH->SH15,halite,0.0,0.0,0.0,,False
39,RCH->SH15,gypsum,0.0,0.0,0.0,,False
39,RCH->SH15,CaNa_exch,0.0,0.05355631789623503,0.05355631789623503,,True
39,RCH->SH15,albite,0.0,0.0,0.0,,False
39,RCH->SH15,pyrite_oxidation_aerobic,0.0,0.0,0.0,,False
39,RCH->SH30,calcite,0.25,0.08224227938060638,0.16775772061939362,-67.10308824775744,False
39,RCH->SH30,dolomite,0.0,0.0,0.0,,False
39,RCH->SH30,halite,0.0,0.0,0.0,,False
39,RCH->SH30,gypsum,0.05,0.10272118456169088,0.05272118456169088,105.44236912338175,False
39,RCH->SH30,CaNa_exch,0.0,0.08441557236696311,0.08441557236696311,,True
39,RCH->SH30,albite,0.0,0.0,0.0,,False
39,RCH->SH30,pyrite_oxidation_aerobic,0.0,0.0,0.0,,False
39,SH15->INT1,calcite,2.5,2.543041403673008,0.043041403673008016,1.7216561469203207,False
39,SH15->INT1,dolomite,0.2,0.07859221811972425,0.12140778188027576,-60.70389094013788,False
39,SH15->INT1,halite,0.0,0.0,0.0,,False
39,SH15->INT1,gypsum,0.0,0.0,0.0,,False
39,SH15->INT1,CaNa_exch,0.0,-0.15001084380091798,0.15001084380091798,,True
39,SH15->INT1,albite,0.0,0.02136234315290465,0.02136234315290465,,False
39,SH15->INT1,pyrite_oxidation_aerobic,0.0,0.0,0.0,,False
39,INT1->INT2,calcite,0.0,0.8844351514174938,0.8844351514174938,,True
39,INT1->INT2,dolomite,0.8,0.1425735729636132,0.6574264270363869,-82.17830337954837,False
39,INT1->INT2,halite,1.2,1.3390588217340966,0.13905882173409667,11.588235144508056,False
39,INT1->INT2,gypsum,0.3,0.3653625401966953,0.0653625401966953,21.787513398898433,False
39,INT1->INT2,CaNa_exch,0.0,-0.3697485389956249,0.3697485389956249,,True
39,INT1->INT2,albite,0.0,0.18029112720496043,0.18029112720496043,,True
39,INT1->INT2,pyrite_oxidation_aerobic,0.0,0.0,0.0,,False
39,INT2->MIX20,calcite,0.3,0.18236034730031597,0.11763965269968402,-39.21321756656134,False
39,INT2->MIX20,dolomite,0.0,0.003284001829920993,0.003284001829920993,,False
39,INT2->MIX20,halite,0.0,0.0740703644552234,0.0740703644552234,,True
39,INT2->MIX20,gypsum,0.0,0.07468978896549068,0.07468978896549068,,True
39,INT2->MIX20,CaNa_exch,-0.15,-0.038307769255720416,0.11169223074427959,-74.46148716285306,False
39,INT2->MIX20,albite,0.0,0.04364652993163701,0.04364652993163701,,False
39,INT2->MIX20,pyrite_oxidation_aerobic,0.0,0.0,0.0,,False
39,MIX20->MIX40,calcite,0.0,0.12348782281959111,0.12348782281959111,,True
39,MIX20->MIX40,dolomite,0.0,0.011018412155753313,0.011018412155753313,,False
39,MIX20->MIX40,halite,0.35,0.07235611247574976,0.27764388752425023,-79.32682500692864,False
39,MIX20->MIX40,gypsum,0.0,0.0,0.0,,False
39,MIX20->MIX40,CaNa_exch,-0.25,-0.15458406346877157,0.09541593653122843,-38.166374612491374,False
39,MIX20->MIX40,albite,0.0,0.336877271337703,0.336877271337703,,True
39,MIX20->MIX40,pyrite_oxidation_aerobic,0.0,0.0,0.0,,False
39,MIX40->MIX60,calcite,0.0,0.29863419853542145,0.29863419853542145,,True
39,MIX40->MIX60,dolomite,0.3,0.09775495340471052,0.20224504659528947,-67.41501553176316,False
39,MIX40->MIX60,halite,0.0,0.0,0.0,,False
39,MIX40->MIX60,gypsum,0.1,0.036803949261248345,0.06319605073875166,-63.19605073875165,False
39,MIX40->MIX60,CaNa_exch,-0.2,-0.2598323121537559,0.059832312153755896,29.916156076877947,False
39,MIX40->MIX60,albite,0.0,0.19128152783255264,0.19128152783255264,,True
39,MIX40->MIX60,pyrite_oxidation_aerobic,0.0,0.010778642658249711,0.010778642658249711,,False
39,MIX60->DILUTE,calcite,0.1,0.0,0.1,-100.0,False
39,MIX60->DILUTE,dolomite,0.0,0.0,0.0,,False
39,MIX60->DILUTE,halite,0.0,0.11158992992686309,0.11158992992686309,,True
39,MIX60->DILUTE,gypsum,0.0,0.09004602026512609,0.09004602026512609,,True
39,MIX60->DILUTE,CaNa_exch,0.0,0.046672445481071356,0.046672445481071356,,False
39,MIX60->DILUTE,albite,0.0,0.0,0.0,,False
39,MIX60->DILUTE,pyrite_oxidation_aerobic,0.0,0.0,0.0,,False
39,DILUTE->DEEP,calcite,0.0,0.0,0.0,,False
39,DILUTE->DEEP,dolomite,0.0,0.0,0.0,,False
39,DILUTE->DEEP,halite,0.45,0.343375475705208,0.10662452429479202,-23.694338732176004,False
39,DILUTE->DEEP,gypsum,0.05,0.0,0.05,-100.0,False
39,DILUTE->DEEP,CaNa_exch,-0.6,-0.6166561909096746,0.01665619090967463,2.776031818279105,False
39,DILUTE->DEEP,albite,0.0,0.0,0.0,,False
39,DILUTE->DEEP,pyrite_oxidation_aerobic,0.0,0.0330709533022054,0.0330709533022054,,False
39,DEEP->DISCH,calcite,0.1,0.0,0.1,-100.0,False
39,DEEP->DISCH,dolomite,0.05,0.0,0.05,-100.0,False
39,DEEP->DISCH,halite,0.0,0.0,0.0,,False
39,DEEP->DISCH,gypsum,0.0,0.0,0.0,,False
39,DEEP->DISCH,CaNa_exch,0.0,0.08901056100873031,0.08901056100873031,,True
39,DEEP->DISCH,albite,0.0,0.0,0.0,,False
39,DEEP->DISCH,pyrite_oxidation_aerobic,0.0,0.0,0.0,,False
40,RCH->SH15,calcite,0.2,0.0,0.2,-100.0,False
40,RCH->SH15,dolomite,0.0,0.0,0.0,,False
40,RCH->SH15,halite,0.0,0.0,0.0,,False
40,RCH->SH15,gypsum,0.0,0.0,0.0,,False
40,RCH->SH15,CaNa_exch,0.0,0.08031411141730255,0.08031411141730255,,True
40,RCH->SH15,albite,0.0,0.0,0.0,,False
40,RCH->SH15,pyrite_oxidation_aerobic,0.0,0.0,0.0,,False
40,RCH->SH30,calcite,0.25,0.08841123322869253,0.16158876677130746,-64.63550670852298,False
40,RCH->SH30,dolomite,0.0,0.0,0.0,,False
40,RCH->SH30,halite,0.0,0.0,0.0,,False
40,RCH->SH30,gypsum,0.05,0.007245282860974271,0.04275471713902573,-85.50943427805146,False
40,RCH->SH30,CaNa_exch,0.0,0.12577146962024635,0.12577146962024635,,True
40,RCH->SH30,albite,0.0,0.0,0.0,,False
40,RCH->SH30,pyrite_oxidation_aerobic,0.0,0.007081050970431824,0.007081050970431824,,False
40,SH15->INT1,calcite,2.5,2.650273800098274,0.15027380009827418,6.010952003930967,False
40,SH15->INT1,dolomite,0.2,0.061963153518935964,0.13803684648106404,-69.01842324053202,False
40,SH15->INT1,halite,0.0,0.009206810958192655,0.009206810958192655,,False
40,SH15->INT1,gypsum,0.0,0.02343631512431615,0.02343631512431615,,False
40,SH15->INT1,CaNa_exch,0.0,-0.12631316828889522,0.12631316828889522,,True
40,SH15->INT1,albite,0.0,0.03602356171344758,0.03602356171344758,,False
40,SH15->INT1,pyrite_oxidation_aerobic,0.0,0.0,0.0,,False
40,INT1->INT2,calcite,0.0,1.4072627265668283,1.4072627265668283,,True
40,INT1->INT2,dolomite,0.8,0.19075687380354198,0.609243126196458,-76.15539077455725,False
40,INT1->INT2,halite,1.2,0.7975739921281144,0.40242600787188554,-33.53550065599046,False
40,INT1->INT2,gypsum,0.3,0.13765490284266277,0.16234509715733722,-54.115032385779074,False
40,INT1->INT2,CaNa_exch,0.0,-0.43057989619735176,0.43057989619735176,,True
40,INT1->INT2,albite,0.0,0.14921648619424766,0.14921648619424766,,True
40,INT1->INT2,pyrite_oxidation_aerobic,0.0,0.044851800181046196,0.044851800181046196,,False
40,INT2->MIX20,calcite,0.3,0.2834507900583209,0.016549209941679077,-5.516403313893026,False
40,INT2->MIX20,dolomite,0.0,0.0,0.0,,False
40,INT2->MIX20,halite,0.0,0.15589266466173052,0.15589266466173052,,True
40,INT2->MIX20,gypsum,0.0,0.13038824626871226,0.13038824626871226,,True
40,INT2->MIX20,CaNa_exch,-0.15,0.018491207510397973,0.16849120751039798,-112.32747167359867,False
40,INT2->MIX20,albite,0.0,0.0,0.0,,False
40,INT2->MIX20,pyrite_oxidation_aerobic,0.0,0.0,0.0,,False
40,MIX20->MIX40,calcite,0.0,0.03650088522977405,0.03650088522977405,,False
40,MIX20->MIX40,dolomite,0.0,0.013762529307014897,0.013762529307014897,,False
40,MIX20->MIX40,halite,0.35,0.015563485755488927,0.33443651424451104,-95.55328978414602,False
40,MIX20->MIX40,gypsum,0.0,0.06671188667214174,0.06671188667214174,,True
40,MIX20->MIX40,CaNa_exch,-0.25,-0.1807293253177427,0.06927067468225731,-27.708269872902925,False
40,MIX20->MIX40,albite,0.0,0.35653594726003063,0.35653594726003063,,True
40,MIX20->MIX40,pyrite_oxidation_aerobic,0.0,0.0,0.0,,False
40,MIX40->MIX60,calcite,0.0,0.15209139885817996,0.15209139885817996,,True
40,MIX40->MIX60,dolomite,0.3,0.07185038779542069,0.2281496122045793,-76.04987073485978,False
40,MIX40->MIX60,halite,0.0,0.0,0.0,,False
40,MIX40->MIX60,gypsum,0.1,0.05482234835058817,0.045177651649411836,-45.17765164941183,False
40,MIX40->MIX60,CaNa_exch,-0.2,-0.2044219468292831,0.004421946829283097,2.2109734146415483,False
40,MIX40->MIX60,albite,0.0,0.1603169514538754,0.1603169514538754,,True
40,MIX40->MIX60,pyrite_oxidation_aerobic,0.0,0.023603224626629192,0.023603224626629192,,False
40,MIX60->DILUTE,calcite,0.1,0.0,0.1,-100.0,False
40,MIX60->DILUTE,dolomite,0.0,0.008664117144414257,0.008664117144414257,,False
40,MIX60->DILUTE,halite,0.0,0.05411197165533554,0.05411197165533554,,True
40,MIX60->DILUTE,gypsum,0.0,0.13085027844530905,0.13085027844530905,,True
40,MIX60->DILUTE,CaNa_exch,0.0,0.010547516084770359,0.010547516084770359,,False
40,MIX60->DILUTE,albite,0.0,0.0,0.0,,False
40,MIX60->DILUTE,pyrite_oxidation_aerobic,0.0,0.0,0.0,,False
40,DILUTE->DEEP,calcite,0.0,0.0,0.0,,False
40,DILUTE->DEEP,dolomite,0.0,0.0,0.0,,False
40,DILUTE->DEEP,halite,0.45,0.5187643725124297,0.06876437251242967,15.280971669428816,False
40,DILUTE->DEEP,gypsum,0.05,0.0,0.05,-100.0,False
40,DILUTE->DEEP,CaNa_exch,-0.6,-0.6408223172919458,0.04082231729194585,6.803719548657643,False
40,DILUTE->DEEP,albite,0.0,0.0,0.0,,False
40,DILUTE->DEEP,pyrite_oxidation_aerobic,0.0,0.02358332520686712,0.02358332520686712,,False
40,DEEP->DISCH,calcite,0.1,0.13670300567826044,0.03670300567826043,36.70300567826043,False
40,DEEP->DISCH,dolomite,0.05,0.02188776995804791,0.028112230041952093,-56.22446008390418,False
40,DEEP->DISCH,halite,0.0,0.0,0.0,,False
40,DEEP->DISCH,gypsum,0.0,0.0,0.0,,False
40,DEEP->DISCH,CaNa_exch,0.0,0.07073986505137787,0.07073986505137787,,True
40,DEEP->DISCH,albite,0.0,0.0,0.0,,False
40,DEEP->DISCH,pyrite_oxidation_aerobic,0.0,0.0,0.0,,False
41,RCH->SH15,calcite,0.2,0.0,0.2,-100.0,False
41,RCH->SH15,dolomite,0.0,0.0,0.0,,False
41,RCH->SH15,halite,0.0,0.0,0.0,,False
41,RCH->SH15,gypsum,0.0,0.0,0.0,,False
41,RCH->SH15,CaNa_exch,0.0,0.0260227193794364,0.0260227193794364,,False
41,RCH->SH15,albite,0.0,0.0,0.0,,False
41,RCH->SH15,pyrite_oxidation_aerobic,0.0,0.0,0.0,,False
41,RCH->SH30,calcite,0.25,0.05298768575952235,0.19701231424047766,-78.80492569619106,False
41,RCH->SH30,dolomite,0.0,0.0,0.0,,False
41,RCH->SH30,halite,0.0,0.0,0.0,,False
41,RCH->SH30,gypsum,0.05,0.0005616839569110132,0.04943831604308899,-98.87663208617796,False
41,RCH->SH30,CaNa_exch,0.0,0.0940144266783123,0.0940144266783123,,True
41,RCH->SH30,albite,0.0,0.0,0.0,,False
41,RCH->SH30,pyrite_oxidation_aerobic,0.0,0.008530083775314803,0.008530083775314803,,False
41,SH15->INT1,calcite,2.5,2.667383097602027,0.16738309760202696,6.695323904081079,False
41,SH15->INT1,dolomite,0.2,0.056451466880275795,0.1435485331197242,-71.7742665598621,False
41,SH15->INT1,halite,0.0,0.034660206003392285,0.034660206003392285,,False
41,SH15->INT1,gypsum,0.0,0.0,0.0,,False
41,SH15->INT1,CaNa_exch,0.0,-0.10855752160429644,0.10855752160429644,,True
41,SH15->INT1,albite,0.0,0.017362422953250675,0.017362422953250675,,False
41,SH15->INT1,pyrite_oxidation_aerobic,0.0,0.0,0.0,,False
41,INT1->INT2,calcite,0.0,1.229193850576226,1.229193850576226,,True
41,INT1->INT2,dolomite,0.8,0.18307987458119604,0.616920125418804,-77.1150156773505,False
41,INT1->INT2,halite,1.2,1.1672603833324697,0.032739616667530225,-2.728301388960852,False
41,INT1->INT2,gypsum,0.3,0.3163399963647987,0.016339996364798715,5.446665454932905,False
41,INT1->INT2,CaNa_exch,0.0,-0.481518419811757,0.481518419811757,,True
41,INT1->INT2,albite,0.0,0.2504780862608824,0.2504780862608824,,True
41,INT1->INT2,pyrite_oxidation_aerobic,0.0,0.0,0.0,,False
41,INT2->MIX20,calcite,0.3,0.2818476318665704,0.018152368133429575,-6.050789377809859,False
41,INT2->MIX20,dolomite,0.0,0.0033220327857581,0.0033220327857581,,False
41,INT2->MIX20,halite,0.0,0.16524001113073528,0.16524001113073528,,True
41,INT2->MIX20,gypsum,0.0,0.04623870924990923,0.04623870924990923,,False
41,INT2->MIX20,CaNa_exch,-0.15,-0.02105241618628857,0.12894758381371144,-85.96505587580764,False
41,INT2->MIX20,albite,0.0,0.014562559242609064,0.014562559242609064,,False
41,INT2->MIX20,pyrite_oxidation_aerobic,0.0,0.0,0.0,,False
41,MIX20->MIX40,calcite,0.0,0.06531276845466606,0.06531276845466606,,True
41,MIX20->MIX40,dolomite,0.0,0.003111535463501747,0.003111535463501747,,False
41,MIX20->MIX40,halite,0.35,0.02789668966243364,0.32210331033756634,-92.02951723930467,False
41,MIX20->MIX40,gypsum,0.0,0.0,0.0,,False
41,MIX20->MIX40,CaNa_exch,-0.25,-0.12420784457342741,0.12579215542657257,-50.31686217062903,False
41,MIX20->MIX40,albite,0.0,0.29651766852047706,0.29651766852047706,,True
41,MIX20->MIX40,pyrite_oxidation_aerobic,0.0,0.0017945491664059271,0.0017945491664059271,,False
41,MIX40->MIX60,calcite,0.0,0.21549349195642467,0.21549349195642467,,True
41,MIX40->MIX60,dolomite,0.3,0.09474584022530073,0.20525415977469924,-68.41805325823307,False
41,MIX40->MIX60,halite,0.0,0.0,0.0,,False
41,MIX40->MIX60,gypsum,0.1,0.1516002045720135,0.0516002045720135,51.600204572013496,False
41,MIX40->MIX60,CaNa_exch,-0.2,-0.2552200156927448,0.05522001569274476,27.61000784637238,False
41,MIX40->MIX60,albite,0.0,0.13589366977082032,0.13589366977082032,,True
41,MIX40->MIX60,pyrite_oxidation_aerobic,0.0,0.0,0.0,,False
41,MIX60->DILUTE,calcite,0.1,0.020837972161338796,0.0791620278386612,-79.1620278386612,False
41,MIX60->DILUTE,dolomite,0.0,0.0,0.0,,False
41,MIX60->DILUTE,halite,0.0,0.0,0.0,,False
41,MIX60->DILUTE,gypsum,0.0,0.0,0.0,,False
41,MIX60->DILUTE,CaNa_exch,0.0,0.003729756018800359,0.003729756018800359,,False
41,MIX60->DILUTE,albite,0.0,0.0,0.0,,False
41,MIX60->DILUTE,pyrite_oxidation_aerobic,0.0,0.0,0.0,,False
41,DILUTE->DEEP,calcite,0.0,0.0,0.0,,False
41,DILUTE->DEEP,dolomite,0.0,0.0,0.0,,False
41,DILUTE->DEEP,halite,0.45,0.47367894200840693,0.023678942008406922,5.261987112979316,False
41,DILUTE->DEEP,gypsum,0.05,0.020597489179776676,0.029402510820223327,-58.805021640446654,False
41,DILUTE->DEEP,CaNa_exch,-0.6,-0.5628390389771755,0.03716096102282451,-6.193493503804086,False
41,DILUTE->DEEP,albite,0.0,0.09193378045969493,0.09193378045969493,,True
41,DILUTE->DEEP,pyrite_oxidation_aerobic,0.0,0.02637534501018128,0.02637534501018128,,False
41,DEEP->DISCH,calcite,0.1,0.0,0.1,-100.0,False
41,DEEP->DISCH,dolomite,0.05,0.012823552135412135,0.03717644786458787,-74.35289572917573,False
41,DEEP->DISCH,halite,0.0,0.0,0.0,,False
41,DEEP->DISCH,gypsum,0.0,0.0,0.0,,False
41,DEEP->DISCH,CaNa_exch,0.0,-0.012184393713502668,0.012184393713502668,,False
41,DEEP->DISCH,albite,0.0,0.0,0.0,,False
41,DEEP->DISCH,pyrite_oxidation_aerobic,0.0,0.0,0.0,,False
42,RCH->SH15,calcite,0.2,0.0348351529047727,0.1651648470952273,-82.58242354761364,False
42,RCH->SH15,dolomite,0.0,0.0,0.0,,False
42,RCH->SH15,halite,0.0,0.004791473729479802,0.004791473729479802,,False
42,RCH->SH15,gypsum,0.0,0.0,0.0,,False
42,RCH->SH15,CaNa_exch,0.0,0.08731876298108142,0.08731876298108142,,True
42,RCH->SH15,albite,0.0,0.0,0.0,,False
42,RCH->SH15,pyrite_oxidation_aerobic,0.0,0.0,0.0,,False
42,RCH->SH30,calcite,0.25,0.0,0.25,-100.0,False
42,RCH->SH30,dolomite,0.0,0.0,0.0,,False
42,RCH->SH30,halite,0.0,0.0,0.0,,False
42,RCH->SH30,gypsum,0.05,0.0,0.05,-100.0,False
42,RCH->SH30,CaNa_exch,0.0,0.08226505131769972,0.08226505131769972,,True
42,RCH->SH30,albite,0.0,0.0,0.0,,False
42,RCH->SH30,pyrite_oxidation_aerobic,0.0,0.00969449631227083,0.00969449631227083,,False
42,SH15->INT1,calcite,2.5,2.7359104122381535,0.23591041223815346,9.436416489526138,False
42,SH15->INT1,dolomite,0.2,0.05215686981963662,0.14784313018036338,-73.92156509018169,False
42,SH15->INT1,halite,0.0,0.0026070808183671222,0.0026070808183671222,,False
42,SH15->INT1,gypsum,0.0,0.0,0.0,,False
42,SH15->INT1,CaNa_exch,0.0,-0.10918915279951821,0.10918915279951821,,True
42,SH15->INT1,albite,0.0,0.038267190894509064,0.038267190894509064,,False
42,SH15->INT1,pyrite_oxidation_aerobic,0.0,0.0,0.0,,False
42,INT1->INT2,calcite,0.0,1.365622581181683,1.365622581181683,,True
42,INT1->INT2,dolomite,0.8,0.2113986499736453,0.5886013500263547,-73.57516875329434,False
42,INT1->INT2,halite,1.2,0.6324528616636853,0.5675471383363146,-47.295594861359554,False
42,INT1->INT2,gypsum,0.3,0.26080749005245896,0.03919250994754103,-13.064169982513677,False
42,INT1->INT2,CaNa_exch,0.0,-0.5504411821330307,0.5504411821330307,,True
42,INT1->INT2,albite,0.0,0.2944053924630856,0.2944053924630856,,True
42,INT1->INT2,pyrite_oxidation_aerobic,0.0,0.0,0.0,,False
42,INT2->MIX20,calcite,0.3,0.10112381442688866,0.19887618557311132,-66.29206185770377,False
42,INT2->MIX20,dolomite,0.0,0.0,0.0,,False
42,INT2->MIX20,halite,0.0,0.02530166583134636,0.02530166583134636,,False
42,INT2->MIX20,gypsum,0.0,0.06320855987127273,0.06320855987127273,,True
42,INT2->MIX20,CaNa_exch,-0.15,0.03483319695486799,0.184833196954868,-123.22213130324533,False
42,INT2->MIX20,albite,0.0,0.0,0.0,,False
42,INT2->MIX20,pyrite_oxidation_aerobic,0.0,0.0,0.0,,False
42,MIX20->MIX40,calcite,0.0,0.1910894390100939,0.1910894390100939,,True
42,MIX20->MIX40,dolomite,0.0,0.0028625240699732455,0.0028625240699732455,,False
42,MIX20->MIX40,halite,0.35,0.1048918331413102,0.24510816685868977,-70.03090481676851,False
42,MIX20->MIX40,gypsum,0.0,0.0,0.0,,False
42,MIX20->MIX40,CaNa_exch,-0.25,-0.08954699316278392,0.16045300683721608,-64.18120273488643,False
42,MIX20->MIX40,albite,0.0,0.2109861122545543,0.2109861122545543,,True
42,MIX20->MIX40,pyrite_oxidation_aerobic,0.0,0.0022771151608628366,0.0022771151608628366,,False
42,MIX40->MIX60,calcite,0.0,0.14938502079873595,0.14938502079873595,,True
42,MIX40->MIX60,dolomite,0.3,0.08352552835436848,0.2164744716456315,-72.15815721521051,False
42,MIX40->MIX60,halite,0.0,0.0,0.0,,False
42,MIX40->MIX60,gypsum,0.1,0.06726701364680315,0.03273298635319685,-32.73298635319685,False
42,MIX40->MIX60,CaNa_exch,-0.2,-0.2375879713981022,0.03758797139810219,18.793985699051092,False
42,MIX40->MIX60,albite,0.0,0.18447154312052513,0.18447154312052513,,True
42,MIX40->MIX60,pyrite_oxidation_aerobic,0.0,0.0,0.0,,False
42,MIX60->DILUTE,calcite,0.1,0.0,0.1,-100.0,False
42,MIX60->DILUTE,dolomite,0.0,0.009005915143191894,0.009005915143191894,,False
42,MIX60->DILUTE,halite,0.0,0.0,0.0,,False
42,MIX60->DILUTE,gypsum,0.0,0.0,0.0,,False
42,MIX60->DILUTE,CaNa_exch,0.0,-0.02020322637132475,0.02020322637132475,,False
42,MIX60->DILUTE,albite,0.0,0.0,0.0,,False
42,MIX60->DILUTE,pyrite_oxidation_aerobic,0.0,0.003549248579071598,0.003549248579071598,,False
42,DILUTE->DEEP,calcite,0.0,0.0,0.0,,False
42,DILUTE->DEEP,dolomite,0.0,0.0,0.0,,False
42,DILUTE->DEEP,halite,0.45,0.4407545837896691,0.009245416210330926,-2.0545369356290943,False
42,DILUTE->DEEP,gypsum,0.05,0.05778047631380895,0.0077804763138089456,15.560952627617892,False
42,DILUTE->DEEP,CaNa_exch,-0.6,-0.5244903179782691,0.07550968202173092,-12.58494700362182,False
42,DILUTE->DEEP,albite,0.0,0.0,0.0,,False
42,DILUTE->DEEP,pyrite_oxidation_aerobic,0.0,0.0,0.0,,False
42,DEEP->DISCH,calcite,0.1,0.046719287924802115,0.05328071207519789,-53.28071207519789,False
42,DEEP->DISCH,dolomite,0.05,0.026262851189908173,0.02373714881009183,-47.474297620183656,False
42,DEEP->DISCH,halite,0.0,0.11523608895512609,0.11523608895512609,,True
42,DEEP->DISCH,gypsum,0.0,0.0,0.0,,False
42,DEEP->DISCH,CaNa_exch,0.0,0.003140002145335705,0.003140002145335705,,False
42,DEEP->DISCH,albite,0.0,0.0,0.0,,False
42,DEEP->DISCH,pyrite_oxidation_aerobic,0.0,0.0,0.0,,False
43,RCH->SH15,calcite,0.2,0.037943434318996994,0.16205656568100302,-81.0282828405015,False
43,RCH->SH15,dolomite,0.0,0.0,0.0,,False
43,RCH->SH15,halite,0.0,0.0,0.0,,False
43,RCH->SH15,gypsum,0.0,0.0,0.0,,False
43,RCH->SH15,CaNa_exch,0.0,0.031190837525686986,0.031190837525686986,,False
43,RCH->SH15,albite,0.0,0.0,0.0,,False
43,RCH->SH15,pyrite_oxidation_aerobic,0.0,0.0,0.0,,False
43,RCH->SH30,calcite,0.25,0.08013775038210182,0.1698622496178982,-67.94489984715928,False
43,RCH->SH30,dolomite,0.0,0.0,0.0,,False
43,RCH->SH30,halite,0.0,0.0,0.0,,False
43,RCH->SH30,gypsum,0.05,0.03672003706632972,0.013279962933670286,-26.55992586734057,False
43,RCH->SH30,CaNa_exch,0.0,0.05547726801180814,0.05547726801180814,,True
43,RCH->SH30,albite,0.0,0.0,0.0,,False
43,RCH->SH30,pyrite_oxidation_aerobic,0.0,0.0005854615980876791,0.0005854615980876791,,False
43,SH15->INT1,calcite,2.5,2.844195024370461,0.3441950243704608,13.767800974818432,False
43,SH15->INT1,dolomite,0.2,0.06394067965707616,0.13605932034292384,-68.02966017146191,False
43,SH15->INT1,halite,0.0,0.0,0.0,,False
43,SH15->INT1,gypsum,0.0,0.0,0.0,,False
43,SH15->INT1,CaNa_exch,0.0,-0.1310436177789421,0.1310436177789421,,True
43,SH15->INT1,albite,0.0,0.039876218068204156,0.039876218068204156,,False
43,SH15->INT1,pyrite_oxidation_aerobic,0.0,0.0,0.0,,False
43,INT1->INT2,calcite,0.0,0.9050512227625153,0.9050512227625153,,True
43,INT1->INT2,dolomite,0.8,0.18428199366251943,0.6157180063374806,-76.96475079218507,False
43,INT1->INT2,halite,1.2,1.1443095895763662,0.05569041042363376,-4.640867535302814,False
43,INT1->INT2,gypsum,0.3,0.34440943633064736,0.04440943633064737,14.803145443549122,False
43,INT1->INT2,CaNa_exch,0.0,-0.49404509799702806,0.49404509799702806,,True
43,INT1->INT2,albite,0.0,0.2578570761836541,0.2578570761836541,,True
43,INT1->INT2,pyrite_oxidation_aerobic,0.0,0.0,0.0,,False
43,INT2->MIX20,calcite,0.3,0.0,0.3,-100.0,False
43,INT2->MIX20,dolomite,0.0,0.0,0.0,,False
43,INT2->MIX20,halite,0.0,0.05304652917608889,0.05304652917608889,,True
43,INT2->MIX20,gypsum,0.0,0.0,0.0,,False
43,INT2->MIX20,CaNa_exch,-0.15,-0.15029935712422418,0.0002993571242241866,0.19957141614945773,False
43,INT2->MIX20,albite,0.0,0.0,0.0,,False
43,INT2->MIX20,pyrite_oxidation_aerobic,0.0,0.0011155589279859977,0.0011155589279859977,,False
43,MIX20->MIX40,calcite,0.0,0.2528118015120327,0.2528118015120327,,True
43,MIX20->MIX40,dolomite,0.0,0.02410698539946866,0.02410698539946866,,False
43,MIX20->MIX40,halite,0.35,0.18845676960154073,0.16154323039845925,-46.15520868527407,False
43,MIX20->MIX40,gypsum,0.0,0.0,0.0,,False
43,MIX20->MIX40,CaNa_exch,-0.25,-0.12052527543661563,0.12947472456338438,-51.789889825353754,False
43,MIX20->MIX40,albite,0.0,0.19283175058795607,0.19283175058795607,,True
43,MIX20->MIX40,pyrite_oxidation_aerobic,0.0,0.0,0.0,,False
43,MIX40->MIX60,calcite,0.0,0.32828962490322505,0.32828962490322505,,True
43,MIX40->MIX60,dolomite,0.3,0.08423249076261728,0.2157675092373827,-71.92250307912757,False
43,MIX40->MIX60,halite,0.0,0.0,0.0,,False
43,MIX40->MIX60,gypsum,0.1,0.08233178415005185,0.017668215849948155,-17.668215849948155,False
43,MIX40->MIX60,CaNa_exch,-0.2,-0.25780218955869816,0.05780218955869815,28.901094779349073,False
43,MIX40->MIX60,albite,0.0,0.22429338216945902,0.22429338216945902,,True
43,MIX40->MIX60,pyrite_oxidation_aerobic,0.0,0.0029036992467673093,0.0029036992467673093,,False
43,MIX60->DILUTE,calcite,0.1,0.0,0.1,-100.0,False
43,MIX60->DILUTE,dolomite,0.0,0.0,0.0,,False
43,MIX60->DILUTE,halite,0.0,0.0,0.0,,False
43,MIX60->DILUTE,gypsum,0.0,0.0,0.0,,False
43,MIX60->DILUTE,CaNa_exch,0.0,0.02279434285890185,0.02279434285890185,,False
43,MIX60->DILUTE,albite,0.0,0.0,0.0,,False
43,MIX60->DILUTE,pyrite_oxidation_aerobic,0.0,0.0,0.0,,False
43,DILUTE->DEEP,calcite,0.0,0.0,0.0,,False
43,DILUTE->DEEP,dolomite,0.0,0.00026747897223741024,0.00026747897223741024,,False
43,DILUTE->DEEP,halite,0.45,0.0,0.45,-100.0,False
43,DILUTE->DEEP,gypsum,0.05,0.0,0.05,-100.0,False
43,DILUTE->DEEP,CaNa_exch,-0.6,-0.3346490379818721,0.26535096201812786,-44.22516033635464,False
43,DILUTE->DEEP,albite,0.0,0.34323796433498144,0.34323796433498144,,True
43,DILUTE->DEEP,pyrite_oxidation_aerobic,0.0,0.0037960741309724486,0.0037960741309724486,,False
43,DEEP->DISCH,calcite,0.1,0.0,0.1,-100.0,False
43,DEEP->DISCH,dolomite,0.05,0.002746612141545905,0.0472533878584541,-94.5067757169082,False
43,DEEP->DISCH,halite,0.0,0.0,0.0,,False
43,DEEP->DISCH,gypsum,0.0,0.019645499121949492,0.019645499121949492,,False
43,DEEP->DISCH,CaNa_exch,0.0,-0.03649500662499514,0.03649500662499514,,False
43,DEEP->DISCH,albite,0.0,0.03661165579618225,0.03661165579618225,,False
43,DEEP->DISCH,pyrite_oxidation_aerobic,0.0,0.0,0.0,,False
44,RCH->SH15,calcite,0.2,0.3844470042878186,0.18444700428781857,92.22350214390929,False
44,RCH->SH15,dolomite,0.0,0.017132700893642303,0.017132700893642303,,False
44,RCH->SH15,halite,0.0,0.0,0.0,,False
44,RCH->SH15,gypsum,0.0,0.00038685597683351823,0.00038685597683351823,,False
44,RCH->SH15,CaNa_exch,0.0,-0.03468566680459024,0.03468566680459024,,False
44,RCH->SH15,albite,0.0,0.009423614838247513,0.009423614838247513,,False
44,RCH->SH15,pyrite_oxidation_aerobic,0.0,0.00846191533873082,0.00846191533873082,,False
44,RCH->SH30,calcite,0.25,0.6177951503202136,0.3677951503202136,147.11806012808543,False
44,RCH->SH30,dolomite,0.0,0.029964452980819317,0.029964452980819317,,False
44,RCH->SH30,halite,0.0,0.0,0.0,,False
44,RCH->SH30,gypsum,0.05,0.12952318768971968,0.07952318768971968,159.04637537943935,False
44,RCH->SH30,CaNa_exch,0.0,-0.10733088820125533,0.10733088820125533,,True
44,RCH->SH30,albite,0.0,0.06872563305494345,0.06872563305494345,,True
44,RCH->SH30,pyrite_oxidation_aerobic,0.0,0.0,0.0,,False
44,SH15->INT1,calcite,2.5,2.8040680145537435,0.30406801455374355,12.162720582149742,False
44,SH15->INT1,dolomite,0.2,0.06271120577470066,0.13728879422529935,-68.64439711264967,False
44,SH15->INT1,halite,0.0,0.049731303684853484,0.049731303684853484,,False
44,SH15->INT1,gypsum,0.0,0.04799774978458523,0.04799774978458523,,False
44,SH15->INT1,CaNa_exch,0.0,-0.10161039834626549,0.10161039834626549,,True
44,SH15->INT1,albite,0.0,0.019836030207843205,0.019836030207843205,,False
44,SH15->INT1,pyrite_oxidation_aerobic,0.0,0.0,0.0,,False
44,INT1->INT2,calcite,0.0,1.0786001883373175,1.0786001883373175,,True
44,INT1->INT2,dolomite,0.8,0.19762243752925288,0.6023775624707471,-75.29719530884338,False
44,INT1->INT2,halite,1.2,1.1902052183806229,0.00979478161937708,-0.8162318016147567,False
44,INT1->INT2,gypsum,0.3,0.2248699784588209,0.07513002154117909,-25.043340513726367,False
44,INT1->INT2,CaNa_exch,0.0,-0.4843102611520276,0.4843102611520276,,True
44,INT1->INT2,albite,0.0,0.22854869484013696,0.22854869484013696,,True
44,INT1->INT2,pyrite_oxidation_aerobic,0.0,0.027978392851592815,0.027978392851592815,,False
44,INT2->MIX20,calcite,0.3,0.0,0.3,-100.0,False
44,INT2->MIX20,dolomite,0.0,8.868336478539166e-06,8.868336478539166e-06,,False
44,INT2->MIX20,halite,0.0,0.0,0.0,,False
44,INT2->MIX20,gypsum,0.0,0.00011122298090016104,0.00011122298090016104,,False
44,INT2->MIX20,CaNa_exch,-0.15,-0.09179627581764058,0.05820372418235942,-38.802482788239615,False
44,INT2->MIX20,albite,0.0,0.0678690728198588,0.0678690728198588,,True
44,INT2->MIX20,pyrite_oxidation_aerobic,0.0,0.008489335557150474,0.008489335557150474,,False
44,MIX20->MIX40,calcite,0.0,0.15329126406341573,0.15329126406341573,,True
44,MIX20->MIX40,dolomite,0.0,0.02506019236991859,0.02506019236991859,,False
44,MIX20->MIX40,halite,0.35,0.19594057492627953,0.15405942507372045,-44.01697859249156,False
44,MIX20->MIX40,gypsum,0.0,0.0,0.0,,False
44,MIX20->MIX40,CaNa_exch,-0.25,-0.1251171543260763,0.12488284567392369,-49.95313826956947,False
44,MIX20->MIX40,albite,0.0,0.20002200811096627,0.20002200811096627,,True
44,MIX20->MIX40,pyrite_oxidation_aerobic,0.0,0.0,0.0,,False
44,MIX40->MIX60,calcite,0.0,0.18411238137179753,0.18411238137179753,,True
44,MIX40->MIX60,dolomite,0.3,0.0694709567458,0.23052904325419998,-76.84301441806666,False
44,MIX40->MIX60,halite,0.0,0.0,0.0,,False
44,MIX40->MIX60,gypsum,0.1,0.1525503491225628,0.05255034912256279,52.550349122562785,False
44,MIX40->MIX60,CaNa_exch,-0.2,-0.22458129073823999,0.024581290738239975,12.290645369119988,False
44,MIX40->MIX60,albite,0.0,0.17255874962677148,0.17255874962677148,,True
44,MIX40->MIX60,pyrite_oxidation_aerobic,0.0,0.0,0.0,,False
44,MIX60->DILUTE,calcite,0.1,0.0,0.1,-100.0,False
44,MIX60->DILUTE,dolomite,0.0,0.0,0.0,,False
44,MIX60->DILUTE,halite,0.0,0.032611589580864374,0.032611589580864374,,False
44,MIX60->DILUTE,gypsum,0.0,0.0,0.0,,False
44,MIX60->DILUTE,CaNa_exch,0.0,0.04687726813670759,0.04687726813670759,,False
44,MIX60->DILUTE,albite,0.0,0.0,0.0,,False
44,MIX60->DILUTE,pyrite_oxidation_aerobic,0.0,0.0,0.0,,False
44,DILUTE->DEEP,calcite,0.0,0.0023209833146841216,0.0023209833146841216,,False
44,DILUTE->DEEP,dolomite,0.0,0.009972146201354844,0.009972146201354844,,False
44,DILUTE->DEEP,halite,0.45,0.3425984678750478,0.10740153212495224,-23.867007138878275,False
44,DILUTE->DEEP,gypsum,0.05,0.07912541320989257,0.029125413209892564,58.25082641978513,False
44,DILUTE->DEEP,CaNa_exch,-0.6,-0.7001119057238783,0.10011190572387829,16.685317620646384,False
44,DILUTE->DEEP,albite,0.0,0.03959532007782194,0.03959532007782194,,False
44,DILUTE->DEEP,pyrite_oxidation_aerobic,0.0,0.0,0.0,,False
44,DEEP->DISCH,calcite,0.1,0.0,0.1,-100.0,False
44,DEEP->DISCH,dolomite,0.05,0.0,0.05,-100.0,False
44,DEEP->DISCH,halite,0.0,0.0,0.0,,False
44,DEEP->DISCH,gypsum,0.0,0.0,0.0,,False
44,DEEP->DISCH,CaNa_exch,0.0,0.09295649614890715,0.09295649614890715,,True
44,DEEP->DISCH,albite,0.0,0.0,0.0,,False
44,DEEP->DISCH,pyrite_oxidation_aerobic,0.0,0.0,0.0,,False
45,RCH->SH15,calcite,0.2,0.04772884643643831,0.1522711535635617,-76.13557678178084,False
45,RCH->SH15,dolomite,0.0,0.0,0.0,,False
45,RCH->SH15,halite,0.0,0.0,0.0,,False
45,RCH->SH15,gypsum,0.0,0.0,0.0,,False
45,RCH->SH15,CaNa_exch,0.0,0.049004163891183145,0.049004163891183145,,False
45,RCH->SH15,albite,0.0,0.0,0.0,,False
45,RCH->SH15,pyrite_oxidation_aerobic,0.0,0.0,0.0,,False
45,RCH->SH30,calcite,0.25,0.0,0.25,-100.0,False
45,RCH->SH30,dolomite,0.0,0.0,0.0,,False
45,RCH->SH30,halite,0.0,0.0,0.0,,False
45,RCH->SH30,gypsum,0.05,0.0,0.05,-100.0,False
45,RCH->SH30,CaNa_exch,0.0,0.12969093582170726,0.12969093582170726,,True
45,RCH->SH30,albite,0.0,0.0,0.0,,False
45,RCH->SH30,pyrite_oxidation_aerobic,0.0,0.005886967977048285,0.005886967977048285,,False
45,SH15->INT1,calcite,2.5,2.736000246880714,0.23600024688071386,9.440009875228554,False
45,SH15->INT1,dolomite,0.2,0.049514952754044106,0.1504850472459559,-75.24252362297794,False
45,SH15->INT1,halite,0.0,0.02238113141672845,0.02238113141672845,,False
45,SH15->INT1,gypsum,0.0,0.014600015547477781,0.014600015547477781,,False
45,SH15->INT1,CaNa_exch,0.0,-0.10289917073700916,0.10289917073700916,,True
45,SH15->INT1,albite,0.0,0.027130854558160087,0.027130854558160087,,False
45,SH15->INT1,pyrite_oxidation_aerobic,0.0,0.0,0.0,,False
45,INT1->INT2,calcite,0.0,1.2758491522966313,1.2758491522966313,,True
45,INT1->INT2,dolomite,0.8,0.17509542443253323,0.6249045755674668,-78.11307194593336,False
45,INT1->INT2,halite,1.2,0.5542139655369456,0.6457860344630544,-53.8155028719212,False
45,INT1->INT2,gypsum,0.3,0.24741003382663984,0.05258996617336015,-17.529988724453386,False
45,INT1->INT2,CaNa_exch,0.0,-0.4297181643206221,0.4297181643206221,,True
45,INT1->INT2,albite,0.0,0.21917620021104423,0.21917620021104423,,True
45,INT1->INT2,pyrite_oxidation_aerobic,0.0,0.0,0.0,,False
45,INT2->MIX20,calcite,0.3,0.11841389377619359,0.1815861062238064,-60.52870207460213,False
45,INT2->MIX20,dolomite,0.0,0.009093883809341681,0.009093883809341681,,False
45,INT2->MIX20,halite,0.0,0.1931382501107728,0.1931382501107728,,True
45,INT2->MIX20,gypsum,0.0,0.0,0.0,,False
45,INT2->MIX20,CaNa_exch,-0.15,-0.07751041039506143,0.07248958960493856,-48.326393069959046,False
45,INT2->MIX20,albite,0.0,0.15285353995582432,0.15285353995582432,,True
45,INT2->MIX20,pyrite_oxidation_aerobic,0.0,0.0,0.0,,False
45,MIX20->MIX40,calcite,0.0,0.15949219482521582,0.15949219482521582,,True
45,MIX20->MIX40,dolomite,0.0,0.04112809770624522,0.04112809770624522,,False
45,MIX20->MIX40,halite,0.35,0.18029266642220954,0.16970733357779044,-48.48780959365441,False
45,MIX20->MIX40,gypsum,0.0,0.0017618037483556658,0.0017618037483556658,,False
45,MIX20->MIX40,CaNa_exch,-0.25,-0.1753448860838612,0.0746551139161388,-29.86204556645552,False
45,MIX20->MIX40,albite,0.0,0.25240485750020836,0.25240485750020836,,True
45,MIX20->MIX40,pyrite_oxidation_aerobic,0.0,0.008501758220238262,0.008501758220238262,,False
45,MIX40->MIX60,calcite,0.0,0.3031538045115117,0.3031538045115117,,True
45,MIX40->MIX60,dolomite,0.3,0.06626271903438448,0.23373728096561552,-77.91242698853851,False
45,MIX40->MIX60,halite,0.0,0.0,0.0,,False
45,MIX40->MIX60,gypsum,0.1,0.09093786478297133,0.009062135217028672,-9.062135217028672,False
45,MIX40->MIX60,CaNa_exch,-0.2,-0.1842792921484354,0.015720707851564625,-7.860353925782313,False
45,MIX40->MIX60,albite,0.0,0.11704708032603174,0.11704708032603174,,True
45,MIX40->MIX60,pyrite_oxidation_aerobic,0.0,0.0,0.0,,False
45,MIX60->DILUTE,calcite,0.1,0.020547563983214705,0.0794524360167853,-79.4524360167853,False
45,MIX60->DILUTE,dolomite,0.0,0.024574158686773855,0.024574158686773855,,False
45,MIX60->DILUTE,halite,0.0,0.0,0.0,,False
45,MIX60->DILUTE,gypsum,0.0,0.0,0.0,,False
45,MIX60->DILUTE,CaNa_exch,0.0,-0.01607379827218254,0.01607379827218254,,False
45,MIX60->DILUTE,albite,0.0,0.0,0.0,,False
45,MIX60->DILUTE,pyrite_oxidation_aerobic,0.0,0.0,0.0,,False
45,DILUTE->DEEP,calcite,0.0,0.0,0.0,,False
45,DILUTE->DEEP,dolomite,0.0,0.0,0.0,,False
45,DILUTE->DEEP,halite,0.45,0.39312683152494626,0.05687316847505375,-12.638481883345278,False
45,DILUTE->DEEP,gypsum,0.05,0.014185768158414032,0.03581423184158597,-71.62846368317193,False
45,DILUTE->DEEP,CaNa_exch,-0.6,-0.539443635101706,0.06055636489829397,-10.092727483048995,False
45,DILUTE->DEEP,albite,0.0,0.024911985292938588,0.024911985292938588,,False
45,DILUTE->DEEP,pyrite_oxidation_aerobic,0.0,0.018760524708131446,0.018760524708131446,,False
45,DEEP->DISCH,calcite,0.1,0.0001719207903436862,0.09982807920965632,-99.82807920965631,False
45,DEEP->DISCH,dolomite,0.05,0.009890577630555829,0.040109422369444175,-80.21884473888835,False
45,DEEP->DISCH,halite,0.0,0.19371221096513574,0.19371221096513574,,True
45,DEEP->DISCH,gypsum,0.0,0.016368857836053075,0.016368857836053075,,False
45,DEEP->DISCH,CaNa_exch,0.0,0.058928119553488895,0.058928119553488895,,True
45,DEEP->DISCH,albite,0.0,0.0,0.0,,False
45,DEEP->DISCH,pyrite_oxidation_aerobic,0.0,0.0,0.0,,False
46,RCH->SH15,calcite,0.2,0.0,0.2,-100.0,False
46,RCH->SH15,dolomite,0.0,0.0,0.0,,False
46,RCH->SH15,halite,0.0,0.0,0.0,,False
46,RCH->SH15,gypsum,0.0,0.0,0.0,,False
46,RCH->SH15,CaNa_exch,0.0,0.047362500167695595,0.047362500167695595,,False
46,RCH->SH15,albite,0.0,0.0,0.0,,False
46,RCH->SH15,pyrite_oxidation_aerobic,0.0,0.0,0.0,,False
46,RCH->SH30,calcite,0.25,0.0,0.25,-100.0,False
46,RCH->SH30,dolomite,0.0,0.0,0.0,,False
46,RCH->SH30,halite,0.0,0.0,0.0,,False
46,RCH->SH30,gypsum,0.05,0.0,0.05,-100.0,False
46,RCH->SH30,CaNa_exch,0.0,0.06553751129241787,0.06553751129241787,,True
46,RCH->SH30,albite,0.0,0.0,0.0,,False
46,RCH->SH30,pyrite_oxidation_aerobic,0.0,0.0,0.0,,False
46,SH15->INT1,calcite,2.5,2.713151409362986,0.21315140936298604,8.526056374519442,False
46,SH15->INT1,dolomite,0.2,0.06438170366911086,0.13561829633088915,-67.80914816544457,False
46,SH15->INT1,halite,0.0,0.0,0.0,,False
46,SH15->INT1,gypsum,0.0,0.0,0.0,,False
46,SH15->INT1,CaNa_exch,0.0,-0.10375026912942724,0.10375026912942724,,True
46,SH15->INT1,albite,0.0,0.03913257166130025,0.03913257166130025,,False
46,SH15->INT1,pyrite_oxidation_aerobic,0.0,0.0,0.0,,False
46,INT1->INT2,calcite,0.0,1.495412236179552,1.495412236179552,,True
46,INT1->INT2,dolomite,0.8,0.1980194724598468,0.6019805275401533,-75.24756594251916,False
46,INT1->INT2,halite,1.2,0.6825980570311195,0.5174019429688804,-43.116828580740034,False
46,INT1->INT2,gypsum,0.3,0.26286758122980275,0.03713241877019724,-12.37747292339908,False
46,INT1->INT2,CaNa_exch,0.0,-0.46630262225610547,0.46630262225610547,,True
46,INT1->INT2,albite,0.0,0.240898029112324,0.240898029112324,,True
46,INT1->INT2,pyrite_oxidation_aerobic,0.0,0.0,0.0,,False
46,INT2->MIX20,calcite,0.3,0.12166499062521859,0.17833500937478142,-59.44500312492714,False
46,INT2->MIX20,dolomite,0.0,0.001547034641886565,0.001547034641886565,,False
46,INT2->MIX20,halite,0.0,0.03544718092120387,0.03544718092120387,,False
46,INT2->MIX20,gypsum,0.0,0.0,0.0,,False
46,INT2->MIX20,CaNa_exch,-0.15,-0.027374224043329672,0.12262577595667032,-81.75051730444689,False
46,INT2->MIX20,albite,0.0,0.06147390494923494,0.06147390494923494,,True
46,INT2->MIX20,pyrite_oxidation_aerobic,0.0,0.0007970151433606808,0.0007970151433606808,,False
46,MIX20->MIX40,calcite,0.0,0.04295260435997286,0.04295260435997286,,False
46,MIX20->MIX40,dolomite,0.0,0.02845944489486905,0.02845944489486905,,False
46,MIX20->MIX40,halite,0.35,0.0378226798627452,0.3121773201372548,-89.19352003921567,False
46,MIX20->MIX40,gypsum,0.0,0.034382075858393486,0.034382075858393486,,False
46,MIX20->MIX40,CaNa_exch,-0.25,-0.15860380604611893,0.09139619395388107,-36.55847758155243,False
46,MIX20->MIX40,albite,0.0,0.25125094822022254,0.25125094822022254,,True
46,MIX20->MIX40,pyrite_oxidation_aerobic,0.0,0.0,0.0,,False
46,MIX40->MIX60,calcite,0.0,0.12084333847269241,0.12084333847269241,,True
46,MIX40->MIX60,dolomite,0.3,0.06858629697016128,0.2314137030298387,-77.13790100994625,False
46,MIX40->MIX60,halite,0.0,0.0,0.0,,False
46,MIX40->MIX60,gypsum,0.1,0.20876256163396262,0.10876256163396261,108.7625616339626,False
46,MIX40->MIX60,CaNa_exch,-0.2,-0.22083078907508732,0.020830789075087314,10.415394537543655,False
46,MIX40->MIX60,albite,0.0,0.13905735822447676,0.13905735822447676,,True
46,MIX40->MIX60,pyrite_oxidation_aerobic,0.0,0.0,0.0,,False
46,MIX60->DILUTE,calcite,0.1,0.0,0.1,-100.0,False
46,MIX60->DILUTE,dolomite,0.0,0.0,0.0,,False
46,MIX60->DILUTE,halite,0.0,0.0,0.0,,False
46,MIX60->DILUTE,gypsum,0.0,0.0,0.0,,False
46,MIX60->DILUTE,CaNa_exch,0.0,0.041915796508739236,0.041915796508739236,,False
46,MIX60->DILUTE,albite,0.0,0.0,0.0,,False
46,MIX60->DILUTE,pyrite_oxidation_aerobic,0.0,0.0,0.0,,False
46,DILUTE->DEEP,calcite,0.0,0.0,0.0,,False
46,DILUTE->DEEP,dolomite,0.0,0.0,0.0,,False
46,DILUTE->DEEP,halite,0.45,0.4999783584340066,0.04997835843400661,11.106301874223691,False
46,DILUTE->DEEP,gypsum,0.05,0.0,0.05,-100.0,False
46,DILUTE->DEEP,CaNa_exch,-0.6,-0.5255973105693368,0.0744026894306632,-12.400448238443866,False
46,DILUTE->DEEP,albite,0.0,0.0,0.0,,False
46,DILUTE->DEEP,pyrite_oxidation_aerobic,0.0,0.018131630933939717,0.018131630933939717,,False
46,DEEP->DISCH,calcite,0.1,0.06858970330051178,0.03141029669948822,-31.41029669948822,False
46,DEEP->DISCH,dolomite,0.05,0.0033861792939559967,0.04661382070604401,-93.22764141208802,False
46,DEEP->DISCH,halite,0.0,0.0,0.0,,False
46,DEEP->DISCH,gypsum,0.0,0.0,0.0,,False
46,DEEP->DISCH,CaNa_exch,0.0,-0.004228770507245558,0.004228770507245558,,False
46,DEEP->DISCH,albite,0.0,0.0,0.0,,False
46,DEEP->DISCH,pyrite_oxidation_aerobic,0.0,0.0,0.0,,False
47,RCH->SH15,calcite,0.2,0.0,0.2,-100.0,False
47,RCH->SH15,dolomite,0.0,0.0,0.0,,False
47,RCH->SH15,halite,0.0,0.0,0.0,,False
47,RCH->SH15,gypsum,0.0,0.0,0.0,,False
47,RCH->SH15,CaNa_exch,0.0,0.05802441934007206,0.05802441934007206,,True
47,RCH->SH15,albite,0.0,0.0,0.0,,False
47,RCH->SH15,pyrite_oxidation_aerobic,0.0,0.0,0.0,,False
47,RCH->SH30,calcite,0.25,0.08665347342008428,0.16334652657991572,-65.33861063196629,False
47,RCH->SH30,dolomite,0.0,0.0,0.0,,False
47,RCH->SH30,halite,0.0,0.0,0.0,,False
47,RCH->SH30,gypsum,0.05,0.03069914111576891,0.01930085888423109,-38.60171776846218,False
47,RCH->SH30,CaNa_exch,0.0,0.09036854997096867,0.09036854997096867,,True
47,RCH->SH30,albite,0.0,0.0,0.0,,False
47,RCH->SH30,pyrite_oxidation_aerobic,0.0,0.0,0.0,,False
47,SH15->INT1,calcite,2.5,2.5428064323136277,0.042806432313627685,1.7122572925451074,False
47,SH15->INT1,dolomite,0.2,0.05499144640892115,0.14500855359107886,-72.50427679553943,False
47,SH15->INT1,halite,0.0,0.0,0.0,,False
47,SH15->INT1,gypsum,0.0,0.014582346776168098,0.014582346776168098,,False
47,SH15->INT1,CaNa_exch,0.0,-0.10121765470888147,0.10121765470888147,,True
47,SH15->INT1,albite,0.0,0.02788216826404924,0.02788216826404924,,False
47,SH15->INT1,pyrite_oxidation_aerobic,0.0,0.0,0.0,,False
47,INT1->INT2,calcite,0.0,0.0,0.0,,False
47,INT1->INT2,dolomite,0.8,0.0,0.8,-100.0,False
47,INT1->INT2,halite,1.2,0.9325616291178774,0.2674383708821225,-22.286530906843545,False
47,INT1->INT2,gypsum,0.3,0.0,0.3,-100.0,False
47,INT1->INT2,CaNa_exch,0.0,-0.5811796159787712,0.5811796159787712,,True
47,INT1->INT2,albite,0.0,0.0,0.0,,False
47,INT1->INT2,pyrite_oxidation_aerobic,0.0,0.09920478071308535,0.09920478071308535,,True
47,INT2->MIX20,calcite,0.3,0.16112700856108247,0.13887299143891751,-46.29099714630584,False
47,INT2->MIX20,dolomite,0.0,0.0032667227914236286,0.0032667227914236286,,False
47,INT2->MIX20,halite,0.0,0.04433098102587172,0.04433098102587172,,False
47,INT2->MIX20,gypsum,0.0,0.012126361187835522,0.012126361187835522,,False
47,INT2->MIX20,CaNa_exch,-0.15,-0.07330917651633438,0.07669082348366561,-51.12721565577707,False
47,INT2->MIX20,albite,0.0,0.16250949964582884,0.16250949964582884,,True
47,INT2->MIX20,pyrite_oxidation_aerobic,0.0,0.0,0.0,,False
47,MIX20->MIX40,calcite,0.0,0.0,0.0,,False
47,MIX20->MIX40,dolomite,0.0,0.0,0.0,,False
47,MIX20->MIX40,halite,0.35,0.15453079422846408,0.1954692057715359,-55.84834450615311,False
47,MIX20->MIX40,gypsum,0.0,0.0,0.0,,False
47,MIX20->MIX40,CaNa_exch,-0.25,-0.18272040072441184,0.06727959927558816,-26.911839710235263,False
47,MIX20->MIX40,albite,0.0,0.0,0.0,,False
47,MIX20->MIX40,pyrite_oxidation_aerobic,0.0,0.00441192331911944,0.00441192331911944,,False
47,MIX40->MIX60,calcite,0.0,0.18260955274902801,0.18260955274902801,,True
47,MIX40->MIX60,dolomite,0.3,0.07384161096078076,0.22615838903921923,-75.38612967973974,False
47,MIX40->MIX60,halite,0.0,0.0,0.0,,False
47,MIX40->MIX60,gypsum,0.1,0.16371135487077312,0.06371135487077312,63.711354870773114,False
47,MIX40->MIX60,CaNa_exch,-0.2,-0.23998192827402778,0.03998192827402777,19.990964137013886,False
47,MIX40->MIX60,albite,0.0,0.18581189564429124,0.18581189564429124,,True
47,MIX40->MIX60,pyrite_oxidation_aerobic,0.0,0.0,0.0,,False
47,MIX60->DILUTE,calcite,0.1,0.0,0.1,-100.0,False
47,MIX60->DILUTE,dolomite,0.0,0.0,0.0,,False
47,MIX60->DILUTE,halite,0.0,0.0,0.0,,False
47,MIX60->DILUTE,gypsum,0.0,0.0,0.0,,False
47,MIX60->DILUTE,CaNa_exch,0.0,0.08774548943028825,0.08774548943028825,,True
47,MIX60->DILUTE,albite,0.0,0.0,0.0,,False
47,MIX60->DILUTE,pyrite_oxidation_aerobic,0.0,0.0,0.0,,False
47,DILUTE->DEEP,calcite,0.0,0.0028732390785173208,0.0028732390785173208,,False
47,DILUTE->DEEP,dolomite,0.0,0.0032367006190987765,0.0032367006190987765,,False
47,DILUTE->DEEP,halite,0.45,0.0,0.45,-100.0,False
47,DILUTE->DEEP,gypsum,0.05,0.09300956169880113,0.04300956169880113,86.01912339760226,False
47,DILUTE->DEEP,CaNa_exch,-0.6,-0.5004487104266072,0.09955128957339276,-16.59188159556546,False
47,DILUTE->DEEP,albite,0.0,0.15074898276187554,0.15074898276187554,,True
47,DILUTE->DEEP,pyrite_oxidation_aerobic,0.0,0.0,0.0,,False
47,DEEP->DISCH,calcite,0.1,0.0,0.1,-100.0,False
47,DEEP->DISCH,dolomite,0.05,0.0,0.05,-100.0,False
47,DEEP->DISCH,halite,0.0,0.0,0.0,,False
47,DEEP->DISCH,gypsum,0.0,0.0,0.0,,False
47,DEEP->DISCH,CaNa_exch,0.0,0.03795150973090987,0.03795150973090987,,False
47,DEEP->DISCH,albite,0.0,0.0,0.0,,False
47,DEEP->DISCH,pyrite_oxidation_aerobic,0.0,0.0,0.0,,False
48,RCH->SH15,calcite,0.2,0.03238503840452346,0.16761496159547656,-83.80748079773828,False
48,RCH->SH15,dolomite,0.0,0.002931435719204553,0.002931435719204553,,False
48,RCH->SH15,halite,0.0,0.0,0.0,,False
48,RCH->SH15,gypsum,0.0,0.0,0.0,,False
48,RCH->SH15,CaNa_exch,0.0,0.04555121618195117,0.04555121618195117,,False
48,RCH->SH15,albite,0.0,0.0,0.0,,False
48,RCH->SH15,pyrite_oxidation_aerobic,0.0,0.0,0.0,,False
48,RCH->SH30,calcite,0.25,0.09622793227024053,0.1537720677297595,-61.5088270919038,False
48,RCH->SH30,dolomite,0.0,0.0,0.0,,False
48,RCH->SH30,halite,0.0,0.0,0.0,,False
48,RCH->SH30,gypsum,0.05,0.011810001993418829,0.038189998006581176,-76.37999601316234,False
48,RCH->SH30,CaNa_exch,0.0,0.10025758833496831,0.10025758833496831,,True
48,RCH->SH30,albite,0.0,0.0,0.0,,False
48,RCH->SH30,pyrite_oxidation_aerobic,0.0,0.0,0.0,,False
48,SH15->INT1,calcite,2.5,0.033311266177273265,2.4666887338227266,-98.66754935290906,False
48,SH15->INT1,dolomite,0.2,0.0,0.2,-100.0,False
48,SH15->INT1,halite,0.0,0.0,0.0,,False
48,SH15->INT1,gypsum,0.0,0.0,0.0,,False
48,SH15->INT1,CaNa_exch,0.0,1.1710020601120312,1.1710020601120312,,True
48,SH15->INT1,albite,0.0,0.0,0.0,,False
48,SH15->INT1,pyrite_oxidation_aerobic,0.0,0.0,0.0,,False
48,INT1->INT2,calcite,0.0,1.5374081577653518,1.5374081577653518,,True
48,INT1->INT2,dolomite,0.8,0.20649491732081252,0.5935050826791876,-74.18813533489843,False
48,INT1->INT2,halite,1.2,0.7452189096751995,0.4547810903248004,-37.89842419373337,False
48,INT1->INT2,gypsum,0.3,0.18474851876601486,0.11525148123398513,-38.417160411328375,False
48,INT1->INT2,CaNa_exch,0.0,-0.5060902061666004,0.5060902061666004,,True
48,INT1->INT2,albite,0.0,0.24362425671091906,0.24362425671091906,,True
48,INT1->INT2,pyrite_oxidation_aerobic,0.0,0.029912020248757946,0.029912020248757946,,False
48,INT2->MIX20,calcite,0.3,0.024272385718735162,0.2757276142812648,-91.9092047604216,False
48,INT2->MIX20,dolomite,0.0,0.0,0.0,,False
48,INT2->MIX20,halite,0.0,0.0,0.0,,False
48,INT2->MIX20,gypsum,0.0,0.09943248286265019,0.09943248286265019,,True
48,INT2->MIX20,CaNa_exch,-0.15,0.04758736197154721,0.1975873619715472,-131.72490798103146,False
48,INT2->MIX20,albite,0.0,0.0,0.0,,False
48,INT2->MIX20,pyrite_oxidation_aerobic,0.0,0.0,0.0,,False
48,MIX20->MIX40,calcite,0.0,0.09843656982932995,0.09843656982932995,,True
48,MIX20->MIX40,dolomite,0.0,0.01920265825506158,0.01920265825506158,,False
48,MIX20->MIX40,halite,0.35,0.03764442013153382,0.3123555798684662,-89.24445139099035,False
48,MIX20->MIX40,gypsum,0.0,0.0396522917316908,0.0396522917316908,,False
48,MIX20->MIX40,CaNa_exch,-0.25,-0.1983072241464855,0.051692775853514505,-20.6771103414058,False
48,MIX20->MIX40,albite,0.0,0.3895299121854981,0.3895299121854981,,True
48,MIX20->MIX40,pyrite_oxidation_aerobic,0.0,0.0,0.0,,False
48,MIX40->MIX60,calcite,0.0,0.265576512262664,0.265576512262664,,True
48,MIX40->MIX60,dolomite,0.3,0.11816518917702844,0.18183481082297154,-60.61160360765718,False
48,MIX40->MIX60,halite,0.0,0.0,0.0,,False
48,MIX40->MIX60,gypsum,0.1,0.0501757686985138,0.04982423130148621,-49.8242313014862,False
48,MIX40->MIX60,CaNa_exch,-0.2,-0.2663467162025248,0.0663467162025248,33.1733581012624,False
48,MIX40->MIX60,albite,0.0,0.10903558080412598,0.10903558080412598,,True
48,MIX40->MIX60,pyrite_oxidation_aerobic,0.0,0.021427974020963712,0.021427974020963712,,False
48,MIX60->DILUTE,calcite,0.1,0.06904668879312585,0.030953311206874154,-30.953311206874154,False
48,MIX60->DILUTE,dolomite,0.0,0.0,0.0,,False
48,MIX60->DILUTE,halite,0.0,0.0,0.0,,False
48,MIX60->DILUTE,gypsum,0.0,0.0,0.0,,False
48,MIX60->DILUTE,CaNa_exch,0.0,0.1461478932990497,0.1461478932990497,,True
48,MIX60->DILUTE,albite,0.0,0.0,0.0,,False
48,MIX60->DILUTE,pyrite_oxidation_aerobic,0.0,0.0,0.0,,False
48,DILUTE->DEEP,calcite,0.0,0.0,0.0,,False
48,DILUTE->DEEP,dolomite,0.0,0.0,0.0,,False
48,DILUTE->DEEP,halite,0.45,0.4407482800472367,0.009251719952763304,-2.055937767280734,False
48,DILUTE->DEEP,gypsum,0.05,0.11920455319931746,0.06920455319931745,138.4091063986349,False
48,DILUTE->DEEP,CaNa_exch,-0.6,-0.7438325048575275,0.14383250485752752,23.972084142921254,False
48,DILUTE->DEEP,albite,0.0,0.0,0.0,,False
48,DILUTE->DEEP,pyrite_oxidation_aerobic,0.0,0.0,0.0,,False
48,DEEP->DISCH,calcite,0.1,0.0,0.1,-100.0,False
48,DEEP->DISCH,dolomite,0.05,0.0,0.05,-100.0,False
48,DEEP->DISCH,halite,0.0,0.0,0.0,,False
48,DEEP->DISCH,gypsum,0.0,0.0,0.0,,False
48,DEEP->DISCH,CaNa_exch,0.0,0.08736910366664735,0.08736910366664735,,True
48,DEEP->DISCH,albite,0.0,0.0,0.0,,False
48,DEEP->DISCH,pyrite_oxidation_aerobic,0.0,0.0,0.0,,False
49,RCH->SH15,calcite,0.2,0.022991737932226617,0.1770082620677734,-88.5041310338867,False
49,RCH->SH15,dolomite,0.0,0.001115911373268452,0.001115911373268452,,False
49,RCH->SH15,halite,0.0,0.0,0.0,,False
49,RCH->SH15,gypsum,0.0,0.0,0.0,,False
49,RCH->SH15,CaNa_exch,0.0,0.07572074782567122,0.07572074782567122,,True
49,RCH->SH15,albite,0.0,0.0,0.0,,False
49,RCH->SH15,pyrite_oxidation_aerobic,0.0,0.0,0.0,,False
49,RCH->SH30,calcite,0.25,0.6038896730363629,0.3538896730363629,141.55586921454514,False
49,RCH->SH30,dolomite,0.0,0.03534136025777175,0.03534136025777175,,False
49,RCH->SH30,halite,0.0,0.0,0.0,,False
49,RCH->SH30,gypsum,0.05,0.16141417807959155,0.11141417807959154,222.82835615918307,False
49,RCH->SH30,CaNa_exch,0.0,-0.08784983113551158,0.08784983113551158,,True
49,RCH->SH30,albite,0.0,0.007951794854485099,0.007951794854485099,,False
49,RCH->SH30,pyrite_oxidation_aerobic,0.0,0.0,0.0,,False
49,SH15->INT1,calcite,2.5,2.6331723479493823,0.13317234794938226,5.3268939179752905,False
49,SH15->INT1,dolomite,0.2,0.04474493878159655,0.15525506121840346,-77.62753060920173,False
49,SH15->INT1,halite,0.0,0.020878837046322526,0.020878837046322526,,False
49,SH15->INT1,gypsum,0.0,0.06567558134721516,0.06567558134721516,,True
49,SH15->INT1,CaNa_exch,0.0,-0.09975503879645406,0.09975503879645406,,True
49,SH15->INT1,albite,0.0,0.019395441094596316,0.019395441094596316,,False
49,SH15->INT1,pyrite_oxidation_aerobic,0.0,0.0,0.0,,False
49,INT1->INT2,calcite,0.0,1.0412325461927776,1.0412325461927776,,True
49,INT1->INT2,dolomite,0.8,0.23156609912226295,0.568433900877737,-71.05423760971713,False
49,INT1->INT2,halite,1.2,1.237755939555235,0.03775593955523515,3.146328296269596,False
49,INT1->INT2,gypsum,0.3,0.2832273117915849,0.0167726882084151,-5.590896069471699,False
49,INT1->INT2,CaNa_exch,0.0,-0.5853088898519667,0.5853088898519667,,True
49,INT1->INT2,albite,0.0,0.3039818926475813,0.3039818926475813,,True
49,INT1->INT2,pyrite_oxidation_aerobic,0.0,0.017964529841465477,0.017964529841465477,,False
49,INT2->MIX20,calcite,0.3,0.31395158951145935,0.013951589511459361,4.650529837153121,False
49,INT2->MIX20,dolomite,0.0,0.003244745693992012,0.003244745693992012,,False
49,INT2->MIX20,halite,0.0,0.1257715743753002,0.1257715743753002,,True
49,INT2->MIX20,gypsum,0.0,0.025633151415767344,0.025633151415767344,,False
49,INT2->MIX20,CaNa_exch,-0.15,-0.01848407062743417,0.13151592937256582,-87.67728624837721,False
49,INT2->MIX20,albite,0.0,0.018792267373105062,0.018792267373105062,,False
49,INT2->MIX20,pyrite_oxidation_aerobic,0.0,0.0,0.0,,False
49,MIX20->MIX40,calcite,0.0,0.19375076541132763,0.19375076541132763,,True
49,MIX20->MIX40,dolomite,0.0,0.02362353169870205,0.02362353169870205,,False
49,MIX20->MIX40,halite,0.35,0.2130987291334559,0.13690127086654408,-39.1146488190126,False
49,MIX20->MIX40,gypsum,0.0,0.0,0.0,,False
49,MIX20->MIX40,CaNa_exch,-0.25,-0.11255238718608239,0.1374476128139176,-54.97904512556704,False
49,MIX20->MIX40,albite,0.0,0.1750750692367885,0.1750750692367885,,True
49,MIX20->MIX40,pyrite_oxidation_aerobic,0.0,0.0019919743676185043,0.0019919743676185043,,False
49,MIX40->MIX60,calcite,0.0,0.27429697559970967,0.27429697559970967,,True
49,MIX40->MIX60,dolomite,0.3,0.07357239221997586,0.22642760778002413,-75.47586926000804,False
49,MIX40->MIX60,halite,0.0,0.0,0.0,,False
49,MIX40->MIX60,gypsum,0.1,0.07591705739505039,0.024082942604949614,-24.08294260494961,False
49,MIX40->MIX60,CaNa_exch,-0.2,-0.21104212107649425,0.011042121076494243,5.521060538247122,False
49,MIX40->MIX60,albite,0.0,0.15857102016947652,0.15857102016947652,,True
49,MIX40->MIX60,pyrite_oxidation_aerobic,0.0,0.00468045959041217,0.00468045959041217,,False
49,MIX60->DILUTE,calcite,0.1,0.0,0.1,-100.0,False
49,MIX60->DILUTE,dolomite,0.0,0.0,0.0,,False
49,MIX60->DILUTE,halite,0.0,0.05968773179212699,0.05968773179212699,,True
49,MIX60->DILUTE,gypsum,0.0,0.0,0.0,,False
49,MIX60->DILUTE,CaNa_exch,0.0,0.03100956072211189,0.03100956072211189,,False
49,MIX60->DILUTE,albite,0.0,0.0,0.0,,False
49,MIX60->DILUTE,pyrite_oxidation_aerobic,0.0,0.0,0.0,,False
49,DILUTE->DEEP,calcite,0.0,0.0,0.0,,False
49,DILUTE->DEEP,dolomite,0.0,0.0,0.0,,False
49,DILUTE->DEEP,halite,0.45,0.4142123186819538,0.035787681318046216,-7.952818070676937,False
49,DILUTE->DEEP,gypsum,0.05,0.026358684041844587,0.023641315958155416,-47.282631916310834,False
49,DILUTE->DEEP,CaNa_exch,-0.6,-0.6264258724815458,0.02642587248154582,4.404312080257637,False
49,DILUTE->DEEP,albite,0.0,0.1521809925141933,0.1521809925141933,,True
49,DILUTE->DEEP,pyrite_oxidation_aerobic,0.0,0.016205281686609087,0.016205281686609087,,False
49,DEEP->DISCH,calcite,0.1,0.13464291823804875,0.03464291823804874,34.64291823804874,False
49,DEEP->DISCH,dolomite,0.05,0.0,0.05,-100.0,False
49,DEEP->DISCH,halite,0.0,0.0,0.0,,False
49,DEEP->DISCH,gypsum,0.0,0.019312308827210817,0.019312308827210817,,False
49,DEEP->DISCH,CaNa_exch,0.0,0.07594529893118177,0.07594529893118177,,True
49,DEEP->DISCH,albite,0.0,0.0,0.0,,False
49,DEEP->DISCH,pyrite_oxidation_aerobic,0.0,0.0,0.0,,False
50,RCH->SH15,calcite,0.2,0.0,0.2,-100.0,False
50,RCH->SH15,dolomite,0.0,0.0,0.0,,False
50,RCH->SH15,halite,0.0,0.0,0.0,,False
50,RCH->SH15,gypsum,0.0,0.0,0.0,,False
50,RCH->SH15,CaNa_exch,0.0,0.06124609853737673,0.06124609853737673,,True
50,RCH->SH15,albite,0.0,0.0,0.0,,False
50,RCH->SH15,pyrite_oxidation_aerobic,0.0,0.0,0.0,,False
50,RCH->SH30,calcite,0.25,0.08324610032057167,0.16675389967942833,-66.70155987177134,False
50,RCH->SH30,dolomite,0.0,0.0,0.0,,False
50,RCH->SH30,halite,0.0,0.0,0.0,,False
50,RCH->SH30,gypsum,0.05,0.07995588068811751,0.02995588068811751,59.91176137623502,False
50,RCH->SH30,CaNa_exch,0.0,0.11386054811600782,0.11386054811600782,,True
50,RCH->SH30,albite,0.0,0.0,0.0,,False
50,RCH->SH30,pyrite_oxidation_aerobic,0.0,0.0,0.0,,False
50,SH15->INT1,calcite,2.5,2.3893447590432766,0.11065524095672341,-4.426209638268936,False
50,SH15->INT1,dolomite,0.2,0.056864312797914075,0.14313568720208594,-71.56784360104297,False
50,SH15->INT1,halite,0.0,0.020023455760640206,0.020023455760640206,,False
50,SH15->INT1,gypsum,0.0,0.0,0.0,,False
50,SH15->INT1,CaNa_exch,0.0,-0.1144166312588864,0.1144166312588864,,True
50,SH15->INT1,albite,0.0,0.030152367080808144,0.030152367080808144,,False
50,SH15->INT1,pyrite_oxidation_aerobic,0.0,0.0,0.0,,False
50,INT1->INT2,calcite,0.0,1.2998666218845976,1.2998666218845976,,True
50,INT1->INT2,dolomite,0.8,0.21623333570167774,0.5837666642983224,-72.97083303729029,False
50,INT1->INT2,halite,1.2,1.132305304554507,0.06769469544549289,-5.641224620457741,False
50,INT1->INT2,gypsum,0.3,0.34649347376512396,0.04649347376512397,15.497824588374657,False
50,INT1->INT2,CaNa_exch,0.0,-0.5540753506496444,0.5540753506496444,,True
50,INT1->INT2,albite,0.0,0.2943329303192301,0.2943329303192301,,True
50,INT1->INT2,pyrite_oxidation_aerobic,0.0,0.0,0.0,,False
50,INT2->MIX20,calcite,0.3,0.06690272282686545,0.23309727717313455,-77.69909239104486,False
50,INT2->MIX20,dolomite,0.0,0.0,0.0,,False
50,INT2->MIX20,halite,0.0,0.00030699633866247347,0.00030699633866247347,,False
50,INT2->MIX20,gypsum,0.0,0.11919767236153181,0.11919767236153181,,True
50,INT2->MIX20,CaNa_exch,-0.15,0.15682321059066517,0.3068232105906652,-204.54880706044347,False
50,INT2->MIX20,albite,0.0,0.0,0.0,,False
50,INT2->MIX20,pyrite_oxidation_aerobic,0.0,0.0,0.0,,False
50,MIX20->MIX40,calcite,0.0,0.07575907799847617,0.07575907799847617,,True
50,MIX20->MIX40,dolomite,0.0,0.008693848891192056,0.008693848891192056,,False
50,MIX20->MIX40,halite,0.35,0.22917331456196618,0.12082668543803379,-34.521910125152516,False
50,MIX20->MIX40,gypsum,0.0,0.0,0.0,,False
50,MIX20->MIX40,CaNa_exch,-0.25,-0.09142750089034392,0.1585724991096561,-63.42899964386244,False
50,MIX20->MIX40,albite,0.0,0.1894464152371137,0.1894464152371137,,True
50,MIX20->MIX40,pyrite_oxidation_aerobic,0.0,0.004264542453112287,0.004264542453112287,,False
50,MIX40->MIX60,calcite,0.0,0.21316413021394795,0.21316413021394795,,True
50,MIX40->MIX60,dolomite,0.3,0.0953030045127211,0.20469699548727888,-68.23233182909297,False
50,MIX40->MIX60,halite,0.0,0.0,0.0,,False
50,MIX40->MIX60,gypsum,0.1,0.11614818691482723,0.016148186914827223,16.14818691482722,False
50,MIX40->MIX60,CaNa_exch,-0.2,-0.24433976602283625,0.044339766022836236,22.169883011418115,False
50,MIX40->MIX60,albite,0.0,0.12391181597256794,0.12391181597256794,,True
50,MIX40->MIX60,pyrite_oxidation_aerobic,0.0,0.0,0.0,,False
50,MIX60->DILUTE,calcite,0.1,0.0,0.1,-100.0,False
50,MIX60->DILUTE,dolomite,0.0,0.0,0.0,,False
50,MIX60->DILUTE,halite,0.0,0.0,0.0,,False
50,MIX60->DILUTE,gypsum,0.0,0.0,0.0,,False
50,MIX60->DILUTE,CaNa_exch,0.0,-0.02583957926934266,0.02583957926934266,,False
50,MIX60->DILUTE,albite,0.0,0.0,0.0,,False
50,MIX60->DILUTE,pyrite_oxidation_aerobic,0.0,0.0,0.0,,False
50,DILUTE->DEEP,calcite,0.0,0.0,0.0,,False
50,DILUTE->DEEP,dolomite,0.0,0.009190631076865744,0.009190631076865744,,False
50,DILUTE->DEEP,halite,0.45,0.0,0.45,-100.0,False
50,DILUTE->DEEP,gypsum,0.05,0.057432387592328576,0.007432387592328574,14.864775184657146,False
50,DILUTE->DEEP,CaNa_exch,-0.6,-0.5084859274639402,0.09151407253605981,-15.252345422676637,False
50,DILUTE->DEEP,albite,0.0,0.08674029420497009,0.08674029420497009,,True
50,DILUTE->DEEP,pyrite_oxidation_aerobic,0.0,0.0,0.0,,False
50,DEEP->DISCH,calcite,0.1,0.0,0.1,-100.0,False
50,DEEP->DISCH,dolomite,0.05,0.0,0.05,-100.0,False
50,DEEP->DISCH,halite,0.0,0.03451233979556815,0.03451233979556815,,False
50,DEEP->DISCH,gypsum,0.0,0.0,0.0,,False
50,DEEP->DISCH,CaNa_exch,0.0,0.08581833579179753,0.08581833579179753,,True
50,DEEP->DISCH,albite,0.0,0.0,0.0,,False
50,DEEP->DISCH,pyrite_oxidation_aerobic,0.0,0.0,0.0,,False
51,RCH->SH15,calcite,0.2,0.2863944137033638,0.08639441370336381,43.197206851681905,False
51,RCH->SH15,dolomite,0.0,0.015318645084216495,0.015318645084216495,,False
51,RCH->SH15,halite,0.0,0.0,0.0,,False
51,RCH->SH15,gypsum,0.0,0.03617893394127799,0.03617893394127799,,False
51,RCH->SH15,CaNa_exch,0.0,-0.03225511372771925,0.03225511372771925,,False
51,RCH->SH15,albite,0.0,0.0,0.0,,False
51,RCH->SH15,pyrite_oxidation_aerobic,0.0,0.0,0.0,,False
51,RCH->SH30,calcite,0.25,0.0,0.25,-100.0,False
51,RCH->SH30,dolomite,0.0,0.0,0.0,,False
51,RCH->SH30,halite,0.0,0.0,0.0,,False
51,RCH->SH30,gypsum,0.05,0.0,0.05,-100.0,False
51,RCH->SH30,CaNa_exch,0.0,0.07586853913207267,0.07586853913207267,,True
51,RCH->SH30,albite,0.0,0.0,0.0,,False
51,RCH->SH30,pyrite_oxidation_aerobic,0.0,0.011765360242359243,0.011765360242359243,,False
51,SH15->INT1,calcite,2.5,0.0,2.5,-100.0,False
51,SH15->INT1,dolomite,0.2,0.0,0.2,-100.0,False
51,SH15->INT1,halite,0.0,0.0,0.0,,False
51,SH15->INT1,gypsum,0.0,0.0,0.0,,False
51,SH15->INT1,CaNa_exch,0.0,0.8815947163839991,0.8815947163839991,,True
51,SH15->INT1,albite,0.0,0.0,0.0,,False
51,SH15->INT1,pyrite_oxidation_aerobic,0.0,0.0,0.0,,False
51,INT1->INT2,calcite,0.0,1.1861311514971378,1.1861311514971378,,True
51,INT1->INT2,dolomite,0.8,0.19283197470660085,0.6071680252933992,-75.8960031616749,False
51,INT1->INT2,halite,1.2,1.2778874722845877,0.0778874722845877,6.490622690382309,False
51,INT1->INT2,gypsum,0.3,0.21816340763164424,0.08183659236835575,-27.278864122785254,False
51,INT1->INT2,CaNa_exch,0.0,-0.46102057642032374,0.46102057642032374,,True
51,INT1->INT2,albite,0.0,0.21261798833830947,0.21261798833830947,,True
51,INT1->INT2,pyrite_oxidation_aerobic,0.0,0.028530511957808945,0.028530511957808945,,False
51,INT2->MIX20,calcite,0.3,0.013348990618924347,0.2866510093810756,-95.55033646035855,False
51,INT2->MIX20,dolomite,0.0,0.003241736832522707,0.003241736832522707,,False
51,INT2->MIX20,halite,0.0,0.0,0.0,,False
51,INT2->MIX20,gypsum,0.0,0.06820370312673063,0.06820370312673063,,True
51,INT2->MIX20,CaNa_exch,-0.15,-0.04328231501095662,0.10671768498904338,-71.14512332602892,False
51,INT2->MIX20,albite,0.0,0.03348650266940121,0.03348650266940121,,False
51,INT2->MIX20,pyrite_oxidation_aerobic,0.0,0.0,0.0,,False
51,MIX20->MIX40,calcite,0.0,0.17370331524513488,0.17370331524513488,,True
51,MIX20->MIX40,dolomite,0.0,0.029338564154835146,0.029338564154835146,,False
51,MIX20->MIX40,halite,0.35,0.26285411854452356,0.08714588145547641,-24.898823272993262,False
51,MIX20->MIX40,gypsum,0.0,0.0,0.0,,False
51,MIX20->MIX40,CaNa_exch,-0.25,-0.1080684171428878,0.14193158285711222,-56.77263314284489,False
51,MIX20->MIX40,albite,0.0,0.13814750266285464,0.13814750266285464,,True
51,MIX20->MIX40,pyrite_oxidation_aerobic,0.0,0.0,0.0,,False
51,MIX40->MIX60,calcite,0.0,0.0,0.0,,False
51,MIX40->MIX60,dolomite,0.3,0.0,0.3,-100.0,False
51,MIX40->MIX60,halite,0.0,0.0,0.0,,False
51,MIX40->MIX60,gypsum,0.1,0.02976552117230633,0.07023447882769368,-70.23447882769368,False
51,MIX40->MIX60,CaNa_exch,-0.2,-0.2650420291119605,0.0650420291119605,32.521014555980244,False
51,MIX40->MIX60,albite,0.0,0.01988779049766515,0.01988779049766515,,False
51,MIX40->MIX60,pyrite_oxidation_aerobic,0.0,0.029113469500789607,0.029113469500789607,,False
51,MIX60->DILUTE,calcite,0.1,0.06902323073808624,0.03097676926191377,-30.976769261913766,False
51,MIX60->DILUTE,dolomite,0.0,0.0,0.0,,False
51,MIX60->DILUTE,halite,0.0,0.0,0.0,,False
51,MIX60->DILUTE,gypsum,0.0,0.0,0.0,,False
51,MIX60->DILUTE,CaNa_exch,0.0,0.0448760803865916,0.0448760803865916,,False
51,MIX60->DILUTE,albite,0.0,0.0,0.0,,False
51,MIX60->DILUTE,pyrite_oxidation_aerobic,0.0,0.0,0.0,,False
51,DILUTE->DEEP,calcite,0.0,0.0,0.0,,False
51,DILUTE->DEEP,dolomite,0.0,0.0,0.0,,False
51,DILUTE->DEEP,halite,0.45,0.39056470141137795,0.059435298588622065,-13.207844130804903,False
51,DILUTE->DEEP,gypsum,0.05,0.04268979824888791,0.0073102017511120915,-14.620403502224182,False
51,DILUTE->DEEP,CaNa_exch,-0.6,-0.6087356530860316,0.008735653086031636,1.4559421810052728,False
51,DILUTE->DEEP,albite,0.0,0.0,0.0,,False
51,DILUTE->DEEP,pyrite_oxidation_aerobic,0.0,0.014811539795260871,0.014811539795260871,,False
51,DEEP->DISCH,calcite,0.1,0.005021968663542787,0.09497803133645721,-94.9780313364572,False
51,DEEP->DISCH,dolomite,0.05,0.0,0.05,-100.0,False
51,DEEP->DISCH,halite,0.0,0.05976561852570001,0.05976561852570001,,True
51,DEEP->DISCH,gypsum,0.0,0.0,0.0,,False
51,DEEP->DISCH,CaNa_exch,0.0,0.1717976393261255,0.1717976393261255,,True
51,DEEP->DISCH,albite,0.0,0.0,0.0,,False
51,DEEP->DISCH,pyrite_oxidation_aerobic,0.0,0.0,0.0,,False
52,RCH->SH15,calcite,0.2,0.3124913632784754,0.11249136327847536,56.245681639237674,False
52,RCH->SH15,dolomite,0.0,0.020401986100847008,0.020401986100847008,,False
52,RCH->SH15,halite,0.0,0.0,0.0,,False
52,RCH->SH15,gypsum,0.0,0.0,0.0,,False
52,RCH->SH15,CaNa_exch,0.0,-0.015027950030919423,0.015027950030919423,,False
52,RCH->SH15,albite,0.0,0.0,0.0,,False
52,RCH->SH15,pyrite_oxidation_aerobic,0.0,0.009198029358489285,0.009198029358489285,,False
52,RCH->SH30,calcite,0.25,0.08875581746034021,0.16124418253965977,-64.49767301586391,False
52,RCH->SH30,dolomite,0.0,0.0,0.0,,False
52,RCH->SH30,halite,0.0,0.0,0.0,,False
52,RCH->SH30,gypsum,0.05,0.04331789982362721,0.006682100176372795,-13.36420035274559,False
52,RCH->SH30,CaNa_exch,0.0,0.09022655659985454,0.09022655659985454,,True
52,RCH->SH30,albite,0.0,0.0,0.0,,False
52,RCH->SH30,pyrite_oxidation_aerobic,0.0,0.004179298811023031,0.004179298811023031,,False
52,SH15->INT1,calcite,2.5,2.5817569711774264,0.08175697117742642,3.2702788470970567,False
52,SH15->INT1,dolomite,0.2,0.06304100547263251,0.13695899452736748,-68.47949726368374,False
52,SH15->INT1,halite,0.0,0.026609350889413994,0.026609350889413994,,False
52,SH15->INT1,gypsum,0.0,0.01622142371210687,0.01622142371210687,,False
52,SH15->INT1,CaNa_exch,0.0,-0.1400934758179438,0.1400934758179438,,True
52,SH15->INT1,albite,0.0,0.05843866154400131,0.05843866154400131,,True
52,SH15->INT1,pyrite_oxidation_aerobic,0.0,0.0012274858819894823,0.0012274858819894823,,False
52,INT1->INT2,calcite,0.0,1.2704275218065497,1.2704275218065497,,True
52,INT1->INT2,dolomite,0.8,0.1753708158597914,0.6246291841402086,-78.07864801752608,False
52,INT1->INT2,halite,1.2,1.1832041497832217,0.016795850216778208,-1.3996541847315174,False
52,INT1->INT2,gypsum,0.3,0.3141463129405249,0.01414631294052493,4.715437646841644,False
52,INT1->INT2,CaNa_exch,0.0,-0.4204908745677266,0.4204908745677266,,True
52,INT1->INT2,albite,0.0,0.2118601637327068,0.2118601637327068,,True
52,INT1->INT2,pyrite_oxidation_aerobic,0.0,0.0,0.0,,False
52,INT2->MIX20,calcite,0.3,0.016083055263623892,0.2839169447363761,-94.63898157879203,False
52,INT2->MIX20,dolomite,0.0,0.007194405601745048,0.007194405601745048,,False
52,INT2->MIX20,halite,0.0,0.0,0.0,,False
52,INT2->MIX20,gypsum,0.0,0.0010161287292735455,0.0010161287292735455,,False
52,INT2->MIX20,CaNa_exch,-0.15,-0.07664861135600501,0.07335138864399499,-48.90092576266333,False
52,INT2->MIX20,albite,0.0,0.15873861974661221,0.15873861974661221,,True
52,INT2->MIX20,pyrite_oxidation_aerobic,0.0,0.0,0.0,,False
52,MIX20->MIX40,calcite,0.0,0.13810472217907913,0.13810472217907913,,True
52,MIX20->MIX40,dolomite,0.0,0.027079190513084626,0.027079190513084626,,False
52,MIX20->MIX40,halite,0.35,0.350858678956349,0.0008586789563490016,0.24533684467114333,False
52,MIX20->MIX40,gypsum,0.0,0.0,0.0,,False
52,MIX20->MIX40,CaNa_exch,-0.25,-0.05401122107037125,0.19598877892962874,-78.3955115718515,False
52,MIX20->MIX40,albite,0.0,0.013171707218793606,0.013171707218793606,,False
52,MIX20->MIX40,pyrite_oxidation_aerobic,0.0,0.008985333144889793,0.008985333144889793,,False
52,MIX40->MIX60,calcite,0.0,0.1793299537886432,0.1793299537886432,,True
52,MIX40->MIX60,dolomite,0.3,0.07687703351411794,0.22312296648588203,-74.37432216196068,False
52,MIX40->MIX60,halite,0.0,0.0,0.0,,False
52,MIX40->MIX60,gypsum,0.1,0.044502367714017325,0.05549763228598268,-55.497632285982675,False
52,MIX40->MIX60,CaNa_exch,-0.2,-0.2214685307599178,0.02146853075991778,10.734265379958892,False
52,MIX40->MIX60,albite,0.0,0.1854734955299622,0.1854734955299622,,True
52,MIX40->MIX60,pyrite_oxidation_aerobic,0.0,0.02298044663788499,0.02298044663788499,,False
52,MIX60->DILUTE,calcite,0.1,0.0,0.1,-100.0,False
52,MIX60->DILUTE,dolomite,0.0,0.0,0.0,,False
52,MIX60->DILUTE,halite,0.0,0.0,0.0,,False
52,MIX60->DILUTE,gypsum,0.0,0.08123282924383567,0.08123282924383567,,True
52,MIX60->DILUTE,CaNa_exch,0.0,0.031240021916654797,0.031240021916654797,,False
52,MIX60->DILUTE,albite,0.0,0.0,0.0,,False
52,MIX60->DILUTE,pyrite_oxidation_aerobic,0.0,0.0,0.0,,False
52,DILUTE->DEEP,calcite,0.0,0.0,0.0,,False
52,DILUTE->DEEP,dolomite,0.0,0.0,0.0,,False
52,DILUTE->DEEP,halite,0.45,0.3851878588370915,0.06481214116290851,-14.40269803620189,False
52,DILUTE->DEEP,gypsum,0.05,0.0,0.05,-100.0,False
52,DILUTE->DEEP,CaNa_exch,-0.6,-0.6317477820386718,0.03174778203867179,5.291297006445299,False
52,DILUTE->DEEP,albite,0.0,0.0,0.0,,False
52,DILUTE->DEEP,pyrite_oxidation_aerobic,0.0,0.013890605298507315,0.013890605298507315,,False
52,DEEP->DISCH,calcite,0.1,0.11036714312901975,0.010367143129019749,10.367143129019748,False
52,DEEP->DISCH,dolomite,0.05,0.02663893569783026,0.02336106430216974,-46.72212860433948,False
52,DEEP->DISCH,halite,0.0,0.025135967639403175,0.025135967639403175,,False
52,DEEP->DISCH,gypsum,0.0,0.0,0.0,,False
52,DEEP->DISCH,CaNa_exch,0.0,-0.04686650155371412,0.04686650155371412,,False
52,DEEP->DISCH,albite,0.0,0.0,0.0,,False
52,DEEP->DISCH,pyrite_oxidation_aerobic,0.0,0.00625816894585213,0.00625816894585213,,False
53,RCH->SH15,calcite,0.2,0.33146742919724687,0.13146742919724685,65.73371459862342,False
53,RCH->SH15,dolomite,0.0,0.025653335441357644,0.025653335441357644,,False
53,RCH->SH15,halite,0.0,0.0,0.0,,False
53,RCH->SH15,gypsum,0.0,0.0,0.0,,False
53,RCH->SH15,CaNa_exch,0.0,-0.04002537694912792,0.04002537694912792,,False
53,RCH->SH15,albite,0.0,0.0,0.0,,False
53,RCH->SH15,pyrite_oxidation_aerobic,0.0,0.005478397358380564,0.005478397358380564,,False
53,RCH->SH30,calcite,0.25,0.0,0.25,-100.0,False
53,RCH->SH30,dolomite,0.0,0.0,0.0,,False
53,RCH->SH30,halite,0.0,0.0,0.0,,False
53,RCH->SH30,gypsum,0.05,0.0,0.05,-100.0,False
53,RCH->SH30,CaNa_exch,0.0,0.12834924861438596,0.12834924861438596,,True
53,RCH->SH30,albite,0.0,0.0,0.0,,False
53,RCH->SH30,pyrite_oxidation_aerobic,0.0,0.00770414420643306,0.00770414420643306,,False
53,SH15->INT1,calcite,2.5,2.7318491601667594,0.23184916016675938,9.273966406670375,False
53,SH15->INT1,dolomite,0.2,0.053481397364536346,0.14651860263546368,-73.25930131773184,False
53,SH15->INT1,halite,0.0,0.0,0.0,,False
53,SH15->INT1,gypsum,0.0,0.0,0.0,,False
53,SH15->INT1,CaNa_exch,0.0,-0.09920123749154429,0.09920123749154429,,True
53,SH15->INT1,albite,0.0,0.007337032155384725,0.007337032155384725,,False
53,SH15->INT1,pyrite_oxidation_aerobic,0.0,0.0,0.0,,False
53,INT1->INT2,calcite,0.0,0.0,0.0,,False
53,INT1->INT2,dolomite,0.8,0.0,0.8,-100.0,False
53,INT1->INT2,halite,1.2,0.9863599100119289,0.21364008998807105,-17.803340832339256,False
53,INT1->INT2,gypsum,0.3,0.2204233356054147,0.0795766643945853,-26.5255547981951,False
53,INT1->INT2,CaNa_exch,0.0,-0.43943001802723697,0.43943001802723697,,True
53,INT1->INT2,albite,0.0,0.0,0.0,,False
53,INT1->INT2,pyrite_oxidation_aerobic,0.0,0.0,0.0,,False
53,INT2->MIX20,calcite,0.3,0.0,0.3,-100.0,False
53,INT2->MIX20,dolomite,0.0,0.0,0.0,,False
53,INT2->MIX20,halite,0.0,0.1535090014682283,0.1535090014682283,,True
53,INT2->MIX20,gypsum,0.0,0.0,0.0,,False
53,INT2->MIX20,CaNa_exch,-0.15,-0.1570985888313919,0.0070985888313919165,4.732392554261278,False
53,INT2->MIX20,albite,0.0,0.0009738323855493948,0.0009738323855493948,,False
53,INT2->MIX20,pyrite_oxidation_aerobic,0.0,0.012915748352160574,0.012915748352160574,,False
53,MIX20->MIX40,calcite,0.0,0.009079150786273485,0.009079150786273485,,False
53,MIX20->MIX40,dolomite,0.0,0.003261342295683805,0.003261342295683805,,False
53,MIX20->MIX40,halite,0.35,0.0,0.35,-100.0,False
53,MIX20->MIX40,gypsum,0.0,0.11064540172261128,0.11064540172261128,,True
53,MIX20->MIX40,CaNa_exch,-0.25,-0.09703465248913368,0.15296534751086632,-61.18613900434653,False
53,MIX20->MIX40,albite,0.0,0.16537194659800616,0.16537194659800616,,True
53,MIX20->MIX40,pyrite_oxidation_aerobic,0.0,0.0,0.0,,False
53,MIX40->MIX60,calcite,0.0,0.011913526069675074,0.011913526069675074,,False
53,MIX40->MIX60,dolomite,0.3,0.09732401194986431,0.20267598805013567,-67.55866268337856,False
53,MIX40->MIX60,halite,0.0,0.0,0.0,,False
53,MIX40->MIX60,gypsum,0.1,0.031705531201754684,0.06829446879824533,-68.29446879824533,False
53,MIX40->MIX60,CaNa_exch,-0.2,-0.23491245241755862,0.03491245241755861,17.456226208779302,False
53,MIX40->MIX60,albite,0.0,0.1334703112179545,0.1334703112179545,,True
53,MIX40->MIX60,pyrite_oxidation_aerobic,0.0,0.02168836882542887,0.02168836882542887,,False
53,MIX60->DILUTE,calcite,0.1,0.0,0.1,-100.0,False
53,MIX60->DILUTE,dolomite,0.0,0.0,0.0,,False
53,MIX60->DILUTE,halite,0.0,0.11790592393057331,0.11790592393057331,,True
53,MIX60->DILUTE,gypsum,0.0,0.05547826959407634,0.05547826959407634,,True
53,MIX60->DILUTE,CaNa_exch,0.0,0.17635062216010977,0.17635062216010977,,True
53,MIX60->DILUTE,albite,0.0,0.0,0.0,,False
53,MIX60->DILUTE,pyrite_oxidation_aerobic,0.0,0.0,0.0,,False
53,DILUTE->DEEP,calcite,0.0,0.0,0.0,,False
53,DILUTE->DEEP,dolomite,0.0,0.0,0.0,,False
53,DILUTE->DEEP,halite,0.45,0.4458379365192344,0.004162063480765588,-0.9249029957256861,False
53,DILUTE->DEEP,gypsum,0.05,0.015436478508866425,0.03456352149113358,-69.12704298226716,False
53,DILUTE->DEEP,CaNa_exch,-0.6,-0.502524759696289,0.09747524030371102,-16.245873383951835,False
53,DILUTE->DEEP,albite,0.0,0.4327718254562562,0.4327718254562562,,True
53,DILUTE->DEEP,pyrite_oxidation_aerobic,0.0,0.010906601927116429,0.010906601927116429,,False
53,DEEP->DISCH,calcite,0.1,0.0,0.1,-100.0,False
53,DEEP->DISCH,dolomite,0.05,0.0,0.05,-100.0,False
53,DEEP->DISCH,halite,0.0,0.0,0.0,,False
53,DEEP->DISCH,gypsum,0.0,0.0,0.0,,False
53,DEEP->DISCH,CaNa_exch,0.0,0.09598479315187321,0.09598479315187321,,True
53,DEEP->DISCH,albite,0.0,0.0,0.0,,False
53,DEEP->DISCH,pyrite_oxidation_aerobic,0.0,0.0,0.0,,False
54,RCH->SH15,calcite,0.2,0.0,0.2,-100.0,False
54,RCH->SH15,dolomite,0.0,0.0,0.0,,False
54,RCH->SH15,halite,0.0,0.0,0.0,,False
54,RCH->SH15,gypsum,0.0,0.0,0.0,,False
54,RCH->SH15,CaNa_exch,0.0,0.10513513277963962,0.10513513277963962,,True
54,RCH->SH15,albite,0.0,0.0,0.0,,False
54,RCH->SH15,pyrite_oxidation_aerobic,0.0,0.0,0.0,,False
54,RCH->SH30,calcite,0.25,0.0,0.25,-100.0,False
54,RCH->SH30,dolomite,0.0,0.0,0.0,,False
54,RCH->SH30,halite,0.0,0.03551889807749688,0.03551889807749688,,False
54,RCH->SH30,gypsum,0.05,0.0,0.05,-100.0,False
54,RCH->SH30,CaNa_exch,0.0,0.11079743186191969,0.11079743186191969,,True
54,RCH->SH30,albite,0.0,0.0,0.0,,False
54,RCH->SH30,pyrite_oxidation_aerobic,0.0,0.018478824586085456,0.018478824586085456,,False
54,SH15->INT1,calcite,2.5,2.8520998137450446,0.3520998137450446,14.083992549801787,False
54,SH15->INT1,dolomite,0.2,0.0405995408480841,0.15940045915191592,-79.70022957595795,False
54,SH15->INT1,halite,0.0,0.0,0.0,,False
54,SH15->INT1,gypsum,0.0,0.04599175125459091,0.04599175125459091,,False
54,SH15->INT1,CaNa_exch,0.0,-0.05503229722167454,0.05503229722167454,,True
54,SH15->INT1,albite,0.0,0.010095167151724342,0.010095167151724342,,False
54,SH15->INT1,pyrite_oxidation_aerobic,0.0,0.0,0.0,,False
54,INT1->INT2,calcite,0.0,1.4134579570309447,1.4134579570309447,,True
54,INT1->INT2,dolomite,0.8,0.21082985126022336,0.5891701487397767,-73.64626859247208,False
54,INT1->INT2,halite,1.2,0.6548015856364453,0.5451984143635547,-45.43320119696289,False
54,INT1->INT2,gypsum,0.3,0.21786103740757237,0.08213896259242762,-27.379654197475876,False
54,INT1->INT2,CaNa_exch,0.0,-0.507198090302687,0.507198090302687,,True
54,INT1->INT2,albite,0.0,0.2644733956364377,0.2644733956364377,,True
54,INT1->INT2,pyrite_oxidation_aerobic,0.0,0.010792301512603327,0.010792301512603327,,False
54,INT2->MIX20,calcite,0.3,0.1586482426346626,0.1413517573653374,-47.117252455112464,False
54,INT2->MIX20,dolomite,0.0,0.002564238852217997,0.002564238852217997,,False
54,INT2->MIX20,halite,0.0,0.018928459566141233,0.018928459566141233,,False
54,INT2->MIX20,gypsum,0.0,0.0017163125654508643,0.0017163125654508643,,False
54,INT2->MIX20,CaNa_exch,-0.15,-0.07806385193349914,0.07193614806650085,-47.957432044333906,False
54,INT2->MIX20,albite,0.0,0.18276238687256482,0.18276238687256482,,True
54,INT2->MIX20,pyrite_oxidation_aerobic,0.0,0.007807950975688512,0.007807950975688512,,False
54,MIX20->MIX40,calcite,0.0,0.0,0.0,,False
54,MIX20->MIX40,dolomite,0.0,0.0,0.0,,False
54,MIX20->MIX40,halite,0.35,0.22210527624679266,0.12789472375320732,-36.54134964377352,False
54,MIX20->MIX40,gypsum,0.0,0.0,0.0,,False
54,MIX20->MIX40,CaNa_exch,-0.25,-0.11709505442078542,0.13290494557921456,-53.16197823168582,False
54,MIX20->MIX40,albite,0.0,0.0,0.0,,False
54,MIX20->MIX40,pyrite_oxidation_aerobic,0.0,0.0035048327574902353,0.0035048327574902353,,False
54,MIX40->MIX60,calcite,0.0,0.12326639804033687,0.12326639804033687,,True
54,MIX40->MIX60,dolomite,0.3,0.10768245954467602,0.19231754045532395,-64.10584681844132,False
54,MIX40->MIX60,halite,0.0,0.0,0.0,,False
54,MIX40->MIX60,gypsum,0.1,0.2008340215202746,0.1008340215202746,100.8340215202746,False
54,MIX40->MIX60,CaNa_exch,-0.2,-0.32454220529481004,0.12454220529481003,62.27110264740501,False
54,MIX40->MIX60,albite,0.0,0.22636743202132353,0.22636743202132353,,True
54,MIX40->MIX60,pyrite_oxidation_aerobic,0.0,0.0,0.0,,False
54,MIX60->DILUTE,calcite,0.1,0.0,0.1,-100.0,False
54,MIX60->DILUTE,dolomite,0.0,0.0,0.0,,False
54,MIX60->DILUTE,halite,0.0,0.0,0.0,,False
54,MIX60->DILUTE,gypsum,0.0,0.0,0.0,,False
54,MIX60->DILUTE,CaNa_exch,0.0,0.10266518035915119,0.10266518035915119,,True
54,MIX60->DILUTE,albite,0.0,0.0,0.0,,False
54,MIX60->DILUTE,pyrite_oxidation_aerobic,0.0,0.0,0.0,,False
54,DILUTE->DEEP,calcite,0.0,0.0,0.0,,False
54,DILUTE->DEEP,dolomite,0.0,0.0,0.0,,False
54,DILUTE->DEEP,halite,0.45,0.44393172975326,0.006068270246740004,-1.3485044992755564,False
54,DILUTE->DEEP,gypsum,0.05,0.0,0.05,-100.0,False
54,DILUTE->DEEP,CaNa_exch,-0.6,-0.5696919504761219,0.03030804952387811,-5.0513415873130185,False
54,DILUTE->DEEP,albite,0.0,0.0,0.0,,False
54,DILUTE->DEEP,pyrite_oxidation_aerobic,0.0,0.02235053802978324,0.02235053802978324,,False
54,DEEP->DISCH,calcite,0.1,0.07965938109341339,0.020340618906586616,-20.340618906586617,False
54,DEEP->DISCH,dolomite,0.05,0.013498023428590529,0.036501976571409474,-73.00395314281894,False
54,DEEP->DISCH,halite,0.0,0.045301250854895975,0.045301250854895975,,False
54,DEEP->DISCH,gypsum,0.0,0.10713455869978614,0.10713455869978614,,True
54,DEEP->DISCH,CaNa_exch,0.0,-0.02008337742398537,0.02008337742398537,,False
54,DEEP->DISCH,albite,0.0,0.0,0.0,,False
54,DEEP->DISCH,pyrite_oxidation_aerobic,0.0,0.0,0.0,,False
55,RCH->SH15,calcite,0.2,0.06649092892945445,0.13350907107054555,-66.75453553527277,False
55,RCH->SH15,dolomite,0.0,0.0,0.0,,False
55,RCH->SH15,halite,0.0,0.0,0.0,,False
55,RCH->SH15,gypsum,0.0,0.0,0.0,,False
55,RCH->SH15,CaNa_exch,0.0,0.06259395095355963,0.06259395095355963,,True
55,RCH->SH15,albite,0.0,0.0,0.0,,False
55,RCH->SH15,pyrite_oxidation_aerobic,0.0,0.0,0.0,,False
55,RCH->SH30,calcite,0.25,0.0622583973851761,0.1877416026148239,-75.09664104592956,False
55,RCH->SH30,dolomite,0.0,0.0,0.0,,False
55,RCH->SH30,halite,0.0,0.0,0.0,,False
55,RCH->SH30,gypsum,0.05,0.00909780329964131,0.04090219670035869,-81.80439340071737,False
55,RCH->SH30,CaNa_exch,0.0,0.07411777376059099,0.07411777376059099,,True
55,RCH->SH30,albite,0.0,0.0,0.0,,False
55,RCH->SH30,pyrite_oxidation_aerobic,0.0,0.011136341461982854,0.011136341461982854,,False
55,SH15->INT1,calcite,2.5,2.693253103227181,0.19325310322718092,7.730124129087237,False
55,SH15->INT1,dolomite,0.2,0.03234754625081341,0.1676524537491866,-83.82622687459329,False
55,SH15->INT1,halite,0.0,0.024227673184586514,0.024227673184586514,,False
55,SH15->INT1,gypsum,0.0,0.08361932235191984,0.08361932235191984,,True
55,SH15->INT1,CaNa_exch,0.0,-0.01601539321346093,0.01601539321346093,,False
55,SH15->INT1,albite,0.0,0.0,0.0,,False
55,SH15->INT1,pyrite_oxidation_aerobic,0.0,0.0,0.0,,False
55,INT1->INT2,calcite,0.0,1.1374628834015545,1.1374628834015545,,True
55,INT1->INT2,dolomite,0.8,0.19903845023847141,0.6009615497615286,-75.12019372019107,False
55,INT1->INT2,halite,1.2,1.204523052922959,0.004523052922958959,0.3769210769132466,False
55,INT1->INT2,gypsum,0.3,0.20111630439037528,0.0988836956096247,-32.9612318698749,False
55,INT1->INT2,CaNa_exch,0.0,-0.49790320383064585,0.49790320383064585,,True
55,INT1->INT2,albite,0.0,0.24852692810568777,0.24852692810568777,,True
55,INT1->INT2,pyrite_oxidation_aerobic,0.0,0.04318209546416147,0.04318209546416147,,False
55,INT2->MIX20,calcite,0.3,0.04660542615231128,0.2533945738476887,-84.46485794922957,False
55,INT2->MIX20,dolomite,0.0,0.00323344677095607,0.00323344677095607,,False
55,INT2->MIX20,halite,0.0,0.0,0.0,,False
55,INT2->MIX20,gypsum,0.0,0.049551048034158475,0.049551048034158475,,False
55,INT2->MIX20,CaNa_exch,-0.15,-0.07532845488958978,0.07467154511041021,-49.781030073606814,False
55,INT2->MIX20,albite,0.0,0.14899508716589643,0.14899508716589643,,True
55,INT2->MIX20,pyrite_oxidation_aerobic,0.0,0.0,0.0,,False
55,MIX20->MIX40,calcite,0.0,0.05478651522043919,0.05478651522043919,,True
55,MIX20->MIX40,dolomite,0.0,0.05167975096565565,0.05167975096565565,,True
55,MIX20->MIX40,halite,0.35,0.22348844700298284,0.12651155299701713,-36.14615799914775,False
55,MIX20->MIX40,gypsum,0.0,0.0,0.0,,False
55,MIX20->MIX40,CaNa_exch,-0.25,-0.14622176846884274,0.10377823153115726,-41.5112926124629,False
55,MIX20->MIX40,albite,0.0,0.13299553461345667,0.13299553461345667,,True
55,MIX20->MIX40,pyrite_oxidation_aerobic,0.0,0.0,0.0,,False
55,MIX40->MIX60,calcite,0.0,0.13520998199707696,0.13520998199707696,,True
55,MIX40->MIX60,dolomite,0.3,0.06650140917787989,0.2334985908221201,-77.83286360737337,False
55,MIX40->MIX60,halite,0.0,0.0,0.0,,False
55,MIX40->MIX60,gypsum,0.1,0.1319736210166122,0.03197362101661219,31.97362101661219,False
55,MIX40->MIX60,CaNa_exch,-0.2,-0.19364559482861773,0.006354405171382277,-3.177202585691138,False
55,MIX40->MIX60,albite,0.0,0.11887084014837167,0.11887084014837167,,True
55,MIX40->MIX60,pyrite_oxidation_aerobic,0.0,0.0,0.0,,False
55,MIX60->DILUTE,calcite,0.1,0.0,0.1,-100.0,False
55,MIX60->DILUTE,dolomite,0.0,0.0,0.0,,False
55,MIX60->DILUTE,halite,0.0,0.0,0.0,,False
55,MIX60->DILUTE,gypsum,0.0,0.0,0.0,,False
55,MIX60->DILUTE,CaNa_exch,0.0,0.08746814504304466,0.08746814504304466,,True
55,MIX60->DILUTE,albite,0.0,0.0,0.0,,False
55,MIX60->DILUTE,pyrite_oxidation_aerobic,0.0,0.004802264024805069,0.004802264024805069,,False
55,DILUTE->DEEP,calcite,0.0,0.0,0.0,,False
55,DILUTE->DEEP,dolomite,0.0,0.009223945045462752,0.009223945045462752,,False
55,DILUTE->DEEP,halite,0.45,0.31455672901545356,0.13544327098454645,-30.098504663232543,False
55,DILUTE->DEEP,gypsum,0.05,0.07149268227586375,0.021492682275863748,42.98536455172749,False
55,DILUTE->DEEP,CaNa_exch,-0.6,-0.608572090600863,0.008572090600863058,1.4286817668105098,False
55,DILUTE->DEEP,albite,0.0,0.18645871330907968,0.18645871330907968,,True
55,DILUTE->DEEP,pyrite_oxidation_aerobic,0.0,0.0,0.0,,False
55,DEEP->DISCH,calcite,0.1,0.0,0.1,-100.0,False
55,DEEP->DISCH,dolomite,0.05,0.0,0.05,-100.0,False
55,DEEP->DISCH,halite,0.0,0.0,0.0,,False
55,DEEP->DISCH,gypsum,0.0,0.0,0.0,,False
55,DEEP->DISCH,CaNa_exch,0.0,-0.08512922884667283,0.08512922884667283,,True
55,DEEP->DISCH,albite,0.0,0.0,0.0,,False
55,DEEP->DISCH,pyrite_oxidation_aerobic,0.0,0.0,0.0,,False
56,RCH->SH15,calcite,0.2,0.05686490042607359,0.14313509957392642,-71.5675497869632,False
56,RCH->SH15,dolomite,0.0,0.0,0.0,,False
56,RCH->SH15,halite,0.0,0.0,0.0,,False
56,RCH->SH15,gypsum,0.0,0.0038313169632431124,0.0038313169632431124,,False
56,RCH->SH15,CaNa_exch,0.0,0.09066575605895018,0.09066575605895018,,True
56,RCH->SH15,albite,0.0,0.0,0.0,,False
56,RCH->SH15,pyrite_oxidation_aerobic,0.0,0.0,0.0,,False
56,RCH->SH30,calcite,0.25,0.043831558994611816,0.20616844100538817,-82.46737640215527,False
56,RCH->SH30,dolomite,0.0,0.0,0.0,,False
56,RCH->SH30,halite,0.0,0.0,0.0,,False
56,RCH->SH30,gypsum,0.05,0.02408173478557731,0.025918265214422694,-51.836530428845386,False
56,RCH->SH30,CaNa_exch,0.0,0.14914230012538435,0.14914230012538435,,True
56,RCH->SH30,albite,0.0,0.0,0.0,,False
56,RCH->SH30,pyrite_oxidation_aerobic,0.0,0.0,0.0,,False
56,SH15->INT1,calcite,2.5,2.5190788568991622,0.019078856899162222,0.7631542759664889,False
56,SH15->INT1,dolomite,0.2,0.05897633540711009,0.14102366459288992,-70.51183229644496,False
56,SH15->INT1,halite,0.0,0.0,0.0,,False
56,SH15->INT1,gypsum,0.0,0.0,0.0,,False
56,SH15->INT1,CaNa_exch,0.0,-0.1262604621598262,0.1262604621598262,,True
56,SH15->INT1,albite,0.0,0.050257852215115945,0.050257852215115945,,True
56,SH15->INT1,pyrite_oxidation_aerobic,0.0,0.0,0.0,,False
56,INT1->INT2,calcite,0.0,1.4228281758743382,1.4228281758743382,,True
56,INT1->INT2,dolomite,0.8,0.1847149498854213,0.6152850501145788,-76.91063126432235,False
56,INT1->INT2,halite,1.2,0.6859634099893895,0.5140365900106104,-42.836382500884206,False
56,INT1->INT2,gypsum,0.3,0.3118994274952148,0.011899427495214832,3.9664758317382773,False
56,INT1->INT2,CaNa_exch,0.0,-0.42345946887026714,0.42345946887026714,,True
56,INT1->INT2,albite,0.0,0.2132306648077968,0.2132306648077968,,True
56,INT1->INT2,pyrite_oxidation_aerobic,0.0,0.0,0.0,,False
56,INT2->MIX20,calcite,0.3,0.09994289371639906,0.20005710628360093,-66.68570209453364,False
56,INT2->MIX20,dolomite,0.0,0.018795917378401604,0.018795917378401604,,False
56,INT2->MIX20,halite,0.0,0.056475683847013486,0.056475683847013486,,True
56,INT2->MIX20,gypsum,0.0,0.041334430239156394,0.041334430239156394,,False
56,INT2->MIX20,CaNa_exch,-0.15,-0.08113632121843455,0.06886367878156545,-45.9091191877103,False
56,INT2->MIX20,albite,0.0,0.09759195579434374,0.09759195579434374,,True
56,INT2->MIX20,pyrite_oxidation_aerobic,0.0,0.0,0.0,,False
56,MIX20->MIX40,calcite,0.0,0.14214015315706235,0.14214015315706235,,True
56,MIX20->MIX40,dolomite,0.0,0.00012964958323002313,0.00012964958323002313,,False
56,MIX20->MIX40,halite,0.35,0.3343776780796573,0.015622321920342686,-4.463520548669339,False
56,MIX20->MIX40,gypsum,0.0,0.0,0.0,,False
56,MIX20->MIX40,CaNa_exch,-0.25,-0.003930247799220244,0.24606975220077976,-98.42790088031191,False
56,MIX20->MIX40,albite,0.0,0.009242205149214117,0.009242205149214117,,False
56,MIX20->MIX40,pyrite_oxidation_aerobic,0.0,0.005116557773250168,0.005116557773250168,,False
56,MIX40->MIX60,calcite,0.0,0.22170649896401814,0.22170649896401814,,True
56,MIX40->MIX60,dolomite,0.3,0.053100978309295,0.246899021690705,-82.29967389690167,False
56,MIX40->MIX60,halite,0.0,0.0,0.0,,False
56,MIX40->MIX60,gypsum,0.1,0.1533458311761446,0.05334583117614458,53.34583117614458,False
56,MIX40->MIX60,CaNa_exch,-0.2,-0.22318866776649562,0.023188667766495613,11.594333883247806,False
56,MIX40->MIX60,albite,0.0,0.242344345663913,0.242344345663913,,True
56,MIX40->MIX60,pyrite_oxidation_aerobic,0.0,0.0,0.0,,False
56,MIX60->DILUTE,calcite,0.1,0.0,0.1,-100.0,False
56,MIX60->DILUTE,dolomite,0.0,0.0,0.0,,False
56,MIX60->DILUTE,halite,0.0,0.0,0.0,,False
56,MIX60->DILUTE,gypsum,0.0,0.0,0.0,,False
56,MIX60->DILUTE,CaNa_exch,0.0,0.025833049153098232,0.025833049153098232,,False
56,MIX60->DILUTE,albite,0.0,0.0,0.0,,False
56,MIX60->DILUTE,pyrite_oxidation_aerobic,0.0,0.00502342840509333,0.00502342840509333,,False
56,DILUTE->DEEP,calcite,0.0,0.0,0.0,,False
56,DILUTE->DEEP,dolomite,0.0,0.0,0.0,,False
56,DILUTE->DEEP,halite,0.45,0.44983230875932323,0.00016769124067678165,-0.03726472015039592,False
56,DILUTE->DEEP,gypsum,0.05,0.09573182844814777,0.04573182844814777,91.46365689629555,False
56,DILUTE->DEEP,CaNa_exch,-0.6,-0.5817115155952233,0.018288484404776706,-3.048080734129451,False
56,DILUTE->DEEP,albite,0.0,0.0,0.0,,False
56,DILUTE->DEEP,pyrite_oxidation_aerobic,0.0,0.0,0.0,,False
56,DEEP->DISCH,calcite,0.1,0.0,0.1,-100.0,False
56,DEEP->DISCH,dolomite,0.05,0.0004519861507747658,0.049548013849225234,-99.09602769845046,False
56,DEEP->DISCH,halite,0.0,0.058626440207345205,0.058626440207345205,,True
56,DEEP->DISCH,gypsum,0.0,0.0,0.0,,False
56,DEEP->DISCH,CaNa_exch,0.0,0.04699405607963118,0.04699405607963118,,False
56,DEEP->DISCH,albite,0.0,0.0,0.0,,False
56,DEEP->DISCH,pyrite_oxidation_aerobic,0.0,0.004140259569926589,0.004140259569926589,,False
57,RCH->SH15,calcite,0.2,0.028695532221693864,0.17130446777830616,-85.65223388915308,False
57,RCH->SH15,dolomite,0.0,0.0,0.0,,False
57,RCH->SH15,halite,0.0,0.0,0.0,,False
57,RCH->SH15,gypsum,0.0,0.021140325291253106,0.021140325291253106,,False
57,RCH->SH15,CaNa_exch,0.0,0.07497247748215292,0.07497247748215292,,True
57,RCH->SH15,albite,0.0,0.0,0.0,,False
57,RCH->SH15,pyrite_oxidation_aerobic,0.0,0.0,0.0,,False
57,RCH->SH30,calcite,0.25,0.6082177746398076,0.35821777463980764,143.28710985592306,False
57,RCH->SH30,dolomite,0.0,0.030963075324275408,0.030963075324275408,,False
57,RCH->SH30,halite,0.0,0.0,0.0,,False
57,RCH->SH30,gypsum,0.05,0.16190828528563797,0.11190828528563797,223.81657057127592,False
57,RCH->SH30,CaNa_exch,0.0,-0.08669301095902268,0.08669301095902268,,True
57,RCH->SH30,albite,0.0,0.003404660015324101,0.003404660015324101,,False
57,RCH->SH30,pyrite_oxidation_aerobic,0.0,0.0,0.0,,False
57,SH15->INT1,calcite,2.5,2.7803164793357134,0.28031647933571335,11.212659173428534,False
57,SH15->INT1,dolomite,0.2,0.0501939775730112,0.14980602242698882,-74.90301121349441,False
57,SH15->INT1,halite,0.0,0.0,0.0,,False
57,SH15->INT1,gypsum,0.0,0.007367383355313834,0.007367383355313834,,False
57,SH15->INT1,CaNa_exch,0.0,-0.06574126521176252,0.06574126521176252,,True
57,SH15->INT1,albite,0.0,0.021888825048634007,0.021888825048634007,,False
57,SH15->INT1,pyrite_oxidation_aerobic,0.0,0.0,0.0,,False
57,INT1->INT2,calcite,0.0,1.266667547551251,1.266667547551251,,True
57,INT1->INT2,dolomite,0.8,0.20392068996120696,0.5960793100387931,-74.50991375484914,False
57,INT1->INT2,halite,1.2,1.2158941595530466,0.015894159553046627,1.324513296087219,False
57,INT1->INT2,gypsum,0.3,0.22120118166957287,0.07879881833042712,-26.266272776809043,False
57,INT1->INT2,CaNa_exch,0.0,-0.5365417619120905,0.5365417619120905,,True
57,INT1->INT2,albite,0.0,0.3131108076093748,0.3131108076093748,,True
57,INT1->INT2,pyrite_oxidation_aerobic,0.0,0.032674456215931756,0.032674456215931756,,False
57,INT2->MIX20,calcite,0.3,0.0,0.3,-100.0,False
57,INT2->MIX20,dolomite,0.0,0.0,0.0,,False
57,INT2->MIX20,halite,0.0,0.0,0.0,,False
57,INT2->MIX20,gypsum,0.0,0.0951142392416669,0.0951142392416669,,True
57,INT2->MIX20,CaNa_exch,-0.15,-0.11622782699726754,0.033772173002732456,-22.51478200182164,False
57,INT2->MIX20,albite,0.0,0.0,0.0,,False
57,INT2->MIX20,pyrite_oxidation_aerobic,0.0,0.0,0.0,,False
57,MIX20->MIX40,calcite,0.0,0.2192132367988875,0.2192132367988875,,True
57,MIX20->MIX40,dolomite,0.0,0.036688482816443435,0.036688482816443435,,False
57,MIX20->MIX40,halite,0.35,0.4397761416671312,0.08977614166713122,25.65032619060892,False
57,MIX20->MIX40,gypsum,0.0,0.0,0.0,,False
57,MIX20->MIX40,CaNa_exch,-0.25,-0.01516802625311163,0.23483197374688836,-93.93278949875534,False
57,MIX20->MIX40,albite,0.0,0.0,0.0,,False
57,MIX20->MIX40,pyrite_oxidation_aerobic,0.0,0.0,0.0,,False
57,MIX40->MIX60,calcite,0.0,0.29835191954562906,0.29835191954562906,,True
57,MIX40->MIX60,dolomite,0.3,0.07832558407985026,0.22167441592014975,-73.89147197338325,False
57,MIX40->MIX60,halite,0.0,0.0,0.0,,False
57,MIX40->MIX60,gypsum,0.1,0.05595052686484502,0.04404947313515498,-44.049473135154976,False
57,MIX40->MIX60,CaNa_exch,-0.2,-0.28050715954848826,0.08050715954848825,40.253579774244116,False
57,MIX40->MIX60,albite,0.0,0.32082750110624203,0.32082750110624203,,True
57,MIX40->MIX60,pyrite_oxidation_aerobic,0.0,0.01624715419834311,0.01624715419834311,,False
57,MIX60->DILUTE,calcite,0.1,0.0,0.1,-100.0,False
57,MIX60->DILUTE,dolomite,0.0,0.0,0.0,,False
57,MIX60->DILUTE,halite,0.0,0.09537662801718949,0.09537662801718949,,True
57,MIX60->DILUTE,gypsum,0.0,0.0,0.0,,False
57,MIX60->DILUTE,CaNa_exch,0.0,0.11014242864980855,0.11014242864980855,,True
57,MIX60->DILUTE,albite,0.0,0.0,0.0,,False
57,MIX60->DILUTE,pyrite_oxidation_aerobic,0.0,0.0,0.0,,False
57,DILUTE->DEEP,calcite,0.0,0.0,0.0,,False
57,DILUTE->DEEP,dolomite,0.0,0.0,0.0,,False
57,DILUTE->DEEP,halite,0.45,0.0,0.45,-100.0,False
57,DILUTE->DEEP,gypsum,0.05,0.0,0.05,-100.0,False
57,DILUTE->DEEP,CaNa_exch,-0.6,-0.600556146952347,0.0005561469523470697,0.09269115872451161,False
57,DILUTE->DEEP,albite,0.0,0.001259559259165978,0.001259559259165978,,False
57,DILUTE->DEEP,pyrite_oxidation_aerobic,0.0,0.0,0.0,,False
57,DEEP->DISCH,calcite,0.1,0.07525497297206735,0.02474502702793266,-24.745027027932657,False
57,DEEP->DISCH,dolomite,0.05,0.0,0.05,-100.0,False
57,DEEP->DISCH,halite,0.0,0.0,0.0,,False
57,DEEP->DISCH,gypsum,0.0,0.0,0.0,,False
57,DEEP->DISCH,CaNa_exch,0.0,0.09776267698214393,0.09776267698214393,,True
57,DEEP->DISCH,albite,0.0,0.0,0.0,,False
57,DEEP->DISCH,pyrite_oxidation_aerobic,0.0,0.0,0.0,,False
58,RCH->SH15,calcite,0.2,0.0,0.2,-100.0,False
58,RCH->SH15,dolomite,0.0,0.0,0.0,,False
58,RCH->SH15,halite,0.0,0.01933085187537657,0.01933085187537657,,False
58,RCH->SH15,gypsum,0.0,0.0,0.0,,False
58,RCH->SH15,CaNa_exch,0.0,0.11160961217677352,0.11160961217677352,,True
58,RCH->SH15,albite,0.0,0.0,0.0,,False
58,RCH->SH15,pyrite_oxidation_aerobic,0.0,0.0019673812204614462,0.0019673812204614462,,False
58,RCH->SH30,calcite,0.25,0.06211317603540708,0.18788682396459291,-75.15472958583716,False
58,RCH->SH30,dolomite,0.0,0.0,0.0,,False
58,RCH->SH30,halite,0.0,0.0,0.0,,False
58,RCH->SH30,gypsum,0.05,0.04413485808318398,0.005865141916816023,-11.730283833632047,False
58,RCH->SH30,CaNa_exch,0.0,0.05391739315839467,0.05391739315839467,,True
58,RCH->SH30,albite,0.0,0.0,0.0,,False
58,RCH->SH30,pyrite_oxidation_aerobic,0.0,0.0,0.0,,False
58,SH15->INT1,calcite,2.5,2.6568912155464246,0.1568912155464246,6.275648621856984,False
58,SH15->INT1,dolomite,0.2,0.0627468882084211,0.1372531117915789,-68.62655589578945,False
58,SH15->INT1,halite,0.0,0.02114587620768877,0.02114587620768877,,False
58,SH15->INT1,gypsum,0.0,0.0,0.0,,False
58,SH15->INT1,CaNa_exch,0.0,-0.113426419635037,0.113426419635037,,True
58,SH15->INT1,albite,0.0,0.025264886936918994,0.025264886936918994,,False
58,SH15->INT1,pyrite_oxidation_aerobic,0.0,0.0003863319581586973,0.0003863319581586973,,False
58,INT1->INT2,calcite,0.0,1.0776989214110846,1.0776989214110846,,True
58,INT1->INT2,dolomite,0.8,0.1900225340369552,0.6099774659630448,-76.2471832453806,False
58,INT1->INT2,halite,1.2,1.2797654635318059,0.07976546353180591,6.647121960983826,False
58,INT1->INT2,gypsum,0.3,0.33835122163660114,0.03835122163660115,12.783740545533718,False
58,INT1->INT2,CaNa_exch,0.0,-0.4431334067719674,0.4431334067719674,,True
58,INT1->INT2,albite,0.0,0.22497240544553856,0.22497240544553856,,True
58,INT1->INT2,pyrite_oxidation_aerobic,0.0,0.0,0.0,,False
58,INT2->MIX20,calcite,0.3,0.021711508655618654,0.27828849134438133,-92.76283044812712,False
58,INT2->MIX20,dolomite,0.0,0.0032871911753823975,0.0032871911753823975,,False
58,INT2->MIX20,halite,0.0,0.0,0.0,,False
58,INT2->MIX20,gypsum,0.0,0.04269433257217004,0.04269433257217004,,False
58,INT2->MIX20,CaNa_exch,-0.15,-0.07668573958053577,0.07331426041946422,-48.876173612976146,False
58,INT2->MIX20,albite,0.0,0.15557480406251292,0.15557480406251292,,True
58,INT2->MIX20,pyrite_oxidation_aerobic,0.0,0.0,0.0,,False
58,MIX20->MIX40,calcite,0.0,0.15461343790031692,0.15461343790031692,,True
58,MIX20->MIX40,dolomite,0.0,0.012256505131517503,0.012256505131517503,,False
58,MIX20->MIX40,halite,0.35,0.06461274326536866,0.28538725673463133,-81.53921620989468,False
58,MIX20->MIX40,gypsum,0.0,0.0032227172174492304,0.0032227172174492304,,False
58,MIX20->MIX40,CaNa_exch,-0.25,-0.18069682505046217,0.06930317494953783,-27.721269979815133,False
58,MIX20->MIX40,albite,0.0,0.3949763935754527,0.3949763935754527,,True
58,MIX20->MIX40,pyrite_oxidation_aerobic,0.0,0.0,0.0,,False
58,MIX40->MIX60,calcite,0.0,0.1858810137215665,0.1858810137215665,,True
58,MIX40->MIX60,dolomite,0.3,0.08051899246791308,0.2194810075320869,-73.16033584402898,False
58,MIX40->MIX60,halite,0.0,0.0,0.0,,False
58,MIX40->MIX60,gypsum,0.1,0.03446993128155883,0.06553006871844118,-65.53006871844117,False
58,MIX40->MIX60,CaNa_exch,-0.2,-0.19661744456752292,0.0033825554324770912,-1.6912777162385455,False
58,MIX40->MIX60,albite,0.0,0.11197319122798295,0.11197319122798295,,True
58,MIX40->MIX60,pyrite_oxidation_aerobic,0.0,0.014428442442967699,0.014428442442967699,,False
58,MIX60->DILUTE,calcite,0.1,0.013801265547449773,0.08619873445255023,-86.19873445255024,False
58,MIX60->DILUTE,dolomite,0.0,0.0,0.0,,False
58,MIX60->DILUTE,halite,0.0,0.0,0.0,,False
58,MIX60->DILUTE,gypsum,0.0,0.0825001176746738,0.0825001176746738,,True
58,MIX60->DILUTE,CaNa_exch,0.0,0.06721910173211505,0.06721910173211505,,True
58,MIX60->DILUTE,albite,0.0,0.0,0.0,,False
58,MIX60->DILUTE,pyrite_oxidation_aerobic,0.0,0.0,0.0,,False
58,DILUTE->DEEP,calcite,0.0,0.0,0.0,,False
58,DILUTE->DEEP,dolomite,0.0,0.0,0.0,,False
58,DILUTE->DEEP,halite,0.45,0.648603902972775,0.19860390297277503,44.13420066061667,False
58,DILUTE->DEEP,gypsum,0.05,0.0,0.05,-100.0,False
58,DILUTE->DEEP,CaNa_exch,-0.6,-0.6219626200249716,0.021962620024971624,3.660436670828604,False
58,DILUTE->DEEP,albite,0.0,0.0,0.0,,False
58,DILUTE->DEEP,pyrite_oxidation_aerobic,0.0,0.01904658714304429,0.01904658714304429,,False
58,DEEP->DISCH,calcite,0.1,0.26707973476306557,0.16707973476306556,167.07973476306555,False
58,DEEP->DISCH,dolomite,0.05,0.026562230076132235,0.023437769923867768,-46.87553984773553,False
58,DEEP->DISCH,halite,0.0,0.0,0.0,,False
58,DEEP->DISCH,gypsum,0.0,0.0334784950770492,0.0334784950770492,,False
58,DEEP->DISCH,CaNa_exch,0.0,-0.05777459622821021,0.05777459622821021,,True
58,DEEP->DISCH,albite,0.0,0.008167229780388365,0.008167229780388365,,False
58,DEEP->DISCH,pyrite_oxidation_aerobic,0.0,0.0,0.0,,False
59,RCH->SH15,calcite,0.2,0.03368513196108999,0.16631486803891002,-83.157434019455,False
59,RCH->SH15,dolomite,0.0,0.0,0.0,,False
59,RCH->SH15,halite,0.0,0.0,0.0,,False
59,RCH->SH15,gypsum,0.0,0.006865422175299094,0.006865422175299094,,False
59,RCH->SH15,CaNa_exch,0.0,0.08985214961729401,0.08985214961729401,,True
59,RCH->SH15,albite,0.0,0.0,0.0,,False
59,RCH->SH15,pyrite_oxidation_aerobic,0.0,0.0,0.0,,False
59,RCH->SH30,calcite,0.25,0.6166841425351913,0.3666841425351913,146.67365701407653,False
59,RCH->SH30,dolomite,0.0,0.029058810464952917,0.029058810464952917,,False
59,RCH->SH30,halite,0.0,0.0,0.0,,False
59,RCH->SH30,gypsum,0.05,0.14843170761360389,0.09843170761360388,196.86341522720775,False
59,RCH->SH30,CaNa_exch,0.0,-0.09164394944055505,0.09164394944055505,,True
59,RCH->SH30,albite,0.0,0.024129423354605085,0.024129423354605085,,False
59,RCH->SH30,pyrite_oxidation_aerobic,0.0,0.0,0.0,,False
59,SH15->INT1,calcite,2.5,2.771820828142408,0.27182082814240793,10.872833125696317,False
59,SH15->INT1,dolomite,0.2,0.06873320133836544,0.13126679866163457,-65.63339933081728,False
59,SH15->INT1,halite,0.0,0.04953282540928376,0.04953282540928376,,False
59,SH15->INT1,gypsum,0.0,0.0,0.0,,False
59,SH15->INT1,CaNa_exch,0.0,-0.10753690187934496,0.10753690187934496,,True
59,SH15->INT1,albite,0.0,0.02526471741568343,0.02526471741568343,,False
59,SH15->INT1,pyrite_oxidation_aerobic,0.0,0.0,0.0,,False
59,INT1->INT2,calcite,0.0,0.9078337135741359,0.9078337135741359,,True
59,INT1->INT2,dolomite,0.8,0.1585922139453444,0.6414077860546556,-80.17597325683195,False
59,INT1->INT2,halite,1.2,1.2200902586594502,0.020090258659450244,1.6741882216208537,False
59,INT1->INT2,gypsum,0.3,0.43412962237935765,0.13412962237935766,44.709874126452554,False
59,INT1->INT2,CaNa_exch,0.0,-0.3982149208636722,0.3982149208636722,,True
59,INT1->INT2,albite,0.0,0.1961318458886126,0.1961318458886126,,True
59,INT1->INT2,pyrite_oxidation_aerobic,0.0,0.0,0.0,,False
59,INT2->MIX20,calcite,0.3,0.09918131307130165,0.20081868692869834,-66.93956230956611,False
59,INT2->MIX20,dolomite,0.0,0.03075252138039767,0.03075252138039767,,False
59,INT2->MIX20,halite,0.0,0.06127519606487232,0.06127519606487232,,True
59,INT2->MIX20,gypsum,0.0,0.0,0.0,,False
59,INT2->MIX20,CaNa_exch,-0.15,-0.14401166951103894,0.005988330488961052,-3.992220325974035,False
59,INT2->MIX20,albite,0.0,0.2216428088630636,0.2216428088630636,,True
59,INT2->MIX20,pyrite_oxidation_aerobic,0.0,0.0,0.0,,False
59,MIX20->MIX40,calcite,0.0,0.0,0.0,,False
59,MIX20->MIX40,dolomite,0.0,0.0,0.0,,False
59,MIX20->MIX40,halite,0.35,0.14972565228856924,0.20027434771143074,-57.22124220326593,False
59,MIX20->MIX40,gypsum,0.0,0.0,0.0,,False
59,MIX20->MIX40,CaNa_exch,-0.25,-0.2322397376680717,0.01776026233192829,-7.104104932771316,False
59,MIX20->MIX40,albite,0.0,0.0,0.0,,False
59,MIX20->MIX40,pyrite_oxidation_aerobic,0.0,0.01031011274629157,0.01031011274629157,,False
59,MIX40->MIX60,calcite,0.0,0.4648433845823111,0.4648433845823111,,True
59,MIX40->MIX60,dolomite,0.3,0.0941691466825819,0.20583085331741807,-68.61028443913936,False
59,MIX40->MIX60,halite,0.0,0.0,0.0,,False
59,MIX40->MIX60,gypsum,0.1,0.06721615483946698,0.03278384516053302,-32.78384516053302,False
59,MIX40->MIX60,CaNa_exch,-0.2,-0.2922366599957461,0.0922366599957461,46.11832999787305,False
59,MIX40->MIX60,albite,0.0,0.27322242722460016,0.27322242722460016,,True
59,MIX40->MIX60,pyrite_oxidation_aerobic,0.0,0.0,0.0,,False
59,MIX60->DILUTE,calcite,0.1,0.008775844888384511,0.0912241551116155,-91.22415511161549,False
59,MIX60->DILUTE,dolomite,0.0,0.0007584719563737572,0.0007584719563737572,,False
59,MIX60->DILUTE,halite,0.0,0.08536831620610698,0.08536831620610698,,True
59,MIX60->DILUTE,gypsum,0.0,0.040391699063757,0.040391699063757,,False
59,MIX60->DILUTE,CaNa_exch,0.0,0.1172266778783439,0.1172266778783439,,True
59,MIX60->DILUTE,albite,0.0,0.0,0.0,,False
59,MIX60->DILUTE,pyrite_oxidation_aerobic,0.0,0.0,0.0,,False
59,DILUTE->DEEP,calcite,0.0,0.0,0.0,,False
59,DILUTE->DEEP,dolomite,0.0,0.0,0.0,,False
59,DILUTE->DEEP,halite,0.45,0.2561686785682601,0.19383132143173992,-43.073626984831094,False
59,DILUTE->DEEP,gypsum,0.05,0.011643531930656474,0.03835646806934353,-76.71293613868706,False
59,DILUTE->DEEP,CaNa_exch,-0.6,-0.7827209624175743,0.1827209624175743,30.453493736262388,False
59,DILUTE->DEEP,albite,0.0,0.0,0.0,,False
59,DILUTE->DEEP,pyrite_oxidation_aerobic,0.0,0.010620720162728452,0.010620720162728452,,False
59,DEEP->DISCH,calcite,0.1,0.048651284744110575,0.05134871525588943,-51.34871525588943,False
59,DEEP->DISCH,dolomite,0.05,0.0,0.05,-100.0,False
59,DEEP->DISCH,halite,0.0,0.13709432571657962,0.13709432571657962,,True
59,DEEP->DISCH,gypsum,0.0,0.0,0.0,,False
59,DEEP->DISCH,CaNa_exch,0.0,0.16743711022397112,0.16743711022397112,,True
59,DEEP->DISCH,albite,0.0,0.0,0.0,,False
59,DEEP->DISCH,pyrite_oxidation_aerobic,0.0,0.0,0.0,,False
60,RCH->SH15,calcite,0.2,0.0,0.2,-100.0,False
60,RCH->SH15,dolomite,0.0,0.0,0.0,,False
60,RCH->SH15,halite,0.0,0.0,0.0,,False
60,RCH->SH15,gypsum,0.0,0.0,0.0,,False
60,RCH->SH15,CaNa_exch,0.0,0.0675248472170898,0.0675248472170898,,True
60,RCH->SH15,albite,0.0,0.0,0.0,,False
60,RCH->SH15,pyrite_oxidation_aerobic,0.0,0.0,0.0,,False
60,RCH->SH30,calcite,0.25,0.04561897819068368,0.20438102180931633,-81.75240872372653,False
60,RCH->SH30,dolomite,0.0,0.0,0.0,,False
60,RCH->SH30,halite,0.0,0.0,0.0,,False
60,RCH->SH30,gypsum,0.05,0.0049144728897663244,0.04508552711023368,-90.17105422046735,False
60,RCH->SH30,CaNa_exch,0.0,0.10877931143501512,0.10877931143501512,,True
60,RCH->SH30,albite,0.0,0.0,0.0,,False
60,RCH->SH30,pyrite_oxidation_aerobic,0.0,0.008581438357512591,0.008581438357512591,,False
60,SH15->INT1,calcite,2.5,2.759217512608865,0.25921751260886516,10.368700504354607,False
60,SH15->INT1,dolomite,0.2,0.05723051489182677,0.14276948510817325,-71.38474255408663,False
60,SH15->INT1,halite,0.0,0.041270208963449836,0.041270208963449836,,False
60,SH15->INT1,gypsum,0.0,0.014375613564984832,0.014375613564984832,,False
60,SH15->INT1,CaNa_exch,0.0,-0.0950945061537724,0.0950945061537724,,True
60,SH15->INT1,albite,0.0,0.016397810265221243,0.016397810265221243,,False
60,SH15->INT1,pyrite_oxidation_aerobic,0.0,0.0,0.0,,False
60,INT1->INT2,calcite,0.0,0.9656328576554526,0.9656328576554526,,True
60,INT1->INT2,dolomite,0.8,0.18075325804713008,0.61924674195287,-77.40584274410874,False
60,INT1->INT2,halite,1.2,1.1586340144403657,0.04136598555963422,-3.447165463302852,False
60,INT1->INT2,gypsum,0.3,0.3517757935981186,0.051775793598118625,17.258597866039544,False
60,INT1->INT2,CaNa_exch,0.0,-0.4854447705833585,0.4854447705833585,,True
60,INT1->INT2,albite,0.0,0.2524076221935547,0.2524076221935547,,True
60,INT1->INT2,pyrite_oxidation_aerobic,0.0,0.0,0.0,,False
60,INT2->MIX20,calcite,0.3,0.039966602713331766,0.26003339728666824,-86.67779909555608,False
60,INT2->MIX20,dolomite,0.0,0.01177531055189317,0.01177531055189317,,False
60,INT2->MIX20,halite,0.0,0.12233892962089495,0.12233892962089495,,True
60,INT2->MIX20,gypsum,0.0,0.0,0.0,,False
60,INT2->MIX20,CaNa_exch,-0.15,-0.05813687790314688,0.09186312209685311,-61.24208139790208,False
60,INT2->MIX20,albite,0.0,0.09235328960051346,0.09235328960051346,,True
60,INT2->MIX20,pyrite_oxidation_aerobic,0.0,0.004750088148335693,0.004750088148335693,,False
60,MIX20->MIX40,calcite,0.0,0.1270741029394741,0.1270741029394741,,True
60,MIX20->MIX40,dolomite,0.0,0.003198290188381662,0.003198290188381662,,False
60,MIX20->MIX40,halite,0.35,0.026944959613299815,0.3230550403867002,-92.30144011048577,False
60,MIX20->MIX40,gypsum,0.0,0.01903741539896667,0.01903741539896667,,False
60,MIX20->MIX40,CaNa_exch,-0.25,-0.15774531904936764,0.09225468095063236,-36.90187238025294,False
60,MIX20->MIX40,albite,0.0,0.3704522462664788,0.3704522462664788,,True
60,MIX20->MIX40,pyrite_oxidation_aerobic,0.0,0.0005025226599130836,0.0005025226599130836,,False
60,MIX40->MIX60,calcite,0.0,0.21785709399921588,0.21785709399921588,,True
60,MIX40->MIX60,dolomite,0.3,0.08095535239023603,0.21904464760976394,-73.01488253658799,False
60,MIX40->MIX60,halite,0.0,0.0,0.0,,False
60,MIX40->MIX60,gypsum,0.1,0.06562116738036938,0.03437883261963062,-34.37883261963062,False
60,MIX40->MIX60,CaNa_exch,-0.2,-0.19300200993070632,0.006997990069293691,-3.4989950346468457,False
60,MIX40->MIX60,albite,0.0,0.08539537381720293,0.08539537381720293,,True
60,MIX40->MIX60,pyrite_oxidation_aerobic,0.0,0.01585169901297445,0.01585169901297445,,False
60,MIX60->DILUTE,calcite,0.1,0.0,0.1,-100.0,False
60,MIX60->DILUTE,dolomite,0.0,0.0,0.0,,False
60,MIX60->DILUTE,halite,0.0,0.0,0.0,,False
60,MIX60->DILUTE,gypsum,0.0,0.0,0.0,,False
60,MIX60->DILUTE,CaNa_exch,0.0,0.037623586742853043,0.037623586742853043,,False
60,MIX60->DILUTE,albite,0.0,0.0,0.0,,False
60,MIX60->DILUTE,pyrite_oxidation_aerobic,0.0,0.0,0.0,,False
60,DILUTE->DEEP,calcite,0.0,0.0,0.0,,False
60,DILUTE->DEEP,dolomite,0.0,0.009775611119374611,0.009775611119374611,,False
60,DILUTE->DEEP,halite,0.45,0.0,0.45,-100.0,False
60,DILUTE->DEEP,gypsum,0.05,0.01856485585405572,0.03143514414594428,-62.87028829188856,False
60,DILUTE->DEEP,CaNa_exch,-0.6,-0.4112226635959465,0.18877733640405348,-31.46288940067558,False
60,DILUTE->DEEP,albite,0.0,0.27594641491795147,0.27594641491795147,,True
60,DILUTE->DEEP,pyrite_oxidation_aerobic,0.0,0.0,0.0,,False
60,DEEP->DISCH,calcite,0.1,0.03178398981378955,0.06821601018621046,-68.21601018621045,False
60,DEEP->DISCH,dolomite,0.05,0.01573562281137227,0.03426437718862774,-68.52875437725547,False
60,DEEP->DISCH,halite,0.0,0.0,0.0,,False
60,DEEP->DISCH,gypsum,0.0,0.0,0.0,,False
60,DEEP->DISCH,CaNa_exch,0.0,0.08356363236033286,0.08356363236033286,,True
60,DEEP->DISCH,albite,0.0,0.0,0.0,,False
60,DEEP->DISCH,pyrite_oxidation_aerobic,0.0,0.0,0.0,,False
61,RCH->SH15,calcite,0.2,0.298278849259107,0.09827884925910702,49.13942462955351,False
61,RCH->SH15,dolomite,0.0,0.008048346807504544,0.008048346807504544,,False
61,RCH->SH15,halite,0.0,0.002818754714236015,0.002818754714236015,,False
61,RCH->SH15,gypsum,0.0,0.06553896113400326,0.06553896113400326,,True
61,RCH->SH15,CaNa_exch,0.0,0.0013255697866378724,0.0013255697866378724,,False
61,RCH->SH15,albite,0.0,0.0,0.0,,False
61,RCH->SH15,pyrite_oxidation_aerobic,0.0,0.0,0.0,,False
61,RCH->SH30,calcite,0.25,0.04865538719785278,0.20134461280214722,-80.53784512085889,False
61,RCH->SH30,dolomite,0.0,0.0,0.0,,False
61,RCH->SH30,halite,0.0,0.0,0.0,,False
61,RCH->SH30,gypsum,0.05,0.03389583726636187,0.016104162733638135,-32.20832546727627,False
61,RCH->SH30,CaNa_exch,0.0,0.08135877962763771,0.08135877962763771,,True
61,RCH->SH30,albite,0.0,0.0,0.0,,False
61,RCH->SH30,pyrite_oxidation_aerobic,0.0,0.0,0.0,,False
61,SH15->INT1,calcite,2.5,2.55243150510038,0.05243150510038008,2.0972602040152033,False
61,SH15->INT1,dolomite,0.2,0.056284990838624024,0.14371500916137597,-71.85750458068799,False
61,SH15->INT1,halite,0.0,0.022617382191228736,0.022617382191228736,,False
61,SH15->INT1,gypsum,0.0,0.0,0.0,,False
61,SH15->INT1,CaNa_exch,0.0,-0.09773545003638166,0.09773545003638166,,True
61,SH15->INT1,albite,0.0,0.010352374744953895,0.010352374744953895,,False
61,SH15->INT1,pyrite_oxidation_aerobic,0.0,0.0,0.0,,False
61,INT1->INT2,calcite,0.0,1.4967931244134796,1.4967931244134796,,True
61,INT1->INT2,dolomite,0.8,0.20291700309449673,0.5970829969055034,-74.6353746131879,False
61,INT1->INT2,halite,1.2,0.6155562776432699,0.58444372235673,-48.7036435297275,False
61,INT1->INT2,gypsum,0.3,0.18604706107565092,0.11395293892434907,-37.98431297478302,False
61,INT1->INT2,CaNa_exch,0.0,-0.5068478267536262,0.5068478267536262,,True
61,INT1->INT2,albite,0.0,0.2609696430106739,0.2609696430106739,,True
61,INT1->INT2,pyrite_oxidation_aerobic,0.0,0.016760044644146557,0.016760044644146557,,False
61,INT2->MIX20,calcite,0.3,0.1265588009964159,0.1734411990035841,-57.813733001194706,False
61,INT2->MIX20,dolomite,0.0,0.009073317822241902,0.009073317822241902,,False
61,INT2->MIX20,halite,0.0,0.11075972939395273,0.11075972939395273,,True
61,INT2->MIX20,gypsum,0.0,0.02009520700979273,0.02009520700979273,,False
61,INT2->MIX20,CaNa_exch,-0.15,-0.09742457994611525,0.05257542005388474,-35.050280035923166,False
61,INT2->MIX20,albite,0.0,0.19268390315061792,0.19268390315061792,,True
61,INT2->MIX20,pyrite_oxidation_aerobic,0.0,0.012824877761023269,0.012824877761023269,,False
61,MIX20->MIX40,calcite,0.0,0.21566162383798076,0.21566162383798076,,True
61,MIX20->MIX40,dolomite,0.0,0.02424749195662539,0.02424749195662539,,False
61,MIX20->MIX40,halite,0.35,0.2746618466328684,0.07533815336713157,-21.525186676323305,False
61,MIX20->MIX40,gypsum,0.0,0.0,0.0,,False
61,MIX20->MIX40,CaNa_exch,-0.25,-0.06763221129411608,0.18236778870588394,-72.94711548235358,False
61,MIX20->MIX40,albite,0.0,0.05996682520985526,0.05996682520985526,,True
61,MIX20->MIX40,pyrite_oxidation_aerobic,0.0,0.0,0.0,,False
61,MIX40->MIX60,calcite,0.0,0.07409383646129257,0.07409383646129257,,True
61,MIX40->MIX60,dolomite,0.3,0.08058289085863343,0.21941710914136656,-73.13903638045552,False
61,MIX40->MIX60,halite,0.0,0.0,0.0,,False
61,MIX40->MIX60,gypsum,0.1,0.1494418391541912,0.0494418391541912,49.44183915419121,False
61,MIX40->MIX60,CaNa_exch,-0.2,-0.25664691223890557,0.056646912238905556,28.323456119452775,False
61,MIX40->MIX60,albite,0.0,0.20427334351729434,0.20427334351729434,,True
61,MIX40->MIX60,pyrite_oxidation_aerobic,0.0,0.0,0.0,,False
61,MIX60->DILUTE,calcite,0.1,0.0,0.1,-100.0,False
61,MIX60->DILUTE,dolomite,0.0,0.0,0.0,,False
61,MIX60->DILUTE,halite,0.0,0.0,0.0,,False
61,MIX60->DILUTE,gypsum,0.0,0.0,0.0,,False
61,MIX60->DILUTE,CaNa_exch,0.0,0.07883245219206875,0.07883245219206875,,True
61,MIX60->DILUTE,albite,0.0,0.0,0.0,,False
61,MIX60->DILUTE,pyrite_oxidation_aerobic,0.0,0.0,0.0,,False
61,DILUTE->DEEP,calcite,0.0,0.0,0.0,,False
61,DILUTE->DEEP,dolomite,0.0,0.0,0.0,,False
61,DILUTE->DEEP,halite,0.45,0.4949049328794916,0.0449049328794916,9.978873973220356,False
61,DILUTE->DEEP,gypsum,0.05,0.0,0.05,-100.0,False
61,DILUTE->DEEP,CaNa_exch,-0.6,-0.45841319249532236,0.14158680750467761,-23.597801250779604,False
61,DILUTE->DEEP,albite,0.0,0.0,0.0,,False
61,DILUTE->DEEP,pyrite_oxidation_aerobic,0.0,0.01349700910480836,0.01349700910480836,,False
61,DEEP->DISCH,calcite,0.1,0.0,0.1,-100.0,False
61,DEEP->DISCH,dolomite,0.05,0.0011346399857597945,0.04886536001424021,-97.73072002848042,False
61,DEEP->DISCH,halite,0.0,0.0,0.0,,False
61,DEEP->DISCH,gypsum,0.0,0.0,0.0,,False
61,DEEP->DISCH,CaNa_exch,0.0,-0.07414756745042266,0.07414756745042266,,True
61,DEEP->DISCH,albite,0.0,0.05114894399377558,0.05114894399377558,,True
61,DEEP->DISCH,pyrite_oxidation_aerobic,0.0,0.0,0.0,,False
62,RCH->SH15,calcite,0.2,0.2785013818984087,0.07850138189840866,39.250690949204326,False
62,RCH->SH15,dolomite,0.0,0.01666071593467001,0.01666071593467001,,False
62,RCH->SH15,halite,0.0,0.004380155858663076,0.004380155858663076,,False
62,RCH->SH15,gypsum,0.0,0.09040465672404321,0.09040465672404321,,True
62,RCH->SH15,CaNa_exch,0.0,-0.013089324853485414,0.013089324853485414,,False
62,RCH->SH15,albite,0.0,0.0,0.0,,False
62,RCH->SH15,pyrite_oxidation_aerobic,0.0,0.0,0.0,,False
62,RCH->SH30,calcite,0.25,0.0903864798506792,0.1596135201493208,-63.845408059728314,False
62,RCH->SH30,dolomite,0.0,0.0,0.0,,False
62,RCH->SH30,halite,0.0,0.0,0.0,,False
62,RCH->SH30,gypsum,0.05,0.048982600263335924,0.0010173997366640791,-2.034799473328158,False
62,RCH->SH30,CaNa_exch,0.0,0.06883495401823865,0.06883495401823865,,True
62,RCH->SH30,albite,0.0,0.0,0.0,,False
62,RCH->SH30,pyrite_oxidation_aerobic,0.0,0.0,0.0,,False
62,SH15->INT1,calcite,2.5,2.788969543645746,0.288969543645746,11.55878174582984,False
62,SH15->INT1,dolomite,0.2,0.048160200500577774,0.15183979949942222,-75.9198997497111,False
62,SH15->INT1,halite,0.0,0.060093961544218984,0.060093961544218984,,True
62,SH15->INT1,gypsum,0.0,0.0367600301000558,0.0367600301000558,,False
62,SH15->INT1,CaNa_exch,0.0,-0.0679966797698352,0.0679966797698352,,True
62,SH15->INT1,albite,0.0,0.002018424270206952,0.002018424270206952,,False
62,SH15->INT1,pyrite_oxidation_aerobic,0.0,0.0,0.0,,False
62,INT1->INT2,calcite,0.0,0.9982594032947577,0.9982594032947577,,True
62,INT1->INT2,dolomite,0.8,0.18663736891733884,0.6133626310826612,-76.67032888533265,False
62,INT1->INT2,halite,1.2,1.300306432947469,0.100306432947469,8.358869412289083,False
62,INT1->INT2,gypsum,0.3,0.19681833555535927,0.10318166444464072,-34.39388814821358,False
62,INT1->INT2,CaNa_exch,0.0,-0.4494576306324994,0.4494576306324994,,True
62,INT1->INT2,albite,0.0,0.18536684028028294,0.18536684028028294,,True
62,INT1->INT2,pyrite_oxidation_aerobic,0.0,0.04280366865831706,0.04280366865831706,,False
62,INT2->MIX20,calcite,0.3,0.00067863747459141,0.2993213625254086,-99.77378750846952,False
62,INT2->MIX20,dolomite,0.0,0.0101780577734072,0.0101780577734072,,False
62,INT2->MIX20,halite,0.0,0.0,0.0,,False
62,INT2->MIX20,gypsum,0.0,0.0,0.0,,False
62,INT2->MIX20,CaNa_exch,-0.15,-0.11630827109159786,0.033691728908402135,-22.461152605601423,False
62,INT2->MIX20,albite,0.0,0.22294398190198703,0.22294398190198703,,True
62,INT2->MIX20,pyrite_oxidation_aerobic,0.0,0.005405949319191036,0.005405949319191036,,False
62,MIX20->MIX40,calcite,0.0,0.24676612964514102,0.24676612964514102,,True
62,MIX20->MIX40,dolomite,0.0,0.023946689130927335,0.023946689130927335,,False
62,MIX20->MIX40,halite,0.35,0.3391391729868146,0.010860827013185359,-3.103093432338674,False
62,MIX20->MIX40,gypsum,0.0,0.0,0.0,,False
62,MIX20->MIX40,CaNa_exch,-0.25,-0.06716679888401754,0.18283320111598245,-73.13328044639297,False
62,MIX20->MIX40,albite,0.0,0.0601569096248615,0.0601569096248615,,True
62,MIX20->MIX40,pyrite_oxidation_aerobic,0.0,0.0,0.0,,False
62,MIX40->MIX60,calcite,0.0,0.05092658194905751,0.05092658194905751,,True
62,MIX40->MIX60,dolomite,0.3,0.07112050908050373,0.22887949091949628,-76.2931636398321,False
62,MIX40->MIX60,halite,0.0,0.0,0.0,,False
62,MIX40->MIX60,gypsum,0.1,0.16740079334254587,0.06740079334254587,67.40079334254585,False
62,MIX40->MIX60,CaNa_exch,-0.2,-0.22678469761107528,0.02678469761107527,13.392348805537635,False
62,MIX40->MIX60,albite,0.0,0.16321905013410754,0.16321905013410754,,True
62,MIX40->MIX60,pyrite_oxidation_aerobic,0.0,0.0,0.0,,False
62,MIX60->DILUTE,calcite,0.1,0.0,0.1,-100.0,False
62,MIX60->DILUTE,dolomite,0.0,0.0,0.0,,False
62,MIX60->DILUTE,halite,0.0,0.0,0.0,,False
62,MIX60->DILUTE,gypsum,0.0,0.0,0.0,,False
62,MIX60->DILUTE,CaNa_exch,0.0,0.06137862367096024,0.06137862367096024,,True
62,MIX60->DILUTE,albite,0.0,0.0,0.0,,False
62,MIX60->DILUTE,pyrite_oxidation_aerobic,0.0,0.0,0.0,,False
62,DILUTE->DEEP,calcite,0.0,0.0,0.0,,False
62,DILUTE->DEEP,dolomite,0.0,0.0,0.0,,False
62,DILUTE->DEEP,halite,0.45,0.4446728690379611,0.005327130962038906,-1.1838068804530903,False
62,DILUTE->DEEP,gypsum,0.05,0.036642054841544806,0.013357945158455196,-26.71589031691039,False
62,DILUTE->DEEP,CaNa_exch,-0.6,-0.5310697980509042,0.06893020194909583,-11.48836699151597,False
62,DILUTE->DEEP,albite,0.0,0.038706873103863004,0.038706873103863004,,False
62,DILUTE->DEEP,pyrite_oxidation_aerobic,0.0,0.01688233595818453,0.01688233595818453,,False
62,DEEP->DISCH,calcite,0.1,0.0,0.1,-100.0,False
62,DEEP->DISCH,dolomite,0.05,0.029536254455472068,0.020463745544527935,-40.92749108905587,False
62,DEEP->DISCH,halite,0.0,0.01744265719222058,0.01744265719222058,,False
62,DEEP->DISCH,gypsum,0.0,0.021140484052535036,0.021140484052535036,,False
62,DEEP->DISCH,CaNa_exch,0.0,-0.02264091989765204,0.02264091989765204,,False
62,DEEP->DISCH,albite,0.0,0.0,0.0,,False
62,DEEP->DISCH,pyrite_oxidation_aerobic,0.0,0.0,0.0,,False
63,RCH->SH15,calcite,0.2,0.0,0.2,-100.0,False
63,RCH->SH15,dolomite,0.0,0.0,0.0,,False
63,RCH->SH15,halite,0.0,0.0,0.0,,False
63,RCH->SH15,gypsum,0.0,0.0,0.0,,False
63,RCH->SH15,CaNa_exch,0.0,0.05083439565268936,0.05083439565268936,,True
63,RCH->SH15,albite,0.0,0.0,0.0,,False
63,RCH->SH15,pyrite_oxidation_aerobic,0.0,0.0,0.0,,False
63,RCH->SH30,calcite,0.25,0.041413523717932006,0.208586476282068,-83.4345905128272,False
63,RCH->SH30,dolomite,0.0,0.0,0.0,,False
63,RCH->SH30,halite,0.0,0.0,0.0,,False
63,RCH->SH30,gypsum,0.05,0.0,0.05,-100.0,False
63,RCH->SH30,CaNa_exch,0.0,0.13754205318519605,0.13754205318519605,,True
63,RCH->SH30,albite,0.0,0.0,0.0,,False
63,RCH->SH30,pyrite_oxidation_aerobic,0.0,0.007024408654809534,0.007024408654809534,,False
63,SH15->INT1,calcite,2.5,2.79546043993926,0.29546043993925997,11.818417597570399,False
63,SH15->INT1,dolomite,0.2,0.06485224946806246,0.13514775053193756,-67.57387526596877,False
63,SH15->INT1,halite,0.0,0.0,0.0,,False
63,SH15->INT1,gypsum,0.0,0.0,0.0,,False
63,SH15->INT1,CaNa_exch,0.0,-0.13587418860771844,0.13587418860771844,,True
63,SH15->INT1,albite,0.0,0.04785057696871428,0.04785057696871428,,False
63,SH15->INT1,pyrite_oxidation_aerobic,0.0,0.0025854315490731633,0.0025854315490731633,,False
63,INT1->INT2,calcite,0.0,1.1947964080480122,1.1947964080480122,,True
63,INT1->INT2,dolomite,0.8,0.20417297733459747,0.5958270226654026,-74.47837783317532,False
63,INT1->INT2,halite,1.2,0.6382112972435575,0.5617887027564424,-46.81572522970354,False
63,INT1->INT2,gypsum,0.3,0.17980322945627727,0.12019677054372271,-40.06559018124091,False
63,INT1->INT2,CaNa_exch,0.0,-0.48975578915255547,0.48975578915255547,,True
63,INT1->INT2,albite,0.0,0.2407435067064051,0.2407435067064051,,True
63,INT1->INT2,pyrite_oxidation_aerobic,0.0,0.021798214691699368,0.021798214691699368,,False
63,INT2->MIX20,calcite,0.3,0.2009952070454792,0.09900479295452078,-33.00159765150693,False
63,INT2->MIX20,dolomite,0.0,0.0,0.0,,False
63,INT2->MIX20,halite,0.0,0.08329225240589576,0.08329225240589576,,True
63,INT2->MIX20,gypsum,0.0,0.09267930460929098,0.09267930460929098,,True
63,INT2->MIX20,CaNa_exch,-0.15,0.06572971633785618,0.21572971633785618,-143.81981089190413,False
63,INT2->MIX20,albite,0.0,0.0,0.0,,False
63,INT2->MIX20,pyrite_oxidation_aerobic,0.0,0.0,0.0,,False
63,MIX20->MIX40,calcite,0.0,0.1119214314122843,0.1119214314122843,,True
63,MIX20->MIX40,dolomite,0.0,0.03933409240494087,0.03933409240494087,,False
63,MIX20->MIX40,halite,0.35,0.16122037032986578,0.1887796296701342,-53.937037048609774,False
63,MIX20->MIX40,gypsum,0.0,0.0,0.0,,False
63,MIX20->MIX40,CaNa_exch,-0.25,-0.1784063183209691,0.07159368167903091,-28.637472671612365,False
63,MIX20->MIX40,albite,0.0,0.26901235775208465,0.26901235775208465,,True
63,MIX20->MIX40,pyrite_oxidation_aerobic,0.0,0.0015181306754234595,0.0015181306754234595,,False
63,MIX40->MIX60,calcite,0.0,0.32017026940558674,0.32017026940558674,,True
63,MIX40->MIX60,dolomite,0.3,0.09006875640558148,0.2099312435944185,-69.9770811981395,False
63,MIX40->MIX60,halite,0.0,0.0,0.0,,False
63,MIX40->MIX60,gypsum,0.1,0.06092506384503999,0.039074936154960015,-39.074936154960014,False
63,MIX40->MIX60,CaNa_exch,-0.2,-0.22642487048578636,0.026424870485786345,13.212435242893172,False
63,MIX40->MIX60,albite,0.0,0.13029026184630366,0.13029026184630366,,True
63,MIX40->MIX60,pyrite_oxidation_aerobic,0.0,0.011186102854442121,0.011186102854442121,,False
63,MIX60->DILUTE,calcite,0.1,0.0,0.1,-100.0,False
63,MIX60->DILUTE,dolomite,0.0,0.0,0.0,,False
63,MIX60->DILUTE,halite,0.0,0.0,0.0,,False
63,MIX60->DILUTE,gypsum,0.0,0.0,0.0,,False
63,MIX60->DILUTE,CaNa_exch,0.0,0.04671457138541141,0.04671457138541141,,False
63,MIX60->DILUTE,albite,0.0,0.0,0.0,,False
63,MIX60->DILUTE,pyrite_oxidation_aerobic,0.0,0.0,0.0,,False
63,DILUTE->DEEP,calcite,0.0,0.0,0.0,,False
63,DILUTE->DEEP,dolomite,0.0,0.0,0.0,,False
63,DILUTE->DEEP,halite,0.45,0.4558043708436908,0.005804370843690787,1.2898601874868416,False
63,DILUTE->DEEP,gypsum,0.05,0.0,0.05,-100.0,False
63,DILUTE->DEEP,CaNa_exch,-0.6,-0.6032260209485211,0.003226020948521091,0.5376701580868486,False
63,DILUTE->DEEP,albite,0.0,0.0,0.0,,False
63,DILUTE->DEEP,pyrite_oxidation_aerobic,0.0,0.031670042996448516,0.031670042996448516,,False
63,DEEP->DISCH,calcite,0.1,0.16270409585503692,0.06270409585503692,62.70409585503691,False
63,DEEP->DISCH,dolomite,0.05,0.005711602778657325,0.04428839722134268,-88.57679444268535,False
63,DEEP->DISCH,halite,0.0,0.0,0.0,,False
63,DEEP->DISCH,gypsum,0.0,0.0,0.0,,False
63,DEEP->DISCH,CaNa_exch,0.0,0.03702912800543471,0.03702912800543471,,False
63,DEEP->DISCH,albite,0.0,0.0,0.0,,False
63,DEEP->DISCH,pyrite_oxidation_aerobic,0.0,0.0,0.0,,False
64,RCH->SH15,calcite,0.2,0.0,0.2,-100.0,False
64,RCH->SH15,dolomite,0.0,0.0,0.0,,False
64,RCH->SH15,halite,0.0,0.0,0.0,,False
64,RCH->SH15,gypsum,0.0,0.0,0.0,,False
64,RCH->SH15,CaNa_exch,0.0,0.07371550542557094,0.07371550542557094,,True
64,RCH->SH15,albite,0.0,0.0,0.0,,False
64,RCH->SH15,pyrite_oxidation_aerobic,0.0,0.0,0.0,,False
64,RCH->SH30,calcite,0.25,0.0,0.25,-100.0,False
64,RCH->SH30,dolomite,0.0,0.0,0.0,,False
64,RCH->SH30,halite,0.0,0.0,0.0,,False
64,RCH->SH30,gypsum,0.05,0.0,0.05,-100.0,False
64,RCH->SH30,CaNa_exch,0.0,0.10109082826240126,0.10109082826240126,,True
64,RCH->SH30,albite,0.0,0.0,0.0,,False
64,RCH->SH30,pyrite_oxidation_aerobic,0.0,0.006749386044905564,0.006749386044905564,,False
64,SH15->INT1,calcite,2.5,2.7163987243589345,0.21639872435893448,8.65594897435738,False
64,SH15->INT1,dolomite,0.2,0.056872226058194204,0.1431277739418058,-71.5638869709029,False
64,SH15->INT1,halite,0.0,0.0,0.0,,False
64,SH15->INT1,gypsum,0.0,0.0,0.0,,False
64,SH15->INT1,CaNa_exch,0.0,-0.10937522671742232,0.10937522671742232,,True
64,SH15->INT1,albite,0.0,0.017513274087398945,0.017513274087398945,,False
64,SH15->INT1,pyrite_oxidation_aerobic,0.0,0.0033442206895870903,0.0033442206895870903,,False
64,INT1->INT2,calcite,0.0,0.996483806698541,0.996483806698541,,True
64,INT1->INT2,dolomite,0.8,0.19077860433669147,0.6092213956633086,-76.15267445791356,False
64,INT1->INT2,halite,1.2,1.190917355696332,0.009082644303668008,-0.7568870253056674,False
64,INT1->INT2,gypsum,0.3,0.34278673142696786,0.04278673142696787,14.262243808989291,False
64,INT1->INT2,CaNa_exch,0.0,-0.43084269430673566,0.43084269430673566,,True
64,INT1->INT2,albite,0.0,0.21695069932358557,0.21695069932358557,,True
64,INT1->INT2,pyrite_oxidation_aerobic,0.0,0.0,0.0,,False
64,INT2->MIX20,calcite,0.3,0.14964747723860639,0.1503525227613936,-50.1175075871312,False
64,INT2->MIX20,dolomite,0.0,0.0032711018016386537,0.0032711018016386537,,False
64,INT2->MIX20,halite,0.0,0.026905115578711277,0.026905115578711277,,False
64,INT2->MIX20,gypsum,0.0,0.07065436367770456,0.07065436367770456,,True
64,INT2->MIX20,CaNa_exch,-0.15,-0.07176584042466662,0.07823415957533338,-52.15610638355559,False
64,INT2->MIX20,albite,0.0,0.1293674569116026,0.1293674569116026,,True
64,INT2->MIX20,pyrite_oxidation_aerobic,0.0,0.0,0.0,,False
64,MIX20->MIX40,calcite,0.0,0.0,0.0,,False
64,MIX20->MIX40,dolomite,0.0,0.0,0.0,,False
64,MIX20->MIX40,halite,0.35,0.17531179700695187,0.1746882029930481,-49.910915140870884,False
64,MIX20->MIX40,gypsum,0.0,0.0,0.0,,False
64,MIX20->MIX40,CaNa_exch,-0.25,-0.22793589958893784,0.02206410041106216,-8.825640164424865,False
64,MIX20->MIX40,albite,0.0,0.0,0.0,,False
64,MIX20->MIX40,pyrite_oxidation_aerobic,0.0,0.0,0.0,,False
64,MIX40->MIX60,calcite,0.0,0.19388985076302834,0.19388985076302834,,True
64,MIX40->MIX60,dolomite,0.3,0.08510010434673423,0.21489989565326575,-71.63329855108859,False
64,MIX40->MIX60,halite,0.0,0.0,0.0,,False
64,MIX40->MIX60,gypsum,0.1,0.06540957431924176,0.03459042568075825,-34.590425680758244,False
64,MIX40->MIX60,CaNa_exch,-0.2,-0.22722718141544257,0.02722718141544256,13.61359070772128,False
64,MIX40->MIX60,albite,0.0,0.15241270506571641,0.15241270506571641,,True
64,MIX40->MIX60,pyrite_oxidation_aerobic,0.0,0.014796371867635938,0.014796371867635938,,False
64,MIX60->DILUTE,calcite,0.1,0.032210220165705135,0.06778977983429488,-67.78977983429488,False
64,MIX60->DILUTE,dolomite,0.0,0.0,0.0,,False
64,MIX60->DILUTE,halite,0.0,0.0,0.0,,False
64,MIX60->DILUTE,gypsum,0.0,0.07831446637213589,0.07831446637213589,,True
64,MIX60->DILUTE,CaNa_exch,0.0,0.03988351115027228,0.03988351115027228,,False
64,MIX60->DILUTE,albite,0.0,0.0,0.0,,False
64,MIX60->DILUTE,pyrite_oxidation_aerobic,0.0,0.0,0.0,,False
64,DILUTE->DEEP,calcite,0.0,0.0,0.0,,False
64,DILUTE->DEEP,dolomite,0.0,4.2131749812588924e-05,4.2131749812588924e-05,,False
64,DILUTE->DEEP,halite,0.45,0.0,0.45,-100.0,False
64,DILUTE->DEEP,gypsum,0.05,0.0,0.05,-100.0,False
64,DILUTE->DEEP,CaNa_exch,-0.6,-0.31481093229262835,0.2851890677073716,-47.53151128456194,False
64,DILUTE->DEEP,albite,0.0,0.4293098825418664,0.4293098825418664,,True
64,DILUTE->DEEP,pyrite_oxidation_aerobic,0.0,0.002220440787247163,0.002220440787247163,,False
64,DEEP->DISCH,calcite,0.1,0.022336479869299465,0.07766352013070055,-77.66352013070055,False
64,DEEP->DISCH,dolomite,0.05,0.033234874665073966,0.016765125334926037,-33.53025066985207,False
64,DEEP->DISCH,halite,0.0,0.02606285126279811,0.02606285126279811,,False
64,DEEP->DISCH,gypsum,0.0,0.0,0.0,,False
64,DEEP->DISCH,CaNa_exch,0.0,-0.038240806386776856,0.038240806386776856,,False
64,DEEP->DISCH,albite,0.0,0.0,0.0,,False
64,DEEP->DISCH,pyrite_oxidation_aerobic,0.0,0.0,0.0,,False
65,RCH->SH15,calcite,0.2,0.0,0.2,-100.0,False
65,RCH->SH15,dolomite,0.0,0.0,0.0,,False
65,RCH->SH15,halite,0.0,0.0,0.0,,False
65,RCH->SH15,gypsum,0.0,0.0,0.0,,False
65,RCH->SH15,CaNa_exch,0.0,0.013607730007491119,0.013607730007491119,,False
65,RCH->SH15,albite,0.0,0.0,0.0,,False
65,RCH->SH15,pyrite_oxidation_aerobic,0.0,0.0,0.0,,False
65,RCH->SH30,calcite,0.25,0.07239603230246813,0.17760396769753187,-71.04158707901274,False
65,RCH->SH30,dolomite,0.0,0.0,0.0,,False
65,RCH->SH30,halite,0.0,0.0,0.0,,False
65,RCH->SH30,gypsum,0.05,0.04153387266850252,0.008466127331497486,-16.93225466299497,False
65,RCH->SH30,CaNa_exch,0.0,0.11553231165528044,0.11553231165528044,,True
65,RCH->SH30,albite,0.0,0.0,0.0,,False
65,RCH->SH30,pyrite_oxidation_aerobic,0.0,0.0,0.0,,False
65,SH15->INT1,calcite,2.5,2.6339928260006418,0.13399282600064177,5.359713040025671,False
65,SH15->INT1,dolomite,0.2,0.0169399235457381,0.18306007645426192,-91.53003822713096,False
65,SH15->INT1,halite,0.0,0.02967942189245472,0.02967942189245472,,False
65,SH15->INT1,gypsum,0.0,0.08763324893052453,0.08763324893052453,,True
65,SH15->INT1,CaNa_exch,0.0,0.02407940731175594,0.02407940731175594,,False
65,SH15->INT1,albite,0.0,0.0,0.0,,False
65,SH15->INT1,pyrite_oxidation_aerobic,0.0,0.0,0.0,,False
65,INT1->INT2,calcite,0.0,0.9818071242596323,0.9818071242596323,,True
65,INT1->INT2,dolomite,0.8,0.16962370774107183,0.6303762922589282,-78.79703653236602,False
65,INT1->INT2,halite,1.2,1.2793775957058078,0.07937759570580782,6.614799642150652,False
65,INT1->INT2,gypsum,0.3,0.41048378186880563,0.11048378186880564,36.82792728960188,False
65,INT1->INT2,CaNa_exch,0.0,-0.4393539257268894,0.4393539257268894,,True
65,INT1->INT2,albite,0.0,0.2223220615287325,0.2223220615287325,,True
65,INT1->INT2,pyrite_oxidation_aerobic,0.0,0.0,0.0,,False
65,INT2->MIX20,calcite,0.3,0.0,0.3,-100.0,False
65,INT2->MIX20,dolomite,0.0,0.0,0.0,,False
65,INT2->MIX20,halite,0.0,0.0918154830343187,0.0918154830343187,,True
65,INT2->MIX20,gypsum,0.0,0.0,0.0,,False
65,INT2->MIX20,CaNa_exch,-0.15,-0.3273038608553982,0.1773038608553982,118.2025739035988,False
65,INT2->MIX20,albite,0.0,0.0,0.0,,False
65,INT2->MIX20,pyrite_oxidation_aerobic,0.0,0.009508030369135494,0.009508030369135494,,False
65,MIX20->MIX40,calcite,0.0,0.08334119480401389,0.08334119480401389,,True
65,MIX20->MIX40,dolomite,0.0,0.008329075174322378,0.008329075174322378,,False
65,MIX20->MIX40,halite,0.35,0.037291837548626576,0.3127081624513734,-89.34518927182097,False
65,MIX20->MIX40,gypsum,0.0,0.06251815106051965,0.06251815106051965,,True
65,MIX20->MIX40,CaNa_exch,-0.25,-0.17380749520878494,0.07619250479121506,-30.477001916486024,False
65,MIX20->MIX40,albite,0.0,0.3657787852848395,0.3657787852848395,,True
65,MIX20->MIX40,pyrite_oxidation_aerobic,0.0,0.0,0.0,,False
65,MIX40->MIX60,calcite,0.0,0.11916257323803106,0.11916257323803106,,True
65,MIX40->MIX60,dolomite,0.3,0.060557375927969566,0.23944262407203043,-79.81420802401014,False
65,MIX40->MIX60,halite,0.0,0.0,0.0,,False
65,MIX40->MIX60,gypsum,0.1,0.14301762474881338,0.04301762474881338,43.017624748813375,False
65,MIX40->MIX60,CaNa_exch,-0.2,-0.17011001642446563,0.02988998357553438,-14.94499178776719,False
65,MIX40->MIX60,albite,0.0,0.08125804472041223,0.08125804472041223,,True
65,MIX40->MIX60,pyrite_oxidation_aerobic,0.0,0.0,0.0,,False
65,MIX60->DILUTE,calcite,0.1,0.0,0.1,-100.0,False
65,MIX60->DILUTE,dolomite,0.0,0.0,0.0,,False
65,MIX60->DILUTE,halite,0.0,0.0,0.0,,False
65,MIX60->DILUTE,gypsum,0.0,0.0,0.0,,False
65,MIX60->DILUTE,CaNa_exch,0.0,0.021694411931361388,0.021694411931361388,,False
65,MIX60->DILUTE,albite,0.0,0.0,0.0,,False
65,MIX60->DILUTE,pyrite_oxidation_aerobic,0.0,0.0,0.0,,False
65,DILUTE->DEEP,calcite,0.0,0.0,0.0,,False
65,DILUTE->DEEP,dolomite,0.0,0.0,0.0,,False
65,DILUTE->DEEP,halite,0.45,0.4500832623507191,8.326235071909327e-05,0.01850274460424295,False
65,DILUTE->DEEP,gypsum,0.05,0.013568487381488284,0.03643151261851172,-72.86302523702344,False
65,DILUTE->DEEP,CaNa_exch,-0.6,-0.5715199413525766,0.028480058647423423,-4.746676441237238,False
65,DILUTE->DEEP,albite,0.0,0.0,0.0,,False
65,DILUTE->DEEP,pyrite_oxidation_aerobic,0.0,0.012617716354872917,0.012617716354872917,,False
65,DEEP->DISCH,calcite,0.1,0.0,0.1,-100.0,False
65,DEEP->DISCH,dolomite,0.05,0.012873709512770892,0.03712629048722911,-74.25258097445823,False
65,DEEP->DISCH,halite,0.0,0.0,0.0,,False
65,DEEP->DISCH,gypsum,0.0,0.0,0.0,,False
65,DEEP->DISCH,CaNa_exch,0.0,0.008399936243300052,0.008399936243300052,,False
65,DEEP->DISCH,albite,0.0,0.0,0.0,,False
65,DEEP->DISCH,pyrite_oxidation_aerobic,0.0,0.005526187779572516,0.005526187779572516,,False
66,RCH->SH15,calcite,0.2,0.2940398223572184,0.09403982235721842,47.019911178609206,False
66,RCH->SH15,dolomite,0.0,0.019791946655092485,0.019791946655092485,,False
66,RCH->SH15,halite,0.0,0.0,0.0,,False
66,RCH->SH15,gypsum,0.0,0.0318723820474048,0.0318723820474048,,False
66,RCH->SH15,CaNa_exch,0.0,-0.0343939553699291,0.0343939553699291,,False
66,RCH->SH15,albite,0.0,0.0,0.0,,False
66,RCH->SH15,pyrite_oxidation_aerobic,0.0,0.0,0.0,,False
66,RCH->SH30,calcite,0.25,0.5650271107312174,0.31502711073121736,126.01084429248695,False
66,RCH->SH30,dolomite,0.0,0.02596288530287189,0.02596288530287189,,False
66,RCH->SH30,halite,0.0,0.0,0.0,,False
66,RCH->SH30,gypsum,0.05,0.11858693141932806,0.06858693141932806,137.17386283865613,False
66,RCH->SH30,CaNa_exch,0.0,-0.07303642683697945,0.07303642683697945,,True
66,RCH->SH30,albite,0.0,0.00646466529909693,0.00646466529909693,,False
66,RCH->SH30,pyrite_oxidation_aerobic,0.0,0.0,0.0,,False
66,SH15->INT1,calcite,2.5,2.774136028105323,0.2741360281053229,10.965441124212916,False
66,SH15->INT1,dolomite,0.2,0.0576598353787767,0.14234016462122331,-71.17008231061166,False
66,SH15->INT1,halite,0.0,0.0,0.0,,False
66,SH15->INT1,gypsum,0.0,0.0031912264808029323,0.0031912264808029323,,False
66,SH15->INT1,CaNa_exch,0.0,-0.11076560365260583,0.11076560365260583,,True
66,SH15->INT1,albite,0.0,0.03065298472305785,0.03065298472305785,,False
66,SH15->INT1,pyrite_oxidation_aerobic,0.0,0.0,0.0,,False
66,INT1->INT2,calcite,0.0,1.1918809230592877,1.1918809230592877,,True
66,INT1->INT2,dolomite,0.8,0.19444376428077387,0.6055562357192261,-75.69452946490325,False
66,INT1->INT2,halite,1.2,1.2622399043153274,0.06223990431532744,5.186658692943954,False
66,INT1->INT2,gypsum,0.3,0.20877555750981752,0.09122444249018247,-30.408147496727494,False
66,INT1->INT2,CaNa_exch,0.0,-0.4447037733672218,0.4447037733672218,,True
66,INT1->INT2,albite,0.0,0.19546388541605325,0.19546388541605325,,True
66,INT1->INT2,pyrite_oxidation_aerobic,0.0,0.032750845194484186,0.032750845194484186,,False
66,INT2->MIX20,calcite,0.3,0.10704539031329917,0.1929546096867008,-64.31820322890027,False
66,INT2->MIX20,dolomite,0.0,0.0031029236900443373,0.0031029236900443373,,False
66,INT2->MIX20,halite,0.0,0.03241453955196282,0.03241453955196282,,False
66,INT2->MIX20,gypsum,0.0,0.014299744796323753,0.014299744796323753,,False
66,INT2->MIX20,CaNa_exch,-0.15,-0.07661274812747797,0.07338725187252203,-48.92483458168135,False
66,INT2->MIX20,albite,0.0,0.17041882762639438,0.17041882762639438,,True
66,INT2->MIX20,pyrite_oxidation_aerobic,0.0,0.00717693991297557,0.00717693991297557,,False
66,MIX20->MIX40,calcite,0.0,0.056996206319450814,0.056996206319450814,,True
66,MIX20->MIX40,dolomite,0.0,0.005178583656527969,0.005178583656527969,,False
66,MIX20->MIX40,halite,0.35,0.021817523512317548,0.32818247648768245,-93.76642185362356,False
66,MIX20->MIX40,gypsum,0.0,0.06530865626013822,0.06530865626013822,,True
66,MIX20->MIX40,CaNa_exch,-0.25,-0.13189666490194657,0.11810333509805343,-47.24133403922137,False
66,MIX20->MIX40,albite,0.0,0.2737836779957172,0.2737836779957172,,True
66,MIX20->MIX40,pyrite_oxidation_aerobic,0.0,0.0,0.0,,False
66,MIX40->MIX60,calcite,0.0,0.47932918262684576,0.47932918262684576,,True
66,MIX40->MIX60,dolomite,0.3,0.08266430785832941,0.2173356921416706,-72.4452307138902,False
66,MIX40->MIX60,halite,0.0,0.0,0.0,,False
66,MIX40->MIX60,gypsum,0.1,0.04922720558826281,0.050772794411737196,-50.772794411737195,False
66,MIX40->MIX60,CaNa_exch,-0.2,-0.19254323573787993,0.00745676426212008,-3.72838213106004,False
66,MIX40->MIX60,albite,0.0,0.08475514028373006,0.08475514028373006,,True
66,MIX40->MIX60,pyrite_oxidation_aerobic,0.0,0.012683808877771006,0.012683808877771006,,False
66,MIX60->DILUTE,calcite,0.1,0.0,0.1,-100.0,False
66,MIX60->DILUTE,dolomite,0.0,0.0,0.0,,False
66,MIX60->DILUTE,halite,0.0,0.0,0.0,,False
66,MIX60->DILUTE,gypsum,0.0,0.0,0.0,,False
66,MIX60->DILUTE,CaNa_exch,0.0,-0.07057338486711609,0.07057338486711609,,True
66,MIX60->DILUTE,albite,0.0,0.0,0.0,,False
66,MIX60->DILUTE,pyrite_oxidation_aerobic,0.0,0.0,0.0,,False
66,DILUTE->DEEP,calcite,0.0,0.0,0.0,,False
66,DILUTE->DEEP,dolomite,0.0,0.0,0.0,,False
66,DILUTE->DEEP,halite,0.45,0.5813957187186379,0.13139571871863792,29.19904860414176,False
66,DILUTE->DEEP,gypsum,0.05,0.012655439843839204,0.0373445601561608,-74.68912031232159,False
66,DILUTE->DEEP,CaNa_exch,-0.6,-0.6096518108317682,0.009651810831768248,1.6086351386280415,False
66,DILUTE->DEEP,albite,0.0,0.0,0.0,,False
66,DILUTE->DEEP,pyrite_oxidation_aerobic,0.0,0.0279213962986276,0.0279213962986276,,False
66,DEEP->DISCH,calcite,0.1,0.0,0.1,-100.0,False
66,DEEP->DISCH,dolomite,0.05,0.0,0.05,-100.0,False
66,DEEP->DISCH,halite,0.0,0.0,0.0,,False
66,DEEP->DISCH,gypsum,0.0,0.01864537638801536,0.01864537638801536,,False
66,DEEP->DISCH,CaNa_exch,0.0,0.18039763564031716,0.18039763564031716,,True
66,DEEP->DISCH,albite,0.0,0.0,0.0,,False
66,DEEP->DISCH,pyrite_oxidation_aerobic,0.0,0.0,0.0,,False
67,RCH->SH15,calcite,0.2,0.0,0.2,-100.0,False
67,RCH->SH15,dolomite,0.0,0.0,0.0,,False
67,RCH->SH15,halite,0.0,0.0,0.0,,False
67,RCH->SH15,gypsum,0.0,0.0,0.0,,False
67,RCH->SH15,CaNa_exch,0.0,0.08451900746841674,0.08451900746841674,,True
67,RCH->SH15,albite,0.0,0.0,0.0,,False
67,RCH->SH15,pyrite_oxidation_aerobic,0.0,0.0,0.0,,False
67,RCH->SH30,calcite,0.25,0.10186310795114509,0.1481368920488549,-59.25475681954197,False
67,RCH->SH30,dolomite,0.0,0.0,0.0,,False
67,RCH->SH30,halite,0.0,0.0,0.0,,False
67,RCH->SH30,gypsum,0.05,0.09000339284482736,0.04000339284482736,80.00678568965472,False
67,RCH->SH30,CaNa_exch,0.0,0.11843567452996127,0.11843567452996127,,True
67,RCH->SH30,albite,0.0,0.0,0.0,,False
67,RCH->SH30,pyrite_oxidation_aerobic,0.0,0.0,0.0,,False
67,SH15->INT1,calcite,2.5,2.547649470370405,0.04764947037040512,1.905978814816205,False
67,SH15->INT1,dolomite,0.2,0.06745491283047104,0.13254508716952895,-66.27254358476446,False
67,SH15->INT1,halite,0.0,0.0,0.0,,False
67,SH15->INT1,gypsum,0.0,0.0,0.0,,False
67,SH15->INT1,CaNa_exch,0.0,-0.13890669678787107,0.13890669678787107,,True
67,SH15->INT1,albite,0.0,0.0437198438189234,0.0437198438189234,,False
67,SH15->INT1,pyrite_oxidation_aerobic,0.0,0.0,0.0,,False
67,INT1->INT2,calcite,0.0,0.0,0.0,,False
67,INT1->INT2,dolomite,0.8,0.0,0.8,-100.0,False
67,INT1->INT2,halite,1.2,0.8344639216049778,0.3655360783950221,-30.461339866251844,False
67,INT1->INT2,gypsum,0.3,0.24317666114477063,0.05682333885522936,-18.94111295174312,False
67,INT1->INT2,CaNa_exch,0.0,-0.4582395245206794,0.4582395245206794,,True
67,INT1->INT2,albite,0.0,0.0,0.0,,False
67,INT1->INT2,pyrite_oxidation_aerobic,0.0,0.0,0.0,,False
67,INT2->MIX20,calcite,0.3,0.0,0.3,-100.0,False
67,INT2->MIX20,dolomite,0.0,0.0,0.0,,False
67,INT2->MIX20,halite,0.0,0.013698679642440833,0.013698679642440833,,False
67,INT2->MIX20,gypsum,0.0,0.0,0.0,,False
67,INT2->MIX20,CaNa_exch,-0.15,-0.1604491025753212,0.010449102575321195,6.966068383547463,False
67,INT2->MIX20,albite,0.0,0.0,0.0,,False
67,INT2->MIX20,pyrite_oxidation_aerobic,0.0,0.0021489553136170934,0.0021489553136170934,,False
67,MIX20->MIX40,calcite,0.0,0.190165537429269,0.190165537429269,,True
67,MIX20->MIX40,dolomite,0.0,0.019587768710799303,0.019587768710799303,,False
67,MIX20->MIX40,halite,0.35,0.13768979176733476,0.21231020823266522,-60.660059495047214,False
67,MIX20->MIX40,gypsum,0.0,0.0,0.0,,False
67,MIX20->MIX40,CaNa_exch,-0.25,-0.13084702692360828,0.11915297307639172,-47.66118923055669,False
67,MIX20->MIX40,albite,0.0,0.23897259360048406,0.23897259360048406,,True
67,MIX20->MIX40,pyrite_oxidation_aerobic,0.0,0.0,0.0,,False
67,MIX40->MIX60,calcite,0.0,0.27428768562029343,0.27428768562029343,,True
67,MIX40->MIX60,dolomite,0.3,0.09296404045350255,0.20703595954649745,-69.01198651549916,False
67,MIX40->MIX60,halite,0.0,0.0,0.0,,False
67,MIX40->MIX60,gypsum,0.1,0.05230730188127329,0.047692698118726715,-47.69269811872672,False
67,MIX40->MIX60,CaNa_exch,-0.2,-0.2591148210614624,0.059114821061462375,29.55741053073119,False
67,MIX40->MIX60,albite,0.0,0.2032952283414978,0.2032952283414978,,True
67,MIX40->MIX60,pyrite_oxidation_aerobic,0.0,0.012194582904381196,0.012194582904381196,,False
67,MIX60->DILUTE,calcite,0.1,0.0,0.1,-100.0,False
67,MIX60->DILUTE,dolomite,0.0,0.0,0.0,,False
67,MIX60->DILUTE,halite,0.0,0.0,0.0,,False
67,MIX60->DILUTE,gypsum,0.0,0.0,0.0,,False
67,MIX60->DILUTE,CaNa_exch,0.0,0.01852745989722393,0.01852745989722393,,False
67,MIX60->DILUTE,albite,0.0,0.0,0.0,,False
67,MIX60->DILUTE,pyrite_oxidation_aerobic,0.0,0.0016752476308649386,0.0016752476308649386,,False
67,DILUTE->DEEP,calcite,0.0,0.0,0.0,,False
67,DILUTE->DEEP,dolomite,0.0,0.0,0.0,,False
67,DILUTE->DEEP,halite,0.45,0.3403079727434282,0.10969202725657179,-24.376006057015953,False
67,DILUTE->DEEP,gypsum,0.05,0.1173774139671623,0.06737741396716229,134.75482793432457,False
67,DILUTE->DEEP,CaNa_exch,-0.6,-0.5525580767229588,0.04744192327704122,-7.906987212840203,False
67,DILUTE->DEEP,albite,0.0,0.0,0.0,,False
67,DILUTE->DEEP,pyrite_oxidation_aerobic,0.0,0.0,0.0,,False
67,DEEP->DISCH,calcite,0.1,0.0,0.1,-100.0,False
67,DEEP->DISCH,dolomite,0.05,0.0,0.05,-100.0,False
67,DEEP->DISCH,halite,0.0,0.11079124013353,0.11079124013353,,True
67,DEEP->DISCH,gypsum,0.0,0.00025773429833572306,0.00025773429833572306,,False
67,DEEP->DISCH,CaNa_exch,0.0,-0.05032633612227749,0.05032633612227749,,True
67,DEEP->DISCH,albite,0.0,0.0,0.0,,False
67,DEEP->DISCH,pyrite_oxidation_aerobic,0.0,0.020781074417378326,0.020781074417378326,,False
68,RCH->SH15,calcite,0.2,0.308694847705121,0.108694847705121,54.347423852560496,False
68,RCH->SH15,dolomite,0.0,0.023052880085643494,0.023052880085643494,,False
68,RCH->SH15,halite,0.0,0.0,0.0,,False
68,RCH->SH15,gypsum,0.0,0.024983299484129598,0.024983299484129598,,False
68,RCH->SH15,CaNa_exch,0.0,-0.03508926055095641,0.03508926055095641,,False
68,RCH->SH15,albite,0.0,0.0,0.0,,False
68,RCH->SH15,pyrite_oxidation_aerobic,0.0,0.0,0.0,,False
68,RCH->SH30,calcite,0.25,0.0,0.25,-100.0,False
68,RCH->SH30,dolomite,0.0,0.0,0.0,,False
68,RCH->SH30,halite,0.0,0.0,0.0,,False
68,RCH->SH30,gypsum,0.05,0.0,0.05,-100.0,False
68,RCH->SH30,CaNa_exch,0.0,0.09482308468831105,0.09482308468831105,,True
68,RCH->SH30,albite,0.0,0.0,0.0,,False
68,RCH->SH30,pyrite_oxidation_aerobic,0.0,0.00911060334498776,0.00911060334498776,,False
68,SH15->INT1,calcite,2.5,2.5207411548471215,0.020741154847121468,0.8296461938848587,False
68,SH15->INT1,dolomite,0.2,0.06189357267831392,0.1381064273216861,-69.05321366084304,False
68,SH15->INT1,halite,0.0,0.015406259593648611,0.015406259593648611,,False
68,SH15->INT1,gypsum,0.0,0.0,0.0,,False
68,SH15->INT1,CaNa_exch,0.0,-0.12312574838941619,0.12312574838941619,,True
68,SH15->INT1,albite,0.0,0.02929350220597663,0.02929350220597663,,False
68,SH15->INT1,pyrite_oxidation_aerobic,0.0,0.0033828642940719866,0.0033828642940719866,,False
68,INT1->INT2,calcite,0.0,0.0,0.0,,False
68,INT1->INT2,dolomite,0.8,0.0,0.8,-100.0,False
68,INT1->INT2,halite,1.2,0.8858523587808047,0.31414764121919525,-26.178970101599607,False
68,INT1->INT2,gypsum,0.3,0.0,0.3,-100.0,False
68,INT1->INT2,CaNa_exch,0.0,-0.4369558410461824,0.4369558410461824,,True
68,INT1->INT2,albite,0.0,0.0,0.0,,False
68,INT1->INT2,pyrite_oxidation_aerobic,0.0,0.06241151075105706,0.06241151075105706,,True
68,INT2->MIX20,calcite,0.3,0.0,0.3,-100.0,False
68,INT2->MIX20,dolomite,0.0,0.006452735499779417,0.006452735499779417,,False
68,INT2->MIX20,halite,0.0,0.0,0.0,,False
68,INT2->MIX20,gypsum,0.0,0.007901365383425738,0.007901365383425738,,False
68,INT2->MIX20,CaNa_exch,-0.15,-0.06265553825064468,0.08734446174935531,-58.229641166236874,False
68,INT2->MIX20,albite,0.0,0.04813346421217397,0.04813346421217397,,False
68,INT2->MIX20,pyrite_oxidation_aerobic,0.0,0.009365524030292624,0.009365524030292624,,False
68,MIX20->MIX40,calcite,0.0,0.1373634394003558,0.1373634394003558,,True
68,MIX20->MIX40,dolomite,0.0,0.0032465539250649284,0.0032465539250649284,,False
68,MIX20->MIX40,halite,0.35,0.03365296963449803,0.31634703036550194,-90.38486581871484,False
68,MIX20->MIX40,gypsum,0.0,0.1008506260700634,0.1008506260700634,,True
68,MIX20->MIX40,CaNa_exch,-0.25,-0.16807004239866985,0.08192995760133015,-32.771983040532064,False
68,MIX20->MIX40,albite,0.0,0.35514026667899773,0.35514026667899773,,True
68,MIX20->MIX40,pyrite_oxidation_aerobic,0.0,0.0,0.0,,False
68,MIX40->MIX60,calcite,0.0,0.27135705492120743,0.27135705492120743,,True
68,MIX40->MIX60,dolomite,0.3,0.09215535434002739,0.2078446456599726,-69.28154855332421,False
68,MIX40->MIX60,halite,0.0,0.0,0.0,,False
68,MIX40->MIX60,gypsum,0.1,0.04697646646499199,0.053023533535008015,-53.023533535008006,False
68,MIX40->MIX60,CaNa_exch,-0.2,-0.20555412768360534,0.005554127683605331,2.7770638418026654,False
68,MIX40->MIX60,albite,0.0,0.0756980171934083,0.0756980171934083,,True
68,MIX40->MIX60,pyrite_oxidation_aerobic,0.0,0.017346240977251313,0.017346240977251313,,False
68,MIX60->DILUTE,calcite,0.1,0.0,0.1,-100.0,False
68,MIX60->DILUTE,dolomite,0.0,0.0,0.0,,False
68,MIX60->DILUTE,halite,0.0,0.0,0.0,,False
68,MIX60->DILUTE,gypsum,0.0,0.0,0.0,,False
68,MIX60->DILUTE,CaNa_exch,0.0,0.014681900821932967,0.014681900821932967,,False
68,MIX60->DILUTE,albite,0.0,0.0,0.0,,False
68,MIX60->DILUTE,pyrite_oxidation_aerobic,0.0,0.0,0.0,,False
68,DILUTE->DEEP,calcite,0.0,0.0,0.0,,False
68,DILUTE->DEEP,dolomite,0.0,0.0,0.0,,False
68,DILUTE->DEEP,halite,0.45,0.0,0.45,-100.0,False
68,DILUTE->DEEP,gypsum,0.05,0.003532846465108436,0.046467153534891566,-92.93430706978313,False
68,DILUTE->DEEP,CaNa_exch,-0.6,-0.36163742969721846,0.23836257030278152,-39.72709505046359,False
68,DILUTE->DEEP,albite,0.0,0.46836772391273007,0.46836772391273007,,True
68,DILUTE->DEEP,pyrite_oxidation_aerobic,0.0,0.013189302258430268,0.013189302258430268,,False
68,DEEP->DISCH,calcite,0.1,0.0,0.1,-100.0,False
68,DEEP->DISCH,dolomite,0.05,0.0,0.05,-100.0,False
68,DEEP->DISCH,halite,0.0,0.05478233471185899,0.05478233471185899,,True
68,DEEP->DISCH,gypsum,0.0,0.043936683895881734,0.043936683895881734,,False
68,DEEP->DISCH,CaNa_exch,0.0,0.07452583426686393,0.07452583426686393,,True
68,DEEP->DISCH,albite,0.0,0.0,0.0,,False
68,DEEP->DISCH,pyrite_oxidation_aerobic,0.0,0.0,0.0,,False
69,RCH->SH15,calcite,0.2,0.02726916081940293,0.1727308391805971,-86.36541959029853,False
69,RCH->SH15,dolomite,0.0,0.0,0.0,,False
69,RCH->SH15,halite,0.0,0.0,0.0,,False
69,RCH->SH15,gypsum,0.0,0.0,0.0,,False
69,RCH->SH15,CaNa_exch,0.0,0.08841872737514926,0.08841872737514926,,True
69,RCH->SH15,albite,0.0,0.0,0.0,,False
69,RCH->SH15,pyrite_oxidation_aerobic,0.0,0.0,0.0,,False
69,RCH->SH30,calcite,0.25,0.0,0.25,-100.0,False
69,RCH->SH30,dolomite,0.0,0.0,0.0,,False
69,RCH->SH30,halite,0.0,0.02645832648664363,0.02645832648664363,,False
69,RCH->SH30,gypsum,0.05,0.02483881261573444,0.025161187384265562,-50.32237476853112,False
69,RCH->SH30,CaNa_exch,0.0,0.13663263099468492,0.13663263099468492,,True
69,RCH->SH30,albite,0.0,0.0,0.0,,False
69,RCH->SH30,pyrite_oxidation_aerobic,0.0,0.0,0.0,,False
69,SH15->INT1,calcite,2.5,2.8088939794049286,0.3088939794049286,12.355759176197143,False
69,SH15->INT1,dolomite,0.2,0.06072419572697051,0.1392758042730295,-69.63790213651474,False
69,SH15->INT1,halite,0.0,0.0,0.0,,False
69,SH15->INT1,gypsum,0.0,0.0,0.0,,False
69,SH15->INT1,CaNa_exch,0.0,-0.12555347910724887,0.12555347910724887,,True
69,SH15->INT1,albite,0.0,0.04062504585680442,0.04062504585680442,,False
69,SH15->INT1,pyrite_oxidation_aerobic,0.0,0.0,0.0,,False
69,INT1->INT2,calcite,0.0,1.1006342434066747,1.1006342434066747,,True
69,INT1->INT2,dolomite,0.8,0.18828743422805616,0.6117125657719439,-76.46407072149299,False
69,INT1->INT2,halite,1.2,0.6056829924440333,0.5943170075559666,-49.52641729633055,False
69,INT1->INT2,gypsum,0.3,0.17215136516494106,0.12784863483505893,-42.61621161168631,False
69,INT1->INT2,CaNa_exch,0.0,-0.42196736098477244,0.42196736098477244,,True
69,INT1->INT2,albite,0.0,0.19418686637179244,0.19418686637179244,,True
69,INT1->INT2,pyrite_oxidation_aerobic,0.0,0.024569583344864327,0.024569583344864327,,False
69,INT2->MIX20,calcite,0.3,0.20265647429892855,0.09734352570107144,-32.44784190035715,False
69,INT2->MIX20,dolomite,0.0,0.004133383835574678,0.004133383835574678,,False
69,INT2->MIX20,halite,0.0,0.09425156657531697,0.09425156657531697,,True
69,INT2->MIX20,gypsum,0.0,0.0,0.0,,False
69,INT2->MIX20,CaNa_exch,-0.15,-0.09598116631342885,0.05401883368657115,-36.01255579104744,False
69,INT2->MIX20,albite,0.0,0.22135267623992172,0.22135267623992172,,True
69,INT2->MIX20,pyrite_oxidation_aerobic,0.0,0.005278330937955328,0.005278330937955328,,False
69,MIX20->MIX40,calcite,0.0,0.10490110132801193,0.10490110132801193,,True
69,MIX20->MIX40,dolomite,0.0,0.003362198989529101,0.003362198989529101,,False
69,MIX20->MIX40,halite,0.35,0.05176100431134883,0.29823899568865114,-85.2111416253289,False
69,MIX20->MIX40,gypsum,0.0,0.11303692404220579,0.11303692404220579,,True
69,MIX20->MIX40,CaNa_exch,-0.25,-0.1378277126190455,0.1121722873809545,-44.8689149523818,False
69,MIX20->MIX40,albite,0.0,0.27292089891018706,0.27292089891018706,,True
69,MIX20->MIX40,pyrite_oxidation_aerobic,0.0,0.0,0.0,,False
69,MIX40->MIX60,calcite,0.0,0.37931455984958856,0.37931455984958856,,True
69,MIX40->MIX60,dolomite,0.3,0.10910097883701239,0.1908990211629876,-63.6330070543292,False
69,MIX40->MIX60,halite,0.0,0.0,0.0,,False
69,MIX40->MIX60,gypsum,0.1,0.05232435939431536,0.04767564060568465,-47.67564060568465,False
69,MIX40->MIX60,CaNa_exch,-0.2,-0.24571027183260105,0.04571027183260104,22.85513591630052,False
69,MIX40->MIX60,albite,0.0,0.09715912954453998,0.09715912954453998,,True
69,MIX40->MIX60,pyrite_oxidation_aerobic,0.0,0.01766002200309338,0.01766002200309338,,False
69,MIX60->DILUTE,calcite,0.1,0.0,0.1,-100.0,False
69,MIX60->DILUTE,dolomite,0.0,0.0,0.0,,False
69,MIX60->DILUTE,halite,0.0,0.041636446686685424,0.041636446686685424,,False
69,MIX60->DILUTE,gypsum,0.0,0.07009501833885504,0.07009501833885504,,True
69,MIX60->DILUTE,CaNa_exch,0.0,-0.008445816525514963,0.008445816525514963,,False
69,MIX60->DILUTE,albite,0.0,0.0,0.0,,False
69,MIX60->DILUTE,pyrite_oxidation_aerobic,0.0,0.0,0.0,,False
69,DILUTE->DEEP,calcite,0.0,0.0,0.0,,False
69,DILUTE->DEEP,dolomite,0.0,0.0,0.0,,False
69,DILUTE->DEEP,halite,0.45,0.46458697273084787,0.014586972730847858,3.2415494957439686,False
69,DILUTE->DEEP,gypsum,0.05,0.010040276162101508,0.039959723837898496,-79.91944767579699,False
69,DILUTE->DEEP,CaNa_exch,-0.6,-0.4881095257994478,0.1118904742005522,-18.648412366758702,False
69,DILUTE->DEEP,albite,0.0,0.22130409584847469,0.22130409584847469,,True
69,DILUTE->DEEP,pyrite_oxidation_aerobic,0.0,0.017924293774997917,0.017924293774997917,,False
69,DEEP->DISCH,calcite,0.1,0.0,0.1,-100.0,False
69,DEEP->DISCH,dolomite,0.05,0.0,0.05,-100.0,False
69,DEEP->DISCH,halite,0.0,0.0,0.0,,False
69,DEEP->DISCH,gypsum,0.0,0.0,0.0,,False
69,DEEP->DISCH,CaNa_exch,0.0,0.033284014693335556,0.033284014693335556,,False
69,DEEP->DISCH,albite,0.0,0.0,0.0,,False
69,DEEP->DISCH,pyrite_oxidation_aerobic,0.0,0.0,0.0,,False
70,RCH->SH15,calcite,0.2,0.05680618791235542,0.1431938120876446,-71.59690604382229,False
70,RCH->SH15,dolomite,0.0,0.0,0.0,,False
70,RCH->SH15,halite,0.0,0.0,0.0,,False
70,RCH->SH15,gypsum,0.0,0.0,0.0,,False
70,RCH->SH15,CaNa_exch,0.0,0.058645415295800245,0.058645415295800245,,True
70,RCH->SH15,albite,0.0,0.0,0.0,,False
70,RCH->SH15,pyrite_oxidation_aerobic,0.0,0.0,0.0,,False
70,RCH->SH30,calcite,0.25,0.5965083041620474,0.34650830416204736,138.60332166481894,False
70,RCH->SH30,dolomite,0.0,0.01708055758031265,0.01708055758031265,,False
70,RCH->SH30,halite,0.0,0.0,0.0,,False
70,RCH->SH30,gypsum,0.05,0.17741205737874075,0.12741205737874073,254.82411475748142,False
70,RCH->SH30,CaNa_exch,0.0,-0.06680054706165763,0.06680054706165763,,True
70,RCH->SH30,albite,0.0,0.001432880426084125,0.001432880426084125,,False
70,RCH->SH30,pyrite_oxidation_aerobic,0.0,0.0,0.0,,False
70,SH15->INT1,calcite,2.5,2.6609892079294903,0.16098920792949034,6.439568317179614,False
70,SH15->INT1,dolomite,0.2,0.027019901912733874,0.17298009808726614,-86.49004904363306,False
70,SH15->INT1,halite,0.0,0.11868351690910577,0.11868351690910577,,True
70,SH15->INT1,gypsum,0.0,0.10962910156096532,0.10962910156096532,,True
70,SH15->INT1,CaNa_exch,0.0,1.2767088778442915e-05,1.2767088778442915e-05,,False
70,SH15->INT1,albite,0.0,0.0,0.0,,False
70,SH15->INT1,pyrite_oxidation_aerobic,0.0,0.0,0.0,,False
70,INT1->INT2,calcite,0.0,1.3558073653336076,1.3558073653336076,,True
70,INT1->INT2,dolomite,0.8,0.2003424016723864,0.5996575983276137,-74.9571997909517,False
70,INT1->INT2,halite,1.2,1.2110457394858907,0.011045739485890715,0.920478290490893,False
70,INT1->INT2,gypsum,0.3,0.2724125781345402,0.027587421865459816,-9.195807288486606,False
70,INT1->INT2,CaNa_exch,0.0,-0.5141881822374346,0.5141881822374346,,True
70,INT1->INT2,albite,0.0,0.2525073181184254,0.2525073181184254,,True
70,INT1->INT2,pyrite_oxidation_aerobic,0.0,0.0236070588791295,0.0236070588791295,,False
70,INT2->MIX20,calcite,0.3,0.0,0.3,-100.0,False
70,INT2->MIX20,dolomite,0.0,0.0,0.0,,False
70,INT2->MIX20,halite,0.0,0.0,0.0,,False
70,INT2->MIX20,gypsum,0.0,0.0,0.0,,False
70,INT2->MIX20,CaNa_exch,-0.15,-0.14053581679807203,0.009464183201927961,-6.309455467951975,False
70,INT2->MIX20,albite,0.0,0.0,0.0,,False
70,INT2->MIX20,pyrite_oxidation_aerobic,0.0,0.0,0.0,,False
70,MIX20->MIX40,calcite,0.0,0.03377109149059491,0.03377109149059491,,False
70,MIX20->MIX40,dolomite,0.0,0.026880895575430695,0.026880895575430695,,False
70,MIX20->MIX40,halite,0.35,0.29265170245036104,0.05734829754963894,-16.385227871325412,False
70,MIX20->MIX40,gypsum,0.0,0.0,0.0,,False
70,MIX20->MIX40,CaNa_exch,-0.25,-0.11013744167208794,0.13986255832791206,-55.94502333116482,False
70,MIX20->MIX40,albite,0.0,0.15437955951931745,0.15437955951931745,,True
70,MIX20->MIX40,pyrite_oxidation_aerobic,0.0,0.0007974064074460946,0.0007974064074460946,,False
70,MIX40->MIX60,calcite,0.0,0.07554682757354036,0.07554682757354036,,True
70,MIX40->MIX60,dolomite,0.3,0.08266563298091809,0.2173343670190819,-72.44478900636064,False
70,MIX40->MIX60,halite,0.0,0.0,0.0,,False
70,MIX40->MIX60,gypsum,0.1,0.16280362264734333,0.06280362264734332,62.803622647343325,False
70,MIX40->MIX60,CaNa_exch,-0.2,-0.25155754397058777,0.05155754397058776,25.77877198529388,False
70,MIX40->MIX60,albite,0.0,0.1754966959154607,0.1754966959154607,,True
70,MIX40->MIX60,pyrite_oxidation_aerobic,0.0,0.0,0.0,,False
70,MIX60->DILUTE,calcite,0.1,0.0,0.1,-100.0,False
70,MIX60->DILUTE,dolomite,0.0,0.0,0.0,,False
70,MIX60->DILUTE,halite,0.0,0.0,0.0,,False
70,MIX60->DILUTE,gypsum,0.0,0.0,0.0,,False
70,MIX60->DILUTE,CaNa_exch,0.0,0.03363434570425438,0.03363434570425438,,False
70,MIX60->DILUTE,albite,0.0,0.0,0.0,,False
70,MIX60->DILUTE,pyrite_oxidation_aerobic,0.0,0.0,0.0,,False
70,DILUTE->DEEP,calcite,0.0,0.007958216019587678,0.007958216019587678,,False
70,DILUTE->DEEP,dolomite,0.0,0.003191352317984081,0.003191352317984081,,False
70,DILUTE->DEEP,halite,0.45,0.0,0.45,-100.0,False
70,DILUTE->DEEP,gypsum,0.05,0.07427521687421595,0.024275216874215952,48.5504337484319,False
70,DILUTE->DEEP,CaNa_exch,-0.6,-0.34684175663641303,0.25315824336358694,-42.19304056059783,False
70,DILUTE->DEEP,albite,0.0,0.10755639786717416,0.10755639786717416,,True
70,DILUTE->DEEP,pyrite_oxidation_aerobic,0.0,0.0,0.0,,False
70,DEEP->DISCH,calcite,0.1,0.0037686234016029653,0.09623137659839703,-96.23137659839702,False
70,DEEP->DISCH,dolomite,0.05,0.04334530823006806,0.006654691769931942,-13.309383539863884,False
70,DEEP->DISCH,halite,0.0,0.0,0.0,,False
70,DEEP->DISCH,gypsum,0.0,0.0,0.0,,False
70,DEEP->DISCH,CaNa_exch,0.0,-0.05377565124095668,0.05377565124095668,,True
70,DEEP->DISCH,albite,0.0,0.006101948310767539,0.006101948310767539,,False
70,DEEP->DISCH,pyrite_oxidation_aerobic,0.0,0.0035476930707422504,0.0035476930707422504,,False
71,RCH->SH15,calcite,0.2,0.3531945424014798,0.15319454240147978,76.59727120073988,False
71,RCH->SH15,dolomite,0.0,0.024336163187577423,0.024336163187577423,,False
71,RCH->SH15,halite,0.0,0.0,0.0,,False
71,RCH->SH15,gypsum,0.0,0.020472995940582196,0.020472995940582196,,False
71,RCH->SH15,CaNa_exch,0.0,-0.0407293944281138,0.0407293944281138,,False
71,RCH->SH15,albite,0.0,0.0,0.0,,False
71,RCH->SH15,pyrite_oxidation_aerobic,0.0,0.0,0.0,,False
71,RCH->SH30,calcite,0.25,0.6220752495247699,0.3720752495247699,148.83009980990795,False
71,RCH->SH30,dolomite,0.0,0.020876554353187866,0.020876554353187866,,False
71,RCH->SH30,halite,0.0,0.0,0.0,,False
71,RCH->SH30,gypsum,0.05,0.1557922265549208,0.1057922265549208,211.58445310984158,False
71,RCH->SH30,CaNa_exch,0.0,-0.050661323553791715,0.050661323553791715,,True
71,RCH->SH30,albite,0.0,0.0,0.0,,False
71,RCH->SH30,pyrite_oxidation_aerobic,0.0,0.0,0.0,,False
71,SH15->INT1,calcite,2.5,2.7202212005975355,0.22022120059753547,8.808848023901419,False
71,SH15->INT1,dolomite,0.2,0.014779431138375005,0.185220568861625,-92.61028443081248,False
71,SH15->INT1,halite,0.0,0.034732494807018593,0.034732494807018593,,False
71,SH15->INT1,gypsum,0.0,0.08802092995030493,0.08802092995030493,,True
71,SH15->INT1,CaNa_exch,0.0,0.025490668250948718,0.025490668250948718,,False
71,SH15->INT1,albite,0.0,0.0,0.0,,False
71,SH15->INT1,pyrite_oxidation_aerobic,0.0,0.0,0.0,,False
71,INT1->INT2,calcite,0.0,1.2906329241510823,1.2906329241510823,,True
71,INT1->INT2,dolomite,0.8,0.17186096827273764,0.6281390317272624,-78.5173789659078,False
71,INT1->INT2,halite,1.2,0.5322578512364863,0.6677421487635137,-55.64517906362614,False
71,INT1->INT2,gypsum,0.3,0.21319953194716953,0.08680046805283045,-28.933489350943482,False
71,INT1->INT2,CaNa_exch,0.0,-0.4268591966145106,0.4268591966145106,,True
71,INT1->INT2,albite,0.0,0.218251080561026,0.218251080561026,,True
71,INT1->INT2,pyrite_oxidation_aerobic,0.0,0.0,0.0,,False
71,INT2->MIX20,calcite,0.3,0.0,0.3,-100.0,False
71,INT2->MIX20,dolomite,0.0,0.0,0.0,,False
71,INT2->MIX20,halite,0.0,0.47011207303930097,0.47011207303930097,,True
71,INT2->MIX20,gypsum,0.0,0.0,0.0,,False
71,INT2->MIX20,CaNa_exch,-0.15,-0.3068392331016784,0.15683923310167838,104.55948873445226,False
71,INT2->MIX20,albite,0.0,0.0,0.0,,False
71,INT2->MIX20,pyrite_oxidation_aerobic,0.0,0.03192076871638632,0.03192076871638632,,False
71,MIX20->MIX40,calcite,0.0,0.12352010065789024,0.12352010065789024,,True
71,MIX20->MIX40,dolomite,0.0,0.007628692246731482,0.007628692246731482,,False
71,MIX20->MIX40,halite,0.35,0.043587844829688305,0.3064121551703117,-87.54633004866048,False
71,MIX20->MIX40,gypsum,0.0,0.01913878863483799,0.01913878863483799,,False
71,MIX20->MIX40,CaNa_exch,-0.25,-0.15289997541056033,0.09710002458943967,-38.84000983577587,False
71,MIX20->MIX40,albite,0.0,0.33835139608500897,0.33835139608500897,,True
71,MIX20->MIX40,pyrite_oxidation_aerobic,0.0,0.0,0.0,,False
71,MIX40->MIX60,calcite,0.0,0.2499441366739835,0.2499441366739835,,True
71,MIX40->MIX60,dolomite,0.3,0.07905983956795361,0.2209401604320464,-73.64672014401548,False
71,MIX40->MIX60,halite,0.0,0.0,0.0,,False
71,MIX40->MIX60,gypsum,0.1,0.1382878999474323,0.038287899947432286,38.28789994743229,False
71,MIX40->MIX60,CaNa_exch,-0.2,-0.25023554396615266,0.05023554396615265,25.117771983076324,False
71,MIX40->MIX60,albite,0.0,0.20067563752613843,0.20067563752613843,,True
71,MIX40->MIX60,pyrite_oxidation_aerobic,0.0,0.0,0.0,,False
71,MIX60->DILUTE,calcite,0.1,0.011599888735886792,0.08840011126411321,-88.4001112641132,False
71,MIX60->DILUTE,dolomite,0.0,0.0,0.0,,False
71,MIX60->DILUTE,halite,0.0,0.08933339145436188,0.08933339145436188,,True
71,MIX60->DILUTE,gypsum,0.0,0.04887555993714249,0.04887555993714249,,False
71,MIX60->DILUTE,CaNa_exch,0.0,0.13248833641243066,0.13248833641243066,,True
71,MIX60->DILUTE,albite,0.0,0.0,0.0,,False
71,MIX60->DILUTE,pyrite_oxidation_aerobic,0.0,0.0,0.0,,False
71,DILUTE->DEEP,calcite,0.0,0.0,0.0,,False
71,DILUTE->DEEP,dolomite,0.0,0.0,0.0,,False
71,DILUTE->DEEP,halite,0.45,0.0,0.45,-100.0,False
71,DILUTE->DEEP,gypsum,0.05,0.0,0.05,-100.0,False
71,DILUTE->DEEP,CaNa_exch,-0.6,-0.5057070463410746,0.09429295365892543,-15.715492276487572,False
71,DILUTE->DEEP,albite,0.0,0.0,0.0,,False
71,DILUTE->DEEP,pyrite_oxidation_aerobic,0.0,0.005417422847034351,0.005417422847034351,,False
71,DEEP->DISCH,calcite,0.1,0.11467057780231554,0.014670577802315538,14.670577802315536,False
71,DEEP->DISCH,dolomite,0.05,0.03684270526304196,0.013157294736958043,-26.314589473916083,False
71,DEEP->DISCH,halite,0.0,0.17132552640221982,0.17132552640221982,,True
71,DEEP->DISCH,gypsum,0.0,0.0004724009342029484,0.0004724009342029484,,False
71,DEEP->DISCH,CaNa_exch,0.0,-0.07397320072305774,0.07397320072305774,,True
71,DEEP->DISCH,albite,0.0,0.018904637290755304,0.018904637290755304,,False
71,DEEP->DISCH,pyrite_oxidation_aerobic,0.0,0.00855501294239701,0.00855501294239701,,False
72,RCH->SH15,calcite,0.2,0.31610028052545913,0.11610028052545912,58.050140262729556,False
72,RCH->SH15,dolomite,0.0,0.029368233177018723,0.029368233177018723,,False
72,RCH->SH15,halite,0.0,0.0,0.0,,False
72,RCH->SH15,gypsum,0.0,0.0,0.0,,False
72,RCH->SH15,CaNa_exch,0.0,-0.059958938869577795,0.059958938869577795,,True
72,RCH->SH15,albite,0.0,0.0177403230105369,0.0177403230105369,,False
72,RCH->SH15,pyrite_oxidation_aerobic,0.0,0.00723812746730313,0.00723812746730313,,False
72,RCH->SH30,calcite,0.25,0.6282903725662362,0.3782903725662362,151.3161490264945,False
72,RCH->SH30,dolomite,0.0,0.038613778339031284,0.038613778339031284,,False
72,RCH->SH30,halite,0.0,0.0,0.0,,False
72,RCH->SH30,gypsum,0.05,0.08322251062443313,0.03322251062443313,66.44502124886625,False
72,RCH->SH30,CaNa_exch,0.0,-0.10965642760910725,0.10965642760910725,,True
72,RCH->SH30,albite,0.0,0.0587678590037376,0.0587678590037376,,True
72,RCH->SH30,pyrite_oxidation_aerobic,0.0,0.009443283891463825,0.009443283891463825,,False
72,SH15->INT1,calcite,2.5,2.810848686017243,0.310848686017243,12.433947440689721,False
72,SH15->INT1,dolomite,0.2,0.031873306900495786,0.16812669309950423,-84.06334654975211,False
72,SH15->INT1,halite,0.0,0.07454363885016951,0.07454363885016951,,True
72,SH15->INT1,gypsum,0.0,0.08935057374623977,0.08935057374623977,,True
72,SH15->INT1,CaNa_exch,0.0,-0.033854209034298456,0.033854209034298456,,False
72,SH15->INT1,albite,0.0,0.0,0.0,,False
72,SH15->INT1,pyrite_oxidation_aerobic,0.0,0.0,0.0,,False
72,INT1->INT2,calcite,0.0,0.9766232553433839,0.9766232553433839,,True
72,INT1->INT2,dolomite,0.8,0.18764957813882222,0.6123504218611778,-76.54380273264722,False
72,INT1->INT2,halite,1.2,1.1944312780606146,0.0055687219393854015,-0.46406016161545016,False
72,INT1->INT2,gypsum,0.3,0.22376165987507912,0.07623834012492087,-25.41278004164029,False
72,INT1->INT2,CaNa_exch,0.0,-0.45522787934191494,0.45522787934191494,,True
72,INT1->INT2,albite,0.0,0.2187343662578631,0.2187343662578631,,True
72,INT1->INT2,pyrite_oxidation_aerobic,0.0,0.02213487230006044,0.02213487230006044,,False
72,INT2->MIX20,calcite,0.3,0.12331726827934224,0.17668273172065774,-58.89424390688592,False
72,INT2->MIX20,dolomite,0.0,0.003371358472963038,0.003371358472963038,,False
72,INT2->MIX20,halite,0.0,0.047367179339719255,0.047367179339719255,,False
72,INT2->MIX20,gypsum,0.0,0.035756965972636355,0.035756965972636355,,False
72,INT2->MIX20,CaNa_exch,-0.15,-0.06659754353301943,0.08340245646698057,-55.601637644653714,False
72,INT2->MIX20,albite,0.0,0.1334442555871748,0.1334442555871748,,True
72,INT2->MIX20,pyrite_oxidation_aerobic,0.0,0.0,0.0,,False
72,MIX20->MIX40,calcite,0.0,0.0,0.0,,False
72,MIX20->MIX40,dolomite,0.0,0.0004995161953613489,0.0004995161953613489,,False
72,MIX20->MIX40,halite,0.35,0.05025255646924072,0.29974744353075927,-85.64212672307409,False
72,MIX20->MIX40,gypsum,0.0,0.0,0.0,,False
72,MIX20->MIX40,CaNa_exch,-0.25,-0.26073137838161,0.01073137838160998,4.292551352643992,False
72,MIX20->MIX40,albite,0.0,0.37298747883528893,0.37298747883528893,,True
72,MIX20->MIX40,pyrite_oxidation_aerobic,0.0,0.0018483366999126427,0.0018483366999126427,,False
72,MIX40->MIX60,calcite,0.0,0.3003004902715247,0.3003004902715247,,True
72,MIX40->MIX60,dolomite,0.3,0.0776499223103821,0.2223500776896179,-74.11669256320597,False
72,MIX40->MIX60,halite,0.0,0.0,0.0,,False
72,MIX40->MIX60,gypsum,0.1,0.08054634800397369,0.01945365199602632,-19.45365199602632,False
72,MIX40->MIX60,CaNa_exch,-0.2,-0.2012696966024682,0.001269696602468201,0.6348483012341005,False
72,MIX40->MIX60,albite,0.0,0.1134764369143822,0.1134764369143822,,True
72,MIX40->MIX60,pyrite_oxidation_aerobic,0.0,0.0,0.0,,False
72,MIX60->DILUTE,calcite,0.1,0.0,0.1,-100.0,False
72,MIX60->DILUTE,dolomite,0.0,0.0,0.0,,False
72,MIX60->DILUTE,halite,0.0,0.0,0.0,,False
72,MIX60->DILUTE,gypsum,0.0,0.0,0.0,,False
72,MIX60->DILUTE,CaNa_exch,0.0,0.0,0.0,,False
72,MIX60->DILUTE,albite,0.0,0.0,0.0,,False
72,MIX60->DILUTE,pyrite_oxidation_aerobic,0.0,0.0,0.0,,False
72,DILUTE->DEEP,calcite,0.0,0.0,0.0,,False
72,DILUTE->DEEP,dolomite,0.0,0.007629211350608321,0.007629211350608321,,False
72,DILUTE->DEEP,halite,0.45,0.0,0.45,-100.0,False
72,DILUTE->DEEP,gypsum,0.05,0.1302140663935628,0.08021406639356281,160.4281327871256,False
72,DILUTE->DEEP,CaNa_exch,-0.6,-0.48908315230856236,0.11091684769143761,-18.48614128190627,False
72,DILUTE->DEEP,albite,0.0,0.0878837267788327,0.0878837267788327,,True
72,DILUTE->DEEP,pyrite_oxidation_aerobic,0.0,0.0,0.0,,False
72,DEEP->DISCH,calcite,0.1,0.0,0.1,-100.0,False
72,DEEP->DISCH,dolomite,0.05,0.0,0.05,-100.0,False
72,DEEP->DISCH,halite,0.0,0.1132317538114122,0.1132317538114122,,True
72,DEEP->DISCH,gypsum,0.0,0.0,0.0,,False
72,DEEP->DISCH,CaNa_exch,0.0,0.057310821458769375,0.057310821458769375,,True
72,DEEP->DISCH,albite,0.0,0.0,0.0,,False
72,DEEP->DISCH,pyrite_oxidation_aerobic,0.0,0.0,0.0,,False
73,RCH->SH15,calcite,0.2,0.04812221580126804,0.15187778419873196,-75.93889209936597,False
73,RCH->SH15,dolomite,0.0,0.0024396111654917006,0.0024396111654917006,,False
73,RCH->SH15,halite,0.0,0.0,0.0,,False
73,RCH->SH15,gypsum,0.0,0.0,0.0,,False
73,RCH->SH15,CaNa_exch,0.0,0.03603267803317874,0.03603267803317874,,False
73,RCH->SH15,albite,0.0,0.0,0.0,,False
73,RCH->SH15,pyrite_oxidation_aerobic,0.0,0.0,0.0,,False
73,RCH->SH30,calcite,0.25,0.5716932284054334,0.32169322840543335,128.67729136217335,False
73,RCH->SH30,dolomite,0.0,0.04363824111410121,0.04363824111410121,,False
73,RCH->SH30,halite,0.0,0.0,0.0,,False
73,RCH->SH30,gypsum,0.05,0.08907009768575508,0.039070097685755076,78.14019537151015,False
73,RCH->SH30,CaNa_exch,0.0,-0.10897978305071354,0.10897978305071354,,True
73,RCH->SH30,albite,0.0,0.031542371118230314,0.031542371118230314,,False
73,RCH->SH30,pyrite_oxidation_aerobic,0.0,0.0006646724207409683,0.0006646724207409683,,False
73,SH15->INT1,calcite,2.5,2.9111431161698715,0.41114311616987154,16.44572464679486,False
73,SH15->INT1,dolomite,0.2,0.04916812268836721,0.1508318773116328,-75.41593865581639,False
73,SH15->INT1,halite,0.0,0.012170739872240505,0.012170739872240505,,False
73,SH15->INT1,gypsum,0.0,0.0,0.0,,False
73,SH15->INT1,CaNa_exch,0.0,-0.0888901109851896,0.0888901109851896,,True
73,SH15->INT1,albite,0.0,0.012745421080882502,0.012745421080882502,,False
73,SH15->INT1,pyrite_oxidation_aerobic,0.0,0.0,0.0,,False
73,INT1->INT2,calcite,0.0,0.0,0.0,,False
73,INT1->INT2,dolomite,0.8,0.0,0.8,-100.0,False
73,INT1->INT2,halite,1.2,0.8206748818742287,0.3793251181257713,-31.610426510480945,False
73,INT1->INT2,gypsum,0.3,0.0,0.3,-100.0,False
73,INT1->INT2,CaNa_exch,0.0,-0.6599103001256893,0.6599103001256893,,True
73,INT1->INT2,albite,0.0,0.0,0.0,,False
73,INT1->INT2,pyrite_oxidation_aerobic,0.0,0.09719706867663891,0.09719706867663891,,True
73,INT2->MIX20,calcite,0.3,0.0,0.3,-100.0,False
73,INT2->MIX20,dolomite,0.0,0.007375795863276145,0.007375795863276145,,False
73,INT2->MIX20,halite,0.0,0.0,0.0,,False
73,INT2->MIX20,gypsum,0.0,0.04216265442612537,0.04216265442612537,,False
73,INT2->MIX20,CaNa_exch,-0.15,-0.1420523629806614,0.007947637019338594,-5.298424679559063,False
73,INT2->MIX20,albite,0.0,0.09648669439054948,0.09648669439054948,,True
73,INT2->MIX20,pyrite_oxidation_aerobic,0.0,0.0,0.0,,False
73,MIX20->MIX40,calcite,0.0,0.040574069661116166,0.040574069661116166,,False
73,MIX20->MIX40,dolomite,0.0,0.024521896703547496,0.024521896703547496,,False
73,MIX20->MIX40,halite,0.35,0.3057467720620955,0.04425322793790448,-12.643779410829852,False
73,MIX20->MIX40,gypsum,0.0,0.0,0.0,,False
73,MIX20->MIX40,CaNa_exch,-0.25,-0.0751643638321661,0.1748356361678339,-69.93425446713356,False
73,MIX20->MIX40,albite,0.0,0.07756236991265206,0.07756236991265206,,True
73,MIX20->MIX40,pyrite_oxidation_aerobic,0.0,0.0,0.0,,False
73,MIX40->MIX60,calcite,0.0,0.13574798215185419,0.13574798215185419,,True
73,MIX40->MIX60,dolomite,0.3,0.06039673357748908,0.2396032664225109,-79.86775547417031,False
73,MIX40->MIX60,halite,0.0,0.0,0.0,,False
73,MIX40->MIX60,gypsum,0.1,0.20946334470896402,0.10946334470896402,109.463344708964,False
73,MIX40->MIX60,CaNa_exch,-0.2,-0.2568760052052371,0.05687600520523711,28.438002602618553,False
73,MIX40->MIX60,albite,0.0,0.26567302588665853,0.26567302588665853,,True
73,MIX40->MIX60,pyrite_oxidation_aerobic,0.0,0.0,0.0,,False
73,MIX60->DILUTE,calcite,0.1,0.0,0.1,-100.0,False
73,MIX60->DILUTE,dolomite,0.0,0.0,0.0,,False
73,MIX60->DILUTE,halite,0.0,0.0,0.0,,False
73,MIX60->DILUTE,gypsum,0.0,0.0,0.0,,False
73,MIX60->DILUTE,CaNa_exch,0.0,0.054994818106922444,0.054994818106922444,,True
73,MIX60->DILUTE,albite,0.0,0.0,0.0,,False
73,MIX60->DILUTE,pyrite_oxidation_aerobic,0.0,0.0036014031559353102,0.0036014031559353102,,False
73,DILUTE->DEEP,calcite,0.0,0.0055223314755723655,0.0055223314755723655,,False
73,DILUTE->DEEP,dolomite,0.0,0.003224014148775273,0.003224014148775273,,False
73,DILUTE->DEEP,halite,0.45,0.45952856315881924,0.009528563158819225,2.1174584797376057,False
73,DILUTE->DEEP,gypsum,0.05,0.06429105969138413,0.014291059691384125,28.582119382768248,False
73,DILUTE->DEEP,CaNa_exch,-0.6,-0.5209269027931609,0.07907309720683908,-13.178849534473182,False
73,DILUTE->DEEP,albite,0.0,0.0642636685341809,0.0642636685341809,,True
73,DILUTE->DEEP,pyrite_oxidation_aerobic,0.0,0.0,0.0,,False
73,DEEP->DISCH,calcite,0.1,0.0,0.1,-100.0,False
73,DEEP->DISCH,dolomite,0.05,0.0019508966095835366,0.048049103390416466,-96.09820678083292,False
73,DEEP->DISCH,halite,0.0,0.0,0.0,,False
73,DEEP->DISCH,gypsum,0.0,0.054031513562314545,0.054031513562314545,,True
73,DEEP->DISCH,CaNa_exch,0.0,-0.030248001018824834,0.030248001018824834,,False
73,DEEP->DISCH,albite,0.0,0.0,0.0,,False
73,DEEP->DISCH,pyrite_oxidation_aerobic,0.0,0.0,0.0,,False
74,RCH->SH15,calcite,0.2,0.05688080476645628,0.14311919523354372,-71.55959761677185,False
74,RCH->SH15,dolomite,0.0,0.0,0.0,,False
74,RCH->SH15,halite,0.0,0.0,0.0,,False
74,RCH->SH15,gypsum,0.0,0.0,0.0,,False
74,RCH->SH15,CaNa_exch,0.0,0.10321903150661227,0.10321903150661227,,True
74,RCH->SH15,albite,0.0,0.0,0.0,,False
74,RCH->SH15,pyrite_oxidation_aerobic,0.0,0.0,0.0,,False
74,RCH->SH30,calcite,0.25,0.635347279181229,0.385347279181229,154.13891167249162,False
74,RCH->SH30,dolomite,0.0,0.0367760308385759,0.0367760308385759,,False
74,RCH->SH30,halite,0.0,0.0,0.0,,False
74,RCH->SH30,gypsum,0.05,0.09288800004743389,0.042888000047433886,85.77600009486777,False
74,RCH->SH30,CaNa_exch,0.0,-0.0898646311527394,0.0898646311527394,,True
74,RCH->SH30,albite,0.0,0.012725493000441407,0.012725493000441407,,False
74,RCH->SH30,pyrite_oxidation_aerobic,0.0,0.0,0.0,,False
74,SH15->INT1,calcite,2.5,2.68267279158059,0.18267279158059013,7.306911663223604,False
74,SH15->INT1,dolomite,0.2,0.0668757004500747,0.13312429954992533,-66.56214977496266,False
74,SH15->INT1,halite,0.0,0.025568803729412712,0.025568803729412712,,False
74,SH15->INT1,gypsum,0.0,0.0,0.0,,False
74,SH15->INT1,CaNa_exch,0.0,-0.1174512587845714,0.1174512587845714,,True
74,SH15->INT1,albite,0.0,0.0,0.0,,False
74,SH15->INT1,pyrite_oxidation_aerobic,0.0,0.0021985767410014796,0.0021985767410014796,,False
74,INT1->INT2,calcite,0.0,0.7966353321327483,0.7966353321327483,,True
74,INT1->INT2,dolomite,0.8,0.16831743186241857,0.6316825681375815,-78.96032101719769,False
74,INT1->INT2,halite,1.2,1.1727450048432893,0.027254995156710704,-2.271249596392559,False
74,INT1->INT2,gypsum,0.3,0.2958819371837026,0.0041180628162973965,-1.3726876054324655,False
74,INT1->INT2,CaNa_exch,0.0,-0.44972649720550206,0.44972649720550206,,True
74,INT1->INT2,albite,0.0,0.23142696594528162,0.23142696594528162,,True
74,INT1->INT2,pyrite_oxidation_aerobic,0.0,0.0,0.0,,False
74,INT2->MIX20,calcite,0.3,0.25359859726245515,0.04640140273754484,-15.46713424584828,False
74,INT2->MIX20,dolomite,0.0,0.003259157153701869,0.003259157153701869,,False
74,INT2->MIX20,halite,0.0,0.11019792058352981,0.11019792058352981,,True
74,INT2->MIX20,gypsum,0.0,0.06864203706475341,0.06864203706475341,,True
74,INT2->MIX20,CaNa_exch,-0.15,-0.030781073161827835,0.11921892683817216,-79.47928455878144,False
74,INT2->MIX20,albite,0.0,0.02796547425620182,0.02796547425620182,,False
74,INT2->MIX20,pyrite_oxidation_aerobic,0.0,0.0,0.0,,False
74,MIX20->MIX40,calcite,0.0,0.06615923306043166,0.06615923306043166,,True
74,MIX20->MIX40,dolomite,0.0,0.016233977076860574,0.016233977076860574,,False
74,MIX20->MIX40,halite,0.35,0.05352340364623241,0.29647659635376755,-84.70759895821931,False
74,MIX20->MIX40,gypsum,0.0,0.0,0.0,,False
74,MIX20->MIX40,CaNa_exch,-0.25,-0.11459654432817214,0.13540345567182788,-54.16138226873115,False
74,MIX20->MIX40,albite,0.0,0.2134384428138431,0.2134384428138431,,True
74,MIX20->MIX40,pyrite_oxidation_aerobic,0.0,0.0,0.0,,False
74,MIX40->MIX60,calcite,0.0,0.25143932907502325,0.25143932907502325,,True
74,MIX40->MIX60,dolomite,0.3,0.10423766280064028,0.1957623371993597,-65.25411239978658,False
74,MIX40->MIX60,halite,0.0,0.0,0.0,,False
74,MIX40->MIX60,gypsum,0.1,0.13293877641123375,0.032938776411233744,32.938776411233746,False
74,MIX40->MIX60,CaNa_exch,-0.2,-0.26485432787559154,0.06485432787559153,32.42716393779576,False
74,MIX40->MIX60,albite,0.0,0.12659696800563106,0.12659696800563106,,True
74,MIX40->MIX60,pyrite_oxidation_aerobic,0.0,0.0,0.0,,False
74,MIX60->DILUTE,calcite,0.1,0.0,0.1,-100.0,False
74,MIX60->DILUTE,dolomite,0.0,0.0,0.0,,False
74,MIX60->DILUTE,halite,0.0,0.0,0.0,,False
74,MIX60->DILUTE,gypsum,0.0,0.0,0.0,,False
74,MIX60->DILUTE,CaNa_exch,0.0,-0.008311672172705894,0.008311672172705894,,False
74,MIX60->DILUTE,albite,0.0,0.0,0.0,,False
74,MIX60->DILUTE,pyrite_oxidation_aerobic,0.0,0.0,0.0,,False
74,DILUTE->DEEP,calcite,0.0,0.0,0.0,,False
74,DILUTE->DEEP,dolomite,0.0,0.0,0.0,,False
74,DILUTE->DEEP,halite,0.45,0.4632876957511639,0.013287695751163897,2.9528212780364216,False
74,DILUTE->DEEP,gypsum,0.05,0.06251856828592203,0.01251856828592203,25.03713657184406,False
74,DILUTE->DEEP,CaNa_exch,-0.6,-0.4874865430610633,0.11251345693893666,-18.752242823156113,False
74,DILUTE->DEEP,albite,0.0,0.0,0.0,,False
74,DILUTE->DEEP,pyrite_oxidation_aerobic,0.0,0.0,0.0,,False
74,DEEP->DISCH,calcite,0.1,0.016630988720282014,0.08336901127971799,-83.369011279718,False
74,DEEP->DISCH,dolomite,0.05,0.028147679600935498,0.021852320399064505,-43.70464079812901,False
74,DEEP->DISCH,halite,0.0,0.0,0.0,,False
74,DEEP->DISCH,gypsum,0.0,0.021404022134226573,0.021404022134226573,,False
74,DEEP->DISCH,CaNa_exch,0.0,-0.05512769636799344,0.05512769636799344,,True
74,DEEP->DISCH,albite,0.0,0.00045267449253410055,0.00045267449253410055,,False
74,DEEP->DISCH,pyrite_oxidation_aerobic,0.0,0.0,0.0,,False
75,RCH->SH15,calcite,0.2,0.017710251422629896,0.18228974857737013,-91.14487428868505,False
75,RCH->SH15,dolomite,0.0,0.0,0.0,,False
75,RCH->SH15,halite,0.0,0.0,0.0,,False
75,RCH->SH15,gypsum,0.0,0.0,0.0,,False
75,RCH->SH15,CaNa_exch,0.0,0.08801618807817284,0.08801618807817284,,True
75,RCH->SH15,albite,0.0,0.0,0.0,,False
75,RCH->SH15,pyrite_oxidation_aerobic,0.0,0.0,0.0,,False
75,RCH->SH30,calcite,0.25,0.6057979024845038,0.3557979024845038,142.31916099380152,False
75,RCH->SH30,dolomite,0.0,0.029833195241281057,0.029833195241281057,,False
75,RCH->SH30,halite,0.0,0.0,0.0,,False
75,RCH->SH30,gypsum,0.05,0.12964785443439433,0.07964785443439433,159.29570886878864,False
75,RCH->SH30,CaNa_exch,0.0,-0.08858543997387022,0.08858543997387022,,True
75,RCH->SH30,albite,0.0,0.022390343938904447,0.022390343938904447,,False
75,RCH->SH30,pyrite_oxidation_aerobic,0.0,0.0,0.0,,False
75,SH15->INT1,calcite,2.5,2.5747540243171474,0.0747540243171474,2.9901609726858958,False
75,SH15->INT1,dolomite,0.2,0.03425910736729851,0.1657408926327015,-82.87044631635074,False
75,SH15->INT1,halite,0.0,0.07685193134363899,0.07685193134363899,,True
75,SH15->INT1,gypsum,0.0,0.11192350852399956,0.11192350852399956,,True
75,SH15->INT1,CaNa_exch,0.0,-0.02712882123172672,0.02712882123172672,,False
75,SH15->INT1,albite,0.0,0.0,0.0,,False
75,SH15->INT1,pyrite_oxidation_aerobic,0.0,0.0,0.0,,False
75,INT1->INT2,calcite,0.0,0.8286669827375277,0.8286669827375277,,True
75,INT1->INT2,dolomite,0.8,0.20381487860479838,0.5961851213952016,-74.5231401744002,False
75,INT1->INT2,halite,1.2,1.1814914378589294,0.01850856214107055,-1.542380178422546,False
75,INT1->INT2,gypsum,0.3,0.17561526312010423,0.12438473687989576,-41.46157895996526,False
75,INT1->INT2,CaNa_exch,0.0,-0.4942407237775415,0.4942407237775415,,True
75,INT1->INT2,albite,0.0,0.23062729994042486,0.23062729994042486,,True
75,INT1->INT2,pyrite_oxidation_aerobic,0.0,0.052425873606026914,0.052425873606026914,,True
75,INT2->MIX20,calcite,0.3,0.18744997009846218,0.11255002990153781,-37.51667663384594,False
75,INT2->MIX20,dolomite,0.0,0.0,0.0,,False
75,INT2->MIX20,halite,0.0,0.13139195447923038,0.13139195447923038,,True
75,INT2->MIX20,gypsum,0.0,0.03556947845174471,0.03556947845174471,,False
75,INT2->MIX20,CaNa_exch,-0.15,0.0799737924882614,0.22997379248826139,-153.31586165884093,False
75,INT2->MIX20,albite,0.0,0.0,0.0,,False
75,INT2->MIX20,pyrite_oxidation_aerobic,0.0,0.0,0.0,,False
75,MIX20->MIX40,calcite,0.0,0.04311155156506474,0.04311155156506474,,False
75,MIX20->MIX40,dolomite,0.0,0.0309448955164806,0.0309448955164806,,False
75,MIX20->MIX40,halite,0.35,0.10972105216907013,0.24027894783092985,-68.65112795169425,False
75,MIX20->MIX40,gypsum,0.0,0.0,0.0,,False
75,MIX20->MIX40,CaNa_exch,-0.25,-0.18328317800344193,0.06671682199655807,-26.68672879862323,False
75,MIX20->MIX40,albite,0.0,0.318955879893024,0.318955879893024,,True
75,MIX20->MIX40,pyrite_oxidation_aerobic,0.0,0.0,0.0,,False
75,MIX40->MIX60,calcite,0.0,0.3387948486019493,0.3387948486019493,,True
75,MIX40->MIX60,dolomite,0.3,0.07461369136078898,0.225386308639211,-75.12876954640367,False
75,MIX40->MIX60,halite,0.0,0.0,0.0,,False
75,MIX40->MIX60,gypsum,0.1,0.055547506856431894,0.04445249314356811,-44.45249314356811,False
75,MIX40->MIX60,CaNa_exch,-0.2,-0.17776514420947884,0.022234855790521174,-11.117427895260587,False
75,MIX40->MIX60,albite,0.0,0.08087752359740968,0.08087752359740968,,True
75,MIX40->MIX60,pyrite_oxidation_aerobic,0.0,0.015546864234455272,0.015546864234455272,,False
75,MIX60->DILUTE,calcite,0.1,0.0,0.1,-100.0,False
75,MIX60->DILUTE,dolomite,0.0,0.0,0.0,,False
75,MIX60->DILUTE,halite,0.0,0.019992167125523503,0.019992167125523503,,False
75,MIX60->DILUTE,gypsum,0.0,0.10203626466579298,0.10203626466579298,,True
75,MIX60->DILUTE,CaNa_exch,0.0,-0.02585120320047408,0.02585120320047408,,False
75,MIX60->DILUTE,albite,0.0,0.0,0.0,,False
75,MIX60->DILUTE,pyrite_oxidation_aerobic,0.0,0.0,0.0,,False
75,DILUTE->DEEP,calcite,0.0,0.0,0.0,,False
75,DILUTE->DEEP,dolomite,0.0,0.0,0.0,,False
75,DILUTE->DEEP,halite,0.45,0.0,0.45,-100.0,False
75,DILUTE->DEEP,gypsum,0.05,0.0,0.05,-100.0,False
75,DILUTE->DEEP,CaNa_exch,-0.6,-0.43365876666414993,0.16634123333585005,-27.723538889308344,False
75,DILUTE->DEEP,albite,0.0,0.34159667208908673,0.34159667208908673,,True
75,DILUTE->DEEP,pyrite_oxidation_aerobic,0.0,0.012592497133596385,0.012592497133596385,,False
75,DEEP->DISCH,calcite,0.1,0.0,0.1,-100.0,False
75,DEEP->DISCH,dolomite,0.05,0.0,0.05,-100.0,False
75,DEEP->DISCH,halite,0.0,0.0,0.0,,False
75,DEEP->DISCH,gypsum,0.0,0.0869567555648531,0.0869567555648531,,True
75,DEEP->DISCH,CaNa_exch,0.0,0.06272341728125798,0.06272341728125798,,True
75,DEEP->DISCH,albite,0.0,0.0,0.0,,False
75,DEEP->DISCH,pyrite_oxidation_aerobic,0.0,0.0,0.0,,False
76,RCH->SH15,calcite,0.2,0.41881004168601293,0.21881004168601292,109.40502084300647,False
76,RCH->SH15,dolomite,0.0,0.023966757276875084,0.023966757276875084,,False
76,RCH->SH15,halite,0.0,0.0,0.0,,False
76,RCH->SH15,gypsum,0.0,0.0,0.0,,False
76,RCH->SH15,CaNa_exch,0.0,-0.029465816093804206,0.029465816093804206,,False
76,RCH->SH15,albite,0.0,0.0,0.0,,False
76,RCH->SH15,pyrite_oxidation_aerobic,0.0,0.004442408046966799,0.004442408046966799,,False
76,RCH->SH30,calcite,0.25,0.6592195161743735,0.40921951617437347,163.68780646974938,False
76,RCH->SH30,dolomite,0.0,0.025805548909549118,0.025805548909549118,,False
76,RCH->SH30,halite,0.0,0.0,0.0,,False
76,RCH->SH30,gypsum,0.05,0.12963757679834292,0.07963757679834292,159.27515359668584,False
76,RCH->SH30,CaNa_exch,0.0,-0.067022243356927,0.067022243356927,,True
76,RCH->SH30,albite,0.0,0.0,0.0,,False
76,RCH->SH30,pyrite_oxidation_aerobic,0.0,0.0,0.0,,False
76,SH15->INT1,calcite,2.5,2.6936566779834963,0.19365667798349628,7.7462671193398505,False
76,SH15->INT1,dolomite,0.2,0.05740901035907812,0.1425909896409219,-71.29549482046095,False
76,SH15->INT1,halite,0.0,0.010288943319658113,0.010288943319658113,,False
76,SH15->INT1,gypsum,0.0,0.0014404434493793892,0.0014404434493793892,,False
76,SH15->INT1,CaNa_exch,0.0,-0.11666107086459276,0.11666107086459276,,True
76,SH15->INT1,albite,0.0,0.03259212852846161,0.03259212852846161,,False
76,SH15->INT1,pyrite_oxidation_aerobic,0.0,0.0038921202459406435,0.0038921202459406435,,False
76,INT1->INT2,calcite,0.0,1.4903912300745419,1.4903912300745419,,True
76,INT1->INT2,dolomite,0.8,0.18196757493029322,0.6180324250697068,-77.25405313371334,False
76,INT1->INT2,halite,1.2,0.6681552889676812,0.5318447110323188,-44.320392586026564,False
76,INT1->INT2,gypsum,0.3,0.2871732850923886,0.012826714907611392,-4.275571635870464,False
76,INT1->INT2,CaNa_exch,0.0,-0.4303540296019926,0.4303540296019926,,True
76,INT1->INT2,albite,0.0,0.21833479552103205,0.21833479552103205,,True
76,INT1->INT2,pyrite_oxidation_aerobic,0.0,0.0,0.0,,False
76,INT2->MIX20,calcite,0.3,0.0,0.3,-100.0,False
76,INT2->MIX20,dolomite,0.0,0.0,0.0,,False
76,INT2->MIX20,halite,0.0,0.0,0.0,,False
76,INT2->MIX20,gypsum,0.0,0.09251791620871914,0.09251791620871914,,True
76,INT2->MIX20,CaNa_exch,-0.15,0.06383427309717449,0.21383427309717448,-142.556182064783,False
76,INT2->MIX20,albite,0.0,0.0,0.0,,False
76,INT2->MIX20,pyrite_oxidation_aerobic,0.0,0.0,0.0,,False
76,MIX20->MIX40,calcite,0.0,0.1550269877330791,0.1550269877330791,,True
76,MIX20->MIX40,dolomite,0.0,0.006222230884178406,0.006222230884178406,,False
76,MIX20->MIX40,halite,0.35,0.04339466564137484,0.30660533435862514,-87.60152410246434,False
76,MIX20->MIX40,gypsum,0.0,0.0051602230679209165,0.0051602230679209165,,False
76,MIX20->MIX40,CaNa_exch,-0.25,-0.15324894440845296,0.09675105559154704,-38.70042223661881,False
76,MIX20->MIX40,albite,0.0,0.3525421777619531,0.3525421777619531,,True
76,MIX20->MIX40,pyrite_oxidation_aerobic,0.0,0.0,0.0,,False
76,MIX40->MIX60,calcite,0.0,0.1619986991879331,0.1619986991879331,,True
76,MIX40->MIX60,dolomite,0.3,0.1018056896530126,0.1981943103469874,-66.06477011566247,False
76,MIX40->MIX60,halite,0.0,0.0,0.0,,False
76,MIX40->MIX60,gypsum,0.1,0.06067798515915143,0.039322014840848574,-39.322014840848574,False
76,MIX40->MIX60,CaNa_exch,-0.2,-0.2674496752661939,0.06744967526619389,33.72483763309694,False
76,MIX40->MIX60,albite,0.0,0.18015959704986376,0.18015959704986376,,True
76,MIX40->MIX60,pyrite_oxidation_aerobic,0.0,0.016719298550393728,0.016719298550393728,,False
76,MIX60->DILUTE,calcite,0.1,0.0,0.1,-100.0,False
76,MIX60->DILUTE,dolomite,0.0,0.0,0.0,,False
76,MIX60->DILUTE,halite,0.0,0.0,0.0,,False
76,MIX60->DILUTE,gypsum,0.0,0.0,0.0,,False
76,MIX60->DILUTE,CaNa_exch,0.0,0.07134132973311999,0.07134132973311999,,True
76,MIX60->DILUTE,albite,0.0,0.0,0.0,,False
76,MIX60->DILUTE,pyrite_oxidation_aerobic,0.0,0.0,0.0,,False
76,DILUTE->DEEP,calcite,0.0,0.0,0.0,,False
76,DILUTE->DEEP,dolomite,0.0,0.0,0.0,,False
76,DILUTE->DEEP,halite,0.45,0.36706462886302743,0.08293537113697258,-18.430082474882795,False
76,DILUTE->DEEP,gypsum,0.05,0.11224855610009972,0.06224855610009972,124.49711220019942,False
76,DILUTE->DEEP,CaNa_exch,-0.6,-0.5916211609555314,0.008378839044468567,-1.3964731740780945,False
76,DILUTE->DEEP,albite,0.0,0.0,0.0,,False
76,DILUTE->DEEP,pyrite_oxidation_aerobic,0.0,0.0,0.0,,False
76,DEEP->DISCH,calcite,0.1,0.0,0.1,-100.0,False
76,DEEP->DISCH,dolomite,0.05,0.0,0.05,-100.0,False
76,DEEP->DISCH,halite,0.0,0.0,0.0,,False
76,DEEP->DISCH,gypsum,0.0,0.0,0.0,,False
76,DEEP->DISCH,CaNa_exch,0.0,0.009856416592780977,0.009856416592780977,,False
76,DEEP->DISCH,albite,0.0,0.0,0.0,,False
76,DEEP->DISCH,pyrite_oxidation_aerobic,0.0,0.0030464248208226232,0.0030464248208226232,,False
77,RCH->SH15,calcite,0.2,0.31514068956845825,0.11514068956845824,57.570344784229114,False
77,RCH->SH15,dolomite,0.0,0.025475857406107187,0.025475857406107187,,False
77,RCH->SH15,halite,0.0,0.0,0.0,,False
77,RCH->SH15,gypsum,0.0,0.0,0.0,,False
77,RCH->SH15,CaNa_exch,0.0,-0.053538589644549314,0.053538589644549314,,True
77,RCH->SH15,albite,0.0,0.019205140346656924,0.019205140346656924,,False
77,RCH->SH15,pyrite_oxidation_aerobic,0.0,0.0046203782691469466,0.0046203782691469466,,False
77,RCH->SH30,calcite,0.25,0.0,0.25,-100.0,False
77,RCH->SH30,dolomite,0.0,0.0,0.0,,False
77,RCH->SH30,halite,0.0,0.0,0.0,,False
77,RCH->SH30,gypsum,0.05,0.0,0.05,-100.0,False
77,RCH->SH30,CaNa_exch,0.0,0.10461054745805548,0.10461054745805548,,True
77,RCH->SH30,albite,0.0,0.0,0.0,,False
77,RCH->SH30,pyrite_oxidation_aerobic,0.0,0.0,0.0,,False
77,SH15->INT1,calcite,2.5,2.693566294726477,0.19356629472647713,7.742651789059084,False
77,SH15->INT1,dolomite,0.2,0.050075876622555755,0.14992412337744426,-74.96206168872213,False
77,SH15->INT1,halite,0.0,0.06559351084002772,0.06559351084002772,,True
77,SH15->INT1,gypsum,0.0,0.06813319510052564,0.06813319510052564,,True
77,SH15->INT1,CaNa_exch,0.0,-0.10041940639480369,0.10041940639480369,,True
77,SH15->INT1,albite,0.0,0.019439819519726176,0.019439819519726176,,False
77,SH15->INT1,pyrite_oxidation_aerobic,0.0,0.0,0.0,,False
77,INT1->INT2,calcite,0.0,1.4153877248656805,1.4153877248656805,,True
77,INT1->INT2,dolomite,0.8,0.1840499457194512,0.6159500542805488,-76.9937567850686,False
77,INT1->INT2,halite,1.2,0.6626613582928995,0.5373386417071004,-44.77822014225837,False
77,INT1->INT2,gypsum,0.3,0.16935542879273302,0.13064457120726697,-43.54819040242233,False
77,INT1->INT2,CaNa_exch,0.0,-0.4618051265161972,0.4618051265161972,,True
77,INT1->INT2,albite,0.0,0.24161046184844615,0.24161046184844615,,True
77,INT1->INT2,pyrite_oxidation_aerobic,0.0,0.03265625037986862,0.03265625037986862,,False
77,INT2->MIX20,calcite,0.3,0.018974100553561538,0.28102589944643847,-93.67529981547949,False
77,INT2->MIX20,dolomite,0.0,0.0,0.0,,False
77,INT2->MIX20,halite,0.0,0.01952580684568394,0.01952580684568394,,False
77,INT2->MIX20,gypsum,0.0,0.15311389362038236,0.15311389362038236,,True
77,INT2->MIX20,CaNa_exch,-0.15,0.13679658713689982,0.2867965871368998,-191.19772475793323,False
77,INT2->MIX20,albite,0.0,0.0,0.0,,False
77,INT2->MIX20,pyrite_oxidation_aerobic,0.0,0.0,0.0,,False
77,MIX20->MIX40,calcite,0.0,0.05139241574724691,0.05139241574724691,,True
77,MIX20->MIX40,dolomite,0.0,0.001740164078496061,0.001740164078496061,,False
77,MIX20->MIX40,halite,0.35,0.17828730049297423,0.17171269950702575,-49.06077128772165,False
77,MIX20->MIX40,gypsum,0.0,0.0,0.0,,False
77,MIX20->MIX40,CaNa_exch,-0.25,-0.06902347638842159,0.1809765236115784,-72.39060944463137,False
77,MIX20->MIX40,albite,0.0,0.1647279358929463,0.1647279358929463,,True
77,MIX20->MIX40,pyrite_oxidation_aerobic,0.0,0.0028412347343840937,0.0028412347343840937,,False
77,MIX40->MIX60,calcite,0.0,0.35950784878769954,0.35950784878769954,,True
77,MIX40->MIX60,dolomite,0.3,0.10600542111634591,0.19399457888365407,-64.6648596278847,False
77,MIX40->MIX60,halite,0.0,0.0,0.0,,False
77,MIX40->MIX60,gypsum,0.1,0.041774636762830455,0.05822536323716955,-58.225363237169546,False
77,MIX40->MIX60,CaNa_exch,-0.2,-0.2842550172618423,0.08425501726184231,42.127508630921156,False
77,MIX40->MIX60,albite,0.0,0.21272584516302237,0.21272584516302237,,True
77,MIX40->MIX60,pyrite_oxidation_aerobic,0.0,0.005217759248817245,0.005217759248817245,,False
77,MIX60->DILUTE,calcite,0.1,0.0,0.1,-100.0,False
77,MIX60->DILUTE,dolomite,0.0,0.0,0.0,,False
77,MIX60->DILUTE,halite,0.0,0.0,0.0,,False
77,MIX60->DILUTE,gypsum,0.0,0.0,0.0,,False
77,MIX60->DILUTE,CaNa_exch,0.0,0.012807441738380469,0.012807441738380469,,False
77,MIX60->DILUTE,albite,0.0,0.0,0.0,,False
77,MIX60->DILUTE,pyrite_oxidation_aerobic,0.0,0.009557392151048566,0.009557392151048566,,False
77,DILUTE->DEEP,calcite,0.0,0.0,0.0,,False
77,DILUTE->DEEP,dolomite,0.0,0.0,0.0,,False
77,DILUTE->DEEP,halite,0.45,0.5513779565724687,0.10137795657246867,22.528434793881928,False
77,DILUTE->DEEP,gypsum,0.05,0.11259643145865722,0.06259643145865722,125.19286291731443,False
77,DILUTE->DEEP,CaNa_exch,-0.6,-0.6851252334513587,0.0851252334513587,14.187538908559784,False
77,DILUTE->DEEP,albite,0.0,0.0,0.0,,False
77,DILUTE->DEEP,pyrite_oxidation_aerobic,0.0,0.0,0.0,,False
77,DEEP->DISCH,calcite,0.1,0.005532787430555523,0.09446721256944449,-94.46721256944447,False
77,DEEP->DISCH,dolomite,0.05,0.0021563183615379115,0.04784368163846209,-95.68736327692416,False
77,DEEP->DISCH,halite,0.0,0.0,0.0,,False
77,DEEP->DISCH,gypsum,0.0,0.0,0.0,,False
77,DEEP->DISCH,CaNa_exch,0.0,0.11139073990574339,0.11139073990574339,,True
77,DEEP->DISCH,albite,0.0,0.0,0.0,,False
77,DEEP->DISCH,pyrite_oxidation_aerobic,0.0,0.0,0.0,,False
78,RCH->SH15,calcite,0.2,0.007804496011688944,0.19219550398831106,-96.09775199415553,False
78,RCH->SH15,dolomite,0.0,0.0,0.0,,False
78,RCH->SH15,halite,0.0,0.0,0.0,,False
78,RCH->SH15,gypsum,0.0,0.0,0.0,,False
78,RCH->SH15,CaNa_exch,0.0,0.0738344942352282,0.0738344942352282,,True
78,RCH->SH15,albite,0.0,0.0,0.0,,False
78,RCH->SH15,pyrite_oxidation_aerobic,0.0,0.0,0.0,,False
78,RCH->SH30,calcite,0.25,0.0537759196754585,0.1962240803245415,-78.4896321298166,False
78,RCH->SH30,dolomite,0.0,0.0,0.0,,False
78,RCH->SH30,halite,0.0,0.0,0.0,,False
78,RCH->SH30,gypsum,0.05,0.040333176412566646,0.009666823587433357,-19.333647174866712,False
78,RCH->SH30,CaNa_exch,0.0,0.050753397746296086,0.050753397746296086,,True
78,RCH->SH30,albite,0.0,0.0,0.0,,False
78,RCH->SH30,pyrite_oxidation_aerobic,0.0,0.0,0.0,,False
78,SH15->INT1,calcite,2.5,2.6070119432152206,0.10701194321522056,4.2804777286088225,False
78,SH15->INT1,dolomite,0.2,0.06081065092792618,0.13918934907207384,-69.5946745360369,False
78,SH15->INT1,halite,0.0,0.0,0.0,,False
78,SH15->INT1,gypsum,0.0,0.0,0.0,,False
78,SH15->INT1,CaNa_exch,0.0,-0.13166157414310653,0.13166157414310653,,True
78,SH15->INT1,albite,0.0,0.05550621800707594,0.05550621800707594,,True
78,SH15->INT1,pyrite_oxidation_aerobic,0.0,0.0,0.0,,False
78,INT1->INT2,calcite,0.0,1.3470724857667582,1.3470724857667582,,True
78,INT1->INT2,dolomite,0.8,0.16814486857477617,0.6318551314252239,-78.98189142815298,False
78,INT1->INT2,halite,1.2,0.6542128965466126,0.5457871034533873,-45.48225862111561,False
78,INT1->INT2,gypsum,0.3,0.3502418926512309,0.05024189265123091,16.747297550410305,False
78,INT1->INT2,CaNa_exch,0.0,-0.37512265327975186,0.37512265327975186,,True
78,INT1->INT2,albite,0.0,0.1824636291479453,0.1824636291479453,,True
78,INT1->INT2,pyrite_oxidation_aerobic,0.0,0.0,0.0,,False
78,INT2->MIX20,calcite,0.3,0.16029469446520908,0.1397053055347909,-46.568435178263634,False
78,INT2->MIX20,dolomite,0.0,0.003343973256996617,0.003343973256996617,,False
78,INT2->MIX20,halite,0.0,0.05320893308404549,0.05320893308404549,,True
78,INT2->MIX20,gypsum,0.0,0.02741014239022504,0.02741014239022504,,False
78,INT2->MIX20,CaNa_exch,-0.15,-0.08393821895653265,0.06606178104346734,-44.04118736231156,False
78,INT2->MIX20,albite,0.0,0.18109258613365908,0.18109258613365908,,True
78,INT2->MIX20,pyrite_oxidation_aerobic,0.0,0.0,0.0,,False
78,MIX20->MIX40,calcite,0.0,0.01545539756933077,0.01545539756933077,,False
78,MIX20->MIX40,dolomite,0.0,0.025711191201495776,0.025711191201495776,,False
78,MIX20->MIX40,halite,0.35,0.05393699780081027,0.2960630021991897,-84.58942919976849,False
78,MIX20->MIX40,gypsum,0.0,0.0,0.0,,False
78,MIX20->MIX40,CaNa_exch,-0.25,-0.1707953615767243,0.07920463842327569,-31.681855369310274,False
78,MIX20->MIX40,albite,0.0,0.31128800600553974,0.31128800600553974,,True
78,MIX20->MIX40,pyrite_oxidation_aerobic,0.0,0.0,0.0,,False
78,MIX40->MIX60,calcite,0.0,0.17682580276880425,0.17682580276880425,,True
78,MIX40->MIX60,dolomite,0.3,0.05629545972717261,0.24370454027282737,-81.23484675760912,False
78,MIX40->MIX60,halite,0.0,0.0,0.0,,False
78,MIX40->MIX60,gypsum,0.1,0.1283285380474925,0.028328538047492496,28.328538047492493,False
78,MIX40->MIX60,CaNa_exch,-0.2,-0.12799996997399482,0.07200003002600519,-36.000015013002596,False
78,MIX40->MIX60,albite,0.0,0.03690972344467198,0.03690972344467198,,False
78,MIX40->MIX60,pyrite_oxidation_aerobic,0.0,0.0,0.0,,False
78,MIX60->DILUTE,calcite,0.1,0.0,0.1,-100.0,False
78,MIX60->DILUTE,dolomite,0.0,0.0,0.0,,False
78,MIX60->DILUTE,halite,0.0,0.0,0.0,,False
78,MIX60->DILUTE,gypsum,0.0,0.0,0.0,,False
78,MIX60->DILUTE,CaNa_exch,0.0,-0.02751048836147188,0.02751048836147188,,False
78,MIX60->DILUTE,albite,0.0,0.0,0.0,,False
78,MIX60->DILUTE,pyrite_oxidation_aerobic,0.0,0.0,0.0,,False
78,DILUTE->DEEP,calcite,0.0,0.0,0.0,,False
78,DILUTE->DEEP,dolomite,0.0,0.0,0.0,,False
78,DILUTE->DEEP,halite,0.45,0.4216888887899811,0.02831111121001889,-6.291358046670865,False
78,DILUTE->DEEP,gypsum,0.05,0.014249140627691295,0.03575085937230871,-71.5017187446174,False
78,DILUTE->DEEP,CaNa_exch,-0.6,-0.5479400072613054,0.05205999273869455,-8.676665456449093,False
78,DILUTE->DEEP,albite,0.0,0.0,0.0,,False
78,DILUTE->DEEP,pyrite_oxidation_aerobic,0.0,0.010662837852534881,0.010662837852534881,,False
78,DEEP->DISCH,calcite,0.1,0.0,0.1,-100.0,False
78,DEEP->DISCH,dolomite,0.05,0.01668862194181307,0.03331137805818693,-66.62275611637386,False
78,DEEP->DISCH,halite,0.0,0.0,0.0,,False
78,DEEP->DISCH,gypsum,0.0,0.055286898798175804,0.055286898798175804,,True
78,DEEP->DISCH,CaNa_exch,0.0,-0.027471509434419873,0.027471509434419873,,False
78,DEEP->DISCH,albite,0.0,0.0,0.0,,False
78,DEEP->DISCH,pyrite_oxidation_aerobic,0.0,0.0,0.0,,False
79,RCH->SH15,calcite,0.2,0.38753370251866803,0.18753370251866802,93.766851259334,False
79,RCH->SH15,dolomite,0.0,0.025471320900240436,0.025471320900240436,,False
79,RCH->SH15,halite,0.0,0.0,0.0,,False
79,RCH->SH15,gypsum,0.0,0.011364978767544862,0.011364978767544862,,False
79,RCH->SH15,CaNa_exch,0.0,-0.04052961461808546,0.04052961461808546,,False
79,RCH->SH15,albite,0.0,0.0,0.0,,False
79,RCH->SH15,pyrite_oxidation_aerobic,0.0,0.0004899565032099176,0.0004899565032099176,,False
79,RCH->SH30,calcite,0.25,0.04446068745774582,0.2055393125422542,-82.21572501690167,False
79,RCH->SH30,dolomite,0.0,0.0,0.0,,False
79,RCH->SH30,halite,0.0,0.0,0.0,,False
79,RCH->SH30,gypsum,0.05,0.0,0.05,-100.0,False
79,RCH->SH30,CaNa_exch,0.0,0.13252966920183287,0.13252966920183287,,True
79,RCH->SH30,albite,0.0,0.0,0.0,,False
79,RCH->SH30,pyrite_oxidation_aerobic,0.0,0.0033537574175527066,0.0033537574175527066,,False
79,SH15->INT1,calcite,2.5,2.5001865029005366,0.00018650290053656704,0.007460116021462682,False
79,SH15->INT1,dolomite,0.2,0.05902789939532948,0.14097210060467052,-70.48605030233526,False
79,SH15->INT1,halite,0.0,0.0,0.0,,False
79,SH15->INT1,gypsum,0.0,0.0,0.0,,False
79,SH15->INT1,CaNa_exch,0.0,-0.11672723124754739,0.11672723124754739,,True
79,SH15->INT1,albite,0.0,0.02619273678654317,0.02619273678654317,,False
79,SH15->INT1,pyrite_oxidation_aerobic,0.0,0.0,0.0,,False
79,INT1->INT2,calcite,0.0,1.1131828683608072,1.1131828683608072,,True
79,INT1->INT2,dolomite,0.8,0.15389159686363768,0.6461084031363624,-80.7635503920453,False
79,INT1->INT2,halite,1.2,1.2634395005188812,0.06343950051888125,5.286625043240105,False
79,INT1->INT2,gypsum,0.3,0.4360125911493694,0.13601259114936942,45.337530383123145,False
79,INT1->INT2,CaNa_exch,0.0,-0.3873685182528208,0.3873685182528208,,True
79,INT1->INT2,albite,0.0,0.1894279929672921,0.1894279929672921,,True
79,INT1->INT2,pyrite_oxidation_aerobic,0.0,0.0,0.0,,False
79,INT2->MIX20,calcite,0.3,0.0,0.3,-100.0,False
79,INT2->MIX20,dolomite,0.0,0.0,0.0,,False
79,INT2->MIX20,halite,0.0,0.03109645472023664,0.03109645472023664,,False
79,INT2->MIX20,gypsum,0.0,0.0,0.0,,False
79,INT2->MIX20,CaNa_exch,-0.15,-0.3392444490691783,0.18924444906917828,126.16296604611885,False
79,INT2->MIX20,albite,0.0,0.0,0.0,,False
79,INT2->MIX20,pyrite_oxidation_aerobic,0.0,0.004161749074941659,0.004161749074941659,,False
79,MIX20->MIX40,calcite,0.0,0.2617400214193023,0.2617400214193023,,True
79,MIX20->MIX40,dolomite,0.0,0.01966770771291496,0.01966770771291496,,False
79,MIX20->MIX40,halite,0.35,0.20378512906800403,0.14621487093199595,-41.77567740914171,False
79,MIX20->MIX40,gypsum,0.0,0.03765041627162767,0.03765041627162767,,False
79,MIX20->MIX40,CaNa_exch,-0.25,-0.08626822067523172,0.1637317793247683,-65.49271172990731,False
79,MIX20->MIX40,albite,0.0,0.10834066669886272,0.10834066669886272,,True
79,MIX20->MIX40,pyrite_oxidation_aerobic,0.0,0.0,0.0,,False
79,MIX40->MIX60,calcite,0.0,0.3921243449098875,0.3921243449098875,,True
79,MIX40->MIX60,dolomite,0.3,0.08143689044555981,0.2185631095544402,-72.85436985148007,False
79,MIX40->MIX60,halite,0.0,0.0,0.0,,False
79,MIX40->MIX60,gypsum,0.1,0.05942087343670961,0.040579126563290394,-40.57912656329039,False
79,MIX40->MIX60,CaNa_exch,-0.2,-0.22898569451900438,0.028985694519004374,14.492847259502186,False
79,MIX40->MIX60,albite,0.0,0.17628781236986732,0.17628781236986732,,True
79,MIX40->MIX60,pyrite_oxidation_aerobic,0.0,0.01053905157856659,0.01053905157856659,,False
79,MIX60->DILUTE,calcite,0.1,0.02231981463513926,0.07768018536486074,-77.68018536486073,False
79,MIX60->DILUTE,dolomite,0.0,0.009764140842440695,0.009764140842440695,,False
79,MIX60->DILUTE,halite,0.0,0.01824815515282626,0.01824815515282626,,False
79,MIX60->DILUTE,gypsum,0.0,0.031069416572142208,0.031069416572142208,,False
79,MIX60->DILUTE,CaNa_exch,0.0,0.04087462736263293,0.04087462736263293,,False
79,MIX60->DILUTE,albite,0.0,0.0,0.0,,False
79,MIX60->DILUTE,pyrite_oxidation_aerobic,0.0,0.0010470780553989748,0.0010470780553989748,,False
79,DILUTE->DEEP,calcite,0.0,0.0,0.0,,False
79,DILUTE->DEEP,dolomite,0.0,0.0,0.0,,False
79,DILUTE->DEEP,halite,0.45,0.564728887143259,0.11472888714325896,25.495308254057544,False
79,DILUTE->DEEP,gypsum,0.05,0.0,0.05,-100.0,False
79,DILUTE->DEEP,CaNa_exch,-0.6,-0.6312399450613767,0.031239945061376728,5.206657510229455,False
79,DILUTE->DEEP,albite,0.0,0.0,0.0,,False
79,DILUTE->DEEP,pyrite_oxidation_aerobic,0.0,0.0037657755180041715,0.0037657755180041715,,False
79,DEEP->DISCH,calcite,0.1,0.07850882561264241,0.021491174387357592,-21.491174387357592,False
79,DEEP->DISCH,dolomite,0.05,0.002523089534056791,0.04747691046594321,-94.95382093188641,False
79,DEEP->DISCH,halite,0.0,0.0,0.0,,False
79,DEEP->DISCH,gypsum,0.0,0.0,0.0,,False
79,DEEP->DISCH,CaNa_exch,0.0,-0.0006517479947976993,0.0006517479947976993,,False
79,DEEP->DISCH,albite,0.0,0.0,0.0,,False
79,DEEP->DISCH,pyrite_oxidation_aerobic,0.0,0.0,0.0,,False
80,RCH->SH15,calcite,0.2,0.0385720751591347,0.16142792484086532,-80.71396242043265,False
80,RCH->SH15,dolomite,0.0,0.0,0.0,,False
80,RCH->SH15,halite,0.0,0.0,0.0,,False
80,RCH->SH15,gypsum,0.0,0.019008138773920314,0.019008138773920314,,False
80,RCH->SH15,CaNa_exch,0.0,0.09206280577685802,0.09206280577685802,,True
80,RCH->SH15,albite,0.0,0.0,0.0,,False
80,RCH->SH15,pyrite_oxidation_aerobic,0.0,0.0,0.0,,False
80,RCH->SH30,calcite,0.25,0.08663230346058116,0.16336769653941885,-65.34707861576754,False
80,RCH->SH30,dolomite,0.0,0.0,0.0,,False
80,RCH->SH30,halite,0.0,0.0,0.0,,False
80,RCH->SH30,gypsum,0.05,0.022535974125346324,0.02746402587465368,-54.92805174930735,False
80,RCH->SH30,CaNa_exch,0.0,0.122520695386182,0.122520695386182,,True
80,RCH->SH30,albite,0.0,0.0,0.0,,False
80,RCH->SH30,pyrite_oxidation_aerobic,0.0,0.001207391942707346,0.001207391942707346,,False
80,SH15->INT1,calcite,2.5,2.7320403249050904,0.2320403249050904,9.281612996203616,False
80,SH15->INT1,dolomite,0.2,0.054778261942264025,0.14522173805773597,-72.61086902886798,False
80,SH15->INT1,halite,0.0,0.0,0.0,,False
80,SH15->INT1,gypsum,0.0,0.0,0.0,,False
80,SH15->INT1,CaNa_exch,0.0,-0.08982588829591352,0.08982588829591352,,True
80,SH15->INT1,albite,0.0,0.012926060852530412,0.012926060852530412,,False
80,SH15->INT1,pyrite_oxidation_aerobic,0.0,0.0,0.0,,False
80,INT1->INT2,calcite,0.0,1.3357022596184964,1.3357022596184964,,True
80,INT1->INT2,dolomite,0.8,0.19044142957889365,0.6095585704211064,-76.19482130263829,False
80,INT1->INT2,halite,1.2,0.6344653932488529,0.5655346067511471,-47.127883895928925,False
80,INT1->INT2,gypsum,0.3,0.20873831790122815,0.09126168209877183,-30.420560699590613,False
80,INT1->INT2,CaNa_exch,0.0,-0.4617057174051216,0.4617057174051216,,True
80,INT1->INT2,albite,0.0,0.22354985965771534,0.22354985965771534,,True
80,INT1->INT2,pyrite_oxidation_aerobic,0.0,0.021628513216954755,0.021628513216954755,,False
80,INT2->MIX20,calcite,0.3,0.10632905851062185,0.19367094148937813,-64.55698049645937,False
80,INT2->MIX20,dolomite,0.0,0.00779875340030477,0.00779875340030477,,False
80,INT2->MIX20,halite,0.0,0.07982688823498069,0.07982688823498069,,True
80,INT2->MIX20,gypsum,0.0,0.0,0.0,,False
80,INT2->MIX20,CaNa_exch,-0.15,-0.04164581175826318,0.10835418824173682,-72.2361254944912,False
80,INT2->MIX20,albite,0.0,0.06902013903163358,0.06902013903163358,,True
80,INT2->MIX20,pyrite_oxidation_aerobic,0.0,0.0,0.0,,False
80,MIX20->MIX40,calcite,0.0,0.20077553620877217,0.20077553620877217,,True
80,MIX20->MIX40,dolomite,0.0,0.025633031455452603,0.025633031455452603,,False
80,MIX20->MIX40,halite,0.35,0.1800345540641315,0.1699654459358685,-48.56155598167671,False
80,MIX20->MIX40,gypsum,0.0,0.006100171897887504,0.006100171897887504,,False
80,MIX20->MIX40,CaNa_exch,-0.25,-0.17960362134564994,0.07039637865435006,-28.15855146174002,False
80,MIX20->MIX40,albite,0.0,0.3306103010857517,0.3306103010857517,,True
80,MIX20->MIX40,pyrite_oxidation_aerobic,0.0,0.01058771869659142,0.01058771869659142,,False
80,MIX40->MIX60,calcite,0.0,0.17522581844872634,0.17522581844872634,,True
80,MIX40->MIX60,dolomite,0.3,0.09147867068580316,0.2085213293141968,-69.50710977139894,False
80,MIX40->MIX60,halite,0.0,0.0,0.0,,False
80,MIX40->MIX60,gypsum,0.1,0.03758653125653368,0.06241346874346632,-62.413468743466325,False
80,MIX40->MIX60,CaNa_exch,-0.2,-0.22462093849929618,0.02462093849929617,12.310469249648083,False
80,MIX40->MIX60,albite,0.0,0.1311050735837571,0.1311050735837571,,True
80,MIX40->MIX60,pyrite_oxidation_aerobic,0.0,0.018972998246946985,0.018972998246946985,,False
80,MIX60->DILUTE,calcite,0.1,0.0,0.1,-100.0,False
80,MIX60->DILUTE,dolomite,0.0,0.0,0.0,,False
80,MIX60->DILUTE,halite,0.0,0.061408245414122216,0.061408245414122216,,True
80,MIX60->DILUTE,gypsum,0.0,0.0783743807352706,0.0783743807352706,,True
80,MIX60->DILUTE,CaNa_exch,0.0,0.010282275778784012,0.010282275778784012,,False
80,MIX60->DILUTE,albite,0.0,0.0,0.0,,False
80,MIX60->DILUTE,pyrite_oxidation_aerobic,0.0,0.0,0.0,,False
80,DILUTE->DEEP,calcite,0.0,0.0,0.0,,False
80,DILUTE->DEEP,dolomite,0.0,0.0,0.0,,False
80,DILUTE->DEEP,halite,0.45,0.4356309140954566,0.014369085904543388,-3.193130201009642,False
80,DILUTE->DEEP,gypsum,0.05,0.0011160362700588376,0.048883963729941166,-97.76792745988233,False
80,DILUTE->DEEP,CaNa_exch,-0.6,-0.5757500466710656,0.024249953328934426,-4.041658888155738,False
80,DILUTE->DEEP,albite,0.0,0.21733473662651323,0.21733473662651323,,True
80,DILUTE->DEEP,pyrite_oxidation_aerobic,0.0,0.019076950253877012,0.019076950253877012,,False
80,DEEP->DISCH,calcite,0.1,0.07536198412917808,0.024638015870821928,-24.638015870821928,False
80,DEEP->DISCH,dolomite,0.05,0.014568521589595812,0.03543147841040419,-70.86295682080838,False
80,DEEP->DISCH,halite,0.0,0.08960251545653303,0.08960251545653303,,True
80,DEEP->DISCH,gypsum,0.0,0.07118468678642996,0.07118468678642996,,True
80,DEEP->DISCH,CaNa_exch,0.0,0.08152057531988748,0.08152057531988748,,True
80,DEEP->DISCH,albite,0.0,0.0,0.0,,False
80,DEEP->DISCH,pyrite_oxidation_aerobic,0.0,0.0,0.0,,False
81,RCH->SH15,calcite,0.2,0.3514511491064944,0.15145114910649438,75.72557455324718,False
81,RCH->SH15,dolomite,0.0,0.00616704910621158,0.00616704910621158,,False
81,RCH->SH15,halite,0.0,0.006929746602392004,0.006929746602392004,,False
81,RCH->SH15,gypsum,0.0,0.06573500081166139,0.06573500081166139,,True
81,RCH->SH15,CaNa_exch,0.0,0.005525168405015316,0.005525168405015316,,False
81,RCH->SH15,albite,0.0,0.0,0.0,,False
81,RCH->SH15,pyrite_oxidation_aerobic,0.0,0.0,0.0,,False
81,RCH->SH30,calcite,0.25,0.014724166185329738,0.23527583381467027,-94.1103335258681,False
81,RCH->SH30,dolomite,0.0,0.0,0.0,,False
81,RCH->SH30,halite,0.0,0.0,0.0,,False
81,RCH->SH30,gypsum,0.05,0.005348835882326807,0.0446511641176732,-89.3023282353464,False
81,RCH->SH30,CaNa_exch,0.0,0.11848040397824336,0.11848040397824336,,True
81,RCH->SH30,albite,0.0,0.0,0.0,,False
81,RCH->SH30,pyrite_oxidation_aerobic,0.0,0.011520647013058112,0.011520647013058112,,False
81,SH15->INT1,calcite,2.5,2.6898857110977477,0.18988571109774766,7.595428443909907,False
81,SH15->INT1,dolomite,0.2,0.06496970296884762,0.13503029703115238,-67.51514851557619,False
81,SH15->INT1,halite,0.0,0.0,0.0,,False
81,SH15->INT1,gypsum,0.0,0.0,0.0,,False
81,SH15->INT1,CaNa_exch,0.0,-0.14419448224060102,0.14419448224060102,,True
81,SH15->INT1,albite,0.0,0.06812275899235162,0.06812275899235162,,True
81,SH15->INT1,pyrite_oxidation_aerobic,0.0,0.0,0.0,,False
81,INT1->INT2,calcite,0.0,1.2653562414587605,1.2653562414587605,,True
81,INT1->INT2,dolomite,0.8,0.188786292231978,0.6112137077680221,-76.40171347100275,False
81,INT1->INT2,halite,1.2,1.3504875946562536,0.1504875946562536,12.540632888021134,False
81,INT1->INT2,gypsum,0.3,0.30450002978544144,0.004500029785441451,1.5000099284804835,False
81,INT1->INT2,CaNa_exch,0.0,-0.41728680461888384,0.41728680461888384,,True
81,INT1->INT2,albite,0.0,0.20917203254518274,0.20917203254518274,,True
81,INT1->INT2,pyrite_oxidation_aerobic,0.0,0.0,0.0,,False
81,INT2->MIX20,calcite,0.3,0.0,0.3,-100.0,False
81,INT2->MIX20,dolomite,0.0,0.0,0.0,,False
81,INT2->MIX20,halite,0.0,0.0,0.0,,False
81,INT2->MIX20,gypsum,0.0,0.0,0.0,,False
81,INT2->MIX20,CaNa_exch,-0.15,-0.23373939530922194,0.08373939530922195,55.8262635394813,False
81,INT2->MIX20,albite,0.0,0.0,0.0,,False
81,INT2->MIX20,pyrite_oxidation_aerobic,0.0,0.0038059480552282096,0.0038059480552282096,,False
81,MIX20->MIX40,calcite,0.0,0.2139580393866191,0.2139580393866191,,True
81,MIX20->MIX40,dolomite,0.0,0.0032102949718166764,0.0032102949718166764,,False
81,MIX20->MIX40,halite,0.35,0.06093004888747175,0.2890699511125282,-82.5914146035795,False
81,MIX20->MIX40,gypsum,0.0,0.07497906730582131,0.07497906730582131,,True
81,MIX20->MIX40,CaNa_exch,-0.25,-0.17644696612401722,0.07355303387598278,-29.421213550393112,False
81,MIX20->MIX40,albite,0.0,0.3891815218620632,0.3891815218620632,,True
81,MIX20->MIX40,pyrite_oxidation_aerobic,0.0,0.0,0.0,,False
81,MIX40->MIX60,calcite,0.0,0.3916095407690103,0.3916095407690103,,True
81,MIX40->MIX60,dolomite,0.3,0.08944694664269846,0.2105530533573015,-70.1843511191005,False
81,MIX40->MIX60,halite,0.0,0.0,0.0,,False
81,MIX40->MIX60,gypsum,0.1,0.08091329162316072,0.01908670837683929,-19.08670837683929,False
81,MIX40->MIX60,CaNa_exch,-0.2,-0.2395218494902016,0.0395218494902016,19.760924745100798,False
81,MIX40->MIX60,albite,0.0,0.15583674151825877,0.15583674151825877,,True
81,MIX40->MIX60,pyrite_oxidation_aerobic,0.0,0.0,0.0,,False
81,MIX60->DILUTE,calcite,0.1,0.0,0.1,-100.0,False
81,MIX60->DILUTE,dolomite,0.0,0.0,0.0,,False
81,MIX60->DILUTE,halite,0.0,0.0,0.0,,False
81,MIX60->DILUTE,gypsum,0.0,0.0,0.0,,False
81,MIX60->DILUTE,CaNa_exch,0.0,0.003660993877107326,0.003660993877107326,,False
81,MIX60->DILUTE,albite,0.0,0.0,0.0,,False
81,MIX60->DILUTE,pyrite_oxidation_aerobic,0.0,0.0029911754738241626,0.0029911754738241626,,False
81,DILUTE->DEEP,calcite,0.0,0.0,0.0,,False
81,DILUTE->DEEP,dolomite,0.0,0.0,0.0,,False
81,DILUTE->DEEP,halite,0.45,0.5167414243425351,0.0667414243425351,14.831427631674467,False
81,DILUTE->DEEP,gypsum,0.05,0.06472275540328648,0.014722755403286478,29.445510806572955,False
81,DILUTE->DEEP,CaNa_exch,-0.6,-0.6049869652023009,0.004986965202300908,0.8311608670501514,False
81,DILUTE->DEEP,albite,0.0,0.0,0.0,,False
81,DILUTE->DEEP,pyrite_oxidation_aerobic,0.0,0.0,0.0,,False
81,DEEP->DISCH,calcite,0.1,0.04625551679180791,0.0537444832081921,-53.744483208192094,False
81,DEEP->DISCH,dolomite,0.05,0.03220894062505654,0.017791059374943463,-35.582118749886924,False
81,DEEP->DISCH,halite,0.0,0.0,0.0,,False
81,DEEP->DISCH,gypsum,0.0,0.0,0.0,,False
81,DEEP->DISCH,CaNa_exch,0.0,-0.05820629573331476,0.05820629573331476,,True
81,DEEP->DISCH,albite,0.0,0.0005755124411399719,0.0005755124411399719,,False
81,DEEP->DISCH,pyrite_oxidation_aerobic,0.0,0.007276992694747255,0.007276992694747255,,False
82,RCH->SH15,calcite,0.2,0.0,0.2,-100.0,False
82,RCH->SH15,dolomite,0.0,0.0,0.0,,False
82,RCH->SH15,halite,0.0,0.0,0.0,,False
82,RCH->SH15,gypsum,0.0,0.0,0.0,,False
82,RCH->SH15,CaNa_exch,0.0,0.01567730821103267,0.01567730821103267,,False
82,RCH->SH15,albite,0.0,0.0,0.0,,False
82,RCH->SH15,pyrite_oxidation_aerobic,0.0,0.0,0.0,,False
82,RCH->SH30,calcite,0.25,0.0,0.25,-100.0,False
82,RCH->SH30,dolomite,0.0,0.0,0.0,,False
82,RCH->SH30,halite,0.0,0.0,0.0,,False
82,RCH->SH30,gypsum,0.05,0.0,0.05,-100.0,False
82,RCH->SH30,CaNa_exch,0.0,-0.006405723758101373,0.006405723758101373,,False
82,RCH->SH30,albite,0.0,0.0,0.0,,False
82,RCH->SH30,pyrite_oxidation_aerobic,0.0,0.008284533272558497,0.008284533272558497,,False
82,SH15->INT1,calcite,2.5,3.0001783261853263,0.5001783261853263,20.007133047413053,False
82,SH15->INT1,dolomite,0.2,0.0643386543946934,0.13566134560530663,-67.83067280265331,False
82,SH15->INT1,halite,0.0,0.0,0.0,,False
82,SH15->INT1,gypsum,0.0,0.0,0.0,,False
82,SH15->INT1,CaNa_exch,0.0,-0.13741191408084819,0.13741191408084819,,True
82,SH15->INT1,albite,0.0,0.054006083233269636,0.054006083233269636,,True
82,SH15->INT1,pyrite_oxidation_aerobic,0.0,0.0,0.0,,False
82,INT1->INT2,calcite,0.0,0.0,0.0,,False
82,INT1->INT2,dolomite,0.8,0.0,0.8,-100.0,False
82,INT1->INT2,halite,1.2,1.0338688297329952,0.16613117026700475,-13.844264188917064,False
82,INT1->INT2,gypsum,0.3,0.14894529438188053,0.15105470561811946,-50.351568539373154,False
82,INT1->INT2,CaNa_exch,0.0,-0.5725209332551937,0.5725209332551937,,True
82,INT1->INT2,albite,0.0,0.0,0.0,,False
82,INT1->INT2,pyrite_oxidation_aerobic,0.0,0.018048226747326396,0.018048226747326396,,False
82,INT2->MIX20,calcite,0.3,0.0,0.3,-100.0,False
82,INT2->MIX20,dolomite,0.0,0.0,0.0,,False
82,INT2->MIX20,halite,0.0,0.15793763667275323,0.15793763667275323,,True
82,INT2->MIX20,gypsum,0.0,0.0,0.0,,False
82,INT2->MIX20,CaNa_exch,-0.15,-0.08926584969194647,0.06073415030805353,-40.48943353870235,False
82,INT2->MIX20,albite,0.0,0.0,0.0,,False
82,INT2->MIX20,pyrite_oxidation_aerobic,0.0,0.013641177741783375,0.013641177741783375,,False
82,MIX20->MIX40,calcite,0.0,0.16719636474377036,0.16719636474377036,,True
82,MIX20->MIX40,dolomite,0.0,0.044891416356375544,0.044891416356375544,,False
82,MIX20->MIX40,halite,0.35,0.18982653331309066,0.16017346668690932,-45.76384762483124,False
82,MIX20->MIX40,gypsum,0.0,0.0,0.0,,False
82,MIX20->MIX40,CaNa_exch,-0.25,-0.17728439205351396,0.07271560794648604,-29.08624317859442,False
82,MIX20->MIX40,albite,0.0,0.24119959286619777,0.24119959286619777,,True
82,MIX20->MIX40,pyrite_oxidation_aerobic,0.0,0.0,0.0,,False
82,MIX40->MIX60,calcite,0.0,0.22986387779955347,0.22986387779955347,,True
82,MIX40->MIX60,dolomite,0.3,0.06583380259555187,0.2341661974044481,-78.05539913481604,False
82,MIX40->MIX60,halite,0.0,0.0,0.0,,False
82,MIX40->MIX60,gypsum,0.1,0.04626265912373035,0.053737340876269656,-53.737340876269656,False
82,MIX40->MIX60,CaNa_exch,-0.2,-0.18047194954155898,0.019528050458441026,-9.764025229220513,False
82,MIX40->MIX60,albite,0.0,0.13179644293696727,0.13179644293696727,,True
82,MIX40->MIX60,pyrite_oxidation_aerobic,0.0,0.013483351421026848,0.013483351421026848,,False
82,MIX60->DILUTE,calcite,0.1,0.0250716593710201,0.0749283406289799,-74.92834062897991,False
82,MIX60->DILUTE,dolomite,0.0,0.023611771106108626,0.023611771106108626,,False
82,MIX60->DILUTE,halite,0.0,0.0,0.0,,False
82,MIX60->DILUTE,gypsum,0.0,0.0,0.0,,False
82,MIX60->DILUTE,CaNa_exch,0.0,-0.009337081212162895,0.009337081212162895,,False
82,MIX60->DILUTE,albite,0.0,0.0,0.0,,False
82,MIX60->DILUTE,pyrite_oxidation_aerobic,0.0,0.0,0.0,,False
82,DILUTE->DEEP,calcite,0.0,0.0,0.0,,False
82,DILUTE->DEEP,dolomite,0.0,0.0,0.0,,False
82,DILUTE->DEEP,halite,0.45,0.4392772343591446,0.010722765640855392,-2.382836809078976,False
82,DILUTE->DEEP,gypsum,0.05,0.01764992360615006,0.032350076393849944,-64.70015278769988,False
82,DILUTE->DEEP,CaNa_exch,-0.6,-0.5809340332971062,0.019065966702893733,-3.1776611171489555,False
82,DILUTE->DEEP,albite,0.0,0.0,0.0,,False
82,DILUTE->DEEP,pyrite_oxidation_aerobic,0.0,0.019553783584083745,0.019553783584083745,,False
82,DEEP->DISCH,calcite,0.1,0.06694018265677683,0.03305981734322318,-33.05981734322317,False
82,DEEP->DISCH,dolomite,0.05,0.025215023646630818,0.024784976353369185,-49.56995270673837,False
82,DEEP->DISCH,halite,0.0,0.0,0.0,,False
82,DEEP->DISCH,gypsum,0.0,0.0,0.0,,False
82,DEEP->DISCH,CaNa_exch,0.0,-0.04802980610620679,0.04802980610620679,,False
82,DEEP->DISCH,albite,0.0,0.00660691568370649,0.00660691568370649,,False
82,DEEP->DISCH,pyrite_oxidation_aerobic,0.0,0.0019068603656893222,0.0019068603656893222,,False
83,RCH->SH15,calcite,0.2,0.0,0.2,-100.0,False
83,RCH->SH15,dolomite,0.0,0.0,0.0,,False
83,RCH->SH15,halite,0.0,0.0,0.0,,False
83,RCH->SH15,gypsum,0.0,0.0,0.0,,False
83,RCH->SH15,CaNa_exch,0.0,0.024834044148086317,0.024834044148086317,,False
83,RCH->SH15,albite,0.0,0.0,0.0,,False
83,RCH->SH15,pyrite_oxidation_aerobic,0.0,0.0,0.0,,False
83,RCH->SH30,calcite,0.25,0.0,0.25,-100.0,False
83,RCH->SH30,dolomite,0.0,0.0,0.0,,False
83,RCH->SH30,halite,0.0,0.0,0.0,,False
83,RCH->SH30,gypsum,0.05,0.0,0.05,-100.0,False
83,RCH->SH30,CaNa_exch,0.0,-0.027925394583560526,0.027925394583560526,,False
83,RCH->SH30,albite,0.0,0.0,0.0,,False
83,RCH->SH30,pyrite_oxidation_aerobic,0.0,0.0,0.0,,False
83,SH15->INT1,calcite,2.5,0.07374753805630141,2.4262524619436987,-97.05009847774795,False
83,SH15->INT1,dolomite,0.2,0.0,0.2,-100.0,False
83,SH15->INT1,halite,0.0,0.0,0.0,,False
83,SH15->INT1,gypsum,0.0,0.0,0.0,,False
83,SH15->INT1,CaNa_exch,0.0,1.1807736789704293,1.1807736789704293,,True
83,SH15->INT1,albite,0.0,0.0,0.0,,False
83,SH15->INT1,pyrite_oxidation_aerobic,0.0,0.0,0.0,,False
83,INT1->INT2,calcite,0.0,1.430463395603632,1.430463395603632,,True
83,INT1->INT2,dolomite,0.8,0.17797768704894337,0.6220223129510567,-77.75278911888208,False
83,INT1->INT2,halite,1.2,1.2566089733230275,0.0566089733230275,4.717414443585625,False
83,INT1->INT2,gypsum,0.3,0.2221998865285824,0.07780011347141758,-25.93337115713919,False
83,INT1->INT2,CaNa_exch,0.0,-0.4067826765248623,0.4067826765248623,,True
83,INT1->INT2,albite,0.0,0.1969282804698105,0.1969282804698105,,True
83,INT1->INT2,pyrite_oxidation_aerobic,0.0,0.01521029079007861,0.01521029079007861,,False
83,INT2->MIX20,calcite,0.3,0.0,0.3,-100.0,False
83,INT2->MIX20,dolomite,0.0,0.019863931611221654,0.019863931611221654,,False
83,INT2->MIX20,halite,0.0,0.01203519794191556,0.01203519794191556,,False
83,INT2->MIX20,gypsum,0.0,0.11084626513871287,0.11084626513871287,,True
83,INT2->MIX20,CaNa_exch,-0.15,-0.1115140183385545,0.0384859816614455,-25.65732110763033,False
83,INT2->MIX20,albite,0.0,0.0668161306319274,0.0668161306319274,,True
83,INT2->MIX20,pyrite_oxidation_aerobic,0.0,0.0,0.0,,False
83,MIX20->MIX40,calcite,0.0,0.21830287980844912,0.21830287980844912,,True
83,MIX20->MIX40,dolomite,0.0,0.0034588000092967055,0.0034588000092967055,,False
83,MIX20->MIX40,halite,0.35,0.12457822941635956,0.22542177058364044,-64.40622016675441,False
83,MIX20->MIX40,gypsum,0.0,0.0,0.0,,False
83,MIX20->MIX40,CaNa_exch,-0.25,-0.09276988863630421,0.1572301113636958,-62.89204454547832,False
83,MIX20->MIX40,albite,0.0,0.21636011090875873,0.21636011090875873,,True
83,MIX20->MIX40,pyrite_oxidation_aerobic,0.0,0.0,0.0,,False
83,MIX40->MIX60,calcite,0.0,0.38743034848955404,0.38743034848955404,,True
83,MIX40->MIX60,dolomite,0.3,0.08125117586734204,0.21874882413265795,-72.91627471088599,False
83,MIX40->MIX60,halite,0.0,0.0,0.0,,False
83,MIX40->MIX60,gypsum,0.1,0.06224217332346151,0.03775782667653849,-37.75782667653849,False
83,MIX40->MIX60,CaNa_exch,-0.2,-0.24514694025797296,0.045146940257972945,22.57347012898647,False
83,MIX40->MIX60,albite,0.0,0.21611598730944787,0.21611598730944787,,True
83,MIX40->MIX60,pyrite_oxidation_aerobic,0.0,0.012984912257251546,0.012984912257251546,,False
83,MIX60->DILUTE,calcite,0.1,0.0,0.1,-100.0,False
83,MIX60->DILUTE,dolomite,0.0,0.0,0.0,,False
83,MIX60->DILUTE,halite,0.0,0.024115937962497933,0.024115937962497933,,False
83,MIX60->DILUTE,gypsum,0.0,0.022131927961820442,0.022131927961820442,,False
83,MIX60->DILUTE,CaNa_exch,0.0,-0.08821699202835463,0.08821699202835463,,True
83,MIX60->DILUTE,albite,0.0,0.0,0.0,,False
83,MIX60->DILUTE,pyrite_oxidation_aerobic,0.0,0.0,0.0,,False
83,DILUTE->DEEP,calcite,0.0,0.013973622459487672,0.013973622459487672,,False
83,DILUTE->DEEP,dolomite,0.0,0.003165402546399505,0.003165402546399505,,False
83,DILUTE->DEEP,halite,0.45,0.451841499347763,0.0018414993477630093,0.40922207728066873,False
83,DILUTE->DEEP,gypsum,0.05,0.0335654521510192,0.016434547848980803,-32.869095697961605,False
83,DILUTE->DEEP,CaNa_exch,-0.6,-0.5078947558437383,0.09210524415626165,-15.350874026043607,False
83,DILUTE->DEEP,albite,0.0,0.03275428201066672,0.03275428201066672,,False
83,DILUTE->DEEP,pyrite_oxidation_aerobic,0.0,0.0,0.0,,False
83,DEEP->DISCH,calcite,0.1,0.08633480960158993,0.013665190398410076,-13.665190398410076,False
83,DEEP->DISCH,dolomite,0.05,0.017365163931358455,0.03263483606864155,-65.2696721372831,False
83,DEEP->DISCH,halite,0.0,0.0,0.0,,False
83,DEEP->DISCH,gypsum,0.0,0.006297724391636984,0.006297724391636984,,False
83,DEEP->DISCH,CaNa_exch,0.0,-0.020964535254425532,0.020964535254425532,,False
83,DEEP->DISCH,albite,0.0,0.0,0.0,,False
83,DEEP->DISCH,pyrite_oxidation_aerobic,0.0,0.012410041651860979,0.012410041651860979,,False
84,RCH->SH15,calcite,0.2,0.03766374543167963,0.16233625456832038,-81.16812728416018,False
84,RCH->SH15,dolomite,0.0,0.0,0.0,,False
84,RCH->SH15,halite,0.0,0.0,0.0,,False
84,RCH->SH15,gypsum,0.0,0.0,0.0,,False
84,RCH->SH15,CaNa_exch,0.0,0.0897925224875576,0.0897925224875576,,True
84,RCH->SH15,albite,0.0,0.0,0.0,,False
84,RCH->SH15,pyrite_oxidation_aerobic,0.0,0.0,0.0,,False
84,RCH->SH30,calcite,0.25,0.08398562913475836,0.16601437086524162,-66.40574834609664,False
84,RCH->SH30,dolomite,0.0,0.0,0.0,,False
84,RCH->SH30,halite,0.0,0.0,0.0,,False
84,RCH->SH30,gypsum,0.05,0.02947287060650669,0.020527129393493312,-41.05425878698662,False
84,RCH->SH30,CaNa_exch,0.0,0.0964580326287583,0.0964580326287583,,True
84,RCH->SH30,albite,0.0,0.0,0.0,,False
84,RCH->SH30,pyrite_oxidation_aerobic,0.0,0.0,0.0,,False
84,SH15->INT1,calcite,2.5,2.840592581503097,0.3405925815030968,13.623703260123872,False
84,SH15->INT1,dolomite,0.2,0.055174898563355966,0.14482510143664404,-72.41255071832202,False
84,SH15->INT1,halite,0.0,0.0,0.0,,False
84,SH15->INT1,gypsum,0.0,0.0,0.0,,False
84,SH15->INT1,CaNa_exch,0.0,-0.10974994116358658,0.10974994116358658,,True
84,SH15->INT1,albite,0.0,0.02608804181903849,0.02608804181903849,,False
84,SH15->INT1,pyrite_oxidation_aerobic,0.0,0.001053626075044991,0.001053626075044991,,False
84,INT1->INT2,calcite,0.0,1.2079536822705212,1.2079536822705212,,True
84,INT1->INT2,dolomite,0.8,0.1570334746856596,0.6429665253143404,-80.37081566429254,False
84,INT1->INT2,halite,1.2,0.6245635954866923,0.5754364045133077,-47.95303370944231,False
84,INT1->INT2,gypsum,0.3,0.36999581900179723,0.06999581900179724,23.33193966726575,False
84,INT1->INT2,CaNa_exch,0.0,-0.3264959324361633,0.3264959324361633,,True
84,INT1->INT2,albite,0.0,0.15155642915726644,0.15155642915726644,,True
84,INT1->INT2,pyrite_oxidation_aerobic,0.0,0.0,0.0,,False
84,INT2->MIX20,calcite,0.3,0.0,0.3,-100.0,False
84,INT2->MIX20,dolomite,0.0,0.0,0.0,,False
84,INT2->MIX20,halite,0.0,0.014666726070126422,0.014666726070126422,,False
84,INT2->MIX20,gypsum,0.0,0.0,0.0,,False
84,INT2->MIX20,CaNa_exch,-0.15,-0.08458453124315551,0.06541546875684448,-43.61031250456299,False
84,INT2->MIX20,albite,0.0,0.022788766393355343,0.022788766393355343,,False
84,INT2->MIX20,pyrite_oxidation_aerobic,0.0,0.0,0.0,,False
84,MIX20->MIX40,calcite,0.0,0.10592308956221448,0.10592308956221448,,True
84,MIX20->MIX40,dolomite,0.0,0.011459515909979772,0.011459515909979772,,False
84,MIX20->MIX40,halite,0.35,0.05150088402235582,0.29849911597764417,-85.28546170789835,False
84,MIX20->MIX40,gypsum,0.0,0.0,0.0,,False
84,MIX20->MIX40,CaNa_exch,-0.25,-0.13771526254732996,0.11228473745267004,-44.91389498106801,False
84,MIX20->MIX40,albite,0.0,0.29272030652887043,0.29272030652887043,,True
84,MIX20->MIX40,pyrite_oxidation_aerobic,0.0,0.00040977407441053325,0.00040977407441053325,,False
84,MIX40->MIX60,calcite,0.0,0.10418621802493928,0.10418621802493928,,True
84,MIX40->MIX60,dolomite,0.3,0.12154835657907538,0.17845164342092462,-59.48388114030821,False
84,MIX40->MIX60,halite,0.0,0.0,0.0,,False
84,MIX40->MIX60,gypsum,0.1,0.07676393548031062,0.02323606451968939,-23.23606451968939,False
84,MIX40->MIX60,CaNa_exch,-0.2,-0.30346186451353935,0.10346186451353934,51.73093225676966,False
84,MIX40->MIX60,albite,0.0,0.17330509236406086,0.17330509236406086,,True
84,MIX40->MIX60,pyrite_oxidation_aerobic,0.0,0.01128319676751729,0.01128319676751729,,False
84,MIX60->DILUTE,calcite,0.1,0.0,0.1,-100.0,False
84,MIX60->DILUTE,dolomite,0.0,0.0,0.0,,False
84,MIX60->DILUTE,halite,0.0,0.0,0.0,,False
84,MIX60->DILUTE,gypsum,0.0,0.0,0.0,,False
84,MIX60->DILUTE,CaNa_exch,0.0,0.05133298120656674,0.05133298120656674,,True
84,MIX60->DILUTE,albite,0.0,0.0,0.0,,False
84,MIX60->DILUTE,pyrite_oxidation_aerobic,0.0,0.0,0.0,,False
84,DILUTE->DEEP,calcite,0.0,0.0,0.0,,False
84,DILUTE->DEEP,dolomite,0.0,0.0,0.0,,False
84,DILUTE->DEEP,halite,0.45,0.3639541669268587,0.08604583307314129,-19.121296238475843,False
84,DILUTE->DEEP,gypsum,0.05,0.10144846617834022,0.051448466178340216,102.89693235668042,False
84,DILUTE->DEEP,CaNa_exch,-0.6,-0.5837121473600987,0.01628785263990129,-2.7146421066502153,False
84,DILUTE->DEEP,albite,0.0,0.0,0.0,,False
84,DILUTE->DEEP,pyrite_oxidation_aerobic,0.0,0.0,0.0,,False
84,DEEP->DISCH,calcite,0.1,0.23702668905249052,0.13702668905249052,137.0266890524905,False
84,DEEP->DISCH,dolomite,0.05,0.03378046332880153,0.01621953667119847,-32.43907334239694,False
84,DEEP->DISCH,halite,0.0,0.0,0.0,,False
84,DEEP->DISCH,gypsum,0.0,0.010576630640202603,0.010576630640202603,,False
84,DEEP->DISCH,CaNa_exch,0.0,-0.08109828021068151,0.08109828021068151,,True
84,DEEP->DISCH,albite,0.0,0.04544531577732024,0.04544531577732024,,False
84,DEEP->DISCH,pyrite_oxidation_aerobic,0.0,0.0008310187371967659,0.0008310187371967659,,False
85,RCH->SH15,calcite,0.2,0.35701702127236806,0.15701702127236805,78.50851063618403,False
85,RCH->SH15,dolomite,0.0,0.013819804167374168,0.013819804167374168,,False
85,RCH->SH15,halite,0.0,0.0,0.0,,False
85,RCH->SH15,gypsum,0.0,0.04425798519801763,0.04425798519801763,,False
85,RCH->SH15,CaNa_exch,0.0,-0.017046529226385804,0.017046529226385804,,False
85,RCH->SH15,albite,0.0,0.0,0.0,,False
85,RCH->SH15,pyrite_oxidation_aerobic,0.0,0.0,0.0,,False
85,RCH->SH30,calcite,0.25,0.0,0.25,-100.0,False
85,RCH->SH30,dolomite,0.0,0.0,0.0,,False
85,RCH->SH30,halite,0.0,0.0,0.0,,False
85,RCH->SH30,gypsum,0.05,0.0,0.05,-100.0,False
85,RCH->SH30,CaNa_exch,0.0,0.1699023969810401,0.1699023969810401,,True
85,RCH->SH30,albite,0.0,0.0,0.0,,False
85,RCH->SH30,pyrite_oxidation_aerobic,0.0,0.005919141598598062,0.005919141598598062,,False
85,SH15->INT1,calcite,2.5,2.898064129545045,0.3980641295450451,15.922565181801804,False
85,SH15->INT1,dolomite,0.2,0.062229576870644294,0.13777042312935572,-68.88521156467786,False
85,SH15->INT1,halite,0.0,0.013108041264738806,0.013108041264738806,,False
85,SH15->INT1,gypsum,0.0,0.0,0.0,,False
85,SH15->INT1,CaNa_exch,0.0,-0.12037783568314961,0.12037783568314961,,True
85,SH15->INT1,albite,0.0,0.030507186233460225,0.030507186233460225,,False
85,SH15->INT1,pyrite_oxidation_aerobic,0.0,0.005612152220032183,0.005612152220032183,,False
85,INT1->INT2,calcite,0.0,1.2601272770274305,1.2601272770274305,,True
85,INT1->INT2,dolomite,0.8,0.19583504951774988,0.6041649504822502,-75.52061881028126,False
85,INT1->INT2,halite,1.2,0.6690750896594493,0.5309249103405507,-44.24374252837922,False
85,INT1->INT2,gypsum,0.3,0.1746240310858094,0.1253759689141906,-41.79198963806353,False
85,INT1->INT2,CaNa_exch,0.0,-0.48319930006400313,0.48319930006400313,,True
85,INT1->INT2,albite,0.0,0.239428616998582,0.239428616998582,,True
85,INT1->INT2,pyrite_oxidation_aerobic,0.0,0.03208901555128248,0.03208901555128248,,False
85,INT2->MIX20,calcite,0.3,0.036553323712501785,0.2634466762874982,-87.81555876249939,False
85,INT2->MIX20,dolomite,0.0,0.00019256070573046402,0.00019256070573046402,,False
85,INT2->MIX20,halite,0.0,0.22154007277352103,0.22154007277352103,,True
85,INT2->MIX20,gypsum,0.0,0.0,0.0,,False
85,INT2->MIX20,CaNa_exch,-0.15,-0.018513737659975625,0.13148626234002436,-87.6575082266829,False
85,INT2->MIX20,albite,0.0,0.04541781809060051,0.04541781809060051,,False
85,INT2->MIX20,pyrite_oxidation_aerobic,0.0,0.005636542281854036,0.005636542281854036,,False
85,MIX20->MIX40,calcite,0.0,0.20659615557179326,0.20659615557179326,,True
85,MIX20->MIX40,dolomite,0.0,0.0032652402823104662,0.0032652402823104662,,False
85,MIX20->MIX40,halite,0.35,0.12356123906138958,0.2264387609386104,-64.69678883960297,False
85,MIX20->MIX40,gypsum,0.0,0.08429991978226913,0.08429991978226913,,True
85,MIX20->MIX40,CaNa_exch,-0.25,-0.07405348756032692,0.17594651243967308,-70.37860497586922,False
85,MIX20->MIX40,albite,0.0,0.1282901784838548,0.1282901784838548,,True
85,MIX20->MIX40,pyrite_oxidation_aerobic,0.0,0.0,0.0,,False
85,MIX40->MIX60,calcite,0.0,0.27107363911275634,0.27107363911275634,,True
85,MIX40->MIX60,dolomite,0.3,0.11278664273070786,0.1872133572692921,-62.404452423097375,False
85,MIX40->MIX60,halite,0.0,0.0,0.0,,False
85,MIX40->MIX60,gypsum,0.1,0.03439240217194851,0.06560759782805149,-65.6075978280515,False
85,MIX40->MIX60,CaNa_exch,-0.2,-0.29516962711382944,0.09516962711382942,47.58481355691471,False
85,MIX40->MIX60,albite,0.0,0.213187983875377,0.213187983875377,,True
85,MIX40->MIX60,pyrite_oxidation_aerobic,0.0,0.010089121064641951,0.010089121064641951,,False
85,MIX60->DILUTE,calcite,0.1,0.0,0.1,-100.0,False
85,MIX60->DILUTE,dolomite,0.0,0.0,0.0,,False
85,MIX60->DILUTE,halite,0.0,0.0,0.0,,False
85,MIX60->DILUTE,gypsum,0.0,0.0,0.0,,False
85,MIX60->DILUTE,CaNa_exch,0.0,0.09856190612101569,0.09856190612101569,,True
85,MIX60->DILUTE,albite,0.0,0.0,0.0,,False
85,MIX60->DILUTE,pyrite_oxidation_aerobic,0.0,0.0,0.0,,False
85,DILUTE->DEEP,calcite,0.0,0.0,0.0,,False
85,DILUTE->DEEP,dolomite,0.0,0.0,0.0,,False
85,DILUTE->DEEP,halite,0.45,0.3274977991638135,0.12250220083618651,-27.22271129693034,False
85,DILUTE->DEEP,gypsum,0.05,0.051170682714102286,0.0011706827141022835,2.341365428204567,False
85,DILUTE->DEEP,CaNa_exch,-0.6,-0.7206240529161323,0.12062405291613232,20.104008819355386,False
85,DILUTE->DEEP,albite,0.0,0.0,0.0,,False
85,DILUTE->DEEP,pyrite_oxidation_aerobic,0.0,0.014750694089394141,0.014750694089394141,,False
85,DEEP->DISCH,calcite,0.1,0.0665522888564939,0.0334477111435061,-33.4477111435061,False
85,DEEP->DISCH,dolomite,0.05,0.0,0.05,-100.0,False
85,DEEP->DISCH,halite,0.0,0.11422046356806707,0.11422046356806707,,True
85,DEEP->DISCH,gypsum,0.0,0.0,0.0,,False
85,DEEP->DISCH,CaNa_exch,0.0,0.15994816051950436,0.15994816051950436,,True
85,DEEP->DISCH,albite,0.0,0.0,0.0,,False
85,DEEP->DISCH,pyrite_oxidation_aerobic,0.0,0.0,0.0,,False
86,RCH->SH15,calcite,0.2,0.0,0.2,-100.0,False
86,RCH->SH15,dolomite,0.0,0.0,0.0,,False
86,RCH->SH15,halite,0.0,0.035847696110052035,0.035847696110052035,,False
86,RCH->SH15,gypsum,0.0,0.015608009340243948,0.015608009340243948,,False
86,RCH->SH15,CaNa_exch,0.0,0.1650460243148408,0.1650460243148408,,True
86,RCH->SH15,albite,0.0,0.0,0.0,,False
86,RCH->SH15,pyrite_oxidation_aerobic,0.0,0.0,0.0,,False
86,RCH->SH30,calcite,0.25,0.0,0.25,-100.0,False
86,RCH->SH30,dolomite,0.0,0.0,0.0,,False
86,RCH->SH30,halite,0.0,0.0,0.0,,False
86,RCH->SH30,gypsum,0.05,0.0,0.05,-100.0,False
86,RCH->SH30,CaNa_exch,0.0,0.1773975491924429,0.1773975491924429,,True
86,RCH->SH30,albite,0.0,0.0,0.0,,False
86,RCH->SH30,pyrite_oxidation_aerobic,0.0,0.031916870129195994,0.031916870129195994,,False
86,SH15->INT1,calcite,2.5,2.5902510518623125,0.09025105186231253,3.610042074492501,False
86,SH15->INT1,dolomite,0.2,0.05822347196138508,0.14177652803861493,-70.88826401930746,False
86,SH15->INT1,halite,0.0,0.0,0.0,,False
86,SH15->INT1,gypsum,0.0,0.0,0.0,,False
86,SH15->INT1,CaNa_exch,0.0,-0.13585928066811886,0.13585928066811886,,True
86,SH15->INT1,albite,0.0,0.07764278465292883,0.07764278465292883,,True
86,SH15->INT1,pyrite_oxidation_aerobic,0.0,0.007238680707555918,0.007238680707555918,,False
86,INT1->INT2,calcite,0.0,1.0586152581950714,1.0586152581950714,,True
86,INT1->INT2,dolomite,0.8,0.21634935174595948,0.5836506482540406,-72.95633103175507,False
86,INT1->INT2,halite,1.2,1.146577769622909,0.05342223037709104,-4.451852531424254,False
86,INT1->INT2,gypsum,0.3,0.25729696757548043,0.04270303242451956,-14.234344141506519,False
86,INT1->INT2,CaNa_exch,0.0,-0.5466012961024381,0.5466012961024381,,True
86,INT1->INT2,albite,0.0,0.2692699314013296,0.2692699314013296,,True
86,INT1->INT2,pyrite_oxidation_aerobic,0.0,0.026394181989794888,0.026394181989794888,,False
86,INT2->MIX20,calcite,0.3,0.0,0.3,-100.0,False
86,INT2->MIX20,dolomite,0.0,0.0,0.0,,False
86,INT2->MIX20,halite,0.0,0.013827767242790499,0.013827767242790499,,False
86,INT2->MIX20,gypsum,0.0,0.10541335243042302,0.10541335243042302,,True
86,INT2->MIX20,CaNa_exch,-0.15,0.21593064512416668,0.3659306451241667,-243.95376341611112,False
86,INT2->MIX20,albite,0.0,0.0,0.0,,False
86,INT2->MIX20,pyrite_oxidation_aerobic,0.0,0.0,0.0,,False
86,MIX20->MIX40,calcite,0.0,0.19817379474495414,0.19817379474495414,,True
86,MIX20->MIX40,dolomite,0.0,0.013075965540379837,0.013075965540379837,,False
86,MIX20->MIX40,halite,0.35,0.05248536577482226,0.2975146342251777,-85.00418120719364,False
86,MIX20->MIX40,gypsum,0.0,0.010014038720582341,0.010014038720582341,,False
86,MIX20->MIX40,CaNa_exch,-0.25,-0.20707911030178205,0.042920889698217946,-17.168355879287176,False
86,MIX20->MIX40,albite,0.0,0.45384887032171883,0.45384887032171883,,True
86,MIX20->MIX40,pyrite_oxidation_aerobic,0.0,0.0,0.0,,False
86,MIX40->MIX60,calcite,0.0,0.22050006128590466,0.22050006128590466,,True
86,MIX40->MIX60,dolomite,0.3,0.09650007188174684,0.20349992811825315,-67.83330937275106,False
86,MIX40->MIX60,halite,0.0,0.0,0.0,,False
86,MIX40->MIX60,gypsum,0.1,0.05629135008255356,0.04370864991744645,-43.708649917446444,False
86,MIX40->MIX60,CaNa_exch,-0.2,-0.24069542785328324,0.04069542785328323,20.34771392664161,False
86,MIX40->MIX60,albite,0.0,0.13934258541247108,0.13934258541247108,,True
86,MIX40->MIX60,pyrite_oxidation_aerobic,0.0,0.017967735191691734,0.017967735191691734,,False
86,MIX60->DILUTE,calcite,0.1,0.0,0.1,-100.0,False
86,MIX60->DILUTE,dolomite,0.0,0.0,0.0,,False
86,MIX60->DILUTE,halite,0.0,0.0,0.0,,False
86,MIX60->DILUTE,gypsum,0.0,0.0,0.0,,False
86,MIX60->DILUTE,CaNa_exch,0.0,0.027391053137702546,0.027391053137702546,,False
86,MIX60->DILUTE,albite,0.0,0.0,0.0,,False
86,MIX60->DILUTE,pyrite_oxidation_aerobic,0.0,0.0,0.0,,False
86,DILUTE->DEEP,calcite,0.0,0.0,0.0,,False
86,DILUTE->DEEP,dolomite,0.0,0.0,0.0,,False
86,DILUTE->DEEP,halite,0.45,0.0,0.45,-100.0,False
86,DILUTE->DEEP,gypsum,0.05,0.07707764875530924,0.02707764875530924,54.15529751061848,False
86,DILUTE->DEEP,CaNa_exch,-0.6,-0.4675248277876024,0.13247517221239757,-22.07919536873293,False
86,DILUTE->DEEP,albite,0.0,0.0,0.0,,False
86,DILUTE->DEEP,pyrite_oxidation_aerobic,0.0,0.0,0.0,,False
86,DEEP->DISCH,calcite,0.1,0.2013325165339248,0.1013325165339248,101.3325165339248,False
86,DEEP->DISCH,dolomite,0.05,0.011202886922905787,0.038797113077094214,-77.59422615418842,False
86,DEEP->DISCH,halite,0.0,0.0,0.0,,False
86,DEEP->DISCH,gypsum,0.0,0.0,0.0,,False
86,DEEP->DISCH,CaNa_exch,0.0,-0.050098611127022324,0.050098611127022324,,True
86,DEEP->DISCH,albite,0.0,0.07483354577921263,0.07483354577921263,,True
86,DEEP->DISCH,pyrite_oxidation_aerobic,0.0,0.006469837967735503,0.006469837967735503,,False
87,RCH->SH15,calcite,0.2,0.049579663923512624,0.1504203360764874,-75.2101680382437,False
87,RCH->SH15,dolomite,0.0,0.0,0.0,,False
87,RCH->SH15,halite,0.0,0.0,0.0,,False
87,RCH->SH15,gypsum,0.0,0.0,0.0,,False
87,RCH->SH15,CaNa_exch,0.0,0.09595330775034445,0.09595330775034445,,True
87,RCH->SH15,albite,0.0,0.0,0.0,,False
87,RCH->SH15,pyrite_oxidation_aerobic,0.0,0.0,0.0,,False
87,RCH->SH30,calcite,0.25,0.08036322544773113,0.1696367745522689,-67.85470982090756,False
87,RCH->SH30,dolomite,0.0,0.0,0.0,,False
87,RCH->SH30,halite,0.0,0.0,0.0,,False
87,RCH->SH30,gypsum,0.05,0.0825393132160368,0.0325393132160368,65.07862643207359,False
87,RCH->SH30,CaNa_exch,0.0,0.1432389864240042,0.1432389864240042,,True
87,RCH->SH30,albite,0.0,0.0,0.0,,False
87,RCH->SH30,pyrite_oxidation_aerobic,0.0,0.0,0.0,,False
87,SH15->INT1,calcite,2.5,2.8212732900855695,0.3212732900855695,12.85093160342278,False
87,SH15->INT1,dolomite,0.2,0.05771196842215181,0.1422880315778482,-71.1440157889241,False
87,SH15->INT1,halite,0.0,0.0,0.0,,False
87,SH15->INT1,gypsum,0.0,0.0017559713784723605,0.0017559713784723605,,False
87,SH15->INT1,CaNa_exch,0.0,-0.13449579400498965,0.13449579400498965,,True
87,SH15->INT1,albite,0.0,0.07565786615697007,0.07565786615697007,,True
87,SH15->INT1,pyrite_oxidation_aerobic,0.0,0.008692229744466526,0.008692229744466526,,False
87,INT1->INT2,calcite,0.0,0.9981802806497232,0.9981802806497232,,True
87,INT1->INT2,dolomite,0.8,0.18804639348839564,0.6119536065116045,-76.49420081395056,False
87,INT1->INT2,halite,1.2,1.179397808492206,0.020602191507793854,-1.7168492923161547,False
87,INT1->INT2,gypsum,0.3,0.19889421411627872,0.10110578588372127,-33.70192862790709,False
87,INT1->INT2,CaNa_exch,0.0,-0.4657380094833437,0.4657380094833437,,True
87,INT1->INT2,albite,0.0,0.21928038291790414,0.21928038291790414,,True
87,INT1->INT2,pyrite_oxidation_aerobic,0.0,0.026478406975614113,0.026478406975614113,,False
87,INT2->MIX20,calcite,0.3,0.19849361731035037,0.10150638268964962,-33.835460896549876,False
87,INT2->MIX20,dolomite,0.0,0.01233969859966059,0.01233969859966059,,False
87,INT2->MIX20,halite,0.0,0.15624849706518723,0.15624849706518723,,True
87,INT2->MIX20,gypsum,0.0,0.01866043692662062,0.01866043692662062,,False
87,INT2->MIX20,CaNa_exch,-0.15,-0.06752684303574977,0.08247315696425023,-54.98210464283349,False
87,INT2->MIX20,albite,0.0,0.10395824935151193,0.10395824935151193,,True
87,INT2->MIX20,pyrite_oxidation_aerobic,0.0,0.010903498180275818,0.010903498180275818,,False
87,MIX20->MIX40,calcite,0.0,0.0,0.0,,False
87,MIX20->MIX40,dolomite,0.0,0.021065999887285455,0.021065999887285455,,False
87,MIX20->MIX40,halite,0.35,0.001162708967622886,0.3488372910323771,-99.66779743782205,False
87,MIX20->MIX40,gypsum,0.0,0.0,0.0,,False
87,MIX20->MIX40,CaNa_exch,-0.25,-0.18443421060058163,0.06556578939941837,-26.22631575976735,False
87,MIX20->MIX40,albite,0.0,0.29582492526503984,0.29582492526503984,,True
87,MIX20->MIX40,pyrite_oxidation_aerobic,0.0,0.0,0.0,,False
87,MIX40->MIX60,calcite,0.0,0.3598450775704779,0.3598450775704779,,True
87,MIX40->MIX60,dolomite,0.3,0.07162861768828689,0.2283713823117131,-76.12379410390437,False
87,MIX40->MIX60,halite,0.0,0.0,0.0,,False
87,MIX40->MIX60,gypsum,0.1,0.055839030424188,0.044160969575812004,-44.160969575812004,False
87,MIX40->MIX60,CaNa_exch,-0.2,-0.1755931262204822,0.024406873779517807,-12.203436889758903,False
87,MIX40->MIX60,albite,0.0,0.08873454772077734,0.08873454772077734,,True
87,MIX40->MIX60,pyrite_oxidation_aerobic,0.0,0.010714916408910218,0.010714916408910218,,False
87,MIX60->DILUTE,calcite,0.1,0.0,0.1,-100.0,False
87,MIX60->DILUTE,dolomite,0.0,0.0,0.0,,False
87,MIX60->DILUTE,halite,0.0,0.013988773504188149,0.013988773504188149,,False
87,MIX60->DILUTE,gypsum,0.0,0.025325965100171658,0.025325965100171658,,False
87,MIX60->DILUTE,CaNa_exch,0.0,0.04082247884443554,0.04082247884443554,,False
87,MIX60->DILUTE,albite,0.0,0.0,0.0,,False
87,MIX60->DILUTE,pyrite_oxidation_aerobic,0.0,0.0,0.0,,False
87,DILUTE->DEEP,calcite,0.0,0.0,0.0,,False
87,DILUTE->DEEP,dolomite,0.0,0.0,0.0,,False
87,DILUTE->DEEP,halite,0.45,0.38070541583614564,0.06929458416385437,-15.398796480856525,False
87,DILUTE->DEEP,gypsum,0.05,0.0,0.05,-100.0,False
87,DILUTE->DEEP,CaNa_exch,-0.6,-0.6688249928320139,0.06882499283201393,11.470832138668989,False
87,DILUTE->DEEP,albite,0.0,0.0,0.0,,False
87,DILUTE->DEEP,pyrite_oxidation_aerobic,0.0,0.01917432624726237,0.01917432624726237,,False
87,DEEP->DISCH,calcite,0.1,0.13560183865892556,0.03560183865892555,35.601838658925544,False
87,DEEP->DISCH,dolomite,0.05,0.009757780687121758,0.04024221931287825,-80.48443862575648,False
87,DEEP->DISCH,halite,0.0,0.039086031916473585,0.039086031916473585,,False
87,DEEP->DISCH,gypsum,0.0,0.02329562169730104,0.02329562169730104,,False
87,DEEP->DISCH,CaNa_exch,0.0,-0.018200440089578322,0.018200440089578322,,False
87,DEEP->DISCH,albite,0.0,0.0,0.0,,False
87,DEEP->DISCH,pyrite_oxidation_aerobic,0.0,0.0,0.0,,False
88,RCH->SH15,calcite,0.2,0.0821369749131803,0.11786302508681971,-58.93151254340986,False
88,RCH->SH15,dolomite,0.0,0.0,0.0,,False
88,RCH->SH15,halite,0.0,0.0,0.0,,False
88,RCH->SH15,gypsum,0.0,0.0,0.0,,False
88,RCH->SH15,CaNa_exch,0.0,0.08361385176647146,0.08361385176647146,,True
88,RCH->SH15,albite,0.0,0.0,0.0,,False
88,RCH->SH15,pyrite_oxidation_aerobic,0.0,0.0,0.0,,False
88,RCH->SH30,calcite,0.25,0.0,0.25,-100.0,False
88,RCH->SH30,dolomite,0.0,0.0,0.0,,False
88,RCH->SH30,halite,0.0,0.0,0.0,,False
88,RCH->SH30,gypsum,0.05,0.0,0.05,-100.0,False
88,RCH->SH30,CaNa_exch,0.0,0.07327010418636538,0.07327010418636538,,True
88,RCH->SH30,albite,0.0,0.0,0.0,,False
88,RCH->SH30,pyrite_oxidation_aerobic,0.0,0.010214991373416058,0.010214991373416058,,False
88,SH15->INT1,calcite,2.5,2.7092919036017458,0.20929190360174577,8.37167614406983,False
88,SH15->INT1,dolomite,0.2,0.054920796825706324,0.14507920317429368,-72.53960158714683,False
88,SH15->INT1,halite,0.0,0.0033413074102735993,0.0033413074102735993,,False
88,SH15->INT1,gypsum,0.0,0.0,0.0,,False
88,SH15->INT1,CaNa_exch,0.0,-0.11681437344503492,0.11681437344503492,,True
88,SH15->INT1,albite,0.0,0.04489256791030014,0.04489256791030014,,False
88,SH15->INT1,pyrite_oxidation_aerobic,0.0,0.0,0.0,,False
88,INT1->INT2,calcite,0.0,1.6009264347903842,1.6009264347903842,,True
88,INT1->INT2,dolomite,0.8,0.18540049427715602,0.614599505722844,-76.8249382153555,False
88,INT1->INT2,halite,1.2,0.6661095777295598,0.5338904222704401,-44.49086852253668,False
88,INT1->INT2,gypsum,0.3,0.2737433735715004,0.026256626428499574,-8.752208809499859,False
88,INT1->INT2,CaNa_exch,0.0,-0.5000107861189492,0.5000107861189492,,True
88,INT1->INT2,albite,0.0,0.2788531786402406,0.2788531786402406,,True
88,INT1->INT2,pyrite_oxidation_aerobic,0.0,0.0,0.0,,False
88,INT2->MIX20,calcite,0.3,0.09763214244525782,0.20236785755474218,-67.4559525182474,False
88,INT2->MIX20,dolomite,0.0,0.015143928217643883,0.015143928217643883,,False
88,INT2->MIX20,halite,0.0,0.06721034140333917,0.06721034140333917,,True
88,INT2->MIX20,gypsum,0.0,0.0,0.0,,False
88,INT2->MIX20,CaNa_exch,-0.15,-0.05537049839972904,0.09462950160027095,-63.08633440018063,False
88,INT2->MIX20,albite,0.0,0.07027856807783556,0.07027856807783556,,True
88,INT2->MIX20,pyrite_oxidation_aerobic,0.0,0.0,0.0,,False
88,MIX20->MIX40,calcite,0.0,0.0,0.0,,False
88,MIX20->MIX40,dolomite,0.0,0.005172840176647714,0.005172840176647714,,False
88,MIX20->MIX40,halite,0.35,0.24082004204823917,0.1091799579517608,-31.19427370050309,False
88,MIX20->MIX40,gypsum,0.0,0.0,0.0,,False
88,MIX20->MIX40,CaNa_exch,-0.25,-0.09766101663014816,0.15233898336985185,-60.93559334794074,False
88,MIX20->MIX40,albite,0.0,0.0861294632657724,0.0861294632657724,,True
88,MIX20->MIX40,pyrite_oxidation_aerobic,0.0,0.0,0.0,,False
88,MIX40->MIX60,calcite,0.0,0.2628673556494977,0.2628673556494977,,True
88,MIX40->MIX60,dolomite,0.3,0.09454241269161234,0.20545758730838765,-68.48586243612921,False
88,MIX40->MIX60,halite,0.0,0.0,0.0,,False
88,MIX40->MIX60,gypsum,0.1,0.17137019890773247,0.07137019890773247,71.37019890773246,False
88,MIX40->MIX60,CaNa_exch,-0.2,-0.32346073311671375,0.12346073311671374,61.73036655835686,False
88,MIX40->MIX60,albite,0.0,0.29752587330372315,0.29752587330372315,,True
88,MIX40->MIX60,pyrite_oxidation_aerobic,0.0,0.0,0.0,,False
88,MIX60->DILUTE,calcite,0.1,0.0,0.1,-100.0,False
88,MIX60->DILUTE,dolomite,0.0,0.0,0.0,,False
88,MIX60->DILUTE,halite,0.0,0.0,0.0,,False
88,MIX60->DILUTE,gypsum,0.0,0.0,0.0,,False
88,MIX60->DILUTE,CaNa_exch,0.0,0.00959988914580443,0.00959988914580443,,False
88,MIX60->DILUTE,albite,0.0,0.0,0.0,,False
88,MIX60->DILUTE,pyrite_oxidation_aerobic,0.0,0.0,0.0,,False
88,DILUTE->DEEP,calcite,0.0,0.0,0.0,,False
88,DILUTE->DEEP,dolomite,0.0,0.0,0.0,,False
88,DILUTE->DEEP,halite,0.45,0.386140406354594,0.063859593645406,-14.191020810090222,False
88,DILUTE->DEEP,gypsum,0.05,0.11634277732296237,0.06634277732296237,132.68555464592473,False
88,DILUTE->DEEP,CaNa_exch,-0.6,-0.5321500575255359,0.06784994247446408,-11.308323745744014,False
88,DILUTE->DEEP,albite,0.0,0.0,0.0,,False
88,DILUTE->DEEP,pyrite_oxidation_aerobic,0.0,0.0,0.0,,False
88,DEEP->DISCH,calcite,0.1,0.0,0.1,-100.0,False
88,DEEP->DISCH,dolomite,0.05,0.0,0.05,-100.0,False
88,DEEP->DISCH,halite,0.0,0.0,0.0,,False
88,DEEP->DISCH,gypsum,0.0,0.0,0.0,,False
88,DEEP->DISCH,CaNa_exch,0.0,-0.03704354715452036,0.03704354715452036,,False
88,DEEP->DISCH,albite,0.0,0.0,0.0,,False
88,DEEP->DISCH,pyrite_oxidation_aerobic,0.0,0.0,0.0,,False
89,RCH->SH15,calcite,0.2,0.07143545248298516,0.12856454751701485,-64.28227375850742,False
89,RCH->SH15,dolomite,0.0,0.0,0.0,,False
89,RCH->SH15,halite,0.0,0.0,0.0,,False
89,RCH->SH15,gypsum,0.0,0.0,0.0,,False
89,RCH->SH15,CaNa_exch,0.0,0.056765880971491545,0.056765880971491545,,True
89,RCH->SH15,albite,0.0,0.0,0.0,,False
89,RCH->SH15,pyrite_oxidation_aerobic,0.0,0.0,0.0,,False
89,RCH->SH30,calcite,0.25,0.0,0.25,-100.0,False
89,RCH->SH30,dolomite,0.0,0.0,0.0,,False
89,RCH->SH30,halite,0.0,0.0,0.0,,False
89,RCH->SH30,gypsum,0.05,0.0,0.05,-100.0,False
89,RCH->SH30,CaNa_exch,0.0,0.08969421273595553,0.08969421273595553,,True
89,RCH->SH30,albite,0.0,0.0,0.0,,False
89,RCH->SH30,pyrite_oxidation_aerobic,0.0,0.0,0.0,,False
89,SH15->INT1,calcite,2.5,2.5362229374027487,0.036222937402748734,1.4489174961099494,False
89,SH15->INT1,dolomite,0.2,0.06420737470336953,0.1357926252966305,-67.89631264831525,False
89,SH15->INT1,halite,0.0,0.011216467347017055,0.011216467347017055,,False
89,SH15->INT1,gypsum,0.0,0.0,0.0,,False
89,SH15->INT1,CaNa_exch,0.0,-0.10795941357262752,0.10795941357262752,,True
89,SH15->INT1,albite,0.0,0.0,0.0,,False
89,SH15->INT1,pyrite_oxidation_aerobic,0.0,0.0038647479868695184,0.0038647479868695184,,False
89,INT1->INT2,calcite,0.0,1.510034671615294,1.510034671615294,,True
89,INT1->INT2,dolomite,0.8,0.1944363263466266,0.6055636736533734,-75.69545920667167,False
89,INT1->INT2,halite,1.2,0.7093990387054012,0.49060096129459874,-40.88341344121656,False
89,INT1->INT2,gypsum,0.3,0.2847638056352602,0.015236194364739775,-5.0787314549132585,False
89,INT1->INT2,CaNa_exch,0.0,-0.4773552766042401,0.4773552766042401,,True
89,INT1->INT2,albite,0.0,0.24775634955510445,0.24775634955510445,,True
89,INT1->INT2,pyrite_oxidation_aerobic,0.0,0.0,0.0,,False
89,INT2->MIX20,calcite,0.3,0.05786979197697398,0.242130208023026,-80.71006934100868,False
89,INT2->MIX20,dolomite,0.0,0.00327269047262197,0.00327269047262197,,False
89,INT2->MIX20,halite,0.0,0.0,0.0,,False
89,INT2->MIX20,gypsum,0.0,0.06637418307316027,0.06637418307316027,,True
89,INT2->MIX20,CaNa_exch,-0.15,-0.038273910943778355,0.11172608905622164,-74.48405937081444,False
89,INT2->MIX20,albite,0.0,0.04777057758189662,0.04777057758189662,,False
89,INT2->MIX20,pyrite_oxidation_aerobic,0.0,0.0,0.0,,False
89,MIX20->MIX40,calcite,0.0,0.0,0.0,,False
89,MIX20->MIX40,dolomite,0.0,0.02033876775201447,0.02033876775201447,,False
89,MIX20->MIX40,halite,0.35,0.25744236235261814,0.09255763764738184,-26.445039327823384,False
89,MIX20->MIX40,gypsum,0.0,0.0,0.0,,False
89,MIX20->MIX40,CaNa_exch,-0.25,-0.06353568987051834,0.18646431012948167,-74.58572405179267,False
89,MIX20->MIX40,albite,0.0,0.06354555930704694,0.06354555930704694,,True
89,MIX20->MIX40,pyrite_oxidation_aerobic,0.0,0.007961567464530871,0.007961567464530871,,False
89,MIX40->MIX60,calcite,0.0,0.1801244530155416,0.1801244530155416,,True
89,MIX40->MIX60,dolomite,0.3,0.05669649724411704,0.24330350275588294,-81.10116758529432,False
89,MIX40->MIX60,halite,0.0,0.0,0.0,,False
89,MIX40->MIX60,gypsum,0.1,0.14563746808431877,0.04563746808431876,45.63746808431876,False
89,MIX40->MIX60,CaNa_exch,-0.2,-0.21934622114722263,0.01934622114722262,9.673110573611309,False
89,MIX40->MIX60,albite,0.0,0.22041257533932204,0.22041257533932204,,True
89,MIX40->MIX60,pyrite_oxidation_aerobic,0.0,0.0,0.0,,False
89,MIX60->DILUTE,calcite,0.1,0.0,0.1,-100.0,False
89,MIX60->DILUTE,dolomite,0.0,0.0,0.0,,False
89,MIX60->DILUTE,halite,0.0,0.07667027400083598,0.07667027400083598,,True
89,MIX60->DILUTE,gypsum,0.0,0.028913747116483163,0.028913747116483163,,False
89,MIX60->DILUTE,CaNa_exch,0.0,0.0,0.0,,False
89,MIX60->DILUTE,albite,0.0,0.0,0.0,,False
89,MIX60->DILUTE,pyrite_oxidation_aerobic,0.0,0.0,0.0,,False
89,DILUTE->DEEP,calcite,0.0,0.0,0.0,,False
89,DILUTE->DEEP,dolomite,0.0,0.0,0.0,,False
89,DILUTE->DEEP,halite,0.45,0.0,0.45,-100.0,False
89,DILUTE->DEEP,gypsum,0.05,0.0,0.05,-100.0,False
89,DILUTE->DEEP,CaNa_exch,-0.6,-0.2930423256896149,0.30695767431038506,-51.15961238506418,False
89,DILUTE->DEEP,albite,0.0,0.4229190354596807,0.4229190354596807,,True
89,DILUTE->DEEP,pyrite_oxidation_aerobic,0.0,0.010895051020943403,0.010895051020943403,,False
89,DEEP->DISCH,calcite,0.1,0.10613706747463277,0.00613706747463276,6.13706747463276,False
89,DEEP->DISCH,dolomite,0.05,0.026457599396706697,0.023542400603293306,-47.08480120658661,False
89,DEEP->DISCH,halite,0.0,0.0,0.0,,False
89,DEEP->DISCH,gypsum,0.0,0.045955924496071374,0.045955924496071374,,False
89,DEEP->DISCH,CaNa_exch,0.0,-0.08292735520796173,0.08292735520796173,,True
89,DEEP->DISCH,albite,0.0,0.06528123035891692,0.06528123035891692,,True
89,DEEP->DISCH,pyrite_oxidation_aerobic,0.0,0.0,0.0,,False
90,RCH->SH15,calcite,0.2,0.05153195304680956,0.14846804695319044,-74.23402347659521,False
90,RCH->SH15,dolomite,0.0,0.0,0.0,,False
90,RCH->SH15,halite,0.0,0.0,0.0,,False
90,RCH->SH15,gypsum,0.0,0.012326894126162651,0.012326894126162651,,False
90,RCH->SH15,CaNa_exch,0.0,0.04657333163697251,0.04657333163697251,,False
90,RCH->SH15,albite,0.0,0.0,0.0,,False
90,RCH->SH15,pyrite_oxidation_aerobic,0.0,0.0,0.0,,False
90,RCH->SH30,calcite,0.25,0.08418985772017966,0.16581014227982033,-66.32405691192812,False
90,RCH->SH30,dolomite,0.0,0.0,0.0,,False
90,RCH->SH30,halite,0.0,0.0,0.0,,False
90,RCH->SH30,gypsum,0.05,0.029298231472255073,0.02070176852774493,-41.403537055489856,False
90,RCH->SH30,CaNa_exch,0.0,0.09555924849979718,0.09555924849979718,,True
90,RCH->SH30,albite,0.0,0.0,0.0,,False
90,RCH->SH30,pyrite_oxidation_aerobic,0.0,0.0,0.0,,False
90,SH15->INT1,calcite,2.5,2.8788067142258593,0.3788067142258593,15.152268569034373,False
90,SH15->INT1,dolomite,0.2,0.04781749448201395,0.15218250551798607,-76.09125275899302,False
90,SH15->INT1,halite,0.0,0.023770005835339374,0.023770005835339374,,False
90,SH15->INT1,gypsum,0.0,0.025286013744479356,0.025286013744479356,,False
90,SH15->INT1,CaNa_exch,0.0,-0.085650505652669,0.085650505652669,,True
90,SH15->INT1,albite,0.0,0.010994021923423102,0.010994021923423102,,False
90,SH15->INT1,pyrite_oxidation_aerobic,0.0,0.0,0.0,,False
90,INT1->INT2,calcite,0.0,0.8768879392419378,0.8768879392419378,,True
90,INT1->INT2,dolomite,0.8,0.208447278809223,0.5915527211907771,-73.94409014884712,False
90,INT1->INT2,halite,1.2,1.2783975867225827,0.07839758672258279,6.533132226881899,False
90,INT1->INT2,gypsum,0.3,0.2712570984060099,0.028742901593990067,-9.580967197996689,False
90,INT1->INT2,CaNa_exch,0.0,-0.48534550092333434,0.48534550092333434,,True
90,INT1->INT2,albite,0.0,0.24876652833666585,0.24876652833666585,,True
90,INT1->INT2,pyrite_oxidation_aerobic,0.0,0.010834431898034985,0.010834431898034985,,False
90,INT2->MIX20,calcite,0.3,0.0,0.3,-100.0,False
90,INT2->MIX20,dolomite,0.0,0.0,0.0,,False
90,INT2->MIX20,halite,0.0,0.0,0.0,,False
90,INT2->MIX20,gypsum,0.0,0.17229124302299065,0.17229124302299065,,True
90,INT2->MIX20,CaNa_exch,-0.15,0.10953208331051083,0.2595320833105108,-173.02138887367389,False
90,INT2->MIX20,albite,0.0,0.0,0.0,,False
90,INT2->MIX20,pyrite_oxidation_aerobic,0.0,0.0,0.0,,False
90,MIX20->MIX40,calcite,0.0,0.0,0.0,,False
90,MIX20->MIX40,dolomite,0.0,0.013922653728712903,0.013922653728712903,,False
90,MIX20->MIX40,halite,0.35,0.21613638999788987,0.1338636100021101,-38.246745714888604,False
90,MIX20->MIX40,gypsum,0.0,0.0,0.0,,False
90,MIX20->MIX40,CaNa_exch,-0.25,-0.1443877461734044,0.10561225382659559,-42.24490153063824,False
90,MIX20->MIX40,albite,0.0,0.1979127686348255,0.1979127686348255,,True
90,MIX20->MIX40,pyrite_oxidation_aerobic,0.0,0.0,0.0,,False
90,MIX40->MIX60,calcite,0.0,0.3110795735560641,0.3110795735560641,,True
90,MIX40->MIX60,dolomite,0.3,0.09735674924957763,0.20264325075042236,-67.5477502501408,False
90,MIX40->MIX60,halite,0.0,0.0,0.0,,False
90,MIX40->MIX60,gypsum,0.1,0.10081947341428295,0.0008194734142829424,0.8194734142829424,False
90,MIX40->MIX60,CaNa_exch,-0.2,-0.26431696374149,0.06431696374148999,32.15848187074499,False
90,MIX40->MIX60,albite,0.0,0.17227731743882888,0.17227731743882888,,True
90,MIX40->MIX60,pyrite_oxidation_aerobic,0.0,0.0,0.0,,False
90,MIX60->DILUTE,calcite,0.1,0.0,0.1,-100.0,False
90,MIX60->DILUTE,dolomite,0.0,0.0,0.0,,False
90,MIX60->DILUTE,halite,0.0,0.0,0.0,,False
90,MIX60->DILUTE,gypsum,0.0,0.0,0.0,,False
90,MIX60->DILUTE,CaNa_exch,0.0,0.021384704263632967,0.021384704263632967,,False
90,MIX60->DILUTE,albite,0.0,0.0,0.0,,False
90,MIX60->DILUTE,pyrite_oxidation_aerobic,0.0,0.01569603331260744,0.01569603331260744,,False
90,DILUTE->DEEP,calcite,0.0,0.0,0.0,,False
90,DILUTE->DEEP,dolomite,0.0,0.0,0.0,,False
90,DILUTE->DEEP,halite,0.45,0.5098024164344358,0.05980241643443579,13.289425874319063,False
90,DILUTE->DEEP,gypsum,0.05,0.044566930346499785,0.005433069653500218,-10.866139307000434,False
90,DILUTE->DEEP,CaNa_exch,-0.6,-0.6260586437793402,0.026058643779340196,4.3431072965567,False
90,DILUTE->DEEP,albite,0.0,0.0,0.0,,False
90,DILUTE->DEEP,pyrite_oxidation_aerobic,0.0,0.0,0.0,,False
90,DEEP->DISCH,calcite,0.1,0.03940132908704046,0.06059867091295955,-60.59867091295954,False
90,DEEP->DISCH,dolomite,0.05,0.012838627076620824,0.03716137292337918,-74.32274584675835,False
90,DEEP->DISCH,halite,0.0,0.07837918327764645,0.07837918327764645,,True
90,DEEP->DISCH,gypsum,0.0,0.0,0.0,,False
90,DEEP->DISCH,CaNa_exch,0.0,0.028744477272093987,0.028744477272093987,,False
90,DEEP->DISCH,albite,0.0,0.0,0.0,,False
90,DEEP->DISCH,pyrite_oxidation_aerobic,0.0,0.007019416973655926,0.007019416973655926,,False
91,RCH->SH15,calcite,0.2,0.0,0.2,-100.0,False
91,RCH->SH15,dolomite,0.0,0.0,0.0,,False
91,RCH->SH15,halite,0.0,0.0,0.0,,False
91,RCH->SH15,gypsum,0.0,0.0,0.0,,False
91,RCH->SH15,CaNa_exch,0.0,0.051187281750406315,0.051187281750406315,,True
91,RCH->SH15,albite,0.0,0.0,0.0,,False
91,RCH->SH15,pyrite_oxidation_aerobic,0.0,0.0,0.0,,False
91,RCH->SH30,calcite,0.25,0.04651633309697899,0.203483666903021,-81.3934667612084,False
91,RCH->SH30,dolomite,0.0,0.0,0.0,,False
91,RCH->SH30,halite,0.0,0.0,0.0,,False
91,RCH->SH30,gypsum,0.05,0.066817400249784,0.016817400249783995,33.63480049956799,False
91,RCH->SH30,CaNa_exch,0.0,0.09370843202560082,0.09370843202560082,,True
91,RCH->SH30,albite,0.0,0.0,0.0,,False
91,RCH->SH30,pyrite_oxidation_aerobic,0.0,0.0,0.0,,False
91,SH15->INT1,calcite,2.5,2.7256029665290176,0.22560296652901757,9.024118661160703,False
91,SH15->INT1,dolomite,0.2,0.051382034252237134,0.14861796574776287,-74.30898287388143,False
91,SH15->INT1,halite,0.0,0.0011356100373975681,0.0011356100373975681,,False
91,SH15->INT1,gypsum,0.0,0.0,0.0,,False
91,SH15->INT1,CaNa_exch,0.0,-0.11020852624277497,0.11020852624277497,,True
91,SH15->INT1,albite,0.0,0.044302381448769204,0.044302381448769204,,False
91,SH15->INT1,pyrite_oxidation_aerobic,0.0,0.0005845643640314703,0.0005845643640314703,,False
91,INT1->INT2,calcite,0.0,1.5551566139622501,1.5551566139622501,,True
91,INT1->INT2,dolomite,0.8,0.15585229826594807,0.644147701734052,-80.5184627167565,False
91,INT1->INT2,halite,1.2,0.7246721566094089,0.4753278433905911,-39.61065361588259,False
91,INT1->INT2,gypsum,0.3,0.35888695645291074,0.058886956452910755,19.628985484303588,False
91,INT1->INT2,CaNa_exch,0.0,-0.3206230077610165,0.3206230077610165,,True
91,INT1->INT2,albite,0.0,0.14811812899881857,0.14811812899881857,,True
91,INT1->INT2,pyrite_oxidation_aerobic,0.0,0.0,0.0,,False
91,INT2->MIX20,calcite,0.3,0.0,0.3,-100.0,False
91,INT2->MIX20,dolomite,0.0,0.0,0.0,,False
91,INT2->MIX20,halite,0.0,0.0,0.0,,False
91,INT2->MIX20,gypsum,0.0,0.0,0.0,,False
91,INT2->MIX20,CaNa_exch,-0.15,-0.3185956702556818,0.1685956702556818,112.39711350378789,False
91,INT2->MIX20,albite,0.0,0.0,0.0,,False
91,INT2->MIX20,pyrite_oxidation_aerobic,0.0,0.0,0.0,,False
91,MIX20->MIX40,calcite,0.0,0.02762210156138738,0.02762210156138738,,False
91,MIX20->MIX40,dolomite,0.0,0.025600651791274135,0.025600651791274135,,False
91,MIX20->MIX40,halite,0.35,0.015003593531296119,0.3349964064687039,-95.71325899105827,False
91,MIX20->MIX40,gypsum,0.0,0.03128398931023896,0.03128398931023896,,False
91,MIX20->MIX40,CaNa_exch,-0.25,-0.1628783487628226,0.08712165123717741,-34.84866049487096,False
91,MIX20->MIX40,albite,0.0,0.27635091230710446,0.27635091230710446,,True
91,MIX20->MIX40,pyrite_oxidation_aerobic,0.0,0.0,0.0,,False
91,MIX40->MIX60,calcite,0.0,0.3211696866100089,0.3211696866100089,,True
91,MIX40->MIX60,dolomite,0.3,0.10228556884838931,0.1977144311516107,-65.90481038387024,False
91,MIX40->MIX60,halite,0.0,0.0,0.0,,False
91,MIX40->MIX60,gypsum,0.1,0.10043968870164523,0.00043968870164522167,0.43968870164522167,False
91,MIX40->MIX60,CaNa_exch,-0.2,-0.268085779441571,0.06808577944157101,34.0428897207855,False
91,MIX40->MIX60,albite,0.0,0.15970956403147074,0.15970956403147074,,True
91,MIX40->MIX60,pyrite_oxidation_aerobic,0.0,0.0,0.0,,False
91,MIX60->DILUTE,calcite,0.1,0.0,0.1,-100.0,False
91,MIX60->DILUTE,dolomite,0.0,0.0,0.0,,False
91,MIX60->DILUTE,halite,0.0,0.0,0.0,,False
91,MIX60->DILUTE,gypsum,0.0,0.0,0.0,,False
91,MIX60->DILUTE,CaNa_exch,0.0,0.0,0.0,,False
91,MIX60->DILUTE,albite,0.0,0.0,0.0,,False
91,MIX60->DILUTE,pyrite_oxidation_aerobic,0.0,0.0,0.0,,False
91,DILUTE->DEEP,calcite,0.0,0.0,0.0,,False
91,DILUTE->DEEP,dolomite,0.0,0.0,0.0,,False
91,DILUTE->DEEP,halite,0.45,0.43236505476435116,0.017634945235648847,-3.918876719033077,False
91,DILUTE->DEEP,gypsum,0.05,0.0818821196002038,0.031882119600203804,63.76423920040761,False
91,DILUTE->DEEP,CaNa_exch,-0.6,-0.5904145926490875,0.009585407350912512,-1.597567891818752,False
91,DILUTE->DEEP,albite,0.0,0.0,0.0,,False
91,DILUTE->DEEP,pyrite_oxidation_aerobic,0.0,0.0,0.0,,False
91,DEEP->DISCH,calcite,0.1,0.10250727433828231,0.0025072743382823087,2.5072743382823086,False
91,DEEP->DISCH,dolomite,0.05,0.0,0.05,-100.0,False
91,DEEP->DISCH,halite,0.0,0.0,0.0,,False
91,DEEP->DISCH,gypsum,0.0,0.0,0.0,,False
91,DEEP->DISCH,CaNa_exch,0.0,0.12163965833512291,0.12163965833512291,,True
91,DEEP->DISCH,albite,0.0,0.0,0.0,,False
91,DEEP->DISCH,pyrite_oxidation_aerobic,0.0,0.008200277763291311,0.008200277763291311,,False
92,RCH->SH15,calcite,0.2,0.0,0.2,-100.0,False
92,RCH->SH15,dolomite,0.0,0.0,0.0,,False
92,RCH->SH15,halite,0.0,0.0,0.0,,False
92,RCH->SH15,gypsum,0.0,0.0,0.0,,False
92,RCH->SH15,CaNa_exch,0.0,0.1095484670680162,0.1095484670680162,,True
92,RCH->SH15,albite,0.0,0.0,0.0,,False
92,RCH->SH15,pyrite_oxidation_aerobic,0.0,0.0,0.0,,False
92,RCH->SH30,calcite,0.25,0.0,0.25,-100.0,False
92,RCH->SH30,dolomite,0.0,0.0,0.0,,False
92,RCH->SH30,halite,0.0,0.0,0.0,,False
92,RCH->SH30,gypsum,0.05,0.0,0.05,-100.0,False
92,RCH->SH30,CaNa_exch,0.0,0.1113537763543016,0.1113537763543016,,True
92,RCH->SH30,albite,0.0,0.0,0.0,,False
92,RCH->SH30,pyrite_oxidation_aerobic,0.0,0.004449852432563127,0.004449852432563127,,False
92,SH15->INT1,calcite,2.5,0.0,2.5,-100.0,False
92,SH15->INT1,dolomite,0.2,0.0,0.2,-100.0,False
92,SH15->INT1,halite,0.0,0.0,0.0,,False
92,SH15->INT1,gypsum,0.0,0.0,0.0,,False
92,SH15->INT1,CaNa_exch,0.0,1.0958775902240705,1.0958775902240705,,True
92,SH15->INT1,albite,0.0,0.0,0.0,,False
92,SH15->INT1,pyrite_oxidation_aerobic,0.0,0.0,0.0,,False
92,INT1->INT2,calcite,0.0,1.69165444276861,1.69165444276861,,True
92,INT1->INT2,dolomite,0.8,0.16382928484447715,0.6361707151555229,-79.52133939444036,False
92,INT1->INT2,halite,1.2,0.6824337761898424,0.5175662238101576,-43.13051865084647,False
92,INT1->INT2,gypsum,0.3,0.31053003145843017,0.010530031458430178,3.510010486143393,False
92,INT1->INT2,CaNa_exch,0.0,-0.3869738857545315,0.3869738857545315,,True
92,INT1->INT2,albite,0.0,0.19115425332681837,0.19115425332681837,,True
92,INT1->INT2,pyrite_oxidation_aerobic,0.0,0.0,0.0,,False
92,INT2->MIX20,calcite,0.3,0.0,0.3,-100.0,False
92,INT2->MIX20,dolomite,0.0,0.0,0.0,,False
92,INT2->MIX20,halite,0.0,0.13418353984510353,0.13418353984510353,,True
92,INT2->MIX20,gypsum,0.0,0.0,0.0,,False
92,INT2->MIX20,CaNa_exch,-0.15,-0.13860607315925286,0.011393926840747137,-7.5959512271647585,False
92,INT2->MIX20,albite,0.0,0.12040827970611037,0.12040827970611037,,True
92,INT2->MIX20,pyrite_oxidation_aerobic,0.0,0.0,0.0,,False
92,MIX20->MIX40,calcite,0.0,0.2456053757721289,0.2456053757721289,,True
92,MIX20->MIX40,dolomite,0.0,0.03360762145085447,0.03360762145085447,,False
92,MIX20->MIX40,halite,0.35,0.2207426205141795,0.12925737948582047,-36.93067985309156,False
92,MIX20->MIX40,gypsum,0.0,0.0,0.0,,False
92,MIX20->MIX40,CaNa_exch,-0.25,-0.18485916327382848,0.06514083672617152,-26.056334690468606,False
92,MIX20->MIX40,albite,0.0,0.31091359364725674,0.31091359364725674,,True
92,MIX20->MIX40,pyrite_oxidation_aerobic,0.0,0.0,0.0,,False
92,MIX40->MIX60,calcite,0.0,0.28933309852608646,0.28933309852608646,,True
92,MIX40->MIX60,dolomite,0.3,0.06514470559650712,0.23485529440349287,-78.28509813449762,False
92,MIX40->MIX60,halite,0.0,0.0,0.0,,False
92,MIX40->MIX60,gypsum,0.1,0.12462456462645771,0.024624564626457707,24.624564626457705,False
92,MIX40->MIX60,CaNa_exch,-0.2,-0.20458330545973855,0.004583305459738535,2.2916527298692673,False
92,MIX40->MIX60,albite,0.0,0.15599481840017082,0.15599481840017082,,True
92,MIX40->MIX60,pyrite_oxidation_aerobic,0.0,0.0,0.0,,False
92,MIX60->DILUTE,calcite,0.1,0.0,0.1,-100.0,False
92,MIX60->DILUTE,dolomite,0.0,0.0,0.0,,False
92,MIX60->DILUTE,halite,0.0,0.0,0.0,,False
92,MIX60->DILUTE,gypsum,0.0,0.0,0.0,,False
92,MIX60->DILUTE,CaNa_exch,0.0,0.002240151684654851,0.002240151684654851,,False
92,MIX60->DILUTE,albite,0.0,0.0,0.0,,False
92,MIX60->DILUTE,pyrite_oxidation_aerobic,0.0,0.0,0.0,,False
92,DILUTE->DEEP,calcite,0.0,0.0,0.0,,False
92,DILUTE->DEEP,dolomite,0.0,0.0,0.0,,False
92,DILUTE->DEEP,halite,0.45,0.35126458167536734,0.09873541832463267,-21.941204072140593,False
92,DILUTE->DEEP,gypsum,0.05,0.051425792772134,0.0014257927721339977,2.851585544267995,False
92,DILUTE->DEEP,CaNa_exch,-0.6,-0.5903762462247792,0.009623753775220734,-1.603958962536789,False
92,DILUTE->DEEP,albite,0.0,0.0,0.0,,False
92,DILUTE->DEEP,pyrite_oxidation_aerobic,0.0,0.0,0.0,,False
92,DEEP->DISCH,calcite,0.1,0.00010502823573895068,0.09989497176426106,-99.89497176426106,False
92,DEEP->DISCH,dolomite,0.05,0.024384173077126297,0.025615826922873706,-51.23165384574741,False
92,DEEP->DISCH,halite,0.0,0.17887902763623917,0.17887902763623917,,True
92,DEEP->DISCH,gypsum,0.0,0.04717907515538009,0.04717907515538009,,False
92,DEEP->DISCH,CaNa_exch,0.0,0.0002637847005987798,0.0002637847005987798,,False
92,DEEP->DISCH,albite,0.0,0.0,0.0,,False
92,DEEP->DISCH,pyrite_oxidation_aerobic,0.0,0.0,0.0,,False
93,RCH->SH15,calcite,0.2,0.0,0.2,-100.0,False
93,RCH->SH15,dolomite,0.0,0.0,0.0,,False
93,RCH->SH15,halite,0.0,0.0,0.0,,False
93,RCH->SH15,gypsum,0.0,0.0,0.0,,False
93,RCH->SH15,CaNa_exch,0.0,0.0608172839751006,0.0608172839751006,,True
93,RCH->SH15,albite,0.0,0.0,0.0,,False
93,RCH->SH15,pyrite_oxidation_aerobic,0.0,0.0,0.0,,False
93,RCH->SH30,calcite,0.25,0.0,0.25,-100.0,False
93,RCH->SH30,dolomite,0.0,0.0,0.0,,False
93,RCH->SH30,halite,0.0,0.0,0.0,,False
93,RCH->SH30,gypsum,0.05,0.0,0.05,-100.0,False
93,RCH->SH30,CaNa_exch,0.0,0.0898488774273284,0.0898488774273284,,True
93,RCH->SH30,albite,0.0,0.0,0.0,,False
93,RCH->SH30,pyrite_oxidation_aerobic,0.0,0.012383693068952062,0.012383693068952062,,False
93,SH15->INT1,calcite,2.5,2.642637615560747,0.14263761556074694,5.705504622429878,False
93,SH15->INT1,dolomite,0.2,0.05988440791772271,0.1401155920822773,-70.05779604113864,False
93,SH15->INT1,halite,0.0,0.0,0.0,,False
93,SH15->INT1,gypsum,0.0,0.0,0.0,,False
93,SH15->INT1,CaNa_exch,0.0,-0.08504358331899498,0.08504358331899498,,True
93,SH15->INT1,albite,0.0,0.026299343432393752,0.026299343432393752,,False
93,SH15->INT1,pyrite_oxidation_aerobic,0.0,0.0006990400143645151,0.0006990400143645151,,False
93,INT1->INT2,calcite,0.0,0.0,0.0,,False
93,INT1->INT2,dolomite,0.8,0.0,0.8,-100.0,False
93,INT1->INT2,halite,1.2,0.9942571037509649,0.20574289624903508,-17.145241354086256,False
93,INT1->INT2,gypsum,0.3,0.1324539359123803,0.16754606408761968,-55.84868802920656,False
93,INT1->INT2,CaNa_exch,0.0,-0.6042059777480671,0.6042059777480671,,True
93,INT1->INT2,albite,0.0,0.0,0.0,,False
93,INT1->INT2,pyrite_oxidation_aerobic,0.0,0.036381691159673685,0.036381691159673685,,False
93,INT2->MIX20,calcite,0.3,0.09431752050327107,0.2056824794967289,-68.56082649890963,False
93,INT2->MIX20,dolomite,0.0,0.000757844694457586,0.000757844694457586,,False
93,INT2->MIX20,halite,0.0,0.07940282824283651,0.07940282824283651,,True
93,INT2->MIX20,gypsum,0.0,0.0,0.0,,False
93,INT2->MIX20,CaNa_exch,-0.15,-0.04448946755095373,0.10551053244904626,-70.34035496603084,False
93,INT2->MIX20,albite,0.0,0.10781336026838358,0.10781336026838358,,True
93,INT2->MIX20,pyrite_oxidation_aerobic,0.0,0.0,0.0,,False
93,MIX20->MIX40,calcite,0.0,0.3249047925138738,0.3249047925138738,,True
93,MIX20->MIX40,dolomite,0.0,0.03411407617809596,0.03411407617809596,,False
93,MIX20->MIX40,halite,0.35,0.27715970450729643,0.07284029549270354,-20.811512997915298,False
93,MIX20->MIX40,gypsum,0.0,0.0,0.0,,False
93,MIX20->MIX40,CaNa_exch,-0.25,-0.14858357134220812,0.10141642865779188,-40.56657146311675,False
93,MIX20->MIX40,albite,0.0,0.21794558599019664,0.21794558599019664,,True
93,MIX20->MIX40,pyrite_oxidation_aerobic,0.0,0.0,0.0,,False
93,MIX40->MIX60,calcite,0.0,0.22424472299902168,0.22424472299902168,,True
93,MIX40->MIX60,dolomite,0.3,0.09816659420883264,0.20183340579116735,-67.27780193038912,False
93,MIX40->MIX60,halite,0.0,0.0,0.0,,False
93,MIX40->MIX60,gypsum,0.1,0.08154457070828793,0.01845542929171208,-18.45542929171208,False
93,MIX40->MIX60,CaNa_exch,-0.2,-0.2684500699584621,0.06845006995846209,34.22503497923104,False
93,MIX40->MIX60,albite,0.0,0.18860322546904232,0.18860322546904232,,True
93,MIX40->MIX60,pyrite_oxidation_aerobic,0.0,0.023077007983601842,0.023077007983601842,,False
93,MIX60->DILUTE,calcite,0.1,0.042882064530989944,0.05711793546901006,-57.117935469010064,False
93,MIX60->DILUTE,dolomite,0.0,0.0,0.0,,False
93,MIX60->DILUTE,halite,0.0,0.015001465501747654,0.015001465501747654,,False
93,MIX60->DILUTE,gypsum,0.0,0.05198160560169984,0.05198160560169984,,True
93,MIX60->DILUTE,CaNa_exch,0.0,0.0842949945073327,0.0842949945073327,,True
93,MIX60->DILUTE,albite,0.0,0.0,0.0,,False
93,MIX60->DILUTE,pyrite_oxidation_aerobic,0.0,0.0,0.0,,False
93,DILUTE->DEEP,calcite,0.0,0.00793847408075334,0.00793847408075334,,False
93,DILUTE->DEEP,dolomite,0.0,0.003244940201787466,0.003244940201787466,,False
93,DILUTE->DEEP,halite,0.45,0.4984077993752088,0.04840779937520878,10.757288750046396,False
93,DILUTE->DEEP,gypsum,0.05,0.06092708193248906,0.010927081932489056,21.85416386497811,False
93,DILUTE->DEEP,CaNa_exch,-0.6,-0.7194387020102426,0.11943870201024265,19.906450335040443,False
93,DILUTE->DEEP,albite,0.0,0.11371609355524462,0.11371609355524462,,True
93,DILUTE->DEEP,pyrite_oxidation_aerobic,0.0,0.0,0.0,,False
93,DEEP->DISCH,calcite,0.1,0.0,0.1,-100.0,False
93,DEEP->DISCH,dolomite,0.05,0.0,0.05,-100.0,False
93,DEEP->DISCH,halite,0.0,0.0,0.0,,False
93,DEEP->DISCH,gypsum,0.0,0.0,0.0,,False
93,DEEP->DISCH,CaNa_exch,0.0,0.20757689169959131,0.20757689169959131,,True
93,DEEP->DISCH,albite,0.0,0.0,0.0,,False
93,DEEP->DISCH,pyrite_oxidation_aerobic,0.0,0.0,0.0,,False
94,RCH->SH15,calcite,0.2,0.0,0.2,-100.0,False
94,RCH->SH15,dolomite,0.0,0.0,0.0,,False
94,RCH->SH15,halite,0.0,0.0,0.0,,False
94,RCH->SH15,gypsum,0.0,0.0,0.0,,False
94,RCH->SH15,CaNa_exch,0.0,0.037342744759488365,0.037342744759488365,,False
94,RCH->SH15,albite,0.0,0.0,0.0,,False
94,RCH->SH15,pyrite_oxidation_aerobic,0.0,0.0,0.0,,False
94,RCH->SH30,calcite,0.25,0.0,0.25,-100.0,False
94,RCH->SH30,dolomite,0.0,0.0,0.0,,False
94,RCH->SH30,halite,0.0,0.0,0.0,,False
94,RCH->SH30,gypsum,0.05,0.0,0.05,-100.0,False
94,RCH->SH30,CaNa_exch,0.0,0.004414421117590348,0.004414421117590348,,False
94,RCH->SH30,albite,0.0,0.0,0.0,,False
94,RCH->SH30,pyrite_oxidation_aerobic,0.0,0.013520288046452668,0.013520288046452668,,False
94,SH15->INT1,calcite,2.5,2.724155831424434,0.22415583142443385,8.966233256977354,False
94,SH15->INT1,dolomite,0.2,0.05076389448512775,0.14923610551487226,-74.61805275743612,False
94,SH15->INT1,halite,0.0,0.0,0.0,,False
94,SH15->INT1,gypsum,0.0,0.0,0.0,,False
94,SH15->INT1,CaNa_exch,0.0,-0.09157219157730939,0.09157219157730939,,True
94,SH15->INT1,albite,0.0,0.0004931813346095758,0.0004931813346095758,,False
94,SH15->INT1,pyrite_oxidation_aerobic,0.0,0.002838421725582127,0.002838421725582127,,False
94,INT1->INT2,calcite,0.0,1.1291065434057055,1.1291065434057055,,True
94,INT1->INT2,dolomite,0.8,0.15496264986118455,0.6450373501388155,-80.62966876735193,False
94,INT1->INT2,halite,1.2,0.5721274062864338,0.6278725937135662,-52.322716142797184,False
94,INT1->INT2,gypsum,0.3,0.34602504853202853,0.046025048532028545,15.341682844009517,False
94,INT1->INT2,CaNa_exch,0.0,-0.3893439021549032,0.3893439021549032,,True
94,INT1->INT2,albite,0.0,0.1924902955353137,0.1924902955353137,,True
94,INT1->INT2,pyrite_oxidation_aerobic,0.0,0.0,0.0,,False
94,INT2->MIX20,calcite,0.3,0.14483148520866246,0.15516851479133753,-51.722838263779174,False
94,INT2->MIX20,dolomite,0.0,0.001021939491963043,0.001021939491963043,,False
94,INT2->MIX20,halite,0.0,0.12212248972622158,0.12212248972622158,,True
94,INT2->MIX20,gypsum,0.0,0.004557651840038956,0.004557651840038956,,False
94,INT2->MIX20,CaNa_exch,-0.15,-0.0593230173496837,0.09067698265031629,-60.45132176687753,False
94,INT2->MIX20,albite,0.0,0.14142998313284574,0.14142998313284574,,True
94,INT2->MIX20,pyrite_oxidation_aerobic,0.0,0.010407021781743908,0.010407021781743908,,False
94,MIX20->MIX40,calcite,0.0,0.031699087087701194,0.031699087087701194,,False
94,MIX20->MIX40,dolomite,0.0,0.0373785844191117,0.0373785844191117,,False
94,MIX20->MIX40,halite,0.35,0.07439026036618078,0.2756097396338192,-78.74563989537691,False
94,MIX20->MIX40,gypsum,0.0,0.0,0.0,,False
94,MIX20->MIX40,CaNa_exch,-0.25,-0.18577150940736062,0.06422849059263938,-25.691396237055752,False
94,MIX20->MIX40,albite,0.0,0.296225110971121,0.296225110971121,,True
94,MIX20->MIX40,pyrite_oxidation_aerobic,0.0,0.0008045990350700802,0.0008045990350700802,,False
94,MIX40->MIX60,calcite,0.0,0.4083052417317053,0.4083052417317053,,True
94,MIX40->MIX60,dolomite,0.3,0.09935017306387932,0.20064982693612066,-66.88327564537356,False
94,MIX40->MIX60,halite,0.0,0.0,0.0,,False
94,MIX40->MIX60,gypsum,0.1,0.025210086129507363,0.07478991387049264,-74.78991387049263,False
94,MIX40->MIX60,CaNa_exch,-0.2,-0.24846369280198594,0.048463692801985925,24.23184640099296,False
94,MIX40->MIX60,albite,0.0,0.16147843613423338,0.16147843613423338,,True
94,MIX40->MIX60,pyrite_oxidation_aerobic,0.0,0.014509340316301383,0.014509340316301383,,False
94,MIX60->DILUTE,calcite,0.1,0.0,0.1,-100.0,False
94,MIX60->DILUTE,dolomite,0.0,0.0,0.0,,False
94,MIX60->DILUTE,halite,0.0,0.06925156234579256,0.06925156234579256,,True
94,MIX60->DILUTE,gypsum,0.0,0.0688128478294054,0.0688128478294054,,True
94,MIX60->DILUTE,CaNa_exch,0.0,0.03434588844245734,0.03434588844245734,,False
94,MIX60->DILUTE,albite,0.0,0.0,0.0,,False
94,MIX60->DILUTE,pyrite_oxidation_aerobic,0.0,0.0,0.0,,False
94,DILUTE->DEEP,calcite,0.0,0.010655080665039248,0.010655080665039248,,False
94,DILUTE->DEEP,dolomite,0.0,0.00298618622349029,0.00298618622349029,,False
94,DILUTE->DEEP,halite,0.45,0.4273560582392335,0.022643941760766506,-5.031987057948112,False
94,DILUTE->DEEP,gypsum,0.05,0.03688437816427603,0.01311562183572397,-26.23124367144794,False
94,DILUTE->DEEP,CaNa_exch,-0.6,-0.48889630347946145,0.11110369652053853,-18.51728275342309,False
94,DILUTE->DEEP,albite,0.0,0.22957590673293404,0.22957590673293404,,True
94,DILUTE->DEEP,pyrite_oxidation_aerobic,0.0,0.006819841840591405,0.006819841840591405,,False
94,DEEP->DISCH,calcite,0.1,0.0,0.1,-100.0,False
94,DEEP->DISCH,dolomite,0.05,0.0,0.05,-100.0,False
94,DEEP->DISCH,halite,0.0,0.0,0.0,,False
94,DEEP->DISCH,gypsum,0.0,0.0,0.0,,False
94,DEEP->DISCH,CaNa_exch,0.0,0.08262654067723728,0.08262654067723728,,True
94,DEEP->DISCH,albite,0.0,0.0,0.0,,False
94,DEEP->DISCH,pyrite_oxidation_aerobic,0.0,0.005373786863201692,0.005373786863201692,,False
95,RCH->SH15,calcite,0.2,0.05897060455684326,0.14102939544315674,-70.51469772157837,False
95,RCH->SH15,dolomite,0.0,0.0,0.0,,False
95,RCH->SH15,halite,0.0,0.0,0.0,,False
95,RCH->SH15,gypsum,0.0,0.0,0.0,,False
95,RCH->SH15,CaNa_exch,0.0,0.07254994124692361,0.07254994124692361,,True
95,RCH->SH15,albite,0.0,0.0,0.0,,False
95,RCH->SH15,pyrite_oxidation_aerobic,0.0,0.0,0.0,,False
95,RCH->SH30,calcite,0.25,0.0,0.25,-100.0,False
95,RCH->SH30,dolomite,0.0,0.0,0.0,,False
95,RCH->SH30,halite,0.0,0.0,0.0,,False
95,RCH->SH30,gypsum,0.05,0.0,0.05,-100.0,False
95,RCH->SH30,CaNa_exch,0.0,0.09819629235471469,0.09819629235471469,,True
95,RCH->SH30,albite,0.0,0.0,0.0,,False
95,RCH->SH30,pyrite_oxidation_aerobic,0.0,0.002310475215529145,0.002310475215529145,,False
95,SH15->INT1,calcite,2.5,2.7206335706621627,0.22063357066216271,8.825342826486509,False
95,SH15->INT1,dolomite,0.2,0.06753038378137309,0.1324696162186269,-66.23480810931345,False
95,SH15->INT1,halite,0.0,0.01393242668293266,0.01393242668293266,,False
95,SH15->INT1,gypsum,0.0,0.0,0.0,,False
95,SH15->INT1,CaNa_exch,0.0,-0.14672222203151794,0.14672222203151794,,True
95,SH15->INT1,albite,0.0,0.06291904757542371,0.06291904757542371,,True
95,SH15->INT1,pyrite_oxidation_aerobic,0.0,0.002719782968186297,0.002719782968186297,,False
95,INT1->INT2,calcite,0.0,1.238456590389443,1.238456590389443,,True
95,INT1->INT2,dolomite,0.8,0.20431552132368982,0.5956844786763102,-74.46055983453877,False
95,INT1->INT2,halite,1.2,1.3431057860427666,0.1431057860427667,11.925482170230557,False
95,INT1->INT2,gypsum,0.3,0.23090675249253384,0.06909324750746615,-23.03108250248872,False
95,INT1->INT2,CaNa_exch,0.0,-0.4028864728881205,0.4028864728881205,,True
95,INT1->INT2,albite,0.0,0.1702959825967621,0.1702959825967621,,True
95,INT1->INT2,pyrite_oxidation_aerobic,0.0,0.03136822672588655,0.03136822672588655,,False
95,INT2->MIX20,calcite,0.3,0.0,0.3,-100.0,False
95,INT2->MIX20,dolomite,0.0,0.0,0.0,,False
95,INT2->MIX20,halite,0.0,0.0,0.0,,False
95,INT2->MIX20,gypsum,0.0,0.05181174934097332,0.05181174934097332,,True
95,INT2->MIX20,CaNa_exch,-0.15,0.0,0.15,-100.0,False
95,INT2->MIX20,albite,0.0,0.0,0.0,,False
95,INT2->MIX20,pyrite_oxidation_aerobic,0.0,0.0,0.0,,False
95,MIX20->MIX40,calcite,0.0,0.1809209153869021,0.1809209153869021,,True
95,MIX20->MIX40,dolomite,0.0,0.027428911700003247,0.027428911700003247,,False
95,MIX20->MIX40,halite,0.35,0.1997016106738036,0.15029838932619638,-42.94239695034182,False
95,MIX20->MIX40,gypsum,0.0,0.0,0.0,,False
95,MIX20->MIX40,CaNa_exch,-0.25,-0.15254782458666727,0.09745217541333273,-38.980870165333094,False
95,MIX20->MIX40,albite,0.0,0.25793944203684843,0.25793944203684843,,True
95,MIX20->MIX40,pyrite_oxidation_aerobic,0.0,0.0,0.0,,False
95,MIX40->MIX60,calcite,0.0,0.2933921865890218,0.2933921865890218,,True
95,MIX40->MIX60,dolomite,0.3,0.09009774364683276,0.20990225635316723,-69.96741878438908,False
95,MIX40->MIX60,halite,0.0,0.0,0.0,,False
95,MIX40->MIX60,gypsum,0.1,0.13440420787889024,0.03440420787889023,34.404207878890226,False
95,MIX40->MIX60,CaNa_exch,-0.2,-0.2894867245436815,0.0894867245436815,44.74336227184075,False
95,MIX40->MIX60,albite,0.0,0.2510748652503807,0.2510748652503807,,True
95,MIX40->MIX60,pyrite_oxidation_aerobic,0.0,0.0,0.0,,False
95,MIX60->DILUTE,calcite,0.1,0.0,0.1,-100.0,False
95,MIX60->DILUTE,dolomite,0.0,0.0,0.0,,False
95,MIX60->DILUTE,halite,0.0,0.03505489501126139,0.03505489501126139,,False
95,MIX60->DILUTE,gypsum,0.0,0.0,0.0,,False
95,MIX60->DILUTE,CaNa_exch,0.0,0.038900719355747494,0.038900719355747494,,False
95,MIX60->DILUTE,albite,0.0,0.0,0.0,,False
95,MIX60->DILUTE,pyrite_oxidation_aerobic,0.0,0.01171701694917893,0.01171701694917893,,False
95,DILUTE->DEEP,calcite,0.0,0.0,0.0,,False
95,DILUTE->DEEP,dolomite,0.0,0.0,0.0,,False
95,DILUTE->DEEP,halite,0.45,0.43419527066741403,0.015804729332585976,-3.5121620739079944,False
95,DILUTE->DEEP,gypsum,0.05,0.0,0.05,-100.0,False
95,DILUTE->DEEP,CaNa_exch,-0.6,-0.5779571544285942,0.02204284557140579,-3.6738075952342983,False
95,DILUTE->DEEP,albite,0.0,0.0,0.0,,False
95,DILUTE->DEEP,pyrite_oxidation_aerobic,0.0,0.016635515143754456,0.016635515143754456,,False
95,DEEP->DISCH,calcite,0.1,0.25264090131321715,0.15264090131321714,152.64090131321714,False
95,DEEP->DISCH,dolomite,0.05,0.022355680421083546,0.027644319578916457,-55.28863915783291,False
95,DEEP->DISCH,halite,0.0,0.054669380278070834,0.054669380278070834,,True
95,DEEP->DISCH,gypsum,0.0,0.1041672581595893,0.1041672581595893,,True
95,DEEP->DISCH,CaNa_exch,0.0,-0.08265223171533055,0.08265223171533055,,True
95,DEEP->DISCH,albite,0.0,0.05394640396453033,0.05394640396453033,,True
95,DEEP->DISCH,pyrite_oxidation_aerobic,0.0,0.0,0.0,,False
96,RCH->SH15,calcite,0.2,0.0,0.2,-100.0,False
96,RCH->SH15,dolomite,0.0,0.0,0.0,,False
96,RCH->SH15,halite,0.0,0.0,0.0,,False
96,RCH->SH15,gypsum,0.0,0.0,0.0,,False
96,RCH->SH15,CaNa_exch,0.0,0.038225205630115604,0.038225205630115604,,False
96,RCH->SH15,albite,0.0,0.0,0.0,,False
96,RCH->SH15,pyrite_oxidation_aerobic,0.0,0.0,0.0,,False
96,RCH->SH30,calcite,0.25,0.0,0.25,-100.0,False
96,RCH->SH30,dolomite,0.0,0.0,0.0,,False
96,RCH->SH30,halite,0.0,0.0,0.0,,False
96,RCH->SH30,gypsum,0.05,0.0,0.05,-100.0,False
96,RCH->SH30,CaNa_exch,0.0,0.036028746115711094,0.036028746115711094,,False
96,RCH->SH30,albite,0.0,0.0,0.0,,False
96,RCH->SH30,pyrite_oxidation_aerobic,0.0,0.0,0.0,,False
96,SH15->INT1,calcite,2.5,2.6002544321967673,0.10025443219676733,4.010177287870693,False
96,SH15->INT1,dolomite,0.2,0.05563425751421964,0.14436574248578038,-72.18287124289019,False
96,SH15->INT1,halite,0.0,0.009747621919250164,0.009747621919250164,,False
96,SH15->INT1,gypsum,0.0,0.015074189510024915,0.015074189510024915,,False
96,SH15->INT1,CaNa_exch,0.0,-0.07036672683590815,0.07036672683590815,,True
96,SH15->INT1,albite,0.0,0.0267523824835527,0.0267523824835527,,False
96,SH15->INT1,pyrite_oxidation_aerobic,0.0,0.0,0.0,,False
96,INT1->INT2,calcite,0.0,1.3809847535564659,1.3809847535564659,,True
96,INT1->INT2,dolomite,0.8,0.176687299247705,0.6233127007522951,-77.91408759403687,False
96,INT1->INT2,halite,1.2,1.1215616979482208,0.07843830205177915,-6.536525170981596,False
96,INT1->INT2,gypsum,0.3,0.28380230094454406,0.016197699055455927,-5.399233018485309,False
96,INT1->INT2,CaNa_exch,0.0,-0.4625298368361101,0.4625298368361101,,True
96,INT1->INT2,albite,0.0,0.23792238950907102,0.23792238950907102,,True
96,INT1->INT2,pyrite_oxidation_aerobic,0.0,0.00903250420534155,0.00903250420534155,,False
96,INT2->MIX20,calcite,0.3,0.06729994574391872,0.23270005425608126,-77.56668475202709,False
96,INT2->MIX20,dolomite,0.0,0.03756179458836784,0.03756179458836784,,False
96,INT2->MIX20,halite,0.0,0.13629676220400924,0.13629676220400924,,True
96,INT2->MIX20,gypsum,0.0,0.0,0.0,,False
96,INT2->MIX20,CaNa_exch,-0.15,-0.1437938876068528,0.006206112393147195,-4.1374082620981305,False
96,INT2->MIX20,albite,0.0,0.1904566275704068,0.1904566275704068,,True
96,INT2->MIX20,pyrite_oxidation_aerobic,0.0,0.0,0.0,,False
96,MIX20->MIX40,calcite,0.0,0.0895323951523634,0.0895323951523634,,True
96,MIX20->MIX40,dolomite,0.0,0.008494857219813506,0.008494857219813506,,False
96,MIX20->MIX40,halite,0.35,0.36042543527221294,0.010425435272212957,2.978695792060845,False
96,MIX20->MIX40,gypsum,0.0,0.0,0.0,,False
96,MIX20->MIX40,CaNa_exch,-0.25,0.03644818070576555,0.28644818070576555,-114.57927228230622,False
96,MIX20->MIX40,albite,0.0,0.0,0.0,,False
96,MIX20->MIX40,pyrite_oxidation_aerobic,0.0,0.002934658799163385,0.002934658799163385,,False
96,MIX40->MIX60,calcite,0.0,0.27151639845738845,0.27151639845738845,,True
96,MIX40->MIX60,dolomite,0.3,0.0959897293990755,0.20401027060092447,-68.0034235336415,False
96,MIX40->MIX60,halite,0.0,0.0,0.0,,False
96,MIX40->MIX60,gypsum,0.1,0.08689080389885427,0.013109196101145734,-13.109196101145734,False
96,MIX40->MIX60,CaNa_exch,-0.2,-0.3028150569514925,0.10281505695149251,51.407528475746254,False
96,MIX40->MIX60,albite,0.0,0.2816384567346395,0.2816384567346395,,True
96,MIX40->MIX60,pyrite_oxidation_aerobic,0.0,0.0,0.0,,False
96,MIX60->DILUTE,calcite,0.1,0.0,0.1,-100.0,False
96,MIX60->DILUTE,dolomite,0.0,0.0,0.0,,False
96,MIX60->DILUTE,halite,0.0,0.0,0.0,,False
96,MIX60->DILUTE,gypsum,0.0,0.0,0.0,,False
96,MIX60->DILUTE,CaNa_exch,0.0,0.018790515314795215,0.018790515314795215,,False
96,MIX60->DILUTE,albite,0.0,0.0,0.0,,False
96,MIX60->DILUTE,pyrite_oxidation_aerobic,0.0,0.006589686852667548,0.006589686852667548,,False
96,DILUTE->DEEP,calcite,0.0,0.0,0.0,,False
96,DILUTE->DEEP,dolomite,0.0,0.0,0.0,,False
96,DILUTE->DEEP,halite,0.45,0.48104914474278326,0.031049144742783252,6.899809942840722,False
96,DILUTE->DEEP,gypsum,0.05,0.019089969864263704,0.0309100301357363,-61.8200602714726,False
96,DILUTE->DEEP,CaNa_exch,-0.6,-0.41318846979637014,0.18681153020362984,-31.135255033938307,False
96,DILUTE->DEEP,albite,0.0,0.17940491779882284,0.17940491779882284,,True
96,DILUTE->DEEP,pyrite_oxidation_aerobic,0.0,0.016345330511054412,0.016345330511054412,,False
96,DEEP->DISCH,calcite,0.1,0.0,0.1,-100.0,False
96,DEEP->DISCH,dolomite,0.05,0.007840328977674895,0.04215967102232511,-84.31934204465023,False
96,DEEP->DISCH,halite,0.0,0.14782735936206978,0.14782735936206978,,True
96,DEEP->DISCH,gypsum,0.0,0.09340389709223243,0.09340389709223243,,True
96,DEEP->DISCH,CaNa_exch,0.0,-0.020665211629139174,0.020665211629139174,,False
96,DEEP->DISCH,albite,0.0,0.0,0.0,,False
96,DEEP->DISCH,pyrite_oxidation_aerobic,0.0,0.0,0.0,,False
97,RCH->SH15,calcite,0.2,0.012772090543620532,0.1872279094563795,-93.61395472818974,False
97,RCH->SH15,dolomite,0.0,0.002038812648613385,0.002038812648613385,,False
97,RCH->SH15,halite,0.0,0.0,0.0,,False
97,RCH->SH15,gypsum,0.0,0.0,0.0,,False
97,RCH->SH15,CaNa_exch,0.0,0.073014690659208,0.073014690659208,,True
97,RCH->SH15,albite,0.0,0.0,0.0,,False
97,RCH->SH15,pyrite_oxidation_aerobic,0.0,0.0,0.0,,False
97,RCH->SH30,calcite,0.25,0.10807400254899494,0.14192599745100506,-56.77039898040203,False
97,RCH->SH30,dolomite,0.0,0.0017179603077574414,0.0017179603077574414,,False
97,RCH->SH30,halite,0.0,0.0,0.0,,False
97,RCH->SH30,gypsum,0.05,0.024296008739828918,0.025703991260171085,-51.407982520342166,False
97,RCH->SH30,CaNa_exch,0.0,0.08140864062514681,0.08140864062514681,,True
97,RCH->SH30,albite,0.0,0.0,0.0,,False
97,RCH->SH30,pyrite_oxidation_aerobic,0.0,0.0,0.0,,False
97,SH15->INT1,calcite,2.5,2.6164051130445882,0.11640511304458823,4.656204521783529,False
97,SH15->INT1,dolomite,0.2,0.054693876240829435,0.14530612375917057,-72.65306187958528,False
97,SH15->INT1,halite,0.0,0.030052405048043893,0.030052405048043893,,False
97,SH15->INT1,gypsum,0.0,0.0,0.0,,False
97,SH15->INT1,CaNa_exch,0.0,-0.11807225292330813,0.11807225292330813,,True
97,SH15->INT1,albite,0.0,0.04905840019073777,0.04905840019073777,,False
97,SH15->INT1,pyrite_oxidation_aerobic,0.0,0.005503922796037813,0.005503922796037813,,False
97,INT1->INT2,calcite,0.0,1.5716716599257896,1.5716716599257896,,True
97,INT1->INT2,dolomite,0.8,0.19923711037083672,0.6007628896291634,-75.09536120364541,False
97,INT1->INT2,halite,1.2,0.724944836386538,0.475055163613462,-39.58793030112184,False
97,INT1->INT2,gypsum,0.3,0.15570250604810956,0.14429749395189043,-48.099164650630144,False
97,INT1->INT2,CaNa_exch,0.0,-0.4305131391114136,0.4305131391114136,,True
97,INT1->INT2,albite,0.0,0.20338289485910924,0.20338289485910924,,True
97,INT1->INT2,pyrite_oxidation_aerobic,0.0,0.02164545470077324,0.02164545470077324,,False
97,INT2->MIX20,calcite,0.3,0.24262841433556565,0.057371585664434344,-19.12386188814478,False
97,INT2->MIX20,dolomite,0.0,0.0029773585836052312,0.0029773585836052312,,False
97,INT2->MIX20,halite,0.0,0.09891631017779247,0.09891631017779247,,True
97,INT2->MIX20,gypsum,0.0,0.09074368561036808,0.09074368561036808,,True
97,INT2->MIX20,CaNa_exch,-0.15,-0.01037419967374561,0.13962580032625438,-93.08386688416958,False
97,INT2->MIX20,albite,0.0,0.0,0.0,,False
97,INT2->MIX20,pyrite_oxidation_aerobic,0.0,0.0,0.0,,False
97,MIX20->MIX40,calcite,0.0,0.0,0.0,,False
97,MIX20->MIX40,dolomite,0.0,0.009482224563818717,0.009482224563818717,,False
97,MIX20->MIX40,halite,0.35,0.0,0.35,-100.0,False
97,MIX20->MIX40,gypsum,0.0,0.009061771720633596,0.009061771720633596,,False
97,MIX20->MIX40,CaNa_exch,-0.25,-0.2983203438261606,0.04832034382616063,19.32813753046425,False
97,MIX20->MIX40,albite,0.0,0.496796417724454,0.496796417724454,,True
97,MIX20->MIX40,pyrite_oxidation_aerobic,0.0,0.0,0.0,,False
97,MIX40->MIX60,calcite,0.0,0.3918107562757706,0.3918107562757706,,True
97,MIX40->MIX60,dolomite,0.3,0.08309514430695661,0.21690485569304338,-72.3016185643478,False
97,MIX40->MIX60,halite,0.0,0.0,0.0,,False
97,MIX40->MIX60,gypsum,0.1,0.04413968344823797,0.05586031655176204,-55.86031655176204,False
97,MIX40->MIX60,CaNa_exch,-0.2,-0.20602744687911645,0.006027446879116438,3.013723439558219,False
97,MIX40->MIX60,albite,0.0,0.11907065336548202,0.11907065336548202,,True
97,MIX40->MIX60,pyrite_oxidation_aerobic,0.0,0.011229164253374778,0.011229164253374778,,False
97,MIX60->DILUTE,calcite,0.1,0.0,0.1,-100.0,False
97,MIX60->DILUTE,dolomite,0.0,0.0,0.0,,False
97,MIX60->DILUTE,halite,0.0,0.08509193889971799,0.08509193889971799,,True
97,MIX60->DILUTE,gypsum,0.0,0.03689884515329957,0.03689884515329957,,False
97,MIX60->DILUTE,CaNa_exch,0.0,0.03657111340184109,0.03657111340184109,,False
97,MIX60->DILUTE,albite,0.0,0.0,0.0,,False
97,MIX60->DILUTE,pyrite_oxidation_aerobic,0.0,0.0,0.0,,False
97,DILUTE->DEEP,calcite,0.0,0.0,0.0,,False
97,DILUTE->DEEP,dolomite,0.0,0.0,0.0,,False
97,DILUTE->DEEP,halite,0.45,0.48216517645548995,0.03216517645548994,7.147816990108876,False
97,DILUTE->DEEP,gypsum,0.05,0.012361192687450033,0.03763880731254997,-75.27761462509993,False
97,DILUTE->DEEP,CaNa_exch,-0.6,-0.6884162525126342,0.08841625251263419,14.736042085439033,False
97,DILUTE->DEEP,albite,0.0,0.028515354420870758,0.028515354420870758,,False
97,DILUTE->DEEP,pyrite_oxidation_aerobic,0.0,0.02166878649015704,0.02166878649015704,,False
97,DEEP->DISCH,calcite,0.1,0.006681887836170937,0.09331811216382907,-93.31811216382906,False
97,DEEP->DISCH,dolomite,0.05,0.032253553284685196,0.017746446715314806,-35.49289343062961,False
97,DEEP->DISCH,halite,0.0,0.057077378359137315,0.057077378359137315,,True
97,DEEP->DISCH,gypsum,0.0,0.037281805854086754,0.037281805854086754,,False
97,DEEP->DISCH,CaNa_exch,0.0,-0.013764484794378166,0.013764484794378166,,False
97,DEEP->DISCH,albite,0.0,0.0,0.0,,False
97,DEEP->DISCH,pyrite_oxidation_aerobic,0.0,0.0,0.0,,False
98,RCH->SH15,calcite,0.2,0.3397549332622736,0.13975493326227356,69.87746663113678,False
98,RCH->SH15,dolomite,0.0,0.013927080749597648,0.013927080749597648,,False
98,RCH->SH15,halite,0.0,0.0,0.0,,False
98,RCH->SH15,gypsum,0.0,0.03006901473077868,0.03006901473077868,,False
98,RCH->SH15,CaNa_exch,0.0,-0.008916232650588317,0.008916232650588317,,False
98,RCH->SH15,albite,0.0,0.0,0.0,,False
98,RCH->SH15,pyrite_oxidation_aerobic,0.0,0.0,0.0,,False
98,RCH->SH30,calcite,0.25,0.0,0.25,-100.0,False
98,RCH->SH30,dolomite,0.0,0.0,0.0,,False
98,RCH->SH30,halite,0.0,0.0,0.0,,False
98,RCH->SH30,gypsum,0.05,0.0,0.05,-100.0,False
98,RCH->SH30,CaNa_exch,0.0,0.15356232289789037,0.15356232289789037,,True
98,RCH->SH30,albite,0.0,0.0,0.0,,False
98,RCH->SH30,pyrite_oxidation_aerobic,0.0,0.010564118767402474,0.010564118767402474,,False
98,SH15->INT1,calcite,2.5,2.7200870541736606,0.2200870541736606,8.803482166946424,False
98,SH15->INT1,dolomite,0.2,0.06546116229371854,0.13453883770628147,-67.26941885314073,False
98,SH15->INT1,halite,0.0,0.0,0.0,,False
98,SH15->INT1,gypsum,0.0,0.0,0.0,,False
98,SH15->INT1,CaNa_exch,0.0,-0.14686701152525444,0.14686701152525444,,True
98,SH15->INT1,albite,0.0,0.07259251669132902,0.07259251669132902,,True
98,SH15->INT1,pyrite_oxidation_aerobic,0.0,0.0,0.0,,False
98,INT1->INT2,calcite,0.0,1.2619800614457233,1.2619800614457233,,True
98,INT1->INT2,dolomite,0.8,0.18765061455315346,0.6123493854468466,-76.54367318085582,False
98,INT1->INT2,halite,1.2,1.1177101773967923,0.08228982260320761,-6.857485216933967,False
98,INT1->INT2,gypsum,0.3,0.28090881579768034,0.019091184202319644,-6.363728067439881,False
98,INT1->INT2,CaNa_exch,0.0,-0.4587085740563702,0.4587085740563702,,True
98,INT1->INT2,albite,0.0,0.2362976816165866,0.2362976816165866,,True
98,INT1->INT2,pyrite_oxidation_aerobic,0.0,0.0,0.0,,False
98,INT2->MIX20,calcite,0.3,0.17862663157141176,0.12137336842858823,-40.457789476196076,False
98,INT2->MIX20,dolomite,0.0,0.003421570655282043,0.003421570655282043,,False
98,INT2->MIX20,halite,0.0,0.10290245005322794,0.10290245005322794,,True
98,INT2->MIX20,gypsum,0.0,0.06556310700333912,0.06556310700333912,,True
98,INT2->MIX20,CaNa_exch,-0.15,-0.04320445716231037,0.10679554283768963,-71.19702855845976,False
98,INT2->MIX20,albite,0.0,0.059832528759018046,0.059832528759018046,,True
98,INT2->MIX20,pyrite_oxidation_aerobic,0.0,0.0,0.0,,False
98,MIX20->MIX40,calcite,0.0,0.0315389359564456,0.0315389359564456,,False
98,MIX20->MIX40,dolomite,0.0,0.04204147943482215,0.04204147943482215,,False
98,MIX20->MIX40,halite,0.35,0.13710944047140927,0.2128905595285907,-60.825874151025914,False
98,MIX20->MIX40,gypsum,0.0,0.0,0.0,,False
98,MIX20->MIX40,CaNa_exch,-0.25,-0.21488983381752683,0.035110166182473174,-14.04406647298927,False
98,MIX20->MIX40,albite,0.0,0.3480378888367321,0.3480378888367321,,True
98,MIX20->MIX40,pyrite_oxidation_aerobic,0.0,0.0,0.0,,False
98,MIX40->MIX60,calcite,0.0,0.20921288284799347,0.20921288284799347,,True
98,MIX40->MIX60,dolomite,0.3,0.10739519437145902,0.192604805628541,-64.20160187618033,False
98,MIX40->MIX60,halite,0.0,0.0,0.0,,False
98,MIX40->MIX60,gypsum,0.1,0.13206485775757293,0.03206485775757292,32.06485775757292,False
98,MIX40->MIX60,CaNa_exch,-0.2,-0.2721658653072859,0.07216586530728591,36.082932653642956,False
98,MIX40->MIX60,albite,0.0,0.13110387532189993,0.13110387532189993,,True
98,MIX40->MIX60,pyrite_oxidation_aerobic,0.0,0.0,0.0,,False
98,MIX60->DILUTE,calcite,0.1,0.0,0.1,-100.0,False
98,MIX60->DILUTE,dolomite,0.0,0.0,0.0,,False
98,MIX60->DILUTE,halite,0.0,0.0,0.0,,False
98,MIX60->DILUTE,gypsum,0.0,0.0,0.0,,False
98,MIX60->DILUTE,CaNa_exch,0.0,0.01864161887231312,0.01864161887231312,,False
98,MIX60->DILUTE,albite,0.0,0.0,0.0,,False
98,MIX60->DILUTE,pyrite_oxidation_aerobic,0.0,0.0,0.0,,False
98,DILUTE->DEEP,calcite,0.0,0.0,0.0,,False
98,DILUTE->DEEP,dolomite,0.0,0.003177992614771232,0.003177992614771232,,False
98,DILUTE->DEEP,halite,0.45,0.4643410968028278,0.014341096802827802,3.1869104006284004,False
98,DILUTE->DEEP,gypsum,0.05,0.09291909684678501,0.04291909684678501,85.83819369357002,False
98,DILUTE->DEEP,CaNa_exch,-0.6,-0.4835999599369696,0.1164000400630304,-19.40000667717173,False
98,DILUTE->DEEP,albite,0.0,0.10618132166166513,0.10618132166166513,,True
98,DILUTE->DEEP,pyrite_oxidation_aerobic,0.0,0.0,0.0,,False
98,DEEP->DISCH,calcite,0.1,0.08235675585680666,0.01764324414319335,-17.643244143193346,False
98,DEEP->DISCH,dolomite,0.05,0.0023060131151820306,0.04769398688481797,-95.38797376963593,False
98,DEEP->DISCH,halite,0.0,0.0,0.0,,False
98,DEEP->DISCH,gypsum,0.0,0.0,0.0,,False
98,DEEP->DISCH,CaNa_exch,0.0,0.02872810243721736,0.02872810243721736,,False
98,DEEP->DISCH,albite,0.0,0.0,0.0,,False
98,DEEP->DISCH,pyrite_oxidation_aerobic,0.0,0.0,0.0,,False
99,RCH->SH15,calcite,0.2,0.0,0.2,-100.0,False
99,RCH->SH15,dolomite,0.0,0.0,0.0,,False
99,RCH->SH15,halite,0.0,0.0,0.0,,False
99,RCH->SH15,gypsum,0.0,0.0,0.0,,False
99,RCH->SH15,CaNa_exch,0.0,0.06219469465231857,0.06219469465231857,,True
99,RCH->SH15,albite,0.0,0.0,0.0,,False
99,RCH->SH15,pyrite_oxidation_aerobic,0.0,0.0,0.0,,False
99,RCH->SH30,calcite,0.25,0.04250900772154811,0.20749099227845189,-82.99639691138076,False
99,RCH->SH30,dolomite,0.0,0.0,0.0,,False
99,RCH->SH30,halite,0.0,0.0,0.0,,False
99,RCH->SH30,gypsum,0.05,0.008352501217950265,0.041647498782049736,-83.29499756409946,False
99,RCH->SH30,CaNa_exch,0.0,0.09583547371398829,0.09583547371398829,,True
99,RCH->SH30,albite,0.0,0.0,0.0,,False
99,RCH->SH30,pyrite_oxidation_aerobic,0.0,0.0,0.0,,False
99,SH15->INT1,calcite,2.5,2.526938631111153,0.026938631111153022,1.0775452444461209,False
99,SH15->INT1,dolomite,0.2,0.02978069725806082,0.1702193027419392,-85.1096513709696,False
99,SH15->INT1,halite,0.0,0.008687824019108345,0.008687824019108345,,False
99,SH15->INT1,gypsum,0.0,0.09275356467453595,0.09275356467453595,,True
99,SH15->INT1,CaNa_exch,0.0,-0.05147120119482166,0.05147120119482166,,True
99,SH15->INT1,albite,0.0,0.0,0.0,,False
99,SH15->INT1,pyrite_oxidation_aerobic,0.0,0.0,0.0,,False
99,INT1->INT2,calcite,0.0,1.2582986406266885,1.2582986406266885,,True
99,INT1->INT2,dolomite,0.8,0.21183777606330062,0.5881622239366995,-73.52027799208743,False
99,INT1->INT2,halite,1.2,0.6948683046771096,0.5051316953228904,-42.0943079435742,False
99,INT1->INT2,gypsum,0.3,0.1474568285307842,0.15254317146921578,-50.847723823071924,False
99,INT1->INT2,CaNa_exch,0.0,-0.4953376644580861,0.4953376644580861,,True
99,INT1->INT2,albite,0.0,0.2113458668503208,0.2113458668503208,,True
99,INT1->INT2,pyrite_oxidation_aerobic,0.0,0.04293017395135424,0.04293017395135424,,False
99,INT2->MIX20,calcite,0.3,0.19323580011880265,0.10676419988119734,-35.588066627065785,False
99,INT2->MIX20,dolomite,0.0,0.0033427221269161063,0.0033427221269161063,,False
99,INT2->MIX20,halite,0.0,0.10247427244239739,0.10247427244239739,,True
99,INT2->MIX20,gypsum,0.0,0.05201496926820973,0.05201496926820973,,True
99,INT2->MIX20,CaNa_exch,-0.15,-0.027245590430623003,0.122754409569377,-81.83627304625134,False
99,INT2->MIX20,albite,0.0,0.027064254181486464,0.027064254181486464,,False
99,INT2->MIX20,pyrite_oxidation_aerobic,0.0,0.0,0.0,,False
99,MIX20->MIX40,calcite,0.0,0.06594885855674001,0.06594885855674001,,True
99,MIX20->MIX40,dolomite,0.0,0.01558710855564887,0.01558710855564887,,False
99,MIX20->MIX40,halite,0.35,0.040332796766096524,0.30966720323390345,-88.47634378111528,False
99,MIX20->MIX40,gypsum,0.0,0.0,0.0,,False
99,MIX20->MIX40,CaNa_exch,-0.25,-0.21652557747639206,0.03347442252360794,-13.389769009443174,False
99,MIX20->MIX40,albite,0.0,0.4711719015160933,0.4711719015160933,,True
99,MIX20->MIX40,pyrite_oxidation_aerobic,0.0,0.0,0.0,,False
99,MIX40->MIX60,calcite,0.0,0.21419453901320434,0.21419453901320434,,True
99,MIX40->MIX60,dolomite,0.3,0.10030580451081893,0.19969419548918105,-66.56473182972702,False
99,MIX40->MIX60,halite,0.0,0.0,0.0,,False
99,MIX40->MIX60,gypsum,0.1,0.11047691767586966,0.010476917675869654,10.476917675869654,False
99,MIX40->MIX60,CaNa_exch,-0.2,-0.2284947849736717,0.028494784973671694,14.247392486835846,False
99,MIX40->MIX60,albite,0.0,0.10053109424623272,0.10053109424623272,,True
99,MIX40->MIX60,pyrite_oxidation_aerobic,0.0,0.0,0.0,,False
99,MIX60->DILUTE,calcite,0.1,0.0,0.1,-100.0,False
99,MIX60->DILUTE,dolomite,0.0,0.0,0.0,,False
99,MIX60->DILUTE,halite,0.0,0.0,0.0,,False
99,MIX60->DILUTE,gypsum,0.0,0.0,0.0,,False
99,MIX60->DILUTE,CaNa_exch,0.0,0.005653824907630051,0.005653824907630051,,False
99,MIX60->DILUTE,albite,0.0,0.0,0.0,,False
99,MIX60->DILUTE,pyrite_oxidation_aerobic,0.0,0.0,0.0,,False
99,DILUTE->DEEP,calcite,0.0,0.0,0.0,,False
99,DILUTE->DEEP,dolomite,0.0,0.0,0.0,,False
99,DILUTE->DEEP,halite,0.45,0.4681744032343279,0.018174403234327896,4.038756274295088,False
99,DILUTE->DEEP,gypsum,0.05,0.08925062243858796,0.039250622438587957,78.5012448771759,False
99,DILUTE->DEEP,CaNa_exch,-0.6,-0.6060055512962291,0.00600555129622915,1.0009252160381918,False
99,DILUTE->DEEP,albite,0.0,0.0,0.0,,False
99,DILUTE->DEEP,pyrite_oxidation_aerobic,0.0,0.0,0.0,,False
99,DEEP->DISCH,calcite,0.1,0.06593268421480014,0.034067315785199864,-34.06731578519986,False
99,DEEP->DISCH,dolomite,0.05,0.011777967917616818,0.03822203208238319,-76.44406416476637,False
99,DEEP->DISCH,halite,0.0,0.0,0.0,,False
99,DEEP->DISCH,gypsum,0.0,0.0,0.0,,False
99,DEEP->DISCH,CaNa_exch,0.0,0.08423699484590115,0.08423699484590115,,True
99,DEEP->DISCH,albite,0.0,0.0,0.0,,False
99,DEEP->DISCH,pyrite_oxidation_aerobic,0.0,0.0,0.0,,False
