seed,strategy,round,option_id,measurement_type,target_edge_id,target_is_true,observed_value,cost,cumulative_cost,entropy_before,entropy_after,realised_information_gain,acquisition_status
7601,robust_information_decision_per_cost,1,chemistry_panel:MF7601_P0_M1->MF7601_P0_M2,chemistry_panel,MF7601_P0_M1->MF7601_P0_M2,1,0.278931932268,2.0,2.0,5.54517744448,5.54350358095,0.00167386352819,ACTIONABLE
7601,robust_information_decision_per_cost,2,chemistry_panel:MF7601_P2_M0->MF7601_P2_M1,chemistry_panel,MF7601_P2_M0->MF7601_P2_M1,1,0.219594719438,2.0,4.0,5.54350358095,5.43719741631,0.104528560188,ACTIONABLE
7601,robust_information_decision_per_cost,3,chemistry_panel:MF7601_P2_M1->MF7601_P2_M2,chemistry_panel,MF7601_P2_M1->MF7601_P2_M2,1,0.208008837719,2.0,6.0,5.43719741631,5.31419812849,0.117544765208,ACTIONABLE
7601,robust_information_decision_per_cost,4,chemistry_panel:MF7601_P1_M1->MF7601_P1_M2,chemistry_panel,MF7601_P1_M1->MF7601_P1_M2,1,0.253522581671,2.0,8.0,5.31419812849,5.2641065105,0.0390262959957,ACTIONABLE
7601,robust_information_decision_per_cost,5,chemistry_panel:MF7601_P2_M2->MF7601_P2_M3,chemistry_panel,MF7601_P2_M2->MF7601_P2_M3,1,0.195020886529,2.0,10.0,5.2641065105,5.14971133782,0.152270514663,ACTIONABLE
7601,mean_information_decision_per_cost,1,chemistry_panel:MF7601_P0_M1->MF7601_P0_M2,chemistry_panel,MF7601_P0_M1->MF7601_P0_M2,1,0.278931932268,2.0,2.0,5.54517744448,5.54350358095,0.00167386352819,ACTIONABLE
7601,mean_information_decision_per_cost,2,chemistry_panel:MF7601_P2_M0->MF7601_P2_M1,chemistry_panel,MF7601_P2_M0->MF7601_P2_M1,1,0.219594719438,2.0,4.0,5.54350358095,5.43719741631,0.104528560188,ACTIONABLE
7601,mean_information_decision_per_cost,3,chemistry_panel:MF7601_P2_M1->MF7601_P2_M2,chemistry_panel,MF7601_P2_M1->MF7601_P2_M2,1,0.208008837719,2.0,6.0,5.43719741631,5.31419812849,0.117544765208,ACTIONABLE
7601,mean_information_decision_per_cost,4,chemistry_panel:MF7601_P1_M2->MF7601_P1_M3,chemistry_panel,MF7601_P1_M2->MF7601_P1_M3,1,0.064098385831,2.0,8.0,5.31419812849,5.18384390015,0.111450652033,ACTIONABLE
7601,mean_information_decision_per_cost,5,chemistry_panel:MF7601_P1_M1->MF7601_P1_M2,chemistry_panel,MF7601_P1_M1->MF7601_P1_M2,1,0.253522581671,2.0,10.0,5.18384390015,5.15196196945,0.0403143937619,ACTIONABLE
7601,legacy_uncertainty_chemistry,1,chemistry_panel:MF7601_P0_M2->MF7601_P0_M3,chemistry_panel,MF7601_P0_M2->MF7601_P0_M3,1,0.237338557959,2.0,2.0,5.54517744448,5.48370954176,0.0614679027242,ACTIONABLE
7601,legacy_uncertainty_chemistry,2,chemistry_panel:MF7601_P2_M2->MF7601_P2_M3,chemistry_panel,MF7601_P2_M2->MF7601_P2_M3,1,0.195020886529,2.0,4.0,5.48370954176,5.35722557306,0.149269783324,ACTIONABLE
7601,legacy_uncertainty_chemistry,3,chemistry_panel:MF7601_P2_M0->MF7601_P2_M1,chemistry_panel,MF7601_P2_M0->MF7601_P2_M1,1,0.219594719438,2.0,6.0,5.35722557306,5.26221067451,0.109046039898,ACTIONABLE
7601,legacy_uncertainty_chemistry,4,chemistry_panel:MF7601_P1_M2->MF7601_P1_M3,chemistry_panel,MF7601_P1_M2->MF7601_P1_M3,1,0.064098385831,2.0,8.0,5.26221067451,5.1131316104,0.109958057485,ACTIONABLE
7601,legacy_uncertainty_chemistry,5,chemistry_panel:MF7601_P1_M1->MF7601_P1_M2,chemistry_panel,MF7601_P1_M1->MF7601_P1_M2,1,0.253522581671,2.0,10.0,5.1131316104,5.0684310147,0.0397903888958,ACTIONABLE
7601,random_feasible,1,chemistry_panel:MF7601_P2_M1->MF7601_P1_M2,chemistry_panel,MF7601_P2_M1->MF7601_P1_M2,0,0.432617679984,2.0,2.0,5.54517744448,5.32508253755,0.220094906931,ACTIONABLE
7601,random_feasible,2,age_tracer:MF7601_P0_M2->MF7601_P2_M3,age_tracer,MF7601_P0_M2->MF7601_P2_M3,0,9.19994225932,5.0,7.0,5.32508253755,5.32469985587,0.000577821025339,ACTIONABLE
7601,random_feasible,3,chemistry_panel:MF7601_P1_M3->MF7601_P0_M3,chemistry_panel,MF7601_P1_M3->MF7601_P0_M3,0,0.444688234211,2.0,9.0,5.32469985587,5.25731880484,0.0669511814552,ACTIONABLE
7601,realised_oracle,1,chemistry_panel:MF7601_P1_M2->MF7601_P1_M3,chemistry_panel,MF7601_P1_M2->MF7601_P1_M3,1,0.064098385831,2.0,2.0,5.54517744448,5.43126169544,0.113915749037,ACTIONABLE
7601,realised_oracle,2,chemistry_panel:MF7601_P2_M0->MF7601_P2_M2,chemistry_panel,MF7601_P2_M0->MF7601_P2_M2,0,0.358486208077,2.0,4.0,5.43126169544,5.23837680811,0.17932378243,ACTIONABLE
7601,realised_oracle,3,chemistry_panel:MF7601_P2_M1->MF7601_P2_M2,chemistry_panel,MF7601_P2_M1->MF7601_P2_M2,1,0.208008837719,2.0,6.0,5.23837680811,5.11265974304,0.115672052097,ACTIONABLE
7601,realised_oracle,4,chemistry_panel:MF7601_P1_M1->MF7601_P1_M2,chemistry_panel,MF7601_P1_M1->MF7601_P1_M2,1,0.253522581671,2.0,8.0,5.11265974304,5.08042003417,0.0402871807021,ACTIONABLE
7601,realised_oracle,5,chemistry_panel:MF7601_P2_M2->MF7601_P2_M3,chemistry_panel,MF7601_P2_M2->MF7601_P2_M3,1,0.195020886529,2.0,10.0,5.08042003417,4.93748966092,0.143489583117,ACTIONABLE
7602,robust_information_decision_per_cost,1,chemistry_panel:MF7602_P2_M0->MF7602_P2_M1,chemistry_panel,MF7602_P2_M0->MF7602_P2_M1,1,0.180615020388,2.0,2.0,5.54517744448,5.39865421718,0.146523227296,ACTIONABLE
7602,robust_information_decision_per_cost,2,chemistry_panel:MF7602_P2_M1->MF7602_P2_M2,chemistry_panel,MF7602_P2_M1->MF7602_P2_M2,1,0.225764174309,2.0,4.0,5.39865421718,5.30376277462,0.100243800638,ACTIONABLE
7602,robust_information_decision_per_cost,3,chemistry_panel:MF7602_P1_M1->MF7602_P1_M2,chemistry_panel,MF7602_P1_M1->MF7602_P1_M2,1,0.280410835005,2.0,6.0,5.30376277462,5.30136076169,0.00141338376739,ACTIONABLE
7602,robust_information_decision_per_cost,4,chemistry_panel:MF7602_P0_M2->MF7602_P0_M3,chemistry_panel,MF7602_P0_M2->MF7602_P0_M3,1,0.23433210374,2.0,8.0,5.30136076169,5.22887511583,0.0635374546141,ACTIONABLE
7602,robust_information_decision_per_cost,5,chemistry_panel:MF7602_P1_M0->MF7602_P1_M1,chemistry_panel,MF7602_P1_M0->MF7602_P1_M1,1,0.210293117281,2.0,10.0,5.22887511583,5.13917030205,0.137756407513,ACTIONABLE
7602,mean_information_decision_per_cost,1,chemistry_panel:MF7602_P2_M0->MF7602_P2_M1,chemistry_panel,MF7602_P2_M0->MF7602_P2_M1,1,0.180615020388,2.0,2.0,5.54517744448,5.39865421718,0.146523227296,ACTIONABLE
7602,mean_information_decision_per_cost,2,chemistry_panel:MF7602_P2_M1->MF7602_P2_M2,chemistry_panel,MF7602_P2_M1->MF7602_P2_M2,1,0.225764174309,2.0,4.0,5.39865421718,5.30376277462,0.100243800638,ACTIONABLE
7602,mean_information_decision_per_cost,3,chemistry_panel:MF7602_P1_M1->MF7602_P1_M2,chemistry_panel,MF7602_P1_M1->MF7602_P1_M2,1,0.280410835005,2.0,6.0,5.30376277462,5.30136076169,0.00141338376739,ACTIONABLE
7602,mean_information_decision_per_cost,4,chemistry_panel:MF7602_P0_M2->MF7602_P0_M3,chemistry_panel,MF7602_P0_M2->MF7602_P0_M3,1,0.23433210374,2.0,8.0,5.30136076169,5.22887511583,0.0635374546141,ACTIONABLE
7602,mean_information_decision_per_cost,5,chemistry_panel:MF7602_P1_M0->MF7602_P1_M1,chemistry_panel,MF7602_P1_M0->MF7602_P1_M1,1,0.210293117281,2.0,10.0,5.22887511583,5.13917030205,0.137756407513,ACTIONABLE
7602,legacy_uncertainty_chemistry,1,chemistry_panel:MF7602_P1_M0->MF7602_P1_M1,chemistry_panel,MF7602_P1_M0->MF7602_P1_M1,1,0.210293117281,2.0,2.0,5.54517744448,5.41292544967,0.132251994814,ACTIONABLE
7602,legacy_uncertainty_chemistry,2,chemistry_panel:MF7602_P2_M2->MF7602_P2_M3,chemistry_panel,MF7602_P2_M2->MF7602_P2_M3,1,0.181481211931,2.0,4.0,5.41292544967,5.25997121294,0.165447445781,ACTIONABLE
7602,legacy_uncertainty_chemistry,3,chemistry_panel:MF7602_P1_M1->MF7602_P1_M2,chemistry_panel,MF7602_P1_M1->MF7602_P1_M2,1,0.280410835005,2.0,6.0,5.25997121294,5.26148001499,0.00143401234452,ACTIONABLE
7602,legacy_uncertainty_chemistry,4,chemistry_panel:MF7602_P0_M2->MF7602_P0_M3,chemistry_panel,MF7602_P0_M2->MF7602_P0_M3,1,0.23433210374,2.0,8.0,5.26148001499,5.21474892347,0.0688231722131,ACTIONABLE
7602,legacy_uncertainty_chemistry,5,chemistry_panel:MF7602_P2_M0->MF7602_P2_M1,chemistry_panel,MF7602_P2_M0->MF7602_P2_M1,1,0.180615020388,2.0,10.0,5.21474892347,5.06619982592,0.143322057904,ACTIONABLE
7602,random_feasible,1,chemistry_panel:MF7602_P1_M3->MF7602_P2_M3,chemistry_panel,MF7602_P1_M3->MF7602_P2_M3,0,0.325043062224,2.0,2.0,5.54517744448,5.50308311129,0.0420943331915,ACTIONABLE
7602,random_feasible,2,age_tracer:MF7602_P1_M3->MF7602_P0_M3,age_tracer,MF7602_P1_M3->MF7602_P0_M3,0,-10.4656919831,5.0,7.0,5.50308311129,5.45490516075,0.0550303365595,ACTIONABLE
7602,random_feasible,3,chemistry_panel:MF7602_P0_M3->MF7602_P1_M3,chemistry_panel,MF7602_P0_M3->MF7602_P1_M3,0,0.483243209453,2.0,9.0,5.45490516075,5.37831179448,0.0837423970085,ACTIONABLE
7602,realised_oracle,1,chemistry_panel:MF7602_P1_M2->MF7602_P1_M3,chemistry_panel,MF7602_P1_M2->MF7602_P1_M3,1,0.0604123271343,2.0,2.0,5.54517744448,5.4135161109,0.13166133358,ACTIONABLE
7602,realised_oracle,2,chemistry_panel:MF7602_P2_M0->MF7602_P2_M1,chemistry_panel,MF7602_P2_M0->MF7602_P2_M1,1,0.180615020388,2.0,4.0,5.4135161109,5.25576565752,0.141699890643,ACTIONABLE
7602,realised_oracle,3,chemistry_panel:MF7602_P2_M1->MF7602_P1_M2,chemistry_panel,MF7602_P2_M1->MF7602_P1_M2,0,0.395591090821,2.0,6.0,5.25576565752,4.98926871021,0.297894374039,ACTIONABLE
7602,realised_oracle,4,chemistry_panel:MF7602_P1_M1->MF7602_P2_M2,chemistry_panel,MF7602_P1_M1->MF7602_P2_M2,0,0.380431050816,2.0,8.0,4.98926871021,4.81928444513,0.143724795781,ACTIONABLE
7602,realised_oracle,5,chemistry_panel:MF7602_P0_M0->MF7602_P0_M1,chemistry_panel,MF7602_P0_M0->MF7602_P0_M1,1,0.18697063971,2.0,10.0,4.81928444513,4.63492476501,0.108375275249,ACTIONABLE
7603,robust_information_decision_per_cost,1,chemistry_panel:MF7603_P2_M1->MF7603_P2_M2,chemistry_panel,MF7603_P2_M1->MF7603_P2_M2,1,0.174836912047,2.0,2.0,5.54517744448,5.37990058569,0.16527685879,ACTIONABLE
7603,robust_information_decision_per_cost,2,chemistry_panel:MF7603_P1_M1->MF7603_P1_M2,chemistry_panel,MF7603_P1_M1->MF7603_P1_M2,1,0.242327309189,2.0,4.0,5.37990058569,5.306905818,0.0595673091582,ACTIONABLE
7603,robust_information_decision_per_cost,3,chemistry_panel:MF7603_P2_M2->MF7603_P2_M3,chemistry_panel,MF7603_P2_M2->MF7603_P2_M3,1,0.194684035193,2.0,6.0,5.306905818,5.13230415077,0.15212417408,ACTIONABLE
7603,robust_information_decision_per_cost,4,chemistry_panel:MF7603_P2_M0->MF7603_P2_M1,chemistry_panel,MF7603_P2_M0->MF7603_P2_M1,1,0.218033737682,2.0,8.0,5.13230415077,5.03972745985,0.0945764680501,ACTIONABLE
7603,robust_information_decision_per_cost,5,chemistry_panel:MF7603_P0_M1->MF7603_P0_M2,chemistry_panel,MF7603_P0_M1->MF7603_P0_M2,1,0.187877470731,2.0,10.0,5.03972745985,4.86438617061,0.15948441423,ACTIONABLE
7603,mean_information_decision_per_cost,1,chemistry_panel:MF7603_P2_M1->MF7603_P2_M2,chemistry_panel,MF7603_P2_M1->MF7603_P2_M2,1,0.174836912047,2.0,2.0,5.54517744448,5.37990058569,0.16527685879,ACTIONABLE
7603,mean_information_decision_per_cost,2,chemistry_panel:MF7603_P1_M1->MF7603_P1_M2,chemistry_panel,MF7603_P1_M1->MF7603_P1_M2,1,0.242327309189,2.0,4.0,5.37990058569,5.306905818,0.0595673091582,ACTIONABLE
7603,mean_information_decision_per_cost,3,chemistry_panel:MF7603_P2_M2->MF7603_P2_M3,chemistry_panel,MF7603_P2_M2->MF7603_P2_M3,1,0.194684035193,2.0,6.0,5.306905818,5.13230415077,0.15212417408,ACTIONABLE
7603,mean_information_decision_per_cost,4,chemistry_panel:MF7603_P2_M0->MF7603_P2_M1,chemistry_panel,MF7603_P2_M0->MF7603_P2_M1,1,0.218033737682,2.0,8.0,5.13230415077,5.03972745985,0.0945764680501,ACTIONABLE
7603,mean_information_decision_per_cost,5,chemistry_panel:MF7603_P0_M1->MF7603_P0_M2,chemistry_panel,MF7603_P0_M1->MF7603_P0_M2,1,0.187877470731,2.0,10.0,5.03972745985,4.86438617061,0.15948441423,ACTIONABLE
7603,legacy_uncertainty_chemistry,1,chemistry_panel:MF7603_P2_M2->MF7603_P2_M3,chemistry_panel,MF7603_P2_M2->MF7603_P2_M3,1,0.194684035193,2.0,2.0,5.54517744448,5.38779170164,0.157385742843,ACTIONABLE
7603,legacy_uncertainty_chemistry,2,chemistry_panel:MF7603_P0_M1->MF7603_P0_M2,chemistry_panel,MF7603_P0_M1->MF7603_P0_M2,1,0.187877470731,2.0,4.0,5.38779170164,5.21681076312,0.160556242115,ACTIONABLE
7603,legacy_uncertainty_chemistry,3,chemistry_panel:MF7603_P2_M1->MF7603_P2_M2,chemistry_panel,MF7603_P2_M1->MF7603_P2_M2,1,0.174836912047,2.0,6.0,5.21681076312,5.04615860231,0.162264117746,ACTIONABLE
7603,legacy_uncertainty_chemistry,4,chemistry_panel:MF7603_P1_M2->MF7603_P1_M3,chemistry_panel,MF7603_P1_M2->MF7603_P1_M3,1,0.0868962848129,2.0,8.0,5.04615860231,4.77356599369,0.169568484441,ACTIONABLE
7603,legacy_uncertainty_chemistry,5,chemistry_panel:MF7603_P0_M2->MF7603_P0_M3,chemistry_panel,MF7603_P0_M2->MF7603_P0_M3,1,0.173458283702,2.0,10.0,4.77356599369,4.67904828107,0.143965670997,ACTIONABLE
7603,random_feasible,1,connectivity_tracer:MF7603_P1_M2->MF7603_P2_M3,connectivity_tracer,MF7603_P1_M2->MF7603_P2_M3,0,0.0444657833752,9.0,9.0,5.54517744448,5.24768772453,0.297489719954,ACTIONABLE
7603,realised_oracle,1,chemistry_panel:MF7603_P2_M1->MF7603_P2_M2,chemistry_panel,MF7603_P2_M1->MF7603_P2_M2,1,0.174836912047,2.0,2.0,5.54517744448,5.37990058569,0.16527685879,ACTIONABLE
7603,realised_oracle,2,chemistry_panel:MF7603_P1_M2->MF7603_P1_M3,chemistry_panel,MF7603_P1_M2->MF7603_P1_M3,1,0.0868962848129,2.0,4.0,5.37990058569,5.19052791814,0.18221209815,ACTIONABLE
7603,realised_oracle,3,chemistry_panel:MF7603_P0_M1->MF7603_P0_M2,chemistry_panel,MF7603_P0_M1->MF7603_P0_M2,1,0.187877470731,2.0,6.0,5.19052791814,4.98681143051,0.152400852131,ACTIONABLE
7603,realised_oracle,4,chemistry_panel:MF7603_P2_M2->MF7603_P2_M3,chemistry_panel,MF7603_P2_M2->MF7603_P2_M3,1,0.194684035193,2.0,8.0,4.98681143051,4.77356599369,0.138892152335,ACTIONABLE
7603,realised_oracle,5,chemistry_panel:MF7603_P0_M0->MF7603_P0_M1,chemistry_panel,MF7603_P0_M0->MF7603_P0_M1,1,0.230862339614,2.0,10.0,4.77356599369,4.7204578148,0.0723334590317,ACTIONABLE
7604,robust_information_decision_per_cost,1,chemistry_panel:MF7604_P1_M1->MF7604_P1_M2,chemistry_panel,MF7604_P1_M1->MF7604_P1_M2,1,0.230431713756,2.0,2.0,5.54517744448,5.46061348182,0.0845639626592,ACTIONABLE
7604,robust_information_decision_per_cost,2,chemistry_panel:MF7604_P2_M0->MF7604_P2_M1,chemistry_panel,MF7604_P2_M0->MF7604_P2_M1,1,0.21302543572,2.0,4.0,5.46061348182,5.32662968699,0.125967388152,ACTIONABLE
7604,robust_information_decision_per_cost,3,chemistry_panel:MF7604_P0_M1->MF7604_P0_M2,chemistry_panel,MF7604_P0_M1->MF7604_P0_M2,1,0.238533509791,2.0,6.0,5.32662968699,5.26377241131,0.063141193297,ACTIONABLE
7604,robust_information_decision_per_cost,4,chemistry_panel:MF7604_P0_M2->MF7604_P0_M3,chemistry_panel,MF7604_P0_M2->MF7604_P0_M3,1,0.232207848509,2.0,8.0,5.26377241131,5.23244708902,0.0737673559521,ACTIONABLE
7604,robust_information_decision_per_cost,5,chemistry_panel:MF7604_P2_M1->MF7604_P2_M2,chemistry_panel,MF7604_P2_M1->MF7604_P2_M2,1,0.203160319934,2.0,10.0,5.23244708902,5.1180725092,0.0982568287628,ACTIONABLE
7604,mean_information_decision_per_cost,1,chemistry_panel:MF7604_P1_M1->MF7604_P1_M2,chemistry_panel,MF7604_P1_M1->MF7604_P1_M2,1,0.230431713756,2.0,2.0,5.54517744448,5.46061348182,0.0845639626592,ACTIONABLE
7604,mean_information_decision_per_cost,2,chemistry_panel:MF7604_P2_M0->MF7604_P2_M1,chemistry_panel,MF7604_P2_M0->MF7604_P2_M1,1,0.21302543572,2.0,4.0,5.46061348182,5.32662968699,0.125967388152,ACTIONABLE
7604,mean_information_decision_per_cost,3,chemistry_panel:MF7604_P0_M1->MF7604_P0_M2,chemistry_panel,MF7604_P0_M1->MF7604_P0_M2,1,0.238533509791,2.0,6.0,5.32662968699,5.26377241131,0.063141193297,ACTIONABLE
7604,mean_information_decision_per_cost,4,chemistry_panel:MF7604_P1_M2->MF7604_P1_M3,chemistry_panel,MF7604_P1_M2->MF7604_P1_M3,1,0.0676739450937,2.0,8.0,5.26377241131,5.13354463394,0.0984359540074,ACTIONABLE
7604,mean_information_decision_per_cost,5,chemistry_panel:MF7604_P2_M1->MF7604_P2_M2,chemistry_panel,MF7604_P2_M1->MF7604_P2_M2,1,0.203160319934,2.0,10.0,5.13354463394,5.05777860112,0.11275261368,ACTIONABLE
7604,legacy_uncertainty_chemistry,1,chemistry_panel:MF7604_P2_M0->MF7604_P2_M1,chemistry_panel,MF7604_P2_M0->MF7604_P2_M1,1,0.21302543572,2.0,2.0,5.54517744448,5.41757909452,0.12759834996,ACTIONABLE
7604,legacy_uncertainty_chemistry,2,chemistry_panel:MF7604_P2_M2->MF7604_P2_M3,chemistry_panel,MF7604_P2_M2->MF7604_P2_M3,1,0.190824954074,2.0,4.0,5.41757909452,5.27681733423,0.163861824613,ACTIONABLE
7604,legacy_uncertainty_chemistry,3,chemistry_panel:MF7604_P1_M1->MF7604_P1_M2,chemistry_panel,MF7604_P1_M1->MF7604_P1_M2,1,0.230431713756,2.0,6.0,5.27681733423,5.18796156465,0.083415528849,ACTIONABLE
7604,legacy_uncertainty_chemistry,4,chemistry_panel:MF7604_P1_M2->MF7604_P1_M3,chemistry_panel,MF7604_P1_M2->MF7604_P1_M3,1,0.0676739450937,2.0,8.0,5.18796156465,5.07602126366,0.0996267168351,ACTIONABLE
7604,legacy_uncertainty_chemistry,5,chemistry_panel:MF7604_P0_M1->MF7604_P0_M2,chemistry_panel,MF7604_P0_M1->MF7604_P0_M2,1,0.238533509791,2.0,10.0,5.07602126366,5.00665235007,0.063350563271,ACTIONABLE
7604,random_feasible,1,age_tracer:MF7604_P0_M2->MF7604_P2_M3,age_tracer,MF7604_P0_M2->MF7604_P2_M3,0,13.3935604476,5.0,5.0,5.54517744448,5.54376609709,0.00141134738724,ACTIONABLE
7604,random_feasible,2,age_tracer:MF7604_P2_M3->MF7604_P0_M3,age_tracer,MF7604_P2_M3->MF7604_P0_M3,0,2.59289107966,5.0,10.0,5.54376609709,5.54374789472,1.43173364346e-05,ACTIONABLE
7604,realised_oracle,1,chemistry_panel:MF7604_P1_M2->MF7604_P1_M3,chemistry_panel,MF7604_P1_M2->MF7604_P1_M3,1,0.0676739450937,2.0,2.0,5.54517744448,5.44354825809,0.10162918639,ACTIONABLE
7604,realised_oracle,2,chemistry_panel:MF7604_P1_M1->MF7604_P1_M2,chemistry_panel,MF7604_P1_M1->MF7604_P1_M2,1,0.230431713756,2.0,4.0,5.44354825809,5.34953352788,0.0828615335154,ACTIONABLE
7604,realised_oracle,3,chemistry_panel:MF7604_P0_M1->MF7604_P0_M2,chemistry_panel,MF7604_P0_M1->MF7604_P0_M2,1,0.238533509791,2.0,6.0,5.34953352788,5.27314135274,0.0625764130929,ACTIONABLE
7604,realised_oracle,4,chemistry_panel:MF7604_P2_M2->MF7604_P2_M3,chemistry_panel,MF7604_P2_M2->MF7604_P2_M3,1,0.190824954074,2.0,8.0,5.27314135274,5.11896747102,0.159624873502,ACTIONABLE
7604,realised_oracle,5,chemistry_panel:MF7604_P2_M1->MF7604_P2_M2,chemistry_panel,MF7604_P2_M1->MF7604_P2_M2,1,0.203160319934,2.0,10.0,5.11896747102,5.10007505268,0.127977883971,ACTIONABLE
7605,robust_information_decision_per_cost,1,chemistry_panel:MF7605_P2_M2->MF7605_P2_M3,chemistry_panel,MF7605_P2_M2->MF7605_P2_M3,1,0.192232662396,2.0,2.0,5.54517744448,5.38436479424,0.160812650244,ACTIONABLE
7605,robust_information_decision_per_cost,2,chemistry_panel:MF7605_P1_M1->MF7605_P1_M2,chemistry_panel,MF7605_P1_M1->MF7605_P1_M2,1,0.234136449177,2.0,4.0,5.38436479424,5.30493076573,0.0758103569598,ACTIONABLE
7605,robust_information_decision_per_cost,3,chemistry_panel:MF7605_P2_M1->MF7605_P2_M2,chemistry_panel,MF7605_P2_M1->MF7605_P2_M2,1,0.228893683923,2.0,6.0,5.30493076573,5.21080944343,0.0884896062113,ACTIONABLE
7605,robust_information_decision_per_cost,4,chemistry_panel:MF7605_P1_M2->MF7605_P1_M3,chemistry_panel,MF7605_P1_M2->MF7605_P1_M3,1,0.0426423611448,2.0,8.0,5.21080944343,5.12230942044,0.0629952312573,ACTIONABLE
7605,robust_information_decision_per_cost,5,chemistry_panel:MF7605_P0_M0->MF7605_P0_M1,chemistry_panel,MF7605_P0_M0->MF7605_P0_M1,1,0.150438277702,2.0,10.0,5.12230942044,5.01309759895,0.181169532026,ACTIONABLE
7605,mean_information_decision_per_cost,1,chemistry_panel:MF7605_P2_M2->MF7605_P2_M3,chemistry_panel,MF7605_P2_M2->MF7605_P2_M3,1,0.192232662396,2.0,2.0,5.54517744448,5.38436479424,0.160812650244,ACTIONABLE
7605,mean_information_decision_per_cost,2,chemistry_panel:MF7605_P1_M1->MF7605_P1_M2,chemistry_panel,MF7605_P1_M1->MF7605_P1_M2,1,0.234136449177,2.0,4.0,5.38436479424,5.30493076573,0.0758103569598,ACTIONABLE
7605,mean_information_decision_per_cost,3,chemistry_panel:MF7605_P2_M1->MF7605_P2_M2,chemistry_panel,MF7605_P2_M1->MF7605_P2_M2,1,0.228893683923,2.0,6.0,5.30493076573,5.21080944343,0.0884896062113,ACTIONABLE
7605,mean_information_decision_per_cost,4,chemistry_panel:MF7605_P1_M2->MF7605_P1_M3,chemistry_panel,MF7605_P1_M2->MF7605_P1_M3,1,0.0426423611448,2.0,8.0,5.21080944343,5.12230942044,0.0629952312573,ACTIONABLE
7605,mean_information_decision_per_cost,5,chemistry_panel:MF7605_P0_M0->MF7605_P0_M1,chemistry_panel,MF7605_P0_M0->MF7605_P0_M1,1,0.150438277702,2.0,10.0,5.12230942044,5.01309759895,0.181169532026,ACTIONABLE
7605,legacy_uncertainty_chemistry,1,chemistry_panel:MF7605_P2_M2->MF7605_P2_M3,chemistry_panel,MF7605_P2_M2->MF7605_P2_M3,1,0.192232662396,2.0,2.0,5.54517744448,5.38436479424,0.160812650244,ACTIONABLE
7605,legacy_uncertainty_chemistry,2,chemistry_panel:MF7605_P1_M2->MF7605_P1_M3,chemistry_panel,MF7605_P1_M2->MF7605_P1_M3,1,0.0426423611448,2.0,4.0,5.38436479424,5.3056915372,0.0642314807821,ACTIONABLE
7605,legacy_uncertainty_chemistry,3,chemistry_panel:MF7605_P2_M1->MF7605_P2_M2,chemistry_panel,MF7605_P2_M1->MF7605_P2_M2,1,0.228893683923,2.0,6.0,5.3056915372,5.20834967685,0.0885347833097,ACTIONABLE
7605,legacy_uncertainty_chemistry,4,chemistry_panel:MF7605_P0_M2->MF7605_P0_M3,chemistry_panel,MF7605_P0_M2->MF7605_P0_M3,1,0.200755575359,2.0,8.0,5.20834967685,5.10336225704,0.139853828158,ACTIONABLE
7605,legacy_uncertainty_chemistry,5,chemistry_panel:MF7605_P0_M0->MF7605_P0_M1,chemistry_panel,MF7605_P0_M0->MF7605_P0_M1,1,0.150438277702,2.0,10.0,5.10336225704,4.98298673116,0.17093356991,ACTIONABLE
7605,random_feasible,1,age_tracer:MF7605_P0_M1->MF7605_P2_M2,age_tracer,MF7605_P0_M1->MF7605_P2_M2,0,21.0578913114,5.0,5.0,5.54517744448,5.529181578,0.0159958664776,ACTIONABLE
7605,random_feasible,2,chemistry_panel:MF7605_P2_M0->MF7605_P1_M1,chemistry_panel,MF7605_P2_M0->MF7605_P1_M1,0,0.195530716075,2.0,7.0,5.529181578,5.37191110041,0.153144651114,ACTIONABLE
7605,random_feasible,3,chemistry_panel:MF7605_P0_M0->MF7605_P2_M1,chemistry_panel,MF7605_P0_M0->MF7605_P2_M1,0,0.264897998458,2.0,9.0,5.37191110041,5.35726561447,0.00556391941198,ACTIONABLE
7605,realised_oracle,1,chemistry_panel:MF7605_P1_M2->MF7605_P2_M3,chemistry_panel,MF7605_P1_M2->MF7605_P2_M3,0,0.37490741875,2.0,2.0,5.54517744448,5.34576939993,0.199408044549,ACTIONABLE
7605,realised_oracle,2,chemistry_panel:MF7605_P2_M1->MF7605_P1_M2,chemistry_panel,MF7605_P2_M1->MF7605_P1_M2,0,0.371958007017,2.0,4.0,5.34576939993,5.12584188528,0.21635064077,ACTIONABLE
7605,realised_oracle,3,chemistry_panel:MF7605_P1_M0->MF7605_P1_M1,chemistry_panel,MF7605_P1_M0->MF7605_P1_M1,1,0.213805675041,2.0,6.0,5.12584188528,4.99662186788,0.132893733423,ACTIONABLE
7605,realised_oracle,4,chemistry_panel:MF7605_P2_M2->MF7605_P2_M3,chemistry_panel,MF7605_P2_M2->MF7605_P2_M3,1,0.192232662396,2.0,8.0,4.99662186788,4.84394683273,0.150340021174,ACTIONABLE
7605,realised_oracle,5,chemistry_panel:MF7605_P1_M1->MF7605_P2_M2,chemistry_panel,MF7605_P1_M1->MF7605_P2_M2,0,0.397854000501,2.0,10.0,4.84394683273,4.66216673565,0.213345976527,ACTIONABLE
7606,robust_information_decision_per_cost,1,chemistry_panel:MF7606_P2_M1->MF7606_P2_M2,chemistry_panel,MF7606_P2_M1->MF7606_P2_M2,1,0.202504544868,2.0,2.0,5.54517744448,5.40829217985,0.13688526463,ACTIONABLE
7606,robust_information_decision_per_cost,2,chemistry_panel:MF7606_P2_M2->MF7606_P2_M3,chemistry_panel,MF7606_P2_M2->MF7606_P2_M3,1,0.233236480046,2.0,4.0,5.40829217985,5.3427810111,0.0719567325008,ACTIONABLE
7606,robust_information_decision_per_cost,3,chemistry_panel:MF7606_P2_M0->MF7606_P2_M1,chemistry_panel,MF7606_P2_M0->MF7606_P2_M1,1,0.202973087596,2.0,6.0,5.3427810111,5.18421565726,0.121297500372,ACTIONABLE
7606,robust_information_decision_per_cost,4,chemistry_panel:MF7606_P1_M1->MF7606_P1_M2,chemistry_panel,MF7606_P1_M1->MF7606_P1_M2,1,0.236632487379,2.0,8.0,5.18421565726,5.09540869987,0.0691370491708,ACTIONABLE
7606,robust_information_decision_per_cost,5,chemistry_panel:MF7606_P1_M2->MF7606_P1_M3,chemistry_panel,MF7606_P1_M2->MF7606_P1_M3,1,0.0956405266424,2.0,10.0,5.09540869987,4.94386119798,0.182808214961,ACTIONABLE
7606,mean_information_decision_per_cost,1,chemistry_panel:MF7606_P2_M1->MF7606_P2_M2,chemistry_panel,MF7606_P2_M1->MF7606_P2_M2,1,0.202504544868,2.0,2.0,5.54517744448,5.40829217985,0.13688526463,ACTIONABLE
7606,mean_information_decision_per_cost,2,chemistry_panel:MF7606_P2_M2->MF7606_P2_M3,chemistry_panel,MF7606_P2_M2->MF7606_P2_M3,1,0.233236480046,2.0,4.0,5.40829217985,5.3427810111,0.0719567325008,ACTIONABLE
7606,mean_information_decision_per_cost,3,chemistry_panel:MF7606_P1_M2->MF7606_P1_M3,chemistry_panel,MF7606_P1_M2->MF7606_P1_M3,1,0.0956405266424,2.0,6.0,5.3427810111,5.19343456928,0.182151688156,ACTIONABLE
7606,mean_information_decision_per_cost,4,chemistry_panel:MF7606_P1_M1->MF7606_P1_M2,chemistry_panel,MF7606_P1_M1->MF7606_P1_M2,1,0.236632487379,2.0,8.0,5.19343456928,5.12034384844,0.072005141297,ACTIONABLE
7606,mean_information_decision_per_cost,5,chemistry_panel:MF7606_P2_M0->MF7606_P2_M1,chemistry_panel,MF7606_P2_M0->MF7606_P2_M1,1,0.202973087596,2.0,10.0,5.12034384844,4.94386119798,0.117144967231,ACTIONABLE
7606,legacy_uncertainty_chemistry,1,chemistry_panel:MF7606_P1_M0->MF7606_P1_M1,chemistry_panel,MF7606_P1_M0->MF7606_P1_M1,1,0.213261917683,2.0,2.0,5.54517744448,5.41598191726,0.129195527221,ACTIONABLE
7606,legacy_uncertainty_chemistry,2,chemistry_panel:MF7606_P2_M1->MF7606_P2_M2,chemistry_panel,MF7606_P2_M1->MF7606_P2_M2,1,0.202504544868,2.0,4.0,5.41598191726,5.27641191485,0.136030140435,ACTIONABLE
7606,legacy_uncertainty_chemistry,3,chemistry_panel:MF7606_P2_M2->MF7606_P2_M3,chemistry_panel,MF7606_P2_M2->MF7606_P2_M3,1,0.233236480046,2.0,6.0,5.27641191485,5.20506563542,0.0725168102763,ACTIONABLE
7606,legacy_uncertainty_chemistry,4,chemistry_panel:MF7606_P0_M2->MF7606_P0_M3,chemistry_panel,MF7606_P0_M2->MF7606_P0_M3,1,0.230101269351,2.0,8.0,5.20506563542,5.12942961351,0.0761903336748,ACTIONABLE
7606,legacy_uncertainty_chemistry,5,chemistry_panel:MF7606_P1_M2->MF7606_P1_M3,chemistry_panel,MF7606_P1_M2->MF7606_P1_M3,1,0.0956405266424,2.0,10.0,5.12942961351,4.96907902101,0.179964395831,ACTIONABLE
7606,random_feasible,1,chemistry_panel:MF7606_P0_M0->MF7606_P1_M1,chemistry_panel,MF7606_P0_M0->MF7606_P1_M1,0,0.238595981107,2.0,2.0,5.54517744448,5.53209918804,0.0130782564371,ACTIONABLE
7606,random_feasible,2,chemistry_panel:MF7606_P1_M0->MF7606_P1_M1,chemistry_panel,MF7606_P1_M0->MF7606_P1_M1,1,0.213261917683,2.0,4.0,5.53209918804,5.39296822637,0.127615077797,ACTIONABLE
7606,random_feasible,3,chemistry_panel:MF7606_P2_M2->MF7606_P0_M3,chemistry_panel,MF7606_P2_M2->MF7606_P0_M3,0,0.273171415221,2.0,6.0,5.39296822637,5.39001953213,0.00458834490783,ACTIONABLE
7606,random_feasible,4,chemistry_panel:MF7606_P0_M0->MF7606_P0_M1,chemistry_panel,MF7606_P0_M0->MF7606_P0_M1,1,0.211228615072,2.0,8.0,5.39001953213,5.3736996524,0.0918464351842,ACTIONABLE
7606,random_feasible,5,chemistry_panel:MF7606_P0_M2->MF7606_P2_M3,chemistry_panel,MF7606_P0_M2->MF7606_P2_M3,0,0.485860810699,2.0,10.0,5.3736996524,5.36563234802,0.0143091607315,ACTIONABLE
7606,realised_oracle,1,chemistry_panel:MF7606_P2_M1->MF7606_P1_M2,chemistry_panel,MF7606_P2_M1->MF7606_P1_M2,0,0.449151657152,2.0,2.0,5.54517744448,5.16960716362,0.375570280856,ACTIONABLE
7606,realised_oracle,2,chemistry_panel:MF7606_P1_M0->MF7606_P1_M1,chemistry_panel,MF7606_P1_M0->MF7606_P1_M1,1,0.213261917683,2.0,4.0,5.16960716362,5.04099001231,0.125265434793,ACTIONABLE
7606,realised_oracle,3,chemistry_panel:MF7606_P2_M0->MF7606_P2_M1,chemistry_panel,MF7606_P2_M0->MF7606_P2_M1,1,0.202973087596,2.0,6.0,5.04099001231,4.90804227582,0.124638389724,ACTIONABLE
7606,realised_oracle,4,chemistry_panel:MF7606_P1_M2->MF7606_P1_M3,chemistry_panel,MF7606_P1_M2->MF7606_P1_M3,1,0.0956405266424,2.0,8.0,4.90804227582,4.75339281283,0.17823675091,ACTIONABLE
7606,realised_oracle,5,chemistry_panel:MF7606_P1_M1->MF7606_P2_M2,chemistry_panel,MF7606_P1_M1->MF7606_P2_M2,0,0.408963311817,2.0,10.0,4.75339281283,4.55244678829,0.20499270276,ACTIONABLE
7607,robust_information_decision_per_cost,1,chemistry_panel:MF7607_P0_M1->MF7607_P0_M2,chemistry_panel,MF7607_P0_M1->MF7607_P0_M2,1,0.285706346713,2.0,2.0,5.54517744448,5.54358890148,0.00158854299812,ACTIONABLE
7607,robust_information_decision_per_cost,2,chemistry_panel:MF7607_P2_M1->MF7607_P2_M2,chemistry_panel,MF7607_P2_M1->MF7607_P2_M2,1,0.208510004227,2.0,4.0,5.54358890148,5.41699135539,0.124704464359,ACTIONABLE
7607,robust_information_decision_per_cost,3,chemistry_panel:MF7607_P1_M0->MF7607_P1_M1,chemistry_panel,MF7607_P1_M0->MF7607_P1_M1,1,0.197926031357,2.0,6.0,5.41699135539,5.26158943205,0.148012963939,ACTIONABLE
7607,robust_information_decision_per_cost,4,chemistry_panel:MF7607_P1_M1->MF7607_P1_M2,chemistry_panel,MF7607_P1_M1->MF7607_P1_M2,1,0.250005933422,2.0,8.0,5.26158943205,5.20523246077,0.0404349977604,ACTIONABLE
7607,robust_information_decision_per_cost,5,chemistry_panel:MF7607_P2_M2->MF7607_P2_M3,chemistry_panel,MF7607_P2_M2->MF7607_P2_M3,1,0.200993538022,2.0,10.0,5.20523246077,5.02387209124,0.150712594865,ACTIONABLE
7607,mean_information_decision_per_cost,1,chemistry_panel:MF7607_P0_M1->MF7607_P0_M2,chemistry_panel,MF7607_P0_M1->MF7607_P0_M2,1,0.285706346713,2.0,2.0,5.54517744448,5.54358890148,0.00158854299812,ACTIONABLE
7607,mean_information_decision_per_cost,2,chemistry_panel:MF7607_P2_M2->MF7607_P2_M3,chemistry_panel,MF7607_P2_M2->MF7607_P2_M3,1,0.200993538022,2.0,4.0,5.54358890148,5.39409924799,0.15478419009,ACTIONABLE
7607,mean_information_decision_per_cost,3,chemistry_panel:MF7607_P2_M1->MF7607_P2_M2,chemistry_panel,MF7607_P2_M1->MF7607_P2_M2,1,0.208510004227,2.0,6.0,5.39409924799,5.26871264386,0.125519703931,ACTIONABLE
7607,mean_information_decision_per_cost,4,chemistry_panel:MF7607_P1_M1->MF7607_P1_M2,chemistry_panel,MF7607_P1_M1->MF7607_P1_M2,1,0.250005933422,2.0,8.0,5.26871264386,5.19694232216,0.0395762897645,ACTIONABLE
7607,mean_information_decision_per_cost,5,chemistry_panel:MF7607_P1_M2->MF7607_P1_M3,chemistry_panel,MF7607_P1_M2->MF7607_P1_M3,1,0.0532378379915,2.0,10.0,5.19694232216,5.08532316794,0.0780728869745,ACTIONABLE
7607,legacy_uncertainty_chemistry,1,chemistry_panel:MF7607_P1_M0->MF7607_P1_M1,chemistry_panel,MF7607_P1_M0->MF7607_P1_M1,1,0.197926031357,2.0,2.0,5.54517744448,5.39493462346,0.150242821021,ACTIONABLE
7607,legacy_uncertainty_chemistry,2,chemistry_panel:MF7607_P0_M1->MF7607_P0_M2,chemistry_panel,MF7607_P0_M1->MF7607_P0_M2,1,0.285706346713,2.0,4.0,5.39493462346,5.39353299724,0.00158911695494,ACTIONABLE
7607,legacy_uncertainty_chemistry,3,chemistry_panel:MF7607_P1_M1->MF7607_P1_M2,chemistry_panel,MF7607_P1_M1->MF7607_P1_M2,1,0.250005933422,2.0,6.0,5.39353299724,5.35442763992,0.0416947893957,ACTIONABLE
7607,legacy_uncertainty_chemistry,4,chemistry_panel:MF7607_P2_M2->MF7607_P2_M3,chemistry_panel,MF7607_P2_M2->MF7607_P2_M3,1,0.200993538022,2.0,8.0,5.35442763992,5.18926893737,0.152334001724,ACTIONABLE
7607,legacy_uncertainty_chemistry,5,chemistry_panel:MF7607_P1_M2->MF7607_P1_M3,chemistry_panel,MF7607_P1_M2->MF7607_P1_M3,1,0.0532378379915,2.0,10.0,5.18926893737,5.09425361787,0.0795372966479,ACTIONABLE
7607,random_feasible,1,chemistry_panel:MF7607_P2_M0->MF7607_P1_M1,chemistry_panel,MF7607_P2_M0->MF7607_P1_M1,0,0.23657296886,2.0,2.0,5.54517744448,5.50731982907,0.0378576154106,ACTIONABLE
7607,random_feasible,2,chemistry_panel:MF7607_P0_M0->MF7607_P2_M1,chemistry_panel,MF7607_P0_M0->MF7607_P2_M1,0,0.234955834909,2.0,4.0,5.50731982907,5.50781901204,0.000245440946995,ACTIONABLE
7607,random_feasible,3,age_tracer:MF7607_P1_M3->MF7607_P2_M3,age_tracer,MF7607_P1_M3->MF7607_P2_M3,0,-9.67166255413,5.0,9.0,5.50781901204,5.45303202701,0.0627592979502,ACTIONABLE
7607,realised_oracle,1,chemistry_panel:MF7607_P2_M2->MF7607_P2_M3,chemistry_panel,MF7607_P2_M2->MF7607_P2_M3,1,0.200993538022,2.0,2.0,5.54517744448,5.39131324321,0.153864201268,ACTIONABLE
7607,realised_oracle,2,chemistry_panel:MF7607_P2_M1->MF7607_P2_M2,chemistry_panel,MF7607_P2_M1->MF7607_P2_M2,1,0.208510004227,2.0,4.0,5.39131324321,5.26935493568,0.12615916759,ACTIONABLE
7607,realised_oracle,3,chemistry_panel:MF7607_P1_M0->MF7607_P1_M1,chemistry_panel,MF7607_P1_M0->MF7607_P1_M1,1,0.197926031357,2.0,6.0,5.26935493568,5.10325228741,0.145543810907,ACTIONABLE
7607,realised_oracle,4,chemistry_panel:MF7607_P1_M2->MF7607_P1_M3,chemistry_panel,MF7607_P1_M2->MF7607_P1_M3,1,0.0532378379915,2.0,8.0,5.10325228741,5.0180360883,0.0800556534108,ACTIONABLE
7607,realised_oracle,5,chemistry_panel:MF7607_P0_M0->MF7607_P0_M1,chemistry_panel,MF7607_P0_M0->MF7607_P0_M1,1,0.221403924021,2.0,10.0,5.0180360883,4.91370055809,0.095167817968,ACTIONABLE
7608,robust_information_decision_per_cost,1,chemistry_panel:MF7608_P2_M1->MF7608_P2_M2,chemistry_panel,MF7608_P2_M1->MF7608_P2_M2,1,0.22798182636,2.0,2.0,5.54517744448,5.45170436393,0.093473080552,ACTIONABLE
7608,robust_information_decision_per_cost,2,chemistry_panel:MF7608_P2_M0->MF7608_P2_M1,chemistry_panel,MF7608_P2_M0->MF7608_P2_M1,1,0.189112403843,2.0,4.0,5.45170436393,5.29744403698,0.161856734787,ACTIONABLE
7608,robust_information_decision_per_cost,3,chemistry_panel:MF7608_P2_M2->MF7608_P2_M3,chemistry_panel,MF7608_P2_M2->MF7608_P2_M3,1,0.177715765316,2.0,6.0,5.29744403698,5.116729261,0.181277587477,ACTIONABLE
7608,robust_information_decision_per_cost,4,chemistry_panel:MF7608_P0_M2->MF7608_P0_M3,chemistry_panel,MF7608_P0_M2->MF7608_P0_M3,1,0.238117333877,2.0,8.0,5.116729261,5.03456509942,0.0594455335556,ACTIONABLE
7608,robust_information_decision_per_cost,5,chemistry_panel:MF7608_P0_M1->MF7608_P0_M2,chemistry_panel,MF7608_P0_M1->MF7608_P0_M2,1,0.272656951973,2.0,10.0,5.03456509942,5.02720916123,0.00301204093426,ACTIONABLE
7608,mean_information_decision_per_cost,1,chemistry_panel:MF7608_P2_M1->MF7608_P2_M2,chemistry_panel,MF7608_P2_M1->MF7608_P2_M2,1,0.22798182636,2.0,2.0,5.54517744448,5.45170436393,0.093473080552,ACTIONABLE
7608,mean_information_decision_per_cost,2,chemistry_panel:MF7608_P2_M0->MF7608_P2_M1,chemistry_panel,MF7608_P2_M0->MF7608_P2_M1,1,0.189112403843,2.0,4.0,5.45170436393,5.29744403698,0.161856734787,ACTIONABLE
7608,mean_information_decision_per_cost,3,chemistry_panel:MF7608_P2_M2->MF7608_P2_M3,chemistry_panel,MF7608_P2_M2->MF7608_P2_M3,1,0.177715765316,2.0,6.0,5.29744403698,5.116729261,0.181277587477,ACTIONABLE
7608,mean_information_decision_per_cost,4,chemistry_panel:MF7608_P0_M2->MF7608_P0_M3,chemistry_panel,MF7608_P0_M2->MF7608_P0_M3,1,0.238117333877,2.0,8.0,5.116729261,5.03456509942,0.0594455335556,ACTIONABLE
7608,mean_information_decision_per_cost,5,chemistry_panel:MF7608_P0_M1->MF7608_P0_M2,chemistry_panel,MF7608_P0_M1->MF7608_P0_M2,1,0.272656951973,2.0,10.0,5.03456509942,5.02720916123,0.00301204093426,ACTIONABLE
7608,legacy_uncertainty_chemistry,1,chemistry_panel:MF7608_P2_M2->MF7608_P2_M3,chemistry_panel,MF7608_P2_M2->MF7608_P2_M3,1,0.177715765316,2.0,2.0,5.54517744448,5.36501136034,0.180166084141,ACTIONABLE
7608,legacy_uncertainty_chemistry,2,chemistry_panel:MF7608_P2_M0->MF7608_P2_M1,chemistry_panel,MF7608_P2_M0->MF7608_P2_M1,1,0.189112403843,2.0,4.0,5.36501136034,5.20908956335,0.161689365743,ACTIONABLE
7608,legacy_uncertainty_chemistry,3,chemistry_panel:MF7608_P2_M1->MF7608_P2_M2,chemistry_panel,MF7608_P2_M1->MF7608_P2_M2,1,0.22798182636,2.0,6.0,5.20908956335,5.116729261,0.0939612011753,ACTIONABLE
7608,legacy_uncertainty_chemistry,4,chemistry_panel:MF7608_P1_M2->MF7608_P1_M3,chemistry_panel,MF7608_P1_M2->MF7608_P1_M3,1,0.0673602218837,2.0,8.0,5.116729261,4.99065692306,0.109588827573,ACTIONABLE
7608,legacy_uncertainty_chemistry,5,chemistry_panel:MF7608_P0_M2->MF7608_P0_M3,chemistry_panel,MF7608_P0_M2->MF7608_P0_M3,1,0.238117333877,2.0,10.0,4.99065692306,4.90966373745,0.059692185838,ACTIONABLE
7608,random_feasible,1,connectivity_tracer:MF7608_P2_M2->MF7608_P2_M3,connectivity_tracer,MF7608_P2_M2->MF7608_P2_M3,1,0.688597279002,9.0,9.0,5.54517744448,4.95340694125,0.591770503234,ACTIONABLE
7608,realised_oracle,1,chemistry_panel:MF7608_P2_M2->MF7608_P2_M3,chemistry_panel,MF7608_P2_M2->MF7608_P2_M3,1,0.177715765316,2.0,2.0,5.54517744448,5.36501136034,0.180166084141,ACTIONABLE
7608,realised_oracle,2,chemistry_panel:MF7608_P2_M0->MF7608_P2_M1,chemistry_panel,MF7608_P2_M0->MF7608_P2_M1,1,0.189112403843,2.0,4.0,5.36501136034,5.20908956335,0.161689365743,ACTIONABLE
7608,realised_oracle,3,chemistry_panel:MF7608_P1_M2->MF7608_P1_M3,chemistry_panel,MF7608_P1_M2->MF7608_P1_M3,1,0.0673602218837,2.0,6.0,5.20908956335,5.09365572125,0.110149724007,ACTIONABLE
7608,realised_oracle,4,chemistry_panel:MF7608_P1_M1->MF7608_P1_M2,chemistry_panel,MF7608_P1_M1->MF7608_P1_M2,1,0.233062935826,2.0,8.0,5.09365572125,5.00526415425,0.0835328270571,ACTIONABLE
7608,realised_oracle,5,chemistry_panel:MF7608_P2_M1->MF7608_P1_M2,chemistry_panel,MF7608_P2_M1->MF7608_P1_M2,0,0.396657538459,2.0,10.0,5.00526415425,4.76457375035,0.277674375604,ACTIONABLE
7609,robust_information_decision_per_cost,1,chemistry_panel:MF7609_P2_M1->MF7609_P2_M2,chemistry_panel,MF7609_P2_M1->MF7609_P2_M2,1,0.245400414761,2.0,2.0,5.54517744448,5.49961955839,0.0455578860916,ACTIONABLE
7609,robust_information_decision_per_cost,2,chemistry_panel:MF7609_P2_M2->MF7609_P2_M3,chemistry_panel,MF7609_P2_M2->MF7609_P2_M3,1,0.244443167762,2.0,4.0,5.49961955839,5.45986713545,0.0490473335954,ACTIONABLE
7609,robust_information_decision_per_cost,3,chemistry_panel:MF7609_P0_M1->MF7609_P0_M2,chemistry_panel,MF7609_P0_M1->MF7609_P0_M2,1,0.234189230624,2.0,6.0,5.45986713545,5.39536699312,0.0729852688205,ACTIONABLE
7609,robust_information_decision_per_cost,4,chemistry_panel:MF7609_P1_M1->MF7609_P1_M2,chemistry_panel,MF7609_P1_M1->MF7609_P1_M2,1,0.298320512615,2.0,8.0,5.39536699312,5.3971834479,0.00561515120613,ACTIONABLE
7609,robust_information_decision_per_cost,5,chemistry_panel:MF7609_P1_M2->MF7609_P1_M3,chemistry_panel,MF7609_P1_M2->MF7609_P1_M3,1,0.093913475435,2.0,10.0,5.3971834479,5.19882088634,0.165403121879,ACTIONABLE
7609,mean_information_decision_per_cost,1,chemistry_panel:MF7609_P2_M1->MF7609_P2_M2,chemistry_panel,MF7609_P2_M1->MF7609_P2_M2,1,0.245400414761,2.0,2.0,5.54517744448,5.49961955839,0.0455578860916,ACTIONABLE
7609,mean_information_decision_per_cost,2,chemistry_panel:MF7609_P2_M2->MF7609_P2_M3,chemistry_panel,MF7609_P2_M2->MF7609_P2_M3,1,0.244443167762,2.0,4.0,5.49961955839,5.45986713545,0.0490473335954,ACTIONABLE
7609,mean_information_decision_per_cost,3,chemistry_panel:MF7609_P0_M1->MF7609_P0_M2,chemistry_panel,MF7609_P0_M1->MF7609_P0_M2,1,0.234189230624,2.0,6.0,5.45986713545,5.39536699312,0.0729852688205,ACTIONABLE
7609,mean_information_decision_per_cost,4,chemistry_panel:MF7609_P1_M2->MF7609_P1_M3,chemistry_panel,MF7609_P1_M2->MF7609_P1_M3,1,0.093913475435,2.0,8.0,5.39536699312,5.19261411287,0.164568570124,ACTIONABLE
7609,mean_information_decision_per_cost,5,chemistry_panel:MF7609_P0_M2->MF7609_P0_M3,chemistry_panel,MF7609_P0_M2->MF7609_P0_M3,1,0.210474794013,2.0,10.0,5.19261411287,5.07700235359,0.117186189986,ACTIONABLE
7609,legacy_uncertainty_chemistry,1,chemistry_panel:MF7609_P0_M1->MF7609_P0_M2,chemistry_panel,MF7609_P0_M1->MF7609_P0_M2,1,0.234189230624,2.0,2.0,5.54517744448,5.47316331294,0.0720141315441,ACTIONABLE
7609,legacy_uncertainty_chemistry,2,chemistry_panel:MF7609_P1_M0->MF7609_P1_M1,chemistry_panel,MF7609_P1_M0->MF7609_P1_M1,1,0.189073692288,2.0,4.0,5.47316331294,5.29808923303,0.174679754898,ACTIONABLE
7609,legacy_uncertainty_chemistry,3,chemistry_panel:MF7609_P2_M2->MF7609_P2_M3,chemistry_panel,MF7609_P2_M2->MF7609_P2_M3,1,0.244443167762,2.0,6.0,5.29808923303,5.2544760826,0.0489177600349,ACTIONABLE
7609,legacy_uncertainty_chemistry,4,chemistry_panel:MF7609_P1_M2->MF7609_P1_M3,chemistry_panel,MF7609_P1_M2->MF7609_P1_M3,1,0.093913475435,2.0,8.0,5.2544760826,5.03952889366,0.1665380334,ACTIONABLE
7609,legacy_uncertainty_chemistry,5,chemistry_panel:MF7609_P0_M2->MF7609_P0_M3,chemistry_panel,MF7609_P0_M2->MF7609_P0_M3,1,0.210474794013,2.0,10.0,5.03952889366,4.96929817557,0.123398026169,ACTIONABLE
7609,random_feasible,1,chemistry_panel:MF7609_P1_M3->MF7609_P2_M3,chemistry_panel,MF7609_P1_M3->MF7609_P2_M3,0,0.339576117469,2.0,2.0,5.54517744448,5.47816252323,0.067014921249,ACTIONABLE
7609,random_feasible,2,age_tracer:MF7609_P2_M0->MF7609_P0_M1,age_tracer,MF7609_P2_M0->MF7609_P0_M1,0,15.8068138301,5.0,7.0,5.47816252323,5.46870254882,0.00825349338951,ACTIONABLE
7609,random_feasible,3,chemistry_panel:MF7609_P0_M2->MF7609_P1_M3,chemistry_panel,MF7609_P0_M2->MF7609_P1_M3,0,0.421384679537,2.0,9.0,5.46870254882,5.34154905537,0.124560689067,ACTIONABLE
7609,realised_oracle,1,chemistry_panel:MF7609_P1_M2->MF7609_P1_M3,chemistry_panel,MF7609_P1_M2->MF7609_P1_M3,1,0.093913475435,2.0,2.0,5.54517744448,5.37257708773,0.172600356748,ACTIONABLE
7609,realised_oracle,2,chemistry_panel:MF7609_P1_M0->MF7609_P1_M1,chemistry_panel,MF7609_P1_M0->MF7609_P1_M1,1,0.189073692288,2.0,4.0,5.37257708773,5.2111171657,0.178228031553,ACTIONABLE
7609,realised_oracle,3,chemistry_panel:MF7609_P2_M0->MF7609_P2_M1,chemistry_panel,MF7609_P2_M0->MF7609_P2_M1,1,0.177248324085,2.0,6.0,5.2111171657,5.0308380483,0.114387010546,ACTIONABLE
7609,realised_oracle,4,chemistry_panel:MF7609_P0_M1->MF7609_P0_M2,chemistry_panel,MF7609_P0_M1->MF7609_P0_M2,1,0.234189230624,2.0,8.0,5.0308380483,4.93137255456,0.0686288182,ACTIONABLE
7609,realised_oracle,5,chemistry_panel:MF7609_P2_M1->MF7609_P1_M2,chemistry_panel,MF7609_P2_M1->MF7609_P1_M2,0,0.415225743257,2.0,10.0,4.93137255456,4.72179102241,0.18125810223,ACTIONABLE
7610,robust_information_decision_per_cost,1,chemistry_panel:MF7610_P0_M2->MF7610_P0_M3,chemistry_panel,MF7610_P0_M2->MF7610_P0_M3,1,0.231543684365,2.0,2.0,5.54517744448,5.47410415521,0.0710732892701,ACTIONABLE
7610,robust_information_decision_per_cost,2,chemistry_panel:MF7610_P2_M2->MF7610_P2_M3,chemistry_panel,MF7610_P2_M2->MF7610_P2_M3,1,0.189108755238,2.0,4.0,5.47410415521,5.36185124151,0.141277444677,ACTIONABLE
7610,robust_information_decision_per_cost,3,chemistry_panel:MF7610_P1_M2->MF7610_P1_M3,chemistry_panel,MF7610_P1_M2->MF7610_P1_M3,1,0.066117690031,2.0,6.0,5.36185124151,5.26262539428,0.0883257155999,ACTIONABLE
7610,robust_information_decision_per_cost,4,chemistry_panel:MF7610_P2_M1->MF7610_P2_M2,chemistry_panel,MF7610_P2_M1->MF7610_P2_M2,1,0.21290258748,2.0,8.0,5.26262539428,5.17239491184,0.126029473863,ACTIONABLE
7610,robust_information_decision_per_cost,5,chemistry_panel:MF7610_P0_M1->MF7610_P0_M2,chemistry_panel,MF7610_P0_M1->MF7610_P0_M2,1,0.173819279725,2.0,10.0,5.17239491184,4.95860529628,0.179703809581,ACTIONABLE
7610,mean_information_decision_per_cost,1,chemistry_panel:MF7610_P0_M2->MF7610_P0_M3,chemistry_panel,MF7610_P0_M2->MF7610_P0_M3,1,0.231543684365,2.0,2.0,5.54517744448,5.47410415521,0.0710732892701,ACTIONABLE
7610,mean_information_decision_per_cost,2,chemistry_panel:MF7610_P1_M2->MF7610_P1_M3,chemistry_panel,MF7610_P1_M2->MF7610_P1_M3,1,0.066117690031,2.0,4.0,5.47410415521,5.39085954695,0.090830616939,ACTIONABLE
7610,mean_information_decision_per_cost,3,chemistry_panel:MF7610_P0_M1->MF7610_P0_M2,chemistry_panel,MF7610_P0_M1->MF7610_P0_M2,1,0.173819279725,2.0,6.0,5.39085954695,5.18924465492,0.177166870439,ACTIONABLE
7610,mean_information_decision_per_cost,4,chemistry_panel:MF7610_P2_M2->MF7610_P2_M3,chemistry_panel,MF7610_P2_M2->MF7610_P2_M3,1,0.189108755238,2.0,8.0,5.18924465492,5.06666716456,0.143442048421,ACTIONABLE
7610,mean_information_decision_per_cost,5,chemistry_panel:MF7610_P2_M1->MF7610_P2_M2,chemistry_panel,MF7610_P2_M1->MF7610_P2_M2,1,0.21290258748,2.0,10.0,5.06666716456,4.95860529628,0.123241435072,ACTIONABLE
7610,legacy_uncertainty_chemistry,1,chemistry_panel:MF7610_P1_M1->MF7610_P1_M2,chemistry_panel,MF7610_P1_M1->MF7610_P1_M2,1,0.281027590261,2.0,2.0,5.54517744448,5.54455571292,0.000621731561848,ACTIONABLE
7610,legacy_uncertainty_chemistry,2,chemistry_panel:MF7610_P2_M1->MF7610_P2_M2,chemistry_panel,MF7610_P2_M1->MF7610_P2_M2,1,0.21290258748,2.0,4.0,5.54455571292,5.42278312163,0.121506113447,ACTIONABLE
7610,legacy_uncertainty_chemistry,3,chemistry_panel:MF7610_P1_M2->MF7610_P1_M3,chemistry_panel,MF7610_P1_M2->MF7610_P1_M3,1,0.066117690031,2.0,6.0,5.42278312163,5.32544237968,0.0882592729776,ACTIONABLE
7610,legacy_uncertainty_chemistry,4,chemistry_panel:MF7610_P0_M1->MF7610_P0_M2,chemistry_panel,MF7610_P0_M1->MF7610_P0_M2,1,0.173819279725,2.0,8.0,5.32544237968,5.13494034674,0.182569234052,ACTIONABLE
7610,legacy_uncertainty_chemistry,5,chemistry_panel:MF7610_P0_M2->MF7610_P0_M3,chemistry_panel,MF7610_P0_M2->MF7610_P0_M3,1,0.231543684365,2.0,10.0,5.13494034674,5.07947913129,0.0738603628952,ACTIONABLE
7610,random_feasible,1,age_tracer:MF7610_P2_M1->MF7610_P1_M2,age_tracer,MF7610_P2_M1->MF7610_P1_M2,0,20.5909958693,5.0,5.0,5.54517744448,5.45805127831,0.0871261661663,ACTIONABLE
7610,random_feasible,2,age_tracer:MF7610_P2_M3->MF7610_P0_M3,age_tracer,MF7610_P2_M3->MF7610_P0_M3,0,0.432871407529,5.0,10.0,5.45805127831,5.45805127831,0.0,ACTIONABLE
7610,realised_oracle,1,chemistry_panel:MF7610_P1_M0->MF7610_P1_M1,chemistry_panel,MF7610_P1_M0->MF7610_P1_M1,1,0.202782541038,2.0,2.0,5.54517744448,5.37904291409,0.166134530391,ACTIONABLE
7610,realised_oracle,2,chemistry_panel:MF7610_P0_M1->MF7610_P0_M2,chemistry_panel,MF7610_P0_M1->MF7610_P0_M2,1,0.173819279725,2.0,4.0,5.37904291409,5.20383262082,0.190169826733,ACTIONABLE
7610,realised_oracle,3,chemistry_panel:MF7610_P1_M2->MF7610_P1_M3,chemistry_panel,MF7610_P1_M2->MF7610_P1_M3,1,0.066117690031,2.0,6.0,5.20383262082,5.07199374548,0.0844389850644,ACTIONABLE
7610,realised_oracle,4,chemistry_panel:MF7610_P2_M1->MF7610_P2_M2,chemistry_panel,MF7610_P2_M1->MF7610_P2_M2,1,0.21290258748,2.0,8.0,5.07199374548,4.96555242434,0.121647821979,ACTIONABLE
7610,realised_oracle,5,chemistry_panel:MF7610_P2_M0->MF7610_P2_M2,chemistry_panel,MF7610_P2_M0->MF7610_P2_M2,0,0.383650084735,2.0,10.0,4.96555242434,4.81000941775,0.110047668259,ACTIONABLE
7611,robust_information_decision_per_cost,1,chemistry_panel:MF7611_P2_M2->MF7611_P2_M3,chemistry_panel,MF7611_P2_M2->MF7611_P2_M3,1,0.162162588518,2.0,2.0,5.54517744448,5.37040956984,0.174767874642,ACTIONABLE
7611,robust_information_decision_per_cost,2,chemistry_panel:MF7611_P2_M0->MF7611_P2_M1,chemistry_panel,MF7611_P2_M0->MF7611_P2_M1,1,0.221534563594,2.0,4.0,5.37040956984,5.2606613506,0.100378980409,ACTIONABLE
7611,robust_information_decision_per_cost,3,chemistry_panel:MF7611_P2_M1->MF7611_P2_M2,chemistry_panel,MF7611_P2_M1->MF7611_P2_M2,1,0.219538987276,2.0,6.0,5.2606613506,5.11418706282,0.112701013,ACTIONABLE
7611,robust_information_decision_per_cost,4,chemistry_panel:MF7611_P1_M2->MF7611_P1_M3,chemistry_panel,MF7611_P1_M2->MF7611_P1_M3,1,0.058905280963,2.0,8.0,5.11418706282,5.02169349255,0.086482670056,ACTIONABLE
7611,robust_information_decision_per_cost,5,chemistry_panel:MF7611_P1_M0->MF7611_P1_M1,chemistry_panel,MF7611_P1_M0->MF7611_P1_M1,1,0.177856646769,2.0,10.0,5.02169349255,4.8033495209,0.15433881847,ACTIONABLE
7611,mean_information_decision_per_cost,1,chemistry_panel:MF7611_P2_M2->MF7611_P2_M3,chemistry_panel,MF7611_P2_M2->MF7611_P2_M3,1,0.162162588518,2.0,2.0,5.54517744448,5.37040956984,0.174767874642,ACTIONABLE
7611,mean_information_decision_per_cost,2,chemistry_panel:MF7611_P2_M0->MF7611_P2_M1,chemistry_panel,MF7611_P2_M0->MF7611_P2_M1,1,0.221534563594,2.0,4.0,5.37040956984,5.2606613506,0.100378980409,ACTIONABLE
7611,mean_information_decision_per_cost,3,chemistry_panel:MF7611_P2_M1->MF7611_P2_M2,chemistry_panel,MF7611_P2_M1->MF7611_P2_M2,1,0.219538987276,2.0,6.0,5.2606613506,5.11418706282,0.112701013,ACTIONABLE
7611,mean_information_decision_per_cost,4,chemistry_panel:MF7611_P1_M2->MF7611_P1_M3,chemistry_panel,MF7611_P1_M2->MF7611_P1_M3,1,0.058905280963,2.0,8.0,5.11418706282,5.02169349255,0.086482670056,ACTIONABLE
7611,mean_information_decision_per_cost,5,chemistry_panel:MF7611_P1_M0->MF7611_P1_M1,chemistry_panel,MF7611_P1_M0->MF7611_P1_M1,1,0.177856646769,2.0,10.0,5.02169349255,4.8033495209,0.15433881847,ACTIONABLE
7611,legacy_uncertainty_chemistry,1,chemistry_panel:MF7611_P1_M1->MF7611_P1_M2,chemistry_panel,MF7611_P1_M1->MF7611_P1_M2,1,0.219726284488,2.0,2.0,5.54517744448,5.43629211515,0.108885329326,ACTIONABLE
7611,legacy_uncertainty_chemistry,2,chemistry_panel:MF7611_P1_M0->MF7611_P1_M1,chemistry_panel,MF7611_P1_M0->MF7611_P1_M1,1,0.177856646769,2.0,4.0,5.43629211515,5.26577848062,0.16907021718,ACTIONABLE
7611,legacy_uncertainty_chemistry,3,chemistry_panel:MF7611_P2_M0->MF7611_P2_M1,chemistry_panel,MF7611_P2_M0->MF7611_P2_M1,1,0.221534563594,2.0,6.0,5.26577848062,5.18031661881,0.107087145889,ACTIONABLE
7611,legacy_uncertainty_chemistry,4,chemistry_panel:MF7611_P1_M2->MF7611_P1_M3,chemistry_panel,MF7611_P1_M2->MF7611_P1_M3,1,0.058905280963,2.0,8.0,5.18031661881,5.05819634368,0.0850312383071,ACTIONABLE
7611,legacy_uncertainty_chemistry,5,chemistry_panel:MF7611_P2_M2->MF7611_P2_M3,chemistry_panel,MF7611_P2_M2->MF7611_P2_M3,1,0.162162588518,2.0,10.0,5.05819634368,4.87211832784,0.16951632624,ACTIONABLE
7611,random_feasible,1,chemistry_panel:MF7611_P2_M2->MF7611_P1_M3,chemistry_panel,MF7611_P2_M2->MF7611_P1_M3,0,0.375472412356,2.0,2.0,5.54517744448,5.3533933002,0.191784144277,ACTIONABLE
7611,random_feasible,2,chemistry_panel:MF7611_P2_M1->MF7611_P0_M2,chemistry_panel,MF7611_P2_M1->MF7611_P0_M2,0,0.226905041463,2.0,4.0,5.3533933002,5.35337919618,4.23757843226e-06,ACTIONABLE
7611,random_feasible,3,age_tracer:MF7611_P0_M0->MF7611_P2_M1,age_tracer,MF7611_P0_M0->MF7611_P2_M1,0,15.5122448196,5.0,9.0,5.35337919618,5.34289246809,0.00921238209639,ACTIONABLE
7611,realised_oracle,1,chemistry_panel:MF7611_P2_M1->MF7611_P1_M2,chemistry_panel,MF7611_P2_M1->MF7611_P1_M2,0,0.381060618755,2.0,2.0,5.54517744448,5.30949430479,0.235683139688,ACTIONABLE
7611,realised_oracle,2,chemistry_panel:MF7611_P2_M2->MF7611_P2_M3,chemistry_panel,MF7611_P2_M2->MF7611_P2_M3,1,0.162162588518,2.0,4.0,5.30949430479,5.13363400166,0.168217973784,ACTIONABLE
7611,realised_oracle,3,chemistry_panel:MF7611_P1_M0->MF7611_P1_M1,chemistry_panel,MF7611_P1_M0->MF7611_P1_M1,1,0.177856646769,2.0,6.0,5.13363400166,4.95273585934,0.160599101585,ACTIONABLE
7611,realised_oracle,4,chemistry_panel:MF7611_P1_M2->MF7611_P1_M3,chemistry_panel,MF7611_P1_M2->MF7611_P1_M3,1,0.058905280963,2.0,8.0,4.95273585934,4.84325092467,0.0853662687894,ACTIONABLE
7611,realised_oracle,5,chemistry_panel:MF7611_P0_M2->MF7611_P0_M3,chemistry_panel,MF7611_P0_M2->MF7611_P0_M3,1,0.185802866472,2.0,10.0,4.84325092467,4.68963710213,0.156284212278,ACTIONABLE
7612,robust_information_decision_per_cost,1,chemistry_panel:MF7612_P1_M2->MF7612_P1_M3,chemistry_panel,MF7612_P1_M2->MF7612_P1_M3,1,0.0367093309352,2.0,2.0,5.54517744448,5.50457324223,0.0406042022471,ACTIONABLE
7612,robust_information_decision_per_cost,2,chemistry_panel:MF7612_P2_M1->MF7612_P2_M2,chemistry_panel,MF7612_P2_M1->MF7612_P2_M2,1,0.194913662615,2.0,4.0,5.50457324223,5.34966697876,0.153397489596,ACTIONABLE
7612,robust_information_decision_per_cost,3,chemistry_panel:MF7612_P1_M1->MF7612_P1_M2,chemistry_panel,MF7612_P1_M1->MF7612_P1_M2,1,0.244765748973,2.0,6.0,5.34966697876,5.2931731544,0.053195980419,ACTIONABLE
7612,robust_information_decision_per_cost,4,chemistry_panel:MF7612_P2_M2->MF7612_P2_M3,chemistry_panel,MF7612_P2_M2->MF7612_P2_M3,1,0.237028230366,2.0,8.0,5.2931731544,5.23452056803,0.0644566276056,ACTIONABLE
7612,robust_information_decision_per_cost,5,chemistry_panel:MF7612_P0_M2->MF7612_P0_M3,chemistry_panel,MF7612_P0_M2->MF7612_P0_M3,1,0.23771299636,2.0,10.0,5.23452056803,5.19412947317,0.0603264422524,ACTIONABLE
7612,mean_information_decision_per_cost,1,chemistry_panel:MF7612_P1_M2->MF7612_P1_M3,chemistry_panel,MF7612_P1_M2->MF7612_P1_M3,1,0.0367093309352,2.0,2.0,5.54517744448,5.50457324223,0.0406042022471,ACTIONABLE
7612,mean_information_decision_per_cost,2,chemistry_panel:MF7612_P2_M1->MF7612_P2_M2,chemistry_panel,MF7612_P2_M1->MF7612_P2_M2,1,0.194913662615,2.0,4.0,5.50457324223,5.34966697876,0.153397489596,ACTIONABLE
7612,mean_information_decision_per_cost,3,chemistry_panel:MF7612_P1_M1->MF7612_P1_M2,chemistry_panel,MF7612_P1_M1->MF7612_P1_M2,1,0.244765748973,2.0,6.0,5.34966697876,5.2931731544,0.053195980419,ACTIONABLE
7612,mean_information_decision_per_cost,4,chemistry_panel:MF7612_P2_M2->MF7612_P2_M3,chemistry_panel,MF7612_P2_M2->MF7612_P2_M3,1,0.237028230366,2.0,8.0,5.2931731544,5.23452056803,0.0644566276056,ACTIONABLE
7612,mean_information_decision_per_cost,5,chemistry_panel:MF7612_P0_M2->MF7612_P0_M3,chemistry_panel,MF7612_P0_M2->MF7612_P0_M3,1,0.23771299636,2.0,10.0,5.23452056803,5.19412947317,0.0603264422524,ACTIONABLE
7612,legacy_uncertainty_chemistry,1,chemistry_panel:MF7612_P2_M1->MF7612_P2_M2,chemistry_panel,MF7612_P2_M1->MF7612_P2_M2,1,0.194913662615,2.0,2.0,5.54517744448,5.39141837143,0.153759073047,ACTIONABLE
7612,legacy_uncertainty_chemistry,2,chemistry_panel:MF7612_P1_M2->MF7612_P1_M3,chemistry_panel,MF7612_P1_M2->MF7612_P1_M3,1,0.0367093309352,2.0,4.0,5.39141837143,5.34966697876,0.0405460703063,ACTIONABLE
7612,legacy_uncertainty_chemistry,3,chemistry_panel:MF7612_P1_M1->MF7612_P1_M2,chemistry_panel,MF7612_P1_M1->MF7612_P1_M2,1,0.244765748973,2.0,6.0,5.34966697876,5.2931731544,0.053195980419,ACTIONABLE
7612,legacy_uncertainty_chemistry,4,chemistry_panel:MF7612_P2_M2->MF7612_P2_M3,chemistry_panel,MF7612_P2_M2->MF7612_P2_M3,1,0.237028230366,2.0,8.0,5.2931731544,5.23452056803,0.0644566276056,ACTIONABLE
7612,legacy_uncertainty_chemistry,5,chemistry_panel:MF7612_P0_M2->MF7612_P0_M3,chemistry_panel,MF7612_P0_M2->MF7612_P0_M3,1,0.23771299636,2.0,10.0,5.23452056803,5.19412947317,0.0603264422524,ACTIONABLE
7612,random_feasible,1,chemistry_panel:MF7612_P1_M3->MF7612_P0_M3,chemistry_panel,MF7612_P1_M3->MF7612_P0_M3,0,0.438580249107,2.0,2.0,5.54517744448,5.51544854212,0.0297289023574,ACTIONABLE
7612,random_feasible,2,age_tracer:MF7612_P2_M3->MF7612_P1_M3,age_tracer,MF7612_P2_M3->MF7612_P1_M3,0,3.69613246289,5.0,7.0,5.51544854212,5.5014939673,0.0138707815295,ACTIONABLE
7612,random_feasible,3,chemistry_panel:MF7612_P0_M3->MF7612_P1_M3,chemistry_panel,MF7612_P0_M3->MF7612_P1_M3,0,0.450987344304,2.0,9.0,5.5014939673,5.42123353558,0.0763183010687,ACTIONABLE
7612,realised_oracle,1,chemistry_panel:MF7612_P2_M1->MF7612_P2_M2,chemistry_panel,MF7612_P2_M1->MF7612_P2_M2,1,0.194913662615,2.0,2.0,5.54517744448,5.39141837143,0.153759073047,ACTIONABLE
7612,realised_oracle,2,chemistry_panel:MF7612_P1_M0->MF7612_P1_M1,chemistry_panel,MF7612_P1_M0->MF7612_P1_M1,1,0.201625344172,2.0,4.0,5.39141837143,5.18941574603,0.167777896848,ACTIONABLE
7612,realised_oracle,3,chemistry_panel:MF7612_P1_M2->MF7612_P2_M3,chemistry_panel,MF7612_P1_M2->MF7612_P2_M3,0,0.351931724165,2.0,6.0,5.18941574603,5.02506155943,0.169332067272,ACTIONABLE
7612,realised_oracle,4,chemistry_panel:MF7612_P1_M1->MF7612_P2_M2,chemistry_panel,MF7612_P1_M1->MF7612_P2_M2,0,0.445447684318,2.0,8.0,5.02506155943,4.69354655993,0.357584216161,ACTIONABLE
7612,realised_oracle,5,chemistry_panel:MF7612_P2_M2->MF7612_P1_M3,chemistry_panel,MF7612_P2_M2->MF7612_P1_M3,0,0.471566848409,2.0,10.0,4.69354655993,4.45913371619,0.224830499675,ACTIONABLE
7613,robust_information_decision_per_cost,1,chemistry_panel:MF7613_P0_M1->MF7613_P0_M2,chemistry_panel,MF7613_P0_M1->MF7613_P0_M2,1,0.19847025527,2.0,2.0,5.54517744448,5.42447772956,0.120699714922,ACTIONABLE
7613,robust_information_decision_per_cost,2,chemistry_panel:MF7613_P2_M1->MF7613_P2_M2,chemistry_panel,MF7613_P2_M1->MF7613_P2_M2,1,0.217594334419,2.0,4.0,5.42447772956,5.31905330896,0.10880406704,ACTIONABLE
7613,robust_information_decision_per_cost,3,chemistry_panel:MF7613_P1_M2->MF7613_P1_M3,chemistry_panel,MF7613_P1_M2->MF7613_P1_M3,1,0.0730009677281,2.0,6.0,5.31905330896,5.14768901242,0.132566566942,ACTIONABLE
7613,robust_information_decision_per_cost,4,chemistry_panel:MF7613_P0_M2->MF7613_P0_M3,chemistry_panel,MF7613_P0_M2->MF7613_P0_M3,1,0.175786446775,2.0,8.0,5.14768901242,4.96092910307,0.183754659581,ACTIONABLE
7613,robust_information_decision_per_cost,5,chemistry_panel:MF7613_P1_M1->MF7613_P1_M2,chemistry_panel,MF7613_P1_M1->MF7613_P1_M2,1,0.281713329438,2.0,10.0,4.96092910307,4.96356139047,0.00270511934368,ACTIONABLE
7613,mean_information_decision_per_cost,1,chemistry_panel:MF7613_P0_M1->MF7613_P0_M2,chemistry_panel,MF7613_P0_M1->MF7613_P0_M2,1,0.19847025527,2.0,2.0,5.54517744448,5.42447772956,0.120699714922,ACTIONABLE
7613,mean_information_decision_per_cost,2,chemistry_panel:MF7613_P2_M1->MF7613_P2_M2,chemistry_panel,MF7613_P2_M1->MF7613_P2_M2,1,0.217594334419,2.0,4.0,5.42447772956,5.31905330896,0.10880406704,ACTIONABLE
7613,mean_information_decision_per_cost,3,chemistry_panel:MF7613_P1_M2->MF7613_P1_M3,chemistry_panel,MF7613_P1_M2->MF7613_P1_M3,1,0.0730009677281,2.0,6.0,5.31905330896,5.14768901242,0.132566566942,ACTIONABLE
7613,mean_information_decision_per_cost,4,chemistry_panel:MF7613_P0_M2->MF7613_P0_M3,chemistry_panel,MF7613_P0_M2->MF7613_P0_M3,1,0.175786446775,2.0,8.0,5.14768901242,4.96092910307,0.183754659581,ACTIONABLE
7613,mean_information_decision_per_cost,5,chemistry_panel:MF7613_P1_M1->MF7613_P1_M2,chemistry_panel,MF7613_P1_M1->MF7613_P1_M2,1,0.281713329438,2.0,10.0,4.96092910307,4.96356139047,0.00270511934368,ACTIONABLE
7613,legacy_uncertainty_chemistry,1,chemistry_panel:MF7613_P0_M2->MF7613_P0_M3,chemistry_panel,MF7613_P0_M2->MF7613_P0_M3,1,0.175786446775,2.0,2.0,5.54517744448,5.36056805853,0.184609385953,ACTIONABLE
7613,legacy_uncertainty_chemistry,2,chemistry_panel:MF7613_P2_M1->MF7613_P2_M2,chemistry_panel,MF7613_P2_M1->MF7613_P2_M2,1,0.217594334419,2.0,4.0,5.36056805853,5.25527192003,0.108835270111,ACTIONABLE
7613,legacy_uncertainty_chemistry,3,chemistry_panel:MF7613_P1_M2->MF7613_P1_M3,chemistry_panel,MF7613_P1_M2->MF7613_P1_M3,1,0.0730009677281,2.0,6.0,5.25527192003,5.11055507767,0.137890991727,ACTIONABLE
7613,legacy_uncertainty_chemistry,4,chemistry_panel:MF7613_P1_M1->MF7613_P1_M2,chemistry_panel,MF7613_P1_M1->MF7613_P1_M2,1,0.281713329438,2.0,8.0,5.11055507767,5.11070504741,0.00267136085414,ACTIONABLE
7613,legacy_uncertainty_chemistry,5,chemistry_panel:MF7613_P2_M2->MF7613_P2_M3,chemistry_panel,MF7613_P2_M2->MF7613_P2_M3,1,0.195597070021,2.0,10.0,5.11070504741,4.94856055249,0.175479466571,ACTIONABLE
7613,random_feasible,1,age_tracer:MF7613_P0_M0->MF7613_P1_M1,age_tracer,MF7613_P0_M0->MF7613_P1_M1,0,16.8800760799,5.0,5.0,5.54517744448,5.47830005091,0.0668773935675,ACTIONABLE
7613,random_feasible,2,age_tracer:MF7613_P2_M1->MF7613_P1_M2,age_tracer,MF7613_P2_M1->MF7613_P1_M2,0,19.0033936343,5.0,10.0,5.47830005091,5.36844730968,0.0964220384327,ACTIONABLE
7613,realised_oracle,1,chemistry_panel:MF7613_P2_M2->MF7613_P2_M3,chemistry_panel,MF7613_P2_M2->MF7613_P2_M3,1,0.195597070021,2.0,2.0,5.54517744448,5.36904928403,0.176128160445,ACTIONABLE
7613,realised_oracle,2,chemistry_panel:MF7613_P1_M0->MF7613_P1_M1,chemistry_panel,MF7613_P1_M0->MF7613_P1_M1,1,0.200656787471,2.0,4.0,5.36904928403,5.19427830235,0.164744393754,ACTIONABLE
7613,realised_oracle,3,chemistry_panel:MF7613_P2_M1->MF7613_P2_M2,chemistry_panel,MF7613_P2_M1->MF7613_P2_M2,1,0.217594334419,2.0,6.0,5.19427830235,5.10253057383,0.11329555757,ACTIONABLE
7613,realised_oracle,4,chemistry_panel:MF7613_P0_M2->MF7613_P0_M3,chemistry_panel,MF7613_P0_M2->MF7613_P0_M3,1,0.175786446775,2.0,8.0,5.10253057383,4.89630097222,0.176808721245,ACTIONABLE
7613,realised_oracle,5,chemistry_panel:MF7613_P0_M1->MF7613_P0_M2,chemistry_panel,MF7613_P0_M1->MF7613_P0_M2,1,0.19847025527,2.0,10.0,4.89630097222,4.7312563128,0.10842852432,ACTIONABLE
7614,robust_information_decision_per_cost,1,chemistry_panel:MF7614_P2_M1->MF7614_P2_M2,chemistry_panel,MF7614_P2_M1->MF7614_P2_M2,1,0.157915761527,2.0,2.0,5.54517744448,5.38597040433,0.159207040148,ACTIONABLE
7614,robust_information_decision_per_cost,2,chemistry_panel:MF7614_P1_M1->MF7614_P1_M2,chemistry_panel,MF7614_P1_M1->MF7614_P1_M2,1,0.249243828461,2.0,4.0,5.38597040433,5.33092680239,0.0485007535788,ACTIONABLE
7614,robust_information_decision_per_cost,3,chemistry_panel:MF7614_P2_M0->MF7614_P2_M1,chemistry_panel,MF7614_P2_M0->MF7614_P2_M1,1,0.23894771203,2.0,6.0,5.33092680239,5.28170237173,0.0690647769965,ACTIONABLE
7614,robust_information_decision_per_cost,4,chemistry_panel:MF7614_P2_M2->MF7614_P2_M3,chemistry_panel,MF7614_P2_M2->MF7614_P2_M3,1,0.217047193602,2.0,8.0,5.28170237173,5.17715071942,0.119179061143,ACTIONABLE
7614,robust_information_decision_per_cost,5,chemistry_panel:MF7614_P0_M0->MF7614_P0_M1,chemistry_panel,MF7614_P0_M0->MF7614_P0_M1,1,0.238699688693,2.0,10.0,5.17715071942,5.16892082709,0.0658329594235,ACTIONABLE
7614,mean_information_decision_per_cost,1,chemistry_panel:MF7614_P2_M1->MF7614_P2_M2,chemistry_panel,MF7614_P2_M1->MF7614_P2_M2,1,0.157915761527,2.0,2.0,5.54517744448,5.38597040433,0.159207040148,ACTIONABLE
7614,mean_information_decision_per_cost,2,chemistry_panel:MF7614_P1_M1->MF7614_P1_M2,chemistry_panel,MF7614_P1_M1->MF7614_P1_M2,1,0.249243828461,2.0,4.0,5.38597040433,5.33092680239,0.0485007535788,ACTIONABLE
7614,mean_information_decision_per_cost,3,chemistry_panel:MF7614_P2_M0->MF7614_P2_M1,chemistry_panel,MF7614_P2_M0->MF7614_P2_M1,1,0.23894771203,2.0,6.0,5.33092680239,5.28170237173,0.0690647769965,ACTIONABLE
7614,mean_information_decision_per_cost,4,chemistry_panel:MF7614_P2_M2->MF7614_P2_M3,chemistry_panel,MF7614_P2_M2->MF7614_P2_M3,1,0.217047193602,2.0,8.0,5.28170237173,5.17715071942,0.119179061143,ACTIONABLE
7614,mean_information_decision_per_cost,5,chemistry_panel:MF7614_P1_M0->MF7614_P1_M1,chemistry_panel,MF7614_P1_M0->MF7614_P1_M1,1,0.219395021049,2.0,10.0,5.17715071942,5.0446802172,0.115813272019,ACTIONABLE
7614,legacy_uncertainty_chemistry,1,chemistry_panel:MF7614_P1_M1->MF7614_P1_M2,chemistry_panel,MF7614_P1_M1->MF7614_P1_M2,1,0.249243828461,2.0,2.0,5.54517744448,5.49602314097,0.0491543035106,ACTIONABLE
7614,legacy_uncertainty_chemistry,2,chemistry_panel:MF7614_P2_M2->MF7614_P2_M3,chemistry_panel,MF7614_P2_M2->MF7614_P2_M3,1,0.217047193602,2.0,4.0,5.49602314097,5.38491124035,0.11647119657,ACTIONABLE
7614,legacy_uncertainty_chemistry,3,chemistry_panel:MF7614_P1_M0->MF7614_P1_M1,chemistry_panel,MF7614_P1_M0->MF7614_P1_M1,1,0.219395021049,2.0,6.0,5.38491124035,5.24993567345,0.114362328113,ACTIONABLE
7614,legacy_uncertainty_chemistry,4,chemistry_panel:MF7614_P2_M1->MF7614_P2_M2,chemistry_panel,MF7614_P2_M1->MF7614_P2_M2,1,0.157915761527,2.0,8.0,5.24993567345,5.10652612086,0.167090511476,ACTIONABLE
7614,legacy_uncertainty_chemistry,5,chemistry_panel:MF7614_P2_M0->MF7614_P2_M1,chemistry_panel,MF7614_P2_M0->MF7614_P2_M1,1,0.23894771203,2.0,10.0,5.10652612086,5.0446802172,0.067747770783,ACTIONABLE
7614,random_feasible,1,connectivity_tracer:MF7614_P1_M0->MF7614_P1_M1,connectivity_tracer,MF7614_P1_M0->MF7614_P1_M1,1,0.859197653954,9.0,9.0,5.54517744448,4.80061247553,0.744564968951,ACTIONABLE
7614,realised_oracle,1,chemistry_panel:MF7614_P1_M0->MF7614_P1_M1,chemistry_panel,MF7614_P1_M0->MF7614_P1_M1,1,0.219395021049,2.0,2.0,5.54517744448,5.42647005368,0.118707390797,ACTIONABLE
7614,realised_oracle,2,chemistry_panel:MF7614_P1_M2->MF7614_P2_M3,chemistry_panel,MF7614_P1_M2->MF7614_P2_M3,0,0.373479725036,2.0,4.0,5.42647005368,5.23823524316,0.179905917796,ACTIONABLE
7614,realised_oracle,3,chemistry_panel:MF7614_P1_M1->MF7614_P2_M2,chemistry_panel,MF7614_P1_M1->MF7614_P2_M2,0,0.373528125668,2.0,6.0,5.23823524316,5.04676206903,0.178771200792,ACTIONABLE
7614,realised_oracle,4,chemistry_panel:MF7614_P2_M1->MF7614_P2_M2,chemistry_panel,MF7614_P2_M1->MF7614_P2_M2,1,0.157915761527,2.0,8.0,5.04676206903,4.88763925554,0.161813936398,ACTIONABLE
7614,realised_oracle,5,chemistry_panel:MF7614_P2_M0->MF7614_P2_M1,chemistry_panel,MF7614_P2_M0->MF7614_P2_M1,1,0.23894771203,2.0,10.0,4.88763925554,4.85181219539,0.0715727311267,ACTIONABLE
7615,robust_information_decision_per_cost,1,chemistry_panel:MF7615_P2_M1->MF7615_P2_M2,chemistry_panel,MF7615_P2_M1->MF7615_P2_M2,1,0.213107345971,2.0,2.0,5.54517744448,5.42494423536,0.120233209119,ACTIONABLE
7615,robust_information_decision_per_cost,2,chemistry_panel:MF7615_P1_M2->MF7615_P1_M3,chemistry_panel,MF7615_P1_M2->MF7615_P1_M3,1,0.0495858593641,2.0,4.0,5.42494423536,5.35768643888,0.0661186376196,ACTIONABLE
7615,robust_information_decision_per_cost,3,chemistry_panel:MF7615_P2_M2->MF7615_P2_M3,chemistry_panel,MF7615_P2_M2->MF7615_P2_M3,1,0.196422608133,2.0,6.0,5.35768643888,5.21608031432,0.168408191974,ACTIONABLE
7615,robust_information_decision_per_cost,4,chemistry_panel:MF7615_P1_M0->MF7615_P2_M1,chemistry_panel,MF7615_P1_M0->MF7615_P2_M1,0,0.242057044336,2.0,8.0,5.21608031432,5.14717176135,0.0427392907621,ACTIONABLE
7615,robust_information_decision_per_cost,5,chemistry_panel:MF7615_P1_M1->MF7615_P1_M2,chemistry_panel,MF7615_P1_M1->MF7615_P1_M2,1,0.170705940557,2.0,10.0,5.14717176135,5.00496509252,0.188527974931,ACTIONABLE
7615,mean_information_decision_per_cost,1,chemistry_panel:MF7615_P2_M1->MF7615_P2_M2,chemistry_panel,MF7615_P2_M1->MF7615_P2_M2,1,0.213107345971,2.0,2.0,5.54517744448,5.42494423536,0.120233209119,ACTIONABLE
7615,mean_information_decision_per_cost,2,chemistry_panel:MF7615_P1_M2->MF7615_P1_M3,chemistry_panel,MF7615_P1_M2->MF7615_P1_M3,1,0.0495858593641,2.0,4.0,5.42494423536,5.35768643888,0.0661186376196,ACTIONABLE
7615,mean_information_decision_per_cost,3,chemistry_panel:MF7615_P2_M2->MF7615_P2_M3,chemistry_panel,MF7615_P2_M2->MF7615_P2_M3,1,0.196422608133,2.0,6.0,5.35768643888,5.21608031432,0.168408191974,ACTIONABLE
7615,mean_information_decision_per_cost,4,chemistry_panel:MF7615_P1_M0->MF7615_P2_M1,chemistry_panel,MF7615_P1_M0->MF7615_P2_M1,0,0.242057044336,2.0,8.0,5.21608031432,5.14717176135,0.0427392907621,ACTIONABLE
7615,mean_information_decision_per_cost,5,chemistry_panel:MF7615_P1_M1->MF7615_P1_M2,chemistry_panel,MF7615_P1_M1->MF7615_P1_M2,1,0.170705940557,2.0,10.0,5.14717176135,5.00496509252,0.188527974931,ACTIONABLE
7615,legacy_uncertainty_chemistry,1,chemistry_panel:MF7615_P1_M2->MF7615_P1_M3,chemistry_panel,MF7615_P1_M2->MF7615_P1_M3,1,0.0495858593641,2.0,2.0,5.54517744448,5.47893895745,0.0662384870252,ACTIONABLE
7615,legacy_uncertainty_chemistry,2,chemistry_panel:MF7615_P2_M1->MF7615_P2_M2,chemistry_panel,MF7615_P2_M1->MF7615_P2_M2,1,0.213107345971,2.0,4.0,5.47893895745,5.35768643888,0.119986168415,ACTIONABLE
7615,legacy_uncertainty_chemistry,3,chemistry_panel:MF7615_P1_M1->MF7615_P1_M2,chemistry_panel,MF7615_P1_M1->MF7615_P1_M2,1,0.170705940557,2.0,6.0,5.35768643888,5.20479928362,0.186300822031,ACTIONABLE
7615,legacy_uncertainty_chemistry,4,chemistry_panel:MF7615_P2_M2->MF7615_P2_M3,chemistry_panel,MF7615_P2_M2->MF7615_P2_M3,1,0.196422608133,2.0,8.0,5.20479928362,5.07467319421,0.169999961306,ACTIONABLE
7615,legacy_uncertainty_chemistry,5,chemistry_panel:MF7615_P0_M0->MF7615_P0_M1,chemistry_panel,MF7615_P0_M0->MF7615_P0_M1,1,0.207668004797,2.0,10.0,5.07467319421,5.02055537218,0.113281832566,ACTIONABLE
7615,random_feasible,1,chemistry_panel:MF7615_P1_M2->MF7615_P2_M3,chemistry_panel,MF7615_P1_M2->MF7615_P2_M3,0,0.419170104063,2.0,2.0,5.54517744448,5.2567674911,0.288409953379,ACTIONABLE
7615,random_feasible,2,age_tracer:MF7615_P0_M1->MF7615_P0_M2,age_tracer,MF7615_P0_M1->MF7615_P0_M2,1,16.44689936,5.0,7.0,5.2567674911,5.1847081579,0.0721504318534,ACTIONABLE
7615,random_feasible,3,chemistry_panel:MF7615_P0_M0->MF7615_P2_M1,chemistry_panel,MF7615_P0_M0->MF7615_P2_M1,0,0.20837211266,2.0,9.0,5.1847081579,5.18462301183,0.00210246358044,ACTIONABLE
7615,realised_oracle,1,chemistry_panel:MF7615_P1_M0->MF7615_P1_M1,chemistry_panel,MF7615_P1_M0->MF7615_P1_M1,1,0.220443043435,2.0,2.0,5.54517744448,5.42974472303,0.115432721454,ACTIONABLE
7615,realised_oracle,2,chemistry_panel:MF7615_P1_M1->MF7615_P1_M2,chemistry_panel,MF7615_P1_M1->MF7615_P1_M2,1,0.170705940557,2.0,4.0,5.42974472303,5.26009808956,0.180001496143,ACTIONABLE
7615,realised_oracle,3,chemistry_panel:MF7615_P2_M2->MF7615_P2_M3,chemistry_panel,MF7615_P2_M2->MF7615_P2_M3,1,0.196422608133,2.0,6.0,5.26009808956,5.10432656501,0.162698930134,ACTIONABLE
7615,realised_oracle,4,chemistry_panel:MF7615_P2_M1->MF7615_P2_M2,chemistry_panel,MF7615_P2_M1->MF7615_P2_M2,1,0.213107345971,2.0,8.0,5.10432656501,5.03415203659,0.132399910474,ACTIONABLE
7615,realised_oracle,5,chemistry_panel:MF7615_P1_M2->MF7615_P1_M3,chemistry_panel,MF7615_P1_M2->MF7615_P1_M3,1,0.0495858593641,2.0,10.0,5.03415203659,4.98132386471,0.0675865928649,ACTIONABLE
7616,robust_information_decision_per_cost,1,chemistry_panel:MF7616_P1_M1->MF7616_P1_M2,chemistry_panel,MF7616_P1_M1->MF7616_P1_M2,1,0.274798658423,2.0,2.0,5.54517744448,5.5396609258,0.00551651867703,ACTIONABLE
7616,robust_information_decision_per_cost,2,chemistry_panel:MF7616_P0_M1->MF7616_P0_M2,chemistry_panel,MF7616_P0_M1->MF7616_P0_M2,1,0.198184650783,2.0,4.0,5.5396609258,5.37878551278,0.165985357068,ACTIONABLE
7616,robust_information_decision_per_cost,3,chemistry_panel:MF7616_P1_M0->MF7616_P1_M1,chemistry_panel,MF7616_P1_M0->MF7616_P1_M1,1,0.193344887384,2.0,6.0,5.37878551278,5.17051812109,0.174738761624,ACTIONABLE
7616,robust_information_decision_per_cost,4,chemistry_panel:MF7616_P2_M1->MF7616_P2_M2,chemistry_panel,MF7616_P2_M1->MF7616_P2_M2,1,0.191748311592,2.0,8.0,5.17051812109,5.0234948443,0.139600057224,ACTIONABLE
7616,robust_information_decision_per_cost,5,chemistry_panel:MF7616_P0_M2->MF7616_P0_M3,chemistry_panel,MF7616_P0_M2->MF7616_P0_M3,1,0.200375616745,2.0,10.0,5.0234948443,4.88052382414,0.140282656182,ACTIONABLE
7616,mean_information_decision_per_cost,1,chemistry_panel:MF7616_P1_M1->MF7616_P1_M2,chemistry_panel,MF7616_P1_M1->MF7616_P1_M2,1,0.274798658423,2.0,2.0,5.54517744448,5.5396609258,0.00551651867703,ACTIONABLE
7616,mean_information_decision_per_cost,2,chemistry_panel:MF7616_P0_M1->MF7616_P0_M2,chemistry_panel,MF7616_P0_M1->MF7616_P0_M2,1,0.198184650783,2.0,4.0,5.5396609258,5.37878551278,0.165985357068,ACTIONABLE
7616,mean_information_decision_per_cost,3,chemistry_panel:MF7616_P1_M0->MF7616_P1_M1,chemistry_panel,MF7616_P1_M0->MF7616_P1_M1,1,0.193344887384,2.0,6.0,5.37878551278,5.17051812109,0.174738761624,ACTIONABLE
7616,mean_information_decision_per_cost,4,chemistry_panel:MF7616_P0_M2->MF7616_P0_M3,chemistry_panel,MF7616_P0_M2->MF7616_P0_M3,1,0.200375616745,2.0,8.0,5.17051812109,5.041167598,0.14168867308,ACTIONABLE
7616,mean_information_decision_per_cost,5,chemistry_panel:MF7616_P2_M2->MF7616_P2_M3,chemistry_panel,MF7616_P2_M2->MF7616_P2_M3,1,0.218340049042,2.0,10.0,5.041167598,4.98493195085,0.0914701130958,ACTIONABLE
7616,legacy_uncertainty_chemistry,1,chemistry_panel:MF7616_P1_M1->MF7616_P1_M2,chemistry_panel,MF7616_P1_M1->MF7616_P1_M2,1,0.274798658423,2.0,2.0,5.54517744448,5.5396609258,0.00551651867703,ACTIONABLE
7616,legacy_uncertainty_chemistry,2,chemistry_panel:MF7616_P0_M2->MF7616_P0_M3,chemistry_panel,MF7616_P0_M2->MF7616_P0_M3,1,0.200375616745,2.0,4.0,5.5396609258,5.3994906493,0.139378618861,ACTIONABLE
7616,legacy_uncertainty_chemistry,3,chemistry_panel:MF7616_P0_M1->MF7616_P0_M2,chemistry_panel,MF7616_P0_M1->MF7616_P0_M2,1,0.198184650783,2.0,6.0,5.3994906493,5.23042645699,0.163765806019,ACTIONABLE
7616,legacy_uncertainty_chemistry,4,chemistry_panel:MF7616_P1_M0->MF7616_P1_M1,chemistry_panel,MF7616_P1_M0->MF7616_P1_M1,1,0.193344887384,2.0,8.0,5.23042645699,5.041167598,0.178975423889,ACTIONABLE
7616,legacy_uncertainty_chemistry,5,chemistry_panel:MF7616_P2_M0->MF7616_P2_M1,chemistry_panel,MF7616_P2_M0->MF7616_P2_M1,1,0.211549892249,2.0,10.0,5.041167598,4.92470470064,0.112257193283,ACTIONABLE
7616,random_feasible,1,connectivity_tracer:MF7616_P2_M1->MF7616_P0_M2,connectivity_tracer,MF7616_P2_M1->MF7616_P0_M2,0,-0.0496318454584,9.0,9.0,5.54517744448,5.53734452265,0.00783292182728,ACTIONABLE
7616,realised_oracle,1,chemistry_panel:MF7616_P1_M0->MF7616_P1_M1,chemistry_panel,MF7616_P1_M0->MF7616_P1_M1,1,0.193344887384,2.0,2.0,5.54517744448,5.36409389683,0.181083547652,ACTIONABLE
7616,realised_oracle,2,chemistry_panel:MF7616_P1_M2->MF7616_P1_M3,chemistry_panel,MF7616_P1_M2->MF7616_P1_M3,1,0.102722902503,2.0,4.0,5.36409389683,5.15280596617,0.19669269046,ACTIONABLE
7616,realised_oracle,3,chemistry_panel:MF7616_P0_M1->MF7616_P0_M2,chemistry_panel,MF7616_P0_M1->MF7616_P0_M2,1,0.198184650783,2.0,6.0,5.15280596617,4.97458733567,0.161660440968,ACTIONABLE
7616,realised_oracle,4,chemistry_panel:MF7616_P0_M2->MF7616_P0_M3,chemistry_panel,MF7616_P0_M2->MF7616_P0_M3,1,0.200375616745,2.0,8.0,4.97458733567,4.86588326824,0.148159398142,ACTIONABLE
7616,realised_oracle,5,chemistry_panel:MF7616_P0_M0->MF7616_P0_M1,chemistry_panel,MF7616_P0_M0->MF7616_P0_M1,1,0.190762212463,2.0,10.0,4.86588326824,4.73111635983,0.11012330109,ACTIONABLE
7617,robust_information_decision_per_cost,1,chemistry_panel:MF7617_P2_M1->MF7617_P2_M2,chemistry_panel,MF7617_P2_M1->MF7617_P2_M2,1,0.179899172904,2.0,2.0,5.54517744448,5.37238835968,0.172789084802,ACTIONABLE
7617,robust_information_decision_per_cost,2,chemistry_panel:MF7617_P2_M0->MF7617_P2_M1,chemistry_panel,MF7617_P2_M0->MF7617_P2_M1,1,0.220749845066,2.0,4.0,5.37238835968,5.26968937824,0.0914267237439,ACTIONABLE
7617,robust_information_decision_per_cost,3,chemistry_panel:MF7617_P1_M1->MF7617_P1_M2,chemistry_panel,MF7617_P1_M1->MF7617_P1_M2,1,0.230107746725,2.0,6.0,5.26968937824,5.17610592043,0.0853636820564,ACTIONABLE
7617,robust_information_decision_per_cost,4,chemistry_panel:MF7617_P2_M2->MF7617_P2_M3,chemistry_panel,MF7617_P2_M2->MF7617_P2_M3,1,0.17505232026,2.0,8.0,5.17610592043,4.96350022449,0.207191837436,ACTIONABLE
7617,robust_information_decision_per_cost,5,chemistry_panel:MF7617_P0_M1->MF7617_P0_M2,chemistry_panel,MF7617_P0_M1->MF7617_P0_M2,1,0.199729092179,2.0,10.0,4.96350022449,4.77723927434,0.132910466243,ACTIONABLE
7617,mean_information_decision_per_cost,1,chemistry_panel:MF7617_P2_M1->MF7617_P2_M2,chemistry_panel,MF7617_P2_M1->MF7617_P2_M2,1,0.179899172904,2.0,2.0,5.54517744448,5.37238835968,0.172789084802,ACTIONABLE
7617,mean_information_decision_per_cost,2,chemistry_panel:MF7617_P2_M2->MF7617_P2_M3,chemistry_panel,MF7617_P2_M2->MF7617_P2_M3,1,0.17505232026,2.0,4.0,5.37238835968,5.15936038794,0.203766132054,ACTIONABLE
7617,mean_information_decision_per_cost,3,chemistry_panel:MF7617_P2_M0->MF7617_P2_M1,chemistry_panel,MF7617_P2_M0->MF7617_P2_M1,1,0.220749845066,2.0,6.0,5.15936038794,5.08446074263,0.0974192165619,ACTIONABLE
7617,mean_information_decision_per_cost,4,chemistry_panel:MF7617_P1_M1->MF7617_P1_M2,chemistry_panel,MF7617_P1_M1->MF7617_P1_M2,1,0.230107746725,2.0,8.0,5.08446074263,4.96350022449,0.0840408006314,ACTIONABLE
7617,mean_information_decision_per_cost,5,chemistry_panel:MF7617_P0_M1->MF7617_P0_M2,chemistry_panel,MF7617_P0_M1->MF7617_P0_M2,1,0.199729092179,2.0,10.0,4.96350022449,4.77723927434,0.132910466243,ACTIONABLE
7617,legacy_uncertainty_chemistry,1,chemistry_panel:MF7617_P0_M2->MF7617_P0_M3,chemistry_panel,MF7617_P0_M2->MF7617_P0_M3,1,0.184184250805,2.0,2.0,5.54517744448,5.3644255112,0.180751933278,ACTIONABLE
7617,legacy_uncertainty_chemistry,2,chemistry_panel:MF7617_P0_M1->MF7617_P0_M2,chemistry_panel,MF7617_P0_M1->MF7617_P0_M2,1,0.199729092179,2.0,4.0,5.3644255112,5.25158773299,0.14752570985,ACTIONABLE
7617,legacy_uncertainty_chemistry,3,chemistry_panel:MF7617_P1_M2->MF7617_P1_M3,chemistry_panel,MF7617_P1_M2->MF7617_P1_M3,1,0.0570336833954,2.0,6.0,5.25158773299,5.11235998416,0.101093248427,ACTIONABLE
7617,legacy_uncertainty_chemistry,4,chemistry_panel:MF7617_P2_M1->MF7617_P2_M2,chemistry_panel,MF7617_P2_M1->MF7617_P2_M2,1,0.179899172904,2.0,8.0,5.11235998416,4.89663237901,0.170068535237,ACTIONABLE
7617,legacy_uncertainty_chemistry,5,chemistry_panel:MF7617_P2_M2->MF7617_P2_M3,chemistry_panel,MF7617_P2_M2->MF7617_P2_M3,1,0.17505232026,2.0,10.0,4.89663237901,4.65834918995,0.200015318874,ACTIONABLE
7617,random_feasible,1,connectivity_tracer:MF7617_P2_M1->MF7617_P1_M2,connectivity_tracer,MF7617_P2_M1->MF7617_P1_M2,0,0.162761141206,9.0,9.0,5.54517744448,5.27655346913,0.26862397535,ACTIONABLE
7617,realised_oracle,1,chemistry_panel:MF7617_P0_M2->MF7617_P0_M3,chemistry_panel,MF7617_P0_M2->MF7617_P0_M3,1,0.184184250805,2.0,2.0,5.54517744448,5.3644255112,0.180751933278,ACTIONABLE
7617,realised_oracle,2,chemistry_panel:MF7617_P2_M2->MF7617_P1_M3,chemistry_panel,MF7617_P2_M2->MF7617_P1_M3,0,0.465642491995,2.0,4.0,5.3644255112,5.0855665145,0.277798637718,ACTIONABLE
7617,realised_oracle,3,chemistry_panel:MF7617_P1_M0->MF7617_P1_M1,chemistry_panel,MF7617_P1_M0->MF7617_P1_M1,1,0.184205708023,2.0,6.0,5.0855665145,4.88429336701,0.180735054319,ACTIONABLE
7617,realised_oracle,4,chemistry_panel:MF7617_P1_M2->MF7617_P2_M3,chemistry_panel,MF7617_P1_M2->MF7617_P2_M3,0,0.389474914286,2.0,8.0,4.88429336701,4.68482562957,0.19503977376,ACTIONABLE
7617,realised_oracle,5,chemistry_panel:MF7617_P1_M1->MF7617_P1_M2,chemistry_panel,MF7617_P1_M1->MF7617_P1_M2,1,0.230107746725,2.0,10.0,4.68482562957,4.57939819538,0.0859878162143,ACTIONABLE
7618,robust_information_decision_per_cost,1,chemistry_panel:MF7618_P2_M2->MF7618_P2_M3,chemistry_panel,MF7618_P2_M2->MF7618_P2_M3,1,0.202064865927,2.0,2.0,5.54517744448,5.41587987007,0.129297574413,ACTIONABLE
7618,robust_information_decision_per_cost,2,chemistry_panel:MF7618_P2_M0->MF7618_P2_M1,chemistry_panel,MF7618_P2_M0->MF7618_P2_M1,1,0.261773922756,2.0,4.0,5.41587987007,5.40042639961,0.0242206493789,ACTIONABLE
7618,robust_information_decision_per_cost,3,chemistry_panel:MF7618_P1_M1->MF7618_P1_M2,chemistry_panel,MF7618_P1_M1->MF7618_P1_M2,1,0.24087445194,2.0,6.0,5.40042639961,5.33605787638,0.067469591418,ACTIONABLE
7618,robust_information_decision_per_cost,4,chemistry_panel:MF7618_P2_M1->MF7618_P2_M2,chemistry_panel,MF7618_P2_M1->MF7618_P2_M2,1,0.251192202037,2.0,8.0,5.33605787638,5.29269957581,0.0367266608295,ACTIONABLE
7618,robust_information_decision_per_cost,5,chemistry_panel:MF7618_P1_M0->MF7618_P1_M1,chemistry_panel,MF7618_P1_M0->MF7618_P1_M1,1,0.238995536314,2.0,10.0,5.29269957581,5.24103136412,0.0704053580542,ACTIONABLE
7618,mean_information_decision_per_cost,1,chemistry_panel:MF7618_P2_M2->MF7618_P2_M3,chemistry_panel,MF7618_P2_M2->MF7618_P2_M3,1,0.202064865927,2.0,2.0,5.54517744448,5.41587987007,0.129297574413,ACTIONABLE
7618,mean_information_decision_per_cost,2,chemistry_panel:MF7618_P2_M0->MF7618_P2_M1,chemistry_panel,MF7618_P2_M0->MF7618_P2_M1,1,0.261773922756,2.0,4.0,5.41587987007,5.40042639961,0.0242206493789,ACTIONABLE
7618,mean_information_decision_per_cost,3,chemistry_panel:MF7618_P2_M1->MF7618_P2_M2,chemistry_panel,MF7618_P2_M1->MF7618_P2_M2,1,0.251192202037,2.0,6.0,5.40042639961,5.3551082011,0.036726658796,ACTIONABLE
7618,mean_information_decision_per_cost,4,chemistry_panel:MF7618_P1_M1->MF7618_P1_M2,chemistry_panel,MF7618_P1_M1->MF7618_P1_M2,1,0.24087445194,2.0,8.0,5.3551082011,5.29269957581,0.0674865069511,ACTIONABLE
7618,mean_information_decision_per_cost,5,chemistry_panel:MF7618_P1_M0->MF7618_P1_M1,chemistry_panel,MF7618_P1_M0->MF7618_P1_M1,1,0.238995536314,2.0,10.0,5.29269957581,5.24103136412,0.0704053580542,ACTIONABLE
7618,legacy_uncertainty_chemistry,1,chemistry_panel:MF7618_P1_M1->MF7618_P1_M2,chemistry_panel,MF7618_P1_M1->MF7618_P1_M2,1,0.24087445194,2.0,2.0,5.54517744448,5.47847248228,0.0667049622034,ACTIONABLE
7618,legacy_uncertainty_chemistry,2,chemistry_panel:MF7618_P2_M2->MF7618_P2_M3,chemistry_panel,MF7618_P2_M2->MF7618_P2_M3,1,0.202064865927,2.0,4.0,5.47847248228,5.35707992456,0.132198939266,ACTIONABLE
7618,legacy_uncertainty_chemistry,3,chemistry_panel:MF7618_P0_M2->MF7618_P0_M3,chemistry_panel,MF7618_P0_M2->MF7618_P0_M3,1,0.172708911668,2.0,6.0,5.35707992456,5.19988470655,0.164983211691,ACTIONABLE
7618,legacy_uncertainty_chemistry,4,chemistry_panel:MF7618_P1_M0->MF7618_P1_M1,chemistry_panel,MF7618_P1_M0->MF7618_P1_M1,1,0.238995536314,2.0,8.0,5.19988470655,5.1204536885,0.0697254153054,ACTIONABLE
7618,legacy_uncertainty_chemistry,5,chemistry_panel:MF7618_P2_M0->MF7618_P2_M1,chemistry_panel,MF7618_P2_M0->MF7618_P2_M1,1,0.261773922756,2.0,10.0,5.1204536885,5.11328654174,0.024534162693,ACTIONABLE
7618,random_feasible,1,age_tracer:MF7618_P0_M1->MF7618_P1_M2,age_tracer,MF7618_P0_M1->MF7618_P1_M2,0,21.1474609456,5.0,5.0,5.54517744448,5.49123872133,0.0539387231499,ACTIONABLE
7618,random_feasible,2,chemistry_panel:MF7618_P1_M0->MF7618_P1_M1,chemistry_panel,MF7618_P1_M0->MF7618_P1_M1,1,0.238995536314,2.0,7.0,5.49123872133,5.41225806782,0.0697384500533,ACTIONABLE
7618,random_feasible,3,chemistry_panel:MF7618_P2_M1->MF7618_P2_M2,chemistry_panel,MF7618_P2_M1->MF7618_P2_M2,1,0.251192202037,2.0,9.0,5.41225806782,5.40024774158,0.0361586348478,ACTIONABLE
7618,realised_oracle,1,chemistry_panel:MF7618_P2_M1->MF7618_P1_M2,chemistry_panel,MF7618_P2_M1->MF7618_P1_M2,0,0.435403691582,2.0,2.0,5.54517744448,5.17492352435,0.370253920127,ACTIONABLE
7618,realised_oracle,2,chemistry_panel:MF7618_P1_M2->MF7618_P1_M3,chemistry_panel,MF7618_P1_M2->MF7618_P1_M3,1,0.0637577845114,2.0,4.0,5.17492352435,5.06836679779,0.104474673414,ACTIONABLE
7618,realised_oracle,3,chemistry_panel:MF7618_P0_M2->MF7618_P0_M3,chemistry_panel,MF7618_P0_M2->MF7618_P0_M3,1,0.172708911668,2.0,6.0,5.06836679779,4.90882988879,0.167346609159,ACTIONABLE
7618,realised_oracle,4,chemistry_panel:MF7618_P1_M1->MF7618_P1_M2,chemistry_panel,MF7618_P1_M1->MF7618_P1_M2,1,0.24087445194,2.0,8.0,4.90882988879,4.84780239605,0.067359654885,ACTIONABLE
7618,realised_oracle,5,chemistry_panel:MF7618_P1_M0->MF7618_P1_M1,chemistry_panel,MF7618_P1_M0->MF7618_P1_M1,1,0.238995536314,2.0,10.0,4.84780239605,4.79965845475,0.069886017154,ACTIONABLE
7619,robust_information_decision_per_cost,1,chemistry_panel:MF7619_P2_M2->MF7619_P2_M3,chemistry_panel,MF7619_P2_M2->MF7619_P2_M3,1,0.255715808276,2.0,2.0,5.54517744448,5.51923573937,0.0259417051121,ACTIONABLE
7619,robust_information_decision_per_cost,2,chemistry_panel:MF7619_P0_M0->MF7619_P0_M1,chemistry_panel,MF7619_P0_M0->MF7619_P0_M1,1,0.214763940393,2.0,4.0,5.51923573937,5.39979329333,0.104293491209,ACTIONABLE
7619,robust_information_decision_per_cost,3,chemistry_panel:MF7619_P1_M1->MF7619_P1_M2,chemistry_panel,MF7619_P1_M1->MF7619_P1_M2,1,0.15436048015,2.0,6.0,5.39979329333,5.23411348551,0.155967746884,ACTIONABLE
7619,robust_information_decision_per_cost,4,chemistry_panel:MF7619_P2_M1->MF7619_P2_M2,chemistry_panel,MF7619_P2_M1->MF7619_P2_M2,1,0.179672130185,2.0,8.0,5.23411348551,5.13352858803,0.119094961264,ACTIONABLE
7619,robust_information_decision_per_cost,5,chemistry_panel:MF7619_P0_M2->MF7619_P0_M3,chemistry_panel,MF7619_P0_M2->MF7619_P0_M3,1,0.274845557812,2.0,10.0,5.13352858803,5.12880540878,0.00183074489802,ACTIONABLE
7619,mean_information_decision_per_cost,1,chemistry_panel:MF7619_P2_M2->MF7619_P2_M3,chemistry_panel,MF7619_P2_M2->MF7619_P2_M3,1,0.255715808276,2.0,2.0,5.54517744448,5.51923573937,0.0259417051121,ACTIONABLE
7619,mean_information_decision_per_cost,2,chemistry_panel:MF7619_P0_M0->MF7619_P0_M1,chemistry_panel,MF7619_P0_M0->MF7619_P0_M1,1,0.214763940393,2.0,4.0,5.51923573937,5.39979329333,0.104293491209,ACTIONABLE
7619,mean_information_decision_per_cost,3,chemistry_panel:MF7619_P1_M1->MF7619_P1_M2,chemistry_panel,MF7619_P1_M1->MF7619_P1_M2,1,0.15436048015,2.0,6.0,5.39979329333,5.23411348551,0.155967746884,ACTIONABLE
7619,mean_information_decision_per_cost,4,chemistry_panel:MF7619_P2_M1->MF7619_P2_M2,chemistry_panel,MF7619_P2_M1->MF7619_P2_M2,1,0.179672130185,2.0,8.0,5.23411348551,5.13352858803,0.119094961264,ACTIONABLE
7619,mean_information_decision_per_cost,5,chemistry_panel:MF7619_P0_M2->MF7619_P0_M3,chemistry_panel,MF7619_P0_M2->MF7619_P0_M3,1,0.274845557812,2.0,10.0,5.13352858803,5.12880540878,0.00183074489802,ACTIONABLE
7619,legacy_uncertainty_chemistry,1,chemistry_panel:MF7619_P2_M2->MF7619_P2_M3,chemistry_panel,MF7619_P2_M2->MF7619_P2_M3,1,0.255715808276,2.0,2.0,5.54517744448,5.51923573937,0.0259417051121,ACTIONABLE
7619,legacy_uncertainty_chemistry,2,chemistry_panel:MF7619_P1_M2->MF7619_P1_M3,chemistry_panel,MF7619_P1_M2->MF7619_P1_M3,1,0.066676014834,2.0,4.0,5.51923573937,5.43835130736,0.0886842271724,ACTIONABLE
7619,legacy_uncertainty_chemistry,3,chemistry_panel:MF7619_P1_M1->MF7619_P1_M2,chemistry_panel,MF7619_P1_M1->MF7619_P1_M2,1,0.15436048015,2.0,6.0,5.43835130736,5.27671739934,0.161953215392,ACTIONABLE
7619,legacy_uncertainty_chemistry,4,chemistry_panel:MF7619_P0_M2->MF7619_P0_M3,chemistry_panel,MF7619_P0_M2->MF7619_P0_M3,1,0.274845557812,2.0,8.0,5.27671739934,5.27408837458,0.00185773036497,ACTIONABLE
7619,legacy_uncertainty_chemistry,5,chemistry_panel:MF7619_P1_M0->MF7619_P1_M1,chemistry_panel,MF7619_P1_M0->MF7619_P1_M1,1,0.206113337109,2.0,10.0,5.27408837458,5.0938816334,0.158062617154,ACTIONABLE
7619,random_feasible,1,chemistry_panel:MF7619_P2_M1->MF7619_P0_M2,chemistry_panel,MF7619_P2_M1->MF7619_P0_M2,0,0.222623752895,2.0,2.0,5.54517744448,5.54504479139,0.000132653086243,ACTIONABLE
7619,random_feasible,2,age_tracer:MF7619_P2_M2->MF7619_P2_M3,age_tracer,MF7619_P2_M2->MF7619_P2_M3,1,14.9527639062,5.0,7.0,5.54504479139,5.45647546509,0.087900418823,ACTIONABLE
7619,random_feasible,3,chemistry_panel:MF7619_P2_M2->MF7619_P0_M3,chemistry_panel,MF7619_P2_M2->MF7619_P0_M3,0,0.189241434183,2.0,9.0,5.45647546509,5.45946854778,0.00723158190217,ACTIONABLE
7619,realised_oracle,1,chemistry_panel:MF7619_P1_M0->MF7619_P1_M1,chemistry_panel,MF7619_P1_M0->MF7619_P1_M1,1,0.206113337109,2.0,2.0,5.54517744448,5.3853778234,0.159799621084,ACTIONABLE
7619,realised_oracle,2,chemistry_panel:MF7619_P1_M1->MF7619_P1_M2,chemistry_panel,MF7619_P1_M1->MF7619_P1_M2,1,0.15436048015,2.0,4.0,5.3853778234,5.22095074073,0.15798491407,ACTIONABLE
7619,realised_oracle,3,chemistry_panel:MF7619_P0_M0->MF7619_P0_M1,chemistry_panel,MF7619_P0_M0->MF7619_P0_M1,1,0.214763940393,2.0,6.0,5.22095074073,5.0776921519,0.0967403868041,ACTIONABLE
7619,realised_oracle,4,chemistry_panel:MF7619_P2_M1->MF7619_P2_M2,chemistry_panel,MF7619_P2_M1->MF7619_P2_M2,1,0.179672130185,2.0,8.0,5.0776921519,4.98796982049,0.121706232693,ACTIONABLE
7619,realised_oracle,5,chemistry_panel:MF7619_P1_M2->MF7619_P1_M3,chemistry_panel,MF7619_P1_M2->MF7619_P1_M3,1,0.066676014834,2.0,10.0,4.98796982049,4.89034695308,0.0875599509993,ACTIONABLE
7620,robust_information_decision_per_cost,1,chemistry_panel:MF7620_P2_M1->MF7620_P2_M2,chemistry_panel,MF7620_P2_M1->MF7620_P2_M2,1,0.151752699222,2.0,2.0,5.54517744448,5.38843664773,0.156740796754,ACTIONABLE
7620,robust_information_decision_per_cost,2,chemistry_panel:MF7620_P2_M0->MF7620_P2_M1,chemistry_panel,MF7620_P2_M0->MF7620_P2_M1,1,0.215652611816,2.0,4.0,5.38843664773,5.2705647287,0.118706974671,ACTIONABLE
7620,robust_information_decision_per_cost,3,chemistry_panel:MF7620_P1_M1->MF7620_P1_M2,chemistry_panel,MF7620_P1_M1->MF7620_P1_M2,1,0.230201296564,2.0,6.0,5.2705647287,5.18840165297,0.0922305226191,ACTIONABLE
7620,robust_information_decision_per_cost,4,chemistry_panel:MF7620_P2_M2->MF7620_P2_M3,chemistry_panel,MF7620_P2_M2->MF7620_P2_M3,1,0.220931875026,2.0,8.0,5.18840165297,5.0672077081,0.10230047349,ACTIONABLE
7620,robust_information_decision_per_cost,5,chemistry_panel:MF7620_P1_M0->MF7620_P1_M1,chemistry_panel,MF7620_P1_M0->MF7620_P1_M1,1,0.18949432706,2.0,10.0,5.0672077081,4.83810856568,0.16488033542,ACTIONABLE
7620,mean_information_decision_per_cost,1,chemistry_panel:MF7620_P2_M0->MF7620_P2_M1,chemistry_panel,MF7620_P2_M0->MF7620_P2_M1,1,0.215652611816,2.0,2.0,5.54517744448,5.42667825123,0.118499193252,ACTIONABLE
7620,mean_information_decision_per_cost,2,chemistry_panel:MF7620_P2_M1->MF7620_P2_M2,chemistry_panel,MF7620_P2_M1->MF7620_P2_M2,1,0.151752699222,2.0,4.0,5.42667825123,5.2705647287,0.157068586497,ACTIONABLE
7620,mean_information_decision_per_cost,3,chemistry_panel:MF7620_P1_M1->MF7620_P1_M2,chemistry_panel,MF7620_P1_M1->MF7620_P1_M2,1,0.230201296564,2.0,6.0,5.2705647287,5.18840165297,0.0922305226191,ACTIONABLE
7620,mean_information_decision_per_cost,4,chemistry_panel:MF7620_P2_M2->MF7620_P2_M3,chemistry_panel,MF7620_P2_M2->MF7620_P2_M3,1,0.220931875026,2.0,8.0,5.18840165297,5.0672077081,0.10230047349,ACTIONABLE
7620,mean_information_decision_per_cost,5,chemistry_panel:MF7620_P1_M0->MF7620_P1_M1,chemistry_panel,MF7620_P1_M0->MF7620_P1_M1,1,0.18949432706,2.0,10.0,5.0672077081,4.83810856568,0.16488033542,ACTIONABLE
7620,legacy_uncertainty_chemistry,1,chemistry_panel:MF7620_P2_M2->MF7620_P2_M3,chemistry_panel,MF7620_P2_M2->MF7620_P2_M3,1,0.220931875026,2.0,2.0,5.54517744448,5.44238466754,0.102792776938,ACTIONABLE
7620,legacy_uncertainty_chemistry,2,chemistry_panel:MF7620_P2_M0->MF7620_P2_M1,chemistry_panel,MF7620_P2_M0->MF7620_P2_M1,1,0.215652611816,2.0,4.0,5.44238466754,5.32733858824,0.119398734053,ACTIONABLE
7620,legacy_uncertainty_chemistry,3,chemistry_panel:MF7620_P1_M0->MF7620_P1_M1,chemistry_panel,MF7620_P1_M0->MF7620_P1_M1,1,0.18949432706,2.0,6.0,5.32733858824,5.11950762128,0.166008180231,ACTIONABLE
7620,legacy_uncertainty_chemistry,4,chemistry_panel:MF7620_P1_M2->MF7620_P1_M3,chemistry_panel,MF7620_P1_M2->MF7620_P1_M3,1,0.0623193552386,2.0,8.0,5.11950762128,5.00980034561,0.100947512498,ACTIONABLE
7620,legacy_uncertainty_chemistry,5,chemistry_panel:MF7620_P0_M2->MF7620_P0_M3,chemistry_panel,MF7620_P0_M2->MF7620_P0_M3,1,0.203506833264,2.0,10.0,5.00980034561,4.85241156879,0.153717582751,ACTIONABLE
7620,random_feasible,1,age_tracer:MF7620_P1_M0->MF7620_P1_M1,age_tracer,MF7620_P1_M0->MF7620_P1_M1,1,14.4320525927,5.0,5.0,5.54517744448,5.45364532859,0.0915321158934,ACTIONABLE
7620,random_feasible,2,chemistry_panel:MF7620_P1_M1->MF7620_P2_M2,chemistry_panel,MF7620_P1_M1->MF7620_P2_M2,0,0.292722406679,2.0,7.0,5.45364532859,5.44549289926,0.0132237321826,ACTIONABLE
7620,random_feasible,3,chemistry_panel:MF7620_P1_M0->MF7620_P2_M1,chemistry_panel,MF7620_P1_M0->MF7620_P2_M1,0,0.176681907875,2.0,9.0,5.44549289926,5.41324047721,0.177514271668,ACTIONABLE
7620,realised_oracle,1,chemistry_panel:MF7620_P1_M0->MF7620_P1_M1,chemistry_panel,MF7620_P1_M0->MF7620_P1_M1,1,0.18949432706,2.0,2.0,5.54517744448,5.36955326695,0.17562417753,ACTIONABLE
7620,realised_oracle,2,chemistry_panel:MF7620_P0_M2->MF7620_P0_M3,chemistry_panel,MF7620_P0_M2->MF7620_P0_M3,1,0.203506833264,2.0,4.0,5.36955326695,5.21249783162,0.157344051534,ACTIONABLE
7620,realised_oracle,3,chemistry_panel:MF7620_P1_M1->MF7620_P1_M2,chemistry_panel,MF7620_P1_M1->MF7620_P1_M2,1,0.230201296564,2.0,6.0,5.21249783162,5.12179487304,0.0915513230806,ACTIONABLE
7620,realised_oracle,4,chemistry_panel:MF7620_P2_M1->MF7620_P2_M2,chemistry_panel,MF7620_P2_M1->MF7620_P2_M2,1,0.151752699222,2.0,8.0,5.12179487304,5.03620885064,0.174681549781,ACTIONABLE
7620,realised_oracle,5,chemistry_panel:MF7620_P2_M0->MF7620_P2_M1,chemistry_panel,MF7620_P2_M0->MF7620_P2_M1,1,0.215652611816,2.0,10.0,5.03620885064,4.92588993626,0.116353029739,ACTIONABLE
7621,robust_information_decision_per_cost,1,chemistry_panel:MF7621_P2_M2->MF7621_P2_M3,chemistry_panel,MF7621_P2_M2->MF7621_P2_M3,1,0.221170426235,2.0,2.0,5.54517744448,5.43405202697,0.111125417514,ACTIONABLE
7621,robust_information_decision_per_cost,2,chemistry_panel:MF7621_P2_M1->MF7621_P2_M2,chemistry_panel,MF7621_P2_M1->MF7621_P2_M2,1,0.229077204306,2.0,4.0,5.43405202697,5.34320781645,0.091085463472,ACTIONABLE
7621,robust_information_decision_per_cost,3,chemistry_panel:MF7621_P2_M0->MF7621_P2_M1,chemistry_panel,MF7621_P2_M0->MF7621_P2_M1,1,0.24237792457,2.0,6.0,5.34320781645,5.25327760153,0.0621648198475,ACTIONABLE
7621,robust_information_decision_per_cost,4,chemistry_panel:MF7621_P0_M2->MF7621_P0_M3,chemistry_panel,MF7621_P0_M2->MF7621_P0_M3,1,0.219379638342,2.0,8.0,5.25327760153,5.19005387435,0.0998412037179,ACTIONABLE
7621,robust_information_decision_per_cost,5,chemistry_panel:MF7621_P1_M1->MF7621_P1_M2,chemistry_panel,MF7621_P1_M1->MF7621_P1_M2,1,0.243405244327,2.0,10.0,5.19005387435,5.14100929629,0.0585237136878,ACTIONABLE
7621,mean_information_decision_per_cost,1,chemistry_panel:MF7621_P2_M1->MF7621_P2_M2,chemistry_panel,MF7621_P2_M1->MF7621_P2_M2,1,0.229077204306,2.0,2.0,5.54517744448,5.45411132725,0.0910661172304,ACTIONABLE
7621,mean_information_decision_per_cost,2,chemistry_panel:MF7621_P2_M2->MF7621_P2_M3,chemistry_panel,MF7621_P2_M2->MF7621_P2_M3,1,0.221170426235,2.0,4.0,5.45411132725,5.34320781645,0.111155702518,ACTIONABLE
7621,mean_information_decision_per_cost,3,chemistry_panel:MF7621_P2_M0->MF7621_P2_M1,chemistry_panel,MF7621_P2_M0->MF7621_P2_M1,1,0.24237792457,2.0,6.0,5.34320781645,5.25327760153,0.0621648198475,ACTIONABLE
7621,mean_information_decision_per_cost,4,chemistry_panel:MF7621_P0_M2->MF7621_P0_M3,chemistry_panel,MF7621_P0_M2->MF7621_P0_M3,1,0.219379638342,2.0,8.0,5.25327760153,5.19005387435,0.0998412037179,ACTIONABLE
7621,mean_information_decision_per_cost,5,chemistry_panel:MF7621_P1_M1->MF7621_P1_M2,chemistry_panel,MF7621_P1_M1->MF7621_P1_M2,1,0.243405244327,2.0,10.0,5.19005387435,5.14100929629,0.0585237136878,ACTIONABLE
7621,legacy_uncertainty_chemistry,1,chemistry_panel:MF7621_P1_M1->MF7621_P1_M2,chemistry_panel,MF7621_P1_M1->MF7621_P1_M2,1,0.243405244327,2.0,2.0,5.54517744448,5.48729847476,0.0578789697189,ACTIONABLE
7621,legacy_uncertainty_chemistry,2,chemistry_panel:MF7621_P2_M2->MF7621_P2_M3,chemistry_panel,MF7621_P2_M2->MF7621_P2_M3,1,0.221170426235,2.0,4.0,5.48729847476,5.37243851117,0.110606101407,ACTIONABLE
7621,legacy_uncertainty_chemistry,3,chemistry_panel:MF7621_P2_M0->MF7621_P2_M1,chemistry_panel,MF7621_P2_M0->MF7621_P2_M1,1,0.24237792457,2.0,6.0,5.37243851117,5.29095782222,0.0630400651397,ACTIONABLE
7621,legacy_uncertainty_chemistry,4,chemistry_panel:MF7621_P2_M1->MF7621_P2_M2,chemistry_panel,MF7621_P2_M1->MF7621_P2_M2,1,0.229077204306,2.0,8.0,5.29095782222,5.19938217049,0.09071958505,ACTIONABLE
7621,legacy_uncertainty_chemistry,5,chemistry_panel:MF7621_P0_M2->MF7621_P0_M3,chemistry_panel,MF7621_P0_M2->MF7621_P0_M3,1,0.219379638342,2.0,10.0,5.19938217049,5.14100929629,0.100637572711,ACTIONABLE
7621,random_feasible,1,age_tracer:MF7621_P2_M1->MF7621_P2_M2,age_tracer,MF7621_P2_M1->MF7621_P2_M2,1,14.7011781115,5.0,5.0,5.54517744448,5.45459366665,0.0905837778275,ACTIONABLE
7621,random_feasible,2,age_tracer:MF7621_P2_M1->MF7621_P1_M2,age_tracer,MF7621_P2_M1->MF7621_P1_M2,0,21.4865904065,5.0,10.0,5.45459366665,5.50102044405,0.0848567090185,ACTIONABLE
7621,realised_oracle,1,chemistry_panel:MF7621_P2_M1->MF7621_P1_M2,chemistry_panel,MF7621_P2_M1->MF7621_P1_M2,0,0.403960873172,2.0,2.0,5.54517744448,5.2370702877,0.308107156781,ACTIONABLE
7621,realised_oracle,2,chemistry_panel:MF7621_P2_M2->MF7621_P2_M3,chemistry_panel,MF7621_P2_M2->MF7621_P2_M3,1,0.221170426235,2.0,4.0,5.2370702877,5.12705376047,0.111925582521,ACTIONABLE
7621,realised_oracle,3,chemistry_panel:MF7621_P2_M0->MF7621_P2_M1,chemistry_panel,MF7621_P2_M0->MF7621_P2_M1,1,0.24237792457,2.0,6.0,5.12705376047,5.03971133494,0.061078664003,ACTIONABLE
7621,realised_oracle,4,chemistry_panel:MF7621_P1_M0->MF7621_P1_M1,chemistry_panel,MF7621_P1_M0->MF7621_P1_M1,1,0.199484651135,2.0,8.0,5.03971133494,4.89791278798,0.166684197192,ACTIONABLE
7621,realised_oracle,5,chemistry_panel:MF7621_P1_M2->MF7621_P2_M3,chemistry_panel,MF7621_P1_M2->MF7621_P2_M3,0,0.344755802903,2.0,10.0,4.89791278798,4.78856202248,0.166802135671,ACTIONABLE
7622,robust_information_decision_per_cost,1,chemistry_panel:MF7622_P0_M1->MF7622_P0_M2,chemistry_panel,MF7622_P0_M1->MF7622_P0_M2,1,0.261311442918,2.0,2.0,5.54517744448,5.52843227598,0.0167451685044,ACTIONABLE
7622,robust_information_decision_per_cost,2,chemistry_panel:MF7622_P1_M1->MF7622_P1_M2,chemistry_panel,MF7622_P1_M1->MF7622_P1_M2,1,0.262381783632,2.0,4.0,5.52843227598,5.50356856033,0.020862646047,ACTIONABLE
7622,robust_information_decision_per_cost,3,chemistry_panel:MF7622_P2_M0->MF7622_P2_M1,chemistry_panel,MF7622_P2_M0->MF7622_P2_M1,1,0.190800774356,2.0,6.0,5.50356856033,5.36765343129,0.133054579087,ACTIONABLE
7622,robust_information_decision_per_cost,4,chemistry_panel:MF7622_P1_M0->MF7622_P1_M1,chemistry_panel,MF7622_P1_M0->MF7622_P1_M1,1,0.189219491687,2.0,8.0,5.36765343129,5.158681266,0.175045324135,ACTIONABLE
7622,robust_information_decision_per_cost,5,chemistry_panel:MF7622_P2_M2->MF7622_P2_M3,chemistry_panel,MF7622_P2_M2->MF7622_P2_M3,1,0.183084650372,2.0,10.0,5.158681266,4.98301746641,0.188432395969,ACTIONABLE
7622,mean_information_decision_per_cost,1,chemistry_panel:MF7622_P0_M1->MF7622_P0_M2,chemistry_panel,MF7622_P0_M1->MF7622_P0_M2,1,0.261311442918,2.0,2.0,5.54517744448,5.52843227598,0.0167451685044,ACTIONABLE
7622,mean_information_decision_per_cost,2,chemistry_panel:MF7622_P1_M1->MF7622_P1_M2,chemistry_panel,MF7622_P1_M1->MF7622_P1_M2,1,0.262381783632,2.0,4.0,5.52843227598,5.50356856033,0.020862646047,ACTIONABLE
7622,mean_information_decision_per_cost,3,chemistry_panel:MF7622_P1_M0->MF7622_P1_M1,chemistry_panel,MF7622_P1_M0->MF7622_P1_M1,1,0.189219491687,2.0,6.0,5.50356856033,5.29932121766,0.176810035801,ACTIONABLE
7622,mean_information_decision_per_cost,4,chemistry_panel:MF7622_P2_M2->MF7622_P2_M3,chemistry_panel,MF7622_P2_M2->MF7622_P2_M3,1,0.183084650372,2.0,8.0,5.29932121766,5.10326827238,0.183164835415,ACTIONABLE
7622,mean_information_decision_per_cost,5,chemistry_panel:MF7622_P0_M2->MF7622_P0_M3,chemistry_panel,MF7622_P0_M2->MF7622_P0_M3,1,0.179836802273,2.0,10.0,5.10326827238,4.88744603056,0.196177601404,ACTIONABLE
7622,legacy_uncertainty_chemistry,1,chemistry_panel:MF7622_P2_M2->MF7622_P2_M3,chemistry_panel,MF7622_P2_M2->MF7622_P2_M3,1,0.183084650372,2.0,2.0,5.54517744448,5.36185537747,0.183322067006,ACTIONABLE
7622,legacy_uncertainty_chemistry,2,chemistry_panel:MF7622_P1_M1->MF7622_P1_M2,chemistry_panel,MF7622_P1_M1->MF7622_P1_M2,1,0.262381783632,2.0,4.0,5.36185537747,5.35028931293,0.0215995071438,ACTIONABLE
7622,legacy_uncertainty_chemistry,3,chemistry_panel:MF7622_P0_M1->MF7622_P0_M2,chemistry_panel,MF7622_P0_M1->MF7622_P0_M2,1,0.261311442918,2.0,6.0,5.35028931293,5.323553837,0.0166221516614,ACTIONABLE
7622,legacy_uncertainty_chemistry,4,chemistry_panel:MF7622_P1_M2->MF7622_P1_M3,chemistry_panel,MF7622_P1_M2->MF7622_P1_M3,1,0.0970691797632,2.0,8.0,5.323553837,5.17371353075,0.147294138074,ACTIONABLE
7622,legacy_uncertainty_chemistry,5,chemistry_panel:MF7622_P1_M0->MF7622_P1_M1,chemistry_panel,MF7622_P1_M0->MF7622_P1_M1,1,0.189219491687,2.0,10.0,5.17371353075,4.93356598887,0.165655840818,ACTIONABLE
7622,random_feasible,1,connectivity_tracer:MF7622_P0_M3->MF7622_P2_M3,connectivity_tracer,MF7622_P0_M3->MF7622_P2_M3,0,0.147196778652,9.0,9.0,5.54517744448,5.54132240472,0.00385503976456,ACTIONABLE
7622,realised_oracle,1,chemistry_panel:MF7622_P1_M0->MF7622_P1_M1,chemistry_panel,MF7622_P1_M0->MF7622_P1_M1,1,0.189219491687,2.0,2.0,5.54517744448,5.36352544827,0.181651996207,ACTIONABLE
7622,realised_oracle,2,chemistry_panel:MF7622_P0_M1->MF7622_P1_M2,chemistry_panel,MF7622_P0_M1->MF7622_P1_M2,0,0.373565318769,2.0,4.0,5.36352544827,5.1187196593,0.238881895031,ACTIONABLE
7622,realised_oracle,3,chemistry_panel:MF7622_P0_M2->MF7622_P0_M3,chemistry_panel,MF7622_P0_M2->MF7622_P0_M3,1,0.179836802273,2.0,6.0,5.1187196593,4.92638834283,0.193325725033,ACTIONABLE
7622,realised_oracle,4,chemistry_panel:MF7622_P2_M2->MF7622_P2_M3,chemistry_panel,MF7622_P2_M2->MF7622_P2_M3,1,0.183084650372,2.0,8.0,4.92638834283,4.71934337371,0.183038179094,ACTIONABLE
7622,realised_oracle,5,chemistry_panel:MF7622_P2_M0->MF7622_P2_M1,chemistry_panel,MF7622_P2_M0->MF7622_P2_M1,1,0.190800774356,2.0,10.0,4.71934337371,4.54674735376,0.131764038358,ACTIONABLE
7623,robust_information_decision_per_cost,1,chemistry_panel:MF7623_P2_M1->MF7623_P2_M2,chemistry_panel,MF7623_P2_M1->MF7623_P2_M2,1,0.264603503649,2.0,2.0,5.54517744448,5.52763950429,0.0175379401888,ACTIONABLE
7623,robust_information_decision_per_cost,2,chemistry_panel:MF7623_P2_M2->MF7623_P2_M3,chemistry_panel,MF7623_P2_M2->MF7623_P2_M3,1,0.212925201315,2.0,4.0,5.52763950429,5.41407032136,0.121370931851,ACTIONABLE
7623,robust_information_decision_per_cost,3,chemistry_panel:MF7623_P2_M0->MF7623_P2_M1,chemistry_panel,MF7623_P2_M0->MF7623_P2_M1,1,0.205619398814,2.0,6.0,5.41407032136,5.31414880698,0.116354782944,ACTIONABLE
7623,robust_information_decision_per_cost,4,chemistry_panel:MF7623_P1_M1->MF7623_P1_M2,chemistry_panel,MF7623_P1_M1->MF7623_P1_M2,1,0.220736127072,2.0,8.0,5.31414880698,5.24471072882,0.101235983459,ACTIONABLE
7623,robust_information_decision_per_cost,5,chemistry_panel:MF7623_P1_M2->MF7623_P1_M3,chemistry_panel,MF7623_P1_M2->MF7623_P1_M3,1,0.0688394556031,2.0,10.0,5.24471072882,5.12856419636,0.111238476012,ACTIONABLE
7623,mean_information_decision_per_cost,1,chemistry_panel:MF7623_P2_M2->MF7623_P2_M3,chemistry_panel,MF7623_P2_M2->MF7623_P2_M3,1,0.212925201315,2.0,2.0,5.54517744448,5.42526171981,0.119915724674,ACTIONABLE
7623,mean_information_decision_per_cost,2,chemistry_panel:MF7623_P2_M1->MF7623_P2_M2,chemistry_panel,MF7623_P2_M1->MF7623_P2_M2,1,0.264603503649,2.0,4.0,5.42526171981,5.41407032136,0.0179183313987,ACTIONABLE
7623,mean_information_decision_per_cost,3,chemistry_panel:MF7623_P1_M2->MF7623_P1_M3,chemistry_panel,MF7623_P1_M2->MF7623_P1_M3,1,0.0688394556031,2.0,6.0,5.41407032136,5.29834661739,0.109826094147,ACTIONABLE
7623,mean_information_decision_per_cost,4,chemistry_panel:MF7623_P2_M0->MF7623_P2_M1,chemistry_panel,MF7623_P2_M0->MF7623_P2_M1,1,0.205619398814,2.0,8.0,5.29834661739,5.19570081774,0.118539206963,ACTIONABLE
7623,mean_information_decision_per_cost,5,chemistry_panel:MF7623_P0_M2->MF7623_P0_M3,chemistry_panel,MF7623_P0_M2->MF7623_P0_M3,1,0.208561084519,2.0,10.0,5.19570081774,5.07810242111,0.123017927611,ACTIONABLE
7623,legacy_uncertainty_chemistry,1,chemistry_panel:MF7623_P2_M2->MF7623_P2_M3,chemistry_panel,MF7623_P2_M2->MF7623_P2_M3,1,0.212925201315,2.0,2.0,5.54517744448,5.42526171981,0.119915724674,ACTIONABLE
7623,legacy_uncertainty_chemistry,2,chemistry_panel:MF7623_P1_M2->MF7623_P1_M3,chemistry_panel,MF7623_P1_M2->MF7623_P1_M3,1,0.0688394556031,2.0,4.0,5.42526171981,5.30914664174,0.109816766449,ACTIONABLE
7623,legacy_uncertainty_chemistry,3,chemistry_panel:MF7623_P0_M2->MF7623_P0_M3,chemistry_panel,MF7623_P0_M2->MF7623_P0_M3,1,0.208561084519,2.0,6.0,5.30914664174,5.19491017832,0.123307088773,ACTIONABLE
7623,legacy_uncertainty_chemistry,4,chemistry_panel:MF7623_P1_M1->MF7623_P1_M2,chemistry_panel,MF7623_P1_M1->MF7623_P1_M2,1,0.220736127072,2.0,8.0,5.19491017832,5.10203499067,0.098653143704,ACTIONABLE
7623,legacy_uncertainty_chemistry,5,chemistry_panel:MF7623_P2_M0->MF7623_P2_M1,chemistry_panel,MF7623_P2_M0->MF7623_P2_M1,1,0.205619398814,2.0,10.0,5.10203499067,5.03309124774,0.125711631905,ACTIONABLE
7623,random_feasible,1,age_tracer:MF7623_P0_M0->MF7623_P2_M1,age_tracer,MF7623_P0_M0->MF7623_P2_M1,0,14.6276228854,5.0,5.0,5.54517744448,5.54517744448,0.0,ACTIONABLE
7623,random_feasible,2,age_tracer:MF7623_P1_M2->MF7623_P0_M3,age_tracer,MF7623_P1_M2->MF7623_P0_M3,0,18.9044576361,5.0,10.0,5.54517744448,5.48600023532,0.0591772091633,ACTIONABLE
7623,realised_oracle,1,chemistry_panel:MF7623_P1_M0->MF7623_P1_M1,chemistry_panel,MF7623_P1_M0->MF7623_P1_M1,1,0.185616155232,2.0,2.0,5.54517744448,5.34488048762,0.200296956855,ACTIONABLE
7623,realised_oracle,2,chemistry_panel:MF7623_P2_M1->MF7623_P1_M2,chemistry_panel,MF7623_P2_M1->MF7623_P1_M2,0,0.406168437964,2.0,4.0,5.34488048762,5.13095513385,0.197959128749,ACTIONABLE
7623,realised_oracle,3,chemistry_panel:MF7623_P2_M2->MF7623_P2_M3,chemistry_panel,MF7623_P2_M2->MF7623_P2_M3,1,0.212925201315,2.0,6.0,5.13095513385,5.04484281699,0.128463675658,ACTIONABLE
7623,realised_oracle,4,chemistry_panel:MF7623_P1_M2->MF7623_P1_M3,chemistry_panel,MF7623_P1_M2->MF7623_P1_M3,1,0.0688394556031,2.0,8.0,5.04484281699,4.92448696741,0.106457189717,ACTIONABLE
7623,realised_oracle,5,chemistry_panel:MF7623_P0_M1->MF7623_P0_M2,chemistry_panel,MF7623_P0_M1->MF7623_P0_M2,1,0.230423212846,2.0,10.0,4.92448696741,4.85261922195,0.0639162154364,ACTIONABLE
7624,robust_information_decision_per_cost,1,chemistry_panel:MF7624_P2_M0->MF7624_P2_M1,chemistry_panel,MF7624_P2_M0->MF7624_P2_M1,1,0.284657151685,2.0,2.0,5.54517744448,5.54517414676,3.29772388092e-06,ACTIONABLE
7624,robust_information_decision_per_cost,2,chemistry_panel:MF7624_P2_M1->MF7624_P2_M2,chemistry_panel,MF7624_P2_M1->MF7624_P2_M2,1,0.261486615682,2.0,4.0,5.54517414676,5.52689111873,0.018278366276,ACTIONABLE
7624,robust_information_decision_per_cost,3,chemistry_panel:MF7624_P2_M2->MF7624_P2_M3,chemistry_panel,MF7624_P2_M2->MF7624_P2_M3,1,0.188380977736,2.0,6.0,5.52689111873,5.37085220658,0.157872098016,ACTIONABLE
7624,robust_information_decision_per_cost,4,chemistry_panel:MF7624_P2_M0->MF7624_P1_M1,chemistry_panel,MF7624_P2_M0->MF7624_P1_M1,0,0.216534449413,2.0,8.0,5.37085220658,5.21740424424,0.125593138707,ACTIONABLE
7624,robust_information_decision_per_cost,5,chemistry_panel:MF7624_P1_M1->MF7624_P1_M2,chemistry_panel,MF7624_P1_M1->MF7624_P1_M2,1,0.212638632229,2.0,10.0,5.21740424424,5.07997239275,0.119945184119,ACTIONABLE
7624,mean_information_decision_per_cost,1,chemistry_panel:MF7624_P2_M0->MF7624_P2_M1,chemistry_panel,MF7624_P2_M0->MF7624_P2_M1,1,0.284657151685,2.0,2.0,5.54517744448,5.54517414676,3.29772388092e-06,ACTIONABLE
7624,mean_information_decision_per_cost,2,chemistry_panel:MF7624_P2_M1->MF7624_P2_M2,chemistry_panel,MF7624_P2_M1->MF7624_P2_M2,1,0.261486615682,2.0,4.0,5.54517414676,5.52689111873,0.018278366276,ACTIONABLE
7624,mean_information_decision_per_cost,3,chemistry_panel:MF7624_P2_M0->MF7624_P1_M1,chemistry_panel,MF7624_P2_M0->MF7624_P1_M1,0,0.216534449413,2.0,6.0,5.52689111873,5.39324568536,0.12662652878,ACTIONABLE
7624,mean_information_decision_per_cost,4,chemistry_panel:MF7624_P1_M1->MF7624_P1_M2,chemistry_panel,MF7624_P1_M1->MF7624_P1_M2,1,0.212638632229,2.0,8.0,5.39324568536,5.25644170656,0.121722228353,ACTIONABLE
7624,mean_information_decision_per_cost,5,chemistry_panel:MF7624_P1_M2->MF7624_P1_M3,chemistry_panel,MF7624_P1_M2->MF7624_P1_M3,1,0.0955308285432,2.0,10.0,5.25644170656,5.01991940792,0.158740008781,ACTIONABLE
7624,legacy_uncertainty_chemistry,1,chemistry_panel:MF7624_P1_M1->MF7624_P1_M2,chemistry_panel,MF7624_P1_M1->MF7624_P1_M2,1,0.212638632229,2.0,2.0,5.54517744448,5.42046055656,0.124716887921,ACTIONABLE
7624,legacy_uncertainty_chemistry,2,chemistry_panel:MF7624_P2_M1->MF7624_P2_M2,chemistry_panel,MF7624_P2_M1->MF7624_P2_M2,1,0.261486615682,2.0,4.0,5.42046055656,5.39924886894,0.0181608553092,ACTIONABLE
7624,legacy_uncertainty_chemistry,3,chemistry_panel:MF7624_P2_M0->MF7624_P2_M1,chemistry_panel,MF7624_P2_M0->MF7624_P2_M1,1,0.284657151685,2.0,6.0,5.39924886894,5.39928875201,3.28894456968e-06,ACTIONABLE
7624,legacy_uncertainty_chemistry,4,chemistry_panel:MF7624_P2_M2->MF7624_P2_M3,chemistry_panel,MF7624_P2_M2->MF7624_P2_M3,1,0.188380977736,2.0,8.0,5.39928875201,5.23716943171,0.154432965456,ACTIONABLE
7624,legacy_uncertainty_chemistry,5,chemistry_panel:MF7624_P1_M2->MF7624_P1_M3,chemistry_panel,MF7624_P1_M2->MF7624_P1_M3,1,0.0955308285432,2.0,10.0,5.23716943171,5.02066620215,0.159791738171,ACTIONABLE
7624,random_feasible,1,age_tracer:MF7624_P0_M2->MF7624_P0_M3,age_tracer,MF7624_P0_M2->MF7624_P0_M3,1,17.2421257379,5.0,5.0,5.54517744448,5.46856487983,0.0766125646514,ACTIONABLE
7624,random_feasible,2,chemistry_panel:MF7624_P2_M1->MF7624_P2_M2,chemistry_panel,MF7624_P2_M1->MF7624_P2_M2,1,0.261486615682,2.0,7.0,5.46856487983,5.4494689763,0.0182446631291,ACTIONABLE
7624,random_feasible,3,chemistry_panel:MF7624_P2_M0->MF7624_P2_M1,chemistry_panel,MF7624_P2_M0->MF7624_P2_M1,1,0.284657151685,2.0,9.0,5.4494689763,5.44936193848,3.30698549815e-06,ACTIONABLE
7624,realised_oracle,1,chemistry_panel:MF7624_P1_M2->MF7624_P1_M3,chemistry_panel,MF7624_P1_M2->MF7624_P1_M3,1,0.0955308285432,2.0,2.0,5.54517744448,5.37577803961,0.169399404872,ACTIONABLE
7624,realised_oracle,2,chemistry_panel:MF7624_P2_M1->MF7624_P1_M2,chemistry_panel,MF7624_P2_M1->MF7624_P1_M2,0,0.378838436966,2.0,4.0,5.37577803961,5.15307665235,0.209076058609,ACTIONABLE
7624,realised_oracle,3,chemistry_panel:MF7624_P2_M2->MF7624_P2_M3,chemistry_panel,MF7624_P2_M2->MF7624_P2_M3,1,0.188380977736,2.0,6.0,5.15307665235,4.97475438465,0.151172231606,ACTIONABLE
7624,realised_oracle,4,chemistry_panel:MF7624_P1_M1->MF7624_P1_M2,chemistry_panel,MF7624_P1_M1->MF7624_P1_M2,1,0.212638632229,2.0,8.0,4.97475438465,4.80338134596,0.111987182552,ACTIONABLE
7624,realised_oracle,5,chemistry_panel:MF7624_P0_M2->MF7624_P1_M3,chemistry_panel,MF7624_P0_M2->MF7624_P1_M3,0,0.413541441082,2.0,10.0,4.80338134596,4.69832731303,0.122641591307,ACTIONABLE
