edge_id,u,v,transport_model,gamma,f,endmember_id,z_extents,z_labels,transport_residual_norm,anomaly_norm,objective_score,l1_norm,reaction_iterations,reaction_converged,ec_tds_penalty,phreeqc_ok,charge_error,skipped_reason,edge_confidence,edge_map_penalty,edge_map_score,edge_sheaf_score_local,edge_sheaf_score_global,edge_sheaf_residual,edge_sheaf_pi_evap,edge_sheaf_cost_iso,edge_sheaf_cost_cl,edge_sheaf_flags,edge_distance_km,edge_delta_h,edge_sigma_delta_h,edge_source_tier,edge_flags,edge_distance_3d_m,edge_horizontal_distance_m,edge_vertical_distance_m,edge_type_3d,edge_prob_head,edge_prob_distance,edge_prob_layer,edge_horizontal_gradient,edge_vertical_gradient,edge_residence_time_days,physics_source,physics_tau_mean_days,physics_tau_std_days,physics_tau_p10_days,physics_tau_p90_days,isotope_penalty,isotope_used,gibbs_penalty,gibbs_used,isotope_consistency_penalty,nitrate_source_p_manure,nitrate_source_logit,nitrate_source_evidence,nitrate_source_gates,gamma_std,gamma_ci_low,gamma_ci_high,f_std,f_ci_low,f_ci_high,extents_std,extents_ci_low,extents_ci_high,uncertainty_method,residual_vector,chemistry_r2,rt_validated,rt_simulator,rt_residence_time_days,rt_rmse,rt_nse,rt_pbias,rt_thermodynamic_consistent,uncertainty_r_hat,uncertainty_ess,temporal_residence_time_days,temporal_residence_time_method,temporal_residence_time_uncertainty,temporal_transport_model,temporal_gamma_mean,temporal_gamma_std,temporal_f_mean,temporal_f_std,temporal_reaction_extents_mean,temporal_reaction_extents_std,temporal_total_residual_norm,temporal_n_time_points,temporal_residence_time_flags,temporal_residence_time_details,uncertainty,reaction_calcite,reaction_dolomite,reaction_gypsum,reaction_halite,reaction_NO3src,reaction_denit,reaction_CaNa_exch,reaction_MgNa_exch
Virtual_Endmember_PC2_High->TBB31,Virtual_Endmember_PC2_High,TBB31,evap,1.0431848974672686,,,"[0.0, 0.0, 0.0923218380602479, 0.07749236859135718, 0.14273503256532444, 0.0, 0.06582292995213343, 0.0]","['calcite', 'dolomite', 'gypsum', 'halite', 'NO3src', 'denit', 'CaNa_exch', 'MgNa_exch']",0.10650160653238093,0.043657526162764755,0.536593046454918,0.3783721691690629,18,True,0.0,False,,phreeqc_unavailable,,,,,,,,,,,,,,,,,,,,,,,,,,,,,,,0.0,False,0.4929355202921532,True,0.0,,,[],[],,,,,,,[],[],[],,"[0.07167959187969794, 0.039398701535085526, 0.03583979588060836, 0.07919982115142865, -0.06276589349737935, -0.03583926172242642, -0.07167985872286645, 2.5692303839974784e-10, -0.13801517936455016]",0.9965489459448879,False,,,,,,,{},{},,,,,,,,,[],[],,,[],{},,0.0,0.0,0.0923218380602479,0.07749236859135718,0.14273503256532444,0.0,0.06582292995213343,0.0
Virtual_Endmember_PC2_High->GOB36,Virtual_Endmember_PC2_High,GOB36,evap,1.2019858094648166,,,"[0.0, 0.0, 0.03250899982123927, 0.0, 0.0, 0.2783013269810465, 0.07491849680344945, 0.024852028097970838]","['calcite', 'dolomite', 'gypsum', 'halite', 'NO3src', 'denit', 'CaNa_exch', 'MgNa_exch']",0.29430329542606415,0.08636787231123873,0.5783849237917011,0.41058085170370606,20,True,0.0,False,,phreeqc_unavailable,,,,,,,,,,,,,,,,,,,,,,,,,,,,,,,0.0,False,0.4920170514804624,True,0.0,,,[],[],,,,,,,[],[],[],,"[-0.0036562104734512574, -0.0036593734503380104, -0.0018296867475358358, -0.03552565479015888, -0.05873480102008222, -0.24614279601447472, 0.003655222129852413, -0.058734801521024615, -0.13257640469206872]",0.9954739333415423,False,,,,,,,{},{},,,,,,,,,[],[],,,[],{},,0.0,0.0,0.03250899982123927,0.0,0.0,0.2783013269810465,0.07491849680344945,0.024852028097970838
Virtual_Endmember_PC2_High->NTB29,Virtual_Endmember_PC2_High,NTB29,evap,1.099902908504575,,,"[0.0, 0.0, 0.0, 0.040403995941620675, 0.0, 0.13502064902325114, 0.0, 0.0]","['calcite', 'dolomite', 'gypsum', 'halite', 'NO3src', 'denit', 'CaNa_exch', 'MgNa_exch']",0.1597926726335736,0.12006655546064564,0.6131596038339736,0.1754246449648718,2,True,0.0,False,,phreeqc_unavailable,,,,,,,,,,,,,,,,,,,,,,,,,,,,,,,0.0,False,0.49309304837332796,True,0.0,,,[],[],,,,,,,[],[],[],,"[-0.11459849116410868, 0.01062450011368914, 0.1073635959713623, -0.11760187025754876, -0.15694580254026277, -0.10736359589863509, 0.022616439382904713, -0.15694580278329998, -0.14199050902073224]",0.9924912327687524,False,,,,,,,{},{},,,,,,,,,[],[],,,[],{},,0.0,0.0,0.0,0.040403995941620675,0.0,0.13502064902325114,0.0,0.0
Virtual_Endmember_PC1_High->BUB20,Virtual_Endmember_PC1_High,BUB20,evap,1.0,,,"[0.0, 0.0, 0.0, 0.24286972919556907, 0.0, 0.28872651341408556, 0.155152357663859, 0.0]","['calcite', 'dolomite', 'gypsum', 'halite', 'NO3src', 'denit', 'CaNa_exch', 'MgNa_exch']",0.3892367892456024,0.13490519647668658,0.6304433944715531,0.6867486002735136,16,True,0.0,False,,phreeqc_unavailable,,,,,,,,,,,,,,,,,,,,,,,,,,,,,,,0.0,False,0.4955381979948664,True,0.0,,,[],[],,,,,,,[],[],[],,"[0.024151047806169113, -0.03784208418381072, 0.012075523763447421, 0.043010482658842, -0.25205562513245067, -0.01207520160964301, -0.050879200069561724, -0.2520556256521584, 0.033099849864077185]",0.9820469779613206,False,,,,,,,{},{},,,,,,,,,[],[],,,[],{},,0.0,0.0,0.0,0.24286972919556907,0.0,0.28872651341408556,0.155152357663859,0.0
Virtual_Endmember_PC1_Low->Virtual_Endmember_PC2_Low,Virtual_Endmember_PC1_Low,Virtual_Endmember_PC2_Low,evap,1.0550190807536124,,,"[0.0, 0.0, 0.6662056560089051, 0.0, 0.5638229527316959, 0.526905283319895, 0.010003282190208233, 0.2672287126623221]","['calcite', 'dolomite', 'gypsum', 'halite', 'NO3src', 'denit', 'CaNa_exch', 'MgNa_exch']",2.040320580768485,0.4813974638197138,0.6313974638197138,2.0341658869130264,39,True,0.0,False,,phreeqc_unavailable,,,,,,,,,,,,,,,,,,,,,,,,,,,,,,,0.0,False,0.15,True,0.0,,,[],[],,,,,,,[],[],[],,"[-0.18790610708062527, -0.18790354350349403, -0.09395177199225291, 0.06332364949108257, 2.0949056933616816e-09, -0.6021834670347898, 0.18790690925296027, 1.1464760044099798e-09, 0.0032035168105091208]",0.9844010129015818,False,,,,,,,{},{},,,,,,,,,[],[],,,[],{},,0.0,0.0,0.6662056560089051,0.0,0.5638229527316959,0.526905283319895,0.010003282190208233,0.2672287126623221
Virtual_Endmember_PC2_High->PUB1,Virtual_Endmember_PC2_High,PUB1,evap,1.0226898121075298,,,"[0.0, 0.0, 0.0, 0.2613234491764482, 0.0, 0.0, 0.0, 0.0]","['calcite', 'dolomite', 'gypsum', 'halite', 'NO3src', 'denit', 'CaNa_exch', 'MgNa_exch']",0.27884729602135466,0.1422674055965594,0.6345567590370326,0.2613234491764482,2,True,0.0,False,,phreeqc_unavailable,,,,,,,,,,,,,,,,,,,,,,,,,,,,,,,0.0,False,0.4922893534404732,True,0.0,,,[],[],,,,,,,[],[],[],,"[-0.13314855714166637, 0.016310576164574684, 0.0705038754302389, -0.03131554801934108, -0.2307493443636594, -0.07050387495985655, -3.1345014845557806e-05, -0.21234834121711982, -0.12252957653403955]",0.989332336743532,False,,,,,,,{},{},,,,,,,,,[],[],,,[],{},,0.0,0.0,0.0,0.2613234491764482,0.0,0.0,0.0,0.0
Virtual_Endmember_PC1_High->Virtual_Endmember_PC2_High,Virtual_Endmember_PC1_High,Virtual_Endmember_PC2_High,evap,1.177807277723031,,,"[0.0, 0.0, 0.0, 0.6705675599782591, 0.0, 0.5377970953476453, 0.014377598487315981, 0.05595528544865698]","['calcite', 'dolomite', 'gypsum', 'halite', 'NO3src', 'denit', 'CaNa_exch', 'MgNa_exch']",1.8010272196226553,0.48878228365584525,0.6387822836558452,1.2786975392618773,22,True,0.0,False,,phreeqc_unavailable,,,,,,,,,,,,,,,,,,,,,,,,,,,,,,,0.0,False,0.15,True,0.0,,,[],[],,,,,,,[],[],[],,"[-0.0908320580014759, -0.0908321502986843, -0.04541607519970198, 0.02984470318958483, -0.46976604648733733, 0.04541535166939492, -0.1257071480269735, -0.4697660474553721, 0.10051316414103809]",0.9597326236208479,False,,,,,,,{},{},,,,,,,,,[],[],,,[],{},,0.0,0.0,0.0,0.6705675599782591,0.0,0.5377970953476453,0.014377598487315981,0.05595528544865698
Virtual_Endmember_PC1_High->NAB13,Virtual_Endmember_PC1_High,NAB13,evap,1.0,,,"[0.0, 0.0, 0.07392806302120666, 0.3358247029129252, 0.0, 0.38235856416455083, 0.1313452975445532, 0.06338502514439535]","['calcite', 'dolomite', 'gypsum', 'halite', 'NO3src', 'denit', 'CaNa_exch', 'MgNa_exch']",0.6095669046190533,0.149896306609873,0.6432715436908448,0.9868416527876313,33,True,0.0,False,,phreeqc_unavailable,,,,,,,,,,,,,,,,,,,,,,,,,,,,,,,0.0,False,0.49337523708097186,True,0.0,,,[],[],,,,,,,[],[],[],,"[0.013950204584907006, 0.013951829380144415, 0.006975914633025687, 0.025107669359609286, -0.26571389679409285, -0.006976578712048487, -0.013949465880691375, -0.2657138974823383, 0.0858893235482877]",0.9801283207456704,False,,,,,,,{},{},,,,,,,,,[],[],,,[],{},,0.0,0.0,0.07392806302120666,0.3358247029129252,0.0,0.38235856416455083,0.1313452975445532,0.06338502514439535
Virtual_Endmember_PC1_High->MAB34,Virtual_Endmember_PC1_High,MAB34,evap,1.0079434813815158,,,"[0.0, 0.0, 0.0, 0.0, 0.0, 0.616153758264401, 0.0, 0.0]","['calcite', 'dolomite', 'gypsum', 'halite', 'NO3src', 'denit', 'CaNa_exch', 'MgNa_exch']",0.9390649952286751,0.1797740862152596,0.6742950326243857,0.616153758264401,3,True,0.0,False,,phreeqc_unavailable,,,,,,,,,,,,,,,,,,,,,,,,,,,,,,,0.0,False,0.4945209464091262,True,0.0,,,[],[],,,,,,,[],[],[],,"[0.013753643971550107, 0.01788923702961577, 0.022795202996347602, -0.09384331703766045, -0.2828014574416199, -0.07917490382796077, -0.05792146438800341, -0.2828014585506967, -0.019021528236783655]",0.9817527673328129,False,,,,,,,{},{},,,,,,,,,[],[],,,[],{},,0.0,0.0,0.0,0.0,0.0,0.616153758264401,0.0,0.0
Virtual_Endmember_PC1_High->PAB5,Virtual_Endmember_PC1_High,PAB5,evap,1.2274925682267963,,,"[0.0, 0.0, 0.0, 0.0, 0.0, 0.681532946166944, 0.0, 0.03996204664886404]","['calcite', 'dolomite', 'gypsum', 'halite', 'NO3src', 'denit', 'CaNa_exch', 'MgNa_exch']",1.1236585494999023,0.1866994085381802,0.6777188889866063,0.7214949928158081,3,True,0.0,False,,phreeqc_unavailable,,,,,,,,,,,,,,,,,,,,,,,,,,,,,,,0.0,False,0.491019480448426,True,0.0,,,[],[],,,,,,,[],[],[],,"[-0.10854229331446374, 0.08531814813146218, 0.04265907402976525, 0.031242878954178356, -0.27001786981785725, -0.11704223454677787, -0.0640740262148235, -0.2700178710446166, -0.0349172222505056]",0.9866913484311549,False,,,,,,,{},{},,,,,,,,,[],[],,,[],{},,0.0,0.0,0.0,0.0,0.0,0.681532946166944,0.0,0.03996204664886404
Virtual_Endmember_PC2_High->MAB35,Virtual_Endmember_PC2_High,MAB35,evap,1.0214278354991595,,,"[0.0, 0.0, 0.0, 0.0, 0.15992755628012764, 0.41347016802294706, 0.07473769990378966, 0.12507396782009833]","['calcite', 'dolomite', 'gypsum', 'halite', 'NO3src', 'denit', 'CaNa_exch', 'MgNa_exch']",0.6068398893736223,0.1906705070936677,0.6830478665142968,0.7732093920269627,33,True,0.0,False,,phreeqc_unavailable,,,,,,,,,,,,,,,,,,,,,,,,,,,,,,,0.0,False,0.49237735942062916,True,0.0,,,[],[],,,,,,,[],[],[],,"[-0.027243806008422015, -0.02724266377306002, -0.013621331999096653, 0.04057735630323209, 2.6664199564985225e-07, -0.4128451814870049, 0.016958113838409415, 2.6589774937413324e-07, -0.12893927007031586]",0.9867264042615396,False,,,,,,,{},{},,,,,,,,,[],[],,,[],{},,0.0,0.0,0.0,0.0,0.15992755628012764,0.41347016802294706,0.07473769990378966,0.12507396782009833
Virtual_Endmember_PC1_Low->PAB3,Virtual_Endmember_PC1_Low,PAB3,evap,1.025048452417407,,,"[0.16320792790167335, 0.015182338939031101, 0.24094024437022818, 0.0, 0.6114421801456945, 0.2784838185583168, 0.34442773901928436, 0.13226914719800886]","['calcite', 'dolomite', 'gypsum', 'halite', 'NO3src', 'denit', 'CaNa_exch', 'MgNa_exch']",2.32180168887053,0.19579722478203052,0.684469701652971,1.7859533961322371,256,True,0.0,False,,phreeqc_unavailable,,,,,,,,,,,,,,,,,,,,,,,,,,,,,,,0.0,False,0.48867247687094056,True,0.0,,,[],[],,,,,,,[],[],[],,"[-3.697967023374993e-06, -4.129625864740527e-06, -2.0649319745214e-06, 0.27098164396935104, 9.579959385774828e-07, -0.34980875022363367, 3.5522822605937865e-06, 9.574946676083051e-07, -0.00010784818910187874]",0.993163105951681,False,,,,,,,{},{},,,,,,,,,[],[],,,[],{},,0.16320792790167335,0.015182338939031101,0.24094024437022818,0.0,0.6114421801456945,0.2784838185583168,0.34442773901928436,0.13226914719800886
Virtual_Endmember_PC1_High->SAB16,Virtual_Endmember_PC1_High,SAB16,evap,1.0188920756278836,,,"[0.0, 0.0, 0.17728529285240482, 0.007162466172219132, 0.0, 0.418226788027354, 0.0, 0.0]","['calcite', 'dolomite', 'gypsum', 'halite', 'NO3src', 'denit', 'CaNa_exch', 'MgNa_exch']",0.6161921576429008,0.20340211248566173,0.6974257899833367,0.602674547051978,3,True,0.0,False,,phreeqc_unavailable,,,,,,,,,,,,,,,,,,,,,,,,,,,,,,,0.0,False,0.494023677497675,True,0.0,,,[],[],,,,,,,[],[],[],,"[-0.051860651109106176, 0.00016356159680310151, 0.14534402184783377, 0.050139515331460514, -0.27681776763668114, -0.14534402183494133, 0.051860651428219745, -0.27681776838948946, 0.0017713525962308333]",0.9768212442460256,False,,,,,,,{},{},,,,,,,,,[],[],,,[],{},,0.0,0.0,0.17728529285240482,0.007162466172219132,0.0,0.418226788027354,0.0,0.0
Virtual_Endmember_PC1_Low->PAW18,Virtual_Endmember_PC1_Low,PAW18,evap,1.0,,,"[0.0, 0.0, 0.10944370822661403, 0.0, 0.1371369440139117, 0.0, 0.07322652063741877, 0.033476722256890294]","['calcite', 'dolomite', 'gypsum', 'halite', 'NO3src', 'denit', 'CaNa_exch', 'MgNa_exch']",0.32634040968103,0.2155247151192354,0.70459049444789,0.35328389513483477,31,True,0.0,False,,phreeqc_unavailable,,,,,,,,,,,,,,,,,,,,,,,,,,,,,,,0.0,False,0.4890657793286546,True,0.0,,,[],[],,,,,,,[],[],[],,"[0.0396323318224773, 0.03963494388795794, 0.019817471913849916, -0.09772972339593598, -0.40953497507386505, -0.17686804270401957, -0.039631515332656325, 2.468464876947962e-10, 0.04321314895005635]",0.9907417853109443,False,,,,,,,{},{},,,,,,,,,[],[],,,[],{},,0.0,0.0,0.10944370822661403,0.0,0.1371369440139117,0.0,0.07322652063741877,0.033476722256890294
Virtual_Endmember_PC1_High->PAB19,Virtual_Endmember_PC1_High,PAB19,evap,1.2753282425481665,,,"[0.0, 0.0, 0.023230669197541545, 0.21374237333456692, 0.0, 0.6087028845555253, 0.034494254072261456, 0.037342091493861244]","['calcite', 'dolomite', 'gypsum', 'halite', 'NO3src', 'denit', 'CaNa_exch', 'MgNa_exch']",1.0258747050830932,0.22897495844460453,0.7213860128663454,0.9175122726537565,29,True,0.0,False,,phreeqc_unavailable,,,,,,,,,,,,,,,,,,,,,,,,,,,,,,,0.0,False,0.4924110544217408,True,0.0,,,[],[],,,,,,,[],[],[],,"[0.0179497825492001, 0.017951952779245377, 0.008975976356014811, 0.013160443244077245, -0.3369808186149832, -0.008976863453911355, -0.01794879620983866, -0.3369808197106485, -0.02370310938233844]",0.9836446545947461,False,,,,,,,{},{},,,,,,,,,[],[],,,[],{},,0.0,0.0,0.023230669197541545,0.21374237333456692,0.0,0.6087028845555253,0.034494254072261456,0.037342091493861244
Virtual_Endmember_PC1_High->BKB22,Virtual_Endmember_PC1_High,BKB22,evap,1.1495277641153743,,,"[0.0, 0.0, 0.0, 0.19070315981750072, 0.0, 0.4723014428868105, 0.0, 0.0]","['calcite', 'dolomite', 'gypsum', 'halite', 'NO3src', 'denit', 'CaNa_exch', 'MgNa_exch']",0.7605670725280761,0.24169437535942054,0.7356206809152335,0.6630046027043112,3,True,0.0,False,,phreeqc_unavailable,,,,,,,,,,,,,,,,,,,,,,,,,,,,,,,0.0,False,0.4939263055558129,True,0.0,,,[],[],,,,,,,[],[],[],,"[-0.13077751667897614, -0.021206511056173553, 0.09287254177224527, 0.049155941168062156, -0.31278789892585407, -0.09287254142897955, -0.09086227788565227, -0.3127878997759967, -0.02337696210788243]",0.9793138023905339,False,,,,,,,{},{},,,,,,,,,[],[],,,[],{},,0.0,0.0,0.0,0.19070315981750072,0.0,0.4723014428868105,0.0,0.0
Virtual_Endmember_PC1_High->BOW9,Virtual_Endmember_PC1_High,BOW9,evap,1.0,,,"[0.0, 0.0, 0.010600182246758906, 0.10123627587252439, 0.0, 0.15130616748517395, 0.0, 0.0]","['calcite', 'dolomite', 'gypsum', 'halite', 'NO3src', 'denit', 'CaNa_exch', 'MgNa_exch']",0.32838095609274337,0.2618715485025187,0.7565569654397213,0.2631426256044572,2,True,0.0,False,,phreeqc_unavailable,,,,,,,,,,,,,,,,,,,,,,,,,,,,,,,0.0,False,0.4946854169372026,True,0.0,,,[],[],,,,,,,[],[],[],,"[0.009022584500714302, -0.02262201014020726, 0.05219069064089697, -0.06440639713655441, -0.3545566164700092, -0.052190690458671654, -0.00902258448163397, -0.35455661674236033, -0.013426465925396501]",0.963136424853832,False,,,,,,,{},{},,,,,,,,,[],[],,,[],{},,0.0,0.0,0.010600182246758906,0.10123627587252439,0.0,0.15130616748517395,0.0,0.0
Virtual_Endmember_PC2_High->TBB30,Virtual_Endmember_PC2_High,TBB30,evap,1.0,,,"[0.0, 0.0, 0.0, 0.0, 0.0, 0.016423286929392482, 0.038249327275686876, 0.12038817576925094]","['calcite', 'dolomite', 'gypsum', 'halite', 'NO3src', 'denit', 'CaNa_exch', 'MgNa_exch']",0.38578742164074487,0.26862840876321503,0.7628531277421171,0.1750607899743303,26,True,0.0,False,,phreeqc_unavailable,,,,,,,,,,,,,,,,,,,,,,,,,,,,,,,0.0,False,0.494224718978902,True,0.0,,,[],[],,,,,,,[],[],[],,"[-0.1134669934205086, -0.11346451898815518, -0.05673225960242695, -0.044154391766120515, -0.24750501844897838, -0.3140430695953649, 0.038269023114843086, -0.24750501847854028, -0.1229075159855709]",0.974442307242421,False,,,,,,,{},{},,,,,,,,,[],[],,,[],{},,0.0,0.0,0.0,0.0,0.0,0.016423286929392482,0.038249327275686876,0.12038817576925094
Virtual_Endmember_PC2_High->NTB26,Virtual_Endmember_PC2_High,NTB26,evap,1.0,,,"[0.0, 0.0, 0.0, 0.0, 0.0, 0.0, 0.028217536331756683, 0.11117928079521197]","['calcite', 'dolomite', 'gypsum', 'halite', 'NO3src', 'denit', 'CaNa_exch', 'MgNa_exch']",0.3750418302781418,0.2841590068506512,0.7774795323270197,0.13939681712696866,26,True,0.0,False,,phreeqc_unavailable,,,,,,,,,,,,,,,,,,,,,,,,,,,,,,,0.0,False,0.4933205254763685,True,0.0,,,[],[],,,,,,,[],[],[],,"[-0.1034352024765784, -0.10343291730905657, -0.051716458754589634, -0.02369403370985454, -0.39102928969723294, -0.13452261825544953, 0.02272665376235506, -0.2655412086337392, -0.13227593703820248]",0.9711749792008709,False,,,,,,,{},{},,,,,,,,,[],[],,,[],{},,0.0,0.0,0.0,0.0,0.0,0.0,0.028217536331756683,0.11117928079521197
Virtual_Endmember_PC1_Low->GOB36,Virtual_Endmember_PC1_Low,GOB36,evap,1.0,,,"[0.0, 0.0, 0.0, 0.01916040194812486, 0.000491782969550373, 0.0, 0.42604626665114076, 0.08407034283042669]","['calcite', 'dolomite', 'gypsum', 'halite', 'NO3src', 'denit', 'CaNa_exch', 'MgNa_exch']",1.4858683001146387,0.29477083507269075,0.7867878865531531,0.5297687943992427,21,True,0.0,False,,phreeqc_unavailable,,,,,,,,,,,,,,,,,,,,,,,,,,,,,,,0.0,False,0.4920170514804624,True,0.0,,,[],[],,,,,,,[],[],[],,"[-0.0640231470823951, -0.06402325916192564, -0.032011629656626184, 0.04549278299792589, -0.5294956437071008, 0.0320110475904508, 0.035781378819420964, 8.852093320507737e-13, 0.02842367526584583]",0.9845526766747196,False,,,,,,,{},{},,,,,,,,,[],[],,,[],{},,0.0,0.0,0.0,0.01916040194812486,0.000491782969550373,0.0,0.42604626665114076,0.08407034283042669
Virtual_Endmember_PC2_High->PAB19,Virtual_Endmember_PC2_High,PAB19,evap,1.0426352946591853,,,"[0.0, 0.0, 0.13233338177001933, 0.0, 0.4956150177332871, 0.33903210522567023, 0.06707268051391105, 0.1044371886943789]","['calcite', 'dolomite', 'gypsum', 'halite', 'NO3src', 'denit', 'CaNa_exch', 'MgNa_exch']",0.623722523812498,0.29841711881479155,0.7908281732365323,1.1384903739372665,73,True,0.0,False,,phreeqc_unavailable,,,,,,,,,,,,,,,,,,,,,,,,,,,,,,,0.0,False,0.4924110544217408,True,0.0,,,[],[],,,,,,,[],[],[],,"[-0.009065598058486057, -0.009062741766093146, -0.004531370977040039, -0.01019158360241267, 6.245577555130666e-09, -0.5309223746624375, 0.009066490867041727, 5.6353197108727215e-09, -0.12715199402767616]",0.9786845029421094,False,,,,,,,{},{},,,,,,,,,[],[],,,[],{},,0.0,0.0,0.13233338177001933,0.0,0.4956150177332871,0.33903210522567023,0.06707268051391105,0.1044371886943789
Virtual_Endmember_PC2_High->Virtual_Endmember_PC1_Low,Virtual_Endmember_PC2_High,Virtual_Endmember_PC1_Low,evap,1.4030466131993755,,,"[0.0, 0.0, 0.0, 0.0, 0.0, 0.21866314409510712, 0.0, 0.0]","['calcite', 'dolomite', 'gypsum', 'halite', 'NO3src', 'denit', 'CaNa_exch', 'MgNa_exch']",0.7448054132193093,0.6491782718760652,0.7991782718760653,0.21866314409510712,2,True,0.0,False,,phreeqc_unavailable,,,,,,,,,,,,,,,,,,,,,,,,,,,,,,,0.0,False,0.15,True,0.0,,,[],[],,,,,,,[],[],[],,"[-0.41784998685844454, -0.010447357625211488, 0.3411006249295121, -0.12589169559552638, -0.1753257374475875, -0.49544181217018646, 0.0003705407900127966, -0.17532573784118122, -0.18796596133833166]",0.9765995799757183,False,,,,,,,{},{},,,,,,,,,[],[],,,[],{},,0.0,0.0,0.0,0.0,0.0,0.21866314409510712,0.0,0.0
Virtual_Endmember_PC1_Low->NTB27,Virtual_Endmember_PC1_Low,NTB27,evap,1.0504890134362772,,,"[0.0, 0.0, 0.0, 0.0, 0.37934848207994387, 0.3792926462960711, 0.18185504308911132, 0.0013253746041039516]","['calcite', 'dolomite', 'gypsum', 'halite', 'NO3src', 'denit', 'CaNa_exch', 'MgNa_exch']",0.6753096281807974,0.36415229283267736,0.8570908743781219,0.9418215460692303,43,True,0.0,False,,phreeqc_unavailable,,,,,,,,,,,,,,,,,,,,,,,,,,,,,,,0.0,False,0.49293858154544457,True,0.0,,,[],[],,,,,,,[],[],[],,"[-0.03460598311518398, -0.03460903060246028, -0.017304515302422996, -0.04324485869382645, 4.9128605850157214e-08, -0.5996558445548983, -0.0004586115641562133, 4.844587900765582e-08, -0.00016576895434507042]",0.9888213565234559,False,,,,,,,{},{},,,,,,,,,[],[],,,[],{},,0.0,0.0,0.0,0.0,0.37934848207994387,0.3792926462960711,0.18185504308911132,0.0013253746041039516
Virtual_Endmember_PC1_High->BAB6,Virtual_Endmember_PC1_High,BAB6,evap,1.4879905871196133,,,"[0.0, 0.0, 0.0, 0.015462635213908097, 0.0, 0.7553782077265383, 0.0, 0.0]","['calcite', 'dolomite', 'gypsum', 'halite', 'NO3src', 'denit', 'CaNa_exch', 'MgNa_exch']",1.5104986697564797,0.3688280081096412,0.860907920187244,0.7708408429404464,3,True,0.0,False,,phreeqc_unavailable,,,,,,,,,,,,,,,,,,,,,,,,,,,,,,,0.0,False,0.4920799120776029,True,0.0,,,[],[],,,,,,,[],[],[],,"[-0.10141313075149211, -0.020237528955892703, 0.15849825316734037, -0.011518038258956087, -0.3853678334220161, -0.1584982531395076, -0.10354984295557937, -0.3853678347816969, -0.004297049573342168]",0.982127864938826,False,,,,,,,{},{},,,,,,,,,[],[],,,[],{},,0.0,0.0,0.0,0.015462635213908097,0.0,0.7553782077265383,0.0,0.0
Virtual_Endmember_PC1_High->MAB35,Virtual_Endmember_PC1_High,MAB35,evap,1.2181122741258537,,,"[0.0, 0.0, 0.0, 0.29304905232111583, 0.0, 0.8690523345801769, 0.0022374777222499555, 0.10499231427012883]","['calcite', 'dolomite', 'gypsum', 'halite', 'NO3src', 'denit', 'CaNa_exch', 'MgNa_exch']",2.0066316902534567,0.3930456246987745,0.8854229841194037,1.2693311788936716,23,True,0.0,False,,phreeqc_unavailable,,,,,,,,,,,,,,,,,,,,,,,,,,,,,,,0.0,False,0.49237735942062916,True,0.0,,,[],[],,,,,,,[],[],[],,"[-0.043968804910062484, -0.043968976383290184, -0.021984488286138165, 0.06858828685766137, -0.43012467192408677, 0.021983972309972843, -0.11305156157168478, -0.4301246734883811, -0.026702217819443277]",0.9726379878642729,False,,,,,,,{},{},,,,,,,,,[],[],,,[],{},,0.0,0.0,0.0,0.29304905232111583,0.0,0.8690523345801769,0.0022374777222499555,0.10499231427012883
Virtual_Endmember_PC2_Low->PAB3,Virtual_Endmember_PC2_Low,PAB3,evap,1.0,,,"[0.0, 0.0, 0.0, 0.22554920116431906, 0.2960414017213548, 0.0, 0.2550731789401954, 0.06648756736757516]","['calcite', 'dolomite', 'gypsum', 'halite', 'NO3src', 'denit', 'CaNa_exch', 'MgNa_exch']",0.7992924554114197,0.41693038752274264,0.9056028643936832,0.8431513491934444,23,True,0.0,False,,phreeqc_unavailable,,,,,,,,,,,,,,,,,,,,,,,,,,,,,,,0.0,False,0.48867247687094056,True,0.0,,,[],[],,,,,,,[],[],[],,"[-0.00047685255590684816, -0.00047683037894971636, -0.00023841524931367264, 0.20204618044314981, -0.010170589183326584, 0.00023749153456306682, -0.6131824468817314, 5.328745222854536e-10, -0.003317596003579642]",0.9854415255977663,False,,,,,,,{},{},,,,,,,,,[],[],,,[],{},,0.0,0.0,0.0,0.22554920116431906,0.2960414017213548,0.0,0.2550731789401954,0.06648756736757516
Virtual_Endmember_PC2_High->BKB22,Virtual_Endmember_PC2_High,BKB22,evap,1.0,,,"[0.0, 0.0, 0.0, 0.0, 0.20037904101027762, 0.008839605106849507, 0.008207073128823673, 0.09487023615831401]","['calcite', 'dolomite', 'gypsum', 'halite', 'NO3src', 'denit', 'CaNa_exch', 'MgNa_exch']",0.510920740954458,0.42258785203681876,0.9165141575926317,0.3122959554042648,25,True,0.0,False,,phreeqc_unavailable,,,,,,,,,,,,,,,,,,,,,,,,,,,,,,,0.0,False,0.4939263055558129,True,0.0,,,[],[],,,,,,,[],[],[],,"[-0.0834247392736454, -0.08342169249939022, -0.04171084633507832, 0.014669137645644204, 6.400342981299767e-10, -0.6246213488619375, 0.03182513387894886, 6.241230032788536e-10, -0.12469698966978143]",0.9638314470430116,False,,,,,,,{},{},,,,,,,,,[],[],,,[],{},,0.0,0.0,0.0,0.0,0.20037904101027762,0.008839605106849507,0.008207073128823673,0.09487023615831401
Virtual_Endmember_PC1_High->TBB30,Virtual_Endmember_PC1_High,TBB30,evap,1.046992384409566,,,"[0.0, 0.0, 0.0, 0.4086086130044691, 0.0, 0.6738165918508127, 0.0, 0.02883465719700455]","['calcite', 'dolomite', 'gypsum', 'halite', 'NO3src', 'denit', 'CaNa_exch', 'MgNa_exch']",1.624362564845156,0.4253536877692866,0.9195784067481887,1.1112598620522862,12,True,0.0,False,,phreeqc_unavailable,,,,,,,,,,,,,,,,,,,,,,,,,,,,,,,0.0,False,0.494224718978902,True,0.0,,,[],[],,,,,,,[],[],[],,"[-0.0550181986336619, -0.046510253713064595, -0.023255126882483546, 0.007163660230480236, -0.4545792018113386, 0.02325567648565169, -0.07346948024314683, -0.45457920302420873, -0.018661976748453386]",0.9595312390250839,False,,,,,,,{},{},,,,,,,,,[],[],,,[],{},,0.0,0.0,0.0,0.4086086130044691,0.0,0.6738165918508127,0.0,0.02883465719700455
Virtual_Endmember_PC2_High->NAB13,Virtual_Endmember_PC2_High,NAB13,evap,1.0,,,"[0.0, 0.0, 0.06905405561791542, 0.0, 0.16499104913379303, 0.0, 0.19289340498416427, 0.19588524079212055]","['calcite', 'dolomite', 'gypsum', 'halite', 'NO3src', 'denit', 'CaNa_exch', 'MgNa_exch']",1.180961706271334,0.4373893934587617,0.9307646305397336,0.6228237505279932,37,True,0.0,False,,phreeqc_unavailable,,,,,,,,,,,,,,,,,,,,,,,,,,,,,,,0.0,False,0.49337523708097186,True,0.0,,,[],[],,,,,,,[],[],[],,"[-0.09764416866306908, -0.09764113974940405, -0.04882057005099871, -0.033924212737987514, -0.47100306878605647, -0.4278089370142647, 0.09764511532120415, 2.9698388193111214e-10, -0.019696989669781437]",0.9420155043667646,False,,,,,,,{},{},,,,,,,,,[],[],,,[],{},,0.0,0.0,0.06905405561791542,0.0,0.16499104913379303,0.0,0.19289340498416427,0.19588524079212055
Virtual_Endmember_PC1_Low->GOB37,Virtual_Endmember_PC1_Low,GOB37,evap,1.0,,,"[0.0, 0.0, 0.06333612882133564, 0.0, 0.6236845030282653, 0.4701765925412224, 0.23201350425424186, 0.05441073944108692]","['calcite', 'dolomite', 'gypsum', 'halite', 'NO3src', 'denit', 'CaNa_exch', 'MgNa_exch']",1.1097887119072534,0.4427980745571449,0.9337075319683283,1.443621468086152,56,True,0.0,False,,phreeqc_unavailable,,,,,,,,,,,,,,,,,,,,,,,,,,,,,,,0.0,False,0.49090945741118347,True,0.0,,,[],[],,,,,,,[],[],[],,"[-0.0331269127084286, -0.03312959571499641, -0.01656479790646792, 0.0915285886245244, 2.361968676201087e-09, -0.6554858142131873, 0.03312607448278239, 1.5156507993108193e-09, 0.034528938423740566]",0.9845144314105122,False,,,,,,,{},{},,,,,,,,,[],[],,,[],{},,0.0,0.0,0.06333612882133564,0.0,0.6236845030282653,0.4701765925412224,0.23201350425424186,0.05441073944108692
Virtual_Endmember_PC1_High->TBB31,Virtual_Endmember_PC1_High,TBB31,evap,1.2390230709443415,,,"[0.0, 0.0, 0.0, 0.7834845579899785, 0.0, 0.4488068517071892, 0.14782756726471769, 0.00761005223305481]","['calcite', 'dolomite', 'gypsum', 'halite', 'NO3src', 'denit', 'CaNa_exch', 'MgNa_exch']",1.7308328894117977,0.4688607221299334,0.9617962424220866,1.3877290291949402,22,True,0.0,False,,phreeqc_unavailable,,,,,,,,,,,,,,,,,,,,,,,,,,,,,,,0.0,False,0.4929355202921532,True,0.0,,,[],[],,,,,,,[],[],[],,"[-0.005408252973688743, -0.005407709392577491, -0.0027038547031378313, 0.10863402699092131, -0.47085693847852655, 0.002702976216676589, -0.1115992565271979, -0.470856939286379, -0.03345673374602623]",0.9629373480678493,False,,,,,,,{},{},,,,,,,,,[],[],,,[],{},,0.0,0.0,0.0,0.7834845579899785,0.0,0.4488068517071892,0.14782756726471769,0.00761005223305481
Virtual_Endmember_PC1_High->BKB23,Virtual_Endmember_PC1_High,BKB23,evap,1.3780578581749974,,,"[0.0, 0.0, 0.0, 0.010018027757365607, 0.0, 0.8955595352118036, 0.0, 0.0]","['calcite', 'dolomite', 'gypsum', 'halite', 'NO3src', 'denit', 'CaNa_exch', 'MgNa_exch']",2.083302917245541,0.4790484303800246,0.9726115369330229,0.9055775629691692,3,True,0.0,False,,phreeqc_unavailable,,,,,,,,,,,,,,,,,,,,,,,,,,,,,,,0.0,False,0.49356310655299834,True,0.0,,,[],[],,,,,,,[],[],[],,"[-0.13994868431305024, -0.04862234863649071, 0.16378760293027161, 0.026987847903029792, -0.4442076051631917, -0.16378760291223915, -0.0568849447089925, -0.4442076067751989, 0.06957636337155566]",0.9743810787818267,False,,,,,,,{},{},,,,,,,,,[],[],,,[],{},,0.0,0.0,0.0,0.010018027757365607,0.0,0.8955595352118036,0.0,0.0
Virtual_Endmember_PC1_High->NTB26,Virtual_Endmember_PC1_High,NTB26,evap,1.0200154632678533,,,"[0.0, 0.0, 0.0, 0.5874343467422263, 0.0, 0.6193126451423182, 0.025158283941595267, 0.04551084256456158]","['calcite', 'dolomite', 'gypsum', 'halite', 'NO3src', 'denit', 'CaNa_exch', 'MgNa_exch']",1.7952240463681421,0.4813434989319829,0.9746640244083514,1.2774161183907013,22,True,0.0,False,,phreeqc_unavailable,,,,,,,,,,,,,,,,,,,,,,,,,,,,,,,0.0,False,0.4933205254763685,True,0.0,,,[],[],,,,,,,[],[],[],,"[-0.06024430741267153, -0.06024426180639221, -0.030122130944155834, 0.032052297229169496, -0.48118656666215487, 0.030121476281068205, -0.0861312064506009, -0.4811865677769177, -0.027260699595568295]",0.95117263210477,False,,,,,,,{},{},,,,,,,,,[],[],,,[],{},,0.0,0.0,0.0,0.5874343467422263,0.0,0.6193126451423182,0.025158283941595267,0.04551084256456158
Virtual_Endmember_PC1_High->PAB4,Virtual_Endmember_PC1_High,PAB4,evap,1.0216455482012068,,,"[0.0, 0.0, 0.0, 0.1861962757695537, 0.0, 0.7052638772196318, 0.0, 0.0]","['calcite', 'dolomite', 'gypsum', 'halite', 'NO3src', 'denit', 'CaNa_exch', 'MgNa_exch']",1.549513928163503,0.4853815470054252,0.9750159667576432,0.8914601529891855,3,True,0.0,False,,phreeqc_unavailable,,,,,,,,,,,,,,,,,,,,,,,,,,,,,,,0.0,False,0.48963441975221805,True,0.0,,,[],[],,,,,,,[],[],[],,"[-0.2758113865443, 0.16531127980563504, 0.13572702298742575, 0.0727054338522997, -0.4119539338365145, -0.13572702265227238, -0.018555946450734023, -0.41195393510598977, -0.009780892947795813]",0.9530498869172482,False,,,,,,,{},{},,,,,,,,,[],[],,,[],{},,0.0,0.0,0.0,0.1861962757695537,0.0,0.7052638772196318,0.0,0.0
Virtual_Endmember_PC1_High->NAB12,Virtual_Endmember_PC1_High,NAB12,evap,1.3438243024785002,,,"[0.0, 0.0, 0.0, 0.06960085346425944, 0.0, 0.8403350554594292, 0.0, 0.0]","['calcite', 'dolomite', 'gypsum', 'halite', 'NO3src', 'denit', 'CaNa_exch', 'MgNa_exch']",1.9551967888370367,0.5331822178034998,1.0268104898420782,0.9099359089236887,3,True,0.0,False,,phreeqc_unavailable,,,,,,,,,,,,,,,,,,,,,,,,,,,,,,,0.0,False,0.49362827203857834,True,0.0,,,[],[],,,,,,,[],[],[],,"[-0.19449518956573292, 0.007954536344066405, 0.20019380428600836, 0.007031860500843326, -0.448887946119119, -0.2001938041607268, -0.10279219861419851, -0.44888794763172213, 0.03897415853982482]",0.9700024546729779,False,,,,,,,{},{},,,,,,,,,[],[],,,[],{},,0.0,0.0,0.0,0.06960085346425944,0.0,0.8403350554594292,0.0,0.0
Virtual_Endmember_PC1_Low->BAB6,Virtual_Endmember_PC1_Low,BAB6,evap,1.0,,,"[0.0, 0.0, 0.0, 0.0, 0.48692726596493424, 0.0, 0.4051128914205805, 0.12918468042399378]","['calcite', 'dolomite', 'gypsum', 'halite', 'NO3src', 'denit', 'CaNa_exch', 'MgNa_exch']",2.128275263566362,0.5684785822430448,1.0605584943206476,1.0212248378095086,25,True,0.0,False,,phreeqc_unavailable,,,,,,,,,,,,,,,,,,,,,,,,,,,,,,,0.0,False,0.4920799120776029,True,0.0,,,[],[],,,,,,,[],[],[],,"[-0.10297001137279282, -0.10296729646754538, -0.051483648350038935, 0.04549278299792589, -0.24958741689621888, -0.6897876477815935, 0.05488402300014135, 8.764690639928574e-10, 0.037949991055319515]",0.9724534856956628,False,,,,,,,{},{},,,,,,,,,[],[],,,[],{},,0.0,0.0,0.0,0.0,0.48692726596493424,0.0,0.4051128914205805,0.12918468042399378
Virtual_Endmember_PC1_High->BUW21,Virtual_Endmember_PC1_High,BUW21,evap,1.3675745683045384,,,"[0.0, 0.0, 0.060663970774007196, 0.11192783165074036, 0.0, 0.7136266581902783, 0.0, 0.0]","['calcite', 'dolomite', 'gypsum', 'halite', 'NO3src', 'denit', 'CaNa_exch', 'MgNa_exch']",1.6272140821375045,0.5762721519899483,1.0689558830696775,0.8862184606150258,3,True,0.0,False,,phreeqc_unavailable,,,,,,,,,,,,,,,,,,,,,,,,,,,,,,,0.0,False,0.49268373107972924,True,0.0,,,[],[],,,,,,,[],[],[],,"[0.02669390951111706, -0.07782751252642484, 0.19672667360940435, 0.2128519091788595, -0.47156012955550486, -0.1967266734079342, -0.026693909401921907, -0.4715601308400329, -0.03665084603143248]",0.9660782112051159,False,,,,,,,{},{},,,,,,,,,[],[],,,[],{},,0.0,0.0,0.060663970774007196,0.11192783165074036,0.0,0.7136266581902783,0.0,0.0
Virtual_Endmember_PC1_High->PAB3,Virtual_Endmember_PC1_High,PAB3,evap,1.7777160372551788,,,"[0.0, 0.0, 0.07800245192289447, 0.16609993181148333, 0.0, 1.0873130433563183, 0.05914045856349796, 0.05357359296730378]","['calcite', 'dolomite', 'gypsum', 'halite', 'NO3src', 'denit', 'CaNa_exch', 'MgNa_exch']",3.0074857909184085,0.584115078193199,1.0727875550641395,1.4441294786214978,30,True,0.0,False,,phreeqc_unavailable,,,,,,,,,,,,,,,,,,,,,,,,,,,,,,,0.0,False,0.48867247687094056,True,0.0,,,[],[],,,,,,,[],[],[],,"[0.0264192514324198, 0.02642094162157689, 0.013210470762572216, 0.17110237103907888, -0.5243252996682337, -0.0132111616581925, -0.02641848314492093, -0.5243253016253973, -0.050616049204092094]",0.9796037308185637,False,,,,,,,{},{},,,,,,,,,[],[],,,[],{},,0.0,0.0,0.07800245192289447,0.16609993181148333,0.0,1.0873130433563183,0.05914045856349796,0.05357359296730378
Virtual_Endmember_PC2_High->PAW18,Virtual_Endmember_PC2_High,PAW18,evap,1.3091178493452091,,,"[0.0, 0.0, 0.0, 0.0, 0.0, 0.09698415675014187, 0.0, 0.0]","['calcite', 'dolomite', 'gypsum', 'halite', 'NO3src', 'denit', 'CaNa_exch', 'MgNa_exch']",0.6152081508479652,0.5963962974930317,1.0854620768216863,0.09698415675014187,2,True,0.0,False,,phreeqc_unavailable,,,,,,,,,,,,,,,,,,,,,,,,,,,,,,,0.0,False,0.4890657793286546,True,0.0,,,[],[],,,,,,,[],[],[],,"[-0.12098860124101615, 0.06808013016676967, 0.37670934510726517, -0.2026581603270495, -0.13349113715263922, -0.5797513995606065, 0.07018848091924948, -0.13349113732721068, -0.13215527046436773]",0.9743808270021667,False,,,,,,,{},{},,,,,,,,,[],[],,,[],{},,0.0,0.0,0.0,0.0,0.0,0.09698415675014187,0.0,0.0
Virtual_Endmember_PC1_High->MAB33,Virtual_Endmember_PC1_High,MAB33,evap,1.4159044904634497,,,"[0.0, 0.0, 0.0, 0.08606670164717209, 0.0, 0.7879021781241393, 0.0, 0.0]","['calcite', 'dolomite', 'gypsum', 'halite', 'NO3src', 'denit', 'CaNa_exch', 'MgNa_exch']",1.8720296228419746,0.6156349817300913,1.1094610135660776,0.8739688797713114,3,True,0.0,False,,phreeqc_unavailable,,,,,,,,,,,,,,,,,,,,,,,,,,,,,,,0.0,False,0.49382603183598617,True,0.0,,,[],[],,,,,,,[],[],[],,"[-0.16791205715773577, -0.02979408196585144, 0.25543320169297956, -0.19917355021452793, -0.44715169221706796, -0.2554332015380595, -0.12797811734987563, -0.44715169363529195, -0.011082413856034456]",0.9689525658454182,False,,,,,,,{},{},,,,,,,,,[],[],,,[],{},,0.0,0.0,0.0,0.08606670164717209,0.0,0.7879021781241393,0.0,0.0
Virtual_Endmember_PC2_High->PUB2,Virtual_Endmember_PC2_High,PUB2,evap,1.118249957204015,,,"[0.001179100046081667, 0.0, 0.0445691211329184, 0.0, 0.0, 0.31239486726005733, 0.06219684746841677, 0.0]","['calcite', 'dolomite', 'gypsum', 'halite', 'NO3src', 'denit', 'CaNa_exch', 'MgNa_exch']",0.8448145398321498,0.619042166142751,1.1134369377978561,0.42033993590747415,19,True,0.0,False,,phreeqc_unavailable,,,,,,,,,,,,,,,,,,,,,,,,,,,,,,,0.0,False,0.4943947716551051,True,0.0,,,[],[],,,,,,,[],[],[],,"[0.002413868040987921, -0.011412390035863054, 0.001206933964516807, -0.12169661090815595, -0.0012075888113132205, -0.7628387050296082, -0.0024139334399966364, -0.001207589373623974, -0.14887223190588778]",0.965676108377635,False,,,,,,,{},{},,,,,,,,,[],[],,,[],{},,0.001179100046081667,0.0,0.0445691211329184,0.0,0.0,0.31239486726005733,0.06219684746841677,0.0
Virtual_Endmember_PC2_High->BUB20,Virtual_Endmember_PC2_High,BUB20,evap,1.0,,,"[0.0, 0.0, 0.0, 0.0, 0.27228137152131565, 0.0, 0.26220282168414444, 0.12088169353216971]","['calcite', 'dolomite', 'gypsum', 'halite', 'NO3src', 'denit', 'CaNa_exch', 'MgNa_exch']",1.3759853111891893,0.6314721349462221,1.1270103329410885,0.6553658867376297,25,True,0.0,False,,phreeqc_unavailable,,,,,,,,,,,,,,,,,,,,,,,,,,,,,,,0.0,False,0.4955381979948664,True,0.0,,,[],[],,,,,,,[],[],[],,"[-0.1378196894257726, -0.1378165311978037, -0.06890826570769537, -0.016021399438754802, -0.5509768478748795, -0.5258625336292153, 0.05584137372904255, 4.901064554196921e-10, -0.07248646335399195]",0.9159644442795011,False,,,,,,,{},{},,,,,,,,,[],[],,,[],{},,0.0,0.0,0.0,0.0,0.27228137152131565,0.0,0.26220282168414444,0.12088169353216971
Virtual_Endmember_PC2_High->Virtual_Endmember_PC1_High,Virtual_Endmember_PC2_High,Virtual_Endmember_PC1_High,evap,1.0,,,"[0.0, 0.0, 0.0, 0.0, 0.8130635096141517, 0.0, 0.1334687394088743, 0.20929359120983912]","['calcite', 'dolomite', 'gypsum', 'halite', 'NO3src', 'denit', 'CaNa_exch', 'MgNa_exch']",2.2163678063255503,1.0237344723059636,1.1737344723059635,1.1558258402328652,27,True,0.0,False,,phreeqc_unavailable,,,,,,,,,,,,,,,,,,,,,,,,,,,,,,,0.0,False,0.15,True,0.0,,,[],[],,,,,,,[],[],[],,"[-0.18838901262053057, -0.1883863446916624, -0.09419317253419535, -0.0590318820975968, -0.5876477361565144, -0.7566570612151414, 0.10672057379860428, 1.4635143097407877e-09, -0.10558631321806913]",0.8663201529153505,False,,,,,,,{},{},,,,,,,,,[],[],,,[],{},,0.0,0.0,0.0,0.0,0.8130635096141517,0.0,0.1334687394088743,0.20929359120983912
Virtual_Endmember_PC2_High->PAB5,Virtual_Endmember_PC2_High,PAB5,evap,1.0,,,"[0.0, 0.0, 0.030665407655252764, 0.0, 0.5990442924818502, 0.4886822773546666, 0.010229472337468425, 0.20032975943459053]","['calcite', 'dolomite', 'gypsum', 'halite', 'NO3src', 'denit', 'CaNa_exch', 'MgNa_exch']",1.168526328903528,0.6974506555864625,1.1884701360348884,1.3289512092638285,53,True,0.0,False,,phreeqc_unavailable,,,,,,,,,,,,,,,,,,,,,,,,,,,,,,,0.0,False,0.491019480448426,True,0.0,,,[],[],,,,,,,[],[],[],,"[-0.03627222677626547, -0.03626912198710236, -0.018134561173847874, 0.009554048131577675, 2.9251570055066622e-09, -0.8216594306672972, 0.0362731969711456, 2.045528801897234e-09, -0.13401277914346563]",0.9502830360613349,False,,,,,,,{},{},,,,,,,,,[],[],,,[],{},,0.0,0.0,0.030665407655252764,0.0,0.5990442924818502,0.4886822773546666,0.010229472337468425,0.20032975943459053
Virtual_Endmember_PC1_High->BOB8,Virtual_Endmember_PC1_High,BOB8,evap,1.4202360377153722,,,"[0.0, 0.0, 0.0, 0.017397393706153605, 0.0, 0.9887142703158168, 0.0, 0.0]","['calcite', 'dolomite', 'gypsum', 'halite', 'NO3src', 'denit', 'CaNa_exch', 'MgNa_exch']",2.667213051581704,0.711495892793603,1.2028064699693195,1.0061116640219705,3,True,0.0,False,,phreeqc_unavailable,,,,,,,,,,,,,,,,,,,,,,,,,,,,,,,0.0,False,0.4913105771757164,True,0.0,,,[],[],,,,,,,[],[],[],,"[-0.25095278467889176, 0.021284774472734795, 0.2603640618481015, -0.05410452532875171, -0.5006745620581435, -0.26036406181678623, -0.08846563197791588, -0.5006745638378293, -0.019574421441369363]",0.9659891435120884,False,,,,,,,{},{},,,,,,,,,[],[],,,[],{},,0.0,0.0,0.0,0.017397393706153605,0.0,0.9887142703158168,0.0,0.0
Virtual_Endmember_PC1_High->PUB2,Virtual_Endmember_PC1_High,PUB2,evap,1.336503047818753,,,"[0.0, 0.0, 0.0, 0.20985542276224442, 0.0, 0.8972109046532487, 0.0, 0.0]","['calcite', 'dolomite', 'gypsum', 'halite', 'NO3src', 'denit', 'CaNa_exch', 'MgNa_exch']",2.419966084273974,0.7219126694346353,1.2163074410897403,1.107066327415493,3,True,0.0,False,,phreeqc_unavailable,,,,,,,,,,,,,,,,,,,,,,,,,,,,,,,0.0,False,0.4943947716551051,True,0.0,,,[],[],,,,,,,[],[],[],,"[0.010514993011488671, -0.05193920430040014, 0.17648869825637928, -0.09151059636597206, -0.5643422404094395, -0.1764886978786395, -0.10049053874292374, -0.5643422420244192, -0.037027479721462954]",0.9599722707406451,False,,,,,,,{},{},,,,,,,,,[],[],,,[],{},,0.0,0.0,0.0,0.20985542276224442,0.0,0.8972109046532487,0.0,0.0
Virtual_Endmember_PC2_High->PAB4,Virtual_Endmember_PC2_High,PAB4,evap,1.0,,,"[0.0, 0.0, 0.0, 0.0, 0.0, 0.024697480470332808, 0.0, 0.2063254885623487]","['calcite', 'dolomite', 'gypsum', 'halite', 'NO3src', 'denit', 'CaNa_exch', 'MgNa_exch']",0.9577833563558015,0.7437123889647285,1.2333468087169466,0.2310229690326815,4,True,0.0,False,,phreeqc_unavailable,,,,,,,,,,,,,,,,,,,,,,,,,,,,,,,0.0,False,0.48963441975221805,True,0.0,,,[],[],,,,,,,[],[],[],,"[-0.31473862422865406, -0.018406356668130786, -0.009203178519758326, 0.01722668240267744, -0.2557792119899187, -0.7012362994966342, 0.09047597710193449, -0.25577921203437415, -0.1147496212487288]",0.9280619937482972,False,,,,,,,{},{},,,,,,,,,[],[],,,[],{},,0.0,0.0,0.0,0.0,0.0,0.024697480470332808,0.0,0.2063254885623487
Virtual_Endmember_PC2_Low->GOB37,Virtual_Endmember_PC2_Low,GOB37,evap,1.0,,,"[0.0, 0.0, 0.0, 0.0, 0.11658978914114192, 0.0, 0.0, 0.046867263277948636]","['calcite', 'dolomite', 'gypsum', 'halite', 'NO3src', 'denit', 'CaNa_exch', 'MgNa_exch']",0.8040018915277688,0.7794260107031271,1.2703354681143106,0.16345705241909056,3,True,0.0,False,,phreeqc_unavailable,,,,,,,,,,,,,,,,,,,,,,,,,,,,,,,0.0,False,0.49090945741118347,True,0.0,,,[],[],,,,,,,[],[],[],,"[-0.26436574946401503, -0.1087874189260982, -0.054393709505229634, 0.017902957936755948, -0.3300657055386207, -0.10211175582015869, -0.7576754720743194, 2.0986161419767058e-10, 0.03131398294378878]",0.9727418531319372,False,,,,,,,{},{},,,,,,,,,[],[],,,[],{},,0.0,0.0,0.0,0.0,0.11658978914114192,0.0,0.0,0.046867263277948636
Virtual_Endmember_PC1_High->GOB36,Virtual_Endmember_PC1_High,GOB36,evap,1.4122744480177545,,,"[0.0, 0.0, 0.0, 0.5911779411516851, 0.0, 0.9278645600506261, 0.06254429062240914, 0.027674041993491702]","['calcite', 'dolomite', 'gypsum', 'halite', 'NO3src', 'denit', 'CaNa_exch', 'MgNa_exch']",3.0239228463332077,0.7791809909009059,1.2711980423813682,1.6092608338182122,22,True,0.0,False,,phreeqc_unavailable,,,,,,,,,,,,,,,,,,,,,,,,,,,,,,,0.0,False,0.4920170514804624,True,0.0,,,[],[],,,,,,,[],[],[],,"[-0.048133535085952875, -0.048133152049009864, -0.024066576049411537, 0.0009108146344124213, -0.6164926767014522, 0.024065917959281147, -0.11456738446922954, -0.6164926783716085, -0.011663052994728822]",0.9591673962846746,False,,,,,,,{},{},,,,,,,,,[],[],,,[],{},,0.0,0.0,0.0,0.5911779411516851,0.0,0.9278645600506261,0.06254429062240914,0.027674041993491702
Virtual_Endmember_PC2_High->BUW21,Virtual_Endmember_PC2_High,BUW21,evap,1.1213032699024088,,,"[0.0, 0.0, 0.15745989096601404, 0.0, 0.29872274775935986, 0.3028280564814521, 0.0727493661286388, 0.0]","['calcite', 'dolomite', 'gypsum', 'halite', 'NO3src', 'denit', 'CaNa_exch', 'MgNa_exch']",1.0189186824211682,0.8282370327871093,1.3209207638668385,0.8317600613354648,45,True,0.0,False,,phreeqc_unavailable,,,,,,,,,,,,,,,,,,,,,,,,,,,,,,,0.0,False,0.49268373107972924,True,0.0,,,[],[],,,,,,,[],[],[],,"[-0.022473581408381127, -0.035035581536018504, -0.011236790769664995, 0.18708485865596253, 2.7410979153152937e-07, -0.8769053014671714, 0.022473581691808936, 2.735647010865261e-07, -0.1480185783327934]",0.9512465046223579,False,,,,,,,{},{},,,,,,,,,[],[],,,[],{},,0.0,0.0,0.15745989096601404,0.0,0.29872274775935986,0.3028280564814521,0.0727493661286388,0.0
Virtual_Endmember_PC2_High->PAB3,Virtual_Endmember_PC2_High,PAB3,evap,1.4598627350619382,,,"[0.0, 0.0, 0.20565462451215222, 0.0, 0.5569999470820557, 0.6339841480254811, 0.14824753584732728, 0.1711530988747905]","['calcite', 'dolomite', 'gypsum', 'halite', 'NO3src', 'denit', 'CaNa_exch', 'MgNa_exch']",1.8466575648430337,0.8338945070760819,1.3225669839470224,1.7160393543418069,59,True,0.0,False,,phreeqc_unavailable,,,,,,,,,,,,,,,,,,,,,,,,,,,,,,,0.0,False,0.48867247687094056,True,0.0,,,[],[],,,,,,,[],[],[],,"[-0.03566688291775988, -0.03566437065605477, -0.01783218548206511, 0.13709975001112146, 2.94296365055402e-09, -0.8790164203311122, 0.03566766835683696, 1.8017921321611396e-09, -0.19568866889732195]",0.970881873332468,False,,,,,,,{},{},,,,,,,,,[],[],,,[],{},,0.0,0.0,0.20565462451215222,0.0,0.5569999470820557,0.6339841480254811,0.14824753584732728,0.1711530988747905
Virtual_Endmember_PC1_Low->BOB8,Virtual_Endmember_PC1_Low,BOB8,evap,1.0,,,"[0.0, 0.0, 0.0, 0.0, 0.06416920220976974, 0.0, 0.2800683740326451, 0.23993988711369707]","['calcite', 'dolomite', 'gypsum', 'halite', 'NO3src', 'denit', 'CaNa_exch', 'MgNa_exch']",2.0540880914797084,0.8323282098766135,1.3236387870523298,0.5841774633561119,27,True,0.0,False,,phreeqc_unavailable,,,,,,,,,,,,,,,,,,,,,,,,,,,,,,,0.0,False,0.4913105771757164,True,0.0,,,[],[],,,,,,,[],[],[],,"[-0.17752629238805112, -0.17752340813462425, -0.08876170428325825, -0.0082156568997723, -0.3295611959850415, -0.8052178311384341, 0.06273328387875887, 1.1550456424647138e-10, 0.020739464739530037]",0.9602131290093536,False,,,,,,,{},{},,,,,,,,,[],[],,,[],{},,0.0,0.0,0.0,0.0,0.06416920220976974,0.0,0.2800683740326451,0.23993988711369707
Virtual_Endmember_PC2_High->NAB12,Virtual_Endmember_PC2_High,NAB12,evap,1.1079745507016634,,,"[0.0, 0.0, 0.0, 0.0, 0.2992069216160997, 0.4295855892111352, 0.0, 0.09093249208624186]","['calcite', 'dolomite', 'gypsum', 'halite', 'NO3src', 'denit', 'CaNa_exch', 'MgNa_exch']",1.0959321239349142,0.8530459100601516,1.34667418209873,0.8197250029134767,30,True,0.0,False,,phreeqc_unavailable,,,,,,,,,,,,,,,,,,,,,,,,,,,,,,,0.0,False,0.49362827203857834,True,0.0,,,[],[],,,,,,,[],[],[],,"[-0.08108544398856045, -0.04128347149073366, -0.020641735827206104, -0.0196590742177451, 4.138215704552195e-07, -0.9149981127638108, 0.040635933009765854, 4.130483162445575e-07, -0.07128358818615224]",0.9520064951556749,False,,,,,,,{},{},,,,,,,,,[],[],,,[],{},,0.0,0.0,0.0,0.0,0.2992069216160997,0.4295855892111352,0.0,0.09093249208624186
Virtual_Endmember_PC1_Low->MAB33,Virtual_Endmember_PC1_Low,MAB33,evap,1.0,,,"[0.0, 0.0, 0.0, 0.0, 0.31376597595404393, 0.0, 0.3347111906849352, 0.16332327021063817]","['calcite', 'dolomite', 'gypsum', 'halite', 'NO3src', 'denit', 'CaNa_exch', 'MgNa_exch']",2.082928574062809,0.8536220110801184,1.3474480429161044,0.8118004368496173,26,True,0.0,False,,phreeqc_unavailable,,,,,,,,,,,,,,,,,,,,,,,,,,,,,,,0.0,False,0.49382603183598617,True,0.0,,,[],[],,,,,,,[],[],[],,"[-0.15232878967906366, -0.15232596029779322, -0.07616298029588764, -0.15399570805066742, -0.48950875416268946, -0.7326085222526795, 0.022758268263518407, 5.647787237883506e-10, 0.029107885792161618]",0.956950508063346,False,,,,,,,{},{},,,,,,,,,[],[],,,[],{},,0.0,0.0,0.0,0.0,0.31376597595404393,0.0,0.3347111906849352,0.16332327021063817
Virtual_Endmember_PC2_High->MAB34,Virtual_Endmember_PC2_High,MAB34,evap,1.0,,,"[0.0, 0.0, 0.0, 0.0, 0.0, 0.0, 0.12814554136148934, 0.20286097456572685]","['calcite', 'dolomite', 'gypsum', 'halite', 'NO3src', 'denit', 'CaNa_exch', 'MgNa_exch']",1.3517881891924997,0.8559537576950339,1.35047470410416,0.3310065159272162,27,True,0.0,False,,phreeqc_unavailable,,,,,,,,,,,,,,,,,,,,,,,,,,,,,,,0.0,False,0.4945209464091262,True,0.0,,,[],[],,,,,,,[],[],[],,"[-0.1634430478256724, -0.16344040293477508, -0.08172020164996252, -0.15157127156151695, -0.2310817315195859, -0.834014860850654, 0.04964732834074357, -0.07720249895631984, -0.12438120019609722]",0.9131199179045606,False,,,,,,,{},{},,,,,,,,,[],[],,,[],{},,0.0,0.0,0.0,0.0,0.0,0.0,0.12814554136148934,0.20286097456572685
Virtual_Endmember_PC1_High->NTB29,Virtual_Endmember_PC1_High,NTB29,evap,1.2758203736235498,,,"[0.0, 0.0, 0.0, 0.719167548385988, 0.0, 0.7445130503917674, 0.0, 0.0]","['calcite', 'dolomite', 'gypsum', 'halite', 'NO3src', 'denit', 'CaNa_exch', 'MgNa_exch']",3.0025346419760255,0.8595313484082859,1.3526243967816138,1.4636805987777555,3,True,0.0,False,,phreeqc_unavailable,,,,,,,,,,,,,,,,,,,,,,,,,,,,,,,0.0,False,0.49309304837332796,True,0.0,,,[],[],,,,,,,[],[],[],,"[-0.1841699482029963, -0.026192584330389027, -0.005880305608892966, -0.08154949639845044, -0.6341767262756882, 0.005880306903394583, -0.11355060684606397, -0.6341767276158119, -0.030875045469696848]",0.9462463064889566,False,,,,,,,{},{},,,,,,,,,[],[],,,[],{},,0.0,0.0,0.0,0.719167548385988,0.0,0.7445130503917674,0.0,0.0
Virtual_Endmember_PC1_High->PUB1,Virtual_Endmember_PC1_High,PUB1,evap,1.1727339105906673,,,"[0.0, 0.0, 0.0, 0.9163317217482422, 0.0, 0.5698697405856143, 0.0, 0.01111967620787924]","['calcite', 'dolomite', 'gypsum', 'halite', 'NO3src', 'denit', 'CaNa_exch', 'MgNa_exch']",3.1555956397961213,0.8669029310469797,1.3591922844874529,1.4973211385417358,12,True,0.0,False,,phreeqc_unavailable,,,,,,,,,,,,,,,,,,,,,,,,,,,,,,,0.0,False,0.4922893534404732,True,0.0,,,[],[],,,,,,,[],[],[],,"[-0.18784377594467622, -0.027979102613644394, -0.013989551316829885, 0.004425921197928985, -0.6381204443710264, 0.013990112647238484, -0.12519536163998335, -0.6381204453967921, -0.018828547276393187]",0.9349968567594523,False,,,,,,,{},{},,,,,,,,,[],[],,,[],{},,0.0,0.0,0.0,0.9163317217482422,0.0,0.5698697405856143,0.0,0.01111967620787924
Virtual_Endmember_PC1_Low->PUB2,Virtual_Endmember_PC1_Low,PUB2,evap,1.0,,,"[0.0, 0.0, 0.0, 0.0, 0.00041113780840521165, 0.0, 0.4331913916952145, 0.11366017130240245]","['calcite', 'dolomite', 'gypsum', 'halite', 'NO3src', 'denit', 'CaNa_exch', 'MgNa_exch']",2.2730826318985318,0.8763244842141581,1.3707192558692631,0.5472627008060221,25,True,0.0,False,,phreeqc_unavailable,,,,,,,,,,,,,,,,,,,,,,,,,,,,,,,0.0,False,0.4943947716551051,True,0.0,,,[],[],,,,,,,[],[],[],,"[-0.1310485116474268, -0.1310462427141153, -0.06552312145935169, -0.059366552040437254, -0.7294300914291592, -0.5480387056095202, 0.04176722100139057, 7.400480510517948e-13, 0.0008973594763721438]",0.9514106336089947,False,,,,,,,{},{},,,,,,,,,[],[],,,[],{},,0.0,0.0,0.0,0.0,0.00041113780840521165,0.0,0.4331913916952145,0.11366017130240245
Virtual_Endmember_PC1_Low->BKB23,Virtual_Endmember_PC1_Low,BKB23,evap,1.0,,,"[0.0, 0.0, 0.0, 0.0, 0.16765307299124071, 0.0, 0.3956305094558213, 0.2024414757326347]","['calcite', 'dolomite', 'gypsum', 'halite', 'NO3src', 'denit', 'CaNa_exch', 'MgNa_exch']",2.5491323362150027,0.8927600864169097,1.386323192969908,0.7657250581796967,27,True,0.0,False,,phreeqc_unavailable,,,,,,,,,,,,,,,,,,,,,,,,,,,,,,,0.0,False,0.49356310655299834,True,0.0,,,[],[],,,,,,,[],[],[],,"[-0.21324810844994974, -0.2132458935038704, -0.10662294693413266, 0.06595314105419192, -0.48950875416268946, -0.7256691710538079, 0.0898101108618944, 3.0177552123866747e-10, 0.10868683316058267]",0.9522562879446227,False,,,,,,,{},{},,,,,,,,,[],[],,,[],{},,0.0,0.0,0.0,0.0,0.16765307299124071,0.0,0.3956305094558213,0.2024414757326347
Virtual_Endmember_PC1_High->GOB37,Virtual_Endmember_PC1_High,GOB37,evap,1.6866368411484949,,,"[0.0, 0.0, 0.0, 0.11030909946709086, 0.0, 1.1003595369939958, 0.0, 0.0]","['calcite', 'dolomite', 'gypsum', 'halite', 'NO3src', 'denit', 'CaNa_exch', 'MgNa_exch']",3.3763922928139287,0.9304738722535126,1.421383329664696,1.2106686364610866,3,True,0.0,False,,phreeqc_unavailable,,,,,,,,,,,,,,,,,,,,,,,,,,,,,,,0.0,False,0.49090945741118347,True,0.0,,,[],[],,,,,,,[],[],[],,"[-0.2881051147591428, -0.040780623907675055, 0.2644840355373338, 0.0019098571066308162, -0.5911008068525436, -0.2644840353387774, -0.08318345946670189, -0.5911008088331908, -0.01338582330828382]",0.9674593956084411,False,,,,,,,{},{},,,,,,,,,[],[],,,[],{},,0.0,0.0,0.0,0.11030909946709086,0.0,1.1003595369939958,0.0,0.0
Virtual_Endmember_PC2_Low->NTB27,Virtual_Endmember_PC2_Low,NTB27,evap,1.0,,,"[0.0, 0.0, 0.0, 0.1231024358515631, 0.0, 0.0, 0.0, 0.0]","['calcite', 'dolomite', 'gypsum', 'halite', 'NO3src', 'denit', 'CaNa_exch', 'MgNa_exch']",0.9647302154306376,0.9344217959509061,1.4273603774963508,0.1231024358515631,2,True,0.0,False,,phreeqc_unavailable,,,,,,,,,,,,,,,,,,,,,,,,,,,,,,,0.0,False,0.49293858154544457,True,0.0,,,[],[],,,,,,,[],[],[],,"[-0.34420606882529237, -0.11292797136184762, 0.12459359950966721, -0.10741673515787323, -0.17011814736097364, -0.12459359928808282, -0.8545732443000117, -0.03686182355222229, -0.0033702275825270105]",0.9713153855701608,False,,,,,,,{},{},,,,,,,,,[],[],,,[],{},,0.0,0.0,0.0,0.1231024358515631,0.0,0.0,0.0,0.0
Virtual_Endmember_PC2_High->BKB23,Virtual_Endmember_PC2_High,BKB23,evap,1.1338070732008285,,,"[0.0, 0.0, 0.007112485808954803, 0.0, 0.3481319084624478, 0.49886117066380326, 0.054220814814715294, 0.07735328260890198]","['calcite', 'dolomite', 'gypsum', 'halite', 'NO3src', 'denit', 'CaNa_exch', 'MgNa_exch']",1.2884744026827832,0.9378500021259362,1.4314131086789346,0.9856796623588231,32,True,0.0,False,,phreeqc_unavailable,,,,,,,,,,,,,,,,,,,,,,,,,,,,,,,0.0,False,0.49356310655299834,True,0.0,,,[],[],,,,,,,[],[],[],,"[-0.08308377892014032, -0.08308102394851682, -0.041540512043876376, 0.00015100576034432836, 6.41640560128387e-08, -0.9557993267190608, 0.08308463984856344, 6.326610590967618e-08, -0.04316924816302506]",0.949844934676296,False,,,,,,,{},{},,,,,,,,,[],[],,,[],{},,0.0,0.0,0.007112485808954803,0.0,0.3481319084624478,0.49886117066380326,0.054220814814715294,0.07735328260890198
Virtual_Endmember_PC2_High->BAB6,Virtual_Endmember_PC2_High,BAB6,evap,1.2085152436006767,,,"[0.0, 0.0, 0.011658320102825442, 0.0, 0.6241221736216168, 0.47655638922214094, 0.07065701657048322, 0.07059076346117676]","['calcite', 'dolomite', 'gypsum', 'halite', 'NO3src', 'denit', 'CaNa_exch', 'MgNa_exch']",1.3505989874161677,1.0100191927117412,1.5020991047893442,1.2535846629782432,46,True,0.0,False,,phreeqc_unavailable,,,,,,,,,,,,,,,,,,,,,,,,,,,,,,,0.0,False,0.4920799120776029,True,0.0,,,[],[],,,,,,,[],[],[],,"[-0.043607227799874484, -0.043604287990304795, -0.02180214405868408, -0.03698291038584415, 6.154339149411214e-09, -0.9935360708207378, 0.043608146511387565, 5.296537486376707e-09, -0.12392580382623228]",0.9510579483400943,False,,,,,,,{},{},,,,,,,,,[],[],,,[],{},,0.0,0.0,0.011658320102825442,0.0,0.6241221736216168,0.47655638922214094,0.07065701657048322,0.07059076346117676
Virtual_Endmember_PC1_High->Virtual_Endmember_PC2_Low,Virtual_Endmember_PC1_High,Virtual_Endmember_PC2_Low,evap,1.7919565929279178,,,"[0.0, 0.0, 0.28084491915378884, 0.13594620285387563, 0.0, 1.2273997531545817, 0.0, 0.0]","['calcite', 'dolomite', 'gypsum', 'halite', 'NO3src', 'denit', 'CaNa_exch', 'MgNa_exch']",4.562149953506084,1.3544191622745405,1.5044191622745404,1.6441908751622463,3,True,0.0,False,,phreeqc_unavailable,,,,,,,,,,,,,,,,,,,,,,,,,,,,,,,0.0,False,0.15,True,0.0,,,[],[],,,,,,,[],[],[],,"[-0.3824008643884831, 0.012864973162194177, 0.21210171160338695, -0.033281405769598676, -0.6958574354355547, -0.21210171135868378, 0.38240086489400393, -0.6958574376448745, -0.047704760876962564]",0.9561120100830373,False,,,,,,,{},{},,,,,,,,,[],[],,,[],{},,0.0,0.0,0.28084491915378884,0.13594620285387563,0.0,1.2273997531545817,0.0,0.0
Virtual_Endmember_PC1_Low->BOB10,Virtual_Endmember_PC1_Low,BOB10,evap,1.763028306017672,,,"[0.0, 0.0, 0.0, 0.017610535673108055, 0.000179061531061011, 0.0, 0.0, 0.0]","['calcite', 'dolomite', 'gypsum', 'halite', 'NO3src', 'denit', 'CaNa_exch', 'MgNa_exch']",1.036497550840285,1.0358772568427488,1.526294735173129,0.017789597204169068,2,True,0.0,False,,phreeqc_unavailable,,,,,,,,,,,,,,,,,,,,,,,,,,,,,,,0.0,False,0.49041747833038035,True,0.0,,,[],[],,,,,,,[],[],[],,"[-0.2288188454408665, -0.00902755827375333, 0.6526296621333308, -0.020653186104774318, -0.36154901658259986, -0.652629662101632, 0.020983838389796138, 3.2231075447475277e-13, 0.00147556518770828]",0.9884337709343247,False,,,,,,,{},{},,,,,,,,,[],[],,,[],{},,0.0,0.0,0.0,0.017610535673108055,0.000179061531061011,0.0,0.0,0.0
Virtual_Endmember_PC1_Low->NAB12,Virtual_Endmember_PC1_Low,NAB12,evap,1.0,,,"[0.0, 0.0, 0.0, 0.0, 0.18074984716121492, 0.0, 0.3186259684622598, 0.2591635841771862]","['calcite', 'dolomite', 'gypsum', 'halite', 'NO3src', 'denit', 'CaNa_exch', 'MgNa_exch']",2.5773246346775727,1.0406048097427667,1.534233081781345,0.758539399800661,27,True,0.0,False,,phreeqc_unavailable,,,,,,,,,,,,,,,,,,,,,,,,,,,,,,,0.0,False,0.49362827203857834,True,0.0,,,[],[],,,,,,,[],[],[],,"[-0.21608388681766583, -0.21608071276701507, -0.1080403566167547, 0.04037769348385942, -0.6494563123403356, -0.7103236139310998, 0.04024733759518612, 3.253497193878019e-10, 0.07710788579216162]",0.9414541803806364,False,,,,,,,{},{},,,,,,,,,[],[],,,[],{},,0.0,0.0,0.0,0.0,0.18074984716121492,0.0,0.3186259684622598,0.2591635841771862
Virtual_Endmember_PC2_High->SAB16,Virtual_Endmember_PC2_High,SAB16,evap,1.0,,,"[0.0, 0.0, 0.17517822109802839, 0.0, 0.13868459756824142, 0.0, 0.0719894060050597, 0.18525663051652885]","['calcite', 'dolomite', 'gypsum', 'halite', 'NO3src', 'denit', 'CaNa_exch', 'MgNa_exch']",1.4526941832521598,1.0426595151199647,1.5366831926176396,0.5711088551878584,37,True,0.0,False,,phreeqc_unavailable,,,,,,,,,,,,,,,,,,,,,,,,,,,,,,,0.0,False,0.494023677497675,True,0.0,,,[],[],,,,,,,[],[],[],,"[-0.16270465452535482, -0.16270154633929984, -0.08135077333638085, -0.0057912204106218, -0.39102928969723294, -0.8905169765065073, 0.16270562608510536, 2.4963225930818567e-10, -0.10327593703820248]",0.8811833862481313,False,,,,,,,{},{},,,,,,,,,[],[],,,[],{},,0.0,0.0,0.17517822109802839,0.0,0.13868459756824142,0.0,0.0719894060050597,0.18525663051652885
Virtual_Endmember_PC2_High->MAB33,Virtual_Endmember_PC2_High,MAB33,evap,1.1606837567017956,,,"[0.0, 0.0, 0.0, 0.0, 0.3923592605185452, 0.40452341927331736, 0.000662419581684636, 0.058269367768101155]","['calcite', 'dolomite', 'gypsum', 'halite', 'NO3src', 'denit', 'CaNa_exch', 'MgNa_exch']",1.231428239621578,1.0503531241384887,1.5441791559744749,0.8558144671416483,35,True,0.0,False,,phreeqc_unavailable,,,,,,,,,,,,,,,,,,,,,,,,,,,,,,,0.0,False,0.49382603183598617,True,0.0,,,[],[],,,,,,,[],[],[],,"[-0.04374708623161332, -0.04374505926815244, -0.021872529686518663, -0.22579624942539459, 4.770868254899696e-07, -0.9892232626896895, 0.023143638550929213, 4.7635868327677855e-07, -0.12635284370614908]",0.947029050608683,False,,,,,,,{},{},,,,,,,,,[],[],,,[],{},,0.0,0.0,0.0,0.0,0.3923592605185452,0.40452341927331736,0.000662419581684636,0.058269367768101155
Virtual_Endmember_PC1_Low->BUW21,Virtual_Endmember_PC1_Low,BUW21,evap,1.0,,,"[0.0, 0.0, 0.05305233791174791, 0.0, 0.31076597595944394, 0.0, 0.47538341572415266, 0.08565644531459923]","['calcite', 'dolomite', 'gypsum', 'halite', 'NO3src', 'denit', 'CaNa_exch', 'MgNa_exch']",2.726061547998775,1.081029814537228,1.573713545616957,0.9248581749099437,31,True,0.0,False,,phreeqc_unavailable,,,,,,,,,,,,,,,,,,,,,,,,,,,,,,,0.0,False,0.49268373107972924,True,0.0,,,[],[],,,,,,,[],[],[],,"[-0.126492474386516, -0.12648965782051202, -0.06324482898734685, 0.2500963635605858, -0.7294300914291592, -0.6590965335361774, 0.12649335487810823, 5.593787100188763e-10, 0.0021605173711089854]",0.9363660643272865,False,,,,,,,{},{},,,,,,,,,[],[],,,[],{},,0.0,0.0,0.05305233791174791,0.0,0.31076597595944394,0.0,0.47538341572415266,0.08565644531459923
Virtual_Endmember_PC1_Low->PAB19,Virtual_Endmember_PC1_Low,PAB19,evap,1.0,,,"[0.0, 0.0, 0.0, 0.0, 0.4493627499035181, 0.0, 0.4896181430496663, 0.2525535364158207]","['calcite', 'dolomite', 'gypsum', 'halite', 'NO3src', 'denit', 'CaNa_exch', 'MgNa_exch']",3.8853649389747016,1.1766561415665877,1.6690671959883285,1.191534429369005,27,True,0.0,False,,phreeqc_unavailable,,,,,,,,,,,,,,,,,,,,,,,,,,,,,,,0.0,False,0.4924110544217408,True,0.0,,,[],[],,,,,,,[],[],[],,"[-0.16751518316155928, -0.16751262304760758, -0.08375631175110199, 0.03526260396979289, -0.9693514286956288, -0.39063391012291937, 0.14100727929828835, 8.088529290795066e-10, 0.012476306844793197]",0.9159531778092203,False,,,,,,,{},{},,,,,,,,,[],[],,,[],{},,0.0,0.0,0.0,0.0,0.4493627499035181,0.0,0.4896181430496663,0.2525535364158207
Virtual_Endmember_PC1_Low->MAB35,Virtual_Endmember_PC1_Low,MAB35,evap,1.0,,,"[0.0, 0.0, 0.0, 0.0, 0.033282105491172956, 0.0, 0.42645662087041414, 0.35030651263402673]","['calcite', 'dolomite', 'gypsum', 'halite', 'NO3src', 'denit', 'CaNa_exch', 'MgNa_exch']",3.9086872858081607,1.189558176178228,1.681935535598857,0.8100452389956139,28,True,0.0,False,,phreeqc_unavailable,,,,,,,,,,,,,,,,,,,,,,,,,,,,,,,0.0,False,0.49237735942062916,True,0.0,,,[],[],,,,,,,[],[],[],,"[-0.26403429970486203, -0.2640315392082242, -0.1320157699193878, 0.0812984095963914, -0.9693514286956288, -0.2934547845940054, 0.016564222875219428, 5.990778706443933e-11, 0.007844727897424776]",0.9171884809106144,False,,,,,,,{},{},,,,,,,,,[],[],,,[],{},,0.0,0.0,0.0,0.0,0.033282105491172956,0.0,0.42645662087041414,0.35030651263402673
Virtual_Endmember_PC2_High->BOB8,Virtual_Endmember_PC2_High,BOB8,evap,1.1733077475796776,,,"[0.0, 0.0, 0.0, 0.0, 0.2548550500875605, 0.5201608395591487, 0.0, 0.10387772617983597]","['calcite', 'dolomite', 'gypsum', 'halite', 'NO3src', 'denit', 'CaNa_exch', 'MgNa_exch']",1.597965872944977,1.2030583369846124,1.6943689141603289,0.8788936158265451,27,True,0.0,False,,phreeqc_unavailable,,,,,,,,,,,,,,,,,,,,,,,,,,,,,,,0.0,False,0.4913105771757164,True,0.0,,,[],[],,,,,,,[],[],[],,"[-0.13294566431220955, -0.03866213302589108, -0.019331066606435493, -0.08283365243115275, 3.227427245455772e-07, -1.0742723934958502, 0.06311788173988878, 3.2180643505519413e-07, -0.13641436970135243]",0.9424915240408299,False,,,,,,,{},{},,,,,,,,,[],[],,,[],{},,0.0,0.0,0.0,0.0,0.2548550500875605,0.5201608395591487,0.0,0.10387772617983597
Virtual_Endmember_PC2_High->BOW9,Virtual_Endmember_PC2_High,BOW9,evap,1.0,,,"[0.0, 0.0, 0.0, 0.0, 0.3072007262971705, 0.0, 0.12032979279586606, 0.15390955988677393]","['calcite', 'dolomite', 'gypsum', 'halite', 'NO3src', 'denit', 'CaNa_exch', 'MgNa_exch']",1.655224875654492,1.221857003170345,1.7165424201075477,0.5814400789798104,26,True,0.0,False,,phreeqc_unavailable,,,,,,,,,,,,,,,,,,,,,,,,,,,,,,,0.0,False,0.4946854169372026,True,0.0,,,[],[],,,,,,,[],[],[],,"[-0.15562729926004912, -0.15562432350880448, -0.07781216189292084, -0.12343827923415121, -0.7908981851413497, -0.7076114758012887, 0.10829817156372921, 5.529612878696355e-10, -0.11901277914346564]",0.827999575701106,False,,,,,,,{},{},,,,,,,,,[],[],,,[],{},,0.0,0.0,0.0,0.0,0.3072007262971705,0.0,0.12032979279586606,0.15390955988677393
Virtual_Endmember_PC2_High->Virtual_Endmember_PC2_Low,Virtual_Endmember_PC2_High,Virtual_Endmember_PC2_Low,evap,1.484784632335254,,,"[0.0, 0.0, 0.4491798240069694, 0.0, 0.17665408559118354, 0.5566784264903212, 0.0, 0.1334623016314691]","['calcite', 'dolomite', 'gypsum', 'halite', 'NO3src', 'denit', 'CaNa_exch', 'MgNa_exch']",2.599551952194045,1.6526565203555241,1.802656520355524,1.3159746377199433,22,True,0.0,False,,phreeqc_unavailable,,,,,,,,,,,,,,,,,,,,,,,,,,,,,,,0.0,False,0.15,True,0.0,,,[],[],,,,,,,[],[],[],,"[-0.4053233900348524, -0.06542127757948547, -0.032710638909858814, -0.07050856238725765, 2.8789934869433154e-07, -1.129361429571706, 0.40532339084337626, 2.8689732722853023e-07, -0.19571354896647503]",0.9464480607467485,False,,,,,,,{},{},,,,,,,,,[],[],,,[],{},,0.0,0.0,0.4491798240069694,0.0,0.17665408559118354,0.5566784264903212,0.0,0.1334623016314691
Virtual_Endmember_PC2_Low->Virtual_Endmember_PC1_Low,Virtual_Endmember_PC2_Low,Virtual_Endmember_PC1_Low,evap,1.0,,,"[0.0, 0.0, 0.0, 0.5069583857631245, 0.0, 0.0, 0.0, 0.009629074732535896]","['calcite', 'dolomite', 'gypsum', 'halite', 'NO3src', 'denit', 'CaNa_exch', 'MgNa_exch']",2.161906141088596,1.6669546043019414,1.8169546043019413,0.5165874604956604,12,True,0.0,False,,phreeqc_unavailable,,,,,,,,,,,,,,,,,,,,,,,,,,,,,,,0.0,False,0.15,True,0.0,,,[],[],,,,,,,[],[],[],,"[-0.5265884698311639, -0.09283037410677596, -0.04641518706205411, -0.07362563068776845, -0.8002423004418118, 0.0464156726299042, -0.8541376753784374, -0.03691812265169013, -0.0032149554799517856]",0.9399125947494393,False,,,,,,,{},{},,,,,,,,,[],[],,,[],{},,0.0,0.0,0.0,0.5069583857631245,0.0,0.0,0.0,0.009629074732535896
Virtual_Endmember_PC1_Low->NTB29,Virtual_Endmember_PC1_Low,NTB29,evap,1.0,,,"[0.0, 0.0, 0.0, 0.03672395074411361, 0.016895008746476183, 0.0, 0.24869592612210495, 0.18966780904472386]","['calcite', 'dolomite', 'gypsum', 'halite', 'NO3src', 'denit', 'CaNa_exch', 'MgNa_exch']",2.1709861193278726,1.3659221763940865,1.8590152247674145,0.4919826946574186,23,True,0.0,False,,phreeqc_unavailable,,,,,,,,,,,,,,,,,,,,,,,,,,,,,,,0.0,False,0.49309304837332796,True,0.0,,,[],[],,,,,,,[],[],[],,"[-0.18607400415814973, -0.18607485947741573, -0.09303742990940889, -0.059366552040437254, -1.1292989868732755, 0.093037061558919, 0.022227350087378493, 3.041101398482127e-11, 0.005318412107951091]",0.9145774471567636,False,,,,,,,{},{},,,,,,,,,[],[],,,[],{},,0.0,0.0,0.0,0.03672395074411361,0.016895008746476183,0.0,0.24869592612210495,0.18966780904472386
Virtual_Endmember_PC2_High->GOB37,Virtual_Endmember_PC2_High,GOB37,evap,1.3952418043804538,,,"[0.0, 0.0, 0.0, 0.0, 0.30261895791249876, 0.5409085744703485, 0.0, 0.09396394724158597]","['calcite', 'dolomite', 'gypsum', 'halite', 'NO3src', 'denit', 'CaNa_exch', 'MgNa_exch']",1.765038994539773,1.3715286330920153,1.8624380905031988,0.9374914796244331,26,True,0.0,False,,phreeqc_unavailable,,,,,,,,,,,,,,,,,,,,,,,,,,,,,,,0.0,False,0.49090945741118347,True,0.0,,,[],[],,,,,,,[],[],[],,"[-0.14943196112932206, -0.08268014507726894, -0.04134007262320205, -0.032621210033538045, 3.5812533061285734e-07, -1.1432366804084118, 0.09683322164829794, 3.571516950517939e-07, -0.15239025723526092]",0.9520347943214649,False,,,,,,,{},{},,,,,,,,,[],[],,,[],{},,0.0,0.0,0.0,0.0,0.30261895791249876,0.5409085744703485,0.0,0.09396394724158597
Virtual_Endmember_PC1_High->TBB32,Virtual_Endmember_PC1_High,TBB32,evap,1.0,,,"[0.0, 0.0, 0.0, 0.27070339778852653, 0.0, 0.269148931782114, 0.0, 0.07263461607159309]","['calcite', 'dolomite', 'gypsum', 'halite', 'NO3src', 'denit', 'CaNa_exch', 'MgNa_exch']",1.6076683431867904,1.3684958840604646,1.8632969131461057,0.6124869456422336,14,True,0.0,False,,phreeqc_unavailable,,,,,,,,,,,,,,,,,,,,,,,,,,,,,,,0.0,False,0.494801029085641,True,0.0,,,[],[],,,,,,,[],[],[],,"[-0.29973851069763646, -0.10060421979468806, -0.0503021099627152, -0.008140412481822956, -0.7922944971222425, 0.050302695382730966, -0.08697122588675932, -0.7922944976067106, -0.01947909750434387]",0.7742482622444896,False,,,,,,,{},{},,,,,,,,,[],[],,,[],{},,0.0,0.0,0.0,0.27070339778852653,0.0,0.269148931782114,0.0,0.07263461607159309
Virtual_Endmember_PC2_High->NTB27,Virtual_Endmember_PC2_High,NTB27,evap,1.4693671991034827,,,"[0.0, 0.0, 0.0, 0.0, 0.028118576698753027, 0.4406754306583124, 0.0, 0.0]","['calcite', 'dolomite', 'gypsum', 'halite', 'NO3src', 'denit', 'CaNa_exch', 'MgNa_exch']",1.7635046886642274,1.3991066708977897,1.8920452524432343,0.4687940073570654,18,True,0.0,False,,phreeqc_unavailable,,,,,,,,,,,,,,,,,,,,,,,,,,,,,,,0.0,False,0.49293858154544457,True,0.0,,,[],[],,,,,,,[],[],[],,"[-0.28811157637093565, -0.043997996308981095, -0.014318773872468382, -0.17448439587116932, 4.299123385065329e-07, -1.1156600817233024, -6.9086100551877e-05, 4.291191227356883e-07, -0.1970160205866449]",0.9570506214914667,False,,,,,,,{},{},,,,,,,,,[],[],,,[],{},,0.0,0.0,0.0,0.0,0.028118576698753027,0.4406754306583124,0.0,0.0
Virtual_Endmember_PC1_High->Virtual_Endmember_PC1_Low,Virtual_Endmember_PC1_High,Virtual_Endmember_PC1_Low,evap,1.63829638530624,,,"[0.0, 0.0, 0.0, 0.7784200586811995, 0.0, 0.9862199745937891, 0.0, 0.0]","['calcite', 'dolomite', 'gypsum', 'halite', 'NO3src', 'denit', 'CaNa_exch', 'MgNa_exch']",4.905055017192693,1.7479197594198177,1.8979197594198176,1.7646400332749885,3,True,0.0,False,,phreeqc_unavailable,,,,,,,,,,,,,,,,,,,,,,,,,,,,,,,0.0,False,0.15,True,0.0,,,[],[],,,,,,,[],[],[],,"[-0.5146109930068548, -0.05826384818551955, 0.2660511027000684, -0.08168361462486894, -0.8058696761576866, -0.26605110129891196, -0.17448378376993978, -0.8058696779328826, -0.046535524942170364]",0.9369941073028183,False,,,,,,,{},{},,,,,,,,,[],[],,,[],{},,0.0,0.0,0.0,0.7784200586811995,0.0,0.9862199745937891,0.0,0.0
Virtual_Endmember_PC1_High->PAW18,Virtual_Endmember_PC1_High,PAW18,evap,1.5434477515964455,,,"[0.0, 0.0, 0.0, 0.6827836181406486, 0.0, 0.7995984311507957, 0.0, 0.0]","['calcite', 'dolomite', 'gypsum', 'halite', 'NO3src', 'denit', 'CaNa_exch', 'MgNa_exch']",3.6385899893998745,1.4274877448197925,1.916553524148447,1.4823820492914441,2,True,0.0,False,,phreeqc_unavailable,,,,,,,,,,,,,,,,,,,,,,,,,,,,,,,0.0,False,0.4890657793286546,True,0.0,,,[],[],,,,,,,[],[],[],,"[-0.22222854547542575, 0.02229970198337447, 0.32558568776842045, -0.1638438738418385, -0.7516013553091941, -0.32558568653940967, -0.09454348674294659, -0.7516013567484715, -0.0006161804711858308]",0.9386799421113902,False,,,,,,,{},{},,,,,,,,,[],[],,,[],{},,0.0,0.0,0.0,0.6827836181406486,0.0,0.7995984311507957,0.0,0.0
Virtual_Endmember_PC1_High->NTB27,Virtual_Endmember_PC1_High,NTB27,evap,1.7539952959192715,,,"[0.0, 0.0, 0.0, 0.29490610668685624, 0.0, 1.1954773279257975, 0.0, 0.0]","['calcite', 'dolomite', 'gypsum', 'halite', 'NO3src', 'denit', 'CaNa_exch', 'MgNa_exch']",4.582429432862905,1.5501581207132074,2.043096702258652,1.4903834346126539,3,True,0.0,False,,phreeqc_unavailable,,,,,,,,,,,,,,,,,,,,,,,,,,,,,,,0.0,False,0.49293858154544457,True,0.0,,,[],[],,,,,,,[],[],[],,"[-0.41771392000950214, -0.09708052843022781, 0.3638689755932768, -0.13446676962726323, -0.7231166219562715, -0.36386897506244575, -0.1872738861089684, -0.723116624108131, -0.04999188701758853]",0.952413687062284,False,,,,,,,{},{},,,,,,,,,[],[],,,[],{},,0.0,0.0,0.0,0.29490610668685624,0.0,1.1954773279257975,0.0,0.0
Virtual_Endmember_PC1_Low->PAB5,Virtual_Endmember_PC1_Low,PAB5,evap,1.0,,,"[0.0, 0.0, 0.0, 0.0, 0.3911692016211697, 0.0, 0.3817022351749659, 0.43042675143380266]","['calcite', 'dolomite', 'gypsum', 'halite', 'NO3src', 'denit', 'CaNa_exch', 'MgNa_exch']",4.766955864581261,1.6447664537032796,2.1357859341517056,1.2032981882299383,29,True,0.0,False,,phreeqc_unavailable,,,,,,,,,,,,,,,,,,,,,,,,,,,,,,,0.0,False,0.491019480448426,True,0.0,,,[],[],,,,,,,[],[],[],,"[-0.2791601535303719, -0.27915794830828805, -0.13957897454152834, 0.04549278299792589, -0.9693514286956288, -0.7233842627322282, 0.06654340255458648, 7.041045524402989e-10, -0.00010264052362785632]",0.8827547242069304,False,,,,,,,{},{},,,,,,,,,[],[],,,[],{},,0.0,0.0,0.0,0.0,0.3911692016211697,0.0,0.3817022351749659,0.43042675143380266
Virtual_Endmember_PC2_High->TBB32,Virtual_Endmember_PC2_High,TBB32,evap,1.0,,,"[0.0, 0.0, 0.0, 0.0, 0.0, 0.0, 0.0, 0.2804218396936633]","['calcite', 'dolomite', 'gypsum', 'halite', 'NO3src', 'denit', 'CaNa_exch', 'MgNa_exch']",2.1281634678674015,1.7349814266984176,2.2297824557840586,0.2804218396936633,7,True,0.0,False,,phreeqc_unavailable,,,,,,,,,,,,,,,,,,,,,,,,,,,,,,,0.0,False,0.494801029085641,True,0.0,,,[],[],,,,,,,[],[],[],,"[-0.35465878390929273, -0.28748419689858157, -0.14374209870167043, -0.06717229457941976, -1.110793301496643, -0.4356509680438839, 0.019749347911844965, -0.24837991831115858, -0.125065410722413]",0.7137915600530977,False,,,,,,,{},{},,,,,,,,,[],[],,,[],{},,0.0,0.0,0.0,0.0,0.0,0.0,0.0,0.2804218396936633
Virtual_Endmember_PC1_Low->TBB31,Virtual_Endmember_PC1_Low,TBB31,evap,1.0,,,"[0.0, 0.0, 0.0, 0.11870717136620565, 0.43566920154106975, 0.0, 0.4895758711738488, 0.15665000634999315]","['calcite', 'dolomite', 'gypsum', 'halite', 'NO3src', 'denit', 'CaNa_exch', 'MgNa_exch']",3.7772201374891528,1.9314207358798006,2.424356256171954,1.2006022504311173,23,True,0.0,False,,phreeqc_unavailable,,,,,,,,,,,,,,,,,,,,,,,,,,,,,,,0.0,False,0.4929355202921532,True,0.0,,,[],[],,,,,,,[],[],[],,"[-0.12755275160510315, -0.127553148925836, -0.06377657460390296, 0.12477667046595659, -1.3692203241397456, 0.06377598480142513, 0.02024941962724941, 7.842045346428961e-10, 0.00168683316058267]",0.8473244375360285,False,,,,,,,{},{},,,,,,,,,[],[],,,[],{},,0.0,0.0,0.0,0.11870717136620565,0.43566920154106975,0.0,0.4895758711738488,0.15665000634999315
Virtual_Endmember_PC2_Low->BAB6,Virtual_Endmember_PC2_Low,BAB6,evap,1.0,,,"[0.0, 0.0, 0.0, 0.0, 0.4500091433796968, 0.0, 0.05147884428387827, 0.21893763853179707]","['calcite', 'dolomite', 'gypsum', 'halite', 'NO3src', 'denit', 'CaNa_exch', 'MgNa_exch']",2.478447647944199,1.9328556567186777,2.4249355687962804,0.7204256261953721,27,True,0.0,False,,phreeqc_unavailable,,,,,,,,,,,,,,,,,,,,,,,,,,,,,,,0.0,False,0.4920799120776029,True,0.0,,,[],[],,,,,,,[],[],[],,"[-0.27592443406725453, -0.2759215539495887, -0.1379607771718383, -0.02813284768984256, -1.0498297173380307, -0.13641358938856488, -0.799253652378296, 8.100164428093137e-10, 0.03473503557536773]",0.9063404714634321,False,,,,,,,{},{},,,,,,,,,[],[],,,[],{},,0.0,0.0,0.0,0.0,0.4500091433796968,0.0,0.05147884428387827,0.21893763853179707
Virtual_Endmember_PC1_Low->Virtual_Endmember_PC2_High,Virtual_Endmember_PC1_Low,Virtual_Endmember_PC2_High,evap,1.0,,,"[0.0, 0.0, 0.0, 0.0, 0.28080718464710896, 0.0, 0.3544385103815598, 0.24372439395905646]","['calcite', 'dolomite', 'gypsum', 'halite', 'NO3src', 'denit', 'CaNa_exch', 'MgNa_exch']",3.997871069116305,2.3027967378919363,2.452796737891936,0.8789700889877252,27,True,0.0,False,,phreeqc_unavailable,,,,,,,,,,,,,,,,,,,,,,,,,,,,,,,0.0,False,0.15,True,0.0,,,[],[],,,,,,,[],[],[],,"[-0.25651908195342155, -0.25651622828103, -0.12825811435986711, 0.035938734866348215, -1.4580337089754525, 0.09827516793506896, -0.0003952020718118768, 5.05452901755632e-10, 0.13391013861983778]",0.8102885761819706,False,,,,,,,{},{},,,,,,,,,[],[],,,[],{},,0.0,0.0,0.0,0.0,0.28080718464710896,0.0,0.3544385103815598,0.24372439395905646
Virtual_Endmember_PC2_Low->PAW18,Virtual_Endmember_PC2_Low,PAW18,evap,1.0,,,"[0.0, 0.0, 0.0, 0.35167381007437176, 0.10021882142867417, 0.0, 0.0, 0.03957318322513187]","['calcite', 'dolomite', 'gypsum', 'halite', 'NO3src', 'denit', 'CaNa_exch', 'MgNa_exch']",2.415535664873756,2.205979578796859,2.6950453581255136,0.4914658147281778,13,True,0.0,False,,phreeqc_unavailable,,,,,,,,,,,,,,,,,,,,,,,,,,,,,,,0.0,False,0.4890657793286546,True,0.0,,,[],[],,,,,,,[],[],[],,"[-0.3042859091446538, -0.049662816454523695, -0.02483140826287772, -0.17135535408370445, -1.2097772755156768, 0.02483220561463728, -0.7843254824844796, 1.8039386651125255e-10, 0.03999819347010457]",0.9052385591653599,False,,,,,,,{},{},,,,,,,,,[],[],,,[],{},,0.0,0.0,0.0,0.35167381007437176,0.10021882142867417,0.0,0.0,0.03957318322513187
Virtual_Endmember_PC2_Low->BOB8,Virtual_Endmember_PC2_Low,BOB8,evap,1.0,,,"[0.0, 0.0, 0.0, 0.0, 0.027251079624532222, 0.0, 0.0, 0.2708403067594416]","['calcite', 'dolomite', 'gypsum', 'halite', 'NO3src', 'denit', 'CaNa_exch', 'MgNa_exch']",2.6268440803980164,2.259329099962822,2.7506396771385386,0.2980913863839738,5,True,0.0,False,,phreeqc_unavailable,,,,,,,,,,,,,,,,,,,,,,,,,,,,,,,0.0,False,0.4913105771757164,True,0.0,,,[],[],,,,,,,[],[],[],,"[-0.4240463881865699, -0.29162512715460887, -0.14581256382106078, -0.08184128758754075, -1.1298034964268533, -0.2518437727454055, -0.7914043914996786, 4.9051943062927705e-11, 0.017524509259578252]",0.8919997732157129,False,,,,,,,{},{},,,,,,,,,[],[],,,[],{},,0.0,0.0,0.0,0.0,0.027251079624532222,0.0,0.0,0.2708403067594416
Virtual_Endmember_PC2_Low->BKB23,Virtual_Endmember_PC2_Low,BKB23,evap,1.0,,,"[0.0, 0.0, 0.0, 0.0, 0.1307349504060032, 0.0, 0.041996506800421204, 0.2921943982553963]","['calcite', 'dolomite', 'gypsum', 'halite', 'NO3src', 'denit', 'CaNa_exch', 'MgNa_exch']",3.1750807276721176,2.624113789599714,3.1176768961527124,0.4649258554618207,28,True,0.0,False,,phreeqc_unavailable,,,,,,,,,,,,,,,,,,,,,,,,,,,,,,,0.0,False,0.49356310655299834,True,0.0,,,[],[],,,,,,,[],[],[],,"[-0.3862025756257136, -0.38620011540087207, -0.193100057963411, -0.007672489633576529, -1.2897510546045012, -0.17229511266077926, -0.764327564516543, 2.353229000551238e-10, 0.10547187768063089]",0.8596656200502595,False,,,,,,,{},{},,,,,,,,,[],[],,,[],{},,0.0,0.0,0.0,0.0,0.1307349504060032,0.0,0.041996506800421204,0.2921943982553963
Virtual_Endmember_PC1_Low->BKB22,Virtual_Endmember_PC1_Low,BKB22,evap,1.0,,,"[0.0, 0.0, 0.0, 0.0, 0.4723466208298891, 0.0, 0.3626438573683735, 0.338596011030978]","['calcite', 'dolomite', 'gypsum', 'halite', 'NO3src', 'denit', 'CaNa_exch', 'MgNa_exch']",5.077063313614867,2.640846769655611,3.134773075211424,1.1735864892292405,28,True,0.0,False,,phreeqc_unavailable,,,,,,,,,,,,,,,,,,,,,,,,,,,,,,,0.0,False,0.4939263055558129,True,0.0,,,[],[],,,,,,,[],[],[],,"[-0.33994209508505696, -0.33993930169402775, -0.16996965115175033, 0.05060787251199242, -1.4491941032285687, -0.5263461809268686, 0.031429931807136983, 8.502238912910798e-10, 0.009213148950056354]",0.7739745575287884,False,,,,,,,{},{},,,,,,,,,[],[],,,[],{},,0.0,0.0,0.0,0.0,0.4723466208298891,0.0,0.3626438573683735,0.338596011030978
Virtual_Endmember_PC2_Low->MAB33,Virtual_Endmember_PC2_Low,MAB33,evap,1.0,,,"[0.0, 0.0, 0.0, 0.0, 0.27684785336880646, 0.0, 0.0, 0.23793794316247766]","['calcite', 'dolomite', 'gypsum', 'halite', 'NO3src', 'denit', 'CaNa_exch', 'MgNa_exch']",3.0376863113762314,2.67796925299963,3.1717952848356163,0.5147857965312841,8,True,0.0,False,,phreeqc_unavailable,,,,,,,,,,,,,,,,,,,,,,,,,,,,,,,0.0,False,0.49382603183598617,True,0.0,,,[],[],,,,,,,[],[],[],,"[-0.34420606882529237, -0.3101419326238728, -0.1550709665260805, -0.22762133873843587, -1.2897510546045012, -0.17923446385965092, -0.831379407114919, 4.983261026048069e-10, 0.025892930312209832]",0.8649458258254842,False,,,,,,,{},{},,,,,,,,,[],[],,,[],{},,0.0,0.0,0.0,0.0,0.27684785336880646,0.0,0.0,0.23793794316247766
Virtual_Endmember_PC2_Low->GOB36,Virtual_Endmember_PC2_Low,GOB36,evap,1.0,,,"[0.0, 0.0, 0.0, 0.439367739230775, 0.0, 0.0, 0.1657911400034153, 0.26720309942649195]","['calcite', 'dolomite', 'gypsum', 'halite', 'NO3src', 'denit', 'CaNa_exch', 'MgNa_exch']",3.1874358505559877,2.713502893712033,3.205519945192495,0.8723619786606822,24,True,0.0,False,,phreeqc_unavailable,,,,,,,,,,,,,,,,,,,,,,,,,,,,,,,0.0,False,0.4920170514804624,True,0.0,,,[],[],,,,,,,[],[],[],,"[-0.3303564902658336, -0.330357315132231, -0.16517865780659818, -0.02813284768984256, -1.3297379441489126, 0.16517776870082923, -0.8183562965590164, -0.03642633968125455, 0.025208719785894045]",0.8578001906704327,False,,,,,,,{},{},,,,,,,,,[],[],,,[],{},,0.0,0.0,0.0,0.439367739230775,0.0,0.0,0.1657911400034153,0.26720309942649195
Virtual_Endmember_PC1_Low->PUB1,Virtual_Endmember_PC1_Low,PUB1,evap,1.0,,,"[0.0, 0.0, 0.0, 0.1840910365121162, 0.07483049251316005, 0.0, 0.23750656939456352, 0.2595528276276681]","['calcite', 'dolomite', 'gypsum', 'halite', 'NO3src', 'denit', 'CaNa_exch', 'MgNa_exch']",3.5712628943445734,2.751851518880395,3.2441408723208682,0.7559809260475079,24,True,0.0,False,,phreeqc_unavailable,,,,,,,,,,,,,,,,,,,,,,,,,,,,,,,0.0,False,0.4922893534404732,True,0.0,,,[],[],,,,,,,[],[],[],,"[-0.2547249667918856, -0.2547258180027705, -0.12736290923498284, 0.00968715639946044, -1.6091416614062153, 0.12736250047356815, -0.00042515876125777375, 1.3469488024941967e-10, 0.01442367526584583]",0.7936574072457404,False,,,,,,,{},{},,,,,,,,,[],[],,,[],{},,0.0,0.0,0.0,0.1840910365121162,0.07483049251316005,0.0,0.23750656939456352,0.2595528276276681
Virtual_Endmember_PC1_High->NAB14,Virtual_Endmember_PC1_High,NAB14,evap,1.0,,,"[0.0, 0.0, 0.0, 0.051031081533368335, 0.0, 0.0, 0.050592011972089554, 0.31084452549035224]","['calcite', 'dolomite', 'gypsum', 'halite', 'NO3src', 'denit', 'CaNa_exch', 'MgNa_exch']",3.4227298531843418,2.8695700552272245,3.365877444858488,0.41246761899581014,23,True,0.0,False,,phreeqc_unavailable,,,,,,,,,,,,,,,,,,,,,,,,,,,,,,,0.0,False,0.4963073896312637,True,0.0,,,[],[],,,,,,,[],[],[],,"[-0.35033052266972603, -0.35033202308428224, -0.17516601182190128, 0.18879053380973718, -1.4028571353171853, 0.1751654206646875, -0.10612592086906204, -0.738056332614631, 0.05567879723249823]",-0.5951960696040921,False,,,,,,,{},{},,,,,,,,,[],[],,,[],{},,0.0,0.0,0.0,0.051031081533368335,0.0,0.0,0.050592011972089554,0.31084452549035224
Virtual_Endmember_PC2_Low->BUW21,Virtual_Endmember_PC2_Low,BUW21,evap,1.0,,,"[0.0, 0.0, 0.0, 0.0, 0.2738478533742065, 0.0, 0.15122296672522553, 0.15183052492067087]","['calcite', 'dolomite', 'gypsum', 'halite', 'NO3src', 'denit', 'CaNa_exch', 'MgNa_exch']",3.4968006535977154,3.0085223809908967,3.501206112070626,0.5769013450201028,26,True,0.0,False,,phreeqc_unavailable,,,,,,,,,,,,,,,,,,,,,,,,,,,,,,,0.0,False,0.49268373107972924,True,0.0,,,[],[],,,,,,,[],[],[],,"[-0.27586815730700487, -0.2758650368008237, -0.13793251853705935, 0.17647073287281734, -1.529672391870971, -0.10572247514314881, -0.6745919825885813, 4.929260888353326e-10, -0.0010544381088428002]",0.8229057912303301,False,,,,,,,{},{},,,,,,,,,[],[],,,[],{},,0.0,0.0,0.0,0.0,0.2738478533742065,0.0,0.15122296672522553,0.15183052492067087
Virtual_Endmember_PC2_Low->NAB12,Virtual_Endmember_PC2_Low,NAB12,evap,1.0,,,"[0.0, 0.0, 0.0, 0.0, 0.1438317245759774, 0.0, 0.0, 0.3209100793555179]","['calcite', 'dolomite', 'gypsum', 'halite', 'NO3src', 'denit', 'CaNa_exch', 'MgNa_exch']",3.673588582211103,3.1379846216115643,3.631612893650143,0.46474180393149533,7,True,0.0,False,,phreeqc_unavailable,,,,,,,,,,,,,,,,,,,,,,,,,,,,,,,0.0,False,0.49362827203857834,True,0.0,,,[],[],,,,,,,[],[],[],,"[-0.4240463881865699, -0.36102850731958686, -0.18051425394861254, -0.033247937203909034, -1.4496986127821474, -0.15694955553807122, -0.8138903377832513, 2.588970982042582e-10, 0.07389293031220984]",0.8234527844719254,False,,,,,,,{},{},,,,,,,,,[],[],,,[],{},,0.0,0.0,0.0,0.0,0.1438317245759774,0.0,0.0,0.3209100793555179
Virtual_Endmember_PC1_Low->TBB30,Virtual_Endmember_PC1_Low,TBB30,evap,1.0,,,"[0.0, 0.0, 0.0, 0.0, 0.016878879714247147, 0.0, 0.39268654505257494, 0.36411360381204444]","['calcite', 'dolomite', 'gypsum', 'halite', 'NO3src', 'denit', 'CaNa_exch', 'MgNa_exch']",5.787336468291767,3.209286627517572,3.7035113464964744,0.7736790285788665,28,True,0.0,False,,phreeqc_unavailable,,,,,,,,,,,,,,,,,,,,,,,,,,,,,,,0.0,False,0.494224718978902,True,0.0,,,[],[],,,,,,,[],[],[],,"[-0.3699847827692584, -0.36998178135292226, -0.18499089100416333, -0.0082156568997723, -1.6891154404950384, -0.2157679016602959, 0.03787382104303121, 3.038198165272732e-11, 0.01100262263426688]",0.6946638593634378,False,,,,,,,{},{},,,,,,,,,[],[],,,[],{},,0.0,0.0,0.0,0.0,0.016878879714247147,0.0,0.39268654505257494,0.36411360381204444
Virtual_Endmember_PC2_Low->PUB2,Virtual_Endmember_PC2_Low,PUB2,evap,1.0,,,"[0.0, 0.0, 0.0, 0.0, 0.0, 0.0, 0.079557478830172, 0.20341302199287792]","['calcite', 'dolomite', 'gypsum', 'halite', 'NO3src', 'denit', 'CaNa_exch', 'MgNa_exch']",3.5948301054810723,3.2268350637409053,3.7212298353960103,0.2829705008230499,27,True,0.0,False,,phreeqc_unavailable,,,,,,,,,,,,,,,,,,,,,,,,,,,,,,,0.0,False,0.4943947716551051,True,0.0,,,[],[],,,,,,,[],[],[],,"[-0.30400306861354826, -0.30400039277883084, -0.1520001965724872, -0.1329921827282057, -1.529672391870971, 0.005335352783508496, -0.8123704543770468, -0.03650698484254487, -0.0023175960035796417]",0.8210824026718245,False,,,,,,,{},{},,,,,,,,,[],[],,,[],{},,0.0,0.0,0.0,0.0,0.0,0.0,0.079557478830172,0.20341302199287792
Virtual_Endmember_PC1_Low->PAB4,Virtual_Endmember_PC1_Low,PAB4,evap,1.0,,,"[0.0, 0.0, 0.0, 0.0, 0.00033049264726005045, 0.0, 0.1898096291211931, 0.5817529874822854]","['calcite', 'dolomite', 'gypsum', 'halite', 'NO3src', 'denit', 'CaNa_exch', 'MgNa_exch']",6.355707536472921,3.6000088966307278,4.089643316382946,0.7718931092507386,29,True,0.0,False,,phreeqc_unavailable,,,,,,,,,,,,,,,,,,,,,,,,,,,,,,,0.0,False,0.48963441975221805,True,0.0,,,[],[],,,,,,,[],[],[],,"[-0.4066288249217089, -0.4066256899100411, -0.20331284547859818, 0.053165417269025655, -1.6891154404950384, -0.6029611315615653, 0.0900807750301226, 5.948867158427074e-13, 0.019160517371108986]",0.6517773989586056,False,,,,,,,{},{},,,,,,,,,[],[],,,[],{},,0.0,0.0,0.0,0.0,0.00033049264726005045,0.0,0.1898096291211931,0.5817529874822854
Virtual_Endmember_PC1_Low->NTB26,Virtual_Endmember_PC1_Low,NTB26,evap,1.0,,,"[0.0, 0.0, 0.0, 0.0, 0.015265976491343921, 0.0, 0.3826548252740744, 0.3549046519056618]","['calcite', 'dolomite', 'gypsum', 'halite', 'NO3src', 'denit', 'CaNa_exch', 'MgNa_exch']",6.161109226560058,3.71252046901939,4.205840994495759,0.7528254536710801,28,True,0.0,False,,phreeqc_unavailable,,,,,,,,,,,,,,,,,,,,,,,,,,,,,,,0.0,False,0.4933205254763685,True,0.0,,,[],[],,,,,,,[],[],[],,"[-0.35995306299075785, -0.35995012274147997, -0.1799750616901541, 0.012244701156493676, -1.8490629986726854, -0.03624745032038057, 0.022331451690543184, 2.7478757116949915e-11, 0.0016342015816353018]",0.623402823219605,False,,,,,,,{},{},,,,,,,,,[],[],,,[],{},,0.0,0.0,0.0,0.0,0.015265976491343921,0.0,0.3826548252740744,0.3549046519056618
Virtual_Endmember_PC1_Low->MAB34,Virtual_Endmember_PC1_Low,MAB34,evap,1.0,,,"[0.0, 0.0, 0.0, 0.0, 0.20360468582975363, 0.0, 0.48258229179929674, 0.4465867764797846]","['calcite', 'dolomite', 'gypsum', 'halite', 'NO3src', 'denit', 'CaNa_exch', 'MgNa_exch']",7.734332646264961,3.8071339789335865,4.301654925342713,1.132773754108835,29,True,0.0,False,,phreeqc_unavailable,,,,,,,,,,,,,,,,,,,,,,,,,,,,,,,0.0,False,0.4945209464091262,True,0.0,,,[],[],,,,,,,[],[],[],,"[-0.4199603698353415, -0.41995803917080643, -0.20997901998733148, -0.11563253669516872, -1.6891154404950384, -0.735739692915585, 0.0492521262689317, 3.664884229426235e-10, 0.009528938423740566]",0.6135724510062441,False,,,,,,,{},{},,,,,,,,,[],[],,,[],{},,0.0,0.0,0.0,0.0,0.20360468582975363,0.0,0.48258229179929674,0.4465867764797846
Virtual_Endmember_PC2_Low->PAB19,Virtual_Endmember_PC2_Low,PAB19,evap,1.0,,,"[0.0, 0.0, 0.0, 0.0, 0.41244462731828063, 0.0, 0.13598418712676744, 0.34230642155258123]","['calcite', 'dolomite', 'gypsum', 'halite', 'NO3src', 'denit', 'CaNa_exch', 'MgNa_exch']",5.149698248600126,3.9288754518621736,4.421286506283915,0.8907352359976293,27,True,0.0,False,,phreeqc_unavailable,,,,,,,,,,,,,,,,,,,,,,,,,,,,,,,0.0,False,0.4924110544217408,True,0.0,,,[],[],,,,,,,[],[],[],,"[-0.34046969706982433, -0.3404668075586082, -0.17023340408737986, -0.03836302671797556, -1.7695937291374406, 0.16274014827010924, -0.713130396080149, 7.424003078959629e-10, 0.00926135136484141]",0.7193661896221084,False,,,,,,,{},{},,,,,,,,,[],[],,,[],{},,0.0,0.0,0.0,0.0,0.41244462731828063,0.0,0.13598418712676744,0.34230642155258123
Virtual_Endmember_PC1_Low->NAB13,Virtual_Endmember_PC1_Low,NAB13,evap,1.0,,,"[0.0, 0.0, 0.0, 0.0, 0.445798233780902, 0.0, 0.5856936732533705, 0.4089202284521082]","['calcite', 'dolomite', 'gypsum', 'halite', 'NO3src', 'denit', 'CaNa_exch', 'MgNa_exch']",8.771916616597416,4.105903966987028,4.599279204068,1.4404121354863806,28,True,0.0,False,,phreeqc_unavailable,,,,,,,,,,,,,,,,,,,,,,,,,,,,,,,0.0,False,0.49337523708097186,True,0.0,,,[],[],,,,,,,[],[],[],,"[-0.32347095288622163, -0.32346796173136527, -0.16173398123371063, 0.0020145221283607018, -1.929036777761509, -0.32953376907919574, 0.1663039688673077, 8.024367836867441e-10, 0.11421314895005634]",0.45568234117069406,False,,,,,,,{},{},,,,,,,,,[],[],,,[],{},,0.0,0.0,0.0,0.0,0.445798233780902,0.0,0.5856936732533705,0.4089202284521082
Virtual_Endmember_PC2_Low->PAB5,Virtual_Endmember_PC2_Low,PAB5,evap,1.0,,,"[0.0, 0.0, 0.0, 0.0, 0.3542510790359322, 0.0, 0.028068428604123234, 0.5201795170889184]","['calcite', 'dolomite', 'gypsum', 'halite', 'NO3src', 'denit', 'CaNa_exch', 'MgNa_exch']",5.8405585140671965,4.241387036457939,4.732406516906366,0.9024990247289739,29,True,0.0,False,,phreeqc_unavailable,,,,,,,,,,,,,,,,,,,,,,,,,,,,,,,0.0,False,0.491019480448426,True,0.0,,,[],[],,,,,,,[],[],[],,"[-0.45211481679069315, -0.45211201333764384, -0.22605600713698348, -0.02813284768984256, -1.7695937291374406, -0.17001020433919958, -0.787594272823851, 6.376519312567552e-10, -0.003317596003579642]",0.697657626883742,False,,,,,,,{},{},,,,,,,,,[],[],,,[],{},,0.0,0.0,0.0,0.0,0.3542510790359322,0.0,0.028068428604123234,0.5201795170889184
Virtual_Endmember_PC2_Low->MAB35,Virtual_Endmember_PC2_Low,MAB35,evap,1.0,,,"[0.0, 0.0, 0.0, 0.03728335359221538, 0.0, 0.0, 0.08110490992543656, 0.44834694322235297]","['calcite', 'dolomite', 'gypsum', 'halite', 'NO3src', 'denit', 'CaNa_exch', 'MgNa_exch']",5.581444693109264,4.32875320555224,4.8211305649728695,0.5667352067400049,23,True,0.0,False,,phreeqc_unavailable,,,,,,,,,,,,,,,,,,,,,,,,,,,,,,,0.0,False,0.49237735942062916,True,0.0,,,[],[],,,,,,,[],[],[],,"[-0.4452710585910484, -0.44527326917079046, -0.2226366349889075, 0.007672778908622946, -1.7695937291374406, 0.2226359202068078, -0.837573452503218, -0.003636017100609387, 0.004629772417472989]",0.6986522930164623,False,,,,,,,{},{},,,,,,,,,[],[],,,[],{},,0.0,0.0,0.0,0.03728335359221538,0.0,0.0,0.08110490992543656,0.44834694322235297
Virtual_Endmember_PC1_Low->SAB16,Virtual_Endmember_PC1_Low,SAB16,evap,1.0,,,"[0.0, 0.0, 0.0, 0.0, 0.4194917822153504, 0.0, 0.5237471762634889, 0.35112561660211783]","['calcite', 'dolomite', 'gypsum', 'halite', 'NO3src', 'denit', 'CaNa_exch', 'MgNa_exch']",8.059797962754027,4.424617210505778,4.918640888003453,1.2943645750809571,28,True,0.0,False,,phreeqc_unavailable,,,,,,,,,,,,,,,,,,,,,,,,,,,,,,,0.0,False,0.494023677497675,True,0.0,,,[],[],,,,,,,[],[],[],,"[-0.3413647752576173, -0.3413623667468624, -0.17068118368944418, 0.030147514455726415, -1.8490629986726854, -0.7922418085714383, 0.33748864511132187, 7.550851610638176e-10, 0.0306342015816353]",0.495791266010699,False,,,,,,,{},{},,,,,,,,,[],[],,,[],{},,0.0,0.0,0.0,0.0,0.4194917822153504,0.0,0.5237471762634889,0.35112561660211783
Virtual_Endmember_PC1_Low->BUB20,Virtual_Endmember_PC1_Low,BUB20,evap,1.0,,,"[0.0, 0.0, 0.0, 0.0, 0.5530885561684246, 0.0, 0.6166395347010659, 0.36460752538293617]","['calcite', 'dolomite', 'gypsum', 'halite', 'NO3src', 'denit', 'CaNa_exch', 'MgNa_exch']",9.24654385613965,4.576074192146678,5.071612390141545,1.5343356162524266,28,True,0.0,False,,phreeqc_unavailable,,,,,,,,,,,,,,,,,,,,,,,,,,,,,,,0.0,False,0.4955381979948664,True,0.0,,,[],[],,,,,,,[],[],[],,"[-0.3943369740145558, -0.3943341973705437, -0.1971670990134189, 0.019917335427593413, -2.009010556850332, -0.4275873656941464, 0.055446171657230675, 9.955594126864753e-10, 0.061423675265845835]",0.3910215249830007,False,,,,,,,{},{},,,,,,,,,[],[],,,[],{},,0.0,0.0,0.0,0.0,0.5530885561684246,0.0,0.6166395347010659,0.36460752538293617
Virtual_Endmember_PC2_Low->BOB10,Virtual_Endmember_PC2_Low,BOB10,evap,1.5909094351577329,,,"[0.0, 0.0, 0.0, 1.209151789292208, 0.0, 0.0, 0.0, 0.0]","['calcite', 'dolomite', 'gypsum', 'halite', 'NO3src', 'denit', 'CaNa_exch', 'MgNa_exch']",7.5650419952959,4.6409458909354315,5.131363369265812,1.209151789292208,2,True,0.0,False,,phreeqc_unavailable,,,,,,,,,,,,,,,,,,,,,,,,,,,,,,,0.0,False,0.49041747833038035,True,0.0,,,[],[],,,,,,,[],[],[],,"[-0.9468025816732337, -0.12926740346705778, 0.8111100561719935, -0.10555670694362004, -0.7795685416357241, -0.8111100539955204, -1.3377932950924114, -0.05855291381765049, -0.003603353672047781]",0.9481808844615727,False,,,,,,,{},{},,,,,,,,,[],[],,,[],{},,0.0,0.0,0.0,1.209151789292208,0.0,0.0,0.0,0.0
Virtual_Endmember_PC1_Low->Virtual_Endmember_PC1_High,Virtual_Endmember_PC1_Low,Virtual_Endmember_PC1_High,evap,1.0,,,"[0.0, 0.0, 0.0, 0.0, 1.0938706942612608, 0.0, 0.4879054822908824, 0.4530193991685365]","['calcite', 'dolomite', 'gypsum', 'halite', 'NO3src', 'denit', 'CaNa_exch', 'MgNa_exch']",10.257473680624296,5.076285996645616,5.2262859966456165,2.03479557572068,29,True,0.0,False,,phreeqc_unavailable,,,,,,,,,,,,,,,,,,,,,,,,,,,,,,,0.0,False,0.15,True,0.0,,,[],[],,,,,,,[],[],[],,"[-0.44490632707440037, -0.44490398697233335, -0.22245199389388404, -0.023093147231248584, -2.045681445131967, -0.6583818932800725, 0.10632537172679239, 1.9689672114964196e-09, 0.028323825401768643]",0.33713560093273753,False,,,,,,,{},{},,,,,,,,,[],[],,,[],{},,0.0,0.0,0.0,0.0,1.0938706942612608,0.0,0.4879054822908824,0.4530193991685365
Virtual_Endmember_PC2_High->NAB14,Virtual_Endmember_PC2_High,NAB14,evap,1.0,,,"[0.0, 0.0, 0.0, 0.0, 0.07500717832802209, 0.0, 0.17272138567210804, 0.5087971766580115]","['calcite', 'dolomite', 'gypsum', 'halite', 'NO3src', 'denit', 'CaNa_exch', 'MgNa_exch']",7.040817580267978,4.888615002104413,5.384922391735677,0.7565257406581416,29,True,0.0,False,,phreeqc_unavailable,,,,,,,,,,,,,,,,,,,,,,,,,,,,,,,0.0,False,0.4963073896312637,True,0.0,,,[],[],,,,,,,[],[],[],,"[-0.5273801695814008, -0.5273774277337648, -0.2636887143247997, 0.12975865171214038, -1.9905048714736997, -0.5304605590170857, 0.0005946529295422355, 1.3501291751261135e-10, -0.0499075159855709]",-1.717584616189849,False,,,,,,,{},{},,,,,,,,,[],[],,,[],{},,0.0,0.0,0.0,0.0,0.07500717832802209,0.0,0.17272138567210804,0.5087971766580115
Virtual_Endmember_PC2_Low->NTB29,Virtual_Endmember_PC2_Low,NTB29,evap,1.0,,,"[0.0, 0.0, 0.0, 0.46078432308767486, 0.0, 0.0, 0.0, 0.36509441924743125]","['calcite', 'dolomite', 'gypsum', 'halite', 'NO3src', 'denit', 'CaNa_exch', 'MgNa_exch']",5.36339647622242,4.945202142718999,5.438295191092327,0.8258787423351062,19,True,0.0,False,,phreeqc_unavailable,,,,,,,,,,,,,,,,,,,,,,,,,,,,,,,0.0,False,0.49309304837332796,True,0.0,,,[],[],,,,,,,[],[],[],,"[-0.4639665478672087, -0.4447027690543632, -0.22235138485576672, -0.1329921827282057, -1.9295412873150872, 0.2223507476083864, -0.8319103252910589, -0.020023113874802934, 0.002103456627999305]",0.6907350955586047,False,,,,,,,{},{},,,,,,,,,[],[],,,[],{},,0.0,0.0,0.0,0.46078432308767486,0.0,0.0,0.0,0.36509441924743125
Virtual_Endmember_PC2_High->BOB10,Virtual_Endmember_PC2_High,BOB10,evap,2.4513473064714315,,,"[0.0, 0.0, 0.0, 0.0, 0.0, 0.2405919644294901, 0.0, 0.0]","['calcite', 'dolomite', 'gypsum', 'halite', 'NO3src', 'denit', 'CaNa_exch', 'MgNa_exch']",5.547288204066317,5.43151921716185,5.921936695492231,0.2405919644294901,2,True,0.0,False,,phreeqc_unavailable,,,,,,,,,,,,,,,,,,,,,,,,,,,,,,,0.0,False,0.49041747833038035,True,0.0,,,[],[],,,,,,,[],[],[],,"[-0.947827797613985, -0.0261628533292979, 1.3259361453876664, -0.23763496531709175, -0.4475905665051945, -1.486558277169748, 0.021638474537030217, -0.4475905669382601, -0.32692779648150333]",0.9393536299543954,False,,,,,,,{},{},,,,,,,,,[],[],,,[],{},,0.0,0.0,0.0,0.0,0.0,0.2405919644294901,0.0,0.0
Virtual_Endmember_PC2_Low->TBB31,Virtual_Endmember_PC2_Low,TBB31,evap,1.0,,,"[0.0, 0.0, 0.0, 0.5389141559976277, 0.3987510789558323, 0.0, 0.22932081050028882, 0.33978256910623483]","['calcite', 'dolomite', 'gypsum', 'halite', 'NO3src', 'denit', 'CaNa_exch', 'MgNa_exch']",6.769045716825915,5.79242306448987,6.285358584782023,1.5067686145599837,25,True,0.0,False,,phreeqc_unavailable,,,,,,,,,,,,,,,,,,,,,,,,,,,,,,,0.0,False,0.4929355202921532,True,0.0,,,[],[],,,,,,,[],[],[],,"[-0.3938861607627071, -0.39388701105631774, -0.19694350583396325, 0.051151039778188134, -2.1694626245815574, 0.19694305856303174, -0.833888255751188, 7.177519134593524e-10, -0.0015281223193691158]",0.5421186937824668,False,,,,,,,{},{},,,,,,,,,[],[],,,[],{},,0.0,0.0,0.0,0.5389141559976277,0.3987510789558323,0.0,0.22932081050028882,0.33978256910623483
Virtual_Endmember_PC1_Low->BOW9,Virtual_Endmember_PC1_Low,BOW9,evap,1.0,,,"[0.0, 0.0, 0.0, 0.0, 0.5880079109442794, 0.0, 0.4747668245112879, 0.3976351367787404]","['calcite', 'dolomite', 'gypsum', 'halite', 'NO3src', 'denit', 'CaNa_exch', 'MgNa_exch']",9.604304251366415,5.830695985587525,6.3253814025247275,1.4604098722343077,28,True,0.0,False,,phreeqc_unavailable,,,,,,,,,,,,,,,,,,,,,,,,,,,,,,,0.0,False,0.4946854169372026,True,0.0,,,[],[],,,,,,,[],[],[],,"[-0.41214490254733266, -0.4121417347227445, -0.206070867719244, -0.087499544367803, -2.248931894116802, -0.6093363078662197, 0.10790296949191733, 1.0584142451364187e-09, 0.014897359476372144]",0.1792147682775156,False,,,,,,,{},{},,,,,,,,,[],[],,,[],{},,0.0,0.0,0.0,0.0,0.5880079109442794,0.0,0.4747668245112879,0.3976351367787404
Virtual_Endmember_PC2_Low->Virtual_Endmember_PC2_High,Virtual_Endmember_PC2_Low,Virtual_Endmember_PC2_High,evap,1.0,,,"[0.0, 0.0, 0.0, 0.3932220466856963, 0.24388906206187147, 0.0, 0.08818490459386857, 0.4208618176304711]","['calcite', 'dolomite', 'gypsum', 'halite', 'NO3src', 'denit', 'CaNa_exch', 'MgNa_exch']",7.305855824586719,6.516384916120485,6.666384916120485,1.1461578309719074,25,True,0.0,False,,phreeqc_unavailable,,,,,,,,,,,,,,,,,,,,,,,,,,,,,,,0.0,False,0.15,True,0.0,,,[],[],,,,,,,[],[],[],,"[-0.5168539459968942, -0.5168549513266847, -0.25842747604211813, -0.037686895821420235, -2.2582760094172643, 0.2584271796424012, -0.8545328774502493, 4.390002805720883e-10, 0.13069518313988598]",0.46316032142930696,False,,,,,,,{},{},,,,,,,,,[],[],,,[],{},,0.0,0.0,0.0,0.3932220466856963,0.24388906206187147,0.0,0.08818490459386857,0.4208618176304711
Virtual_Endmember_PC2_Low->BKB22,Virtual_Endmember_PC2_Low,BKB22,evap,1.0,,,"[0.0, 0.0, 0.0, 0.0, 0.43542849824465163, 0.0, 0.009009449101349667, 0.4283492580430384]","['calcite', 'dolomite', 'gypsum', 'halite', 'NO3src', 'denit', 'CaNa_exch', 'MgNa_exch']",7.468288807859823,6.3299960591179385,6.823922364673751,0.8727872053890398,29,True,0.0,False,,phreeqc_unavailable,,,,,,,,,,,,,,,,,,,,,,,,,,,,,,,0.0,False,0.4939263055558129,True,0.0,,,[],[],,,,,,,[],[],[],,"[-0.5128961566491971, -0.5128938480803282, -0.2564469244256786, -0.023017758175776032, -2.2494364036703804, 0.027027877466160033, -0.8227077435713004, 7.837712701075361e-10, 0.005998193470104567]",0.4582267413077744,False,,,,,,,{},{},,,,,,,,,[],[],,,[],{},,0.0,0.0,0.0,0.0,0.43542849824465163,0.0,0.009009449101349667,0.4283492580430384
Virtual_Endmember_PC2_Low->PUB1,Virtual_Endmember_PC2_Low,PUB1,evap,1.0,,,"[0.0, 0.0, 0.0, 0.61188098277458, 0.03791236992792253, 0.0, 0.0, 0.4275197820185889]","['calcite', 'dolomite', 'gypsum', 'halite', 'NO3src', 'denit', 'CaNa_exch', 'MgNa_exch']",7.83697581640889,7.219241389676757,7.71153074311723,1.0773131347210916,19,True,0.0,False,,phreeqc_unavailable,,,,,,,,,,,,,,,,,,,,,,,,,,,,,,,0.0,False,0.4922893534404732,True,0.0,,,[],[],,,,,,,[],[],[],,"[-0.543806867228486, -0.5058940717679314, -0.2529470362687336, -0.06393847428830801, -2.409383961848027, 0.252946612604133, -0.8545628341396951, 6.82422660047699e-11, 0.011208719785894043]",0.4586782841136601,False,,,,,,,{},{},,,,,,,,,[],[],,,[],{},,0.0,0.0,0.0,0.61188098277458,0.03791236992792253,0.0,0.0,0.4275197820185889
Virtual_Endmember_PC1_Low->TBB32,Virtual_Endmember_PC1_Low,TBB32,evap,1.0,,,"[0.0, 0.0, 0.0, 0.0, 0.032427266783034245, 0.0, 0.3171193684496054, 0.5540015471875354]","['calcite', 'dolomite', 'gypsum', 'halite', 'NO3src', 'denit', 'CaNa_exch', 'MgNa_exch']",10.899013476848467,7.455074834042109,7.94987586312775,0.903548182420175,29,True,0.0,False,,phreeqc_unavailable,,,,,,,,,,,,,,,,,,,,,,,,,,,,,,,0.0,False,0.494801029085641,True,0.0,,,[],[],,,,,,,[],[],[],,"[-0.5738587239307599, -0.5738557387144272, -0.2869278698558151, -0.03123355971307154, -2.5688270104720954, -0.33737580010881496, 0.019354145840033088, 5.8369080402354e-11, 0.008844727897424775]",-0.22981451276912934,False,,,,,,,{},{},,,,,,,,,[],[],,,[],{},,0.0,0.0,0.0,0.0,0.032427266783034245,0.0,0.3171193684496054,0.5540015471875354
Virtual_Endmember_PC2_Low->PAB4,Virtual_Endmember_PC2_Low,PAB4,evap,1.0,,,"[0.0, 0.0, 0.0, 0.0, 0.0, 0.0, 0.0, 0.5404464112248628]","['calcite', 'dolomite', 'gypsum', 'halite', 'NO3src', 'denit', 'CaNa_exch', 'MgNa_exch']",9.049685099849976,7.589273481769311,8.078907901521529,0.5404464112248628,5,True,0.0,False,,phreeqc_unavailable,,,,,,,,,,,,,,,,,,,,,,,,,,,,,,,0.0,False,0.48963441975221805,True,0.0,,,[],[],,,,,,,[],[],[],,"[-0.7434076656316797, -0.4485204130268585, -0.22426020699983118, -0.020460213418742795, -2.48935774093685, -0.049587073168536666, -0.7640569003483147, -0.03658763000383519, 0.0159455618911572]",0.26590277198771306,False,,,,,,,{},{},,,,,,,,,[],[],,,[],{},,0.0,0.0,0.0,0.0,0.0,0.0,0.0,0.5404464112248628
Virtual_Endmember_PC2_Low->TBB30,Virtual_Endmember_PC2_Low,TBB30,evap,1.0,,,"[0.0, 0.0, 0.0, 0.059523563794390104, 0.0, 0.0, 0.052277314833718246, 0.4670961338985647]","['calcite', 'dolomite', 'gypsum', 'halite', 'NO3src', 'denit', 'CaNa_exch', 'MgNa_exch']",8.826980688869746,7.643647439462147,8.137872158441048,0.578897012526673,24,True,0.0,False,,phreeqc_unavailable,,,,,,,,,,,,,,,,,,,,,,,,,,,,,,,0.0,False,0.494224718978902,True,0.0,,,[],[],,,,,,,[],[],[],,"[-0.5561640223815656, -0.5561656108136825, -0.2780828058272279, -0.08184128758754075, -2.48935774093685, 0.2780825929383426, -0.8162638543354062, -0.020039242907061, 0.0077876671543150935]",0.2727724007134874,False,,,,,,,{},{},,,,,,,,,[],[],,,[],{},,0.0,0.0,0.0,0.059523563794390104,0.0,0.0,0.052277314833718246,0.4670961338985647
Virtual_Endmember_PC2_Low->MAB34,Virtual_Endmember_PC2_Low,MAB34,evap,1.0,,,"[0.0, 0.0, 0.0, 0.0, 0.1666865632445161, 0.0, 0.12894846382311512, 0.5363395592591716]","['calcite', 'dolomite', 'gypsum', 'halite', 'NO3src', 'denit', 'CaNa_exch', 'MgNa_exch']",9.807341755484819,7.704837645374844,8.19935859178397,0.8319745863268029,29,True,0.0,False,,phreeqc_unavailable,,,,,,,,,,,,,,,,,,,,,,,,,,,,,,,0.0,False,0.4945209464091262,True,0.0,,,[],[],,,,,,,[],[],[],,"[-0.5929150116903238, -0.5929121213244335, -0.2964560611449225, -0.18925816738293716, -2.48935774093685, -0.1823656345225564, -0.8048855491095057, 3.0003580175907985e-10, 0.006313982943788779]",0.21795199665365916,False,,,,,,,{},{},,,,,,,,,[],[],,,[],{},,0.0,0.0,0.0,0.0,0.1666865632445161,0.0,0.12894846382311512,0.5363395592591716
Virtual_Endmember_PC2_Low->SAB16,Virtual_Endmember_PC2_Low,SAB16,evap,1.0,,,"[0.0, 0.0, 0.0, 0.0, 0.3825736596301129, 0.0, 0.17011301917280927, 0.4408786626731029]","['calcite', 'dolomite', 'gypsum', 'halite', 'NO3src', 'denit', 'CaNa_exch', 'MgNa_exch']",9.803538551009103,7.9406209771486465,8.434644654646322,0.993565341476025,29,True,0.0,False,,phreeqc_unavailable,,,,,,,,,,,,,,,,,,,,,,,,,,,,,,,0.0,False,0.494023677497675,True,0.0,,,[],[],,,,,,,[],[],[],,"[-0.5143190879981017, -0.5143167121920875, -0.2571583564928348, -0.043478116232042036, -2.649305299114497, -0.23886775017840972, -0.5166490302671155, 6.88632539880274e-10, 0.027419246101683514]",0.0951238808928877,False,,,,,,,{},{},,,,,,,,,[],[],,,[],{},,0.0,0.0,0.0,0.0,0.3825736596301129,0.0,0.17011301917280927,0.4408786626731029
Virtual_Endmember_PC2_Low->NAB13,Virtual_Endmember_PC2_Low,NAB13,evap,1.0,,,"[0.0, 0.0, 0.0, 0.0, 0.40888011119566453, 0.0, 0.23205904339303068, 0.49867365273882136]","['calcite', 'dolomite', 'gypsum', 'halite', 'NO3src', 'denit', 'CaNa_exch', 'MgNa_exch']",11.14970452134859,8.544114647875151,9.037489884956123,1.1396128073275165,29,True,0.0,False,,phreeqc_unavailable,,,,,,,,,,,,,,,,,,,,,,,,,,,,,,,0.0,False,0.49337523708097186,True,0.0,,,[],[],,,,,,,[],[],[],,"[-0.4964247928570457, -0.4964226853923185, -0.2482113431449653, -0.07161110855940775, -2.7292790782033207, 0.22384028931383287, -0.6878337065111297, 7.359841625032004e-10, 0.11099819347010456]",-0.1326890544187136,False,,,,,,,{},{},,,,,,,,,[],[],,,[],{},,0.0,0.0,0.0,0.0,0.40888011119566453,0.0,0.23205904339303068,0.49867365273882136
Virtual_Endmember_PC2_Low->NTB26,Virtual_Endmember_PC2_Low,NTB26,evap,1.0,,,"[0.0, 0.0, 0.0, 0.22560650934437723, 0.0, 0.0, 0.07915291693444668, 0.4947945026955071]","['calcite', 'dolomite', 'gypsum', 'halite', 'NO3src', 'denit', 'CaNa_exch', 'MgNa_exch']",9.717400537597046,8.564799673735049,9.058120199211418,0.799553928974331,24,True,0.0,False,,phreeqc_unavailable,,,,,,,,,,,,,,,,,,,,,,,,,,,,,,,0.0,False,0.4933205254763685,True,0.0,,,[],[],,,,,,,[],[],[],,"[-0.5830396244822941, -0.5830412729055654, -0.2915206368980977, -0.061380929531274775, -2.649305299114497, 0.2915200987282708, -0.8318062236878943, -0.02165214613286745, -0.001580753898316484]",0.13118879647006176,False,,,,,,,{},{},,,,,,,,,[],[],,,[],{},,0.0,0.0,0.0,0.22560650934437723,0.0,0.0,0.07915291693444668,0.4947945026955071
Virtual_Endmember_PC1_High->BOB10,Virtual_Endmember_PC1_High,BOB10,evap,2.868598150703994,,,"[0.0, 0.0, 0.0, 1.4086565136176035, 0.0, 1.575939417759929, 0.0, 0.0]","['calcite', 'dolomite', 'gypsum', 'halite', 'NO3src', 'denit', 'CaNa_exch', 'MgNa_exch']",17.777550606035458,8.841754146337411,9.332171624667792,2.9845959313775325,2,True,0.0,False,,phreeqc_unavailable,,,,,,,,,,,,,,,,,,,,,,,,,,,,,,,0.0,False,0.49041747833038035,True,0.0,,,[],[],,,,,,,[],[],[],,"[-1.1214892040586135, -0.11019553316905477, 1.135833399297378, -0.16141931437276655, -1.5617660586874182, -1.135833396761796, -0.2845254965022188, -1.5617660615241096, -0.08000396002155871]",0.9012761858382542,False,,,,,,,{},{},,,,,,,,,[],[],,,[],{},,0.0,0.0,0.0,1.4086565136176035,0.0,1.575939417759929,0.0,0.0
Virtual_Endmember_PC2_Low->Virtual_Endmember_PC1_High,Virtual_Endmember_PC2_Low,Virtual_Endmember_PC1_High,evap,1.0,,,"[0.0, 0.0, 0.0, 0.0, 1.0569525716760233, 0.0, 0.13427166832658777, 0.5427721707384138]","['calcite', 'dolomite', 'gypsum', 'halite', 'NO3src', 'denit', 'CaNa_exch', 'MgNa_exch']",12.801786657988458,9.538454749060362,9.688454749060362,1.7339964107410248,29,True,0.0,False,,phreeqc_unavailable,,,,,,,,,,,,,,,,,,,,,,,,,,,,,,,0.0,False,0.15,True,0.0,,,[],[],,,,,,,[],[],[],,"[-0.6178609829412697, -0.6178580579164507, -0.3089290294467202, -0.09671877791901703, -2.8459237455737787, -0.10500783488704385, -0.747812303651645, 1.902514590312876e-09, 0.025108869921816858]",-0.24553700864060501,False,,,,,,,{},{},,,,,,,,,[],[],,,[],{},,0.0,0.0,0.0,0.0,1.0569525716760233,0.0,0.13427166832658777,0.5427721707384138
Virtual_Endmember_PC2_Low->BUB20,Virtual_Endmember_PC2_Low,BUB20,evap,1.0,,,"[0.0, 0.0, 0.0, 0.0, 0.516170433583187, 0.0, 0.2630052133664363, 0.4543607028490816]","['calcite', 'dolomite', 'gypsum', 'halite', 'NO3src', 'denit', 'CaNa_exch', 'MgNa_exch']",11.876496082540315,9.27599463019137,9.771532828186237,1.2335363497987049,29,True,0.0,False,,phreeqc_unavailable,,,,,,,,,,,,,,,,,,,,,,,,,,,,,,,0.0,False,0.4955381979948664,True,0.0,,,[],[],,,,,,,[],[],[],,"[-0.5672911225110902, -0.5672886742109292, -0.2836443375143889, -0.05370829526017504, -2.809252857292144, 0.1257866926988822, -0.7986915037212067, 9.291067915029316e-10, 0.05820871978589405]",-0.23443826016943858,False,,,,,,,{},{},,,,,,,,,[],[],,,[],{},,0.0,0.0,0.0,0.0,0.516170433583187,0.0,0.2630052133664363,0.4543607028490816
Virtual_Endmember_PC2_Low->BOW9,Virtual_Endmember_PC2_Low,BOW9,evap,1.0,,,"[0.0, 0.0, 0.0, 0.0, 0.5510897883590419, 0.0, 0.12113238488630675, 0.48738840887716667]","['calcite', 'dolomite', 'gypsum', 'halite', 'NO3src', 'denit', 'CaNa_exch', 'MgNa_exch']",12.690932011986305,10.653821949767984,11.148507366705186,1.1596105821225153,29,True,0.0,False,,phreeqc_unavailable,,,,,,,,,,,,,,,,,,,,,,,,,,,,,,,0.0,False,0.4946854169372026,True,0.0,,,[],[],,,,,,,[],[],[],,"[-0.5850989327535154, -0.5850963061954109, -0.292548153536355, -0.16112517505557145, -3.049174194558614, -0.05596224947319112, -0.7462347058865201, 9.91961623952875e-10, 0.011682403996420357]",-0.4997351498663798,False,,,,,,,{},{},,,,,,,,,[],[],,,[],{},,0.0,0.0,0.0,0.0,0.5510897883590419,0.0,0.12113238488630675,0.48738840887716667
Virtual_Endmember_PC2_Low->TBB32,Virtual_Endmember_PC2_Low,TBB32,evap,1.0,,,"[0.0, 0.0, 0.0, 0.0, 0.0, 0.0, 0.0, 0.6145427623561776]","['calcite', 'dolomite', 'gypsum', 'halite', 'NO3src', 'denit', 'CaNa_exch', 'MgNa_exch']",15.25079470628146,13.36248067110007,13.85728170018571,0.6145427623561776,8,True,0.0,False,,phreeqc_unavailable,,,,,,,,,,,,,,,,,,,,,,,,,,,,,,,0.0,False,0.494801029085641,True,0.0,,,[],[],,,,,,,[],[],[],,"[-0.7833278253123184, -0.7175982532573094, -0.358799127181743, -0.10485919040083999, -3.369069310913907, 0.21599825828421365, -0.8347835295384043, -0.004490855810286805, 0.005629772417472988]",-1.2043202813841827,False,,,,,,,{},{},,,,,,,,,[],[],,,[],{},,0.0,0.0,0.0,0.0,0.0,0.0,0.0,0.6145427623561776
Virtual_Endmember_PC1_Low->NAB14,Virtual_Endmember_PC1_Low,NAB14,evap,1.0,,,"[0.0, 0.0, 0.0, 0.0, 0.355814362975131, 0.0, 0.5271582292064696, 0.7525229040948259]","['calcite', 'dolomite', 'gypsum', 'halite', 'NO3src', 'denit', 'CaNa_exch', 'MgNa_exch']",21.017447134601024,13.4963242744194,13.992631664050664,1.6354954962764265,30,True,0.0,False,,phreeqc_unavailable,,,,,,,,,,,,,,,,,,,,,,,,,,,,,,,0.0,False,0.4963073896312637,True,0.0,,,[],[],,,,,,,[],[],[],,"[-0.783897584687624, -0.7838949894925528, -0.39194749542354756, 0.1656973865784886, -3.448538580449152, -0.43218539108201665, 0.00019945085773035863, 6.404658470238189e-10, 0.08400262263426687]",-6.502616427655518,False,,,,,,,{},{},,,,,,,,,[],[],,,[],{},,0.0,0.0,0.0,0.0,0.355814362975131,0.0,0.5271582292064696,0.7525229040948259
Virtual_Endmember_PC2_Low->NAB14,Virtual_Endmember_PC2_Low,NAB14,evap,1.0,,,"[0.0, 0.0, 0.0, 0.0, 0.31889624038989356, 0.0, 0.17352426266112367, 0.8422757977295442]","['calcite', 'dolomite', 'gypsum', 'halite', 'NO3src', 'denit', 'CaNa_exch', 'MgNa_exch']",25.839688427328593,20.871056380155565,21.367363769786827,1.3346963007805615,30,True,0.0,False,,phreeqc_unavailable,,,,,,,,,,,,,,,,,,,,,,,,,,,,,,,0.0,False,0.4963073896312637,True,0.0,,,[],[],,,,,,,[],[],[],,"[-0.956852087973442, -0.9568491825015111, -0.47842459200880416, 0.09207175589072014, -4.248780880890964, 0.12118866731101197, -0.853938224520707, 5.740132258402753e-10, 0.0807876671543151]",-10.602235340260147,False,,,,,,,{},{},,,,,,,,,[],[],,,[],{},,0.0,0.0,0.0,0.0,0.31889624038989356,0.0,0.17352426266112367,0.8422757977295442
